{"type":"FeatureCollection","features":[{"type":"Feature","properties":{"id":"11","phone_code":"11","phone_code_1_digit":"1"},"geometry":{"type":"Polygon","coordinates":[[[-45.83641,-23.66841],[-45.83072,-23.65078],[-45.84561,-23.64378],[-45.85768,-23.65432],[-45.89835,-23.65441],[-45.91852,-23.66777],[-45.91908,-23.68754],[-45.93433,-23.69983],[-45.97699,-23.69366],[-46.02927,-23.71936],[-46.053,-23.71574],[-46.07705,-23.73204],[-46.10197,-23.73584],[-46.10474,-23.71085],[-46.15491,-23.73468],[-46.17588,-23.73435],[-46.17855,-23.74548],[-46.20766,-23.75096],[-46.2366,-23.73447],[-46.25855,-23.7667],[-46.27763,-23.76945],[-46.32002,-23.80213],[-46.32002,-23.78483],[-46.33622,-23.78048],[-46.3738,-23.79084],[-46.38282,-23.80858],[-46.43527,-23.82408],[-46.44363,-23.84959],[-46.4651,-23.86008],[-46.46888,-23.87179],[-46.50136,-23.90302],[-46.52054,-23.90487],[-46.55193,-23.93971],[-46.58749,-23.96145],[-46.63292,-23.97516],[-46.62923,-23.98962],[-46.64949,-24.00202],[-46.6608,-23.98818],[-46.68467,-23.98155],[-46.71466,-23.99556],[-46.74286,-23.99171],[-46.7688,-24.00827],[-46.77467,-24.00366],[-46.75425,-23.97438],[-46.7863,-23.94048],[-46.80614,-23.93721],[-46.86716,-23.97966],[-46.88205,-23.98347],[-46.86872,-24.00023],[-46.87141,-24.02339],[-46.88486,-24.0239],[-46.89988,-24.04565],[-46.96735,-24.04424],[-46.97727,-24.06296],[-47.00406,-24.05199],[-47.027,-24.05176],[-47.03193,-24.0324],[-47.05309,-24.01084],[-47.06822,-24.0246],[-47.0912,-24.01693],[-47.10628,-23.99403],[-47.13763,-24.01348],[-47.15814,-24.00467],[-47.19939,-24.00017],[-47.18838,-23.99115],[-47.20422,-23.97066],[-47.19336,-23.95371],[-47.19922,-23.93917],[-47.19006,-23.92755],[-47.17858,-23.93658],[-47.15852,-23.93354],[-47.13753,-23.90381],[-47.12663,-23.87645],[-47.12892,-23.86259],[-47.11592,-23.84023],[-47.10504,-23.8482],[-47.05033,-23.84463],[-47.03753,-23.83482],[-47.02761,-23.84525],[-47.01422,-23.8346],[-47.01022,-23.81423],[-46.98653,-23.80741],[-47.02003,-23.78556],[-47.03086,-23.76848],[-47.03441,-23.73494],[-47.04693,-23.73367],[-47.06192,-23.70756],[-47.06236,-23.68156],[-47.08416,-23.66669],[-47.08097,-23.65131],[-47.09856,-23.64281],[-47.10847,-23.65129],[-47.13859,-23.63903],[-47.17895,-23.64043],[-47.19133,-23.62154],[-47.20594,-23.61579],[-47.25096,-23.61971],[-47.26783,-23.61448],[-47.27711,-23.59643],[-47.30944,-23.59677],[-47.31238,-23.5742],[-47.30278,-23.52361],[-47.32367,-23.51306],[-47.31685,-23.46282],[-47.32581,-23.43746],[-47.33989,-23.43641],[-47.36906,-23.40361],[-47.34909,-23.38987],[-47.38421,-23.39214],[-47.40412,-23.35465],[-47.41895,-23.35702],[-47.42422,-23.31692],[-47.40367,-23.29701],[-47.41497,-23.26353],[-47.43331,-23.23979],[-47.42178,-23.22046],[-47.4363,-23.1953],[-47.41803,-23.16778],[-47.3763,-23.15104],[-47.35408,-23.13549],[-47.33872,-23.11033],[-47.31986,-23.12279],[-47.30104,-23.11352],[-47.30465,-23.12923],[-47.28942,-23.15611],[-47.26111,-23.13912],[-47.25845,-23.1659],[-47.24184,-23.1828],[-47.19647,-23.18618],[-47.15406,-23.20166],[-47.12872,-23.2025],[-47.11284,-23.22446],[-47.10619,-23.21254],[-47.11886,-23.19943],[-47.11598,-23.1732],[-47.13339,-23.14496],[-47.14327,-23.10087],[-47.11648,-23.10198],[-47.08436,-23.08893],[-47.09236,-23.06088],[-47.07055,-23.04919],[-47.03681,-23.0553],[-47.02293,-23.08254],[-46.99287,-23.11891],[-46.94589,-23.10992],[-46.93823,-23.09634],[-46.91456,-23.1011],[-46.87944,-23.0922],[-46.86523,-23.07539],[-46.87744,-23.06548],[-46.90861,-23.05722],[-46.91531,-23.04501],[-46.90277,-23.03662],[-46.91186,-23.00845],[-46.92756,-22.98453],[-46.92405,-22.97047],[-46.90162,-22.9466],[-46.87411,-22.93338],[-46.89289,-22.91441],[-46.86256,-22.89896],[-46.83114,-22.90628],[-46.81637,-22.88325],[-46.82764,-22.87287],[-46.85022,-22.8757],[-46.85786,-22.83678],[-46.81722,-22.84367],[-46.81058,-22.83485],[-46.78803,-22.83806],[-46.78222,-22.85068],[-46.76031,-22.84556],[-46.75405,-22.82196],[-46.729,-22.8163],[-46.72083,-22.78318],[-46.69808,-22.76803],[-46.65233,-22.76671],[-46.6442,-22.7557],[-46.62065,-22.75849],[-46.61203,-22.74953],[-46.62108,-22.72233],[-46.53661,-22.72099],[-46.50884,-22.72982],[-46.48233,-22.7215],[-46.47233,-22.70471],[-46.45774,-22.70661],[-46.45227,-22.7271],[-46.439,-22.72624],[-46.40619,-22.74043],[-46.38536,-22.73982],[-46.36003,-22.76086],[-46.33409,-22.75981],[-46.34304,-22.77697],[-46.36125,-22.78846],[-46.37636,-22.82733],[-46.37025,-22.83458],[-46.37505,-22.87052],[-46.36333,-22.89319],[-46.34419,-22.90405],[-46.31355,-22.88651],[-46.29458,-22.89733],[-46.26642,-22.8752],[-46.25808,-22.89009],[-46.23772,-22.89367],[-46.2337,-22.88134],[-46.14366,-22.85752],[-46.13644,-22.89005],[-46.15354,-22.91191],[-46.13865,-22.92227],[-46.09477,-22.89394],[-46.05083,-22.89584],[-46.0408,-22.92043],[-46.05092,-22.93972],[-46.05085,-22.966],[-46.08171,-22.98497],[-46.06541,-22.99522],[-46.08191,-23.03302],[-46.07624,-23.03689],[-46.09385,-23.08384],[-46.10449,-23.08394],[-46.1005,-23.12473],[-46.09173,-23.14286],[-46.10258,-23.1569],[-46.09269,-23.17019],[-46.07657,-23.16953],[-46.0795,-23.20636],[-46.1131,-23.22667],[-46.12849,-23.24994],[-46.1522,-23.26511],[-46.13666,-23.28613],[-46.11147,-23.28666],[-46.09636,-23.32672],[-46.07185,-23.3424],[-46.04011,-23.38386],[-46.02525,-23.39096],[-45.99824,-23.38736],[-45.98985,-23.41729],[-45.96846,-23.42596],[-45.95155,-23.4499],[-45.968,-23.47544],[-45.95126,-23.49993],[-45.93996,-23.49366],[-45.90454,-23.50384],[-45.84049,-23.4716],[-45.81243,-23.49885],[-45.78793,-23.49092],[-45.78827,-23.50771],[-45.75916,-23.51121],[-45.74536,-23.53983],[-45.74105,-23.57102],[-45.73068,-23.57347],[-45.74161,-23.60232],[-45.70594,-23.60104],[-45.69457,-23.62963],[-45.73369,-23.6559],[-45.74113,-23.66711],[-45.77716,-23.68236],[-45.79419,-23.68075],[-45.83641,-23.66841]]]}},{"type":"Feature","properties":{"id":"12","phone_code":"12","phone_code_1_digit":"1"},"geometry":{"type":"MultiPolygon","coordinates":[[[[-45.7755,-23.85867],[-45.78176,-23.87052],[-45.7849,-23.85844],[-45.7755,-23.85867]]],[[[-45.52092,-23.84635],[-45.52469,-23.85599],[-45.52614,-23.84946],[-45.52092,-23.84635]]],[[[-45.27969,-23.85156],[-45.27733,-23.85205],[-45.27955,-23.85395],[-45.27969,-23.85156]]],[[[-45.29486,-23.9192],[-45.29744,-23.91922],[-45.2951,-23.91743],[-45.29486,-23.9192]]],[[[-45.32521,-23.91816],[-45.32604,-23.91683],[-45.32339,-23.9165],[-45.32521,-23.91816]]],[[[-45.26283,-23.88866],[-45.26095,-23.88752],[-45.26128,-23.88954],[-45.26283,-23.88866]]],[[[-45.79998,-23.77324],[-45.79994,-23.77246],[-45.79833,-23.77329],[-45.79998,-23.77324]]],[[[-45.00929,-23.75222],[-45.02029,-23.7634],[-45.02478,-23.74488],[-45.00929,-23.75222]]],[[[-45.02536,-23.74075],[-45.02353,-23.74091],[-45.02465,-23.74207],[-45.02536,-23.74075]]],[[[-44.86425,-23.4226],[-44.86211,-23.42234],[-44.86294,-23.42371],[-44.86425,-23.4226]]],[[[-44.90735,-23.42304],[-44.90389,-23.42602],[-44.90741,-23.4268],[-44.90735,-23.42304]]],[[[-45.29234,-23.59326],[-45.28289,-23.60141],[-45.29553,-23.60198],[-45.29234,-23.59326]]],[[[-45.31087,-23.58647],[-45.30908,-23.58567],[-45.30747,-23.5872],[-45.31087,-23.58647]]],[[[-45.31289,-23.58188],[-45.31053,-23.58206],[-45.31144,-23.58368],[-45.31289,-23.58188]]],[[[-45.15807,-23.55921],[-45.14468,-23.56887],[-45.16276,-23.56926],[-45.15807,-23.55921]]],[[[-45.02465,-23.55027],[-45.02575,-23.55022],[-45.02484,-23.54915],[-45.02465,-23.55027]]],[[[-45.21737,-23.55034],[-45.2169,-23.54877],[-45.2158,-23.5501],[-45.21737,-23.55034]]],[[[-45.04251,-23.51705],[-45.04075,-23.51578],[-45.03921,-23.5191],[-45.04251,-23.51705]]],[[[-45.02918,-23.54801],[-45.0301,-23.54734],[-45.02848,-23.54662],[-45.02918,-23.54801]]],[[[-45.02462,-23.54527],[-45.02404,-23.54392],[-45.02378,-23.54537],[-45.02462,-23.54527]]],[[[-45.21116,-23.5329],[-45.21282,-23.53277],[-45.21195,-23.5313],[-45.21116,-23.5329]]],[[[-45.0636,-23.53716],[-45.0593,-23.52614],[-45.03938,-23.53437],[-45.07755,-23.5606],[-45.08262,-23.53673],[-45.0636,-23.53716]]],[[[-45.15404,-23.82718],[-45.1534,-23.83651],[-45.15974,-23.83074],[-45.15404,-23.82718]]],[[[-45.14858,-23.79456],[-45.11482,-23.80707],[-45.14616,-23.82094],[-45.16067,-23.80427],[-45.14858,-23.79456]]],[[[-45.44511,-23.83605],[-45.44786,-23.83657],[-45.44545,-23.83401],[-45.44511,-23.83605]]],[[[-45.36263,-23.78586],[-45.34877,-23.76429],[-45.34813,-23.74104],[-45.32883,-23.72101],[-45.28988,-23.73633],[-45.2753,-23.73474],[-45.25504,-23.74978],[-45.23388,-23.77596],[-45.23867,-23.81846],[-45.24827,-23.82437],[-45.23824,-23.84328],[-45.27232,-23.8383],[-45.28509,-23.85004],[-45.28768,-23.8726],[-45.24743,-23.90142],[-45.24257,-23.89165],[-45.22617,-23.90671],[-45.23813,-23.90805],[-45.22671,-23.94076],[-45.2506,-23.96557],[-45.2673,-23.96327],[-45.28546,-23.94158],[-45.27952,-23.92877],[-45.2903,-23.91002],[-45.32399,-23.91151],[-45.33975,-23.92501],[-45.39921,-23.93277],[-45.42738,-23.9404],[-45.44318,-23.93401],[-45.46016,-23.91327],[-45.46171,-23.88782],[-45.36599,-23.81],[-45.36263,-23.78586]]],[[[-45.41108,-23.83038],[-45.41136,-23.82898],[-45.4088,-23.83018],[-45.41108,-23.83038]]],[[[-45.39308,-23.82916],[-45.39233,-23.82754],[-45.39096,-23.82906],[-45.39308,-23.82916]]],[[[-45.67066,-23.80748],[-45.67067,-23.80486],[-45.66734,-23.80372],[-45.67066,-23.80748]]],[[[-45.71539,-23.80626],[-45.72539,-23.80287],[-45.7163,-23.79986],[-45.71539,-23.80626]]],[[[-45.7087,-23.78864],[-45.71702,-23.79395],[-45.71317,-23.78832],[-45.7087,-23.78864]]],[[[-45.22742,-23.81609],[-45.22909,-23.81605],[-45.22746,-23.81322],[-45.22742,-23.81609]]],[[[-45.70374,-23.78889],[-45.70748,-23.78949],[-45.70489,-23.7869],[-45.70374,-23.78889]]],[[[-44.85287,-23.40509],[-44.85141,-23.40402],[-44.85108,-23.40548],[-44.85287,-23.40509]]],[[[-44.85537,-23.41502],[-44.85523,-23.4265],[-44.86124,-23.42392],[-44.85537,-23.41502]]],[[[-44.85384,-23.39787],[-44.85172,-23.39773],[-44.85371,-23.40106],[-44.85384,-23.39787]]],[[[-44.93822,-23.3884],[-44.93646,-23.38723],[-44.93634,-23.38802],[-44.93822,-23.3884]]],[[[-44.94751,-23.38577],[-44.94307,-23.38476],[-44.94659,-23.38816],[-44.94751,-23.38577]]],[[[-45.79421,-23.71454],[-45.79419,-23.68075],[-45.77716,-23.68236],[-45.74113,-23.66711],[-45.73369,-23.6559],[-45.69457,-23.62963],[-45.70594,-23.60104],[-45.74161,-23.60232],[-45.73068,-23.57347],[-45.74105,-23.57102],[-45.74536,-23.53983],[-45.75916,-23.51121],[-45.78827,-23.50771],[-45.78793,-23.49092],[-45.81243,-23.49885],[-45.84049,-23.4716],[-45.90454,-23.50384],[-45.93996,-23.49366],[-45.95126,-23.49993],[-45.968,-23.47544],[-45.95155,-23.4499],[-45.96846,-23.42596],[-45.98985,-23.41729],[-45.99824,-23.38736],[-46.02525,-23.39096],[-46.04011,-23.38386],[-46.07185,-23.3424],[-46.09636,-23.32672],[-46.11147,-23.28666],[-46.13666,-23.28613],[-46.1522,-23.26511],[-46.12849,-23.24994],[-46.1131,-23.22667],[-46.0795,-23.20636],[-46.07657,-23.16953],[-46.09269,-23.17019],[-46.10258,-23.1569],[-46.09173,-23.14286],[-46.1005,-23.12473],[-46.10449,-23.08394],[-46.09385,-23.08384],[-46.07624,-23.03689],[-46.08191,-23.03302],[-46.06541,-22.99522],[-46.08171,-22.98497],[-46.05085,-22.966],[-46.05092,-22.93972],[-46.0408,-22.92043],[-46.05083,-22.89584],[-46.02688,-22.88418],[-46.008,-22.88874],[-45.99191,-22.86911],[-45.9365,-22.84476],[-45.92213,-22.82355],[-45.89059,-22.84418],[-45.88847,-22.87533],[-45.86341,-22.86822],[-45.84768,-22.83734],[-45.82292,-22.8294],[-45.80241,-22.83331],[-45.79041,-22.85812],[-45.76652,-22.84186],[-45.7705,-22.80544],[-45.75447,-22.79242],[-45.72233,-22.81583],[-45.72859,-22.78475],[-45.71197,-22.7685],[-45.7277,-22.72319],[-45.75602,-22.72055],[-45.79519,-22.73853],[-45.81948,-22.72223],[-45.8112,-22.69823],[-45.78742,-22.69287],[-45.75011,-22.67075],[-45.74236,-22.65868],[-45.71574,-22.6615],[-45.69355,-22.65122],[-45.71703,-22.62052],[-45.72962,-22.61823],[-45.73416,-22.59696],[-45.71647,-22.57806],[-45.695,-22.58585],[-45.67827,-22.5728],[-45.66013,-22.57735],[-45.65842,-22.59762],[-45.68064,-22.63585],[-45.66574,-22.65071],[-45.61769,-22.63743],[-45.60464,-22.61994],[-45.58955,-22.61857],[-45.57608,-22.60121],[-45.55491,-22.62595],[-45.58393,-22.6512],[-45.57314,-22.65648],[-45.52449,-22.64639],[-45.5001,-22.62548],[-45.48889,-22.62845],[-45.47021,-22.59093],[-45.43511,-22.61783],[-45.41206,-22.62251],[-45.41008,-22.65118],[-45.39969,-22.65321],[-45.37016,-22.63683],[-45.36052,-22.63827],[-45.33252,-22.61715],[-45.29341,-22.61318],[-45.27543,-22.61647],[-45.26097,-22.60663],[-45.26048,-22.58287],[-45.2033,-22.55681],[-45.17761,-22.54939],[-45.14989,-22.50687],[-45.09069,-22.48261],[-45.02797,-22.46271],[-45.02671,-22.46974],[-44.99138,-22.46568],[-44.96542,-22.4747],[-44.93963,-22.45218],[-44.89895,-22.45325],[-44.8893,-22.43164],[-44.85917,-22.42255],[-44.83291,-22.43039],[-44.80755,-22.41362],[-44.80881,-22.40481],[-44.75467,-22.41444],[-44.73999,-22.42524],[-44.71733,-22.46785],[-44.72013,-22.49184],[-44.66946,-22.53815],[-44.67699,-22.56101],[-44.6611,-22.55045],[-44.6413,-22.55888],[-44.64492,-22.60216],[-44.62213,-22.60528],[-44.60936,-22.61659],[-44.60188,-22.60715],[-44.58372,-22.6255],[-44.57275,-22.60141],[-44.54852,-22.60569],[-44.52563,-22.61902],[-44.53702,-22.63188],[-44.51449,-22.62973],[-44.50888,-22.64043],[-44.48513,-22.61088],[-44.46444,-22.61548],[-44.42979,-22.59804],[-44.40646,-22.60788],[-44.40916,-22.58786],[-44.39157,-22.5729],[-44.35977,-22.58143],[-44.36066,-22.61122],[-44.34914,-22.60866],[-44.34726,-22.59008],[-44.32615,-22.58805],[-44.29535,-22.59776],[-44.28526,-22.60924],[-44.27107,-22.60047],[-44.25305,-22.61178],[-44.22638,-22.60409],[-44.21893,-22.61704],[-44.18385,-22.63681],[-44.1897,-22.64809],[-44.17102,-22.65894],[-44.16052,-22.67784],[-44.18438,-22.71245],[-44.20329,-22.71588],[-44.20155,-22.73194],[-44.22639,-22.73318],[-44.25714,-22.76793],[-44.25612,-22.78736],[-44.24178,-22.78772],[-44.24385,-22.8019],[-44.26116,-22.80473],[-44.26843,-22.82912],[-44.2829,-22.83542],[-44.29621,-22.82736],[-44.37379,-22.85759],[-44.41776,-22.84762],[-44.43721,-22.87192],[-44.46579,-22.88503],[-44.48052,-22.86583],[-44.48221,-22.84695],[-44.50531,-22.85129],[-44.55482,-22.88861],[-44.57555,-22.87811],[-44.60663,-22.8852],[-44.65894,-22.92724],[-44.67346,-22.91781],[-44.68735,-22.93587],[-44.71238,-22.93018],[-44.74311,-22.947],[-44.74888,-22.96968],[-44.76488,-22.98291],[-44.79204,-22.98167],[-44.80221,-22.99865],[-44.79272,-23.00975],[-44.80279,-23.04986],[-44.81113,-23.05402],[-44.81827,-23.08958],[-44.8086,-23.09925],[-44.81068,-23.12523],[-44.82501,-23.14323],[-44.82396,-23.16126],[-44.87264,-23.18382],[-44.88849,-23.22401],[-44.87462,-23.24867],[-44.85387,-23.24849],[-44.82363,-23.2804],[-44.80696,-23.28289],[-44.78703,-23.29908],[-44.77788,-23.33853],[-44.75971,-23.342],[-44.74971,-23.35804],[-44.72391,-23.3677],[-44.74996,-23.36633],[-44.78396,-23.37841],[-44.8432,-23.38821],[-44.83799,-23.36941],[-44.87132,-23.35934],[-44.89118,-23.37259],[-44.88719,-23.33704],[-44.90762,-23.33371],[-44.91713,-23.34739],[-44.94168,-23.35738],[-44.94933,-23.37863],[-44.9781,-23.40044],[-44.9936,-23.39767],[-45.01447,-23.4181],[-45.03204,-23.41338],[-45.04363,-23.42527],[-45.05171,-23.4157],[-45.06844,-23.43243],[-45.05499,-23.45889],[-45.03793,-23.44777],[-45.0328,-23.46437],[-45.06336,-23.46862],[-45.06696,-23.49359],[-45.08606,-23.51315],[-45.0836,-23.49527],[-45.09772,-23.49211],[-45.12405,-23.50221],[-45.10771,-23.50737],[-45.10582,-23.52371],[-45.14613,-23.49652],[-45.17213,-23.49395],[-45.17249,-23.51123],[-45.15832,-23.53],[-45.16201,-23.54198],[-45.1855,-23.54104],[-45.19512,-23.51975],[-45.22137,-23.53009],[-45.22271,-23.55139],[-45.20838,-23.57901],[-45.23427,-23.58267],[-45.24488,-23.59336],[-45.28019,-23.58413],[-45.28118,-23.57301],[-45.31896,-23.57806],[-45.33633,-23.5917],[-45.35804,-23.62441],[-45.37774,-23.62366],[-45.38957,-23.63349],[-45.40613,-23.62286],[-45.42978,-23.65536],[-45.43227,-23.6837],[-45.42049,-23.72596],[-45.39677,-23.72441],[-45.41102,-23.74964],[-45.3963,-23.77974],[-45.40462,-23.81964],[-45.42896,-23.83088],[-45.46468,-23.81826],[-45.50255,-23.8414],[-45.51288,-23.83106],[-45.53726,-23.82916],[-45.53356,-23.81853],[-45.55424,-23.8093],[-45.56121,-23.79114],[-45.58437,-23.79176],[-45.62313,-23.80357],[-45.62509,-23.78674],[-45.72988,-23.76829],[-45.75571,-23.76977],[-45.76822,-23.76202],[-45.80241,-23.76927],[-45.81032,-23.75749],[-45.84407,-23.75766],[-45.79421,-23.71454]]],[[[-44.88662,-23.38285],[-44.88756,-23.38536],[-44.89046,-23.38336],[-44.88662,-23.38285]]],[[[-44.90589,-23.35019],[-44.90032,-23.35053],[-44.90606,-23.35454],[-44.90589,-23.35019]]],[[[-44.90658,-23.37706],[-44.90224,-23.37697],[-44.90441,-23.37866],[-44.90658,-23.37706]]]]}},{"type":"Feature","properties":{"id":"13","phone_code":"13","phone_code_1_digit":"1"},"geometry":{"type":"MultiPolygon","coordinates":[[[[-48.00329,-25.24781],[-48.00191,-25.24567],[-47.99966,-25.24784],[-48.00329,-25.24781]]],[[[-46.02496,-23.82662],[-46.02617,-23.82674],[-46.02554,-23.82536],[-46.02496,-23.82662]]],[[[-46.90199,-24.38809],[-46.9034,-24.39664],[-46.90666,-24.3897],[-46.90199,-24.38809]]],[[[-46.90942,-24.37384],[-46.90454,-24.37384],[-46.90997,-24.38025],[-46.90942,-24.37384]]],[[[-46.97363,-24.36617],[-46.97631,-24.37316],[-46.9785,-24.36617],[-46.97363,-24.36617]]],[[[-48.21,-24.95644],[-48.22503,-24.93389],[-48.20992,-24.92073],[-48.21073,-24.90686],[-48.23947,-24.90098],[-48.25198,-24.91163],[-48.26358,-24.89359],[-48.26116,-24.87827],[-48.27958,-24.88267],[-48.31514,-24.87466],[-48.31892,-24.86424],[-48.2687,-24.83197],[-48.30539,-24.83689],[-48.30461,-24.81428],[-48.32745,-24.79219],[-48.34008,-24.80123],[-48.35994,-24.77473],[-48.39172,-24.75463],[-48.38295,-24.74869],[-48.40653,-24.71728],[-48.42101,-24.68046],[-48.40367,-24.66704],[-48.40703,-24.65616],[-48.44344,-24.65149],[-48.4532,-24.65984],[-48.45956,-24.64058],[-48.44684,-24.59875],[-48.43,-24.58405],[-48.41234,-24.58637],[-48.39531,-24.56336],[-48.42514,-24.55473],[-48.42908,-24.53164],[-48.39623,-24.52276],[-48.38133,-24.503],[-48.39389,-24.48228],[-48.35231,-24.4605],[-48.34828,-24.43499],[-48.36165,-24.42025],[-48.38084,-24.433],[-48.39863,-24.42566],[-48.37731,-24.40491],[-48.35921,-24.36768],[-48.36137,-24.34614],[-48.35172,-24.34542],[-48.35845,-24.3045],[-48.38197,-24.30341],[-48.35729,-24.28212],[-48.32503,-24.29103],[-48.32833,-24.31138],[-48.29955,-24.30597],[-48.29267,-24.29386],[-48.27444,-24.29573],[-48.28109,-24.28117],[-48.25234,-24.25775],[-48.23859,-24.26278],[-48.20019,-24.26132],[-48.15275,-24.22857],[-48.13945,-24.19384],[-48.09305,-24.19988],[-48.05948,-24.18143],[-48.04997,-24.1375],[-48.00753,-24.13404],[-47.9802,-24.11278],[-47.94639,-24.11742],[-47.93852,-24.09961],[-47.90117,-24.09253],[-47.89439,-24.07897],[-47.86686,-24.07685],[-47.85553,-24.10308],[-47.86192,-24.11651],[-47.83036,-24.12142],[-47.82709,-24.13264],[-47.79222,-24.1344],[-47.75767,-24.12989],[-47.72386,-24.11764],[-47.73519,-24.10257],[-47.72558,-24.08146],[-47.7007,-24.07226],[-47.67967,-24.04468],[-47.62798,-24.03463],[-47.61402,-24.04359],[-47.61478,-24.05887],[-47.62939,-24.07442],[-47.63322,-24.11235],[-47.58078,-24.07448],[-47.56986,-24.0775],[-47.56219,-24.03955],[-47.54025,-24.037],[-47.52791,-24.04632],[-47.50003,-24.05043],[-47.47664,-24.08041],[-47.44875,-24.04991],[-47.4275,-24.06777],[-47.38884,-24.05444],[-47.36866,-24.0423],[-47.35472,-24.02096],[-47.33933,-24.01243],[-47.31594,-24.0162],[-47.28566,-24.00571],[-47.27091,-24.01673],[-47.25225,-24.00768],[-47.25633,-24.02049],[-47.2247,-24.01433],[-47.19939,-24.00017],[-47.15814,-24.00467],[-47.13763,-24.01348],[-47.10628,-23.99403],[-47.0912,-24.01693],[-47.06822,-24.0246],[-47.05309,-24.01084],[-47.03193,-24.0324],[-47.027,-24.05176],[-47.00406,-24.05199],[-46.97727,-24.06296],[-46.96735,-24.04424],[-46.89988,-24.04565],[-46.88486,-24.0239],[-46.87141,-24.02339],[-46.86872,-24.00023],[-46.88205,-23.98347],[-46.86716,-23.97966],[-46.80614,-23.93721],[-46.7863,-23.94048],[-46.75425,-23.97438],[-46.77467,-24.00366],[-46.7688,-24.00827],[-46.74286,-23.99171],[-46.71466,-23.99556],[-46.68467,-23.98155],[-46.6608,-23.98818],[-46.64949,-24.00202],[-46.62923,-23.98962],[-46.63292,-23.97516],[-46.58749,-23.96145],[-46.55193,-23.93971],[-46.52054,-23.90487],[-46.50136,-23.90302],[-46.46888,-23.87179],[-46.4651,-23.86008],[-46.44363,-23.84959],[-46.43527,-23.82408],[-46.38282,-23.80858],[-46.3738,-23.79084],[-46.33622,-23.78048],[-46.32002,-23.78483],[-46.32002,-23.80213],[-46.27763,-23.76945],[-46.25855,-23.7667],[-46.2366,-23.73447],[-46.20766,-23.75096],[-46.17855,-23.74548],[-46.17588,-23.73435],[-46.15491,-23.73468],[-46.10474,-23.71085],[-46.10197,-23.73584],[-46.07705,-23.73204],[-46.053,-23.71574],[-46.02927,-23.71936],[-45.97699,-23.69366],[-45.93433,-23.69983],[-45.91908,-23.68754],[-45.91852,-23.66777],[-45.89835,-23.65441],[-45.85768,-23.65432],[-45.84561,-23.64378],[-45.83072,-23.65078],[-45.83641,-23.66841],[-45.79419,-23.68075],[-45.79421,-23.71454],[-45.84407,-23.75766],[-45.90268,-23.76499],[-45.98866,-23.79118],[-46.03174,-23.80879],[-46.04399,-23.82456],[-46.05361,-23.81449],[-46.07545,-23.81649],[-46.11833,-23.83507],[-46.13343,-23.85568],[-46.13805,-23.89086],[-46.15149,-23.89653],[-46.17932,-23.92385],[-46.1653,-23.94322],[-46.18282,-23.96157],[-46.18533,-23.98646],[-46.24408,-23.99089],[-46.26344,-24.00265],[-46.28366,-24.0256],[-46.29436,-24.01611],[-46.31121,-24.02761],[-46.32369,-24.02176],[-46.32119,-23.99887],[-46.30497,-23.99229],[-46.32466,-23.97286],[-46.34524,-23.96845],[-46.38427,-23.96989],[-46.37463,-23.98578],[-46.39216,-23.99583],[-46.3898,-24.0227],[-46.4166,-24.01328],[-46.45477,-24.02327],[-46.49781,-24.03987],[-46.60477,-24.08919],[-46.70922,-24.14346],[-46.82299,-24.20542],[-46.93889,-24.27866],[-46.98387,-24.3144],[-47.00303,-24.33558],[-47.00021,-24.35458],[-47.01829,-24.3751],[-47.00089,-24.39681],[-47.0032,-24.40883],[-47.02511,-24.42414],[-47.07751,-24.44284],[-47.0915,-24.45664],[-47.13747,-24.48583],[-47.22808,-24.55856],[-47.22634,-24.56936],[-47.25033,-24.57533],[-47.43178,-24.6839],[-47.44161,-24.69803],[-47.48736,-24.71486],[-47.58322,-24.76963],[-47.65216,-24.81856],[-47.77211,-24.91286],[-47.84142,-24.97445],[-47.87325,-25.01208],[-47.88761,-25.05318],[-47.90946,-25.05289],[-47.89431,-25.1064],[-47.90797,-25.11775],[-47.91844,-25.14522],[-47.91185,-25.15666],[-47.94286,-25.1731],[-47.97211,-25.19959],[-48.02858,-25.24232],[-48.09571,-25.30859],[-48.09799,-25.29918],[-48.05069,-25.25184],[-48.02307,-25.23044],[-48.02741,-25.2208],[-48.04669,-25.22626],[-48.05697,-25.21784],[-48.06164,-25.23959],[-48.09811,-25.24076],[-48.11441,-25.25021],[-48.15077,-25.22764],[-48.16225,-25.20934],[-48.17963,-25.20629],[-48.19289,-25.18937],[-48.16725,-25.16741],[-48.15641,-25.14416],[-48.18117,-25.13334],[-48.21558,-25.07618],[-48.20913,-25.02826],[-48.23108,-25.0203],[-48.22288,-25.00863],[-48.24104,-24.99203],[-48.21,-24.95644]]]]}},{"type":"Feature","properties":{"id":"14","phone_code":"14","phone_code_1_digit":"1"},"geometry":{"type":"Polygon","coordinates":[[[-47.95089,-22.92317],[-47.93312,-22.94627],[-47.92844,-22.97863],[-47.94519,-22.99714],[-47.94097,-23.01446],[-47.92479,-23.01756],[-47.91689,-23.03995],[-47.89742,-23.05854],[-47.93148,-23.05844],[-47.9297,-23.08031],[-47.91242,-23.08002],[-47.90712,-23.11233],[-47.91433,-23.13979],[-47.90954,-23.15985],[-47.92845,-23.15757],[-47.94872,-23.16992],[-47.94628,-23.18066],[-47.97984,-23.19037],[-47.97131,-23.20733],[-47.98326,-23.21865],[-48.02114,-23.22706],[-48.03025,-23.22229],[-48.05624,-23.23138],[-48.02174,-23.19515],[-48.01145,-23.16833],[-48.06109,-23.14677],[-48.04812,-23.11904],[-48.06606,-23.09057],[-48.08673,-23.0795],[-48.11353,-23.09676],[-48.12657,-23.08812],[-48.16367,-23.08766],[-48.16259,-23.09857],[-48.19513,-23.11341],[-48.18276,-23.12823],[-48.18081,-23.15108],[-48.19464,-23.18216],[-48.22067,-23.19116],[-48.24459,-23.20881],[-48.26042,-23.23029],[-48.25422,-23.25585],[-48.23865,-23.26367],[-48.24054,-23.27972],[-48.2607,-23.27653],[-48.2727,-23.28799],[-48.2772,-23.26336],[-48.30267,-23.25696],[-48.34117,-23.26936],[-48.33443,-23.28286],[-48.36334,-23.29161],[-48.40171,-23.2848],[-48.41695,-23.26194],[-48.4364,-23.27239],[-48.49048,-23.25926],[-48.50378,-23.26846],[-48.55281,-23.27846],[-48.56706,-23.29562],[-48.58009,-23.29654],[-48.58823,-23.3129],[-48.64632,-23.32773],[-48.62789,-23.35595],[-48.63558,-23.40419],[-48.65353,-23.40765],[-48.64367,-23.46944],[-48.6147,-23.49037],[-48.64531,-23.51976],[-48.65186,-23.53714],[-48.62813,-23.53628],[-48.62921,-23.55881],[-48.60753,-23.57395],[-48.61126,-23.59193],[-48.67762,-23.58691],[-48.69739,-23.6017],[-48.76603,-23.61202],[-48.78127,-23.64135],[-48.80209,-23.6367],[-48.81967,-23.60619],[-48.8437,-23.59351],[-48.86687,-23.60767],[-48.92468,-23.62594],[-48.93406,-23.62058],[-48.97784,-23.62293],[-48.99169,-23.64168],[-49.00776,-23.63332],[-49.02732,-23.65306],[-49.03389,-23.67798],[-49.06259,-23.69778],[-49.05978,-23.72458],[-49.10304,-23.72404],[-49.11881,-23.73552],[-49.13981,-23.71485],[-49.13942,-23.70113],[-49.1639,-23.69245],[-49.19654,-23.71301],[-49.24406,-23.70469],[-49.30028,-23.7371],[-49.32572,-23.68196],[-49.35859,-23.67613],[-49.35517,-23.66218],[-49.3694,-23.64009],[-49.40173,-23.62945],[-49.39959,-23.57925],[-49.41778,-23.5741],[-49.43476,-23.55144],[-49.4437,-23.56315],[-49.46384,-23.54322],[-49.51324,-23.50653],[-49.5286,-23.50889],[-49.5494,-23.49446],[-49.57706,-23.49133],[-49.57782,-23.47822],[-49.59407,-23.47297],[-49.59743,-23.45744],[-49.58963,-23.43539],[-49.57247,-23.44346],[-49.56662,-23.42675],[-49.58032,-23.43124],[-49.57984,-23.41464],[-49.60667,-23.3929],[-49.59116,-23.38855],[-49.59493,-23.36661],[-49.61133,-23.35417],[-49.63296,-23.35594],[-49.62122,-23.33141],[-49.63092,-23.30394],[-49.62533,-23.28617],[-49.65328,-23.21156],[-49.67723,-23.17446],[-49.69701,-23.16451],[-49.73442,-23.13324],[-49.72507,-23.10896],[-49.74929,-23.09703],[-49.76247,-23.1051],[-49.80613,-23.09386],[-49.81224,-23.07951],[-49.83318,-23.06546],[-49.87082,-23.06991],[-49.91112,-23.05064],[-49.91579,-23.03594],[-49.90189,-22.99844],[-49.93028,-22.98255],[-49.95402,-22.97794],[-49.97372,-22.95402],[-49.9609,-22.93039],[-49.96527,-22.91366],[-49.98569,-22.89703],[-49.9976,-22.89976],[-49.98993,-22.92474],[-50.00168,-22.92825],[-50.01693,-22.9104],[-50.04737,-22.90149],[-50.06699,-22.92704],[-50.09424,-22.92333],[-50.11493,-22.93932],[-50.13304,-22.9393],[-50.13451,-22.92234],[-50.1261,-22.88222],[-50.13401,-22.85074],[-50.11004,-22.82444],[-50.09843,-22.77974],[-50.11359,-22.77213],[-50.11741,-22.73104],[-50.10668,-22.71115],[-50.12229,-22.71364],[-50.10607,-22.67921],[-50.1084,-22.66963],[-50.09201,-22.64101],[-50.10027,-22.60994],[-50.13737,-22.57252],[-50.11778,-22.55675],[-50.12436,-22.5395],[-50.12402,-22.50954],[-50.10543,-22.51798],[-50.08714,-22.48968],[-50.06907,-22.4923],[-50.07515,-22.46473],[-50.09777,-22.43907],[-50.1064,-22.41528],[-50.12412,-22.42165],[-50.1258,-22.39778],[-50.11712,-22.37809],[-50.09805,-22.36393],[-50.13729,-22.33672],[-50.12704,-22.28496],[-50.14568,-22.2736],[-50.15266,-22.25218],[-50.17607,-22.24787],[-50.18215,-22.26331],[-50.173,-22.28747],[-50.17699,-22.30682],[-50.16895,-22.31888],[-50.19123,-22.3279],[-50.19523,-22.34176],[-50.23069,-22.35613],[-50.23696,-22.37855],[-50.27046,-22.36692],[-50.29407,-22.36874],[-50.31377,-22.35523],[-50.33078,-22.35765],[-50.32899,-22.27967],[-50.30913,-22.24758],[-50.30515,-22.2018],[-50.31901,-22.20624],[-50.34516,-22.18748],[-50.39435,-22.187],[-50.42777,-22.1649],[-50.43616,-22.17279],[-50.46854,-22.16554],[-50.49896,-22.13746],[-50.51057,-22.13443],[-50.52019,-22.11009],[-50.55046,-22.09382],[-50.56041,-22.07761],[-50.59524,-22.07259],[-50.61882,-22.06143],[-50.66843,-22.02801],[-50.7061,-22.02111],[-50.70881,-22.01357],[-50.81599,-21.99234],[-50.84486,-21.97327],[-50.82802,-21.9483],[-50.81435,-21.95078],[-50.78724,-21.93622],[-50.78841,-21.91899],[-50.75446,-21.89254],[-50.71616,-21.85341],[-50.70538,-21.85614],[-50.71152,-21.82622],[-50.72189,-21.81414],[-50.70696,-21.7736],[-50.69268,-21.79224],[-50.68079,-21.77552],[-50.66148,-21.77587],[-50.63488,-21.76572],[-50.63649,-21.74343],[-50.60908,-21.68402],[-50.6143,-21.65767],[-50.57066,-21.69062],[-50.5478,-21.6987],[-50.5108,-21.70295],[-50.4953,-21.71593],[-50.48732,-21.70393],[-50.46324,-21.70601],[-50.46188,-21.68782],[-50.40949,-21.70506],[-50.39795,-21.71601],[-50.36062,-21.72535],[-50.34748,-21.70925],[-50.31971,-21.70552],[-50.29507,-21.71651],[-50.24471,-21.69689],[-50.22216,-21.6997],[-50.208,-21.68709],[-50.16583,-21.69444],[-50.15696,-21.68074],[-50.11513,-21.69173],[-50.09974,-21.64021],[-50.09987,-21.62173],[-50.0798,-21.60932],[-50.0738,-21.59468],[-50.04607,-21.60939],[-50.02754,-21.58809],[-49.99171,-21.58984],[-49.97823,-21.57708],[-49.95374,-21.57596],[-49.93266,-21.55317],[-49.91496,-21.5563],[-49.9021,-21.5244],[-49.90988,-21.50934],[-49.89099,-21.46837],[-49.87108,-21.46732],[-49.86979,-21.44229],[-49.85944,-21.41986],[-49.86818,-21.39167],[-49.84784,-21.36536],[-49.81663,-21.31447],[-49.83241,-21.27448],[-49.80265,-21.29256],[-49.76901,-21.30538],[-49.75348,-21.2963],[-49.72618,-21.34492],[-49.69741,-21.33782],[-49.70015,-21.35756],[-49.6866,-21.36336],[-49.67091,-21.34806],[-49.63241,-21.35182],[-49.60338,-21.37276],[-49.58354,-21.37637],[-49.56624,-21.40702],[-49.54813,-21.41726],[-49.52319,-21.44887],[-49.50423,-21.48335],[-49.48171,-21.50423],[-49.41179,-21.5445],[-49.37581,-21.53432],[-49.33961,-21.54565],[-49.32663,-21.561],[-49.31121,-21.61659],[-49.28937,-21.63401],[-49.27265,-21.65814],[-49.23804,-21.67047],[-49.21304,-21.67065],[-49.20792,-21.65627],[-49.1741,-21.64494],[-49.15032,-21.66012],[-49.15054,-21.68296],[-49.10407,-21.75064],[-49.08244,-21.75373],[-49.04163,-21.77355],[-48.97248,-21.75688],[-48.96135,-21.78267],[-48.98695,-21.81265],[-48.98962,-21.82773],[-48.97357,-21.8444],[-48.91664,-21.85987],[-48.90582,-21.8671],[-48.89246,-21.90616],[-48.87831,-21.91984],[-48.84821,-21.90938],[-48.82971,-21.88973],[-48.78757,-21.89491],[-48.75484,-21.88231],[-48.72746,-21.89039],[-48.72082,-21.90766],[-48.68629,-21.91341],[-48.67156,-21.94565],[-48.64597,-21.9653],[-48.59615,-21.98743],[-48.58634,-21.99951],[-48.56398,-22.0045],[-48.539,-22.03409],[-48.48073,-22.01258],[-48.48717,-22.02611],[-48.47626,-22.04209],[-48.45562,-22.04812],[-48.44579,-22.0697],[-48.42325,-22.09299],[-48.41446,-22.08912],[-48.39473,-22.11409],[-48.39701,-22.13194],[-48.38681,-22.15792],[-48.34381,-22.17131],[-48.34167,-22.18042],[-48.31512,-22.19696],[-48.30365,-22.19009],[-48.27421,-22.19079],[-48.26934,-22.18052],[-48.2454,-22.17698],[-48.25534,-22.15374],[-48.21506,-22.15782],[-48.19715,-22.14679],[-48.17571,-22.16523],[-48.13209,-22.18314],[-48.10431,-22.17906],[-48.07246,-22.1512],[-48.05734,-22.15005],[-48.04256,-22.12348],[-48.04445,-22.07234],[-48.02581,-22.07613],[-47.99375,-22.11498],[-47.97332,-22.11776],[-47.94801,-22.11076],[-47.93154,-22.1242],[-47.91932,-22.15017],[-47.8992,-22.15699],[-47.90256,-22.16751],[-47.87989,-22.21244],[-47.90496,-22.22937],[-47.90711,-22.24865],[-47.92426,-22.27801],[-47.92818,-22.30674],[-47.94845,-22.31945],[-47.95972,-22.36521],[-47.94385,-22.38199],[-47.95211,-22.39784],[-47.92367,-22.40536],[-47.91532,-22.4243],[-47.93836,-22.42484],[-47.95189,-22.44341],[-47.98225,-22.4545],[-47.97506,-22.46323],[-47.99612,-22.47951],[-47.99392,-22.49263],[-48.04484,-22.51086],[-48.06701,-22.51408],[-48.07523,-22.52669],[-48.09353,-22.49841],[-48.12764,-22.5041],[-48.12306,-22.52876],[-48.14054,-22.51823],[-48.13109,-22.50328],[-48.14862,-22.48089],[-48.17306,-22.47625],[-48.17092,-22.49119],[-48.19181,-22.48979],[-48.18787,-22.51333],[-48.20726,-22.4964],[-48.222,-22.5163],[-48.24403,-22.52209],[-48.25926,-22.53876],[-48.24739,-22.57676],[-48.26092,-22.60431],[-48.23973,-22.61401],[-48.23604,-22.59662],[-48.22103,-22.59377],[-48.2142,-22.61235],[-48.19798,-22.62281],[-48.17103,-22.62697],[-48.15944,-22.63743],[-48.14014,-22.62815],[-48.09356,-22.62331],[-48.08808,-22.6511],[-48.0975,-22.69265],[-48.08209,-22.72481],[-48.06903,-22.73673],[-48.03148,-22.71853],[-48.01452,-22.73344],[-48.02708,-22.75235],[-48.02609,-22.78927],[-48.03128,-22.82512],[-48.04664,-22.83122],[-48.0111,-22.85536],[-48.00148,-22.86844],[-48.0187,-22.88797],[-48.00159,-22.89656],[-47.98765,-22.88432],[-47.98459,-22.86648],[-47.96937,-22.89725],[-47.95878,-22.88626],[-47.92985,-22.88005],[-47.95089,-22.92317]]]}},{"type":"Feature","properties":{"id":"15","phone_code":"15","phone_code_1_digit":"1"},"geometry":{"type":"Polygon","coordinates":[[[-49.25348,-24.40718],[-49.23734,-24.37853],[-49.2002,-24.34393],[-49.2484,-24.33003],[-49.24996,-24.31888],[-49.28333,-24.30758],[-49.30076,-24.27582],[-49.31223,-24.24291],[-49.3502,-24.22032],[-49.3414,-24.1379],[-49.37752,-24.11761],[-49.40858,-24.10781],[-49.4044,-24.09537],[-49.42953,-24.08805],[-49.42931,-24.06823],[-49.45706,-24.049],[-49.46296,-24.02695],[-49.48668,-24.02412],[-49.48593,-23.99996],[-49.49765,-23.99333],[-49.49321,-23.97711],[-49.51323,-23.96391],[-49.50295,-23.94812],[-49.52062,-23.94562],[-49.51113,-23.92542],[-49.52186,-23.91608],[-49.53173,-23.92962],[-49.55651,-23.92225],[-49.60199,-23.8678],[-49.595,-23.84632],[-49.60756,-23.8389],[-49.56195,-23.818],[-49.56003,-23.76083],[-49.56357,-23.73174],[-49.54831,-23.73581],[-49.55583,-23.69048],[-49.5794,-23.67785],[-49.58483,-23.65839],[-49.61667,-23.6391],[-49.6058,-23.62447],[-49.62069,-23.60657],[-49.60154,-23.58222],[-49.60751,-23.56475],[-49.59973,-23.53514],[-49.62374,-23.52282],[-49.61323,-23.50965],[-49.6209,-23.49284],[-49.6144,-23.47172],[-49.60281,-23.47794],[-49.59743,-23.45744],[-49.59407,-23.47297],[-49.57782,-23.47822],[-49.57706,-23.49133],[-49.5494,-23.49446],[-49.5286,-23.50889],[-49.51324,-23.50653],[-49.46384,-23.54322],[-49.4437,-23.56315],[-49.43476,-23.55144],[-49.41778,-23.5741],[-49.39959,-23.57925],[-49.40173,-23.62945],[-49.3694,-23.64009],[-49.35517,-23.66218],[-49.35859,-23.67613],[-49.32572,-23.68196],[-49.30028,-23.7371],[-49.24406,-23.70469],[-49.19654,-23.71301],[-49.1639,-23.69245],[-49.13942,-23.70113],[-49.13981,-23.71485],[-49.11881,-23.73552],[-49.10304,-23.72404],[-49.05978,-23.72458],[-49.06259,-23.69778],[-49.03389,-23.67798],[-49.02732,-23.65306],[-49.00776,-23.63332],[-48.99169,-23.64168],[-48.97784,-23.62293],[-48.93406,-23.62058],[-48.92468,-23.62594],[-48.86687,-23.60767],[-48.8437,-23.59351],[-48.81967,-23.60619],[-48.80209,-23.6367],[-48.78127,-23.64135],[-48.76603,-23.61202],[-48.69739,-23.6017],[-48.67762,-23.58691],[-48.61126,-23.59193],[-48.60753,-23.57395],[-48.62921,-23.55881],[-48.62813,-23.53628],[-48.65186,-23.53714],[-48.64531,-23.51976],[-48.6147,-23.49037],[-48.64367,-23.46944],[-48.65353,-23.40765],[-48.63558,-23.40419],[-48.62789,-23.35595],[-48.64632,-23.32773],[-48.58823,-23.3129],[-48.58009,-23.29654],[-48.56706,-23.29562],[-48.55281,-23.27846],[-48.50378,-23.26846],[-48.49048,-23.25926],[-48.4364,-23.27239],[-48.41695,-23.26194],[-48.40171,-23.2848],[-48.36334,-23.29161],[-48.33443,-23.28286],[-48.34117,-23.26936],[-48.30267,-23.25696],[-48.2772,-23.26336],[-48.2727,-23.28799],[-48.2607,-23.27653],[-48.24054,-23.27972],[-48.23865,-23.26367],[-48.25422,-23.25585],[-48.26042,-23.23029],[-48.24459,-23.20881],[-48.22067,-23.19116],[-48.19464,-23.18216],[-48.18081,-23.15108],[-48.18276,-23.12823],[-48.19513,-23.11341],[-48.16259,-23.09857],[-48.16367,-23.08766],[-48.12657,-23.08812],[-48.11353,-23.09676],[-48.08673,-23.0795],[-48.06606,-23.09057],[-48.04812,-23.11904],[-48.06109,-23.14677],[-48.01145,-23.16833],[-48.02174,-23.19515],[-48.05624,-23.23138],[-48.03025,-23.22229],[-48.02114,-23.22706],[-47.98326,-23.21865],[-47.97131,-23.20733],[-47.97984,-23.19037],[-47.94628,-23.18066],[-47.94872,-23.16992],[-47.92845,-23.15757],[-47.90954,-23.15985],[-47.91433,-23.13979],[-47.90712,-23.11233],[-47.91242,-23.08002],[-47.9297,-23.08031],[-47.93148,-23.05844],[-47.89742,-23.05854],[-47.91689,-23.03995],[-47.92479,-23.01756],[-47.94097,-23.01446],[-47.94519,-22.99714],[-47.92844,-22.97863],[-47.93312,-22.94627],[-47.95089,-22.92317],[-47.92985,-22.88005],[-47.90031,-22.87587],[-47.89815,-22.86749],[-47.86506,-22.85876],[-47.85781,-22.86476],[-47.86759,-22.89717],[-47.84472,-22.90004],[-47.83038,-22.88381],[-47.80617,-22.88343],[-47.76308,-22.90279],[-47.75864,-22.9221],[-47.72247,-22.93179],[-47.71142,-22.91163],[-47.6772,-22.95816],[-47.65989,-22.99632],[-47.6627,-23.01763],[-47.68267,-23.0337],[-47.64769,-23.04541],[-47.64703,-23.06111],[-47.62817,-23.07536],[-47.61255,-23.06829],[-47.59268,-23.07657],[-47.60789,-23.09823],[-47.58042,-23.10324],[-47.56289,-23.08997],[-47.53723,-23.10155],[-47.50864,-23.0911],[-47.49169,-23.10158],[-47.4792,-23.12342],[-47.46397,-23.12368],[-47.46439,-23.10864],[-47.42751,-23.09946],[-47.41145,-23.12025],[-47.4225,-23.1506],[-47.41803,-23.16778],[-47.4363,-23.1953],[-47.42178,-23.22046],[-47.43331,-23.23979],[-47.41497,-23.26353],[-47.40367,-23.29701],[-47.42422,-23.31692],[-47.41895,-23.35702],[-47.40412,-23.35465],[-47.38421,-23.39214],[-47.34909,-23.38987],[-47.36906,-23.40361],[-47.33989,-23.43641],[-47.32581,-23.43746],[-47.31685,-23.46282],[-47.32367,-23.51306],[-47.30278,-23.52361],[-47.31238,-23.5742],[-47.30944,-23.59677],[-47.27711,-23.59643],[-47.26783,-23.61448],[-47.25096,-23.61971],[-47.20594,-23.61579],[-47.19133,-23.62154],[-47.17895,-23.64043],[-47.13859,-23.63903],[-47.10847,-23.65129],[-47.09856,-23.64281],[-47.08097,-23.65131],[-47.08416,-23.66669],[-47.06236,-23.68156],[-47.06192,-23.70756],[-47.04693,-23.73367],[-47.03441,-23.73494],[-47.03086,-23.76848],[-47.02003,-23.78556],[-46.98653,-23.80741],[-47.01022,-23.81423],[-47.01422,-23.8346],[-47.02761,-23.84525],[-47.03753,-23.83482],[-47.05033,-23.84463],[-47.10504,-23.8482],[-47.11592,-23.84023],[-47.12892,-23.86259],[-47.12663,-23.87645],[-47.13753,-23.90381],[-47.15852,-23.93354],[-47.17858,-23.93658],[-47.19006,-23.92755],[-47.19922,-23.93917],[-47.19336,-23.95371],[-47.20422,-23.97066],[-47.18838,-23.99115],[-47.19939,-24.00017],[-47.2247,-24.01433],[-47.25633,-24.02049],[-47.25225,-24.00768],[-47.27091,-24.01673],[-47.28566,-24.00571],[-47.31594,-24.0162],[-47.33933,-24.01243],[-47.35472,-24.02096],[-47.36866,-24.0423],[-47.38884,-24.05444],[-47.4275,-24.06777],[-47.44875,-24.04991],[-47.47664,-24.08041],[-47.50003,-24.05043],[-47.52791,-24.04632],[-47.54025,-24.037],[-47.56219,-24.03955],[-47.56986,-24.0775],[-47.58078,-24.07448],[-47.63322,-24.11235],[-47.62939,-24.07442],[-47.61478,-24.05887],[-47.61402,-24.04359],[-47.62798,-24.03463],[-47.67967,-24.04468],[-47.7007,-24.07226],[-47.72558,-24.08146],[-47.73519,-24.10257],[-47.72386,-24.11764],[-47.75767,-24.12989],[-47.79222,-24.1344],[-47.82709,-24.13264],[-47.83036,-24.12142],[-47.86192,-24.11651],[-47.85553,-24.10308],[-47.86686,-24.07685],[-47.89439,-24.07897],[-47.90117,-24.09253],[-47.93852,-24.09961],[-47.94639,-24.11742],[-47.9802,-24.11278],[-48.00753,-24.13404],[-48.04997,-24.1375],[-48.05948,-24.18143],[-48.09305,-24.19988],[-48.13945,-24.19384],[-48.15275,-24.22857],[-48.20019,-24.26132],[-48.23859,-24.26278],[-48.25234,-24.25775],[-48.28109,-24.28117],[-48.27444,-24.29573],[-48.29267,-24.29386],[-48.29955,-24.30597],[-48.32833,-24.31138],[-48.32503,-24.29103],[-48.35729,-24.28212],[-48.38197,-24.30341],[-48.35845,-24.3045],[-48.35172,-24.34542],[-48.36137,-24.34614],[-48.35921,-24.36768],[-48.37731,-24.40491],[-48.39863,-24.42566],[-48.38084,-24.433],[-48.36165,-24.42025],[-48.34828,-24.43499],[-48.35231,-24.4605],[-48.39389,-24.48228],[-48.38133,-24.503],[-48.39623,-24.52276],[-48.42908,-24.53164],[-48.42514,-24.55473],[-48.39531,-24.56336],[-48.41234,-24.58637],[-48.43,-24.58405],[-48.44684,-24.59875],[-48.45956,-24.64058],[-48.4532,-24.65984],[-48.44344,-24.65149],[-48.40703,-24.65616],[-48.40367,-24.66704],[-48.42101,-24.68046],[-48.40653,-24.71728],[-48.38295,-24.74869],[-48.39172,-24.75463],[-48.35994,-24.77473],[-48.34008,-24.80123],[-48.32745,-24.79219],[-48.30461,-24.81428],[-48.30539,-24.83689],[-48.2687,-24.83197],[-48.31892,-24.86424],[-48.31514,-24.87466],[-48.27958,-24.88267],[-48.26116,-24.87827],[-48.26358,-24.89359],[-48.25198,-24.91163],[-48.23947,-24.90098],[-48.21073,-24.90686],[-48.20992,-24.92073],[-48.22503,-24.93389],[-48.21,-24.95644],[-48.24104,-24.99203],[-48.24998,-24.97698],[-48.27709,-25.01551],[-48.28705,-25.03948],[-48.29235,-25.02393],[-48.3332,-25.07008],[-48.32367,-25.03626],[-48.35076,-25.036],[-48.35428,-25.01947],[-48.37817,-24.99654],[-48.41068,-24.97974],[-48.47357,-25.01206],[-48.49096,-25.05291],[-48.52811,-25.1003],[-48.55587,-25.08381],[-48.55964,-25.06073],[-48.58219,-25.05116],[-48.58839,-25.01922],[-48.59877,-25.01878],[-48.59473,-24.99565],[-48.5669,-24.97178],[-48.56251,-24.94984],[-48.5697,-24.93105],[-48.57159,-24.89452],[-48.55883,-24.90069],[-48.54926,-24.86701],[-48.5662,-24.86347],[-48.56734,-24.84701],[-48.55528,-24.80572],[-48.51625,-24.77969],[-48.49883,-24.73848],[-48.51103,-24.74008],[-48.54308,-24.72471],[-48.57856,-24.68505],[-48.60356,-24.66781],[-48.61615,-24.66818],[-48.64117,-24.68918],[-48.6577,-24.69156],[-48.66086,-24.70598],[-48.67453,-24.7013],[-48.671,-24.67881],[-48.69361,-24.6702],[-48.68989,-24.69291],[-48.70334,-24.67989],[-48.75336,-24.69368],[-48.75681,-24.67937],[-48.77818,-24.69624],[-48.78773,-24.6807],[-48.81063,-24.67371],[-48.82031,-24.6568],[-48.83992,-24.66449],[-48.85803,-24.65721],[-48.86492,-24.66684],[-48.9459,-24.6732],[-48.95798,-24.6848],[-48.96281,-24.67273],[-49.00911,-24.65878],[-49.00472,-24.63422],[-49.0324,-24.64145],[-49.05085,-24.67902],[-49.06859,-24.68438],[-49.10846,-24.67606],[-49.11112,-24.68787],[-49.13435,-24.67507],[-49.18517,-24.67226],[-49.20453,-24.68548],[-49.20744,-24.70042],[-49.2752,-24.69389],[-49.31154,-24.66305],[-49.29915,-24.65447],[-49.31595,-24.63851],[-49.3066,-24.62125],[-49.31414,-24.61378],[-49.30312,-24.59646],[-49.31551,-24.55502],[-49.29205,-24.5524],[-49.27979,-24.53678],[-49.29519,-24.49982],[-49.2691,-24.49183],[-49.2626,-24.47334],[-49.24645,-24.46861],[-49.25218,-24.43367],[-49.23498,-24.41056],[-49.24976,-24.41338],[-49.25348,-24.40718]]]}},{"type":"Feature","properties":{"id":"16","phone_code":"16","phone_code_1_digit":"1"},"geometry":{"type":"Polygon","coordinates":[[[-47.91932,-22.15017],[-47.93154,-22.1242],[-47.94801,-22.11076],[-47.97332,-22.11776],[-47.99375,-22.11498],[-48.02581,-22.07613],[-48.04445,-22.07234],[-48.04256,-22.12348],[-48.05734,-22.15005],[-48.07246,-22.1512],[-48.10431,-22.17906],[-48.13209,-22.18314],[-48.17571,-22.16523],[-48.19715,-22.14679],[-48.21506,-22.15782],[-48.25534,-22.15374],[-48.2454,-22.17698],[-48.26934,-22.18052],[-48.27421,-22.19079],[-48.30365,-22.19009],[-48.31512,-22.19696],[-48.34167,-22.18042],[-48.34381,-22.17131],[-48.38681,-22.15792],[-48.39701,-22.13194],[-48.39473,-22.11409],[-48.41446,-22.08912],[-48.42325,-22.09299],[-48.44579,-22.0697],[-48.45562,-22.04812],[-48.47626,-22.04209],[-48.48717,-22.02611],[-48.48073,-22.01258],[-48.539,-22.03409],[-48.56398,-22.0045],[-48.58634,-21.99951],[-48.59615,-21.98743],[-48.64597,-21.9653],[-48.67156,-21.94565],[-48.68629,-21.91341],[-48.72082,-21.90766],[-48.72746,-21.89039],[-48.75484,-21.88231],[-48.78757,-21.89491],[-48.82971,-21.88973],[-48.84821,-21.90938],[-48.87831,-21.91984],[-48.89246,-21.90616],[-48.90582,-21.8671],[-48.91664,-21.85987],[-48.97357,-21.8444],[-48.98962,-21.82773],[-48.98695,-21.81265],[-48.96135,-21.78267],[-48.97248,-21.75688],[-49.04163,-21.77355],[-49.08244,-21.75373],[-49.10407,-21.75064],[-49.15054,-21.68296],[-49.15032,-21.66012],[-49.1741,-21.64494],[-49.20792,-21.65627],[-49.21304,-21.67065],[-49.22571,-21.66],[-49.24055,-21.62151],[-49.19952,-21.59588],[-49.18326,-21.59367],[-49.15515,-21.55391],[-49.14915,-21.52911],[-49.11777,-21.51415],[-49.10751,-21.49004],[-49.08143,-21.46364],[-49.0547,-21.48755],[-49.01793,-21.4803],[-48.99101,-21.45542],[-48.97957,-21.41446],[-48.94892,-21.42417],[-48.94569,-21.3966],[-48.9004,-21.36927],[-48.87344,-21.39322],[-48.83421,-21.39243],[-48.82362,-21.407],[-48.7907,-21.41579],[-48.77392,-21.42672],[-48.75679,-21.42328],[-48.7444,-21.39159],[-48.7452,-21.3556],[-48.73362,-21.33316],[-48.7329,-21.25858],[-48.74079,-21.24476],[-48.72132,-21.24068],[-48.69431,-21.22064],[-48.72199,-21.19021],[-48.72837,-21.16403],[-48.70951,-21.16214],[-48.68389,-21.14783],[-48.62862,-21.1375],[-48.59665,-21.14183],[-48.58969,-21.12493],[-48.57126,-21.11179],[-48.57695,-21.09985],[-48.56655,-21.07494],[-48.53143,-21.08904],[-48.51768,-21.07448],[-48.49145,-21.08018],[-48.459,-21.07542],[-48.45568,-21.05289],[-48.40545,-21.01633],[-48.40082,-21.00487],[-48.37607,-21.00757],[-48.38204,-20.98318],[-48.36682,-20.94878],[-48.3395,-20.95438],[-48.28338,-20.95134],[-48.21759,-20.89122],[-48.20713,-20.87489],[-48.24315,-20.84639],[-48.23323,-20.82817],[-48.23681,-20.81292],[-48.2574,-20.79696],[-48.2439,-20.77364],[-48.25756,-20.73865],[-48.27281,-20.74341],[-48.29301,-20.72055],[-48.31993,-20.72478],[-48.33818,-20.69585],[-48.33332,-20.66444],[-48.34996,-20.64376],[-48.34682,-20.62623],[-48.32054,-20.60638],[-48.31943,-20.58978],[-48.33887,-20.58186],[-48.34984,-20.56097],[-48.37913,-20.54737],[-48.36835,-20.52695],[-48.32504,-20.53129],[-48.3182,-20.51799],[-48.29274,-20.51374],[-48.28076,-20.49083],[-48.27802,-20.46827],[-48.23852,-20.4603],[-48.22157,-20.44961],[-48.21321,-20.45727],[-48.20068,-20.44125],[-48.17894,-20.38699],[-48.18935,-20.34156],[-48.14921,-20.29053],[-48.15759,-20.27251],[-48.14526,-20.26096],[-48.15452,-20.23538],[-48.17562,-20.2226],[-48.21207,-20.21747],[-48.24371,-20.22582],[-48.22712,-20.21389],[-48.22882,-20.19808],[-48.26056,-20.19396],[-48.27115,-20.21742],[-48.27568,-20.20677],[-48.30193,-20.20174],[-48.31607,-20.18767],[-48.30729,-20.15527],[-48.32471,-20.15816],[-48.33454,-20.18435],[-48.3478,-20.18482],[-48.36205,-20.14703],[-48.39793,-20.15233],[-48.38934,-20.13324],[-48.40759,-20.14987],[-48.42529,-20.15301],[-48.45072,-20.12519],[-48.40532,-20.11304],[-48.3769,-20.12188],[-48.31591,-20.11326],[-48.28349,-20.13773],[-48.26102,-20.14278],[-48.22437,-20.13304],[-48.21853,-20.11492],[-48.25297,-20.07745],[-48.24368,-20.04693],[-48.2472,-20.03531],[-48.22515,-20.02884],[-48.20295,-20.04499],[-48.18201,-20.07416],[-48.17815,-20.09571],[-48.15784,-20.10375],[-48.14727,-20.12367],[-48.11292,-20.14294],[-48.06999,-20.14615],[-48.04893,-20.13677],[-48.03774,-20.11653],[-48.0194,-20.11969],[-48.0029,-20.10417],[-47.9901,-20.0745],[-47.99015,-20.04439],[-47.97552,-20.0349],[-47.94803,-20.05529],[-47.94304,-20.09153],[-47.93365,-20.10738],[-47.89887,-20.1252],[-47.87817,-20.10258],[-47.86951,-20.06322],[-47.85986,-20.05293],[-47.87494,-20.01996],[-47.8593,-19.99247],[-47.83423,-19.9956],[-47.80014,-19.98457],[-47.73323,-19.98746],[-47.70379,-19.97943],[-47.6757,-20.00145],[-47.67049,-20.02163],[-47.6354,-20.048],[-47.61354,-20.04164],[-47.5943,-20.02542],[-47.59194,-20.00654],[-47.57856,-19.99478],[-47.55369,-19.99551],[-47.53971,-19.98385],[-47.50808,-19.98247],[-47.49728,-19.97116],[-47.46594,-19.96375],[-47.42507,-20.01723],[-47.44345,-20.02929],[-47.43868,-20.04919],[-47.40265,-20.08232],[-47.37412,-20.08319],[-47.35823,-20.10351],[-47.30923,-20.12403],[-47.29256,-20.14819],[-47.2566,-20.16573],[-47.25542,-20.1903],[-47.23063,-20.21868],[-47.23212,-20.22705],[-47.24582,-20.26097],[-47.27628,-20.29116],[-47.28451,-20.33152],[-47.29776,-20.34796],[-47.28684,-20.43468],[-47.29167,-20.44857],[-47.25904,-20.46845],[-47.21104,-20.50182],[-47.15407,-20.51908],[-47.13721,-20.56063],[-47.12287,-20.61225],[-47.10829,-20.62033],[-47.11223,-20.63761],[-47.09693,-20.64386],[-47.10079,-20.68269],[-47.11485,-20.70673],[-47.14862,-20.70714],[-47.16476,-20.70116],[-47.16906,-20.71722],[-47.18581,-20.73066],[-47.18837,-20.77015],[-47.20662,-20.77506],[-47.2243,-20.79962],[-47.21403,-20.82674],[-47.23959,-20.88481],[-47.21001,-20.92366],[-47.18959,-20.92774],[-47.19212,-20.94158],[-47.14329,-20.98191],[-47.15658,-21.01835],[-47.13865,-21.0688],[-47.14184,-21.08775],[-47.1127,-21.10444],[-47.13306,-21.13298],[-47.11686,-21.15322],[-47.11834,-21.18527],[-47.09824,-21.213],[-47.06512,-21.20701],[-47.07684,-21.23975],[-47.05183,-21.24604],[-47.04453,-21.26563],[-47.05673,-21.26368],[-47.10584,-21.31418],[-47.12814,-21.32792],[-47.14519,-21.30404],[-47.14387,-21.29362],[-47.17028,-21.31234],[-47.18679,-21.3587],[-47.20428,-21.38385],[-47.2149,-21.42616],[-47.23084,-21.42159],[-47.23603,-21.44182],[-47.26343,-21.45071],[-47.27795,-21.46751],[-47.27414,-21.48644],[-47.2817,-21.51628],[-47.27606,-21.52473],[-47.29192,-21.55311],[-47.30976,-21.55165],[-47.35792,-21.57148],[-47.36442,-21.59367],[-47.39998,-21.61347],[-47.42428,-21.60127],[-47.44103,-21.61265],[-47.43853,-21.59338],[-47.45112,-21.57837],[-47.5112,-21.56098],[-47.53134,-21.5642],[-47.54465,-21.55502],[-47.57071,-21.5582],[-47.59867,-21.54517],[-47.60471,-21.5777],[-47.62388,-21.591],[-47.63825,-21.5882],[-47.66718,-21.60034],[-47.67873,-21.61372],[-47.67814,-21.65667],[-47.69465,-21.67573],[-47.71148,-21.68258],[-47.72329,-21.70522],[-47.74069,-21.71681],[-47.75347,-21.75628],[-47.76451,-21.76459],[-47.77417,-21.80131],[-47.77046,-21.83102],[-47.78831,-21.84801],[-47.79128,-21.87745],[-47.75521,-21.91984],[-47.74636,-21.95146],[-47.75307,-21.98685],[-47.72676,-22.01647],[-47.72592,-22.04052],[-47.74587,-22.0584],[-47.74525,-22.07633],[-47.78887,-22.09665],[-47.78614,-22.11192],[-47.80646,-22.13023],[-47.81531,-22.16101],[-47.82959,-22.14787],[-47.85059,-22.15558],[-47.8992,-22.15699],[-47.91932,-22.15017]]]}},{"type":"Feature","properties":{"id":"17","phone_code":"17","phone_code_1_digit":"1"},"geometry":{"type":"Polygon","coordinates":[[[-49.23804,-21.67047],[-49.27265,-21.65814],[-49.28937,-21.63401],[-49.31121,-21.61659],[-49.32663,-21.561],[-49.33961,-21.54565],[-49.37581,-21.53432],[-49.41179,-21.5445],[-49.48171,-21.50423],[-49.50423,-21.48335],[-49.52319,-21.44887],[-49.54813,-21.41726],[-49.56624,-21.40702],[-49.58354,-21.37637],[-49.60338,-21.37276],[-49.63241,-21.35182],[-49.67091,-21.34806],[-49.6866,-21.36336],[-49.70015,-21.35756],[-49.69741,-21.33782],[-49.72618,-21.34492],[-49.75348,-21.2963],[-49.76901,-21.30538],[-49.80265,-21.29256],[-49.83241,-21.27448],[-49.88335,-21.24755],[-49.9142,-21.23772],[-49.91986,-21.22526],[-49.93903,-21.23205],[-49.9806,-21.22869],[-49.97852,-21.18563],[-49.96368,-21.16122],[-49.95919,-21.13242],[-49.94579,-21.11734],[-49.94541,-21.09915],[-49.92507,-21.07495],[-49.89874,-21.06715],[-49.86899,-21.03752],[-49.8548,-21.01591],[-49.84726,-20.98236],[-49.82852,-20.9597],[-49.87382,-20.91712],[-49.9171,-20.91746],[-49.94288,-20.93445],[-49.95643,-20.9063],[-49.97504,-20.90931],[-49.99282,-20.94889],[-50.03235,-20.97778],[-50.0226,-20.94127],[-50.0563,-20.93942],[-50.07085,-20.90989],[-50.09205,-20.88688],[-50.16382,-20.87335],[-50.16269,-20.88722],[-50.18108,-20.89965],[-50.22027,-20.89797],[-50.22375,-20.88787],[-50.25904,-20.90472],[-50.27624,-20.88314],[-50.30344,-20.86868],[-50.32276,-20.87233],[-50.33828,-20.84527],[-50.37249,-20.85357],[-50.37365,-20.81784],[-50.38861,-20.80814],[-50.41118,-20.8126],[-50.41747,-20.80008],[-50.45082,-20.79943],[-50.45674,-20.77769],[-50.50594,-20.76085],[-50.60374,-20.77225],[-50.64277,-20.7519],[-50.63866,-20.74234],[-50.65827,-20.73257],[-50.68219,-20.73357],[-50.68466,-20.70767],[-50.72168,-20.70635],[-50.74462,-20.72128],[-50.75271,-20.7066],[-50.75133,-20.68144],[-50.7718,-20.68191],[-50.78022,-20.67132],[-50.7995,-20.67098],[-50.80571,-20.62659],[-50.8018,-20.60174],[-50.76522,-20.62476],[-50.76166,-20.57522],[-50.76874,-20.54416],[-50.80754,-20.5464],[-50.80749,-20.53477],[-50.84186,-20.53264],[-50.84795,-20.54841],[-50.87686,-20.53801],[-50.8855,-20.55804],[-50.89339,-20.54367],[-50.9128,-20.54128],[-50.93266,-20.55792],[-50.94499,-20.54759],[-50.96027,-20.55854],[-50.96396,-20.52199],[-50.98127,-20.49638],[-50.97811,-20.47104],[-50.98446,-20.4445],[-51.01755,-20.38289],[-51.05057,-20.35921],[-51.07713,-20.32847],[-51.08418,-20.30326],[-51.10059,-20.27347],[-51.06868,-20.24959],[-51.058,-20.23306],[-51.04833,-20.19811],[-51.02876,-20.15049],[-51.00061,-20.09429],[-51.0,-20.08492],[-50.96536,-20.03313],[-50.94658,-20.03079],[-50.93318,-20.01447],[-50.89672,-19.98969],[-50.8724,-19.98913],[-50.85111,-19.96931],[-50.81686,-19.95787],[-50.78313,-19.93677],[-50.72464,-19.92636],[-50.65763,-19.90669],[-50.63571,-19.8746],[-50.60687,-19.85751],[-50.57748,-19.81591],[-50.5444,-19.80968],[-50.51674,-19.79595],[-50.4985,-19.79532],[-50.47145,-19.77919],[-50.41235,-19.80422],[-50.35229,-19.86414],[-50.30896,-19.87358],[-50.28516,-19.86736],[-50.24468,-19.87629],[-50.19551,-19.86678],[-50.16086,-19.8777],[-50.10406,-19.86945],[-50.07905,-19.88552],[-50.04677,-19.91493],[-50.01172,-19.92626],[-49.96169,-19.91976],[-49.88787,-19.94484],[-49.85511,-19.94636],[-49.83481,-19.93285],[-49.78199,-19.924],[-49.73349,-19.92571],[-49.71168,-19.9308],[-49.63394,-19.93147],[-49.60556,-19.91604],[-49.55102,-19.90538],[-49.50299,-19.91947],[-49.49232,-19.94996],[-49.45335,-19.9776],[-49.43407,-19.98192],[-49.35602,-19.98625],[-49.33232,-19.97964],[-49.29707,-19.96008],[-49.26471,-19.96157],[-49.24858,-19.97206],[-49.24788,-19.99917],[-49.28346,-20.00431],[-49.29679,-20.01705],[-49.30799,-20.07709],[-49.30807,-20.10343],[-49.29878,-20.16661],[-49.26554,-20.22801],[-49.25935,-20.25792],[-49.2282,-20.30289],[-49.20253,-20.3042],[-49.1831,-20.31419],[-49.13355,-20.284],[-49.11999,-20.26945],[-49.08884,-20.21171],[-49.06702,-20.15428],[-49.02813,-20.15068],[-48.99179,-20.16492],[-48.97156,-20.20732],[-48.96132,-20.26283],[-48.96844,-20.39327],[-48.96257,-20.40265],[-48.89891,-20.4407],[-48.87814,-20.42918],[-48.86658,-20.39788],[-48.87957,-20.34788],[-48.8752,-20.31453],[-48.8883,-20.29438],[-48.88545,-20.27218],[-48.87177,-20.2414],[-48.8588,-20.23184],[-48.85335,-20.21124],[-48.85493,-20.17968],[-48.82167,-20.16108],[-48.78068,-20.16338],[-48.72907,-20.14983],[-48.69268,-20.16234],[-48.64576,-20.16647],[-48.62634,-20.15962],[-48.60018,-20.13924],[-48.55417,-20.12983],[-48.49066,-20.13766],[-48.45072,-20.12519],[-48.42529,-20.15301],[-48.40759,-20.14987],[-48.38934,-20.13324],[-48.39793,-20.15233],[-48.36205,-20.14703],[-48.3478,-20.18482],[-48.33454,-20.18435],[-48.32471,-20.15816],[-48.30729,-20.15527],[-48.31607,-20.18767],[-48.30193,-20.20174],[-48.27568,-20.20677],[-48.27115,-20.21742],[-48.26056,-20.19396],[-48.22882,-20.19808],[-48.22712,-20.21389],[-48.24371,-20.22582],[-48.21207,-20.21747],[-48.17562,-20.2226],[-48.15452,-20.23538],[-48.14526,-20.26096],[-48.15759,-20.27251],[-48.14921,-20.29053],[-48.18935,-20.34156],[-48.17894,-20.38699],[-48.20068,-20.44125],[-48.21321,-20.45727],[-48.22157,-20.44961],[-48.23852,-20.4603],[-48.27802,-20.46827],[-48.28076,-20.49083],[-48.29274,-20.51374],[-48.3182,-20.51799],[-48.32504,-20.53129],[-48.36835,-20.52695],[-48.37913,-20.54737],[-48.34984,-20.56097],[-48.33887,-20.58186],[-48.31943,-20.58978],[-48.32054,-20.60638],[-48.34682,-20.62623],[-48.34996,-20.64376],[-48.33332,-20.66444],[-48.33818,-20.69585],[-48.31993,-20.72478],[-48.29301,-20.72055],[-48.27281,-20.74341],[-48.25756,-20.73865],[-48.2439,-20.77364],[-48.2574,-20.79696],[-48.23681,-20.81292],[-48.23323,-20.82817],[-48.24315,-20.84639],[-48.20713,-20.87489],[-48.21759,-20.89122],[-48.28338,-20.95134],[-48.3395,-20.95438],[-48.36682,-20.94878],[-48.38204,-20.98318],[-48.37607,-21.00757],[-48.40082,-21.00487],[-48.40545,-21.01633],[-48.45568,-21.05289],[-48.459,-21.07542],[-48.49145,-21.08018],[-48.51768,-21.07448],[-48.53143,-21.08904],[-48.56655,-21.07494],[-48.57695,-21.09985],[-48.57126,-21.11179],[-48.58969,-21.12493],[-48.59665,-21.14183],[-48.62862,-21.1375],[-48.68389,-21.14783],[-48.70951,-21.16214],[-48.72837,-21.16403],[-48.72199,-21.19021],[-48.69431,-21.22064],[-48.72132,-21.24068],[-48.74079,-21.24476],[-48.7329,-21.25858],[-48.73362,-21.33316],[-48.7452,-21.3556],[-48.7444,-21.39159],[-48.75679,-21.42328],[-48.77392,-21.42672],[-48.7907,-21.41579],[-48.82362,-21.407],[-48.83421,-21.39243],[-48.87344,-21.39322],[-48.9004,-21.36927],[-48.94569,-21.3966],[-48.94892,-21.42417],[-48.97957,-21.41446],[-48.99101,-21.45542],[-49.01793,-21.4803],[-49.0547,-21.48755],[-49.08143,-21.46364],[-49.10751,-21.49004],[-49.11777,-21.51415],[-49.14915,-21.52911],[-49.15515,-21.55391],[-49.18326,-21.59367],[-49.19952,-21.59588],[-49.24055,-21.62151],[-49.22571,-21.66],[-49.21304,-21.67065],[-49.23804,-21.67047]]]}},{"type":"Feature","properties":{"id":"18","phone_code":"18","phone_code_1_digit":"1"},"geometry":{"type":"Polygon","coordinates":[[[-53.10841,-22.59785],[-53.07748,-22.55287],[-53.0393,-22.52693],[-53.01386,-22.5202],[-52.99808,-22.49272],[-52.85426,-22.43865],[-52.83939,-22.41485],[-52.79783,-22.37781],[-52.74534,-22.34285],[-52.72377,-22.33464],[-52.69464,-22.31414],[-52.65639,-22.30333],[-52.63052,-22.28338],[-52.6015,-22.27148],[-52.57869,-22.25149],[-52.55084,-22.24272],[-52.48625,-22.21471],[-52.47947,-22.20042],[-52.45041,-22.1801],[-52.40769,-22.14117],[-52.39591,-22.1184],[-52.37672,-22.10621],[-52.34494,-22.06151],[-52.31853,-21.97167],[-52.30832,-21.95145],[-52.27447,-21.91448],[-52.24791,-21.90181],[-52.23294,-21.88329],[-52.19007,-21.84568],[-52.18349,-21.81399],[-52.16077,-21.77031],[-52.13956,-21.75527],[-52.10237,-21.74483],[-52.076,-21.71442],[-52.04937,-21.66264],[-52.04903,-21.64262],[-52.06839,-21.59764],[-52.10167,-21.56935],[-52.09547,-21.5416],[-52.06596,-21.50413],[-51.99768,-21.51516],[-51.96741,-21.5013],[-51.94864,-21.46935],[-51.92819,-21.45535],[-51.91772,-21.41172],[-51.90509,-21.38354],[-51.86827,-21.35307],[-51.86057,-21.33621],[-51.85803,-21.30004],[-51.84803,-21.26617],[-51.86319,-21.22625],[-51.87923,-21.19745],[-51.8785,-21.14767],[-51.86499,-21.13008],[-51.8231,-21.12638],[-51.78918,-21.10166],[-51.77516,-21.07263],[-51.77077,-21.0422],[-51.75281,-21.01398],[-51.71321,-20.971],[-51.66451,-20.96985],[-51.62624,-20.94593],[-51.61848,-20.93187],[-51.61299,-20.88961],[-51.62505,-20.87361],[-51.63249,-20.82109],[-51.62191,-20.77641],[-51.63441,-20.75439],[-51.62772,-20.72462],[-51.59366,-20.64338],[-51.57702,-20.62471],[-51.52099,-20.58683],[-51.49974,-20.56775],[-51.49443,-20.55302],[-51.44872,-20.48234],[-51.40878,-20.45908],[-51.37463,-20.39606],[-51.35039,-20.36272],[-51.32096,-20.33916],[-51.2952,-20.32802],[-51.16029,-20.30476],[-51.12745,-20.29216],[-51.10059,-20.27347],[-51.08418,-20.30326],[-51.07713,-20.32847],[-51.05057,-20.35921],[-51.01755,-20.38289],[-50.98446,-20.4445],[-50.97811,-20.47104],[-50.98127,-20.49638],[-50.96396,-20.52199],[-50.96027,-20.55854],[-50.94499,-20.54759],[-50.93266,-20.55792],[-50.9128,-20.54128],[-50.89339,-20.54367],[-50.8855,-20.55804],[-50.87686,-20.53801],[-50.84795,-20.54841],[-50.84186,-20.53264],[-50.80749,-20.53477],[-50.80754,-20.5464],[-50.76874,-20.54416],[-50.76166,-20.57522],[-50.76522,-20.62476],[-50.8018,-20.60174],[-50.80571,-20.62659],[-50.7995,-20.67098],[-50.78022,-20.67132],[-50.7718,-20.68191],[-50.75133,-20.68144],[-50.75271,-20.7066],[-50.74462,-20.72128],[-50.72168,-20.70635],[-50.68466,-20.70767],[-50.68219,-20.73357],[-50.65827,-20.73257],[-50.63866,-20.74234],[-50.64277,-20.7519],[-50.60374,-20.77225],[-50.50594,-20.76085],[-50.45674,-20.77769],[-50.45082,-20.79943],[-50.41747,-20.80008],[-50.41118,-20.8126],[-50.38861,-20.80814],[-50.37365,-20.81784],[-50.37249,-20.85357],[-50.33828,-20.84527],[-50.32276,-20.87233],[-50.30344,-20.86868],[-50.27624,-20.88314],[-50.25904,-20.90472],[-50.22375,-20.88787],[-50.22027,-20.89797],[-50.18108,-20.89965],[-50.16269,-20.88722],[-50.16382,-20.87335],[-50.09205,-20.88688],[-50.07085,-20.90989],[-50.0563,-20.93942],[-50.0226,-20.94127],[-50.03235,-20.97778],[-49.99282,-20.94889],[-49.97504,-20.90931],[-49.95643,-20.9063],[-49.94288,-20.93445],[-49.9171,-20.91746],[-49.87382,-20.91712],[-49.82852,-20.9597],[-49.84726,-20.98236],[-49.8548,-21.01591],[-49.86899,-21.03752],[-49.89874,-21.06715],[-49.92507,-21.07495],[-49.94541,-21.09915],[-49.94579,-21.11734],[-49.95919,-21.13242],[-49.96368,-21.16122],[-49.97852,-21.18563],[-49.9806,-21.22869],[-49.93903,-21.23205],[-49.91986,-21.22526],[-49.9142,-21.23772],[-49.88335,-21.24755],[-49.83241,-21.27448],[-49.81663,-21.31447],[-49.84784,-21.36536],[-49.86818,-21.39167],[-49.85944,-21.41986],[-49.86979,-21.44229],[-49.87108,-21.46732],[-49.89099,-21.46837],[-49.90988,-21.50934],[-49.9021,-21.5244],[-49.91496,-21.5563],[-49.93266,-21.55317],[-49.95374,-21.57596],[-49.97823,-21.57708],[-49.99171,-21.58984],[-50.02754,-21.58809],[-50.04607,-21.60939],[-50.0738,-21.59468],[-50.0798,-21.60932],[-50.09987,-21.62173],[-50.09974,-21.64021],[-50.11513,-21.69173],[-50.15696,-21.68074],[-50.16583,-21.69444],[-50.208,-21.68709],[-50.22216,-21.6997],[-50.24471,-21.69689],[-50.29507,-21.71651],[-50.31971,-21.70552],[-50.34748,-21.70925],[-50.36062,-21.72535],[-50.39795,-21.71601],[-50.40949,-21.70506],[-50.46188,-21.68782],[-50.46324,-21.70601],[-50.48732,-21.70393],[-50.4953,-21.71593],[-50.5108,-21.70295],[-50.5478,-21.6987],[-50.57066,-21.69062],[-50.6143,-21.65767],[-50.60908,-21.68402],[-50.63649,-21.74343],[-50.63488,-21.76572],[-50.66148,-21.77587],[-50.68079,-21.77552],[-50.69268,-21.79224],[-50.70696,-21.7736],[-50.72189,-21.81414],[-50.71152,-21.82622],[-50.70538,-21.85614],[-50.71616,-21.85341],[-50.75446,-21.89254],[-50.78841,-21.91899],[-50.78724,-21.93622],[-50.81435,-21.95078],[-50.82802,-21.9483],[-50.84486,-21.97327],[-50.81599,-21.99234],[-50.70881,-22.01357],[-50.7061,-22.02111],[-50.66843,-22.02801],[-50.61882,-22.06143],[-50.59524,-22.07259],[-50.56041,-22.07761],[-50.55046,-22.09382],[-50.52019,-22.11009],[-50.51057,-22.13443],[-50.49896,-22.13746],[-50.46854,-22.16554],[-50.43616,-22.17279],[-50.42777,-22.1649],[-50.39435,-22.187],[-50.34516,-22.18748],[-50.31901,-22.20624],[-50.30515,-22.2018],[-50.30913,-22.24758],[-50.32899,-22.27967],[-50.33078,-22.35765],[-50.31377,-22.35523],[-50.29407,-22.36874],[-50.27046,-22.36692],[-50.23696,-22.37855],[-50.23069,-22.35613],[-50.19523,-22.34176],[-50.19123,-22.3279],[-50.16895,-22.31888],[-50.17699,-22.30682],[-50.173,-22.28747],[-50.18215,-22.26331],[-50.17607,-22.24787],[-50.15266,-22.25218],[-50.14568,-22.2736],[-50.12704,-22.28496],[-50.13729,-22.33672],[-50.09805,-22.36393],[-50.11712,-22.37809],[-50.1258,-22.39778],[-50.12412,-22.42165],[-50.1064,-22.41528],[-50.09777,-22.43907],[-50.07515,-22.46473],[-50.06907,-22.4923],[-50.08714,-22.48968],[-50.10543,-22.51798],[-50.12402,-22.50954],[-50.12436,-22.5395],[-50.11778,-22.55675],[-50.13737,-22.57252],[-50.10027,-22.60994],[-50.09201,-22.64101],[-50.1084,-22.66963],[-50.10607,-22.67921],[-50.12229,-22.71364],[-50.10668,-22.71115],[-50.11741,-22.73104],[-50.11359,-22.77213],[-50.09843,-22.77974],[-50.11004,-22.82444],[-50.13401,-22.85074],[-50.1261,-22.88222],[-50.13451,-22.92234],[-50.13304,-22.9393],[-50.15095,-22.93468],[-50.18291,-22.9533],[-50.2164,-22.94742],[-50.2405,-22.95256],[-50.24613,-22.938],[-50.27291,-22.93052],[-50.29996,-22.93746],[-50.31801,-22.95021],[-50.33971,-22.9476],[-50.3581,-22.91659],[-50.37859,-22.90493],[-50.41847,-22.91346],[-50.42687,-22.94496],[-50.45894,-22.94473],[-50.48686,-22.93657],[-50.5056,-22.9449],[-50.52629,-22.93435],[-50.52953,-22.91867],[-50.57657,-22.90347],[-50.60804,-22.92368],[-50.64802,-22.89661],[-50.67696,-22.90057],[-50.70935,-22.95297],[-50.74013,-22.96203],[-50.75818,-22.94718],[-50.79545,-22.9507],[-50.80566,-22.93982],[-50.79265,-22.90464],[-50.79651,-22.88906],[-50.81653,-22.87907],[-50.83243,-22.85869],[-50.8419,-22.83092],[-50.88823,-22.79606],[-50.92721,-22.79728],[-50.9441,-22.80419],[-50.96113,-22.78576],[-50.97819,-22.78214],[-51.00389,-22.79324],[-51.05713,-22.76558],[-51.10919,-22.7611],[-51.15618,-22.75206],[-51.18653,-22.72942],[-51.21254,-22.72337],[-51.23486,-22.70821],[-51.24636,-22.68522],[-51.26471,-22.66723],[-51.31135,-22.67307],[-51.37316,-22.65766],[-51.40153,-22.66743],[-51.42424,-22.65304],[-51.45261,-22.65528],[-51.47142,-22.67672],[-51.49841,-22.69006],[-51.52525,-22.68633],[-51.55908,-22.69671],[-51.58957,-22.6852],[-51.61535,-22.66212],[-51.66186,-22.65677],[-51.69868,-22.6689],[-51.71768,-22.66855],[-51.72538,-22.66099],[-51.73385,-22.625],[-51.77014,-22.61385],[-51.84977,-22.63178],[-51.87317,-22.62775],[-51.94002,-22.56687],[-51.96038,-22.56299],[-51.99772,-22.54514],[-52.05736,-22.53742],[-52.08913,-22.52078],[-52.12206,-22.51752],[-52.14827,-22.54879],[-52.162,-22.60071],[-52.15618,-22.64425],[-52.19669,-22.65846],[-52.21861,-22.6728],[-52.2273,-22.66593],[-52.22761,-22.64205],[-52.23964,-22.61941],[-52.2782,-22.61992],[-52.30488,-22.63635],[-52.36811,-22.62887],[-52.43255,-22.6067],[-52.44636,-22.60806],[-52.50218,-22.63409],[-52.53731,-22.61553],[-52.56663,-22.58878],[-52.57885,-22.56996],[-52.60381,-22.57168],[-52.66254,-22.61145],[-52.69661,-22.62654],[-52.72193,-22.62629],[-52.7498,-22.6119],[-52.81494,-22.59658],[-52.85556,-22.60774],[-52.90486,-22.57174],[-52.92424,-22.56516],[-52.97192,-22.57002],[-53.02402,-22.60373],[-53.0553,-22.63216],[-53.07422,-22.64088],[-53.08729,-22.65798],[-53.10469,-22.62146],[-53.10841,-22.59785]]]}},{"type":"Feature","properties":{"id":"19","phone_code":"19","phone_code_1_digit":"1"},"geometry":{"type":"Polygon","coordinates":[[[-47.4225,-23.1506],[-47.41145,-23.12025],[-47.42751,-23.09946],[-47.46439,-23.10864],[-47.46397,-23.12368],[-47.4792,-23.12342],[-47.49169,-23.10158],[-47.50864,-23.0911],[-47.53723,-23.10155],[-47.56289,-23.08997],[-47.58042,-23.10324],[-47.60789,-23.09823],[-47.59268,-23.07657],[-47.61255,-23.06829],[-47.62817,-23.07536],[-47.64703,-23.06111],[-47.64769,-23.04541],[-47.68267,-23.0337],[-47.6627,-23.01763],[-47.65989,-22.99632],[-47.6772,-22.95816],[-47.71142,-22.91163],[-47.72247,-22.93179],[-47.75864,-22.9221],[-47.76308,-22.90279],[-47.80617,-22.88343],[-47.83038,-22.88381],[-47.84472,-22.90004],[-47.86759,-22.89717],[-47.85781,-22.86476],[-47.86506,-22.85876],[-47.89815,-22.86749],[-47.90031,-22.87587],[-47.92985,-22.88005],[-47.95878,-22.88626],[-47.96937,-22.89725],[-47.98459,-22.86648],[-47.98765,-22.88432],[-48.00159,-22.89656],[-48.0187,-22.88797],[-48.00148,-22.86844],[-48.0111,-22.85536],[-48.04664,-22.83122],[-48.03128,-22.82512],[-48.02609,-22.78927],[-48.02708,-22.75235],[-48.01452,-22.73344],[-48.03148,-22.71853],[-48.06903,-22.73673],[-48.08209,-22.72481],[-48.0975,-22.69265],[-48.08808,-22.6511],[-48.09356,-22.62331],[-48.14014,-22.62815],[-48.15944,-22.63743],[-48.17103,-22.62697],[-48.19798,-22.62281],[-48.2142,-22.61235],[-48.22103,-22.59377],[-48.23604,-22.59662],[-48.23973,-22.61401],[-48.26092,-22.60431],[-48.24739,-22.57676],[-48.25926,-22.53876],[-48.24403,-22.52209],[-48.222,-22.5163],[-48.20726,-22.4964],[-48.18787,-22.51333],[-48.19181,-22.48979],[-48.17092,-22.49119],[-48.17306,-22.47625],[-48.14862,-22.48089],[-48.13109,-22.50328],[-48.14054,-22.51823],[-48.12306,-22.52876],[-48.12764,-22.5041],[-48.09353,-22.49841],[-48.07523,-22.52669],[-48.06701,-22.51408],[-48.04484,-22.51086],[-47.99392,-22.49263],[-47.99612,-22.47951],[-47.97506,-22.46323],[-47.98225,-22.4545],[-47.95189,-22.44341],[-47.93836,-22.42484],[-47.91532,-22.4243],[-47.92367,-22.40536],[-47.95211,-22.39784],[-47.94385,-22.38199],[-47.95972,-22.36521],[-47.94845,-22.31945],[-47.92818,-22.30674],[-47.92426,-22.27801],[-47.90711,-22.24865],[-47.90496,-22.22937],[-47.87989,-22.21244],[-47.90256,-22.16751],[-47.8992,-22.15699],[-47.85059,-22.15558],[-47.82959,-22.14787],[-47.81531,-22.16101],[-47.80646,-22.13023],[-47.78614,-22.11192],[-47.78887,-22.09665],[-47.74525,-22.07633],[-47.74587,-22.0584],[-47.72592,-22.04052],[-47.72676,-22.01647],[-47.75307,-21.98685],[-47.74636,-21.95146],[-47.75521,-21.91984],[-47.79128,-21.87745],[-47.78831,-21.84801],[-47.77046,-21.83102],[-47.77417,-21.80131],[-47.76451,-21.76459],[-47.75347,-21.75628],[-47.74069,-21.71681],[-47.72329,-21.70522],[-47.71148,-21.68258],[-47.69465,-21.67573],[-47.67814,-21.65667],[-47.67873,-21.61372],[-47.66718,-21.60034],[-47.63825,-21.5882],[-47.62388,-21.591],[-47.60471,-21.5777],[-47.59867,-21.54517],[-47.57071,-21.5582],[-47.54465,-21.55502],[-47.53134,-21.5642],[-47.5112,-21.56098],[-47.45112,-21.57837],[-47.43853,-21.59338],[-47.44103,-21.61265],[-47.42428,-21.60127],[-47.39998,-21.61347],[-47.36442,-21.59367],[-47.35792,-21.57148],[-47.30976,-21.55165],[-47.29192,-21.55311],[-47.27606,-21.52473],[-47.2817,-21.51628],[-47.27414,-21.48644],[-47.27795,-21.46751],[-47.26343,-21.45071],[-47.23603,-21.44182],[-47.23084,-21.42159],[-47.2149,-21.42616],[-47.20428,-21.38385],[-47.18679,-21.3587],[-47.17028,-21.31234],[-47.14387,-21.29362],[-47.14519,-21.30404],[-47.12814,-21.32792],[-47.10584,-21.31418],[-47.05673,-21.26368],[-47.04453,-21.26563],[-47.03473,-21.31054],[-47.02054,-21.32115],[-47.01759,-21.33987],[-46.99779,-21.3503],[-47.00909,-21.37027],[-47.00413,-21.38309],[-47.01572,-21.39602],[-47.01079,-21.42176],[-46.98392,-21.42622],[-46.9625,-21.41908],[-46.9338,-21.42477],[-46.89286,-21.41514],[-46.84164,-21.38863],[-46.83229,-21.36732],[-46.79131,-21.3732],[-46.77595,-21.36235],[-46.73659,-21.39197],[-46.71427,-21.39218],[-46.70552,-21.40437],[-46.69176,-21.38227],[-46.66508,-21.36068],[-46.64675,-21.36371],[-46.64828,-21.39124],[-46.62612,-21.41101],[-46.61481,-21.44099],[-46.60144,-21.44348],[-46.57607,-21.42648],[-46.56097,-21.44133],[-46.51861,-21.44847],[-46.50844,-21.48865],[-46.52373,-21.52138],[-46.4996,-21.55405],[-46.52155,-21.58403],[-46.51778,-21.61234],[-46.55253,-21.63759],[-46.54782,-21.64939],[-46.56547,-21.65824],[-46.56543,-21.67884],[-46.5765,-21.68458],[-46.62115,-21.67506],[-46.62926,-21.70256],[-46.622,-21.71506],[-46.63039,-21.74042],[-46.62558,-21.76574],[-46.65354,-21.77877],[-46.65075,-21.78896],[-46.69052,-21.83648],[-46.66628,-21.84857],[-46.65272,-21.89553],[-46.67201,-21.90869],[-46.66685,-21.93208],[-46.6532,-21.94122],[-46.64295,-21.97562],[-46.61384,-22.00134],[-46.61738,-22.01705],[-46.65172,-22.00985],[-46.67477,-22.02175],[-46.68498,-22.03682],[-46.66434,-22.06838],[-46.72171,-22.0745],[-46.71839,-22.0882],[-46.67048,-22.09686],[-46.65109,-22.09083],[-46.62294,-22.10932],[-46.61567,-22.13017],[-46.59808,-22.13591],[-46.61259,-22.14977],[-46.64001,-22.15724],[-46.64552,-22.17993],[-46.67385,-22.17582],[-46.67772,-22.22356],[-46.71044,-22.26346],[-46.70189,-22.2774],[-46.7175,-22.31646],[-46.70075,-22.32101],[-46.69717,-22.34273],[-46.6748,-22.36893],[-46.66047,-22.36556],[-46.66595,-22.41476],[-46.63116,-22.43535],[-46.59128,-22.43763],[-46.5722,-22.45265],[-46.55437,-22.44616],[-46.54942,-22.46906],[-46.53022,-22.47037],[-46.5417,-22.49387],[-46.49073,-22.5099],[-46.48412,-22.51876],[-46.45294,-22.52194],[-46.43953,-22.53953],[-46.41097,-22.55383],[-46.43331,-22.57339],[-46.4122,-22.58521],[-46.42261,-22.59815],[-46.40431,-22.62041],[-46.42256,-22.62436],[-46.42018,-22.63759],[-46.39586,-22.6455],[-46.39261,-22.66249],[-46.42726,-22.66087],[-46.46086,-22.67553],[-46.48019,-22.67783],[-46.47233,-22.70471],[-46.48233,-22.7215],[-46.50884,-22.72982],[-46.53661,-22.72099],[-46.62108,-22.72233],[-46.61203,-22.74953],[-46.62065,-22.75849],[-46.6442,-22.7557],[-46.65233,-22.76671],[-46.69808,-22.76803],[-46.72083,-22.78318],[-46.729,-22.8163],[-46.75405,-22.82196],[-46.76031,-22.84556],[-46.78222,-22.85068],[-46.78803,-22.83806],[-46.81058,-22.83485],[-46.81722,-22.84367],[-46.85786,-22.83678],[-46.85022,-22.8757],[-46.82764,-22.87287],[-46.81637,-22.88325],[-46.83114,-22.90628],[-46.86256,-22.89896],[-46.89289,-22.91441],[-46.87411,-22.93338],[-46.90162,-22.9466],[-46.92405,-22.97047],[-46.92756,-22.98453],[-46.91186,-23.00845],[-46.90277,-23.03662],[-46.91531,-23.04501],[-46.90861,-23.05722],[-46.87744,-23.06548],[-46.86523,-23.07539],[-46.87944,-23.0922],[-46.91456,-23.1011],[-46.93823,-23.09634],[-46.94589,-23.10992],[-46.99287,-23.11891],[-47.02293,-23.08254],[-47.03681,-23.0553],[-47.07055,-23.04919],[-47.09236,-23.06088],[-47.08436,-23.08893],[-47.11648,-23.10198],[-47.14327,-23.10087],[-47.13339,-23.14496],[-47.11598,-23.1732],[-47.11886,-23.19943],[-47.10619,-23.21254],[-47.11284,-23.22446],[-47.12872,-23.2025],[-47.15406,-23.20166],[-47.19647,-23.18618],[-47.24184,-23.1828],[-47.25845,-23.1659],[-47.26111,-23.13912],[-47.28942,-23.15611],[-47.30465,-23.12923],[-47.30104,-23.11352],[-47.31986,-23.12279],[-47.33872,-23.11033],[-47.35408,-23.13549],[-47.3763,-23.15104],[-47.41803,-23.16778],[-47.4225,-23.1506]]]}},{"type":"Feature","properties":{"id":"21","phone_code":"21","phone_code_1_digit":"2"},"geometry":{"type":"MultiPolygon","coordinates":[[[[-43.56143,-23.07847],[-43.56001,-23.08091],[-43.56363,-23.08211],[-43.56143,-23.07847]]],[[[-43.95118,-22.9604],[-43.9504,-22.95791],[-43.94696,-22.96036],[-43.95118,-22.9604]]],[[[-43.96717,-22.94548],[-43.96739,-22.94273],[-43.96614,-22.94263],[-43.96717,-22.94548]]],[[[-43.96188,-22.94228],[-43.96225,-22.94419],[-43.96411,-22.94424],[-43.96188,-22.94228]]],[[[-44.02952,-23.00692],[-44.0471,-23.01072],[-44.0344,-22.99591],[-44.02952,-23.00692]]],[[[-43.94919,-23.00566],[-43.95212,-23.00941],[-43.95465,-23.00618],[-43.94919,-23.00566]]],[[[-43.95126,-23.00311],[-43.95423,-23.00266],[-43.95218,-23.00033],[-43.95126,-23.00311]]],[[[-44.04149,-22.98595],[-44.04008,-22.98875],[-44.0442,-22.98778],[-44.04149,-22.98595]]],[[[-44.15949,-23.0359],[-44.15795,-23.04014],[-44.1611,-23.04049],[-44.15949,-23.0359]]],[[[-44.13613,-23.03999],[-44.13462,-23.0421],[-44.13846,-23.04339],[-44.13613,-23.03999]]],[[[-44.12332,-23.03991],[-44.12943,-23.04179],[-44.12929,-23.03534],[-44.12332,-23.03991]]],[[[-44.10898,-23.02195],[-44.1082,-23.02257],[-44.11029,-23.02382],[-44.10898,-23.02195]]],[[[-43.95274,-23.02211],[-43.95074,-23.02489],[-43.95371,-23.02415],[-43.95274,-23.02211]]],[[[-43.94368,-23.01962],[-43.94368,-23.02331],[-43.94718,-23.02297],[-43.94368,-23.01962]]],[[[-43.20893,-22.81482],[-43.2419,-22.8329],[-43.25845,-22.81929],[-43.25904,-22.80378],[-43.24379,-22.80712],[-43.22949,-22.78753],[-43.18988,-22.79593],[-43.17212,-22.77553],[-43.15573,-22.78296],[-43.18129,-22.80258],[-43.17504,-22.81969],[-43.18481,-22.83314],[-43.20893,-22.81482]]],[[[-43.10823,-22.74763],[-43.10279,-22.76467],[-43.11354,-22.76696],[-43.10823,-22.74763]]],[[[-43.14704,-23.06504],[-43.14918,-23.0593],[-43.14218,-23.06545],[-43.14704,-23.06504]]],[[[-43.50927,-23.05294],[-43.50781,-23.05291],[-43.50957,-23.05411],[-43.50927,-23.05294]]],[[[-43.51123,-23.06021],[-43.50795,-23.06487],[-43.5139,-23.06614],[-43.51123,-23.06021]]],[[[-43.19762,-23.07345],[-43.19921,-23.07444],[-43.19915,-23.07275],[-43.19762,-23.07345]]],[[[-43.19387,-23.06727],[-43.19271,-23.07383],[-43.19851,-23.0712],[-43.19387,-23.06727]]],[[[-43.85593,-22.94983],[-43.85798,-22.95456],[-43.86257,-22.94651],[-43.85593,-22.94983]]],[[[-43.86551,-22.94339],[-43.86359,-22.9445],[-43.86549,-22.9454],[-43.86551,-22.94339]]],[[[-43.90946,-22.95542],[-43.91174,-22.93418],[-43.86771,-22.92558],[-43.89635,-22.95788],[-43.90946,-22.95542]]],[[[-43.91482,-22.94344],[-43.92101,-22.94037],[-43.9146,-22.93879],[-43.91482,-22.94344]]],[[[-43.90757,-22.97944],[-43.91004,-22.9831],[-43.9136,-22.97897],[-43.90757,-22.97944]]],[[[-43.92307,-22.98733],[-43.92292,-22.98335],[-43.91862,-22.98439],[-43.92307,-22.98733]]],[[[-43.9179,-22.98768],[-43.93399,-23.01483],[-43.93676,-22.99783],[-43.9179,-22.98768]]],[[[-43.70595,-22.98734],[-43.70261,-22.98657],[-43.70613,-22.98854],[-43.70595,-22.98734]]],[[[-43.90787,-22.98867],[-43.91001,-22.9943],[-43.9121,-22.99293],[-43.90787,-22.98867]]],[[[-44.16283,-23.0085],[-44.18857,-22.95106],[-44.19313,-22.92786],[-44.17613,-22.92979],[-44.16293,-22.9002],[-44.11268,-22.85966],[-44.08751,-22.88302],[-44.05079,-22.87737],[-44.0404,-22.88213],[-44.00443,-22.85888],[-43.97968,-22.8645],[-43.96494,-22.88575],[-43.93821,-22.88671],[-43.90998,-22.84502],[-43.91235,-22.8358],[-43.89066,-22.82903],[-43.8789,-22.81157],[-43.83865,-22.79766],[-43.81254,-22.77118],[-43.8376,-22.76014],[-43.83254,-22.72944],[-43.7851,-22.69208],[-43.81518,-22.68651],[-43.81673,-22.66723],[-43.83943,-22.6481],[-43.79951,-22.62549],[-43.79352,-22.61412],[-43.77179,-22.60631],[-43.76604,-22.59413],[-43.72938,-22.56389],[-43.68166,-22.55764],[-43.69299,-22.57685],[-43.6716,-22.58631],[-43.63398,-22.57061],[-43.62219,-22.52562],[-43.59746,-22.56396],[-43.61148,-22.58275],[-43.65287,-22.61475],[-43.62207,-22.64186],[-43.6226,-22.61834],[-43.58829,-22.59206],[-43.58321,-22.58063],[-43.55874,-22.57635],[-43.54249,-22.565],[-43.50971,-22.57069],[-43.49174,-22.54992],[-43.44687,-22.52666],[-43.41881,-22.53768],[-43.33154,-22.51873],[-43.33176,-22.51202],[-43.29629,-22.47526],[-43.22126,-22.52075],[-43.24606,-22.52645],[-43.26037,-22.56077],[-43.2547,-22.57366],[-43.22487,-22.56325],[-43.19599,-22.56138],[-43.14926,-22.53853],[-43.12224,-22.53008],[-43.10742,-22.53299],[-43.0711,-22.50402],[-43.07776,-22.48656],[-43.05623,-22.47996],[-43.04037,-22.45544],[-43.03301,-22.46156],[-43.02204,-22.44017],[-43.0384,-22.4159],[-43.02743,-22.3925],[-43.03376,-22.36947],[-43.02001,-22.35518],[-43.03354,-22.3445],[-43.04294,-22.31506],[-43.01401,-22.29949],[-43.01674,-22.28963],[-42.9894,-22.27794],[-42.98321,-22.26298],[-42.95704,-22.25293],[-42.93716,-22.23152],[-42.90653,-22.22465],[-42.89274,-22.18975],[-42.86815,-22.19044],[-42.84545,-22.17381],[-42.81454,-22.16303],[-42.77548,-22.13026],[-42.74713,-22.1227],[-42.75585,-22.15733],[-42.74456,-22.16529],[-42.75173,-22.18982],[-42.73303,-22.20897],[-42.74426,-22.23331],[-42.72407,-22.24482],[-42.71084,-22.28729],[-42.72616,-22.31548],[-42.72712,-22.35509],[-42.71045,-22.36171],[-42.71137,-22.37744],[-42.68396,-22.39255],[-42.66243,-22.38533],[-42.65152,-22.39506],[-42.61651,-22.38472],[-42.58484,-22.35503],[-42.56159,-22.36078],[-42.55114,-22.38615],[-42.55852,-22.42415],[-42.57582,-22.44016],[-42.55023,-22.45229],[-42.56465,-22.46729],[-42.58751,-22.52372],[-42.60246,-22.54058],[-42.56415,-22.61963],[-42.52808,-22.6298],[-42.52879,-22.71691],[-42.49863,-22.72479],[-42.45987,-22.71877],[-42.44104,-22.73102],[-42.44837,-22.82302],[-42.48803,-22.82753],[-42.52262,-22.82366],[-42.5341,-22.80824],[-42.55321,-22.81363],[-42.58031,-22.80475],[-42.63559,-22.83788],[-42.63448,-22.84635],[-42.66076,-22.85859],[-42.67876,-22.87836],[-42.67012,-22.91034],[-42.64203,-22.90985],[-42.63589,-22.9371],[-42.67837,-22.94553],[-42.68534,-22.95876],[-42.71393,-22.95572],[-42.87553,-22.96617],[-42.91803,-22.97446],[-42.99412,-22.96918],[-43.02765,-22.98068],[-43.05365,-22.96289],[-43.11065,-22.95368],[-43.12635,-22.9349],[-43.12443,-22.92333],[-43.10823,-22.93757],[-43.09548,-22.91613],[-43.1369,-22.9029],[-43.12423,-22.89197],[-43.12995,-22.87677],[-43.11451,-22.88057],[-43.09346,-22.84019],[-43.0954,-22.82701],[-43.06563,-22.80221],[-43.08073,-22.78664],[-43.06226,-22.76343],[-43.02891,-22.7466],[-43.03452,-22.71616],[-43.03163,-22.69209],[-43.05454,-22.68146],[-43.06523,-22.68642],[-43.08551,-22.67712],[-43.10773,-22.68706],[-43.12701,-22.71384],[-43.14171,-22.70752],[-43.21511,-22.72696],[-43.21604,-22.73546],[-43.27171,-22.77175],[-43.28821,-22.80032],[-43.2829,-22.81617],[-43.2449,-22.84145],[-43.23757,-22.87671],[-43.20088,-22.8761],[-43.20816,-22.89278],[-43.18926,-22.88812],[-43.16149,-22.90418],[-43.16779,-22.93794],[-43.1498,-22.95025],[-43.15855,-22.96381],[-43.18187,-22.97165],[-43.19071,-22.99043],[-43.22178,-22.9884],[-43.24341,-23.00114],[-43.27499,-23.00289],[-43.28591,-23.01606],[-43.31152,-22.99695],[-43.36396,-22.97344],[-43.40354,-22.9748],[-43.41501,-22.98724],[-43.39024,-22.98808],[-43.38074,-22.97789],[-43.3512,-22.98],[-43.34651,-22.99189],[-43.32343,-22.99584],[-43.30553,-23.01582],[-43.35815,-23.01075],[-43.44329,-23.02155],[-43.49382,-23.03472],[-43.5081,-23.04755],[-43.53574,-23.05139],[-43.55365,-23.07614],[-43.59466,-23.05213],[-43.66809,-23.0536],[-43.77799,-23.06133],[-43.85865,-23.07172],[-43.95563,-23.08756],[-43.98682,-23.10189],[-44.00677,-23.09484],[-44.0066,-23.07081],[-43.99288,-23.06716],[-43.9739,-23.0451],[-43.95474,-23.03963],[-43.94868,-23.04854],[-43.89879,-23.06764],[-43.8769,-23.05787],[-43.88021,-23.04187],[-43.90727,-23.02603],[-43.8279,-23.05731],[-43.79357,-23.06077],[-43.71149,-23.0546],[-43.6141,-23.03137],[-43.56799,-23.05354],[-43.59935,-23.02322],[-43.62521,-23.00721],[-43.65324,-23.003],[-43.67713,-22.9806],[-43.68981,-22.99199],[-43.72968,-22.95474],[-43.77698,-22.92459],[-43.80501,-22.91418],[-43.83254,-22.92841],[-43.85376,-22.91807],[-43.83646,-22.90298],[-43.87073,-22.90503],[-43.88432,-22.92163],[-43.90996,-22.93025],[-43.95057,-22.92662],[-44.00008,-22.94214],[-44.03013,-22.96402],[-44.03413,-22.98118],[-44.05551,-22.98052],[-44.0413,-22.96211],[-44.04604,-22.93845],[-44.08332,-22.95919],[-44.07521,-22.97282],[-44.08132,-22.99095],[-44.09616,-22.99625],[-44.10474,-23.01509],[-44.12968,-23.03199],[-44.16615,-23.03249],[-44.16283,-23.0085]]],[[[-43.30404,-23.03609],[-43.30257,-23.03799],[-43.30737,-23.03884],[-43.30404,-23.03609]]],[[[-43.20653,-23.03409],[-43.19717,-23.03764],[-43.20825,-23.03981],[-43.20653,-23.03409]]],[[[-43.29898,-23.03085],[-43.29812,-23.03371],[-43.30104,-23.03321],[-43.29898,-23.03085]]],[[[-43.19232,-23.02493],[-43.19065,-23.02714],[-43.19484,-23.02685],[-43.19232,-23.02493]]],[[[-43.19248,-23.02897],[-43.19101,-23.02961],[-43.19244,-23.0305],[-43.19248,-23.02897]]],[[[-43.2755,-23.02897],[-43.27548,-23.03015],[-43.27842,-23.0297],[-43.2755,-23.02897]]],[[[-43.20147,-23.02528],[-43.20134,-23.02652],[-43.20632,-23.02664],[-43.20147,-23.02528]]],[[[-43.86489,-22.92421],[-43.86516,-22.92432],[-43.86506,-22.92409],[-43.86489,-22.92421]]],[[[-43.23704,-22.86148],[-43.24201,-22.83658],[-43.21976,-22.86051],[-43.23704,-22.86148]]]]}},{"type":"Feature","properties":{"id":"22","phone_code":"22","phone_code_1_digit":"2"},"geometry":{"type":"MultiPolygon","coordinates":[[[[-41.69711,-22.40289],[-41.69489,-22.41668],[-41.70542,-22.40723],[-41.69711,-22.40289]]],[[[-41.68568,-22.39664],[-41.68675,-22.40175],[-41.69191,-22.39706],[-41.68568,-22.39664]]],[[[-42.75952,-22.10091],[-42.73037,-22.08596],[-42.74362,-22.04665],[-42.71704,-22.05208],[-42.70198,-21.9927],[-42.66229,-21.90623],[-42.66845,-21.87478],[-42.57946,-21.84522],[-42.58198,-21.83724],[-42.46024,-21.78497],[-42.39078,-21.75973],[-42.35613,-21.74141],[-42.33542,-21.74576],[-42.3068,-21.72904],[-42.26695,-21.71372],[-42.26493,-21.6936],[-42.27488,-21.67643],[-42.30137,-21.65482],[-42.34052,-21.66019],[-42.34675,-21.64269],[-42.36941,-21.63981],[-42.35532,-21.62537],[-42.36871,-21.61896],[-42.34585,-21.58248],[-42.31386,-21.5551],[-42.30593,-21.52905],[-42.28532,-21.52731],[-42.27335,-21.50369],[-42.25257,-21.49321],[-42.26821,-21.46838],[-42.29221,-21.45955],[-42.27508,-21.42786],[-42.27866,-21.41009],[-42.23896,-21.40301],[-42.25203,-21.38603],[-42.22946,-21.36608],[-42.23581,-21.34325],[-42.22371,-21.33751],[-42.23782,-21.3182],[-42.22943,-21.30797],[-42.22852,-21.28232],[-42.18929,-21.24942],[-42.19085,-21.22372],[-42.20254,-21.2212],[-42.19468,-21.20127],[-42.20809,-21.17773],[-42.19171,-21.1481],[-42.17024,-21.12816],[-42.16396,-21.10097],[-42.1397,-21.10255],[-42.13276,-21.08059],[-42.10094,-21.04928],[-42.10071,-21.03397],[-42.07928,-21.03511],[-42.08451,-21.0224],[-42.14083,-20.99267],[-42.15127,-20.9739],[-42.138,-20.96007],[-42.09356,-20.93554],[-42.06534,-20.93816],[-42.02296,-20.92499],[-41.99827,-20.92599],[-41.97626,-20.93502],[-41.96706,-20.89942],[-41.94993,-20.87392],[-41.94938,-20.85747],[-41.93524,-20.85416],[-41.92576,-20.83758],[-41.93499,-20.82808],[-41.92494,-20.8011],[-41.88516,-20.7848],[-41.87454,-20.76634],[-41.85344,-20.76366],[-41.81346,-20.80478],[-41.79407,-20.79848],[-41.76712,-20.80151],[-41.74052,-20.8178],[-41.73699,-20.83611],[-41.74517,-20.85284],[-41.74146,-20.87233],[-41.72671,-20.86436],[-41.71201,-20.87108],[-41.72673,-20.89236],[-41.71931,-20.89672],[-41.72274,-20.92231],[-41.73705,-20.9273],[-41.73339,-20.94342],[-41.7173,-20.95461],[-41.71044,-20.98924],[-41.72291,-21.00863],[-41.71511,-21.01617],[-41.72593,-21.03213],[-41.71624,-21.04664],[-41.73203,-21.06628],[-41.72131,-21.07312],[-41.73469,-21.09855],[-41.7053,-21.10936],[-41.71808,-21.12322],[-41.69302,-21.11484],[-41.65371,-21.14249],[-41.6285,-21.14398],[-41.61313,-21.15507],[-41.58691,-21.14906],[-41.58197,-21.1661],[-41.56532,-21.18225],[-41.51729,-21.18662],[-41.50699,-21.17497],[-41.49821,-21.18482],[-41.47885,-21.18176],[-41.47948,-21.19344],[-41.43523,-21.21553],[-41.4169,-21.19936],[-41.37712,-21.19526],[-41.31668,-21.21327],[-41.29637,-21.23454],[-41.26168,-21.23628],[-41.24655,-21.2207],[-41.22805,-21.22552],[-41.19051,-21.248],[-41.14098,-21.23821],[-41.13401,-21.22616],[-41.11884,-21.22991],[-41.10391,-21.21926],[-41.08105,-21.2215],[-41.05548,-21.23767],[-41.04099,-21.25468],[-41.02476,-21.24581],[-41.00627,-21.25156],[-40.9954,-21.2857],[-40.9776,-21.28055],[-40.9634,-21.29999],[-40.9564,-21.30335],[-40.96476,-21.36314],[-40.98227,-21.39344],[-40.9972,-21.39826],[-41.00637,-21.41987],[-41.03718,-21.46107],[-41.04748,-21.46677],[-41.07034,-21.499],[-41.07079,-21.54436],[-41.05662,-21.58421],[-41.03773,-21.60283],[-41.01001,-21.61151],[-41.02364,-21.68025],[-41.02573,-21.72056],[-41.00883,-21.79708],[-40.97966,-21.91507],[-40.97459,-21.97016],[-40.98475,-21.99944],[-41.00923,-22.02204],[-41.0477,-22.04136],[-41.13061,-22.09054],[-41.15759,-22.10958],[-41.24198,-22.1467],[-41.42179,-22.19434],[-41.49881,-22.2168],[-41.61965,-22.26562],[-41.69455,-22.30326],[-41.74051,-22.34019],[-41.7667,-22.35488],[-41.77437,-22.37355],[-41.7675,-22.38842],[-41.81739,-22.41634],[-41.85196,-22.44607],[-41.86184,-22.47707],[-41.89104,-22.48669],[-41.93245,-22.53756],[-41.94357,-22.52792],[-41.96906,-22.54295],[-41.98906,-22.59852],[-41.99776,-22.60856],[-41.99695,-22.66768],[-41.98507,-22.71687],[-41.95753,-22.73707],[-41.94253,-22.75857],[-41.919,-22.77076],[-41.91319,-22.75639],[-41.88823,-22.75373],[-41.88226,-22.74031],[-41.86591,-22.76142],[-41.8967,-22.78577],[-41.91231,-22.77865],[-41.93145,-22.79665],[-41.92978,-22.81315],[-41.96967,-22.82098],[-41.98595,-22.84811],[-41.98087,-22.87241],[-42.00148,-22.88939],[-42.01114,-22.88368],[-42.03209,-22.90698],[-42.03537,-22.93366],[-42.01306,-22.96412],[-42.01285,-22.99744],[-42.04562,-22.96294],[-42.07612,-22.95517],[-42.29104,-22.93906],[-42.36687,-22.93545],[-42.4552,-22.93529],[-42.47621,-22.93859],[-42.51021,-22.93383],[-42.5853,-22.93313],[-42.63589,-22.9371],[-42.64203,-22.90985],[-42.67012,-22.91034],[-42.67876,-22.87836],[-42.66076,-22.85859],[-42.63448,-22.84635],[-42.63559,-22.83788],[-42.58031,-22.80475],[-42.55321,-22.81363],[-42.5341,-22.80824],[-42.52262,-22.82366],[-42.48803,-22.82753],[-42.44837,-22.82302],[-42.44104,-22.73102],[-42.45987,-22.71877],[-42.49863,-22.72479],[-42.52879,-22.71691],[-42.52808,-22.6298],[-42.56415,-22.61963],[-42.60246,-22.54058],[-42.58751,-22.52372],[-42.56465,-22.46729],[-42.55023,-22.45229],[-42.57582,-22.44016],[-42.55852,-22.42415],[-42.55114,-22.38615],[-42.56159,-22.36078],[-42.58484,-22.35503],[-42.61651,-22.38472],[-42.65152,-22.39506],[-42.66243,-22.38533],[-42.68396,-22.39255],[-42.71137,-22.37744],[-42.71045,-22.36171],[-42.72712,-22.35509],[-42.72616,-22.31548],[-42.71084,-22.28729],[-42.72407,-22.24482],[-42.74426,-22.23331],[-42.73303,-22.20897],[-42.75173,-22.18982],[-42.74456,-22.16529],[-42.75585,-22.15733],[-42.74713,-22.1227],[-42.75952,-22.10091]]]]}},{"type":"Feature","properties":{"id":"24","phone_code":"24","phone_code_1_digit":"2"},"geometry":{"type":"MultiPolygon","coordinates":[[[[-44.09501,-23.17489],[-44.1319,-23.18739],[-44.12355,-23.17755],[-44.1371,-23.16766],[-44.15893,-23.17152],[-44.17073,-23.18465],[-44.18584,-23.18047],[-44.18227,-23.19476],[-44.19663,-23.20367],[-44.2071,-23.19222],[-44.25866,-23.20229],[-44.25324,-23.19107],[-44.28504,-23.17599],[-44.31087,-23.18011],[-44.33349,-23.22305],[-44.35093,-23.2163],[-44.34001,-23.19053],[-44.35776,-23.19067],[-44.37721,-23.17124],[-44.32669,-23.15444],[-44.32429,-23.1397],[-44.29512,-23.11402],[-44.29724,-23.13128],[-44.28438,-23.13614],[-44.27524,-23.11705],[-44.24952,-23.10929],[-44.25915,-23.09933],[-44.23324,-23.08969],[-44.2093,-23.09245],[-44.19021,-23.10311],[-44.20643,-23.10785],[-44.19696,-23.1218],[-44.16938,-23.11856],[-44.1647,-23.14168],[-44.14729,-23.12479],[-44.12449,-23.12457],[-44.14052,-23.13933],[-44.14038,-23.15782],[-44.11685,-23.15424],[-44.09501,-23.17489]]],[[[-44.67549,-23.1331],[-44.67604,-23.13148],[-44.67444,-23.13197],[-44.67549,-23.1331]]],[[[-44.6841,-23.12866],[-44.68528,-23.13095],[-44.68723,-23.12818],[-44.6841,-23.12866]]],[[[-44.68104,-23.12512],[-44.67768,-23.12433],[-44.67952,-23.12678],[-44.68104,-23.12512]]],[[[-44.67707,-23.1109],[-44.67252,-23.11377],[-44.67766,-23.11447],[-44.67707,-23.1109]]],[[[-44.67862,-23.10972],[-44.68059,-23.1093],[-44.67914,-23.10756],[-44.67862,-23.10972]]],[[[-44.68858,-23.10874],[-44.68705,-23.10608],[-44.68382,-23.1069],[-44.68858,-23.10874]]],[[[-44.67037,-23.09558],[-44.66947,-23.0984],[-44.67296,-23.09888],[-44.67037,-23.09558]]],[[[-44.68252,-23.08665],[-44.68413,-23.08857],[-44.68528,-23.08681],[-44.68252,-23.08665]]],[[[-44.59229,-23.08887],[-44.5961,-23.08956],[-44.59462,-23.0853],[-44.59229,-23.08887]]],[[[-44.63557,-23.06797],[-44.64165,-23.07456],[-44.6423,-23.06782],[-44.63557,-23.06797]]],[[[-44.63085,-23.06784],[-44.62971,-23.07116],[-44.63279,-23.06997],[-44.63085,-23.06784]]],[[[-44.71932,-23.35781],[-44.71912,-23.35896],[-44.72017,-23.35814],[-44.71932,-23.35781]]],[[[-44.67239,-23.35653],[-44.67307,-23.35461],[-44.67105,-23.35519],[-44.67239,-23.35653]]],[[[-44.57,-23.34759],[-44.5671,-23.34794],[-44.57071,-23.35304],[-44.57,-23.34759]]],[[[-44.56958,-23.26368],[-44.56851,-23.26749],[-44.57174,-23.26643],[-44.56958,-23.26368]]],[[[-44.66862,-23.23799],[-44.66785,-23.2392],[-44.67109,-23.2399],[-44.66862,-23.23799]]],[[[-44.64635,-23.22679],[-44.6336,-23.22536],[-44.6491,-23.23077],[-44.64635,-23.22679]]],[[[-44.55716,-23.22393],[-44.55767,-23.21974],[-44.55399,-23.22025],[-44.55716,-23.22393]]],[[[-44.58433,-23.21047],[-44.58169,-23.21102],[-44.58454,-23.21191],[-44.58433,-23.21047]]],[[[-44.71022,-23.20432],[-44.70865,-23.20401],[-44.70916,-23.20521],[-44.71022,-23.20432]]],[[[-44.58046,-23.19853],[-44.57905,-23.20305],[-44.58382,-23.20059],[-44.58046,-23.19853]]],[[[-44.57282,-23.18896],[-44.57654,-23.18989],[-44.57307,-23.18352],[-44.57282,-23.18896]]],[[[-44.65763,-23.18132],[-44.65697,-23.18799],[-44.6594,-23.18537],[-44.65763,-23.18132]]],[[[-44.6821,-23.17703],[-44.68264,-23.17913],[-44.68391,-23.17699],[-44.6821,-23.17703]]],[[[-44.66295,-23.16287],[-44.66629,-23.1599],[-44.66163,-23.15924],[-44.66295,-23.16287]]],[[[-44.68941,-23.2144],[-44.69083,-23.21806],[-44.69299,-23.21618],[-44.68941,-23.2144]]],[[[-44.58596,-23.20964],[-44.60229,-23.22256],[-44.59365,-23.20212],[-44.58596,-23.20964]]],[[[-44.68151,-23.15714],[-44.69185,-23.16947],[-44.69426,-23.15602],[-44.68151,-23.15714]]],[[[-44.60424,-23.06828],[-44.60403,-23.06657],[-44.6018,-23.06784],[-44.60424,-23.06828]]],[[[-44.59405,-23.06649],[-44.59632,-23.06721],[-44.59518,-23.06528],[-44.59405,-23.06649]]],[[[-44.79328,-22.3866],[-44.74402,-22.37571],[-44.72355,-22.35946],[-44.7051,-22.37282],[-44.66605,-22.3727],[-44.64583,-22.36465],[-44.62574,-22.33561],[-44.58862,-22.31992],[-44.56391,-22.33189],[-44.54307,-22.33127],[-44.51324,-22.30851],[-44.49635,-22.30239],[-44.46758,-22.27911],[-44.45602,-22.25676],[-44.43278,-22.25092],[-44.39437,-22.25842],[-44.38716,-22.27201],[-44.35983,-22.25218],[-44.33681,-22.25819],[-44.30136,-22.25306],[-44.29108,-22.24257],[-44.26433,-22.24376],[-44.25986,-22.26788],[-44.22396,-22.25884],[-44.2129,-22.24578],[-44.20127,-22.25108],[-44.17983,-22.22757],[-44.15325,-22.22646],[-44.10466,-22.18409],[-44.09966,-22.17282],[-44.07644,-22.17492],[-44.06597,-22.16162],[-44.04058,-22.16011],[-44.02352,-22.15089],[-44.00463,-22.1619],[-43.96501,-22.13958],[-43.88019,-22.11316],[-43.85724,-22.09466],[-43.84297,-22.09847],[-43.77701,-22.06629],[-43.73213,-22.09641],[-43.71952,-22.08072],[-43.68149,-22.07113],[-43.6736,-22.08935],[-43.66519,-22.07397],[-43.64396,-22.06583],[-43.62032,-22.08336],[-43.58566,-22.05154],[-43.58411,-22.07004],[-43.56652,-22.08724],[-43.52516,-22.07153],[-43.51319,-22.05884],[-43.50711,-22.07402],[-43.46205,-22.07216],[-43.41885,-22.05332],[-43.34644,-22.00307],[-43.31954,-22.00621],[-43.29866,-22.01959],[-43.2801,-22.01055],[-43.24613,-22.00655],[-43.21935,-22.03292],[-43.20257,-22.02502],[-43.20162,-22.03662],[-43.16913,-22.02172],[-43.15471,-22.03194],[-43.13072,-22.0292],[-43.13367,-22.05852],[-43.1537,-22.0775],[-43.13612,-22.10918],[-43.10633,-22.08355],[-43.0776,-22.08363],[-43.07371,-22.09286],[-43.03274,-22.06541],[-43.03902,-22.04612],[-43.00768,-22.03172],[-42.99284,-22.03512],[-42.96601,-22.01444],[-42.90867,-21.99001],[-42.88209,-21.95963],[-42.79131,-21.93039],[-42.66845,-21.87478],[-42.66229,-21.90623],[-42.70198,-21.9927],[-42.71704,-22.05208],[-42.74362,-22.04665],[-42.73037,-22.08596],[-42.75952,-22.10091],[-42.74713,-22.1227],[-42.77548,-22.13026],[-42.81454,-22.16303],[-42.84545,-22.17381],[-42.86815,-22.19044],[-42.89274,-22.18975],[-42.90653,-22.22465],[-42.93716,-22.23152],[-42.95704,-22.25293],[-42.98321,-22.26298],[-42.9894,-22.27794],[-43.01674,-22.28963],[-43.01401,-22.29949],[-43.04294,-22.31506],[-43.03354,-22.3445],[-43.02001,-22.35518],[-43.03376,-22.36947],[-43.02743,-22.3925],[-43.0384,-22.4159],[-43.02204,-22.44017],[-43.03301,-22.46156],[-43.04037,-22.45544],[-43.05623,-22.47996],[-43.07776,-22.48656],[-43.0711,-22.50402],[-43.10742,-22.53299],[-43.12224,-22.53008],[-43.14926,-22.53853],[-43.19599,-22.56138],[-43.22487,-22.56325],[-43.2547,-22.57366],[-43.26037,-22.56077],[-43.24606,-22.52645],[-43.22126,-22.52075],[-43.29629,-22.47526],[-43.33176,-22.51202],[-43.33154,-22.51873],[-43.41881,-22.53768],[-43.44687,-22.52666],[-43.49174,-22.54992],[-43.50971,-22.57069],[-43.54249,-22.565],[-43.55874,-22.57635],[-43.58321,-22.58063],[-43.58829,-22.59206],[-43.6226,-22.61834],[-43.62207,-22.64186],[-43.65287,-22.61475],[-43.61148,-22.58275],[-43.59746,-22.56396],[-43.62219,-22.52562],[-43.63398,-22.57061],[-43.6716,-22.58631],[-43.69299,-22.57685],[-43.68166,-22.55764],[-43.72938,-22.56389],[-43.76604,-22.59413],[-43.77179,-22.60631],[-43.79352,-22.61412],[-43.79951,-22.62549],[-43.83943,-22.6481],[-43.81673,-22.66723],[-43.81518,-22.68651],[-43.7851,-22.69208],[-43.83254,-22.72944],[-43.8376,-22.76014],[-43.81254,-22.77118],[-43.83865,-22.79766],[-43.8789,-22.81157],[-43.89066,-22.82903],[-43.91235,-22.8358],[-43.90998,-22.84502],[-43.93821,-22.88671],[-43.96494,-22.88575],[-43.97968,-22.8645],[-44.00443,-22.85888],[-44.0404,-22.88213],[-44.05079,-22.87737],[-44.08751,-22.88302],[-44.11268,-22.85966],[-44.16293,-22.9002],[-44.17613,-22.92979],[-44.19313,-22.92786],[-44.18857,-22.95106],[-44.16283,-23.0085],[-44.16615,-23.03249],[-44.19374,-23.05438],[-44.19982,-23.03834],[-44.23713,-23.05646],[-44.24644,-23.04869],[-44.23577,-23.02598],[-44.22116,-23.01701],[-44.24796,-22.99566],[-44.26683,-23.00202],[-44.29012,-23.02391],[-44.30577,-23.02328],[-44.30049,-23.0027],[-44.32643,-23.02083],[-44.36224,-23.01764],[-44.34471,-22.99073],[-44.30948,-22.97976],[-44.30174,-22.95633],[-44.33216,-22.96659],[-44.3328,-22.94501],[-44.32151,-22.92865],[-44.35857,-22.92253],[-44.37096,-22.93743],[-44.34946,-22.94562],[-44.3781,-22.95919],[-44.41185,-22.94137],[-44.43321,-22.96263],[-44.43813,-22.99546],[-44.42468,-22.99754],[-44.44604,-23.01174],[-44.44462,-23.02705],[-44.46263,-23.00566],[-44.48324,-23.00812],[-44.50546,-23.03044],[-44.52944,-23.02761],[-44.55991,-23.0386],[-44.58343,-23.05811],[-44.61763,-23.04339],[-44.65051,-23.05635],[-44.66779,-23.05359],[-44.69101,-23.08349],[-44.69874,-23.13164],[-44.69284,-23.14623],[-44.70506,-23.15591],[-44.6981,-23.17415],[-44.71007,-23.17661],[-44.72121,-23.20163],[-44.70783,-23.21979],[-44.71221,-23.23328],[-44.69474,-23.23192],[-44.66869,-23.20564],[-44.6586,-23.20713],[-44.65096,-23.18767],[-44.61618,-23.20342],[-44.6241,-23.22108],[-44.65099,-23.22169],[-44.68407,-23.24216],[-44.6788,-23.25227],[-44.65088,-23.23522],[-44.62424,-23.24459],[-44.64113,-23.27651],[-44.6569,-23.2926],[-44.63115,-23.28303],[-44.6203,-23.25847],[-44.59657,-23.24394],[-44.5963,-23.23465],[-44.55989,-23.2271],[-44.57579,-23.24472],[-44.58381,-23.26643],[-44.54887,-23.27459],[-44.53676,-23.26737],[-44.51216,-23.29205],[-44.52879,-23.28812],[-44.54049,-23.30551],[-44.55621,-23.30535],[-44.56146,-23.33047],[-44.5851,-23.35944],[-44.60799,-23.36385],[-44.64039,-23.33274],[-44.65957,-23.34787],[-44.67565,-23.33557],[-44.68668,-23.34802],[-44.70168,-23.34081],[-44.73121,-23.35926],[-44.72391,-23.3677],[-44.74971,-23.35804],[-44.75971,-23.342],[-44.77788,-23.33853],[-44.78703,-23.29908],[-44.80696,-23.28289],[-44.82363,-23.2804],[-44.85387,-23.24849],[-44.87462,-23.24867],[-44.88849,-23.22401],[-44.87264,-23.18382],[-44.82396,-23.16126],[-44.82501,-23.14323],[-44.81068,-23.12523],[-44.8086,-23.09925],[-44.81827,-23.08958],[-44.81113,-23.05402],[-44.80279,-23.04986],[-44.79272,-23.00975],[-44.80221,-22.99865],[-44.79204,-22.98167],[-44.76488,-22.98291],[-44.74888,-22.96968],[-44.74311,-22.947],[-44.71238,-22.93018],[-44.68735,-22.93587],[-44.67346,-22.91781],[-44.65894,-22.92724],[-44.60663,-22.8852],[-44.57555,-22.87811],[-44.55482,-22.88861],[-44.50531,-22.85129],[-44.48221,-22.84695],[-44.48052,-22.86583],[-44.46579,-22.88503],[-44.43721,-22.87192],[-44.41776,-22.84762],[-44.37379,-22.85759],[-44.29621,-22.82736],[-44.2829,-22.83542],[-44.26843,-22.82912],[-44.26116,-22.80473],[-44.24385,-22.8019],[-44.24178,-22.78772],[-44.25612,-22.78736],[-44.25714,-22.76793],[-44.22639,-22.73318],[-44.20155,-22.73194],[-44.20329,-22.71588],[-44.18438,-22.71245],[-44.16052,-22.67784],[-44.17102,-22.65894],[-44.1897,-22.64809],[-44.18385,-22.63681],[-44.21893,-22.61704],[-44.22638,-22.60409],[-44.25305,-22.61178],[-44.27107,-22.60047],[-44.28526,-22.60924],[-44.29535,-22.59776],[-44.32615,-22.58805],[-44.34726,-22.59008],[-44.34914,-22.60866],[-44.36066,-22.61122],[-44.35977,-22.58143],[-44.39157,-22.5729],[-44.40916,-22.58786],[-44.40646,-22.60788],[-44.42979,-22.59804],[-44.46444,-22.61548],[-44.48513,-22.61088],[-44.50888,-22.64043],[-44.51449,-22.62973],[-44.53702,-22.63188],[-44.52563,-22.61902],[-44.54852,-22.60569],[-44.57275,-22.60141],[-44.58372,-22.6255],[-44.60188,-22.60715],[-44.60936,-22.61659],[-44.62213,-22.60528],[-44.64492,-22.60216],[-44.6413,-22.55888],[-44.6611,-22.55045],[-44.67699,-22.56101],[-44.66946,-22.53815],[-44.72013,-22.49184],[-44.71733,-22.46785],[-44.73999,-22.42524],[-44.75467,-22.41444],[-44.80881,-22.40481],[-44.79328,-22.3866]]],[[[-44.62966,-23.06257],[-44.62879,-23.06004],[-44.62612,-23.06107],[-44.62966,-23.06257]]],[[[-44.62265,-23.05703],[-44.61977,-23.05833],[-44.62449,-23.05865],[-44.62265,-23.05703]]],[[[-44.56238,-23.05331],[-44.56308,-23.05124],[-44.55971,-23.05163],[-44.56238,-23.05331]]],[[[-44.54691,-23.04819],[-44.54416,-23.04707],[-44.54605,-23.04964],[-44.54691,-23.04819]]],[[[-44.55702,-23.05583],[-44.55738,-23.06328],[-44.56438,-23.06497],[-44.55702,-23.05583]]],[[[-44.60944,-23.05798],[-44.60113,-23.05586],[-44.60896,-23.0644],[-44.60944,-23.05798]]]]}},{"type":"Feature","properties":{"id":"27","phone_code":"27","phone_code_1_digit":"2"},"geometry":{"type":"MultiPolygon","coordinates":[[[[-29.33315,-20.4859],[-29.304,-20.50082],[-29.30511,-20.51609],[-29.34624,-20.5031],[-29.33315,-20.4859]]],[[[-28.8424,-20.47104],[-28.83832,-20.47448],[-28.8434,-20.47467],[-28.8424,-20.47104]]],[[[-28.83641,-20.46344],[-28.83934,-20.46229],[-28.83704,-20.45999],[-28.83641,-20.46344]]],[[[-28.84391,-20.4589],[-28.84219,-20.45646],[-28.84113,-20.45776],[-28.84391,-20.4589]]],[[[-40.37371,-20.61246],[-40.37376,-20.61213],[-40.37317,-20.61213],[-40.37371,-20.61246]]],[[[-40.38822,-20.6102],[-40.38813,-20.61002],[-40.38765,-20.61025],[-40.38822,-20.6102]]],[[[-40.50523,-20.66781],[-40.5044,-20.66651],[-40.5028,-20.66689],[-40.50523,-20.66781]]],[[[-40.39607,-20.62167],[-40.39578,-20.62142],[-40.39556,-20.62167],[-40.39607,-20.62167]]],[[[-40.38202,-20.61497],[-40.38164,-20.61313],[-40.3795,-20.61312],[-40.38202,-20.61497]]],[[[-40.37727,-20.61338],[-40.37631,-20.61241],[-40.37605,-20.61356],[-40.37727,-20.61338]]],[[[-40.38193,-20.61269],[-40.38208,-20.61121],[-40.3808,-20.61105],[-40.38193,-20.61269]]],[[[-40.37355,-20.60814],[-40.37319,-20.61134],[-40.37553,-20.61051],[-40.37355,-20.60814]]],[[[-40.3912,-20.59856],[-40.39205,-20.59722],[-40.38975,-20.59731],[-40.3912,-20.59856]]],[[[-40.31122,-20.4215],[-40.31173,-20.4205],[-40.31051,-20.42059],[-40.31122,-20.4215]]],[[[-40.25321,-20.3537],[-40.25379,-20.35262],[-40.25248,-20.35315],[-40.25321,-20.3537]]],[[[-40.25174,-20.35199],[-40.25151,-20.35073],[-40.25053,-20.35098],[-40.25174,-20.35199]]],[[[-40.29697,-20.38216],[-40.29796,-20.38036],[-40.29496,-20.38096],[-40.29697,-20.38216]]],[[[-40.27895,-20.36392],[-40.27777,-20.3639],[-40.2779,-20.36483],[-40.27895,-20.36392]]],[[[-40.28056,-20.3628],[-40.28048,-20.36213],[-40.27917,-20.36265],[-40.28056,-20.3628]]],[[[-40.28164,-20.35395],[-40.28083,-20.35333],[-40.28024,-20.35402],[-40.28164,-20.35395]]],[[[-40.27211,-20.33522],[-40.27193,-20.33398],[-40.2709,-20.33421],[-40.27211,-20.33522]]],[[[-40.27141,-20.33307],[-40.2712,-20.33184],[-40.27017,-20.33254],[-40.27141,-20.33307]]],[[[-40.26925,-20.33222],[-40.26906,-20.33093],[-40.26805,-20.33121],[-40.26925,-20.33222]]],[[[-40.27224,-20.31979],[-40.27072,-20.32099],[-40.2719,-20.32175],[-40.27224,-20.31979]]],[[[-40.26936,-20.32126],[-40.26912,-20.32003],[-40.26815,-20.32025],[-40.26936,-20.32126]]],[[[-40.3567,-20.52416],[-40.35769,-20.52369],[-40.35636,-20.52363],[-40.3567,-20.52416]]],[[[-40.52101,-20.66193],[-40.52638,-20.66667],[-40.49934,-20.66945],[-40.5326,-20.74045],[-40.54945,-20.74057],[-40.57062,-20.76584],[-40.5758,-20.75691],[-40.64761,-20.62774],[-40.64275,-20.55878],[-40.64719,-20.54616],[-40.67698,-20.56614],[-40.66907,-20.59446],[-40.7083,-20.61217],[-40.72715,-20.63176],[-40.72619,-20.64624],[-40.74105,-20.64466],[-40.75824,-20.65723],[-40.77059,-20.67936],[-40.77085,-20.70514],[-40.78439,-20.70273],[-40.83919,-20.67775],[-40.85673,-20.68542],[-40.88095,-20.67122],[-40.90666,-20.68714],[-40.93406,-20.67403],[-40.92545,-20.64761],[-40.90929,-20.62245],[-40.93643,-20.59971],[-40.96205,-20.60169],[-40.9683,-20.57626],[-40.95658,-20.55174],[-40.96438,-20.54422],[-40.95927,-20.49758],[-40.97252,-20.47928],[-40.96729,-20.46242],[-40.985,-20.45811],[-40.98779,-20.43675],[-41.00919,-20.43313],[-41.00587,-20.4702],[-41.01843,-20.48348],[-41.05099,-20.4807],[-41.05136,-20.45322],[-41.06366,-20.41012],[-41.07421,-20.40418],[-41.07257,-20.37477],[-41.09044,-20.36912],[-41.09182,-20.33459],[-41.10465,-20.32232],[-41.11252,-20.29714],[-41.1577,-20.28218],[-41.1857,-20.25965],[-41.2228,-20.2831],[-41.24929,-20.27886],[-41.26609,-20.2645],[-41.25704,-20.25504],[-41.27299,-20.23354],[-41.28107,-20.24145],[-41.30126,-20.22928],[-41.30885,-20.24231],[-41.29477,-20.25163],[-41.30469,-20.26995],[-41.32356,-20.24975],[-41.34756,-20.24297],[-41.33811,-20.2247],[-41.34924,-20.19865],[-41.37557,-20.20422],[-41.38087,-20.22299],[-41.39579,-20.22073],[-41.39924,-20.23426],[-41.41611,-20.21684],[-41.41074,-20.20688],[-41.38172,-20.18833],[-41.3615,-20.14159],[-41.34712,-20.12342],[-41.34482,-20.0885],[-41.33714,-20.08649],[-41.33316,-20.05835],[-41.31813,-20.04103],[-41.3077,-20.01253],[-41.3195,-19.97814],[-41.3113,-19.97128],[-41.29881,-19.93636],[-41.27104,-19.94172],[-41.2431,-19.93625],[-41.2278,-19.90456],[-41.20466,-19.90263],[-41.18449,-19.88848],[-41.1859,-19.82718],[-41.16579,-19.8101],[-41.17449,-19.76658],[-41.19068,-19.74538],[-41.17911,-19.73961],[-41.17733,-19.70281],[-41.16036,-19.66181],[-41.13823,-19.65824],[-41.1291,-19.64226],[-41.10821,-19.63898],[-41.09939,-19.60433],[-41.07372,-19.59818],[-41.07152,-19.58393],[-41.03647,-19.56997],[-41.04457,-19.53808],[-41.04051,-19.51544],[-41.04536,-19.48741],[-41.00898,-19.50678],[-40.97185,-19.50481],[-40.9708,-19.49412],[-40.9443,-19.46048],[-40.96753,-19.42996],[-40.95678,-19.39836],[-40.92805,-19.3814],[-40.93808,-19.34558],[-40.9073,-19.30833],[-40.93239,-19.29557],[-40.94411,-19.27906],[-40.91956,-19.27095],[-40.91981,-19.25134],[-40.93826,-19.2489],[-40.94177,-19.23333],[-40.92228,-19.20361],[-40.9407,-19.18009],[-40.94361,-19.14352],[-40.96156,-19.14358],[-40.95573,-19.12863],[-40.98091,-19.11202],[-40.98437,-19.10024],[-41.00807,-19.09779],[-41.01221,-19.07532],[-41.02502,-19.0795],[-41.05344,-19.06806],[-41.06517,-19.05085],[-41.0714,-19.02337],[-41.06606,-19.00591],[-41.03183,-18.99037],[-41.01721,-18.97656],[-41.04025,-18.98019],[-41.0611,-18.96721],[-41.06447,-18.94456],[-41.10328,-18.93358],[-41.12646,-18.89403],[-41.15257,-18.88613],[-41.16101,-18.85671],[-41.18902,-18.86374],[-41.20803,-18.85457],[-41.21439,-18.87716],[-41.24258,-18.85406],[-41.23743,-18.83429],[-41.24509,-18.82148],[-41.23215,-18.7968],[-41.13374,-18.79556],[-41.11012,-18.83846],[-41.02503,-18.83671],[-40.96352,-18.84069],[-40.94534,-18.82496],[-40.93764,-18.83122],[-40.91638,-18.81506],[-40.91941,-18.79992],[-40.93821,-18.77197],[-40.94111,-18.68882],[-40.9517,-18.68035],[-40.98764,-18.67668],[-41.05272,-18.62824],[-41.03257,-18.61828],[-41.0416,-18.60493],[-41.01662,-18.48203],[-41.02002,-18.45861],[-41.06343,-18.45286],[-41.17386,-18.44422],[-41.18041,-18.43221],[-41.16627,-18.41474],[-41.14684,-18.41097],[-41.16006,-18.40232],[-41.15921,-18.38098],[-41.14579,-18.37556],[-41.14977,-18.33588],[-41.15841,-18.30828],[-41.12711,-18.27644],[-41.09608,-18.2551],[-41.10235,-18.23649],[-41.09133,-18.22757],[-41.10406,-18.2128],[-41.09235,-18.19493],[-41.05608,-18.17837],[-41.0557,-18.16615],[-41.0142,-18.1571],[-40.98909,-18.17017],[-40.98665,-18.1463],[-40.97644,-18.14089],[-40.96178,-18.1537],[-40.94847,-18.14522],[-40.94962,-18.12881],[-40.93182,-18.13601],[-40.90384,-18.10971],[-40.88862,-18.12354],[-40.87717,-18.11895],[-40.86292,-18.13866],[-40.79333,-18.15968],[-40.77111,-18.15545],[-40.77292,-18.10709],[-40.90242,-17.9868],[-40.88233,-17.97008],[-40.86274,-17.98784],[-40.83665,-17.95671],[-40.82459,-17.96322],[-40.80886,-17.95185],[-40.79149,-17.97101],[-40.77081,-17.98059],[-40.77315,-18.00166],[-40.75038,-18.00943],[-40.72538,-18.00074],[-40.70499,-18.02341],[-40.68384,-18.0097],[-40.66139,-18.01244],[-40.64565,-17.99309],[-40.62577,-17.99058],[-40.61306,-17.93926],[-40.58523,-17.93763],[-40.58433,-17.91769],[-40.54705,-17.90682],[-40.52666,-17.89147],[-40.50295,-17.9102],[-40.48375,-17.90817],[-40.4638,-17.92773],[-40.45349,-17.91834],[-40.41703,-17.92656],[-40.39157,-17.92363],[-40.35523,-17.92998],[-40.34514,-17.92331],[-40.30581,-17.94688],[-40.29073,-17.94641],[-40.27529,-17.96209],[-40.22197,-17.97994],[-40.09635,-18.06063],[-39.68857,-18.32035],[-39.66564,-18.33274],[-39.67114,-18.34789],[-39.66889,-18.35015],[-39.69956,-18.41473],[-39.72819,-18.49991],[-39.7283,-18.58557],[-39.72391,-18.59947],[-39.73637,-18.64384],[-39.74659,-18.70568],[-39.74995,-18.84124],[-39.74303,-18.92509],[-39.71859,-19.09654],[-39.70795,-19.17974],[-39.68866,-19.29584],[-39.69615,-19.36718],[-39.72907,-19.46542],[-39.77085,-19.55979],[-39.8063,-19.63101],[-39.80703,-19.64775],[-39.8734,-19.66815],[-39.91126,-19.68655],[-39.97327,-19.73088],[-40.00393,-19.75736],[-40.05585,-19.8174],[-40.06308,-19.85249],[-40.08582,-19.88261],[-40.0987,-19.91844],[-40.13077,-19.93575],[-40.13648,-19.96967],[-40.14668,-19.98969],[-40.15859,-20.0381],[-40.1816,-20.04135],[-40.19035,-20.05608],[-40.17245,-20.07426],[-40.17097,-20.10989],[-40.19741,-20.21635],[-40.22941,-20.25818],[-40.2371,-20.28901],[-40.25009,-20.2946],[-40.26129,-20.26591],[-40.29165,-20.28526],[-40.27682,-20.31055],[-40.28919,-20.32327],[-40.26874,-20.32448],[-40.2848,-20.35235],[-40.30947,-20.38098],[-40.32226,-20.41014],[-40.32017,-20.42605],[-40.34859,-20.47674],[-40.35832,-20.51853],[-40.36582,-20.52045],[-40.40023,-20.57625],[-40.40237,-20.59601],[-40.43289,-20.64226],[-40.46374,-20.62367],[-40.46758,-20.65995],[-40.48296,-20.65333],[-40.5028,-20.66689],[-40.52101,-20.66193]]]]}},{"type":"Feature","properties":{"id":"28","phone_code":"28","phone_code_1_digit":"2"},"geometry":{"type":"Polygon","coordinates":[[[-40.9776,-21.28055],[-40.9954,-21.2857],[-41.00627,-21.25156],[-41.02476,-21.24581],[-41.04099,-21.25468],[-41.05548,-21.23767],[-41.08105,-21.2215],[-41.10391,-21.21926],[-41.11884,-21.22991],[-41.13401,-21.22616],[-41.14098,-21.23821],[-41.19051,-21.248],[-41.22805,-21.22552],[-41.24655,-21.2207],[-41.26168,-21.23628],[-41.29637,-21.23454],[-41.31668,-21.21327],[-41.37712,-21.19526],[-41.4169,-21.19936],[-41.43523,-21.21553],[-41.47948,-21.19344],[-41.47885,-21.18176],[-41.49821,-21.18482],[-41.50699,-21.17497],[-41.51729,-21.18662],[-41.56532,-21.18225],[-41.58197,-21.1661],[-41.58691,-21.14906],[-41.61313,-21.15507],[-41.6285,-21.14398],[-41.65371,-21.14249],[-41.69302,-21.11484],[-41.71808,-21.12322],[-41.7053,-21.10936],[-41.73469,-21.09855],[-41.72131,-21.07312],[-41.73203,-21.06628],[-41.71624,-21.04664],[-41.72593,-21.03213],[-41.71511,-21.01617],[-41.72291,-21.00863],[-41.71044,-20.98924],[-41.7173,-20.95461],[-41.73339,-20.94342],[-41.73705,-20.9273],[-41.72274,-20.92231],[-41.71931,-20.89672],[-41.72673,-20.89236],[-41.71201,-20.87108],[-41.72671,-20.86436],[-41.74146,-20.87233],[-41.74517,-20.85284],[-41.73699,-20.83611],[-41.74052,-20.8178],[-41.76712,-20.80151],[-41.79407,-20.79848],[-41.81346,-20.80478],[-41.85344,-20.76366],[-41.87454,-20.76634],[-41.87372,-20.74367],[-41.85615,-20.7472],[-41.86089,-20.72212],[-41.84645,-20.68566],[-41.83896,-20.68296],[-41.8069,-20.6432],[-41.81701,-20.62405],[-41.85054,-20.62077],[-41.85274,-20.60707],[-41.82641,-20.55503],[-41.80405,-20.54292],[-41.8118,-20.51865],[-41.79903,-20.4768],[-41.80301,-20.42246],[-41.83447,-20.4095],[-41.84466,-20.37688],[-41.85865,-20.37319],[-41.84799,-20.3297],[-41.83606,-20.32954],[-41.82244,-20.31061],[-41.77958,-20.29181],[-41.76538,-20.22343],[-41.75635,-20.20638],[-41.41074,-20.20688],[-41.41611,-20.21684],[-41.39924,-20.23426],[-41.39579,-20.22073],[-41.38087,-20.22299],[-41.37557,-20.20422],[-41.34924,-20.19865],[-41.33811,-20.2247],[-41.34756,-20.24297],[-41.32356,-20.24975],[-41.30469,-20.26995],[-41.29477,-20.25163],[-41.30885,-20.24231],[-41.30126,-20.22928],[-41.28107,-20.24145],[-41.27299,-20.23354],[-41.25704,-20.25504],[-41.26609,-20.2645],[-41.24929,-20.27886],[-41.2228,-20.2831],[-41.1857,-20.25965],[-41.1577,-20.28218],[-41.11252,-20.29714],[-41.10465,-20.32232],[-41.09182,-20.33459],[-41.09044,-20.36912],[-41.07257,-20.37477],[-41.07421,-20.40418],[-41.06366,-20.41012],[-41.05136,-20.45322],[-41.05099,-20.4807],[-41.01843,-20.48348],[-41.00587,-20.4702],[-41.00919,-20.43313],[-40.98779,-20.43675],[-40.985,-20.45811],[-40.96729,-20.46242],[-40.97252,-20.47928],[-40.95927,-20.49758],[-40.96438,-20.54422],[-40.95658,-20.55174],[-40.9683,-20.57626],[-40.96205,-20.60169],[-40.93643,-20.59971],[-40.90929,-20.62245],[-40.92545,-20.64761],[-40.93406,-20.67403],[-40.90666,-20.68714],[-40.88095,-20.67122],[-40.85673,-20.68542],[-40.83919,-20.67775],[-40.78439,-20.70273],[-40.77085,-20.70514],[-40.77059,-20.67936],[-40.75824,-20.65723],[-40.74105,-20.64466],[-40.72619,-20.64624],[-40.72715,-20.63176],[-40.7083,-20.61217],[-40.66907,-20.59446],[-40.67698,-20.56614],[-40.64719,-20.54616],[-40.64275,-20.55878],[-40.64761,-20.62774],[-40.5758,-20.75691],[-40.57064,-20.76594],[-40.58644,-20.80642],[-40.60735,-20.80531],[-40.61996,-20.83242],[-40.63118,-20.84066],[-40.62855,-20.81897],[-40.65573,-20.8043],[-40.67245,-20.82108],[-40.71494,-20.84325],[-40.74413,-20.84805],[-40.75837,-20.8636],[-40.76471,-20.88912],[-40.79527,-20.92584],[-40.80978,-20.96694],[-40.80541,-21.00411],[-40.813,-21.03558],[-40.82775,-21.04646],[-40.85598,-21.12757],[-40.90768,-21.16729],[-40.95341,-21.2375],[-40.9634,-21.29999],[-40.9776,-21.28055]]]}},{"type":"Feature","properties":{"id":"31","phone_code":"31","phone_code_1_digit":"3"},"geometry":{"type":"Polygon","coordinates":[[[-44.41666,-20.69633],[-44.39222,-20.68294],[-44.40358,-20.6679],[-44.35864,-20.63461],[-44.35708,-20.608],[-44.31773,-20.61376],[-44.30026,-20.60393],[-44.33109,-20.56953],[-44.32917,-20.55742],[-44.34617,-20.54157],[-44.32645,-20.50498],[-44.38034,-20.48445],[-44.37478,-20.4647],[-44.39589,-20.44362],[-44.39784,-20.42591],[-44.41797,-20.44106],[-44.462,-20.44107],[-44.48695,-20.44911],[-44.53373,-20.48626],[-44.56125,-20.47682],[-44.59411,-20.45706],[-44.61306,-20.42002],[-44.63473,-20.39404],[-44.6294,-20.38659],[-44.65469,-20.36418],[-44.65909,-20.33782],[-44.65153,-20.32105],[-44.63327,-20.32332],[-44.62277,-20.29897],[-44.59159,-20.29571],[-44.58247,-20.2797],[-44.56568,-20.27924],[-44.5744,-20.25094],[-44.57322,-20.229],[-44.55492,-20.21227],[-44.54436,-20.18732],[-44.54486,-20.16723],[-44.50759,-20.16974],[-44.49239,-20.15253],[-44.47467,-20.16875],[-44.4452,-20.14744],[-44.47595,-20.1042],[-44.47642,-20.08119],[-44.4968,-20.07763],[-44.50725,-20.03287],[-44.49825,-20.0128],[-44.51595,-19.99651],[-44.51362,-19.98302],[-44.54178,-19.9671],[-44.52723,-19.95295],[-44.52079,-19.93109],[-44.52492,-19.91371],[-44.54131,-19.8973],[-44.51781,-19.89628],[-44.51569,-19.86079],[-44.48631,-19.84141],[-44.47889,-19.80674],[-44.46412,-19.81057],[-44.44247,-19.78203],[-44.44045,-19.73355],[-44.46673,-19.72501],[-44.47189,-19.70747],[-44.49339,-19.71282],[-44.49955,-19.68366],[-44.47745,-19.66736],[-44.49232,-19.65843],[-44.51078,-19.66319],[-44.49722,-19.64042],[-44.50892,-19.62426],[-44.48937,-19.61943],[-44.52001,-19.60351],[-44.53048,-19.61854],[-44.53873,-19.60745],[-44.56741,-19.60091],[-44.54576,-19.585],[-44.58317,-19.55618],[-44.54234,-19.52526],[-44.57623,-19.5158],[-44.57365,-19.48281],[-44.58559,-19.48454],[-44.57815,-19.45195],[-44.56514,-19.45284],[-44.55017,-19.4269],[-44.54606,-19.4032],[-44.52509,-19.38484],[-44.53239,-19.35628],[-44.55898,-19.35449],[-44.56176,-19.33251],[-44.54164,-19.33281],[-44.53375,-19.31973],[-44.54858,-19.30945],[-44.57586,-19.32558],[-44.57782,-19.31262],[-44.62343,-19.26642],[-44.62678,-19.24556],[-44.66219,-19.24111],[-44.65242,-19.22625],[-44.62509,-19.22869],[-44.56979,-19.20154],[-44.54267,-19.1707],[-44.49575,-19.15931],[-44.46067,-19.16929],[-44.45117,-19.14173],[-44.43595,-19.14564],[-44.39342,-19.11736],[-44.3775,-19.07518],[-44.34262,-19.07102],[-44.30741,-19.02777],[-44.27373,-19.01272],[-44.26461,-18.98455],[-44.24942,-18.96783],[-44.22472,-18.96681],[-44.19082,-18.95606],[-44.18042,-18.94461],[-44.15896,-18.95093],[-44.12053,-18.94566],[-44.09928,-18.93445],[-44.10125,-18.92025],[-44.08467,-18.92545],[-44.06956,-18.91168],[-44.05709,-18.88446],[-44.03061,-18.90301],[-44.01248,-18.90372],[-43.99317,-18.91718],[-43.98859,-18.87801],[-43.95794,-18.86785],[-43.96776,-18.85991],[-43.94514,-18.83878],[-43.96814,-18.84366],[-43.9514,-18.82106],[-43.9784,-18.81161],[-43.96039,-18.79197],[-43.97248,-18.76749],[-43.97153,-18.73846],[-43.98458,-18.72432],[-43.9769,-18.7087],[-43.99107,-18.70281],[-43.98803,-18.6778],[-44.00364,-18.6637],[-44.00339,-18.64807],[-43.94664,-18.62949],[-43.9227,-18.63083],[-43.89933,-18.65866],[-43.86211,-18.67047],[-43.82164,-18.65786],[-43.81662,-18.6304],[-43.799,-18.61075],[-43.7764,-18.62143],[-43.76543,-18.63852],[-43.75273,-18.63744],[-43.75272,-18.62153],[-43.73631,-18.62464],[-43.72891,-18.64726],[-43.71709,-18.64509],[-43.64751,-18.66576],[-43.62986,-18.66756],[-43.56881,-18.6944],[-43.56456,-18.70419],[-43.52366,-18.69928],[-43.49173,-18.70314],[-43.4867,-18.72866],[-43.4967,-18.73611],[-43.46275,-18.75887],[-43.44914,-18.74533],[-43.42683,-18.75696],[-43.4139,-18.73168],[-43.40062,-18.72937],[-43.37916,-18.69711],[-43.3515,-18.67616],[-43.35789,-18.66323],[-43.33828,-18.6692],[-43.33306,-18.68587],[-43.29353,-18.69125],[-43.29,-18.70932],[-43.27836,-18.70006],[-43.22997,-18.74234],[-43.24717,-18.76216],[-43.22884,-18.76686],[-43.20539,-18.78973],[-43.21367,-18.81694],[-43.19992,-18.86023],[-43.20787,-18.86417],[-43.17712,-18.90632],[-43.1747,-18.93952],[-43.15634,-18.97067],[-43.12203,-18.98765],[-43.12172,-19.00077],[-43.08411,-19.02461],[-43.09194,-19.04695],[-43.0352,-19.08316],[-43.01989,-19.08395],[-43.00933,-19.10266],[-42.99633,-19.09987],[-42.98865,-19.12373],[-42.94647,-19.15069],[-42.93339,-19.11783],[-42.92066,-19.1107],[-42.89208,-19.11151],[-42.84734,-19.1424],[-42.83025,-19.14111],[-42.8212,-19.15978],[-42.75897,-19.14393],[-42.7478,-19.14947],[-42.74844,-19.15197],[-42.76681,-19.14942],[-42.77344,-19.1659],[-42.78853,-19.17],[-42.79258,-19.18782],[-42.77332,-19.20479],[-42.77622,-19.21634],[-42.74351,-19.22673],[-42.73903,-19.25947],[-42.74411,-19.28085],[-42.72617,-19.32138],[-42.74177,-19.35485],[-42.712,-19.34332],[-42.67894,-19.37038],[-42.64469,-19.35606],[-42.63624,-19.36138],[-42.62297,-19.33418],[-42.59685,-19.32157],[-42.56902,-19.2904],[-42.55517,-19.29573],[-42.55131,-19.25391],[-42.54036,-19.245],[-42.53597,-19.21457],[-42.51936,-19.18969],[-42.51284,-19.15488],[-42.48208,-19.15509],[-42.43209,-19.18515],[-42.41258,-19.18815],[-42.40691,-19.20566],[-42.38595,-19.21923],[-42.34413,-19.23226],[-42.32313,-19.23246],[-42.31339,-19.25319],[-42.33697,-19.25237],[-42.33347,-19.26518],[-42.35149,-19.26698],[-42.35128,-19.28973],[-42.36977,-19.32846],[-42.38983,-19.32707],[-42.39011,-19.35215],[-42.37217,-19.36877],[-42.35311,-19.37408],[-42.34534,-19.39451],[-42.32911,-19.40988],[-42.29661,-19.41296],[-42.29494,-19.43257],[-42.28047,-19.44941],[-42.30038,-19.45645],[-42.33889,-19.44526],[-42.35527,-19.45019],[-42.38172,-19.44572],[-42.38478,-19.46789],[-42.39275,-19.45079],[-42.43177,-19.44043],[-42.43613,-19.46018],[-42.47555,-19.4666],[-42.48925,-19.4914],[-42.51444,-19.49196],[-42.51989,-19.50326],[-42.50283,-19.5158],[-42.51111,-19.55127],[-42.52381,-19.55667],[-42.52219,-19.5755],[-42.49444,-19.57504],[-42.49072,-19.61611],[-42.49775,-19.63536],[-42.48064,-19.64589],[-42.49422,-19.66239],[-42.502,-19.68963],[-42.49633,-19.71999],[-42.48339,-19.72627],[-42.47439,-19.77416],[-42.4983,-19.79543],[-42.50707,-19.82493],[-42.51988,-19.82876],[-42.52269,-19.84641],[-42.55275,-19.86759],[-42.54883,-19.87977],[-42.56186,-19.896],[-42.63708,-19.9282],[-42.62691,-19.95576],[-42.65324,-19.98616],[-42.65077,-20.04525],[-42.623,-20.08133],[-42.63091,-20.10856],[-42.60697,-20.13921],[-42.62818,-20.14578],[-42.61717,-20.1632],[-42.56552,-20.17711],[-42.53055,-20.2064],[-42.55697,-20.25822],[-42.53094,-20.25104],[-42.51844,-20.21149],[-42.50711,-20.19711],[-42.46826,-20.19265],[-42.44522,-20.19538],[-42.4186,-20.16162],[-42.4158,-20.13972],[-42.3943,-20.12432],[-42.36814,-20.12444],[-42.35755,-20.13974],[-42.309,-20.13809],[-42.30894,-20.11624],[-42.28321,-20.1106],[-42.24761,-20.08301],[-42.21039,-20.08905],[-42.2101,-20.1305],[-42.19706,-20.14649],[-42.21316,-20.16756],[-42.20031,-20.17452],[-42.1948,-20.19425],[-42.20091,-20.23613],[-42.21727,-20.24087],[-42.20616,-20.2562],[-42.21261,-20.28286],[-42.19677,-20.29267],[-42.20614,-20.32314],[-42.18488,-20.35305],[-42.1941,-20.37826],[-42.17947,-20.40565],[-42.18727,-20.43301],[-42.20377,-20.43616],[-42.21464,-20.4679],[-42.24004,-20.47728],[-42.24823,-20.49717],[-42.26866,-20.51646],[-42.27724,-20.54795],[-42.28979,-20.55391],[-42.29627,-20.53946],[-42.3491,-20.54442],[-42.34518,-20.56107],[-42.35866,-20.57856],[-42.38019,-20.58863],[-42.37699,-20.5982],[-42.40719,-20.62843],[-42.41648,-20.66716],[-42.43724,-20.67242],[-42.44913,-20.69144],[-42.46915,-20.68948],[-42.48124,-20.722],[-42.47086,-20.74947],[-42.49455,-20.76714],[-42.51352,-20.7529],[-42.52221,-20.76813],[-42.54252,-20.77725],[-42.56204,-20.76565],[-42.57443,-20.7744],[-42.59044,-20.76948],[-42.60555,-20.75177],[-42.6208,-20.76389],[-42.66401,-20.75775],[-42.66935,-20.81286],[-42.70975,-20.83861],[-42.70961,-20.81791],[-42.73016,-20.80319],[-42.78414,-20.82566],[-42.81097,-20.80701],[-42.84527,-20.81704],[-42.84541,-20.83988],[-42.86108,-20.82943],[-42.93244,-20.80919],[-42.95302,-20.81225],[-42.95805,-20.77375],[-42.97324,-20.7725],[-42.99717,-20.75578],[-43.02452,-20.75663],[-43.03658,-20.77118],[-43.04978,-20.76908],[-43.06972,-20.72593],[-43.09999,-20.70768],[-43.12138,-20.71646],[-43.19585,-20.72553],[-43.2156,-20.71462],[-43.22708,-20.73106],[-43.24844,-20.72658],[-43.27147,-20.74611],[-43.28144,-20.76599],[-43.28041,-20.78401],[-43.26794,-20.79687],[-43.28069,-20.81555],[-43.29171,-20.8135],[-43.30919,-20.8414],[-43.29525,-20.85281],[-43.31504,-20.85466],[-43.32383,-20.87643],[-43.32939,-20.8657],[-43.37288,-20.8669],[-43.37158,-20.88163],[-43.38663,-20.90135],[-43.39982,-20.89768],[-43.41563,-20.92064],[-43.44053,-20.92367],[-43.47027,-20.93928],[-43.51853,-20.92923],[-43.56041,-20.94946],[-43.5783,-20.94447],[-43.59082,-20.95506],[-43.66658,-20.95583],[-43.67518,-20.97455],[-43.68261,-20.94132],[-43.69552,-20.93264],[-43.71038,-20.95159],[-43.74385,-20.93331],[-43.77428,-20.94244],[-43.79956,-20.92289],[-43.81104,-20.93295],[-43.81975,-20.90079],[-43.79753,-20.88346],[-43.81594,-20.87187],[-43.8425,-20.87659],[-43.88402,-20.89508],[-43.89136,-20.88558],[-43.89958,-20.91705],[-43.92273,-20.92746],[-43.93619,-20.92173],[-43.97445,-20.88152],[-43.97447,-20.8628],[-43.99144,-20.84695],[-43.99111,-20.83387],[-44.00613,-20.82288],[-44.00562,-20.8008],[-44.02527,-20.79434],[-44.05361,-20.80932],[-44.06372,-20.79507],[-44.08958,-20.79192],[-44.11594,-20.78077],[-44.1373,-20.78654],[-44.14983,-20.76964],[-44.13953,-20.74639],[-44.17533,-20.756],[-44.18958,-20.74115],[-44.23241,-20.73155],[-44.23742,-20.72264],[-44.27833,-20.7283],[-44.34438,-20.72322],[-44.36144,-20.71241],[-44.3788,-20.74029],[-44.38102,-20.75703],[-44.39617,-20.75268],[-44.39814,-20.73438],[-44.42203,-20.7126],[-44.41666,-20.69633]]]}},{"type":"Feature","properties":{"id":"32","phone_code":"32","phone_code_1_digit":"3"},"geometry":{"type":"Polygon","coordinates":[[[-44.65366,-22.36449],[-44.66619,-22.32031],[-44.63782,-22.29701],[-44.62119,-22.2955],[-44.60267,-22.27397],[-44.61708,-22.26747],[-44.59769,-22.25542],[-44.60497,-22.22153],[-44.58038,-22.21298],[-44.57734,-22.18904],[-44.56759,-22.18388],[-44.5622,-22.15072],[-44.5515,-22.13242],[-44.51753,-22.12566],[-44.49083,-22.13677],[-44.47732,-22.11958],[-44.45802,-22.11667],[-44.45783,-22.10287],[-44.43023,-22.1154],[-44.4278,-22.09962],[-44.43652,-22.0673],[-44.41927,-22.04863],[-44.42915,-22.03344],[-44.40678,-22.0152],[-44.4091,-21.97429],[-44.38429,-21.95934],[-44.38164,-21.91248],[-44.38972,-21.90368],[-44.39635,-21.86575],[-44.38274,-21.87366],[-44.36482,-21.86137],[-44.32721,-21.87025],[-44.31894,-21.92484],[-44.28586,-21.92845],[-44.28811,-21.91393],[-44.26072,-21.88914],[-44.23175,-21.89258],[-44.23669,-21.86912],[-44.22597,-21.84322],[-44.18422,-21.8252],[-44.13286,-21.82905],[-44.12068,-21.80347],[-44.07672,-21.79635],[-44.07713,-21.75781],[-44.06847,-21.74986],[-44.07971,-21.72895],[-44.07103,-21.71203],[-44.08035,-21.6967],[-44.06955,-21.67919],[-44.07611,-21.66266],[-44.11357,-21.66079],[-44.1208,-21.67015],[-44.13673,-21.65683],[-44.16323,-21.61532],[-44.16334,-21.57543],[-44.15383,-21.54685],[-44.17138,-21.5431],[-44.18733,-21.56394],[-44.21066,-21.57653],[-44.23961,-21.61294],[-44.2508,-21.60978],[-44.27097,-21.5762],[-44.33466,-21.5983],[-44.34833,-21.59],[-44.37119,-21.59759],[-44.42719,-21.55347],[-44.42444,-21.53215],[-44.46149,-21.51553],[-44.43884,-21.50471],[-44.46017,-21.49019],[-44.45522,-21.47069],[-44.46666,-21.45579],[-44.44719,-21.43887],[-44.46936,-21.4354],[-44.48176,-21.40852],[-44.50004,-21.39419],[-44.51353,-21.40745],[-44.53386,-21.38594],[-44.5146,-21.37453],[-44.512,-21.35399],[-44.52886,-21.33522],[-44.54825,-21.33737],[-44.55433,-21.31353],[-44.57432,-21.30926],[-44.52869,-21.28124],[-44.50797,-21.27928],[-44.49517,-21.26582],[-44.5135,-21.25802],[-44.51589,-21.23637],[-44.53689,-21.24061],[-44.5511,-21.25676],[-44.55692,-21.22087],[-44.56908,-21.21086],[-44.56828,-21.16843],[-44.55847,-21.13725],[-44.5767,-21.12214],[-44.58269,-21.08383],[-44.62034,-21.09691],[-44.62406,-21.05141],[-44.64295,-21.02588],[-44.64075,-20.99672],[-44.65942,-20.99033],[-44.66603,-20.95126],[-44.65964,-20.89866],[-44.68254,-20.87439],[-44.69683,-20.86844],[-44.70967,-20.84838],[-44.66511,-20.85239],[-44.6521,-20.87237],[-44.64308,-20.83914],[-44.61492,-20.81372],[-44.596,-20.82249],[-44.58245,-20.80848],[-44.5605,-20.80466],[-44.54892,-20.81924],[-44.51281,-20.83366],[-44.48272,-20.80698],[-44.47628,-20.79321],[-44.44845,-20.78642],[-44.42708,-20.75646],[-44.43042,-20.74334],[-44.42203,-20.7126],[-44.39814,-20.73438],[-44.39617,-20.75268],[-44.38102,-20.75703],[-44.3788,-20.74029],[-44.36144,-20.71241],[-44.34438,-20.72322],[-44.27833,-20.7283],[-44.23742,-20.72264],[-44.23241,-20.73155],[-44.18958,-20.74115],[-44.17533,-20.756],[-44.13953,-20.74639],[-44.14983,-20.76964],[-44.1373,-20.78654],[-44.11594,-20.78077],[-44.08958,-20.79192],[-44.06372,-20.79507],[-44.05361,-20.80932],[-44.02527,-20.79434],[-44.00562,-20.8008],[-44.00613,-20.82288],[-43.99111,-20.83387],[-43.99144,-20.84695],[-43.97447,-20.8628],[-43.97445,-20.88152],[-43.93619,-20.92173],[-43.92273,-20.92746],[-43.89958,-20.91705],[-43.89136,-20.88558],[-43.88402,-20.89508],[-43.8425,-20.87659],[-43.81594,-20.87187],[-43.79753,-20.88346],[-43.81975,-20.90079],[-43.81104,-20.93295],[-43.79956,-20.92289],[-43.77428,-20.94244],[-43.74385,-20.93331],[-43.71038,-20.95159],[-43.69552,-20.93264],[-43.68261,-20.94132],[-43.67518,-20.97455],[-43.66658,-20.95583],[-43.59082,-20.95506],[-43.5783,-20.94447],[-43.56041,-20.94946],[-43.51853,-20.92923],[-43.47027,-20.93928],[-43.44053,-20.92367],[-43.41563,-20.92064],[-43.39982,-20.89768],[-43.38663,-20.90135],[-43.37158,-20.88163],[-43.37288,-20.8669],[-43.32939,-20.8657],[-43.32383,-20.87643],[-43.31504,-20.85466],[-43.29525,-20.85281],[-43.30919,-20.8414],[-43.29171,-20.8135],[-43.28069,-20.81555],[-43.26794,-20.79687],[-43.28041,-20.78401],[-43.28144,-20.76599],[-43.27147,-20.74611],[-43.24844,-20.72658],[-43.22708,-20.73106],[-43.2156,-20.71462],[-43.19585,-20.72553],[-43.12138,-20.71646],[-43.09999,-20.70768],[-43.06972,-20.72593],[-43.04978,-20.76908],[-43.03658,-20.77118],[-43.02452,-20.75663],[-42.99717,-20.75578],[-42.97324,-20.7725],[-42.95805,-20.77375],[-42.95302,-20.81225],[-42.93244,-20.80919],[-42.86108,-20.82943],[-42.84541,-20.83988],[-42.84527,-20.81704],[-42.81097,-20.80701],[-42.78414,-20.82566],[-42.73016,-20.80319],[-42.70961,-20.81791],[-42.70975,-20.83861],[-42.66935,-20.81286],[-42.66401,-20.75775],[-42.6208,-20.76389],[-42.60555,-20.75177],[-42.59044,-20.76948],[-42.57443,-20.7744],[-42.56204,-20.76565],[-42.54252,-20.77725],[-42.52221,-20.76813],[-42.51352,-20.7529],[-42.49455,-20.76714],[-42.47086,-20.74947],[-42.48124,-20.722],[-42.46915,-20.68948],[-42.44913,-20.69144],[-42.43724,-20.67242],[-42.41648,-20.66716],[-42.40719,-20.62843],[-42.37699,-20.5982],[-42.38019,-20.58863],[-42.35866,-20.57856],[-42.34518,-20.56107],[-42.3491,-20.54442],[-42.29627,-20.53946],[-42.28979,-20.55391],[-42.27724,-20.54795],[-42.26866,-20.51646],[-42.24823,-20.49717],[-42.24004,-20.47728],[-42.21464,-20.4679],[-42.20377,-20.43616],[-42.18727,-20.43301],[-42.18463,-20.45009],[-42.16027,-20.45591],[-42.15568,-20.46686],[-42.13641,-20.46828],[-42.13491,-20.49364],[-42.09096,-20.49252],[-42.08946,-20.50734],[-42.07074,-20.5072],[-42.04046,-20.4962],[-42.0231,-20.49929],[-42.01548,-20.48677],[-41.98524,-20.48266],[-41.96288,-20.50543],[-41.93199,-20.49183],[-41.92782,-20.47178],[-41.91243,-20.46187],[-41.89847,-20.43922],[-41.87316,-20.41787],[-41.87469,-20.39754],[-41.83447,-20.4095],[-41.80301,-20.42246],[-41.79903,-20.4768],[-41.8118,-20.51865],[-41.80405,-20.54292],[-41.82641,-20.55503],[-41.85274,-20.60707],[-41.85054,-20.62077],[-41.81701,-20.62405],[-41.8069,-20.6432],[-41.83896,-20.68296],[-41.84645,-20.68566],[-41.86089,-20.72212],[-41.85615,-20.7472],[-41.87372,-20.74367],[-41.87454,-20.76634],[-41.88516,-20.7848],[-41.92494,-20.8011],[-41.93499,-20.82808],[-41.92576,-20.83758],[-41.93524,-20.85416],[-41.94938,-20.85747],[-41.94993,-20.87392],[-41.96706,-20.89942],[-41.97626,-20.93502],[-41.99827,-20.92599],[-42.02296,-20.92499],[-42.06534,-20.93816],[-42.09356,-20.93554],[-42.138,-20.96007],[-42.15127,-20.9739],[-42.14083,-20.99267],[-42.08451,-21.0224],[-42.07928,-21.03511],[-42.10071,-21.03397],[-42.10094,-21.04928],[-42.13276,-21.08059],[-42.1397,-21.10255],[-42.16396,-21.10097],[-42.17024,-21.12816],[-42.19171,-21.1481],[-42.20809,-21.17773],[-42.19468,-21.20127],[-42.20254,-21.2212],[-42.19085,-21.22372],[-42.18929,-21.24942],[-42.22852,-21.28232],[-42.22943,-21.30797],[-42.23782,-21.3182],[-42.22371,-21.33751],[-42.23581,-21.34325],[-42.22946,-21.36608],[-42.25203,-21.38603],[-42.23896,-21.40301],[-42.27866,-21.41009],[-42.27508,-21.42786],[-42.29221,-21.45955],[-42.26821,-21.46838],[-42.25257,-21.49321],[-42.27335,-21.50369],[-42.28532,-21.52731],[-42.30593,-21.52905],[-42.31386,-21.5551],[-42.34585,-21.58248],[-42.36871,-21.61896],[-42.35532,-21.62537],[-42.36941,-21.63981],[-42.34675,-21.64269],[-42.34052,-21.66019],[-42.30137,-21.65482],[-42.27488,-21.67643],[-42.26493,-21.6936],[-42.26695,-21.71372],[-42.3068,-21.72904],[-42.33542,-21.74576],[-42.35613,-21.74141],[-42.39078,-21.75973],[-42.46024,-21.78497],[-42.58198,-21.83724],[-42.57946,-21.84522],[-42.66845,-21.87478],[-42.79131,-21.93039],[-42.88209,-21.95963],[-42.90867,-21.99001],[-42.96601,-22.01444],[-42.99284,-22.03512],[-43.00768,-22.03172],[-43.03902,-22.04612],[-43.03274,-22.06541],[-43.07371,-22.09286],[-43.0776,-22.08363],[-43.10633,-22.08355],[-43.13612,-22.10918],[-43.1537,-22.0775],[-43.13367,-22.05852],[-43.13072,-22.0292],[-43.15471,-22.03194],[-43.16913,-22.02172],[-43.20162,-22.03662],[-43.20257,-22.02502],[-43.21935,-22.03292],[-43.24613,-22.00655],[-43.2801,-22.01055],[-43.29866,-22.01959],[-43.31954,-22.00621],[-43.34644,-22.00307],[-43.41885,-22.05332],[-43.46205,-22.07216],[-43.50711,-22.07402],[-43.51319,-22.05884],[-43.52516,-22.07153],[-43.56652,-22.08724],[-43.58411,-22.07004],[-43.58566,-22.05154],[-43.62032,-22.08336],[-43.64396,-22.06583],[-43.66519,-22.07397],[-43.6736,-22.08935],[-43.68149,-22.07113],[-43.71952,-22.08072],[-43.73213,-22.09641],[-43.77701,-22.06629],[-43.84297,-22.09847],[-43.85724,-22.09466],[-43.88019,-22.11316],[-43.96501,-22.13958],[-44.00463,-22.1619],[-44.02352,-22.15089],[-44.04058,-22.16011],[-44.06597,-22.16162],[-44.07644,-22.17492],[-44.09966,-22.17282],[-44.10466,-22.18409],[-44.15325,-22.22646],[-44.17983,-22.22757],[-44.20127,-22.25108],[-44.2129,-22.24578],[-44.22396,-22.25884],[-44.25986,-22.26788],[-44.26433,-22.24376],[-44.29108,-22.24257],[-44.30136,-22.25306],[-44.33681,-22.25819],[-44.35983,-22.25218],[-44.38716,-22.27201],[-44.39437,-22.25842],[-44.43278,-22.25092],[-44.45602,-22.25676],[-44.46758,-22.27911],[-44.49635,-22.30239],[-44.51324,-22.30851],[-44.54307,-22.33127],[-44.56391,-22.33189],[-44.58862,-22.31992],[-44.62574,-22.33561],[-44.64583,-22.36465],[-44.66605,-22.3727],[-44.65366,-22.36449]]]}},{"type":"Feature","properties":{"id":"33","phone_code":"33","phone_code_1_digit":"3"},"geometry":{"type":"MultiPolygon","coordinates":[[[[-45.68808,-22.56227],[-45.67972,-22.53673],[-45.69422,-22.53373],[-45.70485,-22.50681],[-45.69892,-22.48053],[-45.6818,-22.46256],[-45.6906,-22.39735],[-45.67892,-22.37474],[-45.67202,-22.33807],[-45.64969,-22.33507],[-45.65409,-22.35052],[-45.63055,-22.37771],[-45.61238,-22.35855],[-45.60447,-22.37669],[-45.58933,-22.37804],[-45.56802,-22.39656],[-45.57841,-22.42807],[-45.54919,-22.43317],[-45.54275,-22.46272],[-45.55266,-22.50316],[-45.56736,-22.52832],[-45.58196,-22.53314],[-45.58116,-22.57507],[-45.57081,-22.58115],[-45.57608,-22.60121],[-45.58955,-22.61857],[-45.60464,-22.61994],[-45.61769,-22.63743],[-45.66574,-22.65071],[-45.68064,-22.63585],[-45.65842,-22.59762],[-45.66013,-22.57735],[-45.67827,-22.5728],[-45.68808,-22.56227]]],[[[-42.73647,-19.16679],[-42.71978,-19.1625],[-42.71967,-19.14742],[-42.70495,-19.13868],[-42.71741,-19.11503],[-42.70984,-19.10499],[-42.66436,-19.09731],[-42.64427,-19.07237],[-42.61578,-19.05118],[-42.59597,-19.05149],[-42.58873,-19.02199],[-42.61066,-19.01218],[-42.61614,-18.99043],[-42.65573,-18.97566],[-42.66158,-18.96063],[-42.68067,-18.95263],[-42.67945,-18.93294],[-42.70291,-18.91813],[-42.72961,-18.9242],[-42.74675,-18.92029],[-42.75767,-18.89977],[-42.77314,-18.90625],[-42.78394,-18.89495],[-42.79526,-18.91357],[-42.78318,-18.92158],[-42.79288,-18.93685],[-42.77568,-18.97382],[-42.80366,-18.98951],[-42.81036,-19.01134],[-42.78744,-19.03307],[-42.80717,-19.06737],[-42.80107,-19.09497],[-42.76943,-19.11721],[-42.7478,-19.14947],[-42.75897,-19.14393],[-42.8212,-19.15978],[-42.83025,-19.14111],[-42.84734,-19.1424],[-42.89208,-19.11151],[-42.92066,-19.1107],[-42.93339,-19.11783],[-42.94647,-19.15069],[-42.98865,-19.12373],[-42.99633,-19.09987],[-43.00933,-19.10266],[-43.01989,-19.08395],[-43.0352,-19.08316],[-43.09194,-19.04695],[-43.08411,-19.02461],[-43.12172,-19.00077],[-43.12203,-18.98765],[-43.15634,-18.97067],[-43.1747,-18.93952],[-43.17712,-18.90632],[-43.20787,-18.86417],[-43.19992,-18.86023],[-43.21367,-18.81694],[-43.20539,-18.78973],[-43.22884,-18.76686],[-43.24717,-18.76216],[-43.22997,-18.74234],[-43.23017,-18.73187],[-43.20539,-18.71744],[-43.18725,-18.72267],[-43.18572,-18.71175],[-43.21164,-18.69326],[-43.21265,-18.63756],[-43.2049,-18.6203],[-43.2147,-18.61437],[-43.19903,-18.56677],[-43.20324,-18.55373],[-43.22903,-18.54714],[-43.24808,-18.52883],[-43.27767,-18.51955],[-43.31,-18.52889],[-43.34353,-18.52261],[-43.35365,-18.53282],[-43.37278,-18.52301],[-43.37586,-18.49779],[-43.36748,-18.47693],[-43.38126,-18.4458],[-43.35486,-18.42451],[-43.34809,-18.39803],[-43.32137,-18.39765],[-43.31112,-18.38968],[-43.2838,-18.39618],[-43.27053,-18.38567],[-43.24554,-18.39828],[-43.23995,-18.41664],[-43.21903,-18.43027],[-43.20228,-18.43114],[-43.19339,-18.46096],[-43.16964,-18.48262],[-43.10153,-18.46822],[-43.10412,-18.43485],[-43.13672,-18.42105],[-43.1339,-18.39402],[-43.14964,-18.37937],[-43.14009,-18.36958],[-43.16047,-18.35492],[-43.1682,-18.33825],[-43.20303,-18.34051],[-43.21914,-18.32551],[-43.22031,-18.30191],[-43.24822,-18.32859],[-43.26398,-18.30712],[-43.25892,-18.2888],[-43.27472,-18.27088],[-43.27275,-18.25138],[-43.257,-18.27235],[-43.23837,-18.2746],[-43.22117,-18.24184],[-43.24384,-18.19278],[-43.22771,-18.21088],[-43.21662,-18.20606],[-43.19814,-18.21766],[-43.18595,-18.20163],[-43.18261,-18.17506],[-43.14851,-18.12541],[-43.13884,-18.12205],[-43.13222,-18.09455],[-43.09097,-18.0989],[-43.07798,-18.0694],[-43.06159,-18.07047],[-43.03453,-18.08606],[-43.03556,-18.10014],[-43.00692,-18.12378],[-42.99172,-18.14747],[-42.96733,-18.14957],[-42.96786,-18.13094],[-42.94303,-18.1119],[-42.90912,-18.10978],[-42.88117,-18.12561],[-42.87561,-18.11441],[-42.85869,-18.12289],[-42.84184,-18.09432],[-42.82075,-18.08872],[-42.8135,-18.09829],[-42.77817,-18.10417],[-42.76826,-18.08113],[-42.74589,-18.08923],[-42.73392,-18.08009],[-42.72053,-18.09323],[-42.70295,-18.09132],[-42.69395,-18.06801],[-42.66497,-18.04807],[-42.63128,-18.04111],[-42.60509,-17.99989],[-42.62077,-17.9615],[-42.6331,-17.95626],[-42.64378,-17.92317],[-42.66034,-17.9229],[-42.659,-17.90733],[-42.67745,-17.90002],[-42.67912,-17.88498],[-42.69682,-17.86937],[-42.66746,-17.85662],[-42.6515,-17.82399],[-42.65931,-17.81771],[-42.64392,-17.77702],[-42.61756,-17.74173],[-42.60669,-17.71648],[-42.58766,-17.72228],[-42.61718,-17.68743],[-42.61431,-17.66929],[-42.64142,-17.66458],[-42.67254,-17.65008],[-42.67001,-17.63161],[-42.6957,-17.58854],[-42.67731,-17.56645],[-42.6922,-17.55987],[-42.6532,-17.55131],[-42.66373,-17.58442],[-42.61664,-17.59846],[-42.60584,-17.61874],[-42.58856,-17.63099],[-42.56442,-17.63495],[-42.5402,-17.62544],[-42.54829,-17.5919],[-42.58151,-17.56335],[-42.58001,-17.54378],[-42.60147,-17.50924],[-42.58436,-17.47603],[-42.55965,-17.48798],[-42.56456,-17.4628],[-42.58167,-17.41748],[-42.58044,-17.38601],[-42.56701,-17.36964],[-42.57549,-17.3436],[-42.60015,-17.34165],[-42.60932,-17.38694],[-42.65782,-17.36177],[-42.68867,-17.33282],[-42.69256,-17.27493],[-42.69764,-17.2524],[-42.69028,-17.20236],[-42.67117,-17.18588],[-42.65779,-17.16198],[-42.66176,-17.14768],[-42.70392,-17.12004],[-42.73861,-17.13559],[-42.77598,-17.17851],[-42.82239,-17.18235],[-42.82518,-17.17236],[-42.8124,-17.13071],[-42.82129,-17.10605],[-42.79137,-17.04947],[-42.79986,-17.00011],[-42.79067,-16.98068],[-42.77881,-16.982],[-42.76545,-16.96098],[-42.77693,-16.94518],[-42.75781,-16.94451],[-42.76053,-16.92601],[-42.74329,-16.90745],[-42.75687,-16.8848],[-42.73,-16.87334],[-42.7375,-16.85234],[-42.73445,-16.82831],[-42.68004,-16.8088],[-42.66123,-16.77952],[-42.66298,-16.76119],[-42.61984,-16.75326],[-42.61112,-16.73194],[-42.5795,-16.73188],[-42.56984,-16.74001],[-42.5427,-16.70909],[-42.47887,-16.6706],[-42.46704,-16.67391],[-42.44728,-16.65574],[-42.4417,-16.66265],[-42.40776,-16.64701],[-42.39998,-16.6333],[-42.42423,-16.62581],[-42.4266,-16.58951],[-42.44103,-16.58051],[-42.44426,-16.55297],[-42.4606,-16.52391],[-42.46676,-16.48812],[-42.44087,-16.49622],[-42.40312,-16.46966],[-42.38457,-16.46715],[-42.36995,-16.47707],[-42.32337,-16.49316],[-42.28879,-16.49034],[-42.27925,-16.47386],[-42.25973,-16.46938],[-42.24526,-16.47798],[-42.1974,-16.46113],[-42.18111,-16.47839],[-42.15562,-16.47243],[-42.13971,-16.4545],[-42.11631,-16.45386],[-42.09698,-16.41909],[-42.10143,-16.40527],[-42.09265,-16.38644],[-42.0752,-16.38077],[-42.02604,-16.37754],[-41.9911,-16.38315],[-41.97756,-16.40264],[-41.95159,-16.40025],[-41.93417,-16.38179],[-41.89707,-16.36654],[-41.8925,-16.34973],[-41.91124,-16.30698],[-41.93195,-16.2813],[-41.91259,-16.25729],[-41.89645,-16.21104],[-41.86572,-16.17831],[-41.85036,-16.17194],[-41.82812,-16.17577],[-41.81253,-16.15191],[-41.79246,-16.17148],[-41.7758,-16.17041],[-41.7667,-16.1847],[-41.71562,-16.17898],[-41.68658,-16.15192],[-41.69516,-16.13086],[-41.68212,-16.10603],[-41.70748,-16.10987],[-41.71934,-16.08879],[-41.70572,-16.08384],[-41.70986,-16.05821],[-41.70064,-16.03685],[-41.66116,-16.01892],[-41.66056,-16.00764],[-41.63251,-15.98373],[-41.63393,-15.96615],[-41.61562,-15.95139],[-41.61854,-15.93783],[-41.66471,-15.93171],[-41.71151,-15.94809],[-41.7268,-15.96131],[-41.81673,-15.96872],[-41.83103,-15.979],[-41.85032,-15.95994],[-41.86438,-15.95911],[-41.87227,-15.93055],[-41.89228,-15.93249],[-41.91709,-15.9069],[-41.90498,-15.87489],[-41.88248,-15.84622],[-41.8649,-15.83658],[-41.85866,-15.80226],[-41.87937,-15.76979],[-41.88013,-15.74859],[-41.86576,-15.73799],[-41.83524,-15.73844],[-41.82018,-15.75758],[-41.7732,-15.76131],[-41.72771,-15.73706],[-41.71515,-15.75597],[-41.73234,-15.78648],[-41.71831,-15.80946],[-41.66667,-15.79519],[-41.64251,-15.74247],[-41.63193,-15.73689],[-41.66373,-15.68217],[-41.6382,-15.66098],[-41.6131,-15.65313],[-41.6041,-15.6329],[-41.62737,-15.60991],[-41.64526,-15.60457],[-41.66035,-15.61576],[-41.71296,-15.61088],[-41.74785,-15.58904],[-41.71432,-15.57789],[-41.70674,-15.55034],[-41.7122,-15.52277],[-41.68573,-15.52252],[-41.69464,-15.51198],[-41.67087,-15.50989],[-41.62812,-15.51523],[-41.59232,-15.50676],[-41.58976,-15.52049],[-41.55104,-15.5219],[-41.52979,-15.51667],[-41.52446,-15.52746],[-41.50397,-15.52651],[-41.44396,-15.48655],[-41.40276,-15.48281],[-41.3831,-15.49457],[-41.36217,-15.49422],[-41.35604,-15.49983],[-41.33082,-15.74421],[-41.29256,-15.73855],[-41.26818,-15.74824],[-41.237,-15.73705],[-41.21501,-15.73671],[-41.19666,-15.7499],[-41.1559,-15.76092],[-41.14396,-15.77143],[-41.12825,-15.74631],[-41.09251,-15.73822],[-41.07717,-15.71883],[-41.05304,-15.72465],[-41.03589,-15.71336],[-41.00568,-15.71338],[-40.97922,-15.69118],[-40.96274,-15.64794],[-40.94882,-15.65578],[-40.91395,-15.66052],[-40.90219,-15.69138],[-40.88117,-15.69401],[-40.84165,-15.68276],[-40.83093,-15.67019],[-40.82893,-15.6478],[-40.81646,-15.64711],[-40.77996,-15.67974],[-40.78557,-15.6918],[-40.76728,-15.71362],[-40.73715,-15.69986],[-40.74343,-15.68355],[-40.70683,-15.66594],[-40.69813,-15.66855],[-40.68193,-15.69856],[-40.66082,-15.70666],[-40.64457,-15.7284],[-40.62901,-15.71525],[-40.59944,-15.74673],[-40.59272,-15.77128],[-40.56704,-15.77546],[-40.57275,-15.78761],[-40.56309,-15.80244],[-40.53943,-15.79433],[-40.5179,-15.79705],[-40.51876,-15.78042],[-40.50593,-15.76644],[-40.48375,-15.77533],[-40.46025,-15.7533],[-40.43209,-15.77819],[-40.42466,-15.80525],[-40.3919,-15.81941],[-40.38212,-15.81403],[-40.32715,-15.81777],[-40.27434,-15.81758],[-40.23562,-15.80315],[-40.21788,-15.82614],[-40.20649,-15.85402],[-40.16573,-15.86791],[-40.16437,-15.90977],[-40.11668,-15.90304],[-40.11262,-15.91083],[-40.08462,-15.89666],[-40.08053,-15.92363],[-40.07129,-15.9257],[-40.05876,-15.95272],[-40.02221,-15.98998],[-40.01332,-15.98354],[-40.00406,-16.00137],[-39.99168,-15.99454],[-39.96359,-16.00487],[-39.95342,-15.99098],[-39.91477,-15.99952],[-39.93531,-16.02328],[-39.92183,-16.02816],[-39.88356,-16.06552],[-39.87704,-16.09115],[-39.85646,-16.11336],[-39.88298,-16.14442],[-39.89658,-16.14114],[-39.88257,-16.16332],[-39.88302,-16.19423],[-39.89803,-16.2009],[-39.93615,-16.24532],[-39.91973,-16.26327],[-39.9163,-16.28338],[-39.93229,-16.28314],[-39.95187,-16.29739],[-39.96929,-16.32723],[-39.97802,-16.31067],[-39.9897,-16.31171],[-39.99515,-16.3302],[-40.02484,-16.3569],[-40.03212,-16.39153],[-40.06881,-16.46026],[-40.08361,-16.46346],[-40.10293,-16.43654],[-40.13992,-16.4951],[-40.17083,-16.52369],[-40.15471,-16.56237],[-40.15948,-16.57986],[-40.18981,-16.5705],[-40.21165,-16.57266],[-40.23375,-16.55746],[-40.26077,-16.57391],[-40.27536,-16.57356],[-40.28726,-16.5971],[-40.29787,-16.652],[-40.31278,-16.67818],[-40.30198,-16.70771],[-40.30979,-16.73575],[-40.33546,-16.77925],[-40.32323,-16.8008],[-40.29428,-16.79616],[-40.28242,-16.80352],[-40.25657,-16.78796],[-40.25175,-16.85958],[-40.26565,-16.85985],[-40.28126,-16.90071],[-40.30239,-16.89178],[-40.32677,-16.90885],[-40.36611,-16.8737],[-40.37552,-16.8854],[-40.39958,-16.88809],[-40.41723,-16.8988],[-40.43035,-16.88814],[-40.44856,-16.8919],[-40.46001,-16.87799],[-40.49083,-16.88402],[-40.49231,-16.90364],[-40.51595,-16.96311],[-40.54506,-16.98373],[-40.5522,-17.01916],[-40.57129,-17.06541],[-40.5564,-17.08913],[-40.56253,-17.12586],[-40.57878,-17.14778],[-40.57423,-17.17987],[-40.55348,-17.18856],[-40.56193,-17.21191],[-40.55801,-17.2302],[-40.57087,-17.25249],[-40.54737,-17.28323],[-40.57186,-17.29429],[-40.59446,-17.32309],[-40.60864,-17.3265],[-40.59235,-17.345],[-40.59828,-17.38916],[-40.62309,-17.40551],[-40.59569,-17.4201],[-40.57709,-17.41315],[-40.55378,-17.4351],[-40.51929,-17.44634],[-40.52056,-17.45788],[-40.49506,-17.48626],[-40.48262,-17.48804],[-40.48868,-17.51932],[-40.47482,-17.53331],[-40.46003,-17.56803],[-40.44336,-17.57854],[-40.4317,-17.56709],[-40.4103,-17.56775],[-40.41783,-17.59862],[-40.39643,-17.62513],[-40.37158,-17.61198],[-40.35428,-17.6438],[-40.34346,-17.61597],[-40.32145,-17.64323],[-40.32244,-17.66084],[-40.29864,-17.67409],[-40.29773,-17.69579],[-40.28586,-17.70025],[-40.27998,-17.72231],[-40.25553,-17.71907],[-40.24857,-17.72972],[-40.22356,-17.73359],[-40.21328,-17.75321],[-40.2177,-17.79518],[-40.20414,-17.80485],[-40.20377,-17.82857],[-40.18603,-17.83205],[-40.174,-17.85138],[-40.21228,-17.89532],[-40.26317,-17.92155],[-40.26421,-17.9334],[-40.22644,-17.95778],[-40.22197,-17.97994],[-40.27529,-17.96209],[-40.29073,-17.94641],[-40.30581,-17.94688],[-40.34514,-17.92331],[-40.35523,-17.92998],[-40.39157,-17.92363],[-40.41703,-17.92656],[-40.45349,-17.91834],[-40.4638,-17.92773],[-40.48375,-17.90817],[-40.50295,-17.9102],[-40.52666,-17.89147],[-40.54705,-17.90682],[-40.58433,-17.91769],[-40.58523,-17.93763],[-40.61306,-17.93926],[-40.62577,-17.99058],[-40.64565,-17.99309],[-40.66139,-18.01244],[-40.68384,-18.0097],[-40.70499,-18.02341],[-40.72538,-18.00074],[-40.75038,-18.00943],[-40.77315,-18.00166],[-40.77081,-17.98059],[-40.79149,-17.97101],[-40.80886,-17.95185],[-40.82459,-17.96322],[-40.83665,-17.95671],[-40.86274,-17.98784],[-40.88233,-17.97008],[-40.90242,-17.9868],[-40.77292,-18.10709],[-40.77111,-18.15545],[-40.79333,-18.15968],[-40.86292,-18.13866],[-40.87717,-18.11895],[-40.88862,-18.12354],[-40.90384,-18.10971],[-40.93182,-18.13601],[-40.94962,-18.12881],[-40.94847,-18.14522],[-40.96178,-18.1537],[-40.97644,-18.14089],[-40.98665,-18.1463],[-40.98909,-18.17017],[-41.0142,-18.1571],[-41.0557,-18.16615],[-41.05608,-18.17837],[-41.09235,-18.19493],[-41.10406,-18.2128],[-41.09133,-18.22757],[-41.10235,-18.23649],[-41.09608,-18.2551],[-41.12711,-18.27644],[-41.15841,-18.30828],[-41.14977,-18.33588],[-41.14579,-18.37556],[-41.15921,-18.38098],[-41.16006,-18.40232],[-41.14684,-18.41097],[-41.16627,-18.41474],[-41.18041,-18.43221],[-41.17386,-18.44422],[-41.06343,-18.45286],[-41.02002,-18.45861],[-41.01662,-18.48203],[-41.0416,-18.60493],[-41.03257,-18.61828],[-41.05272,-18.62824],[-40.98764,-18.67668],[-40.9517,-18.68035],[-40.94111,-18.68882],[-40.93821,-18.77197],[-40.91941,-18.79992],[-40.91638,-18.81506],[-40.93764,-18.83122],[-40.94534,-18.82496],[-40.96352,-18.84069],[-41.02503,-18.83671],[-41.11012,-18.83846],[-41.13374,-18.79556],[-41.23215,-18.7968],[-41.24509,-18.82148],[-41.23743,-18.83429],[-41.24258,-18.85406],[-41.21439,-18.87716],[-41.20803,-18.85457],[-41.18902,-18.86374],[-41.16101,-18.85671],[-41.15257,-18.88613],[-41.12646,-18.89403],[-41.10328,-18.93358],[-41.06447,-18.94456],[-41.0611,-18.96721],[-41.04025,-18.98019],[-41.01721,-18.97656],[-41.03183,-18.99037],[-41.06606,-19.00591],[-41.0714,-19.02337],[-41.06517,-19.05085],[-41.05344,-19.06806],[-41.02502,-19.0795],[-41.01221,-19.07532],[-41.00807,-19.09779],[-40.98437,-19.10024],[-40.98091,-19.11202],[-40.95573,-19.12863],[-40.96156,-19.14358],[-40.94361,-19.14352],[-40.9407,-19.18009],[-40.92228,-19.20361],[-40.94177,-19.23333],[-40.93826,-19.2489],[-40.91981,-19.25134],[-40.91956,-19.27095],[-40.94411,-19.27906],[-40.93239,-19.29557],[-40.9073,-19.30833],[-40.93808,-19.34558],[-40.92805,-19.3814],[-40.95678,-19.39836],[-40.96753,-19.42996],[-40.9443,-19.46048],[-40.9708,-19.49412],[-40.97185,-19.50481],[-41.00898,-19.50678],[-41.04536,-19.48741],[-41.04051,-19.51544],[-41.04457,-19.53808],[-41.03647,-19.56997],[-41.07152,-19.58393],[-41.07372,-19.59818],[-41.09939,-19.60433],[-41.10821,-19.63898],[-41.1291,-19.64226],[-41.13823,-19.65824],[-41.16036,-19.66181],[-41.17733,-19.70281],[-41.17911,-19.73961],[-41.19068,-19.74538],[-41.17449,-19.76658],[-41.16579,-19.8101],[-41.1859,-19.82718],[-41.18449,-19.88848],[-41.20466,-19.90263],[-41.2278,-19.90456],[-41.2431,-19.93625],[-41.27104,-19.94172],[-41.29881,-19.93636],[-41.3113,-19.97128],[-41.3195,-19.97814],[-41.3077,-20.01253],[-41.31813,-20.04103],[-41.33316,-20.05835],[-41.33714,-20.08649],[-41.34482,-20.0885],[-41.34712,-20.12342],[-41.3615,-20.14159],[-41.38172,-20.18833],[-41.41074,-20.20688],[-41.75635,-20.20638],[-41.76538,-20.22343],[-41.77958,-20.29181],[-41.82244,-20.31061],[-41.83606,-20.32954],[-41.84799,-20.3297],[-41.85865,-20.37319],[-41.84466,-20.37688],[-41.83447,-20.4095],[-41.87469,-20.39754],[-41.87316,-20.41787],[-41.89847,-20.43922],[-41.91243,-20.46187],[-41.92782,-20.47178],[-41.93199,-20.49183],[-41.96288,-20.50543],[-41.98524,-20.48266],[-42.01548,-20.48677],[-42.0231,-20.49929],[-42.04046,-20.4962],[-42.07074,-20.5072],[-42.08946,-20.50734],[-42.09096,-20.49252],[-42.13491,-20.49364],[-42.13641,-20.46828],[-42.15568,-20.46686],[-42.16027,-20.45591],[-42.18463,-20.45009],[-42.18727,-20.43301],[-42.17947,-20.40565],[-42.1941,-20.37826],[-42.18488,-20.35305],[-42.20614,-20.32314],[-42.19677,-20.29267],[-42.21261,-20.28286],[-42.20616,-20.2562],[-42.21727,-20.24087],[-42.20091,-20.23613],[-42.1948,-20.19425],[-42.20031,-20.17452],[-42.21316,-20.16756],[-42.19706,-20.14649],[-42.2101,-20.1305],[-42.21039,-20.08905],[-42.24761,-20.08301],[-42.28321,-20.1106],[-42.30894,-20.11624],[-42.309,-20.13809],[-42.35755,-20.13974],[-42.36814,-20.12444],[-42.3943,-20.12432],[-42.4158,-20.13972],[-42.4186,-20.16162],[-42.44522,-20.19538],[-42.46826,-20.19265],[-42.50711,-20.19711],[-42.51844,-20.21149],[-42.53094,-20.25104],[-42.55697,-20.25822],[-42.53055,-20.2064],[-42.56552,-20.17711],[-42.61717,-20.1632],[-42.62818,-20.14578],[-42.60697,-20.13921],[-42.63091,-20.10856],[-42.623,-20.08133],[-42.65077,-20.04525],[-42.65324,-19.98616],[-42.62691,-19.95576],[-42.63708,-19.9282],[-42.56186,-19.896],[-42.54883,-19.87977],[-42.55275,-19.86759],[-42.52269,-19.84641],[-42.51988,-19.82876],[-42.50707,-19.82493],[-42.4983,-19.79543],[-42.47439,-19.77416],[-42.48339,-19.72627],[-42.49633,-19.71999],[-42.502,-19.68963],[-42.49422,-19.66239],[-42.48064,-19.64589],[-42.49775,-19.63536],[-42.49072,-19.61611],[-42.49444,-19.57504],[-42.52219,-19.5755],[-42.52381,-19.55667],[-42.51111,-19.55127],[-42.50283,-19.5158],[-42.51989,-19.50326],[-42.51444,-19.49196],[-42.48925,-19.4914],[-42.47555,-19.4666],[-42.43613,-19.46018],[-42.43177,-19.44043],[-42.39275,-19.45079],[-42.38478,-19.46789],[-42.38172,-19.44572],[-42.35527,-19.45019],[-42.33889,-19.44526],[-42.30038,-19.45645],[-42.28047,-19.44941],[-42.29494,-19.43257],[-42.29661,-19.41296],[-42.32911,-19.40988],[-42.34534,-19.39451],[-42.35311,-19.37408],[-42.37217,-19.36877],[-42.39011,-19.35215],[-42.38983,-19.32707],[-42.36977,-19.32846],[-42.35128,-19.28973],[-42.35149,-19.26698],[-42.33347,-19.26518],[-42.33697,-19.25237],[-42.31339,-19.25319],[-42.32313,-19.23246],[-42.34413,-19.23226],[-42.38595,-19.21923],[-42.40691,-19.20566],[-42.41258,-19.18815],[-42.43209,-19.18515],[-42.48208,-19.15509],[-42.51284,-19.15488],[-42.51936,-19.18969],[-42.53597,-19.21457],[-42.54036,-19.245],[-42.55131,-19.25391],[-42.55517,-19.29573],[-42.56902,-19.2904],[-42.59685,-19.32157],[-42.62297,-19.33418],[-42.63624,-19.36138],[-42.64469,-19.35606],[-42.67894,-19.37038],[-42.712,-19.34332],[-42.74177,-19.35485],[-42.72617,-19.32138],[-42.74411,-19.28085],[-42.73903,-19.25947],[-42.74351,-19.22673],[-42.77622,-19.21634],[-42.77332,-19.20479],[-42.79258,-19.18782],[-42.78853,-19.17],[-42.77344,-19.1659],[-42.76681,-19.14942],[-42.74844,-19.15197],[-42.73647,-19.16679]]]]}},{"type":"Feature","properties":{"id":"34","phone_code":"34","phone_code_1_digit":"3"},"geometry":{"type":"MultiPolygon","coordinates":[[[[-47.22628,-20.24177],[-47.19199,-20.26542],[-47.18447,-20.29208],[-47.18799,-20.32119],[-47.21061,-20.32912],[-47.22076,-20.34494],[-47.2154,-20.36797],[-47.1838,-20.3948],[-47.19718,-20.41759],[-47.19851,-20.4497],[-47.21004,-20.46255],[-47.25904,-20.46845],[-47.29167,-20.44857],[-47.28684,-20.43468],[-47.29776,-20.34796],[-47.28451,-20.33152],[-47.27628,-20.29116],[-47.24582,-20.26097],[-47.23212,-20.22705],[-47.22628,-20.24177]]],[[[-50.8417,-19.49869],[-50.82447,-19.47458],[-50.86811,-19.43346],[-50.8741,-19.40955],[-50.86016,-19.39163],[-50.83742,-19.34519],[-50.82219,-19.29467],[-50.7883,-19.26223],[-50.77097,-19.25887],[-50.74633,-19.23443],[-50.74241,-19.19775],[-50.733,-19.18535],[-50.67865,-19.17237],[-50.67205,-19.16324],[-50.67758,-19.13765],[-50.64509,-19.13341],[-50.58455,-19.13693],[-50.57202,-19.12057],[-50.54214,-19.10435],[-50.50547,-19.05065],[-50.49461,-19.01241],[-50.50355,-19.00402],[-50.49959,-18.98067],[-50.51141,-18.95151],[-50.5011,-18.92965],[-50.46775,-18.9187],[-50.44103,-18.89033],[-50.42302,-18.8322],[-50.38577,-18.81927],[-50.37458,-18.80984],[-50.35186,-18.75984],[-50.3235,-18.71203],[-50.3058,-18.69502],[-50.2498,-18.67743],[-50.19846,-18.67863],[-50.16382,-18.66389],[-50.07958,-18.67179],[-50.04974,-18.64308],[-50.03656,-18.60942],[-50.01612,-18.59938],[-49.98099,-18.60419],[-49.97335,-18.61386],[-49.93119,-18.62354],[-49.9039,-18.62084],[-49.88351,-18.60857],[-49.8663,-18.62284],[-49.83569,-18.63623],[-49.81933,-18.63212],[-49.78322,-18.64088],[-49.77174,-18.61281],[-49.7378,-18.61647],[-49.70512,-18.59495],[-49.66927,-18.58987],[-49.6474,-18.60136],[-49.63508,-18.58956],[-49.65214,-18.57313],[-49.65124,-18.56066],[-49.62766,-18.55209],[-49.57479,-18.54187],[-49.55664,-18.54612],[-49.54193,-18.52697],[-49.54736,-18.50294],[-49.53687,-18.49328],[-49.50025,-18.49103],[-49.4853,-18.50898],[-49.48137,-18.56057],[-49.43194,-18.60628],[-49.41627,-18.63809],[-49.39727,-18.64655],[-49.37512,-18.63856],[-49.36471,-18.61691],[-49.34277,-18.59756],[-49.32852,-18.56338],[-49.29214,-18.56355],[-49.28856,-18.5429],[-49.27123,-18.52727],[-49.24836,-18.52246],[-49.24365,-18.50586],[-49.21949,-18.46884],[-49.19865,-18.45712],[-49.19453,-18.44008],[-49.21082,-18.42305],[-49.20521,-18.41133],[-49.15769,-18.41343],[-49.15413,-18.40229],[-49.12703,-18.38291],[-49.10835,-18.38339],[-49.11102,-18.40155],[-49.07658,-18.41632],[-49.05331,-18.40212],[-49.04154,-18.37605],[-49.02329,-18.36746],[-49.00551,-18.3739],[-48.98104,-18.35592],[-48.98374,-18.34095],[-48.93632,-18.30575],[-48.9173,-18.30542],[-48.90666,-18.31589],[-48.88244,-18.31839],[-48.8723,-18.33239],[-48.83163,-18.34568],[-48.82757,-18.37479],[-48.81591,-18.3792],[-48.78376,-18.35067],[-48.76974,-18.35515],[-48.75529,-18.34392],[-48.73016,-18.35281],[-48.70813,-18.34458],[-48.69729,-18.34971],[-48.64064,-18.3398],[-48.63337,-18.32719],[-48.59682,-18.33435],[-48.56096,-18.32343],[-48.55054,-18.34963],[-48.53066,-18.35061],[-48.5152,-18.36596],[-48.49233,-18.35251],[-48.48097,-18.36019],[-48.48078,-18.37968],[-48.44521,-18.35484],[-48.43612,-18.36485],[-48.40527,-18.35588],[-48.4032,-18.37073],[-48.34118,-18.36925],[-48.31318,-18.38438],[-48.3145,-18.3637],[-48.28986,-18.34939],[-48.27862,-18.33107],[-48.25495,-18.34353],[-48.22636,-18.34526],[-48.22051,-18.36183],[-48.16091,-18.37177],[-48.14735,-18.40775],[-48.11559,-18.42595],[-48.07774,-18.43008],[-48.06096,-18.41259],[-48.03893,-18.43328],[-47.99746,-18.45413],[-47.98046,-18.4424],[-47.97876,-18.4755],[-47.96451,-18.4769],[-47.96175,-18.49561],[-47.9291,-18.48738],[-47.91382,-18.46612],[-47.88974,-18.47644],[-47.86288,-18.46437],[-47.8732,-18.45869],[-47.86001,-18.43973],[-47.83834,-18.4513],[-47.82944,-18.41296],[-47.80868,-18.40041],[-47.79805,-18.41585],[-47.77857,-18.42367],[-47.75868,-18.40981],[-47.74012,-18.36338],[-47.71641,-18.36163],[-47.69965,-18.37853],[-47.68601,-18.35699],[-47.67026,-18.35701],[-47.65713,-18.32734],[-47.64771,-18.34024],[-47.62574,-18.33384],[-47.61082,-18.31493],[-47.63832,-18.28722],[-47.61857,-18.27125],[-47.62534,-18.25897],[-47.60188,-18.25583],[-47.6067,-18.24628],[-47.58136,-18.23464],[-47.53857,-18.19305],[-47.53874,-18.2273],[-47.51757,-18.21014],[-47.51776,-18.19841],[-47.49674,-18.19864],[-47.47954,-18.17676],[-47.46351,-18.1769],[-47.4508,-18.15871],[-47.43543,-18.16713],[-47.42834,-18.13882],[-47.39643,-18.1414],[-47.40688,-18.13129],[-47.39335,-18.11578],[-47.36908,-18.11479],[-47.35544,-18.10465],[-47.35735,-18.08456],[-47.32233,-18.06923],[-47.28276,-18.05777],[-47.28355,-18.04049],[-47.28306,-18.02178],[-47.26829,-18.00417],[-47.24524,-18.00471],[-47.21862,-17.98924],[-47.20918,-17.96864],[-47.19376,-17.9627],[-47.17203,-17.92923],[-47.15335,-17.93755],[-47.16202,-17.96124],[-47.11621,-17.94146],[-47.09963,-17.90535],[-47.09313,-17.92202],[-47.07207,-17.92439],[-47.06576,-17.93642],[-47.05332,-17.92831],[-47.04477,-17.94068],[-47.02971,-17.93569],[-46.99623,-17.89993],[-46.97166,-17.89863],[-46.96698,-17.86972],[-46.94096,-17.84718],[-46.94585,-17.8205],[-46.93721,-17.78557],[-46.92315,-17.77033],[-46.93338,-17.74968],[-46.92024,-17.74325],[-46.91542,-17.70626],[-46.8922,-17.69439],[-46.88874,-17.67002],[-46.86734,-17.67079],[-46.88104,-17.64952],[-46.87715,-17.62364],[-46.81585,-17.6061],[-46.80131,-17.59096],[-46.77123,-17.61434],[-46.74607,-17.62056],[-46.71998,-17.61235],[-46.69696,-17.57959],[-46.66593,-17.56295],[-46.67374,-17.55278],[-46.64806,-17.52816],[-46.62065,-17.52554],[-46.60643,-17.49795],[-46.58564,-17.5156],[-46.56697,-17.49416],[-46.54452,-17.48793],[-46.52454,-17.50426],[-46.5171,-17.52177],[-46.48148,-17.53229],[-46.48125,-17.54972],[-46.46374,-17.55033],[-46.45683,-17.57539],[-46.44536,-17.56898],[-46.43034,-17.59515],[-46.41626,-17.58806],[-46.41657,-17.60515],[-46.38839,-17.61034],[-46.37295,-17.62684],[-46.35443,-17.66392],[-46.36435,-17.69286],[-46.33193,-17.71619],[-46.33018,-17.73603],[-46.3121,-17.73099],[-46.3109,-17.74958],[-46.32968,-17.76574],[-46.30586,-17.78728],[-46.28707,-17.86033],[-46.27491,-17.86953],[-46.25936,-17.91611],[-46.27497,-17.9437],[-46.26639,-17.97174],[-46.26489,-18.00557],[-46.27516,-18.01784],[-46.26035,-18.04509],[-46.20903,-18.07012],[-46.18187,-18.07606],[-46.16445,-18.06799],[-46.13213,-18.08656],[-46.11176,-18.08044],[-46.08198,-18.09649],[-46.07343,-18.14147],[-46.06193,-18.14647],[-46.01887,-18.19748],[-46.00454,-18.22958],[-46.01032,-18.28909],[-46.004,-18.32083],[-46.02046,-18.36479],[-46.07823,-18.42556],[-46.09192,-18.42462],[-46.10834,-18.45731],[-46.09554,-18.47354],[-46.10612,-18.4895],[-46.10649,-18.52977],[-46.06477,-18.52676],[-46.06305,-18.54159],[-46.03651,-18.53497],[-46.01712,-18.54419],[-46.01427,-18.55672],[-45.99354,-18.55733],[-45.99133,-18.54226],[-45.96529,-18.53186],[-45.93749,-18.56848],[-45.91618,-18.56295],[-45.84501,-18.59577],[-45.80651,-18.56522],[-45.80948,-18.54226],[-45.79306,-18.48639],[-45.80554,-18.48493],[-45.77301,-18.46652],[-45.76718,-18.47925],[-45.74074,-18.48945],[-45.7237,-18.50843],[-45.70471,-18.48864],[-45.67573,-18.49364],[-45.64426,-18.48184],[-45.63276,-18.49072],[-45.63965,-18.51462],[-45.6221,-18.52258],[-45.62232,-18.55965],[-45.61698,-18.57264],[-45.63723,-18.6097],[-45.62512,-18.61962],[-45.63601,-18.62853],[-45.64065,-18.66568],[-45.66256,-18.68021],[-45.66857,-18.69831],[-45.69137,-18.70839],[-45.69332,-18.74007],[-45.7009,-18.75917],[-45.66323,-18.77987],[-45.64401,-18.77363],[-45.63259,-18.7913],[-45.64473,-18.79024],[-45.65156,-18.82192],[-45.64526,-18.83658],[-45.6682,-18.8483],[-45.67348,-18.89096],[-45.66376,-18.89888],[-45.69215,-18.9168],[-45.68495,-18.93581],[-45.70621,-18.95082],[-45.69927,-18.98638],[-45.71473,-18.99607],[-45.71151,-19.02914],[-45.73915,-19.04389],[-45.73707,-19.06347],[-45.74953,-19.07574],[-45.75381,-19.11112],[-45.77198,-19.11904],[-45.76854,-19.13007],[-45.79018,-19.16287],[-45.79456,-19.18865],[-45.81437,-19.2101],[-45.80712,-19.23408],[-45.84329,-19.28876],[-45.8393,-19.31183],[-45.85434,-19.32664],[-45.85159,-19.33913],[-45.86882,-19.34948],[-45.86664,-19.36428],[-45.88817,-19.38316],[-45.88276,-19.40908],[-45.88848,-19.43327],[-45.90504,-19.44727],[-45.88501,-19.48801],[-45.90862,-19.52672],[-45.90303,-19.53887],[-45.91915,-19.5422],[-45.93146,-19.58313],[-45.94415,-19.60443],[-45.98761,-19.6442],[-46.02139,-19.65522],[-46.03601,-19.64646],[-46.06192,-19.65707],[-46.06763,-19.63418],[-46.10757,-19.61279],[-46.10276,-19.59436],[-46.11093,-19.57309],[-46.13959,-19.55524],[-46.13687,-19.54389],[-46.10601,-19.52951],[-46.10962,-19.51699],[-46.12637,-19.51485],[-46.13379,-19.4986],[-46.10645,-19.46759],[-46.13412,-19.46235],[-46.14171,-19.43194],[-46.15544,-19.41085],[-46.19389,-19.42708],[-46.20834,-19.42303],[-46.23765,-19.43077],[-46.25004,-19.44698],[-46.2664,-19.43221],[-46.2842,-19.44336],[-46.28204,-19.46279],[-46.32584,-19.49365],[-46.31018,-19.51091],[-46.29615,-19.50649],[-46.30212,-19.52466],[-46.28798,-19.53571],[-46.26904,-19.57203],[-46.28334,-19.60882],[-46.26995,-19.62465],[-46.28162,-19.63312],[-46.30568,-19.6212],[-46.3259,-19.64202],[-46.29775,-19.66679],[-46.29601,-19.68428],[-46.27312,-19.68765],[-46.24632,-19.70402],[-46.24781,-19.74719],[-46.22054,-19.7725],[-46.22542,-19.79659],[-46.24395,-19.78472],[-46.25848,-19.79965],[-46.29787,-19.80222],[-46.31854,-19.81559],[-46.32304,-19.85179],[-46.31129,-19.86291],[-46.34143,-19.87593],[-46.37456,-19.86885],[-46.38264,-19.87949],[-46.39881,-19.87311],[-46.40331,-19.88481],[-46.42648,-19.86731],[-46.45862,-19.8853],[-46.47948,-19.87977],[-46.48779,-19.86587],[-46.50262,-19.87027],[-46.5292,-19.85808],[-46.54495,-19.8776],[-46.54753,-19.90701],[-46.57145,-19.89013],[-46.5856,-19.89751],[-46.61009,-19.93519],[-46.63032,-19.94047],[-46.63496,-19.96042],[-46.60776,-19.98301],[-46.6052,-19.99792],[-46.62315,-19.99172],[-46.61745,-20.00825],[-46.62887,-20.02178],[-46.62915,-20.03976],[-46.67228,-20.0507],[-46.69421,-20.04855],[-46.73518,-20.02895],[-46.80423,-20.02506],[-46.80451,-20.04014],[-46.83051,-20.04954],[-46.82437,-20.06225],[-46.83384,-20.09044],[-46.84878,-20.10005],[-46.84923,-20.12324],[-46.8269,-20.1423],[-46.82273,-20.15579],[-46.85537,-20.14222],[-46.89662,-20.1438],[-46.91884,-20.13428],[-46.92782,-20.15882],[-46.89295,-20.17249],[-46.90705,-20.18134],[-46.92968,-20.17172],[-46.96746,-20.17702],[-46.98365,-20.1958],[-47.03524,-20.18915],[-47.109,-20.20353],[-47.10315,-20.24574],[-47.11579,-20.25864],[-47.07775,-20.27581],[-47.12832,-20.28533],[-47.1424,-20.26446],[-47.14957,-20.23413],[-47.17737,-20.24179],[-47.19834,-20.22243],[-47.23063,-20.21868],[-47.25542,-20.1903],[-47.2566,-20.16573],[-47.29256,-20.14819],[-47.30923,-20.12403],[-47.35823,-20.10351],[-47.37412,-20.08319],[-47.40265,-20.08232],[-47.43868,-20.04919],[-47.44345,-20.02929],[-47.42507,-20.01723],[-47.46594,-19.96375],[-47.49728,-19.97116],[-47.50808,-19.98247],[-47.53971,-19.98385],[-47.55369,-19.99551],[-47.57856,-19.99478],[-47.59194,-20.00654],[-47.5943,-20.02542],[-47.61354,-20.04164],[-47.6354,-20.048],[-47.67049,-20.02163],[-47.6757,-20.00145],[-47.70379,-19.97943],[-47.73323,-19.98746],[-47.80014,-19.98457],[-47.83423,-19.9956],[-47.8593,-19.99247],[-47.87494,-20.01996],[-47.85986,-20.05293],[-47.86951,-20.06322],[-47.87817,-20.10258],[-47.89887,-20.1252],[-47.93365,-20.10738],[-47.94304,-20.09153],[-47.94803,-20.05529],[-47.97552,-20.0349],[-47.99015,-20.04439],[-47.9901,-20.0745],[-48.0029,-20.10417],[-48.0194,-20.11969],[-48.03774,-20.11653],[-48.04893,-20.13677],[-48.06999,-20.14615],[-48.11292,-20.14294],[-48.14727,-20.12367],[-48.15784,-20.10375],[-48.17815,-20.09571],[-48.18201,-20.07416],[-48.20295,-20.04499],[-48.22515,-20.02884],[-48.2472,-20.03531],[-48.24368,-20.04693],[-48.25297,-20.07745],[-48.21853,-20.11492],[-48.22437,-20.13304],[-48.26102,-20.14278],[-48.28349,-20.13773],[-48.31591,-20.11326],[-48.3769,-20.12188],[-48.40532,-20.11304],[-48.45072,-20.12519],[-48.49066,-20.13766],[-48.55417,-20.12983],[-48.60018,-20.13924],[-48.62634,-20.15962],[-48.64576,-20.16647],[-48.69268,-20.16234],[-48.72907,-20.14983],[-48.78068,-20.16338],[-48.82167,-20.16108],[-48.85493,-20.17968],[-48.85335,-20.21124],[-48.8588,-20.23184],[-48.87177,-20.2414],[-48.88545,-20.27218],[-48.8883,-20.29438],[-48.8752,-20.31453],[-48.87957,-20.34788],[-48.86658,-20.39788],[-48.87814,-20.42918],[-48.89891,-20.4407],[-48.96257,-20.40265],[-48.96844,-20.39327],[-48.96132,-20.26283],[-48.97156,-20.20732],[-48.99179,-20.16492],[-49.02813,-20.15068],[-49.06702,-20.15428],[-49.08884,-20.21171],[-49.11999,-20.26945],[-49.13355,-20.284],[-49.1831,-20.31419],[-49.20253,-20.3042],[-49.2282,-20.30289],[-49.25935,-20.25792],[-49.26554,-20.22801],[-49.29878,-20.16661],[-49.30807,-20.10343],[-49.30799,-20.07709],[-49.29679,-20.01705],[-49.28346,-20.00431],[-49.24788,-19.99917],[-49.24858,-19.97206],[-49.26471,-19.96157],[-49.29707,-19.96008],[-49.33232,-19.97964],[-49.35602,-19.98625],[-49.43407,-19.98192],[-49.45335,-19.9776],[-49.49232,-19.94996],[-49.50299,-19.91947],[-49.55102,-19.90538],[-49.60556,-19.91604],[-49.63394,-19.93147],[-49.71168,-19.9308],[-49.73349,-19.92571],[-49.78199,-19.924],[-49.83481,-19.93285],[-49.85511,-19.94636],[-49.88787,-19.94484],[-49.96169,-19.91976],[-50.01172,-19.92626],[-50.04677,-19.91493],[-50.07905,-19.88552],[-50.10406,-19.86945],[-50.16086,-19.8777],[-50.19551,-19.86678],[-50.24468,-19.87629],[-50.28516,-19.86736],[-50.30896,-19.87358],[-50.35229,-19.86414],[-50.41235,-19.80422],[-50.47145,-19.77919],[-50.4985,-19.79532],[-50.51674,-19.79595],[-50.5444,-19.80968],[-50.57748,-19.81591],[-50.60687,-19.85751],[-50.63571,-19.8746],[-50.65763,-19.90669],[-50.72464,-19.92636],[-50.78313,-19.93677],[-50.81686,-19.95787],[-50.85111,-19.96931],[-50.8724,-19.98913],[-50.89672,-19.98969],[-50.93318,-20.01447],[-50.94658,-20.03079],[-50.96536,-20.03313],[-51.0,-20.08492],[-51.01741,-20.04793],[-51.00556,-20.02484],[-51.00433,-19.99876],[-51.02067,-19.96357],[-50.99973,-19.91766],[-50.99899,-19.90591],[-51.01883,-19.86999],[-51.02222,-19.80704],[-51.03946,-19.77666],[-51.02742,-19.75612],[-51.04496,-19.7371],[-51.0361,-19.68655],[-51.0127,-19.6539],[-50.98999,-19.60494],[-50.98708,-19.58905],[-50.9624,-19.58124],[-50.94607,-19.59123],[-50.92752,-19.58734],[-50.92369,-19.55816],[-50.93041,-19.54178],[-50.96247,-19.50012],[-50.96199,-19.48442],[-50.93402,-19.46714],[-50.8417,-19.49869]]]]}},{"type":"Feature","properties":{"id":"35","phone_code":"35","phone_code_1_digit":"3"},"geometry":{"type":"MultiPolygon","coordinates":[[[[-42.76943,-19.11721],[-42.80107,-19.09497],[-42.80717,-19.06737],[-42.78744,-19.03307],[-42.81036,-19.01134],[-42.80366,-18.98951],[-42.77568,-18.97382],[-42.79288,-18.93685],[-42.78318,-18.92158],[-42.79526,-18.91357],[-42.78394,-18.89495],[-42.77314,-18.90625],[-42.75767,-18.89977],[-42.74675,-18.92029],[-42.72961,-18.9242],[-42.70291,-18.91813],[-42.67945,-18.93294],[-42.68067,-18.95263],[-42.66158,-18.96063],[-42.65573,-18.97566],[-42.61614,-18.99043],[-42.61066,-19.01218],[-42.58873,-19.02199],[-42.59597,-19.05149],[-42.61578,-19.05118],[-42.64427,-19.07237],[-42.66436,-19.09731],[-42.70984,-19.10499],[-42.71741,-19.11503],[-42.70495,-19.13868],[-42.71967,-19.14742],[-42.71978,-19.1625],[-42.73647,-19.16679],[-42.74844,-19.15197],[-42.7478,-19.14947],[-42.76943,-19.11721]]],[[[-45.57081,-22.58115],[-45.58116,-22.57507],[-45.58196,-22.53314],[-45.56736,-22.52832],[-45.55266,-22.50316],[-45.54275,-22.46272],[-45.54919,-22.43317],[-45.57841,-22.42807],[-45.56802,-22.39656],[-45.58933,-22.37804],[-45.60447,-22.37669],[-45.61238,-22.35855],[-45.63055,-22.37771],[-45.65409,-22.35052],[-45.64969,-22.33507],[-45.67202,-22.33807],[-45.67892,-22.37474],[-45.6906,-22.39735],[-45.6818,-22.46256],[-45.69892,-22.48053],[-45.70485,-22.50681],[-45.69422,-22.53373],[-45.67972,-22.53673],[-45.68808,-22.56227],[-45.67827,-22.5728],[-45.695,-22.58585],[-45.71647,-22.57806],[-45.73416,-22.59696],[-45.72962,-22.61823],[-45.71703,-22.62052],[-45.69355,-22.65122],[-45.71574,-22.6615],[-45.74236,-22.65868],[-45.75011,-22.67075],[-45.78742,-22.69287],[-45.8112,-22.69823],[-45.81948,-22.72223],[-45.79519,-22.73853],[-45.75602,-22.72055],[-45.7277,-22.72319],[-45.71197,-22.7685],[-45.72859,-22.78475],[-45.72233,-22.81583],[-45.75447,-22.79242],[-45.7705,-22.80544],[-45.76652,-22.84186],[-45.79041,-22.85812],[-45.80241,-22.83331],[-45.82292,-22.8294],[-45.84768,-22.83734],[-45.86341,-22.86822],[-45.88847,-22.87533],[-45.89059,-22.84418],[-45.92213,-22.82355],[-45.9365,-22.84476],[-45.99191,-22.86911],[-46.008,-22.88874],[-46.02688,-22.88418],[-46.05083,-22.89584],[-46.09477,-22.89394],[-46.13865,-22.92227],[-46.15354,-22.91191],[-46.13644,-22.89005],[-46.14366,-22.85752],[-46.2337,-22.88134],[-46.23772,-22.89367],[-46.25808,-22.89009],[-46.26642,-22.8752],[-46.29458,-22.89733],[-46.31355,-22.88651],[-46.34419,-22.90405],[-46.36333,-22.89319],[-46.37505,-22.87052],[-46.37025,-22.83458],[-46.37636,-22.82733],[-46.36125,-22.78846],[-46.34304,-22.77697],[-46.33409,-22.75981],[-46.36003,-22.76086],[-46.38536,-22.73982],[-46.40619,-22.74043],[-46.439,-22.72624],[-46.45227,-22.7271],[-46.45774,-22.70661],[-46.47233,-22.70471],[-46.48019,-22.67783],[-46.46086,-22.67553],[-46.42726,-22.66087],[-46.39261,-22.66249],[-46.39586,-22.6455],[-46.42018,-22.63759],[-46.42256,-22.62436],[-46.40431,-22.62041],[-46.42261,-22.59815],[-46.4122,-22.58521],[-46.43331,-22.57339],[-46.41097,-22.55383],[-46.43953,-22.53953],[-46.45294,-22.52194],[-46.48412,-22.51876],[-46.49073,-22.5099],[-46.5417,-22.49387],[-46.53022,-22.47037],[-46.54942,-22.46906],[-46.55437,-22.44616],[-46.5722,-22.45265],[-46.59128,-22.43763],[-46.63116,-22.43535],[-46.66595,-22.41476],[-46.66047,-22.36556],[-46.6748,-22.36893],[-46.69717,-22.34273],[-46.70075,-22.32101],[-46.7175,-22.31646],[-46.70189,-22.2774],[-46.71044,-22.26346],[-46.67772,-22.22356],[-46.67385,-22.17582],[-46.64552,-22.17993],[-46.64001,-22.15724],[-46.61259,-22.14977],[-46.59808,-22.13591],[-46.61567,-22.13017],[-46.62294,-22.10932],[-46.65109,-22.09083],[-46.67048,-22.09686],[-46.71839,-22.0882],[-46.72171,-22.0745],[-46.66434,-22.06838],[-46.68498,-22.03682],[-46.67477,-22.02175],[-46.65172,-22.00985],[-46.61738,-22.01705],[-46.61384,-22.00134],[-46.64295,-21.97562],[-46.6532,-21.94122],[-46.66685,-21.93208],[-46.67201,-21.90869],[-46.65272,-21.89553],[-46.66628,-21.84857],[-46.69052,-21.83648],[-46.65075,-21.78896],[-46.65354,-21.77877],[-46.62558,-21.76574],[-46.63039,-21.74042],[-46.622,-21.71506],[-46.62926,-21.70256],[-46.62115,-21.67506],[-46.5765,-21.68458],[-46.56543,-21.67884],[-46.56547,-21.65824],[-46.54782,-21.64939],[-46.55253,-21.63759],[-46.51778,-21.61234],[-46.52155,-21.58403],[-46.4996,-21.55405],[-46.52373,-21.52138],[-46.50844,-21.48865],[-46.51861,-21.44847],[-46.56097,-21.44133],[-46.57607,-21.42648],[-46.60144,-21.44348],[-46.61481,-21.44099],[-46.62612,-21.41101],[-46.64828,-21.39124],[-46.64675,-21.36371],[-46.66508,-21.36068],[-46.69176,-21.38227],[-46.70552,-21.40437],[-46.71427,-21.39218],[-46.73659,-21.39197],[-46.77595,-21.36235],[-46.79131,-21.3732],[-46.83229,-21.36732],[-46.84164,-21.38863],[-46.89286,-21.41514],[-46.9338,-21.42477],[-46.9625,-21.41908],[-46.98392,-21.42622],[-47.01079,-21.42176],[-47.01572,-21.39602],[-47.00413,-21.38309],[-47.00909,-21.37027],[-46.99779,-21.3503],[-47.01759,-21.33987],[-47.02054,-21.32115],[-47.03473,-21.31054],[-47.04453,-21.26563],[-47.05183,-21.24604],[-47.07684,-21.23975],[-47.06512,-21.20701],[-47.09824,-21.213],[-47.11834,-21.18527],[-47.11686,-21.15322],[-47.13306,-21.13298],[-47.1127,-21.10444],[-47.14184,-21.08775],[-47.13865,-21.0688],[-47.15658,-21.01835],[-47.14329,-20.98191],[-47.19212,-20.94158],[-47.18959,-20.92774],[-47.21001,-20.92366],[-47.23959,-20.88481],[-47.21403,-20.82674],[-47.2243,-20.79962],[-47.20662,-20.77506],[-47.18837,-20.77015],[-47.18581,-20.73066],[-47.16906,-20.71722],[-47.16476,-20.70116],[-47.14862,-20.70714],[-47.11485,-20.70673],[-47.10079,-20.68269],[-47.09693,-20.64386],[-47.11223,-20.63761],[-47.10829,-20.62033],[-47.12287,-20.61225],[-47.13721,-20.56063],[-47.15407,-20.51908],[-47.21104,-20.50182],[-47.25904,-20.46845],[-47.21004,-20.46255],[-47.19851,-20.4497],[-47.19718,-20.41759],[-47.1838,-20.3948],[-47.2154,-20.36797],[-47.22076,-20.34494],[-47.21061,-20.32912],[-47.18799,-20.32119],[-47.18447,-20.29208],[-47.19199,-20.26542],[-47.22628,-20.24177],[-47.23212,-20.22705],[-47.23063,-20.21868],[-47.19834,-20.22243],[-47.17737,-20.24179],[-47.14957,-20.23413],[-47.1424,-20.26446],[-47.12832,-20.28533],[-47.07775,-20.27581],[-47.11579,-20.25864],[-47.10315,-20.24574],[-47.109,-20.20353],[-47.03524,-20.18915],[-46.98365,-20.1958],[-46.96746,-20.17702],[-46.92968,-20.17172],[-46.90705,-20.18134],[-46.88643,-20.19283],[-46.86851,-20.17642],[-46.82209,-20.19546],[-46.80214,-20.21139],[-46.77554,-20.21771],[-46.78415,-20.22436],[-46.77667,-20.27373],[-46.75451,-20.26808],[-46.70437,-20.27222],[-46.67662,-20.30224],[-46.61059,-20.33346],[-46.59973,-20.32124],[-46.57131,-20.34255],[-46.56564,-20.36515],[-46.54128,-20.37072],[-46.52818,-20.35629],[-46.50937,-20.37302],[-46.45811,-20.40274],[-46.42251,-20.4145],[-46.43337,-20.43409],[-46.42347,-20.44927],[-46.41718,-20.4843],[-46.37565,-20.50769],[-46.36467,-20.52776],[-46.3462,-20.53266],[-46.33974,-20.55782],[-46.31014,-20.56662],[-46.29928,-20.60069],[-46.28695,-20.60967],[-46.28929,-20.63953],[-46.27534,-20.66043],[-46.25492,-20.65291],[-46.25089,-20.68424],[-46.21211,-20.68245],[-46.18983,-20.6982],[-46.17281,-20.69101],[-46.14787,-20.69615],[-46.12856,-20.71703],[-46.09538,-20.69534],[-46.07533,-20.69075],[-46.0455,-20.70218],[-46.02239,-20.69028],[-46.01661,-20.67203],[-45.99429,-20.63807],[-45.9904,-20.6154],[-45.97856,-20.6129],[-45.96775,-20.58895],[-45.94553,-20.61562],[-45.92021,-20.60764],[-45.90637,-20.62482],[-45.88879,-20.62313],[-45.87654,-20.63375],[-45.87592,-20.65153],[-45.8545,-20.65756],[-45.85,-20.66897],[-45.82928,-20.6742],[-45.7924,-20.71492],[-45.76248,-20.71022],[-45.73407,-20.73515],[-45.72163,-20.73627],[-45.65995,-20.71273],[-45.63886,-20.69657],[-45.61439,-20.70382],[-45.58342,-20.68679],[-45.56337,-20.68577],[-45.55305,-20.69539],[-45.52963,-20.68962],[-45.51814,-20.69731],[-45.49258,-20.69237],[-45.48511,-20.66833],[-45.45622,-20.67104],[-45.40433,-20.65296],[-45.38347,-20.66688],[-45.35706,-20.67443],[-45.31639,-20.65596],[-45.29121,-20.67049],[-45.26017,-20.65117],[-45.24661,-20.66572],[-45.20305,-20.66148],[-45.1835,-20.66996],[-45.14809,-20.66793],[-45.13203,-20.68543],[-45.14607,-20.69976],[-45.1262,-20.71966],[-45.10581,-20.71585],[-45.07156,-20.76278],[-45.06775,-20.80191],[-45.05667,-20.81705],[-45.03481,-20.80711],[-45.00506,-20.815],[-44.96769,-20.80725],[-44.94328,-20.81817],[-44.94281,-20.79898],[-44.93189,-20.79164],[-44.89583,-20.79279],[-44.87123,-20.80835],[-44.85561,-20.83452],[-44.83149,-20.84556],[-44.83578,-20.86416],[-44.80525,-20.89734],[-44.76836,-20.89706],[-44.75853,-20.87328],[-44.73039,-20.89123],[-44.70967,-20.84838],[-44.69683,-20.86844],[-44.68254,-20.87439],[-44.65964,-20.89866],[-44.66603,-20.95126],[-44.65942,-20.99033],[-44.64075,-20.99672],[-44.64295,-21.02588],[-44.62406,-21.05141],[-44.62034,-21.09691],[-44.58269,-21.08383],[-44.5767,-21.12214],[-44.55847,-21.13725],[-44.56828,-21.16843],[-44.56908,-21.21086],[-44.55692,-21.22087],[-44.5511,-21.25676],[-44.53689,-21.24061],[-44.51589,-21.23637],[-44.5135,-21.25802],[-44.49517,-21.26582],[-44.50797,-21.27928],[-44.52869,-21.28124],[-44.57432,-21.30926],[-44.55433,-21.31353],[-44.54825,-21.33737],[-44.52886,-21.33522],[-44.512,-21.35399],[-44.5146,-21.37453],[-44.53386,-21.38594],[-44.51353,-21.40745],[-44.50004,-21.39419],[-44.48176,-21.40852],[-44.46936,-21.4354],[-44.44719,-21.43887],[-44.46666,-21.45579],[-44.45522,-21.47069],[-44.46017,-21.49019],[-44.43884,-21.50471],[-44.46149,-21.51553],[-44.42444,-21.53215],[-44.42719,-21.55347],[-44.37119,-21.59759],[-44.34833,-21.59],[-44.33466,-21.5983],[-44.27097,-21.5762],[-44.2508,-21.60978],[-44.23961,-21.61294],[-44.21066,-21.57653],[-44.18733,-21.56394],[-44.17138,-21.5431],[-44.15383,-21.54685],[-44.16334,-21.57543],[-44.16323,-21.61532],[-44.13673,-21.65683],[-44.1208,-21.67015],[-44.11357,-21.66079],[-44.07611,-21.66266],[-44.06955,-21.67919],[-44.08035,-21.6967],[-44.07103,-21.71203],[-44.07971,-21.72895],[-44.06847,-21.74986],[-44.07713,-21.75781],[-44.07672,-21.79635],[-44.12068,-21.80347],[-44.13286,-21.82905],[-44.18422,-21.8252],[-44.22597,-21.84322],[-44.23669,-21.86912],[-44.23175,-21.89258],[-44.26072,-21.88914],[-44.28811,-21.91393],[-44.28586,-21.92845],[-44.31894,-21.92484],[-44.32721,-21.87025],[-44.36482,-21.86137],[-44.38274,-21.87366],[-44.39635,-21.86575],[-44.38972,-21.90368],[-44.38164,-21.91248],[-44.38429,-21.95934],[-44.4091,-21.97429],[-44.40678,-22.0152],[-44.42915,-22.03344],[-44.41927,-22.04863],[-44.43652,-22.0673],[-44.4278,-22.09962],[-44.43023,-22.1154],[-44.45783,-22.10287],[-44.45802,-22.11667],[-44.47732,-22.11958],[-44.49083,-22.13677],[-44.51753,-22.12566],[-44.5515,-22.13242],[-44.5622,-22.15072],[-44.56759,-22.18388],[-44.57734,-22.18904],[-44.58038,-22.21298],[-44.60497,-22.22153],[-44.59769,-22.25542],[-44.61708,-22.26747],[-44.60267,-22.27397],[-44.62119,-22.2955],[-44.63782,-22.29701],[-44.66619,-22.32031],[-44.65366,-22.36449],[-44.66605,-22.3727],[-44.7051,-22.37282],[-44.72355,-22.35946],[-44.74402,-22.37571],[-44.79328,-22.3866],[-44.80881,-22.40481],[-44.80755,-22.41362],[-44.83291,-22.43039],[-44.85917,-22.42255],[-44.8893,-22.43164],[-44.89895,-22.45325],[-44.93963,-22.45218],[-44.96542,-22.4747],[-44.99138,-22.46568],[-45.02671,-22.46974],[-45.02797,-22.46271],[-45.09069,-22.48261],[-45.14989,-22.50687],[-45.17761,-22.54939],[-45.2033,-22.55681],[-45.26048,-22.58287],[-45.26097,-22.60663],[-45.27543,-22.61647],[-45.29341,-22.61318],[-45.33252,-22.61715],[-45.36052,-22.63827],[-45.37016,-22.63683],[-45.39969,-22.65321],[-45.41008,-22.65118],[-45.41206,-22.62251],[-45.43511,-22.61783],[-45.47021,-22.59093],[-45.48889,-22.62845],[-45.5001,-22.62548],[-45.52449,-22.64639],[-45.57314,-22.65648],[-45.58393,-22.6512],[-45.55491,-22.62595],[-45.57608,-22.60121],[-45.57081,-22.58115]]]]}},{"type":"Feature","properties":{"id":"37","phone_code":"37","phone_code_1_digit":"3"},"geometry":{"type":"Polygon","coordinates":[[[-46.89295,-20.17249],[-46.92782,-20.15882],[-46.91884,-20.13428],[-46.89662,-20.1438],[-46.85537,-20.14222],[-46.82273,-20.15579],[-46.8269,-20.1423],[-46.84923,-20.12324],[-46.84878,-20.10005],[-46.83384,-20.09044],[-46.82437,-20.06225],[-46.83051,-20.04954],[-46.80451,-20.04014],[-46.80423,-20.02506],[-46.73518,-20.02895],[-46.69421,-20.04855],[-46.67228,-20.0507],[-46.62915,-20.03976],[-46.62887,-20.02178],[-46.61745,-20.00825],[-46.62315,-19.99172],[-46.6052,-19.99792],[-46.60776,-19.98301],[-46.63496,-19.96042],[-46.63032,-19.94047],[-46.61009,-19.93519],[-46.5856,-19.89751],[-46.57145,-19.89013],[-46.54753,-19.90701],[-46.54495,-19.8776],[-46.5292,-19.85808],[-46.50262,-19.87027],[-46.48779,-19.86587],[-46.47948,-19.87977],[-46.45862,-19.8853],[-46.42648,-19.86731],[-46.40331,-19.88481],[-46.39881,-19.87311],[-46.38264,-19.87949],[-46.37456,-19.86885],[-46.34143,-19.87593],[-46.31129,-19.86291],[-46.32304,-19.85179],[-46.31854,-19.81559],[-46.29787,-19.80222],[-46.25848,-19.79965],[-46.24395,-19.78472],[-46.22542,-19.79659],[-46.22054,-19.7725],[-46.24781,-19.74719],[-46.24632,-19.70402],[-46.27312,-19.68765],[-46.29601,-19.68428],[-46.29775,-19.66679],[-46.3259,-19.64202],[-46.30568,-19.6212],[-46.28162,-19.63312],[-46.26995,-19.62465],[-46.28334,-19.60882],[-46.26904,-19.57203],[-46.28798,-19.53571],[-46.30212,-19.52466],[-46.29615,-19.50649],[-46.31018,-19.51091],[-46.32584,-19.49365],[-46.28204,-19.46279],[-46.2842,-19.44336],[-46.2664,-19.43221],[-46.25004,-19.44698],[-46.23765,-19.43077],[-46.20834,-19.42303],[-46.19389,-19.42708],[-46.15544,-19.41085],[-46.14171,-19.43194],[-46.13412,-19.46235],[-46.10645,-19.46759],[-46.13379,-19.4986],[-46.12637,-19.51485],[-46.10962,-19.51699],[-46.10601,-19.52951],[-46.13687,-19.54389],[-46.13959,-19.55524],[-46.11093,-19.57309],[-46.10276,-19.59436],[-46.10757,-19.61279],[-46.06763,-19.63418],[-46.06192,-19.65707],[-46.03601,-19.64646],[-46.02139,-19.65522],[-45.98761,-19.6442],[-45.94415,-19.60443],[-45.93146,-19.58313],[-45.91915,-19.5422],[-45.90303,-19.53887],[-45.90862,-19.52672],[-45.88501,-19.48801],[-45.90504,-19.44727],[-45.88848,-19.43327],[-45.88276,-19.40908],[-45.88817,-19.38316],[-45.86664,-19.36428],[-45.86882,-19.34948],[-45.85159,-19.33913],[-45.85434,-19.32664],[-45.8393,-19.31183],[-45.84329,-19.28876],[-45.80712,-19.23408],[-45.81437,-19.2101],[-45.79456,-19.18865],[-45.79018,-19.16287],[-45.76854,-19.13007],[-45.77198,-19.11904],[-45.75381,-19.11112],[-45.74953,-19.07574],[-45.73707,-19.06347],[-45.73915,-19.04389],[-45.71151,-19.02914],[-45.71473,-18.99607],[-45.69927,-18.98638],[-45.70621,-18.95082],[-45.68495,-18.93581],[-45.69215,-18.9168],[-45.66376,-18.89888],[-45.67348,-18.89096],[-45.6682,-18.8483],[-45.64526,-18.83658],[-45.65156,-18.82192],[-45.64473,-18.79024],[-45.63259,-18.7913],[-45.64401,-18.77363],[-45.66323,-18.77987],[-45.7009,-18.75917],[-45.69332,-18.74007],[-45.69137,-18.70839],[-45.66857,-18.69831],[-45.66256,-18.68021],[-45.64065,-18.66568],[-45.63601,-18.62853],[-45.62512,-18.61962],[-45.63723,-18.6097],[-45.61698,-18.57264],[-45.62232,-18.55965],[-45.6221,-18.52258],[-45.63965,-18.51462],[-45.63276,-18.49072],[-45.64426,-18.48184],[-45.6392,-18.44172],[-45.62775,-18.41779],[-45.61212,-18.41218],[-45.61562,-18.39918],[-45.59312,-18.3921],[-45.58531,-18.37241],[-45.57285,-18.37226],[-45.57207,-18.35601],[-45.51754,-18.32796],[-45.51509,-18.31868],[-45.46621,-18.31882],[-45.44994,-18.32378],[-45.40624,-18.31699],[-45.3942,-18.2944],[-45.37037,-18.28568],[-45.36132,-18.26669],[-45.3444,-18.261],[-45.32373,-18.22835],[-45.28601,-18.21163],[-45.25955,-18.22275],[-45.2649,-18.24952],[-45.30509,-18.28854],[-45.30993,-18.31636],[-45.28681,-18.35126],[-45.30362,-18.38468],[-45.29901,-18.40072],[-45.30973,-18.42187],[-45.33656,-18.42847],[-45.35623,-18.44303],[-45.35802,-18.46708],[-45.34412,-18.47793],[-45.29768,-18.48736],[-45.25607,-18.52452],[-45.22526,-18.52067],[-45.21745,-18.54116],[-45.24028,-18.56688],[-45.23159,-18.59582],[-45.2439,-18.61769],[-45.24576,-18.63867],[-45.23429,-18.66539],[-45.19887,-18.7051],[-45.1904,-18.73475],[-45.20662,-18.78137],[-45.18429,-18.81554],[-45.15642,-18.8066],[-45.13451,-18.83946],[-45.12256,-18.81959],[-45.10295,-18.82089],[-45.10304,-18.84661],[-45.08634,-18.85411],[-45.06698,-18.84569],[-45.0479,-18.81746],[-45.00726,-18.82455],[-44.97832,-18.82344],[-44.9662,-18.8386],[-44.93565,-18.84562],[-44.9374,-18.8669],[-44.91447,-18.88466],[-44.91223,-18.86034],[-44.89034,-18.85922],[-44.87187,-18.84301],[-44.85839,-18.85662],[-44.85465,-18.845],[-44.83137,-18.84838],[-44.82587,-18.86347],[-44.78584,-18.86657],[-44.77606,-18.87779],[-44.78201,-18.8932],[-44.77878,-18.93191],[-44.76278,-18.93394],[-44.75876,-18.96281],[-44.7867,-18.95458],[-44.782,-18.98668],[-44.79448,-19.00403],[-44.77356,-18.99677],[-44.77444,-18.98336],[-44.74143,-18.9919],[-44.74665,-19.00733],[-44.73368,-19.0236],[-44.69986,-19.02561],[-44.6957,-19.04663],[-44.68006,-19.06719],[-44.69909,-19.08711],[-44.70908,-19.10897],[-44.68395,-19.14995],[-44.70489,-19.15765],[-44.70662,-19.16957],[-44.68445,-19.16087],[-44.67148,-19.17487],[-44.68656,-19.18225],[-44.69865,-19.21476],[-44.68245,-19.22197],[-44.66584,-19.21666],[-44.65242,-19.22625],[-44.66219,-19.24111],[-44.62678,-19.24556],[-44.62343,-19.26642],[-44.57782,-19.31262],[-44.57586,-19.32558],[-44.54858,-19.30945],[-44.53375,-19.31973],[-44.54164,-19.33281],[-44.56176,-19.33251],[-44.55898,-19.35449],[-44.53239,-19.35628],[-44.52509,-19.38484],[-44.54606,-19.4032],[-44.55017,-19.4269],[-44.56514,-19.45284],[-44.57815,-19.45195],[-44.58559,-19.48454],[-44.57365,-19.48281],[-44.57623,-19.5158],[-44.54234,-19.52526],[-44.58317,-19.55618],[-44.54576,-19.585],[-44.56741,-19.60091],[-44.53873,-19.60745],[-44.53048,-19.61854],[-44.52001,-19.60351],[-44.48937,-19.61943],[-44.50892,-19.62426],[-44.49722,-19.64042],[-44.51078,-19.66319],[-44.49232,-19.65843],[-44.47745,-19.66736],[-44.49955,-19.68366],[-44.49339,-19.71282],[-44.47189,-19.70747],[-44.46673,-19.72501],[-44.44045,-19.73355],[-44.44247,-19.78203],[-44.46412,-19.81057],[-44.47889,-19.80674],[-44.48631,-19.84141],[-44.51569,-19.86079],[-44.51781,-19.89628],[-44.54131,-19.8973],[-44.52492,-19.91371],[-44.52079,-19.93109],[-44.52723,-19.95295],[-44.54178,-19.9671],[-44.51362,-19.98302],[-44.51595,-19.99651],[-44.49825,-20.0128],[-44.50725,-20.03287],[-44.4968,-20.07763],[-44.47642,-20.08119],[-44.47595,-20.1042],[-44.4452,-20.14744],[-44.47467,-20.16875],[-44.49239,-20.15253],[-44.50759,-20.16974],[-44.54486,-20.16723],[-44.54436,-20.18732],[-44.55492,-20.21227],[-44.57322,-20.229],[-44.5744,-20.25094],[-44.56568,-20.27924],[-44.58247,-20.2797],[-44.59159,-20.29571],[-44.62277,-20.29897],[-44.63327,-20.32332],[-44.65153,-20.32105],[-44.65909,-20.33782],[-44.65469,-20.36418],[-44.6294,-20.38659],[-44.63473,-20.39404],[-44.61306,-20.42002],[-44.59411,-20.45706],[-44.56125,-20.47682],[-44.53373,-20.48626],[-44.48695,-20.44911],[-44.462,-20.44107],[-44.41797,-20.44106],[-44.39784,-20.42591],[-44.39589,-20.44362],[-44.37478,-20.4647],[-44.38034,-20.48445],[-44.32645,-20.50498],[-44.34617,-20.54157],[-44.32917,-20.55742],[-44.33109,-20.56953],[-44.30026,-20.60393],[-44.31773,-20.61376],[-44.35708,-20.608],[-44.35864,-20.63461],[-44.40358,-20.6679],[-44.39222,-20.68294],[-44.41666,-20.69633],[-44.42203,-20.7126],[-44.43042,-20.74334],[-44.42708,-20.75646],[-44.44845,-20.78642],[-44.47628,-20.79321],[-44.48272,-20.80698],[-44.51281,-20.83366],[-44.54892,-20.81924],[-44.5605,-20.80466],[-44.58245,-20.80848],[-44.596,-20.82249],[-44.61492,-20.81372],[-44.64308,-20.83914],[-44.6521,-20.87237],[-44.66511,-20.85239],[-44.70967,-20.84838],[-44.73039,-20.89123],[-44.75853,-20.87328],[-44.76836,-20.89706],[-44.80525,-20.89734],[-44.83578,-20.86416],[-44.83149,-20.84556],[-44.85561,-20.83452],[-44.87123,-20.80835],[-44.89583,-20.79279],[-44.93189,-20.79164],[-44.94281,-20.79898],[-44.94328,-20.81817],[-44.96769,-20.80725],[-45.00506,-20.815],[-45.03481,-20.80711],[-45.05667,-20.81705],[-45.06775,-20.80191],[-45.07156,-20.76278],[-45.10581,-20.71585],[-45.1262,-20.71966],[-45.14607,-20.69976],[-45.13203,-20.68543],[-45.14809,-20.66793],[-45.1835,-20.66996],[-45.20305,-20.66148],[-45.24661,-20.66572],[-45.26017,-20.65117],[-45.29121,-20.67049],[-45.31639,-20.65596],[-45.35706,-20.67443],[-45.38347,-20.66688],[-45.40433,-20.65296],[-45.45622,-20.67104],[-45.48511,-20.66833],[-45.49258,-20.69237],[-45.51814,-20.69731],[-45.52963,-20.68962],[-45.55305,-20.69539],[-45.56337,-20.68577],[-45.58342,-20.68679],[-45.61439,-20.70382],[-45.63886,-20.69657],[-45.65995,-20.71273],[-45.72163,-20.73627],[-45.73407,-20.73515],[-45.76248,-20.71022],[-45.7924,-20.71492],[-45.82928,-20.6742],[-45.85,-20.66897],[-45.8545,-20.65756],[-45.87592,-20.65153],[-45.87654,-20.63375],[-45.88879,-20.62313],[-45.90637,-20.62482],[-45.92021,-20.60764],[-45.94553,-20.61562],[-45.96775,-20.58895],[-45.97856,-20.6129],[-45.9904,-20.6154],[-45.99429,-20.63807],[-46.01661,-20.67203],[-46.02239,-20.69028],[-46.0455,-20.70218],[-46.07533,-20.69075],[-46.09538,-20.69534],[-46.12856,-20.71703],[-46.14787,-20.69615],[-46.17281,-20.69101],[-46.18983,-20.6982],[-46.21211,-20.68245],[-46.25089,-20.68424],[-46.25492,-20.65291],[-46.27534,-20.66043],[-46.28929,-20.63953],[-46.28695,-20.60967],[-46.29928,-20.60069],[-46.31014,-20.56662],[-46.33974,-20.55782],[-46.3462,-20.53266],[-46.36467,-20.52776],[-46.37565,-20.50769],[-46.41718,-20.4843],[-46.42347,-20.44927],[-46.43337,-20.43409],[-46.42251,-20.4145],[-46.45811,-20.40274],[-46.50937,-20.37302],[-46.52818,-20.35629],[-46.54128,-20.37072],[-46.56564,-20.36515],[-46.57131,-20.34255],[-46.59973,-20.32124],[-46.61059,-20.33346],[-46.67662,-20.30224],[-46.70437,-20.27222],[-46.75451,-20.26808],[-46.77667,-20.27373],[-46.78415,-20.22436],[-46.77554,-20.21771],[-46.80214,-20.21139],[-46.82209,-20.19546],[-46.86851,-20.17642],[-46.88643,-20.19283],[-46.90705,-20.18134],[-46.89295,-20.17249]]]}},{"type":"Feature","properties":{"id":"38","phone_code":"38","phone_code_1_digit":"3"},"geometry":{"type":"Polygon","coordinates":[[[-43.27836,-18.70006],[-43.29,-18.70932],[-43.29353,-18.69125],[-43.33306,-18.68587],[-43.33828,-18.6692],[-43.35789,-18.66323],[-43.3515,-18.67616],[-43.37916,-18.69711],[-43.40062,-18.72937],[-43.4139,-18.73168],[-43.42683,-18.75696],[-43.44914,-18.74533],[-43.46275,-18.75887],[-43.4967,-18.73611],[-43.4867,-18.72866],[-43.49173,-18.70314],[-43.52366,-18.69928],[-43.56456,-18.70419],[-43.56881,-18.6944],[-43.62986,-18.66756],[-43.64751,-18.66576],[-43.71709,-18.64509],[-43.72891,-18.64726],[-43.73631,-18.62464],[-43.75272,-18.62153],[-43.75273,-18.63744],[-43.76543,-18.63852],[-43.7764,-18.62143],[-43.799,-18.61075],[-43.81662,-18.6304],[-43.82164,-18.65786],[-43.86211,-18.67047],[-43.89933,-18.65866],[-43.9227,-18.63083],[-43.94664,-18.62949],[-44.00339,-18.64807],[-44.00364,-18.6637],[-43.98803,-18.6778],[-43.99107,-18.70281],[-43.9769,-18.7087],[-43.98458,-18.72432],[-43.97153,-18.73846],[-43.97248,-18.76749],[-43.96039,-18.79197],[-43.9784,-18.81161],[-43.9514,-18.82106],[-43.96814,-18.84366],[-43.94514,-18.83878],[-43.96776,-18.85991],[-43.95794,-18.86785],[-43.98859,-18.87801],[-43.99317,-18.91718],[-44.01248,-18.90372],[-44.03061,-18.90301],[-44.05709,-18.88446],[-44.06956,-18.91168],[-44.08467,-18.92545],[-44.10125,-18.92025],[-44.09928,-18.93445],[-44.12053,-18.94566],[-44.15896,-18.95093],[-44.18042,-18.94461],[-44.19082,-18.95606],[-44.22472,-18.96681],[-44.24942,-18.96783],[-44.26461,-18.98455],[-44.27373,-19.01272],[-44.30741,-19.02777],[-44.34262,-19.07102],[-44.3775,-19.07518],[-44.39342,-19.11736],[-44.43595,-19.14564],[-44.45117,-19.14173],[-44.46067,-19.16929],[-44.49575,-19.15931],[-44.54267,-19.1707],[-44.56979,-19.20154],[-44.62509,-19.22869],[-44.65242,-19.22625],[-44.66584,-19.21666],[-44.68245,-19.22197],[-44.69865,-19.21476],[-44.68656,-19.18225],[-44.67148,-19.17487],[-44.68445,-19.16087],[-44.70662,-19.16957],[-44.70489,-19.15765],[-44.68395,-19.14995],[-44.70908,-19.10897],[-44.69909,-19.08711],[-44.68006,-19.06719],[-44.6957,-19.04663],[-44.69986,-19.02561],[-44.73368,-19.0236],[-44.74665,-19.00733],[-44.74143,-18.9919],[-44.77444,-18.98336],[-44.77356,-18.99677],[-44.79448,-19.00403],[-44.782,-18.98668],[-44.7867,-18.95458],[-44.75876,-18.96281],[-44.76278,-18.93394],[-44.77878,-18.93191],[-44.78201,-18.8932],[-44.77606,-18.87779],[-44.78584,-18.86657],[-44.82587,-18.86347],[-44.83137,-18.84838],[-44.85465,-18.845],[-44.85839,-18.85662],[-44.87187,-18.84301],[-44.89034,-18.85922],[-44.91223,-18.86034],[-44.91447,-18.88466],[-44.9374,-18.8669],[-44.93565,-18.84562],[-44.9662,-18.8386],[-44.97832,-18.82344],[-45.00726,-18.82455],[-45.0479,-18.81746],[-45.06698,-18.84569],[-45.08634,-18.85411],[-45.10304,-18.84661],[-45.10295,-18.82089],[-45.12256,-18.81959],[-45.13451,-18.83946],[-45.15642,-18.8066],[-45.18429,-18.81554],[-45.20662,-18.78137],[-45.1904,-18.73475],[-45.19887,-18.7051],[-45.23429,-18.66539],[-45.24576,-18.63867],[-45.2439,-18.61769],[-45.23159,-18.59582],[-45.24028,-18.56688],[-45.21745,-18.54116],[-45.22526,-18.52067],[-45.25607,-18.52452],[-45.29768,-18.48736],[-45.34412,-18.47793],[-45.35802,-18.46708],[-45.35623,-18.44303],[-45.33656,-18.42847],[-45.30973,-18.42187],[-45.29901,-18.40072],[-45.30362,-18.38468],[-45.28681,-18.35126],[-45.30993,-18.31636],[-45.30509,-18.28854],[-45.2649,-18.24952],[-45.25955,-18.22275],[-45.28601,-18.21163],[-45.32373,-18.22835],[-45.3444,-18.261],[-45.36132,-18.26669],[-45.37037,-18.28568],[-45.3942,-18.2944],[-45.40624,-18.31699],[-45.44994,-18.32378],[-45.46621,-18.31882],[-45.51509,-18.31868],[-45.51754,-18.32796],[-45.57207,-18.35601],[-45.57285,-18.37226],[-45.58531,-18.37241],[-45.59312,-18.3921],[-45.61562,-18.39918],[-45.61212,-18.41218],[-45.62775,-18.41779],[-45.6392,-18.44172],[-45.64426,-18.48184],[-45.67573,-18.49364],[-45.70471,-18.48864],[-45.7237,-18.50843],[-45.74074,-18.48945],[-45.76718,-18.47925],[-45.77301,-18.46652],[-45.80554,-18.48493],[-45.79306,-18.48639],[-45.80948,-18.54226],[-45.80651,-18.56522],[-45.84501,-18.59577],[-45.91618,-18.56295],[-45.93749,-18.56848],[-45.96529,-18.53186],[-45.99133,-18.54226],[-45.99354,-18.55733],[-46.01427,-18.55672],[-46.01712,-18.54419],[-46.03651,-18.53497],[-46.06305,-18.54159],[-46.06477,-18.52676],[-46.10649,-18.52977],[-46.10612,-18.4895],[-46.09554,-18.47354],[-46.10834,-18.45731],[-46.09192,-18.42462],[-46.07823,-18.42556],[-46.02046,-18.36479],[-46.004,-18.32083],[-46.01032,-18.28909],[-46.00454,-18.22958],[-46.01887,-18.19748],[-46.06193,-18.14647],[-46.07343,-18.14147],[-46.08198,-18.09649],[-46.11176,-18.08044],[-46.13213,-18.08656],[-46.16445,-18.06799],[-46.18187,-18.07606],[-46.20903,-18.07012],[-46.26035,-18.04509],[-46.27516,-18.01784],[-46.26489,-18.00557],[-46.26639,-17.97174],[-46.27497,-17.9437],[-46.25936,-17.91611],[-46.27491,-17.86953],[-46.28707,-17.86033],[-46.30586,-17.78728],[-46.32968,-17.76574],[-46.3109,-17.74958],[-46.3121,-17.73099],[-46.33018,-17.73603],[-46.33193,-17.71619],[-46.36435,-17.69286],[-46.35443,-17.66392],[-46.37295,-17.62684],[-46.38839,-17.61034],[-46.41657,-17.60515],[-46.41626,-17.58806],[-46.43034,-17.59515],[-46.44536,-17.56898],[-46.45683,-17.57539],[-46.46374,-17.55033],[-46.48125,-17.54972],[-46.48148,-17.53229],[-46.5171,-17.52177],[-46.52454,-17.50426],[-46.54452,-17.48793],[-46.56697,-17.49416],[-46.58564,-17.5156],[-46.60643,-17.49795],[-46.62065,-17.52554],[-46.64806,-17.52816],[-46.67374,-17.55278],[-46.66593,-17.56295],[-46.69696,-17.57959],[-46.71998,-17.61235],[-46.74607,-17.62056],[-46.77123,-17.61434],[-46.80131,-17.59096],[-46.81585,-17.6061],[-46.87715,-17.62364],[-46.88104,-17.64952],[-46.86734,-17.67079],[-46.88874,-17.67002],[-46.8922,-17.69439],[-46.91542,-17.70626],[-46.92024,-17.74325],[-46.93338,-17.74968],[-46.92315,-17.77033],[-46.93721,-17.78557],[-46.94585,-17.8205],[-46.94096,-17.84718],[-46.96698,-17.86972],[-46.97166,-17.89863],[-46.99623,-17.89993],[-47.02971,-17.93569],[-47.04477,-17.94068],[-47.05332,-17.92831],[-47.06576,-17.93642],[-47.07207,-17.92439],[-47.09313,-17.92202],[-47.09963,-17.90535],[-47.11621,-17.94146],[-47.16202,-17.96124],[-47.15335,-17.93755],[-47.17203,-17.92923],[-47.19376,-17.9627],[-47.20918,-17.96864],[-47.21862,-17.98924],[-47.24524,-18.00471],[-47.26829,-18.00417],[-47.28306,-18.02178],[-47.28355,-18.04049],[-47.29641,-18.00893],[-47.3111,-18.0056],[-47.32088,-17.97928],[-47.3134,-17.96276],[-47.33324,-17.95106],[-47.34435,-17.92042],[-47.34479,-17.89821],[-47.35662,-17.89733],[-47.35327,-17.87048],[-47.37262,-17.82949],[-47.3476,-17.7978],[-47.35404,-17.78708],[-47.33249,-17.76735],[-47.34201,-17.75133],[-47.3366,-17.73696],[-47.3174,-17.72618],[-47.31324,-17.69856],[-47.29791,-17.68355],[-47.26954,-17.67375],[-47.27983,-17.65885],[-47.26783,-17.63726],[-47.26535,-17.60999],[-47.28285,-17.57856],[-47.30618,-17.558],[-47.32919,-17.52425],[-47.3741,-17.52346],[-47.39808,-17.51173],[-47.41376,-17.52106],[-47.46738,-17.5326],[-47.47727,-17.51087],[-47.49519,-17.52592],[-47.50312,-17.51504],[-47.50279,-17.48132],[-47.51386,-17.46035],[-47.54074,-17.45385],[-47.52688,-17.43991],[-47.53838,-17.38834],[-47.5141,-17.37559],[-47.52124,-17.35236],[-47.51077,-17.32512],[-47.48751,-17.34905],[-47.4596,-17.34369],[-47.44112,-17.34793],[-47.45444,-17.32928],[-47.43494,-17.31655],[-47.4191,-17.2919],[-47.43402,-17.27576],[-47.42246,-17.26011],[-47.39563,-17.24231],[-47.38672,-17.24889],[-47.38488,-17.22759],[-47.37424,-17.21587],[-47.36221,-17.22225],[-47.35155,-17.16604],[-47.33346,-17.16484],[-47.3106,-17.14586],[-47.30694,-17.15856],[-47.29538,-17.13817],[-47.28227,-17.14364],[-47.27421,-17.10364],[-47.24774,-17.0981],[-47.24729,-17.08131],[-47.23138,-17.08926],[-47.20893,-17.06772],[-47.18166,-17.0635],[-47.18401,-17.0355],[-47.16653,-17.04704],[-47.16113,-17.0289],[-47.1464,-17.0308],[-47.13235,-17.00488],[-47.14433,-17.00927],[-47.12569,-16.97905],[-47.15791,-16.96424],[-47.16615,-16.95218],[-47.15649,-16.94096],[-47.17394,-16.93243],[-47.15935,-16.92204],[-47.17922,-16.90245],[-47.19735,-16.90957],[-47.19274,-16.8827],[-47.20727,-16.8756],[-47.19957,-16.86107],[-47.20552,-16.83941],[-47.19309,-16.82475],[-47.21157,-16.8284],[-47.21847,-16.80918],[-47.21679,-16.77961],[-47.23046,-16.77496],[-47.23407,-16.74423],[-47.22265,-16.73096],[-47.22721,-16.71303],[-47.24526,-16.70052],[-47.24797,-16.67469],[-47.25939,-16.65451],[-47.2768,-16.65959],[-47.27787,-16.64776],[-47.32011,-16.60661],[-47.3339,-16.61668],[-47.33652,-16.59752],[-47.35643,-16.58828],[-47.3766,-16.5986],[-47.40041,-16.57183],[-47.41243,-16.57541],[-47.41307,-16.54767],[-47.4286,-16.55193],[-47.44397,-16.54031],[-47.44721,-16.51691],[-47.45938,-16.50153],[-47.45338,-16.46514],[-47.4314,-16.43969],[-47.42319,-16.41976],[-47.42674,-16.39371],[-47.40318,-16.37537],[-47.36584,-16.33105],[-47.35253,-16.30615],[-47.35042,-16.27429],[-47.3285,-16.24866],[-47.32202,-16.23086],[-47.33588,-16.20114],[-47.33152,-16.17129],[-47.34788,-16.15324],[-47.34957,-16.12878],[-47.33144,-16.10703],[-47.33671,-16.09314],[-47.31091,-16.08768],[-47.31532,-16.06688],[-47.3031,-16.05973],[-47.31069,-16.0327],[-47.28731,-16.00923],[-47.25364,-16.01874],[-47.21909,-16.01379],[-47.20736,-15.98701],[-47.18468,-15.98245],[-47.16435,-15.96422],[-47.16213,-15.94342],[-47.13474,-15.92771],[-47.13413,-15.94974],[-47.12522,-15.94334],[-47.08865,-15.96127],[-47.05236,-15.93746],[-46.82443,-15.88527],[-46.80846,-15.8827],[-46.80507,-15.85894],[-46.82279,-15.82418],[-46.81271,-15.78675],[-46.82701,-15.74881],[-46.82671,-15.72952],[-46.84202,-15.71422],[-46.85527,-15.68267],[-46.85365,-15.62017],[-46.88214,-15.60964],[-46.89663,-15.59273],[-46.91909,-15.58837],[-46.94866,-15.55415],[-46.94378,-15.51774],[-46.932,-15.48272],[-46.92919,-15.44109],[-46.91469,-15.41439],[-46.84905,-15.37272],[-46.86905,-15.36103],[-46.84752,-15.34631],[-46.83552,-15.3231],[-46.87347,-15.28491],[-46.88889,-15.2818],[-46.89105,-15.23481],[-46.90591,-15.23617],[-46.92722,-15.25465],[-46.94043,-15.23026],[-46.93691,-15.20457],[-46.88789,-15.11209],[-46.89733,-15.09377],[-46.9256,-15.07312],[-46.92463,-15.05706],[-46.91762,-15.04857],[-46.86374,-15.01994],[-46.85647,-15.00982],[-46.82944,-15.00882],[-46.78143,-15.01888],[-46.72928,-15.03728],[-46.68124,-15.05817],[-46.65598,-15.08106],[-46.62501,-15.08907],[-46.57487,-15.08318],[-46.5509,-15.06343],[-46.53157,-15.05595],[-46.51505,-15.06135],[-46.50217,-15.05181],[-46.52024,-15.01329],[-46.53038,-15.00483],[-46.51633,-14.98157],[-46.52058,-14.96695],[-46.54041,-14.95116],[-46.54611,-14.925],[-46.54227,-14.89805],[-46.52999,-14.88326],[-46.52113,-14.85073],[-46.53347,-14.82783],[-46.55837,-14.82063],[-46.56546,-14.78593],[-46.54281,-14.76824],[-46.54376,-14.75257],[-46.50708,-14.7317],[-46.50302,-14.70363],[-46.4686,-14.70777],[-46.46271,-14.73073],[-46.44693,-14.73123],[-46.42921,-14.75226],[-46.4041,-14.75989],[-46.36536,-14.79496],[-46.35458,-14.79376],[-46.32177,-14.81413],[-46.32449,-14.84734],[-46.30004,-14.85763],[-46.31774,-14.88281],[-46.31891,-14.89999],[-46.29424,-14.90817],[-46.28644,-14.9277],[-46.25658,-14.92847],[-46.23328,-14.92108],[-46.22404,-14.94129],[-46.20538,-14.93672],[-46.17512,-14.94898],[-46.16113,-14.9306],[-46.16599,-14.908],[-46.14532,-14.92607],[-46.11987,-14.91961],[-46.10997,-14.93657],[-46.08441,-14.93157],[-46.0791,-14.90455],[-46.06192,-14.90754],[-46.0517,-14.88364],[-46.03715,-14.87421],[-46.00345,-14.90184],[-46.00689,-14.9254],[-45.99541,-14.92702],[-45.97132,-14.94868],[-45.96566,-14.9652],[-45.9745,-15.00714],[-45.97507,-15.03843],[-46.01807,-15.08085],[-46.02805,-15.11366],[-46.04329,-15.11768],[-46.04303,-15.14259],[-46.05707,-15.17336],[-46.0783,-15.17506],[-46.09727,-15.19216],[-46.11882,-15.19178],[-46.09839,-15.21634],[-46.09438,-15.24569],[-46.08082,-15.24807],[-46.07665,-15.26423],[-46.05769,-15.26229],[-46.0291,-15.20136],[-45.98408,-15.19551],[-45.97204,-15.15427],[-45.95448,-15.14002],[-45.9183,-15.13292],[-45.87082,-15.15836],[-45.83391,-15.13622],[-45.82906,-15.11956],[-45.81124,-15.11239],[-45.75013,-15.1195],[-45.72186,-15.11187],[-45.71849,-15.09695],[-45.67439,-15.08009],[-45.6554,-15.04808],[-45.66,-15.03783],[-45.64311,-15.01625],[-45.6242,-15.02092],[-45.58799,-14.97327],[-45.56663,-14.95605],[-45.56632,-14.94441],[-45.53305,-14.93918],[-45.52027,-14.95311],[-45.49807,-14.94593],[-45.48963,-14.96031],[-45.46943,-14.94961],[-45.45471,-14.95327],[-45.43318,-14.92117],[-45.42063,-14.92614],[-45.39938,-14.91705],[-45.37032,-14.89369],[-45.36356,-14.87125],[-45.31762,-14.85212],[-45.30215,-14.8284],[-45.24155,-14.78608],[-45.22885,-14.76528],[-45.20458,-14.74449],[-45.1716,-14.73423],[-45.15246,-14.7421],[-45.09505,-14.75243],[-45.08238,-14.74833],[-45.06197,-14.72451],[-45.03991,-14.68004],[-44.98552,-14.66169],[-44.98018,-14.64306],[-44.91626,-14.61921],[-44.90979,-14.6031],[-44.87554,-14.59921],[-44.84651,-14.55758],[-44.84669,-14.54504],[-44.82345,-14.51521],[-44.83282,-14.49938],[-44.8134,-14.50421],[-44.81785,-14.48975],[-44.79391,-14.49614],[-44.79395,-14.48741],[-44.75633,-14.47793],[-44.71247,-14.44352],[-44.70088,-14.44934],[-44.68794,-14.41624],[-44.6738,-14.42405],[-44.65763,-14.41592],[-44.65847,-14.39531],[-44.63318,-14.39402],[-44.62518,-14.37566],[-44.59727,-14.36724],[-44.58576,-14.35358],[-44.55679,-14.33659],[-44.50303,-14.32188],[-44.48676,-14.32807],[-44.46507,-14.31029],[-44.45322,-14.31154],[-44.42995,-14.28895],[-44.3891,-14.28003],[-44.35248,-14.26574],[-44.34019,-14.24895],[-44.31607,-14.2399],[-44.3026,-14.25218],[-44.26821,-14.24615],[-44.2383,-14.25756],[-44.24021,-14.24024],[-44.21765,-14.24453],[-44.21492,-14.23273],[-44.20088,-14.25403],[-44.16399,-14.26795],[-44.1596,-14.25719],[-44.13686,-14.26371],[-44.13521,-14.28174],[-44.11219,-14.25828],[-44.09899,-14.27302],[-44.03421,-14.28858],[-44.00575,-14.26692],[-43.98596,-14.26711],[-43.98043,-14.2817],[-43.96918,-14.27358],[-43.96152,-14.29056],[-43.89207,-14.30057],[-43.88004,-14.31146],[-43.8523,-14.30749],[-43.84682,-14.32129],[-43.83574,-14.3107],[-43.81491,-14.3202],[-43.79968,-14.33738],[-43.78278,-14.33879],[-43.81898,-14.38886],[-43.83156,-14.44256],[-43.87347,-14.52014],[-43.88682,-14.58473],[-43.8741,-14.59424],[-43.87063,-14.62166],[-43.8831,-14.65278],[-43.87285,-14.65314],[-43.85879,-14.67385],[-43.84646,-14.67166],[-43.8001,-14.68686],[-43.78526,-14.68527],[-43.75511,-14.70039],[-43.72585,-14.69771],[-43.71182,-14.71454],[-43.71946,-14.72909],[-43.68621,-14.72122],[-43.65862,-14.74442],[-43.6146,-14.75944],[-43.58021,-14.75036],[-43.57338,-14.76471],[-43.53677,-14.78306],[-43.53099,-14.81485],[-43.51076,-14.79612],[-43.47153,-14.78886],[-43.48085,-14.76745],[-43.46243,-14.76544],[-43.46087,-14.74578],[-43.43448,-14.72259],[-43.41429,-14.72378],[-43.39863,-14.70977],[-43.3461,-14.69562],[-43.31082,-14.6693],[-43.29774,-14.67563],[-43.24465,-14.65606],[-43.20726,-14.6579],[-43.1958,-14.64908],[-43.17878,-14.66053],[-43.17595,-14.65009],[-43.1511,-14.66588],[-43.10763,-14.67272],[-43.08337,-14.69754],[-43.06599,-14.68011],[-43.05527,-14.69049],[-43.03791,-14.68236],[-43.01023,-14.70115],[-42.97693,-14.69794],[-42.93848,-14.70758],[-42.90549,-14.76059],[-42.8804,-14.76884],[-42.84199,-14.79562],[-42.83545,-14.8065],[-42.79059,-14.83893],[-42.75474,-14.84597],[-42.74831,-14.86381],[-42.72296,-14.88516],[-42.70515,-14.88201],[-42.6924,-14.90204],[-42.67946,-14.90287],[-42.62501,-14.94457],[-42.60215,-14.92422],[-42.57712,-14.93843],[-42.56029,-14.96184],[-42.53449,-14.96613],[-42.53124,-14.97703],[-42.50179,-14.9872],[-42.47552,-15.01659],[-42.43641,-15.02226],[-42.44254,-15.06087],[-42.3961,-15.07754],[-42.37644,-15.06996],[-42.35451,-15.09775],[-42.33475,-15.07835],[-42.31535,-15.09874],[-42.27504,-15.11284],[-42.2644,-15.12472],[-42.22704,-15.09881],[-42.216,-15.10518],[-42.18257,-15.09919],[-42.17293,-15.0855],[-42.15295,-15.0989],[-42.14951,-15.11989],[-42.11591,-15.14368],[-42.09568,-15.18199],[-41.9943,-15.15842],[-41.95304,-15.17521],[-41.93215,-15.17405],[-41.92624,-15.16034],[-41.89665,-15.15144],[-41.87988,-15.13689],[-41.87214,-15.116],[-41.85412,-15.11699],[-41.80032,-15.10064],[-41.46355,-15.40169],[-41.36217,-15.49422],[-41.3831,-15.49457],[-41.40276,-15.48281],[-41.44396,-15.48655],[-41.50397,-15.52651],[-41.52446,-15.52746],[-41.52979,-15.51667],[-41.55104,-15.5219],[-41.58976,-15.52049],[-41.59232,-15.50676],[-41.62812,-15.51523],[-41.67087,-15.50989],[-41.69464,-15.51198],[-41.68573,-15.52252],[-41.7122,-15.52277],[-41.70674,-15.55034],[-41.71432,-15.57789],[-41.74785,-15.58904],[-41.71296,-15.61088],[-41.66035,-15.61576],[-41.64526,-15.60457],[-41.62737,-15.60991],[-41.6041,-15.6329],[-41.6131,-15.65313],[-41.6382,-15.66098],[-41.66373,-15.68217],[-41.63193,-15.73689],[-41.64251,-15.74247],[-41.66667,-15.79519],[-41.71831,-15.80946],[-41.73234,-15.78648],[-41.71515,-15.75597],[-41.72771,-15.73706],[-41.7732,-15.76131],[-41.82018,-15.75758],[-41.83524,-15.73844],[-41.86576,-15.73799],[-41.88013,-15.74859],[-41.87937,-15.76979],[-41.85866,-15.80226],[-41.8649,-15.83658],[-41.88248,-15.84622],[-41.90498,-15.87489],[-41.91709,-15.9069],[-41.89228,-15.93249],[-41.87227,-15.93055],[-41.86438,-15.95911],[-41.85032,-15.95994],[-41.83103,-15.979],[-41.81673,-15.96872],[-41.7268,-15.96131],[-41.71151,-15.94809],[-41.66471,-15.93171],[-41.61854,-15.93783],[-41.61562,-15.95139],[-41.63393,-15.96615],[-41.63251,-15.98373],[-41.66056,-16.00764],[-41.66116,-16.01892],[-41.70064,-16.03685],[-41.70986,-16.05821],[-41.70572,-16.08384],[-41.71934,-16.08879],[-41.70748,-16.10987],[-41.68212,-16.10603],[-41.69516,-16.13086],[-41.68658,-16.15192],[-41.71562,-16.17898],[-41.7667,-16.1847],[-41.7758,-16.17041],[-41.79246,-16.17148],[-41.81253,-16.15191],[-41.82812,-16.17577],[-41.85036,-16.17194],[-41.86572,-16.17831],[-41.89645,-16.21104],[-41.91259,-16.25729],[-41.93195,-16.2813],[-41.91124,-16.30698],[-41.8925,-16.34973],[-41.89707,-16.36654],[-41.93417,-16.38179],[-41.95159,-16.40025],[-41.97756,-16.40264],[-41.9911,-16.38315],[-42.02604,-16.37754],[-42.0752,-16.38077],[-42.09265,-16.38644],[-42.10143,-16.40527],[-42.09698,-16.41909],[-42.11631,-16.45386],[-42.13971,-16.4545],[-42.15562,-16.47243],[-42.18111,-16.47839],[-42.1974,-16.46113],[-42.24526,-16.47798],[-42.25973,-16.46938],[-42.27925,-16.47386],[-42.28879,-16.49034],[-42.32337,-16.49316],[-42.36995,-16.47707],[-42.38457,-16.46715],[-42.40312,-16.46966],[-42.44087,-16.49622],[-42.46676,-16.48812],[-42.4606,-16.52391],[-42.44426,-16.55297],[-42.44103,-16.58051],[-42.4266,-16.58951],[-42.42423,-16.62581],[-42.39998,-16.6333],[-42.40776,-16.64701],[-42.4417,-16.66265],[-42.44728,-16.65574],[-42.46704,-16.67391],[-42.47887,-16.6706],[-42.5427,-16.70909],[-42.56984,-16.74001],[-42.5795,-16.73188],[-42.61112,-16.73194],[-42.61984,-16.75326],[-42.66298,-16.76119],[-42.66123,-16.77952],[-42.68004,-16.8088],[-42.73445,-16.82831],[-42.7375,-16.85234],[-42.73,-16.87334],[-42.75687,-16.8848],[-42.74329,-16.90745],[-42.76053,-16.92601],[-42.75781,-16.94451],[-42.77693,-16.94518],[-42.76545,-16.96098],[-42.77881,-16.982],[-42.79067,-16.98068],[-42.79986,-17.00011],[-42.79137,-17.04947],[-42.82129,-17.10605],[-42.8124,-17.13071],[-42.82518,-17.17236],[-42.82239,-17.18235],[-42.77598,-17.17851],[-42.73861,-17.13559],[-42.70392,-17.12004],[-42.66176,-17.14768],[-42.65779,-17.16198],[-42.67117,-17.18588],[-42.69028,-17.20236],[-42.69764,-17.2524],[-42.69256,-17.27493],[-42.68867,-17.33282],[-42.65782,-17.36177],[-42.60932,-17.38694],[-42.60015,-17.34165],[-42.57549,-17.3436],[-42.56701,-17.36964],[-42.58044,-17.38601],[-42.58167,-17.41748],[-42.56456,-17.4628],[-42.55965,-17.48798],[-42.58436,-17.47603],[-42.60147,-17.50924],[-42.58001,-17.54378],[-42.58151,-17.56335],[-42.54829,-17.5919],[-42.5402,-17.62544],[-42.56442,-17.63495],[-42.58856,-17.63099],[-42.60584,-17.61874],[-42.61664,-17.59846],[-42.66373,-17.58442],[-42.6532,-17.55131],[-42.6922,-17.55987],[-42.67731,-17.56645],[-42.6957,-17.58854],[-42.67001,-17.63161],[-42.67254,-17.65008],[-42.64142,-17.66458],[-42.61431,-17.66929],[-42.61718,-17.68743],[-42.58766,-17.72228],[-42.60669,-17.71648],[-42.61756,-17.74173],[-42.64392,-17.77702],[-42.65931,-17.81771],[-42.6515,-17.82399],[-42.66746,-17.85662],[-42.69682,-17.86937],[-42.67912,-17.88498],[-42.67745,-17.90002],[-42.659,-17.90733],[-42.66034,-17.9229],[-42.64378,-17.92317],[-42.6331,-17.95626],[-42.62077,-17.9615],[-42.60509,-17.99989],[-42.63128,-18.04111],[-42.66497,-18.04807],[-42.69395,-18.06801],[-42.70295,-18.09132],[-42.72053,-18.09323],[-42.73392,-18.08009],[-42.74589,-18.08923],[-42.76826,-18.08113],[-42.77817,-18.10417],[-42.8135,-18.09829],[-42.82075,-18.08872],[-42.84184,-18.09432],[-42.85869,-18.12289],[-42.87561,-18.11441],[-42.88117,-18.12561],[-42.90912,-18.10978],[-42.94303,-18.1119],[-42.96786,-18.13094],[-42.96733,-18.14957],[-42.99172,-18.14747],[-43.00692,-18.12378],[-43.03556,-18.10014],[-43.03453,-18.08606],[-43.06159,-18.07047],[-43.07798,-18.0694],[-43.09097,-18.0989],[-43.13222,-18.09455],[-43.13884,-18.12205],[-43.14851,-18.12541],[-43.18261,-18.17506],[-43.18595,-18.20163],[-43.19814,-18.21766],[-43.21662,-18.20606],[-43.22771,-18.21088],[-43.24384,-18.19278],[-43.22117,-18.24184],[-43.23837,-18.2746],[-43.257,-18.27235],[-43.27275,-18.25138],[-43.27472,-18.27088],[-43.25892,-18.2888],[-43.26398,-18.30712],[-43.24822,-18.32859],[-43.22031,-18.30191],[-43.21914,-18.32551],[-43.20303,-18.34051],[-43.1682,-18.33825],[-43.16047,-18.35492],[-43.14009,-18.36958],[-43.14964,-18.37937],[-43.1339,-18.39402],[-43.13672,-18.42105],[-43.10412,-18.43485],[-43.10153,-18.46822],[-43.16964,-18.48262],[-43.19339,-18.46096],[-43.20228,-18.43114],[-43.21903,-18.43027],[-43.23995,-18.41664],[-43.24554,-18.39828],[-43.27053,-18.38567],[-43.2838,-18.39618],[-43.31112,-18.38968],[-43.32137,-18.39765],[-43.34809,-18.39803],[-43.35486,-18.42451],[-43.38126,-18.4458],[-43.36748,-18.47693],[-43.37586,-18.49779],[-43.37278,-18.52301],[-43.35365,-18.53282],[-43.34353,-18.52261],[-43.31,-18.52889],[-43.27767,-18.51955],[-43.24808,-18.52883],[-43.22903,-18.54714],[-43.20324,-18.55373],[-43.19903,-18.56677],[-43.2147,-18.61437],[-43.2049,-18.6203],[-43.21265,-18.63756],[-43.21164,-18.69326],[-43.18572,-18.71175],[-43.18725,-18.72267],[-43.20539,-18.71744],[-43.23017,-18.73187],[-43.22997,-18.74234],[-43.27836,-18.70006]]]}},{"type":"Feature","properties":{"id":"41","phone_code":"41","phone_code_1_digit":"4"},"geometry":{"type":"Polygon","coordinates":[[[-49.99267,-25.99109],[-49.96727,-26.00459],[-49.96382,-25.98875],[-49.9728,-25.9586],[-49.99607,-25.93259],[-50.01483,-25.93425],[-50.01362,-25.89377],[-50.03836,-25.8783],[-50.07304,-25.89531],[-50.1089,-25.892],[-50.12115,-25.88054],[-50.14439,-25.88628],[-50.17468,-25.87196],[-50.17326,-25.85764],[-50.19815,-25.82252],[-50.2277,-25.81228],[-50.20881,-25.78716],[-50.18048,-25.78941],[-50.18481,-25.76603],[-50.1502,-25.75311],[-50.14875,-25.72338],[-50.12096,-25.70934],[-50.15155,-25.68409],[-50.12936,-25.66894],[-50.1358,-25.66192],[-50.10897,-25.65789],[-50.09632,-25.66667],[-50.08555,-25.6505],[-50.09473,-25.63489],[-50.07333,-25.63486],[-50.06356,-25.65148],[-50.04608,-25.63452],[-50.02613,-25.63038],[-50.03047,-25.60921],[-50.01433,-25.59818],[-49.99211,-25.61098],[-49.97942,-25.60482],[-49.94145,-25.61066],[-49.93397,-25.59864],[-49.91153,-25.59665],[-49.91675,-25.57674],[-49.89404,-25.56633],[-49.89196,-25.57734],[-49.87544,-25.56169],[-49.88941,-25.5543],[-49.87646,-25.54391],[-49.85127,-25.55494],[-49.82591,-25.5457],[-49.8017,-25.55134],[-49.80418,-25.50232],[-49.76667,-25.46623],[-49.76617,-25.45001],[-49.74717,-25.43594],[-49.73991,-25.41464],[-49.7486,-25.39681],[-49.74055,-25.36585],[-49.76021,-25.35729],[-49.81918,-25.26957],[-49.84262,-25.25361],[-49.85628,-25.23345],[-49.81683,-25.22586],[-49.77995,-25.19356],[-49.75371,-25.21747],[-49.73146,-25.2231],[-49.71171,-25.21693],[-49.69325,-25.1949],[-49.67976,-25.16727],[-49.70719,-25.13692],[-49.73231,-25.12368],[-49.74236,-25.07869],[-49.73252,-25.05857],[-49.7218,-25.06352],[-49.70269,-25.03181],[-49.71167,-25.02106],[-49.68862,-25.01758],[-49.66775,-24.99868],[-49.63823,-25.00719],[-49.61631,-24.97945],[-49.6022,-24.98662],[-49.5744,-24.95893],[-49.5724,-24.93934],[-49.54761,-24.93877],[-49.5284,-24.90819],[-49.51062,-24.91175],[-49.49955,-24.89431],[-49.5081,-24.87681],[-49.52734,-24.86205],[-49.52566,-24.84684],[-49.53702,-24.81775],[-49.5501,-24.81656],[-49.56668,-24.79662],[-49.52929,-24.71509],[-49.5532,-24.69891],[-49.573,-24.66754],[-49.62837,-24.68032],[-49.63309,-24.66053],[-49.64685,-24.65964],[-49.64105,-24.6415],[-49.62247,-24.64629],[-49.5907,-24.63449],[-49.58944,-24.61817],[-49.57311,-24.6132],[-49.55316,-24.59598],[-49.55155,-24.57848],[-49.52321,-24.57589],[-49.52599,-24.60587],[-49.51022,-24.61373],[-49.49313,-24.58701],[-49.48724,-24.54549],[-49.4659,-24.54414],[-49.45128,-24.52544],[-49.43097,-24.52085],[-49.42647,-24.49866],[-49.39623,-24.49611],[-49.38923,-24.48681],[-49.35877,-24.47721],[-49.3463,-24.45799],[-49.31458,-24.43978],[-49.31169,-24.42989],[-49.2752,-24.41647],[-49.2549,-24.42333],[-49.24976,-24.41338],[-49.23498,-24.41056],[-49.25218,-24.43367],[-49.24645,-24.46861],[-49.2626,-24.47334],[-49.2691,-24.49183],[-49.29519,-24.49982],[-49.27979,-24.53678],[-49.29205,-24.5524],[-49.31551,-24.55502],[-49.30312,-24.59646],[-49.31414,-24.61378],[-49.3066,-24.62125],[-49.31595,-24.63851],[-49.29915,-24.65447],[-49.31154,-24.66305],[-49.2752,-24.69389],[-49.20744,-24.70042],[-49.20453,-24.68548],[-49.18517,-24.67226],[-49.13435,-24.67507],[-49.11112,-24.68787],[-49.10846,-24.67606],[-49.06859,-24.68438],[-49.05085,-24.67902],[-49.0324,-24.64145],[-49.00472,-24.63422],[-49.00911,-24.65878],[-48.96281,-24.67273],[-48.95798,-24.6848],[-48.9459,-24.6732],[-48.86492,-24.66684],[-48.85803,-24.65721],[-48.83992,-24.66449],[-48.82031,-24.6568],[-48.81063,-24.67371],[-48.78773,-24.6807],[-48.77818,-24.69624],[-48.75681,-24.67937],[-48.75336,-24.69368],[-48.70334,-24.67989],[-48.68989,-24.69291],[-48.69361,-24.6702],[-48.671,-24.67881],[-48.67453,-24.7013],[-48.66086,-24.70598],[-48.6577,-24.69156],[-48.64117,-24.68918],[-48.61615,-24.66818],[-48.60356,-24.66781],[-48.57856,-24.68505],[-48.54308,-24.72471],[-48.51103,-24.74008],[-48.49883,-24.73848],[-48.51625,-24.77969],[-48.55528,-24.80572],[-48.56734,-24.84701],[-48.5662,-24.86347],[-48.54926,-24.86701],[-48.55883,-24.90069],[-48.57159,-24.89452],[-48.5697,-24.93105],[-48.56251,-24.94984],[-48.5669,-24.97178],[-48.59473,-24.99565],[-48.59877,-25.01878],[-48.58839,-25.01922],[-48.58219,-25.05116],[-48.55964,-25.06073],[-48.55587,-25.08381],[-48.52811,-25.1003],[-48.49096,-25.05291],[-48.47357,-25.01206],[-48.41068,-24.97974],[-48.37817,-24.99654],[-48.35428,-25.01947],[-48.35076,-25.036],[-48.32367,-25.03626],[-48.3332,-25.07008],[-48.29235,-25.02393],[-48.28705,-25.03948],[-48.27709,-25.01551],[-48.24998,-24.97698],[-48.24104,-24.99203],[-48.22288,-25.00863],[-48.23108,-25.0203],[-48.20913,-25.02826],[-48.21558,-25.07618],[-48.18117,-25.13334],[-48.15641,-25.14416],[-48.16725,-25.16741],[-48.19289,-25.18937],[-48.17963,-25.20629],[-48.16225,-25.20934],[-48.15077,-25.22764],[-48.11441,-25.25021],[-48.09811,-25.24076],[-48.06164,-25.23959],[-48.05697,-25.21784],[-48.04669,-25.22626],[-48.02741,-25.2208],[-48.02307,-25.23044],[-48.05069,-25.25184],[-48.09799,-25.29918],[-48.09571,-25.30859],[-48.09935,-25.31587],[-48.15247,-25.36365],[-48.19903,-25.42986],[-48.21683,-25.46781],[-48.25682,-25.47335],[-48.28657,-25.48872],[-48.30927,-25.49279],[-48.27644,-25.51356],[-48.28943,-25.54588],[-48.31946,-25.58607],[-48.35805,-25.58545],[-48.38017,-25.59532],[-48.41458,-25.62361],[-48.43889,-25.65431],[-48.47636,-25.71349],[-48.52578,-25.80122],[-48.53983,-25.84703],[-48.56353,-25.85654],[-48.56717,-25.88536],[-48.55916,-25.89042],[-48.57592,-25.92026],[-48.5941,-25.9766],[-48.63317,-25.97718],[-48.64318,-25.95546],[-48.66901,-25.97879],[-48.70939,-25.98282],[-48.96032,-25.98053],[-48.97803,-25.98883],[-48.98372,-26.00406],[-49.01962,-26.01515],[-49.04046,-26.00355],[-49.04615,-26.01865],[-49.09047,-26.00283],[-49.09927,-26.00832],[-49.12508,-25.99576],[-49.14078,-26.01508],[-49.1667,-26.00068],[-49.19147,-26.00828],[-49.25275,-26.04969],[-49.26927,-26.08041],[-49.29405,-26.08455],[-49.2893,-26.10222],[-49.31756,-26.10931],[-49.34681,-26.12762],[-49.37244,-26.15312],[-49.43609,-26.17184],[-49.45868,-26.16225],[-49.47901,-26.18542],[-49.50283,-26.17721],[-49.5112,-26.16129],[-49.50892,-26.12136],[-49.54304,-26.05641],[-49.56908,-26.05516],[-49.58393,-26.02509],[-49.61553,-26.04373],[-49.65087,-26.04164],[-49.67861,-26.02614],[-49.69109,-26.03155],[-49.72138,-26.02238],[-49.77286,-26.02767],[-49.78978,-26.01003],[-49.79164,-25.94596],[-49.8062,-25.95809],[-49.82961,-25.96029],[-49.83169,-25.94297],[-49.85811,-25.95813],[-49.88294,-25.9814],[-49.9145,-25.99111],[-49.92964,-25.98675],[-49.92059,-26.01299],[-49.94136,-26.00801],[-49.95972,-26.01972],[-49.94753,-26.0305],[-49.97231,-26.05786],[-49.9667,-26.02039],[-49.99308,-26.01115],[-49.99267,-25.99109]]]}},{"type":"Feature","properties":{"id":"42","phone_code":"42","phone_code_1_digit":"4"},"geometry":{"type":"Polygon","coordinates":[[[-50.01107,-26.01353],[-50.00586,-26.04478],[-50.03879,-26.0262],[-50.079,-26.04433],[-50.08434,-26.02307],[-50.09158,-26.0432],[-50.12059,-26.06387],[-50.13427,-26.04301],[-50.14909,-26.05793],[-50.14153,-26.02713],[-50.17928,-26.02828],[-50.17105,-26.04211],[-50.1554,-26.04158],[-50.18205,-26.07849],[-50.20938,-26.05669],[-50.22363,-26.06029],[-50.23546,-26.03583],[-50.25104,-26.02975],[-50.25154,-26.05084],[-50.26783,-26.04209],[-50.29837,-26.0549],[-50.33159,-26.08322],[-50.33198,-26.1078],[-50.32312,-26.13446],[-50.3404,-26.13017],[-50.36061,-26.11003],[-50.3711,-26.0797],[-50.39911,-26.06298],[-50.43315,-26.06061],[-50.44971,-26.0435],[-50.44301,-26.03541],[-50.47105,-26.02086],[-50.51309,-26.02572],[-50.54818,-26.03931],[-50.56293,-26.00604],[-50.57132,-26.00331],[-50.5912,-26.02165],[-50.59167,-26.04209],[-50.57974,-26.04767],[-50.55054,-26.04421],[-50.55314,-26.05777],[-50.59414,-26.07064],[-50.628,-26.06264],[-50.65679,-26.10256],[-50.64761,-26.12598],[-50.67782,-26.14738],[-50.7012,-26.18395],[-50.73132,-26.20293],[-50.71471,-26.23808],[-50.73182,-26.24929],[-50.74614,-26.2446],[-50.75796,-26.22124],[-50.79282,-26.22726],[-50.82554,-26.24596],[-50.83168,-26.26637],[-50.84618,-26.26685],[-50.86265,-26.24207],[-50.87871,-26.25852],[-50.88155,-26.27759],[-50.89936,-26.28862],[-50.90007,-26.32123],[-50.88368,-26.32726],[-50.8946,-26.34816],[-50.88292,-26.35808],[-50.88404,-26.37951],[-50.85876,-26.3762],[-50.84365,-26.3828],[-50.84145,-26.4046],[-50.84921,-26.42693],[-50.81559,-26.44033],[-50.80962,-26.45713],[-50.82167,-26.46722],[-50.80181,-26.4916],[-50.78713,-26.49469],[-50.79791,-26.50765],[-50.82393,-26.5462],[-50.85716,-26.5586],[-50.90089,-26.55638],[-50.91676,-26.54448],[-50.94035,-26.55037],[-50.96889,-26.52925],[-50.98466,-26.50965],[-51.01093,-26.49603],[-50.99653,-26.48492],[-50.99651,-26.44715],[-50.97686,-26.44128],[-50.98058,-26.42782],[-50.96479,-26.42829],[-50.98564,-26.40273],[-51.02502,-26.40628],[-51.04244,-26.39477],[-51.06219,-26.40223],[-51.11726,-26.39129],[-51.13769,-26.41488],[-51.19082,-26.45132],[-51.2021,-26.4278],[-51.2316,-26.40848],[-51.25895,-26.40066],[-51.27021,-26.38574],[-51.27548,-26.40147],[-51.28873,-26.39961],[-51.29828,-26.41947],[-51.29121,-26.43666],[-51.27408,-26.44548],[-51.27743,-26.45785],[-51.2535,-26.46303],[-51.25047,-26.47386],[-51.27381,-26.49661],[-51.25093,-26.52039],[-51.24657,-26.53821],[-51.2233,-26.55032],[-51.22823,-26.56167],[-51.22363,-26.59288],[-51.23734,-26.60404],[-51.22818,-26.61553],[-51.23888,-26.62791],[-51.25816,-26.62535],[-51.27709,-26.63582],[-51.28293,-26.65352],[-51.32331,-26.65644],[-51.33141,-26.64681],[-51.38105,-26.65898],[-51.40542,-26.67568],[-51.39242,-26.68504],[-51.39824,-26.71044],[-51.43486,-26.68765],[-51.43907,-26.66674],[-51.45528,-26.6534],[-51.46773,-26.62157],[-51.48564,-26.62228],[-51.49377,-26.58916],[-51.51107,-26.58327],[-51.51557,-26.54607],[-51.52857,-26.51267],[-51.52446,-26.48444],[-51.51593,-26.47498],[-51.53516,-26.45745],[-51.53104,-26.43693],[-51.55276,-26.41214],[-51.54063,-26.39179],[-51.58095,-26.39488],[-51.56186,-26.36774],[-51.589,-26.35726],[-51.57313,-26.33918],[-51.59239,-26.30692],[-51.58033,-26.30717],[-51.58534,-26.28634],[-51.61269,-26.29594],[-51.61742,-26.28467],[-51.63195,-26.29456],[-51.63125,-26.27158],[-51.64395,-26.26394],[-51.67929,-26.26851],[-51.6821,-26.28685],[-51.70088,-26.24344],[-51.73981,-26.26525],[-51.74267,-26.25245],[-51.77497,-26.2572],[-51.77829,-26.24163],[-51.74646,-26.2327],[-51.70419,-26.1254],[-51.69476,-26.09527],[-51.71573,-26.08122],[-51.73784,-26.04884],[-51.7242,-26.01846],[-51.73902,-25.99415],[-51.76692,-26.01117],[-51.7803,-25.99713],[-51.8218,-26.01256],[-51.83993,-26.00996],[-51.86492,-26.02568],[-51.88778,-26.0089],[-51.91949,-25.99523],[-51.96527,-25.98777],[-51.97932,-26.01398],[-51.99118,-26.01697],[-52.01418,-26.00198],[-52.0101,-25.98028],[-52.03362,-25.9715],[-52.03271,-25.94651],[-52.05409,-25.93608],[-52.0863,-25.93718],[-52.11164,-25.89461],[-52.14288,-25.8903],[-52.14758,-25.87131],[-52.16141,-25.86279],[-52.16808,-25.82915],[-52.13539,-25.793],[-52.11099,-25.79145],[-52.12269,-25.77424],[-52.14302,-25.77331],[-52.1556,-25.7534],[-52.17499,-25.75159],[-52.19138,-25.77237],[-52.23155,-25.74877],[-52.26155,-25.73807],[-52.26622,-25.72422],[-52.28522,-25.71123],[-52.30939,-25.71115],[-52.32302,-25.72328],[-52.33122,-25.71384],[-52.30836,-25.68937],[-52.3191,-25.67749],[-52.33311,-25.6813],[-52.35824,-25.7051],[-52.4107,-25.69906],[-52.4445,-25.67266],[-52.46661,-25.67821],[-52.48313,-25.67097],[-52.49764,-25.67928],[-52.49896,-25.66004],[-52.54189,-25.64345],[-52.54202,-25.65789],[-52.5246,-25.67314],[-52.52983,-25.69799],[-52.55624,-25.68655],[-52.57507,-25.664],[-52.57591,-25.64662],[-52.60106,-25.63384],[-52.61541,-25.60883],[-52.62565,-25.65359],[-52.66013,-25.65721],[-52.69206,-25.65284],[-52.71519,-25.66385],[-52.72159,-25.62625],[-52.76827,-25.60788],[-52.78462,-25.56651],[-52.7707,-25.5657],[-52.78777,-25.54537],[-52.77955,-25.52119],[-52.7662,-25.52179],[-52.77664,-25.48698],[-52.76083,-25.47798],[-52.77653,-25.46661],[-52.74994,-25.43201],[-52.73007,-25.39446],[-52.71554,-25.40098],[-52.70218,-25.37848],[-52.71286,-25.36439],[-52.71196,-25.344],[-52.69789,-25.32522],[-52.67036,-25.31432],[-52.66127,-25.29197],[-52.69244,-25.27398],[-52.83949,-25.27306],[-52.84282,-25.2574],[-52.80524,-25.24805],[-52.77598,-25.24775],[-52.76764,-25.23695],[-52.72066,-25.21188],[-52.6948,-25.21399],[-52.67247,-25.20057],[-52.65396,-25.20019],[-52.67319,-25.17105],[-52.69073,-25.16387],[-52.66852,-25.14546],[-52.66961,-25.12829],[-52.65607,-25.10716],[-52.66226,-25.08956],[-52.6525,-25.06141],[-52.63266,-25.05789],[-52.6025,-25.01997],[-52.622,-24.97561],[-52.5839,-24.95783],[-52.59685,-24.93925],[-52.62067,-24.92549],[-52.62155,-24.96139],[-52.64355,-24.95621],[-52.64277,-24.98245],[-52.66241,-24.95607],[-52.63726,-24.94402],[-52.65521,-24.92897],[-52.65464,-24.90992],[-52.64116,-24.91863],[-52.62136,-24.89787],[-52.60342,-24.89608],[-52.5968,-24.87344],[-52.57672,-24.86919],[-52.55134,-24.84895],[-52.53139,-24.85842],[-52.54402,-24.82653],[-52.53673,-24.80299],[-52.54522,-24.786],[-52.53675,-24.76305],[-52.5182,-24.7609],[-52.4827,-24.73364],[-52.47336,-24.75008],[-52.43812,-24.73711],[-52.42033,-24.72195],[-52.43564,-24.72006],[-52.43007,-24.70283],[-52.40551,-24.72933],[-52.39599,-24.71309],[-52.36913,-24.70676],[-52.37046,-24.69248],[-52.3446,-24.6904],[-52.32538,-24.68019],[-52.32358,-24.66609],[-52.28851,-24.65991],[-52.26745,-24.63908],[-52.25405,-24.63969],[-52.22896,-24.62311],[-52.19631,-24.61867],[-52.17247,-24.63256],[-52.13254,-24.62392],[-52.11326,-24.60123],[-52.07942,-24.59061],[-52.08339,-24.58232],[-52.0411,-24.56293],[-52.0458,-24.51601],[-52.02718,-24.50641],[-52.04121,-24.50212],[-52.01305,-24.48388],[-52.02661,-24.47727],[-52.03701,-24.44352],[-52.02597,-24.43542],[-52.0379,-24.40625],[-52.02157,-24.41146],[-52.00972,-24.39612],[-52.02315,-24.3793],[-52.00345,-24.37712],[-52.01431,-24.36168],[-51.99318,-24.34344],[-52.00068,-24.33106],[-51.98217,-24.31981],[-51.99718,-24.30892],[-51.98318,-24.28373],[-51.99153,-24.2704],[-51.97061,-24.27295],[-51.97417,-24.25252],[-51.95335,-24.24633],[-51.93118,-24.26425],[-51.93746,-24.27207],[-51.91936,-24.28832],[-51.9374,-24.28687],[-51.91921,-24.33009],[-51.88724,-24.38281],[-51.89747,-24.39194],[-51.87161,-24.39848],[-51.84064,-24.42257],[-51.84503,-24.43544],[-51.82783,-24.4411],[-51.81483,-24.47118],[-51.79913,-24.4641],[-51.79117,-24.49507],[-51.75659,-24.52897],[-51.75668,-24.54326],[-51.73671,-24.58395],[-51.71525,-24.59499],[-51.69176,-24.5816],[-51.66161,-24.5841],[-51.6338,-24.57489],[-51.60407,-24.55541],[-51.57089,-24.55715],[-51.56495,-24.56972],[-51.5332,-24.55355],[-51.5044,-24.57497],[-51.46794,-24.55457],[-51.44988,-24.55773],[-51.46469,-24.57848],[-51.45437,-24.58061],[-51.47239,-24.60554],[-51.48657,-24.60858],[-51.50168,-24.62691],[-51.49313,-24.63668],[-51.48313,-24.6192],[-51.46815,-24.65389],[-51.4441,-24.66778],[-51.44588,-24.68616],[-51.42052,-24.69468],[-51.43635,-24.70231],[-51.41224,-24.72591],[-51.40963,-24.75585],[-51.39436,-24.7638],[-51.38094,-24.75446],[-51.37453,-24.77274],[-51.3601,-24.75859],[-51.34826,-24.76328],[-51.32515,-24.75471],[-51.31838,-24.76815],[-51.29413,-24.77555],[-51.29083,-24.75814],[-51.27502,-24.75246],[-51.28193,-24.77407],[-51.25385,-24.76938],[-51.25974,-24.78409],[-51.23429,-24.7915],[-51.23485,-24.7781],[-51.19916,-24.76791],[-51.21098,-24.79495],[-51.19621,-24.79899],[-51.18199,-24.78255],[-51.18321,-24.79993],[-51.16891,-24.81187],[-51.14941,-24.80819],[-51.1466,-24.84639],[-51.12954,-24.85135],[-51.12941,-24.87373],[-51.10343,-24.86598],[-51.11707,-24.88322],[-51.09769,-24.87927],[-51.12063,-24.90366],[-51.0941,-24.90154],[-51.09935,-24.91695],[-51.08613,-24.93633],[-51.07116,-24.92374],[-51.05304,-24.93228],[-51.05896,-24.95265],[-51.0296,-24.95475],[-51.0171,-24.96863],[-50.98416,-24.96531],[-50.97813,-24.94412],[-50.96245,-24.93249],[-50.98158,-24.90681],[-50.9979,-24.86263],[-51.0283,-24.85462],[-51.06636,-24.81547],[-51.0635,-24.69091],[-51.07906,-24.66337],[-51.08214,-24.63526],[-51.09993,-24.6234],[-51.12751,-24.62504],[-51.13085,-24.60545],[-51.12285,-24.59037],[-51.15829,-24.56845],[-51.15797,-24.55045],[-51.19174,-24.52333],[-51.17124,-24.51316],[-51.1656,-24.48797],[-51.13368,-24.45811],[-51.13868,-24.43149],[-51.10388,-24.41418],[-51.09443,-24.38526],[-51.07985,-24.36413],[-51.08602,-24.34072],[-51.10401,-24.34814],[-51.11327,-24.31171],[-51.09904,-24.30083],[-51.10827,-24.28324],[-51.16474,-24.24906],[-51.18116,-24.2523],[-51.21212,-24.23884],[-51.2068,-24.22255],[-51.22971,-24.21],[-51.24832,-24.21151],[-51.28905,-24.19423],[-51.29858,-24.17416],[-51.31774,-24.18145],[-51.32219,-24.16092],[-51.34143,-24.14839],[-51.35728,-24.15782],[-51.36455,-24.13252],[-51.34766,-24.11517],[-51.34696,-24.13316],[-51.30885,-24.13362],[-51.30368,-24.11326],[-51.28566,-24.09301],[-51.26763,-24.10931],[-51.23135,-24.08538],[-51.21721,-24.10527],[-51.16654,-24.09792],[-51.17158,-24.08004],[-51.15193,-24.08141],[-51.15438,-24.07106],[-51.13054,-24.06984],[-51.11378,-24.0848],[-51.1015,-24.07315],[-51.08495,-24.07394],[-51.08136,-24.04355],[-51.09658,-24.02992],[-51.0911,-24.01472],[-51.09944,-24.00084],[-51.09477,-23.97599],[-51.1088,-23.96694],[-51.11207,-23.9422],[-51.08874,-23.92914],[-51.08141,-23.90548],[-51.06926,-23.91605],[-51.04153,-23.90554],[-51.02399,-23.90636],[-51.01602,-23.9182],[-50.99999,-23.90071],[-50.95224,-23.89413],[-50.9631,-23.88325],[-50.95588,-23.87129],[-50.96812,-23.86327],[-50.95888,-23.84797],[-50.93102,-23.8353],[-50.93671,-23.81857],[-50.90382,-23.81734],[-50.89857,-23.79508],[-50.88483,-23.80829],[-50.89529,-23.83971],[-50.84723,-23.87916],[-50.8458,-23.89405],[-50.81832,-23.87697],[-50.78985,-23.8882],[-50.78665,-23.90509],[-50.72985,-23.94028],[-50.74029,-23.96467],[-50.76187,-23.96739],[-50.73421,-23.9852],[-50.74216,-24.00668],[-50.71857,-24.0291],[-50.69312,-24.02577],[-50.66189,-24.07134],[-50.62039,-24.07734],[-50.60652,-24.06643],[-50.58768,-24.07368],[-50.57599,-24.06349],[-50.53283,-24.0738],[-50.50269,-24.09618],[-50.49616,-24.08907],[-50.47585,-24.10538],[-50.42917,-24.10048],[-50.33013,-24.12211],[-50.34391,-24.06628],[-50.34387,-24.04073],[-50.33202,-24.02406],[-50.30955,-24.02154],[-50.30134,-23.99735],[-50.28746,-23.98527],[-50.29272,-23.96478],[-50.27399,-23.95472],[-50.26689,-23.96396],[-50.2374,-23.96428],[-50.19265,-24.02737],[-50.16637,-24.03006],[-50.13394,-24.04113],[-50.13296,-24.05646],[-50.11147,-24.06761],[-50.11095,-24.08504],[-50.09411,-24.10018],[-50.10896,-24.13378],[-50.14216,-24.14661],[-50.16783,-24.17172],[-50.19054,-24.17927],[-50.20554,-24.23203],[-50.18457,-24.29012],[-50.12324,-24.30087],[-50.10173,-24.28137],[-50.08832,-24.28751],[-50.05262,-24.27203],[-50.03904,-24.25413],[-50.01617,-24.25613],[-50.00721,-24.2395],[-49.98559,-24.24494],[-49.9781,-24.25663],[-49.97235,-24.29266],[-49.96029,-24.31103],[-49.96521,-24.33497],[-49.94644,-24.37076],[-49.92236,-24.35899],[-49.89413,-24.3607],[-49.8786,-24.38009],[-49.84645,-24.38948],[-49.81858,-24.44492],[-49.79764,-24.46031],[-49.73824,-24.44487],[-49.63477,-24.49612],[-49.625,-24.51544],[-49.62856,-24.54542],[-49.62093,-24.58155],[-49.62487,-24.59642],[-49.60941,-24.60892],[-49.5933,-24.59783],[-49.57311,-24.6132],[-49.58944,-24.61817],[-49.5907,-24.63449],[-49.62247,-24.64629],[-49.64105,-24.6415],[-49.64685,-24.65964],[-49.63309,-24.66053],[-49.62837,-24.68032],[-49.573,-24.66754],[-49.5532,-24.69891],[-49.52929,-24.71509],[-49.56668,-24.79662],[-49.5501,-24.81656],[-49.53702,-24.81775],[-49.52566,-24.84684],[-49.52734,-24.86205],[-49.5081,-24.87681],[-49.49955,-24.89431],[-49.51062,-24.91175],[-49.5284,-24.90819],[-49.54761,-24.93877],[-49.5724,-24.93934],[-49.5744,-24.95893],[-49.6022,-24.98662],[-49.61631,-24.97945],[-49.63823,-25.00719],[-49.66775,-24.99868],[-49.68862,-25.01758],[-49.71167,-25.02106],[-49.70269,-25.03181],[-49.7218,-25.06352],[-49.73252,-25.05857],[-49.74236,-25.07869],[-49.73231,-25.12368],[-49.70719,-25.13692],[-49.67976,-25.16727],[-49.69325,-25.1949],[-49.71171,-25.21693],[-49.73146,-25.2231],[-49.75371,-25.21747],[-49.77995,-25.19356],[-49.81683,-25.22586],[-49.85628,-25.23345],[-49.84262,-25.25361],[-49.81918,-25.26957],[-49.76021,-25.35729],[-49.74055,-25.36585],[-49.7486,-25.39681],[-49.73991,-25.41464],[-49.74717,-25.43594],[-49.76617,-25.45001],[-49.76667,-25.46623],[-49.80418,-25.50232],[-49.8017,-25.55134],[-49.82591,-25.5457],[-49.85127,-25.55494],[-49.87646,-25.54391],[-49.88941,-25.5543],[-49.87544,-25.56169],[-49.89196,-25.57734],[-49.89404,-25.56633],[-49.91675,-25.57674],[-49.91153,-25.59665],[-49.93397,-25.59864],[-49.94145,-25.61066],[-49.97942,-25.60482],[-49.99211,-25.61098],[-50.01433,-25.59818],[-50.03047,-25.60921],[-50.02613,-25.63038],[-50.04608,-25.63452],[-50.06356,-25.65148],[-50.07333,-25.63486],[-50.09473,-25.63489],[-50.08555,-25.6505],[-50.09632,-25.66667],[-50.10897,-25.65789],[-50.1358,-25.66192],[-50.12936,-25.66894],[-50.15155,-25.68409],[-50.12096,-25.70934],[-50.14875,-25.72338],[-50.1502,-25.75311],[-50.18481,-25.76603],[-50.18048,-25.78941],[-50.20881,-25.78716],[-50.2277,-25.81228],[-50.19815,-25.82252],[-50.17326,-25.85764],[-50.17468,-25.87196],[-50.14439,-25.88628],[-50.12115,-25.88054],[-50.1089,-25.892],[-50.07304,-25.89531],[-50.03836,-25.8783],[-50.01362,-25.89377],[-50.01483,-25.93425],[-49.99607,-25.93259],[-49.9728,-25.9586],[-49.96382,-25.98875],[-49.96727,-26.00459],[-49.99267,-25.99109],[-49.99308,-26.01115],[-50.01107,-26.01353]]]}},{"type":"Feature","properties":{"id":"43","phone_code":"43","phone_code_1_digit":"4"},"geometry":{"type":"Polygon","coordinates":[[[-49.2549,-24.42333],[-49.2752,-24.41647],[-49.31169,-24.42989],[-49.31458,-24.43978],[-49.3463,-24.45799],[-49.35877,-24.47721],[-49.38923,-24.48681],[-49.39623,-24.49611],[-49.42647,-24.49866],[-49.43097,-24.52085],[-49.45128,-24.52544],[-49.4659,-24.54414],[-49.48724,-24.54549],[-49.49313,-24.58701],[-49.51022,-24.61373],[-49.52599,-24.60587],[-49.52321,-24.57589],[-49.55155,-24.57848],[-49.55316,-24.59598],[-49.57311,-24.6132],[-49.5933,-24.59783],[-49.60941,-24.60892],[-49.62487,-24.59642],[-49.62093,-24.58155],[-49.62856,-24.54542],[-49.625,-24.51544],[-49.63477,-24.49612],[-49.73824,-24.44487],[-49.79764,-24.46031],[-49.81858,-24.44492],[-49.84645,-24.38948],[-49.8786,-24.38009],[-49.89413,-24.3607],[-49.92236,-24.35899],[-49.94644,-24.37076],[-49.96521,-24.33497],[-49.96029,-24.31103],[-49.97235,-24.29266],[-49.9781,-24.25663],[-49.98559,-24.24494],[-50.00721,-24.2395],[-50.01617,-24.25613],[-50.03904,-24.25413],[-50.05262,-24.27203],[-50.08832,-24.28751],[-50.10173,-24.28137],[-50.12324,-24.30087],[-50.18457,-24.29012],[-50.20554,-24.23203],[-50.19054,-24.17927],[-50.16783,-24.17172],[-50.14216,-24.14661],[-50.10896,-24.13378],[-50.09411,-24.10018],[-50.11095,-24.08504],[-50.11147,-24.06761],[-50.13296,-24.05646],[-50.13394,-24.04113],[-50.16637,-24.03006],[-50.19265,-24.02737],[-50.2374,-23.96428],[-50.26689,-23.96396],[-50.27399,-23.95472],[-50.29272,-23.96478],[-50.28746,-23.98527],[-50.30134,-23.99735],[-50.30955,-24.02154],[-50.33202,-24.02406],[-50.34387,-24.04073],[-50.34391,-24.06628],[-50.33013,-24.12211],[-50.42917,-24.10048],[-50.47585,-24.10538],[-50.49616,-24.08907],[-50.50269,-24.09618],[-50.53283,-24.0738],[-50.57599,-24.06349],[-50.58768,-24.07368],[-50.60652,-24.06643],[-50.62039,-24.07734],[-50.66189,-24.07134],[-50.69312,-24.02577],[-50.71857,-24.0291],[-50.74216,-24.00668],[-50.73421,-23.9852],[-50.76187,-23.96739],[-50.74029,-23.96467],[-50.72985,-23.94028],[-50.78665,-23.90509],[-50.78985,-23.8882],[-50.81832,-23.87697],[-50.8458,-23.89405],[-50.84723,-23.87916],[-50.89529,-23.83971],[-50.88483,-23.80829],[-50.89857,-23.79508],[-50.90382,-23.81734],[-50.93671,-23.81857],[-50.93102,-23.8353],[-50.95888,-23.84797],[-50.96812,-23.86327],[-50.95588,-23.87129],[-50.9631,-23.88325],[-50.95224,-23.89413],[-50.99999,-23.90071],[-51.01602,-23.9182],[-51.02399,-23.90636],[-51.04153,-23.90554],[-51.06926,-23.91605],[-51.08141,-23.90548],[-51.08874,-23.92914],[-51.11207,-23.9422],[-51.1088,-23.96694],[-51.09477,-23.97599],[-51.09944,-24.00084],[-51.0911,-24.01472],[-51.09658,-24.02992],[-51.08136,-24.04355],[-51.08495,-24.07394],[-51.1015,-24.07315],[-51.11378,-24.0848],[-51.13054,-24.06984],[-51.15438,-24.07106],[-51.15193,-24.08141],[-51.17158,-24.08004],[-51.16654,-24.09792],[-51.21721,-24.10527],[-51.23135,-24.08538],[-51.26763,-24.10931],[-51.28566,-24.09301],[-51.30368,-24.11326],[-51.30885,-24.13362],[-51.34696,-24.13316],[-51.34766,-24.11517],[-51.36455,-24.13252],[-51.35728,-24.15782],[-51.34143,-24.14839],[-51.32219,-24.16092],[-51.31774,-24.18145],[-51.29858,-24.17416],[-51.28905,-24.19423],[-51.24832,-24.21151],[-51.22971,-24.21],[-51.2068,-24.22255],[-51.21212,-24.23884],[-51.18116,-24.2523],[-51.16474,-24.24906],[-51.10827,-24.28324],[-51.09904,-24.30083],[-51.11327,-24.31171],[-51.10401,-24.34814],[-51.08602,-24.34072],[-51.07985,-24.36413],[-51.09443,-24.38526],[-51.10388,-24.41418],[-51.13868,-24.43149],[-51.13368,-24.45811],[-51.1656,-24.48797],[-51.17124,-24.51316],[-51.19174,-24.52333],[-51.15797,-24.55045],[-51.15829,-24.56845],[-51.12285,-24.59037],[-51.13085,-24.60545],[-51.12751,-24.62504],[-51.09993,-24.6234],[-51.08214,-24.63526],[-51.07906,-24.66337],[-51.0635,-24.69091],[-51.06636,-24.81547],[-51.0283,-24.85462],[-50.9979,-24.86263],[-50.98158,-24.90681],[-50.96245,-24.93249],[-50.97813,-24.94412],[-50.98416,-24.96531],[-51.0171,-24.96863],[-51.0296,-24.95475],[-51.05896,-24.95265],[-51.05304,-24.93228],[-51.07116,-24.92374],[-51.08613,-24.93633],[-51.09935,-24.91695],[-51.0941,-24.90154],[-51.12063,-24.90366],[-51.09769,-24.87927],[-51.11707,-24.88322],[-51.10343,-24.86598],[-51.12941,-24.87373],[-51.12954,-24.85135],[-51.1466,-24.84639],[-51.14941,-24.80819],[-51.16891,-24.81187],[-51.18321,-24.79993],[-51.18199,-24.78255],[-51.19621,-24.79899],[-51.21098,-24.79495],[-51.19916,-24.76791],[-51.23485,-24.7781],[-51.23429,-24.7915],[-51.25974,-24.78409],[-51.25385,-24.76938],[-51.28193,-24.77407],[-51.27502,-24.75246],[-51.29083,-24.75814],[-51.29413,-24.77555],[-51.31838,-24.76815],[-51.32515,-24.75471],[-51.34826,-24.76328],[-51.3601,-24.75859],[-51.37453,-24.77274],[-51.38094,-24.75446],[-51.39436,-24.7638],[-51.40963,-24.75585],[-51.41224,-24.72591],[-51.43635,-24.70231],[-51.42052,-24.69468],[-51.44588,-24.68616],[-51.4441,-24.66778],[-51.46815,-24.65389],[-51.48313,-24.6192],[-51.49313,-24.63668],[-51.50168,-24.62691],[-51.48657,-24.60858],[-51.47239,-24.60554],[-51.45437,-24.58061],[-51.46469,-24.57848],[-51.44988,-24.55773],[-51.46794,-24.55457],[-51.5044,-24.57497],[-51.5332,-24.55355],[-51.56495,-24.56972],[-51.57089,-24.55715],[-51.60407,-24.55541],[-51.6338,-24.57489],[-51.66161,-24.5841],[-51.69176,-24.5816],[-51.71525,-24.59499],[-51.73671,-24.58395],[-51.75668,-24.54326],[-51.75659,-24.52897],[-51.79117,-24.49507],[-51.79913,-24.4641],[-51.81483,-24.47118],[-51.82783,-24.4411],[-51.84503,-24.43544],[-51.84064,-24.42257],[-51.87161,-24.39848],[-51.89747,-24.39194],[-51.88724,-24.38281],[-51.91921,-24.33009],[-51.9374,-24.28687],[-51.91936,-24.28832],[-51.93746,-24.27207],[-51.93118,-24.26425],[-51.95335,-24.24633],[-51.96988,-24.23182],[-51.94897,-24.23132],[-51.96791,-24.2165],[-51.97902,-24.22708],[-51.99224,-24.20218],[-52.00955,-24.19183],[-51.99655,-24.18058],[-51.98585,-24.18941],[-51.96971,-24.17781],[-51.9616,-24.20001],[-51.95614,-24.1823],[-51.97077,-24.16395],[-51.95031,-24.16198],[-51.95605,-24.14963],[-51.92,-24.16391],[-51.92072,-24.14379],[-51.94341,-24.13855],[-51.9235,-24.11368],[-51.89793,-24.12131],[-51.93869,-24.06804],[-51.95793,-24.06842],[-51.95176,-24.04354],[-51.94358,-24.05434],[-51.92901,-24.04697],[-51.94782,-24.03898],[-51.93607,-24.00629],[-51.95801,-23.99482],[-51.93649,-23.99445],[-51.94563,-23.97372],[-51.96539,-23.97493],[-51.95691,-23.95809],[-51.95911,-23.93573],[-51.93938,-23.91177],[-51.95155,-23.90046],[-51.94055,-23.87637],[-51.95555,-23.87273],[-51.95818,-23.85684],[-51.9758,-23.84333],[-51.99418,-23.85198],[-51.98196,-23.82941],[-52.00766,-23.81252],[-51.99196,-23.78895],[-51.97678,-23.79689],[-51.96111,-23.77531],[-51.94994,-23.77552],[-51.92025,-23.73237],[-51.92505,-23.71223],[-51.96311,-23.69406],[-51.93686,-23.68283],[-51.92928,-23.66594],[-51.91348,-23.67069],[-51.90212,-23.65412],[-51.88582,-23.65974],[-51.88813,-23.64465],[-51.85139,-23.63348],[-51.8296,-23.64367],[-51.82152,-23.63353],[-51.79524,-23.63038],[-51.79308,-23.6065],[-51.7556,-23.59958],[-51.73549,-23.5797],[-51.72115,-23.58559],[-51.70619,-23.57236],[-51.68491,-23.57951],[-51.64658,-23.57694],[-51.62317,-23.54345],[-51.63089,-23.5303],[-51.62149,-23.48886],[-51.60568,-23.48438],[-51.62077,-23.47138],[-51.61135,-23.46237],[-51.63205,-23.4504],[-51.625,-23.41051],[-51.64841,-23.38956],[-51.66027,-23.39554],[-51.68953,-23.37725],[-51.67617,-23.37346],[-51.62288,-23.3152],[-51.60529,-23.28077],[-51.6111,-23.2437],[-51.6223,-23.2314],[-51.61465,-23.21898],[-51.61374,-23.18095],[-51.59679,-23.12812],[-51.58951,-23.12214],[-51.61011,-23.10669],[-51.62841,-23.10683],[-51.65059,-23.08463],[-51.67181,-23.0864],[-51.68049,-23.07176],[-51.74418,-23.04675],[-51.75707,-23.01698],[-51.78521,-23.0179],[-51.79416,-23.00528],[-51.75956,-22.96817],[-51.7539,-22.94395],[-51.71709,-22.931],[-51.72981,-22.90309],[-51.72144,-22.89372],[-51.74785,-22.87542],[-51.76323,-22.84864],[-51.79972,-22.83054],[-51.75867,-22.82999],[-51.77104,-22.77395],[-51.75908,-22.76603],[-51.75897,-22.73887],[-51.73436,-22.72329],[-51.71768,-22.66855],[-51.69868,-22.6689],[-51.66186,-22.65677],[-51.61535,-22.66212],[-51.58957,-22.6852],[-51.55908,-22.69671],[-51.52525,-22.68633],[-51.49841,-22.69006],[-51.47142,-22.67672],[-51.45261,-22.65528],[-51.42424,-22.65304],[-51.40153,-22.66743],[-51.37316,-22.65766],[-51.31135,-22.67307],[-51.26471,-22.66723],[-51.24636,-22.68522],[-51.23486,-22.70821],[-51.21254,-22.72337],[-51.18653,-22.72942],[-51.15618,-22.75206],[-51.10919,-22.7611],[-51.05713,-22.76558],[-51.00389,-22.79324],[-50.97819,-22.78214],[-50.96113,-22.78576],[-50.9441,-22.80419],[-50.92721,-22.79728],[-50.88823,-22.79606],[-50.8419,-22.83092],[-50.83243,-22.85869],[-50.81653,-22.87907],[-50.79651,-22.88906],[-50.79265,-22.90464],[-50.80566,-22.93982],[-50.79545,-22.9507],[-50.75818,-22.94718],[-50.74013,-22.96203],[-50.70935,-22.95297],[-50.67696,-22.90057],[-50.64802,-22.89661],[-50.60804,-22.92368],[-50.57657,-22.90347],[-50.52953,-22.91867],[-50.52629,-22.93435],[-50.5056,-22.9449],[-50.48686,-22.93657],[-50.45894,-22.94473],[-50.42687,-22.94496],[-50.41847,-22.91346],[-50.37859,-22.90493],[-50.3581,-22.91659],[-50.33971,-22.9476],[-50.31801,-22.95021],[-50.29996,-22.93746],[-50.27291,-22.93052],[-50.24613,-22.938],[-50.2405,-22.95256],[-50.2164,-22.94742],[-50.18291,-22.9533],[-50.15095,-22.93468],[-50.13304,-22.9393],[-50.11493,-22.93932],[-50.09424,-22.92333],[-50.06699,-22.92704],[-50.04737,-22.90149],[-50.01693,-22.9104],[-50.00168,-22.92825],[-49.98993,-22.92474],[-49.9976,-22.89976],[-49.98569,-22.89703],[-49.96527,-22.91366],[-49.9609,-22.93039],[-49.97372,-22.95402],[-49.95402,-22.97794],[-49.93028,-22.98255],[-49.90189,-22.99844],[-49.91579,-23.03594],[-49.91112,-23.05064],[-49.87082,-23.06991],[-49.83318,-23.06546],[-49.81224,-23.07951],[-49.80613,-23.09386],[-49.76247,-23.1051],[-49.74929,-23.09703],[-49.72507,-23.10896],[-49.73442,-23.13324],[-49.69701,-23.16451],[-49.67723,-23.17446],[-49.65328,-23.21156],[-49.62533,-23.28617],[-49.63092,-23.30394],[-49.62122,-23.33141],[-49.63296,-23.35594],[-49.61133,-23.35417],[-49.59493,-23.36661],[-49.59116,-23.38855],[-49.60667,-23.3929],[-49.57984,-23.41464],[-49.58032,-23.43124],[-49.56662,-23.42675],[-49.57247,-23.44346],[-49.58963,-23.43539],[-49.59743,-23.45744],[-49.60281,-23.47794],[-49.6144,-23.47172],[-49.6209,-23.49284],[-49.61323,-23.50965],[-49.62374,-23.52282],[-49.59973,-23.53514],[-49.60751,-23.56475],[-49.60154,-23.58222],[-49.62069,-23.60657],[-49.6058,-23.62447],[-49.61667,-23.6391],[-49.58483,-23.65839],[-49.5794,-23.67785],[-49.55583,-23.69048],[-49.54831,-23.73581],[-49.56357,-23.73174],[-49.56003,-23.76083],[-49.56195,-23.818],[-49.60756,-23.8389],[-49.595,-23.84632],[-49.60199,-23.8678],[-49.55651,-23.92225],[-49.53173,-23.92962],[-49.52186,-23.91608],[-49.51113,-23.92542],[-49.52062,-23.94562],[-49.50295,-23.94812],[-49.51323,-23.96391],[-49.49321,-23.97711],[-49.49765,-23.99333],[-49.48593,-23.99996],[-49.48668,-24.02412],[-49.46296,-24.02695],[-49.45706,-24.049],[-49.42931,-24.06823],[-49.42953,-24.08805],[-49.4044,-24.09537],[-49.40858,-24.10781],[-49.37752,-24.11761],[-49.3414,-24.1379],[-49.3502,-24.22032],[-49.31223,-24.24291],[-49.30076,-24.27582],[-49.28333,-24.30758],[-49.24996,-24.31888],[-49.2484,-24.33003],[-49.2002,-24.34393],[-49.23734,-24.37853],[-49.25348,-24.40718],[-49.24976,-24.41338],[-49.2549,-24.42333]]]}},{"type":"Feature","properties":{"id":"44","phone_code":"44","phone_code_1_digit":"4"},"geometry":{"type":"Polygon","coordinates":[[[-54.25801,-24.35714],[-54.26939,-24.30537],[-54.28428,-24.28153],[-54.32232,-24.25043],[-54.32281,-24.2139],[-54.34237,-24.16269],[-54.34396,-24.14017],[-54.33281,-24.11579],[-54.30407,-24.09517],[-54.27757,-24.06275],[-54.24479,-24.05351],[-54.16849,-23.99853],[-54.12919,-23.98164],[-54.09934,-23.946],[-54.07939,-23.88851],[-54.08759,-23.84406],[-54.0752,-23.76402],[-54.05317,-23.72752],[-54.05061,-23.6867],[-54.03172,-23.6512],[-54.02351,-23.58561],[-54.00684,-23.54428],[-54.00383,-23.51061],[-53.98238,-23.4596],[-53.95969,-23.44295],[-53.93154,-23.44548],[-53.87609,-23.41932],[-53.81551,-23.38518],[-53.77058,-23.37164],[-53.72715,-23.31325],[-53.69305,-23.22093],[-53.65935,-23.1653],[-53.65982,-23.15399],[-53.63608,-23.12456],[-53.62939,-23.01304],[-53.63362,-22.99803],[-53.60692,-22.95087],[-53.57027,-22.92802],[-53.55894,-22.9055],[-53.53342,-22.8816],[-53.48426,-22.86339],[-53.42915,-22.83249],[-53.39823,-22.80626],[-53.37703,-22.80277],[-53.36078,-22.78143],[-53.32686,-22.7641],[-53.24363,-22.73423],[-53.20145,-22.7283],[-53.18839,-22.72148],[-53.12738,-22.65188],[-53.10469,-22.62146],[-53.08729,-22.65798],[-53.07422,-22.64088],[-53.0553,-22.63216],[-53.02402,-22.60373],[-52.97192,-22.57002],[-52.92424,-22.56516],[-52.90486,-22.57174],[-52.85556,-22.60774],[-52.81494,-22.59658],[-52.7498,-22.6119],[-52.72193,-22.62629],[-52.69661,-22.62654],[-52.66254,-22.61145],[-52.60381,-22.57168],[-52.57885,-22.56996],[-52.56663,-22.58878],[-52.53731,-22.61553],[-52.50218,-22.63409],[-52.44636,-22.60806],[-52.43255,-22.6067],[-52.36811,-22.62887],[-52.30488,-22.63635],[-52.2782,-22.61992],[-52.23964,-22.61941],[-52.22761,-22.64205],[-52.2273,-22.66593],[-52.21861,-22.6728],[-52.19669,-22.65846],[-52.15618,-22.64425],[-52.162,-22.60071],[-52.14827,-22.54879],[-52.12206,-22.51752],[-52.08913,-22.52078],[-52.05736,-22.53742],[-51.99772,-22.54514],[-51.96038,-22.56299],[-51.94002,-22.56687],[-51.87317,-22.62775],[-51.84977,-22.63178],[-51.77014,-22.61385],[-51.73385,-22.625],[-51.72538,-22.66099],[-51.71768,-22.66855],[-51.73436,-22.72329],[-51.75897,-22.73887],[-51.75908,-22.76603],[-51.77104,-22.77395],[-51.75867,-22.82999],[-51.79972,-22.83054],[-51.76323,-22.84864],[-51.74785,-22.87542],[-51.72144,-22.89372],[-51.72981,-22.90309],[-51.71709,-22.931],[-51.7539,-22.94395],[-51.75956,-22.96817],[-51.79416,-23.00528],[-51.78521,-23.0179],[-51.75707,-23.01698],[-51.74418,-23.04675],[-51.68049,-23.07176],[-51.67181,-23.0864],[-51.65059,-23.08463],[-51.62841,-23.10683],[-51.61011,-23.10669],[-51.58951,-23.12214],[-51.59679,-23.12812],[-51.61374,-23.18095],[-51.61465,-23.21898],[-51.6223,-23.2314],[-51.6111,-23.2437],[-51.60529,-23.28077],[-51.62288,-23.3152],[-51.67617,-23.37346],[-51.68953,-23.37725],[-51.66027,-23.39554],[-51.64841,-23.38956],[-51.625,-23.41051],[-51.63205,-23.4504],[-51.61135,-23.46237],[-51.62077,-23.47138],[-51.60568,-23.48438],[-51.62149,-23.48886],[-51.63089,-23.5303],[-51.62317,-23.54345],[-51.64658,-23.57694],[-51.68491,-23.57951],[-51.70619,-23.57236],[-51.72115,-23.58559],[-51.73549,-23.5797],[-51.7556,-23.59958],[-51.79308,-23.6065],[-51.79524,-23.63038],[-51.82152,-23.63353],[-51.8296,-23.64367],[-51.85139,-23.63348],[-51.88813,-23.64465],[-51.88582,-23.65974],[-51.90212,-23.65412],[-51.91348,-23.67069],[-51.92928,-23.66594],[-51.93686,-23.68283],[-51.96311,-23.69406],[-51.92505,-23.71223],[-51.92025,-23.73237],[-51.94994,-23.77552],[-51.96111,-23.77531],[-51.97678,-23.79689],[-51.99196,-23.78895],[-52.00766,-23.81252],[-51.98196,-23.82941],[-51.99418,-23.85198],[-51.9758,-23.84333],[-51.95818,-23.85684],[-51.95555,-23.87273],[-51.94055,-23.87637],[-51.95155,-23.90046],[-51.93938,-23.91177],[-51.95911,-23.93573],[-51.95691,-23.95809],[-51.96539,-23.97493],[-51.94563,-23.97372],[-51.93649,-23.99445],[-51.95801,-23.99482],[-51.93607,-24.00629],[-51.94782,-24.03898],[-51.92901,-24.04697],[-51.94358,-24.05434],[-51.95176,-24.04354],[-51.95793,-24.06842],[-51.93869,-24.06804],[-51.89793,-24.12131],[-51.9235,-24.11368],[-51.94341,-24.13855],[-51.92072,-24.14379],[-51.92,-24.16391],[-51.95605,-24.14963],[-51.95031,-24.16198],[-51.97077,-24.16395],[-51.95614,-24.1823],[-51.9616,-24.20001],[-51.96971,-24.17781],[-51.98585,-24.18941],[-51.99655,-24.18058],[-52.00955,-24.19183],[-51.99224,-24.20218],[-51.97902,-24.22708],[-51.96791,-24.2165],[-51.94897,-24.23132],[-51.96988,-24.23182],[-51.95335,-24.24633],[-51.97417,-24.25252],[-51.97061,-24.27295],[-51.99153,-24.2704],[-51.98318,-24.28373],[-51.99718,-24.30892],[-51.98217,-24.31981],[-52.00068,-24.33106],[-51.99318,-24.34344],[-52.01431,-24.36168],[-52.00345,-24.37712],[-52.02315,-24.3793],[-52.00972,-24.39612],[-52.02157,-24.41146],[-52.0379,-24.40625],[-52.02597,-24.43542],[-52.03701,-24.44352],[-52.02661,-24.47727],[-52.01305,-24.48388],[-52.04121,-24.50212],[-52.02718,-24.50641],[-52.0458,-24.51601],[-52.0411,-24.56293],[-52.08339,-24.58232],[-52.07942,-24.59061],[-52.11326,-24.60123],[-52.13254,-24.62392],[-52.17247,-24.63256],[-52.19631,-24.61867],[-52.22896,-24.62311],[-52.25405,-24.63969],[-52.26745,-24.63908],[-52.28851,-24.65991],[-52.32358,-24.66609],[-52.32538,-24.68019],[-52.3446,-24.6904],[-52.37046,-24.69248],[-52.36913,-24.70676],[-52.39599,-24.71309],[-52.40551,-24.72933],[-52.43007,-24.70283],[-52.43564,-24.72006],[-52.42033,-24.72195],[-52.43812,-24.73711],[-52.47336,-24.75008],[-52.4827,-24.73364],[-52.5182,-24.7609],[-52.53675,-24.76305],[-52.54522,-24.786],[-52.53673,-24.80299],[-52.54402,-24.82653],[-52.53139,-24.85842],[-52.55134,-24.84895],[-52.57672,-24.86919],[-52.5968,-24.87344],[-52.60342,-24.89608],[-52.62136,-24.89787],[-52.64116,-24.91863],[-52.65464,-24.90992],[-52.65521,-24.92897],[-52.68216,-24.93053],[-52.65688,-24.89484],[-52.69413,-24.89418],[-52.68443,-24.87849],[-52.70469,-24.87643],[-52.72127,-24.85547],[-52.7404,-24.85428],[-52.73908,-24.88143],[-52.76662,-24.86513],[-52.74862,-24.85939],[-52.75055,-24.8484],[-52.77071,-24.83846],[-52.79323,-24.84564],[-52.80707,-24.82861],[-52.78845,-24.8185],[-52.777,-24.80082],[-52.79839,-24.79694],[-52.80475,-24.80875],[-52.83082,-24.81499],[-52.85155,-24.79134],[-52.86629,-24.80296],[-52.86456,-24.76599],[-52.87702,-24.7508],[-52.90732,-24.76308],[-52.92227,-24.75799],[-52.92208,-24.73335],[-52.90174,-24.72401],[-52.94111,-24.70701],[-52.94769,-24.72335],[-52.961,-24.72008],[-52.96297,-24.70432],[-52.95069,-24.68384],[-52.98347,-24.68822],[-52.97853,-24.6694],[-52.99569,-24.67351],[-53.02721,-24.66477],[-53.0188,-24.64242],[-53.03534,-24.63662],[-53.04386,-24.64993],[-53.06916,-24.64341],[-53.05248,-24.63766],[-53.0415,-24.61122],[-53.07573,-24.60635],[-53.09297,-24.61212],[-53.0952,-24.57224],[-53.12203,-24.56315],[-53.13589,-24.53691],[-53.15914,-24.5337],[-53.1818,-24.51401],[-53.16294,-24.48997],[-53.16111,-24.44853],[-53.16839,-24.43663],[-53.15145,-24.41682],[-53.16659,-24.36344],[-53.19233,-24.35839],[-53.19872,-24.34219],[-53.22318,-24.35471],[-53.24665,-24.32854],[-53.27429,-24.33722],[-53.25069,-24.39393],[-53.26116,-24.39666],[-53.24762,-24.41901],[-53.28855,-24.42033],[-53.3181,-24.42978],[-53.31971,-24.48366],[-53.33466,-24.48109],[-53.35095,-24.49755],[-53.34093,-24.51488],[-53.35067,-24.54305],[-53.44369,-24.53893],[-53.43976,-24.56684],[-53.42792,-24.57645],[-53.43647,-24.62617],[-53.42694,-24.62835],[-53.42289,-24.67167],[-53.43984,-24.67378],[-53.44766,-24.68897],[-53.44055,-24.70567],[-53.45647,-24.74323],[-53.5277,-24.74284],[-53.53656,-24.7463],[-53.71492,-24.57463],[-53.73101,-24.57672],[-53.74384,-24.55742],[-53.769,-24.5499],[-53.77758,-24.52185],[-53.80743,-24.50961],[-53.81195,-24.48246],[-53.85036,-24.4525],[-53.87324,-24.45599],[-53.88114,-24.46703],[-53.90588,-24.45627],[-53.89073,-24.43117],[-53.91019,-24.43085],[-53.9013,-24.41766],[-53.89866,-24.38491],[-53.90689,-24.36946],[-53.96606,-24.36935],[-53.96675,-24.38932],[-54.1495,-24.38997],[-54.15062,-24.37075],[-54.16197,-24.37641],[-54.2518,-24.38433],[-54.26402,-24.37194],[-54.25801,-24.35714]]]}},{"type":"Feature","properties":{"id":"45","phone_code":"45","phone_code_1_digit":"4"},"geometry":{"type":"Polygon","coordinates":[[[-54.00973,-25.5671],[-54.02893,-25.56757],[-54.04064,-25.58355],[-54.05956,-25.57747],[-54.07914,-25.55873],[-54.08875,-25.58435],[-54.08902,-25.61145],[-54.09796,-25.61894],[-54.11017,-25.60343],[-54.12406,-25.56749],[-54.09691,-25.52226],[-54.09281,-25.50054],[-54.1085,-25.49528],[-54.14361,-25.5204],[-54.16053,-25.54063],[-54.19048,-25.53381],[-54.20603,-25.54053],[-54.20481,-25.55702],[-54.17984,-25.56536],[-54.17803,-25.58439],[-54.20037,-25.5811],[-54.2232,-25.56406],[-54.23708,-25.57008],[-54.23467,-25.59251],[-54.24961,-25.59678],[-54.27981,-25.55632],[-54.32798,-25.57178],[-54.3452,-25.60692],[-54.37009,-25.59385],[-54.3855,-25.5983],[-54.39337,-25.63437],[-54.42487,-25.65815],[-54.42236,-25.68827],[-54.43784,-25.69083],[-54.44731,-25.65851],[-54.4672,-25.63659],[-54.50007,-25.61413],[-54.52112,-25.62727],[-54.53648,-25.61749],[-54.5329,-25.60062],[-54.55554,-25.58694],[-54.5932,-25.59189],[-54.59323,-25.5438],[-54.59984,-25.52153],[-54.60045,-25.48415],[-54.61684,-25.46899],[-54.61745,-25.45161],[-54.59938,-25.43397],[-54.58689,-25.39717],[-54.56439,-25.36727],[-54.54133,-25.34886],[-54.50022,-25.2984],[-54.49048,-25.2752],[-54.48134,-25.2327],[-54.46336,-25.19404],[-54.42979,-25.159],[-54.43711,-25.12505],[-54.46026,-25.09894],[-54.45891,-25.03855],[-54.44209,-24.98972],[-54.44142,-24.94868],[-54.41784,-24.89395],[-54.4089,-24.84208],[-54.3817,-24.76782],[-54.35737,-24.74274],[-54.34909,-24.71309],[-54.32502,-24.66045],[-54.31701,-24.59015],[-54.33542,-24.52978],[-54.33658,-24.50008],[-54.32254,-24.45805],[-54.28073,-24.40432],[-54.26402,-24.37194],[-54.2518,-24.38433],[-54.16197,-24.37641],[-54.15062,-24.37075],[-54.1495,-24.38997],[-53.96675,-24.38932],[-53.96606,-24.36935],[-53.90689,-24.36946],[-53.89866,-24.38491],[-53.9013,-24.41766],[-53.91019,-24.43085],[-53.89073,-24.43117],[-53.90588,-24.45627],[-53.88114,-24.46703],[-53.87324,-24.45599],[-53.85036,-24.4525],[-53.81195,-24.48246],[-53.80743,-24.50961],[-53.77758,-24.52185],[-53.769,-24.5499],[-53.74384,-24.55742],[-53.73101,-24.57672],[-53.71492,-24.57463],[-53.53656,-24.7463],[-53.5277,-24.74284],[-53.45647,-24.74323],[-53.44055,-24.70567],[-53.44766,-24.68897],[-53.43984,-24.67378],[-53.42289,-24.67167],[-53.42694,-24.62835],[-53.43647,-24.62617],[-53.42792,-24.57645],[-53.43976,-24.56684],[-53.44369,-24.53893],[-53.35067,-24.54305],[-53.34093,-24.51488],[-53.35095,-24.49755],[-53.33466,-24.48109],[-53.31971,-24.48366],[-53.3181,-24.42978],[-53.28855,-24.42033],[-53.24762,-24.41901],[-53.26116,-24.39666],[-53.25069,-24.39393],[-53.27429,-24.33722],[-53.24665,-24.32854],[-53.22318,-24.35471],[-53.19872,-24.34219],[-53.19233,-24.35839],[-53.16659,-24.36344],[-53.15145,-24.41682],[-53.16839,-24.43663],[-53.16111,-24.44853],[-53.16294,-24.48997],[-53.1818,-24.51401],[-53.15914,-24.5337],[-53.13589,-24.53691],[-53.12203,-24.56315],[-53.0952,-24.57224],[-53.09297,-24.61212],[-53.07573,-24.60635],[-53.0415,-24.61122],[-53.05248,-24.63766],[-53.06916,-24.64341],[-53.04386,-24.64993],[-53.03534,-24.63662],[-53.0188,-24.64242],[-53.02721,-24.66477],[-52.99569,-24.67351],[-52.97853,-24.6694],[-52.98347,-24.68822],[-52.95069,-24.68384],[-52.96297,-24.70432],[-52.961,-24.72008],[-52.94769,-24.72335],[-52.94111,-24.70701],[-52.90174,-24.72401],[-52.92208,-24.73335],[-52.92227,-24.75799],[-52.90732,-24.76308],[-52.87702,-24.7508],[-52.86456,-24.76599],[-52.86629,-24.80296],[-52.85155,-24.79134],[-52.83082,-24.81499],[-52.80475,-24.80875],[-52.79839,-24.79694],[-52.777,-24.80082],[-52.78845,-24.8185],[-52.80707,-24.82861],[-52.79323,-24.84564],[-52.77071,-24.83846],[-52.75055,-24.8484],[-52.74862,-24.85939],[-52.76662,-24.86513],[-52.73908,-24.88143],[-52.7404,-24.85428],[-52.72127,-24.85547],[-52.70469,-24.87643],[-52.68443,-24.87849],[-52.69413,-24.89418],[-52.65688,-24.89484],[-52.68216,-24.93053],[-52.65521,-24.92897],[-52.63726,-24.94402],[-52.66241,-24.95607],[-52.64277,-24.98245],[-52.64355,-24.95621],[-52.62155,-24.96139],[-52.62067,-24.92549],[-52.59685,-24.93925],[-52.5839,-24.95783],[-52.622,-24.97561],[-52.6025,-25.01997],[-52.63266,-25.05789],[-52.6525,-25.06141],[-52.66226,-25.08956],[-52.65607,-25.10716],[-52.66961,-25.12829],[-52.66852,-25.14546],[-52.69073,-25.16387],[-52.67319,-25.17105],[-52.65396,-25.20019],[-52.67247,-25.20057],[-52.6948,-25.21399],[-52.72066,-25.21188],[-52.76764,-25.23695],[-52.77598,-25.24775],[-52.80524,-25.24805],[-52.84282,-25.2574],[-52.83949,-25.27306],[-52.86093,-25.27075],[-52.89753,-25.2797],[-52.90728,-25.26453],[-52.93097,-25.29773],[-52.94037,-25.28592],[-52.94834,-25.29829],[-53.00983,-25.31716],[-52.99485,-25.32312],[-53.00534,-25.33247],[-53.03194,-25.3285],[-53.05029,-25.35298],[-53.0937,-25.36723],[-53.09376,-25.3787],[-53.11539,-25.40586],[-53.10964,-25.41693],[-53.12078,-25.44202],[-53.1115,-25.45004],[-53.11484,-25.47908],[-53.12612,-25.4657],[-53.12687,-25.48707],[-53.15174,-25.49736],[-53.12939,-25.51122],[-53.15834,-25.50847],[-53.18828,-25.51518],[-53.20069,-25.52773],[-53.19433,-25.56271],[-53.20739,-25.57345],[-53.24738,-25.57737],[-53.26142,-25.59141],[-53.27058,-25.58543],[-53.26947,-25.55171],[-53.27936,-25.54354],[-53.32461,-25.54984],[-53.32834,-25.53859],[-53.30731,-25.50967],[-53.30333,-25.4914],[-53.32356,-25.47642],[-53.35266,-25.48992],[-53.3383,-25.51317],[-53.34584,-25.53114],[-53.36963,-25.53107],[-53.38778,-25.50412],[-53.44286,-25.50705],[-53.4472,-25.52832],[-53.49298,-25.53595],[-53.50656,-25.54313],[-53.54339,-25.54249],[-53.54975,-25.50911],[-53.57597,-25.51858],[-53.57827,-25.56293],[-53.60372,-25.56132],[-53.63062,-25.52723],[-53.66123,-25.50889],[-53.6813,-25.50436],[-53.69318,-25.52848],[-53.71489,-25.54129],[-53.70435,-25.57476],[-53.71451,-25.58957],[-53.7543,-25.55411],[-53.77817,-25.56196],[-53.78116,-25.59826],[-53.79631,-25.60659],[-53.81754,-25.58923],[-53.79612,-25.55171],[-53.81829,-25.53943],[-53.88869,-25.59166],[-53.9042,-25.59375],[-53.93947,-25.5711],[-53.96414,-25.58495],[-53.99041,-25.58564],[-54.00973,-25.5671]]]}},{"type":"Feature","properties":{"id":"46","phone_code":"46","phone_code_1_digit":"4"},"geometry":{"type":"Polygon","coordinates":[[[-51.52972,-26.59198],[-51.63009,-26.58869],[-51.66458,-26.56561],[-51.69457,-26.58296],[-51.73365,-26.57484],[-51.78581,-26.58978],[-51.81816,-26.57957],[-51.84331,-26.5946],[-51.87312,-26.59976],[-51.89921,-26.58031],[-51.92785,-26.58439],[-51.94633,-26.56993],[-52.01075,-26.56608],[-52.02074,-26.54823],[-52.06411,-26.52367],[-52.07843,-26.52551],[-52.09339,-26.51284],[-52.09771,-26.48486],[-52.13355,-26.47002],[-52.15739,-26.47139],[-52.18517,-26.44493],[-52.21992,-26.46548],[-52.26289,-26.45435],[-52.28198,-26.46301],[-52.30455,-26.44027],[-52.37626,-26.44007],[-52.40255,-26.42776],[-52.42137,-26.43736],[-52.46456,-26.43713],[-52.47622,-26.42098],[-52.49578,-26.41956],[-52.52232,-26.40013],[-52.55488,-26.41117],[-52.57851,-26.40778],[-52.594,-26.41504],[-52.6152,-26.40801],[-52.62062,-26.39504],[-52.65806,-26.37397],[-52.6781,-26.35221],[-52.71836,-26.35689],[-52.73727,-26.3417],[-52.75923,-26.35264],[-52.8475,-26.3435],[-52.87099,-26.35833],[-52.94996,-26.36185],[-52.98984,-26.34736],[-53.04632,-26.38024],[-53.09018,-26.39004],[-53.12393,-26.3739],[-53.14531,-26.34523],[-53.16228,-26.35092],[-53.18397,-26.34339],[-53.23161,-26.31154],[-53.25428,-26.28947],[-53.28105,-26.24602],[-53.30545,-26.25928],[-53.3504,-26.25455],[-53.37509,-26.24157],[-53.42007,-26.27473],[-53.43187,-26.27819],[-53.4355,-26.26006],[-53.45624,-26.24607],[-53.43678,-26.21828],[-53.453,-26.20455],[-53.48336,-26.2008],[-53.50528,-26.21856],[-53.54049,-26.19707],[-53.5577,-26.20774],[-53.62865,-26.21031],[-53.6512,-26.20644],[-53.67885,-26.16425],[-53.69972,-26.1525],[-53.71517,-26.12693],[-53.74095,-26.11783],[-53.73873,-26.08697],[-53.72581,-26.06578],[-53.73421,-26.04261],[-53.74576,-26.04475],[-53.77956,-26.02112],[-53.77933,-26.00831],[-53.81687,-25.98928],[-53.81909,-25.97547],[-53.8355,-25.97147],[-53.84242,-25.93308],[-53.83325,-25.91962],[-53.81995,-25.92769],[-53.81814,-25.9119],[-53.83903,-25.88241],[-53.8341,-25.85048],[-53.84885,-25.84247],[-53.82276,-25.79232],[-53.84307,-25.79042],[-53.83062,-25.7816],[-53.856,-25.76597],[-53.83333,-25.75138],[-53.84809,-25.74076],[-53.86459,-25.74414],[-53.85764,-25.72449],[-53.87828,-25.70771],[-53.84936,-25.70293],[-53.86112,-25.65887],[-53.88903,-25.66086],[-53.87794,-25.64059],[-53.89455,-25.64236],[-53.89208,-25.62206],[-53.91211,-25.63567],[-53.91554,-25.61606],[-53.93303,-25.62194],[-53.94745,-25.61139],[-53.95092,-25.64681],[-53.96214,-25.64143],[-53.97023,-25.59975],[-53.99041,-25.58564],[-53.96414,-25.58495],[-53.93947,-25.5711],[-53.9042,-25.59375],[-53.88869,-25.59166],[-53.81829,-25.53943],[-53.79612,-25.55171],[-53.81754,-25.58923],[-53.79631,-25.60659],[-53.78116,-25.59826],[-53.77817,-25.56196],[-53.7543,-25.55411],[-53.71451,-25.58957],[-53.70435,-25.57476],[-53.71489,-25.54129],[-53.69318,-25.52848],[-53.6813,-25.50436],[-53.66123,-25.50889],[-53.63062,-25.52723],[-53.60372,-25.56132],[-53.57827,-25.56293],[-53.57597,-25.51858],[-53.54975,-25.50911],[-53.54339,-25.54249],[-53.50656,-25.54313],[-53.49298,-25.53595],[-53.4472,-25.52832],[-53.44286,-25.50705],[-53.38778,-25.50412],[-53.36963,-25.53107],[-53.34584,-25.53114],[-53.3383,-25.51317],[-53.35266,-25.48992],[-53.32356,-25.47642],[-53.30333,-25.4914],[-53.30731,-25.50967],[-53.32834,-25.53859],[-53.32461,-25.54984],[-53.27936,-25.54354],[-53.26947,-25.55171],[-53.27058,-25.58543],[-53.26142,-25.59141],[-53.24738,-25.57737],[-53.20739,-25.57345],[-53.19433,-25.56271],[-53.20069,-25.52773],[-53.18828,-25.51518],[-53.15834,-25.50847],[-53.12939,-25.51122],[-53.15174,-25.49736],[-53.12687,-25.48707],[-53.12612,-25.4657],[-53.11484,-25.47908],[-53.1115,-25.45004],[-53.12078,-25.44202],[-53.10964,-25.41693],[-53.11539,-25.40586],[-53.09376,-25.3787],[-53.0937,-25.36723],[-53.05029,-25.35298],[-53.03194,-25.3285],[-53.00534,-25.33247],[-52.99485,-25.32312],[-53.00983,-25.31716],[-52.94834,-25.29829],[-52.94037,-25.28592],[-52.93097,-25.29773],[-52.90728,-25.26453],[-52.89753,-25.2797],[-52.86093,-25.27075],[-52.83949,-25.27306],[-52.69244,-25.27398],[-52.66127,-25.29197],[-52.67036,-25.31432],[-52.69789,-25.32522],[-52.71196,-25.344],[-52.71286,-25.36439],[-52.70218,-25.37848],[-52.71554,-25.40098],[-52.73007,-25.39446],[-52.74994,-25.43201],[-52.77653,-25.46661],[-52.76083,-25.47798],[-52.77664,-25.48698],[-52.7662,-25.52179],[-52.77955,-25.52119],[-52.78777,-25.54537],[-52.7707,-25.5657],[-52.78462,-25.56651],[-52.76827,-25.60788],[-52.72159,-25.62625],[-52.71519,-25.66385],[-52.69206,-25.65284],[-52.66013,-25.65721],[-52.62565,-25.65359],[-52.61541,-25.60883],[-52.60106,-25.63384],[-52.57591,-25.64662],[-52.57507,-25.664],[-52.55624,-25.68655],[-52.52983,-25.69799],[-52.5246,-25.67314],[-52.54202,-25.65789],[-52.54189,-25.64345],[-52.49896,-25.66004],[-52.49764,-25.67928],[-52.48313,-25.67097],[-52.46661,-25.67821],[-52.4445,-25.67266],[-52.4107,-25.69906],[-52.35824,-25.7051],[-52.33311,-25.6813],[-52.3191,-25.67749],[-52.30836,-25.68937],[-52.33122,-25.71384],[-52.32302,-25.72328],[-52.30939,-25.71115],[-52.28522,-25.71123],[-52.26622,-25.72422],[-52.26155,-25.73807],[-52.23155,-25.74877],[-52.19138,-25.77237],[-52.17499,-25.75159],[-52.1556,-25.7534],[-52.14302,-25.77331],[-52.12269,-25.77424],[-52.11099,-25.79145],[-52.13539,-25.793],[-52.16808,-25.82915],[-52.16141,-25.86279],[-52.14758,-25.87131],[-52.14288,-25.8903],[-52.11164,-25.89461],[-52.0863,-25.93718],[-52.05409,-25.93608],[-52.03271,-25.94651],[-52.03362,-25.9715],[-52.0101,-25.98028],[-52.01418,-26.00198],[-51.99118,-26.01697],[-51.97932,-26.01398],[-51.96527,-25.98777],[-51.91949,-25.99523],[-51.88778,-26.0089],[-51.86492,-26.02568],[-51.83993,-26.00996],[-51.8218,-26.01256],[-51.7803,-25.99713],[-51.76692,-26.01117],[-51.73902,-25.99415],[-51.7242,-26.01846],[-51.73784,-26.04884],[-51.71573,-26.08122],[-51.69476,-26.09527],[-51.70419,-26.1254],[-51.74646,-26.2327],[-51.77829,-26.24163],[-51.77497,-26.2572],[-51.74267,-26.25245],[-51.73981,-26.26525],[-51.70088,-26.24344],[-51.6821,-26.28685],[-51.67929,-26.26851],[-51.64395,-26.26394],[-51.63125,-26.27158],[-51.63195,-26.29456],[-51.61742,-26.28467],[-51.61269,-26.29594],[-51.58534,-26.28634],[-51.58033,-26.30717],[-51.59239,-26.30692],[-51.57313,-26.33918],[-51.589,-26.35726],[-51.56186,-26.36774],[-51.58095,-26.39488],[-51.54063,-26.39179],[-51.55276,-26.41214],[-51.53104,-26.43693],[-51.53516,-26.45745],[-51.51593,-26.47498],[-51.52446,-26.48444],[-51.52857,-26.51267],[-51.51557,-26.54607],[-51.51107,-26.58327],[-51.52972,-26.59198]]]}},{"type":"Feature","properties":{"id":"47","phone_code":"47","phone_code_1_digit":"4"},"geometry":{"type":"Polygon","coordinates":[[[-49.54692,-27.61225],[-49.58693,-27.64299],[-49.62016,-27.65992],[-49.63717,-27.65889],[-49.63979,-27.64679],[-49.61832,-27.61913],[-49.62886,-27.61817],[-49.66369,-27.64883],[-49.68496,-27.65271],[-49.71129,-27.64296],[-49.7223,-27.65537],[-49.73742,-27.64786],[-49.74192,-27.63087],[-49.73289,-27.61901],[-49.7505,-27.59446],[-49.77603,-27.58569],[-49.78934,-27.57074],[-49.83381,-27.53863],[-49.85107,-27.50372],[-49.84901,-27.4933],[-49.89148,-27.49654],[-49.88907,-27.46565],[-49.92858,-27.41915],[-49.94355,-27.42446],[-49.95587,-27.40234],[-49.97834,-27.4165],[-49.99541,-27.41359],[-50.03244,-27.35689],[-50.04907,-27.35584],[-50.04233,-27.3344],[-50.03289,-27.34156],[-50.01043,-27.31974],[-50.02721,-27.32519],[-50.07171,-27.31074],[-50.07061,-27.30362],[-50.09952,-27.29804],[-50.12695,-27.27511],[-50.17514,-27.27013],[-50.19937,-27.23722],[-50.21968,-27.24699],[-50.26657,-27.22648],[-50.26091,-27.20199],[-50.2895,-27.20779],[-50.28311,-27.16559],[-50.31837,-27.14458],[-50.31303,-27.12843],[-50.33201,-27.10056],[-50.34647,-27.09197],[-50.31067,-27.06412],[-50.31812,-27.05548],[-50.31872,-27.01934],[-50.30561,-26.99201],[-50.29301,-26.9914],[-50.29761,-26.97102],[-50.2788,-26.94651],[-50.28472,-26.93136],[-50.26142,-26.88988],[-50.2825,-26.87487],[-50.25529,-26.86275],[-50.28043,-26.8432],[-50.28261,-26.83165],[-50.31081,-26.83695],[-50.34779,-26.82792],[-50.33527,-26.78235],[-50.31233,-26.77325],[-50.35339,-26.75159],[-50.3416,-26.7417],[-50.38893,-26.73917],[-50.41626,-26.72839],[-50.43754,-26.71252],[-50.47126,-26.70072],[-50.46876,-26.66277],[-50.50848,-26.63475],[-50.51537,-26.6401],[-50.52976,-26.60783],[-50.56406,-26.60898],[-50.56062,-26.59401],[-50.58112,-26.58274],[-50.57942,-26.5718],[-50.59763,-26.56799],[-50.60514,-26.54172],[-50.63109,-26.53283],[-50.64123,-26.51262],[-50.66855,-26.4987],[-50.69864,-26.49947],[-50.73834,-26.52504],[-50.79791,-26.50765],[-50.78713,-26.49469],[-50.80181,-26.4916],[-50.82167,-26.46722],[-50.80962,-26.45713],[-50.81559,-26.44033],[-50.84921,-26.42693],[-50.84145,-26.4046],[-50.84365,-26.3828],[-50.85876,-26.3762],[-50.88404,-26.37951],[-50.88292,-26.35808],[-50.8946,-26.34816],[-50.88368,-26.32726],[-50.90007,-26.32123],[-50.89936,-26.28862],[-50.88155,-26.27759],[-50.87871,-26.25852],[-50.86265,-26.24207],[-50.84618,-26.26685],[-50.83168,-26.26637],[-50.82554,-26.24596],[-50.79282,-26.22726],[-50.75796,-26.22124],[-50.74614,-26.2446],[-50.73182,-26.24929],[-50.71471,-26.23808],[-50.73132,-26.20293],[-50.7012,-26.18395],[-50.67782,-26.14738],[-50.64761,-26.12598],[-50.65679,-26.10256],[-50.628,-26.06264],[-50.59414,-26.07064],[-50.55314,-26.05777],[-50.55054,-26.04421],[-50.57974,-26.04767],[-50.59167,-26.04209],[-50.5912,-26.02165],[-50.57132,-26.00331],[-50.56293,-26.00604],[-50.54818,-26.03931],[-50.51309,-26.02572],[-50.47105,-26.02086],[-50.44301,-26.03541],[-50.44971,-26.0435],[-50.43315,-26.06061],[-50.39911,-26.06298],[-50.3711,-26.0797],[-50.36061,-26.11003],[-50.3404,-26.13017],[-50.32312,-26.13446],[-50.33198,-26.1078],[-50.33159,-26.08322],[-50.29837,-26.0549],[-50.26783,-26.04209],[-50.25154,-26.05084],[-50.25104,-26.02975],[-50.23546,-26.03583],[-50.22363,-26.06029],[-50.20938,-26.05669],[-50.18205,-26.07849],[-50.1554,-26.04158],[-50.17105,-26.04211],[-50.17928,-26.02828],[-50.14153,-26.02713],[-50.14909,-26.05793],[-50.13427,-26.04301],[-50.12059,-26.06387],[-50.09158,-26.0432],[-50.08434,-26.02307],[-50.079,-26.04433],[-50.03879,-26.0262],[-50.00586,-26.04478],[-50.01107,-26.01353],[-49.99308,-26.01115],[-49.9667,-26.02039],[-49.97231,-26.05786],[-49.94753,-26.0305],[-49.95972,-26.01972],[-49.94136,-26.00801],[-49.92059,-26.01299],[-49.92964,-25.98675],[-49.9145,-25.99111],[-49.88294,-25.9814],[-49.85811,-25.95813],[-49.83169,-25.94297],[-49.82961,-25.96029],[-49.8062,-25.95809],[-49.79164,-25.94596],[-49.78978,-26.01003],[-49.77286,-26.02767],[-49.72138,-26.02238],[-49.69109,-26.03155],[-49.67861,-26.02614],[-49.65087,-26.04164],[-49.61553,-26.04373],[-49.58393,-26.02509],[-49.56908,-26.05516],[-49.54304,-26.05641],[-49.50892,-26.12136],[-49.5112,-26.16129],[-49.50283,-26.17721],[-49.47901,-26.18542],[-49.45868,-26.16225],[-49.43609,-26.17184],[-49.37244,-26.15312],[-49.34681,-26.12762],[-49.31756,-26.10931],[-49.2893,-26.10222],[-49.29405,-26.08455],[-49.26927,-26.08041],[-49.25275,-26.04969],[-49.19147,-26.00828],[-49.1667,-26.00068],[-49.14078,-26.01508],[-49.12508,-25.99576],[-49.09927,-26.00832],[-49.09047,-26.00283],[-49.04615,-26.01865],[-49.04046,-26.00355],[-49.01962,-26.01515],[-48.98372,-26.00406],[-48.97803,-25.98883],[-48.96032,-25.98053],[-48.70939,-25.98282],[-48.66901,-25.97879],[-48.64318,-25.95546],[-48.63317,-25.97718],[-48.5941,-25.9766],[-48.60664,-26.05591],[-48.59918,-26.07241],[-48.5966,-26.12422],[-48.5805,-26.16478],[-48.56761,-26.17019],[-48.52193,-26.16962],[-48.52636,-26.19212],[-48.52111,-26.21412],[-48.50827,-26.22625],[-48.49233,-26.21877],[-48.5365,-26.29137],[-48.56455,-26.36068],[-48.5918,-26.40631],[-48.59817,-26.43036],[-48.59311,-26.45341],[-48.6321,-26.50981],[-48.66167,-26.57231],[-48.67595,-26.61322],[-48.68658,-26.66899],[-48.67837,-26.69798],[-48.68115,-26.71796],[-48.6709,-26.76194],[-48.65191,-26.77094],[-48.64693,-26.76131],[-48.61976,-26.78863],[-48.60569,-26.7885],[-48.5985,-26.77147],[-48.58488,-26.7828],[-48.60214,-26.8266],[-48.62771,-26.83517],[-48.64279,-26.9012],[-48.64036,-26.91959],[-48.62677,-26.93648],[-48.62558,-26.97119],[-48.634,-26.97782],[-48.62076,-26.99928],[-48.60193,-26.99507],[-48.56674,-27.00736],[-48.59173,-27.06136],[-48.59122,-27.07962],[-48.61186,-27.09994],[-48.60215,-27.12463],[-48.58405,-27.14522],[-48.54883,-27.15709],[-48.52761,-27.12369],[-48.50349,-27.11457],[-48.5122,-27.132],[-48.50148,-27.14543],[-48.46515,-27.14469],[-48.49798,-27.16914],[-48.49869,-27.19222],[-48.47854,-27.20565],[-48.49768,-27.21709],[-48.51743,-27.2165],[-48.50015,-27.20093],[-48.51456,-27.18495],[-48.53989,-27.18223],[-48.5578,-27.1982],[-48.60345,-27.2176],[-48.60799,-27.21043],[-48.66022,-27.21565],[-48.6843,-27.19525],[-48.68953,-27.17988],[-48.67685,-27.1694],[-48.69799,-27.13803],[-48.74918,-27.14884],[-48.75438,-27.13545],[-48.79929,-27.15491],[-48.81192,-27.13525],[-48.84243,-27.1556],[-48.8643,-27.1628],[-48.88248,-27.18341],[-48.89367,-27.1825],[-48.93089,-27.20124],[-48.93434,-27.21179],[-48.95791,-27.22299],[-48.98597,-27.24668],[-49.02145,-27.25599],[-49.03668,-27.27134],[-49.06466,-27.27705],[-49.12391,-27.27674],[-49.154,-27.28965],[-49.20482,-27.29448],[-49.23324,-27.32696],[-49.2465,-27.32487],[-49.27898,-27.33696],[-49.2965,-27.35965],[-49.29269,-27.37299],[-49.30944,-27.39265],[-49.30703,-27.4168],[-49.29628,-27.42457],[-49.29941,-27.45043],[-49.29298,-27.47085],[-49.3234,-27.5201],[-49.31789,-27.54625],[-49.32648,-27.55765],[-49.31227,-27.58876],[-49.32177,-27.58875],[-49.35453,-27.56208],[-49.38036,-27.55767],[-49.41247,-27.56187],[-49.42828,-27.58275],[-49.44553,-27.5814],[-49.4718,-27.56615],[-49.50741,-27.6],[-49.54692,-27.61225]]]}},{"type":"Feature","properties":{"id":"48","phone_code":"48","phone_code_1_digit":"4"},"geometry":{"type":"MultiPolygon","coordinates":[[[[-48.56253,-27.69984],[-48.56541,-27.70481],[-48.56782,-27.6989],[-48.56253,-27.69984]]],[[[-48.56228,-27.47155],[-48.56412,-27.48121],[-48.56561,-27.47766],[-48.56228,-27.47155]]],[[[-48.56645,-27.48994],[-48.56781,-27.49487],[-48.56878,-27.49188],[-48.56645,-27.48994]]],[[[-48.38911,-27.43704],[-48.3594,-27.44821],[-48.37006,-27.45132],[-48.37529,-27.4818],[-48.39051,-27.48986],[-48.42524,-27.54173],[-48.42852,-27.5654],[-48.41277,-27.5729],[-48.43913,-27.61783],[-48.47499,-27.66548],[-48.48091,-27.69075],[-48.50071,-27.71419],[-48.5063,-27.74471],[-48.47676,-27.76155],[-48.48314,-27.78354],[-48.49879,-27.79396],[-48.51578,-27.78064],[-48.53215,-27.79371],[-48.54395,-27.83001],[-48.56967,-27.83582],[-48.55874,-27.81135],[-48.58083,-27.7614],[-48.55955,-27.75085],[-48.56376,-27.7172],[-48.55025,-27.6983],[-48.57097,-27.68724],[-48.55363,-27.64937],[-48.5236,-27.65017],[-48.52774,-27.61428],[-48.54473,-27.61637],[-48.56222,-27.58948],[-48.53644,-27.57072],[-48.51769,-27.57431],[-48.52341,-27.5615],[-48.50788,-27.54768],[-48.53019,-27.53906],[-48.51494,-27.51407],[-48.52478,-27.49475],[-48.53902,-27.49055],[-48.52323,-27.45173],[-48.51942,-27.42913],[-48.48475,-27.43815],[-48.47141,-27.42686],[-48.44825,-27.42656],[-48.42817,-27.41666],[-48.43485,-27.3929],[-48.41029,-27.3843],[-48.38911,-27.43704]]],[[[-49.74329,-29.2991],[-49.77265,-29.29798],[-49.79131,-29.28513],[-49.81712,-29.2859],[-49.84256,-29.27141],[-49.85437,-29.25658],[-49.85975,-29.23079],[-49.9133,-29.20742],[-49.93497,-29.20785],[-49.96216,-29.19871],[-49.99636,-29.22747],[-50.00674,-29.22498],[-50.04174,-29.24026],[-50.06344,-29.24257],[-50.11417,-29.25881],[-50.10799,-29.28033],[-50.09241,-29.2964],[-50.06272,-29.31159],[-50.03678,-29.35094],[-50.04943,-29.33889],[-50.06453,-29.34088],[-50.06405,-29.32122],[-50.08628,-29.323],[-50.08934,-29.31035],[-50.10882,-29.30495],[-50.12305,-29.28137],[-50.1284,-29.30322],[-50.14115,-29.28763],[-50.14977,-29.24929],[-50.17447,-29.24923],[-50.14117,-29.23775],[-50.1473,-29.21958],[-50.13275,-29.21614],[-50.13725,-29.19903],[-50.09331,-29.21288],[-50.11108,-29.22211],[-50.1115,-29.23983],[-50.0925,-29.2233],[-50.08544,-29.19888],[-50.09854,-29.16336],[-50.07571,-29.18258],[-50.03421,-29.17656],[-50.01891,-29.15396],[-50.00474,-29.15044],[-50.00539,-29.13417],[-49.98384,-29.12959],[-49.99168,-29.11836],[-49.96727,-29.1151],[-49.96699,-29.08349],[-49.94565,-29.05517],[-50.00695,-29.07173],[-49.95872,-29.04892],[-49.93855,-29.02107],[-49.96429,-29.02213],[-49.94352,-28.9855],[-49.9194,-28.97792],[-49.95605,-28.96133],[-49.95519,-28.94667],[-49.97049,-28.9234],[-49.95469,-28.87478],[-49.97164,-28.88026],[-49.96079,-28.83222],[-49.97077,-28.82606],[-49.95619,-28.79099],[-49.95629,-28.77082],[-49.92151,-28.74567],[-49.93489,-28.72763],[-49.90331,-28.70594],[-49.91415,-28.72443],[-49.88235,-28.71784],[-49.89135,-28.73914],[-49.86571,-28.72066],[-49.86827,-28.70362],[-49.84053,-28.70728],[-49.83163,-28.69446],[-49.83946,-28.67683],[-49.80876,-28.65373],[-49.81684,-28.64017],[-49.78163,-28.60904],[-49.7716,-28.62753],[-49.75773,-28.61507],[-49.75418,-28.62847],[-49.72777,-28.62293],[-49.70667,-28.62971],[-49.6931,-28.62453],[-49.65389,-28.60232],[-49.64354,-28.5836],[-49.6562,-28.56589],[-49.64686,-28.5432],[-49.61684,-28.53096],[-49.59045,-28.50073],[-49.56841,-28.5037],[-49.55194,-28.48369],[-49.56234,-28.46655],[-49.53759,-28.43459],[-49.55027,-28.44054],[-49.56683,-28.41356],[-49.54318,-28.38292],[-49.5596,-28.37209],[-49.53514,-28.3318],[-49.53164,-28.30636],[-49.52223,-28.29753],[-49.52217,-28.27128],[-49.54733,-28.27278],[-49.53123,-28.25285],[-49.55022,-28.23915],[-49.52987,-28.22569],[-49.53005,-28.1873],[-49.51123,-28.17255],[-49.5103,-28.15467],[-49.49188,-28.14509],[-49.48802,-28.1269],[-49.46129,-28.13921],[-49.42788,-28.1182],[-49.39427,-28.11099],[-49.38939,-28.10049],[-49.40544,-28.08766],[-49.39273,-28.06747],[-49.36835,-28.06109],[-49.37185,-28.04495],[-49.34025,-27.98732],[-49.3179,-27.9825],[-49.30769,-27.9651],[-49.31038,-27.93345],[-49.29958,-27.90077],[-49.28138,-27.87313],[-49.29595,-27.87449],[-49.31912,-27.82904],[-49.33897,-27.83548],[-49.35683,-27.81205],[-49.38143,-27.81392],[-49.40817,-27.78912],[-49.42415,-27.78641],[-49.43328,-27.75889],[-49.45825,-27.76046],[-49.47226,-27.72697],[-49.45835,-27.71092],[-49.46843,-27.68596],[-49.49706,-27.65383],[-49.50983,-27.62567],[-49.50741,-27.6],[-49.4718,-27.56615],[-49.44553,-27.5814],[-49.42828,-27.58275],[-49.41247,-27.56187],[-49.38036,-27.55767],[-49.35453,-27.56208],[-49.32177,-27.58875],[-49.31227,-27.58876],[-49.32648,-27.55765],[-49.31789,-27.54625],[-49.3234,-27.5201],[-49.29298,-27.47085],[-49.29941,-27.45043],[-49.29628,-27.42457],[-49.30703,-27.4168],[-49.30944,-27.39265],[-49.29269,-27.37299],[-49.2965,-27.35965],[-49.27898,-27.33696],[-49.2465,-27.32487],[-49.23324,-27.32696],[-49.20482,-27.29448],[-49.154,-27.28965],[-49.12391,-27.27674],[-49.06466,-27.27705],[-49.03668,-27.27134],[-49.02145,-27.25599],[-48.98597,-27.24668],[-48.95791,-27.22299],[-48.93434,-27.21179],[-48.93089,-27.20124],[-48.89367,-27.1825],[-48.88248,-27.18341],[-48.8643,-27.1628],[-48.84243,-27.1556],[-48.81192,-27.13525],[-48.79929,-27.15491],[-48.75438,-27.13545],[-48.74918,-27.14884],[-48.69799,-27.13803],[-48.67685,-27.1694],[-48.68953,-27.17988],[-48.6843,-27.19525],[-48.66022,-27.21565],[-48.60799,-27.21043],[-48.60345,-27.2176],[-48.61619,-27.25077],[-48.61527,-27.27413],[-48.59576,-27.3161],[-48.55424,-27.31326],[-48.53995,-27.29782],[-48.53849,-27.324],[-48.52365,-27.33364],[-48.53689,-27.35695],[-48.53438,-27.37967],[-48.54689,-27.36478],[-48.55598,-27.37355],[-48.56743,-27.40829],[-48.56142,-27.41441],[-48.57929,-27.43345],[-48.6061,-27.42362],[-48.62594,-27.43373],[-48.6467,-27.48254],[-48.63097,-27.52937],[-48.61174,-27.54687],[-48.61675,-27.55816],[-48.60025,-27.57263],[-48.576,-27.57883],[-48.56702,-27.59527],[-48.58786,-27.619],[-48.59705,-27.60282],[-48.62741,-27.60851],[-48.62787,-27.63608],[-48.64349,-27.64275],[-48.62182,-27.65744],[-48.60107,-27.6613],[-48.59883,-27.732],[-48.58819,-27.75097],[-48.60133,-27.77692],[-48.59103,-27.78696],[-48.59337,-27.80564],[-48.57949,-27.81761],[-48.57525,-27.84448],[-48.59747,-27.85276],[-48.60187,-27.86748],[-48.59141,-27.8848],[-48.57349,-27.88958],[-48.6197,-27.94423],[-48.61913,-27.9624],[-48.63062,-27.99421],[-48.62977,-28.01067],[-48.59836,-28.0299],[-48.6096,-28.04025],[-48.60951,-28.06201],[-48.62653,-28.07504],[-48.63701,-28.10415],[-48.63022,-28.10757],[-48.6631,-28.18143],[-48.65741,-28.19505],[-48.6671,-28.21528],[-48.66122,-28.23026],[-48.64596,-28.23349],[-48.6767,-28.25653],[-48.70127,-28.29782],[-48.70714,-28.34108],[-48.74059,-28.38631],[-48.74752,-28.41291],[-48.73864,-28.4227],[-48.75932,-28.44366],[-48.76672,-28.46432],[-48.76372,-28.49096],[-48.74207,-28.50299],[-48.75705,-28.51845],[-48.75715,-28.5377],[-48.78145,-28.55163],[-48.81424,-28.59215],[-48.80929,-28.60503],[-48.85459,-28.61501],[-48.908,-28.6377],[-48.99641,-28.68457],[-49.08572,-28.73683],[-49.18361,-28.7998],[-49.29059,-28.88253],[-49.37676,-28.95554],[-49.42089,-28.9961],[-49.51358,-29.0925],[-49.64435,-29.23897],[-49.71161,-29.32493],[-49.72922,-29.3287],[-49.74329,-29.2991]]]]}},{"type":"Feature","properties":{"id":"49","phone_code":"49","phone_code_1_digit":"4"},"geometry":{"type":"Polygon","coordinates":[[[-53.82333,-27.1262],[-53.80647,-27.12523],[-53.80958,-27.09799],[-53.79459,-27.10946],[-53.77492,-27.10167],[-53.80339,-27.08214],[-53.79059,-27.04195],[-53.76716,-27.06686],[-53.75784,-27.06146],[-53.77506,-27.04947],[-53.78387,-27.02552],[-53.76303,-27.04451],[-53.74637,-27.03032],[-53.7613,-27.00635],[-53.73975,-27.0138],[-53.73114,-27.00431],[-53.74245,-26.99056],[-53.71664,-26.98411],[-53.73584,-26.97387],[-53.72522,-26.95776],[-53.71161,-26.96432],[-53.69974,-26.95221],[-53.70717,-26.93226],[-53.6703,-26.9418],[-53.69619,-26.928],[-53.6805,-26.91524],[-53.6713,-26.89256],[-53.69465,-26.88603],[-53.67886,-26.86876],[-53.69517,-26.85758],[-53.6627,-26.8637],[-53.70006,-26.8182],[-53.69944,-26.79684],[-53.71494,-26.77858],[-53.69903,-26.77087],[-53.73003,-26.76466],[-53.71393,-26.74876],[-53.73123,-26.73026],[-53.73569,-26.74111],[-53.75683,-26.71887],[-53.73308,-26.71563],[-53.72867,-26.69139],[-53.71545,-26.6823],[-53.72983,-26.67613],[-53.72195,-26.65673],[-53.75836,-26.64064],[-53.739,-26.64321],[-53.73192,-26.62944],[-53.72119,-26.56194],[-53.74044,-26.54491],[-53.71553,-26.52587],[-53.72556,-26.52507],[-53.72886,-26.50263],[-53.71836,-26.50666],[-53.69434,-26.48985],[-53.71411,-26.47048],[-53.68753,-26.4434],[-53.69575,-26.40225],[-53.70852,-26.38735],[-53.69666,-26.37896],[-53.68439,-26.33615],[-53.67048,-26.33015],[-53.65609,-26.29735],[-53.6447,-26.28718],[-53.63735,-26.24913],[-53.65281,-26.23359],[-53.64082,-26.21468],[-53.6512,-26.20644],[-53.62865,-26.21031],[-53.5577,-26.20774],[-53.54049,-26.19707],[-53.50528,-26.21856],[-53.48336,-26.2008],[-53.453,-26.20455],[-53.43678,-26.21828],[-53.45624,-26.24607],[-53.4355,-26.26006],[-53.43187,-26.27819],[-53.42007,-26.27473],[-53.37509,-26.24157],[-53.3504,-26.25455],[-53.30545,-26.25928],[-53.28105,-26.24602],[-53.25428,-26.28947],[-53.23161,-26.31154],[-53.18397,-26.34339],[-53.16228,-26.35092],[-53.14531,-26.34523],[-53.12393,-26.3739],[-53.09018,-26.39004],[-53.04632,-26.38024],[-52.98984,-26.34736],[-52.94996,-26.36185],[-52.87099,-26.35833],[-52.8475,-26.3435],[-52.75923,-26.35264],[-52.73727,-26.3417],[-52.71836,-26.35689],[-52.6781,-26.35221],[-52.65806,-26.37397],[-52.62062,-26.39504],[-52.6152,-26.40801],[-52.594,-26.41504],[-52.57851,-26.40778],[-52.55488,-26.41117],[-52.52232,-26.40013],[-52.49578,-26.41956],[-52.47622,-26.42098],[-52.46456,-26.43713],[-52.42137,-26.43736],[-52.40255,-26.42776],[-52.37626,-26.44007],[-52.30455,-26.44027],[-52.28198,-26.46301],[-52.26289,-26.45435],[-52.21992,-26.46548],[-52.18517,-26.44493],[-52.15739,-26.47139],[-52.13355,-26.47002],[-52.09771,-26.48486],[-52.09339,-26.51284],[-52.07843,-26.52551],[-52.06411,-26.52367],[-52.02074,-26.54823],[-52.01075,-26.56608],[-51.94633,-26.56993],[-51.92785,-26.58439],[-51.89921,-26.58031],[-51.87312,-26.59976],[-51.84331,-26.5946],[-51.81816,-26.57957],[-51.78581,-26.58978],[-51.73365,-26.57484],[-51.69457,-26.58296],[-51.66458,-26.56561],[-51.63009,-26.58869],[-51.52972,-26.59198],[-51.51107,-26.58327],[-51.49377,-26.58916],[-51.48564,-26.62228],[-51.46773,-26.62157],[-51.45528,-26.6534],[-51.43907,-26.66674],[-51.43486,-26.68765],[-51.39824,-26.71044],[-51.39242,-26.68504],[-51.40542,-26.67568],[-51.38105,-26.65898],[-51.33141,-26.64681],[-51.32331,-26.65644],[-51.28293,-26.65352],[-51.27709,-26.63582],[-51.25816,-26.62535],[-51.23888,-26.62791],[-51.22818,-26.61553],[-51.23734,-26.60404],[-51.22363,-26.59288],[-51.22823,-26.56167],[-51.2233,-26.55032],[-51.24657,-26.53821],[-51.25093,-26.52039],[-51.27381,-26.49661],[-51.25047,-26.47386],[-51.2535,-26.46303],[-51.27743,-26.45785],[-51.27408,-26.44548],[-51.29121,-26.43666],[-51.29828,-26.41947],[-51.28873,-26.39961],[-51.27548,-26.40147],[-51.27021,-26.38574],[-51.25895,-26.40066],[-51.2316,-26.40848],[-51.2021,-26.4278],[-51.19082,-26.45132],[-51.13769,-26.41488],[-51.11726,-26.39129],[-51.06219,-26.40223],[-51.04244,-26.39477],[-51.02502,-26.40628],[-50.98564,-26.40273],[-50.96479,-26.42829],[-50.98058,-26.42782],[-50.97686,-26.44128],[-50.99651,-26.44715],[-50.99653,-26.48492],[-51.01093,-26.49603],[-50.98466,-26.50965],[-50.96889,-26.52925],[-50.94035,-26.55037],[-50.91676,-26.54448],[-50.90089,-26.55638],[-50.85716,-26.5586],[-50.82393,-26.5462],[-50.79791,-26.50765],[-50.73834,-26.52504],[-50.69864,-26.49947],[-50.66855,-26.4987],[-50.64123,-26.51262],[-50.63109,-26.53283],[-50.60514,-26.54172],[-50.59763,-26.56799],[-50.57942,-26.5718],[-50.58112,-26.58274],[-50.56062,-26.59401],[-50.56406,-26.60898],[-50.52976,-26.60783],[-50.51537,-26.6401],[-50.50848,-26.63475],[-50.46876,-26.66277],[-50.47126,-26.70072],[-50.43754,-26.71252],[-50.41626,-26.72839],[-50.38893,-26.73917],[-50.3416,-26.7417],[-50.35339,-26.75159],[-50.31233,-26.77325],[-50.33527,-26.78235],[-50.34779,-26.82792],[-50.31081,-26.83695],[-50.28261,-26.83165],[-50.28043,-26.8432],[-50.25529,-26.86275],[-50.2825,-26.87487],[-50.26142,-26.88988],[-50.28472,-26.93136],[-50.2788,-26.94651],[-50.29761,-26.97102],[-50.29301,-26.9914],[-50.30561,-26.99201],[-50.31872,-27.01934],[-50.31812,-27.05548],[-50.31067,-27.06412],[-50.34647,-27.09197],[-50.33201,-27.10056],[-50.31303,-27.12843],[-50.31837,-27.14458],[-50.28311,-27.16559],[-50.2895,-27.20779],[-50.26091,-27.20199],[-50.26657,-27.22648],[-50.21968,-27.24699],[-50.19937,-27.23722],[-50.17514,-27.27013],[-50.12695,-27.27511],[-50.09952,-27.29804],[-50.07061,-27.30362],[-50.07171,-27.31074],[-50.02721,-27.32519],[-50.01043,-27.31974],[-50.03289,-27.34156],[-50.04233,-27.3344],[-50.04907,-27.35584],[-50.03244,-27.35689],[-49.99541,-27.41359],[-49.97834,-27.4165],[-49.95587,-27.40234],[-49.94355,-27.42446],[-49.92858,-27.41915],[-49.88907,-27.46565],[-49.89148,-27.49654],[-49.84901,-27.4933],[-49.85107,-27.50372],[-49.83381,-27.53863],[-49.78934,-27.57074],[-49.77603,-27.58569],[-49.7505,-27.59446],[-49.73289,-27.61901],[-49.74192,-27.63087],[-49.73742,-27.64786],[-49.7223,-27.65537],[-49.71129,-27.64296],[-49.68496,-27.65271],[-49.66369,-27.64883],[-49.62886,-27.61817],[-49.61832,-27.61913],[-49.63979,-27.64679],[-49.63717,-27.65889],[-49.62016,-27.65992],[-49.58693,-27.64299],[-49.54692,-27.61225],[-49.50741,-27.6],[-49.50983,-27.62567],[-49.49706,-27.65383],[-49.46843,-27.68596],[-49.45835,-27.71092],[-49.47226,-27.72697],[-49.45825,-27.76046],[-49.43328,-27.75889],[-49.42415,-27.78641],[-49.40817,-27.78912],[-49.38143,-27.81392],[-49.35683,-27.81205],[-49.33897,-27.83548],[-49.31912,-27.82904],[-49.29595,-27.87449],[-49.28138,-27.87313],[-49.29958,-27.90077],[-49.31038,-27.93345],[-49.30769,-27.9651],[-49.3179,-27.9825],[-49.34025,-27.98732],[-49.37185,-28.04495],[-49.36835,-28.06109],[-49.39273,-28.06747],[-49.40544,-28.08766],[-49.38939,-28.10049],[-49.39427,-28.11099],[-49.42788,-28.1182],[-49.46129,-28.13921],[-49.48802,-28.1269],[-49.49188,-28.14509],[-49.5103,-28.15467],[-49.51123,-28.17255],[-49.53005,-28.1873],[-49.52987,-28.22569],[-49.55022,-28.23915],[-49.53123,-28.25285],[-49.54733,-28.27278],[-49.52217,-28.27128],[-49.52223,-28.29753],[-49.53164,-28.30636],[-49.53514,-28.3318],[-49.5596,-28.37209],[-49.54318,-28.38292],[-49.56683,-28.41356],[-49.55027,-28.44054],[-49.53759,-28.43459],[-49.56234,-28.46655],[-49.55194,-28.48369],[-49.56841,-28.5037],[-49.59045,-28.50073],[-49.61684,-28.53096],[-49.64686,-28.5432],[-49.6562,-28.56589],[-49.64354,-28.5836],[-49.65389,-28.60232],[-49.6931,-28.62453],[-49.70938,-28.60421],[-49.711,-28.57289],[-49.71946,-28.57648],[-49.72992,-28.55197],[-49.74627,-28.53576],[-49.72649,-28.51678],[-49.74556,-28.50619],[-49.74486,-28.49343],[-49.76221,-28.50171],[-49.77053,-28.49249],[-49.76423,-28.45957],[-49.79083,-28.49475],[-49.80949,-28.46726],[-49.81054,-28.48335],[-49.82542,-28.47775],[-49.86345,-28.48799],[-49.86318,-28.46241],[-49.87692,-28.45418],[-49.85434,-28.44351],[-49.89716,-28.44452],[-49.88815,-28.4576],[-49.90099,-28.46306],[-49.92825,-28.45066],[-49.92783,-28.46946],[-49.94372,-28.48197],[-49.95184,-28.44996],[-49.96636,-28.45502],[-49.97106,-28.43869],[-49.98713,-28.45545],[-50.01589,-28.44969],[-50.03585,-28.47738],[-50.07232,-28.4801],[-50.08406,-28.47263],[-50.09937,-28.48511],[-50.10735,-28.47263],[-50.12485,-28.47463],[-50.11087,-28.44471],[-50.12134,-28.42528],[-50.1279,-28.43806],[-50.15966,-28.46005],[-50.13888,-28.49422],[-50.1612,-28.49457],[-50.16609,-28.46746],[-50.17667,-28.45204],[-50.20322,-28.44365],[-50.21427,-28.45944],[-50.23417,-28.4575],[-50.2471,-28.42843],[-50.2632,-28.44249],[-50.25127,-28.44853],[-50.27116,-28.45626],[-50.30175,-28.43816],[-50.32464,-28.43331],[-50.33886,-28.43989],[-50.33699,-28.45946],[-50.35103,-28.45482],[-50.34788,-28.42817],[-50.36981,-28.42412],[-50.3782,-28.44574],[-50.39365,-28.43327],[-50.43049,-28.43218],[-50.45558,-28.41029],[-50.499,-28.41223],[-50.53088,-28.40567],[-50.53639,-28.42863],[-50.56231,-28.41402],[-50.57601,-28.39335],[-50.59727,-28.38048],[-50.61187,-28.39271],[-50.63228,-28.37901],[-50.62785,-28.36355],[-50.66461,-28.33747],[-50.6589,-28.32157],[-50.69405,-28.28826],[-50.69474,-28.2702],[-50.75338,-28.24256],[-50.76112,-28.19179],[-50.78818,-28.19793],[-50.78212,-28.17572],[-50.79201,-28.15705],[-50.78456,-28.14268],[-50.81803,-28.14004],[-50.83008,-28.11736],[-50.85959,-28.13935],[-50.87447,-28.13145],[-50.86826,-28.11114],[-50.88113,-28.0903],[-50.90311,-28.08644],[-50.88146,-28.06759],[-50.87446,-28.0409],[-50.89337,-28.0196],[-50.92243,-28.01141],[-50.92835,-27.96862],[-50.9448,-27.9686],[-50.97709,-27.95243],[-50.98587,-27.94142],[-51.00072,-27.96288],[-51.01867,-27.95595],[-51.01562,-27.92781],[-51.05469,-27.90402],[-51.05147,-27.8697],[-51.07763,-27.86254],[-51.07737,-27.84082],[-51.10326,-27.82729],[-51.13077,-27.82986],[-51.13258,-27.80585],[-51.15446,-27.80334],[-51.19158,-27.77584],[-51.22181,-27.76933],[-51.24265,-27.77514],[-51.24711,-27.75889],[-51.27315,-27.74926],[-51.27562,-27.72353],[-51.3083,-27.71895],[-51.30159,-27.70203],[-51.313,-27.67748],[-51.33105,-27.67066],[-51.35505,-27.67947],[-51.37658,-27.6617],[-51.36959,-27.63606],[-51.38726,-27.62326],[-51.39992,-27.62863],[-51.42406,-27.65575],[-51.43737,-27.64813],[-51.44229,-27.62045],[-51.47687,-27.59537],[-51.47736,-27.56965],[-51.50807,-27.55615],[-51.54862,-27.55958],[-51.5675,-27.58436],[-51.58508,-27.56919],[-51.57998,-27.52307],[-51.60734,-27.54118],[-51.62604,-27.54477],[-51.63096,-27.53115],[-51.6192,-27.50031],[-51.64215,-27.49146],[-51.65077,-27.51938],[-51.67636,-27.50588],[-51.67207,-27.49254],[-51.684,-27.47902],[-51.69934,-27.47904],[-51.71974,-27.51325],[-51.7294,-27.51167],[-51.75296,-27.48698],[-51.79813,-27.49057],[-51.79994,-27.50561],[-51.78536,-27.52115],[-51.79663,-27.53012],[-51.82164,-27.51234],[-51.84854,-27.52507],[-51.8534,-27.51355],[-51.84224,-27.48568],[-51.85724,-27.47513],[-51.87454,-27.48068],[-51.87275,-27.51307],[-51.89307,-27.51635],[-51.9019,-27.49556],[-51.90049,-27.46274],[-51.91138,-27.45808],[-51.95707,-27.47422],[-51.96281,-27.46218],[-51.9325,-27.43401],[-51.95541,-27.41438],[-52.00388,-27.4064],[-52.00467,-27.39513],[-51.98144,-27.38938],[-51.95397,-27.39448],[-51.96145,-27.37429],[-51.99256,-27.37796],[-52.02196,-27.35462],[-52.00825,-27.34292],[-52.01778,-27.33129],[-52.03837,-27.34448],[-52.07263,-27.33788],[-52.0975,-27.34794],[-52.10998,-27.33396],[-52.1057,-27.31524],[-52.11858,-27.30274],[-52.16678,-27.31117],[-52.16048,-27.27638],[-52.17974,-27.27646],[-52.20967,-27.33043],[-52.2242,-27.32999],[-52.23891,-27.30574],[-52.27269,-27.30353],[-52.26338,-27.28109],[-52.23462,-27.26514],[-52.25343,-27.25704],[-52.30417,-27.26441],[-52.29152,-27.30464],[-52.30505,-27.31787],[-52.34624,-27.2878],[-52.37488,-27.3038],[-52.38335,-27.28435],[-52.38054,-27.25849],[-52.39937,-27.25805],[-52.3927,-27.28753],[-52.40144,-27.29202],[-52.43997,-27.26224],[-52.43146,-27.22731],[-52.43956,-27.2163],[-52.47723,-27.23359],[-52.4769,-27.26228],[-52.48557,-27.26648],[-52.53577,-27.25966],[-52.54476,-27.23953],[-52.58981,-27.24784],[-52.6102,-27.26292],[-52.64513,-27.25954],[-52.65808,-27.23803],[-52.67581,-27.24618],[-52.68772,-27.28266],[-52.70633,-27.27245],[-52.71442,-27.23646],[-52.73087,-27.23929],[-52.74348,-27.25662],[-52.76305,-27.24299],[-52.75923,-27.21317],[-52.81697,-27.20091],[-52.83313,-27.20921],[-52.84672,-27.20197],[-52.85033,-27.16816],[-52.87249,-27.17355],[-52.90383,-27.1984],[-52.93708,-27.19689],[-52.93654,-27.17142],[-52.95994,-27.16425],[-52.97057,-27.21737],[-52.99101,-27.21692],[-53.00216,-27.18955],[-52.98206,-27.15619],[-53.00298,-27.13296],[-53.02612,-27.15672],[-53.0426,-27.14553],[-53.04163,-27.12552],[-53.0179,-27.09036],[-53.02848,-27.08011],[-53.05804,-27.08585],[-53.07967,-27.11493],[-53.07023,-27.13658],[-53.07147,-27.15689],[-53.1265,-27.17826],[-53.14091,-27.17016],[-53.14936,-27.14189],[-53.1659,-27.14079],[-53.17817,-27.18021],[-53.19605,-27.19121],[-53.23022,-27.17123],[-53.24244,-27.17024],[-53.29194,-27.19616],[-53.31044,-27.21796],[-53.31827,-27.19476],[-53.29251,-27.14105],[-53.31003,-27.1181],[-53.34801,-27.11712],[-53.37349,-27.09013],[-53.39306,-27.10962],[-53.40964,-27.14001],[-53.45774,-27.15558],[-53.48143,-27.1343],[-53.50532,-27.13702],[-53.50295,-27.16286],[-53.48921,-27.18116],[-53.49328,-27.20323],[-53.52272,-27.19898],[-53.54903,-27.17487],[-53.56408,-27.17299],[-53.5898,-27.18696],[-53.61863,-27.18838],[-53.63453,-27.21857],[-53.64774,-27.2177],[-53.65039,-27.17646],[-53.67451,-27.16048],[-53.70172,-27.1703],[-53.73903,-27.19245],[-53.74826,-27.19006],[-53.76224,-27.15399],[-53.77589,-27.14728],[-53.80848,-27.17228],[-53.83334,-27.16905],[-53.82333,-27.1262]]]}},{"type":"Feature","properties":{"id":"51","phone_code":"51","phone_code_1_digit":"5"},"geometry":{"type":"Polygon","coordinates":[[[-51.20294,-31.4119],[-51.1788,-31.36294],[-51.15863,-31.28137],[-51.16123,-31.2086],[-51.17977,-31.13397],[-51.17683,-31.08182],[-51.16591,-31.06782],[-51.14075,-31.09122],[-51.11024,-31.09952],[-51.09068,-31.09303],[-51.04801,-31.06109],[-50.99443,-31.0476],[-50.97187,-31.03242],[-50.95406,-31.00269],[-50.95092,-30.95905],[-50.96624,-30.89561],[-50.91077,-30.90527],[-50.88182,-30.89109],[-50.84582,-30.85841],[-50.82288,-30.85168],[-50.81884,-30.84006],[-50.75326,-30.81844],[-50.73606,-30.79999],[-50.70147,-30.74583],[-50.6896,-30.70642],[-50.67902,-30.60867],[-50.68591,-30.5003],[-50.7,-30.42426],[-50.72898,-30.36764],[-50.70507,-30.34713],[-50.64823,-30.39082],[-50.62348,-30.3916],[-50.6374,-30.37843],[-50.63007,-30.36713],[-50.6351,-30.3405],[-50.62455,-30.32791],[-50.62015,-30.35627],[-50.59258,-30.39984],[-50.64967,-30.41307],[-50.65389,-30.44246],[-50.6399,-30.46289],[-50.61288,-30.48351],[-50.58214,-30.48963],[-50.56815,-30.45792],[-50.56241,-30.40919],[-50.56695,-30.39521],[-50.5448,-30.35548],[-50.54575,-30.33072],[-50.55525,-30.31961],[-50.5425,-30.29942],[-50.53727,-30.27336],[-50.54211,-30.25183],[-50.57256,-30.24253],[-50.59598,-30.19444],[-50.62255,-30.19923],[-50.64381,-30.19174],[-50.65837,-30.19942],[-50.66838,-30.25438],[-50.65563,-30.28548],[-50.67273,-30.29614],[-50.72098,-30.29882],[-50.7715,-30.29612],[-50.78149,-30.28427],[-50.79435,-30.31185],[-50.79646,-30.33788],[-50.8435,-30.32026],[-50.90647,-30.32279],[-50.9216,-30.33167],[-50.93804,-30.3746],[-50.93869,-30.39363],[-50.92952,-30.43527],[-50.97289,-30.40712],[-51.01249,-30.38916],[-51.03815,-30.38558],[-51.05506,-30.39148],[-51.04078,-30.36587],[-51.06822,-30.35452],[-51.03931,-30.34244],[-51.02527,-30.3208],[-51.01928,-30.29601],[-51.03024,-30.27398],[-51.0479,-30.26742],[-51.05869,-30.27621],[-51.06732,-30.2503],[-51.08594,-30.24103],[-51.13206,-30.25244],[-51.13315,-30.26943],[-51.15857,-30.26145],[-51.15535,-30.24012],[-51.18694,-30.23592],[-51.17695,-30.21945],[-51.19889,-30.21042],[-51.19768,-30.19394],[-51.24816,-30.18584],[-51.23203,-30.18254],[-51.2253,-30.14442],[-51.24463,-30.12642],[-51.26149,-30.1213],[-51.26619,-30.10229],[-51.24989,-30.09475],[-51.24904,-30.08065],[-51.231,-30.05801],[-51.22981,-30.04325],[-51.2502,-30.03455],[-51.26611,-30.05669],[-51.25966,-30.03401],[-51.27713,-30.01042],[-51.2821,-30.02143],[-51.29525,-29.99996],[-51.30367,-30.02702],[-51.29186,-30.0471],[-51.30925,-30.06308],[-51.31396,-30.08228],[-51.30633,-30.09379],[-51.31315,-30.11143],[-51.31041,-30.13578],[-51.32361,-30.17018],[-51.30952,-30.17576],[-51.32809,-30.22615],[-51.28683,-30.25036],[-51.29743,-30.25915],[-51.29312,-30.30358],[-51.25668,-30.30527],[-51.24072,-30.32511],[-51.23326,-30.30996],[-51.2102,-30.29742],[-51.20684,-30.34032],[-51.19102,-30.37685],[-51.18048,-30.38547],[-51.12807,-30.35875],[-51.0972,-30.35707],[-51.09478,-30.38114],[-51.1052,-30.37687],[-51.12154,-30.39642],[-51.11871,-30.40813],[-51.13523,-30.43629],[-51.1533,-30.41322],[-51.20215,-30.40869],[-51.22862,-30.42326],[-51.25803,-30.4664],[-51.29789,-30.55859],[-51.30283,-30.58805],[-51.30171,-30.63395],[-51.29258,-30.70718],[-51.29362,-30.75106],[-51.28062,-30.80117],[-51.33068,-30.77798],[-51.30496,-30.78382],[-51.29343,-30.77039],[-51.29913,-30.73085],[-51.31608,-30.70365],[-51.31714,-30.64766],[-51.33409,-30.63329],[-51.36357,-30.63274],[-51.38644,-30.65452],[-51.3997,-30.71257],[-51.40531,-30.75625],[-51.40375,-30.78243],[-51.39005,-30.83979],[-51.36848,-30.87385],[-51.38956,-30.87939],[-51.44716,-30.87312],[-51.47614,-30.88887],[-51.49611,-30.9149],[-51.49925,-30.97192],[-51.48519,-31.02578],[-51.45948,-31.07474],[-51.44006,-31.08731],[-51.46099,-31.09617],[-51.55396,-31.11357],[-51.56674,-31.12813],[-51.60143,-31.13124],[-51.62443,-31.14809],[-51.6389,-31.18023],[-51.64249,-31.20217],[-51.63865,-31.24133],[-51.62141,-31.26868],[-51.68023,-31.26999],[-51.70614,-31.26512],[-51.75662,-31.28563],[-51.78994,-31.27277],[-51.81121,-31.28525],[-51.79919,-31.2552],[-51.77976,-31.23286],[-51.77913,-31.21602],[-51.8018,-31.16666],[-51.81747,-31.17179],[-51.81238,-31.1489],[-51.79103,-31.13969],[-51.78898,-31.12311],[-51.81763,-31.12052],[-51.82852,-31.10314],[-51.8713,-31.09067],[-51.8596,-31.07196],[-51.87972,-31.03664],[-51.92307,-31.04175],[-51.93396,-31.06542],[-51.95581,-31.09382],[-51.93746,-31.10602],[-51.98676,-31.09942],[-52.01566,-31.1095],[-52.01413,-31.13735],[-52.0595,-31.15897],[-52.08856,-31.14585],[-52.10657,-31.10965],[-52.12683,-31.10321],[-52.11324,-31.09135],[-52.11398,-31.07201],[-52.13984,-31.04602],[-52.15521,-31.04046],[-52.08961,-31.00293],[-52.1207,-30.99719],[-52.13557,-31.00553],[-52.20652,-30.99359],[-52.22225,-30.9838],[-52.24435,-30.98481],[-52.24565,-30.96177],[-52.27053,-30.95808],[-52.27769,-30.94896],[-52.24344,-30.92689],[-52.24878,-30.88395],[-52.27462,-30.88425],[-52.28818,-30.91039],[-52.31307,-30.88712],[-52.33525,-30.90059],[-52.35236,-30.89824],[-52.36718,-30.90977],[-52.40332,-30.90465],[-52.42376,-30.9212],[-52.42596,-30.90409],[-52.43943,-30.89527],[-52.46848,-30.91727],[-52.47755,-30.91138],[-52.52051,-30.93299],[-52.54558,-30.92547],[-52.55921,-30.94743],[-52.57543,-30.9402],[-52.60089,-30.95411],[-52.62914,-30.94546],[-52.64183,-30.95709],[-52.65112,-30.92251],[-52.67306,-30.90741],[-52.7065,-30.90466],[-52.72992,-30.89485],[-52.79304,-30.90603],[-52.80945,-30.91254],[-52.82935,-30.90443],[-52.83778,-30.91369],[-52.87789,-30.92123],[-52.9069,-30.93763],[-52.92196,-30.92644],[-52.96394,-30.93296],[-53.00375,-30.92079],[-53.0197,-30.92104],[-53.0144,-30.89614],[-52.99667,-30.88757],[-52.98285,-30.85349],[-52.96054,-30.85895],[-52.95084,-30.83083],[-52.95579,-30.79475],[-52.94761,-30.78657],[-52.96262,-30.7593],[-52.9488,-30.73966],[-52.97806,-30.72338],[-52.97231,-30.71501],[-52.99337,-30.69763],[-52.98779,-30.67793],[-52.99719,-30.66613],[-53.03482,-30.67082],[-53.05275,-30.66104],[-53.05496,-30.6469],[-53.08894,-30.63468],[-53.10421,-30.61334],[-53.12291,-30.60878],[-53.12226,-30.59052],[-53.16229,-30.53702],[-53.18869,-30.53182],[-53.19204,-30.50439],[-53.18526,-30.48996],[-53.21275,-30.45138],[-53.21014,-30.43353],[-53.19787,-30.42832],[-53.19908,-30.40405],[-53.17626,-30.39382],[-53.1694,-30.34922],[-53.18834,-30.33891],[-53.17996,-30.31236],[-53.19873,-30.31268],[-53.21591,-30.29724],[-53.22256,-30.32607],[-53.28112,-30.34456],[-53.33601,-30.3183],[-53.34426,-30.26124],[-53.35131,-30.24801],[-53.33134,-30.22253],[-53.32796,-30.2054],[-53.30638,-30.17223],[-53.30776,-30.15067],[-53.28675,-30.11569],[-53.26206,-30.09103],[-53.23988,-30.08962],[-53.23675,-30.07548],[-53.19547,-30.04313],[-53.19216,-30.02744],[-53.1767,-30.01978],[-53.16775,-29.99725],[-53.13504,-29.97292],[-53.08968,-29.9658],[-53.0989,-29.94818],[-53.08276,-29.9304],[-53.11898,-29.92212],[-53.1203,-29.8955],[-53.10885,-29.85353],[-53.08712,-29.80527],[-53.05514,-29.76815],[-53.06721,-29.72594],[-53.04108,-29.67574],[-53.03253,-29.6409],[-53.06069,-29.60551],[-53.04842,-29.55528],[-53.02797,-29.55366],[-53.07635,-29.52801],[-53.09331,-29.52824],[-53.09606,-29.51593],[-53.1766,-29.47209],[-53.19688,-29.46517],[-53.23477,-29.46483],[-53.2556,-29.44736],[-53.28114,-29.44677],[-53.27549,-29.42861],[-53.25861,-29.4332],[-53.22818,-29.40373],[-53.22038,-29.36716],[-53.24128,-29.3356],[-53.22767,-29.32436],[-53.2309,-29.3073],[-53.2456,-29.29639],[-53.23189,-29.2638],[-53.20951,-29.26511],[-53.24948,-29.23815],[-53.24802,-29.19151],[-53.26232,-29.19642],[-53.25462,-29.16916],[-53.26091,-29.14381],[-53.25411,-29.13581],[-53.20757,-29.1395],[-53.18561,-29.12983],[-53.16316,-29.13669],[-53.14089,-29.1303],[-53.12954,-29.1429],[-53.09503,-29.14636],[-53.05708,-29.17928],[-53.06299,-29.15621],[-53.01821,-29.15701],[-53.01199,-29.14106],[-52.99262,-29.13613],[-52.98689,-29.10518],[-52.97409,-29.0962],[-52.9479,-29.09531],[-52.9599,-29.0621],[-52.93459,-29.0665],[-52.90053,-29.04853],[-52.85471,-29.04208],[-52.83512,-29.03122],[-52.81032,-29.03329],[-52.80413,-29.04296],[-52.80787,-29.07323],[-52.81634,-29.08322],[-52.79023,-29.11725],[-52.78366,-29.1158],[-52.75003,-29.14367],[-52.75178,-29.16481],[-52.71451,-29.16804],[-52.69517,-29.19516],[-52.68255,-29.18093],[-52.66194,-29.19484],[-52.67038,-29.20064],[-52.67412,-29.23341],[-52.66091,-29.22745],[-52.61802,-29.23204],[-52.59792,-29.21377],[-52.59077,-29.22411],[-52.53508,-29.22406],[-52.50048,-29.24679],[-52.48043,-29.2366],[-52.45727,-29.24004],[-52.43892,-29.22888],[-52.4333,-29.20742],[-52.43807,-29.18937],[-52.42688,-29.16993],[-52.42458,-29.14639],[-52.3509,-29.14968],[-52.34194,-29.14014],[-52.32679,-29.15581],[-52.31657,-29.14542],[-52.29873,-29.16357],[-52.28386,-29.15023],[-52.28993,-29.12917],[-52.26776,-29.11708],[-52.25169,-29.11823],[-52.24637,-29.10149],[-52.21162,-29.09449],[-52.20402,-29.07261],[-52.2141,-29.02693],[-52.22882,-29.01631],[-52.21379,-29.01096],[-52.2313,-28.99826],[-52.22753,-28.97034],[-52.25931,-28.96063],[-52.26713,-28.94493],[-52.26023,-28.9321],[-52.27981,-28.91198],[-52.2782,-28.88643],[-52.29265,-28.8878],[-52.29441,-28.86654],[-52.31216,-28.84838],[-52.32498,-28.80591],[-52.30443,-28.78519],[-52.2925,-28.75444],[-52.30029,-28.74749],[-52.27723,-28.73469],[-52.27797,-28.69559],[-52.25006,-28.69168],[-52.24556,-28.7056],[-52.25749,-28.72035],[-52.24699,-28.74936],[-52.22527,-28.7624],[-52.19756,-28.74165],[-52.16744,-28.75441],[-52.13621,-28.74162],[-52.10764,-28.74045],[-52.068,-28.74687],[-52.07868,-28.76131],[-52.06817,-28.77047],[-52.07423,-28.78474],[-52.05955,-28.79447],[-52.06629,-28.82113],[-52.0429,-28.84383],[-52.03399,-28.83357],[-52.01644,-28.84142],[-52.03223,-28.85444],[-52.00618,-28.86514],[-52.00834,-28.88302],[-51.98949,-28.88801],[-52.00069,-28.90231],[-51.98076,-28.90029],[-51.96884,-28.92284],[-51.91886,-28.92082],[-51.91311,-28.93218],[-51.92378,-28.96176],[-51.90526,-28.97162],[-51.922,-28.97412],[-51.91222,-28.99402],[-51.93014,-28.99033],[-51.9178,-29.02237],[-51.85179,-29.01636],[-51.85109,-29.02532],[-51.81358,-29.01402],[-51.80481,-29.04521],[-51.80788,-29.08123],[-51.75799,-29.10316],[-51.73361,-29.1271],[-51.7555,-29.13813],[-51.74631,-29.16455],[-51.73317,-29.17833],[-51.75749,-29.18468],[-51.74699,-29.21842],[-51.75383,-29.22916],[-51.75426,-29.26007],[-51.80096,-29.25928],[-51.79648,-29.29892],[-51.76106,-29.2948],[-51.73749,-29.30729],[-51.73374,-29.2967],[-51.71269,-29.29405],[-51.70856,-29.31212],[-51.72852,-29.32437],[-51.70017,-29.32253],[-51.70137,-29.33396],[-51.72844,-29.33357],[-51.72693,-29.36891],[-51.69056,-29.37088],[-51.69071,-29.42303],[-51.66585,-29.41442],[-51.65701,-29.39881],[-51.61036,-29.4006],[-51.61661,-29.37789],[-51.56075,-29.37421],[-51.56158,-29.35823],[-51.53011,-29.3511],[-51.35397,-29.3514],[-51.3539,-29.33264],[-51.33594,-29.33247],[-51.25789,-29.311],[-51.27896,-29.29576],[-51.26223,-29.29464],[-51.21601,-29.33616],[-51.22703,-29.34366],[-51.20815,-29.37323],[-51.22306,-29.37442],[-51.22402,-29.39463],[-51.18866,-29.40978],[-51.18401,-29.42859],[-51.16808,-29.43493],[-51.1729,-29.48239],[-51.17934,-29.48982],[-51.14592,-29.50534],[-51.11195,-29.51025],[-51.10566,-29.47645],[-51.07829,-29.47955],[-51.07704,-29.46467],[-51.01211,-29.47867],[-51.0079,-29.44663],[-51.02001,-29.43669],[-51.00502,-29.42425],[-50.99187,-29.38693],[-50.98081,-29.3899],[-50.95606,-29.42529],[-50.93904,-29.4244],[-50.90968,-29.44992],[-50.90979,-29.50115],[-50.89029,-29.49556],[-50.86786,-29.47609],[-50.83286,-29.47416],[-50.8006,-29.44891],[-50.80872,-29.43492],[-50.77027,-29.44073],[-50.7714,-29.41426],[-50.73454,-29.41426],[-50.72128,-29.40359],[-50.69118,-29.40209],[-50.67889,-29.41606],[-50.65674,-29.42184],[-50.68263,-29.45152],[-50.7153,-29.45547],[-50.6873,-29.47464],[-50.67339,-29.47158],[-50.67379,-29.48725],[-50.66054,-29.50636],[-50.65052,-29.5029],[-50.63046,-29.55865],[-50.57029,-29.55131],[-50.55584,-29.53948],[-50.43234,-29.53805],[-50.42166,-29.51964],[-50.40575,-29.51883],[-50.34781,-29.49412],[-50.32288,-29.47303],[-50.31664,-29.45596],[-50.32546,-29.44067],[-50.31059,-29.43671],[-50.28274,-29.45022],[-50.2919,-29.46749],[-50.27115,-29.46164],[-50.26794,-29.47651],[-50.29216,-29.48636],[-50.28057,-29.50491],[-50.27165,-29.49032],[-50.25017,-29.49967],[-50.22157,-29.49017],[-50.19664,-29.49478],[-50.22198,-29.51076],[-50.1957,-29.5159],[-50.17354,-29.5286],[-50.18782,-29.5058],[-50.16395,-29.47613],[-50.18745,-29.48889],[-50.19915,-29.47785],[-50.21853,-29.47765],[-50.20313,-29.46619],[-50.22426,-29.45152],[-50.23651,-29.41755],[-50.209,-29.39337],[-50.23894,-29.39585],[-50.23127,-29.38035],[-50.24527,-29.37986],[-50.23816,-29.36112],[-50.25248,-29.33291],[-50.23094,-29.33649],[-50.21597,-29.32636],[-50.19069,-29.3405],[-50.20548,-29.35974],[-50.18301,-29.36087],[-50.15671,-29.33701],[-50.1367,-29.3378],[-50.10235,-29.32621],[-50.05963,-29.3643],[-50.03678,-29.35094],[-50.06272,-29.31159],[-50.09241,-29.2964],[-50.10799,-29.28033],[-50.11417,-29.25881],[-50.06344,-29.24257],[-50.04174,-29.24026],[-50.00674,-29.22498],[-49.99636,-29.22747],[-49.96216,-29.19871],[-49.93497,-29.20785],[-49.9133,-29.20742],[-49.85975,-29.23079],[-49.85437,-29.25658],[-49.84256,-29.27141],[-49.81712,-29.2859],[-49.79131,-29.28513],[-49.77265,-29.29798],[-49.74329,-29.2991],[-49.72922,-29.3287],[-49.71121,-29.32536],[-49.73099,-29.35823],[-49.75092,-29.37841],[-49.80191,-29.44312],[-49.92255,-29.60655],[-49.95779,-29.66381],[-50.04145,-29.81697],[-50.07505,-29.88397],[-50.11747,-29.97545],[-50.15523,-30.06513],[-50.24216,-30.2813],[-50.30834,-30.45541],[-50.33298,-30.5003],[-50.36909,-30.55731],[-50.47396,-30.69469],[-50.56212,-30.82454],[-50.6666,-30.96118],[-50.74077,-31.07154],[-50.80204,-31.14827],[-50.88697,-31.23594],[-50.93082,-31.27499],[-51.04204,-31.36408],[-51.09817,-31.41748],[-51.17335,-31.47231],[-51.19127,-31.49555],[-51.23778,-31.45765],[-51.20294,-31.4119]]]}},{"type":"Feature","properties":{"id":"53","phone_code":"53","phone_code_1_digit":"5"},"geometry":{"type":"MultiPolygon","coordinates":[[[[-55.08035,-31.20548],[-55.06717,-31.15884],[-55.09432,-31.11886],[-55.09033,-31.09812],[-55.10164,-31.08015],[-55.1145,-31.01186],[-55.14493,-30.98461],[-55.12693,-30.94068],[-55.11016,-30.93194],[-55.1065,-30.912],[-55.0644,-30.89578],[-55.04576,-30.8836],[-55.02797,-30.85485],[-55.0363,-30.84541],[-55.03089,-30.82617],[-55.03937,-30.79303],[-55.02377,-30.77767],[-55.03058,-30.76093],[-55.01079,-30.72375],[-54.97292,-30.73343],[-54.91766,-30.71851],[-54.84728,-30.73514],[-54.83598,-30.73132],[-54.79891,-30.70057],[-54.77871,-30.69594],[-54.77244,-30.6631],[-54.72276,-30.61652],[-54.72377,-30.59914],[-54.69941,-30.59614],[-54.67341,-30.64346],[-54.67303,-30.66922],[-54.69142,-30.67304],[-54.69196,-30.68958],[-54.6794,-30.69672],[-54.7191,-30.7136],[-54.71022,-30.72865],[-54.71198,-30.75577],[-54.68519,-30.75138],[-54.67247,-30.76991],[-54.66003,-30.76623],[-54.62871,-30.7868],[-54.61109,-30.77905],[-54.58182,-30.80664],[-54.55745,-30.81456],[-54.53809,-30.84719],[-54.53512,-30.87126],[-54.51257,-30.86465],[-54.48328,-30.88661],[-54.44569,-30.86821],[-54.43495,-30.89062],[-54.4231,-30.8863],[-54.38873,-30.89401],[-54.3712,-30.87898],[-54.36726,-30.89709],[-54.34915,-30.88882],[-54.34824,-30.90693],[-54.28223,-30.92321],[-54.27874,-30.93306],[-54.24309,-30.9364],[-54.19269,-30.94738],[-54.16405,-30.95867],[-54.13785,-30.97922],[-54.1102,-30.97837],[-54.08593,-30.95277],[-54.03395,-30.96215],[-53.99266,-30.98718],[-53.94122,-30.98068],[-53.92289,-30.93932],[-53.89594,-30.94553],[-53.88731,-30.93106],[-53.86914,-30.92469],[-53.88658,-30.9182],[-53.84057,-30.91529],[-53.81013,-30.90268],[-53.79405,-30.90883],[-53.78296,-30.89033],[-53.73751,-30.86943],[-53.72024,-30.87452],[-53.69934,-30.85867],[-53.66614,-30.85122],[-53.65173,-30.84006],[-53.65186,-30.87222],[-53.60007,-30.8572],[-53.59737,-30.88256],[-53.60934,-30.89717],[-53.59465,-30.89937],[-53.60009,-30.91973],[-53.58581,-30.92307],[-53.5733,-30.90753],[-53.52675,-30.95291],[-53.51809,-30.93371],[-53.50164,-30.93939],[-53.49616,-30.96097],[-53.48151,-30.96685],[-53.46043,-30.94406],[-53.45413,-30.96615],[-53.4352,-30.94931],[-53.42228,-30.95061],[-53.40815,-30.92348],[-53.43242,-30.88462],[-53.42256,-30.87437],[-53.42557,-30.84122],[-53.40844,-30.83754],[-53.41985,-30.8183],[-53.38879,-30.77981],[-53.35886,-30.7754],[-53.34976,-30.78347],[-53.32755,-30.77543],[-53.30386,-30.78076],[-53.28733,-30.76641],[-53.27327,-30.78225],[-53.23816,-30.78182],[-53.21613,-30.76874],[-53.21523,-30.74528],[-53.19992,-30.72065],[-53.1824,-30.71042],[-53.19633,-30.69683],[-53.18104,-30.69463],[-53.20075,-30.68055],[-53.19107,-30.67724],[-53.18693,-30.65204],[-53.20074,-30.63194],[-53.21921,-30.6265],[-53.23989,-30.59695],[-53.24794,-30.57311],[-53.22702,-30.56823],[-53.22848,-30.54504],[-53.24201,-30.5316],[-53.21578,-30.52022],[-53.23145,-30.46985],[-53.21387,-30.46482],[-53.21275,-30.45138],[-53.18526,-30.48996],[-53.19204,-30.50439],[-53.18869,-30.53182],[-53.16229,-30.53702],[-53.12226,-30.59052],[-53.12291,-30.60878],[-53.10421,-30.61334],[-53.08894,-30.63468],[-53.05496,-30.6469],[-53.05275,-30.66104],[-53.03482,-30.67082],[-52.99719,-30.66613],[-52.98779,-30.67793],[-52.99337,-30.69763],[-52.97231,-30.71501],[-52.97806,-30.72338],[-52.9488,-30.73966],[-52.96262,-30.7593],[-52.94761,-30.78657],[-52.95579,-30.79475],[-52.95084,-30.83083],[-52.96054,-30.85895],[-52.98285,-30.85349],[-52.99667,-30.88757],[-53.0144,-30.89614],[-53.0197,-30.92104],[-53.00375,-30.92079],[-52.96394,-30.93296],[-52.92196,-30.92644],[-52.9069,-30.93763],[-52.87789,-30.92123],[-52.83778,-30.91369],[-52.82935,-30.90443],[-52.80945,-30.91254],[-52.79304,-30.90603],[-52.72992,-30.89485],[-52.7065,-30.90466],[-52.67306,-30.90741],[-52.65112,-30.92251],[-52.64183,-30.95709],[-52.62914,-30.94546],[-52.60089,-30.95411],[-52.57543,-30.9402],[-52.55921,-30.94743],[-52.54558,-30.92547],[-52.52051,-30.93299],[-52.47755,-30.91138],[-52.46848,-30.91727],[-52.43943,-30.89527],[-52.42596,-30.90409],[-52.42376,-30.9212],[-52.40332,-30.90465],[-52.36718,-30.90977],[-52.35236,-30.89824],[-52.33525,-30.90059],[-52.31307,-30.88712],[-52.28818,-30.91039],[-52.27462,-30.88425],[-52.24878,-30.88395],[-52.24344,-30.92689],[-52.27769,-30.94896],[-52.27053,-30.95808],[-52.24565,-30.96177],[-52.24435,-30.98481],[-52.22225,-30.9838],[-52.20652,-30.99359],[-52.13557,-31.00553],[-52.1207,-30.99719],[-52.08961,-31.00293],[-52.15521,-31.04046],[-52.13984,-31.04602],[-52.11398,-31.07201],[-52.11324,-31.09135],[-52.12683,-31.10321],[-52.10657,-31.10965],[-52.08856,-31.14585],[-52.0595,-31.15897],[-52.01413,-31.13735],[-52.01566,-31.1095],[-51.98676,-31.09942],[-51.93746,-31.10602],[-51.95581,-31.09382],[-51.93396,-31.06542],[-51.92307,-31.04175],[-51.87972,-31.03664],[-51.8596,-31.07196],[-51.8713,-31.09067],[-51.82852,-31.10314],[-51.81763,-31.12052],[-51.78898,-31.12311],[-51.79103,-31.13969],[-51.81238,-31.1489],[-51.81747,-31.17179],[-51.8018,-31.16666],[-51.77913,-31.21602],[-51.77976,-31.23286],[-51.79919,-31.2552],[-51.81121,-31.28525],[-51.8434,-31.32275],[-51.85971,-31.33113],[-51.85695,-31.31556],[-51.8756,-31.29803],[-51.88219,-31.31449],[-51.91893,-31.31027],[-51.9313,-31.32058],[-51.92246,-31.33136],[-51.94811,-31.33882],[-51.96189,-31.36953],[-51.95126,-31.37459],[-51.98193,-31.38556],[-51.99316,-31.41307],[-52.0174,-31.53984],[-52.00951,-31.61366],[-52.03012,-31.69185],[-52.03549,-31.69529],[-52.06908,-31.67662],[-52.14937,-31.69785],[-52.20037,-31.72822],[-52.22523,-31.7514],[-52.22617,-31.76743],[-52.21498,-31.79884],[-52.22292,-31.81288],[-52.22247,-31.84287],[-52.23992,-31.83797],[-52.25629,-31.84885],[-52.24952,-31.87494],[-52.22088,-31.87201],[-52.19597,-31.89624],[-52.1468,-31.91508],[-52.11238,-31.9426],[-52.14369,-31.95101],[-52.16645,-31.94365],[-52.18483,-31.95022],[-52.18699,-31.96321],[-52.2181,-31.9595],[-52.23886,-31.98474],[-52.23362,-32.01604],[-52.24769,-32.05122],[-52.22574,-32.03529],[-52.20097,-32.03973],[-52.19314,-32.05843],[-52.20791,-32.0599],[-52.23757,-32.07834],[-52.21662,-32.08413],[-52.17234,-32.05567],[-52.11765,-32.03517],[-52.11283,-32.01642],[-52.09464,-32.01777],[-52.09829,-32.00385],[-52.15374,-32.02605],[-52.18074,-32.03004],[-52.201,-32.0235],[-52.18513,-31.98107],[-52.12241,-31.9802],[-52.11967,-31.96803],[-52.09561,-31.99568],[-52.09192,-32.01273],[-52.09755,-32.02356],[-52.0679,-32.02966],[-52.06309,-32.04609],[-52.11771,-32.05212],[-52.14912,-32.07458],[-52.15723,-32.11231],[-52.14757,-32.11553],[-52.11876,-32.09101],[-52.10171,-32.06685],[-52.0847,-32.06632],[-52.09819,-32.08274],[-52.10453,-32.10694],[-52.09816,-32.16163],[-52.11713,-32.16573],[-52.15593,-32.19012],[-52.23133,-32.25657],[-52.26194,-32.29465],[-52.30641,-32.36103],[-52.34165,-32.42609],[-52.37053,-32.48915],[-52.41554,-32.60678],[-52.44791,-32.73517],[-52.46749,-32.79785],[-52.51146,-32.90268],[-52.55263,-32.97237],[-52.60175,-33.07075],[-52.62869,-33.11568],[-52.66184,-33.16058],[-52.73812,-33.24981],[-52.79519,-33.30205],[-53.04316,-33.4976],[-53.15159,-33.58895],[-53.24661,-33.66012],[-53.37261,-33.74511],[-53.39662,-33.75158],[-53.43277,-33.7382],[-53.44063,-33.69407],[-53.5321,-33.68902],[-53.5243,-33.67421],[-53.53564,-33.64906],[-53.51218,-33.59831],[-53.51474,-33.55346],[-53.50846,-33.52756],[-53.48332,-33.54985],[-53.47915,-33.57227],[-53.4499,-33.56976],[-53.45686,-33.5507],[-53.45089,-33.51199],[-53.43467,-33.4981],[-53.42643,-33.44603],[-53.42823,-33.42012],[-53.44249,-33.37989],[-53.47029,-33.26036],[-53.43056,-33.15561],[-53.40656,-33.16256],[-53.3859,-33.13631],[-53.35456,-33.10651],[-53.31921,-33.05434],[-53.32575,-33.07963],[-53.31342,-33.09314],[-53.27682,-33.10886],[-53.26121,-33.10905],[-53.23606,-33.06706],[-53.20222,-33.03702],[-53.15944,-32.96918],[-53.15756,-32.95671],[-53.1664,-32.90579],[-53.15574,-32.83941],[-53.14155,-32.80574],[-53.12616,-32.79329],[-53.08485,-32.83106],[-53.07223,-32.83255],[-53.04192,-32.79978],[-52.99204,-32.75424],[-53.00072,-32.79395],[-52.98507,-32.81632],[-52.93455,-32.86269],[-52.89799,-32.89027],[-52.86237,-32.90857],[-52.83295,-32.91339],[-52.80411,-32.90568],[-52.77156,-32.8849],[-52.75012,-32.8619],[-52.70412,-32.79167],[-52.68929,-32.75951],[-52.61113,-32.61998],[-52.58567,-32.52624],[-52.59262,-32.49183],[-52.6288,-32.41742],[-52.67403,-32.34688],[-52.69143,-32.3258],[-52.69153,-32.29859],[-52.68154,-32.26452],[-52.65607,-32.20542],[-52.62795,-32.16154],[-52.62597,-32.14706],[-52.65889,-32.15453],[-52.67282,-32.16499],[-52.69435,-32.15953],[-52.71893,-32.17391],[-52.73944,-32.16581],[-52.74049,-32.18237],[-52.72608,-32.18809],[-52.75008,-32.19324],[-52.76389,-32.2067],[-52.72856,-32.21259],[-52.7398,-32.22154],[-52.75412,-32.21192],[-52.77341,-32.23126],[-52.78699,-32.27966],[-52.81312,-32.3206],[-52.81934,-32.3394],[-52.78713,-32.37905],[-52.77178,-32.37698],[-52.75076,-32.35924],[-52.72105,-32.37214],[-52.72161,-32.38463],[-52.74518,-32.41038],[-52.78904,-32.44383],[-52.84147,-32.45805],[-52.87916,-32.46073],[-52.9472,-32.48042],[-52.98212,-32.51007],[-53.00025,-32.59738],[-53.01956,-32.61257],[-53.05351,-32.61492],[-53.07642,-32.62733],[-53.08409,-32.65774],[-53.10798,-32.64252],[-53.14616,-32.64011],[-53.1816,-32.65594],[-53.18611,-32.64488],[-53.23607,-32.63074],[-53.2494,-32.60356],[-53.2707,-32.60491],[-53.28723,-32.62215],[-53.30373,-32.60473],[-53.3363,-32.58455],[-53.35505,-32.59091],[-53.36963,-32.57119],[-53.38808,-32.58709],[-53.4093,-32.57606],[-53.42052,-32.55858],[-53.43179,-32.5658],[-53.4708,-32.48008],[-53.50244,-32.48054],[-53.52618,-32.48749],[-53.58253,-32.45185],[-53.58755,-32.43586],[-53.6125,-32.41816],[-53.6111,-32.4022],[-53.64411,-32.38419],[-53.63235,-32.35],[-53.64327,-32.32402],[-53.65538,-32.31922],[-53.64215,-32.29674],[-53.65586,-32.28799],[-53.67642,-32.25941],[-53.67589,-32.23757],[-53.6937,-32.2045],[-53.71046,-32.19924],[-53.71202,-32.17796],[-53.72283,-32.17305],[-53.7166,-32.15405],[-53.73391,-32.15222],[-53.72614,-32.1379],[-53.74365,-32.11635],[-53.72487,-32.09782],[-53.7438,-32.09207],[-53.74514,-32.07869],[-53.7645,-32.07941],[-53.78892,-32.0683],[-53.80408,-32.07032],[-53.83274,-32.05518],[-53.83706,-32.03334],[-53.85169,-32.02956],[-53.84944,-32.00101],[-53.89022,-31.99419],[-53.91218,-31.96679],[-53.96009,-31.95572],[-53.97184,-31.94162],[-53.96149,-31.93104],[-53.96948,-31.91841],[-54.00337,-31.91496],[-54.01549,-31.90126],[-54.03901,-31.89701],[-54.08748,-31.93581],[-54.10857,-31.90851],[-54.13975,-31.89475],[-54.1588,-31.87239],[-54.45396,-31.65292],[-54.45129,-31.64112],[-54.46654,-31.61301],[-54.45257,-31.60042],[-54.46888,-31.59291],[-54.47395,-31.57052],[-54.49046,-31.55204],[-54.51348,-31.51358],[-54.57404,-31.48186],[-54.58578,-31.45669],[-54.66958,-31.45396],[-54.69667,-31.43718],[-54.71819,-31.43881],[-54.72375,-31.42939],[-54.75924,-31.42516],[-54.78846,-31.43493],[-54.80406,-31.42903],[-54.83565,-31.44201],[-54.85698,-31.40822],[-54.8773,-31.39822],[-54.89099,-31.37513],[-54.90379,-31.38442],[-54.93975,-31.38102],[-54.93418,-31.35697],[-54.95911,-31.35193],[-54.95862,-31.32368],[-54.97778,-31.31758],[-54.98133,-31.29664],[-54.99963,-31.28292],[-55.00141,-31.26929],[-55.03084,-31.26976],[-55.03485,-31.28399],[-55.08035,-31.20548]]],[[[-51.22145,-31.53641],[-51.24984,-31.5668],[-51.40169,-31.67841],[-51.46988,-31.72588],[-51.60785,-31.80194],[-51.71772,-31.85467],[-51.81725,-31.9104],[-51.88458,-31.95768],[-51.91977,-31.98715],[-51.97862,-32.04328],[-52.07445,-32.14231],[-52.09277,-32.12833],[-52.06327,-32.09626],[-52.04854,-32.07282],[-52.0396,-32.03643],[-52.04217,-32.00691],[-52.0543,-31.98206],[-52.02243,-31.96948],[-52.01334,-31.93887],[-52.02632,-31.91511],[-52.09162,-31.8609],[-52.09779,-31.83538],[-52.04792,-31.81355],[-52.00355,-31.81856],[-51.90795,-31.86858],[-51.86829,-31.87088],[-51.83174,-31.85631],[-51.80781,-31.83822],[-51.81273,-31.81722],[-51.79128,-31.81444],[-51.82907,-31.80591],[-51.85934,-31.8049],[-51.79739,-31.78712],[-51.74281,-31.78805],[-51.69284,-31.78206],[-51.66416,-31.77047],[-51.59292,-31.7054],[-51.54932,-31.65202],[-51.51136,-31.58882],[-51.47386,-31.55904],[-51.4696,-31.58924],[-51.43635,-31.61618],[-51.4548,-31.59025],[-51.46457,-31.56413],[-51.44836,-31.52732],[-51.46603,-31.55419],[-51.44251,-31.49477],[-51.41581,-31.47292],[-51.40946,-31.51216],[-51.37034,-31.52914],[-51.31707,-31.51208],[-51.29259,-31.49331],[-51.26362,-31.4801],[-51.23778,-31.45765],[-51.19127,-31.49555],[-51.22145,-31.53641]]]]}},{"type":"Feature","properties":{"id":"54","phone_code":"54","phone_code_1_digit":"5"},"geometry":{"type":"Polygon","coordinates":[[[-52.95994,-27.16425],[-52.93654,-27.17142],[-52.93708,-27.19689],[-52.90383,-27.1984],[-52.87249,-27.17355],[-52.85033,-27.16816],[-52.84672,-27.20197],[-52.83313,-27.20921],[-52.81697,-27.20091],[-52.75923,-27.21317],[-52.76305,-27.24299],[-52.74348,-27.25662],[-52.73087,-27.23929],[-52.71442,-27.23646],[-52.70633,-27.27245],[-52.68772,-27.28266],[-52.67581,-27.24618],[-52.65808,-27.23803],[-52.64513,-27.25954],[-52.6102,-27.26292],[-52.58981,-27.24784],[-52.54476,-27.23953],[-52.53577,-27.25966],[-52.48557,-27.26648],[-52.4769,-27.26228],[-52.47723,-27.23359],[-52.43956,-27.2163],[-52.43146,-27.22731],[-52.43997,-27.26224],[-52.40144,-27.29202],[-52.3927,-27.28753],[-52.39937,-27.25805],[-52.38054,-27.25849],[-52.38335,-27.28435],[-52.37488,-27.3038],[-52.34624,-27.2878],[-52.30505,-27.31787],[-52.29152,-27.30464],[-52.30417,-27.26441],[-52.25343,-27.25704],[-52.23462,-27.26514],[-52.26338,-27.28109],[-52.27269,-27.30353],[-52.23891,-27.30574],[-52.2242,-27.32999],[-52.20967,-27.33043],[-52.17974,-27.27646],[-52.16048,-27.27638],[-52.16678,-27.31117],[-52.11858,-27.30274],[-52.1057,-27.31524],[-52.10998,-27.33396],[-52.0975,-27.34794],[-52.07263,-27.33788],[-52.03837,-27.34448],[-52.01778,-27.33129],[-52.00825,-27.34292],[-52.02196,-27.35462],[-51.99256,-27.37796],[-51.96145,-27.37429],[-51.95397,-27.39448],[-51.98144,-27.38938],[-52.00467,-27.39513],[-52.00388,-27.4064],[-51.95541,-27.41438],[-51.9325,-27.43401],[-51.96281,-27.46218],[-51.95707,-27.47422],[-51.91138,-27.45808],[-51.90049,-27.46274],[-51.9019,-27.49556],[-51.89307,-27.51635],[-51.87275,-27.51307],[-51.87454,-27.48068],[-51.85724,-27.47513],[-51.84224,-27.48568],[-51.8534,-27.51355],[-51.84854,-27.52507],[-51.82164,-27.51234],[-51.79663,-27.53012],[-51.78536,-27.52115],[-51.79994,-27.50561],[-51.79813,-27.49057],[-51.75296,-27.48698],[-51.7294,-27.51167],[-51.71974,-27.51325],[-51.69934,-27.47904],[-51.684,-27.47902],[-51.67207,-27.49254],[-51.67636,-27.50588],[-51.65077,-27.51938],[-51.64215,-27.49146],[-51.6192,-27.50031],[-51.63096,-27.53115],[-51.62604,-27.54477],[-51.60734,-27.54118],[-51.57998,-27.52307],[-51.58508,-27.56919],[-51.5675,-27.58436],[-51.54862,-27.55958],[-51.50807,-27.55615],[-51.47736,-27.56965],[-51.47687,-27.59537],[-51.44229,-27.62045],[-51.43737,-27.64813],[-51.42406,-27.65575],[-51.39992,-27.62863],[-51.38726,-27.62326],[-51.36959,-27.63606],[-51.37658,-27.6617],[-51.35505,-27.67947],[-51.33105,-27.67066],[-51.313,-27.67748],[-51.30159,-27.70203],[-51.3083,-27.71895],[-51.27562,-27.72353],[-51.27315,-27.74926],[-51.24711,-27.75889],[-51.24265,-27.77514],[-51.22181,-27.76933],[-51.19158,-27.77584],[-51.15446,-27.80334],[-51.13258,-27.80585],[-51.13077,-27.82986],[-51.10326,-27.82729],[-51.07737,-27.84082],[-51.07763,-27.86254],[-51.05147,-27.8697],[-51.05469,-27.90402],[-51.01562,-27.92781],[-51.01867,-27.95595],[-51.00072,-27.96288],[-50.98587,-27.94142],[-50.97709,-27.95243],[-50.9448,-27.9686],[-50.92835,-27.96862],[-50.92243,-28.01141],[-50.89337,-28.0196],[-50.87446,-28.0409],[-50.88146,-28.06759],[-50.90311,-28.08644],[-50.88113,-28.0903],[-50.86826,-28.11114],[-50.87447,-28.13145],[-50.85959,-28.13935],[-50.83008,-28.11736],[-50.81803,-28.14004],[-50.78456,-28.14268],[-50.79201,-28.15705],[-50.78212,-28.17572],[-50.78818,-28.19793],[-50.76112,-28.19179],[-50.75338,-28.24256],[-50.69474,-28.2702],[-50.69405,-28.28826],[-50.6589,-28.32157],[-50.66461,-28.33747],[-50.62785,-28.36355],[-50.63228,-28.37901],[-50.61187,-28.39271],[-50.59727,-28.38048],[-50.57601,-28.39335],[-50.56231,-28.41402],[-50.53639,-28.42863],[-50.53088,-28.40567],[-50.499,-28.41223],[-50.45558,-28.41029],[-50.43049,-28.43218],[-50.39365,-28.43327],[-50.3782,-28.44574],[-50.36981,-28.42412],[-50.34788,-28.42817],[-50.35103,-28.45482],[-50.33699,-28.45946],[-50.33886,-28.43989],[-50.32464,-28.43331],[-50.30175,-28.43816],[-50.27116,-28.45626],[-50.25127,-28.44853],[-50.2632,-28.44249],[-50.2471,-28.42843],[-50.23417,-28.4575],[-50.21427,-28.45944],[-50.20322,-28.44365],[-50.17667,-28.45204],[-50.16609,-28.46746],[-50.1612,-28.49457],[-50.13888,-28.49422],[-50.15966,-28.46005],[-50.1279,-28.43806],[-50.12134,-28.42528],[-50.11087,-28.44471],[-50.12485,-28.47463],[-50.10735,-28.47263],[-50.09937,-28.48511],[-50.08406,-28.47263],[-50.07232,-28.4801],[-50.03585,-28.47738],[-50.01589,-28.44969],[-49.98713,-28.45545],[-49.97106,-28.43869],[-49.96636,-28.45502],[-49.95184,-28.44996],[-49.94372,-28.48197],[-49.92783,-28.46946],[-49.92825,-28.45066],[-49.90099,-28.46306],[-49.88815,-28.4576],[-49.89716,-28.44452],[-49.85434,-28.44351],[-49.87692,-28.45418],[-49.86318,-28.46241],[-49.86345,-28.48799],[-49.82542,-28.47775],[-49.81054,-28.48335],[-49.80949,-28.46726],[-49.79083,-28.49475],[-49.76423,-28.45957],[-49.77053,-28.49249],[-49.76221,-28.50171],[-49.74486,-28.49343],[-49.74556,-28.50619],[-49.72649,-28.51678],[-49.74627,-28.53576],[-49.72992,-28.55197],[-49.71946,-28.57648],[-49.711,-28.57289],[-49.70938,-28.60421],[-49.6931,-28.62453],[-49.70667,-28.62971],[-49.72777,-28.62293],[-49.75418,-28.62847],[-49.75773,-28.61507],[-49.7716,-28.62753],[-49.78163,-28.60904],[-49.81684,-28.64017],[-49.80876,-28.65373],[-49.83946,-28.67683],[-49.83163,-28.69446],[-49.84053,-28.70728],[-49.86827,-28.70362],[-49.86571,-28.72066],[-49.89135,-28.73914],[-49.88235,-28.71784],[-49.91415,-28.72443],[-49.90331,-28.70594],[-49.93489,-28.72763],[-49.92151,-28.74567],[-49.95629,-28.77082],[-49.95619,-28.79099],[-49.97077,-28.82606],[-49.96079,-28.83222],[-49.97164,-28.88026],[-49.95469,-28.87478],[-49.97049,-28.9234],[-49.95519,-28.94667],[-49.95605,-28.96133],[-49.9194,-28.97792],[-49.94352,-28.9855],[-49.96429,-29.02213],[-49.93855,-29.02107],[-49.95872,-29.04892],[-50.00695,-29.07173],[-49.94565,-29.05517],[-49.96699,-29.08349],[-49.96727,-29.1151],[-49.99168,-29.11836],[-49.98384,-29.12959],[-50.00539,-29.13417],[-50.00474,-29.15044],[-50.01891,-29.15396],[-50.03421,-29.17656],[-50.07571,-29.18258],[-50.09854,-29.16336],[-50.08544,-29.19888],[-50.0925,-29.2233],[-50.1115,-29.23983],[-50.11108,-29.22211],[-50.09331,-29.21288],[-50.13725,-29.19903],[-50.13275,-29.21614],[-50.1473,-29.21958],[-50.14117,-29.23775],[-50.17447,-29.24923],[-50.14977,-29.24929],[-50.14115,-29.28763],[-50.1284,-29.30322],[-50.12305,-29.28137],[-50.10882,-29.30495],[-50.08934,-29.31035],[-50.08628,-29.323],[-50.06405,-29.32122],[-50.06453,-29.34088],[-50.04943,-29.33889],[-50.03678,-29.35094],[-50.05963,-29.3643],[-50.10235,-29.32621],[-50.1367,-29.3378],[-50.15671,-29.33701],[-50.18301,-29.36087],[-50.20548,-29.35974],[-50.19069,-29.3405],[-50.21597,-29.32636],[-50.23094,-29.33649],[-50.25248,-29.33291],[-50.23816,-29.36112],[-50.24527,-29.37986],[-50.23127,-29.38035],[-50.23894,-29.39585],[-50.209,-29.39337],[-50.23651,-29.41755],[-50.22426,-29.45152],[-50.20313,-29.46619],[-50.21853,-29.47765],[-50.19915,-29.47785],[-50.18745,-29.48889],[-50.16395,-29.47613],[-50.18782,-29.5058],[-50.17354,-29.5286],[-50.1957,-29.5159],[-50.22198,-29.51076],[-50.19664,-29.49478],[-50.22157,-29.49017],[-50.25017,-29.49967],[-50.27165,-29.49032],[-50.28057,-29.50491],[-50.29216,-29.48636],[-50.26794,-29.47651],[-50.27115,-29.46164],[-50.2919,-29.46749],[-50.28274,-29.45022],[-50.31059,-29.43671],[-50.32546,-29.44067],[-50.31664,-29.45596],[-50.32288,-29.47303],[-50.34781,-29.49412],[-50.40575,-29.51883],[-50.42166,-29.51964],[-50.43234,-29.53805],[-50.55584,-29.53948],[-50.57029,-29.55131],[-50.63046,-29.55865],[-50.65052,-29.5029],[-50.66054,-29.50636],[-50.67379,-29.48725],[-50.67339,-29.47158],[-50.6873,-29.47464],[-50.7153,-29.45547],[-50.68263,-29.45152],[-50.65674,-29.42184],[-50.67889,-29.41606],[-50.69118,-29.40209],[-50.72128,-29.40359],[-50.73454,-29.41426],[-50.7714,-29.41426],[-50.77027,-29.44073],[-50.80872,-29.43492],[-50.8006,-29.44891],[-50.83286,-29.47416],[-50.86786,-29.47609],[-50.89029,-29.49556],[-50.90979,-29.50115],[-50.90968,-29.44992],[-50.93904,-29.4244],[-50.95606,-29.42529],[-50.98081,-29.3899],[-50.99187,-29.38693],[-51.00502,-29.42425],[-51.02001,-29.43669],[-51.0079,-29.44663],[-51.01211,-29.47867],[-51.07704,-29.46467],[-51.07829,-29.47955],[-51.10566,-29.47645],[-51.11195,-29.51025],[-51.14592,-29.50534],[-51.17934,-29.48982],[-51.1729,-29.48239],[-51.16808,-29.43493],[-51.18401,-29.42859],[-51.18866,-29.40978],[-51.22402,-29.39463],[-51.22306,-29.37442],[-51.20815,-29.37323],[-51.22703,-29.34366],[-51.21601,-29.33616],[-51.26223,-29.29464],[-51.27896,-29.29576],[-51.25789,-29.311],[-51.33594,-29.33247],[-51.3539,-29.33264],[-51.35397,-29.3514],[-51.53011,-29.3511],[-51.56158,-29.35823],[-51.56075,-29.37421],[-51.61661,-29.37789],[-51.61036,-29.4006],[-51.65701,-29.39881],[-51.66585,-29.41442],[-51.69071,-29.42303],[-51.69056,-29.37088],[-51.72693,-29.36891],[-51.72844,-29.33357],[-51.70137,-29.33396],[-51.70017,-29.32253],[-51.72852,-29.32437],[-51.70856,-29.31212],[-51.71269,-29.29405],[-51.73374,-29.2967],[-51.73749,-29.30729],[-51.76106,-29.2948],[-51.79648,-29.29892],[-51.80096,-29.25928],[-51.75426,-29.26007],[-51.75383,-29.22916],[-51.74699,-29.21842],[-51.75749,-29.18468],[-51.73317,-29.17833],[-51.74631,-29.16455],[-51.7555,-29.13813],[-51.73361,-29.1271],[-51.75799,-29.10316],[-51.80788,-29.08123],[-51.80481,-29.04521],[-51.81358,-29.01402],[-51.85109,-29.02532],[-51.85179,-29.01636],[-51.9178,-29.02237],[-51.93014,-28.99033],[-51.91222,-28.99402],[-51.922,-28.97412],[-51.90526,-28.97162],[-51.92378,-28.96176],[-51.91311,-28.93218],[-51.91886,-28.92082],[-51.96884,-28.92284],[-51.98076,-28.90029],[-52.00069,-28.90231],[-51.98949,-28.88801],[-52.00834,-28.88302],[-52.00618,-28.86514],[-52.03223,-28.85444],[-52.01644,-28.84142],[-52.03399,-28.83357],[-52.0429,-28.84383],[-52.06629,-28.82113],[-52.05955,-28.79447],[-52.07423,-28.78474],[-52.06817,-28.77047],[-52.07868,-28.76131],[-52.068,-28.74687],[-52.10764,-28.74045],[-52.13621,-28.74162],[-52.16744,-28.75441],[-52.19756,-28.74165],[-52.22527,-28.7624],[-52.24699,-28.74936],[-52.25749,-28.72035],[-52.24556,-28.7056],[-52.25006,-28.69168],[-52.27797,-28.69559],[-52.27723,-28.73469],[-52.30029,-28.74749],[-52.2925,-28.75444],[-52.30443,-28.78519],[-52.32498,-28.80591],[-52.31216,-28.84838],[-52.29441,-28.86654],[-52.29265,-28.8878],[-52.2782,-28.88643],[-52.27981,-28.91198],[-52.26023,-28.9321],[-52.26713,-28.94493],[-52.25931,-28.96063],[-52.22753,-28.97034],[-52.2313,-28.99826],[-52.21379,-29.01096],[-52.22882,-29.01631],[-52.2141,-29.02693],[-52.20402,-29.07261],[-52.21162,-29.09449],[-52.24637,-29.10149],[-52.25169,-29.11823],[-52.26776,-29.11708],[-52.28993,-29.12917],[-52.28386,-29.15023],[-52.29873,-29.16357],[-52.31657,-29.14542],[-52.32679,-29.15581],[-52.34194,-29.14014],[-52.3509,-29.14968],[-52.42458,-29.14639],[-52.42688,-29.16993],[-52.43807,-29.18937],[-52.4333,-29.20742],[-52.43892,-29.22888],[-52.45727,-29.24004],[-52.48043,-29.2366],[-52.50048,-29.24679],[-52.53508,-29.22406],[-52.59077,-29.22411],[-52.59792,-29.21377],[-52.61802,-29.23204],[-52.66091,-29.22745],[-52.67412,-29.23341],[-52.67038,-29.20064],[-52.66194,-29.19484],[-52.68255,-29.18093],[-52.69517,-29.19516],[-52.71451,-29.16804],[-52.75178,-29.16481],[-52.75003,-29.14367],[-52.78366,-29.1158],[-52.79023,-29.11725],[-52.81634,-29.08322],[-52.80787,-29.07323],[-52.80413,-29.04296],[-52.81032,-29.03329],[-52.83512,-29.03122],[-52.85471,-29.04208],[-52.95237,-28.95505],[-52.97669,-28.94663],[-53.01437,-28.95051],[-53.03346,-28.96608],[-53.02221,-28.97883],[-53.07671,-28.98792],[-53.10414,-28.97437],[-53.12851,-28.98674],[-53.15356,-28.96832],[-53.15225,-28.95488],[-53.13272,-28.96561],[-53.12736,-28.94375],[-53.1364,-28.9232],[-53.15725,-28.90662],[-53.14766,-28.87946],[-53.17378,-28.87775],[-53.18221,-28.8584],[-53.14387,-28.86441],[-53.14134,-28.84873],[-53.12235,-28.83906],[-53.11199,-28.81707],[-53.1162,-28.8027],[-53.13646,-28.80712],[-53.15136,-28.7963],[-53.12998,-28.76349],[-53.15165,-28.75138],[-53.23339,-28.74511],[-53.26055,-28.73032],[-53.26406,-28.71051],[-53.24013,-28.68161],[-53.27502,-28.66059],[-53.28848,-28.63964],[-53.3038,-28.63732],[-53.30983,-28.61917],[-53.33816,-28.60359],[-53.40428,-28.60409],[-53.41999,-28.58934],[-53.39382,-28.5715],[-53.35958,-28.57448],[-53.34499,-28.56041],[-53.30597,-28.55603],[-53.27915,-28.57014],[-53.26211,-28.56706],[-53.24932,-28.5437],[-53.2542,-28.51198],[-53.24187,-28.47838],[-53.25084,-28.45097],[-53.24428,-28.44591],[-53.22281,-28.46629],[-53.19291,-28.46344],[-53.16566,-28.48007],[-53.18066,-28.48881],[-53.15093,-28.48862],[-53.14354,-28.48015],[-53.09831,-28.48649],[-53.08652,-28.49758],[-53.04949,-28.44114],[-53.05697,-28.39679],[-53.03958,-28.38599],[-53.00768,-28.38515],[-52.98944,-28.37226],[-52.99976,-28.365],[-53.04143,-28.37534],[-53.02391,-28.35285],[-53.0206,-28.3168],[-53.03396,-28.3171],[-53.0764,-28.28211],[-53.10159,-28.27886],[-53.12448,-28.29281],[-53.12905,-28.26009],[-53.1169,-28.26167],[-53.15357,-28.23001],[-53.1673,-28.20736],[-53.18242,-28.20386],[-53.18412,-28.18381],[-53.19635,-28.15887],[-53.22283,-28.14594],[-53.23936,-28.16058],[-53.2572,-28.15761],[-53.24863,-28.1418],[-53.27579,-28.11075],[-53.28726,-28.10967],[-53.30105,-28.0804],[-53.26211,-28.08157],[-53.24675,-28.07111],[-53.22665,-28.07911],[-53.20231,-28.06932],[-53.18722,-28.05349],[-53.19468,-28.0411],[-53.23472,-28.03141],[-53.24435,-28.01093],[-53.23751,-28.0025],[-53.19211,-27.9933],[-53.17661,-27.96065],[-53.14289,-27.93763],[-53.09147,-27.93068],[-53.07779,-27.92036],[-53.06961,-27.94224],[-53.05085,-27.93853],[-53.04826,-27.91216],[-53.08736,-27.90408],[-53.07312,-27.89832],[-53.04772,-27.90275],[-53.05679,-27.87817],[-53.04158,-27.86625],[-53.07119,-27.85144],[-53.04726,-27.84703],[-53.06907,-27.84259],[-53.05856,-27.82339],[-53.0656,-27.81523],[-53.05544,-27.79693],[-53.06554,-27.77499],[-53.11361,-27.75442],[-53.09369,-27.72838],[-53.10616,-27.7155],[-53.08077,-27.71441],[-53.08396,-27.69857],[-53.10023,-27.69913],[-53.09802,-27.6742],[-53.0742,-27.67467],[-53.08619,-27.66337],[-53.10289,-27.66626],[-53.11275,-27.64972],[-53.09047,-27.65701],[-53.05422,-27.64256],[-52.99849,-27.60932],[-52.97233,-27.63864],[-52.95103,-27.62527],[-52.94594,-27.58776],[-52.96218,-27.58061],[-53.00735,-27.57443],[-53.00631,-27.56147],[-53.02948,-27.551],[-53.02798,-27.54194],[-53.04881,-27.52911],[-53.01478,-27.50916],[-53.02631,-27.49892],[-53.0235,-27.48311],[-53.0503,-27.47264],[-53.03494,-27.4535],[-53.05596,-27.43698],[-53.07419,-27.44271],[-53.07781,-27.43256],[-53.09072,-27.45176],[-53.1317,-27.44358],[-53.07525,-27.37278],[-53.0653,-27.39203],[-53.05596,-27.38076],[-53.03245,-27.38529],[-53.03368,-27.37318],[-53.01402,-27.37337],[-53.01206,-27.38541],[-52.95545,-27.37112],[-52.95542,-27.34549],[-52.94571,-27.32068],[-52.9505,-27.30782],[-52.9322,-27.31279],[-52.95789,-27.2911],[-52.96489,-27.27108],[-52.95707,-27.2498],[-52.94821,-27.25407],[-52.97057,-27.21737],[-52.95994,-27.16425]]]}},{"type":"Feature","properties":{"id":"55","phone_code":"55","phone_code_1_digit":"5"},"geometry":{"type":"Polygon","coordinates":[[[-53.21387,-30.46482],[-53.23145,-30.46985],[-53.21578,-30.52022],[-53.24201,-30.5316],[-53.22848,-30.54504],[-53.22702,-30.56823],[-53.24794,-30.57311],[-53.23989,-30.59695],[-53.21921,-30.6265],[-53.20074,-30.63194],[-53.18693,-30.65204],[-53.19107,-30.67724],[-53.20075,-30.68055],[-53.18104,-30.69463],[-53.19633,-30.69683],[-53.1824,-30.71042],[-53.19992,-30.72065],[-53.21523,-30.74528],[-53.21613,-30.76874],[-53.23816,-30.78182],[-53.27327,-30.78225],[-53.28733,-30.76641],[-53.30386,-30.78076],[-53.32755,-30.77543],[-53.34976,-30.78347],[-53.35886,-30.7754],[-53.38879,-30.77981],[-53.41985,-30.8183],[-53.40844,-30.83754],[-53.42557,-30.84122],[-53.42256,-30.87437],[-53.43242,-30.88462],[-53.40815,-30.92348],[-53.42228,-30.95061],[-53.4352,-30.94931],[-53.45413,-30.96615],[-53.46043,-30.94406],[-53.48151,-30.96685],[-53.49616,-30.96097],[-53.50164,-30.93939],[-53.51809,-30.93371],[-53.52675,-30.95291],[-53.5733,-30.90753],[-53.58581,-30.92307],[-53.60009,-30.91973],[-53.59465,-30.89937],[-53.60934,-30.89717],[-53.59737,-30.88256],[-53.60007,-30.8572],[-53.65186,-30.87222],[-53.65173,-30.84006],[-53.66614,-30.85122],[-53.69934,-30.85867],[-53.72024,-30.87452],[-53.73751,-30.86943],[-53.78296,-30.89033],[-53.79405,-30.90883],[-53.81013,-30.90268],[-53.84057,-30.91529],[-53.88658,-30.9182],[-53.86914,-30.92469],[-53.88731,-30.93106],[-53.89594,-30.94553],[-53.92289,-30.93932],[-53.94122,-30.98068],[-53.99266,-30.98718],[-54.03395,-30.96215],[-54.08593,-30.95277],[-54.1102,-30.97837],[-54.13785,-30.97922],[-54.16405,-30.95867],[-54.19269,-30.94738],[-54.24309,-30.9364],[-54.27874,-30.93306],[-54.28223,-30.92321],[-54.34824,-30.90693],[-54.34915,-30.88882],[-54.36726,-30.89709],[-54.3712,-30.87898],[-54.38873,-30.89401],[-54.4231,-30.8863],[-54.43495,-30.89062],[-54.44569,-30.86821],[-54.48328,-30.88661],[-54.51257,-30.86465],[-54.53512,-30.87126],[-54.53809,-30.84719],[-54.55745,-30.81456],[-54.58182,-30.80664],[-54.61109,-30.77905],[-54.62871,-30.7868],[-54.66003,-30.76623],[-54.67247,-30.76991],[-54.68519,-30.75138],[-54.71198,-30.75577],[-54.71022,-30.72865],[-54.7191,-30.7136],[-54.6794,-30.69672],[-54.69196,-30.68958],[-54.69142,-30.67304],[-54.67303,-30.66922],[-54.67341,-30.64346],[-54.69941,-30.59614],[-54.72377,-30.59914],[-54.72276,-30.61652],[-54.77244,-30.6631],[-54.77871,-30.69594],[-54.79891,-30.70057],[-54.83598,-30.73132],[-54.84728,-30.73514],[-54.91766,-30.71851],[-54.97292,-30.73343],[-55.01079,-30.72375],[-55.03058,-30.76093],[-55.02377,-30.77767],[-55.03937,-30.79303],[-55.03089,-30.82617],[-55.0363,-30.84541],[-55.02797,-30.85485],[-55.04576,-30.8836],[-55.0644,-30.89578],[-55.1065,-30.912],[-55.11016,-30.93194],[-55.12693,-30.94068],[-55.14493,-30.98461],[-55.1145,-31.01186],[-55.10164,-31.08015],[-55.09033,-31.09812],[-55.09432,-31.11886],[-55.06717,-31.15884],[-55.08035,-31.20548],[-55.03485,-31.28399],[-55.04229,-31.30835],[-55.05908,-31.31539],[-55.05636,-31.3319],[-55.07345,-31.33218],[-55.10801,-31.30761],[-55.1513,-31.29308],[-55.16834,-31.26933],[-55.23426,-31.25828],[-55.24758,-31.24809],[-55.24906,-31.20592],[-55.26192,-31.19458],[-55.28182,-31.19392],[-55.26996,-31.17684],[-55.28992,-31.16365],[-55.28995,-31.14372],[-55.31089,-31.14736],[-55.33771,-31.13364],[-55.32678,-31.08813],[-55.35888,-31.06761],[-55.34931,-31.04012],[-55.36855,-31.03439],[-55.37318,-31.01916],[-55.3994,-31.02859],[-55.40612,-31.01878],[-55.43641,-31.00462],[-55.42373,-30.98559],[-55.44035,-30.95979],[-55.48568,-30.94761],[-55.48849,-30.92506],[-55.50324,-30.92488],[-55.50931,-30.90188],[-55.54495,-30.89062],[-55.5626,-30.86885],[-55.56622,-30.84542],[-55.57679,-30.83384],[-55.60303,-30.85031],[-55.62004,-30.84246],[-55.64161,-30.85118],[-55.66225,-30.87286],[-55.64143,-30.91167],[-55.66245,-30.93284],[-55.66536,-30.95392],[-55.70322,-30.95519],[-55.71549,-30.94307],[-55.72385,-30.95127],[-55.72748,-30.97931],[-55.74571,-30.9794],[-55.75308,-30.99821],[-55.77281,-30.99705],[-55.77597,-31.01539],[-55.81272,-31.01543],[-55.82914,-31.04036],[-55.85452,-31.04488],[-55.87016,-31.0715],[-55.89009,-31.07693],[-55.89808,-31.06628],[-55.9324,-31.0868],[-55.97738,-31.07339],[-55.99191,-31.08462],[-56.00956,-31.08099],[-56.01842,-31.04801],[-56.01578,-31.00065],[-56.00659,-30.98354],[-56.01456,-30.94482],[-56.00497,-30.92183],[-56.00792,-30.89519],[-55.98982,-30.86647],[-56.00341,-30.84029],[-56.02287,-30.78642],[-56.0631,-30.77313],[-56.06405,-30.75276],[-56.07449,-30.7459],[-56.08836,-30.75746],[-56.10775,-30.73297],[-56.12458,-30.73948],[-56.12818,-30.72081],[-56.14999,-30.70581],[-56.13774,-30.6853],[-56.16653,-30.66435],[-56.16574,-30.64032],[-56.18289,-30.62599],[-56.16985,-30.61508],[-56.19122,-30.60436],[-56.21908,-30.60794],[-56.23479,-30.58774],[-56.22538,-30.5786],[-56.24649,-30.57473],[-56.26228,-30.58261],[-56.25845,-30.56141],[-56.27653,-30.56214],[-56.29143,-30.52012],[-56.30689,-30.53079],[-56.32884,-30.52966],[-56.33484,-30.51169],[-56.35405,-30.49268],[-56.36539,-30.50256],[-56.38306,-30.49826],[-56.40667,-30.46032],[-56.39624,-30.44951],[-56.41505,-30.43105],[-56.4377,-30.43215],[-56.46135,-30.3848],[-56.48857,-30.39929],[-56.505,-30.38271],[-56.50336,-30.37091],[-56.52002,-30.35908],[-56.54465,-30.35976],[-56.55095,-30.34308],[-56.53615,-30.33392],[-56.53992,-30.3143],[-56.55597,-30.31936],[-56.57409,-30.30294],[-56.57564,-30.28891],[-56.61653,-30.30086],[-56.60536,-30.28275],[-56.61245,-30.26199],[-56.63836,-30.25787],[-56.62397,-30.24774],[-56.64803,-30.22192],[-56.66719,-30.21777],[-56.64493,-30.20794],[-56.68152,-30.19514],[-56.69621,-30.20541],[-56.71857,-30.18041],[-56.75848,-30.16129],[-56.77639,-30.16405],[-56.78373,-30.15379],[-56.77948,-30.12761],[-56.80028,-30.12136],[-56.80588,-30.10483],[-56.85411,-30.08925],[-56.88453,-30.08782],[-56.90382,-30.11397],[-56.91725,-30.09666],[-56.956,-30.10176],[-56.99161,-30.08637],[-57.02265,-30.08822],[-57.03108,-30.10196],[-57.06721,-30.10127],[-57.06936,-30.08661],[-57.09489,-30.11546],[-57.1142,-30.11449],[-57.10397,-30.12702],[-57.11327,-30.14515],[-57.12844,-30.14201],[-57.14429,-30.17298],[-57.16739,-30.1986],[-57.15476,-30.23283],[-57.16756,-30.24936],[-57.1945,-30.26399],[-57.20255,-30.28604],[-57.24728,-30.29036],[-57.25901,-30.26713],[-57.27958,-30.29431],[-57.29162,-30.2881],[-57.31396,-30.25831],[-57.3209,-30.27138],[-57.35344,-30.28529],[-57.36837,-30.27309],[-57.38804,-30.30319],[-57.41906,-30.303],[-57.41351,-30.2807],[-57.45125,-30.27657],[-57.46084,-30.26678],[-57.48878,-30.26938],[-57.49733,-30.28796],[-57.52215,-30.28616],[-57.5657,-30.2586],[-57.55619,-30.22009],[-57.56289,-30.20923],[-57.60658,-30.19044],[-57.64332,-30.19301],[-57.63533,-30.17601],[-57.58494,-30.17679],[-57.54745,-30.16362],[-57.48166,-30.12326],[-57.46115,-30.10613],[-57.44586,-30.07171],[-57.40583,-30.03078],[-57.34515,-30.00278],[-57.32786,-29.9716],[-57.32263,-29.93688],[-57.32756,-29.87974],[-57.29427,-29.83116],[-57.22679,-29.77928],[-57.17034,-29.7806],[-57.12099,-29.76496],[-57.04563,-29.70154],[-56.96839,-29.60051],[-56.93336,-29.56876],[-56.90299,-29.53453],[-56.8151,-29.48137],[-56.77996,-29.43971],[-56.77966,-29.41019],[-56.7679,-29.37729],[-56.75419,-29.37071],[-56.71822,-29.36856],[-56.70509,-29.36094],[-56.65451,-29.27748],[-56.64736,-29.25893],[-56.65281,-29.22613],[-56.63648,-29.19167],[-56.60431,-29.15463],[-56.59003,-29.11994],[-56.57516,-29.11331],[-56.54233,-29.11415],[-56.5001,-29.08706],[-56.41802,-29.07508],[-56.39732,-29.02079],[-56.41501,-28.99923],[-56.40953,-28.97549],[-56.38031,-28.94969],[-56.33723,-28.93705],[-56.30322,-28.9015],[-56.29522,-28.85939],[-56.30002,-28.8135],[-56.29318,-28.79717],[-56.2628,-28.77768],[-56.18889,-28.772],[-56.16189,-28.7424],[-56.148,-28.71445],[-56.12462,-28.68683],[-56.04686,-28.62353],[-56.01914,-28.61351],[-55.99928,-28.58489],[-56.02536,-28.53856],[-56.01075,-28.50663],[-55.98348,-28.49686],[-55.94869,-28.49453],[-55.9167,-28.48231],[-55.88558,-28.47994],[-55.8809,-28.46468],[-55.90059,-28.41663],[-55.89917,-28.39671],[-55.87192,-28.35804],[-55.84748,-28.35548],[-55.81846,-28.36438],[-55.75338,-28.36931],[-55.73543,-28.37866],[-55.71045,-28.42615],[-55.68986,-28.41537],[-55.689,-28.39112],[-55.66751,-28.34073],[-55.67309,-28.32761],[-55.73521,-28.28418],[-55.77224,-28.27346],[-55.78129,-28.25401],[-55.76134,-28.23804],[-55.69815,-28.2221],[-55.65789,-28.18639],[-55.62954,-28.17572],[-55.61098,-28.11851],[-55.58781,-28.11865],[-55.58602,-28.14746],[-55.56128,-28.1651],[-55.54799,-28.15699],[-55.5371,-28.11994],[-55.51123,-28.11365],[-55.4937,-28.07688],[-55.46459,-28.09387],[-55.44552,-28.09758],[-55.41429,-28.05528],[-55.37306,-28.03489],[-55.36721,-28.01568],[-55.384,-27.98372],[-55.37304,-27.97481],[-55.34341,-27.97213],[-55.32472,-27.92871],[-55.30371,-27.92456],[-55.27724,-27.93488],[-55.25413,-27.92225],[-55.23294,-27.88566],[-55.19602,-27.85614],[-55.16899,-27.86169],[-55.1373,-27.89512],[-55.12247,-27.88425],[-55.12573,-27.85952],[-55.10603,-27.84618],[-55.08071,-27.843],[-55.03464,-27.85831],[-55.02434,-27.83372],[-55.0349,-27.82308],[-55.08032,-27.79798],[-55.07129,-27.77248],[-55.0493,-27.76931],[-55.02122,-27.795],[-54.99806,-27.79076],[-54.98892,-27.77262],[-54.96017,-27.77798],[-54.9359,-27.77221],[-54.92712,-27.75139],[-54.90298,-27.72565],[-54.90598,-27.64071],[-54.8846,-27.62606],[-54.85845,-27.62877],[-54.83946,-27.60523],[-54.83203,-27.57316],[-54.8144,-27.53343],[-54.79433,-27.53639],[-54.78557,-27.57626],[-54.75858,-27.58248],[-54.74151,-27.56132],[-54.68198,-27.57427],[-54.67118,-27.55802],[-54.67899,-27.52894],[-54.67129,-27.50476],[-54.65716,-27.51114],[-54.64322,-27.54239],[-54.61538,-27.53364],[-54.59118,-27.48037],[-54.58482,-27.45419],[-54.56685,-27.45756],[-54.54729,-27.47699],[-54.53568,-27.50319],[-54.51644,-27.49838],[-54.50321,-27.48105],[-54.45671,-27.47866],[-54.44136,-27.45968],[-54.46768,-27.43682],[-54.46229,-27.42259],[-54.43479,-27.42345],[-54.41374,-27.40642],[-54.39028,-27.41653],[-54.368,-27.45133],[-54.3461,-27.46676],[-54.33231,-27.44705],[-54.33831,-27.40421],[-54.33186,-27.40225],[-54.28345,-27.44745],[-54.26688,-27.43708],[-54.26054,-27.39722],[-54.22826,-27.39244],[-54.21082,-27.3731],[-54.21025,-27.34622],[-54.19028,-27.30662],[-54.18484,-27.2653],[-54.16423,-27.25374],[-54.15383,-27.2699],[-54.15708,-27.2928],[-54.09967,-27.30304],[-54.07745,-27.29685],[-54.05414,-27.2637],[-54.02533,-27.25391],[-54.01422,-27.23504],[-54.0071,-27.19804],[-53.95954,-27.1939],[-53.95849,-27.16069],[-53.93591,-27.15352],[-53.91707,-27.1725],[-53.90261,-27.17415],[-53.8888,-27.1575],[-53.87608,-27.12574],[-53.86008,-27.12786],[-53.83334,-27.16905],[-53.80848,-27.17228],[-53.77589,-27.14728],[-53.76224,-27.15399],[-53.74826,-27.19006],[-53.73903,-27.19245],[-53.70172,-27.1703],[-53.67451,-27.16048],[-53.65039,-27.17646],[-53.64774,-27.2177],[-53.63453,-27.21857],[-53.61863,-27.18838],[-53.5898,-27.18696],[-53.56408,-27.17299],[-53.54903,-27.17487],[-53.52272,-27.19898],[-53.49328,-27.20323],[-53.48921,-27.18116],[-53.50295,-27.16286],[-53.50532,-27.13702],[-53.48143,-27.1343],[-53.45774,-27.15558],[-53.40964,-27.14001],[-53.39306,-27.10962],[-53.37349,-27.09013],[-53.34801,-27.11712],[-53.31003,-27.1181],[-53.29251,-27.14105],[-53.31827,-27.19476],[-53.31044,-27.21796],[-53.29194,-27.19616],[-53.24244,-27.17024],[-53.23022,-27.17123],[-53.19605,-27.19121],[-53.17817,-27.18021],[-53.1659,-27.14079],[-53.14936,-27.14189],[-53.14091,-27.17016],[-53.1265,-27.17826],[-53.07147,-27.15689],[-53.07023,-27.13658],[-53.07967,-27.11493],[-53.05804,-27.08585],[-53.02848,-27.08011],[-53.0179,-27.09036],[-53.04163,-27.12552],[-53.0426,-27.14553],[-53.02612,-27.15672],[-53.00298,-27.13296],[-52.98206,-27.15619],[-53.00216,-27.18955],[-52.99101,-27.21692],[-52.97057,-27.21737],[-52.94821,-27.25407],[-52.95707,-27.2498],[-52.96489,-27.27108],[-52.95789,-27.2911],[-52.9322,-27.31279],[-52.9505,-27.30782],[-52.94571,-27.32068],[-52.95542,-27.34549],[-52.95545,-27.37112],[-53.01206,-27.38541],[-53.01402,-27.37337],[-53.03368,-27.37318],[-53.03245,-27.38529],[-53.05596,-27.38076],[-53.0653,-27.39203],[-53.07525,-27.37278],[-53.1317,-27.44358],[-53.09072,-27.45176],[-53.07781,-27.43256],[-53.07419,-27.44271],[-53.05596,-27.43698],[-53.03494,-27.4535],[-53.0503,-27.47264],[-53.0235,-27.48311],[-53.02631,-27.49892],[-53.01478,-27.50916],[-53.04881,-27.52911],[-53.02798,-27.54194],[-53.02948,-27.551],[-53.00631,-27.56147],[-53.00735,-27.57443],[-52.96218,-27.58061],[-52.94594,-27.58776],[-52.95103,-27.62527],[-52.97233,-27.63864],[-52.99849,-27.60932],[-53.05422,-27.64256],[-53.09047,-27.65701],[-53.11275,-27.64972],[-53.10289,-27.66626],[-53.08619,-27.66337],[-53.0742,-27.67467],[-53.09802,-27.6742],[-53.10023,-27.69913],[-53.08396,-27.69857],[-53.08077,-27.71441],[-53.10616,-27.7155],[-53.09369,-27.72838],[-53.11361,-27.75442],[-53.06554,-27.77499],[-53.05544,-27.79693],[-53.0656,-27.81523],[-53.05856,-27.82339],[-53.06907,-27.84259],[-53.04726,-27.84703],[-53.07119,-27.85144],[-53.04158,-27.86625],[-53.05679,-27.87817],[-53.04772,-27.90275],[-53.07312,-27.89832],[-53.08736,-27.90408],[-53.04826,-27.91216],[-53.05085,-27.93853],[-53.06961,-27.94224],[-53.07779,-27.92036],[-53.09147,-27.93068],[-53.14289,-27.93763],[-53.17661,-27.96065],[-53.19211,-27.9933],[-53.23751,-28.0025],[-53.24435,-28.01093],[-53.23472,-28.03141],[-53.19468,-28.0411],[-53.18722,-28.05349],[-53.20231,-28.06932],[-53.22665,-28.07911],[-53.24675,-28.07111],[-53.26211,-28.08157],[-53.30105,-28.0804],[-53.28726,-28.10967],[-53.27579,-28.11075],[-53.24863,-28.1418],[-53.2572,-28.15761],[-53.23936,-28.16058],[-53.22283,-28.14594],[-53.19635,-28.15887],[-53.18412,-28.18381],[-53.18242,-28.20386],[-53.1673,-28.20736],[-53.15357,-28.23001],[-53.1169,-28.26167],[-53.12905,-28.26009],[-53.12448,-28.29281],[-53.10159,-28.27886],[-53.0764,-28.28211],[-53.03396,-28.3171],[-53.0206,-28.3168],[-53.02391,-28.35285],[-53.04143,-28.37534],[-52.99976,-28.365],[-52.98944,-28.37226],[-53.00768,-28.38515],[-53.03958,-28.38599],[-53.05697,-28.39679],[-53.04949,-28.44114],[-53.08652,-28.49758],[-53.09831,-28.48649],[-53.14354,-28.48015],[-53.15093,-28.48862],[-53.18066,-28.48881],[-53.16566,-28.48007],[-53.19291,-28.46344],[-53.22281,-28.46629],[-53.24428,-28.44591],[-53.25084,-28.45097],[-53.24187,-28.47838],[-53.2542,-28.51198],[-53.24932,-28.5437],[-53.26211,-28.56706],[-53.27915,-28.57014],[-53.30597,-28.55603],[-53.34499,-28.56041],[-53.35958,-28.57448],[-53.39382,-28.5715],[-53.41999,-28.58934],[-53.40428,-28.60409],[-53.33816,-28.60359],[-53.30983,-28.61917],[-53.3038,-28.63732],[-53.28848,-28.63964],[-53.27502,-28.66059],[-53.24013,-28.68161],[-53.26406,-28.71051],[-53.26055,-28.73032],[-53.23339,-28.74511],[-53.15165,-28.75138],[-53.12998,-28.76349],[-53.15136,-28.7963],[-53.13646,-28.80712],[-53.1162,-28.8027],[-53.11199,-28.81707],[-53.12235,-28.83906],[-53.14134,-28.84873],[-53.14387,-28.86441],[-53.18221,-28.8584],[-53.17378,-28.87775],[-53.14766,-28.87946],[-53.15725,-28.90662],[-53.1364,-28.9232],[-53.12736,-28.94375],[-53.13272,-28.96561],[-53.15225,-28.95488],[-53.15356,-28.96832],[-53.12851,-28.98674],[-53.10414,-28.97437],[-53.07671,-28.98792],[-53.02221,-28.97883],[-53.03346,-28.96608],[-53.01437,-28.95051],[-52.97669,-28.94663],[-52.95237,-28.95505],[-52.85471,-29.04208],[-52.90053,-29.04853],[-52.93459,-29.0665],[-52.9599,-29.0621],[-52.9479,-29.09531],[-52.97409,-29.0962],[-52.98689,-29.10518],[-52.99262,-29.13613],[-53.01199,-29.14106],[-53.01821,-29.15701],[-53.06299,-29.15621],[-53.05708,-29.17928],[-53.09503,-29.14636],[-53.12954,-29.1429],[-53.14089,-29.1303],[-53.16316,-29.13669],[-53.18561,-29.12983],[-53.20757,-29.1395],[-53.25411,-29.13581],[-53.26091,-29.14381],[-53.25462,-29.16916],[-53.26232,-29.19642],[-53.24802,-29.19151],[-53.24948,-29.23815],[-53.20951,-29.26511],[-53.23189,-29.2638],[-53.2456,-29.29639],[-53.2309,-29.3073],[-53.22767,-29.32436],[-53.24128,-29.3356],[-53.22038,-29.36716],[-53.22818,-29.40373],[-53.25861,-29.4332],[-53.27549,-29.42861],[-53.28114,-29.44677],[-53.2556,-29.44736],[-53.23477,-29.46483],[-53.19688,-29.46517],[-53.1766,-29.47209],[-53.09606,-29.51593],[-53.09331,-29.52824],[-53.07635,-29.52801],[-53.02797,-29.55366],[-53.04842,-29.55528],[-53.06069,-29.60551],[-53.03253,-29.6409],[-53.04108,-29.67574],[-53.06721,-29.72594],[-53.05514,-29.76815],[-53.08712,-29.80527],[-53.10885,-29.85353],[-53.1203,-29.8955],[-53.11898,-29.92212],[-53.08276,-29.9304],[-53.0989,-29.94818],[-53.08968,-29.9658],[-53.13504,-29.97292],[-53.16775,-29.99725],[-53.1767,-30.01978],[-53.19216,-30.02744],[-53.19547,-30.04313],[-53.23675,-30.07548],[-53.23988,-30.08962],[-53.26206,-30.09103],[-53.28675,-30.11569],[-53.30776,-30.15067],[-53.30638,-30.17223],[-53.32796,-30.2054],[-53.33134,-30.22253],[-53.35131,-30.24801],[-53.34426,-30.26124],[-53.33601,-30.3183],[-53.28112,-30.34456],[-53.22256,-30.32607],[-53.21591,-30.29724],[-53.19873,-30.31268],[-53.17996,-30.31236],[-53.18834,-30.33891],[-53.1694,-30.34922],[-53.17626,-30.39382],[-53.19908,-30.40405],[-53.19787,-30.42832],[-53.21014,-30.43353],[-53.21275,-30.45138],[-53.21387,-30.46482]]]}},{"type":"Feature","properties":{"id":"61","phone_code":"61","phone_code_1_digit":"6"},"geometry":{"type":"Polygon","coordinates":[[[-47.49888,-17.30301],[-47.50924,-17.28438],[-47.52221,-17.28255],[-47.53032,-17.24213],[-47.5666,-17.21444],[-47.59312,-17.17187],[-47.64104,-17.1447],[-47.64313,-17.12782],[-47.65899,-17.10809],[-47.6554,-17.09365],[-47.69474,-17.07785],[-47.71888,-17.03493],[-47.69971,-17.00223],[-47.6964,-16.96084],[-47.6851,-16.94909],[-47.69107,-16.90113],[-47.69477,-16.91179],[-47.73024,-16.92883],[-47.77116,-16.91873],[-47.78916,-16.92764],[-47.80751,-16.91667],[-47.83313,-16.92475],[-47.88241,-16.92581],[-47.90238,-16.91504],[-47.91068,-16.92343],[-47.90049,-16.95282],[-47.92088,-16.98171],[-47.91905,-17.00382],[-48.0006,-16.95169],[-48.00786,-16.9326],[-48.03565,-16.92132],[-48.06616,-16.93203],[-48.07776,-16.9292],[-48.07849,-16.90725],[-48.08921,-16.89067],[-48.07793,-16.87915],[-48.0884,-16.85713],[-48.07571,-16.80302],[-48.08979,-16.76801],[-48.10477,-16.74786],[-48.1458,-16.74222],[-48.17346,-16.73096],[-48.19427,-16.73455],[-48.18933,-16.67741],[-48.19477,-16.64094],[-48.22872,-16.6019],[-48.25426,-16.53543],[-48.26488,-16.49697],[-48.28705,-16.48335],[-48.30652,-16.45198],[-48.34116,-16.4437],[-48.35821,-16.4011],[-48.37563,-16.39836],[-48.40101,-16.38229],[-48.39577,-16.35882],[-48.39824,-16.324],[-48.37377,-16.30959],[-48.36566,-16.323],[-48.34005,-16.31706],[-48.32938,-16.32646],[-48.31979,-16.29899],[-48.32877,-16.25849],[-48.36241,-16.24097],[-48.37333,-16.20373],[-48.35352,-16.18561],[-48.3502,-16.15083],[-48.35688,-16.1044],[-48.36811,-16.0695],[-48.36624,-16.01462],[-48.37335,-15.99459],[-48.40072,-15.97405],[-48.40927,-15.97621],[-48.42271,-15.94786],[-48.41827,-15.90425],[-48.40519,-15.87372],[-48.38835,-15.85319],[-48.3691,-15.8028],[-48.35215,-15.79234],[-48.3564,-15.77531],[-48.34872,-15.72429],[-48.32827,-15.71302],[-48.31733,-15.71894],[-48.29875,-15.70959],[-48.25158,-15.65875],[-48.25521,-15.64637],[-48.28672,-15.63756],[-48.30869,-15.62124],[-48.3395,-15.63112],[-48.38424,-15.61093],[-48.38275,-15.62123],[-48.40166,-15.65249],[-48.46866,-15.62918],[-48.47866,-15.61893],[-48.54633,-15.6058],[-48.5458,-15.58248],[-48.57925,-15.55841],[-48.58013,-15.54516],[-48.59824,-15.53219],[-48.58069,-15.5081],[-48.58053,-15.48016],[-48.55805,-15.4667],[-48.55413,-15.45502],[-48.5693,-15.44491],[-48.56163,-15.43209],[-48.56035,-15.39924],[-48.57338,-15.37238],[-48.5923,-15.36381],[-48.5728,-15.35707],[-48.57569,-15.32705],[-48.58785,-15.31807],[-48.59463,-15.28854],[-48.57511,-15.26837],[-48.56138,-15.2403],[-48.58297,-15.22595],[-48.58904,-15.19673],[-48.61757,-15.17223],[-48.60827,-15.15293],[-48.58888,-15.15307],[-48.57124,-15.16841],[-48.5453,-15.17422],[-48.53224,-15.16312],[-48.49914,-15.15181],[-48.48866,-15.11708],[-48.42396,-15.08605],[-48.40475,-15.10496],[-48.36466,-15.08937],[-48.36047,-15.09907],[-48.33893,-15.09526],[-48.32269,-15.11234],[-48.30402,-15.09638],[-48.2861,-15.10108],[-48.26338,-15.11843],[-48.23168,-15.12767],[-48.23202,-15.1198],[-48.19877,-15.12708],[-48.16363,-15.1457],[-48.15477,-15.13436],[-48.11997,-15.14007],[-48.11416,-15.15353],[-48.09077,-15.1353],[-48.07694,-15.14256],[-48.05558,-15.13118],[-48.03803,-15.13802],[-48.01775,-15.13221],[-48.00619,-15.1151],[-47.99577,-15.11949],[-47.98441,-15.10171],[-47.96913,-15.10551],[-47.93208,-15.07298],[-47.91308,-15.08848],[-47.88488,-15.08548],[-47.8788,-15.09312],[-47.80986,-15.08939],[-47.77902,-15.06355],[-47.76009,-15.04084],[-47.74271,-15.04024],[-47.72049,-15.0173],[-47.68008,-15.03835],[-47.57335,-15.04664],[-47.57458,-14.96433],[-47.56396,-14.93724],[-47.54788,-14.92548],[-47.51604,-14.92297],[-47.49919,-14.90668],[-47.48977,-14.84216],[-47.47797,-14.8169],[-47.45219,-14.81601],[-47.42207,-14.82877],[-47.39202,-14.81611],[-47.37494,-14.81568],[-47.35964,-14.80265],[-47.35724,-14.77576],[-47.32525,-14.77229],[-47.30985,-14.75919],[-47.30437,-14.73068],[-47.28971,-14.70099],[-47.2771,-14.69188],[-47.2499,-14.69982],[-47.23102,-14.67937],[-47.2336,-14.64334],[-47.21535,-14.62642],[-47.22011,-14.60353],[-47.20399,-14.60699],[-47.20227,-14.57936],[-47.17727,-14.53913],[-47.15955,-14.55064],[-47.13247,-14.53603],[-47.09311,-14.54534],[-47.09516,-14.56311],[-47.0823,-14.56513],[-47.0891,-14.58263],[-47.07183,-14.59631],[-47.08605,-14.59901],[-47.0788,-14.61482],[-47.09036,-14.62611],[-47.08608,-14.64457],[-47.10133,-14.64844],[-47.1093,-14.66741],[-47.1015,-14.70169],[-47.11192,-14.70626],[-47.09519,-14.7194],[-47.09277,-14.75118],[-47.114,-14.77039],[-47.09755,-14.80328],[-47.08147,-14.79957],[-47.06699,-14.82622],[-47.07235,-14.83376],[-47.05427,-14.90242],[-46.98391,-14.91013],[-46.92463,-15.05706],[-46.9256,-15.07312],[-46.89733,-15.09377],[-46.88789,-15.11209],[-46.93691,-15.20457],[-46.94043,-15.23026],[-46.92722,-15.25465],[-46.90591,-15.23617],[-46.89105,-15.23481],[-46.88889,-15.2818],[-46.87347,-15.28491],[-46.83552,-15.3231],[-46.84752,-15.34631],[-46.86905,-15.36103],[-46.84905,-15.37272],[-46.91469,-15.41439],[-46.92919,-15.44109],[-46.932,-15.48272],[-46.94378,-15.51774],[-46.94866,-15.55415],[-46.91909,-15.58837],[-46.89663,-15.59273],[-46.88214,-15.60964],[-46.85365,-15.62017],[-46.85527,-15.68267],[-46.84202,-15.71422],[-46.82671,-15.72952],[-46.82701,-15.74881],[-46.81271,-15.78675],[-46.82279,-15.82418],[-46.80507,-15.85894],[-46.80846,-15.8827],[-46.82443,-15.88527],[-47.05236,-15.93746],[-47.08865,-15.96127],[-47.12522,-15.94334],[-47.13413,-15.94974],[-47.13474,-15.92771],[-47.16213,-15.94342],[-47.16435,-15.96422],[-47.18468,-15.98245],[-47.20736,-15.98701],[-47.21909,-16.01379],[-47.25364,-16.01874],[-47.28731,-16.00923],[-47.31069,-16.0327],[-47.3031,-16.05973],[-47.31532,-16.06688],[-47.31091,-16.08768],[-47.33671,-16.09314],[-47.33144,-16.10703],[-47.34957,-16.12878],[-47.34788,-16.15324],[-47.33152,-16.17129],[-47.33588,-16.20114],[-47.32202,-16.23086],[-47.3285,-16.24866],[-47.35042,-16.27429],[-47.35253,-16.30615],[-47.36584,-16.33105],[-47.40318,-16.37537],[-47.42674,-16.39371],[-47.42319,-16.41976],[-47.4314,-16.43969],[-47.45338,-16.46514],[-47.45938,-16.50153],[-47.44721,-16.51691],[-47.44397,-16.54031],[-47.4286,-16.55193],[-47.41307,-16.54767],[-47.41243,-16.57541],[-47.40041,-16.57183],[-47.3766,-16.5986],[-47.35643,-16.58828],[-47.33652,-16.59752],[-47.3339,-16.61668],[-47.32011,-16.60661],[-47.27787,-16.64776],[-47.2768,-16.65959],[-47.25939,-16.65451],[-47.24797,-16.67469],[-47.24526,-16.70052],[-47.22721,-16.71303],[-47.22265,-16.73096],[-47.23407,-16.74423],[-47.23046,-16.77496],[-47.21679,-16.77961],[-47.21847,-16.80918],[-47.21157,-16.8284],[-47.19309,-16.82475],[-47.20552,-16.83941],[-47.19957,-16.86107],[-47.20727,-16.8756],[-47.19274,-16.8827],[-47.19735,-16.90957],[-47.17922,-16.90245],[-47.15935,-16.92204],[-47.17394,-16.93243],[-47.15649,-16.94096],[-47.16615,-16.95218],[-47.15791,-16.96424],[-47.12569,-16.97905],[-47.14433,-17.00927],[-47.13235,-17.00488],[-47.1464,-17.0308],[-47.16113,-17.0289],[-47.16653,-17.04704],[-47.18401,-17.0355],[-47.18166,-17.0635],[-47.20893,-17.06772],[-47.23138,-17.08926],[-47.24729,-17.08131],[-47.24774,-17.0981],[-47.27421,-17.10364],[-47.28227,-17.14364],[-47.29538,-17.13817],[-47.30694,-17.15856],[-47.3106,-17.14586],[-47.33346,-17.16484],[-47.35155,-17.16604],[-47.36221,-17.22225],[-47.37424,-17.21587],[-47.38488,-17.22759],[-47.38672,-17.24889],[-47.39563,-17.24231],[-47.42246,-17.26011],[-47.43402,-17.27576],[-47.4191,-17.2919],[-47.43494,-17.31655],[-47.45444,-17.32928],[-47.44112,-17.34793],[-47.4596,-17.34369],[-47.48751,-17.34905],[-47.51077,-17.32512],[-47.49888,-17.30301]]]}},{"type":"Feature","properties":{"id":"62","phone_code":"62","phone_code_1_digit":"6"},"geometry":{"type":"Polygon","coordinates":[[[-51.87338,-15.79982],[-51.86001,-15.78959],[-51.82913,-15.73973],[-51.80331,-15.72286],[-51.80305,-15.70875],[-51.75734,-15.63551],[-51.75322,-15.60974],[-51.77717,-15.55382],[-51.77708,-15.53856],[-51.76139,-15.5312],[-51.75122,-15.55467],[-51.72719,-15.5501],[-51.73499,-15.51043],[-51.7042,-15.49626],[-51.6991,-15.4733],[-51.70794,-15.45604],[-51.69241,-15.43281],[-51.69716,-15.40955],[-51.67091,-15.37129],[-51.68578,-15.34548],[-51.68783,-15.30842],[-51.67833,-15.29022],[-51.64647,-15.26751],[-51.66755,-15.24591],[-51.65244,-15.20627],[-51.65163,-15.17944],[-51.62655,-15.16404],[-51.59853,-15.1563],[-51.57347,-15.11305],[-51.55228,-15.10546],[-51.53549,-15.06925],[-51.51191,-15.0542],[-51.47853,-15.05621],[-51.44122,-15.02967],[-51.42729,-15.0079],[-51.39789,-15.00304],[-51.37634,-15.01243],[-51.35682,-15.00206],[-51.33733,-14.97293],[-51.32261,-14.97132],[-51.30146,-14.98609],[-51.29817,-15.02191],[-51.29003,-15.03389],[-51.24214,-15.03496],[-51.1982,-15.00445],[-51.14975,-14.98259],[-51.14644,-14.95908],[-51.13136,-14.94014],[-51.08358,-14.9159],[-51.09108,-14.89141],[-51.08936,-14.84072],[-51.06791,-14.80987],[-51.04405,-14.79459],[-51.05419,-14.75575],[-51.04883,-14.73487],[-51.02674,-14.70636],[-51.03111,-14.67964],[-50.99113,-14.61236],[-50.99692,-14.57776],[-50.96238,-14.52658],[-50.97247,-14.50017],[-50.96776,-14.48187],[-50.98659,-14.45667],[-50.98613,-14.4371],[-50.99861,-14.4188],[-50.98675,-14.39353],[-50.98939,-14.36227],[-50.96883,-14.33349],[-50.97479,-14.29039],[-50.96177,-14.25042],[-50.91369,-14.17022],[-50.90989,-14.14909],[-50.91703,-14.11438],[-50.90433,-14.11273],[-50.8923,-14.12696],[-50.86793,-14.12472],[-50.84097,-14.10447],[-50.83125,-14.07224],[-50.85141,-14.0287],[-50.84877,-14.00033],[-50.86512,-13.97978],[-50.86227,-13.95649],[-50.84525,-13.94123],[-50.84094,-13.86374],[-50.85628,-13.83111],[-50.85337,-13.76532],[-50.87133,-13.73266],[-50.85599,-13.71541],[-50.8225,-13.71279],[-50.8035,-13.69053],[-50.78089,-13.61869],[-50.76803,-13.59661],[-50.76299,-13.52958],[-50.74461,-13.50716],[-50.6965,-13.4755],[-50.6837,-13.44373],[-50.665,-13.44185],[-50.66869,-13.39878],[-50.6652,-13.37571],[-50.64591,-13.36074],[-50.60675,-13.31043],[-50.60475,-13.27312],[-50.58731,-13.24811],[-50.58608,-13.21202],[-50.60293,-13.19644],[-50.59444,-13.16929],[-50.59869,-13.14304],[-50.58983,-13.1092],[-50.61125,-13.06393],[-50.57647,-13.05066],[-50.56872,-13.0387],[-50.58708,-13.02398],[-50.59255,-13.00243],[-50.55637,-13.00203],[-50.54178,-12.98277],[-50.52548,-12.97599],[-50.52566,-12.93948],[-50.51391,-12.90003],[-50.5018,-12.88281],[-50.51061,-12.86034],[-50.49502,-12.8416],[-50.49372,-12.81895],[-50.48439,-12.81153],[-50.49342,-12.78523],[-50.47531,-12.77166],[-50.48194,-12.73885],[-50.46785,-12.73566],[-50.47761,-12.70952],[-50.46133,-12.69385],[-50.43942,-12.69755],[-50.43211,-12.68957],[-50.44042,-12.65285],[-50.42692,-12.64204],[-50.41125,-12.64575],[-50.4182,-12.62417],[-50.39196,-12.61151],[-50.39836,-12.60174],[-50.38181,-12.57683],[-50.36825,-12.57409],[-50.36453,-12.54662],[-50.33083,-12.53506],[-50.32979,-12.5146],[-50.31369,-12.52111],[-50.31439,-12.4985],[-50.28303,-12.47932],[-50.26275,-12.47775],[-50.25345,-12.46187],[-50.22974,-12.45531],[-50.21188,-12.43669],[-50.18355,-12.43103],[-50.17095,-12.40764],[-50.14222,-12.3955],[-50.15777,-12.41194],[-50.15902,-12.42941],[-50.17931,-12.43946],[-50.1838,-12.45488],[-50.20481,-12.46543],[-50.21549,-12.48439],[-50.21944,-12.51718],[-50.22928,-12.53194],[-50.19272,-12.56388],[-50.22678,-12.58609],[-50.23775,-12.57916],[-50.24526,-12.59694],[-50.23653,-12.6236],[-50.25472,-12.62458],[-50.27248,-12.68277],[-50.29228,-12.68808],[-50.29914,-12.70623],[-50.28378,-12.71775],[-50.29505,-12.75306],[-50.30623,-12.76689],[-50.31083,-12.79812],[-50.30728,-12.81771],[-50.27515,-12.84342],[-50.22497,-12.86117],[-50.22467,-12.87387],[-50.18297,-12.89634],[-50.1602,-12.89323],[-50.14938,-12.9025],[-50.10926,-12.91098],[-50.07844,-12.90551],[-50.07081,-12.91755],[-50.04988,-12.92212],[-50.03847,-12.93484],[-50.0175,-12.92879],[-49.98933,-12.94554],[-49.97873,-12.93893],[-49.95232,-12.95937],[-49.93897,-12.9565],[-49.60821,-13.1427],[-49.36908,-13.27419],[-49.33989,-13.25346],[-49.34849,-13.21351],[-49.34441,-13.17689],[-49.35438,-13.15335],[-49.3415,-13.12678],[-49.35395,-13.10255],[-49.33702,-13.06586],[-49.30042,-13.02346],[-49.27527,-12.98027],[-49.27858,-12.96873],[-49.26702,-12.9442],[-49.25738,-12.94137],[-49.24603,-12.91647],[-49.24912,-12.90215],[-49.22813,-12.87749],[-49.2106,-12.87793],[-49.19266,-12.85669],[-49.1455,-12.81959],[-49.1365,-12.80047],[-49.12028,-12.7909],[-49.10578,-12.83568],[-49.06708,-12.84691],[-49.08725,-12.89109],[-49.07765,-12.90328],[-49.04962,-12.91251],[-49.03311,-12.90303],[-49.00947,-12.91625],[-49.00444,-12.93212],[-48.97519,-12.95676],[-48.87358,-12.80696],[-48.84633,-12.80937],[-48.84192,-12.84397],[-48.8205,-12.84387],[-48.81411,-12.8637],[-48.78558,-12.88015],[-48.74844,-12.91722],[-48.73613,-12.9206],[-48.73877,-12.94572],[-48.73028,-12.96109],[-48.7303,-12.98936],[-48.70696,-13.00426],[-48.68297,-12.99346],[-48.63983,-13.01352],[-48.62729,-13.05172],[-48.60097,-13.06045],[-48.60233,-13.07786],[-48.57666,-13.12524],[-48.59632,-13.1522],[-48.57846,-13.17298],[-48.58328,-13.18045],[-48.58287,-13.22172],[-48.60013,-13.2382],[-48.5872,-13.25432],[-48.6003,-13.2921],[-48.58597,-13.31718],[-48.55317,-13.30155],[-48.55417,-13.20454],[-48.52994,-13.19213],[-48.5208,-13.16634],[-48.52164,-13.14053],[-48.50833,-13.12848],[-48.48758,-13.14235],[-48.4755,-13.13416],[-48.46819,-13.16193],[-48.47713,-13.17828],[-48.47238,-13.20195],[-48.47484,-13.2353],[-48.4603,-13.24915],[-48.4598,-13.28033],[-48.43478,-13.28843],[-48.42941,-13.27115],[-48.41627,-13.27429],[-48.38524,-13.26564],[-48.36067,-13.24266],[-48.34178,-13.24935],[-48.34169,-13.22797],[-48.30855,-13.22649],[-48.2623,-13.1968],[-48.25045,-13.19656],[-48.23144,-13.16774],[-48.19319,-13.17215],[-48.19646,-13.16316],[-48.1735,-13.14767],[-48.16459,-13.15687],[-48.14621,-13.15158],[-48.16346,-13.18365],[-48.15289,-13.21924],[-48.16821,-13.24318],[-48.15605,-13.24984],[-48.1533,-13.27876],[-48.16937,-13.29892],[-48.15711,-13.31009],[-48.10633,-13.28736],[-48.08258,-13.28834],[-48.07869,-13.24252],[-48.05455,-13.23853],[-48.05203,-13.25539],[-48.03269,-13.25354],[-48.02213,-13.2794],[-47.98572,-13.27789],[-47.96589,-13.31482],[-47.94339,-13.30663],[-47.93544,-13.29029],[-47.89275,-13.30681],[-47.88846,-13.31761],[-47.84105,-13.31758],[-47.82355,-13.31143],[-47.80039,-13.33327],[-47.67855,-13.46728],[-47.6754,-13.4488],[-47.65699,-13.42826],[-47.6223,-13.36723],[-47.6497,-13.35081],[-47.66177,-13.30341],[-47.65638,-13.27647],[-47.64005,-13.26277],[-47.65419,-13.2199],[-47.66846,-13.20897],[-47.65491,-13.17744],[-47.66956,-13.16787],[-47.64342,-13.14535],[-47.64624,-13.12017],[-47.61755,-13.10427],[-47.56091,-13.12424],[-47.56764,-13.14767],[-47.56264,-13.1838],[-47.54097,-13.19193],[-47.52347,-13.1815],[-47.50602,-13.18945],[-47.47845,-13.18471],[-47.48542,-13.22024],[-47.46548,-13.22695],[-47.44794,-13.22192],[-47.43085,-13.2376],[-47.45466,-13.24894],[-47.43441,-13.26779],[-47.42526,-13.2893],[-47.41572,-13.26989],[-47.39198,-13.26192],[-47.39333,-13.24553],[-47.37267,-13.22812],[-47.35199,-13.2484],[-47.33722,-13.24589],[-47.32256,-13.25787],[-47.29411,-13.24849],[-47.28172,-13.26448],[-47.26742,-13.23794],[-47.24777,-13.22969],[-47.25111,-13.21195],[-47.22872,-13.19443],[-47.18242,-13.18767],[-47.184,-13.20427],[-47.1673,-13.2108],[-47.13548,-13.20297],[-47.13216,-13.17807],[-47.10773,-13.17993],[-47.09688,-13.17135],[-47.08692,-13.18199],[-47.08042,-13.16153],[-47.06135,-13.16094],[-47.04144,-13.1482],[-47.00931,-13.14039],[-47.00071,-13.12094],[-46.97844,-13.13114],[-46.97815,-13.12116],[-46.92867,-13.09245],[-46.92847,-13.08265],[-46.87861,-13.0484],[-46.86841,-13.06808],[-46.85455,-13.05522],[-46.81927,-13.00204],[-46.75018,-12.96872],[-46.45423,-12.97072],[-46.44559,-12.93581],[-46.43237,-12.93028],[-46.4172,-12.82303],[-46.39763,-12.8507],[-46.38327,-12.84854],[-46.36577,-12.86442],[-46.36158,-12.89002],[-46.3678,-12.90262],[-46.36416,-12.93106],[-46.3765,-12.96296],[-46.36345,-12.99078],[-46.33367,-12.98045],[-46.31119,-12.98035],[-46.22327,-12.95652],[-46.19413,-12.95624],[-46.17658,-12.93919],[-46.14862,-12.93658],[-46.11389,-12.91753],[-46.11279,-12.93296],[-46.12542,-12.96104],[-46.16582,-12.97553],[-46.21596,-13.00398],[-46.23188,-12.99507],[-46.27295,-13.01452],[-46.28027,-13.043],[-46.30116,-13.07569],[-46.32224,-13.09785],[-46.30919,-13.12243],[-46.2948,-13.12943],[-46.29321,-13.15092],[-46.30939,-13.15754],[-46.31405,-13.17765],[-46.30261,-13.18181],[-46.30407,-13.2051],[-46.32974,-13.25237],[-46.29817,-13.25324],[-46.29855,-13.28137],[-46.3155,-13.30274],[-46.28825,-13.31418],[-46.27896,-13.34746],[-46.23719,-13.33579],[-46.21778,-13.31679],[-46.20463,-13.31986],[-46.17188,-13.31184],[-46.08924,-13.2703],[-46.06344,-13.26085],[-46.04174,-13.27224],[-46.04805,-13.30876],[-46.09466,-13.33205],[-46.112,-13.35824],[-46.1336,-13.37479],[-46.16999,-13.38352],[-46.21394,-13.40028],[-46.24185,-13.42784],[-46.22533,-13.43403],[-46.20599,-13.46519],[-46.22536,-13.47649],[-46.21817,-13.50007],[-46.24091,-13.52509],[-46.23826,-13.55415],[-46.22807,-13.56852],[-46.18391,-13.56713],[-46.16154,-13.59049],[-46.1872,-13.61736],[-46.21427,-13.63151],[-46.2416,-13.65717],[-46.25555,-13.69345],[-46.23797,-13.70019],[-46.23748,-13.7158],[-46.26427,-13.73289],[-46.25483,-13.74829],[-46.23674,-13.74439],[-46.22316,-13.76902],[-46.27333,-13.78676],[-46.28202,-13.79605],[-46.26216,-13.80814],[-46.26914,-13.82841],[-46.24928,-13.83028],[-46.23324,-13.84518],[-46.23666,-13.85913],[-46.26174,-13.90218],[-46.26771,-13.94332],[-46.21538,-13.9812],[-46.21844,-14.00204],[-46.20958,-14.01241],[-46.22594,-14.04161],[-46.24799,-14.0561],[-46.23233,-14.05608],[-46.22478,-14.06918],[-46.24156,-14.09227],[-46.26536,-14.09752],[-46.21643,-14.11957],[-46.20177,-14.11918],[-46.19686,-14.14276],[-46.15088,-14.15998],[-46.1333,-14.1528],[-46.11772,-14.15992],[-46.11571,-14.18739],[-46.0958,-14.20505],[-46.06307,-14.19311],[-46.05218,-14.20439],[-46.0606,-14.23208],[-46.02613,-14.25595],[-45.99138,-14.26236],[-45.99488,-14.27846],[-45.96284,-14.28546],[-45.95363,-14.32491],[-45.92966,-14.35016],[-45.91316,-14.34676],[-45.91171,-14.37453],[-45.92568,-14.38575],[-45.92721,-14.40987],[-45.96159,-14.42804],[-45.99841,-14.42894],[-46.00858,-14.40579],[-46.01716,-14.41854],[-46.00041,-14.43409],[-46.01596,-14.46901],[-45.99679,-14.48702],[-46.00291,-14.51752],[-45.97666,-14.53839],[-45.98872,-14.54986],[-45.98488,-14.57311],[-46.0006,-14.60116],[-45.98441,-14.62037],[-45.99481,-14.63878],[-45.98933,-14.65874],[-46.02424,-14.66469],[-46.02888,-14.68032],[-46.00146,-14.71082],[-46.00654,-14.73077],[-46.00763,-14.79275],[-46.02291,-14.81757],[-46.0524,-14.83092],[-46.03221,-14.85622],[-46.03715,-14.87421],[-46.0517,-14.88364],[-46.06192,-14.90754],[-46.0791,-14.90455],[-46.08441,-14.93157],[-46.10997,-14.93657],[-46.11987,-14.91961],[-46.14532,-14.92607],[-46.16599,-14.908],[-46.16113,-14.9306],[-46.17512,-14.94898],[-46.20538,-14.93672],[-46.22404,-14.94129],[-46.23328,-14.92108],[-46.25658,-14.92847],[-46.28644,-14.9277],[-46.29424,-14.90817],[-46.31891,-14.89999],[-46.31774,-14.88281],[-46.30004,-14.85763],[-46.32449,-14.84734],[-46.32177,-14.81413],[-46.35458,-14.79376],[-46.36536,-14.79496],[-46.4041,-14.75989],[-46.42921,-14.75226],[-46.44693,-14.73123],[-46.46271,-14.73073],[-46.4686,-14.70777],[-46.50302,-14.70363],[-46.50708,-14.7317],[-46.54376,-14.75257],[-46.54281,-14.76824],[-46.56546,-14.78593],[-46.55837,-14.82063],[-46.53347,-14.82783],[-46.52113,-14.85073],[-46.52999,-14.88326],[-46.54227,-14.89805],[-46.54611,-14.925],[-46.54041,-14.95116],[-46.52058,-14.96695],[-46.51633,-14.98157],[-46.53038,-15.00483],[-46.52024,-15.01329],[-46.50217,-15.05181],[-46.51505,-15.06135],[-46.53157,-15.05595],[-46.5509,-15.06343],[-46.57487,-15.08318],[-46.62501,-15.08907],[-46.65598,-15.08106],[-46.68124,-15.05817],[-46.72928,-15.03728],[-46.78143,-15.01888],[-46.82944,-15.00882],[-46.85647,-15.00982],[-46.86374,-15.01994],[-46.91762,-15.04857],[-46.92463,-15.05706],[-46.98391,-14.91013],[-47.05427,-14.90242],[-47.07235,-14.83376],[-47.06699,-14.82622],[-47.08147,-14.79957],[-47.09755,-14.80328],[-47.114,-14.77039],[-47.09277,-14.75118],[-47.09519,-14.7194],[-47.11192,-14.70626],[-47.1015,-14.70169],[-47.1093,-14.66741],[-47.10133,-14.64844],[-47.08608,-14.64457],[-47.09036,-14.62611],[-47.0788,-14.61482],[-47.08605,-14.59901],[-47.07183,-14.59631],[-47.0891,-14.58263],[-47.0823,-14.56513],[-47.09516,-14.56311],[-47.09311,-14.54534],[-47.13247,-14.53603],[-47.15955,-14.55064],[-47.17727,-14.53913],[-47.20227,-14.57936],[-47.20399,-14.60699],[-47.22011,-14.60353],[-47.21535,-14.62642],[-47.2336,-14.64334],[-47.23102,-14.67937],[-47.2499,-14.69982],[-47.2771,-14.69188],[-47.28971,-14.70099],[-47.30437,-14.73068],[-47.30985,-14.75919],[-47.32525,-14.77229],[-47.35724,-14.77576],[-47.35964,-14.80265],[-47.37494,-14.81568],[-47.39202,-14.81611],[-47.42207,-14.82877],[-47.45219,-14.81601],[-47.47797,-14.8169],[-47.48977,-14.84216],[-47.49919,-14.90668],[-47.51604,-14.92297],[-47.54788,-14.92548],[-47.56396,-14.93724],[-47.57458,-14.96433],[-47.57335,-15.04664],[-47.68008,-15.03835],[-47.72049,-15.0173],[-47.74271,-15.04024],[-47.76009,-15.04084],[-47.77902,-15.06355],[-47.80986,-15.08939],[-47.8788,-15.09312],[-47.88488,-15.08548],[-47.91308,-15.08848],[-47.93208,-15.07298],[-47.96913,-15.10551],[-47.98441,-15.10171],[-47.99577,-15.11949],[-48.00619,-15.1151],[-48.01775,-15.13221],[-48.03803,-15.13802],[-48.05558,-15.13118],[-48.07694,-15.14256],[-48.09077,-15.1353],[-48.11416,-15.15353],[-48.11997,-15.14007],[-48.15477,-15.13436],[-48.16363,-15.1457],[-48.19877,-15.12708],[-48.23202,-15.1198],[-48.23168,-15.12767],[-48.26338,-15.11843],[-48.2861,-15.10108],[-48.30402,-15.09638],[-48.32269,-15.11234],[-48.33893,-15.09526],[-48.36047,-15.09907],[-48.36466,-15.08937],[-48.40475,-15.10496],[-48.42396,-15.08605],[-48.48866,-15.11708],[-48.49914,-15.15181],[-48.53224,-15.16312],[-48.5453,-15.17422],[-48.57124,-15.16841],[-48.58888,-15.15307],[-48.60827,-15.15293],[-48.61757,-15.17223],[-48.58904,-15.19673],[-48.58297,-15.22595],[-48.56138,-15.2403],[-48.57511,-15.26837],[-48.59463,-15.28854],[-48.58785,-15.31807],[-48.57569,-15.32705],[-48.5728,-15.35707],[-48.5923,-15.36381],[-48.57338,-15.37238],[-48.56035,-15.39924],[-48.56163,-15.43209],[-48.5693,-15.44491],[-48.55413,-15.45502],[-48.55805,-15.4667],[-48.58053,-15.48016],[-48.58069,-15.5081],[-48.59824,-15.53219],[-48.58013,-15.54516],[-48.57925,-15.55841],[-48.5458,-15.58248],[-48.54633,-15.6058],[-48.47866,-15.61893],[-48.46866,-15.62918],[-48.40166,-15.65249],[-48.38275,-15.62123],[-48.38424,-15.61093],[-48.3395,-15.63112],[-48.30869,-15.62124],[-48.28672,-15.63756],[-48.25521,-15.64637],[-48.25158,-15.65875],[-48.29875,-15.70959],[-48.31733,-15.71894],[-48.32827,-15.71302],[-48.34872,-15.72429],[-48.3564,-15.77531],[-48.35215,-15.79234],[-48.3691,-15.8028],[-48.38835,-15.85319],[-48.40519,-15.87372],[-48.41827,-15.90425],[-48.42271,-15.94786],[-48.40927,-15.97621],[-48.40072,-15.97405],[-48.37335,-15.99459],[-48.36624,-16.01462],[-48.36811,-16.0695],[-48.35688,-16.1044],[-48.3502,-16.15083],[-48.35352,-16.18561],[-48.37333,-16.20373],[-48.36241,-16.24097],[-48.32877,-16.25849],[-48.31979,-16.29899],[-48.32938,-16.32646],[-48.34005,-16.31706],[-48.36566,-16.323],[-48.37377,-16.30959],[-48.39824,-16.324],[-48.39577,-16.35882],[-48.40101,-16.38229],[-48.37563,-16.39836],[-48.35821,-16.4011],[-48.34116,-16.4437],[-48.30652,-16.45198],[-48.28705,-16.48335],[-48.26488,-16.49697],[-48.25426,-16.53543],[-48.22872,-16.6019],[-48.19477,-16.64094],[-48.18933,-16.67741],[-48.19427,-16.73455],[-48.22527,-16.74192],[-48.23863,-16.73439],[-48.25938,-16.7383],[-48.26485,-16.75446],[-48.25532,-16.77266],[-48.26391,-16.79589],[-48.30183,-16.80881],[-48.30261,-16.83009],[-48.34088,-16.86356],[-48.3633,-16.89185],[-48.36621,-16.91013],[-48.39871,-16.91925],[-48.41691,-16.93559],[-48.4503,-16.93132],[-48.47233,-16.95188],[-48.47354,-16.97868],[-48.49872,-17.01329],[-48.4983,-17.02275],[-48.52693,-17.05326],[-48.53663,-17.07632],[-48.5595,-17.09808],[-48.57213,-17.12891],[-48.60094,-17.11876],[-48.61649,-17.15221],[-48.6378,-17.165],[-48.64539,-17.18387],[-48.66918,-17.16729],[-48.70297,-17.15797],[-48.72416,-17.15839],[-48.77485,-17.17898],[-48.78771,-17.1937],[-48.81119,-17.15727],[-48.81113,-17.14446],[-48.83852,-17.09128],[-48.84463,-17.06203],[-48.85952,-17.05183],[-48.87927,-17.01617],[-48.92499,-17.02284],[-48.93585,-17.04262],[-48.93829,-17.08948],[-48.98198,-17.09207],[-49.01263,-17.06852],[-49.03499,-17.06637],[-49.05088,-17.05233],[-49.0831,-17.06069],[-49.10733,-17.07834],[-49.11966,-17.09623],[-49.10954,-17.13492],[-49.14438,-17.13039],[-49.17363,-17.12028],[-49.19146,-17.13684],[-49.21532,-17.09165],[-49.23124,-17.08209],[-49.29394,-17.10928],[-49.32033,-17.1307],[-49.36749,-17.14184],[-49.38658,-17.15595],[-49.42404,-17.15845],[-49.43613,-17.14438],[-49.4525,-17.14514],[-49.46157,-17.165],[-49.50694,-17.15091],[-49.5483,-17.1794],[-49.5636,-17.20163],[-49.58066,-17.20521],[-49.60318,-17.22792],[-49.63288,-17.22533],[-49.63169,-17.20141],[-49.6468,-17.18455],[-49.66583,-17.17721],[-49.65211,-17.15003],[-49.67499,-17.1462],[-49.68729,-17.1333],[-49.68464,-17.11286],[-49.69897,-17.10603],[-49.70452,-17.07602],[-49.72625,-17.06921],[-49.74785,-17.01427],[-49.74808,-16.98183],[-49.73978,-16.96733],[-49.7438,-16.9412],[-49.72588,-16.93218],[-49.74094,-16.89302],[-49.72919,-16.87026],[-49.7538,-16.8515],[-49.75889,-16.81542],[-49.78138,-16.78157],[-49.77955,-16.76394],[-49.76255,-16.74747],[-49.76521,-16.73333],[-49.74541,-16.69973],[-49.73361,-16.69428],[-49.73488,-16.67761],[-49.71811,-16.64587],[-49.72947,-16.64021],[-49.73208,-16.60734],[-49.72816,-16.57046],[-49.71591,-16.55629],[-49.6911,-16.50655],[-49.69633,-16.47131],[-49.7483,-16.46534],[-49.77313,-16.44897],[-49.76761,-16.4335],[-49.78799,-16.40807],[-49.80847,-16.40395],[-49.81983,-16.38104],[-49.80011,-16.36212],[-49.77441,-16.37103],[-49.74333,-16.36197],[-49.74877,-16.33894],[-49.76882,-16.30632],[-49.79833,-16.29908],[-49.82097,-16.27519],[-49.84514,-16.28234],[-49.87813,-16.27518],[-49.86627,-16.24989],[-49.87383,-16.22793],[-49.89741,-16.23004],[-49.91571,-16.21826],[-49.92555,-16.22617],[-49.96303,-16.21793],[-49.9716,-16.20098],[-49.99999,-16.20006],[-50.03191,-16.18203],[-50.03897,-16.12837],[-50.03094,-16.1013],[-50.03755,-16.09124],[-50.03005,-16.05642],[-50.0413,-16.02993],[-50.06133,-16.02891],[-50.08386,-16.04433],[-50.09702,-16.03321],[-50.16066,-16.06191],[-50.21241,-16.07845],[-50.22611,-16.07614],[-50.25692,-16.0938],[-50.28355,-16.09166],[-50.29641,-16.08292],[-50.33577,-16.09133],[-50.36697,-16.07528],[-50.43997,-16.10125],[-50.44335,-16.11692],[-50.4775,-16.11951],[-50.49,-16.14752],[-50.51806,-16.17486],[-50.53949,-16.17935],[-50.55697,-16.20114],[-50.59447,-16.23351],[-50.60887,-16.27568],[-50.59558,-16.30336],[-50.60458,-16.31931],[-50.61869,-16.31591],[-50.65408,-16.32198],[-50.67613,-16.33267],[-50.68297,-16.39022],[-50.68069,-16.41364],[-50.7105,-16.41107],[-50.7245,-16.3964],[-50.75325,-16.40188],[-50.75108,-16.35621],[-50.755,-16.34329],[-50.77963,-16.34674],[-50.79202,-16.32135],[-50.81222,-16.3155],[-50.81216,-16.28105],[-50.83486,-16.25784],[-50.83855,-16.23515],[-50.86667,-16.20404],[-50.90803,-16.20155],[-50.90969,-16.18455],[-50.93027,-16.17303],[-50.96325,-16.17277],[-50.9827,-16.16261],[-50.9938,-16.13056],[-51.00638,-16.11976],[-51.04861,-16.11843],[-51.0613,-16.10807],[-51.09403,-16.10207],[-51.12153,-16.0634],[-51.14452,-16.06449],[-51.16581,-16.04987],[-51.17255,-16.03031],[-51.2111,-16.03048],[-51.2021,-16.06973],[-51.22268,-16.08499],[-51.23214,-16.12027],[-51.22603,-16.13021],[-51.25619,-16.18375],[-51.27405,-16.16472],[-51.28469,-16.16888],[-51.30633,-16.20272],[-51.31986,-16.19452],[-51.36069,-16.21029],[-51.36847,-16.18917],[-51.38702,-16.18772],[-51.40328,-16.20617],[-51.44046,-16.19829],[-51.44377,-16.18236],[-51.42259,-16.16551],[-51.4447,-16.15205],[-51.43841,-16.14413],[-51.45722,-16.12684],[-51.48447,-16.11373],[-51.49838,-16.14182],[-51.53583,-16.15437],[-51.55319,-16.16853],[-51.56942,-16.16746],[-51.58814,-16.18877],[-51.63117,-16.17888],[-51.64663,-16.14915],[-51.64229,-16.13842],[-51.67375,-16.12945],[-51.69088,-16.10966],[-51.71645,-16.09497],[-51.72525,-16.07707],[-51.75236,-16.08908],[-51.76942,-16.07495],[-51.79763,-16.02937],[-51.82017,-16.03415],[-51.8283,-16.01986],[-51.81956,-16.00868],[-51.82725,-15.99027],[-51.85975,-15.97046],[-51.85289,-15.94596],[-51.84528,-15.95304],[-51.82133,-15.92484],[-51.83256,-15.91636],[-51.86316,-15.9117],[-51.851,-15.90619],[-51.84952,-15.88475],[-51.82983,-15.86657],[-51.84764,-15.85232],[-51.86589,-15.85922],[-51.87586,-15.8401],[-51.86467,-15.8267],[-51.87913,-15.82495],[-51.87338,-15.79982]]]}},{"type":"Feature","properties":{"id":"63","phone_code":"63","phone_code_1_digit":"6"},"geometry":{"type":"Polygon","coordinates":[[[-50.51989,-12.83597],[-50.53153,-12.8432],[-50.5665,-12.843],[-50.60083,-12.82255],[-50.58036,-12.80495],[-50.60286,-12.80004],[-50.62228,-12.81931],[-50.6249,-12.79959],[-50.61131,-12.77547],[-50.63554,-12.77143],[-50.6225,-12.73421],[-50.63675,-12.71936],[-50.62967,-12.7041],[-50.64466,-12.70181],[-50.65431,-12.67875],[-50.64589,-12.66337],[-50.65578,-12.64557],[-50.69923,-12.64735],[-50.70367,-12.59938],[-50.69397,-12.59225],[-50.67342,-12.59969],[-50.66897,-12.58034],[-50.68602,-12.56878],[-50.66325,-12.53701],[-50.65914,-12.50566],[-50.64556,-12.48169],[-50.65258,-12.45965],[-50.62312,-12.45486],[-50.6178,-12.42857],[-50.63222,-12.41668],[-50.62642,-12.38361],[-50.64385,-12.34724],[-50.63736,-12.32486],[-50.64846,-12.29867],[-50.62908,-12.28055],[-50.64948,-12.24873],[-50.64325,-12.22254],[-50.67822,-12.21843],[-50.68641,-12.20173],[-50.67872,-12.18766],[-50.67858,-12.15491],[-50.6699,-12.13718],[-50.67557,-12.12347],[-50.66717,-12.06414],[-50.68614,-12.04471],[-50.67739,-12.01909],[-50.68178,-11.99047],[-50.65638,-11.96643],[-50.65428,-11.94756],[-50.66744,-11.92735],[-50.64012,-11.90227],[-50.63883,-11.88415],[-50.66492,-11.86404],[-50.68585,-11.85857],[-50.68759,-11.82462],[-50.70013,-11.80305],[-50.70741,-11.76781],[-50.72114,-11.73129],[-50.66325,-11.67711],[-50.66417,-11.62619],[-50.65811,-11.5894],[-50.66963,-11.58117],[-50.71553,-11.57853],[-50.73848,-11.54409],[-50.73434,-11.5114],[-50.74161,-11.45449],[-50.72653,-11.41073],[-50.72806,-11.38215],[-50.71181,-11.35943],[-50.70664,-11.32775],[-50.69636,-11.30424],[-50.66965,-11.28417],[-50.65558,-11.23982],[-50.66408,-11.15424],[-50.65718,-11.1274],[-50.64343,-11.12277],[-50.63659,-11.10013],[-50.61714,-11.08539],[-50.609,-11.06703],[-50.61697,-11.03158],[-50.61979,-10.96849],[-50.63249,-10.93553],[-50.60034,-10.90027],[-50.6045,-10.87206],[-50.61859,-10.86368],[-50.62155,-10.839],[-50.60672,-10.80427],[-50.5929,-10.80229],[-50.58975,-10.78604],[-50.57013,-10.75209],[-50.58715,-10.68559],[-50.60237,-10.67335],[-50.60294,-10.65959],[-50.58211,-10.64367],[-50.56271,-10.61091],[-50.53678,-10.604],[-50.51928,-10.56207],[-50.52258,-10.54038],[-50.51634,-10.50513],[-50.48217,-10.48963],[-50.48741,-10.46756],[-50.47327,-10.40449],[-50.44783,-10.39116],[-50.44061,-10.37515],[-50.41804,-10.35519],[-50.42428,-10.3342],[-50.40677,-10.29044],[-50.39764,-10.254],[-50.3819,-10.22133],[-50.38895,-10.17452],[-50.39758,-10.16804],[-50.3917,-10.13362],[-50.36152,-10.09666],[-50.33939,-10.06053],[-50.312,-10.04525],[-50.29383,-10.0157],[-50.29022,-9.99041],[-50.27748,-9.97036],[-50.27849,-9.95484],[-50.26676,-9.93424],[-50.26383,-9.90809],[-50.24334,-9.87083],[-50.225,-9.85355],[-50.22436,-9.84074],[-50.20334,-9.79051],[-50.19745,-9.75842],[-50.15056,-9.6952],[-50.13961,-9.65409],[-50.13856,-9.62705],[-50.10692,-9.59387],[-50.10688,-9.5721],[-50.08911,-9.54528],[-50.1075,-9.50822],[-50.10489,-9.475],[-50.08967,-9.43119],[-50.06509,-9.40039],[-50.05239,-9.37227],[-50.05502,-9.33429],[-50.03734,-9.289],[-50.00456,-9.26835],[-49.99361,-9.23369],[-49.9657,-9.23046],[-49.94303,-9.20048],[-49.90725,-9.17342],[-49.90961,-9.15312],[-49.89643,-9.14327],[-49.86689,-9.09669],[-49.85117,-9.06503],[-49.84214,-9.02692],[-49.79322,-8.97903],[-49.77044,-8.93809],[-49.74464,-8.90576],[-49.72876,-8.89893],[-49.68391,-8.85607],[-49.59197,-8.83909],[-49.56157,-8.79659],[-49.543,-8.76099],[-49.48936,-8.69163],[-49.47092,-8.64769],[-49.45103,-8.61209],[-49.40944,-8.57957],[-49.40014,-8.5584],[-49.39105,-8.48938],[-49.37657,-8.45488],[-49.34897,-8.41797],[-49.29869,-8.39496],[-49.2758,-8.36328],[-49.24822,-8.25497],[-49.21541,-8.19381],[-49.20342,-8.13961],[-49.20689,-8.1221],[-49.19458,-8.07863],[-49.17628,-8.06111],[-49.17284,-8.0206],[-49.18159,-7.97656],[-49.1692,-7.95439],[-49.16234,-7.90013],[-49.16734,-7.85395],[-49.16447,-7.83247],[-49.14962,-7.81171],[-49.1603,-7.79097],[-49.19178,-7.78034],[-49.22072,-7.7612],[-49.23956,-7.74033],[-49.29609,-7.69604],[-49.32764,-7.6774],[-49.34121,-7.65687],[-49.38114,-7.56871],[-49.38352,-7.54576],[-49.37753,-7.49663],[-49.30822,-7.41991],[-49.22678,-7.31772],[-49.20635,-7.27033],[-49.18485,-7.23478],[-49.18276,-7.2142],[-49.19336,-7.12942],[-49.19141,-7.06617],[-49.20079,-7.00746],[-49.21701,-6.96108],[-49.20909,-6.92503],[-49.1715,-6.89254],[-49.15003,-6.88846],[-49.11483,-6.86956],[-49.04333,-6.81538],[-49.01845,-6.78382],[-48.96328,-6.77907],[-48.91342,-6.75698],[-48.84934,-6.74852],[-48.82097,-6.75354],[-48.77756,-6.7359],[-48.73645,-6.69239],[-48.68452,-6.67813],[-48.66442,-6.66237],[-48.65153,-6.63956],[-48.65178,-6.61166],[-48.66392,-6.57018],[-48.64496,-6.50722],[-48.61272,-6.45334],[-48.54014,-6.40045],[-48.50556,-6.35272],[-48.44728,-6.35079],[-48.42394,-6.35662],[-48.38603,-6.37977],[-48.37487,-6.34636],[-48.38444,-6.32411],[-48.41669,-6.2982],[-48.41855,-6.26785],[-48.436,-6.19301],[-48.4315,-6.17691],[-48.40784,-6.15301],[-48.36506,-6.14698],[-48.33144,-6.13496],[-48.30508,-6.11811],[-48.2834,-6.08394],[-48.30155,-6.04692],[-48.33383,-6.03565],[-48.33429,-6.00389],[-48.30665,-5.97445],[-48.25153,-5.95999],[-48.2312,-5.94575],[-48.23146,-5.91851],[-48.24517,-5.89585],[-48.27318,-5.86635],[-48.29134,-5.83321],[-48.29942,-5.78428],[-48.29412,-5.75629],[-48.27211,-5.72511],[-48.22475,-5.72752],[-48.17316,-5.70956],[-48.13911,-5.64717],[-48.13182,-5.61775],[-48.13772,-5.6023],[-48.1943,-5.56271],[-48.21217,-5.55385],[-48.26108,-5.54769],[-48.30028,-5.52262],[-48.32509,-5.49336],[-48.34065,-5.46668],[-48.34504,-5.43999],[-48.37306,-5.40235],[-48.38928,-5.39332],[-48.46416,-5.41191],[-48.51115,-5.42903],[-48.5571,-5.41633],[-48.59093,-5.42136],[-48.62869,-5.40967],[-48.65006,-5.38454],[-48.68012,-5.37838],[-48.73069,-5.37479],[-48.74562,-5.36872],[-48.75472,-5.34878],[-48.71169,-5.35263],[-48.69878,-5.31974],[-48.679,-5.30544],[-48.65103,-5.31105],[-48.62967,-5.33257],[-48.6057,-5.33612],[-48.5837,-5.31091],[-48.56814,-5.28255],[-48.55848,-5.22734],[-48.52089,-5.19297],[-48.48589,-5.19344],[-48.46572,-5.18506],[-48.36348,-5.168],[-48.32047,-5.201],[-48.29385,-5.20354],[-48.2345,-5.22792],[-48.20607,-5.2486],[-48.17811,-5.26039],[-48.11186,-5.26524],[-48.07884,-5.27468],[-48.05092,-5.26634],[-48.01853,-5.23944],[-48.00363,-5.23424],[-47.93356,-5.24057],[-47.88515,-5.26032],[-47.87405,-5.27055],[-47.86627,-5.30493],[-47.86532,-5.34506],[-47.84334,-5.37583],[-47.82712,-5.3862],[-47.76792,-5.37782],[-47.74389,-5.37975],[-47.66635,-5.4214],[-47.6182,-5.45934],[-47.58009,-5.46963],[-47.55494,-5.46535],[-47.49969,-5.52523],[-47.48284,-5.56451],[-47.48398,-5.59522],[-47.47328,-5.6616],[-47.49267,-5.70965],[-47.49295,-5.73014],[-47.4822,-5.75892],[-47.46813,-5.77551],[-47.44186,-5.8304],[-47.43064,-5.86882],[-47.43008,-5.93741],[-47.44756,-5.9926],[-47.42813,-6.03756],[-47.43405,-6.09271],[-47.41848,-6.16951],[-47.40105,-6.20886],[-47.38494,-6.23],[-47.3784,-6.27047],[-47.40897,-6.33167],[-47.40968,-6.36748],[-47.43239,-6.43491],[-47.41645,-6.48429],[-47.45607,-6.53788],[-47.46542,-6.61168],[-47.49822,-6.67084],[-47.49286,-6.68935],[-47.49676,-6.72063],[-47.49391,-6.75211],[-47.51865,-6.79724],[-47.5282,-6.83042],[-47.50661,-6.87162],[-47.5072,-6.9068],[-47.52915,-6.94562],[-47.52949,-6.97613],[-47.54451,-7.01237],[-47.57436,-7.04994],[-47.59681,-7.06301],[-47.618,-7.09077],[-47.6264,-7.11907],[-47.64403,-7.14322],[-47.65995,-7.15097],[-47.69364,-7.13657],[-47.70709,-7.13713],[-47.74123,-7.15961],[-47.75003,-7.18911],[-47.73465,-7.2185],[-47.69058,-7.2379],[-47.6535,-7.29781],[-47.63642,-7.30416],[-47.60695,-7.27173],[-47.58711,-7.26332],[-47.54247,-7.26499],[-47.50251,-7.29104],[-47.47778,-7.33636],[-47.48393,-7.36275],[-47.51226,-7.3863],[-47.56346,-7.40642],[-47.59051,-7.43912],[-47.56284,-7.4496],[-47.54996,-7.43918],[-47.51986,-7.43169],[-47.50428,-7.43624],[-47.49753,-7.47879],[-47.47986,-7.49173],[-47.47969,-7.52552],[-47.46105,-7.51888],[-47.42722,-7.52537],[-47.42493,-7.5414],[-47.43796,-7.55735],[-47.40845,-7.56238],[-47.39768,-7.57298],[-47.40375,-7.58674],[-47.38167,-7.59957],[-47.38686,-7.63473],[-47.38148,-7.65366],[-47.36467,-7.65543],[-47.35306,-7.64137],[-47.37184,-7.62164],[-47.35939,-7.61574],[-47.31378,-7.66022],[-47.3373,-7.66662],[-47.33109,-7.68482],[-47.30212,-7.68865],[-47.31228,-7.72971],[-47.27314,-7.73063],[-47.24048,-7.79363],[-47.24653,-7.80886],[-47.23414,-7.82351],[-47.20619,-7.83424],[-47.15361,-7.89352],[-47.14237,-7.89443],[-47.14067,-7.92488],[-47.12111,-7.92157],[-47.1155,-7.95218],[-47.10534,-7.9528],[-47.09737,-7.97969],[-47.10606,-7.9904],[-47.08401,-7.98807],[-47.06022,-8.01047],[-47.05311,-8.04131],[-47.04308,-8.05319],[-47.00165,-8.05723],[-46.9624,-8.03909],[-46.95298,-8.00624],[-46.90897,-7.98007],[-46.89579,-7.9865],[-46.87234,-7.95516],[-46.86589,-7.96892],[-46.85036,-7.95696],[-46.84352,-7.96493],[-46.81364,-7.95098],[-46.79973,-7.95502],[-46.74629,-7.9263],[-46.70803,-7.90952],[-46.67281,-7.91403],[-46.66015,-7.90016],[-46.65022,-7.90849],[-46.63089,-7.89833],[-46.60425,-7.89577],[-46.5577,-7.92573],[-46.55731,-7.93826],[-46.51831,-7.95867],[-46.48989,-7.98284],[-46.47654,-8.01181],[-46.47777,-8.05162],[-46.4662,-8.06579],[-46.47,-8.08434],[-46.48875,-8.09732],[-46.49155,-8.11523],[-46.51362,-8.1653],[-46.51114,-8.18097],[-46.48714,-8.19951],[-46.50869,-8.237],[-46.50717,-8.27036],[-46.54372,-8.31921],[-46.60639,-8.32803],[-46.63482,-8.31892],[-46.70639,-8.35113],[-46.72768,-8.38598],[-46.74961,-8.37359],[-46.76079,-8.37804],[-46.78201,-8.36768],[-46.78531,-8.39496],[-46.7983,-8.41236],[-46.79614,-8.44623],[-46.81511,-8.46995],[-46.83191,-8.46455],[-46.85066,-8.47575],[-46.84293,-8.52245],[-46.86242,-8.55868],[-46.91598,-8.59537],[-46.90354,-8.59536],[-46.91597,-8.648],[-46.89527,-8.65933],[-46.88653,-8.68608],[-46.91395,-8.70818],[-46.91361,-8.72204],[-46.93086,-8.72635],[-46.91689,-8.76203],[-46.90917,-8.76413],[-46.90238,-8.81413],[-46.91789,-8.84327],[-46.91772,-8.85659],[-46.94114,-8.85907],[-46.95647,-8.87408],[-46.97769,-8.86736],[-46.99317,-8.87983],[-46.96987,-8.91408],[-46.99426,-8.94512],[-47.01786,-8.95253],[-47.01276,-8.96639],[-47.02114,-8.98823],[-47.032,-8.98587],[-47.0482,-9.01524],[-47.04306,-9.02614],[-47.06831,-9.06347],[-47.03395,-9.06906],[-47.0,-9.08107],[-46.97552,-9.08131],[-46.94258,-9.06406],[-46.92292,-9.06525],[-46.91173,-9.08231],[-46.92867,-9.08293],[-46.92589,-9.13453],[-46.90631,-9.13508],[-46.89313,-9.12189],[-46.89189,-9.13792],[-46.86069,-9.14601],[-46.84739,-9.1676],[-46.85194,-9.18573],[-46.82739,-9.19386],[-46.81895,-9.20894],[-46.82847,-9.23968],[-46.81852,-9.25965],[-46.84664,-9.29201],[-46.83489,-9.30781],[-46.81286,-9.30435],[-46.79875,-9.33843],[-46.76789,-9.36509],[-46.75825,-9.38081],[-46.76581,-9.40293],[-46.74561,-9.41398],[-46.72289,-9.39595],[-46.69581,-9.39818],[-46.66555,-9.39151],[-46.63236,-9.41118],[-46.6475,-9.42673],[-46.64914,-9.44368],[-46.62717,-9.46531],[-46.60006,-9.47004],[-46.59281,-9.4821],[-46.57283,-9.47735],[-46.55878,-9.49258],[-46.57527,-9.51714],[-46.53633,-9.5567],[-46.57888,-9.58366],[-46.59197,-9.58679],[-46.59135,-9.60586],[-46.6057,-9.62975],[-46.61264,-9.6654],[-46.65083,-9.68963],[-46.647,-9.72994],[-46.63181,-9.74846],[-46.59572,-9.74684],[-46.56892,-9.76931],[-46.57924,-9.79593],[-46.56206,-9.81028],[-46.54197,-9.8099],[-46.51128,-9.7984],[-46.49322,-9.82701],[-46.49554,-9.84484],[-46.47991,-9.85484],[-46.49122,-9.86965],[-46.47248,-9.87702],[-46.47042,-9.89763],[-46.47819,-9.92345],[-46.4653,-9.93664],[-46.47659,-9.95233],[-46.47716,-9.98789],[-46.45666,-10.0176],[-46.457,-10.04686],[-46.44478,-10.07697],[-46.41702,-10.08316],[-46.38355,-10.11973],[-46.36747,-10.1684],[-46.32711,-10.18328],[-46.31266,-10.17241],[-46.27258,-10.1812],[-46.24041,-10.17147],[-46.20159,-10.17359],[-46.16528,-10.21273],[-46.13999,-10.20634],[-46.09931,-10.21248],[-46.05044,-10.18125],[-46.0236,-10.18194],[-46.0173,-10.23999],[-46.00363,-10.26124],[-45.99583,-10.2499],[-45.97353,-10.24795],[-45.94597,-10.25809],[-45.87744,-10.23892],[-45.8428,-10.25884],[-45.79333,-10.26725],[-45.74361,-10.23954],[-45.72641,-10.20668],[-45.73458,-10.17175],[-45.72246,-10.1549],[-45.69886,-10.16644],[-45.7055,-10.18786],[-45.69773,-10.21503],[-45.69567,-10.25727],[-45.71409,-10.28407],[-45.72363,-10.3168],[-45.75071,-10.35156],[-45.79705,-10.35229],[-45.82697,-10.36782],[-45.83044,-10.39365],[-45.81925,-10.41188],[-45.83389,-10.44017],[-45.86438,-10.43846],[-45.88722,-10.44876],[-45.90627,-10.47326],[-45.96167,-10.50929],[-45.97077,-10.52816],[-46.02461,-10.54236],[-46.02594,-10.56415],[-46.05946,-10.57407],[-46.05905,-10.59303],[-46.07666,-10.6067],[-46.09522,-10.60416],[-46.11158,-10.61805],[-46.15594,-10.62952],[-46.16917,-10.61945],[-46.21161,-10.65414],[-46.18647,-10.6867],[-46.19214,-10.7193],[-46.25101,-10.75665],[-46.2272,-10.76639],[-46.23344,-10.80436],[-46.2791,-10.82457],[-46.29694,-10.86684],[-46.283,-10.90633],[-46.31694,-10.92717],[-46.3283,-10.9422],[-46.36011,-10.96134],[-46.39852,-10.99397],[-46.40571,-11.01927],[-46.42132,-11.0355],[-46.44714,-11.0919],[-46.45295,-11.15577],[-46.47194,-11.19076],[-46.58164,-11.24635],[-46.60921,-11.2555],[-46.59923,-11.265],[-46.61552,-11.30178],[-46.60126,-11.34676],[-46.58589,-11.36605],[-46.54889,-11.38029],[-46.54847,-11.40797],[-46.52776,-11.42209],[-46.52642,-11.4656],[-46.51964,-11.48312],[-46.47889,-11.51597],[-46.44511,-11.51423],[-46.41677,-11.53875],[-46.35964,-11.53519],[-46.34583,-11.54445],[-46.31303,-11.53906],[-46.28946,-11.55093],[-46.25841,-11.55632],[-46.22577,-11.57079],[-46.21305,-11.59528],[-46.18663,-11.60571],[-46.16597,-11.59896],[-46.15803,-11.60681],[-46.12664,-11.60385],[-46.08625,-11.62171],[-46.08658,-11.64221],[-46.13175,-11.64601],[-46.15358,-11.65655],[-46.18663,-11.65486],[-46.22133,-11.6443],[-46.25586,-11.62075],[-46.31452,-11.63031],[-46.29364,-11.69233],[-46.30855,-11.70364],[-46.32895,-11.73687],[-46.36575,-11.74532],[-46.37047,-11.75989],[-46.34694,-11.75344],[-46.3223,-11.77031],[-46.33514,-11.78636],[-46.33119,-11.80253],[-46.35049,-11.82181],[-46.35497,-11.84182],[-46.373,-11.83625],[-46.37416,-11.86817],[-46.36506,-11.88401],[-46.35086,-11.88213],[-46.31755,-11.89806],[-46.28458,-11.88551],[-46.23771,-11.90218],[-46.213,-11.89818],[-46.18897,-11.88346],[-46.17084,-11.90057],[-46.19214,-11.92907],[-46.21009,-11.92997],[-46.24755,-11.9471],[-46.29506,-11.94883],[-46.32293,-11.95734],[-46.35577,-11.98105],[-46.37319,-12.01504],[-46.395,-12.02585],[-46.39744,-12.03991],[-46.38142,-12.0525],[-46.38519,-12.09199],[-46.36766,-12.09829],[-46.36964,-12.13427],[-46.3803,-12.17897],[-46.39057,-12.19345],[-46.36821,-12.19937],[-46.35943,-12.22361],[-46.36605,-12.24104],[-46.38071,-12.24844],[-46.36571,-12.26622],[-46.37395,-12.28938],[-46.32895,-12.29768],[-46.32474,-12.30801],[-46.34584,-12.31443],[-46.35197,-12.33697],[-46.34008,-12.33649],[-46.32431,-12.35569],[-46.31247,-12.35592],[-46.28524,-12.37862],[-46.30428,-12.4051],[-46.30061,-12.41535],[-46.26452,-12.41223],[-46.24741,-12.4385],[-46.25438,-12.49388],[-46.22744,-12.49792],[-46.18644,-12.47712],[-46.1593,-12.47406],[-46.16163,-12.49512],[-46.15156,-12.51342],[-46.16022,-12.52814],[-46.2013,-12.52985],[-46.25838,-12.54718],[-46.26592,-12.57191],[-46.27952,-12.58447],[-46.27279,-12.59354],[-46.28977,-12.63132],[-46.26101,-12.64597],[-46.25642,-12.65565],[-46.29283,-12.69239],[-46.2645,-12.71651],[-46.26714,-12.73882],[-46.27992,-12.75028],[-46.27457,-12.77452],[-46.28283,-12.7831],[-46.28044,-12.80549],[-46.26189,-12.83124],[-46.2923,-12.85898],[-46.28577,-12.89478],[-46.29714,-12.90685],[-46.29199,-12.91912],[-46.30437,-12.94944],[-46.26633,-12.93191],[-46.2201,-12.94013],[-46.19771,-12.92487],[-46.13854,-12.90895],[-46.11389,-12.91753],[-46.14862,-12.93658],[-46.17658,-12.93919],[-46.19413,-12.95624],[-46.22327,-12.95652],[-46.31119,-12.98035],[-46.33367,-12.98045],[-46.36345,-12.99078],[-46.3765,-12.96296],[-46.36416,-12.93106],[-46.3678,-12.90262],[-46.36158,-12.89002],[-46.36577,-12.86442],[-46.38327,-12.84854],[-46.39763,-12.8507],[-46.4172,-12.82303],[-46.43237,-12.93028],[-46.44559,-12.93581],[-46.45423,-12.97072],[-46.75018,-12.96872],[-46.81927,-13.00204],[-46.85455,-13.05522],[-46.86841,-13.06808],[-46.87861,-13.0484],[-46.92847,-13.08265],[-46.92867,-13.09245],[-46.97815,-13.12116],[-46.97844,-13.13114],[-47.00071,-13.12094],[-47.00931,-13.14039],[-47.04144,-13.1482],[-47.06135,-13.16094],[-47.08042,-13.16153],[-47.08692,-13.18199],[-47.09688,-13.17135],[-47.10773,-13.17993],[-47.13216,-13.17807],[-47.13548,-13.20297],[-47.1673,-13.2108],[-47.184,-13.20427],[-47.18242,-13.18767],[-47.22872,-13.19443],[-47.25111,-13.21195],[-47.24777,-13.22969],[-47.26742,-13.23794],[-47.28172,-13.26448],[-47.29411,-13.24849],[-47.32256,-13.25787],[-47.33722,-13.24589],[-47.35199,-13.2484],[-47.37267,-13.22812],[-47.39333,-13.24553],[-47.39198,-13.26192],[-47.41572,-13.26989],[-47.42526,-13.2893],[-47.43441,-13.26779],[-47.45466,-13.24894],[-47.43085,-13.2376],[-47.44794,-13.22192],[-47.46548,-13.22695],[-47.48542,-13.22024],[-47.47845,-13.18471],[-47.50602,-13.18945],[-47.52347,-13.1815],[-47.54097,-13.19193],[-47.56264,-13.1838],[-47.56764,-13.14767],[-47.56091,-13.12424],[-47.61755,-13.10427],[-47.64624,-13.12017],[-47.64342,-13.14535],[-47.66956,-13.16787],[-47.65491,-13.17744],[-47.66846,-13.20897],[-47.65419,-13.2199],[-47.64005,-13.26277],[-47.65638,-13.27647],[-47.66177,-13.30341],[-47.6497,-13.35081],[-47.6223,-13.36723],[-47.65699,-13.42826],[-47.6754,-13.4488],[-47.67855,-13.46728],[-47.80039,-13.33327],[-47.82355,-13.31143],[-47.84105,-13.31758],[-47.88846,-13.31761],[-47.89275,-13.30681],[-47.93544,-13.29029],[-47.94339,-13.30663],[-47.96589,-13.31482],[-47.98572,-13.27789],[-48.02213,-13.2794],[-48.03269,-13.25354],[-48.05203,-13.25539],[-48.05455,-13.23853],[-48.07869,-13.24252],[-48.08258,-13.28834],[-48.10633,-13.28736],[-48.15711,-13.31009],[-48.16937,-13.29892],[-48.1533,-13.27876],[-48.15605,-13.24984],[-48.16821,-13.24318],[-48.15289,-13.21924],[-48.16346,-13.18365],[-48.14621,-13.15158],[-48.16459,-13.15687],[-48.1735,-13.14767],[-48.19646,-13.16316],[-48.19319,-13.17215],[-48.23144,-13.16774],[-48.25045,-13.19656],[-48.2623,-13.1968],[-48.30855,-13.22649],[-48.34169,-13.22797],[-48.34178,-13.24935],[-48.36067,-13.24266],[-48.38524,-13.26564],[-48.41627,-13.27429],[-48.42941,-13.27115],[-48.43478,-13.28843],[-48.4598,-13.28033],[-48.4603,-13.24915],[-48.47484,-13.2353],[-48.47238,-13.20195],[-48.47713,-13.17828],[-48.46819,-13.16193],[-48.4755,-13.13416],[-48.48758,-13.14235],[-48.50833,-13.12848],[-48.52164,-13.14053],[-48.5208,-13.16634],[-48.52994,-13.19213],[-48.55417,-13.20454],[-48.55317,-13.30155],[-48.58597,-13.31718],[-48.6003,-13.2921],[-48.5872,-13.25432],[-48.60013,-13.2382],[-48.58287,-13.22172],[-48.58328,-13.18045],[-48.57846,-13.17298],[-48.59632,-13.1522],[-48.57666,-13.12524],[-48.60233,-13.07786],[-48.60097,-13.06045],[-48.62729,-13.05172],[-48.63983,-13.01352],[-48.68297,-12.99346],[-48.70696,-13.00426],[-48.7303,-12.98936],[-48.73028,-12.96109],[-48.73877,-12.94572],[-48.73613,-12.9206],[-48.74844,-12.91722],[-48.78558,-12.88015],[-48.81411,-12.8637],[-48.8205,-12.84387],[-48.84192,-12.84397],[-48.84633,-12.80937],[-48.87358,-12.80696],[-48.97519,-12.95676],[-49.00444,-12.93212],[-49.00947,-12.91625],[-49.03311,-12.90303],[-49.04962,-12.91251],[-49.07765,-12.90328],[-49.08725,-12.89109],[-49.06708,-12.84691],[-49.10578,-12.83568],[-49.12028,-12.7909],[-49.1365,-12.80047],[-49.1455,-12.81959],[-49.19266,-12.85669],[-49.2106,-12.87793],[-49.22813,-12.87749],[-49.24912,-12.90215],[-49.24603,-12.91647],[-49.25738,-12.94137],[-49.26702,-12.9442],[-49.27858,-12.96873],[-49.27527,-12.98027],[-49.30042,-13.02346],[-49.33702,-13.06586],[-49.35395,-13.10255],[-49.3415,-13.12678],[-49.35438,-13.15335],[-49.34441,-13.17689],[-49.34849,-13.21351],[-49.33989,-13.25346],[-49.36908,-13.27419],[-49.60821,-13.1427],[-49.93897,-12.9565],[-49.95232,-12.95937],[-49.97873,-12.93893],[-49.98933,-12.94554],[-50.0175,-12.92879],[-50.03847,-12.93484],[-50.04988,-12.92212],[-50.07081,-12.91755],[-50.07844,-12.90551],[-50.10926,-12.91098],[-50.14938,-12.9025],[-50.1602,-12.89323],[-50.18297,-12.89634],[-50.22467,-12.87387],[-50.22497,-12.86117],[-50.27515,-12.84342],[-50.30728,-12.81771],[-50.31083,-12.79812],[-50.30623,-12.76689],[-50.29505,-12.75306],[-50.28378,-12.71775],[-50.29914,-12.70623],[-50.29228,-12.68808],[-50.27248,-12.68277],[-50.25472,-12.62458],[-50.23653,-12.6236],[-50.24526,-12.59694],[-50.23775,-12.57916],[-50.22678,-12.58609],[-50.19272,-12.56388],[-50.22928,-12.53194],[-50.21944,-12.51718],[-50.21549,-12.48439],[-50.20481,-12.46543],[-50.1838,-12.45488],[-50.17931,-12.43946],[-50.15902,-12.42941],[-50.15777,-12.41194],[-50.14222,-12.3955],[-50.17095,-12.40764],[-50.18355,-12.43103],[-50.21188,-12.43669],[-50.22974,-12.45531],[-50.25345,-12.46187],[-50.26275,-12.47775],[-50.28303,-12.47932],[-50.31439,-12.4985],[-50.31369,-12.52111],[-50.32979,-12.5146],[-50.33083,-12.53506],[-50.36453,-12.54662],[-50.36825,-12.57409],[-50.38181,-12.57683],[-50.39836,-12.60174],[-50.39196,-12.61151],[-50.4182,-12.62417],[-50.41125,-12.64575],[-50.42692,-12.64204],[-50.44042,-12.65285],[-50.43211,-12.68957],[-50.43942,-12.69755],[-50.46133,-12.69385],[-50.47761,-12.70952],[-50.46785,-12.73566],[-50.48194,-12.73885],[-50.47531,-12.77166],[-50.49342,-12.78523],[-50.48439,-12.81153],[-50.49372,-12.81895],[-50.49502,-12.8416],[-50.51061,-12.86034],[-50.51989,-12.83597]]]}},{"type":"Feature","properties":{"id":"64","phone_code":"64","phone_code_1_digit":"6"},"geometry":{"type":"Polygon","coordinates":[[[-50.95166,-19.44218],[-50.98483,-19.43092],[-50.98458,-19.40996],[-51.00435,-19.41266],[-51.00565,-19.39863],[-51.0318,-19.39744],[-51.0205,-19.38944],[-51.03218,-19.36151],[-51.05735,-19.32899],[-51.08749,-19.30787],[-51.1256,-19.303],[-51.14335,-19.28675],[-51.18002,-19.28308],[-51.18747,-19.26809],[-51.2238,-19.25773],[-51.25174,-19.27362],[-51.27428,-19.26166],[-51.29749,-19.23833],[-51.30733,-19.21807],[-51.33519,-19.2218],[-51.34352,-19.21347],[-51.36596,-19.22191],[-51.37463,-19.19418],[-51.39507,-19.19563],[-51.42,-19.16608],[-51.45779,-19.16711],[-51.47354,-19.1538],[-51.49344,-19.16254],[-51.501,-19.14732],[-51.55411,-19.13202],[-51.59202,-19.12696],[-51.60872,-19.14042],[-51.63916,-19.12697],[-51.65747,-19.13746],[-51.70539,-19.10621],[-51.72822,-19.10777],[-51.74272,-19.08738],[-51.76016,-19.08817],[-51.81789,-19.05313],[-51.85447,-19.05102],[-51.89075,-19.01652],[-51.89833,-18.99373],[-51.93985,-18.96752],[-51.97772,-18.98036],[-51.98091,-18.97078],[-52.01397,-18.97296],[-52.04475,-18.95005],[-52.08088,-18.95045],[-52.10852,-18.91849],[-52.10575,-18.90545],[-52.14758,-18.89347],[-52.16552,-18.86506],[-52.1865,-18.84543],[-52.20747,-18.84968],[-52.21883,-18.8421],[-52.251,-18.83913],[-52.2643,-18.83023],[-52.29447,-18.82883],[-52.30855,-18.83926],[-52.3439,-18.82197],[-52.35355,-18.79975],[-52.36931,-18.7988],[-52.37789,-18.78348],[-52.40936,-18.75453],[-52.44864,-18.69051],[-52.52131,-18.66887],[-52.53077,-18.65757],[-52.55255,-18.65654],[-52.59238,-18.68944],[-52.64288,-18.68799],[-52.68086,-18.67823],[-52.71954,-18.69131],[-52.74912,-18.69032],[-52.76542,-18.68071],[-52.78625,-18.68085],[-52.80895,-18.66653],[-52.82717,-18.67144],[-52.873,-18.64574],[-52.91627,-18.63984],[-52.91383,-18.61937],[-52.93938,-18.61281],[-52.93397,-18.59866],[-52.96444,-18.54958],[-52.9448,-18.5193],[-52.91527,-18.50845],[-52.9063,-18.48506],[-52.88047,-18.46504],[-52.87484,-18.42829],[-52.79803,-18.41441],[-52.78558,-18.38986],[-52.76142,-18.37086],[-52.7587,-18.34916],[-52.78698,-18.32014],[-52.8203,-18.31028],[-52.87272,-18.31439],[-52.93474,-18.29611],[-52.97861,-18.30427],[-53.01345,-18.32569],[-53.02433,-18.35016],[-53.06945,-18.34243],[-53.10066,-18.31038],[-53.10155,-18.27217],[-53.10984,-18.24761],[-53.10972,-18.21907],[-53.12925,-18.16026],[-53.12853,-18.13804],[-53.14275,-18.08139],[-53.12316,-18.05838],[-53.07523,-18.05035],[-53.0715,-18.03902],[-53.06956,-17.98547],[-53.1,-17.93637],[-53.13096,-17.91645],[-53.12712,-17.89957],[-53.14253,-17.87122],[-53.13591,-17.83661],[-53.16297,-17.79507],[-53.15916,-17.78639],[-53.17686,-17.75542],[-53.20034,-17.7303],[-53.23731,-17.71401],[-53.25072,-17.61863],[-53.23819,-17.58943],[-53.2475,-17.55843],[-53.24108,-17.49244],[-53.22347,-17.45756],[-53.22992,-17.42624],[-53.20608,-17.40143],[-53.20911,-17.38518],[-53.197,-17.38091],[-53.2046,-17.33287],[-53.21713,-17.32651],[-53.20836,-17.31412],[-53.21816,-17.29886],[-53.19545,-17.2762],[-53.19763,-17.25958],[-53.18544,-17.25721],[-53.15581,-17.18818],[-53.15694,-17.1702],[-53.14192,-17.17064],[-53.12766,-17.1542],[-53.11506,-17.1253],[-53.11864,-17.11278],[-53.08428,-17.09467],[-53.08072,-17.07904],[-53.05553,-17.06992],[-53.06548,-17.03852],[-53.06215,-17.01242],[-53.04944,-16.99239],[-53.05467,-16.963],[-53.03364,-16.94082],[-53.03914,-16.91151],[-53.01844,-16.89822],[-53.01084,-16.85757],[-53.00567,-16.86374],[-52.96374,-16.86623],[-52.94416,-16.85581],[-52.9525,-16.84148],[-52.92663,-16.84058],[-52.94395,-16.81271],[-52.92569,-16.8049],[-52.92611,-16.81793],[-52.90719,-16.80983],[-52.8818,-16.77567],[-52.86689,-16.78078],[-52.85848,-16.76749],[-52.83189,-16.77189],[-52.80692,-16.74098],[-52.7855,-16.74075],[-52.78848,-16.7201],[-52.77922,-16.70753],[-52.76127,-16.70584],[-52.77078,-16.66807],[-52.73995,-16.65636],[-52.74638,-16.63027],[-52.72406,-16.64633],[-52.71522,-16.63882],[-52.72561,-16.61419],[-52.74034,-16.60347],[-52.72579,-16.58617],[-52.70492,-16.59864],[-52.70714,-16.57468],[-52.68978,-16.58381],[-52.67022,-16.58158],[-52.67342,-16.56862],[-52.66222,-16.55061],[-52.65078,-16.56104],[-52.62567,-16.53301],[-52.63708,-16.50247],[-52.61661,-16.50412],[-52.60502,-16.48576],[-52.60391,-16.46422],[-52.63808,-16.43664],[-52.65003,-16.40823],[-52.67616,-16.41187],[-52.68792,-16.39586],[-52.67756,-16.38125],[-52.6925,-16.3679],[-52.68183,-16.34309],[-52.68645,-16.31504],[-52.65658,-16.27972],[-52.62303,-16.28693],[-52.61032,-16.27192],[-52.58693,-16.26881],[-52.57594,-16.24951],[-52.56186,-16.26461],[-52.545,-16.25952],[-52.56791,-16.23448],[-52.56623,-16.22462],[-52.54458,-16.22269],[-52.54814,-16.16468],[-52.52661,-16.15577],[-52.51305,-16.13349],[-52.50025,-16.14226],[-52.488,-16.1303],[-52.45795,-16.12705],[-52.43703,-16.10967],[-52.3993,-16.09382],[-52.37464,-16.09795],[-52.36711,-16.08403],[-52.34978,-16.0835],[-52.32761,-16.07016],[-52.32289,-16.03714],[-52.31,-16.00696],[-52.28966,-15.98492],[-52.28859,-15.96566],[-52.26483,-15.94654],[-52.25542,-15.93009],[-52.25216,-15.89222],[-52.21503,-15.89016],[-52.19067,-15.88133],[-52.12806,-15.89451],[-52.10925,-15.88164],[-52.09685,-15.88821],[-52.07878,-15.88003],[-52.05763,-15.88697],[-52.0101,-15.88514],[-51.99588,-15.87264],[-51.98281,-15.84354],[-51.95366,-15.83722],[-51.94836,-15.80995],[-51.91156,-15.81313],[-51.88977,-15.83155],[-51.87913,-15.82495],[-51.86467,-15.8267],[-51.87586,-15.8401],[-51.86589,-15.85922],[-51.84764,-15.85232],[-51.82983,-15.86657],[-51.84952,-15.88475],[-51.851,-15.90619],[-51.86316,-15.9117],[-51.83256,-15.91636],[-51.82133,-15.92484],[-51.84528,-15.95304],[-51.85289,-15.94596],[-51.85975,-15.97046],[-51.82725,-15.99027],[-51.81956,-16.00868],[-51.8283,-16.01986],[-51.82017,-16.03415],[-51.79763,-16.02937],[-51.76942,-16.07495],[-51.75236,-16.08908],[-51.72525,-16.07707],[-51.71645,-16.09497],[-51.69088,-16.10966],[-51.67375,-16.12945],[-51.64229,-16.13842],[-51.64663,-16.14915],[-51.63117,-16.17888],[-51.58814,-16.18877],[-51.56942,-16.16746],[-51.55319,-16.16853],[-51.53583,-16.15437],[-51.49838,-16.14182],[-51.48447,-16.11373],[-51.45722,-16.12684],[-51.43841,-16.14413],[-51.4447,-16.15205],[-51.42259,-16.16551],[-51.44377,-16.18236],[-51.44046,-16.19829],[-51.40328,-16.20617],[-51.38702,-16.18772],[-51.36847,-16.18917],[-51.36069,-16.21029],[-51.31986,-16.19452],[-51.30633,-16.20272],[-51.28469,-16.16888],[-51.27405,-16.16472],[-51.25619,-16.18375],[-51.22603,-16.13021],[-51.23214,-16.12027],[-51.22268,-16.08499],[-51.2021,-16.06973],[-51.2111,-16.03048],[-51.17255,-16.03031],[-51.16581,-16.04987],[-51.14452,-16.06449],[-51.12153,-16.0634],[-51.09403,-16.10207],[-51.0613,-16.10807],[-51.04861,-16.11843],[-51.00638,-16.11976],[-50.9938,-16.13056],[-50.9827,-16.16261],[-50.96325,-16.17277],[-50.93027,-16.17303],[-50.90969,-16.18455],[-50.90803,-16.20155],[-50.86667,-16.20404],[-50.83855,-16.23515],[-50.83486,-16.25784],[-50.81216,-16.28105],[-50.81222,-16.3155],[-50.79202,-16.32135],[-50.77963,-16.34674],[-50.755,-16.34329],[-50.75108,-16.35621],[-50.75325,-16.40188],[-50.7245,-16.3964],[-50.7105,-16.41107],[-50.68069,-16.41364],[-50.68297,-16.39022],[-50.67613,-16.33267],[-50.65408,-16.32198],[-50.61869,-16.31591],[-50.60458,-16.31931],[-50.59558,-16.30336],[-50.60887,-16.27568],[-50.59447,-16.23351],[-50.55697,-16.20114],[-50.53949,-16.17935],[-50.51806,-16.17486],[-50.49,-16.14752],[-50.4775,-16.11951],[-50.44335,-16.11692],[-50.43997,-16.10125],[-50.36697,-16.07528],[-50.33577,-16.09133],[-50.29641,-16.08292],[-50.28355,-16.09166],[-50.25692,-16.0938],[-50.22611,-16.07614],[-50.21241,-16.07845],[-50.16066,-16.06191],[-50.09702,-16.03321],[-50.08386,-16.04433],[-50.06133,-16.02891],[-50.0413,-16.02993],[-50.03005,-16.05642],[-50.03755,-16.09124],[-50.03094,-16.1013],[-50.03897,-16.12837],[-50.03191,-16.18203],[-49.99999,-16.20006],[-49.9716,-16.20098],[-49.96303,-16.21793],[-49.92555,-16.22617],[-49.91571,-16.21826],[-49.89741,-16.23004],[-49.87383,-16.22793],[-49.86627,-16.24989],[-49.87813,-16.27518],[-49.84514,-16.28234],[-49.82097,-16.27519],[-49.79833,-16.29908],[-49.76882,-16.30632],[-49.74877,-16.33894],[-49.74333,-16.36197],[-49.77441,-16.37103],[-49.80011,-16.36212],[-49.81983,-16.38104],[-49.80847,-16.40395],[-49.78799,-16.40807],[-49.76761,-16.4335],[-49.77313,-16.44897],[-49.7483,-16.46534],[-49.69633,-16.47131],[-49.6911,-16.50655],[-49.71591,-16.55629],[-49.72816,-16.57046],[-49.73208,-16.60734],[-49.72947,-16.64021],[-49.71811,-16.64587],[-49.73488,-16.67761],[-49.73361,-16.69428],[-49.74541,-16.69973],[-49.76521,-16.73333],[-49.76255,-16.74747],[-49.77955,-16.76394],[-49.78138,-16.78157],[-49.75889,-16.81542],[-49.7538,-16.8515],[-49.72919,-16.87026],[-49.74094,-16.89302],[-49.72588,-16.93218],[-49.7438,-16.9412],[-49.73978,-16.96733],[-49.74808,-16.98183],[-49.74785,-17.01427],[-49.72625,-17.06921],[-49.70452,-17.07602],[-49.69897,-17.10603],[-49.68464,-17.11286],[-49.68729,-17.1333],[-49.67499,-17.1462],[-49.65211,-17.15003],[-49.66583,-17.17721],[-49.6468,-17.18455],[-49.63169,-17.20141],[-49.63288,-17.22533],[-49.60318,-17.22792],[-49.58066,-17.20521],[-49.5636,-17.20163],[-49.5483,-17.1794],[-49.50694,-17.15091],[-49.46157,-17.165],[-49.4525,-17.14514],[-49.43613,-17.14438],[-49.42404,-17.15845],[-49.38658,-17.15595],[-49.36749,-17.14184],[-49.32033,-17.1307],[-49.29394,-17.10928],[-49.23124,-17.08209],[-49.21532,-17.09165],[-49.19146,-17.13684],[-49.17363,-17.12028],[-49.14438,-17.13039],[-49.10954,-17.13492],[-49.11966,-17.09623],[-49.10733,-17.07834],[-49.0831,-17.06069],[-49.05088,-17.05233],[-49.03499,-17.06637],[-49.01263,-17.06852],[-48.98198,-17.09207],[-48.93829,-17.08948],[-48.93585,-17.04262],[-48.92499,-17.02284],[-48.87927,-17.01617],[-48.85952,-17.05183],[-48.84463,-17.06203],[-48.83852,-17.09128],[-48.81113,-17.14446],[-48.81119,-17.15727],[-48.78771,-17.1937],[-48.77485,-17.17898],[-48.72416,-17.15839],[-48.70297,-17.15797],[-48.66918,-17.16729],[-48.64539,-17.18387],[-48.6378,-17.165],[-48.61649,-17.15221],[-48.60094,-17.11876],[-48.57213,-17.12891],[-48.5595,-17.09808],[-48.53663,-17.07632],[-48.52693,-17.05326],[-48.4983,-17.02275],[-48.49872,-17.01329],[-48.47354,-16.97868],[-48.47233,-16.95188],[-48.4503,-16.93132],[-48.41691,-16.93559],[-48.39871,-16.91925],[-48.36621,-16.91013],[-48.3633,-16.89185],[-48.34088,-16.86356],[-48.30261,-16.83009],[-48.30183,-16.80881],[-48.26391,-16.79589],[-48.25532,-16.77266],[-48.26485,-16.75446],[-48.25938,-16.7383],[-48.23863,-16.73439],[-48.22527,-16.74192],[-48.19427,-16.73455],[-48.17346,-16.73096],[-48.1458,-16.74222],[-48.10477,-16.74786],[-48.08979,-16.76801],[-48.07571,-16.80302],[-48.0884,-16.85713],[-48.07793,-16.87915],[-48.08921,-16.89067],[-48.07849,-16.90725],[-48.07776,-16.9292],[-48.06616,-16.93203],[-48.03565,-16.92132],[-48.00786,-16.9326],[-48.0006,-16.95169],[-47.91905,-17.00382],[-47.92088,-16.98171],[-47.90049,-16.95282],[-47.91068,-16.92343],[-47.90238,-16.91504],[-47.88241,-16.92581],[-47.83313,-16.92475],[-47.80751,-16.91667],[-47.78916,-16.92764],[-47.77116,-16.91873],[-47.73024,-16.92883],[-47.69477,-16.91179],[-47.69107,-16.90113],[-47.6851,-16.94909],[-47.6964,-16.96084],[-47.69971,-17.00223],[-47.71888,-17.03493],[-47.69474,-17.07785],[-47.6554,-17.09365],[-47.65899,-17.10809],[-47.64313,-17.12782],[-47.64104,-17.1447],[-47.59312,-17.17187],[-47.5666,-17.21444],[-47.53032,-17.24213],[-47.52221,-17.28255],[-47.50924,-17.28438],[-47.49888,-17.30301],[-47.51077,-17.32512],[-47.52124,-17.35236],[-47.5141,-17.37559],[-47.53838,-17.38834],[-47.52688,-17.43991],[-47.54074,-17.45385],[-47.51386,-17.46035],[-47.50279,-17.48132],[-47.50312,-17.51504],[-47.49519,-17.52592],[-47.47727,-17.51087],[-47.46738,-17.5326],[-47.41376,-17.52106],[-47.39808,-17.51173],[-47.3741,-17.52346],[-47.32919,-17.52425],[-47.30618,-17.558],[-47.28285,-17.57856],[-47.26535,-17.60999],[-47.26783,-17.63726],[-47.27983,-17.65885],[-47.26954,-17.67375],[-47.29791,-17.68355],[-47.31324,-17.69856],[-47.3174,-17.72618],[-47.3366,-17.73696],[-47.34201,-17.75133],[-47.33249,-17.76735],[-47.35404,-17.78708],[-47.3476,-17.7978],[-47.37262,-17.82949],[-47.35327,-17.87048],[-47.35662,-17.89733],[-47.34479,-17.89821],[-47.34435,-17.92042],[-47.33324,-17.95106],[-47.3134,-17.96276],[-47.32088,-17.97928],[-47.3111,-18.0056],[-47.29641,-18.00893],[-47.28355,-18.04049],[-47.28276,-18.05777],[-47.32233,-18.06923],[-47.35735,-18.08456],[-47.35544,-18.10465],[-47.36908,-18.11479],[-47.39335,-18.11578],[-47.40688,-18.13129],[-47.39643,-18.1414],[-47.42834,-18.13882],[-47.43543,-18.16713],[-47.4508,-18.15871],[-47.46351,-18.1769],[-47.47954,-18.17676],[-47.49674,-18.19864],[-47.51776,-18.19841],[-47.51757,-18.21014],[-47.53874,-18.2273],[-47.53857,-18.19305],[-47.58136,-18.23464],[-47.6067,-18.24628],[-47.60188,-18.25583],[-47.62534,-18.25897],[-47.61857,-18.27125],[-47.63832,-18.28722],[-47.61082,-18.31493],[-47.62574,-18.33384],[-47.64771,-18.34024],[-47.65713,-18.32734],[-47.67026,-18.35701],[-47.68601,-18.35699],[-47.69965,-18.37853],[-47.71641,-18.36163],[-47.74012,-18.36338],[-47.75868,-18.40981],[-47.77857,-18.42367],[-47.79805,-18.41585],[-47.80868,-18.40041],[-47.82944,-18.41296],[-47.83834,-18.4513],[-47.86001,-18.43973],[-47.8732,-18.45869],[-47.86288,-18.46437],[-47.88974,-18.47644],[-47.91382,-18.46612],[-47.9291,-18.48738],[-47.96175,-18.49561],[-47.96451,-18.4769],[-47.97876,-18.4755],[-47.98046,-18.4424],[-47.99746,-18.45413],[-48.03893,-18.43328],[-48.06096,-18.41259],[-48.07774,-18.43008],[-48.11559,-18.42595],[-48.14735,-18.40775],[-48.16091,-18.37177],[-48.22051,-18.36183],[-48.22636,-18.34526],[-48.25495,-18.34353],[-48.27862,-18.33107],[-48.28986,-18.34939],[-48.3145,-18.3637],[-48.31318,-18.38438],[-48.34118,-18.36925],[-48.4032,-18.37073],[-48.40527,-18.35588],[-48.43612,-18.36485],[-48.44521,-18.35484],[-48.48078,-18.37968],[-48.48097,-18.36019],[-48.49233,-18.35251],[-48.5152,-18.36596],[-48.53066,-18.35061],[-48.55054,-18.34963],[-48.56096,-18.32343],[-48.59682,-18.33435],[-48.63337,-18.32719],[-48.64064,-18.3398],[-48.69729,-18.34971],[-48.70813,-18.34458],[-48.73016,-18.35281],[-48.75529,-18.34392],[-48.76974,-18.35515],[-48.78376,-18.35067],[-48.81591,-18.3792],[-48.82757,-18.37479],[-48.83163,-18.34568],[-48.8723,-18.33239],[-48.88244,-18.31839],[-48.90666,-18.31589],[-48.9173,-18.30542],[-48.93632,-18.30575],[-48.98374,-18.34095],[-48.98104,-18.35592],[-49.00551,-18.3739],[-49.02329,-18.36746],[-49.04154,-18.37605],[-49.05331,-18.40212],[-49.07658,-18.41632],[-49.11102,-18.40155],[-49.10835,-18.38339],[-49.12703,-18.38291],[-49.15413,-18.40229],[-49.15769,-18.41343],[-49.20521,-18.41133],[-49.21082,-18.42305],[-49.19453,-18.44008],[-49.19865,-18.45712],[-49.21949,-18.46884],[-49.24365,-18.50586],[-49.24836,-18.52246],[-49.27123,-18.52727],[-49.28856,-18.5429],[-49.29214,-18.56355],[-49.32852,-18.56338],[-49.34277,-18.59756],[-49.36471,-18.61691],[-49.37512,-18.63856],[-49.39727,-18.64655],[-49.41627,-18.63809],[-49.43194,-18.60628],[-49.48137,-18.56057],[-49.4853,-18.50898],[-49.50025,-18.49103],[-49.53687,-18.49328],[-49.54736,-18.50294],[-49.54193,-18.52697],[-49.55664,-18.54612],[-49.57479,-18.54187],[-49.62766,-18.55209],[-49.65124,-18.56066],[-49.65214,-18.57313],[-49.63508,-18.58956],[-49.6474,-18.60136],[-49.66927,-18.58987],[-49.70512,-18.59495],[-49.7378,-18.61647],[-49.77174,-18.61281],[-49.78322,-18.64088],[-49.81933,-18.63212],[-49.83569,-18.63623],[-49.8663,-18.62284],[-49.88351,-18.60857],[-49.9039,-18.62084],[-49.93119,-18.62354],[-49.97335,-18.61386],[-49.98099,-18.60419],[-50.01612,-18.59938],[-50.03656,-18.60942],[-50.04974,-18.64308],[-50.07958,-18.67179],[-50.16382,-18.66389],[-50.19846,-18.67863],[-50.2498,-18.67743],[-50.3058,-18.69502],[-50.3235,-18.71203],[-50.35186,-18.75984],[-50.37458,-18.80984],[-50.38577,-18.81927],[-50.42302,-18.8322],[-50.44103,-18.89033],[-50.46775,-18.9187],[-50.5011,-18.92965],[-50.51141,-18.95151],[-50.49959,-18.98067],[-50.50355,-19.00402],[-50.49461,-19.01241],[-50.50547,-19.05065],[-50.54214,-19.10435],[-50.57202,-19.12057],[-50.58455,-19.13693],[-50.64509,-19.13341],[-50.67758,-19.13765],[-50.67205,-19.16324],[-50.67865,-19.17237],[-50.733,-19.18535],[-50.74241,-19.19775],[-50.74633,-19.23443],[-50.77097,-19.25887],[-50.7883,-19.26223],[-50.82219,-19.29467],[-50.83742,-19.34519],[-50.86016,-19.39163],[-50.8741,-19.40955],[-50.86811,-19.43346],[-50.82447,-19.47458],[-50.8417,-19.49869],[-50.93402,-19.46714],[-50.95166,-19.44218]]]}},{"type":"Feature","properties":{"id":"65","phone_code":"65","phone_code_1_digit":"6"},"geometry":{"type":"Polygon","coordinates":[[[-53.70817,-17.22773],[-53.73603,-17.23174],[-53.75859,-17.2427],[-53.78522,-17.28707],[-53.81958,-17.29417],[-53.83447,-17.33532],[-53.83083,-17.35458],[-53.86789,-17.36794],[-53.8875,-17.39216],[-53.91411,-17.41397],[-53.93061,-17.43901],[-53.95176,-17.45889],[-53.98361,-17.47337],[-53.9945,-17.46795],[-54.03715,-17.48601],[-54.05758,-17.51269],[-54.04542,-17.53679],[-54.05114,-17.56233],[-54.07278,-17.58736],[-54.0842,-17.61859],[-54.12245,-17.61278],[-54.13369,-17.61828],[-54.15372,-17.60543],[-54.19292,-17.60568],[-54.2135,-17.61973],[-54.24325,-17.62846],[-54.26937,-17.65164],[-54.30193,-17.66122],[-54.33509,-17.66128],[-54.37114,-17.64461],[-54.3873,-17.63149],[-54.37392,-17.60814],[-54.38411,-17.60092],[-54.38245,-17.57109],[-54.40322,-17.5641],[-54.42059,-17.53731],[-54.46642,-17.52863],[-54.47906,-17.5074],[-54.47374,-17.49755],[-54.50326,-17.47967],[-54.53584,-17.47714],[-54.55369,-17.48823],[-54.58117,-17.46757],[-54.60692,-17.48669],[-54.65623,-17.49646],[-54.68082,-17.50641],[-54.69503,-17.50308],[-54.74987,-17.523],[-54.76167,-17.55398],[-54.75829,-17.56526],[-54.77689,-17.57022],[-54.82081,-17.59694],[-54.82451,-17.60924],[-54.85109,-17.61259],[-54.86037,-17.62341],[-54.90167,-17.61111],[-54.94293,-17.60859],[-54.97378,-17.61661],[-54.99133,-17.63796],[-55.01025,-17.6289],[-55.06332,-17.64202],[-55.07215,-17.63119],[-55.10826,-17.62822],[-55.12676,-17.65228],[-55.1415,-17.63885],[-55.16256,-17.64173],[-55.18339,-17.61937],[-55.19218,-17.62654],[-55.23142,-17.59514],[-55.24203,-17.60168],[-55.2687,-17.55634],[-55.27517,-17.56463],[-55.29217,-17.54211],[-55.35017,-17.54812],[-55.35326,-17.53118],[-55.37661,-17.5146],[-55.41586,-17.51448],[-55.45329,-17.49996],[-55.47214,-17.48092],[-55.52359,-17.48074],[-55.54912,-17.44764],[-55.58656,-17.42127],[-55.5824,-17.37863],[-55.61292,-17.35941],[-55.62584,-17.36359],[-55.63842,-17.34935],[-55.6457,-17.35897],[-55.65607,-17.33782],[-55.6676,-17.35025],[-55.69273,-17.33945],[-55.70084,-17.35369],[-55.70859,-17.33718],[-55.72236,-17.34878],[-55.7607,-17.32309],[-55.78392,-17.32961],[-55.80451,-17.309],[-55.80601,-17.29757],[-55.84142,-17.3008],[-55.87431,-17.2682],[-55.88606,-17.28433],[-55.88603,-17.26346],[-55.91614,-17.26461],[-55.92584,-17.25742],[-55.94081,-17.27745],[-55.95531,-17.25602],[-55.98823,-17.24108],[-56.01028,-17.23861],[-56.01806,-17.20902],[-56.00501,-17.20376],[-56.04361,-17.17096],[-56.05048,-17.18651],[-56.06033,-17.17156],[-56.08396,-17.17723],[-56.11345,-17.16619],[-56.16284,-17.19426],[-56.18493,-17.1888],[-56.18864,-17.20993],[-56.21251,-17.21018],[-56.20826,-17.22683],[-56.25084,-17.21859],[-56.25604,-17.24336],[-56.2849,-17.24698],[-56.27961,-17.25873],[-56.29734,-17.27615],[-56.31303,-17.26899],[-56.33537,-17.28951],[-56.35617,-17.26661],[-56.36015,-17.28041],[-56.38256,-17.28752],[-56.38842,-17.30151],[-56.43209,-17.31815],[-56.44362,-17.33118],[-56.45187,-17.30974],[-56.46345,-17.31523],[-56.4977,-17.29828],[-56.55051,-17.32244],[-56.56713,-17.31448],[-56.57606,-17.33062],[-56.62993,-17.33377],[-56.64693,-17.31655],[-56.64495,-17.33891],[-56.6562,-17.32101],[-56.66306,-17.33839],[-56.68267,-17.31613],[-56.71303,-17.31836],[-56.73334,-17.30942],[-56.7438,-17.32687],[-56.75638,-17.32525],[-56.76836,-17.34042],[-56.76237,-17.3602],[-56.78624,-17.37007],[-56.78548,-17.38709],[-56.8282,-17.38953],[-56.84151,-17.41775],[-56.8239,-17.42264],[-56.82221,-17.43713],[-56.8404,-17.44157],[-56.82498,-17.45265],[-56.84731,-17.46357],[-56.84973,-17.48635],[-56.86145,-17.48347],[-56.86096,-17.50477],[-56.87546,-17.53254],[-56.89526,-17.53895],[-56.90906,-17.53211],[-56.94117,-17.54979],[-56.94987,-17.5682],[-56.98184,-17.5798],[-56.9809,-17.61058],[-56.96003,-17.60472],[-56.96157,-17.6159],[-56.98334,-17.64146],[-56.98771,-17.65885],[-57.00909,-17.67003],[-57.01876,-17.69173],[-57.03286,-17.69431],[-57.0444,-17.72988],[-57.0734,-17.73503],[-57.09259,-17.75324],[-57.09807,-17.76998],[-57.11509,-17.78065],[-57.14623,-17.76707],[-57.15543,-17.77798],[-57.17434,-17.7758],[-57.19776,-17.78723],[-57.22662,-17.78235],[-57.26432,-17.81991],[-57.28282,-17.82226],[-57.30757,-17.81037],[-57.32471,-17.82872],[-57.35294,-17.83742],[-57.37693,-17.82575],[-57.38517,-17.84384],[-57.39801,-17.83893],[-57.41023,-17.85766],[-57.42122,-17.85376],[-57.44621,-17.87407],[-57.45195,-17.90221],[-57.47715,-17.87845],[-57.47707,-17.85862],[-57.51082,-17.86346],[-57.53426,-17.8532],[-57.53051,-17.83868],[-57.57093,-17.81496],[-57.57581,-17.80009],[-57.60184,-17.80443],[-57.62259,-17.73592],[-57.63979,-17.71693],[-57.66304,-17.72942],[-57.68409,-17.71605],[-57.68021,-17.68448],[-57.67126,-17.66368],[-57.68939,-17.63988],[-57.70154,-17.60081],[-57.70112,-17.57732],[-57.71023,-17.56736],[-57.71163,-17.54269],[-57.72754,-17.52932],[-57.73953,-17.53587],[-57.75178,-17.56403],[-57.88292,-17.44911],[-57.98034,-17.51035],[-58.0227,-17.49395],[-58.04287,-17.49224],[-58.04901,-17.4626],[-58.05962,-17.45029],[-58.08876,-17.4607],[-58.11592,-17.45142],[-58.12235,-17.41425],[-58.14496,-17.41324],[-58.15106,-17.38422],[-58.18488,-17.39105],[-58.19987,-17.38259],[-58.20168,-17.3566],[-58.21979,-17.3596],[-58.22804,-17.34748],[-58.24593,-17.35446],[-58.26307,-17.34425],[-58.27604,-17.32331],[-58.27596,-17.30015],[-58.29771,-17.29839],[-58.29129,-17.28805],[-58.30295,-17.26984],[-58.34549,-17.23231],[-58.35607,-17.21184],[-58.39648,-17.18112],[-58.39704,-17.13633],[-58.38573,-17.11093],[-58.39791,-17.10438],[-58.42487,-17.11161],[-58.42446,-17.08981],[-58.43362,-17.08618],[-58.43232,-17.04738],[-58.42121,-17.02877],[-58.43445,-17.02681],[-58.43098,-16.99039],[-58.46151,-16.95778],[-58.45623,-16.93953],[-58.4739,-16.93453],[-58.47399,-16.91406],[-58.45974,-16.86311],[-58.46138,-16.84065],[-58.47551,-16.82702],[-58.47145,-16.79101],[-58.46287,-16.79202],[-58.46615,-16.75645],[-58.47292,-16.74474],[-58.46624,-16.7204],[-58.47006,-16.7026],[-58.46038,-16.66627],[-58.46259,-16.65179],[-58.43557,-16.59193],[-58.42082,-16.57312],[-58.39332,-16.56245],[-58.38554,-16.54316],[-58.34334,-16.5173],[-58.33323,-16.48959],[-58.35573,-16.42762],[-58.34379,-16.39569],[-58.30662,-16.36976],[-58.30259,-16.30726],[-58.31638,-16.2905],[-58.32056,-16.26432],[-58.33801,-16.27265],[-58.3652,-16.27291],[-58.38818,-16.26058],[-58.39365,-16.29635],[-58.42995,-16.32087],[-59.46957,-16.27912],[-60.17122,-16.26519],[-60.20307,-15.88336],[-60.23807,-15.47343],[-60.56448,-15.10827],[-60.50048,-15.0958],[-60.24379,-15.09639],[-60.27162,-14.61988],[-60.29251,-14.62486],[-60.32059,-14.60846],[-60.3314,-14.56737],[-60.33764,-14.51147],[-60.36637,-14.48685],[-60.36154,-14.47012],[-60.3784,-14.46331],[-60.38426,-14.43889],[-60.40626,-14.41282],[-60.39495,-14.3639],[-60.40887,-14.36827],[-60.43987,-14.32009],[-60.45262,-14.31393],[-60.4647,-14.264],[-60.44881,-14.24099],[-60.46437,-14.23363],[-60.47115,-14.19232],[-60.4919,-14.18781],[-60.47468,-14.15988],[-60.48375,-14.11674],[-60.4794,-14.09735],[-60.4471,-14.08522],[-60.42676,-14.0623],[-60.42558,-14.0485],[-60.40551,-14.02993],[-60.4027,-13.99939],[-60.38181,-13.99201],[-60.38854,-13.97845],[-60.41459,-13.98017],[-60.41848,-13.93715],[-60.4504,-13.93715],[-60.45085,-13.88292],[-60.47548,-13.88515],[-60.45628,-13.85347],[-60.49226,-13.85589],[-60.46857,-13.83286],[-60.46498,-13.81376],[-60.47828,-13.80397],[-60.46676,-13.79532],[-60.49982,-13.78849],[-60.52798,-13.79144],[-60.52245,-13.76849],[-60.54765,-13.76992],[-60.546,-13.78198],[-60.56888,-13.76829],[-60.57423,-13.74702],[-60.59985,-13.74849],[-60.62298,-13.71912],[-60.64562,-13.73829],[-60.65578,-13.73793],[-60.68351,-13.71562],[-60.69334,-13.71505],[-60.70946,-13.68691],[-60.71342,-13.67559],[-60.68584,-13.63875],[-60.6855,-13.62482],[-60.65493,-13.60203],[-60.63167,-13.57129],[-60.59978,-13.57231],[-60.57712,-13.56482],[-60.53253,-13.53584],[-60.52984,-13.51663],[-60.5007,-13.49807],[-60.46506,-13.4887],[-60.43148,-13.48802],[-60.411,-13.46125],[-60.3874,-13.45429],[-60.37878,-13.41491],[-60.37134,-13.40846],[-60.37906,-13.37482],[-60.37081,-13.36714],[-60.36556,-13.33182],[-60.37295,-13.32403],[-60.35345,-13.29419],[-60.35128,-13.2726],[-60.33851,-13.27192],[-60.32512,-13.25285],[-60.32793,-13.22988],[-60.29565,-13.17676],[-60.26798,-13.14456],[-60.28009,-13.13521],[-60.2766,-13.11227],[-60.28247,-13.08014],[-60.26709,-13.07687],[-60.23698,-13.0345],[-60.21477,-13.02657],[-60.21314,-13.00664],[-60.18282,-12.96722],[-60.15011,-12.96365],[-60.13927,-12.9698],[-60.11665,-12.95915],[-60.10462,-12.91906],[-60.08759,-12.90202],[-60.07859,-12.88073],[-60.08418,-12.8369],[-60.07412,-12.77295],[-60.09017,-12.73625],[-60.07567,-12.68806],[-60.07756,-12.66414],[-60.06253,-12.64142],[-60.06822,-12.61559],[-60.03925,-12.59905],[-60.02612,-12.56122],[-60.00042,-12.53582],[-59.97289,-12.52996],[-59.95695,-12.5018],[-59.93587,-12.49466],[-59.904,-12.47241],[-59.86797,-12.48196],[-59.84084,-12.45896],[-59.84203,-12.42444],[-59.83203,-12.40099],[-59.81825,-12.38948],[-59.79242,-12.34537],[-59.77384,-12.34055],[-59.757,-12.32853],[-59.72979,-12.32754],[-59.70515,-12.30755],[-59.68987,-12.3169],[-59.62737,-12.30247],[-59.59612,-12.31251],[-59.5904,-12.30167],[-59.57131,-12.30591],[-59.53903,-12.29478],[-59.49481,-12.29628],[-59.48239,-12.28661],[-59.38792,-12.28212],[-59.36631,-12.2865],[-59.34873,-12.27874],[-59.27168,-12.28766],[-59.25873,-12.30298],[-59.2282,-12.30301],[-59.19359,-12.33067],[-59.18573,-12.35379],[-59.16481,-12.36462],[-59.12818,-12.35196],[-59.11356,-12.3074],[-59.09236,-12.29722],[-59.05317,-12.25466],[-59.01203,-12.23888],[-58.97437,-12.23003],[-58.96334,-12.22037],[-58.93972,-12.22148],[-58.91506,-12.21141],[-58.87038,-12.20873],[-58.83881,-12.20136],[-58.82303,-12.18108],[-58.79745,-12.17097],[-58.78461,-12.15306],[-58.74667,-12.13165],[-58.73389,-12.13398],[-58.71059,-12.11778],[-58.69476,-12.08521],[-58.68137,-12.08973],[-58.66,-12.05114],[-58.6102,-12.04753],[-58.58633,-12.03427],[-58.57359,-12.00747],[-58.55787,-12.01449],[-58.54654,-11.98563],[-58.53333,-11.9964],[-58.50748,-11.94598],[-58.47045,-11.93222],[-58.45728,-11.91885],[-58.4412,-11.92281],[-58.45876,-11.95516],[-58.45628,-11.99285],[-58.48804,-12.02812],[-58.4757,-12.04278],[-58.48736,-12.05608],[-58.49037,-12.12762],[-58.47439,-12.14549],[-58.47437,-12.16822],[-58.51312,-12.24494],[-58.52645,-12.2547],[-58.52395,-12.27396],[-58.50964,-12.28033],[-58.50606,-12.2975],[-58.4842,-12.30059],[-58.49398,-12.3323],[-58.49073,-12.35369],[-58.47228,-12.3584],[-58.46364,-12.39825],[-58.44017,-12.4321],[-58.45595,-12.46171],[-58.43714,-12.50188],[-58.42314,-12.51382],[-58.44659,-12.54722],[-58.43184,-12.57577],[-58.43294,-12.59509],[-58.41334,-12.62207],[-58.41159,-12.66047],[-58.39845,-12.6727],[-58.40701,-12.69644],[-58.40181,-12.73464],[-58.39423,-12.75136],[-58.39743,-12.79363],[-58.38295,-12.82117],[-58.36156,-12.82128],[-58.35184,-12.83387],[-58.34373,-12.87118],[-58.3117,-12.90563],[-58.29459,-12.91185],[-58.29459,-12.92836],[-58.27637,-12.93251],[-58.2509,-12.96076],[-58.20593,-12.97651],[-58.20007,-13.00399],[-58.18664,-13.02491],[-58.18853,-13.04085],[-58.17198,-13.04939],[-58.18159,-13.06166],[-58.17626,-13.13802],[-58.18273,-13.16194],[-58.17942,-13.18531],[-58.15615,-13.19394],[-58.15501,-13.21178],[-58.13231,-13.2374],[-58.11148,-13.24101],[-58.07564,-13.23604],[-58.0619,-13.24401],[-57.92188,-13.20879],[-57.74826,-13.26936],[-57.72124,-13.21265],[-57.69617,-13.18493],[-57.6742,-13.17435],[-57.67065,-13.16236],[-57.63984,-13.15806],[-57.58882,-13.17324],[-57.55531,-13.15276],[-57.52618,-13.15568],[-57.4959,-13.15039],[-57.48409,-13.16245],[-57.49623,-13.17749],[-57.51931,-13.22322],[-57.54317,-13.24808],[-57.55517,-13.27315],[-57.57575,-13.28318],[-57.59737,-13.32083],[-57.61756,-13.33962],[-57.63087,-13.40956],[-57.60926,-13.41679],[-57.59406,-13.43564],[-57.56609,-13.45414],[-57.5547,-13.51346],[-57.544,-13.52133],[-57.53764,-13.56033],[-57.54237,-13.58164],[-57.45098,-13.57973],[-57.41698,-13.56538],[-57.404,-13.56718],[-57.35828,-13.55151],[-57.34338,-13.55586],[-57.36536,-13.58616],[-57.34884,-13.60046],[-57.33403,-13.5991],[-57.32978,-13.62381],[-57.35134,-13.66472],[-57.35712,-13.69772],[-57.35217,-13.73827],[-57.27867,-13.80841],[-57.27987,-13.78965],[-57.24975,-13.74727],[-57.252,-13.72704],[-57.21529,-13.70104],[-57.18993,-13.69959],[-57.17153,-13.67056],[-57.15337,-13.67109],[-57.13634,-13.65426],[-57.13273,-13.63198],[-57.11148,-13.60698],[-57.09737,-13.57767],[-57.07714,-13.57422],[-57.06459,-13.54671],[-57.03576,-13.54584],[-57.0192,-13.55947],[-56.99265,-13.51821],[-57.00073,-13.51302],[-56.99484,-13.48516],[-57.01348,-13.46757],[-57.02245,-13.42846],[-57.01261,-13.41249],[-57.01795,-13.36767],[-56.99342,-13.33183],[-56.98679,-13.30422],[-56.96078,-13.29024],[-56.96308,-13.27017],[-56.95093,-13.25441],[-56.95126,-13.22931],[-56.90653,-13.20753],[-56.8898,-13.17773],[-56.87045,-13.1611],[-56.86701,-13.12747],[-56.847,-13.09996],[-56.83301,-13.06968],[-56.82848,-13.04205],[-56.80775,-13.02492],[-56.7797,-12.98642],[-56.75267,-12.97963],[-56.73922,-12.95481],[-56.75531,-12.93086],[-56.76428,-12.88856],[-56.75247,-12.86887],[-56.76239,-12.83915],[-56.772,-12.83331],[-56.7554,-12.81939],[-56.73628,-12.81949],[-56.70887,-12.84578],[-56.65423,-12.85547],[-56.63839,-12.86915],[-56.57709,-12.88196],[-56.54034,-12.87425],[-56.52203,-12.88383],[-56.52378,-12.89796],[-56.43223,-12.89487],[-56.41237,-12.8986],[-56.40531,-12.88781],[-56.37804,-12.87966],[-56.37037,-12.84438],[-56.33984,-12.81129],[-56.33567,-12.78036],[-56.30072,-12.76032],[-56.3047,-12.7469],[-56.28409,-12.71561],[-56.26708,-12.70164],[-56.25008,-12.70229],[-56.22903,-12.6903],[-56.21183,-12.69674],[-56.17914,-12.6893],[-56.15522,-12.65345],[-56.11673,-12.63768],[-56.08753,-12.66251],[-56.0925,-12.68292],[-56.08151,-12.69298],[-56.07431,-12.67674],[-56.05353,-12.68552],[-56.05231,-12.70339],[-56.04086,-12.69821],[-56.03104,-12.7431],[-56.03903,-12.77521],[-56.01262,-12.76893],[-56.01131,-12.79187],[-55.99547,-12.79493],[-55.99125,-12.81939],[-56.00012,-12.83001],[-55.98508,-12.84982],[-55.99308,-12.87268],[-55.97364,-12.88623],[-55.94651,-12.91634],[-55.9355,-12.95418],[-55.92263,-12.96674],[-55.91914,-12.99039],[-55.90514,-13.00634],[-55.90773,-13.05117],[-55.89283,-13.04227],[-55.8925,-13.07866],[-55.88437,-13.11336],[-55.88873,-13.14155],[-55.87895,-13.16148],[-55.89633,-13.19005],[-55.8782,-13.21262],[-55.88405,-13.25223],[-55.86153,-13.2582],[-55.84203,-13.28872],[-55.81284,-13.2977],[-55.79761,-13.33396],[-55.78128,-13.33091],[-55.75408,-13.34208],[-55.74042,-13.3596],[-55.71258,-13.36772],[-55.68797,-13.35359],[-55.64373,-13.37753],[-55.6219,-13.34129],[-55.58909,-13.31301],[-55.55786,-13.31107],[-55.55228,-13.32396],[-55.49931,-13.33312],[-55.49747,-13.36658],[-55.47653,-13.38997],[-55.46225,-13.39184],[-55.44834,-13.37199],[-55.42606,-13.38837],[-55.43978,-13.4208],[-55.42819,-13.42971],[-55.41797,-13.416],[-55.39003,-13.42058],[-55.39361,-13.46321],[-55.38034,-13.47426],[-55.39292,-13.48583],[-55.37753,-13.49964],[-55.35528,-13.48105],[-55.34075,-13.50342],[-55.33984,-13.54146],[-55.33306,-13.56002],[-55.29313,-13.56991],[-55.28214,-13.59253],[-55.26415,-13.578],[-55.26658,-13.59676],[-55.25572,-13.60968],[-55.24076,-13.60258],[-55.22786,-13.61107],[-55.21639,-13.59863],[-55.20553,-13.60975],[-55.17625,-13.62064],[-55.16219,-13.64624],[-55.13097,-13.65005],[-55.11658,-13.66568],[-55.10653,-13.65016],[-55.08441,-13.66238],[-55.08401,-13.68941],[-55.09903,-13.69895],[-55.08273,-13.71622],[-55.086,-13.73026],[-55.04584,-13.7478],[-55.04881,-13.77399],[-55.03128,-13.77982],[-55.01842,-13.80414],[-54.99528,-13.82273],[-54.99972,-13.8489],[-54.97095,-13.86701],[-54.97891,-13.87866],[-55.00392,-13.87165],[-55.01361,-13.88191],[-54.99194,-13.88829],[-54.97159,-13.87969],[-54.96186,-13.89652],[-54.97401,-13.91123],[-54.97308,-13.93044],[-54.94575,-13.95488],[-54.93153,-13.93366],[-54.93262,-13.96138],[-54.90861,-13.96595],[-54.91708,-13.98848],[-54.8982,-13.99936],[-54.91806,-14.00007],[-54.90784,-14.02895],[-54.93011,-14.02836],[-54.92036,-14.05701],[-54.92564,-14.09155],[-54.90248,-14.09411],[-54.90728,-14.10553],[-54.88648,-14.10469],[-54.89687,-14.12473],[-54.88925,-14.15368],[-54.86712,-14.17819],[-54.87499,-14.21519],[-54.8497,-14.22825],[-54.84225,-14.25694],[-54.81786,-14.24959],[-54.80661,-14.26904],[-54.82355,-14.29456],[-54.83061,-14.31844],[-54.85739,-14.32809],[-54.86487,-14.37718],[-54.914,-14.41272],[-54.95642,-14.43698],[-54.98636,-14.43662],[-54.99734,-14.44989],[-54.99556,-14.48003],[-55.01871,-14.49565],[-55.02263,-14.51675],[-55.04424,-14.54484],[-55.07048,-14.53634],[-55.10442,-14.54848],[-55.11287,-14.56704],[-55.13731,-14.58063],[-55.15601,-14.61602],[-55.21929,-14.63884],[-55.25898,-14.62943],[-55.36811,-14.56833],[-55.38148,-14.5517],[-55.39891,-14.55718],[-55.3946,-14.57691],[-55.40643,-14.5875],[-55.3919,-14.60156],[-55.39968,-14.63011],[-55.42342,-14.63514],[-55.44861,-14.66544],[-55.46461,-14.66366],[-55.47698,-14.67993],[-55.48003,-14.70365],[-55.4969,-14.72236],[-55.50178,-14.74452],[-55.5662,-14.77696],[-55.59281,-14.78062],[-55.63991,-14.80826],[-55.65106,-14.82444],[-55.63739,-14.83571],[-55.59551,-14.84164],[-55.5777,-14.83906],[-55.58475,-14.85779],[-55.57731,-14.87082],[-55.54987,-14.85649],[-55.53051,-14.86373],[-55.5252,-14.87794],[-55.51142,-14.87095],[-55.49239,-14.87746],[-55.47545,-14.86775],[-55.45753,-14.86937],[-55.41951,-14.84192],[-55.39764,-14.84279],[-55.36167,-14.83033],[-55.35278,-14.8191],[-55.33492,-14.83834],[-55.31056,-14.82339],[-55.30906,-14.80994],[-55.28811,-14.81672],[-55.28679,-14.80599],[-55.26692,-14.8155],[-55.24971,-14.80975],[-55.21736,-14.82789],[-55.19712,-14.82558],[-55.17586,-14.7952],[-55.15653,-14.78635],[-55.14091,-14.81585],[-55.1497,-14.83844],[-55.14783,-14.87692],[-55.13631,-14.91116],[-55.11458,-14.92972],[-55.10328,-14.95716],[-55.10739,-14.96727],[-55.12925,-14.96896],[-55.13668,-14.9868],[-55.09333,-14.99831],[-55.02389,-14.99931],[-55.01665,-15.02991],[-54.99859,-15.03352],[-54.99667,-15.04727],[-54.96947,-15.05887],[-54.95516,-15.05046],[-54.93721,-15.05441],[-54.91014,-15.04521],[-54.91734,-15.06812],[-54.94306,-15.06983],[-55.0003,-15.08567],[-55.01784,-15.08302],[-55.05564,-15.09901],[-55.07645,-15.09499],[-55.09812,-15.10555],[-55.16756,-15.2046],[-55.33456,-15.35114],[-55.29509,-15.35453],[-55.28395,-15.37857],[-55.27431,-15.37987],[-55.26558,-15.40218],[-55.28995,-15.43104],[-55.28661,-15.47239],[-55.30553,-15.51517],[-55.34431,-15.48512],[-55.37284,-15.49139],[-55.40286,-15.50907],[-55.39945,-15.53068],[-55.41581,-15.54403],[-55.43473,-15.58154],[-55.44181,-15.61091],[-55.42284,-15.62227],[-55.3742,-15.60874],[-55.3555,-15.59865],[-55.38256,-15.63378],[-55.42336,-15.65826],[-55.41345,-15.6777],[-55.39608,-15.68834],[-55.41437,-15.70555],[-55.42383,-15.77492],[-55.40797,-15.81978],[-55.38178,-15.80925],[-55.35501,-15.8088],[-55.34803,-15.83244],[-55.33234,-15.82316],[-55.32514,-15.83548],[-55.30078,-15.84919],[-55.30167,-15.89633],[-55.18276,-16.43244],[-55.14887,-16.44518],[-55.11514,-16.44895],[-55.0962,-16.43863],[-55.04731,-16.44976],[-55.0325,-16.46501],[-55.01639,-16.5141],[-55.00086,-16.49414],[-54.98208,-16.48862],[-54.99073,-16.47752],[-54.97064,-16.4716],[-54.97378,-16.48641],[-54.96256,-16.52362],[-54.929,-16.5312],[-54.92611,-16.54561],[-54.90428,-16.56397],[-54.89144,-16.59196],[-54.90632,-16.66696],[-54.90234,-16.67935],[-54.87669,-16.69745],[-54.85253,-16.74036],[-54.82681,-16.75846],[-54.8422,-16.79231],[-54.83773,-16.82466],[-54.85353,-16.83886],[-54.85078,-16.84975],[-54.86701,-16.86748],[-54.87459,-16.90246],[-54.87012,-16.95909],[-54.84764,-16.97752],[-54.83909,-17.02605],[-54.84509,-17.04718],[-54.84059,-17.07225],[-54.71867,-17.04046],[-54.68487,-17.01294],[-54.67295,-16.99164],[-54.63782,-16.9809],[-54.61495,-16.98716],[-54.61353,-17.08998],[-54.56581,-17.07337],[-54.5319,-17.07868],[-54.50159,-17.09412],[-54.49876,-17.1089],[-54.47711,-17.12443],[-54.4455,-17.11712],[-54.41947,-17.11953],[-54.40111,-17.11092],[-54.38002,-17.11345],[-54.35563,-17.10217],[-54.29538,-17.10583],[-54.27698,-17.08474],[-54.22919,-17.08344],[-54.20233,-17.04918],[-54.17053,-17.03633],[-54.00089,-17.03448],[-53.97628,-17.017],[-53.94567,-17.05264],[-53.92992,-17.08644],[-53.93292,-17.11006],[-53.95312,-17.15141],[-53.91903,-17.15047],[-53.8875,-17.12465],[-53.84814,-17.13301],[-53.82573,-17.14812],[-53.80708,-17.14679],[-53.79536,-17.16773],[-53.77628,-17.18042],[-53.74072,-17.19104],[-53.72129,-17.18909],[-53.68283,-17.22417],[-53.67959,-17.25313],[-53.70817,-17.22773]]]}},{"type":"Feature","properties":{"id":"66","phone_code":"66","phone_code_1_digit":"6"},"geometry":{"type":"Polygon","coordinates":[[[-53.1732,-18.0416],[-53.19005,-18.03585],[-53.1983,-18.01986],[-53.23728,-18.007],[-53.29869,-17.99504],[-53.34211,-18.00785],[-53.38029,-18.00831],[-53.41214,-17.98805],[-53.42992,-17.98355],[-53.4568,-17.99925],[-53.46736,-18.03445],[-53.48558,-18.03995],[-53.51739,-18.0202],[-53.54705,-18.01411],[-53.55675,-18.00521],[-53.57453,-18.0122],[-53.6065,-17.99504],[-53.61206,-17.97759],[-53.66076,-17.97707],[-53.70009,-18.00537],[-53.73333,-17.99489],[-53.77373,-18.00032],[-53.78878,-17.98033],[-53.80812,-17.9718],[-53.83706,-17.93426],[-53.86967,-17.92695],[-53.89806,-17.90836],[-53.92186,-17.91972],[-53.95117,-17.91535],[-53.94417,-17.90689],[-53.95526,-17.88258],[-53.94067,-17.83976],[-53.91267,-17.80759],[-53.895,-17.77658],[-53.88789,-17.74855],[-53.86044,-17.72027],[-53.85542,-17.70227],[-53.79975,-17.67035],[-53.75648,-17.67302],[-53.73319,-17.66253],[-53.70339,-17.6609],[-53.67959,-17.25313],[-53.68283,-17.22417],[-53.72129,-17.18909],[-53.74072,-17.19104],[-53.77628,-17.18042],[-53.79536,-17.16773],[-53.80708,-17.14679],[-53.82573,-17.14812],[-53.84814,-17.13301],[-53.8875,-17.12465],[-53.91903,-17.15047],[-53.95312,-17.15141],[-53.93292,-17.11006],[-53.92992,-17.08644],[-53.94567,-17.05264],[-53.97628,-17.017],[-54.00089,-17.03448],[-54.17053,-17.03633],[-54.20233,-17.04918],[-54.22919,-17.08344],[-54.27698,-17.08474],[-54.29538,-17.10583],[-54.35563,-17.10217],[-54.38002,-17.11345],[-54.40111,-17.11092],[-54.41947,-17.11953],[-54.4455,-17.11712],[-54.47711,-17.12443],[-54.49876,-17.1089],[-54.50159,-17.09412],[-54.5319,-17.07868],[-54.56581,-17.07337],[-54.61353,-17.08998],[-54.61495,-16.98716],[-54.63782,-16.9809],[-54.67295,-16.99164],[-54.68487,-17.01294],[-54.71867,-17.04046],[-54.84059,-17.07225],[-54.84509,-17.04718],[-54.83909,-17.02605],[-54.84764,-16.97752],[-54.87012,-16.95909],[-54.87459,-16.90246],[-54.86701,-16.86748],[-54.85078,-16.84975],[-54.85353,-16.83886],[-54.83773,-16.82466],[-54.8422,-16.79231],[-54.82681,-16.75846],[-54.85253,-16.74036],[-54.87669,-16.69745],[-54.90234,-16.67935],[-54.90632,-16.66696],[-54.89144,-16.59196],[-54.90428,-16.56397],[-54.92611,-16.54561],[-54.929,-16.5312],[-54.96256,-16.52362],[-54.97378,-16.48641],[-54.97064,-16.4716],[-54.99073,-16.47752],[-54.98208,-16.48862],[-55.00086,-16.49414],[-55.01639,-16.5141],[-55.0325,-16.46501],[-55.04731,-16.44976],[-55.0962,-16.43863],[-55.11514,-16.44895],[-55.14887,-16.44518],[-55.18276,-16.43244],[-55.30167,-15.89633],[-55.30078,-15.84919],[-55.32514,-15.83548],[-55.33234,-15.82316],[-55.34803,-15.83244],[-55.35501,-15.8088],[-55.38178,-15.80925],[-55.40797,-15.81978],[-55.42383,-15.77492],[-55.41437,-15.70555],[-55.39608,-15.68834],[-55.41345,-15.6777],[-55.42336,-15.65826],[-55.38256,-15.63378],[-55.3555,-15.59865],[-55.3742,-15.60874],[-55.42284,-15.62227],[-55.44181,-15.61091],[-55.43473,-15.58154],[-55.41581,-15.54403],[-55.39945,-15.53068],[-55.40286,-15.50907],[-55.37284,-15.49139],[-55.34431,-15.48512],[-55.30553,-15.51517],[-55.28661,-15.47239],[-55.28995,-15.43104],[-55.26558,-15.40218],[-55.27431,-15.37987],[-55.28395,-15.37857],[-55.29509,-15.35453],[-55.33456,-15.35114],[-55.16756,-15.2046],[-55.09812,-15.10555],[-55.07645,-15.09499],[-55.05564,-15.09901],[-55.01784,-15.08302],[-55.0003,-15.08567],[-54.94306,-15.06983],[-54.91734,-15.06812],[-54.91014,-15.04521],[-54.93721,-15.05441],[-54.95516,-15.05046],[-54.96947,-15.05887],[-54.99667,-15.04727],[-54.99859,-15.03352],[-55.01665,-15.02991],[-55.02389,-14.99931],[-55.09333,-14.99831],[-55.13668,-14.9868],[-55.12925,-14.96896],[-55.10739,-14.96727],[-55.10328,-14.95716],[-55.11458,-14.92972],[-55.13631,-14.91116],[-55.14783,-14.87692],[-55.1497,-14.83844],[-55.14091,-14.81585],[-55.15653,-14.78635],[-55.17586,-14.7952],[-55.19712,-14.82558],[-55.21736,-14.82789],[-55.24971,-14.80975],[-55.26692,-14.8155],[-55.28679,-14.80599],[-55.28811,-14.81672],[-55.30906,-14.80994],[-55.31056,-14.82339],[-55.33492,-14.83834],[-55.35278,-14.8191],[-55.36167,-14.83033],[-55.39764,-14.84279],[-55.41951,-14.84192],[-55.45753,-14.86937],[-55.47545,-14.86775],[-55.49239,-14.87746],[-55.51142,-14.87095],[-55.5252,-14.87794],[-55.53051,-14.86373],[-55.54987,-14.85649],[-55.57731,-14.87082],[-55.58475,-14.85779],[-55.5777,-14.83906],[-55.59551,-14.84164],[-55.63739,-14.83571],[-55.65106,-14.82444],[-55.63991,-14.80826],[-55.59281,-14.78062],[-55.5662,-14.77696],[-55.50178,-14.74452],[-55.4969,-14.72236],[-55.48003,-14.70365],[-55.47698,-14.67993],[-55.46461,-14.66366],[-55.44861,-14.66544],[-55.42342,-14.63514],[-55.39968,-14.63011],[-55.3919,-14.60156],[-55.40643,-14.5875],[-55.3946,-14.57691],[-55.39891,-14.55718],[-55.38148,-14.5517],[-55.36811,-14.56833],[-55.25898,-14.62943],[-55.21929,-14.63884],[-55.15601,-14.61602],[-55.13731,-14.58063],[-55.11287,-14.56704],[-55.10442,-14.54848],[-55.07048,-14.53634],[-55.04424,-14.54484],[-55.02263,-14.51675],[-55.01871,-14.49565],[-54.99556,-14.48003],[-54.99734,-14.44989],[-54.98636,-14.43662],[-54.95642,-14.43698],[-54.914,-14.41272],[-54.86487,-14.37718],[-54.85739,-14.32809],[-54.83061,-14.31844],[-54.82355,-14.29456],[-54.80661,-14.26904],[-54.81786,-14.24959],[-54.84225,-14.25694],[-54.8497,-14.22825],[-54.87499,-14.21519],[-54.86712,-14.17819],[-54.88925,-14.15368],[-54.89687,-14.12473],[-54.88648,-14.10469],[-54.90728,-14.10553],[-54.90248,-14.09411],[-54.92564,-14.09155],[-54.92036,-14.05701],[-54.93011,-14.02836],[-54.90784,-14.02895],[-54.91806,-14.00007],[-54.8982,-13.99936],[-54.91708,-13.98848],[-54.90861,-13.96595],[-54.93262,-13.96138],[-54.93153,-13.93366],[-54.94575,-13.95488],[-54.97308,-13.93044],[-54.97401,-13.91123],[-54.96186,-13.89652],[-54.97159,-13.87969],[-54.99194,-13.88829],[-55.01361,-13.88191],[-55.00392,-13.87165],[-54.97891,-13.87866],[-54.97095,-13.86701],[-54.99972,-13.8489],[-54.99528,-13.82273],[-55.01842,-13.80414],[-55.03128,-13.77982],[-55.04881,-13.77399],[-55.04584,-13.7478],[-55.086,-13.73026],[-55.08273,-13.71622],[-55.09903,-13.69895],[-55.08401,-13.68941],[-55.08441,-13.66238],[-55.10653,-13.65016],[-55.11658,-13.66568],[-55.13097,-13.65005],[-55.16219,-13.64624],[-55.17625,-13.62064],[-55.20553,-13.60975],[-55.21639,-13.59863],[-55.22786,-13.61107],[-55.24076,-13.60258],[-55.25572,-13.60968],[-55.26658,-13.59676],[-55.26415,-13.578],[-55.28214,-13.59253],[-55.29313,-13.56991],[-55.33306,-13.56002],[-55.33984,-13.54146],[-55.34075,-13.50342],[-55.35528,-13.48105],[-55.37753,-13.49964],[-55.39292,-13.48583],[-55.38034,-13.47426],[-55.39361,-13.46321],[-55.39003,-13.42058],[-55.41797,-13.416],[-55.42819,-13.42971],[-55.43978,-13.4208],[-55.42606,-13.38837],[-55.44834,-13.37199],[-55.46225,-13.39184],[-55.47653,-13.38997],[-55.49747,-13.36658],[-55.49931,-13.33312],[-55.55228,-13.32396],[-55.55786,-13.31107],[-55.58909,-13.31301],[-55.6219,-13.34129],[-55.64373,-13.37753],[-55.68797,-13.35359],[-55.71258,-13.36772],[-55.74042,-13.3596],[-55.75408,-13.34208],[-55.78128,-13.33091],[-55.79761,-13.33396],[-55.81284,-13.2977],[-55.84203,-13.28872],[-55.86153,-13.2582],[-55.88405,-13.25223],[-55.8782,-13.21262],[-55.89633,-13.19005],[-55.87895,-13.16148],[-55.88873,-13.14155],[-55.88437,-13.11336],[-55.8925,-13.07866],[-55.89283,-13.04227],[-55.90773,-13.05117],[-55.90514,-13.00634],[-55.91914,-12.99039],[-55.92263,-12.96674],[-55.9355,-12.95418],[-55.94651,-12.91634],[-55.97364,-12.88623],[-55.99308,-12.87268],[-55.98508,-12.84982],[-56.00012,-12.83001],[-55.99125,-12.81939],[-55.99547,-12.79493],[-56.01131,-12.79187],[-56.01262,-12.76893],[-56.03903,-12.77521],[-56.03104,-12.7431],[-56.04086,-12.69821],[-56.05231,-12.70339],[-56.05353,-12.68552],[-56.07431,-12.67674],[-56.08151,-12.69298],[-56.0925,-12.68292],[-56.08753,-12.66251],[-56.11673,-12.63768],[-56.15522,-12.65345],[-56.17914,-12.6893],[-56.21183,-12.69674],[-56.22903,-12.6903],[-56.25008,-12.70229],[-56.26708,-12.70164],[-56.28409,-12.71561],[-56.3047,-12.7469],[-56.30072,-12.76032],[-56.33567,-12.78036],[-56.33984,-12.81129],[-56.37037,-12.84438],[-56.37804,-12.87966],[-56.40531,-12.88781],[-56.41237,-12.8986],[-56.43223,-12.89487],[-56.52378,-12.89796],[-56.52203,-12.88383],[-56.54034,-12.87425],[-56.57709,-12.88196],[-56.63839,-12.86915],[-56.65423,-12.85547],[-56.70887,-12.84578],[-56.73628,-12.81949],[-56.7554,-12.81939],[-56.772,-12.83331],[-56.76239,-12.83915],[-56.75247,-12.86887],[-56.76428,-12.88856],[-56.75531,-12.93086],[-56.73922,-12.95481],[-56.75267,-12.97963],[-56.7797,-12.98642],[-56.80775,-13.02492],[-56.82848,-13.04205],[-56.83301,-13.06968],[-56.847,-13.09996],[-56.86701,-13.12747],[-56.87045,-13.1611],[-56.8898,-13.17773],[-56.90653,-13.20753],[-56.95126,-13.22931],[-56.95093,-13.25441],[-56.96308,-13.27017],[-56.96078,-13.29024],[-56.98679,-13.30422],[-56.99342,-13.33183],[-57.01795,-13.36767],[-57.01261,-13.41249],[-57.02245,-13.42846],[-57.01348,-13.46757],[-56.99484,-13.48516],[-57.00073,-13.51302],[-56.99265,-13.51821],[-57.0192,-13.55947],[-57.03576,-13.54584],[-57.06459,-13.54671],[-57.07714,-13.57422],[-57.09737,-13.57767],[-57.11148,-13.60698],[-57.13273,-13.63198],[-57.13634,-13.65426],[-57.15337,-13.67109],[-57.17153,-13.67056],[-57.18993,-13.69959],[-57.21529,-13.70104],[-57.252,-13.72704],[-57.24975,-13.74727],[-57.27987,-13.78965],[-57.27867,-13.80841],[-57.35217,-13.73827],[-57.35712,-13.69772],[-57.35134,-13.66472],[-57.32978,-13.62381],[-57.33403,-13.5991],[-57.34884,-13.60046],[-57.36536,-13.58616],[-57.34338,-13.55586],[-57.35828,-13.55151],[-57.404,-13.56718],[-57.41698,-13.56538],[-57.45098,-13.57973],[-57.54237,-13.58164],[-57.53764,-13.56033],[-57.544,-13.52133],[-57.5547,-13.51346],[-57.56609,-13.45414],[-57.59406,-13.43564],[-57.60926,-13.41679],[-57.63087,-13.40956],[-57.61756,-13.33962],[-57.59737,-13.32083],[-57.57575,-13.28318],[-57.55517,-13.27315],[-57.54317,-13.24808],[-57.51931,-13.22322],[-57.49623,-13.17749],[-57.48409,-13.16245],[-57.4959,-13.15039],[-57.52618,-13.15568],[-57.55531,-13.15276],[-57.58882,-13.17324],[-57.63984,-13.15806],[-57.67065,-13.16236],[-57.6742,-13.17435],[-57.69617,-13.18493],[-57.72124,-13.21265],[-57.74826,-13.26936],[-57.92188,-13.20879],[-58.0619,-13.24401],[-58.07564,-13.23604],[-58.11148,-13.24101],[-58.13231,-13.2374],[-58.15501,-13.21178],[-58.15615,-13.19394],[-58.17942,-13.18531],[-58.18273,-13.16194],[-58.17626,-13.13802],[-58.18159,-13.06166],[-58.17198,-13.04939],[-58.18853,-13.04085],[-58.18664,-13.02491],[-58.20007,-13.00399],[-58.20593,-12.97651],[-58.2509,-12.96076],[-58.27637,-12.93251],[-58.29459,-12.92836],[-58.29459,-12.91185],[-58.3117,-12.90563],[-58.34373,-12.87118],[-58.35184,-12.83387],[-58.36156,-12.82128],[-58.38295,-12.82117],[-58.39743,-12.79363],[-58.39423,-12.75136],[-58.40181,-12.73464],[-58.40701,-12.69644],[-58.39845,-12.6727],[-58.41159,-12.66047],[-58.41334,-12.62207],[-58.43294,-12.59509],[-58.43184,-12.57577],[-58.44659,-12.54722],[-58.42314,-12.51382],[-58.43714,-12.50188],[-58.45595,-12.46171],[-58.44017,-12.4321],[-58.46364,-12.39825],[-58.47228,-12.3584],[-58.49073,-12.35369],[-58.49398,-12.3323],[-58.4842,-12.30059],[-58.50606,-12.2975],[-58.50964,-12.28033],[-58.52395,-12.27396],[-58.52645,-12.2547],[-58.51312,-12.24494],[-58.47437,-12.16822],[-58.47439,-12.14549],[-58.49037,-12.12762],[-58.48736,-12.05608],[-58.4757,-12.04278],[-58.48804,-12.02812],[-58.45628,-11.99285],[-58.45876,-11.95516],[-58.4412,-11.92281],[-58.45728,-11.91885],[-58.47045,-11.93222],[-58.50748,-11.94598],[-58.53333,-11.9964],[-58.54654,-11.98563],[-58.55787,-12.01449],[-58.57359,-12.00747],[-58.58633,-12.03427],[-58.6102,-12.04753],[-58.66,-12.05114],[-58.68137,-12.08973],[-58.69476,-12.08521],[-58.71059,-12.11778],[-58.73389,-12.13398],[-58.74667,-12.13165],[-58.78461,-12.15306],[-58.79745,-12.17097],[-58.82303,-12.18108],[-58.83881,-12.20136],[-58.87038,-12.20873],[-58.91506,-12.21141],[-58.93972,-12.22148],[-58.96334,-12.22037],[-58.97437,-12.23003],[-59.01203,-12.23888],[-59.05317,-12.25466],[-59.09236,-12.29722],[-59.11356,-12.3074],[-59.12818,-12.35196],[-59.16481,-12.36462],[-59.18573,-12.35379],[-59.19359,-12.33067],[-59.2282,-12.30301],[-59.25873,-12.30298],[-59.27168,-12.28766],[-59.34873,-12.27874],[-59.36631,-12.2865],[-59.38792,-12.28212],[-59.48239,-12.28661],[-59.49481,-12.29628],[-59.53903,-12.29478],[-59.57131,-12.30591],[-59.5904,-12.30167],[-59.59612,-12.31251],[-59.62737,-12.30247],[-59.68987,-12.3169],[-59.70515,-12.30755],[-59.72979,-12.32754],[-59.757,-12.32853],[-59.77384,-12.34055],[-59.88583,-12.24507],[-59.9012,-12.22347],[-59.90906,-12.18095],[-59.89909,-12.16591],[-59.89929,-12.11682],[-59.92325,-12.09336],[-59.92876,-12.07805],[-59.96148,-12.05596],[-59.96906,-12.03207],[-59.97884,-12.02914],[-59.96606,-12.00676],[-59.97084,-11.96954],[-59.98647,-11.95969],[-59.97987,-11.94607],[-59.98528,-11.91167],[-60.01156,-11.89264],[-60.04987,-11.89746],[-60.07286,-11.88408],[-60.09834,-11.84515],[-60.10284,-11.81877],[-60.09814,-11.79393],[-60.12115,-11.7117],[-60.10939,-11.61514],[-60.11039,-11.58208],[-60.09392,-11.58548],[-60.09787,-11.56749],[-60.05695,-11.54169],[-60.05217,-11.52814],[-60.02745,-11.5075],[-60.03128,-11.49747],[-59.98489,-11.46894],[-59.97572,-11.43882],[-59.95183,-11.43602],[-59.9339,-11.42326],[-59.92012,-11.39761],[-59.92492,-11.36137],[-59.91668,-11.33803],[-59.92726,-11.31003],[-59.95895,-11.29433],[-59.96739,-11.25253],[-59.97917,-11.23913],[-59.98061,-11.20336],[-59.96351,-11.18871],[-59.9799,-11.17919],[-59.99451,-11.1478],[-59.98442,-11.14663],[-59.97626,-11.12199],[-60.0662,-11.12511],[-60.08373,-11.09644],[-60.08884,-11.1085],[-60.14198,-11.10534],[-60.15877,-11.09526],[-60.19848,-11.11369],[-60.22698,-11.10503],[-60.23833,-11.09454],[-60.28031,-11.09113],[-60.28183,-11.06362],[-60.30073,-11.05675],[-60.34145,-11.08223],[-60.34745,-11.10864],[-60.37272,-11.09372],[-60.39103,-11.09339],[-60.40362,-11.06897],[-60.41387,-11.06707],[-60.41097,-11.04637],[-60.42918,-11.03709],[-60.44608,-11.04175],[-60.43742,-11.01629],[-60.45953,-10.98946],[-61.00007,-10.98795],[-61.00007,-10.99184],[-61.54973,-10.9857],[-61.52956,-10.97862],[-61.51378,-10.90699],[-61.52461,-10.85541],[-61.50969,-10.83661],[-61.5029,-10.80805],[-61.51056,-10.79442],[-61.49498,-10.78211],[-61.4855,-10.80021],[-61.47331,-10.79711],[-61.48581,-10.72678],[-61.48042,-10.71438],[-61.49829,-10.69954],[-61.49006,-10.67284],[-61.482,-10.67156],[-61.47842,-10.64265],[-61.48906,-10.62941],[-61.4757,-10.60727],[-61.47942,-10.56876],[-61.46579,-10.54082],[-61.47853,-10.52948],[-61.48028,-10.48735],[-61.46967,-10.46102],[-61.46126,-10.41951],[-61.47098,-10.40475],[-61.49653,-10.38919],[-61.5012,-10.35338],[-61.51564,-10.33404],[-61.53321,-10.33149],[-61.55281,-10.30661],[-61.54356,-10.3006],[-61.5714,-10.25885],[-61.57709,-10.22618],[-61.57348,-10.20856],[-61.5512,-10.19738],[-61.55745,-10.1786],[-61.57804,-10.16281],[-61.59628,-10.16198],[-61.59057,-10.11081],[-61.57817,-10.07885],[-61.58384,-10.05922],[-61.55534,-10.03856],[-61.52745,-9.97004],[-61.53889,-9.96371],[-61.52281,-9.94809],[-61.52445,-9.90618],[-61.50866,-9.8912],[-61.50739,-9.86069],[-61.51772,-9.82263],[-61.53159,-9.81937],[-61.52439,-9.79534],[-61.54683,-9.78715],[-61.53209,-9.75759],[-61.53098,-9.73952],[-61.56625,-9.72899],[-61.57411,-9.7174],[-61.55253,-9.7068],[-61.5319,-9.71138],[-61.50161,-9.68243],[-61.50636,-9.66156],[-61.49354,-9.65899],[-61.47659,-9.62589],[-61.5025,-9.61495],[-61.49428,-9.58207],[-61.50984,-9.5647],[-61.51292,-9.52814],[-61.52659,-9.53287],[-61.54903,-9.51483],[-61.52528,-9.50141],[-61.5622,-9.48538],[-61.5812,-9.45874],[-61.5562,-9.43522],[-61.55007,-9.41736],[-61.56084,-9.39704],[-61.55217,-9.38703],[-61.5733,-9.37032],[-61.59823,-9.3671],[-61.61173,-9.35554],[-61.62539,-9.36262],[-61.62539,-9.33975],[-61.61081,-9.31534],[-61.61147,-9.28031],[-61.63231,-9.27609],[-61.62781,-9.25671],[-61.59908,-9.25564],[-61.57453,-9.23676],[-61.53218,-9.2485],[-61.5191,-9.19481],[-61.52311,-9.17863],[-61.55485,-9.13111],[-61.55522,-9.09201],[-61.52744,-9.01895],[-61.4925,-8.94216],[-61.46797,-8.91698],[-61.48395,-8.90574],[-61.49162,-8.88445],[-61.51097,-8.86325],[-61.5132,-8.83656],[-61.52555,-8.81645],[-61.54256,-8.81871],[-61.56783,-8.80069],[-61.58447,-8.7983],[-60.84836,-8.79776],[-60.41967,-8.79624],[-60.07198,-8.7998],[-59.41231,-8.80294],[-58.49986,-8.80243],[-58.44248,-8.79909],[-58.41538,-8.79245],[-58.3875,-8.77439],[-58.35417,-8.73687],[-58.33157,-8.72607],[-58.32786,-8.71179],[-58.35052,-8.70119],[-58.38317,-8.70553],[-58.41145,-8.72022],[-58.4368,-8.70296],[-58.41377,-8.64351],[-58.40302,-8.6308],[-58.38901,-8.5944],[-58.40997,-8.57],[-58.40369,-8.53911],[-58.41479,-8.5159],[-58.41655,-8.49156],[-58.39791,-8.46385],[-58.38888,-8.43957],[-58.37561,-8.42881],[-58.3532,-8.39243],[-58.34757,-8.34581],[-58.31808,-8.32974],[-58.31533,-8.30605],[-58.32758,-8.28544],[-58.32008,-8.27148],[-58.32167,-8.23168],[-58.31244,-8.20871],[-58.32196,-8.16965],[-58.31693,-8.15416],[-58.28966,-8.13521],[-58.28789,-8.07918],[-58.32123,-8.02459],[-58.331,-7.96837],[-58.35455,-7.9436],[-58.37274,-7.90681],[-58.37416,-7.86437],[-58.38349,-7.85174],[-58.37772,-7.82705],[-58.33356,-7.80401],[-58.29355,-7.77115],[-58.284,-7.74796],[-58.27549,-7.69928],[-58.25129,-7.67641],[-58.23929,-7.65322],[-58.20167,-7.62047],[-58.20202,-7.59636],[-58.21836,-7.54964],[-58.22222,-7.52365],[-58.21264,-7.49294],[-58.21256,-7.45815],[-58.17286,-7.39398],[-58.13656,-7.35574],[-58.11953,-7.35239],[-58.06086,-7.3948],[-58.03461,-7.45375],[-58.00167,-7.48774],[-57.97208,-7.5342],[-57.95156,-7.57976],[-57.94253,-7.61107],[-57.93906,-7.65275],[-57.91569,-7.65696],[-57.89845,-7.6715],[-57.87334,-7.8008],[-57.84047,-7.86109],[-57.8342,-7.88335],[-57.83221,-7.9531],[-57.82834,-7.97251],[-57.8035,-8.00303],[-57.77603,-8.05179],[-57.72794,-8.09383],[-57.71936,-8.14621],[-57.70414,-8.16763],[-57.66675,-8.17608],[-57.64148,-8.21616],[-57.66176,-8.26649],[-57.66434,-8.29449],[-57.67937,-8.31859],[-57.66753,-8.36648],[-57.68606,-8.40662],[-57.68109,-8.43273],[-57.65092,-8.47065],[-57.65856,-8.49999],[-57.63714,-8.51316],[-57.63834,-8.54017],[-57.65001,-8.55298],[-57.64428,-8.58159],[-57.62175,-8.5908],[-57.62425,-8.63845],[-57.6048,-8.66244],[-57.59312,-8.70702],[-57.60056,-8.74083],[-57.59056,-8.75638],[-57.56187,-8.76086],[-57.52989,-8.74778],[-57.48436,-8.76899],[-57.46303,-8.78435],[-57.42708,-8.78285],[-57.41564,-8.79548],[-57.41278,-8.82579],[-57.41998,-8.84922],[-57.38025,-8.88073],[-57.34909,-8.88039],[-57.31456,-8.88662],[-57.30553,-8.90951],[-57.2857,-8.9151],[-57.24503,-8.90567],[-57.21582,-8.91373],[-57.18836,-8.93276],[-57.13778,-8.99422],[-57.09411,-9.01671],[-57.08953,-9.03782],[-57.05911,-9.06388],[-57.06275,-9.07818],[-57.03875,-9.09789],[-57.041,-9.1147],[-57.05995,-9.13673],[-57.05192,-9.15807],[-57.05964,-9.18157],[-57.03883,-9.19664],[-57.02214,-9.2193],[-56.99505,-9.23344],[-56.95175,-9.22269],[-56.93769,-9.23003],[-56.87905,-9.2393],[-56.85984,-9.23125],[-56.81962,-9.24594],[-56.80292,-9.26706],[-56.7847,-9.31617],[-56.77503,-9.32913],[-56.77183,-9.39056],[-56.75378,-9.40597],[-56.71081,-9.37389],[-56.67139,-9.367],[-56.15603,-9.41006],[-55.70288,-9.44738],[-54.9951,-9.50494],[-54.61297,-9.53542],[-54.10614,-9.57152],[-53.58793,-9.61087],[-53.13292,-9.6449],[-52.61951,-9.6818],[-52.25493,-9.70735],[-51.46115,-9.76187],[-51.05841,-9.78741],[-50.84244,-9.80041],[-50.69582,-9.81038],[-50.22436,-9.84074],[-50.225,-9.85355],[-50.24334,-9.87083],[-50.26383,-9.90809],[-50.26676,-9.93424],[-50.27849,-9.95484],[-50.27748,-9.97036],[-50.29022,-9.99041],[-50.29383,-10.0157],[-50.312,-10.04525],[-50.33939,-10.06053],[-50.36152,-10.09666],[-50.3917,-10.13362],[-50.39758,-10.16804],[-50.38895,-10.17452],[-50.3819,-10.22133],[-50.39764,-10.254],[-50.40677,-10.29044],[-50.42428,-10.3342],[-50.41804,-10.35519],[-50.44061,-10.37515],[-50.44783,-10.39116],[-50.47327,-10.40449],[-50.48741,-10.46756],[-50.48217,-10.48963],[-50.51634,-10.50513],[-50.52258,-10.54038],[-50.51928,-10.56207],[-50.53678,-10.604],[-50.56271,-10.61091],[-50.58211,-10.64367],[-50.60294,-10.65959],[-50.60237,-10.67335],[-50.58715,-10.68559],[-50.57013,-10.75209],[-50.58975,-10.78604],[-50.5929,-10.80229],[-50.60672,-10.80427],[-50.62155,-10.839],[-50.61859,-10.86368],[-50.6045,-10.87206],[-50.60034,-10.90027],[-50.63249,-10.93553],[-50.61979,-10.96849],[-50.61697,-11.03158],[-50.609,-11.06703],[-50.61714,-11.08539],[-50.63659,-11.10013],[-50.64343,-11.12277],[-50.65718,-11.1274],[-50.66408,-11.15424],[-50.65558,-11.23982],[-50.66965,-11.28417],[-50.69636,-11.30424],[-50.70664,-11.32775],[-50.71181,-11.35943],[-50.72806,-11.38215],[-50.72653,-11.41073],[-50.74161,-11.45449],[-50.73434,-11.5114],[-50.73848,-11.54409],[-50.71553,-11.57853],[-50.66963,-11.58117],[-50.65811,-11.5894],[-50.66417,-11.62619],[-50.66325,-11.67711],[-50.72114,-11.73129],[-50.70741,-11.76781],[-50.70013,-11.80305],[-50.68759,-11.82462],[-50.68585,-11.85857],[-50.66492,-11.86404],[-50.63883,-11.88415],[-50.64012,-11.90227],[-50.66744,-11.92735],[-50.65428,-11.94756],[-50.65638,-11.96643],[-50.68178,-11.99047],[-50.67739,-12.01909],[-50.68614,-12.04471],[-50.66717,-12.06414],[-50.67557,-12.12347],[-50.6699,-12.13718],[-50.67858,-12.15491],[-50.67872,-12.18766],[-50.68641,-12.20173],[-50.67822,-12.21843],[-50.64325,-12.22254],[-50.64948,-12.24873],[-50.62908,-12.28055],[-50.64846,-12.29867],[-50.63736,-12.32486],[-50.64385,-12.34724],[-50.62642,-12.38361],[-50.63222,-12.41668],[-50.6178,-12.42857],[-50.62312,-12.45486],[-50.65258,-12.45965],[-50.64556,-12.48169],[-50.65914,-12.50566],[-50.66325,-12.53701],[-50.68602,-12.56878],[-50.66897,-12.58034],[-50.67342,-12.59969],[-50.69397,-12.59225],[-50.70367,-12.59938],[-50.69923,-12.64735],[-50.65578,-12.64557],[-50.64589,-12.66337],[-50.65431,-12.67875],[-50.64466,-12.70181],[-50.62967,-12.7041],[-50.63675,-12.71936],[-50.6225,-12.73421],[-50.63554,-12.77143],[-50.61131,-12.77547],[-50.6249,-12.79959],[-50.62228,-12.81931],[-50.60286,-12.80004],[-50.58036,-12.80495],[-50.60083,-12.82255],[-50.5665,-12.843],[-50.53153,-12.8432],[-50.51989,-12.83597],[-50.51061,-12.86034],[-50.5018,-12.88281],[-50.51391,-12.90003],[-50.52566,-12.93948],[-50.52548,-12.97599],[-50.54178,-12.98277],[-50.55637,-13.00203],[-50.59255,-13.00243],[-50.58708,-13.02398],[-50.56872,-13.0387],[-50.57647,-13.05066],[-50.61125,-13.06393],[-50.58983,-13.1092],[-50.59869,-13.14304],[-50.59444,-13.16929],[-50.60293,-13.19644],[-50.58608,-13.21202],[-50.58731,-13.24811],[-50.60475,-13.27312],[-50.60675,-13.31043],[-50.64591,-13.36074],[-50.6652,-13.37571],[-50.66869,-13.39878],[-50.665,-13.44185],[-50.6837,-13.44373],[-50.6965,-13.4755],[-50.74461,-13.50716],[-50.76299,-13.52958],[-50.76803,-13.59661],[-50.78089,-13.61869],[-50.8035,-13.69053],[-50.8225,-13.71279],[-50.85599,-13.71541],[-50.87133,-13.73266],[-50.85337,-13.76532],[-50.85628,-13.83111],[-50.84094,-13.86374],[-50.84525,-13.94123],[-50.86227,-13.95649],[-50.86512,-13.97978],[-50.84877,-14.00033],[-50.85141,-14.0287],[-50.83125,-14.07224],[-50.84097,-14.10447],[-50.86793,-14.12472],[-50.8923,-14.12696],[-50.90433,-14.11273],[-50.91703,-14.11438],[-50.90989,-14.14909],[-50.91369,-14.17022],[-50.96177,-14.25042],[-50.97479,-14.29039],[-50.96883,-14.33349],[-50.98939,-14.36227],[-50.98675,-14.39353],[-50.99861,-14.4188],[-50.98613,-14.4371],[-50.98659,-14.45667],[-50.96776,-14.48187],[-50.97247,-14.50017],[-50.96238,-14.52658],[-50.99692,-14.57776],[-50.99113,-14.61236],[-51.03111,-14.67964],[-51.02674,-14.70636],[-51.04883,-14.73487],[-51.05419,-14.75575],[-51.04405,-14.79459],[-51.06791,-14.80987],[-51.08936,-14.84072],[-51.09108,-14.89141],[-51.08358,-14.9159],[-51.13136,-14.94014],[-51.14644,-14.95908],[-51.14975,-14.98259],[-51.1982,-15.00445],[-51.24214,-15.03496],[-51.29003,-15.03389],[-51.29817,-15.02191],[-51.30146,-14.98609],[-51.32261,-14.97132],[-51.33733,-14.97293],[-51.35682,-15.00206],[-51.37634,-15.01243],[-51.39789,-15.00304],[-51.42729,-15.0079],[-51.44122,-15.02967],[-51.47853,-15.05621],[-51.51191,-15.0542],[-51.53549,-15.06925],[-51.55228,-15.10546],[-51.57347,-15.11305],[-51.59853,-15.1563],[-51.62655,-15.16404],[-51.65163,-15.17944],[-51.65244,-15.20627],[-51.66755,-15.24591],[-51.64647,-15.26751],[-51.67833,-15.29022],[-51.68783,-15.30842],[-51.68578,-15.34548],[-51.67091,-15.37129],[-51.69716,-15.40955],[-51.69241,-15.43281],[-51.70794,-15.45604],[-51.6991,-15.4733],[-51.7042,-15.49626],[-51.73499,-15.51043],[-51.72719,-15.5501],[-51.75122,-15.55467],[-51.76139,-15.5312],[-51.77708,-15.53856],[-51.77717,-15.55382],[-51.75322,-15.60974],[-51.75734,-15.63551],[-51.80305,-15.70875],[-51.80331,-15.72286],[-51.82913,-15.73973],[-51.86001,-15.78959],[-51.87338,-15.79982],[-51.87913,-15.82495],[-51.88977,-15.83155],[-51.91156,-15.81313],[-51.94836,-15.80995],[-51.95366,-15.83722],[-51.98281,-15.84354],[-51.99588,-15.87264],[-52.0101,-15.88514],[-52.05763,-15.88697],[-52.07878,-15.88003],[-52.09685,-15.88821],[-52.10925,-15.88164],[-52.12806,-15.89451],[-52.19067,-15.88133],[-52.21503,-15.89016],[-52.25216,-15.89222],[-52.25542,-15.93009],[-52.26483,-15.94654],[-52.28859,-15.96566],[-52.28966,-15.98492],[-52.31,-16.00696],[-52.32289,-16.03714],[-52.32761,-16.07016],[-52.34978,-16.0835],[-52.36711,-16.08403],[-52.37464,-16.09795],[-52.3993,-16.09382],[-52.43703,-16.10967],[-52.45795,-16.12705],[-52.488,-16.1303],[-52.50025,-16.14226],[-52.51305,-16.13349],[-52.52661,-16.15577],[-52.54814,-16.16468],[-52.54458,-16.22269],[-52.56623,-16.22462],[-52.56791,-16.23448],[-52.545,-16.25952],[-52.56186,-16.26461],[-52.57594,-16.24951],[-52.58693,-16.26881],[-52.61032,-16.27192],[-52.62303,-16.28693],[-52.65658,-16.27972],[-52.68645,-16.31504],[-52.68183,-16.34309],[-52.6925,-16.3679],[-52.67756,-16.38125],[-52.68792,-16.39586],[-52.67616,-16.41187],[-52.65003,-16.40823],[-52.63808,-16.43664],[-52.60391,-16.46422],[-52.60502,-16.48576],[-52.61661,-16.50412],[-52.63708,-16.50247],[-52.62567,-16.53301],[-52.65078,-16.56104],[-52.66222,-16.55061],[-52.67342,-16.56862],[-52.67022,-16.58158],[-52.68978,-16.58381],[-52.70714,-16.57468],[-52.70492,-16.59864],[-52.72579,-16.58617],[-52.74034,-16.60347],[-52.72561,-16.61419],[-52.71522,-16.63882],[-52.72406,-16.64633],[-52.74638,-16.63027],[-52.73995,-16.65636],[-52.77078,-16.66807],[-52.76127,-16.70584],[-52.77922,-16.70753],[-52.78848,-16.7201],[-52.7855,-16.74075],[-52.80692,-16.74098],[-52.83189,-16.77189],[-52.85848,-16.76749],[-52.86689,-16.78078],[-52.8818,-16.77567],[-52.90719,-16.80983],[-52.92611,-16.81793],[-52.92569,-16.8049],[-52.94395,-16.81271],[-52.92663,-16.84058],[-52.9525,-16.84148],[-52.94416,-16.85581],[-52.96374,-16.86623],[-53.00567,-16.86374],[-53.01084,-16.85757],[-53.01844,-16.89822],[-53.03914,-16.91151],[-53.03364,-16.94082],[-53.05467,-16.963],[-53.04944,-16.99239],[-53.06215,-17.01242],[-53.06548,-17.03852],[-53.05553,-17.06992],[-53.08072,-17.07904],[-53.08428,-17.09467],[-53.11864,-17.11278],[-53.11506,-17.1253],[-53.12766,-17.1542],[-53.14192,-17.17064],[-53.15694,-17.1702],[-53.15581,-17.18818],[-53.18544,-17.25721],[-53.19763,-17.25958],[-53.19545,-17.2762],[-53.21816,-17.29886],[-53.20836,-17.31412],[-53.21713,-17.32651],[-53.2046,-17.33287],[-53.197,-17.38091],[-53.20911,-17.38518],[-53.20608,-17.40143],[-53.22992,-17.42624],[-53.22347,-17.45756],[-53.24108,-17.49244],[-53.2475,-17.55843],[-53.23819,-17.58943],[-53.25072,-17.61863],[-53.23731,-17.71401],[-53.20034,-17.7303],[-53.17686,-17.75542],[-53.15916,-17.78639],[-53.16297,-17.79507],[-53.13591,-17.83661],[-53.14253,-17.87122],[-53.12712,-17.89957],[-53.13096,-17.91645],[-53.1,-17.93637],[-53.06956,-17.98547],[-53.0715,-18.03902],[-53.1732,-18.0416]]]}},{"type":"Feature","properties":{"id":"67","phone_code":"67","phone_code_1_digit":"6"},"geometry":{"type":"Polygon","coordinates":[[[-54.28882,-24.0679],[-54.32112,-24.02408],[-54.31929,-24.00824],[-54.35598,-24.00573],[-54.37917,-23.99024],[-54.39856,-23.96521],[-54.41403,-23.95966],[-54.42937,-23.91435],[-54.4494,-23.90088],[-54.48312,-23.89454],[-54.50037,-23.87591],[-54.51704,-23.88568],[-54.54687,-23.86967],[-54.56949,-23.87448],[-54.5662,-23.85513],[-54.58473,-23.8369],[-54.60978,-23.85113],[-54.61709,-23.8337],[-54.64714,-23.83237],[-54.67096,-23.81175],[-54.69898,-23.84034],[-54.70523,-23.86291],[-54.74442,-23.86706],[-54.75882,-23.85574],[-54.77859,-23.86934],[-54.79168,-23.86648],[-54.81353,-23.88828],[-54.8362,-23.88211],[-54.84878,-23.9058],[-54.87248,-23.90701],[-54.8834,-23.89554],[-54.89287,-23.90918],[-54.92465,-23.9224],[-54.92429,-23.95908],[-54.96512,-23.96306],[-54.99759,-23.9555],[-55.03279,-23.97302],[-55.06,-23.99232],[-55.08975,-23.98259],[-55.1066,-23.96083],[-55.11834,-23.9762],[-55.14879,-23.98866],[-55.17828,-23.99334],[-55.19776,-23.98674],[-55.2049,-24.00113],[-55.24348,-24.00122],[-55.31773,-23.96053],[-55.33671,-23.99365],[-55.35781,-23.99029],[-55.38743,-23.96804],[-55.39593,-23.97653],[-55.41879,-23.95901],[-55.42729,-23.9267],[-55.44348,-23.91756],[-55.4344,-23.8731],[-55.43901,-23.83046],[-55.44887,-23.81972],[-55.43014,-23.79077],[-55.44368,-23.76073],[-55.43842,-23.71111],[-55.45259,-23.71778],[-55.46424,-23.70406],[-55.46032,-23.68483],[-55.47373,-23.67592],[-55.47245,-23.64982],[-55.50776,-23.6329],[-55.52965,-23.63045],[-55.53582,-23.59229],[-55.52387,-23.56734],[-55.54435,-23.52232],[-55.54564,-23.5035],[-55.56156,-23.47569],[-55.54643,-23.47676],[-55.54609,-23.44854],[-55.51712,-23.40927],[-55.50526,-23.37703],[-55.5204,-23.36352],[-55.53587,-23.33145],[-55.55599,-23.31874],[-55.55412,-23.2777],[-55.5229,-23.25854],[-55.53757,-23.25017],[-55.54614,-23.21928],[-55.5342,-23.21617],[-55.52345,-23.19659],[-55.5427,-23.17982],[-55.54209,-23.15543],[-55.57407,-23.14322],[-55.59696,-23.15221],[-55.59507,-23.11927],[-55.61634,-23.08171],[-55.61065,-23.04859],[-55.63854,-23.02614],[-55.62176,-22.98534],[-55.64679,-22.95066],[-55.65048,-22.88777],[-55.66074,-22.88151],[-55.66573,-22.85169],[-55.65835,-22.84198],[-55.65256,-22.79235],[-55.63446,-22.77015],[-55.6169,-22.76769],[-55.61918,-22.75233],[-55.60915,-22.69002],[-55.6132,-22.65694],[-55.62435,-22.62857],[-55.69237,-22.5785],[-55.69488,-22.56316],[-55.72142,-22.55153],[-55.74787,-22.50017],[-55.7514,-22.47606],[-55.73509,-22.45816],[-55.73692,-22.41092],[-55.74482,-22.38866],[-55.78204,-22.38394],[-55.80245,-22.37228],[-55.80001,-22.35512],[-55.82363,-22.34118],[-55.83768,-22.29347],[-55.85295,-22.2799],[-55.8962,-22.28491],[-55.9161,-22.27663],[-55.96782,-22.2898],[-55.98253,-22.27845],[-56.01373,-22.28599],[-56.06237,-22.27632],[-56.07026,-22.28575],[-56.09523,-22.28385],[-56.11662,-22.27032],[-56.1367,-22.28537],[-56.16562,-22.28809],[-56.19199,-22.27225],[-56.21026,-22.2768],[-56.23267,-22.25626],[-56.23884,-22.23536],[-56.27615,-22.236],[-56.30106,-22.21511],[-56.31549,-22.21763],[-56.33582,-22.19751],[-56.34973,-22.17289],[-56.36305,-22.16999],[-56.37218,-22.14308],[-56.36685,-22.13584],[-56.38517,-22.10434],[-56.39243,-22.0744],[-56.43037,-22.08583],[-56.47084,-22.08033],[-56.47465,-22.09326],[-56.50601,-22.0963],[-56.52229,-22.12724],[-56.51813,-22.13958],[-56.53718,-22.14703],[-56.53299,-22.15885],[-56.55574,-22.16908],[-56.55185,-22.18468],[-56.56824,-22.207],[-56.58015,-22.20338],[-56.60518,-22.23217],[-56.62601,-22.24561],[-56.64044,-22.24403],[-56.6351,-22.26249],[-56.67726,-22.24532],[-56.68112,-22.22184],[-56.69295,-22.22733],[-56.72023,-22.26305],[-56.74527,-22.23501],[-56.77444,-22.25942],[-56.78412,-22.24185],[-56.80238,-22.25173],[-56.80082,-22.28273],[-56.84171,-22.3021],[-56.87851,-22.27725],[-56.87432,-22.26354],[-56.88449,-22.24646],[-56.90579,-22.26701],[-56.92499,-22.25132],[-56.94573,-22.25673],[-56.95751,-22.23918],[-56.98385,-22.24354],[-56.99632,-22.22283],[-57.00913,-22.23562],[-57.03204,-22.23376],[-57.04454,-22.242],[-57.0589,-22.22943],[-57.06107,-22.24361],[-57.09371,-22.24864],[-57.11182,-22.2398],[-57.10476,-22.22636],[-57.13463,-22.22515],[-57.14696,-22.23318],[-57.18304,-22.23533],[-57.20093,-22.21012],[-57.21405,-22.21851],[-57.21671,-22.2392],[-57.24063,-22.24938],[-57.25469,-22.23712],[-57.27677,-22.23499],[-57.29171,-22.2179],[-57.32027,-22.24456],[-57.33551,-22.22864],[-57.37554,-22.2315],[-57.3771,-22.21305],[-57.41618,-22.19617],[-57.43357,-22.19917],[-57.44715,-22.1866],[-57.46466,-22.19159],[-57.50571,-22.18475],[-57.52271,-22.16834],[-57.54662,-22.18145],[-57.5778,-22.17613],[-57.58774,-22.16379],[-57.58293,-22.14137],[-57.60426,-22.1303],[-57.6126,-22.09457],[-57.63763,-22.10582],[-57.66299,-22.10599],[-57.68846,-22.08809],[-57.70619,-22.08975],[-57.71621,-22.11259],[-57.72949,-22.09984],[-57.74579,-22.1384],[-57.77871,-22.12564],[-57.80319,-22.15044],[-57.82788,-22.11961],[-57.86129,-22.13042],[-57.88826,-22.12265],[-57.92829,-22.12147],[-57.93982,-22.08379],[-57.96018,-22.07975],[-57.96944,-22.09031],[-57.99154,-22.09039],[-57.98474,-22.06177],[-58.00539,-22.04994],[-58.00113,-22.02847],[-57.96772,-22.00923],[-57.96307,-21.97882],[-57.95316,-21.96557],[-57.93602,-21.9218],[-57.94813,-21.90128],[-57.91646,-21.87325],[-57.96999,-21.84595],[-57.93224,-21.82638],[-57.91337,-21.79147],[-57.90874,-21.76898],[-57.93751,-21.75791],[-57.9456,-21.74247],[-57.93754,-21.7312],[-57.89626,-21.70539],[-57.88496,-21.68131],[-57.92524,-21.66181],[-57.94138,-21.62413],[-57.91277,-21.59626],[-57.92079,-21.58089],[-57.95844,-21.56345],[-57.96635,-21.52509],[-57.92438,-21.46456],[-57.9261,-21.4508],[-57.90741,-21.41705],[-57.90388,-21.39996],[-57.86192,-21.35288],[-57.85282,-21.31651],[-57.8958,-21.30574],[-57.92002,-21.27679],[-57.85774,-21.23342],[-57.84622,-21.19226],[-57.86194,-21.1394],[-57.84468,-21.09803],[-57.86476,-21.06604],[-57.86743,-21.04095],[-57.84785,-21.0222],[-57.8167,-20.97951],[-57.82424,-20.96332],[-57.81896,-20.94219],[-57.83344,-20.93554],[-57.84698,-20.9471],[-57.87218,-20.93891],[-57.88404,-20.91398],[-57.90245,-20.90133],[-57.92046,-20.90377],[-57.92155,-20.88721],[-57.86452,-20.84787],[-57.86341,-20.81675],[-57.89404,-20.79057],[-57.9331,-20.79898],[-57.96059,-20.78886],[-57.94227,-20.7533],[-57.91574,-20.74343],[-57.87496,-20.75004],[-57.86349,-20.74546],[-57.87763,-20.71314],[-57.92065,-20.66312],[-57.93305,-20.66592],[-57.95413,-20.70317],[-57.98499,-20.70131],[-57.98868,-20.68691],[-57.9703,-20.64299],[-57.9909,-20.63381],[-58.01246,-20.61259],[-57.99716,-20.57283],[-58.0184,-20.51345],[-58.01432,-20.48565],[-57.99454,-20.45422],[-57.99496,-20.44027],[-58.02057,-20.4021],[-58.06299,-20.39254],[-58.08388,-20.37226],[-58.10171,-20.32422],[-58.09416,-20.30513],[-58.0896,-20.26111],[-58.10154,-20.25064],[-58.12795,-20.25442],[-58.14426,-20.27235],[-58.16107,-20.26204],[-58.16602,-20.23774],[-58.14882,-20.21126],[-58.12191,-20.19474],[-58.13649,-20.17981],[-58.16118,-20.17991],[-58.16704,-20.1714],[-58.15213,-20.15243],[-58.11482,-20.1433],[-58.08841,-20.10735],[-58.04854,-20.10471],[-58.03267,-20.06468],[-58.01838,-20.05727],[-57.98573,-20.05803],[-57.97207,-20.04767],[-57.95874,-20.02181],[-57.92718,-20.02256],[-57.90182,-20.04167],[-57.88682,-20.01506],[-57.8619,-19.9852],[-57.85899,-19.96992],[-58.13129,-19.75806],[-58.03175,-19.55204],[-57.78374,-19.03307],[-57.70968,-19.03216],[-57.69385,-19.01052],[-57.69648,-18.99695],[-57.71879,-18.97661],[-57.71932,-18.89863],[-57.76615,-18.89885],[-57.55732,-18.23991],[-57.4534,-18.23076],[-57.47934,-18.20819],[-57.4826,-18.19676],[-57.50462,-18.19991],[-57.57435,-18.13145],[-57.59959,-18.04593],[-57.72015,-17.82743],[-57.68265,-17.8277],[-57.68271,-17.80757],[-57.71962,-17.77128],[-57.70912,-17.72945],[-57.73045,-17.71834],[-57.74018,-17.69324],[-57.74852,-17.69279],[-57.76005,-17.66343],[-57.77517,-17.65658],[-57.78278,-17.63882],[-57.7714,-17.6125],[-57.78037,-17.57587],[-57.79392,-17.56384],[-57.78515,-17.55511],[-57.75178,-17.56403],[-57.73953,-17.53587],[-57.72754,-17.52932],[-57.71163,-17.54269],[-57.71023,-17.56736],[-57.70112,-17.57732],[-57.70154,-17.60081],[-57.68939,-17.63988],[-57.67126,-17.66368],[-57.68021,-17.68448],[-57.68409,-17.71605],[-57.66304,-17.72942],[-57.63979,-17.71693],[-57.62259,-17.73592],[-57.60184,-17.80443],[-57.57581,-17.80009],[-57.57093,-17.81496],[-57.53051,-17.83868],[-57.53426,-17.8532],[-57.51082,-17.86346],[-57.47707,-17.85862],[-57.47715,-17.87845],[-57.45195,-17.90221],[-57.44621,-17.87407],[-57.42122,-17.85376],[-57.41023,-17.85766],[-57.39801,-17.83893],[-57.38517,-17.84384],[-57.37693,-17.82575],[-57.35294,-17.83742],[-57.32471,-17.82872],[-57.30757,-17.81037],[-57.28282,-17.82226],[-57.26432,-17.81991],[-57.22662,-17.78235],[-57.19776,-17.78723],[-57.17434,-17.7758],[-57.15543,-17.77798],[-57.14623,-17.76707],[-57.11509,-17.78065],[-57.09807,-17.76998],[-57.09259,-17.75324],[-57.0734,-17.73503],[-57.0444,-17.72988],[-57.03286,-17.69431],[-57.01876,-17.69173],[-57.00909,-17.67003],[-56.98771,-17.65885],[-56.98334,-17.64146],[-56.96157,-17.6159],[-56.96003,-17.60472],[-56.9809,-17.61058],[-56.98184,-17.5798],[-56.94987,-17.5682],[-56.94117,-17.54979],[-56.90906,-17.53211],[-56.89526,-17.53895],[-56.87546,-17.53254],[-56.86096,-17.50477],[-56.86145,-17.48347],[-56.84973,-17.48635],[-56.84731,-17.46357],[-56.82498,-17.45265],[-56.8404,-17.44157],[-56.82221,-17.43713],[-56.8239,-17.42264],[-56.84151,-17.41775],[-56.8282,-17.38953],[-56.78548,-17.38709],[-56.78624,-17.37007],[-56.76237,-17.3602],[-56.76836,-17.34042],[-56.75638,-17.32525],[-56.7438,-17.32687],[-56.73334,-17.30942],[-56.71303,-17.31836],[-56.68267,-17.31613],[-56.66306,-17.33839],[-56.6562,-17.32101],[-56.64495,-17.33891],[-56.64693,-17.31655],[-56.62993,-17.33377],[-56.57606,-17.33062],[-56.56713,-17.31448],[-56.55051,-17.32244],[-56.4977,-17.29828],[-56.46345,-17.31523],[-56.45187,-17.30974],[-56.44362,-17.33118],[-56.43209,-17.31815],[-56.38842,-17.30151],[-56.38256,-17.28752],[-56.36015,-17.28041],[-56.35617,-17.26661],[-56.33537,-17.28951],[-56.31303,-17.26899],[-56.29734,-17.27615],[-56.27961,-17.25873],[-56.2849,-17.24698],[-56.25604,-17.24336],[-56.25084,-17.21859],[-56.20826,-17.22683],[-56.21251,-17.21018],[-56.18864,-17.20993],[-56.18493,-17.1888],[-56.16284,-17.19426],[-56.11345,-17.16619],[-56.08396,-17.17723],[-56.06033,-17.17156],[-56.05048,-17.18651],[-56.04361,-17.17096],[-56.00501,-17.20376],[-56.01806,-17.20902],[-56.01028,-17.23861],[-55.98823,-17.24108],[-55.95531,-17.25602],[-55.94081,-17.27745],[-55.92584,-17.25742],[-55.91614,-17.26461],[-55.88603,-17.26346],[-55.88606,-17.28433],[-55.87431,-17.2682],[-55.84142,-17.3008],[-55.80601,-17.29757],[-55.80451,-17.309],[-55.78392,-17.32961],[-55.7607,-17.32309],[-55.72236,-17.34878],[-55.70859,-17.33718],[-55.70084,-17.35369],[-55.69273,-17.33945],[-55.6676,-17.35025],[-55.65607,-17.33782],[-55.6457,-17.35897],[-55.63842,-17.34935],[-55.62584,-17.36359],[-55.61292,-17.35941],[-55.5824,-17.37863],[-55.58656,-17.42127],[-55.54912,-17.44764],[-55.52359,-17.48074],[-55.47214,-17.48092],[-55.45329,-17.49996],[-55.41586,-17.51448],[-55.37661,-17.5146],[-55.35326,-17.53118],[-55.35017,-17.54812],[-55.29217,-17.54211],[-55.27517,-17.56463],[-55.2687,-17.55634],[-55.24203,-17.60168],[-55.23142,-17.59514],[-55.19218,-17.62654],[-55.18339,-17.61937],[-55.16256,-17.64173],[-55.1415,-17.63885],[-55.12676,-17.65228],[-55.10826,-17.62822],[-55.07215,-17.63119],[-55.06332,-17.64202],[-55.01025,-17.6289],[-54.99133,-17.63796],[-54.97378,-17.61661],[-54.94293,-17.60859],[-54.90167,-17.61111],[-54.86037,-17.62341],[-54.85109,-17.61259],[-54.82451,-17.60924],[-54.82081,-17.59694],[-54.77689,-17.57022],[-54.75829,-17.56526],[-54.76167,-17.55398],[-54.74987,-17.523],[-54.69503,-17.50308],[-54.68082,-17.50641],[-54.65623,-17.49646],[-54.60692,-17.48669],[-54.58117,-17.46757],[-54.55369,-17.48823],[-54.53584,-17.47714],[-54.50326,-17.47967],[-54.47374,-17.49755],[-54.47906,-17.5074],[-54.46642,-17.52863],[-54.42059,-17.53731],[-54.40322,-17.5641],[-54.38245,-17.57109],[-54.38411,-17.60092],[-54.37392,-17.60814],[-54.3873,-17.63149],[-54.37114,-17.64461],[-54.33509,-17.66128],[-54.30193,-17.66122],[-54.26937,-17.65164],[-54.24325,-17.62846],[-54.2135,-17.61973],[-54.19292,-17.60568],[-54.15372,-17.60543],[-54.13369,-17.61828],[-54.12245,-17.61278],[-54.0842,-17.61859],[-54.07278,-17.58736],[-54.05114,-17.56233],[-54.04542,-17.53679],[-54.05758,-17.51269],[-54.03715,-17.48601],[-53.9945,-17.46795],[-53.98361,-17.47337],[-53.95176,-17.45889],[-53.93061,-17.43901],[-53.91411,-17.41397],[-53.8875,-17.39216],[-53.86789,-17.36794],[-53.83083,-17.35458],[-53.83447,-17.33532],[-53.81958,-17.29417],[-53.78522,-17.28707],[-53.75859,-17.2427],[-53.73603,-17.23174],[-53.70817,-17.22773],[-53.67959,-17.25313],[-53.70339,-17.6609],[-53.73319,-17.66253],[-53.75648,-17.67302],[-53.79975,-17.67035],[-53.85542,-17.70227],[-53.86044,-17.72027],[-53.88789,-17.74855],[-53.895,-17.77658],[-53.91267,-17.80759],[-53.94067,-17.83976],[-53.95526,-17.88258],[-53.94417,-17.90689],[-53.95117,-17.91535],[-53.92186,-17.91972],[-53.89806,-17.90836],[-53.86967,-17.92695],[-53.83706,-17.93426],[-53.80812,-17.9718],[-53.78878,-17.98033],[-53.77373,-18.00032],[-53.73333,-17.99489],[-53.70009,-18.00537],[-53.66076,-17.97707],[-53.61206,-17.97759],[-53.6065,-17.99504],[-53.57453,-18.0122],[-53.55675,-18.00521],[-53.54705,-18.01411],[-53.51739,-18.0202],[-53.48558,-18.03995],[-53.46736,-18.03445],[-53.4568,-17.99925],[-53.42992,-17.98355],[-53.41214,-17.98805],[-53.38029,-18.00831],[-53.34211,-18.00785],[-53.29869,-17.99504],[-53.23728,-18.007],[-53.1983,-18.01986],[-53.19005,-18.03585],[-53.1732,-18.0416],[-53.0715,-18.03902],[-53.07523,-18.05035],[-53.12316,-18.05838],[-53.14275,-18.08139],[-53.12853,-18.13804],[-53.12925,-18.16026],[-53.10972,-18.21907],[-53.10984,-18.24761],[-53.10155,-18.27217],[-53.10066,-18.31038],[-53.06945,-18.34243],[-53.02433,-18.35016],[-53.01345,-18.32569],[-52.97861,-18.30427],[-52.93474,-18.29611],[-52.87272,-18.31439],[-52.8203,-18.31028],[-52.78698,-18.32014],[-52.7587,-18.34916],[-52.76142,-18.37086],[-52.78558,-18.38986],[-52.79803,-18.41441],[-52.87484,-18.42829],[-52.88047,-18.46504],[-52.9063,-18.48506],[-52.91527,-18.50845],[-52.9448,-18.5193],[-52.96444,-18.54958],[-52.93397,-18.59866],[-52.93938,-18.61281],[-52.91383,-18.61937],[-52.91627,-18.63984],[-52.873,-18.64574],[-52.82717,-18.67144],[-52.80895,-18.66653],[-52.78625,-18.68085],[-52.76542,-18.68071],[-52.74912,-18.69032],[-52.71954,-18.69131],[-52.68086,-18.67823],[-52.64288,-18.68799],[-52.59238,-18.68944],[-52.55255,-18.65654],[-52.53077,-18.65757],[-52.52131,-18.66887],[-52.44864,-18.69051],[-52.40936,-18.75453],[-52.37789,-18.78348],[-52.36931,-18.7988],[-52.35355,-18.79975],[-52.3439,-18.82197],[-52.30855,-18.83926],[-52.29447,-18.82883],[-52.2643,-18.83023],[-52.251,-18.83913],[-52.21883,-18.8421],[-52.20747,-18.84968],[-52.1865,-18.84543],[-52.16552,-18.86506],[-52.14758,-18.89347],[-52.10575,-18.90545],[-52.10852,-18.91849],[-52.08088,-18.95045],[-52.04475,-18.95005],[-52.01397,-18.97296],[-51.98091,-18.97078],[-51.97772,-18.98036],[-51.93985,-18.96752],[-51.89833,-18.99373],[-51.89075,-19.01652],[-51.85447,-19.05102],[-51.81789,-19.05313],[-51.76016,-19.08817],[-51.74272,-19.08738],[-51.72822,-19.10777],[-51.70539,-19.10621],[-51.65747,-19.13746],[-51.63916,-19.12697],[-51.60872,-19.14042],[-51.59202,-19.12696],[-51.55411,-19.13202],[-51.501,-19.14732],[-51.49344,-19.16254],[-51.47354,-19.1538],[-51.45779,-19.16711],[-51.42,-19.16608],[-51.39507,-19.19563],[-51.37463,-19.19418],[-51.36596,-19.22191],[-51.34352,-19.21347],[-51.33519,-19.2218],[-51.30733,-19.21807],[-51.29749,-19.23833],[-51.27428,-19.26166],[-51.25174,-19.27362],[-51.2238,-19.25773],[-51.18747,-19.26809],[-51.18002,-19.28308],[-51.14335,-19.28675],[-51.1256,-19.303],[-51.08749,-19.30787],[-51.05735,-19.32899],[-51.03218,-19.36151],[-51.0205,-19.38944],[-51.0318,-19.39744],[-51.00565,-19.39863],[-51.00435,-19.41266],[-50.98458,-19.40996],[-50.98483,-19.43092],[-50.95166,-19.44218],[-50.93402,-19.46714],[-50.96199,-19.48442],[-50.96247,-19.50012],[-50.93041,-19.54178],[-50.92369,-19.55816],[-50.92752,-19.58734],[-50.94607,-19.59123],[-50.9624,-19.58124],[-50.98708,-19.58905],[-50.98999,-19.60494],[-51.0127,-19.6539],[-51.0361,-19.68655],[-51.04496,-19.7371],[-51.02742,-19.75612],[-51.03946,-19.77666],[-51.02222,-19.80704],[-51.01883,-19.86999],[-50.99899,-19.90591],[-50.99973,-19.91766],[-51.02067,-19.96357],[-51.00433,-19.99876],[-51.00556,-20.02484],[-51.01741,-20.04793],[-51.0,-20.08492],[-51.00061,-20.09429],[-51.02876,-20.15049],[-51.04833,-20.19811],[-51.058,-20.23306],[-51.06868,-20.24959],[-51.10059,-20.27347],[-51.12745,-20.29216],[-51.16029,-20.30476],[-51.2952,-20.32802],[-51.32096,-20.33916],[-51.35039,-20.36272],[-51.37463,-20.39606],[-51.40878,-20.45908],[-51.44872,-20.48234],[-51.49443,-20.55302],[-51.49974,-20.56775],[-51.52099,-20.58683],[-51.57702,-20.62471],[-51.59366,-20.64338],[-51.62772,-20.72462],[-51.63441,-20.75439],[-51.62191,-20.77641],[-51.63249,-20.82109],[-51.62505,-20.87361],[-51.61299,-20.88961],[-51.61848,-20.93187],[-51.62624,-20.94593],[-51.66451,-20.96985],[-51.71321,-20.971],[-51.75281,-21.01398],[-51.77077,-21.0422],[-51.77516,-21.07263],[-51.78918,-21.10166],[-51.8231,-21.12638],[-51.86499,-21.13008],[-51.8785,-21.14767],[-51.87923,-21.19745],[-51.86319,-21.22625],[-51.84803,-21.26617],[-51.85803,-21.30004],[-51.86057,-21.33621],[-51.86827,-21.35307],[-51.90509,-21.38354],[-51.91772,-21.41172],[-51.92819,-21.45535],[-51.94864,-21.46935],[-51.96741,-21.5013],[-51.99768,-21.51516],[-52.06596,-21.50413],[-52.09547,-21.5416],[-52.10167,-21.56935],[-52.06839,-21.59764],[-52.04903,-21.64262],[-52.04937,-21.66264],[-52.076,-21.71442],[-52.10237,-21.74483],[-52.13956,-21.75527],[-52.16077,-21.77031],[-52.18349,-21.81399],[-52.19007,-21.84568],[-52.23294,-21.88329],[-52.24791,-21.90181],[-52.27447,-21.91448],[-52.30832,-21.95145],[-52.31853,-21.97167],[-52.34494,-22.06151],[-52.37672,-22.10621],[-52.39591,-22.1184],[-52.40769,-22.14117],[-52.45041,-22.1801],[-52.47947,-22.20042],[-52.48625,-22.21471],[-52.55084,-22.24272],[-52.57869,-22.25149],[-52.6015,-22.27148],[-52.63052,-22.28338],[-52.65639,-22.30333],[-52.69464,-22.31414],[-52.72377,-22.33464],[-52.74534,-22.34285],[-52.79783,-22.37781],[-52.83939,-22.41485],[-52.85426,-22.43865],[-52.99808,-22.49272],[-53.01386,-22.5202],[-53.0393,-22.52693],[-53.07748,-22.55287],[-53.10841,-22.59785],[-53.10469,-22.62146],[-53.12738,-22.65188],[-53.18839,-22.72148],[-53.20145,-22.7283],[-53.24363,-22.73423],[-53.32686,-22.7641],[-53.36078,-22.78143],[-53.37703,-22.80277],[-53.39823,-22.80626],[-53.42915,-22.83249],[-53.48426,-22.86339],[-53.53342,-22.8816],[-53.55894,-22.9055],[-53.57027,-22.92802],[-53.60692,-22.95087],[-53.63362,-22.99803],[-53.62939,-23.01304],[-53.63608,-23.12456],[-53.65982,-23.15399],[-53.65935,-23.1653],[-53.69305,-23.22093],[-53.72715,-23.31325],[-53.77058,-23.37164],[-53.81551,-23.38518],[-53.87609,-23.41932],[-53.93154,-23.44548],[-53.95969,-23.44295],[-53.98238,-23.4596],[-54.00383,-23.51061],[-54.00684,-23.54428],[-54.02351,-23.58561],[-54.03172,-23.6512],[-54.05061,-23.6867],[-54.05317,-23.72752],[-54.0752,-23.76402],[-54.08759,-23.84406],[-54.07939,-23.88851],[-54.09934,-23.946],[-54.12919,-23.98164],[-54.16849,-23.99853],[-54.24479,-24.05351],[-54.27757,-24.06275],[-54.28882,-24.0679]]]}},{"type":"Feature","properties":{"id":"68","phone_code":"68","phone_code_1_digit":"6"},"geometry":{"type":"Polygon","coordinates":[[[-72.90061,-7.43695],[-72.58801,-7.55025],[-72.30293,-7.58456],[-71.95781,-7.62487],[-71.08793,-7.72589],[-70.13261,-7.83583],[-70.05181,-7.847],[-69.44271,-8.36696],[-68.92234,-8.81252],[-68.64662,-9.04904],[-67.51684,-9.56029],[-67.32549,-9.59196],[-66.8097,-9.81766],[-66.62442,-9.89874],[-66.63525,-9.91293],[-66.63761,-9.95176],[-66.65144,-9.93631],[-66.66328,-9.93943],[-66.67577,-9.96783],[-66.72014,-9.98312],[-66.73119,-9.98045],[-66.74109,-9.99647],[-66.76394,-9.99968],[-66.8063,-10.03735],[-66.802,-10.04298],[-66.83558,-10.06246],[-66.83808,-10.0831],[-66.87511,-10.08285],[-66.87053,-10.09503],[-66.88714,-10.0991],[-66.90217,-10.12647],[-66.94461,-10.15748],[-66.95373,-10.18921],[-66.98083,-10.18995],[-66.99936,-10.21721],[-66.98978,-10.21738],[-67.01572,-10.25783],[-67.04803,-10.26528],[-67.04775,-10.27559],[-67.08794,-10.29046],[-67.09811,-10.28233],[-67.13061,-10.29289],[-67.14289,-10.32621],[-67.18702,-10.34029],[-67.19488,-10.32491],[-67.23544,-10.31705],[-67.26561,-10.33318],[-67.28567,-10.32009],[-67.31544,-10.31932],[-67.32697,-10.33453],[-67.31549,-10.34696],[-67.31069,-10.37254],[-67.32802,-10.38327],[-67.35067,-10.37901],[-67.35586,-10.39311],[-67.36728,-10.37667],[-67.37764,-10.38313],[-67.40716,-10.37386],[-67.42272,-10.39393],[-67.41333,-10.40146],[-67.41325,-10.4272],[-67.43033,-10.43077],[-67.44361,-10.45492],[-67.51386,-10.47835],[-67.51844,-10.49101],[-67.5375,-10.48792],[-67.57924,-10.5028],[-67.60686,-10.54497],[-67.61203,-10.56359],[-67.63358,-10.57907],[-67.64027,-10.59807],[-67.66011,-10.61627],[-67.6763,-10.60484],[-67.70711,-10.71045],[-67.74375,-10.70768],[-67.78086,-10.67754],[-67.79159,-10.6777],[-67.82316,-10.65212],[-67.85456,-10.64997],[-67.86386,-10.64067],[-67.90805,-10.64141],[-67.91686,-10.65227],[-67.94125,-10.65599],[-67.96089,-10.65002],[-67.97613,-10.6626],[-68.00194,-10.64796],[-68.03289,-10.65486],[-68.03083,-10.66487],[-68.05464,-10.67001],[-68.06547,-10.68414],[-68.09997,-10.70916],[-68.10819,-10.72483],[-68.09669,-10.74855],[-68.10333,-10.77541],[-68.17268,-10.83839],[-68.18215,-10.85621],[-68.19635,-10.85907],[-68.2088,-10.9043],[-68.2243,-10.91152],[-68.23742,-10.95613],[-68.27819,-10.98926],[-68.30766,-10.99214],[-68.33226,-11.01331],[-68.35382,-11.00421],[-68.38484,-11.01796],[-68.3885,-11.04053],[-68.40501,-11.05347],[-68.43168,-11.03144],[-68.4448,-11.04593],[-68.48737,-11.05058],[-68.50469,-11.06451],[-68.51887,-11.08804],[-68.54188,-11.09926],[-68.54256,-11.11003],[-68.71575,-11.14483],[-68.71089,-11.12938],[-68.72086,-11.10356],[-68.75734,-11.08382],[-68.76617,-11.04908],[-68.75097,-11.03694],[-68.74789,-11.01058],[-68.80386,-11.00204],[-68.82844,-11.00819],[-68.84763,-10.99335],[-68.86043,-11.01789],[-68.89536,-11.00667],[-68.90824,-11.02167],[-68.93424,-11.00534],[-68.94719,-11.01261],[-68.95274,-10.98949],[-68.97334,-10.98924],[-68.99456,-11.01082],[-69.01547,-11.002],[-69.03866,-10.97687],[-69.06139,-10.98432],[-69.07233,-10.96593],[-69.10136,-10.98004],[-69.1247,-10.96707],[-69.16355,-10.96523],[-69.18567,-10.94844],[-69.21577,-10.95666],[-69.23189,-10.93987],[-69.24075,-10.95106],[-69.27053,-10.94189],[-69.27395,-10.95433],[-69.34583,-10.93833],[-69.35675,-10.94443],[-69.41561,-10.92717],[-69.42758,-10.937],[-69.44967,-10.93608],[-69.45406,-10.9498],[-69.49564,-10.94942],[-69.5002,-10.93683],[-69.53861,-10.93576],[-69.54119,-10.9505],[-69.58856,-10.94047],[-69.63512,-10.95716],[-69.65897,-10.952],[-69.66917,-10.96196],[-69.73653,-10.97445],[-69.75983,-10.9398],[-69.8005,-10.92615],[-69.83097,-10.93359],[-69.85153,-10.92433],[-69.89983,-10.9201],[-69.92186,-10.93233],[-69.93442,-10.9219],[-69.95345,-10.92717],[-69.97347,-10.94767],[-70.0035,-10.9598],[-70.06722,-10.9925],[-70.08044,-10.98402],[-70.107,-11.00697],[-70.12256,-11.01015],[-70.15869,-11.04096],[-70.17669,-11.03882],[-70.19992,-11.0536],[-70.24136,-11.04602],[-70.27153,-11.05977],[-70.2803,-11.05617],[-70.30672,-11.06983],[-70.37403,-11.06045],[-70.38542,-11.04732],[-70.43327,-11.03981],[-70.44952,-11.00082],[-70.46917,-10.98864],[-70.53033,-10.93465],[-70.62103,-10.99982],[-70.62286,-10.71124],[-70.62528,-10.46098],[-70.62411,-10.07494],[-70.62082,-9.96131],[-70.62165,-9.82155],[-70.60877,-9.80129],[-70.59069,-9.80278],[-70.57851,-9.77666],[-70.55969,-9.78751],[-70.53481,-9.76325],[-70.53789,-9.74682],[-70.52584,-9.72269],[-70.54303,-9.67831],[-70.56587,-9.66546],[-70.59723,-9.60619],[-70.58501,-9.58911],[-70.59019,-9.56461],[-70.5748,-9.56146],[-70.56154,-9.57355],[-70.57022,-9.53029],[-70.5419,-9.53584],[-70.54472,-9.51095],[-70.53113,-9.51363],[-70.51141,-9.48984],[-70.52236,-9.4576],[-70.50286,-9.46144],[-70.51027,-9.44598],[-70.49462,-9.43938],[-70.50233,-9.42174],[-70.53659,-9.43585],[-70.56031,-9.42735],[-70.59528,-9.45753],[-70.61105,-9.45616],[-70.61474,-9.47392],[-70.63533,-9.48521],[-70.63513,-9.49906],[-70.65211,-9.49887],[-70.66281,-9.52372],[-70.68713,-9.53114],[-70.72554,-9.5547],[-70.72902,-9.5676],[-70.75036,-9.55895],[-70.75989,-9.58323],[-70.7566,-9.60202],[-70.78708,-9.61293],[-70.79273,-9.63632],[-70.85163,-9.65398],[-70.88848,-9.68887],[-70.92494,-9.74068],[-70.95164,-9.74141],[-70.97389,-9.7579],[-70.99532,-9.81672],[-71.04862,-9.81614],[-71.07739,-9.82804],[-71.10366,-9.85173],[-71.14475,-9.86292],[-71.1722,-9.88847],[-71.18186,-9.91789],[-71.20619,-9.94757],[-71.21133,-9.96678],[-71.25359,-9.96388],[-71.25961,-9.97849],[-71.30845,-9.99239],[-71.33936,-9.97239],[-71.3645,-9.98543],[-71.37558,-10.00083],[-72.19894,-10.00015],[-72.1981,-9.98807],[-72.17069,-9.96785],[-72.17505,-9.94329],[-72.18994,-9.93719],[-72.18544,-9.9162],[-72.15442,-9.88436],[-72.1713,-9.86153],[-72.17788,-9.82188],[-72.14887,-9.79937],[-72.1758,-9.78228],[-72.215,-9.7744],[-72.2275,-9.76231],[-72.24369,-9.76611],[-72.26917,-9.74975],[-72.26442,-9.71352],[-72.25136,-9.69055],[-72.24519,-9.65721],[-72.25931,-9.64065],[-72.25236,-9.61693],[-72.27053,-9.61501],[-72.288,-9.60092],[-72.28225,-9.54232],[-72.29911,-9.53438],[-72.31297,-9.54399],[-72.33,-9.53357],[-72.34871,-9.54429],[-72.37311,-9.52004],[-72.3699,-9.50458],[-72.39533,-9.48947],[-72.40685,-9.4944],[-72.43622,-9.47633],[-72.48607,-9.48758],[-72.51717,-9.47948],[-72.54609,-9.4915],[-72.57189,-9.4662],[-72.60347,-9.46578],[-72.65075,-9.44655],[-72.6898,-9.44906],[-72.69585,-9.43896],[-72.72449,-9.4404],[-72.74044,-9.43042],[-72.75044,-9.41027],[-73.20772,-9.41171],[-73.19496,-9.3954],[-73.18809,-9.36059],[-73.15898,-9.35248],[-73.12955,-9.31356],[-73.10212,-9.30623],[-73.11342,-9.27992],[-73.09832,-9.26857],[-73.07814,-9.23687],[-73.05849,-9.22645],[-73.04199,-9.23705],[-73.00752,-9.21516],[-72.99513,-9.1942],[-73.0161,-9.18422],[-73.00425,-9.1651],[-72.97594,-9.15411],[-72.95888,-9.13819],[-72.94447,-9.10389],[-72.94135,-9.06631],[-72.9471,-9.03081],[-72.95665,-9.01595],[-72.94175,-8.98692],[-72.96702,-8.97883],[-72.98987,-8.92075],[-73.02157,-8.9132],[-73.02213,-8.89293],[-73.03352,-8.91604],[-73.04541,-8.90276],[-73.06313,-8.85428],[-73.08979,-8.81795],[-73.0917,-8.7889],[-73.10753,-8.77011],[-73.11524,-8.72893],[-73.14992,-8.6839],[-73.16188,-8.68844],[-73.1814,-8.67909],[-73.19833,-8.68713],[-73.22258,-8.67806],[-73.25163,-8.65378],[-73.25148,-8.63314],[-73.26292,-8.61961],[-73.28744,-8.61948],[-73.2916,-8.5961],[-73.28242,-8.56058],[-73.3055,-8.47197],[-73.32919,-8.47691],[-73.36555,-8.46376],[-73.38956,-8.46878],[-73.4022,-8.44777],[-73.41286,-8.41099],[-73.443,-8.40766],[-73.4825,-8.39214],[-73.48639,-8.37848],[-73.50472,-8.37911],[-73.53745,-8.34587],[-73.53017,-8.31253],[-73.54061,-8.2954],[-73.5369,-8.27027],[-73.57986,-8.20932],[-73.59425,-8.20578],[-73.58583,-8.17314],[-73.59175,-8.14269],[-73.58342,-8.12766],[-73.59445,-8.09779],[-73.61643,-8.06967],[-73.63158,-8.06154],[-73.62425,-8.02884],[-73.64997,-8.00292],[-73.6785,-8.00481],[-73.6981,-7.96058],[-73.72926,-7.96944],[-73.74699,-7.95294],[-73.75141,-7.92376],[-73.7725,-7.90237],[-73.75314,-7.89232],[-73.76662,-7.87059],[-73.76164,-7.85803],[-73.74252,-7.87309],[-73.7135,-7.87585],[-73.70005,-7.86918],[-73.68417,-7.84464],[-73.68739,-7.821],[-73.68239,-7.79005],[-73.69158,-7.76778],[-73.74053,-7.7341],[-73.82217,-7.71788],[-73.84461,-7.67612],[-73.86255,-7.67694],[-73.88561,-7.65568],[-73.8888,-7.63165],[-73.93278,-7.60841],[-73.96883,-7.56773],[-73.98383,-7.56658],[-73.98811,-7.53165],[-73.95055,-7.52773],[-73.9297,-7.47797],[-73.91981,-7.46568],[-73.93185,-7.42319],[-73.94475,-7.40616],[-73.96764,-7.36019],[-73.95128,-7.34747],[-73.94411,-7.36134],[-73.93139,-7.3523],[-73.91,-7.37807],[-73.87662,-7.37966],[-73.86039,-7.36921],[-73.85275,-7.34729],[-73.81761,-7.33538],[-73.79345,-7.34231],[-73.77009,-7.33192],[-73.75588,-7.34689],[-73.71778,-7.32828],[-73.69991,-7.29316],[-73.71619,-7.2676],[-73.71336,-7.23662],[-73.7244,-7.22132],[-73.75567,-7.19826],[-73.75912,-7.17127],[-73.79359,-7.13308],[-73.80098,-7.11146],[-72.90061,-7.43695]]]}},{"type":"Feature","properties":{"id":"69","phone_code":"69","phone_code_1_digit":"6"},"geometry":{"type":"Polygon","coordinates":[[[-60.71701,-13.69329],[-60.73912,-13.68488],[-60.76901,-13.6838],[-60.77001,-13.6647],[-60.81021,-13.65332],[-60.82806,-13.62909],[-60.84445,-13.63115],[-60.87931,-13.61712],[-60.88659,-13.60152],[-60.9084,-13.58441],[-60.92423,-13.55661],[-60.91598,-13.54627],[-60.93336,-13.5403],[-60.95051,-13.55147],[-60.96689,-13.53648],[-61.0051,-13.54987],[-61.01189,-13.52777],[-61.00848,-13.50599],[-60.98781,-13.49992],[-61.0144,-13.48713],[-61.04062,-13.48465],[-61.05045,-13.49498],[-61.04062,-13.5073],[-61.05985,-13.51144],[-61.06554,-13.50034],[-61.08978,-13.49173],[-61.10565,-13.53125],[-61.12543,-13.51949],[-61.13909,-13.52857],[-61.13793,-13.51195],[-61.15267,-13.5269],[-61.17076,-13.5102],[-61.18729,-13.51646],[-61.19376,-13.53604],[-61.2074,-13.52503],[-61.2212,-13.52975],[-61.24326,-13.5124],[-61.2414,-13.50071],[-61.28507,-13.5017],[-61.28779,-13.48245],[-61.30481,-13.48161],[-61.30059,-13.4978],[-61.33584,-13.50516],[-61.34999,-13.52075],[-61.38926,-13.51936],[-61.40193,-13.53746],[-61.46939,-13.55484],[-61.50773,-13.54753],[-61.52121,-13.53506],[-61.5784,-13.50949],[-61.57284,-13.49421],[-61.62229,-13.51421],[-61.64454,-13.50641],[-61.65092,-13.5183],[-61.66826,-13.50465],[-61.69331,-13.50767],[-61.73029,-13.52614],[-61.75118,-13.52001],[-61.75682,-13.54017],[-61.7687,-13.5189],[-61.78946,-13.53746],[-61.81659,-13.52703],[-61.84056,-13.54851],[-61.83981,-13.52656],[-61.85237,-13.53808],[-61.86832,-13.52781],[-61.88268,-13.49689],[-61.88281,-13.45642],[-61.89246,-13.43052],[-61.92829,-13.42517],[-61.93984,-13.40745],[-61.94746,-13.41498],[-61.97009,-13.40577],[-61.96181,-13.39074],[-61.97679,-13.38767],[-61.97084,-13.37384],[-62.01365,-13.35194],[-62.01315,-13.33005],[-62.03218,-13.33323],[-62.05638,-13.31137],[-62.05643,-13.28779],[-62.08376,-13.2899],[-62.11515,-13.25806],[-62.1094,-13.24973],[-62.11918,-13.15313],[-62.15054,-13.15081],[-62.16904,-13.1338],[-62.16554,-13.11867],[-62.18093,-13.11736],[-62.17767,-13.14261],[-62.19968,-13.15018],[-62.20051,-13.12414],[-62.21426,-13.11094],[-62.22904,-13.12116],[-62.24287,-13.11693],[-62.2454,-13.14476],[-62.29882,-13.15015],[-62.31624,-13.13406],[-62.3209,-13.15167],[-62.32998,-13.13958],[-62.37204,-13.1403],[-62.39684,-13.1297],[-62.39884,-13.11298],[-62.41346,-13.12798],[-62.43392,-13.10156],[-62.43287,-13.08541],[-62.48251,-13.07572],[-62.5021,-13.08276],[-62.52328,-13.0651],[-62.54662,-13.07359],[-62.61204,-13.04089],[-62.6136,-13.02583],[-62.59968,-13.01635],[-62.63249,-13.01023],[-62.63093,-12.98981],[-62.65165,-12.98893],[-62.64474,-12.97419],[-62.66015,-12.96907],[-62.67437,-12.99055],[-62.69384,-12.99183],[-62.69804,-13.00241],[-62.72462,-13.00085],[-62.73349,-13.02146],[-62.75167,-13.00164],[-62.75587,-13.01679],[-62.77856,-13.00917],[-62.79382,-12.99481],[-62.80837,-12.96173],[-62.80276,-12.94468],[-62.82246,-12.93337],[-62.84531,-12.94831],[-62.84259,-12.92672],[-62.86967,-12.91021],[-62.89262,-12.87672],[-62.89162,-12.85844],[-62.92082,-12.84046],[-62.94129,-12.8466],[-62.94696,-12.85822],[-62.96268,-12.84698],[-62.97037,-12.8585],[-62.9829,-12.84373],[-63.0087,-12.83738],[-63.00798,-12.81039],[-63.02078,-12.80504],[-63.01962,-12.78952],[-63.03329,-12.78031],[-63.04668,-12.74028],[-63.05779,-12.72829],[-63.08072,-12.72368],[-63.08,-12.70344],[-63.06157,-12.69359],[-63.06721,-12.68219],[-63.0952,-12.68326],[-63.09293,-12.65756],[-63.11495,-12.65863],[-63.15134,-12.63345],[-63.1546,-12.61604],[-63.17294,-12.64058],[-63.18274,-12.62638],[-63.20185,-12.65647],[-63.22911,-12.66437],[-63.24323,-12.66017],[-63.23848,-12.6906],[-63.26174,-12.68305],[-63.29501,-12.68146],[-63.34976,-12.6563],[-63.36881,-12.65918],[-63.40176,-12.6336],[-63.40939,-12.61068],[-63.43307,-12.60901],[-63.42537,-12.5962],[-63.43676,-12.58426],[-63.43415,-12.56544],[-63.47346,-12.56117],[-63.5012,-12.56692],[-63.53,-12.5413],[-63.55134,-12.50723],[-63.61344,-12.48487],[-63.62157,-12.47248],[-63.73318,-12.43822],[-63.76376,-12.44168],[-63.78576,-12.42754],[-63.80259,-12.44685],[-63.81751,-12.44661],[-63.83343,-12.46303],[-63.87256,-12.44668],[-63.88876,-12.44911],[-63.90018,-12.48152],[-63.89726,-12.49929],[-63.94049,-12.52662],[-63.95716,-12.53083],[-63.99534,-12.50284],[-64.00876,-12.51757],[-64.01968,-12.50779],[-64.03962,-12.51474],[-64.05037,-12.49701],[-64.07524,-12.50074],[-64.08887,-12.48474],[-64.12204,-12.50535],[-64.12204,-12.48575],[-64.14323,-12.48129],[-64.1569,-12.51348],[-64.17334,-12.50359],[-64.17165,-12.46675],[-64.19623,-12.47244],[-64.23109,-12.45469],[-64.27884,-12.50039],[-64.29828,-12.49039],[-64.2922,-12.45884],[-64.34862,-12.45954],[-64.40038,-12.44862],[-64.41567,-12.44107],[-64.44713,-12.40876],[-64.45948,-12.38675],[-64.50025,-12.36513],[-64.51246,-12.34741],[-64.5,-12.32962],[-64.49232,-12.29386],[-64.50576,-12.2273],[-64.5231,-12.22544],[-64.54656,-12.24231],[-64.57527,-12.21492],[-64.61567,-12.21432],[-64.67101,-12.19228],[-64.69829,-12.18677],[-64.7124,-12.17318],[-64.71726,-12.14207],[-64.69709,-12.0957],[-64.71243,-12.08599],[-64.7378,-12.09945],[-64.73315,-12.11771],[-64.74238,-12.15249],[-64.75179,-12.15749],[-64.76856,-12.14329],[-64.75696,-12.11191],[-64.76521,-12.09591],[-64.78793,-12.08539],[-64.80895,-12.09355],[-64.82565,-12.12158],[-64.84162,-12.10721],[-64.84105,-12.09315],[-64.81267,-12.06994],[-64.81215,-12.04447],[-64.83771,-12.01113],[-64.88174,-12.01295],[-64.91648,-12.02799],[-64.9294,-12.02021],[-64.94784,-11.99303],[-64.96382,-11.99857],[-64.9704,-12.01618],[-64.98362,-12.01397],[-65.00001,-11.99298],[-65.02206,-11.99876],[-65.03471,-11.98537],[-65.02521,-11.97035],[-65.04148,-11.96128],[-65.0271,-11.94541],[-65.0144,-11.90051],[-65.01832,-11.89169],[-65.0571,-11.88356],[-65.07015,-11.86871],[-65.06079,-11.8239],[-65.05918,-11.79028],[-65.08759,-11.70898],[-65.10195,-11.7063],[-65.1277,-11.72012],[-65.18243,-11.72131],[-65.17295,-11.75058],[-65.18476,-11.75619],[-65.22878,-11.73531],[-65.2554,-11.71513],[-65.25884,-11.69937],[-65.23078,-11.67333],[-65.21737,-11.65169],[-65.23126,-11.61791],[-65.22481,-11.59605],[-65.23398,-11.57005],[-65.21348,-11.54765],[-65.21137,-11.5301],[-65.22446,-11.51605],[-65.25893,-11.51371],[-65.29801,-11.50404],[-65.30859,-11.49325],[-65.33486,-11.35455],[-65.32873,-11.34004],[-65.29712,-11.33469],[-65.29807,-11.31569],[-65.33487,-11.31341],[-65.34547,-11.30463],[-65.36079,-11.25096],[-65.36015,-11.22293],[-65.34831,-11.21095],[-65.32289,-11.21016],[-65.32404,-11.18664],[-65.35032,-11.186],[-65.36295,-11.14687],[-65.35092,-11.12133],[-65.32753,-11.10456],[-65.28578,-11.09181],[-65.28031,-11.06319],[-65.3007,-11.03174],[-65.25031,-10.98415],[-65.28529,-10.92728],[-65.26607,-10.92142],[-65.27501,-10.87077],[-65.32031,-10.82163],[-65.36642,-10.79587],[-65.36498,-10.77968],[-65.34763,-10.77805],[-65.34903,-10.74307],[-65.343,-10.71591],[-65.34821,-10.67232],[-65.37523,-10.64619],[-65.4037,-10.64187],[-65.4162,-10.6183],[-65.39728,-10.58908],[-65.40415,-10.55336],[-65.41975,-10.53414],[-65.41026,-10.50823],[-65.4292,-10.48056],[-65.42281,-10.46393],[-65.40242,-10.46239],[-65.38096,-10.42869],[-65.37981,-10.40055],[-65.39126,-10.37405],[-65.37536,-10.35179],[-65.32384,-10.30084],[-65.31047,-10.25779],[-65.29429,-10.23871],[-65.28895,-10.21025],[-65.30648,-10.16461],[-65.29974,-10.13907],[-65.30059,-10.0985],[-65.31556,-10.08475],[-65.32912,-10.04612],[-65.31951,-10.00057],[-65.32167,-9.97726],[-65.33254,-9.9653],[-65.33129,-9.92963],[-65.32067,-9.90562],[-65.29075,-9.87124],[-65.2855,-9.8451],[-65.29242,-9.83291],[-65.31998,-9.81414],[-65.32753,-9.77963],[-65.36326,-9.7112],[-65.39439,-9.68539],[-65.44289,-9.66894],[-65.44653,-9.69672],[-65.47131,-9.7133],[-65.48934,-9.71494],[-65.4824,-9.72721],[-65.50048,-9.72945],[-65.50368,-9.76731],[-65.4977,-9.77799],[-65.51298,-9.79278],[-65.53163,-9.78122],[-65.53876,-9.80158],[-65.56378,-9.80987],[-65.55245,-9.83501],[-65.59641,-9.84152],[-65.60056,-9.82378],[-65.63003,-9.83399],[-65.63487,-9.80489],[-65.65332,-9.8072],[-65.64364,-9.79375],[-65.66834,-9.78076],[-65.68883,-9.79946],[-65.68914,-9.81232],[-65.71,-9.80693],[-65.69947,-9.78779],[-65.7093,-9.77218],[-65.68867,-9.76845],[-65.68442,-9.74862],[-65.71834,-9.75557],[-65.7437,-9.7817],[-65.77211,-9.7578],[-65.76742,-9.73515],[-65.77736,-9.73644],[-65.77481,-9.76647],[-65.7832,-9.78596],[-65.80517,-9.7877],[-65.81258,-9.77203],[-65.80106,-9.76536],[-65.81859,-9.75507],[-65.86012,-9.79475],[-65.87168,-9.78859],[-65.86131,-9.76739],[-65.87081,-9.753],[-65.88537,-9.7521],[-65.90254,-9.76644],[-65.91514,-9.75336],[-65.93672,-9.76847],[-65.94265,-9.75971],[-65.97187,-9.7751],[-65.97359,-9.79753],[-65.9992,-9.79402],[-66.02362,-9.81186],[-66.03431,-9.78714],[-66.07056,-9.78391],[-66.09298,-9.81361],[-66.09965,-9.78434],[-66.12231,-9.79071],[-66.15148,-9.78523],[-66.1757,-9.80293],[-66.19451,-9.80592],[-66.1935,-9.82746],[-66.21276,-9.83387],[-66.23711,-9.81421],[-66.25453,-9.83292],[-66.28303,-9.83282],[-66.28565,-9.84433],[-66.31526,-9.83103],[-66.34995,-9.84034],[-66.35906,-9.86576],[-66.40237,-9.86841],[-66.42317,-9.89051],[-66.43525,-9.86563],[-66.45953,-9.87375],[-66.48856,-9.87035],[-66.49059,-9.8821],[-66.51278,-9.87603],[-66.52745,-9.88664],[-66.54331,-9.87706],[-66.57381,-9.88969],[-66.58178,-9.90548],[-66.61936,-9.89366],[-66.62442,-9.89874],[-66.8097,-9.81766],[-66.78002,-9.79099],[-66.77481,-9.75271],[-66.76756,-9.75796],[-66.72484,-9.75569],[-66.69125,-9.73351],[-66.68439,-9.71426],[-66.62361,-9.68043],[-66.6089,-9.66451],[-66.58576,-9.67317],[-66.55117,-9.65768],[-66.53634,-9.64317],[-66.50006,-9.63318],[-66.49437,-9.6012],[-66.46692,-9.58183],[-66.43839,-9.554],[-66.42303,-9.5254],[-66.39186,-9.50009],[-66.3895,-9.45525],[-66.39556,-9.43714],[-66.41417,-9.42157],[-66.40831,-9.40656],[-66.37423,-9.42598],[-66.35276,-9.41623],[-66.34106,-9.42663],[-66.31837,-9.41958],[-66.30695,-9.43646],[-66.28364,-9.43178],[-66.28989,-9.41211],[-66.25912,-9.41061],[-66.24287,-9.429],[-66.2042,-9.42559],[-66.17308,-9.43403],[-66.15381,-9.42009],[-66.11568,-9.4086],[-66.05919,-9.41783],[-66.03398,-9.40025],[-65.96975,-9.41278],[-65.95109,-9.43588],[-65.93133,-9.44721],[-65.91209,-9.48336],[-65.88036,-9.48708],[-65.85981,-9.51038],[-65.84606,-9.51603],[-65.8477,-9.53194],[-65.82453,-9.52971],[-65.81748,-9.56187],[-65.79948,-9.58464],[-65.756,-9.56857],[-65.74978,-9.55324],[-65.723,-9.55867],[-65.69554,-9.50729],[-65.68045,-9.50002],[-65.67889,-9.45101],[-65.64934,-9.44689],[-65.64109,-9.43308],[-65.58756,-9.41339],[-65.5477,-9.42566],[-65.52187,-9.44652],[-65.50601,-9.44731],[-65.50262,-9.46959],[-65.47642,-9.47228],[-65.46734,-9.4589],[-65.45611,-9.47013],[-65.43155,-9.45825],[-65.44279,-9.41976],[-65.45606,-9.40082],[-65.44559,-9.3703],[-65.44856,-9.32419],[-65.43967,-9.31136],[-65.40925,-9.32207],[-65.39298,-9.33921],[-65.37697,-9.32404],[-65.3507,-9.32272],[-65.34215,-9.30908],[-65.29989,-9.28669],[-65.28364,-9.26988],[-65.24612,-9.25728],[-65.21123,-9.27861],[-65.20841,-9.30926],[-65.18778,-9.34447],[-65.19562,-9.37488],[-65.173,-9.38506],[-65.18628,-9.41464],[-65.18408,-9.4266],[-65.14234,-9.44643],[-65.08837,-9.42469],[-65.09175,-9.409],[-65.07739,-9.40059],[-65.05301,-9.40176],[-65.03514,-9.37443],[-65.03877,-9.3592],[-65.00531,-9.34314],[-65.01217,-9.32829],[-64.98564,-9.29155],[-64.96234,-9.29239],[-64.95311,-9.27089],[-64.93554,-9.25543],[-64.91914,-9.21989],[-64.93939,-9.12418],[-64.93293,-9.11996],[-64.91514,-9.07423],[-64.91673,-9.04276],[-64.89356,-9.04332],[-64.87003,-9.01181],[-64.81596,-8.98626],[-64.78342,-8.98888],[-64.76064,-9.0202],[-64.73242,-9.0134],[-64.70622,-8.98941],[-64.68281,-8.99323],[-64.67084,-9.01441],[-64.641,-9.00626],[-64.61054,-9.01607],[-64.58742,-9.00912],[-64.57831,-8.98803],[-64.54959,-8.97789],[-64.49583,-8.97867],[-64.47064,-8.97336],[-64.44604,-8.97648],[-64.37939,-8.94635],[-64.32286,-8.92848],[-64.30903,-8.93411],[-64.32554,-8.97945],[-64.31078,-8.99609],[-64.26453,-8.988],[-64.23267,-8.99192],[-64.17448,-8.96018],[-64.14892,-8.95855],[-64.14305,-8.93332],[-64.15117,-8.89685],[-64.14826,-8.8727],[-64.15767,-8.84278],[-64.12892,-8.80478],[-64.14423,-8.77606],[-64.14253,-8.74265],[-64.12406,-8.71633],[-64.09423,-8.72798],[-64.06686,-8.71034],[-64.02733,-8.71528],[-64.03495,-8.69317],[-64.01589,-8.6673],[-64.00431,-8.62553],[-63.99056,-8.61703],[-63.97973,-8.5803],[-63.94542,-8.6091],[-63.92195,-8.56699],[-63.94509,-8.55011],[-63.94325,-8.52622],[-63.96564,-8.505],[-63.97264,-8.47806],[-63.9403,-8.45188],[-63.95319,-8.42758],[-63.97736,-8.41975],[-63.97642,-8.40936],[-63.94484,-8.38744],[-63.94358,-8.3308],[-63.9103,-8.32814],[-63.89439,-8.30165],[-63.86695,-8.28893],[-63.8248,-8.30577],[-63.7907,-8.33283],[-63.76541,-8.3068],[-63.74603,-8.26979],[-63.72223,-8.24911],[-63.74803,-8.20748],[-63.72964,-8.1798],[-63.69289,-8.15797],[-63.66192,-8.10079],[-63.66647,-8.08122],[-63.62125,-8.02923],[-63.62592,-8.01573],[-63.62026,-7.96891],[-63.53421,-7.97394],[-63.38453,-7.97621],[-63.21994,-7.97655],[-62.86749,-7.97549],[-62.83231,-7.99399],[-62.80947,-8.02496],[-62.78567,-8.02596],[-62.74344,-8.04491],[-62.72409,-8.06881],[-62.69176,-8.09252],[-62.6725,-8.14493],[-62.68614,-8.17339],[-62.65936,-8.19925],[-62.64942,-8.23664],[-62.56139,-8.28362],[-62.56064,-8.31345],[-62.53903,-8.35772],[-62.51794,-8.38435],[-62.47839,-8.34529],[-62.46495,-8.33935],[-62.44481,-8.3621],[-62.4157,-8.37624],[-62.3835,-8.37717],[-62.36456,-8.39064],[-62.3607,-8.4233],[-62.36876,-8.44573],[-62.36553,-8.49317],[-62.35345,-8.51132],[-62.33683,-8.51625],[-62.32528,-8.56332],[-62.34147,-8.59446],[-62.33525,-8.6091],[-62.28898,-8.63871],[-62.27881,-8.62878],[-62.29378,-8.60505],[-62.28883,-8.58852],[-62.26836,-8.57537],[-62.22808,-8.59018],[-62.18786,-8.59017],[-62.17612,-8.63653],[-62.20001,-8.64391],[-62.16456,-8.67901],[-62.17125,-8.69469],[-62.14828,-8.71792],[-62.15451,-8.73925],[-62.12445,-8.80128],[-62.09748,-8.80853],[-62.07378,-8.79818],[-62.03054,-8.79932],[-62.02081,-8.82321],[-62.00174,-8.83231],[-61.9897,-8.87227],[-61.93758,-8.88102],[-61.90536,-8.87412],[-61.90248,-8.8625],[-61.87878,-8.86205],[-61.85953,-8.8527],[-61.8605,-8.80323],[-61.84278,-8.77902],[-61.84358,-8.74699],[-61.82759,-8.73224],[-61.80572,-8.74739],[-61.77408,-8.74784],[-61.73961,-8.70948],[-61.74133,-8.6948],[-61.71275,-8.68746],[-61.70484,-8.70714],[-61.67306,-8.70463],[-61.62595,-8.72846],[-61.62903,-8.75257],[-61.60551,-8.79433],[-61.58447,-8.7983],[-61.56783,-8.80069],[-61.54256,-8.81871],[-61.52555,-8.81645],[-61.5132,-8.83656],[-61.51097,-8.86325],[-61.49162,-8.88445],[-61.48395,-8.90574],[-61.46797,-8.91698],[-61.4925,-8.94216],[-61.52744,-9.01895],[-61.55522,-9.09201],[-61.55485,-9.13111],[-61.52311,-9.17863],[-61.5191,-9.19481],[-61.53218,-9.2485],[-61.57453,-9.23676],[-61.59908,-9.25564],[-61.62781,-9.25671],[-61.63231,-9.27609],[-61.61147,-9.28031],[-61.61081,-9.31534],[-61.62539,-9.33975],[-61.62539,-9.36262],[-61.61173,-9.35554],[-61.59823,-9.3671],[-61.5733,-9.37032],[-61.55217,-9.38703],[-61.56084,-9.39704],[-61.55007,-9.41736],[-61.5562,-9.43522],[-61.5812,-9.45874],[-61.5622,-9.48538],[-61.52528,-9.50141],[-61.54903,-9.51483],[-61.52659,-9.53287],[-61.51292,-9.52814],[-61.50984,-9.5647],[-61.49428,-9.58207],[-61.5025,-9.61495],[-61.47659,-9.62589],[-61.49354,-9.65899],[-61.50636,-9.66156],[-61.50161,-9.68243],[-61.5319,-9.71138],[-61.55253,-9.7068],[-61.57411,-9.7174],[-61.56625,-9.72899],[-61.53098,-9.73952],[-61.53209,-9.75759],[-61.54683,-9.78715],[-61.52439,-9.79534],[-61.53159,-9.81937],[-61.51772,-9.82263],[-61.50739,-9.86069],[-61.50866,-9.8912],[-61.52445,-9.90618],[-61.52281,-9.94809],[-61.53889,-9.96371],[-61.52745,-9.97004],[-61.55534,-10.03856],[-61.58384,-10.05922],[-61.57817,-10.07885],[-61.59057,-10.11081],[-61.59628,-10.16198],[-61.57804,-10.16281],[-61.55745,-10.1786],[-61.5512,-10.19738],[-61.57348,-10.20856],[-61.57709,-10.22618],[-61.5714,-10.25885],[-61.54356,-10.3006],[-61.55281,-10.30661],[-61.53321,-10.33149],[-61.51564,-10.33404],[-61.5012,-10.35338],[-61.49653,-10.38919],[-61.47098,-10.40475],[-61.46126,-10.41951],[-61.46967,-10.46102],[-61.48028,-10.48735],[-61.47853,-10.52948],[-61.46579,-10.54082],[-61.47942,-10.56876],[-61.4757,-10.60727],[-61.48906,-10.62941],[-61.47842,-10.64265],[-61.482,-10.67156],[-61.49006,-10.67284],[-61.49829,-10.69954],[-61.48042,-10.71438],[-61.48581,-10.72678],[-61.47331,-10.79711],[-61.4855,-10.80021],[-61.49498,-10.78211],[-61.51056,-10.79442],[-61.5029,-10.80805],[-61.50969,-10.83661],[-61.52461,-10.85541],[-61.51378,-10.90699],[-61.52956,-10.97862],[-61.54973,-10.9857],[-61.00007,-10.99184],[-61.00007,-10.98795],[-60.45953,-10.98946],[-60.43742,-11.01629],[-60.44608,-11.04175],[-60.42918,-11.03709],[-60.41097,-11.04637],[-60.41387,-11.06707],[-60.40362,-11.06897],[-60.39103,-11.09339],[-60.37272,-11.09372],[-60.34745,-11.10864],[-60.34145,-11.08223],[-60.30073,-11.05675],[-60.28183,-11.06362],[-60.28031,-11.09113],[-60.23833,-11.09454],[-60.22698,-11.10503],[-60.19848,-11.11369],[-60.15877,-11.09526],[-60.14198,-11.10534],[-60.08884,-11.1085],[-60.08373,-11.09644],[-60.0662,-11.12511],[-59.97626,-11.12199],[-59.98442,-11.14663],[-59.99451,-11.1478],[-59.9799,-11.17919],[-59.96351,-11.18871],[-59.98061,-11.20336],[-59.97917,-11.23913],[-59.96739,-11.25253],[-59.95895,-11.29433],[-59.92726,-11.31003],[-59.91668,-11.33803],[-59.92492,-11.36137],[-59.92012,-11.39761],[-59.9339,-11.42326],[-59.95183,-11.43602],[-59.97572,-11.43882],[-59.98489,-11.46894],[-60.03128,-11.49747],[-60.02745,-11.5075],[-60.05217,-11.52814],[-60.05695,-11.54169],[-60.09787,-11.56749],[-60.09392,-11.58548],[-60.11039,-11.58208],[-60.10939,-11.61514],[-60.12115,-11.7117],[-60.09814,-11.79393],[-60.10284,-11.81877],[-60.09834,-11.84515],[-60.07286,-11.88408],[-60.04987,-11.89746],[-60.01156,-11.89264],[-59.98528,-11.91167],[-59.97987,-11.94607],[-59.98647,-11.95969],[-59.97084,-11.96954],[-59.96606,-12.00676],[-59.97884,-12.02914],[-59.96906,-12.03207],[-59.96148,-12.05596],[-59.92876,-12.07805],[-59.92325,-12.09336],[-59.89929,-12.11682],[-59.89909,-12.16591],[-59.90906,-12.18095],[-59.9012,-12.22347],[-59.88583,-12.24507],[-59.77384,-12.34055],[-59.79242,-12.34537],[-59.81825,-12.38948],[-59.83203,-12.40099],[-59.84203,-12.42444],[-59.84084,-12.45896],[-59.86797,-12.48196],[-59.904,-12.47241],[-59.93587,-12.49466],[-59.95695,-12.5018],[-59.97289,-12.52996],[-60.00042,-12.53582],[-60.02612,-12.56122],[-60.03925,-12.59905],[-60.06822,-12.61559],[-60.06253,-12.64142],[-60.07756,-12.66414],[-60.07567,-12.68806],[-60.09017,-12.73625],[-60.07412,-12.77295],[-60.08418,-12.8369],[-60.07859,-12.88073],[-60.08759,-12.90202],[-60.10462,-12.91906],[-60.11665,-12.95915],[-60.13927,-12.9698],[-60.15011,-12.96365],[-60.18282,-12.96722],[-60.21314,-13.00664],[-60.21477,-13.02657],[-60.23698,-13.0345],[-60.26709,-13.07687],[-60.28247,-13.08014],[-60.2766,-13.11227],[-60.28009,-13.13521],[-60.26798,-13.14456],[-60.29565,-13.17676],[-60.32793,-13.22988],[-60.32512,-13.25285],[-60.33851,-13.27192],[-60.35128,-13.2726],[-60.35345,-13.29419],[-60.37295,-13.32403],[-60.36556,-13.33182],[-60.37081,-13.36714],[-60.37906,-13.37482],[-60.37134,-13.40846],[-60.37878,-13.41491],[-60.3874,-13.45429],[-60.411,-13.46125],[-60.43148,-13.48802],[-60.46506,-13.4887],[-60.5007,-13.49807],[-60.52984,-13.51663],[-60.53253,-13.53584],[-60.57712,-13.56482],[-60.59978,-13.57231],[-60.63167,-13.57129],[-60.65493,-13.60203],[-60.6855,-13.62482],[-60.68584,-13.63875],[-60.71342,-13.67559],[-60.70946,-13.68691],[-60.71701,-13.69329]]]}},{"type":"Feature","properties":{"id":"71","phone_code":"71","phone_code_1_digit":"7"},"geometry":{"type":"Polygon","coordinates":[[[-37.91636,-12.43714],[-37.9439,-12.47165],[-37.97326,-12.51667],[-38.0037,-12.57689],[-38.01759,-12.58169],[-38.04412,-12.6118],[-38.04919,-12.63451],[-38.07748,-12.65635],[-38.12462,-12.70632],[-38.17651,-12.77176],[-38.19715,-12.78857],[-38.21478,-12.81555],[-38.24757,-12.85361],[-38.2783,-12.87609],[-38.31815,-12.92509],[-38.34673,-12.95029],[-38.39532,-12.95684],[-38.4246,-12.97584],[-38.45692,-13.00428],[-38.48865,-13.01419],[-38.58285,-12.99927],[-38.55929,-12.95382],[-38.5618,-12.91951],[-38.61589,-12.93084],[-38.60551,-12.95859],[-38.61557,-12.97838],[-38.65496,-13.02903],[-38.69807,-13.05506],[-38.71408,-13.0598],[-38.73649,-13.08775],[-38.75038,-13.09434],[-38.76311,-13.11785],[-38.79876,-13.13555],[-38.80284,-13.05986],[-38.79038,-13.04067],[-38.78057,-13.00192],[-38.73354,-12.94541],[-38.70854,-12.8965],[-38.70673,-12.86929],[-38.72188,-12.84186],[-38.69683,-12.81373],[-38.69983,-12.79822],[-38.80068,-12.83377],[-38.81679,-12.84757],[-38.84622,-12.83782],[-38.83278,-12.81868],[-38.83104,-12.79124],[-38.81899,-12.77462],[-38.8351,-12.7366],[-38.84571,-12.72744],[-38.82268,-12.71736],[-38.80399,-12.72431],[-38.69024,-12.72914],[-38.68463,-12.68961],[-38.71854,-12.64245],[-38.71871,-12.61165],[-38.71135,-12.59342],[-38.69862,-12.59018],[-38.68803,-12.54935],[-38.65258,-12.55235],[-38.64183,-12.50046],[-38.6305,-12.48149],[-38.61591,-12.49602],[-38.59202,-12.41039],[-38.56508,-12.42404],[-38.52912,-12.41639],[-38.54237,-12.39137],[-38.53246,-12.34385],[-38.53145,-12.27615],[-38.51889,-12.25704],[-38.48173,-12.26948],[-38.38041,-12.23579],[-38.27354,-12.27765],[-38.1751,-12.25981],[-38.16312,-12.28011],[-38.1384,-12.29095],[-38.15879,-12.29957],[-38.16401,-12.3263],[-38.15552,-12.35675],[-38.12055,-12.38899],[-38.10398,-12.39399],[-38.10584,-12.4115],[-38.09173,-12.41788],[-38.09929,-12.43516],[-38.08488,-12.44478],[-38.00473,-12.39803],[-37.96806,-12.36986],[-37.93197,-12.37151],[-37.92527,-12.38295],[-37.89814,-12.37997],[-37.89672,-12.40304],[-37.91636,-12.43714]]]}},{"type":"Feature","properties":{"id":"73","phone_code":"73","phone_code_1_digit":"7"},"geometry":{"type":"Polygon","coordinates":[[[-40.2417,-15.78318],[-40.22141,-15.71405],[-40.2089,-15.6949],[-40.19781,-15.70309],[-40.16762,-15.64973],[-40.16864,-15.63322],[-40.14975,-15.62296],[-40.13459,-15.59817],[-40.13934,-15.5487],[-40.13623,-15.50769],[-40.13062,-15.50018],[-40.1585,-15.46045],[-40.19089,-15.46186],[-40.19907,-15.44178],[-40.17725,-15.43068],[-40.17017,-15.40907],[-40.15334,-15.40784],[-40.14446,-15.39344],[-40.16618,-15.37053],[-40.14984,-15.35965],[-40.13498,-15.36477],[-40.10268,-15.36148],[-40.10184,-15.37983],[-40.07709,-15.39002],[-40.04439,-15.38829],[-40.02943,-15.41609],[-40.03592,-15.43327],[-40.01301,-15.42351],[-39.98426,-15.42113],[-39.96241,-15.43095],[-39.97546,-15.44659],[-39.9644,-15.45237],[-39.93476,-15.43909],[-39.94504,-15.466],[-39.91621,-15.46465],[-39.9161,-15.48381],[-39.90232,-15.48842],[-39.88382,-15.51142],[-39.88518,-15.52276],[-39.85623,-15.52441],[-39.84402,-15.53531],[-39.81687,-15.52849],[-39.79042,-15.54147],[-39.77456,-15.55932],[-39.84664,-15.31128],[-39.89504,-15.10123],[-39.91815,-15.09839],[-39.9264,-15.11186],[-39.93846,-15.1044],[-39.9443,-15.11982],[-39.96032,-15.12476],[-39.97932,-15.11291],[-40.02362,-15.10991],[-40.03979,-15.12521],[-40.08108,-15.11655],[-40.10013,-15.09824],[-40.11034,-15.05515],[-40.13509,-15.04378],[-40.13473,-15.00161],[-40.14938,-14.98216],[-40.12593,-14.98496],[-40.10912,-14.95664],[-40.30159,-14.9175],[-40.31229,-14.88306],[-40.33322,-14.86069],[-40.33542,-14.83987],[-40.32878,-14.8104],[-40.31704,-14.79706],[-40.31888,-14.75241],[-40.33267,-14.71588],[-40.32624,-14.70476],[-40.31104,-14.71899],[-40.29784,-14.71314],[-40.29932,-14.6883],[-40.28713,-14.65644],[-40.24865,-14.66255],[-40.21987,-14.67378],[-40.22826,-14.64974],[-40.20907,-14.62772],[-40.21412,-14.6017],[-40.20449,-14.58733],[-40.19834,-14.54171],[-40.19013,-14.53947],[-40.18877,-14.51225],[-40.17726,-14.51145],[-40.16576,-14.48203],[-40.11845,-14.48967],[-40.10524,-14.51982],[-40.08737,-14.5071],[-40.08071,-14.4867],[-40.05887,-14.48377],[-40.04828,-14.437],[-40.03821,-14.43706],[-40.08617,-14.24867],[-40.09884,-14.26624],[-40.1044,-14.23609],[-40.16082,-14.25442],[-40.17982,-14.22438],[-40.21251,-14.25942],[-40.24157,-14.30804],[-40.24943,-14.30119],[-40.46387,-14.26681],[-40.70081,-14.14643],[-40.97846,-13.97814],[-40.9832,-13.94724],[-40.96007,-13.93917],[-40.96316,-13.92242],[-40.9503,-13.90652],[-40.92521,-13.92042],[-40.91098,-13.91283],[-40.93501,-13.89302],[-40.90652,-13.88614],[-40.88152,-13.84439],[-40.84896,-13.84962],[-40.79371,-13.83419],[-40.73629,-13.83521],[-40.72288,-13.84089],[-40.69626,-13.83715],[-40.67858,-13.84997],[-40.65477,-13.83872],[-40.67146,-13.83145],[-40.69969,-13.8043],[-40.70279,-13.76446],[-40.72408,-13.75922],[-40.71604,-13.74789],[-40.72621,-13.72161],[-40.72524,-13.69925],[-40.70216,-13.65502],[-40.70262,-13.62676],[-40.69034,-13.61075],[-40.69366,-13.59166],[-40.68688,-13.548],[-40.69632,-13.53379],[-40.69651,-13.50713],[-40.7396,-13.45793],[-40.7285,-13.43317],[-40.77261,-13.39635],[-40.77788,-13.37886],[-40.72219,-13.26761],[-40.62252,-13.18816],[-40.51165,-13.17584],[-40.38114,-13.14196],[-40.3946,-13.13781],[-40.41164,-13.09503],[-40.16991,-13.02375],[-40.14493,-12.98232],[-40.12196,-12.98886],[-40.09771,-12.98559],[-40.06612,-12.99019],[-40.02674,-12.98181],[-39.99871,-12.96533],[-39.90064,-12.87492],[-39.905,-12.93424],[-39.95371,-12.99516],[-39.96754,-13.03658],[-39.95683,-13.05844],[-39.9626,-13.09148],[-39.93904,-13.11842],[-39.92713,-13.16155],[-39.89472,-13.18871],[-39.83705,-13.18927],[-39.82718,-13.2134],[-39.79855,-13.23658],[-39.76299,-13.24708],[-39.76641,-13.28317],[-39.75427,-13.31814],[-39.74902,-13.35456],[-39.75182,-13.39298],[-39.76166,-13.40409],[-39.74701,-13.41018],[-39.73846,-13.4293],[-39.75349,-13.43441],[-39.74397,-13.48525],[-39.7086,-13.49785],[-39.68983,-13.52244],[-39.66843,-13.53745],[-39.64538,-13.51163],[-39.62743,-13.48233],[-39.59849,-13.47106],[-39.57816,-13.47817],[-39.55916,-13.46775],[-39.54682,-13.44135],[-39.5173,-13.43319],[-39.50849,-13.41665],[-39.49126,-13.41671],[-39.48293,-13.3802],[-39.44996,-13.37239],[-39.43124,-13.33048],[-39.41321,-13.32593],[-39.38697,-13.34332],[-39.35136,-13.33896],[-39.36052,-13.35517],[-39.3433,-13.37196],[-39.29722,-13.37499],[-39.30894,-13.38923],[-39.3239,-13.44078],[-39.31846,-13.45036],[-39.32864,-13.47226],[-39.32591,-13.48661],[-39.34535,-13.5002],[-39.36008,-13.54167],[-39.34678,-13.54356],[-39.36256,-13.55702],[-39.37866,-13.58716],[-39.34871,-13.57346],[-39.36049,-13.62429],[-39.35127,-13.6675],[-39.29307,-13.6749],[-39.26382,-13.69246],[-39.25748,-13.66629],[-39.23997,-13.63681],[-39.23218,-13.65263],[-39.21498,-13.65535],[-39.20963,-13.64139],[-39.18628,-13.6295],[-39.18637,-13.61997],[-39.16299,-13.61569],[-39.12052,-13.59667],[-39.08639,-13.60031],[-39.07384,-13.5684],[-39.05476,-13.58124],[-39.02865,-13.58571],[-39.00509,-13.57433],[-39.00193,-13.58847],[-38.97997,-13.61099],[-38.98412,-13.62652],[-38.97084,-13.63947],[-38.97075,-13.66503],[-38.96538,-13.67683],[-38.96506,-13.68676],[-38.98785,-13.71454],[-38.99754,-13.74407],[-38.99976,-13.78306],[-38.98407,-13.82429],[-38.92812,-13.90645],[-38.92759,-13.93882],[-38.94477,-14.00149],[-38.94359,-14.01416],[-38.95646,-14.08018],[-38.97671,-14.13923],[-38.97973,-14.16976],[-38.9892,-14.18738],[-38.99714,-14.25642],[-38.98187,-14.29552],[-39.00068,-14.33957],[-39.00149,-14.36592],[-39.01598,-14.41984],[-39.0247,-14.47141],[-39.0352,-14.50103],[-39.03623,-14.53282],[-39.06467,-14.63665],[-39.06528,-14.7051],[-39.06134,-14.75177],[-39.05317,-14.77776],[-39.03166,-14.78547],[-39.03359,-14.81115],[-39.0244,-14.80565],[-39.0255,-14.84033],[-39.01992,-14.91984],[-38.99781,-14.99362],[-38.99708,-15.20163],[-38.99379,-15.25286],[-38.97364,-15.38575],[-38.95372,-15.45869],[-38.94219,-15.52777],[-38.94403,-15.59534],[-38.93651,-15.65641],[-38.92297,-15.7089],[-38.91437,-15.71362],[-38.8984,-15.76014],[-38.85679,-15.85391],[-38.88695,-15.91717],[-38.91603,-16.00493],[-38.93714,-16.05416],[-38.95775,-16.12479],[-38.94867,-16.15583],[-38.95661,-16.1647],[-38.97519,-16.21212],[-38.99152,-16.22066],[-39.01968,-16.25705],[-39.02344,-16.30312],[-39.0202,-16.32264],[-39.00506,-16.332],[-39.01228,-16.3521],[-39.00759,-16.36989],[-39.0388,-16.39391],[-39.05822,-16.42706],[-39.06066,-16.47309],[-39.08287,-16.53513],[-39.09374,-16.65258],[-39.10297,-16.66728],[-39.10722,-16.70939],[-39.14102,-16.75639],[-39.14402,-16.79876],[-39.14203,-16.86534],[-39.12855,-16.88552],[-39.11156,-16.8952],[-39.12413,-16.90323],[-39.15226,-16.94184],[-39.15542,-16.97975],[-39.17308,-17.01415],[-39.17375,-17.05242],[-39.18066,-17.10848],[-39.20497,-17.14072],[-39.21267,-17.16829],[-39.21192,-17.23862],[-39.22125,-17.28523],[-39.21695,-17.33616],[-39.20375,-17.40472],[-39.19094,-17.44647],[-39.19261,-17.51544],[-39.18817,-17.56112],[-39.19452,-17.57908],[-39.18322,-17.61797],[-39.13697,-17.68425],[-39.13927,-17.69367],[-39.18466,-17.73361],[-39.18008,-17.7492],[-39.2599,-17.8302],[-39.27149,-17.85519],[-39.27091,-17.87125],[-39.32549,-17.89473],[-39.34246,-17.89375],[-39.3973,-17.91673],[-39.44274,-17.94439],[-39.49228,-17.9975],[-39.52089,-18.0403],[-39.5495,-18.09529],[-39.55463,-18.08492],[-39.57203,-18.09004],[-39.56303,-18.10862],[-39.55092,-18.09975],[-39.58533,-18.14566],[-39.63591,-18.23462],[-39.66564,-18.33274],[-39.68857,-18.32035],[-40.09635,-18.06063],[-40.22197,-17.97994],[-40.22644,-17.95778],[-40.26421,-17.9334],[-40.26317,-17.92155],[-40.21228,-17.89532],[-40.174,-17.85138],[-40.18603,-17.83205],[-40.20377,-17.82857],[-40.20414,-17.80485],[-40.2177,-17.79518],[-40.21328,-17.75321],[-40.22356,-17.73359],[-40.24857,-17.72972],[-40.25553,-17.71907],[-40.27998,-17.72231],[-40.28586,-17.70025],[-40.29773,-17.69579],[-40.29864,-17.67409],[-40.32244,-17.66084],[-40.32145,-17.64323],[-40.34346,-17.61597],[-40.35428,-17.6438],[-40.37158,-17.61198],[-40.39643,-17.62513],[-40.41783,-17.59862],[-40.4103,-17.56775],[-40.4317,-17.56709],[-40.44336,-17.57854],[-40.46003,-17.56803],[-40.47482,-17.53331],[-40.48868,-17.51932],[-40.48262,-17.48804],[-40.49506,-17.48626],[-40.52056,-17.45788],[-40.51929,-17.44634],[-40.55378,-17.4351],[-40.57709,-17.41315],[-40.59569,-17.4201],[-40.62309,-17.40551],[-40.59828,-17.38916],[-40.59235,-17.345],[-40.60864,-17.3265],[-40.59446,-17.32309],[-40.57186,-17.29429],[-40.54737,-17.28323],[-40.57087,-17.25249],[-40.55801,-17.2302],[-40.56193,-17.21191],[-40.55348,-17.18856],[-40.57423,-17.17987],[-40.57878,-17.14778],[-40.56253,-17.12586],[-40.5564,-17.08913],[-40.57129,-17.06541],[-40.5522,-17.01916],[-40.54506,-16.98373],[-40.51595,-16.96311],[-40.49231,-16.90364],[-40.49083,-16.88402],[-40.46001,-16.87799],[-40.44856,-16.8919],[-40.43035,-16.88814],[-40.41723,-16.8988],[-40.39958,-16.88809],[-40.37552,-16.8854],[-40.36611,-16.8737],[-40.32677,-16.90885],[-40.30239,-16.89178],[-40.28126,-16.90071],[-40.26565,-16.85985],[-40.25175,-16.85958],[-40.25657,-16.78796],[-40.28242,-16.80352],[-40.29428,-16.79616],[-40.32323,-16.8008],[-40.33546,-16.77925],[-40.30979,-16.73575],[-40.30198,-16.70771],[-40.31278,-16.67818],[-40.29787,-16.652],[-40.28726,-16.5971],[-40.27536,-16.57356],[-40.26077,-16.57391],[-40.23375,-16.55746],[-40.21165,-16.57266],[-40.18981,-16.5705],[-40.15948,-16.57986],[-40.15471,-16.56237],[-40.17083,-16.52369],[-40.13992,-16.4951],[-40.10293,-16.43654],[-40.08361,-16.46346],[-40.06881,-16.46026],[-40.03212,-16.39153],[-40.02484,-16.3569],[-39.99515,-16.3302],[-39.9897,-16.31171],[-39.97802,-16.31067],[-39.96929,-16.32723],[-39.95187,-16.29739],[-39.93229,-16.28314],[-39.9163,-16.28338],[-39.91973,-16.26327],[-39.93615,-16.24532],[-39.89803,-16.2009],[-39.88302,-16.19423],[-39.88257,-16.16332],[-39.89658,-16.14114],[-39.88298,-16.14442],[-39.85646,-16.11336],[-39.87704,-16.09115],[-39.88356,-16.06552],[-39.92183,-16.02816],[-39.93531,-16.02328],[-39.91477,-15.99952],[-39.95342,-15.99098],[-39.96359,-16.00487],[-39.99168,-15.99454],[-40.00406,-16.00137],[-40.01332,-15.98354],[-40.02221,-15.98998],[-40.05876,-15.95272],[-40.07129,-15.9257],[-40.08053,-15.92363],[-40.08462,-15.89666],[-40.11262,-15.91083],[-40.11668,-15.90304],[-40.16437,-15.90977],[-40.16573,-15.86791],[-40.20649,-15.85402],[-40.21788,-15.82614],[-40.23562,-15.80315],[-40.2417,-15.78318]]]}},{"type":"Feature","properties":{"id":"74","phone_code":"74","phone_code_1_digit":"7"},"geometry":{"type":"Polygon","coordinates":[[[-42.16442,-12.2378],[-42.07655,-12.24639],[-42.21727,-12.06974],[-42.24605,-12.04641],[-42.23543,-12.02161],[-42.24165,-12.00134],[-42.23107,-11.97313],[-42.23842,-11.95439],[-42.1746,-12.00406],[-42.18755,-11.98645],[-42.17749,-11.9782],[-42.18052,-11.95856],[-42.20291,-11.93015],[-42.18936,-11.90208],[-42.36058,-11.71373],[-42.36399,-11.75681],[-42.39433,-11.7539],[-42.4208,-11.76529],[-42.44502,-11.75741],[-42.47203,-11.72567],[-42.48772,-11.77555],[-42.5203,-11.74897],[-42.56575,-11.73518],[-42.59455,-11.7084],[-42.62378,-11.71799],[-42.66352,-11.70862],[-42.68058,-11.71995],[-42.74738,-11.73055],[-42.89224,-11.65669],[-43.28572,-11.54561],[-43.29544,-11.57627],[-43.34494,-11.58244],[-43.37242,-11.61934],[-43.38497,-11.67235],[-43.3816,-11.68968],[-43.3468,-11.73753],[-43.3507,-11.77847],[-43.39254,-11.7876],[-43.40908,-11.7828],[-43.43197,-11.80164],[-43.4414,-11.79512],[-43.46528,-11.80798],[-43.50842,-11.80543],[-43.51917,-11.79873],[-43.55281,-11.81375],[-43.5793,-11.8181],[-43.61049,-11.80382],[-43.61362,-11.78216],[-43.6366,-11.75781],[-43.64204,-11.73642],[-43.65607,-11.7321],[-43.6984,-11.75128],[-43.70643,-11.72904],[-43.73789,-11.67655],[-43.76613,-11.60012],[-43.795,-11.4652],[-43.80536,-11.44371],[-43.82566,-11.35768],[-43.85068,-11.30415],[-43.87872,-11.22984],[-43.87935,-11.21549],[-43.90252,-11.1586],[-43.90849,-11.12348],[-43.92698,-11.07988],[-43.96502,-11.04419],[-44.00348,-10.99148],[-44.02397,-10.95122],[-44.01498,-10.93965],[-43.9936,-10.93776],[-43.98677,-10.9266],[-43.96194,-10.9318],[-43.94275,-10.90829],[-43.92447,-10.90038],[-43.92219,-10.87707],[-43.9005,-10.85628],[-43.87241,-10.85858],[-43.84286,-10.84916],[-43.78585,-10.90752],[-43.7671,-10.90403],[-43.76721,-10.88747],[-43.75219,-10.88675],[-43.72977,-10.90624],[-43.69621,-10.89209],[-43.38017,-10.71461],[-43.38125,-10.68025],[-43.37555,-10.66894],[-43.37352,-10.59086],[-43.3811,-10.5464],[-43.37373,-10.50815],[-43.37843,-10.4995],[-43.37592,-10.4474],[-43.38491,-10.42766],[-43.37761,-10.40463],[-43.38827,-10.33915],[-43.37497,-10.3128],[-43.37206,-10.28584],[-43.37675,-10.24774],[-43.38443,-10.2357],[-43.45939,-10.24273],[-43.46944,-10.26349],[-43.4948,-10.2746],[-43.50644,-10.29732],[-43.53069,-10.30913],[-43.5657,-10.28898],[-43.58411,-10.28811],[-43.60863,-10.32603],[-43.63035,-10.32562],[-43.64933,-10.3418],[-43.88431,-10.3436],[-43.83789,-10.30421],[-43.83403,-10.24527],[-43.79747,-10.20845],[-43.77869,-10.18005],[-43.76626,-10.13073],[-43.77271,-10.09837],[-43.75883,-10.07419],[-43.72953,-10.07184],[-43.69252,-10.07698],[-43.68988,-10.04422],[-43.66908,-10.03034],[-43.66188,-10.00393],[-43.66563,-9.98981],[-43.70255,-9.96569],[-43.68917,-9.93865],[-43.70864,-9.9128],[-43.69422,-9.89083],[-43.67705,-9.88611],[-43.65285,-9.83864],[-43.66445,-9.82324],[-43.69306,-9.80484],[-43.71742,-9.802],[-43.72103,-9.79294],[-43.76117,-9.77746],[-43.78452,-9.76197],[-43.79726,-9.72725],[-43.79616,-9.69823],[-43.82642,-9.64914],[-43.84155,-9.63701],[-43.83358,-9.61751],[-43.84225,-9.61225],[-43.84115,-9.58563],[-43.85218,-9.56172],[-43.84929,-9.54764],[-43.81803,-9.49383],[-43.79905,-9.47924],[-43.78578,-9.45723],[-43.75102,-9.43366],[-43.68536,-9.41738],[-43.62419,-9.37325],[-43.57243,-9.31583],[-43.52516,-9.29963],[-43.48506,-9.26487],[-43.45831,-9.26093],[-43.42743,-9.27217],[-43.39884,-9.30776],[-43.37603,-9.34849],[-43.35316,-9.36854],[-43.33568,-9.3682],[-43.31461,-9.38896],[-43.2952,-9.39856],[-43.28472,-9.41961],[-43.2061,-9.40171],[-43.1913,-9.42002],[-43.17353,-9.41081],[-43.15823,-9.37662],[-43.13277,-9.38686],[-43.11923,-9.37148],[-43.07415,-9.39927],[-43.05892,-9.39654],[-43.05418,-9.41488],[-42.98673,-9.40127],[-42.96986,-9.4091],[-42.95597,-9.43822],[-42.96175,-9.4694],[-42.94586,-9.518],[-42.92805,-9.52683],[-42.90613,-9.52503],[-42.87291,-9.56345],[-42.84758,-9.54924],[-42.8296,-9.55807],[-42.82939,-9.58085],[-42.82016,-9.61881],[-42.7994,-9.62209],[-42.76478,-9.61633],[-42.75736,-9.58886],[-42.74181,-9.58165],[-42.7165,-9.55586],[-42.72047,-9.53089],[-42.67345,-9.54845],[-42.65422,-9.54098],[-42.62133,-9.54092],[-42.58609,-9.49636],[-42.56879,-9.50134],[-42.54877,-9.49546],[-42.52188,-9.50261],[-42.4927,-9.49448],[-42.48868,-9.46162],[-42.45138,-9.46169],[-42.42789,-9.43937],[-42.4226,-9.41328],[-42.3985,-9.39667],[-42.36376,-9.38122],[-42.35472,-9.34946],[-42.32549,-9.33299],[-42.31801,-9.31835],[-42.2692,-9.30923],[-42.24327,-9.28844],[-42.22567,-9.28288],[-42.20605,-9.29237],[-42.17911,-9.28485],[-42.14157,-9.28771],[-42.0991,-9.28047],[-42.0662,-9.25557],[-42.03461,-9.25572],[-42.02155,-9.24934],[-41.99952,-9.26556],[-41.97188,-9.24822],[-41.95791,-9.26166],[-41.92439,-9.27738],[-41.90202,-9.25848],[-41.88455,-9.25305],[-41.87014,-9.23701],[-41.83758,-9.24186],[-41.81949,-9.18859],[-41.79975,-9.16475],[-41.79969,-9.14761],[-41.7348,-9.09428],[-41.73264,-9.04603],[-41.72322,-9.01313],[-41.68007,-9.01187],[-41.66902,-8.98967],[-41.62862,-8.98448],[-41.60541,-8.95699],[-41.56968,-8.95461],[-41.56489,-8.96991],[-41.54542,-8.96126],[-41.54447,-8.93754],[-41.53097,-8.92729],[-41.52127,-8.90145],[-41.50706,-8.89203],[-41.51019,-8.87581],[-41.48746,-8.84349],[-41.47181,-8.8427],[-41.43156,-8.79668],[-41.42389,-8.80214],[-41.39628,-8.72924],[-41.38088,-8.70686],[-41.35796,-8.70721],[-41.33398,-8.72725],[-41.30956,-8.72572],[-41.28116,-8.73569],[-41.26025,-8.7203],[-41.23819,-8.71932],[-41.2266,-8.70429],[-41.17603,-8.71078],[-41.11333,-8.70338],[-41.12832,-8.74099],[-41.10139,-8.78155],[-41.07817,-8.78836],[-41.0663,-8.78063],[-41.03586,-8.78546],[-41.02459,-8.80731],[-41.03095,-8.83454],[-41.02087,-8.84315],[-40.99998,-8.82838],[-40.97872,-8.823],[-40.94601,-8.84458],[-40.92097,-8.83502],[-40.89603,-8.87061],[-40.89467,-8.88868],[-40.88086,-8.91521],[-40.86591,-8.92298],[-40.86095,-8.9476],[-40.85122,-8.95208],[-40.85059,-8.9847],[-40.83464,-9.00828],[-40.82486,-9.03777],[-40.82064,-9.07948],[-40.80373,-9.09792],[-40.75641,-9.10456],[-40.75669,-9.11943],[-40.73217,-9.12359],[-40.70952,-9.14046],[-40.68472,-9.13719],[-40.66702,-9.15864],[-40.67027,-9.18829],[-40.69413,-9.23304],[-40.67972,-9.25879],[-40.68686,-9.27792],[-40.70722,-9.28493],[-40.71972,-9.30548],[-40.73907,-9.29617],[-40.75511,-9.31326],[-40.73691,-9.33645],[-40.74611,-9.37063],[-40.7423,-9.40029],[-40.7646,-9.4128],[-40.75922,-9.42866],[-40.77638,-9.45403],[-40.74495,-9.44293],[-40.72181,-9.44553],[-40.68095,-9.4668],[-40.62279,-9.48248],[-40.59475,-9.46695],[-40.56482,-9.46359],[-40.548,-9.44858],[-40.53785,-9.42016],[-40.51036,-9.40676],[-40.46739,-9.42015],[-40.45529,-9.40535],[-40.43553,-9.36174],[-40.41128,-9.35375],[-40.39091,-9.37175],[-40.35773,-9.37677],[-40.33468,-9.35348],[-40.33575,-9.32675],[-40.30742,-9.2709],[-40.28545,-9.1814],[-40.29365,-9.15165],[-40.28634,-9.11694],[-40.2712,-9.08042],[-40.2475,-9.05732],[-40.21307,-9.06056],[-40.17072,-9.09303],[-40.16464,-9.10607],[-40.12837,-9.10918],[-40.07318,-9.07494],[-40.0652,-9.06265],[-39.98942,-9.05905],[-39.95767,-9.04818],[-39.89006,-8.96673],[-39.8736,-8.93092],[-39.87906,-8.90149],[-39.90258,-8.85833],[-39.88645,-8.82458],[-39.81961,-8.81307],[-39.7923,-8.81948],[-39.74743,-8.79363],[-39.70012,-8.79954],[-39.67427,-8.78674],[-39.67466,-8.73625],[-39.69268,-8.6801],[-39.69077,-8.6619],[-39.60719,-8.65556],[-39.56929,-8.63665],[-39.55467,-8.62172],[-39.51534,-8.60274],[-39.47575,-8.59238],[-39.45175,-8.56279],[-39.43514,-8.56289],[-39.41569,-8.54171],[-39.37944,-8.53241],[-39.35701,-8.54663],[-39.36897,-8.55528],[-39.39176,-8.59762],[-39.54953,-8.91223],[-39.44411,-9.0446],[-39.35206,-9.15706],[-39.36359,-9.17781],[-39.35959,-9.20875],[-39.37304,-9.22423],[-39.36359,-9.24374],[-39.36181,-9.27907],[-39.34872,-9.29839],[-39.34925,-9.32918],[-39.28904,-9.37233],[-39.28225,-9.3907],[-39.28772,-9.42531],[-39.28042,-9.43513],[-39.29397,-9.4541],[-39.31478,-9.60248],[-39.28742,-9.63235],[-39.26061,-9.63666],[-39.22225,-9.63403],[-39.21183,-9.64631],[-39.17522,-9.63595],[-39.14481,-9.65353],[-39.13285,-9.64945],[-39.14054,-9.67954],[-39.16286,-9.69908],[-39.18828,-9.69588],[-39.20115,-9.73349],[-39.19785,-9.74995],[-39.20737,-9.80904],[-39.20062,-9.8341],[-39.20604,-9.86288],[-39.20245,-9.9725],[-39.2217,-10.02378],[-39.23645,-10.03367],[-39.26405,-10.09377],[-39.25565,-10.14704],[-39.26048,-10.15715],[-39.26957,-10.21913],[-39.2617,-10.24867],[-39.4338,-10.13191],[-39.62691,-10.09526],[-39.70262,-10.05624],[-39.75362,-10.00001],[-39.79491,-9.93901],[-39.80333,-9.95218],[-39.78678,-9.95439],[-39.78802,-9.97423],[-39.77689,-10.01606],[-39.78106,-10.04232],[-39.77477,-10.06275],[-39.77891,-10.09007],[-39.77444,-10.13082],[-39.7596,-10.19879],[-39.7625,-10.22086],[-39.74664,-10.30366],[-39.73589,-10.33415],[-39.73883,-10.36346],[-39.73233,-10.40837],[-39.74091,-10.43361],[-39.75255,-10.4397],[-39.76439,-10.4968],[-39.75646,-10.50422],[-39.77117,-10.55042],[-39.74342,-10.64044],[-39.72709,-10.65932],[-39.69639,-10.67479],[-39.70133,-10.71559],[-39.70993,-10.71963],[-39.69305,-10.73721],[-39.69847,-10.75374],[-39.68366,-10.76481],[-39.67733,-10.80544],[-39.66527,-10.80709],[-39.66589,-10.83791],[-39.63708,-10.84428],[-39.64473,-10.85576],[-39.62791,-10.87429],[-39.62734,-10.91523],[-39.67808,-10.98272],[-39.71692,-10.96773],[-39.73202,-10.95308],[-39.762,-10.96204],[-39.80072,-10.93926],[-39.82458,-10.94015],[-39.84303,-10.91733],[-39.86167,-10.91804],[-39.86534,-10.905],[-39.88683,-10.9002],[-39.90216,-10.91525],[-39.92462,-10.91633],[-39.92978,-10.90354],[-39.94582,-10.90754],[-39.95194,-10.8924],[-40.01219,-10.88479],[-40.02625,-10.86285],[-40.06416,-10.85924],[-39.99089,-11.16126],[-39.99894,-11.22559],[-39.86519,-11.31388],[-39.76522,-11.42918],[-39.76153,-11.44695],[-39.77441,-11.46752],[-39.81421,-11.49298],[-39.83756,-11.49527],[-39.84755,-11.48152],[-39.86105,-11.49174],[-39.88472,-11.48143],[-39.92491,-11.49925],[-39.9268,-11.66609],[-39.90822,-11.70968],[-39.91168,-11.73399],[-39.99297,-11.80166],[-40.04947,-11.84515],[-40.03749,-11.85259],[-40.04733,-11.87177],[-40.00377,-11.93724],[-39.95653,-11.95817],[-39.95902,-11.97498],[-40.03155,-12.14479],[-40.03928,-12.15663],[-40.13933,-12.2478],[-40.15569,-12.25027],[-40.17282,-12.21991],[-40.19363,-12.23322],[-40.20419,-12.21478],[-40.22438,-12.22389],[-40.28581,-12.21716],[-40.30294,-12.22116],[-40.30949,-12.20642],[-40.34456,-12.19016],[-40.35826,-12.19432],[-40.39416,-12.17251],[-40.40615,-12.17853],[-40.41719,-12.15408],[-40.44124,-12.15761],[-40.45616,-12.12641],[-40.4563,-12.11003],[-40.47741,-12.10152],[-40.50174,-12.11277],[-40.524,-12.09073],[-40.56815,-12.09586],[-40.86735,-12.11918],[-40.88312,-11.98085],[-41.09778,-11.9536],[-41.27652,-11.86051],[-41.31723,-11.84158],[-41.33793,-11.85224],[-41.36959,-11.87869],[-41.37376,-11.89871],[-41.43943,-11.93371],[-41.439,-11.94765],[-41.45933,-11.96143],[-41.43755,-12.00031],[-41.42392,-12.03843],[-41.41038,-12.04167],[-41.3978,-12.0746],[-41.36821,-12.08386],[-41.37182,-12.1173],[-41.36722,-12.14417],[-41.35519,-12.16878],[-41.44441,-12.10971],[-41.6557,-12.0003],[-41.96047,-11.85065],[-42.03811,-11.81344],[-42.04877,-11.81906],[-42.02747,-11.85221],[-42.02583,-11.89078],[-41.99624,-11.90648],[-41.9968,-11.92208],[-42.02008,-11.94214],[-42.00563,-11.96892],[-42.00525,-11.98523],[-41.97947,-12.01636],[-41.97679,-12.03588],[-41.96354,-12.05564],[-41.98259,-12.04262],[-41.99292,-12.07106],[-41.97205,-12.08155],[-41.97809,-12.12168],[-41.97612,-12.15398],[-41.96658,-12.17974],[-41.97164,-12.20244],[-41.96648,-12.22528],[-41.98738,-12.22443],[-41.97114,-12.26353],[-41.97522,-12.26727],[-42.0244,-12.23291],[-42.09264,-12.32137],[-42.10622,-12.31783],[-42.12458,-12.28637],[-42.12324,-12.26893],[-42.13651,-12.26944],[-42.15781,-12.24531],[-42.16442,-12.2378]]]}},{"type":"Feature","properties":{"id":"75","phone_code":"75","phone_code_1_digit":"7"},"geometry":{"type":"Polygon","coordinates":[[[-38.80534,-13.14628],[-38.84596,-13.16165],[-38.86796,-13.185],[-38.90946,-13.21157],[-38.93215,-13.21742],[-38.94664,-13.23747],[-38.96462,-13.28318],[-38.96777,-13.344],[-38.96074,-13.36697],[-38.94279,-13.39518],[-38.91746,-13.37212],[-38.90588,-13.37746],[-38.90477,-13.42603],[-38.88791,-13.44813],[-38.91145,-13.50037],[-38.92692,-13.51015],[-38.93498,-13.55957],[-38.9268,-13.57574],[-38.90201,-13.59799],[-38.90565,-13.62126],[-38.88907,-13.62045],[-38.89236,-13.65892],[-38.9135,-13.67332],[-38.92304,-13.65662],[-38.93665,-13.6551],[-38.96538,-13.67683],[-38.97075,-13.66503],[-38.97084,-13.63947],[-38.98412,-13.62652],[-38.97997,-13.61099],[-39.00193,-13.58847],[-39.00509,-13.57433],[-39.02865,-13.58571],[-39.05476,-13.58124],[-39.07384,-13.5684],[-39.08639,-13.60031],[-39.12052,-13.59667],[-39.16299,-13.61569],[-39.18637,-13.61997],[-39.18628,-13.6295],[-39.20963,-13.64139],[-39.21498,-13.65535],[-39.23218,-13.65263],[-39.23997,-13.63681],[-39.25748,-13.66629],[-39.26382,-13.69246],[-39.29307,-13.6749],[-39.35127,-13.6675],[-39.36049,-13.62429],[-39.34871,-13.57346],[-39.37866,-13.58716],[-39.36256,-13.55702],[-39.34678,-13.54356],[-39.36008,-13.54167],[-39.34535,-13.5002],[-39.32591,-13.48661],[-39.32864,-13.47226],[-39.31846,-13.45036],[-39.3239,-13.44078],[-39.30894,-13.38923],[-39.29722,-13.37499],[-39.3433,-13.37196],[-39.36052,-13.35517],[-39.35136,-13.33896],[-39.38697,-13.34332],[-39.41321,-13.32593],[-39.43124,-13.33048],[-39.44996,-13.37239],[-39.48293,-13.3802],[-39.49126,-13.41671],[-39.50849,-13.41665],[-39.5173,-13.43319],[-39.54682,-13.44135],[-39.55916,-13.46775],[-39.57816,-13.47817],[-39.59849,-13.47106],[-39.62743,-13.48233],[-39.64538,-13.51163],[-39.66843,-13.53745],[-39.68983,-13.52244],[-39.7086,-13.49785],[-39.74397,-13.48525],[-39.75349,-13.43441],[-39.73846,-13.4293],[-39.74701,-13.41018],[-39.76166,-13.40409],[-39.75182,-13.39298],[-39.74902,-13.35456],[-39.75427,-13.31814],[-39.76641,-13.28317],[-39.76299,-13.24708],[-39.79855,-13.23658],[-39.82718,-13.2134],[-39.83705,-13.18927],[-39.89472,-13.18871],[-39.92713,-13.16155],[-39.93904,-13.11842],[-39.9626,-13.09148],[-39.95683,-13.05844],[-39.96754,-13.03658],[-39.95371,-12.99516],[-39.905,-12.93424],[-39.90064,-12.87492],[-39.99871,-12.96533],[-40.02674,-12.98181],[-40.06612,-12.99019],[-40.09771,-12.98559],[-40.12196,-12.98886],[-40.14493,-12.98232],[-40.16991,-13.02375],[-40.41164,-13.09503],[-40.3946,-13.13781],[-40.38114,-13.14196],[-40.51165,-13.17584],[-40.62252,-13.18816],[-40.72219,-13.26761],[-40.77788,-13.37886],[-40.80157,-13.34719],[-40.79788,-13.33532],[-40.83621,-13.31453],[-40.8636,-13.31808],[-40.87621,-13.29224],[-40.87152,-13.27506],[-40.92096,-13.22698],[-41.10483,-13.29094],[-41.1256,-13.28458],[-41.1434,-13.2962],[-41.16019,-13.27252],[-41.16719,-13.24835],[-41.18466,-13.21916],[-41.3236,-13.26715],[-41.33243,-13.26274],[-41.34951,-13.28044],[-41.38768,-13.26347],[-41.39862,-13.22287],[-41.41432,-13.24465],[-41.44734,-13.25086],[-41.45351,-13.25987],[-41.45318,-13.29312],[-41.43666,-13.32592],[-41.43832,-13.35626],[-41.44716,-13.38354],[-41.54735,-13.42549],[-41.55261,-13.40855],[-41.57927,-13.41237],[-41.60528,-13.4246],[-41.60977,-13.38385],[-41.60888,-13.32252],[-41.59501,-13.29624],[-41.60197,-13.27],[-41.58985,-13.26793],[-41.59846,-13.22976],[-41.65011,-13.17561],[-41.66507,-13.15135],[-41.68457,-13.10489],[-41.67202,-13.09806],[-41.67963,-13.0677],[-41.69235,-13.04458],[-41.68835,-13.03332],[-41.76755,-12.90392],[-41.79227,-12.84823],[-41.8018,-12.81111],[-41.99556,-12.85413],[-42.01571,-12.85357],[-42.01924,-12.82162],[-42.03672,-12.73591],[-42.01783,-12.72045],[-42.02971,-12.68319],[-42.02515,-12.6548],[-42.02943,-12.61645],[-42.02686,-12.59066],[-42.0339,-12.57666],[-42.02988,-12.55072],[-42.0398,-12.5232],[-42.06757,-12.53295],[-42.06539,-12.52379],[-42.08413,-12.5087],[-42.08989,-12.47863],[-42.11732,-12.46982],[-42.12716,-12.43002],[-42.1278,-12.40668],[-42.14401,-12.40379],[-42.14571,-12.38894],[-42.1767,-12.38224],[-42.24883,-12.3947],[-42.2498,-12.3738],[-42.15781,-12.24531],[-42.13651,-12.26944],[-42.12324,-12.26893],[-42.12458,-12.28637],[-42.10622,-12.31783],[-42.09264,-12.32137],[-42.0244,-12.23291],[-41.97522,-12.26727],[-41.97114,-12.26353],[-41.98738,-12.22443],[-41.96648,-12.22528],[-41.97164,-12.20244],[-41.96658,-12.17974],[-41.97612,-12.15398],[-41.97809,-12.12168],[-41.97205,-12.08155],[-41.99292,-12.07106],[-41.98259,-12.04262],[-41.96354,-12.05564],[-41.97679,-12.03588],[-41.97947,-12.01636],[-42.00525,-11.98523],[-42.00563,-11.96892],[-42.02008,-11.94214],[-41.9968,-11.92208],[-41.99624,-11.90648],[-42.02583,-11.89078],[-42.02747,-11.85221],[-42.04877,-11.81906],[-42.03811,-11.81344],[-41.96047,-11.85065],[-41.6557,-12.0003],[-41.44441,-12.10971],[-41.35519,-12.16878],[-41.36722,-12.14417],[-41.37182,-12.1173],[-41.36821,-12.08386],[-41.3978,-12.0746],[-41.41038,-12.04167],[-41.42392,-12.03843],[-41.43755,-12.00031],[-41.45933,-11.96143],[-41.439,-11.94765],[-41.43943,-11.93371],[-41.37376,-11.89871],[-41.36959,-11.87869],[-41.33793,-11.85224],[-41.31723,-11.84158],[-41.27652,-11.86051],[-41.09778,-11.9536],[-40.88312,-11.98085],[-40.86735,-12.11918],[-40.56815,-12.09586],[-40.524,-12.09073],[-40.50174,-12.11277],[-40.47741,-12.10152],[-40.4563,-12.11003],[-40.45616,-12.12641],[-40.44124,-12.15761],[-40.41719,-12.15408],[-40.40615,-12.17853],[-40.39416,-12.17251],[-40.35826,-12.19432],[-40.34456,-12.19016],[-40.30949,-12.20642],[-40.30294,-12.22116],[-40.28581,-12.21716],[-40.22438,-12.22389],[-40.20419,-12.21478],[-40.19363,-12.23322],[-40.17282,-12.21991],[-40.15569,-12.25027],[-40.13933,-12.2478],[-40.03928,-12.15663],[-40.03155,-12.14479],[-39.95902,-11.97498],[-39.95653,-11.95817],[-40.00377,-11.93724],[-40.04733,-11.87177],[-40.03749,-11.85259],[-40.04947,-11.84515],[-39.99297,-11.80166],[-39.91168,-11.73399],[-39.90822,-11.70968],[-39.9268,-11.66609],[-39.92491,-11.49925],[-39.88472,-11.48143],[-39.86105,-11.49174],[-39.84755,-11.48152],[-39.83756,-11.49527],[-39.81421,-11.49298],[-39.77441,-11.46752],[-39.76153,-11.44695],[-39.76522,-11.42918],[-39.86519,-11.31388],[-39.99894,-11.22559],[-39.99089,-11.16126],[-40.06416,-10.85924],[-40.02625,-10.86285],[-40.01219,-10.88479],[-39.95194,-10.8924],[-39.94582,-10.90754],[-39.92978,-10.90354],[-39.92462,-10.91633],[-39.90216,-10.91525],[-39.88683,-10.9002],[-39.86534,-10.905],[-39.86167,-10.91804],[-39.84303,-10.91733],[-39.82458,-10.94015],[-39.80072,-10.93926],[-39.762,-10.96204],[-39.73202,-10.95308],[-39.71692,-10.96773],[-39.67808,-10.98272],[-39.62734,-10.91523],[-39.62791,-10.87429],[-39.64473,-10.85576],[-39.63708,-10.84428],[-39.66589,-10.83791],[-39.66527,-10.80709],[-39.67733,-10.80544],[-39.68366,-10.76481],[-39.69847,-10.75374],[-39.69305,-10.73721],[-39.70993,-10.71963],[-39.70133,-10.71559],[-39.69639,-10.67479],[-39.72709,-10.65932],[-39.74342,-10.64044],[-39.77117,-10.55042],[-39.75646,-10.50422],[-39.76439,-10.4968],[-39.75255,-10.4397],[-39.74091,-10.43361],[-39.73233,-10.40837],[-39.73883,-10.36346],[-39.73589,-10.33415],[-39.74664,-10.30366],[-39.7625,-10.22086],[-39.7596,-10.19879],[-39.77444,-10.13082],[-39.77891,-10.09007],[-39.77477,-10.06275],[-39.78106,-10.04232],[-39.77689,-10.01606],[-39.78802,-9.97423],[-39.78678,-9.95439],[-39.80333,-9.95218],[-39.79491,-9.93901],[-39.75362,-10.00001],[-39.70262,-10.05624],[-39.62691,-10.09526],[-39.4338,-10.13191],[-39.2617,-10.24867],[-39.26957,-10.21913],[-39.26048,-10.15715],[-39.25565,-10.14704],[-39.26405,-10.09377],[-39.23645,-10.03367],[-39.2217,-10.02378],[-39.20245,-9.9725],[-39.20604,-9.86288],[-39.20062,-9.8341],[-39.20737,-9.80904],[-39.19785,-9.74995],[-39.20115,-9.73349],[-39.18828,-9.69588],[-39.16286,-9.69908],[-39.14054,-9.67954],[-39.13285,-9.64945],[-39.14481,-9.65353],[-39.17522,-9.63595],[-39.21183,-9.64631],[-39.22225,-9.63403],[-39.26061,-9.63666],[-39.28742,-9.63235],[-39.31478,-9.60248],[-39.29397,-9.4541],[-39.28042,-9.43513],[-39.28772,-9.42531],[-39.28225,-9.3907],[-39.28904,-9.37233],[-39.34925,-9.32918],[-39.34872,-9.29839],[-39.36181,-9.27907],[-39.36359,-9.24374],[-39.37304,-9.22423],[-39.35959,-9.20875],[-39.36359,-9.17781],[-39.35206,-9.15706],[-39.44411,-9.0446],[-39.54953,-8.91223],[-39.39176,-8.59762],[-39.36897,-8.55528],[-39.35701,-8.54663],[-39.3433,-8.55813],[-39.29286,-8.56022],[-39.27481,-8.57641],[-39.26305,-8.6148],[-39.24753,-8.62458],[-39.24514,-8.68369],[-39.22817,-8.7099],[-39.20043,-8.71057],[-39.17663,-8.70303],[-39.16836,-8.69109],[-39.1436,-8.7121],[-39.0332,-8.7359],[-38.99156,-8.76714],[-38.97708,-8.79267],[-38.94334,-8.80382],[-38.92459,-8.79433],[-38.86776,-8.78345],[-38.80372,-8.78876],[-38.73933,-8.84443],[-38.70619,-8.86184],[-38.69572,-8.89011],[-38.68979,-8.94486],[-38.6704,-8.97477],[-38.64036,-8.98685],[-38.62374,-8.97963],[-38.60889,-8.9547],[-38.60723,-8.89285],[-38.60347,-8.88017],[-38.5709,-8.8312],[-38.55149,-8.82221],[-38.50861,-8.83223],[-38.47948,-8.84967],[-38.46945,-8.86533],[-38.47897,-8.90133],[-38.51644,-8.93282],[-38.51946,-8.94717],[-38.50316,-8.98099],[-38.44875,-9.02594],[-38.4151,-9.03815],[-38.38555,-9.02441],[-38.35581,-8.99672],[-38.32028,-8.99066],[-38.29605,-9.02243],[-38.28961,-9.04674],[-38.32552,-9.07757],[-38.30424,-9.09637],[-38.32105,-9.11646],[-38.31831,-9.14058],[-38.28724,-9.17349],[-38.27973,-9.20584],[-38.28716,-9.21671],[-38.25019,-9.29006],[-38.23724,-9.32937],[-38.20916,-9.35821],[-38.19382,-9.39397],[-38.20441,-9.41825],[-38.17735,-9.42496],[-38.1546,-9.443],[-38.11777,-9.44184],[-38.10859,-9.4352],[-38.07936,-9.43997],[-38.0675,-9.45808],[-38.0218,-9.46957],[-37.99852,-9.49723],[-38.00315,-9.51489],[-38.02151,-9.54058],[-38.01862,-9.56344],[-38.03649,-9.5807],[-38.03494,-9.61222],[-38.00774,-9.636],[-37.98976,-9.64124],[-37.99165,-9.65627],[-38.00666,-9.65131],[-38.02182,-9.66637],[-38.02464,-9.68246],[-38.0419,-9.6895],[-38.03757,-9.74904],[-38.02785,-9.77565],[-37.99739,-9.80293],[-37.96632,-9.81563],[-37.97425,-9.82962],[-37.97362,-9.85492],[-37.99742,-9.91038],[-37.96915,-9.96078],[-37.95232,-9.9713],[-37.92699,-9.96516],[-37.92018,-9.97404],[-37.8751,-9.97835],[-37.83142,-10.00055],[-37.82266,-10.0163],[-37.82063,-10.05686],[-37.79794,-10.10861],[-37.77403,-10.14437],[-37.78259,-10.18021],[-37.76536,-10.19579],[-37.74111,-10.31723],[-37.73544,-10.33423],[-37.78363,-10.34579],[-37.78727,-10.35406],[-37.83035,-10.37454],[-37.83694,-10.4006],[-37.85303,-10.40608],[-37.85877,-10.42604],[-37.82071,-10.48422],[-37.8127,-10.50806],[-37.83277,-10.56017],[-37.81358,-10.69062],[-37.99952,-10.76395],[-38.02292,-10.76339],[-38.02867,-10.73778],[-38.04895,-10.71065],[-38.07591,-10.71249],[-38.09239,-10.7019],[-38.11771,-10.70853],[-38.12496,-10.71838],[-38.15348,-10.71591],[-38.17932,-10.70208],[-38.21154,-10.70861],[-38.21712,-10.72244],[-38.21267,-10.75859],[-38.24151,-10.80022],[-38.2453,-10.8223],[-38.23187,-10.84725],[-38.2414,-10.86029],[-38.22919,-10.9155],[-38.21409,-10.93114],[-38.18405,-10.94194],[-38.18844,-10.96411],[-38.17571,-10.98484],[-38.14727,-10.99887],[-38.13085,-11.01507],[-38.1262,-11.0042],[-38.10749,-11.0108],[-38.10549,-11.03945],[-38.07915,-11.07427],[-38.09541,-11.09686],[-38.09113,-11.11189],[-38.07271,-11.117],[-38.07254,-11.1521],[-38.04769,-11.17696],[-38.02768,-11.17577],[-38.00173,-11.19601],[-37.97812,-11.19145],[-37.9776,-11.22187],[-37.99329,-11.24019],[-37.98597,-11.26945],[-38.00303,-11.28907],[-37.98787,-11.33118],[-37.99951,-11.34012],[-37.98211,-11.34773],[-37.9684,-11.38078],[-37.96693,-11.40163],[-37.93617,-11.42197],[-37.92885,-11.40299],[-37.90476,-11.41093],[-37.89949,-11.43715],[-37.88308,-11.42519],[-37.86767,-11.44199],[-37.85069,-11.44032],[-37.86408,-11.46478],[-37.80834,-11.49675],[-37.81343,-11.51383],[-37.77043,-11.53091],[-37.7591,-11.52481],[-37.74763,-11.53792],[-37.7301,-11.53766],[-37.72719,-11.55252],[-37.69604,-11.54496],[-37.69963,-11.56202],[-37.67447,-11.5672],[-37.6615,-11.54311],[-37.66446,-11.53298],[-37.6317,-11.51805],[-37.62783,-11.52914],[-37.60289,-11.5399],[-37.58935,-11.52788],[-37.57776,-11.55165],[-37.56888,-11.5394],[-37.55265,-11.54688],[-37.51762,-11.54761],[-37.50514,-11.5255],[-37.44393,-11.51605],[-37.39616,-11.48161],[-37.37062,-11.45154],[-37.34225,-11.44318],[-37.34582,-11.46176],[-37.38746,-11.50371],[-37.41193,-11.54298],[-37.48992,-11.69685],[-37.5148,-11.74157],[-37.56445,-11.8548],[-37.61644,-11.96631],[-37.62213,-11.99531],[-37.68574,-12.09129],[-37.69793,-12.12075],[-37.76371,-12.21861],[-37.78046,-12.24995],[-37.83637,-12.3221],[-37.88197,-12.38952],[-37.89672,-12.40304],[-37.89814,-12.37997],[-37.92527,-12.38295],[-37.93197,-12.37151],[-37.96806,-12.36986],[-38.00473,-12.39803],[-38.08488,-12.44478],[-38.09929,-12.43516],[-38.09173,-12.41788],[-38.10584,-12.4115],[-38.10398,-12.39399],[-38.12055,-12.38899],[-38.15552,-12.35675],[-38.16401,-12.3263],[-38.15879,-12.29957],[-38.1384,-12.29095],[-38.16312,-12.28011],[-38.1751,-12.25981],[-38.27354,-12.27765],[-38.38041,-12.23579],[-38.48173,-12.26948],[-38.51889,-12.25704],[-38.53145,-12.27615],[-38.53246,-12.34385],[-38.54237,-12.39137],[-38.52912,-12.41639],[-38.56508,-12.42404],[-38.59202,-12.41039],[-38.61591,-12.49602],[-38.6305,-12.48149],[-38.64183,-12.50046],[-38.65258,-12.55235],[-38.68803,-12.54935],[-38.69862,-12.59018],[-38.71135,-12.59342],[-38.71871,-12.61165],[-38.71854,-12.64245],[-38.68463,-12.68961],[-38.69024,-12.72914],[-38.80399,-12.72431],[-38.82268,-12.71736],[-38.84571,-12.72744],[-38.8351,-12.7366],[-38.81899,-12.77462],[-38.83104,-12.79124],[-38.83278,-12.81868],[-38.84622,-12.83782],[-38.81679,-12.84757],[-38.80068,-12.83377],[-38.69983,-12.79822],[-38.69683,-12.81373],[-38.72188,-12.84186],[-38.70673,-12.86929],[-38.70854,-12.8965],[-38.73354,-12.94541],[-38.78057,-13.00192],[-38.79038,-13.04067],[-38.80284,-13.05986],[-38.79876,-13.13555],[-38.80534,-13.14628]]]}},{"type":"Feature","properties":{"id":"77","phone_code":"77","phone_code_1_digit":"7"},"geometry":{"type":"Polygon","coordinates":[[[-46.03221,-14.85622],[-46.0524,-14.83092],[-46.02291,-14.81757],[-46.00763,-14.79275],[-46.00654,-14.73077],[-46.00146,-14.71082],[-46.02888,-14.68032],[-46.02424,-14.66469],[-45.98933,-14.65874],[-45.99481,-14.63878],[-45.98441,-14.62037],[-46.0006,-14.60116],[-45.98488,-14.57311],[-45.98872,-14.54986],[-45.97666,-14.53839],[-46.00291,-14.51752],[-45.99679,-14.48702],[-46.01596,-14.46901],[-46.00041,-14.43409],[-46.01716,-14.41854],[-46.00858,-14.40579],[-45.99841,-14.42894],[-45.96159,-14.42804],[-45.92721,-14.40987],[-45.92568,-14.38575],[-45.91171,-14.37453],[-45.91316,-14.34676],[-45.92966,-14.35016],[-45.95363,-14.32491],[-45.96284,-14.28546],[-45.99488,-14.27846],[-45.99138,-14.26236],[-46.02613,-14.25595],[-46.0606,-14.23208],[-46.05218,-14.20439],[-46.06307,-14.19311],[-46.0958,-14.20505],[-46.11571,-14.18739],[-46.11772,-14.15992],[-46.1333,-14.1528],[-46.15088,-14.15998],[-46.19686,-14.14276],[-46.20177,-14.11918],[-46.21643,-14.11957],[-46.26536,-14.09752],[-46.24156,-14.09227],[-46.22478,-14.06918],[-46.23233,-14.05608],[-46.24799,-14.0561],[-46.22594,-14.04161],[-46.20958,-14.01241],[-46.21844,-14.00204],[-46.21538,-13.9812],[-46.26771,-13.94332],[-46.26174,-13.90218],[-46.23666,-13.85913],[-46.23324,-13.84518],[-46.24928,-13.83028],[-46.26914,-13.82841],[-46.26216,-13.80814],[-46.28202,-13.79605],[-46.27333,-13.78676],[-46.22316,-13.76902],[-46.23674,-13.74439],[-46.25483,-13.74829],[-46.26427,-13.73289],[-46.23748,-13.7158],[-46.23797,-13.70019],[-46.25555,-13.69345],[-46.2416,-13.65717],[-46.21427,-13.63151],[-46.1872,-13.61736],[-46.16154,-13.59049],[-46.18391,-13.56713],[-46.22807,-13.56852],[-46.23826,-13.55415],[-46.24091,-13.52509],[-46.21817,-13.50007],[-46.22536,-13.47649],[-46.20599,-13.46519],[-46.22533,-13.43403],[-46.24185,-13.42784],[-46.21394,-13.40028],[-46.16999,-13.38352],[-46.1336,-13.37479],[-46.112,-13.35824],[-46.09466,-13.33205],[-46.04805,-13.30876],[-46.04174,-13.27224],[-46.06344,-13.26085],[-46.08924,-13.2703],[-46.17188,-13.31184],[-46.20463,-13.31986],[-46.21778,-13.31679],[-46.23719,-13.33579],[-46.27896,-13.34746],[-46.28825,-13.31418],[-46.3155,-13.30274],[-46.29855,-13.28137],[-46.29817,-13.25324],[-46.32974,-13.25237],[-46.30407,-13.2051],[-46.30261,-13.18181],[-46.31405,-13.17765],[-46.30939,-13.15754],[-46.29321,-13.15092],[-46.2948,-13.12943],[-46.30919,-13.12243],[-46.32224,-13.09785],[-46.30116,-13.07569],[-46.28027,-13.043],[-46.27295,-13.01452],[-46.23188,-12.99507],[-46.21596,-13.00398],[-46.16582,-12.97553],[-46.12542,-12.96104],[-46.11279,-12.93296],[-46.11389,-12.91753],[-46.13854,-12.90895],[-46.19771,-12.92487],[-46.2201,-12.94013],[-46.26633,-12.93191],[-46.30437,-12.94944],[-46.29199,-12.91912],[-46.29714,-12.90685],[-46.28577,-12.89478],[-46.2923,-12.85898],[-46.26189,-12.83124],[-46.28044,-12.80549],[-46.28283,-12.7831],[-46.27457,-12.77452],[-46.27992,-12.75028],[-46.26714,-12.73882],[-46.2645,-12.71651],[-46.29283,-12.69239],[-46.25642,-12.65565],[-46.26101,-12.64597],[-46.28977,-12.63132],[-46.27279,-12.59354],[-46.27952,-12.58447],[-46.26592,-12.57191],[-46.25838,-12.54718],[-46.2013,-12.52985],[-46.16022,-12.52814],[-46.15156,-12.51342],[-46.16163,-12.49512],[-46.1593,-12.47406],[-46.18644,-12.47712],[-46.22744,-12.49792],[-46.25438,-12.49388],[-46.24741,-12.4385],[-46.26452,-12.41223],[-46.30061,-12.41535],[-46.30428,-12.4051],[-46.28524,-12.37862],[-46.31247,-12.35592],[-46.32431,-12.35569],[-46.34008,-12.33649],[-46.35197,-12.33697],[-46.34584,-12.31443],[-46.32474,-12.30801],[-46.32895,-12.29768],[-46.37395,-12.28938],[-46.36571,-12.26622],[-46.38071,-12.24844],[-46.36605,-12.24104],[-46.35943,-12.22361],[-46.36821,-12.19937],[-46.39057,-12.19345],[-46.3803,-12.17897],[-46.36964,-12.13427],[-46.36766,-12.09829],[-46.38519,-12.09199],[-46.38142,-12.0525],[-46.39744,-12.03991],[-46.395,-12.02585],[-46.37319,-12.01504],[-46.35577,-11.98105],[-46.32293,-11.95734],[-46.29506,-11.94883],[-46.24755,-11.9471],[-46.21009,-11.92997],[-46.19214,-11.92907],[-46.17084,-11.90057],[-46.18897,-11.88346],[-46.213,-11.89818],[-46.23771,-11.90218],[-46.28458,-11.88551],[-46.31755,-11.89806],[-46.35086,-11.88213],[-46.36506,-11.88401],[-46.37416,-11.86817],[-46.373,-11.83625],[-46.35497,-11.84182],[-46.35049,-11.82181],[-46.33119,-11.80253],[-46.33514,-11.78636],[-46.3223,-11.77031],[-46.34694,-11.75344],[-46.37047,-11.75989],[-46.36575,-11.74532],[-46.32895,-11.73687],[-46.30855,-11.70364],[-46.29364,-11.69233],[-46.31452,-11.63031],[-46.25586,-11.62075],[-46.22133,-11.6443],[-46.18663,-11.65486],[-46.15358,-11.65655],[-46.13175,-11.64601],[-46.08658,-11.64221],[-46.08625,-11.62171],[-46.12664,-11.60385],[-46.15803,-11.60681],[-46.16597,-11.59896],[-46.18663,-11.60571],[-46.21305,-11.59528],[-46.22577,-11.57079],[-46.25841,-11.55632],[-46.28946,-11.55093],[-46.31303,-11.53906],[-46.34583,-11.54445],[-46.35964,-11.53519],[-46.41677,-11.53875],[-46.44511,-11.51423],[-46.47889,-11.51597],[-46.51964,-11.48312],[-46.52642,-11.4656],[-46.52776,-11.42209],[-46.54847,-11.40797],[-46.54889,-11.38029],[-46.58589,-11.36605],[-46.60126,-11.34676],[-46.61552,-11.30178],[-46.59923,-11.265],[-46.60921,-11.2555],[-46.58164,-11.24635],[-46.47194,-11.19076],[-46.45295,-11.15577],[-46.44714,-11.0919],[-46.42132,-11.0355],[-46.40571,-11.01927],[-46.39852,-10.99397],[-46.36011,-10.96134],[-46.3283,-10.9422],[-46.31694,-10.92717],[-46.283,-10.90633],[-46.29694,-10.86684],[-46.2791,-10.82457],[-46.23344,-10.80436],[-46.2272,-10.76639],[-46.25101,-10.75665],[-46.19214,-10.7193],[-46.18647,-10.6867],[-46.21161,-10.65414],[-46.16917,-10.61945],[-46.15594,-10.62952],[-46.11158,-10.61805],[-46.09522,-10.60416],[-46.07666,-10.6067],[-46.05905,-10.59303],[-46.05946,-10.57407],[-46.02594,-10.56415],[-46.02461,-10.54236],[-45.97077,-10.52816],[-45.96167,-10.50929],[-45.90627,-10.47326],[-45.88722,-10.44876],[-45.86438,-10.43846],[-45.83389,-10.44017],[-45.81925,-10.41188],[-45.83044,-10.39365],[-45.82697,-10.36782],[-45.79705,-10.35229],[-45.75071,-10.35156],[-45.72363,-10.3168],[-45.71409,-10.28407],[-45.69567,-10.25727],[-45.69773,-10.21503],[-45.7055,-10.18786],[-45.69886,-10.16644],[-45.72246,-10.1549],[-45.70346,-10.15657],[-45.66889,-10.14495],[-45.64835,-10.12692],[-45.60276,-10.10757],[-45.58134,-10.1195],[-45.56704,-10.1391],[-45.57043,-10.18432],[-45.55616,-10.21648],[-45.52577,-10.23651],[-45.52194,-10.27624],[-45.51555,-10.28677],[-45.48424,-10.30448],[-45.42536,-10.36986],[-45.42952,-10.40349],[-45.42408,-10.42607],[-45.39602,-10.44648],[-45.40344,-10.46682],[-45.44684,-10.507],[-45.43776,-10.5251],[-45.44692,-10.55592],[-45.43638,-10.57635],[-45.43544,-10.62231],[-45.41404,-10.6447],[-45.3848,-10.65121],[-45.37097,-10.67284],[-45.35781,-10.73179],[-45.32196,-10.75984],[-45.28897,-10.7652],[-45.26805,-10.77581],[-45.25703,-10.81142],[-45.24624,-10.82189],[-45.21881,-10.81695],[-45.21516,-10.8298],[-45.15338,-10.83866],[-45.11611,-10.84035],[-45.10489,-10.8464],[-45.07283,-10.84],[-45.03028,-10.86623],[-45.01619,-10.88418],[-44.99463,-10.88347],[-44.93081,-10.92833],[-44.89703,-10.90252],[-44.88402,-10.90189],[-44.85462,-10.88407],[-44.84389,-10.89961],[-44.80804,-10.86459],[-44.80991,-10.84616],[-44.78765,-10.8081],[-44.75852,-10.80442],[-44.75704,-10.78724],[-44.71141,-10.76076],[-44.68474,-10.76864],[-44.66728,-10.75963],[-44.66091,-10.73227],[-44.66918,-10.69164],[-44.6638,-10.67943],[-44.62966,-10.6762],[-44.60666,-10.65918],[-44.58911,-10.632],[-44.55067,-10.62816],[-44.52186,-10.64938],[-44.50411,-10.65032],[-44.47633,-10.63888],[-44.46323,-10.61483],[-44.44327,-10.60622],[-44.42324,-10.61284],[-44.39847,-10.60588],[-44.34397,-10.54924],[-44.31414,-10.55694],[-44.2825,-10.60667],[-44.26361,-10.62425],[-44.24105,-10.62691],[-44.20824,-10.6149],[-44.15944,-10.64373],[-44.12789,-10.63106],[-44.11022,-10.59677],[-44.07242,-10.58063],[-44.05061,-10.50582],[-44.02544,-10.47505],[-44.03536,-10.44429],[-44.02293,-10.40765],[-44.0073,-10.40492],[-43.95911,-10.42627],[-43.91708,-10.42472],[-43.91439,-10.38373],[-43.88431,-10.3436],[-43.64933,-10.3418],[-43.63035,-10.32562],[-43.60863,-10.32603],[-43.58411,-10.28811],[-43.5657,-10.28898],[-43.53069,-10.30913],[-43.50644,-10.29732],[-43.4948,-10.2746],[-43.46944,-10.26349],[-43.45939,-10.24273],[-43.38443,-10.2357],[-43.37675,-10.24774],[-43.37206,-10.28584],[-43.37497,-10.3128],[-43.38827,-10.33915],[-43.37761,-10.40463],[-43.38491,-10.42766],[-43.37592,-10.4474],[-43.37843,-10.4995],[-43.37373,-10.50815],[-43.3811,-10.5464],[-43.37352,-10.59086],[-43.37555,-10.66894],[-43.38125,-10.68025],[-43.38017,-10.71461],[-43.69621,-10.89209],[-43.72977,-10.90624],[-43.75219,-10.88675],[-43.76721,-10.88747],[-43.7671,-10.90403],[-43.78585,-10.90752],[-43.84286,-10.84916],[-43.87241,-10.85858],[-43.9005,-10.85628],[-43.92219,-10.87707],[-43.92447,-10.90038],[-43.94275,-10.90829],[-43.96194,-10.9318],[-43.98677,-10.9266],[-43.9936,-10.93776],[-44.01498,-10.93965],[-44.02397,-10.95122],[-44.00348,-10.99148],[-43.96502,-11.04419],[-43.92698,-11.07988],[-43.90849,-11.12348],[-43.90252,-11.1586],[-43.87935,-11.21549],[-43.87872,-11.22984],[-43.85068,-11.30415],[-43.82566,-11.35768],[-43.80536,-11.44371],[-43.795,-11.4652],[-43.76613,-11.60012],[-43.73789,-11.67655],[-43.70643,-11.72904],[-43.6984,-11.75128],[-43.65607,-11.7321],[-43.64204,-11.73642],[-43.6366,-11.75781],[-43.61362,-11.78216],[-43.61049,-11.80382],[-43.5793,-11.8181],[-43.55281,-11.81375],[-43.51917,-11.79873],[-43.50842,-11.80543],[-43.46528,-11.80798],[-43.4414,-11.79512],[-43.43197,-11.80164],[-43.40908,-11.7828],[-43.39254,-11.7876],[-43.3507,-11.77847],[-43.3468,-11.73753],[-43.3816,-11.68968],[-43.38497,-11.67235],[-43.37242,-11.61934],[-43.34494,-11.58244],[-43.29544,-11.57627],[-43.28572,-11.54561],[-42.89224,-11.65669],[-42.74738,-11.73055],[-42.68058,-11.71995],[-42.66352,-11.70862],[-42.62378,-11.71799],[-42.59455,-11.7084],[-42.56575,-11.73518],[-42.5203,-11.74897],[-42.48772,-11.77555],[-42.47203,-11.72567],[-42.44502,-11.75741],[-42.4208,-11.76529],[-42.39433,-11.7539],[-42.36399,-11.75681],[-42.36058,-11.71373],[-42.18936,-11.90208],[-42.20291,-11.93015],[-42.18052,-11.95856],[-42.17749,-11.9782],[-42.18755,-11.98645],[-42.1746,-12.00406],[-42.23842,-11.95439],[-42.23107,-11.97313],[-42.24165,-12.00134],[-42.23543,-12.02161],[-42.24605,-12.04641],[-42.21727,-12.06974],[-42.07655,-12.24639],[-42.16442,-12.2378],[-42.15781,-12.24531],[-42.2498,-12.3738],[-42.24883,-12.3947],[-42.1767,-12.38224],[-42.14571,-12.38894],[-42.14401,-12.40379],[-42.1278,-12.40668],[-42.12716,-12.43002],[-42.11732,-12.46982],[-42.08989,-12.47863],[-42.08413,-12.5087],[-42.06539,-12.52379],[-42.06757,-12.53295],[-42.0398,-12.5232],[-42.02988,-12.55072],[-42.0339,-12.57666],[-42.02686,-12.59066],[-42.02943,-12.61645],[-42.02515,-12.6548],[-42.02971,-12.68319],[-42.01783,-12.72045],[-42.03672,-12.73591],[-42.01924,-12.82162],[-42.01571,-12.85357],[-41.99556,-12.85413],[-41.8018,-12.81111],[-41.79227,-12.84823],[-41.76755,-12.90392],[-41.68835,-13.03332],[-41.69235,-13.04458],[-41.67963,-13.0677],[-41.67202,-13.09806],[-41.68457,-13.10489],[-41.66507,-13.15135],[-41.65011,-13.17561],[-41.59846,-13.22976],[-41.58985,-13.26793],[-41.60197,-13.27],[-41.59501,-13.29624],[-41.60888,-13.32252],[-41.60977,-13.38385],[-41.60528,-13.4246],[-41.57927,-13.41237],[-41.55261,-13.40855],[-41.54735,-13.42549],[-41.44716,-13.38354],[-41.43832,-13.35626],[-41.43666,-13.32592],[-41.45318,-13.29312],[-41.45351,-13.25987],[-41.44734,-13.25086],[-41.41432,-13.24465],[-41.39862,-13.22287],[-41.38768,-13.26347],[-41.34951,-13.28044],[-41.33243,-13.26274],[-41.3236,-13.26715],[-41.18466,-13.21916],[-41.16719,-13.24835],[-41.16019,-13.27252],[-41.1434,-13.2962],[-41.1256,-13.28458],[-41.10483,-13.29094],[-40.92096,-13.22698],[-40.87152,-13.27506],[-40.87621,-13.29224],[-40.8636,-13.31808],[-40.83621,-13.31453],[-40.79788,-13.33532],[-40.80157,-13.34719],[-40.77788,-13.37886],[-40.77261,-13.39635],[-40.7285,-13.43317],[-40.7396,-13.45793],[-40.69651,-13.50713],[-40.69632,-13.53379],[-40.68688,-13.548],[-40.69366,-13.59166],[-40.69034,-13.61075],[-40.70262,-13.62676],[-40.70216,-13.65502],[-40.72524,-13.69925],[-40.72621,-13.72161],[-40.71604,-13.74789],[-40.72408,-13.75922],[-40.70279,-13.76446],[-40.69969,-13.8043],[-40.67146,-13.83145],[-40.65477,-13.83872],[-40.67858,-13.84997],[-40.69626,-13.83715],[-40.72288,-13.84089],[-40.73629,-13.83521],[-40.79371,-13.83419],[-40.84896,-13.84962],[-40.88152,-13.84439],[-40.90652,-13.88614],[-40.93501,-13.89302],[-40.91098,-13.91283],[-40.92521,-13.92042],[-40.9503,-13.90652],[-40.96316,-13.92242],[-40.96007,-13.93917],[-40.9832,-13.94724],[-40.97846,-13.97814],[-40.70081,-14.14643],[-40.46387,-14.26681],[-40.24943,-14.30119],[-40.24157,-14.30804],[-40.21251,-14.25942],[-40.17982,-14.22438],[-40.16082,-14.25442],[-40.1044,-14.23609],[-40.09884,-14.26624],[-40.08617,-14.24867],[-40.03821,-14.43706],[-40.04828,-14.437],[-40.05887,-14.48377],[-40.08071,-14.4867],[-40.08737,-14.5071],[-40.10524,-14.51982],[-40.11845,-14.48967],[-40.16576,-14.48203],[-40.17726,-14.51145],[-40.18877,-14.51225],[-40.19013,-14.53947],[-40.19834,-14.54171],[-40.20449,-14.58733],[-40.21412,-14.6017],[-40.20907,-14.62772],[-40.22826,-14.64974],[-40.21987,-14.67378],[-40.24865,-14.66255],[-40.28713,-14.65644],[-40.29932,-14.6883],[-40.29784,-14.71314],[-40.31104,-14.71899],[-40.32624,-14.70476],[-40.33267,-14.71588],[-40.31888,-14.75241],[-40.31704,-14.79706],[-40.32878,-14.8104],[-40.33542,-14.83987],[-40.33322,-14.86069],[-40.31229,-14.88306],[-40.30159,-14.9175],[-40.10912,-14.95664],[-40.12593,-14.98496],[-40.14938,-14.98216],[-40.13473,-15.00161],[-40.13509,-15.04378],[-40.11034,-15.05515],[-40.10013,-15.09824],[-40.08108,-15.11655],[-40.03979,-15.12521],[-40.02362,-15.10991],[-39.97932,-15.11291],[-39.96032,-15.12476],[-39.9443,-15.11982],[-39.93846,-15.1044],[-39.9264,-15.11186],[-39.91815,-15.09839],[-39.89504,-15.10123],[-39.84664,-15.31128],[-39.77456,-15.55932],[-39.79042,-15.54147],[-39.81687,-15.52849],[-39.84402,-15.53531],[-39.85623,-15.52441],[-39.88518,-15.52276],[-39.88382,-15.51142],[-39.90232,-15.48842],[-39.9161,-15.48381],[-39.91621,-15.46465],[-39.94504,-15.466],[-39.93476,-15.43909],[-39.9644,-15.45237],[-39.97546,-15.44659],[-39.96241,-15.43095],[-39.98426,-15.42113],[-40.01301,-15.42351],[-40.03592,-15.43327],[-40.02943,-15.41609],[-40.04439,-15.38829],[-40.07709,-15.39002],[-40.10184,-15.37983],[-40.10268,-15.36148],[-40.13498,-15.36477],[-40.14984,-15.35965],[-40.16618,-15.37053],[-40.14446,-15.39344],[-40.15334,-15.40784],[-40.17017,-15.40907],[-40.17725,-15.43068],[-40.19907,-15.44178],[-40.19089,-15.46186],[-40.1585,-15.46045],[-40.13062,-15.50018],[-40.13623,-15.50769],[-40.13934,-15.5487],[-40.13459,-15.59817],[-40.14975,-15.62296],[-40.16864,-15.63322],[-40.16762,-15.64973],[-40.19781,-15.70309],[-40.2089,-15.6949],[-40.22141,-15.71405],[-40.2417,-15.78318],[-40.23562,-15.80315],[-40.27434,-15.81758],[-40.32715,-15.81777],[-40.38212,-15.81403],[-40.3919,-15.81941],[-40.42466,-15.80525],[-40.43209,-15.77819],[-40.46025,-15.7533],[-40.48375,-15.77533],[-40.50593,-15.76644],[-40.51876,-15.78042],[-40.5179,-15.79705],[-40.53943,-15.79433],[-40.56309,-15.80244],[-40.57275,-15.78761],[-40.56704,-15.77546],[-40.59272,-15.77128],[-40.59944,-15.74673],[-40.62901,-15.71525],[-40.64457,-15.7284],[-40.66082,-15.70666],[-40.68193,-15.69856],[-40.69813,-15.66855],[-40.70683,-15.66594],[-40.74343,-15.68355],[-40.73715,-15.69986],[-40.76728,-15.71362],[-40.78557,-15.6918],[-40.77996,-15.67974],[-40.81646,-15.64711],[-40.82893,-15.6478],[-40.83093,-15.67019],[-40.84165,-15.68276],[-40.88117,-15.69401],[-40.90219,-15.69138],[-40.91395,-15.66052],[-40.94882,-15.65578],[-40.96274,-15.64794],[-40.97922,-15.69118],[-41.00568,-15.71338],[-41.03589,-15.71336],[-41.05304,-15.72465],[-41.07717,-15.71883],[-41.09251,-15.73822],[-41.12825,-15.74631],[-41.14396,-15.77143],[-41.1559,-15.76092],[-41.19666,-15.7499],[-41.21501,-15.73671],[-41.237,-15.73705],[-41.26818,-15.74824],[-41.29256,-15.73855],[-41.33082,-15.74421],[-41.35604,-15.49983],[-41.36217,-15.49422],[-41.46355,-15.40169],[-41.80032,-15.10064],[-41.85412,-15.11699],[-41.87214,-15.116],[-41.87988,-15.13689],[-41.89665,-15.15144],[-41.92624,-15.16034],[-41.93215,-15.17405],[-41.95304,-15.17521],[-41.9943,-15.15842],[-42.09568,-15.18199],[-42.11591,-15.14368],[-42.14951,-15.11989],[-42.15295,-15.0989],[-42.17293,-15.0855],[-42.18257,-15.09919],[-42.216,-15.10518],[-42.22704,-15.09881],[-42.2644,-15.12472],[-42.27504,-15.11284],[-42.31535,-15.09874],[-42.33475,-15.07835],[-42.35451,-15.09775],[-42.37644,-15.06996],[-42.3961,-15.07754],[-42.44254,-15.06087],[-42.43641,-15.02226],[-42.47552,-15.01659],[-42.50179,-14.9872],[-42.53124,-14.97703],[-42.53449,-14.96613],[-42.56029,-14.96184],[-42.57712,-14.93843],[-42.60215,-14.92422],[-42.62501,-14.94457],[-42.67946,-14.90287],[-42.6924,-14.90204],[-42.70515,-14.88201],[-42.72296,-14.88516],[-42.74831,-14.86381],[-42.75474,-14.84597],[-42.79059,-14.83893],[-42.83545,-14.8065],[-42.84199,-14.79562],[-42.8804,-14.76884],[-42.90549,-14.76059],[-42.93848,-14.70758],[-42.97693,-14.69794],[-43.01023,-14.70115],[-43.03791,-14.68236],[-43.05527,-14.69049],[-43.06599,-14.68011],[-43.08337,-14.69754],[-43.10763,-14.67272],[-43.1511,-14.66588],[-43.17595,-14.65009],[-43.17878,-14.66053],[-43.1958,-14.64908],[-43.20726,-14.6579],[-43.24465,-14.65606],[-43.29774,-14.67563],[-43.31082,-14.6693],[-43.3461,-14.69562],[-43.39863,-14.70977],[-43.41429,-14.72378],[-43.43448,-14.72259],[-43.46087,-14.74578],[-43.46243,-14.76544],[-43.48085,-14.76745],[-43.47153,-14.78886],[-43.51076,-14.79612],[-43.53099,-14.81485],[-43.53677,-14.78306],[-43.57338,-14.76471],[-43.58021,-14.75036],[-43.6146,-14.75944],[-43.65862,-14.74442],[-43.68621,-14.72122],[-43.71946,-14.72909],[-43.71182,-14.71454],[-43.72585,-14.69771],[-43.75511,-14.70039],[-43.78526,-14.68527],[-43.8001,-14.68686],[-43.84646,-14.67166],[-43.85879,-14.67385],[-43.87285,-14.65314],[-43.8831,-14.65278],[-43.87063,-14.62166],[-43.8741,-14.59424],[-43.88682,-14.58473],[-43.87347,-14.52014],[-43.83156,-14.44256],[-43.81898,-14.38886],[-43.78278,-14.33879],[-43.79968,-14.33738],[-43.81491,-14.3202],[-43.83574,-14.3107],[-43.84682,-14.32129],[-43.8523,-14.30749],[-43.88004,-14.31146],[-43.89207,-14.30057],[-43.96152,-14.29056],[-43.96918,-14.27358],[-43.98043,-14.2817],[-43.98596,-14.26711],[-44.00575,-14.26692],[-44.03421,-14.28858],[-44.09899,-14.27302],[-44.11219,-14.25828],[-44.13521,-14.28174],[-44.13686,-14.26371],[-44.1596,-14.25719],[-44.16399,-14.26795],[-44.20088,-14.25403],[-44.21492,-14.23273],[-44.21765,-14.24453],[-44.24021,-14.24024],[-44.2383,-14.25756],[-44.26821,-14.24615],[-44.3026,-14.25218],[-44.31607,-14.2399],[-44.34019,-14.24895],[-44.35248,-14.26574],[-44.3891,-14.28003],[-44.42995,-14.28895],[-44.45322,-14.31154],[-44.46507,-14.31029],[-44.48676,-14.32807],[-44.50303,-14.32188],[-44.55679,-14.33659],[-44.58576,-14.35358],[-44.59727,-14.36724],[-44.62518,-14.37566],[-44.63318,-14.39402],[-44.65847,-14.39531],[-44.65763,-14.41592],[-44.6738,-14.42405],[-44.68794,-14.41624],[-44.70088,-14.44934],[-44.71247,-14.44352],[-44.75633,-14.47793],[-44.79395,-14.48741],[-44.79391,-14.49614],[-44.81785,-14.48975],[-44.8134,-14.50421],[-44.83282,-14.49938],[-44.82345,-14.51521],[-44.84669,-14.54504],[-44.84651,-14.55758],[-44.87554,-14.59921],[-44.90979,-14.6031],[-44.91626,-14.61921],[-44.98018,-14.64306],[-44.98552,-14.66169],[-45.03991,-14.68004],[-45.06197,-14.72451],[-45.08238,-14.74833],[-45.09505,-14.75243],[-45.15246,-14.7421],[-45.1716,-14.73423],[-45.20458,-14.74449],[-45.22885,-14.76528],[-45.24155,-14.78608],[-45.30215,-14.8284],[-45.31762,-14.85212],[-45.36356,-14.87125],[-45.37032,-14.89369],[-45.39938,-14.91705],[-45.42063,-14.92614],[-45.43318,-14.92117],[-45.45471,-14.95327],[-45.46943,-14.94961],[-45.48963,-14.96031],[-45.49807,-14.94593],[-45.52027,-14.95311],[-45.53305,-14.93918],[-45.56632,-14.94441],[-45.56663,-14.95605],[-45.58799,-14.97327],[-45.6242,-15.02092],[-45.64311,-15.01625],[-45.66,-15.03783],[-45.6554,-15.04808],[-45.67439,-15.08009],[-45.71849,-15.09695],[-45.72186,-15.11187],[-45.75013,-15.1195],[-45.81124,-15.11239],[-45.82906,-15.11956],[-45.83391,-15.13622],[-45.87082,-15.15836],[-45.9183,-15.13292],[-45.95448,-15.14002],[-45.97204,-15.15427],[-45.98408,-15.19551],[-46.0291,-15.20136],[-46.05769,-15.26229],[-46.07665,-15.26423],[-46.08082,-15.24807],[-46.09438,-15.24569],[-46.09839,-15.21634],[-46.11882,-15.19178],[-46.09727,-15.19216],[-46.0783,-15.17506],[-46.05707,-15.17336],[-46.04303,-15.14259],[-46.04329,-15.11768],[-46.02805,-15.11366],[-46.01807,-15.08085],[-45.97507,-15.03843],[-45.9745,-15.00714],[-45.96566,-14.9652],[-45.97132,-14.94868],[-45.99541,-14.92702],[-46.00689,-14.9254],[-46.00345,-14.90184],[-46.03715,-14.87421],[-46.03221,-14.85622]]]}},{"type":"Feature","properties":{"id":"79","phone_code":"79","phone_code_1_digit":"7"},"geometry":{"type":"Polygon","coordinates":[[[-37.98898,-9.52694],[-37.95595,-9.53366],[-37.9168,-9.54853],[-37.89379,-9.53911],[-37.88582,-9.54975],[-37.84188,-9.579],[-37.83276,-9.59446],[-37.8179,-9.59247],[-37.79275,-9.62018],[-37.78489,-9.63815],[-37.74693,-9.6253],[-37.71142,-9.63088],[-37.67051,-9.65622],[-37.65649,-9.68321],[-37.58147,-9.73355],[-37.56592,-9.73925],[-37.46651,-9.7491],[-37.41741,-9.76253],[-37.39502,-9.77826],[-37.34797,-9.7927],[-37.32078,-9.82004],[-37.28508,-9.83054],[-37.26386,-9.85001],[-37.24519,-9.88656],[-37.22625,-9.89905],[-37.15262,-9.90043],[-37.1323,-9.91337],[-37.07519,-9.96585],[-37.03752,-9.98866],[-37.00518,-9.9758],[-36.96726,-9.99246],[-36.95604,-10.02534],[-36.95876,-10.0501],[-36.94312,-10.09242],[-36.91055,-10.13752],[-36.87664,-10.1457],[-36.84827,-10.16236],[-36.83665,-10.20175],[-36.80807,-10.22045],[-36.75584,-10.23131],[-36.75582,-10.24592],[-36.72006,-10.26452],[-36.68219,-10.27446],[-36.64196,-10.25155],[-36.62519,-10.25585],[-36.59084,-10.28696],[-36.58861,-10.3014],[-36.56575,-10.32771],[-36.56741,-10.36511],[-36.56042,-10.39296],[-36.56411,-10.41691],[-36.54516,-10.42902],[-36.51242,-10.42037],[-36.52189,-10.43267],[-36.48708,-10.42249],[-36.46319,-10.40631],[-36.43012,-10.42488],[-36.40087,-10.4916],[-36.39354,-10.49883],[-36.39961,-10.5195],[-36.43528,-10.52075],[-36.49734,-10.53803],[-36.6201,-10.58901],[-36.68045,-10.63341],[-36.7287,-10.65235],[-36.80786,-10.7041],[-36.85372,-10.74316],[-36.93715,-10.83111],[-36.99373,-10.90277],[-37.02592,-10.94934],[-37.02585,-10.96368],[-37.05572,-10.99769],[-37.13055,-11.10487],[-37.1571,-11.1574],[-37.15151,-11.16226],[-37.20187,-11.21731],[-37.26088,-11.28841],[-37.29278,-11.34459],[-37.31893,-11.4265],[-37.32961,-11.44467],[-37.34225,-11.44318],[-37.37062,-11.45154],[-37.39616,-11.48161],[-37.44393,-11.51605],[-37.50514,-11.5255],[-37.51762,-11.54761],[-37.55265,-11.54688],[-37.56888,-11.5394],[-37.57776,-11.55165],[-37.58935,-11.52788],[-37.60289,-11.5399],[-37.62783,-11.52914],[-37.6317,-11.51805],[-37.66446,-11.53298],[-37.6615,-11.54311],[-37.67447,-11.5672],[-37.69963,-11.56202],[-37.69604,-11.54496],[-37.72719,-11.55252],[-37.7301,-11.53766],[-37.74763,-11.53792],[-37.7591,-11.52481],[-37.77043,-11.53091],[-37.81343,-11.51383],[-37.80834,-11.49675],[-37.86408,-11.46478],[-37.85069,-11.44032],[-37.86767,-11.44199],[-37.88308,-11.42519],[-37.89949,-11.43715],[-37.90476,-11.41093],[-37.92885,-11.40299],[-37.93617,-11.42197],[-37.96693,-11.40163],[-37.9684,-11.38078],[-37.98211,-11.34773],[-37.99951,-11.34012],[-37.98787,-11.33118],[-38.00303,-11.28907],[-37.98597,-11.26945],[-37.99329,-11.24019],[-37.9776,-11.22187],[-37.97812,-11.19145],[-38.00173,-11.19601],[-38.02768,-11.17577],[-38.04769,-11.17696],[-38.07254,-11.1521],[-38.07271,-11.117],[-38.09113,-11.11189],[-38.09541,-11.09686],[-38.07915,-11.07427],[-38.10549,-11.03945],[-38.10749,-11.0108],[-38.1262,-11.0042],[-38.13085,-11.01507],[-38.14727,-10.99887],[-38.17571,-10.98484],[-38.18844,-10.96411],[-38.18405,-10.94194],[-38.21409,-10.93114],[-38.22919,-10.9155],[-38.2414,-10.86029],[-38.23187,-10.84725],[-38.2453,-10.8223],[-38.24151,-10.80022],[-38.21267,-10.75859],[-38.21712,-10.72244],[-38.21154,-10.70861],[-38.17932,-10.70208],[-38.15348,-10.71591],[-38.12496,-10.71838],[-38.11771,-10.70853],[-38.09239,-10.7019],[-38.07591,-10.71249],[-38.04895,-10.71065],[-38.02867,-10.73778],[-38.02292,-10.76339],[-37.99952,-10.76395],[-37.81358,-10.69062],[-37.83277,-10.56017],[-37.8127,-10.50806],[-37.82071,-10.48422],[-37.85877,-10.42604],[-37.85303,-10.40608],[-37.83694,-10.4006],[-37.83035,-10.37454],[-37.78727,-10.35406],[-37.78363,-10.34579],[-37.73544,-10.33423],[-37.74111,-10.31723],[-37.76536,-10.19579],[-37.78259,-10.18021],[-37.77403,-10.14437],[-37.79794,-10.10861],[-37.82063,-10.05686],[-37.82266,-10.0163],[-37.83142,-10.00055],[-37.8751,-9.97835],[-37.92018,-9.97404],[-37.92699,-9.96516],[-37.95232,-9.9713],[-37.96915,-9.96078],[-37.99742,-9.91038],[-37.97362,-9.85492],[-37.97425,-9.82962],[-37.96632,-9.81563],[-37.99739,-9.80293],[-38.02785,-9.77565],[-38.03757,-9.74904],[-38.0419,-9.6895],[-38.02464,-9.68246],[-38.02182,-9.66637],[-38.00666,-9.65131],[-37.99165,-9.65627],[-37.98976,-9.64124],[-38.00774,-9.636],[-38.03494,-9.61222],[-38.03649,-9.5807],[-38.01862,-9.56344],[-38.02151,-9.54058],[-38.00315,-9.51489],[-37.98898,-9.52694]]]}},{"type":"Feature","properties":{"id":"81","phone_code":"81","phone_code_1_digit":"8"},"geometry":{"type":"MultiPolygon","coordinates":[[[[-32.40895,-3.85624],[-32.42292,-3.87266],[-32.4355,-3.86948],[-32.45748,-3.88123],[-32.4675,-3.87661],[-32.44326,-3.85053],[-32.41036,-3.8366],[-32.39223,-3.85127],[-32.40895,-3.85624]]],[[[-35.1735,-8.89029],[-35.20877,-8.89135],[-35.2347,-8.88278],[-35.25246,-8.88682],[-35.28733,-8.87614],[-35.39967,-8.84989],[-35.40869,-8.83757],[-35.45876,-8.83845],[-35.4698,-8.81271],[-35.49543,-8.82788],[-35.51745,-8.81634],[-35.56336,-8.83123],[-35.59587,-8.86057],[-35.61346,-8.86398],[-35.6318,-8.88086],[-35.65719,-8.88024],[-35.67088,-8.89621],[-35.71338,-8.90438],[-35.74807,-8.91673],[-35.78266,-8.89712],[-35.77659,-8.86885],[-35.7952,-8.84772],[-35.82512,-8.86952],[-35.84881,-8.87139],[-35.8616,-8.85795],[-35.91109,-8.86087],[-35.92395,-8.88421],[-35.94221,-8.88518],[-35.96498,-8.90273],[-36.00506,-8.91258],[-36.03292,-8.908],[-36.06078,-8.89466],[-36.12516,-8.84193],[-36.08915,-8.77594],[-36.07513,-8.77011],[-36.0757,-8.72049],[-36.12386,-8.71499],[-36.18141,-8.66441],[-36.15479,-8.63051],[-36.09466,-8.59076],[-36.16591,-8.54708],[-36.22933,-8.57256],[-36.27452,-8.56167],[-36.33156,-8.61432],[-36.44789,-8.65737],[-36.46316,-8.66846],[-36.46726,-8.69025],[-36.48688,-8.70347],[-36.49787,-8.68024],[-36.53401,-8.6562],[-36.54216,-8.62232],[-36.56153,-8.64173],[-36.56785,-8.61858],[-36.58634,-8.60053],[-36.60913,-8.60586],[-36.60307,-8.59389],[-36.61614,-8.56957],[-36.60988,-8.54863],[-36.54199,-8.49882],[-36.53726,-8.50203],[-36.53064,-8.44493],[-36.51297,-8.40422],[-36.49236,-8.38268],[-36.48429,-8.31405],[-36.51097,-8.32101],[-36.52504,-8.30325],[-36.49806,-8.28793],[-36.49835,-8.27015],[-36.48559,-8.25215],[-36.49388,-8.23187],[-36.51656,-8.23201],[-36.52418,-8.24562],[-36.55985,-8.27385],[-36.56,-8.28277],[-36.60562,-8.21195],[-36.63364,-8.21324],[-36.66192,-8.18275],[-36.67966,-8.17647],[-36.6867,-8.15527],[-36.6932,-8.14107],[-36.66612,-8.12359],[-36.6372,-8.11814],[-36.62752,-8.10245],[-36.6469,-8.09208],[-36.65345,-8.06997],[-36.62752,-8.05534],[-36.62751,-7.986],[-36.61095,-7.94774],[-36.57644,-7.95923],[-36.57137,-7.90409],[-36.53613,-7.9012],[-36.49905,-7.9199],[-36.47865,-7.92367],[-36.44597,-7.91597],[-36.42936,-7.88615],[-36.44005,-7.87784],[-36.42872,-7.86663],[-36.42963,-7.8267],[-36.42371,-7.81537],[-36.39609,-7.80829],[-36.37312,-7.81221],[-36.36039,-7.80531],[-36.3088,-7.80628],[-36.27078,-7.83015],[-36.25296,-7.82954],[-36.23921,-7.8108],[-36.254,-7.80128],[-36.24597,-7.7849],[-36.2163,-7.76369],[-36.20063,-7.78949],[-36.14304,-7.78115],[-36.11695,-7.78538],[-36.10216,-7.77905],[-36.06866,-7.78056],[-36.05354,-7.80095],[-36.04291,-7.79325],[-36.02126,-7.80983],[-35.99789,-7.81334],[-35.99242,-7.80006],[-35.96963,-7.78905],[-35.93255,-7.78401],[-35.90408,-7.79183],[-35.8835,-7.77437],[-35.87179,-7.74913],[-35.82867,-7.75105],[-35.78025,-7.73794],[-35.73622,-7.70919],[-35.71329,-7.70696],[-35.69975,-7.69145],[-35.69339,-7.69937],[-35.65523,-7.69664],[-35.6312,-7.68083],[-35.60933,-7.65337],[-35.58874,-7.65039],[-35.56046,-7.65946],[-35.53249,-7.65441],[-35.51474,-7.64284],[-35.53136,-7.62126],[-35.51487,-7.58461],[-35.53064,-7.5896],[-35.51938,-7.53504],[-35.5016,-7.5121],[-35.50722,-7.48658],[-35.50298,-7.45567],[-35.47821,-7.44493],[-35.44125,-7.45657],[-35.42322,-7.47444],[-35.40791,-7.46072],[-35.36863,-7.4404],[-35.35078,-7.43985],[-35.35203,-7.42199],[-35.33319,-7.42235],[-35.3347,-7.4064],[-35.30619,-7.40751],[-35.27985,-7.38725],[-35.24574,-7.3742],[-35.19923,-7.38733],[-35.19042,-7.39748],[-35.17174,-7.38763],[-35.09747,-7.40792],[-35.07869,-7.3959],[-35.02924,-7.42541],[-35.00242,-7.45312],[-34.9851,-7.4616],[-34.98986,-7.48847],[-34.98391,-7.50748],[-34.96047,-7.53836],[-34.93236,-7.52811],[-34.91512,-7.54186],[-34.88842,-7.53549],[-34.8704,-7.54875],[-34.8577,-7.53754],[-34.83514,-7.54732],[-34.83975,-7.55337],[-34.82375,-7.59738],[-34.80725,-7.62506],[-34.82197,-7.64809],[-34.83361,-7.68314],[-34.846,-7.68828],[-34.83132,-7.70013],[-34.83078,-7.72624],[-34.82269,-7.74326],[-34.84703,-7.81216],[-34.83256,-7.87336],[-34.82378,-7.88656],[-34.81933,-7.91735],[-34.83704,-7.98893],[-34.83754,-8.00571],[-34.86283,-8.03627],[-34.85928,-8.04821],[-34.91185,-8.16221],[-34.91818,-8.18455],[-34.91968,-8.22673],[-34.93984,-8.25409],[-34.9502,-8.29687],[-34.93911,-8.30266],[-34.95111,-8.33716],[-34.9463,-8.35864],[-34.96092,-8.36563],[-34.95193,-8.37532],[-35.00038,-8.49086],[-34.99627,-8.50761],[-35.00611,-8.55767],[-35.03019,-8.57288],[-35.04412,-8.61072],[-35.06669,-8.64391],[-35.06884,-8.6719],[-35.08529,-8.69093],[-35.07856,-8.71055],[-35.09017,-8.72943],[-35.08601,-8.74654],[-35.10498,-8.768],[-35.10274,-8.78478],[-35.13178,-8.82634],[-35.12933,-8.86667],[-35.15226,-8.91329],[-35.1735,-8.89029]]]]}},{"type":"Feature","properties":{"id":"82","phone_code":"82","phone_code_1_digit":"8"},"geometry":{"type":"Polygon","coordinates":[[[-36.40087,-10.4916],[-36.43012,-10.42488],[-36.46319,-10.40631],[-36.48708,-10.42249],[-36.52189,-10.43267],[-36.51242,-10.42037],[-36.54516,-10.42902],[-36.56411,-10.41691],[-36.56042,-10.39296],[-36.56741,-10.36511],[-36.56575,-10.32771],[-36.58861,-10.3014],[-36.59084,-10.28696],[-36.62519,-10.25585],[-36.64196,-10.25155],[-36.68219,-10.27446],[-36.72006,-10.26452],[-36.75582,-10.24592],[-36.75584,-10.23131],[-36.80807,-10.22045],[-36.83665,-10.20175],[-36.84827,-10.16236],[-36.87664,-10.1457],[-36.91055,-10.13752],[-36.94312,-10.09242],[-36.95876,-10.0501],[-36.95604,-10.02534],[-36.96726,-9.99246],[-37.00518,-9.9758],[-37.03752,-9.98866],[-37.07519,-9.96585],[-37.1323,-9.91337],[-37.15262,-9.90043],[-37.22625,-9.89905],[-37.24519,-9.88656],[-37.26386,-9.85001],[-37.28508,-9.83054],[-37.32078,-9.82004],[-37.34797,-9.7927],[-37.39502,-9.77826],[-37.41741,-9.76253],[-37.46651,-9.7491],[-37.56592,-9.73925],[-37.58147,-9.73355],[-37.65649,-9.68321],[-37.67051,-9.65622],[-37.71142,-9.63088],[-37.74693,-9.6253],[-37.78489,-9.63815],[-37.79275,-9.62018],[-37.8179,-9.59247],[-37.83276,-9.59446],[-37.84188,-9.579],[-37.88582,-9.54975],[-37.89379,-9.53911],[-37.9168,-9.54853],[-37.95595,-9.53366],[-37.98898,-9.52694],[-38.00315,-9.51489],[-37.99852,-9.49723],[-38.0218,-9.46957],[-38.0675,-9.45808],[-38.07936,-9.43997],[-38.10859,-9.4352],[-38.11777,-9.44184],[-38.1546,-9.443],[-38.17735,-9.42496],[-38.20441,-9.41825],[-38.19382,-9.39397],[-38.20916,-9.35821],[-38.23724,-9.32937],[-38.20273,-9.29648],[-38.18033,-9.29126],[-38.15763,-9.26341],[-38.15596,-9.24194],[-38.14356,-9.21778],[-38.1189,-9.20138],[-38.09194,-9.17231],[-38.06444,-9.17317],[-38.02994,-9.16453],[-38.02544,-9.15509],[-37.979,-9.14794],[-37.97085,-9.12392],[-37.95125,-9.09689],[-37.90753,-9.0518],[-37.90459,-9.03982],[-37.88063,-9.03993],[-37.87925,-9.015],[-37.85275,-8.99972],[-37.83875,-8.97796],[-37.82094,-8.91517],[-37.82874,-8.89336],[-37.80089,-8.8843],[-37.78083,-8.86486],[-37.7585,-8.85613],[-37.74577,-8.88271],[-37.73485,-8.88718],[-37.72133,-8.9151],[-37.70753,-8.92738],[-37.70184,-8.94778],[-37.68367,-8.96799],[-37.70301,-8.98573],[-37.68564,-8.99834],[-37.6613,-8.98683],[-37.66372,-8.99913],[-37.64354,-9.01793],[-37.61498,-9.00948],[-37.61422,-8.98874],[-37.58326,-8.96975],[-37.56207,-8.97354],[-37.54072,-8.95798],[-37.52398,-8.96455],[-37.48999,-8.96549],[-37.49341,-9.00027],[-37.46903,-9.02726],[-37.43362,-9.02929],[-37.41811,-9.04341],[-37.33622,-9.08082],[-37.31518,-9.09385],[-37.28194,-9.14842],[-37.26206,-9.1596],[-37.24289,-9.18562],[-37.22844,-9.22512],[-37.234,-9.23975],[-37.19797,-9.21506],[-37.15861,-9.23868],[-37.16794,-9.25141],[-37.16399,-9.27528],[-37.12958,-9.25964],[-37.11613,-9.24051],[-37.09033,-9.24594],[-37.05686,-9.28137],[-37.06125,-9.30333],[-37.04519,-9.31546],[-37.02395,-9.31529],[-37.00303,-9.35219],[-36.97583,-9.36164],[-36.95209,-9.38212],[-36.9301,-9.36961],[-36.93754,-9.3524],[-36.92193,-9.33934],[-36.92698,-9.32499],[-36.91548,-9.2986],[-36.90049,-9.28249],[-36.87092,-9.26766],[-36.83937,-9.28779],[-36.79681,-9.2926],[-36.75935,-9.27092],[-36.69351,-9.27491],[-36.65906,-9.30833],[-36.62452,-9.33141],[-36.61462,-9.32436],[-36.60471,-9.34109],[-36.56713,-9.33171],[-36.5715,-9.29216],[-36.50299,-9.27056],[-36.49112,-9.26126],[-36.48755,-9.2412],[-36.45333,-9.23197],[-36.43667,-9.21168],[-36.42404,-9.2256],[-36.36537,-9.22221],[-36.34856,-9.21432],[-36.35358,-9.20077],[-36.32731,-9.20035],[-36.32119,-9.18496],[-36.27384,-9.16578],[-36.24754,-9.17744],[-36.22273,-9.17078],[-36.25739,-9.13794],[-36.26651,-9.10196],[-36.23613,-9.10307],[-36.22158,-9.07288],[-36.20406,-9.06775],[-36.19539,-9.04437],[-36.1514,-9.04228],[-36.12382,-9.03008],[-36.104,-8.99851],[-36.12648,-8.98086],[-36.12695,-8.95569],[-36.08608,-8.94365],[-36.06361,-8.91492],[-36.03292,-8.908],[-36.00506,-8.91258],[-35.96498,-8.90273],[-35.94221,-8.88518],[-35.92395,-8.88421],[-35.91109,-8.86087],[-35.8616,-8.85795],[-35.84881,-8.87139],[-35.82512,-8.86952],[-35.7952,-8.84772],[-35.77659,-8.86885],[-35.78266,-8.89712],[-35.74807,-8.91673],[-35.71338,-8.90438],[-35.67088,-8.89621],[-35.65719,-8.88024],[-35.6318,-8.88086],[-35.61346,-8.86398],[-35.59587,-8.86057],[-35.56336,-8.83123],[-35.51745,-8.81634],[-35.49543,-8.82788],[-35.4698,-8.81271],[-35.45876,-8.83845],[-35.40869,-8.83757],[-35.39967,-8.84989],[-35.28733,-8.87614],[-35.25246,-8.88682],[-35.2347,-8.88278],[-35.20877,-8.89135],[-35.1735,-8.89029],[-35.15226,-8.91329],[-35.16833,-8.9365],[-35.18048,-8.97465],[-35.20995,-9.00125],[-35.23852,-9.0486],[-35.24361,-9.07616],[-35.25448,-9.08543],[-35.27011,-9.1221],[-35.28259,-9.12782],[-35.28805,-9.15413],[-35.30632,-9.19297],[-35.31977,-9.1991],[-35.33116,-9.22387],[-35.35376,-9.25502],[-35.38647,-9.28582],[-35.39624,-9.30258],[-35.43723,-9.32701],[-35.48483,-9.37054],[-35.49485,-9.38931],[-35.49733,-9.41929],[-35.5131,-9.43988],[-35.52494,-9.44255],[-35.55344,-9.4741],[-35.5582,-9.48703],[-35.58652,-9.51026],[-35.59091,-9.52859],[-35.60491,-9.53107],[-35.61619,-9.54787],[-35.64964,-9.56711],[-35.67555,-9.59855],[-35.69688,-9.63477],[-35.6945,-9.66436],[-35.70857,-9.66502],[-35.72373,-9.68422],[-35.73064,-9.67057],[-35.75524,-9.67772],[-35.8125,-9.73179],[-35.81601,-9.74134],[-35.85472,-9.78776],[-35.88933,-9.83954],[-35.90246,-9.86965],[-35.93494,-9.89876],[-35.97427,-9.96541],[-36.00372,-10.00329],[-36.04599,-10.07524],[-36.08357,-10.09031],[-36.13405,-10.15762],[-36.14549,-10.15444],[-36.17049,-10.17082],[-36.18624,-10.19699],[-36.21322,-10.21375],[-36.29183,-10.30003],[-36.30235,-10.3257],[-36.29339,-10.35449],[-36.30709,-10.36379],[-36.33547,-10.40333],[-36.38239,-10.49489],[-36.39354,-10.49883],[-36.40087,-10.4916]]]}},{"type":"Feature","properties":{"id":"83","phone_code":"83","phone_code_1_digit":"8"},"geometry":{"type":"MultiPolygon","coordinates":[[[[-38.71068,-7.58623],[-38.68572,-7.58079],[-38.65498,-7.56514],[-38.65615,-7.54579],[-38.64565,-7.50152],[-38.63056,-7.48692],[-38.64458,-7.45961],[-38.60299,-7.45719],[-38.60546,-7.44417],[-38.58496,-7.43441],[-38.58416,-7.41595],[-38.59529,-7.41517],[-38.57614,-7.3762],[-38.54904,-7.33459],[-38.55001,-7.31506],[-38.53425,-7.29339],[-38.5418,-7.2655],[-38.55176,-7.26316],[-38.55659,-7.23928],[-38.5827,-7.24796],[-38.61503,-7.22978],[-38.62446,-7.19092],[-38.64386,-7.18336],[-38.68749,-7.18976],[-38.67624,-7.1688],[-38.67754,-7.13227],[-38.65681,-7.09386],[-38.6769,-7.0667],[-38.66951,-7.0473],[-38.68946,-7.03983],[-38.6911,-7.02874],[-38.73024,-7.01162],[-38.75065,-6.99691],[-38.74191,-6.97388],[-38.76198,-6.95356],[-38.7549,-6.93872],[-38.76487,-6.91051],[-38.71367,-6.88575],[-38.67507,-6.86143],[-38.67728,-6.83354],[-38.6481,-6.80698],[-38.63512,-6.80422],[-38.64229,-6.78996],[-38.61707,-6.79358],[-38.61359,-6.78204],[-38.65086,-6.75987],[-38.65563,-6.72984],[-38.67281,-6.69682],[-38.64662,-6.65381],[-38.65674,-6.64189],[-38.64632,-6.61558],[-38.62882,-6.60418],[-38.64251,-6.58078],[-38.61018,-6.53189],[-38.61195,-6.51279],[-38.59463,-6.50004],[-38.57007,-6.4698],[-38.56948,-6.45448],[-38.55161,-6.43036],[-38.52418,-6.40669],[-38.52978,-6.39298],[-38.57294,-6.40337],[-38.60093,-6.38994],[-38.59212,-6.37785],[-38.57277,-6.37452],[-38.56303,-6.35539],[-38.54467,-6.34419],[-38.51626,-6.34584],[-38.50508,-6.35611],[-38.47616,-6.33343],[-38.45805,-6.32982],[-38.48942,-6.36305],[-38.4859,-6.39835],[-38.45107,-6.39252],[-38.4257,-6.41373],[-38.39859,-6.40974],[-38.37478,-6.43698],[-38.37333,-6.45538],[-38.32963,-6.45939],[-38.31208,-6.48787],[-38.29369,-6.489],[-38.28837,-6.50522],[-38.25618,-6.48281],[-38.23888,-6.4799],[-38.2002,-6.48788],[-38.19138,-6.49819],[-38.16082,-6.49871],[-38.14753,-6.49109],[-38.13517,-6.51808],[-38.11529,-6.52129],[-38.09764,-6.50909],[-38.07052,-6.46353],[-38.04968,-6.4416],[-38.03714,-6.45831],[-38.04073,-6.47077],[-38.01238,-6.46788],[-38.01962,-6.44561],[-38.0145,-6.42838],[-37.97874,-6.4263],[-37.95505,-6.39781],[-37.94509,-6.42222],[-37.92777,-6.42119],[-37.90119,-6.39928],[-37.88911,-6.39911],[-37.88788,-6.36397],[-37.85948,-6.37448],[-37.84119,-6.36263],[-37.83391,-6.34199],[-37.84285,-6.33269],[-37.81397,-6.31355],[-37.82369,-6.30564],[-37.81008,-6.29126],[-37.75732,-6.29038],[-37.77108,-6.27267],[-37.76017,-6.25369],[-37.77627,-6.24548],[-37.77527,-6.23095],[-37.75273,-6.21403],[-37.74203,-6.18858],[-37.70865,-6.17661],[-37.69784,-6.18621],[-37.64637,-6.189],[-37.63813,-6.17944],[-37.60228,-6.17398],[-37.56928,-6.15504],[-37.53965,-6.16553],[-37.53601,-6.15244],[-37.48265,-6.15128],[-37.45861,-6.14461],[-37.45357,-6.11968],[-37.42561,-6.1086],[-37.39184,-6.10778],[-37.38513,-6.08791],[-37.35409,-6.08609],[-37.33544,-6.06706],[-37.29767,-6.04916],[-37.27214,-6.05531],[-37.25345,-6.02617],[-37.23152,-6.0272],[-37.22235,-6.04175],[-37.20406,-6.03776],[-37.19396,-6.04764],[-37.17359,-6.04762],[-37.16664,-6.10996],[-37.17476,-6.14179],[-37.15658,-6.15209],[-37.17388,-6.17971],[-37.1926,-6.18268],[-37.20124,-6.20531],[-37.23393,-6.21288],[-37.27021,-6.25132],[-37.27439,-6.28103],[-37.3196,-6.28016],[-37.33008,-6.30593],[-37.36301,-6.32177],[-37.37699,-6.34399],[-37.3772,-6.36893],[-37.38787,-6.37927],[-37.39733,-6.41589],[-37.3809,-6.43671],[-37.39061,-6.45244],[-37.39655,-6.51381],[-37.41537,-6.53148],[-37.46438,-6.53226],[-37.48279,-6.55001],[-37.47447,-6.56405],[-37.48004,-6.60482],[-37.47675,-6.63821],[-37.46585,-6.65956],[-37.48436,-6.70964],[-37.40699,-6.69679],[-37.34237,-6.70085],[-37.31396,-6.68857],[-37.28338,-6.69351],[-37.28983,-6.71264],[-37.26358,-6.73177],[-37.27361,-6.76639],[-37.25699,-6.77999],[-37.2548,-6.81066],[-37.23426,-6.82423],[-37.19033,-6.82496],[-37.15189,-6.79796],[-37.1286,-6.76558],[-37.11972,-6.76689],[-37.05908,-6.74902],[-37.00325,-6.70921],[-36.97728,-6.72145],[-36.97155,-6.76508],[-36.95232,-6.77475],[-36.9568,-6.79008],[-36.90787,-6.75576],[-36.83469,-6.73067],[-36.77239,-6.78666],[-36.76913,-6.83835],[-36.72986,-6.83599],[-36.76621,-6.93546],[-36.73704,-6.97241],[-36.71553,-6.98215],[-36.68893,-6.92655],[-36.65646,-6.92776],[-36.60946,-6.93643],[-36.56761,-6.87439],[-36.57318,-6.85777],[-36.55982,-6.84037],[-36.54333,-6.8417],[-36.52883,-6.825],[-36.50963,-6.81755],[-36.50097,-6.77717],[-36.50442,-6.75354],[-36.52672,-6.7356],[-36.54387,-6.7308],[-36.55855,-6.70871],[-36.54708,-6.69475],[-36.54141,-6.66566],[-36.52174,-6.61572],[-36.52421,-6.59925],[-36.51132,-6.59401],[-36.47315,-6.61401],[-36.46018,-6.63399],[-36.43789,-6.62888],[-36.44306,-6.56028],[-36.47804,-6.54028],[-36.4823,-6.51914],[-36.52551,-6.50076],[-36.53064,-6.45167],[-36.50716,-6.39972],[-36.49951,-6.35777],[-36.42997,-6.36186],[-36.39423,-6.29358],[-36.36227,-6.30958],[-36.30726,-6.2811],[-36.27954,-6.30846],[-36.27814,-6.34896],[-36.29601,-6.37001],[-36.29489,-6.39416],[-36.25083,-6.40402],[-36.24944,-6.43696],[-36.14311,-6.425],[-36.11108,-6.42864],[-36.07968,-6.40479],[-36.06141,-6.40985],[-36.05092,-6.4318],[-36.01295,-6.45464],[-36.00502,-6.48065],[-35.97732,-6.48851],[-35.96491,-6.48396],[-35.94386,-6.49261],[-35.77293,-6.48243],[-35.72587,-6.46921],[-35.71093,-6.47069],[-35.68165,-6.44753],[-35.65984,-6.44488],[-35.61655,-6.46223],[-35.59986,-6.46021],[-35.58056,-6.48545],[-35.55178,-6.49042],[-35.52497,-6.4757],[-35.479,-6.48639],[-35.45972,-6.47638],[-35.44637,-6.48644],[-35.40043,-6.4912],[-35.36419,-6.51164],[-35.33644,-6.54163],[-35.2734,-6.54309],[-35.23203,-6.53138],[-35.21791,-6.5182],[-35.20699,-6.54332],[-35.16998,-6.55799],[-35.14543,-6.55228],[-35.12313,-6.52946],[-35.11223,-6.50472],[-35.09522,-6.49728],[-35.05741,-6.52739],[-35.02822,-6.50512],[-34.99175,-6.50109],[-34.96944,-6.48801],[-34.96718,-6.49196],[-34.96518,-6.60271],[-34.96195,-6.63978],[-34.94687,-6.68062],[-34.93439,-6.69827],[-34.92886,-6.73948],[-34.93878,-6.75299],[-34.91878,-6.76678],[-34.91293,-6.82129],[-34.90244,-6.86487],[-34.86841,-6.89741],[-34.8533,-6.89995],[-34.86671,-6.93644],[-34.85046,-6.96419],[-34.87058,-6.98504],[-34.85928,-7.02671],[-34.83483,-6.99834],[-34.84151,-6.96615],[-34.82989,-6.96621],[-34.82547,-7.0066],[-34.82986,-7.03047],[-34.84336,-7.05542],[-34.83012,-7.073],[-34.83369,-7.09797],[-34.82197,-7.11051],[-34.822,-7.13041],[-34.79334,-7.15409],[-34.79448,-7.19536],[-34.80269,-7.21015],[-34.80406,-7.26228],[-34.79857,-7.27953],[-34.80146,-7.31551],[-34.79362,-7.32915],[-34.79983,-7.35955],[-34.81114,-7.45906],[-34.80333,-7.47169],[-34.81461,-7.48632],[-34.80945,-7.51152],[-34.82583,-7.54737],[-34.83514,-7.54732],[-34.8577,-7.53754],[-34.8704,-7.54875],[-34.88842,-7.53549],[-34.91512,-7.54186],[-34.93236,-7.52811],[-34.96047,-7.53836],[-34.98391,-7.50748],[-34.98986,-7.48847],[-34.9851,-7.4616],[-35.00242,-7.45312],[-35.02924,-7.42541],[-35.07869,-7.3959],[-35.09747,-7.40792],[-35.17174,-7.38763],[-35.19042,-7.39748],[-35.19923,-7.38733],[-35.24574,-7.3742],[-35.27985,-7.38725],[-35.30619,-7.40751],[-35.3347,-7.4064],[-35.33319,-7.42235],[-35.35203,-7.42199],[-35.35078,-7.43985],[-35.36863,-7.4404],[-35.40791,-7.46072],[-35.42322,-7.47444],[-35.44125,-7.45657],[-35.47821,-7.44493],[-35.50298,-7.45567],[-35.50722,-7.48658],[-35.5016,-7.5121],[-35.51938,-7.53504],[-35.53064,-7.5896],[-35.51487,-7.58461],[-35.53136,-7.62126],[-35.51474,-7.64284],[-35.53249,-7.65441],[-35.56046,-7.65946],[-35.58874,-7.65039],[-35.60933,-7.65337],[-35.6312,-7.68083],[-35.65523,-7.69664],[-35.69339,-7.69937],[-35.69975,-7.69145],[-35.71329,-7.70696],[-35.73622,-7.70919],[-35.78025,-7.73794],[-35.82867,-7.75105],[-35.87179,-7.74913],[-35.8835,-7.77437],[-35.90408,-7.79183],[-35.93255,-7.78401],[-35.96963,-7.78905],[-35.99242,-7.80006],[-35.99789,-7.81334],[-36.02126,-7.80983],[-36.04291,-7.79325],[-36.05354,-7.80095],[-36.06866,-7.78056],[-36.10216,-7.77905],[-36.11695,-7.78538],[-36.14304,-7.78115],[-36.20063,-7.78949],[-36.2163,-7.76369],[-36.24597,-7.7849],[-36.254,-7.80128],[-36.23921,-7.8108],[-36.25296,-7.82954],[-36.27078,-7.83015],[-36.3088,-7.80628],[-36.36039,-7.80531],[-36.37312,-7.81221],[-36.39609,-7.80829],[-36.42371,-7.81537],[-36.42963,-7.8267],[-36.42872,-7.86663],[-36.44005,-7.87784],[-36.42936,-7.88615],[-36.44597,-7.91597],[-36.47865,-7.92367],[-36.49905,-7.9199],[-36.53613,-7.9012],[-36.57137,-7.90409],[-36.57644,-7.95923],[-36.61095,-7.94774],[-36.62751,-7.986],[-36.62752,-8.05534],[-36.65345,-8.06997],[-36.6469,-8.09208],[-36.62752,-8.10245],[-36.6372,-8.11814],[-36.66612,-8.12359],[-36.6932,-8.14107],[-36.6867,-8.15527],[-36.72247,-8.15055],[-36.71544,-8.1669],[-36.74981,-8.17529],[-36.76123,-8.19588],[-36.79595,-8.19011],[-36.81217,-8.20488],[-36.86136,-8.22201],[-36.89561,-8.24041],[-36.92266,-8.26942],[-36.94461,-8.27484],[-36.95458,-8.29894],[-36.99082,-8.30254],[-37.02032,-8.28925],[-37.04299,-8.26415],[-37.08086,-8.26596],[-37.08028,-8.24067],[-37.06619,-8.23259],[-37.0815,-8.22245],[-37.10009,-8.23329],[-37.12257,-8.20865],[-37.11792,-8.17494],[-37.15988,-8.16999],[-37.15066,-8.14963],[-37.15827,-8.13846],[-37.14222,-8.11753],[-37.14337,-8.08755],[-37.15775,-8.05081],[-37.14806,-8.0347],[-37.16008,-7.99674],[-37.17497,-7.99645],[-37.19305,-7.98246],[-37.19203,-7.9617],[-37.20705,-7.95179],[-37.21925,-7.97238],[-37.29523,-7.96451],[-37.33944,-7.97939],[-37.35562,-7.97451],[-37.34988,-7.94818],[-37.31728,-7.94236],[-37.30924,-7.91348],[-37.32183,-7.91009],[-37.28705,-7.90347],[-37.24375,-7.87343],[-37.24681,-7.84639],[-37.22175,-7.84184],[-37.22781,-7.82111],[-37.24332,-7.81859],[-37.19762,-7.79851],[-37.1912,-7.79076],[-37.15947,-7.79281],[-37.15669,-7.77259],[-37.1386,-7.74511],[-37.14985,-7.71646],[-37.19479,-7.65165],[-37.19633,-7.62917],[-37.16323,-7.57431],[-37.13676,-7.55479],[-37.12118,-7.53571],[-37.08712,-7.51793],[-37.06797,-7.5167],[-37.01022,-7.48915],[-37.00291,-7.49598],[-36.98389,-7.48185],[-36.99697,-7.45899],[-37.01039,-7.45323],[-37.02564,-7.42206],[-37.01325,-7.40334],[-37.02758,-7.38546],[-37.04804,-7.37779],[-37.06754,-7.3817],[-37.08528,-7.35785],[-37.13497,-7.34626],[-37.1446,-7.33464],[-37.165,-7.33619],[-37.16819,-7.31955],[-37.19633,-7.29426],[-37.21384,-7.2909],[-37.23366,-7.27396],[-37.2779,-7.27541],[-37.28799,-7.28788],[-37.33131,-7.28931],[-37.35614,-7.3217],[-37.34917,-7.33662],[-37.38537,-7.35629],[-37.41513,-7.36131],[-37.47883,-7.35964],[-37.4977,-7.36644],[-37.48661,-7.39465],[-37.52706,-7.44798],[-37.53272,-7.47255],[-37.60943,-7.50763],[-37.63003,-7.5321],[-37.65918,-7.52273],[-37.68181,-7.54797],[-37.70616,-7.55018],[-37.70745,-7.57022],[-37.72839,-7.57932],[-37.7346,-7.59681],[-37.76424,-7.63097],[-37.76774,-7.64827],[-37.79046,-7.62554],[-37.80762,-7.64355],[-37.85681,-7.65156],[-37.88025,-7.68324],[-37.90298,-7.69769],[-37.89399,-7.71322],[-37.91272,-7.70907],[-37.94275,-7.74063],[-37.9472,-7.75581],[-37.97178,-7.77681],[-38.00362,-7.77858],[-38.0078,-7.76646],[-38.03923,-7.74771],[-38.06913,-7.77192],[-38.07539,-7.80497],[-38.06596,-7.81726],[-38.07672,-7.83017],[-38.11971,-7.81856],[-38.14157,-7.78484],[-38.16232,-7.77955],[-38.23822,-7.83032],[-38.28644,-7.82981],[-38.2974,-7.81354],[-38.29947,-7.76279],[-38.31641,-7.7642],[-38.30181,-7.7448],[-38.31553,-7.72807],[-38.31168,-7.71591],[-38.32634,-7.6933],[-38.34434,-7.69459],[-38.35715,-7.67675],[-38.37059,-7.69801],[-38.40358,-7.71403],[-38.40916,-7.73008],[-38.45673,-7.7177],[-38.46362,-7.73048],[-38.49545,-7.7384],[-38.49622,-7.74962],[-38.52933,-7.7547],[-38.54278,-7.74859],[-38.56194,-7.75567],[-38.57832,-7.74687],[-38.59329,-7.75394],[-38.60763,-7.72554],[-38.62499,-7.70791],[-38.6261,-7.69432],[-38.66325,-7.65712],[-38.67244,-7.65839],[-38.6864,-7.63463],[-38.71477,-7.62151],[-38.71068,-7.58623]]],[[[-34.84739,-6.98164],[-34.85884,-7.01522],[-34.86367,-6.98041],[-34.84739,-6.98164]]]]}},{"type":"Feature","properties":{"id":"84","phone_code":"84","phone_code_1_digit":"8"},"geometry":{"type":"Polygon","coordinates":[[[-38.57673,-6.34703],[-38.58096,-6.31581],[-38.56568,-6.30219],[-38.5792,-6.27923],[-38.55408,-6.263],[-38.54551,-6.24503],[-38.52863,-6.23947],[-38.51937,-6.22264],[-38.52895,-6.21334],[-38.52686,-6.19298],[-38.50099,-6.19055],[-38.50042,-6.17929],[-38.47259,-6.15158],[-38.47608,-6.14402],[-38.45733,-6.10762],[-38.44043,-6.09648],[-38.44698,-6.08488],[-38.41285,-6.05793],[-38.38264,-6.05194],[-38.38535,-6.06428],[-38.36491,-6.08806],[-38.31959,-6.07664],[-38.30447,-6.08657],[-38.27667,-6.06956],[-38.25223,-6.04271],[-38.25184,-6.00976],[-38.20568,-5.96395],[-38.16446,-5.94614],[-38.16359,-5.92972],[-38.14221,-5.90125],[-38.12459,-5.88722],[-38.11594,-5.84759],[-38.11852,-5.83244],[-38.1075,-5.81353],[-38.07581,-5.78066],[-38.04666,-5.72987],[-38.07488,-5.72308],[-38.08737,-5.72938],[-38.08253,-5.67215],[-38.03392,-5.63676],[-38.01361,-5.594],[-37.99798,-5.58493],[-37.98969,-5.55541],[-37.9512,-5.53656],[-37.93229,-5.50272],[-37.90123,-5.4994],[-37.89188,-5.48037],[-37.88853,-5.44896],[-37.86014,-5.40629],[-37.86339,-5.3737],[-37.84713,-5.33963],[-37.83537,-5.335],[-37.78276,-5.29443],[-37.7905,-5.25838],[-37.78318,-5.24244],[-37.78797,-5.20599],[-37.77598,-5.18675],[-37.76461,-5.13923],[-37.73308,-5.10026],[-37.72365,-5.06932],[-37.67728,-5.0537],[-37.64,-4.92602],[-37.25617,-4.83745],[-37.25168,-4.83181],[-37.2213,-4.88135],[-37.16679,-4.93174],[-37.13317,-4.93794],[-37.10924,-4.92509],[-37.08207,-4.92935],[-37.05718,-4.94593],[-37.02955,-4.94852],[-36.999,-4.93076],[-36.98086,-4.93362],[-36.96222,-4.91932],[-36.92132,-4.94737],[-36.88125,-4.94861],[-36.85474,-4.9716],[-36.79903,-5.03836],[-36.73513,-5.06388],[-36.7227,-5.07496],[-36.70383,-5.06478],[-36.702,-5.08291],[-36.68939,-5.09197],[-36.66609,-5.0851],[-36.62825,-5.08874],[-36.61932,-5.07578],[-36.60657,-5.08169],[-36.55849,-5.08352],[-36.52667,-5.07737],[-36.50143,-5.06117],[-36.43729,-5.06792],[-36.36912,-5.09029],[-36.34439,-5.08189],[-36.30809,-5.10247],[-36.28948,-5.08744],[-36.24337,-5.09537],[-36.13731,-5.09299],[-36.12165,-5.08908],[-36.07796,-5.06506],[-36.03626,-5.05049],[-35.98013,-5.04117],[-35.94919,-5.04374],[-35.88225,-5.0673],[-35.82862,-5.07453],[-35.78371,-5.07535],[-35.75739,-5.08873],[-35.69713,-5.10205],[-35.63513,-5.12116],[-35.61669,-5.11179],[-35.57113,-5.13434],[-35.48878,-5.15797],[-35.46016,-5.19642],[-35.41781,-5.22137],[-35.38874,-5.2567],[-35.36868,-5.29312],[-35.35919,-5.3439],[-35.33928,-5.37565],[-35.32085,-5.37675],[-35.3105,-5.4079],[-35.29295,-5.42716],[-35.28841,-5.45982],[-35.27271,-5.47892],[-35.26077,-5.4804],[-35.25811,-5.51455],[-35.24436,-5.55745],[-35.22663,-5.58047],[-35.22741,-5.61197],[-35.21651,-5.63012],[-35.21822,-5.67078],[-35.19284,-5.69807],[-35.20448,-5.74047],[-35.19348,-5.78107],[-35.18057,-5.80141],[-35.17956,-5.86837],[-35.17103,-5.88194],[-35.15434,-5.88345],[-35.1572,-5.92305],[-35.14591,-5.96286],[-35.12861,-5.96735],[-35.10672,-6.0059],[-35.11067,-6.04085],[-35.09736,-6.05677],[-35.10144,-6.07522],[-35.0944,-6.18131],[-35.08332,-6.18927],[-35.07196,-6.22141],[-35.04192,-6.2272],[-35.03698,-6.23562],[-35.0305,-6.30818],[-35.03685,-6.31409],[-35.02201,-6.36215],[-34.99177,-6.37292],[-34.9723,-6.43732],[-34.96944,-6.48801],[-34.99175,-6.50109],[-35.02822,-6.50512],[-35.05741,-6.52739],[-35.09522,-6.49728],[-35.11223,-6.50472],[-35.12313,-6.52946],[-35.14543,-6.55228],[-35.16998,-6.55799],[-35.20699,-6.54332],[-35.21791,-6.5182],[-35.23203,-6.53138],[-35.2734,-6.54309],[-35.33644,-6.54163],[-35.36419,-6.51164],[-35.40043,-6.4912],[-35.44637,-6.48644],[-35.45972,-6.47638],[-35.479,-6.48639],[-35.52497,-6.4757],[-35.55178,-6.49042],[-35.58056,-6.48545],[-35.59986,-6.46021],[-35.61655,-6.46223],[-35.65984,-6.44488],[-35.68165,-6.44753],[-35.71093,-6.47069],[-35.72587,-6.46921],[-35.77293,-6.48243],[-35.94386,-6.49261],[-35.96491,-6.48396],[-35.97732,-6.48851],[-36.00502,-6.48065],[-36.01295,-6.45464],[-36.05092,-6.4318],[-36.06141,-6.40985],[-36.07968,-6.40479],[-36.11108,-6.42864],[-36.14311,-6.425],[-36.24944,-6.43696],[-36.25083,-6.40402],[-36.29489,-6.39416],[-36.29601,-6.37001],[-36.27814,-6.34896],[-36.27954,-6.30846],[-36.30726,-6.2811],[-36.36227,-6.30958],[-36.39423,-6.29358],[-36.42997,-6.36186],[-36.49951,-6.35777],[-36.50716,-6.39972],[-36.53064,-6.45167],[-36.52551,-6.50076],[-36.4823,-6.51914],[-36.47804,-6.54028],[-36.44306,-6.56028],[-36.43789,-6.62888],[-36.46018,-6.63399],[-36.47315,-6.61401],[-36.51132,-6.59401],[-36.52421,-6.59925],[-36.52174,-6.61572],[-36.54141,-6.66566],[-36.54708,-6.69475],[-36.55855,-6.70871],[-36.54387,-6.7308],[-36.52672,-6.7356],[-36.50442,-6.75354],[-36.50097,-6.77717],[-36.50963,-6.81755],[-36.52883,-6.825],[-36.54333,-6.8417],[-36.55982,-6.84037],[-36.57318,-6.85777],[-36.56761,-6.87439],[-36.60946,-6.93643],[-36.65646,-6.92776],[-36.68893,-6.92655],[-36.71553,-6.98215],[-36.73704,-6.97241],[-36.76621,-6.93546],[-36.72986,-6.83599],[-36.76913,-6.83835],[-36.77239,-6.78666],[-36.83469,-6.73067],[-36.90787,-6.75576],[-36.9568,-6.79008],[-36.95232,-6.77475],[-36.97155,-6.76508],[-36.97728,-6.72145],[-37.00325,-6.70921],[-37.05908,-6.74902],[-37.11972,-6.76689],[-37.1286,-6.76558],[-37.15189,-6.79796],[-37.19033,-6.82496],[-37.23426,-6.82423],[-37.2548,-6.81066],[-37.25699,-6.77999],[-37.27361,-6.76639],[-37.26358,-6.73177],[-37.28983,-6.71264],[-37.28338,-6.69351],[-37.31396,-6.68857],[-37.34237,-6.70085],[-37.40699,-6.69679],[-37.48436,-6.70964],[-37.46585,-6.65956],[-37.47675,-6.63821],[-37.48004,-6.60482],[-37.47447,-6.56405],[-37.48279,-6.55001],[-37.46438,-6.53226],[-37.41537,-6.53148],[-37.39655,-6.51381],[-37.39061,-6.45244],[-37.3809,-6.43671],[-37.39733,-6.41589],[-37.38787,-6.37927],[-37.3772,-6.36893],[-37.37699,-6.34399],[-37.36301,-6.32177],[-37.33008,-6.30593],[-37.3196,-6.28016],[-37.27439,-6.28103],[-37.27021,-6.25132],[-37.23393,-6.21288],[-37.20124,-6.20531],[-37.1926,-6.18268],[-37.17388,-6.17971],[-37.15658,-6.15209],[-37.17476,-6.14179],[-37.16664,-6.10996],[-37.17359,-6.04762],[-37.19396,-6.04764],[-37.20406,-6.03776],[-37.22235,-6.04175],[-37.23152,-6.0272],[-37.25345,-6.02617],[-37.27214,-6.05531],[-37.29767,-6.04916],[-37.33544,-6.06706],[-37.35409,-6.08609],[-37.38513,-6.08791],[-37.39184,-6.10778],[-37.42561,-6.1086],[-37.45357,-6.11968],[-37.45861,-6.14461],[-37.48265,-6.15128],[-37.53601,-6.15244],[-37.53965,-6.16553],[-37.56928,-6.15504],[-37.60228,-6.17398],[-37.63813,-6.17944],[-37.64637,-6.189],[-37.69784,-6.18621],[-37.70865,-6.17661],[-37.74203,-6.18858],[-37.75273,-6.21403],[-37.77527,-6.23095],[-37.77627,-6.24548],[-37.76017,-6.25369],[-37.77108,-6.27267],[-37.75732,-6.29038],[-37.81008,-6.29126],[-37.82369,-6.30564],[-37.81397,-6.31355],[-37.84285,-6.33269],[-37.83391,-6.34199],[-37.84119,-6.36263],[-37.85948,-6.37448],[-37.88788,-6.36397],[-37.88911,-6.39911],[-37.90119,-6.39928],[-37.92777,-6.42119],[-37.94509,-6.42222],[-37.95505,-6.39781],[-37.97874,-6.4263],[-38.0145,-6.42838],[-38.01962,-6.44561],[-38.01238,-6.46788],[-38.04073,-6.47077],[-38.03714,-6.45831],[-38.04968,-6.4416],[-38.07052,-6.46353],[-38.09764,-6.50909],[-38.11529,-6.52129],[-38.13517,-6.51808],[-38.14753,-6.49109],[-38.16082,-6.49871],[-38.19138,-6.49819],[-38.2002,-6.48788],[-38.23888,-6.4799],[-38.25618,-6.48281],[-38.28837,-6.50522],[-38.29369,-6.489],[-38.31208,-6.48787],[-38.32963,-6.45939],[-38.37333,-6.45538],[-38.37478,-6.43698],[-38.39859,-6.40974],[-38.4257,-6.41373],[-38.45107,-6.39252],[-38.4859,-6.39835],[-38.48942,-6.36305],[-38.45805,-6.32982],[-38.47616,-6.33343],[-38.50508,-6.35611],[-38.51626,-6.34584],[-38.54467,-6.34419],[-38.56303,-6.35539],[-38.57673,-6.34703]]]}},{"type":"Feature","properties":{"id":"85","phone_code":"85","phone_code_1_digit":"8"},"geometry":{"type":"Polygon","coordinates":[[[-39.36445,-3.17335],[-39.34499,-3.17965],[-39.32452,-3.20124],[-39.27889,-3.22045],[-39.25218,-3.22174],[-39.22591,-3.24369],[-39.18733,-3.2934],[-39.16953,-3.32326],[-39.13906,-3.34549],[-39.11238,-3.34699],[-39.08318,-3.39318],[-39.03957,-3.41087],[-39.00768,-3.39607],[-38.9946,-3.39708],[-38.96607,-3.41912],[-38.93809,-3.45082],[-38.91037,-3.50331],[-38.89093,-3.50478],[-38.85324,-3.53857],[-38.83355,-3.54578],[-38.81188,-3.54078],[-38.76322,-3.60443],[-38.74486,-3.61897],[-38.70431,-3.6366],[-38.66649,-3.67427],[-38.63871,-3.68699],[-38.5796,-3.69381],[-38.54126,-3.71501],[-38.49894,-3.72486],[-38.46627,-3.71373],[-38.43531,-3.7705],[-38.36391,-3.88147],[-38.31815,-3.92593],[-38.27091,-3.94618],[-38.20205,-4.03304],[-38.19269,-4.0391],[-38.11795,-4.14529],[-38.09558,-4.16428],[-38.01338,-4.24607],[-37.98922,-4.26067],[-37.95869,-4.29422],[-37.88759,-4.35346],[-37.85097,-4.37895],[-37.83533,-4.38213],[-37.82158,-4.39464],[-37.83536,-4.40175],[-37.86875,-4.40271],[-37.87238,-4.40966],[-37.90894,-4.40002],[-37.94935,-4.3983],[-37.95122,-4.41667],[-37.97213,-4.4295],[-37.96787,-4.46322],[-37.95439,-4.48243],[-37.96996,-4.51637],[-37.96328,-4.52946],[-37.98261,-4.54346],[-37.99291,-4.56287],[-37.98529,-4.5827],[-37.99761,-4.59524],[-38.02773,-4.59784],[-38.04135,-4.58932],[-38.10605,-4.59681],[-38.10749,-4.61527],[-38.15074,-4.61385],[-38.18366,-4.6221],[-38.23516,-4.57347],[-38.29327,-4.54328],[-38.32207,-4.51867],[-38.34649,-4.51302],[-38.3603,-4.50049],[-38.38199,-4.51839],[-38.36871,-4.53996],[-38.36879,-4.57635],[-38.38866,-4.57887],[-38.43332,-4.63654],[-38.45724,-4.65373],[-38.46699,-4.64553],[-38.50093,-4.65338],[-38.52854,-4.6799],[-38.58021,-4.67085],[-38.59751,-4.68415],[-38.63774,-4.69964],[-38.63149,-4.68851],[-38.65291,-4.68272],[-38.664,-4.66111],[-38.69038,-4.65086],[-38.70084,-4.61257],[-38.72182,-4.62055],[-38.76764,-4.62343],[-38.80192,-4.58204],[-38.82274,-4.57656],[-38.83976,-4.58373],[-38.838,-4.54973],[-38.86408,-4.5511],[-38.87104,-4.52879],[-38.90837,-4.52744],[-38.91806,-4.5121],[-38.93415,-4.5236],[-38.93732,-4.49745],[-38.948,-4.4876],[-38.98434,-4.49617],[-39.0081,-4.4824],[-39.02219,-4.51317],[-39.03596,-4.47624],[-39.03079,-4.46344],[-39.08469,-4.47147],[-39.0855,-4.51976],[-39.06596,-4.56126],[-39.12943,-4.62797],[-39.15771,-4.63428],[-39.1791,-4.65412],[-39.20032,-4.64453],[-39.22854,-4.65211],[-39.24493,-4.64271],[-39.28176,-4.65137],[-39.29246,-4.66279],[-39.3031,-4.70475],[-39.32883,-4.71644],[-39.35973,-4.73828],[-39.37942,-4.71378],[-39.37853,-4.69458],[-39.39621,-4.6862],[-39.41768,-4.68919],[-39.42592,-4.67521],[-39.42106,-4.64293],[-39.45349,-4.59562],[-39.44311,-4.57476],[-39.46622,-4.53614],[-39.48077,-4.52519],[-39.49387,-4.4837],[-39.51299,-4.46852],[-39.52343,-4.49774],[-39.52912,-4.46529],[-39.54305,-4.46611],[-39.54626,-4.48592],[-39.57298,-4.47079],[-39.58951,-4.49028],[-39.57904,-4.49871],[-39.58221,-4.51906],[-39.60723,-4.50316],[-39.63679,-4.4972],[-39.6589,-4.51196],[-39.66058,-4.52623],[-39.64249,-4.53886],[-39.66848,-4.55765],[-39.69557,-4.55646],[-39.69981,-4.54586],[-39.72901,-4.54027],[-39.74579,-4.54467],[-39.76409,-4.53445],[-39.75615,-4.50296],[-39.7212,-4.48407],[-39.73384,-4.46408],[-39.73205,-4.43536],[-39.75503,-4.39938],[-39.73765,-4.40155],[-39.72577,-4.38399],[-39.71151,-4.38169],[-39.71448,-4.35511],[-39.73474,-4.3323],[-39.72521,-4.31825],[-39.73873,-4.29483],[-39.73015,-4.27529],[-39.75043,-4.25456],[-39.77237,-4.24519],[-39.77248,-4.2222],[-39.78772,-4.18857],[-39.77573,-4.18098],[-39.76854,-4.15844],[-39.75712,-4.15748],[-39.7554,-4.13424],[-39.73979,-4.10981],[-39.67126,-4.07423],[-39.69214,-4.02222],[-39.70809,-4.0173],[-39.69982,-4.00354],[-39.70795,-3.97675],[-39.71937,-3.97085],[-39.70484,-3.94659],[-39.71618,-3.91772],[-39.71132,-3.90302],[-39.72112,-3.87157],[-39.69226,-3.83571],[-39.64151,-3.82068],[-39.65945,-3.76401],[-39.67757,-3.75761],[-39.68618,-3.74268],[-39.68912,-3.7105],[-39.70876,-3.68812],[-39.69726,-3.64305],[-39.70226,-3.6181],[-39.68009,-3.64792],[-39.64781,-3.65234],[-39.63535,-3.63686],[-39.61292,-3.64111],[-39.55458,-3.58223],[-39.49249,-3.58138],[-39.45432,-3.58489],[-39.43948,-3.57879],[-39.41581,-3.55257],[-39.40143,-3.54951],[-39.41335,-3.52627],[-39.41626,-3.50263],[-39.43079,-3.49351],[-39.42729,-3.46941],[-39.46734,-3.40152],[-39.48052,-3.39753],[-39.49399,-3.35814],[-39.50376,-3.34943],[-39.50279,-3.32299],[-39.51168,-3.31386],[-39.50508,-3.29321],[-39.5229,-3.27462],[-39.50447,-3.24328],[-39.51115,-3.21636],[-39.50079,-3.19902],[-39.48731,-3.21237],[-39.47775,-3.19919],[-39.45007,-3.21127],[-39.42004,-3.20238],[-39.40959,-3.19143],[-39.38399,-3.18374],[-39.36445,-3.17335]]]}},{"type":"Feature","properties":{"id":"86","phone_code":"86","phone_code_1_digit":"8"},"geometry":{"type":"Polygon","coordinates":[[[-41.25872,-6.11005],[-41.33011,-6.13272],[-41.318,-6.15824],[-41.36284,-6.17712],[-41.3677,-6.14671],[-41.41603,-6.1282],[-41.50878,-6.14943],[-41.49975,-6.11255],[-41.59511,-6.09116],[-41.63965,-6.07254],[-41.67789,-6.03247],[-41.65567,-5.93545],[-41.71775,-5.78828],[-41.74229,-5.78835],[-41.77699,-5.80416],[-41.78422,-5.79527],[-41.812,-5.81542],[-41.88008,-5.81829],[-41.90094,-5.80162],[-41.94338,-5.80605],[-41.97714,-5.79619],[-41.9805,-5.77504],[-42.00635,-5.75997],[-42.02109,-5.76773],[-42.05067,-5.75134],[-42.10531,-5.7422],[-42.09349,-5.77643],[-42.06181,-5.78743],[-42.05377,-5.79856],[-42.0693,-5.83395],[-42.05158,-5.84863],[-42.03937,-5.89975],[-42.01223,-5.90365],[-41.98554,-5.92626],[-41.97338,-5.91513],[-41.96604,-5.92777],[-41.96611,-6.03814],[-41.99296,-6.04747],[-42.06026,-6.05183],[-42.03635,-6.11233],[-42.05532,-6.11281],[-42.04162,-6.1562],[-42.04791,-6.17296],[-42.03481,-6.20343],[-42.02217,-6.20685],[-42.02772,-6.2424],[-42.02235,-6.24898],[-42.04392,-6.26821],[-42.04597,-6.28379],[-42.02056,-6.2842],[-42.02951,-6.29842],[-42.05937,-6.38524],[-42.09284,-6.45681],[-42.10042,-6.43438],[-42.13008,-6.43188],[-42.12834,-6.45162],[-42.14536,-6.44058],[-42.13959,-6.37987],[-42.26692,-6.32928],[-42.27265,-6.3113],[-42.28927,-6.39154],[-42.35428,-6.51795],[-42.58195,-6.51882],[-42.59289,-6.49016],[-42.65275,-6.50447],[-42.79073,-6.5214],[-42.84106,-6.70524],[-42.85655,-6.66188],[-42.89545,-6.65651],[-42.915,-6.64567],[-42.90411,-6.59843],[-42.88522,-6.57425],[-42.88906,-6.53811],[-42.87143,-6.51155],[-42.88472,-6.50852],[-42.88266,-6.49368],[-42.86742,-6.48446],[-42.86917,-6.44994],[-42.87737,-6.41747],[-42.85691,-6.38905],[-42.85198,-6.35871],[-42.82895,-6.33703],[-42.83669,-6.32496],[-42.8598,-6.33015],[-42.84661,-6.2821],[-42.85482,-6.25268],[-42.8768,-6.2254],[-42.89288,-6.22564],[-42.91625,-6.21301],[-42.93351,-6.19265],[-42.9682,-6.17786],[-42.98167,-6.12873],[-43.01095,-6.11062],[-43.03371,-6.11095],[-43.04959,-6.09935],[-43.05965,-6.07112],[-43.07461,-6.05432],[-43.075,-6.03989],[-43.05581,-6.02694],[-43.04973,-6.00843],[-43.05413,-5.98706],[-43.07114,-5.97605],[-43.0865,-5.94691],[-43.08728,-5.9214],[-43.09903,-5.9007],[-43.07686,-5.86541],[-43.09625,-5.82956],[-43.09131,-5.80603],[-43.10114,-5.76601],[-43.09561,-5.74174],[-43.07715,-5.7312],[-43.08755,-5.68307],[-43.08238,-5.64659],[-43.09861,-5.6328],[-43.08025,-5.59946],[-43.03563,-5.59184],[-43.024,-5.56026],[-43.00489,-5.54152],[-42.99486,-5.50655],[-42.97505,-5.48522],[-42.96839,-5.45162],[-42.93229,-5.43932],[-42.91287,-5.39844],[-42.88322,-5.39038],[-42.86451,-5.36765],[-42.82593,-5.34656],[-42.81197,-5.28181],[-42.82711,-5.23343],[-42.79973,-5.1991],[-42.80258,-5.14987],[-42.81224,-5.13131],[-42.81822,-5.09312],[-42.83595,-5.07333],[-42.84114,-5.0304],[-42.86136,-4.97108],[-42.85439,-4.93657],[-42.89589,-4.88752],[-42.89712,-4.84231],[-42.93884,-4.80885],[-42.94993,-4.78938],[-42.94808,-4.76648],[-42.92566,-4.75007],[-42.92266,-4.72129],[-42.95257,-4.69319],[-42.94907,-4.67824],[-42.91827,-4.65262],[-42.86912,-4.57271],[-42.87433,-4.53524],[-42.86,-4.51482],[-42.85005,-4.48098],[-42.87776,-4.45405],[-42.87256,-4.4272],[-42.89518,-4.40434],[-42.93095,-4.38138],[-42.95042,-4.38646],[-42.96292,-4.37603],[-42.96189,-4.33414],[-42.97967,-4.30463],[-42.98881,-4.23367],[-42.98162,-4.21429],[-42.94168,-4.16671],[-42.92614,-4.15637],[-42.88779,-4.15523],[-42.90161,-4.13416],[-42.89553,-4.11651],[-42.87644,-4.10965],[-42.86255,-4.09249],[-42.82177,-3.99101],[-42.79753,-3.99623],[-42.78337,-3.95627],[-42.73677,-3.92404],[-42.72582,-3.90963],[-42.72078,-3.87502],[-42.68537,-3.80687],[-42.66888,-3.79153],[-42.68234,-3.76055],[-42.67206,-3.74748],[-42.67061,-3.72501],[-42.68239,-3.70305],[-42.67537,-3.67522],[-42.64184,-3.63547],[-42.62098,-3.62067],[-42.60935,-3.58576],[-42.57208,-3.56911],[-42.533,-3.51755],[-42.52917,-3.49212],[-42.50617,-3.47844],[-42.50409,-3.45581],[-42.48695,-3.44854],[-42.48722,-3.4675],[-42.47307,-3.48329],[-42.45253,-3.48123],[-42.43189,-3.45424],[-42.41689,-3.4579],[-42.41576,-3.47227],[-42.39852,-3.47248],[-42.39228,-3.44721],[-42.37179,-3.4525],[-42.33042,-3.43349],[-42.29841,-3.45257],[-42.24254,-3.43266],[-42.20971,-3.43593],[-42.19731,-3.42463],[-42.19784,-3.40519],[-42.18523,-3.3922],[-42.15181,-3.3871],[-42.14049,-3.35881],[-42.12409,-3.3531],[-42.12124,-3.3197],[-42.09975,-3.31102],[-42.09729,-3.29803],[-42.13219,-3.28969],[-42.1348,-3.28054],[-42.11544,-3.26195],[-41.99984,-3.24071],[-41.97382,-3.21112],[-41.96407,-3.17861],[-41.93867,-3.18699],[-41.93689,-3.15539],[-41.92418,-3.13742],[-41.92565,-3.1151],[-41.91345,-3.09946],[-41.88378,-3.08238],[-41.86127,-3.04676],[-41.8239,-3.02413],[-41.81701,-2.99219],[-41.79647,-2.96833],[-41.81044,-2.93311],[-41.83536,-2.91548],[-41.86434,-2.87624],[-41.86118,-2.83098],[-41.84329,-2.82353],[-41.84867,-2.77315],[-41.8242,-2.75585],[-41.81373,-2.73894],[-41.75014,-2.8014],[-41.72856,-2.80306],[-41.68364,-2.84376],[-41.65878,-2.85988],[-41.6328,-2.88604],[-41.59311,-2.90512],[-41.55854,-2.89789],[-41.53303,-2.90943],[-41.51006,-2.91095],[-41.48091,-2.89634],[-41.41801,-2.90993],[-41.39939,-2.90363],[-41.37428,-2.91711],[-41.33811,-2.92723],[-41.32231,-2.92095],[-41.31869,-2.95698],[-41.29807,-2.96803],[-41.27206,-2.97032],[-41.24863,-3.02832],[-41.26109,-3.05348],[-41.25628,-3.08764],[-41.31878,-3.14497],[-41.32834,-3.16122],[-41.32211,-3.17942],[-41.38643,-3.28838],[-41.42314,-3.36763],[-41.40233,-3.36202],[-41.40319,-3.39621],[-41.38845,-3.41246],[-41.35565,-3.41046],[-41.34441,-3.41895],[-41.34762,-3.45215],[-41.32926,-3.46544],[-41.32764,-3.48828],[-41.29884,-3.49065],[-41.3238,-3.503],[-41.32531,-3.53604],[-41.3365,-3.55352],[-41.36429,-3.55762],[-41.37025,-3.57449],[-41.34453,-3.58837],[-41.33094,-3.62431],[-41.34138,-3.6804],[-41.30729,-3.68443],[-41.27896,-3.70037],[-41.25506,-3.70289],[-41.23906,-3.72037],[-41.25699,-3.72953],[-41.26081,-3.75717],[-41.25375,-3.77467],[-41.26446,-3.7912],[-41.30044,-3.82592],[-41.27648,-3.82524],[-41.26738,-3.86147],[-41.22854,-3.91135],[-41.21987,-3.94113],[-41.22865,-3.968],[-41.24887,-3.98949],[-41.23846,-4.01503],[-41.25404,-4.0273],[-41.23993,-4.03047],[-41.18249,-4.0177],[-41.17144,-4.0321],[-41.11998,-4.03596],[-41.11374,-4.05144],[-41.12642,-4.06218],[-41.12304,-4.07934],[-41.1428,-4.12386],[-41.12774,-4.13895],[-41.11741,-4.165],[-41.09051,-4.16995],[-41.13553,-4.23313],[-41.11922,-4.31123],[-41.1198,-4.33019],[-41.13305,-4.33976],[-41.15964,-4.38112],[-41.15932,-4.41017],[-41.17676,-4.44089],[-41.17765,-4.4681],[-41.18897,-4.4883],[-41.1904,-4.51515],[-41.20342,-4.52804],[-41.22171,-4.56728],[-41.2412,-4.56949],[-41.22086,-4.57855],[-41.23275,-4.60919],[-41.22896,-4.61971],[-41.20244,-4.63781],[-41.17392,-4.66705],[-41.22997,-4.73013],[-41.24916,-4.75566],[-41.21239,-4.77164],[-41.24213,-4.82569],[-41.23907,-4.85415],[-41.2492,-4.86931],[-41.22773,-4.8906],[-41.23382,-4.90663],[-41.22021,-4.93787],[-41.20342,-4.94936],[-41.19708,-4.93743],[-41.17984,-4.94716],[-41.15055,-4.99172],[-41.13708,-4.98503],[-41.12223,-5.00768],[-41.12085,-5.02356],[-41.13165,-5.04819],[-41.09663,-5.05276],[-41.07975,-5.09071],[-41.05204,-5.10302],[-41.03363,-5.09068],[-41.02603,-5.10931],[-41.0137,-5.10542],[-41.01146,-5.12321],[-40.98792,-5.13912],[-40.98209,-5.15314],[-40.96426,-5.1497],[-40.94895,-5.16649],[-40.92862,-5.17128],[-40.93163,-5.20088],[-40.92166,-5.22606],[-40.94186,-5.24009],[-40.91062,-5.26951],[-40.92387,-5.27445],[-40.92654,-5.29658],[-40.91284,-5.30766],[-40.91808,-5.33787],[-40.93239,-5.34832],[-40.93573,-5.36558],[-40.91611,-5.39082],[-40.91733,-5.4159],[-40.93782,-5.41597],[-40.93617,-5.43854],[-40.91544,-5.46579],[-40.92879,-5.48294],[-40.92851,-5.51746],[-40.93608,-5.526],[-40.93201,-5.54851],[-40.91401,-5.56727],[-40.91197,-5.59008],[-40.90068,-5.61552],[-40.91086,-5.65617],[-40.9384,-5.67295],[-40.91317,-5.72636],[-40.91738,-5.7444],[-40.90616,-5.79415],[-40.90528,-5.84888],[-40.89324,-5.8836],[-40.89715,-5.9009],[-40.87977,-5.91802],[-40.87322,-5.97266],[-40.90358,-6.02048],[-40.90594,-6.04612],[-41.25872,-6.11005]]]}},{"type":"Feature","properties":{"id":"87","phone_code":"87","phone_code_1_digit":"8"},"geometry":{"type":"Polygon","coordinates":[[[-41.33654,-8.70794],[-41.30757,-8.69017],[-41.28706,-8.66043],[-41.25347,-8.66176],[-41.23341,-8.6472],[-41.21467,-8.64483],[-41.20617,-8.63288],[-41.21191,-8.60141],[-41.17953,-8.59286],[-41.16895,-8.5832],[-41.14912,-8.53351],[-41.12636,-8.54154],[-41.09452,-8.517],[-41.07855,-8.47209],[-41.05073,-8.48006],[-41.04755,-8.44832],[-41.03862,-8.43142],[-41.00701,-8.42052],[-41.0003,-8.40031],[-40.98101,-8.39752],[-40.95672,-8.42306],[-40.92648,-8.44593],[-40.90116,-8.42122],[-40.90724,-8.39858],[-40.8895,-8.38634],[-40.8931,-8.3569],[-40.87074,-8.35807],[-40.85822,-8.3792],[-40.83703,-8.38072],[-40.81895,-8.36195],[-40.81914,-8.3215],[-40.79199,-8.31872],[-40.77951,-8.30152],[-40.78319,-8.25502],[-40.74414,-8.23966],[-40.7365,-8.22782],[-40.70689,-8.22308],[-40.70022,-8.2022],[-40.66866,-8.17707],[-40.66622,-8.16187],[-40.6432,-8.15713],[-40.63317,-8.13864],[-40.60095,-8.14976],[-40.58942,-8.13755],[-40.6035,-8.10328],[-40.59839,-8.08045],[-40.54328,-7.95802],[-40.53757,-7.86879],[-40.54169,-7.83807],[-40.56804,-7.80835],[-40.62827,-7.79216],[-40.65337,-7.78179],[-40.6732,-7.76127],[-40.67797,-7.72509],[-40.64664,-7.64438],[-40.644,-7.60376],[-40.69371,-7.53831],[-40.71452,-7.48914],[-40.70225,-7.45791],[-40.65863,-7.44661],[-40.65195,-7.43294],[-40.5481,-7.39229],[-40.52016,-7.38977],[-40.43307,-7.39125],[-40.37245,-7.38493],[-40.31862,-7.37389],[-40.27169,-7.39171],[-40.24608,-7.43331],[-40.07833,-7.39939],[-40.02291,-7.39833],[-40.00559,-7.38794],[-39.98407,-7.39414],[-39.96112,-7.38855],[-39.91508,-7.33769],[-39.88592,-7.33891],[-39.85109,-7.32481],[-39.82834,-7.33197],[-39.78887,-7.33159],[-39.75742,-7.32055],[-39.68687,-7.31516],[-39.66301,-7.30974],[-39.64848,-7.32334],[-39.60695,-7.3358],[-39.56904,-7.37557],[-39.49651,-7.42],[-39.47873,-7.44566],[-39.39631,-7.47487],[-39.36815,-7.49407],[-39.35883,-7.50763],[-39.3169,-7.54105],[-39.31193,-7.5694],[-39.28401,-7.60443],[-39.30328,-7.6282],[-39.30654,-7.66468],[-39.26997,-7.65949],[-39.25098,-7.68028],[-39.25221,-7.70452],[-39.20798,-7.68907],[-39.17065,-7.71483],[-39.13529,-7.72297],[-39.106,-7.75982],[-39.10147,-7.78684],[-39.09021,-7.8092],[-39.09095,-7.85777],[-39.06453,-7.8391],[-39.05341,-7.8189],[-39.02605,-7.82423],[-39.01012,-7.816],[-39.00106,-7.83972],[-38.96177,-7.84377],[-38.96459,-7.82942],[-38.93962,-7.7947],[-38.94566,-7.78179],[-38.93923,-7.75837],[-38.91576,-7.75813],[-38.91523,-7.74408],[-38.88105,-7.74703],[-38.88057,-7.72456],[-38.8694,-7.71113],[-38.84576,-7.72001],[-38.82162,-7.71439],[-38.81476,-7.68757],[-38.81934,-7.66442],[-38.79215,-7.66769],[-38.76027,-7.65559],[-38.74246,-7.65992],[-38.73525,-7.63372],[-38.71477,-7.62151],[-38.6864,-7.63463],[-38.67244,-7.65839],[-38.66325,-7.65712],[-38.6261,-7.69432],[-38.62499,-7.70791],[-38.60763,-7.72554],[-38.59329,-7.75394],[-38.57832,-7.74687],[-38.56194,-7.75567],[-38.54278,-7.74859],[-38.52933,-7.7547],[-38.49622,-7.74962],[-38.49545,-7.7384],[-38.46362,-7.73048],[-38.45673,-7.7177],[-38.40916,-7.73008],[-38.40358,-7.71403],[-38.37059,-7.69801],[-38.35715,-7.67675],[-38.34434,-7.69459],[-38.32634,-7.6933],[-38.31168,-7.71591],[-38.31553,-7.72807],[-38.30181,-7.7448],[-38.31641,-7.7642],[-38.29947,-7.76279],[-38.2974,-7.81354],[-38.28644,-7.82981],[-38.23822,-7.83032],[-38.16232,-7.77955],[-38.14157,-7.78484],[-38.11971,-7.81856],[-38.07672,-7.83017],[-38.06596,-7.81726],[-38.07539,-7.80497],[-38.06913,-7.77192],[-38.03923,-7.74771],[-38.0078,-7.76646],[-38.00362,-7.77858],[-37.97178,-7.77681],[-37.9472,-7.75581],[-37.94275,-7.74063],[-37.91272,-7.70907],[-37.89399,-7.71322],[-37.90298,-7.69769],[-37.88025,-7.68324],[-37.85681,-7.65156],[-37.80762,-7.64355],[-37.79046,-7.62554],[-37.76774,-7.64827],[-37.76424,-7.63097],[-37.7346,-7.59681],[-37.72839,-7.57932],[-37.70745,-7.57022],[-37.70616,-7.55018],[-37.68181,-7.54797],[-37.65918,-7.52273],[-37.63003,-7.5321],[-37.60943,-7.50763],[-37.53272,-7.47255],[-37.52706,-7.44798],[-37.48661,-7.39465],[-37.4977,-7.36644],[-37.47883,-7.35964],[-37.41513,-7.36131],[-37.38537,-7.35629],[-37.34917,-7.33662],[-37.35614,-7.3217],[-37.33131,-7.28931],[-37.28799,-7.28788],[-37.2779,-7.27541],[-37.23366,-7.27396],[-37.21384,-7.2909],[-37.19633,-7.29426],[-37.16819,-7.31955],[-37.165,-7.33619],[-37.1446,-7.33464],[-37.13497,-7.34626],[-37.08528,-7.35785],[-37.06754,-7.3817],[-37.04804,-7.37779],[-37.02758,-7.38546],[-37.01325,-7.40334],[-37.02564,-7.42206],[-37.01039,-7.45323],[-36.99697,-7.45899],[-36.98389,-7.48185],[-37.00291,-7.49598],[-37.01022,-7.48915],[-37.06797,-7.5167],[-37.08712,-7.51793],[-37.12118,-7.53571],[-37.13676,-7.55479],[-37.16323,-7.57431],[-37.19633,-7.62917],[-37.19479,-7.65165],[-37.14985,-7.71646],[-37.1386,-7.74511],[-37.15669,-7.77259],[-37.15947,-7.79281],[-37.1912,-7.79076],[-37.19762,-7.79851],[-37.24332,-7.81859],[-37.22781,-7.82111],[-37.22175,-7.84184],[-37.24681,-7.84639],[-37.24375,-7.87343],[-37.28705,-7.90347],[-37.32183,-7.91009],[-37.30924,-7.91348],[-37.31728,-7.94236],[-37.34988,-7.94818],[-37.35562,-7.97451],[-37.33944,-7.97939],[-37.29523,-7.96451],[-37.21925,-7.97238],[-37.20705,-7.95179],[-37.19203,-7.9617],[-37.19305,-7.98246],[-37.17497,-7.99645],[-37.16008,-7.99674],[-37.14806,-8.0347],[-37.15775,-8.05081],[-37.14337,-8.08755],[-37.14222,-8.11753],[-37.15827,-8.13846],[-37.15066,-8.14963],[-37.15988,-8.16999],[-37.11792,-8.17494],[-37.12257,-8.20865],[-37.10009,-8.23329],[-37.0815,-8.22245],[-37.06619,-8.23259],[-37.08028,-8.24067],[-37.08086,-8.26596],[-37.04299,-8.26415],[-37.02032,-8.28925],[-36.99082,-8.30254],[-36.95458,-8.29894],[-36.94461,-8.27484],[-36.92266,-8.26942],[-36.89561,-8.24041],[-36.86136,-8.22201],[-36.81217,-8.20488],[-36.79595,-8.19011],[-36.76123,-8.19588],[-36.74981,-8.17529],[-36.71544,-8.1669],[-36.72247,-8.15055],[-36.6867,-8.15527],[-36.67966,-8.17647],[-36.66192,-8.18275],[-36.63364,-8.21324],[-36.60562,-8.21195],[-36.56,-8.28277],[-36.55985,-8.27385],[-36.52418,-8.24562],[-36.51656,-8.23201],[-36.49388,-8.23187],[-36.48559,-8.25215],[-36.49835,-8.27015],[-36.49806,-8.28793],[-36.52504,-8.30325],[-36.51097,-8.32101],[-36.48429,-8.31405],[-36.49236,-8.38268],[-36.51297,-8.40422],[-36.53064,-8.44493],[-36.53726,-8.50203],[-36.54199,-8.49882],[-36.60988,-8.54863],[-36.61614,-8.56957],[-36.60307,-8.59389],[-36.60913,-8.60586],[-36.58634,-8.60053],[-36.56785,-8.61858],[-36.56153,-8.64173],[-36.54216,-8.62232],[-36.53401,-8.6562],[-36.49787,-8.68024],[-36.48688,-8.70347],[-36.46726,-8.69025],[-36.46316,-8.66846],[-36.44789,-8.65737],[-36.33156,-8.61432],[-36.27452,-8.56167],[-36.22933,-8.57256],[-36.16591,-8.54708],[-36.09466,-8.59076],[-36.15479,-8.63051],[-36.18141,-8.66441],[-36.12386,-8.71499],[-36.0757,-8.72049],[-36.07513,-8.77011],[-36.08915,-8.77594],[-36.12516,-8.84193],[-36.06078,-8.89466],[-36.03292,-8.908],[-36.06361,-8.91492],[-36.08608,-8.94365],[-36.12695,-8.95569],[-36.12648,-8.98086],[-36.104,-8.99851],[-36.12382,-9.03008],[-36.1514,-9.04228],[-36.19539,-9.04437],[-36.20406,-9.06775],[-36.22158,-9.07288],[-36.23613,-9.10307],[-36.26651,-9.10196],[-36.25739,-9.13794],[-36.22273,-9.17078],[-36.24754,-9.17744],[-36.27384,-9.16578],[-36.32119,-9.18496],[-36.32731,-9.20035],[-36.35358,-9.20077],[-36.34856,-9.21432],[-36.36537,-9.22221],[-36.42404,-9.2256],[-36.43667,-9.21168],[-36.45333,-9.23197],[-36.48755,-9.2412],[-36.49112,-9.26126],[-36.50299,-9.27056],[-36.5715,-9.29216],[-36.56713,-9.33171],[-36.60471,-9.34109],[-36.61462,-9.32436],[-36.62452,-9.33141],[-36.65906,-9.30833],[-36.69351,-9.27491],[-36.75935,-9.27092],[-36.79681,-9.2926],[-36.83937,-9.28779],[-36.87092,-9.26766],[-36.90049,-9.28249],[-36.91548,-9.2986],[-36.92698,-9.32499],[-36.92193,-9.33934],[-36.93754,-9.3524],[-36.9301,-9.36961],[-36.95209,-9.38212],[-36.97583,-9.36164],[-37.00303,-9.35219],[-37.02395,-9.31529],[-37.04519,-9.31546],[-37.06125,-9.30333],[-37.05686,-9.28137],[-37.09033,-9.24594],[-37.11613,-9.24051],[-37.12958,-9.25964],[-37.16399,-9.27528],[-37.16794,-9.25141],[-37.15861,-9.23868],[-37.19797,-9.21506],[-37.234,-9.23975],[-37.22844,-9.22512],[-37.24289,-9.18562],[-37.26206,-9.1596],[-37.28194,-9.14842],[-37.31518,-9.09385],[-37.33622,-9.08082],[-37.41811,-9.04341],[-37.43362,-9.02929],[-37.46903,-9.02726],[-37.49341,-9.00027],[-37.48999,-8.96549],[-37.52398,-8.96455],[-37.54072,-8.95798],[-37.56207,-8.97354],[-37.58326,-8.96975],[-37.61422,-8.98874],[-37.61498,-9.00948],[-37.64354,-9.01793],[-37.66372,-8.99913],[-37.6613,-8.98683],[-37.68564,-8.99834],[-37.70301,-8.98573],[-37.68367,-8.96799],[-37.70184,-8.94778],[-37.70753,-8.92738],[-37.72133,-8.9151],[-37.73485,-8.88718],[-37.74577,-8.88271],[-37.7585,-8.85613],[-37.78083,-8.86486],[-37.80089,-8.8843],[-37.82874,-8.89336],[-37.82094,-8.91517],[-37.83875,-8.97796],[-37.85275,-8.99972],[-37.87925,-9.015],[-37.88063,-9.03993],[-37.90459,-9.03982],[-37.90753,-9.0518],[-37.95125,-9.09689],[-37.97085,-9.12392],[-37.979,-9.14794],[-38.02544,-9.15509],[-38.02994,-9.16453],[-38.06444,-9.17317],[-38.09194,-9.17231],[-38.1189,-9.20138],[-38.14356,-9.21778],[-38.15596,-9.24194],[-38.15763,-9.26341],[-38.18033,-9.29126],[-38.20273,-9.29648],[-38.23724,-9.32937],[-38.25019,-9.29006],[-38.28716,-9.21671],[-38.27973,-9.20584],[-38.28724,-9.17349],[-38.31831,-9.14058],[-38.32105,-9.11646],[-38.30424,-9.09637],[-38.32552,-9.07757],[-38.28961,-9.04674],[-38.29605,-9.02243],[-38.32028,-8.99066],[-38.35581,-8.99672],[-38.38555,-9.02441],[-38.4151,-9.03815],[-38.44875,-9.02594],[-38.50316,-8.98099],[-38.51946,-8.94717],[-38.51644,-8.93282],[-38.47897,-8.90133],[-38.46945,-8.86533],[-38.47948,-8.84967],[-38.50861,-8.83223],[-38.55149,-8.82221],[-38.5709,-8.8312],[-38.60347,-8.88017],[-38.60723,-8.89285],[-38.60889,-8.9547],[-38.62374,-8.97963],[-38.64036,-8.98685],[-38.6704,-8.97477],[-38.68979,-8.94486],[-38.69572,-8.89011],[-38.70619,-8.86184],[-38.73933,-8.84443],[-38.80372,-8.78876],[-38.86776,-8.78345],[-38.92459,-8.79433],[-38.94334,-8.80382],[-38.97708,-8.79267],[-38.99156,-8.76714],[-39.0332,-8.7359],[-39.1436,-8.7121],[-39.16836,-8.69109],[-39.17663,-8.70303],[-39.20043,-8.71057],[-39.22817,-8.7099],[-39.24514,-8.68369],[-39.24753,-8.62458],[-39.26305,-8.6148],[-39.27481,-8.57641],[-39.29286,-8.56022],[-39.3433,-8.55813],[-39.35701,-8.54663],[-39.37944,-8.53241],[-39.41569,-8.54171],[-39.43514,-8.56289],[-39.45175,-8.56279],[-39.47575,-8.59238],[-39.51534,-8.60274],[-39.55467,-8.62172],[-39.56929,-8.63665],[-39.60719,-8.65556],[-39.69077,-8.6619],[-39.69268,-8.6801],[-39.67466,-8.73625],[-39.67427,-8.78674],[-39.70012,-8.79954],[-39.74743,-8.79363],[-39.7923,-8.81948],[-39.81961,-8.81307],[-39.88645,-8.82458],[-39.90258,-8.85833],[-39.87906,-8.90149],[-39.8736,-8.93092],[-39.89006,-8.96673],[-39.95767,-9.04818],[-39.98942,-9.05905],[-40.0652,-9.06265],[-40.07318,-9.07494],[-40.12837,-9.10918],[-40.16464,-9.10607],[-40.17072,-9.09303],[-40.21307,-9.06056],[-40.2475,-9.05732],[-40.2712,-9.08042],[-40.28634,-9.11694],[-40.29365,-9.15165],[-40.28545,-9.1814],[-40.30742,-9.2709],[-40.33575,-9.32675],[-40.33468,-9.35348],[-40.35773,-9.37677],[-40.39091,-9.37175],[-40.41128,-9.35375],[-40.43553,-9.36174],[-40.45529,-9.40535],[-40.46739,-9.42015],[-40.51036,-9.40676],[-40.53785,-9.42016],[-40.548,-9.44858],[-40.56482,-9.46359],[-40.59475,-9.46695],[-40.62279,-9.48248],[-40.68095,-9.4668],[-40.72181,-9.44553],[-40.74495,-9.44293],[-40.77638,-9.45403],[-40.75922,-9.42866],[-40.7646,-9.4128],[-40.7423,-9.40029],[-40.74611,-9.37063],[-40.73691,-9.33645],[-40.75511,-9.31326],[-40.73907,-9.29617],[-40.71972,-9.30548],[-40.70722,-9.28493],[-40.68686,-9.27792],[-40.67972,-9.25879],[-40.69413,-9.23304],[-40.67027,-9.18829],[-40.66702,-9.15864],[-40.68472,-9.13719],[-40.70952,-9.14046],[-40.73217,-9.12359],[-40.75669,-9.11943],[-40.75641,-9.10456],[-40.80373,-9.09792],[-40.82064,-9.07948],[-40.82486,-9.03777],[-40.83464,-9.00828],[-40.85059,-8.9847],[-40.85122,-8.95208],[-40.86095,-8.9476],[-40.86591,-8.92298],[-40.88086,-8.91521],[-40.89467,-8.88868],[-40.89603,-8.87061],[-40.92097,-8.83502],[-40.94601,-8.84458],[-40.97872,-8.823],[-40.99998,-8.82838],[-41.02087,-8.84315],[-41.03095,-8.83454],[-41.02459,-8.80731],[-41.03586,-8.78546],[-41.0663,-8.78063],[-41.07817,-8.78836],[-41.10139,-8.78155],[-41.12832,-8.74099],[-41.11333,-8.70338],[-41.17603,-8.71078],[-41.2266,-8.70429],[-41.23819,-8.71932],[-41.26025,-8.7203],[-41.28116,-8.73569],[-41.30956,-8.72572],[-41.33398,-8.72725],[-41.35796,-8.70721],[-41.33654,-8.70794]]]}},{"type":"Feature","properties":{"id":"88","phone_code":"88","phone_code_1_digit":"8"},"geometry":{"type":"Polygon","coordinates":[[[-38.73525,-7.63372],[-38.74246,-7.65992],[-38.76027,-7.65559],[-38.79215,-7.66769],[-38.81934,-7.66442],[-38.81476,-7.68757],[-38.82162,-7.71439],[-38.84576,-7.72001],[-38.8694,-7.71113],[-38.88057,-7.72456],[-38.88105,-7.74703],[-38.91523,-7.74408],[-38.91576,-7.75813],[-38.93923,-7.75837],[-38.94566,-7.78179],[-38.93962,-7.7947],[-38.96459,-7.82942],[-38.96177,-7.84377],[-39.00106,-7.83972],[-39.01012,-7.816],[-39.02605,-7.82423],[-39.05341,-7.8189],[-39.06453,-7.8391],[-39.09095,-7.85777],[-39.09021,-7.8092],[-39.10147,-7.78684],[-39.106,-7.75982],[-39.13529,-7.72297],[-39.17065,-7.71483],[-39.20798,-7.68907],[-39.25221,-7.70452],[-39.25098,-7.68028],[-39.26997,-7.65949],[-39.30654,-7.66468],[-39.30328,-7.6282],[-39.28401,-7.60443],[-39.31193,-7.5694],[-39.3169,-7.54105],[-39.35883,-7.50763],[-39.36815,-7.49407],[-39.39631,-7.47487],[-39.47873,-7.44566],[-39.49651,-7.42],[-39.56904,-7.37557],[-39.60695,-7.3358],[-39.64848,-7.32334],[-39.66301,-7.30974],[-39.68687,-7.31516],[-39.75742,-7.32055],[-39.78887,-7.33159],[-39.82834,-7.33197],[-39.85109,-7.32481],[-39.88592,-7.33891],[-39.91508,-7.33769],[-39.96112,-7.38855],[-39.98407,-7.39414],[-40.00559,-7.38794],[-40.02291,-7.39833],[-40.07833,-7.39939],[-40.24608,-7.43331],[-40.27169,-7.39171],[-40.31862,-7.37389],[-40.37245,-7.38493],[-40.43307,-7.39125],[-40.52016,-7.38977],[-40.5481,-7.39229],[-40.54114,-7.33187],[-40.51181,-7.3014],[-40.51517,-7.26943],[-40.51035,-7.22656],[-40.484,-7.1328],[-40.48937,-7.11829],[-40.42735,-7.03348],[-40.43713,-7.01507],[-40.40588,-7.00493],[-40.42894,-6.99423],[-40.42465,-6.93487],[-40.43359,-6.90174],[-40.42815,-6.86385],[-40.41039,-6.85518],[-40.38675,-6.82968],[-40.37015,-6.80267],[-40.38842,-6.7966],[-40.41647,-6.81213],[-40.4318,-6.81258],[-40.45166,-6.78338],[-40.45845,-6.75668],[-40.47656,-6.73243],[-40.51702,-6.7301],[-40.56141,-6.71997],[-40.60184,-6.71561],[-40.61787,-6.7087],[-40.65094,-6.67779],[-40.70015,-6.67696],[-40.73188,-6.65482],[-40.72164,-6.61728],[-40.73605,-6.59981],[-40.74548,-6.56515],[-40.7873,-6.52338],[-40.79622,-6.47031],[-40.79572,-6.42779],[-40.80479,-6.39274],[-40.77934,-6.3439],[-40.78714,-6.30386],[-40.81013,-6.28667],[-40.82321,-6.25787],[-40.85185,-6.22383],[-40.84686,-6.20262],[-40.85263,-6.1691],[-40.84654,-6.1317],[-40.87248,-6.05623],[-40.90594,-6.04612],[-40.90358,-6.02048],[-40.87322,-5.97266],[-40.87977,-5.91802],[-40.89715,-5.9009],[-40.89324,-5.8836],[-40.90528,-5.84888],[-40.90616,-5.79415],[-40.91738,-5.7444],[-40.91317,-5.72636],[-40.9384,-5.67295],[-40.91086,-5.65617],[-40.90068,-5.61552],[-40.91197,-5.59008],[-40.91401,-5.56727],[-40.93201,-5.54851],[-40.93608,-5.526],[-40.92851,-5.51746],[-40.92879,-5.48294],[-40.91544,-5.46579],[-40.93617,-5.43854],[-40.93782,-5.41597],[-40.91733,-5.4159],[-40.91611,-5.39082],[-40.93573,-5.36558],[-40.93239,-5.34832],[-40.91808,-5.33787],[-40.91284,-5.30766],[-40.92654,-5.29658],[-40.92387,-5.27445],[-40.91062,-5.26951],[-40.94186,-5.24009],[-40.92166,-5.22606],[-40.93163,-5.20088],[-40.92862,-5.17128],[-40.94895,-5.16649],[-40.96426,-5.1497],[-40.98209,-5.15314],[-40.98792,-5.13912],[-41.01146,-5.12321],[-41.0137,-5.10542],[-41.02603,-5.10931],[-41.03363,-5.09068],[-41.05204,-5.10302],[-41.07975,-5.09071],[-41.09663,-5.05276],[-41.13165,-5.04819],[-41.12085,-5.02356],[-41.12223,-5.00768],[-41.13708,-4.98503],[-41.15055,-4.99172],[-41.17984,-4.94716],[-41.19708,-4.93743],[-41.20342,-4.94936],[-41.22021,-4.93787],[-41.23382,-4.90663],[-41.22773,-4.8906],[-41.2492,-4.86931],[-41.23907,-4.85415],[-41.24213,-4.82569],[-41.21239,-4.77164],[-41.24916,-4.75566],[-41.22997,-4.73013],[-41.17392,-4.66705],[-41.20244,-4.63781],[-41.22896,-4.61971],[-41.23275,-4.60919],[-41.22086,-4.57855],[-41.2412,-4.56949],[-41.22171,-4.56728],[-41.20342,-4.52804],[-41.1904,-4.51515],[-41.18897,-4.4883],[-41.17765,-4.4681],[-41.17676,-4.44089],[-41.15932,-4.41017],[-41.15964,-4.38112],[-41.13305,-4.33976],[-41.1198,-4.33019],[-41.11922,-4.31123],[-41.13553,-4.23313],[-41.09051,-4.16995],[-41.11741,-4.165],[-41.12774,-4.13895],[-41.1428,-4.12386],[-41.12304,-4.07934],[-41.12642,-4.06218],[-41.11374,-4.05144],[-41.11998,-4.03596],[-41.17144,-4.0321],[-41.18249,-4.0177],[-41.23993,-4.03047],[-41.25404,-4.0273],[-41.23846,-4.01503],[-41.24887,-3.98949],[-41.22865,-3.968],[-41.21987,-3.94113],[-41.22854,-3.91135],[-41.26738,-3.86147],[-41.27648,-3.82524],[-41.30044,-3.82592],[-41.26446,-3.7912],[-41.25375,-3.77467],[-41.26081,-3.75717],[-41.25699,-3.72953],[-41.23906,-3.72037],[-41.25506,-3.70289],[-41.27896,-3.70037],[-41.30729,-3.68443],[-41.34138,-3.6804],[-41.33094,-3.62431],[-41.34453,-3.58837],[-41.37025,-3.57449],[-41.36429,-3.55762],[-41.3365,-3.55352],[-41.32531,-3.53604],[-41.3238,-3.503],[-41.29884,-3.49065],[-41.32764,-3.48828],[-41.32926,-3.46544],[-41.34762,-3.45215],[-41.34441,-3.41895],[-41.35565,-3.41046],[-41.38845,-3.41246],[-41.40319,-3.39621],[-41.40233,-3.36202],[-41.42314,-3.36763],[-41.38643,-3.28838],[-41.32211,-3.17942],[-41.32834,-3.16122],[-41.31878,-3.14497],[-41.25628,-3.08764],[-41.26109,-3.05348],[-41.24863,-3.02832],[-41.27206,-2.97032],[-41.29807,-2.96803],[-41.31869,-2.95698],[-41.32231,-2.92095],[-41.25876,-2.88396],[-41.23301,-2.88942],[-41.17345,-2.88732],[-41.11936,-2.89252],[-41.10134,-2.90058],[-41.09598,-2.89148],[-41.05746,-2.89593],[-41.00882,-2.89171],[-40.96217,-2.88086],[-40.95423,-2.87109],[-40.91437,-2.87305],[-40.90571,-2.85849],[-40.868,-2.86249],[-40.86148,-2.85591],[-40.8442,-2.88442],[-40.79473,-2.8689],[-40.75959,-2.84977],[-40.64507,-2.84969],[-40.59187,-2.8434],[-40.53332,-2.8177],[-40.52045,-2.79061],[-40.49929,-2.78403],[-40.43554,-2.8109],[-40.40471,-2.81365],[-40.31698,-2.80534],[-40.18735,-2.81546],[-40.14751,-2.83914],[-40.12769,-2.82514],[-40.09551,-2.82805],[-40.0764,-2.84054],[-40.06093,-2.8371],[-40.02245,-2.84356],[-40.01745,-2.83758],[-39.97586,-2.8547],[-39.96901,-2.8487],[-39.89665,-2.88414],[-39.88632,-2.88434],[-39.79302,-2.94879],[-39.77378,-2.95557],[-39.74126,-2.98537],[-39.71361,-2.99951],[-39.68754,-2.99429],[-39.6538,-3.02327],[-39.63782,-3.01867],[-39.61907,-3.02595],[-39.5963,-3.06524],[-39.55046,-3.07938],[-39.5212,-3.1026],[-39.48712,-3.11804],[-39.46445,-3.14177],[-39.41983,-3.15423],[-39.38399,-3.18374],[-39.40959,-3.19143],[-39.42004,-3.20238],[-39.45007,-3.21127],[-39.47775,-3.19919],[-39.48731,-3.21237],[-39.50079,-3.19902],[-39.51115,-3.21636],[-39.50447,-3.24328],[-39.5229,-3.27462],[-39.50508,-3.29321],[-39.51168,-3.31386],[-39.50279,-3.32299],[-39.50376,-3.34943],[-39.49399,-3.35814],[-39.48052,-3.39753],[-39.46734,-3.40152],[-39.42729,-3.46941],[-39.43079,-3.49351],[-39.41626,-3.50263],[-39.41335,-3.52627],[-39.40143,-3.54951],[-39.41581,-3.55257],[-39.43948,-3.57879],[-39.45432,-3.58489],[-39.49249,-3.58138],[-39.55458,-3.58223],[-39.61292,-3.64111],[-39.63535,-3.63686],[-39.64781,-3.65234],[-39.68009,-3.64792],[-39.70226,-3.6181],[-39.69726,-3.64305],[-39.70876,-3.68812],[-39.68912,-3.7105],[-39.68618,-3.74268],[-39.67757,-3.75761],[-39.65945,-3.76401],[-39.64151,-3.82068],[-39.69226,-3.83571],[-39.72112,-3.87157],[-39.71132,-3.90302],[-39.71618,-3.91772],[-39.70484,-3.94659],[-39.71937,-3.97085],[-39.70795,-3.97675],[-39.69982,-4.00354],[-39.70809,-4.0173],[-39.69214,-4.02222],[-39.67126,-4.07423],[-39.73979,-4.10981],[-39.7554,-4.13424],[-39.75712,-4.15748],[-39.76854,-4.15844],[-39.77573,-4.18098],[-39.78772,-4.18857],[-39.77248,-4.2222],[-39.77237,-4.24519],[-39.75043,-4.25456],[-39.73015,-4.27529],[-39.73873,-4.29483],[-39.72521,-4.31825],[-39.73474,-4.3323],[-39.71448,-4.35511],[-39.71151,-4.38169],[-39.72577,-4.38399],[-39.73765,-4.40155],[-39.75503,-4.39938],[-39.73205,-4.43536],[-39.73384,-4.46408],[-39.7212,-4.48407],[-39.75615,-4.50296],[-39.76409,-4.53445],[-39.74579,-4.54467],[-39.72901,-4.54027],[-39.69981,-4.54586],[-39.69557,-4.55646],[-39.66848,-4.55765],[-39.64249,-4.53886],[-39.66058,-4.52623],[-39.6589,-4.51196],[-39.63679,-4.4972],[-39.60723,-4.50316],[-39.58221,-4.51906],[-39.57904,-4.49871],[-39.58951,-4.49028],[-39.57298,-4.47079],[-39.54626,-4.48592],[-39.54305,-4.46611],[-39.52912,-4.46529],[-39.52343,-4.49774],[-39.51299,-4.46852],[-39.49387,-4.4837],[-39.48077,-4.52519],[-39.46622,-4.53614],[-39.44311,-4.57476],[-39.45349,-4.59562],[-39.42106,-4.64293],[-39.42592,-4.67521],[-39.41768,-4.68919],[-39.39621,-4.6862],[-39.37853,-4.69458],[-39.37942,-4.71378],[-39.35973,-4.73828],[-39.32883,-4.71644],[-39.3031,-4.70475],[-39.29246,-4.66279],[-39.28176,-4.65137],[-39.24493,-4.64271],[-39.22854,-4.65211],[-39.20032,-4.64453],[-39.1791,-4.65412],[-39.15771,-4.63428],[-39.12943,-4.62797],[-39.06596,-4.56126],[-39.0855,-4.51976],[-39.08469,-4.47147],[-39.03079,-4.46344],[-39.03596,-4.47624],[-39.02219,-4.51317],[-39.0081,-4.4824],[-38.98434,-4.49617],[-38.948,-4.4876],[-38.93732,-4.49745],[-38.93415,-4.5236],[-38.91806,-4.5121],[-38.90837,-4.52744],[-38.87104,-4.52879],[-38.86408,-4.5511],[-38.838,-4.54973],[-38.83976,-4.58373],[-38.82274,-4.57656],[-38.80192,-4.58204],[-38.76764,-4.62343],[-38.72182,-4.62055],[-38.70084,-4.61257],[-38.69038,-4.65086],[-38.664,-4.66111],[-38.65291,-4.68272],[-38.63149,-4.68851],[-38.63774,-4.69964],[-38.59751,-4.68415],[-38.58021,-4.67085],[-38.52854,-4.6799],[-38.50093,-4.65338],[-38.46699,-4.64553],[-38.45724,-4.65373],[-38.43332,-4.63654],[-38.38866,-4.57887],[-38.36879,-4.57635],[-38.36871,-4.53996],[-38.38199,-4.51839],[-38.3603,-4.50049],[-38.34649,-4.51302],[-38.32207,-4.51867],[-38.29327,-4.54328],[-38.23516,-4.57347],[-38.18366,-4.6221],[-38.15074,-4.61385],[-38.10749,-4.61527],[-38.10605,-4.59681],[-38.04135,-4.58932],[-38.02773,-4.59784],[-37.99761,-4.59524],[-37.98529,-4.5827],[-37.99291,-4.56287],[-37.98261,-4.54346],[-37.96328,-4.52946],[-37.96996,-4.51637],[-37.95439,-4.48243],[-37.96787,-4.46322],[-37.97213,-4.4295],[-37.95122,-4.41667],[-37.94935,-4.3983],[-37.90894,-4.40002],[-37.87238,-4.40966],[-37.86875,-4.40271],[-37.83536,-4.40175],[-37.82158,-4.39464],[-37.83533,-4.38213],[-37.80701,-4.39811],[-37.76977,-4.40089],[-37.7692,-4.42599],[-37.75136,-4.44302],[-37.72905,-4.49681],[-37.68825,-4.53241],[-37.654,-4.57266],[-37.59262,-4.62522],[-37.56642,-4.63899],[-37.54012,-4.64387],[-37.49873,-4.62552],[-37.47916,-4.64431],[-37.411,-4.67229],[-37.37653,-4.68086],[-37.32485,-4.70134],[-37.3023,-4.72348],[-37.28031,-4.75416],[-37.25265,-4.83133],[-37.25617,-4.83745],[-37.64,-4.92602],[-37.67728,-5.0537],[-37.72365,-5.06932],[-37.73308,-5.10026],[-37.76461,-5.13923],[-37.77598,-5.18675],[-37.78797,-5.20599],[-37.78318,-5.24244],[-37.7905,-5.25838],[-37.78276,-5.29443],[-37.83537,-5.335],[-37.84713,-5.33963],[-37.86339,-5.3737],[-37.86014,-5.40629],[-37.88853,-5.44896],[-37.89188,-5.48037],[-37.90123,-5.4994],[-37.93229,-5.50272],[-37.9512,-5.53656],[-37.98969,-5.55541],[-37.99798,-5.58493],[-38.01361,-5.594],[-38.03392,-5.63676],[-38.08253,-5.67215],[-38.08737,-5.72938],[-38.07488,-5.72308],[-38.04666,-5.72987],[-38.07581,-5.78066],[-38.1075,-5.81353],[-38.11852,-5.83244],[-38.11594,-5.84759],[-38.12459,-5.88722],[-38.14221,-5.90125],[-38.16359,-5.92972],[-38.16446,-5.94614],[-38.20568,-5.96395],[-38.25184,-6.00976],[-38.25223,-6.04271],[-38.27667,-6.06956],[-38.30447,-6.08657],[-38.31959,-6.07664],[-38.36491,-6.08806],[-38.38535,-6.06428],[-38.38264,-6.05194],[-38.41285,-6.05793],[-38.44698,-6.08488],[-38.44043,-6.09648],[-38.45733,-6.10762],[-38.47608,-6.14402],[-38.47259,-6.15158],[-38.50042,-6.17929],[-38.50099,-6.19055],[-38.52686,-6.19298],[-38.52895,-6.21334],[-38.51937,-6.22264],[-38.52863,-6.23947],[-38.54551,-6.24503],[-38.55408,-6.263],[-38.5792,-6.27923],[-38.56568,-6.30219],[-38.58096,-6.31581],[-38.57673,-6.34703],[-38.56303,-6.35539],[-38.57277,-6.37452],[-38.59212,-6.37785],[-38.60093,-6.38994],[-38.57294,-6.40337],[-38.52978,-6.39298],[-38.52418,-6.40669],[-38.55161,-6.43036],[-38.56948,-6.45448],[-38.57007,-6.4698],[-38.59463,-6.50004],[-38.61195,-6.51279],[-38.61018,-6.53189],[-38.64251,-6.58078],[-38.62882,-6.60418],[-38.64632,-6.61558],[-38.65674,-6.64189],[-38.64662,-6.65381],[-38.67281,-6.69682],[-38.65563,-6.72984],[-38.65086,-6.75987],[-38.61359,-6.78204],[-38.61707,-6.79358],[-38.64229,-6.78996],[-38.63512,-6.80422],[-38.6481,-6.80698],[-38.67728,-6.83354],[-38.67507,-6.86143],[-38.71367,-6.88575],[-38.76487,-6.91051],[-38.7549,-6.93872],[-38.76198,-6.95356],[-38.74191,-6.97388],[-38.75065,-6.99691],[-38.73024,-7.01162],[-38.6911,-7.02874],[-38.68946,-7.03983],[-38.66951,-7.0473],[-38.6769,-7.0667],[-38.65681,-7.09386],[-38.67754,-7.13227],[-38.67624,-7.1688],[-38.68749,-7.18976],[-38.64386,-7.18336],[-38.62446,-7.19092],[-38.61503,-7.22978],[-38.5827,-7.24796],[-38.55659,-7.23928],[-38.55176,-7.26316],[-38.5418,-7.2655],[-38.53425,-7.29339],[-38.55001,-7.31506],[-38.54904,-7.33459],[-38.57614,-7.3762],[-38.59529,-7.41517],[-38.58416,-7.41595],[-38.58496,-7.43441],[-38.60546,-7.44417],[-38.60299,-7.45719],[-38.64458,-7.45961],[-38.63056,-7.48692],[-38.64565,-7.50152],[-38.65615,-7.54579],[-38.65498,-7.56514],[-38.68572,-7.58079],[-38.71068,-7.58623],[-38.71477,-7.62151],[-38.73525,-7.63372]]]}},{"type":"Feature","properties":{"id":"89","phone_code":"89","phone_code_1_digit":"8"},"geometry":{"type":"Polygon","coordinates":[[[-43.91439,-10.38373],[-43.91708,-10.42472],[-43.95911,-10.42627],[-44.0073,-10.40492],[-44.02293,-10.40765],[-44.03536,-10.44429],[-44.02544,-10.47505],[-44.05061,-10.50582],[-44.07242,-10.58063],[-44.11022,-10.59677],[-44.12789,-10.63106],[-44.15944,-10.64373],[-44.20824,-10.6149],[-44.24105,-10.62691],[-44.26361,-10.62425],[-44.2825,-10.60667],[-44.31414,-10.55694],[-44.34397,-10.54924],[-44.39847,-10.60588],[-44.42324,-10.61284],[-44.44327,-10.60622],[-44.46323,-10.61483],[-44.47633,-10.63888],[-44.50411,-10.65032],[-44.52186,-10.64938],[-44.55067,-10.62816],[-44.58911,-10.632],[-44.60666,-10.65918],[-44.62966,-10.6762],[-44.6638,-10.67943],[-44.66918,-10.69164],[-44.66091,-10.73227],[-44.66728,-10.75963],[-44.68474,-10.76864],[-44.71141,-10.76076],[-44.75704,-10.78724],[-44.75852,-10.80442],[-44.78765,-10.8081],[-44.80991,-10.84616],[-44.80804,-10.86459],[-44.84389,-10.89961],[-44.85462,-10.88407],[-44.88402,-10.90189],[-44.89703,-10.90252],[-44.93081,-10.92833],[-44.99463,-10.88347],[-45.01619,-10.88418],[-45.03028,-10.86623],[-45.07283,-10.84],[-45.10489,-10.8464],[-45.11611,-10.84035],[-45.15338,-10.83866],[-45.21516,-10.8298],[-45.21881,-10.81695],[-45.24624,-10.82189],[-45.25703,-10.81142],[-45.26805,-10.77581],[-45.28897,-10.7652],[-45.32196,-10.75984],[-45.35781,-10.73179],[-45.37097,-10.67284],[-45.3848,-10.65121],[-45.41404,-10.6447],[-45.43544,-10.62231],[-45.43638,-10.57635],[-45.44692,-10.55592],[-45.43776,-10.5251],[-45.44684,-10.507],[-45.40344,-10.46682],[-45.39602,-10.44648],[-45.42408,-10.42607],[-45.42952,-10.40349],[-45.42536,-10.36986],[-45.48424,-10.30448],[-45.51555,-10.28677],[-45.52194,-10.27624],[-45.52577,-10.23651],[-45.55616,-10.21648],[-45.57043,-10.18432],[-45.56704,-10.1391],[-45.58134,-10.1195],[-45.60276,-10.10757],[-45.64835,-10.12692],[-45.66889,-10.14495],[-45.70346,-10.15657],[-45.72246,-10.1549],[-45.73458,-10.17175],[-45.72641,-10.20668],[-45.74361,-10.23954],[-45.79333,-10.26725],[-45.8428,-10.25884],[-45.87744,-10.23892],[-45.94597,-10.25809],[-45.95488,-10.21802],[-45.9452,-10.19603],[-45.93077,-10.19041],[-45.92385,-10.17074],[-45.89961,-10.15235],[-45.89733,-10.13615],[-45.87813,-10.10988],[-45.86952,-10.06888],[-45.87978,-10.05818],[-45.8658,-10.00809],[-45.8544,-9.99592],[-45.84187,-9.94114],[-45.85763,-9.9071],[-45.86401,-9.86105],[-45.85101,-9.8384],[-45.84838,-9.81705],[-45.82806,-9.79129],[-45.81994,-9.73971],[-45.8376,-9.69604],[-45.82875,-9.67972],[-45.8323,-9.6528],[-45.81912,-9.62455],[-45.83617,-9.60187],[-45.83286,-9.58748],[-45.84101,-9.56189],[-45.82697,-9.54553],[-45.83153,-9.53638],[-45.79618,-9.4871],[-45.78341,-9.47969],[-45.80038,-9.43562],[-45.79743,-9.41684],[-45.82375,-9.37453],[-45.84672,-9.35596],[-45.8628,-9.35874],[-45.89326,-9.34177],[-45.89052,-9.33112],[-45.90665,-9.2976],[-45.89668,-9.28997],[-45.90308,-9.26804],[-45.89619,-9.23493],[-45.90524,-9.19076],[-45.89666,-9.18611],[-45.91291,-9.16714],[-45.92766,-9.13751],[-45.92892,-9.06932],[-45.94,-9.05576],[-45.93538,-9.03876],[-45.94305,-9.0149],[-45.95871,-9.00133],[-45.96819,-8.9763],[-45.98379,-8.96214],[-45.99388,-8.92646],[-45.97926,-8.90242],[-45.98257,-8.88964],[-45.9672,-8.87548],[-45.97113,-8.862],[-45.94494,-8.83106],[-45.95825,-8.82577],[-45.95309,-8.80687],[-45.93459,-8.7787],[-45.90721,-8.75826],[-45.8912,-8.76238],[-45.88893,-8.73925],[-45.86291,-8.7294],[-45.8642,-8.71547],[-45.83953,-8.71487],[-45.82056,-8.66522],[-45.81513,-8.63282],[-45.79706,-8.61263],[-45.77772,-8.61741],[-45.76522,-8.60917],[-45.79353,-8.59201],[-45.771,-8.57352],[-45.75341,-8.54054],[-45.75642,-8.52734],[-45.73805,-8.50077],[-45.74212,-8.44755],[-45.72814,-8.42945],[-45.72116,-8.39398],[-45.69993,-8.38092],[-45.6902,-8.36079],[-45.67615,-8.30404],[-45.66415,-8.28807],[-45.66114,-8.24962],[-45.60773,-8.20455],[-45.61245,-8.19427],[-45.58106,-8.15564],[-45.58618,-8.13617],[-45.5747,-8.11355],[-45.58436,-8.09984],[-45.56824,-8.07417],[-45.56102,-8.0475],[-45.57588,-8.02869],[-45.55077,-8.00765],[-45.56667,-7.99672],[-45.54467,-7.96031],[-45.55574,-7.95392],[-45.52379,-7.90802],[-45.54261,-7.8973],[-45.52043,-7.88767],[-45.53996,-7.8643],[-45.52456,-7.85653],[-45.5105,-7.80199],[-45.48429,-7.76325],[-45.48649,-7.72862],[-45.46817,-7.7137],[-45.4685,-7.68873],[-45.43828,-7.67699],[-45.41527,-7.64472],[-45.39862,-7.63964],[-45.39432,-7.61411],[-45.37323,-7.61838],[-45.34285,-7.59308],[-45.33936,-7.57984],[-45.29813,-7.57442],[-45.28465,-7.56594],[-45.26096,-7.57045],[-45.23085,-7.54861],[-45.21736,-7.56754],[-45.20387,-7.55138],[-45.18318,-7.54298],[-45.15567,-7.51304],[-45.13944,-7.52098],[-45.08471,-7.5021],[-45.04678,-7.51218],[-45.01819,-7.49516],[-45.004,-7.49635],[-44.98839,-7.48193],[-44.92404,-7.46989],[-44.90099,-7.42563],[-44.86854,-7.42189],[-44.84808,-7.38594],[-44.82208,-7.37679],[-44.81633,-7.3608],[-44.78055,-7.37782],[-44.74277,-7.36137],[-44.72949,-7.39064],[-44.71181,-7.39748],[-44.68757,-7.39413],[-44.6786,-7.35854],[-44.66295,-7.33141],[-44.63987,-7.31445],[-44.61682,-7.30825],[-44.57935,-7.25721],[-44.56384,-7.22716],[-44.52464,-7.22043],[-44.51428,-7.19596],[-44.46367,-7.16126],[-44.4373,-7.15533],[-44.41182,-7.13519],[-44.37964,-7.11862],[-44.36342,-7.1209],[-44.33265,-7.10833],[-44.3058,-7.11677],[-44.27406,-7.0706],[-44.27925,-7.04186],[-44.26394,-7.01701],[-44.26158,-6.99833],[-44.2355,-6.99834],[-44.20747,-6.96617],[-44.20103,-6.93212],[-44.17314,-6.92394],[-44.1741,-6.89315],[-44.1605,-6.8724],[-44.13877,-6.86371],[-44.1195,-6.83239],[-44.104,-6.85615],[-44.09831,-6.83955],[-44.11591,-6.81455],[-44.11393,-6.80466],[-44.08847,-6.8029],[-44.07659,-6.82073],[-44.05866,-6.80804],[-44.05297,-6.76791],[-44.03299,-6.76001],[-43.98734,-6.75688],[-43.96081,-6.7415],[-43.9447,-6.76511],[-43.92736,-6.77005],[-43.9134,-6.75227],[-43.87952,-6.75739],[-43.85336,-6.73521],[-43.81973,-6.72688],[-43.79363,-6.70233],[-43.77445,-6.71454],[-43.76034,-6.70204],[-43.72832,-6.70441],[-43.70677,-6.69942],[-43.69815,-6.70916],[-43.67233,-6.70587],[-43.63712,-6.71917],[-43.6212,-6.73461],[-43.58398,-6.75709],[-43.56022,-6.74961],[-43.54032,-6.78835],[-43.49589,-6.8071],[-43.48156,-6.8347],[-43.45444,-6.84581],[-43.44397,-6.83821],[-43.41964,-6.84344],[-43.39119,-6.83396],[-43.38748,-6.81726],[-43.3637,-6.81891],[-43.34859,-6.79768],[-43.30694,-6.80048],[-43.27833,-6.79622],[-43.2443,-6.76596],[-43.20351,-6.76388],[-43.16834,-6.76934],[-43.15228,-6.78238],[-43.10472,-6.77035],[-43.08172,-6.74768],[-43.03301,-6.76226],[-42.99097,-6.74504],[-42.97906,-6.71926],[-42.94933,-6.70449],[-42.91939,-6.66991],[-42.915,-6.64567],[-42.89545,-6.65651],[-42.85655,-6.66188],[-42.84106,-6.70524],[-42.79073,-6.5214],[-42.65275,-6.50447],[-42.59289,-6.49016],[-42.58195,-6.51882],[-42.35428,-6.51795],[-42.28927,-6.39154],[-42.27265,-6.3113],[-42.26692,-6.32928],[-42.13959,-6.37987],[-42.14536,-6.44058],[-42.12834,-6.45162],[-42.13008,-6.43188],[-42.10042,-6.43438],[-42.09284,-6.45681],[-42.05937,-6.38524],[-42.02951,-6.29842],[-42.02056,-6.2842],[-42.04597,-6.28379],[-42.04392,-6.26821],[-42.02235,-6.24898],[-42.02772,-6.2424],[-42.02217,-6.20685],[-42.03481,-6.20343],[-42.04791,-6.17296],[-42.04162,-6.1562],[-42.05532,-6.11281],[-42.03635,-6.11233],[-42.06026,-6.05183],[-41.99296,-6.04747],[-41.96611,-6.03814],[-41.96604,-5.92777],[-41.97338,-5.91513],[-41.98554,-5.92626],[-42.01223,-5.90365],[-42.03937,-5.89975],[-42.05158,-5.84863],[-42.0693,-5.83395],[-42.05377,-5.79856],[-42.06181,-5.78743],[-42.09349,-5.77643],[-42.10531,-5.7422],[-42.05067,-5.75134],[-42.02109,-5.76773],[-42.00635,-5.75997],[-41.9805,-5.77504],[-41.97714,-5.79619],[-41.94338,-5.80605],[-41.90094,-5.80162],[-41.88008,-5.81829],[-41.812,-5.81542],[-41.78422,-5.79527],[-41.77699,-5.80416],[-41.74229,-5.78835],[-41.71775,-5.78828],[-41.65567,-5.93545],[-41.67789,-6.03247],[-41.63965,-6.07254],[-41.59511,-6.09116],[-41.49975,-6.11255],[-41.50878,-6.14943],[-41.41603,-6.1282],[-41.3677,-6.14671],[-41.36284,-6.17712],[-41.318,-6.15824],[-41.33011,-6.13272],[-41.25872,-6.11005],[-40.90594,-6.04612],[-40.87248,-6.05623],[-40.84654,-6.1317],[-40.85263,-6.1691],[-40.84686,-6.20262],[-40.85185,-6.22383],[-40.82321,-6.25787],[-40.81013,-6.28667],[-40.78714,-6.30386],[-40.77934,-6.3439],[-40.80479,-6.39274],[-40.79572,-6.42779],[-40.79622,-6.47031],[-40.7873,-6.52338],[-40.74548,-6.56515],[-40.73605,-6.59981],[-40.72164,-6.61728],[-40.73188,-6.65482],[-40.70015,-6.67696],[-40.65094,-6.67779],[-40.61787,-6.7087],[-40.60184,-6.71561],[-40.56141,-6.71997],[-40.51702,-6.7301],[-40.47656,-6.73243],[-40.45845,-6.75668],[-40.45166,-6.78338],[-40.4318,-6.81258],[-40.41647,-6.81213],[-40.38842,-6.7966],[-40.37015,-6.80267],[-40.38675,-6.82968],[-40.41039,-6.85518],[-40.42815,-6.86385],[-40.43359,-6.90174],[-40.42465,-6.93487],[-40.42894,-6.99423],[-40.40588,-7.00493],[-40.43713,-7.01507],[-40.42735,-7.03348],[-40.48937,-7.11829],[-40.484,-7.1328],[-40.51035,-7.22656],[-40.51517,-7.26943],[-40.51181,-7.3014],[-40.54114,-7.33187],[-40.5481,-7.39229],[-40.65195,-7.43294],[-40.65863,-7.44661],[-40.70225,-7.45791],[-40.71452,-7.48914],[-40.69371,-7.53831],[-40.644,-7.60376],[-40.64664,-7.64438],[-40.67797,-7.72509],[-40.6732,-7.76127],[-40.65337,-7.78179],[-40.62827,-7.79216],[-40.56804,-7.80835],[-40.54169,-7.83807],[-40.53757,-7.86879],[-40.54328,-7.95802],[-40.59839,-8.08045],[-40.6035,-8.10328],[-40.58942,-8.13755],[-40.60095,-8.14976],[-40.63317,-8.13864],[-40.6432,-8.15713],[-40.66622,-8.16187],[-40.66866,-8.17707],[-40.70022,-8.2022],[-40.70689,-8.22308],[-40.7365,-8.22782],[-40.74414,-8.23966],[-40.78319,-8.25502],[-40.77951,-8.30152],[-40.79199,-8.31872],[-40.81914,-8.3215],[-40.81895,-8.36195],[-40.83703,-8.38072],[-40.85822,-8.3792],[-40.87074,-8.35807],[-40.8931,-8.3569],[-40.8895,-8.38634],[-40.90724,-8.39858],[-40.90116,-8.42122],[-40.92648,-8.44593],[-40.95672,-8.42306],[-40.98101,-8.39752],[-41.0003,-8.40031],[-41.00701,-8.42052],[-41.03862,-8.43142],[-41.04755,-8.44832],[-41.05073,-8.48006],[-41.07855,-8.47209],[-41.09452,-8.517],[-41.12636,-8.54154],[-41.14912,-8.53351],[-41.16895,-8.5832],[-41.17953,-8.59286],[-41.21191,-8.60141],[-41.20617,-8.63288],[-41.21467,-8.64483],[-41.23341,-8.6472],[-41.25347,-8.66176],[-41.28706,-8.66043],[-41.30757,-8.69017],[-41.33654,-8.70794],[-41.35796,-8.70721],[-41.38088,-8.70686],[-41.39628,-8.72924],[-41.42389,-8.80214],[-41.43156,-8.79668],[-41.47181,-8.8427],[-41.48746,-8.84349],[-41.51019,-8.87581],[-41.50706,-8.89203],[-41.52127,-8.90145],[-41.53097,-8.92729],[-41.54447,-8.93754],[-41.54542,-8.96126],[-41.56489,-8.96991],[-41.56968,-8.95461],[-41.60541,-8.95699],[-41.62862,-8.98448],[-41.66902,-8.98967],[-41.68007,-9.01187],[-41.72322,-9.01313],[-41.73264,-9.04603],[-41.7348,-9.09428],[-41.79969,-9.14761],[-41.79975,-9.16475],[-41.81949,-9.18859],[-41.83758,-9.24186],[-41.87014,-9.23701],[-41.88455,-9.25305],[-41.90202,-9.25848],[-41.92439,-9.27738],[-41.95791,-9.26166],[-41.97188,-9.24822],[-41.99952,-9.26556],[-42.02155,-9.24934],[-42.03461,-9.25572],[-42.0662,-9.25557],[-42.0991,-9.28047],[-42.14157,-9.28771],[-42.17911,-9.28485],[-42.20605,-9.29237],[-42.22567,-9.28288],[-42.24327,-9.28844],[-42.2692,-9.30923],[-42.31801,-9.31835],[-42.32549,-9.33299],[-42.35472,-9.34946],[-42.36376,-9.38122],[-42.3985,-9.39667],[-42.4226,-9.41328],[-42.42789,-9.43937],[-42.45138,-9.46169],[-42.48868,-9.46162],[-42.4927,-9.49448],[-42.52188,-9.50261],[-42.54877,-9.49546],[-42.56879,-9.50134],[-42.58609,-9.49636],[-42.62133,-9.54092],[-42.65422,-9.54098],[-42.67345,-9.54845],[-42.72047,-9.53089],[-42.7165,-9.55586],[-42.74181,-9.58165],[-42.75736,-9.58886],[-42.76478,-9.61633],[-42.7994,-9.62209],[-42.82016,-9.61881],[-42.82939,-9.58085],[-42.8296,-9.55807],[-42.84758,-9.54924],[-42.87291,-9.56345],[-42.90613,-9.52503],[-42.92805,-9.52683],[-42.94586,-9.518],[-42.96175,-9.4694],[-42.95597,-9.43822],[-42.96986,-9.4091],[-42.98673,-9.40127],[-43.05418,-9.41488],[-43.05892,-9.39654],[-43.07415,-9.39927],[-43.11923,-9.37148],[-43.13277,-9.38686],[-43.15823,-9.37662],[-43.17353,-9.41081],[-43.1913,-9.42002],[-43.2061,-9.40171],[-43.28472,-9.41961],[-43.2952,-9.39856],[-43.31461,-9.38896],[-43.33568,-9.3682],[-43.35316,-9.36854],[-43.37603,-9.34849],[-43.39884,-9.30776],[-43.42743,-9.27217],[-43.45831,-9.26093],[-43.48506,-9.26487],[-43.52516,-9.29963],[-43.57243,-9.31583],[-43.62419,-9.37325],[-43.68536,-9.41738],[-43.75102,-9.43366],[-43.78578,-9.45723],[-43.79905,-9.47924],[-43.81803,-9.49383],[-43.84929,-9.54764],[-43.85218,-9.56172],[-43.84115,-9.58563],[-43.84225,-9.61225],[-43.83358,-9.61751],[-43.84155,-9.63701],[-43.82642,-9.64914],[-43.79616,-9.69823],[-43.79726,-9.72725],[-43.78452,-9.76197],[-43.76117,-9.77746],[-43.72103,-9.79294],[-43.71742,-9.802],[-43.69306,-9.80484],[-43.66445,-9.82324],[-43.65285,-9.83864],[-43.67705,-9.88611],[-43.69422,-9.89083],[-43.70864,-9.9128],[-43.68917,-9.93865],[-43.70255,-9.96569],[-43.66563,-9.98981],[-43.66188,-10.00393],[-43.66908,-10.03034],[-43.68988,-10.04422],[-43.69252,-10.07698],[-43.72953,-10.07184],[-43.75883,-10.07419],[-43.77271,-10.09837],[-43.76626,-10.13073],[-43.77869,-10.18005],[-43.79747,-10.20845],[-43.83403,-10.24527],[-43.83789,-10.30421],[-43.88431,-10.3436],[-43.91439,-10.38373]]]}},{"type":"Feature","properties":{"id":"91","phone_code":"91","phone_code_1_digit":"9"},"geometry":{"type":"MultiPolygon","coordinates":[[[[-46.60648,-0.85328],[-46.60132,-0.85937],[-46.60818,-0.85888],[-46.60648,-0.85328]]],[[[-46.60609,-0.8252],[-46.60094,-0.83129],[-46.60779,-0.83079],[-46.60609,-0.8252]]],[[[-47.01684,-0.71314],[-47.01878,-0.71755],[-47.02179,-0.71544],[-47.01684,-0.71314]]],[[[-47.04154,-0.71763],[-47.03223,-0.71797],[-47.04298,-0.722],[-47.04154,-0.71763]]],[[[-47.83306,-0.65375],[-47.83693,-0.66639],[-47.84126,-0.65767],[-47.83306,-0.65375]]],[[[-47.00504,-0.70033],[-47.0335,-0.70793],[-47.03425,-0.69183],[-47.00504,-0.70033]]],[[[-47.03776,-3.60513],[-47.05192,-3.63502],[-47.04847,-3.66827],[-47.05411,-3.68463],[-47.04586,-3.70507],[-47.05993,-3.72993],[-47.05296,-3.74618],[-47.06486,-3.75899],[-47.06282,-3.79851],[-47.08833,-3.86121],[-47.10144,-3.86097],[-47.10621,-3.88057],[-47.13212,-3.87828],[-47.13202,-3.8992],[-47.14829,-3.89653],[-47.14808,-3.91412],[-47.1725,-3.92384],[-47.16884,-3.94306],[-47.18331,-3.94727],[-47.17801,-3.96052],[-47.18821,-3.97984],[-47.21956,-3.9878],[-47.22223,-4.00093],[-47.23851,-3.99826],[-47.24425,-4.01187],[-47.28496,-4.03581],[-47.30464,-4.05845],[-47.319,-4.0474],[-47.33273,-4.07588],[-47.33098,-4.09105],[-47.34673,-4.10831],[-47.38461,-4.11043],[-47.41689,-4.13999],[-47.46342,-4.15526],[-47.50503,-4.13797],[-47.56867,-4.0925],[-47.67898,-4.06823],[-47.696,-4.03989],[-47.72078,-4.0288],[-47.75507,-4.03815],[-47.78265,-4.05981],[-47.82098,-4.05487],[-47.87003,-4.03587],[-47.88051,-4.01951],[-47.89895,-4.01295],[-47.89362,-3.99577],[-47.91503,-3.9693],[-47.9376,-3.95102],[-47.9554,-3.94611],[-47.96628,-3.91898],[-47.98198,-3.90877],[-47.98026,-3.88791],[-47.99073,-3.85667],[-48.01436,-3.82617],[-48.10434,-3.78845],[-48.14453,-3.8007],[-48.2067,-3.80232],[-48.23244,-3.78787],[-48.2432,-3.79652],[-48.26842,-3.79476],[-48.28945,-3.81351],[-48.3189,-3.80874],[-48.34056,-3.83158],[-48.35203,-3.82228],[-48.38586,-3.82495],[-48.38831,-3.83693],[-48.40142,-3.81929],[-48.4187,-3.8218],[-48.45788,-3.80404],[-48.48104,-3.81949],[-48.51297,-3.81563],[-48.51611,-3.80783],[-48.55195,-3.80357],[-48.58112,-3.80867],[-48.62164,-3.77656],[-48.64151,-3.77244],[-48.68695,-3.75037],[-48.70925,-3.75494],[-48.70056,-3.74048],[-48.72439,-3.73749],[-48.73047,-3.72259],[-48.78375,-3.72046],[-48.7812,-3.71269],[-48.82048,-3.7111],[-48.81922,-3.68734],[-48.83711,-3.68965],[-48.83906,-3.67614],[-48.86506,-3.67588],[-48.87053,-3.66099],[-48.8602,-3.64777],[-48.88592,-3.64707],[-48.88978,-3.63626],[-48.87231,-3.62706],[-48.88222,-3.61815],[-48.88655,-3.59383],[-48.86953,-3.58345],[-48.88346,-3.56758],[-48.89772,-3.57482],[-48.91723,-3.56645],[-48.9454,-3.56737],[-48.96792,-3.54556],[-49.03546,-3.53789],[-49.02437,-3.5108],[-48.97361,-3.45688],[-48.9273,-3.43266],[-48.92518,-3.41257],[-49.16589,-3.41287],[-49.47211,-3.41488],[-49.59041,-3.41475],[-49.60981,-3.42653],[-49.60859,-3.47264],[-49.59717,-3.51274],[-49.61072,-3.52042],[-49.65686,-3.52889],[-49.66864,-3.5542],[-49.67192,-3.58272],[-49.685,-3.5913],[-49.72641,-3.59911],[-49.74697,-3.59386],[-49.77044,-3.61978],[-49.83004,-3.63245],[-49.84355,-3.64567],[-49.8605,-3.64512],[-49.87489,-3.66538],[-49.90906,-3.65993],[-49.9537,-3.67318],[-49.96509,-3.66058],[-49.96786,-3.6832],[-49.98945,-3.69163],[-49.99756,-3.7134],[-49.9885,-3.74123],[-49.95708,-3.79104],[-49.97264,-3.79708],[-49.96692,-3.82412],[-49.98222,-3.84763],[-50.01225,-3.85903],[-50.00523,-3.88404],[-50.02039,-3.90639],[-50.05534,-3.92159],[-50.07056,-3.96022],[-50.09386,-3.96074],[-50.12303,-3.98749],[-50.13036,-4.02699],[-50.10683,-4.03116],[-50.11689,-4.05174],[-50.09822,-4.06005],[-50.10806,-4.0776],[-50.44607,-3.97904],[-50.881,-3.8532],[-50.67374,-4.2068],[-50.71525,-4.24172],[-50.76936,-4.25334],[-50.81797,-4.29457],[-50.8665,-4.28631],[-50.89403,-4.28693],[-50.9185,-4.27207],[-50.96522,-4.26595],[-50.97328,-4.25494],[-50.99326,-4.27093],[-50.98169,-4.28991],[-50.98481,-4.33183],[-50.99453,-4.36031],[-50.97803,-4.36135],[-50.97339,-4.38461],[-50.95389,-4.37234],[-50.92953,-4.38772],[-50.91758,-4.40555],[-50.90001,-4.41197],[-50.89611,-4.42981],[-50.87933,-4.44715],[-50.88536,-4.46581],[-50.90273,-4.47014],[-50.90628,-4.4955],[-50.88953,-4.49999],[-50.90089,-4.51696],[-50.89828,-4.54395],[-50.90442,-4.56205],[-50.89417,-4.58157],[-50.91966,-4.6256],[-50.91684,-4.65601],[-50.90506,-4.68738],[-50.92995,-4.68357],[-50.9322,-4.71334],[-50.92312,-4.71174],[-50.90631,-4.73142],[-50.91608,-4.74932],[-50.9472,-4.75479],[-50.92583,-4.77831],[-50.93361,-4.79072],[-50.92023,-4.8165],[-50.92339,-4.82897],[-50.91183,-4.86432],[-50.89286,-4.87531],[-50.87958,-4.86086],[-50.858,-4.86848],[-50.85928,-4.89959],[-50.8467,-4.90902],[-50.8548,-4.94061],[-50.85075,-4.95549],[-50.86908,-4.98487],[-50.85958,-5.00001],[-50.87778,-5.03701],[-50.88822,-5.04307],[-50.88411,-5.0628],[-50.90153,-5.09168],[-50.89486,-5.1123],[-50.91127,-5.11859],[-50.92975,-5.15019],[-51.44737,-5.14984],[-52.00912,-5.15148],[-52.05062,-5.15102],[-52.07822,-5.12779],[-52.07237,-5.09627],[-52.05528,-5.06453],[-52.05978,-5.04893],[-52.04036,-5.00911],[-52.05303,-5.0098],[-52.06389,-4.98755],[-52.05827,-4.96955],[-52.06775,-4.94658],[-52.06942,-4.90942],[-52.08208,-4.91062],[-52.11542,-4.89233],[-52.10441,-4.86842],[-52.09366,-4.82653],[-52.08406,-4.80886],[-52.09197,-4.79182],[-52.08376,-4.77193],[-52.08716,-4.74826],[-52.07519,-4.69372],[-52.08097,-4.68012],[-52.05188,-4.65438],[-52.04981,-4.63621],[-52.00338,-4.62021],[-51.96836,-4.58239],[-51.95817,-4.58039],[-51.94519,-4.54473],[-51.92397,-4.5104],[-51.90397,-4.49278],[-51.89851,-4.47677],[-51.88014,-4.46085],[-51.87764,-4.43404],[-51.8632,-4.4281],[-51.83194,-4.43416],[-51.77234,-4.47349],[-51.74103,-4.45529],[-51.71747,-4.45485],[-51.69153,-4.42957],[-51.67358,-4.42592],[-51.66184,-4.40847],[-51.67156,-4.37003],[-51.7007,-4.37167],[-51.70431,-4.32805],[-51.74031,-4.33657],[-51.75072,-4.32356],[-51.77308,-4.32705],[-51.78564,-4.34653],[-51.80056,-4.3357],[-51.80911,-4.3106],[-51.80725,-4.28716],[-51.82178,-4.29695],[-51.83286,-4.28534],[-51.82859,-4.25151],[-51.81622,-4.23246],[-51.85119,-4.21129],[-51.85638,-4.22614],[-51.87503,-4.23643],[-51.8922,-4.27699],[-51.9202,-4.26497],[-51.91544,-4.25258],[-51.94239,-4.19883],[-51.96519,-4.2024],[-51.983,-4.18468],[-52.00969,-4.17684],[-52.012,-4.15102],[-52.03442,-4.15485],[-52.03819,-4.13904],[-52.05653,-4.12404],[-52.05858,-4.09051],[-52.07614,-4.06509],[-52.12201,-4.06555],[-52.13178,-4.08951],[-52.15592,-4.0809],[-52.16348,-4.05967],[-52.1904,-4.04904],[-52.22761,-4.04607],[-52.24709,-4.03424],[-52.27633,-4.03161],[-52.2969,-4.01695],[-52.32809,-4.0109],[-52.35251,-3.99526],[-52.32774,-3.97919],[-52.29267,-3.97317],[-52.27771,-3.95158],[-52.28657,-3.90736],[-52.27811,-3.9015],[-52.27898,-3.8775],[-52.29816,-3.8476],[-52.28844,-3.83553],[-52.29611,-3.80812],[-52.30216,-3.75009],[-52.29233,-3.72968],[-52.26429,-3.71986],[-52.25705,-3.70358],[-52.22337,-3.69969],[-52.21188,-3.67996],[-52.20602,-3.6449],[-52.19131,-3.63396],[-52.18519,-3.59943],[-52.16766,-3.56359],[-52.14046,-3.56307],[-52.09622,-3.54924],[-52.08616,-3.53283],[-52.06793,-3.53395],[-52.03577,-3.49718],[-51.97913,-3.49919],[-51.95192,-3.47187],[-51.94114,-3.49264],[-51.94639,-3.51629],[-51.93334,-3.56182],[-51.9035,-3.59019],[-51.8785,-3.58132],[-51.88292,-3.56457],[-51.85203,-3.54873],[-51.8387,-3.5337],[-51.82472,-3.53346],[-51.80252,-3.50235],[-51.79547,-3.48346],[-51.76762,-3.48789],[-51.75897,-3.47968],[-51.72252,-3.48669],[-51.71222,-3.46601],[-51.74081,-3.42692],[-51.75175,-3.39226],[-51.73947,-3.37305],[-51.73711,-3.35126],[-51.76675,-3.33514],[-51.73634,-3.32176],[-51.70845,-3.28089],[-51.71509,-3.26911],[-51.68944,-3.24058],[-51.66989,-3.25641],[-51.63085,-3.25203],[-51.60916,-3.15059],[-51.68428,-3.15664],[-51.6699,-3.13199],[-51.71808,-3.1253],[-51.72381,-3.11021],[-51.74313,-3.1031],[-51.78148,-3.11666],[-51.8017,-3.09753],[-51.8237,-3.08879],[-51.83062,-3.05593],[-51.85288,-3.04388],[-51.848,-3.02089],[-51.87292,-2.99014],[-51.89044,-2.95091],[-51.91345,-2.91876],[-51.93389,-2.90015],[-51.94419,-2.88002],[-51.99607,-2.86422],[-52.03458,-2.80137],[-52.05833,-2.77479],[-52.06453,-2.73748],[-52.05447,-2.68588],[-52.02889,-2.66291],[-52.00197,-2.63023],[-51.98836,-2.5753],[-51.97827,-2.55247],[-51.94863,-2.51481],[-51.91928,-2.4928],[-51.89425,-2.52339],[-51.854,-2.55211],[-51.84792,-2.50805],[-51.85753,-2.48233],[-51.87489,-2.4575],[-51.88131,-2.43229],[-51.86117,-2.38648],[-51.8772,-2.35297],[-51.92009,-2.33119],[-51.92461,-2.32298],[-51.92199,-2.27856],[-51.93916,-2.25673],[-51.93917,-2.10738],[-51.91589,-2.07388],[-51.90539,-2.00309],[-51.88614,-1.97424],[-51.87419,-1.94421],[-51.88189,-1.92605],[-51.91112,-1.91694],[-51.94275,-1.88962],[-51.96289,-1.88053],[-51.96695,-1.85373],[-51.96307,-1.82522],[-51.978,-1.80306],[-51.98959,-1.74262],[-51.98561,-1.70063],[-51.96323,-1.67509],[-51.95158,-1.64623],[-51.96957,-1.60991],[-51.95945,-1.58912],[-51.99308,-1.59852],[-52.02475,-1.59629],[-52.09199,-1.60652],[-52.13881,-1.60784],[-52.20121,-1.60306],[-52.21033,-1.59702],[-52.23697,-1.55165],[-52.25142,-1.50371],[-52.22978,-1.48567],[-52.11111,-1.46979],[-52.06136,-1.44934],[-51.99066,-1.43474],[-51.95536,-1.40561],[-51.90398,-1.34518],[-51.89047,-1.30912],[-51.88687,-1.27187],[-51.85967,-1.23976],[-51.81586,-1.21682],[-51.79025,-1.19826],[-51.78253,-1.18351],[-51.77795,-1.14006],[-51.77892,-1.13724],[-51.69997,-1.06286],[-51.68773,-1.0389],[-51.69514,-0.92437],[-51.69003,-0.89216],[-51.68775,-0.82285],[-51.68313,-0.79709],[-51.66855,-0.76846],[-51.59508,-0.65009],[-51.50263,-0.55562],[-51.48625,-0.54526],[-51.45734,-0.51288],[-51.43203,-0.47299],[-51.42027,-0.42864],[-51.36205,-0.36776],[-51.34733,-0.29927],[-51.32636,-0.26713],[-51.30165,-0.25135],[-51.28914,-0.22773],[-51.216,-0.11827],[-51.17453,-0.10419],[-51.11803,-0.09719],[-51.06531,-0.07588],[-51.00703,0.0],[-50.99655,0.0038],[-50.97889,0.03775],[-50.92073,0.07648],[-50.78443,0.11246],[-50.76159,0.12132],[-50.66783,0.18538],[-50.62324,0.23212],[-50.58911,0.26019],[-50.5557,0.30706],[-50.52345,0.37273],[-50.50356,0.43543],[-50.47576,0.48184],[-50.46682,0.53126],[-50.4361,0.60045],[-50.40942,0.62368],[-50.34679,0.66719],[-50.31428,0.67833],[-50.24738,0.69224],[-50.15653,0.70552],[-50.09347,0.70243],[-50.09161,0.64752],[-50.05901,0.61676],[-50.04036,0.57388],[-50.03511,0.5092],[-50.04306,0.48649],[-50.05208,0.37261],[-50.06081,0.33877],[-50.01458,0.33361],[-49.96688,0.32095],[-49.95767,0.33162],[-49.94579,0.32158],[-49.90297,0.31135],[-49.83749,0.34002],[-49.82768,0.32672],[-49.81393,0.33422],[-49.78269,0.33594],[-49.76279,0.34942],[-49.75354,0.3325],[-49.73332,0.32707],[-49.74179,0.34986],[-49.67726,0.36632],[-49.61534,0.3134],[-49.60115,0.26699],[-49.56192,0.20332],[-49.51875,0.14344],[-49.48184,0.08746],[-49.45764,0.0653],[-49.43495,0.0681],[-49.41639,0.0529],[-49.39067,0.04621],[-49.38305,0.03301],[-49.39658,0.0161],[-49.36717,0.0],[-49.00782,-0.16006],[-48.99965,-0.18158],[-48.95405,-0.20615],[-48.91318,-0.23278],[-48.89631,-0.22296],[-48.84473,-0.21825],[-48.78456,-0.22326],[-48.77482,-0.24001],[-48.74548,-0.25034],[-48.70245,-0.25677],[-48.67631,-0.25328],[-48.63742,-0.2316],[-48.60611,-0.23036],[-48.50808,-0.24408],[-48.4723,-0.23148],[-48.41185,-0.25689],[-48.39241,-0.27678],[-48.38378,-0.30101],[-48.39008,-0.36292],[-48.43341,-0.40299],[-48.44413,-0.42457],[-48.45681,-0.47336],[-48.47219,-0.49872],[-48.00001,-0.66394],[-47.99798,-0.70135],[-47.98601,-0.70551],[-47.96223,-0.66244],[-47.96181,-0.63633],[-47.91912,-0.629],[-47.90215,-0.60225],[-47.90793,-0.58783],[-47.89718,-0.55246],[-47.86429,-0.55631],[-47.85509,-0.5852],[-47.84168,-0.5863],[-47.84748,-0.60116],[-47.84192,-0.62221],[-47.85342,-0.65178],[-47.87079,-0.6771],[-47.84834,-0.66694],[-47.84056,-0.67986],[-47.82361,-0.66614],[-47.81642,-0.63041],[-47.82459,-0.6134],[-47.80764,-0.57407],[-47.81451,-0.56074],[-47.80376,-0.54996],[-47.78723,-0.5655],[-47.8019,-0.58622],[-47.7744,-0.58012],[-47.76248,-0.6174],[-47.76815,-0.63664],[-47.75298,-0.62157],[-47.74904,-0.59365],[-47.76104,-0.56216],[-47.73795,-0.56384],[-47.71882,-0.53676],[-47.7035,-0.5349],[-47.68975,-0.57282],[-47.69833,-0.59274],[-47.68555,-0.59575],[-47.66231,-0.58016],[-47.64786,-0.58572],[-47.62679,-0.62583],[-47.63036,-0.65933],[-47.63967,-0.68889],[-47.62604,-0.70105],[-47.60881,-0.69702],[-47.58007,-0.6378],[-47.57903,-0.581],[-47.55947,-0.58718],[-47.52989,-0.6226],[-47.53657,-0.64466],[-47.52484,-0.65495],[-47.52615,-0.67255],[-47.51412,-0.67821],[-47.485,-0.73533],[-47.48771,-0.76465],[-47.46875,-0.76536],[-47.47105,-0.73152],[-47.46688,-0.70466],[-47.47578,-0.6575],[-47.47034,-0.63193],[-47.48161,-0.62111],[-47.46862,-0.59844],[-47.44392,-0.58887],[-47.41426,-0.59893],[-47.4275,-0.64182],[-47.40653,-0.6571],[-47.38772,-0.63399],[-47.36989,-0.63096],[-47.37986,-0.6081],[-47.35347,-0.60858],[-47.32208,-0.59382],[-47.28245,-0.60666],[-47.2928,-0.64545],[-47.25169,-0.64607],[-47.26167,-0.62606],[-47.21212,-0.63719],[-47.19903,-0.66462],[-47.21414,-0.6855],[-47.24084,-0.68408],[-47.24333,-0.7069],[-47.20114,-0.68912],[-47.18151,-0.66861],[-47.16062,-0.6674],[-47.1682,-0.69465],[-47.16548,-0.72831],[-47.17737,-0.74357],[-47.1697,-0.77616],[-47.1665,-0.74429],[-47.14956,-0.71442],[-47.13464,-0.70596],[-47.1409,-0.68739],[-47.12945,-0.68799],[-47.08828,-0.66229],[-47.08598,-0.67933],[-47.06826,-0.70417],[-47.0875,-0.71364],[-47.07253,-0.72329],[-47.07198,-0.77195],[-47.06267,-0.76574],[-47.05912,-0.70471],[-47.04951,-0.71117],[-47.0552,-0.73763],[-47.05445,-0.77505],[-47.06317,-0.8001],[-47.05051,-0.7933],[-47.02801,-0.8025],[-47.04887,-0.7786],[-47.04078,-0.76783],[-47.0444,-0.73312],[-47.02984,-0.74044],[-47.01845,-0.72394],[-46.98182,-0.70499],[-46.95729,-0.71305],[-46.96012,-0.75933],[-46.97962,-0.77701],[-46.95131,-0.787],[-46.94193,-0.83448],[-46.93217,-0.84598],[-46.95548,-0.86081],[-46.92004,-0.87814],[-46.91945,-0.85934],[-46.90582,-0.85777],[-46.91156,-0.8179],[-46.87937,-0.80585],[-46.88395,-0.7693],[-46.87237,-0.75763],[-46.85765,-0.76903],[-46.86176,-0.74488],[-46.84529,-0.73533],[-46.82921,-0.74879],[-46.83487,-0.76128],[-46.83124,-0.79219],[-46.84016,-0.82451],[-46.83535,-0.8343],[-46.85174,-0.84754],[-46.82554,-0.84058],[-46.81632,-0.82843],[-46.81112,-0.86766],[-46.80137,-0.86188],[-46.78201,-0.88562],[-46.79396,-0.84471],[-46.78318,-0.83366],[-46.76349,-0.84842],[-46.76596,-0.81713],[-46.74663,-0.82825],[-46.73277,-0.90165],[-46.7213,-0.88419],[-46.72849,-0.86335],[-46.72121,-0.82673],[-46.70327,-0.82129],[-46.68927,-0.8482],[-46.66579,-0.85659],[-46.67843,-0.84352],[-46.68532,-0.80648],[-46.66107,-0.81067],[-46.6719,-0.79711],[-46.65171,-0.78261],[-46.63958,-0.81091],[-46.62216,-0.81479],[-46.61016,-0.84934],[-46.62911,-0.84715],[-46.62344,-0.8607],[-46.63155,-0.88753],[-46.65194,-0.89327],[-46.63233,-0.91292],[-46.64732,-0.94267],[-46.6874,-0.96175],[-46.65538,-0.97006],[-46.60139,-0.95098],[-46.59705,-0.97053],[-46.58057,-0.97366],[-46.56059,-0.92802],[-46.55995,-0.90773],[-46.54214,-0.91729],[-46.54278,-0.95793],[-46.51786,-0.94502],[-46.5313,-0.93046],[-46.52078,-0.90537],[-46.50703,-0.89641],[-46.51061,-0.88391],[-46.4842,-0.87279],[-46.46642,-0.8948],[-46.44932,-0.86213],[-46.42662,-0.85756],[-46.41789,-0.87109],[-46.42289,-0.89113],[-46.43929,-0.90513],[-46.45634,-0.89932],[-46.47909,-0.92442],[-46.46525,-0.94251],[-46.49989,-0.97302],[-46.47045,-0.97052],[-46.46414,-0.99942],[-46.48628,-0.99998],[-46.47301,-1.01652],[-46.48267,-1.03736],[-46.46828,-1.05297],[-46.46084,-1.01717],[-46.42673,-1.0135],[-46.41251,-1.01943],[-46.41603,-1.04944],[-46.40623,-1.04371],[-46.40996,-1.01744],[-46.41884,-0.99607],[-46.39007,-0.98679],[-46.39242,-1.01678],[-46.3771,-1.03703],[-46.35748,-0.99818],[-46.34946,-0.99486],[-46.3364,-1.01542],[-46.33462,-1.04564],[-46.34854,-1.07228],[-46.33304,-1.06884],[-46.31941,-1.03976],[-46.32024,-1.0217],[-46.29677,-0.99337],[-46.27143,-0.99122],[-46.28671,-0.98231],[-46.27213,-0.96495],[-46.26783,-0.94268],[-46.24303,-0.92815],[-46.26933,-0.92872],[-46.26471,-0.91747],[-46.24132,-0.90619],[-46.22445,-0.90744],[-46.20425,-0.886],[-46.18681,-0.8983],[-46.18669,-0.93292],[-46.20972,-0.92981],[-46.22017,-0.95167],[-46.2023,-0.95016],[-46.2034,-0.96828],[-46.22125,-0.98937],[-46.2062,-1.03949],[-46.20864,-1.0583],[-46.22878,-1.07064],[-46.26139,-1.12273],[-46.25936,-1.13843],[-46.27658,-1.16878],[-46.25312,-1.14975],[-46.22956,-1.09484],[-46.19364,-1.06603],[-46.18609,-1.04836],[-46.18659,-1.01714],[-46.17118,-0.99248],[-46.15526,-1.00316],[-46.1557,-1.04935],[-46.17186,-1.07117],[-46.18465,-1.11015],[-46.20498,-1.13121],[-46.18375,-1.1277],[-46.16536,-1.0831],[-46.15353,-1.08937],[-46.13697,-1.05727],[-46.08967,-1.03224],[-46.07253,-1.01821],[-46.07117,-1.03241],[-46.09442,-1.05138],[-46.10031,-1.0706],[-46.07233,-1.10735],[-46.08673,-1.13406],[-46.08669,-1.15733],[-46.10374,-1.20173],[-46.12978,-1.20605],[-46.14551,-1.22678],[-46.137,-1.24253],[-46.15352,-1.26914],[-46.13978,-1.29897],[-46.11869,-1.30449],[-46.12302,-1.31895],[-46.09879,-1.32293],[-46.10706,-1.35633],[-46.1199,-1.36759],[-46.13112,-1.40003],[-46.14677,-1.41493],[-46.12943,-1.42908],[-46.1348,-1.44046],[-46.16913,-1.46999],[-46.13929,-1.51395],[-46.13087,-1.57819],[-46.14919,-1.58763],[-46.14427,-1.60922],[-46.15985,-1.62412],[-46.15326,-1.67727],[-46.17007,-1.69602],[-46.20044,-1.70278],[-46.21589,-1.72694],[-46.24233,-1.7169],[-46.26129,-1.72838],[-46.29075,-1.72306],[-46.31097,-1.73342],[-46.32357,-1.76519],[-46.31618,-1.79467],[-46.30659,-1.80392],[-46.25309,-1.79374],[-46.22892,-1.80024],[-46.20821,-1.83053],[-46.24326,-1.87984],[-46.22716,-1.88595],[-46.22004,-1.91445],[-46.2303,-1.93294],[-46.23481,-1.96637],[-46.24739,-1.99238],[-46.23889,-2.01112],[-46.24944,-2.04997],[-46.26225,-2.05596],[-46.26725,-2.0805],[-46.25955,-2.09339],[-46.26255,-2.12109],[-46.29243,-2.14828],[-46.27791,-2.16203],[-46.31187,-2.18039],[-46.32939,-2.19791],[-46.34179,-2.22678],[-46.36126,-2.23354],[-46.37742,-2.25312],[-46.38994,-2.25223],[-46.40652,-2.23188],[-46.4278,-2.23937],[-46.41365,-2.27505],[-46.43027,-2.30258],[-46.43125,-2.33325],[-46.46051,-2.35957],[-46.45555,-2.38374],[-46.4255,-2.36049],[-46.40838,-2.36979],[-46.43971,-2.41244],[-46.43933,-2.448],[-46.43149,-2.45994],[-46.43936,-2.47821],[-46.42821,-2.4931],[-46.43577,-2.51225],[-46.41911,-2.52785],[-46.47266,-2.54452],[-46.49391,-2.53614],[-46.50144,-2.55563],[-46.48937,-2.56232],[-46.49042,-2.58106],[-46.5088,-2.5891],[-46.50459,-2.61455],[-46.58437,-2.63661],[-46.59333,-2.66501],[-46.60556,-2.63876],[-46.62151,-2.64416],[-46.62022,-2.66582],[-46.63558,-2.68606],[-46.66353,-2.69383],[-46.67002,-2.70756],[-46.66767,-2.73366],[-46.65045,-2.75659],[-46.63987,-2.75016],[-46.63153,-2.76675],[-46.63623,-2.79331],[-46.62698,-2.80406],[-46.59856,-2.79532],[-46.60017,-2.81273],[-46.58748,-2.84458],[-46.61352,-2.82858],[-46.61193,-2.8571],[-46.63625,-2.85083],[-46.63717,-2.88285],[-46.66822,-2.87546],[-46.67923,-2.88137],[-46.66215,-2.90393],[-46.65339,-2.93069],[-46.66687,-2.93571],[-46.66587,-2.95393],[-46.64762,-2.96133],[-46.66145,-2.97278],[-46.65167,-2.99615],[-46.66881,-2.99283],[-46.66723,-3.03158],[-46.67647,-3.03269],[-46.67239,-3.06517],[-46.68177,-3.07484],[-46.67637,-3.0948],[-46.70631,-3.09956],[-46.70228,-3.11841],[-46.72073,-3.10837],[-46.73039,-3.12344],[-46.74741,-3.12051],[-46.74384,-3.13613],[-46.72738,-3.12963],[-46.72658,-3.16119],[-46.74748,-3.16425],[-46.75152,-3.18868],[-46.77073,-3.20215],[-46.7566,-3.20836],[-46.77796,-3.21623],[-46.77908,-3.24122],[-46.80578,-3.24411],[-46.80182,-3.26605],[-46.81906,-3.27478],[-46.80959,-3.28896],[-46.82559,-3.29696],[-46.81297,-3.30917],[-46.8298,-3.31105],[-46.85894,-3.34221],[-46.88905,-3.33518],[-46.91008,-3.36859],[-46.94382,-3.37746],[-46.94847,-3.40652],[-46.93965,-3.4203],[-46.9544,-3.42271],[-46.95593,-3.43713],[-46.94161,-3.44658],[-46.95565,-3.4613],[-46.94756,-3.47607],[-46.96897,-3.47319],[-46.95964,-3.48895],[-46.98232,-3.49536],[-46.96985,-3.51455],[-46.97689,-3.53001],[-47.00304,-3.5336],[-47.01774,-3.54756],[-47.01805,-3.56517],[-47.03718,-3.56144],[-47.0305,-3.58024],[-47.04098,-3.59036],[-47.03017,-3.60424],[-47.03776,-3.60513]]],[[[-46.06054,-1.09435],[-46.06625,-1.10483],[-46.08458,-1.08172],[-46.08792,-1.06094],[-46.07211,-1.06122],[-46.06054,-1.09435]]],[[[-46.43729,-1.00109],[-46.43576,-1.00933],[-46.45056,-1.00907],[-46.43729,-1.00109]]],[[[-46.37418,-0.98719],[-46.37495,-1.01109],[-46.3829,-0.99395],[-46.37418,-0.98719]]],[[[-46.20272,-0.93634],[-46.19789,-0.9397],[-46.2064,-0.94077],[-46.20272,-0.93634]]],[[[-46.26583,-0.93286],[-46.26716,-0.93648],[-46.27019,-0.93348],[-46.26583,-0.93286]]],[[[-46.47503,-0.9642],[-46.46886,-0.95769],[-46.46803,-0.96396],[-46.47503,-0.9642]]],[[[-46.41406,-0.94458],[-46.41603,-0.93222],[-46.39593,-0.94296],[-46.41184,-0.97059],[-46.43709,-0.98622],[-46.43331,-0.96665],[-46.41406,-0.94458]]],[[[-46.32268,-0.94492],[-46.31542,-0.95006],[-46.32672,-0.95027],[-46.32268,-0.94492]]]]}},{"type":"Feature","properties":{"id":"92","phone_code":"92","phone_code_1_digit":"9"},"geometry":{"type":"Polygon","coordinates":[[[-61.47275,-1.5275],[-61.48081,-1.5175],[-61.51594,-1.50208],[-61.53247,-1.46472],[-61.53775,-1.43305],[-61.57333,-1.42834],[-61.58139,-1.40917],[-61.6025,-1.40695],[-61.61861,-1.39444],[-61.59944,-1.36723],[-61.58166,-1.35305],[-61.58496,-1.33833],[-61.6146,-1.30669],[-61.62833,-1.30111],[-61.60722,-1.27778],[-61.60635,-1.24417],[-61.58775,-1.19695],[-61.5733,-1.18444],[-61.58163,-1.16417],[-61.56608,-1.13223],[-61.57747,-1.11278],[-61.5658,-1.09945],[-61.57608,-1.0789],[-61.54608,-1.07084],[-61.54302,-1.03501],[-61.55969,-1.00973],[-61.56019,-0.9877],[-61.58302,-0.98222],[-61.57913,-0.95556],[-61.58469,-0.93667],[-61.57802,-0.90973],[-61.5583,-0.89278],[-61.55775,-0.86362],[-61.54303,-0.85195],[-61.55247,-0.81056],[-61.54163,-0.76334],[-61.48442,-0.72028],[-61.47247,-0.68334],[-61.45636,-0.65668],[-61.42608,-0.65279],[-61.42831,-0.63389],[-61.40664,-0.63112],[-61.38997,-0.61723],[-61.34664,-0.59473],[-61.32554,-0.59751],[-61.29776,-0.57584],[-61.27498,-0.57584],[-61.22359,-0.55917],[-61.21582,-0.53278],[-61.22249,-0.50529],[-61.19804,-0.50557],[-61.15706,-0.51498],[-61.14832,-0.4989],[-61.1286,-0.49723],[-61.11193,-0.50695],[-61.08694,-0.49974],[-61.06333,-0.51278],[-61.05471,-0.53834],[-61.02471,-0.54362],[-60.99999,-0.55945],[-60.975,-0.56223],[-60.95277,-0.55418],[-60.92027,-0.55501],[-60.91194,-0.58084],[-60.91583,-0.61001],[-60.88222,-0.6489],[-60.86055,-0.64195],[-60.84889,-0.6539],[-60.85138,-0.67445],[-60.84277,-0.69028],[-60.81166,-0.69168],[-60.79722,-0.70056],[-60.79666,-0.74445],[-60.76055,-0.76112],[-60.77333,-0.79084],[-60.75611,-0.79528],[-60.75889,-0.82834],[-60.75221,-0.86083],[-60.73194,-0.85806],[-60.67528,-0.87306],[-60.6675,-0.89417],[-60.62361,-0.87111],[-60.62,-0.86306],[-60.59389,-0.87195],[-60.59083,-0.85306],[-60.5575,-0.85973],[-60.55722,-0.86945],[-60.53056,-0.87473],[-60.50416,-0.84889],[-60.51944,-0.83334],[-60.49833,-0.82195],[-60.4975,-0.78917],[-60.47861,-0.77057],[-60.43416,-0.77223],[-60.40055,-0.75723],[-60.38278,-0.75945],[-60.37694,-0.74251],[-60.34083,-0.73862],[-60.30916,-0.72445],[-60.30166,-0.69306],[-60.31416,-0.65973],[-60.31305,-0.64112],[-60.32722,-0.64],[-60.35055,-0.62195],[-60.36527,-0.58779],[-60.38278,-0.58973],[-60.38194,-0.55723],[-60.3975,-0.54556],[-60.39944,-0.50973],[-60.39055,-0.50279],[-60.38197,-0.46998],[-60.34419,-0.44026],[-60.34947,-0.40693],[-60.32166,-0.37722],[-60.31805,-0.33028],[-60.30166,-0.32779],[-60.30249,-0.30362],[-60.28944,-0.29279],[-60.30444,-0.26446],[-60.2911,-0.2289],[-60.29888,-0.21139],[-60.28527,-0.21028],[-60.26389,-0.18916],[-60.26555,-0.17805],[-60.21999,-0.13501],[-60.23,-0.11001],[-60.2217,-0.08271],[-60.20574,-0.06119],[-60.20277,-0.03325],[-60.16499,0.00055],[-60.1602,0.01662],[-60.13805,0.02911],[-60.13604,0.06582],[-60.12301,0.0814],[-60.13743,0.10304],[-60.11576,0.13358],[-60.09632,0.13831],[-60.05857,0.16334],[-60.04632,0.23248],[-60.03745,0.26389],[-58.89492,0.26385],[-58.89449,-0.01062],[-58.88618,-0.03398],[-58.88604,-0.05884],[-58.86334,-0.07768],[-58.86627,-0.13754],[-58.86255,-0.16059],[-58.88049,-0.19623],[-58.87877,-0.22899],[-58.86485,-0.2652],[-58.87444,-0.29548],[-58.87404,-0.33544],[-58.84604,-0.36472],[-58.79752,-0.38796],[-58.78159,-0.38939],[-58.76549,-0.40869],[-58.74348,-0.41709],[-58.72467,-0.44187],[-58.73483,-0.47117],[-58.7102,-0.52112],[-58.71044,-0.54674],[-58.72869,-0.56177],[-58.72669,-0.60749],[-58.7315,-0.62701],[-58.70912,-0.6481],[-58.70468,-0.67862],[-58.6831,-0.68688],[-58.66354,-0.71275],[-58.63439,-0.71856],[-58.61327,-0.7551],[-58.59214,-0.76486],[-58.56015,-0.80426],[-58.52016,-0.8276],[-58.51175,-0.83943],[-58.49147,-0.83144],[-58.49331,-0.84577],[-58.46771,-0.87276],[-58.45855,-0.86364],[-58.43339,-0.89162],[-58.45258,-0.89784],[-58.45033,-0.92573],[-58.41426,-0.9667],[-58.41025,-0.98096],[-58.423,-0.99109],[-58.419,-1.00982],[-58.42959,-1.02676],[-58.41119,-1.04389],[-58.3922,-1.03947],[-58.368,-1.06567],[-58.36083,-1.10475],[-58.34392,-1.10816],[-58.31939,-1.13404],[-58.32279,-1.14294],[-58.27333,-1.13866],[-58.25427,-1.13224],[-58.24287,-1.15625],[-58.21478,-1.16533],[-58.19411,-1.19935],[-58.16215,-1.2293],[-58.12733,-1.18967],[-58.11881,-1.18602],[-58.12319,-1.16424],[-58.0938,-1.16015],[-58.08147,-1.14716],[-58.08136,-1.12613],[-58.04175,-1.10299],[-58.01705,-1.1058],[-58.00666,-1.14537],[-57.97869,-1.15405],[-57.97041,-1.17317],[-57.9785,-1.19272],[-57.96499,-1.20573],[-57.99019,-1.29167],[-57.99036,-1.3127],[-58.00044,-1.32982],[-57.98358,-1.35585],[-57.97038,-1.35875],[-57.97661,-1.37466],[-57.955,-1.3827],[-57.95986,-1.40122],[-57.93707,-1.39796],[-57.91,-1.40988],[-57.91803,-1.41945],[-57.89372,-1.43318],[-57.87937,-1.42291],[-57.84583,-1.42916],[-57.81219,-1.45203],[-57.80936,-1.46978],[-57.7832,-1.50765],[-57.74434,-1.50104],[-57.72938,-1.50958],[-57.71267,-1.50379],[-57.71195,-1.53528],[-57.69367,-1.57593],[-57.67818,-1.59398],[-57.65656,-1.58048],[-57.65323,-1.58833],[-57.61097,-1.58253],[-57.60209,-1.56994],[-57.58541,-1.59586],[-57.5452,-1.61016],[-57.52471,-1.62641],[-57.5283,-1.65236],[-57.50669,-1.64091],[-57.49315,-1.65655],[-57.48008,-1.65505],[-57.47471,-1.67764],[-57.43818,-1.66613],[-57.43944,-1.68813],[-57.42708,-1.69144],[-57.41144,-1.67293],[-57.3875,-1.69493],[-57.40055,-1.71225],[-57.3922,-1.72272],[-57.37261,-1.71375],[-57.35158,-1.73281],[-57.34658,-1.71367],[-57.32747,-1.71555],[-57.30502,-1.72992],[-57.29712,-1.7111],[-57.24322,-1.70394],[-57.24439,-1.72011],[-57.23025,-1.72556],[-57.20326,-1.71059],[-57.20072,-1.7236],[-57.16131,-1.72869],[-57.17133,-1.74941],[-57.16272,-1.76822],[-57.12888,-1.76381],[-57.11534,-1.79143],[-57.09737,-1.77475],[-57.07894,-1.80083],[-57.06,-1.81541],[-57.07308,-1.83131],[-57.03672,-1.9112],[-57.02614,-1.91473],[-56.98786,-1.9068],[-56.96584,-1.9346],[-56.96064,-1.95261],[-56.94405,-1.9635],[-56.92319,-1.96395],[-56.89689,-1.97587],[-56.85856,-2.01557],[-56.81628,-2.02261],[-56.79272,-2.02064],[-56.7665,-2.00834],[-56.7474,-2.01114],[-56.72612,-2.0306],[-56.7209,-2.05882],[-56.73228,-2.09138],[-56.75276,-2.11132],[-56.76894,-2.14031],[-56.76805,-2.16539],[-56.75111,-2.17644],[-56.71653,-2.17867],[-56.70208,-2.2014],[-56.67859,-2.21221],[-56.63494,-2.20324],[-56.61243,-2.20981],[-56.59731,-2.1746],[-56.57992,-2.17905],[-56.54036,-2.15348],[-56.52658,-2.13884],[-56.50714,-2.14334],[-56.47741,-2.17002],[-56.4437,-2.15357],[-56.4134,-2.17559],[-56.37458,-2.13842],[-56.35066,-2.14851],[-56.31628,-2.13977],[-56.29933,-2.11882],[-56.29697,-2.10045],[-56.25567,-2.08796],[-56.22789,-2.05586],[-56.19658,-2.05656],[-56.18622,-2.04246],[-56.1446,-2.03885],[-56.09817,-2.02659],[-56.10193,-2.04766],[-56.14144,-2.09985],[-56.16894,-2.14515],[-56.18689,-2.16698],[-56.21981,-2.19548],[-56.30675,-2.2421],[-56.36372,-2.25893],[-56.38383,-2.27012],[-56.41227,-2.32136],[-56.42516,-2.36879],[-56.46511,-2.42275],[-56.464,-2.43123],[-56.40162,-2.45616],[-56.42581,-2.50122],[-56.57546,-2.82375],[-56.76243,-3.23185],[-56.88675,-3.49868],[-56.91327,-3.56193],[-57.01845,-3.79792],[-57.54759,-4.92122],[-57.70346,-5.2589],[-57.86014,-5.60035],[-58.25476,-6.45374],[-58.26622,-6.47518],[-58.29261,-6.4935],[-58.32656,-6.49999],[-58.33181,-6.53262],[-58.34939,-6.56202],[-58.42128,-6.61033],[-58.449,-6.653],[-58.4647,-6.66966],[-58.47797,-6.69923],[-58.48126,-6.78104],[-58.47016,-6.80325],[-58.46239,-6.8369],[-58.43405,-6.90842],[-58.37975,-6.97012],[-58.35511,-6.97128],[-58.33492,-6.98599],[-58.28776,-7.06129],[-58.23942,-7.09513],[-58.22228,-7.12389],[-58.20902,-7.13388],[-58.17758,-7.18861],[-58.16759,-7.23095],[-58.17431,-7.27104],[-58.16951,-7.31284],[-58.13656,-7.35574],[-58.14687,-7.34286],[-58.49984,-7.34974],[-58.53951,-7.34221],[-58.56298,-7.31023],[-58.57354,-7.28723],[-58.54168,-7.25945],[-58.53092,-7.22806],[-58.56342,-7.19854],[-58.5285,-7.18608],[-58.53737,-7.16487],[-58.52486,-7.1297],[-58.50582,-7.11395],[-58.49242,-7.06766],[-58.49617,-7.05168],[-58.53167,-7.05167],[-58.54132,-7.03576],[-58.56696,-7.03254],[-58.57423,-7.04945],[-58.58264,-7.03539],[-58.6011,-7.03692],[-58.61656,-7.00532],[-58.63232,-7.00761],[-58.65032,-6.97773],[-58.65182,-6.96155],[-58.67507,-6.92801],[-58.6978,-6.92089],[-58.74346,-6.88651],[-58.7511,-6.85672],[-58.7673,-6.85792],[-58.78452,-6.83188],[-58.79361,-6.77637],[-58.83222,-6.74438],[-58.83733,-6.72835],[-58.85833,-6.70509],[-58.86809,-6.66732],[-58.864,-6.62782],[-58.87245,-6.60519],[-58.86636,-6.54308],[-58.83544,-6.47049],[-58.83655,-6.42234],[-58.85478,-6.3811],[-59.07867,-6.38864],[-59.29428,-6.52057],[-59.39442,-6.57298],[-59.87224,-6.81168],[-59.88741,-6.78847],[-59.90215,-6.79418],[-59.9052,-6.74635],[-59.93204,-6.72681],[-59.91586,-6.69208],[-59.94322,-6.6807],[-59.92569,-6.66047],[-59.9293,-6.63737],[-59.9558,-6.6213],[-59.92827,-6.57095],[-59.93297,-6.55522],[-59.90343,-6.54139],[-59.8978,-6.52728],[-59.85542,-6.52369],[-59.8447,-6.47781],[-59.81983,-6.43495],[-59.80497,-6.43447],[-59.79889,-6.45578],[-59.76272,-6.46818],[-59.74974,-6.44888],[-59.73415,-6.44544],[-59.71394,-6.45756],[-59.66039,-6.46391],[-59.63104,-6.47651],[-59.60931,-6.4601],[-59.31436,-6.46064],[-59.30986,-6.44528],[-59.3152,-6.40953],[-59.3265,-6.39868],[-59.33261,-6.36932],[-59.35539,-6.33633],[-59.34953,-6.32069],[-59.37497,-6.29892],[-59.36428,-6.27828],[-59.33983,-6.27712],[-59.35358,-6.26073],[-59.34477,-6.23864],[-59.33203,-6.23007],[-59.34053,-6.21745],[-59.33083,-6.19727],[-59.33794,-6.17842],[-59.35834,-6.1671],[-59.36147,-6.12765],[-59.35,-6.12399],[-59.37539,-6.09008],[-59.39058,-6.08674],[-59.39397,-6.05563],[-59.41164,-6.04417],[-59.40858,-6.01241],[-59.43053,-6.00578],[-59.45475,-5.98395],[-59.44958,-5.96025],[-59.48036,-5.92941],[-59.49811,-5.92297],[-59.50094,-5.90354],[-59.48811,-5.89327],[-59.49508,-5.87994],[-59.51775,-5.8899],[-59.52498,-5.86099],[-59.54503,-5.84482],[-59.56072,-5.84234],[-59.55897,-5.82499],[-59.58678,-5.7823],[-59.59844,-5.78219],[-59.59822,-5.75551],[-59.61135,-5.74306],[-59.61797,-5.71613],[-59.61309,-5.6875],[-59.59294,-5.65124],[-59.59133,-5.63571],[-59.57256,-5.6229],[-59.54436,-5.54922],[-59.55061,-5.5113],[-59.57499,-5.49747],[-59.5899,-5.5002],[-59.60161,-5.47733],[-59.67659,-5.5],[-59.70566,-5.49663],[-59.71303,-5.46675],[-59.72566,-5.44543],[-59.72551,-5.39995],[-59.70628,-5.36712],[-59.69613,-5.32002],[-59.67025,-5.28279],[-59.94407,-4.86929],[-59.98537,-4.88089],[-60.04119,-4.90193],[-60.08321,-4.92494],[-60.12291,-4.92446],[-60.16658,-4.9049],[-60.19011,-4.90309],[-60.21286,-4.9141],[-60.22862,-4.9325],[-60.24805,-4.98531],[-60.28345,-5.04218],[-60.70158,-5.04182],[-60.69369,-5.07229],[-60.72528,-5.11286],[-60.91309,-5.11256],[-61.29274,-4.71168],[-61.2707,-4.66164],[-61.24878,-4.62794],[-61.16731,-4.54387],[-61.00887,-4.42313],[-60.84845,-4.28182],[-60.8253,-4.23314],[-60.80277,-4.17424],[-60.83938,-4.15305],[-60.85255,-4.16972],[-60.87089,-4.15711],[-60.89022,-4.16996],[-60.90072,-4.15159],[-60.92316,-4.1322],[-60.96501,-4.13363],[-60.96583,-4.10641],[-60.99613,-4.10268],[-61.01132,-4.08169],[-61.02707,-4.08243],[-61.0568,-4.12828],[-61.07802,-4.12199],[-61.10602,-4.1342],[-61.14493,-4.1256],[-61.16319,-4.14037],[-61.16313,-3.97454],[-61.13624,-3.95821],[-61.10974,-3.92656],[-61.08075,-3.91313],[-61.05013,-3.86486],[-61.04422,-3.82109],[-61.06163,-3.79449],[-61.10938,-3.7958],[-61.1519,-3.78321],[-61.14116,-3.76251],[-61.15813,-3.74974],[-61.14366,-3.72184],[-61.14996,-3.70048],[-61.33181,-3.69584],[-61.40675,-3.6253],[-61.37695,-3.60183],[-61.33384,-3.60649],[-61.29006,-3.60584],[-61.29031,-3.5421],[-61.3023,-3.53187],[-61.29833,-3.50864],[-61.30478,-3.46828],[-61.28388,-3.45676],[-61.27969,-3.44298],[-61.30242,-3.44108],[-61.32133,-3.45331],[-61.4695,-3.4535],[-61.46628,-3.44287],[-61.49556,-3.44236],[-61.51033,-3.41987],[-61.5333,-3.41636],[-61.56417,-3.40005],[-61.582,-3.4051],[-61.61769,-3.38153],[-61.63786,-3.39386],[-61.64891,-3.41997],[-61.66484,-3.42649],[-61.68255,-3.41852],[-61.72514,-3.38164],[-61.76186,-3.36327],[-61.78564,-3.31789],[-61.82941,-3.28474],[-61.84652,-3.28203],[-61.91753,-3.28531],[-61.94419,-3.30223],[-61.98669,-3.35522],[-62.02094,-3.36925],[-62.04689,-3.34671],[-62.04052,-3.29797],[-62.04464,-3.27233],[-62.06106,-3.2621],[-62.08747,-3.27774],[-62.10202,-3.26735],[-62.12508,-3.28175],[-62.15116,-3.32291],[-62.194,-3.35242],[-62.25525,-3.36766],[-62.2698,-3.37536],[-62.27747,-3.40153],[-62.27183,-3.4433],[-62.29897,-3.45215],[-62.31058,-3.43758],[-62.3948,-3.44176],[-62.42424,-3.43549],[-62.4443,-3.42077],[-62.44975,-3.39251],[-62.45694,-3.29338],[-62.47353,-3.24415],[-62.49716,-3.19892],[-62.5213,-3.16381],[-62.56274,-3.13062],[-62.58257,-3.1064],[-62.626,-3.09272],[-62.69147,-3.09236],[-62.71061,-3.0881],[-62.74091,-3.06672],[-62.77947,-3.01983],[-62.79552,-3.01864],[-62.82755,-3.00268],[-62.87752,-3.00215],[-62.92831,-3.00771],[-62.93264,-2.99051],[-62.90994,-2.92497],[-62.91463,-2.88079],[-62.92833,-2.85326],[-62.95864,-2.84463],[-63.00914,-2.84045],[-63.05697,-2.8137],[-63.10488,-2.83369],[-63.14502,-2.83221],[-63.16908,-2.83988],[-63.18849,-2.83677],[-63.21803,-2.81947],[-63.24023,-2.79589],[-63.25869,-2.7512],[-63.28303,-2.71043],[-63.30439,-2.69984],[-63.34576,-2.70376],[-63.37361,-2.70153],[-63.40813,-2.70713],[-63.46255,-2.70309],[-63.52452,-2.75346],[-63.56347,-2.76249],[-63.58394,-2.78002],[-63.60866,-2.78622],[-63.62914,-2.80639],[-63.66193,-2.81753],[-63.69103,-2.83424],[-63.71144,-2.83479],[-63.72414,-2.82405],[-63.72833,-2.80264],[-63.71396,-2.76207],[-63.73177,-2.68323],[-63.74966,-2.64933],[-63.7668,-2.59279],[-63.78794,-2.55684],[-63.81789,-2.54745],[-63.83575,-2.56063],[-63.87511,-2.56534],[-63.91094,-2.56181],[-63.95416,-2.57512],[-63.98375,-2.56504],[-63.98764,-2.52757],[-63.98069,-2.50508],[-63.95653,-2.46624],[-63.95697,-2.4444],[-63.90586,-2.43927],[-63.86638,-2.44502],[-63.83138,-2.4297],[-63.8021,-2.43931],[-63.74994,-2.43826],[-63.7253,-2.42273],[-63.71227,-2.389],[-63.69414,-2.37814],[-63.64608,-2.39342],[-63.63322,-2.39007],[-63.60041,-2.35906],[-63.58372,-2.35589],[-63.55789,-2.36708],[-63.5365,-2.38696],[-63.51877,-2.39132],[-63.48556,-2.38147],[-63.46516,-2.38731],[-63.44791,-2.41306],[-63.44094,-2.4475],[-63.4235,-2.46974],[-63.38903,-2.48813],[-63.36863,-2.48956],[-63.33191,-2.46246],[-63.30453,-2.43064],[-63.27867,-2.43581],[-63.25619,-2.46724],[-63.23369,-2.4827],[-63.19775,-2.48451],[-63.17625,-2.49239],[-63.1413,-2.49047],[-63.12527,-2.48237],[-63.08444,-2.47707],[-63.04005,-2.48276],[-63.03206,-2.45097],[-63.01391,-2.4547],[-62.99008,-2.43724],[-62.94999,-2.42456],[-62.90397,-2.42293],[-62.88494,-2.40574],[-62.85758,-2.34891],[-62.82533,-2.33157],[-62.79191,-2.32946],[-62.78269,-2.3171],[-62.74833,-2.29667],[-62.71672,-2.28407],[-62.65833,-2.2864],[-62.57205,-2.28378],[-62.5495,-2.27823],[-62.50986,-2.24856],[-62.47702,-2.23982],[-62.45647,-2.22377],[-62.37794,-2.20358],[-62.35319,-2.19345],[-62.35108,-2.17815],[-62.30172,-2.14805],[-62.29158,-2.15992],[-62.23736,-2.13254],[-62.22305,-2.14965],[-62.20641,-2.12371],[-62.18789,-2.12226],[-62.15891,-2.13379],[-62.15097,-2.11162],[-62.11758,-2.08347],[-62.10863,-2.05617],[-62.0833,-2.0649],[-62.07222,-2.04864],[-62.08386,-2.03665],[-62.0721,-2.00031],[-62.0466,-1.9747],[-62.02141,-1.99889],[-62.02196,-2.02568],[-61.9948,-2.0248],[-61.98841,-1.98963],[-61.9668,-2.00021],[-61.94916,-1.96384],[-61.92786,-1.95852],[-61.94344,-1.94405],[-61.92205,-1.94716],[-61.91989,-1.92605],[-61.88361,-1.91089],[-61.88194,-1.9344],[-61.85294,-1.9364],[-61.84472,-1.92191],[-61.82674,-1.92584],[-61.80622,-1.94518],[-61.77819,-1.92167],[-61.74324,-1.91641],[-61.75772,-1.89774],[-61.73003,-1.88066],[-61.72475,-1.89229],[-61.68152,-1.88603],[-61.66624,-1.86554],[-61.65463,-1.86838],[-61.64566,-1.85333],[-61.65377,-1.83287],[-61.64083,-1.82188],[-61.62611,-1.82905],[-61.60022,-1.82802],[-61.59388,-1.87022],[-61.57202,-1.86046],[-61.53547,-1.86191],[-61.53108,-1.88106],[-61.54069,-1.88744],[-61.50002,-1.96161],[-61.49277,-1.96489],[-61.46903,-1.94742],[-61.45141,-1.94447],[-61.44752,-1.92816],[-61.46139,-1.90183],[-61.38615,-1.89762],[-61.38148,-1.88497],[-61.39886,-1.82942],[-61.41901,-1.79241],[-61.42415,-1.76762],[-61.41192,-1.70284],[-61.4167,-1.66763],[-61.41562,-1.63076],[-61.42981,-1.61621],[-61.46192,-1.60654],[-61.47414,-1.57861],[-61.47275,-1.5275]]]}},{"type":"Feature","properties":{"id":"93","phone_code":"93","phone_code_1_digit":"9"},"geometry":{"type":"Polygon","coordinates":[[[-58.16951,-7.31284],[-58.17431,-7.27104],[-58.16759,-7.23095],[-58.17758,-7.18861],[-58.20902,-7.13388],[-58.22228,-7.12389],[-58.23942,-7.09513],[-58.28776,-7.06129],[-58.33492,-6.98599],[-58.35511,-6.97128],[-58.37975,-6.97012],[-58.43405,-6.90842],[-58.46239,-6.8369],[-58.47016,-6.80325],[-58.48126,-6.78104],[-58.47797,-6.69923],[-58.4647,-6.66966],[-58.449,-6.653],[-58.42128,-6.61033],[-58.34939,-6.56202],[-58.33181,-6.53262],[-58.32656,-6.49999],[-58.29261,-6.4935],[-58.26622,-6.47518],[-58.25476,-6.45374],[-57.86014,-5.60035],[-57.70346,-5.2589],[-57.54759,-4.92122],[-57.01845,-3.79792],[-56.91327,-3.56193],[-56.88675,-3.49868],[-56.76243,-3.23185],[-56.57546,-2.82375],[-56.42581,-2.50122],[-56.40162,-2.45616],[-56.464,-2.43123],[-56.46511,-2.42275],[-56.42516,-2.36879],[-56.41227,-2.32136],[-56.38383,-2.27012],[-56.36372,-2.25893],[-56.30675,-2.2421],[-56.21981,-2.19548],[-56.18689,-2.16698],[-56.16894,-2.14515],[-56.14144,-2.09985],[-56.10193,-2.04766],[-56.09817,-2.02659],[-56.1446,-2.03885],[-56.18622,-2.04246],[-56.19658,-2.05656],[-56.22789,-2.05586],[-56.25567,-2.08796],[-56.29697,-2.10045],[-56.29933,-2.11882],[-56.31628,-2.13977],[-56.35066,-2.14851],[-56.37458,-2.13842],[-56.4134,-2.17559],[-56.4437,-2.15357],[-56.47741,-2.17002],[-56.50714,-2.14334],[-56.52658,-2.13884],[-56.54036,-2.15348],[-56.57992,-2.17905],[-56.59731,-2.1746],[-56.61243,-2.20981],[-56.63494,-2.20324],[-56.67859,-2.21221],[-56.70208,-2.2014],[-56.71653,-2.17867],[-56.75111,-2.17644],[-56.76805,-2.16539],[-56.76894,-2.14031],[-56.75276,-2.11132],[-56.73228,-2.09138],[-56.7209,-2.05882],[-56.72612,-2.0306],[-56.7474,-2.01114],[-56.7665,-2.00834],[-56.79272,-2.02064],[-56.81628,-2.02261],[-56.85856,-2.01557],[-56.89689,-1.97587],[-56.92319,-1.96395],[-56.94405,-1.9635],[-56.96064,-1.95261],[-56.96584,-1.9346],[-56.98786,-1.9068],[-57.02614,-1.91473],[-57.03672,-1.9112],[-57.07308,-1.83131],[-57.06,-1.81541],[-57.07894,-1.80083],[-57.09737,-1.77475],[-57.11534,-1.79143],[-57.12888,-1.76381],[-57.16272,-1.76822],[-57.17133,-1.74941],[-57.16131,-1.72869],[-57.20072,-1.7236],[-57.20326,-1.71059],[-57.23025,-1.72556],[-57.24439,-1.72011],[-57.24322,-1.70394],[-57.29712,-1.7111],[-57.30502,-1.72992],[-57.32747,-1.71555],[-57.34658,-1.71367],[-57.35158,-1.73281],[-57.37261,-1.71375],[-57.3922,-1.72272],[-57.40055,-1.71225],[-57.3875,-1.69493],[-57.41144,-1.67293],[-57.42708,-1.69144],[-57.43944,-1.68813],[-57.43818,-1.66613],[-57.47471,-1.67764],[-57.48008,-1.65505],[-57.49315,-1.65655],[-57.50669,-1.64091],[-57.5283,-1.65236],[-57.52471,-1.62641],[-57.5452,-1.61016],[-57.58541,-1.59586],[-57.60209,-1.56994],[-57.61097,-1.58253],[-57.65323,-1.58833],[-57.65656,-1.58048],[-57.67818,-1.59398],[-57.69367,-1.57593],[-57.71195,-1.53528],[-57.71267,-1.50379],[-57.72938,-1.50958],[-57.74434,-1.50104],[-57.7832,-1.50765],[-57.80936,-1.46978],[-57.81219,-1.45203],[-57.84583,-1.42916],[-57.87937,-1.42291],[-57.89372,-1.43318],[-57.91803,-1.41945],[-57.91,-1.40988],[-57.93707,-1.39796],[-57.95986,-1.40122],[-57.955,-1.3827],[-57.97661,-1.37466],[-57.97038,-1.35875],[-57.98358,-1.35585],[-58.00044,-1.32982],[-57.99036,-1.3127],[-57.99019,-1.29167],[-57.96499,-1.20573],[-57.9785,-1.19272],[-57.97041,-1.17317],[-57.97869,-1.15405],[-58.00666,-1.14537],[-58.01705,-1.1058],[-58.04175,-1.10299],[-58.08136,-1.12613],[-58.08147,-1.14716],[-58.0938,-1.16015],[-58.12319,-1.16424],[-58.11881,-1.18602],[-58.12733,-1.18967],[-58.16215,-1.2293],[-58.19411,-1.19935],[-58.21478,-1.16533],[-58.24287,-1.15625],[-58.25427,-1.13224],[-58.27333,-1.13866],[-58.32279,-1.14294],[-58.31939,-1.13404],[-58.34392,-1.10816],[-58.36083,-1.10475],[-58.368,-1.06567],[-58.3922,-1.03947],[-58.41119,-1.04389],[-58.42959,-1.02676],[-58.419,-1.00982],[-58.423,-0.99109],[-58.41025,-0.98096],[-58.41426,-0.9667],[-58.45033,-0.92573],[-58.45258,-0.89784],[-58.43339,-0.89162],[-58.45855,-0.86364],[-58.46771,-0.87276],[-58.49331,-0.84577],[-58.49147,-0.83144],[-58.51175,-0.83943],[-58.52016,-0.8276],[-58.56015,-0.80426],[-58.59214,-0.76486],[-58.61327,-0.7551],[-58.63439,-0.71856],[-58.66354,-0.71275],[-58.6831,-0.68688],[-58.70468,-0.67862],[-58.70912,-0.6481],[-58.7315,-0.62701],[-58.72669,-0.60749],[-58.72869,-0.56177],[-58.71044,-0.54674],[-58.7102,-0.52112],[-58.73483,-0.47117],[-58.72467,-0.44187],[-58.74348,-0.41709],[-58.76549,-0.40869],[-58.78159,-0.38939],[-58.79752,-0.38796],[-58.84604,-0.36472],[-58.87404,-0.33544],[-58.87444,-0.29548],[-58.86485,-0.2652],[-58.87877,-0.22899],[-58.88049,-0.19623],[-58.86255,-0.16059],[-58.86627,-0.13754],[-58.86334,-0.07768],[-58.88604,-0.05884],[-58.88618,-0.03398],[-58.89449,-0.01062],[-58.89492,0.26385],[-58.895,1.22803],[-58.88108,1.22825],[-58.85389,1.18385],[-58.83138,1.18829],[-58.82472,1.17166],[-58.79111,1.19085],[-58.76945,1.18688],[-58.75083,1.20887],[-58.73916,1.20029],[-58.71472,1.23801],[-58.72028,1.25582],[-58.71,1.29029],[-58.67972,1.29664],[-58.66361,1.27974],[-58.65222,1.28861],[-58.62834,1.28889],[-58.60778,1.27417],[-58.58806,1.27029],[-58.56416,1.29499],[-58.53972,1.28831],[-58.53777,1.26806],[-58.5225,1.2583],[-58.51249,1.27802],[-58.49583,1.26835],[-58.49466,1.29531],[-58.47055,1.31974],[-58.47388,1.34877],[-58.45748,1.37184],[-58.46967,1.3712],[-58.47925,1.39055],[-58.50472,1.40356],[-58.49766,1.43051],[-58.50833,1.46334],[-58.46153,1.46644],[-58.44386,1.45687],[-58.42147,1.47135],[-58.38519,1.47038],[-58.37136,1.48197],[-58.38478,1.48901],[-58.39334,1.5203],[-58.38914,1.53577],[-58.36269,1.53841],[-58.36,1.56057],[-58.32197,1.59741],[-58.31394,1.59434],[-58.31674,1.56883],[-58.29242,1.56469],[-58.28777,1.57283],[-58.26186,1.57113],[-58.23561,1.54708],[-58.19264,1.57261],[-58.16025,1.56051],[-58.14916,1.51041],[-58.12903,1.49929],[-58.09719,1.51432],[-58.06905,1.50773],[-58.06053,1.52574],[-58.00383,1.50342],[-58.00083,1.52857],[-57.98833,1.54414],[-57.99391,1.55354],[-57.97816,1.57318],[-57.98489,1.61714],[-57.97991,1.6336],[-58.00222,1.64608],[-57.9897,1.65884],[-57.96147,1.65749],[-57.92636,1.64521],[-57.90433,1.65607],[-57.89459,1.67471],[-57.87672,1.68069],[-57.85166,1.66822],[-57.84377,1.6893],[-57.8191,1.68424],[-57.79597,1.6914],[-57.79186,1.72705],[-57.77391,1.73013],[-57.75783,1.7191],[-57.70777,1.72111],[-57.68661,1.70682],[-57.672,1.71126],[-57.66742,1.69607],[-57.65002,1.68277],[-57.62894,1.69888],[-57.60436,1.69337],[-57.57564,1.70306],[-57.5767,1.69076],[-57.5372,1.7009],[-57.54089,1.7208],[-57.51847,1.72153],[-57.51411,1.74768],[-57.49689,1.76722],[-57.50147,1.78649],[-57.4505,1.80677],[-57.43736,1.82722],[-57.44459,1.84151],[-57.43152,1.85888],[-57.43303,1.90638],[-57.40247,1.91309],[-57.38463,1.92783],[-57.3645,1.92648],[-57.34522,1.98068],[-57.3128,1.97761],[-57.30672,1.99706],[-57.27683,1.9834],[-57.25502,1.95075],[-57.22883,1.938],[-57.22872,1.95392],[-57.19949,1.97907],[-57.18294,1.97998],[-57.16355,1.99518],[-57.14706,1.98948],[-57.11957,2.01056],[-57.11123,2.02993],[-57.09589,2.01826],[-57.08628,2.02685],[-57.07072,1.997],[-57.07081,1.96913],[-57.06353,1.95638],[-57.03155,1.94733],[-57.01381,1.9153],[-56.97108,1.90598],[-56.95877,1.9248],[-56.94942,1.91983],[-56.91931,1.93077],[-56.89308,1.89974],[-56.79845,1.87295],[-56.79753,1.85377],[-56.77345,1.86924],[-56.7645,1.88878],[-56.72055,1.92623],[-56.68195,1.91274],[-56.65064,1.91753],[-56.62105,1.94629],[-56.57936,1.90629],[-56.54095,1.91732],[-56.51759,1.9327],[-56.49517,1.93839],[-56.48245,1.95449],[-56.43661,1.95212],[-56.41141,1.92868],[-56.38958,1.92379],[-56.38822,1.93329],[-56.35781,1.94187],[-56.33453,1.93752],[-56.32099,1.92403],[-56.24364,1.8785],[-56.23405,1.89903],[-56.16811,1.88805],[-56.15222,1.89112],[-56.1295,1.85963],[-56.09825,1.84695],[-56.06605,1.85227],[-56.03624,1.85062],[-55.99856,1.8317],[-55.9697,1.84868],[-55.95597,1.84551],[-55.93389,1.87191],[-55.90345,1.88845],[-55.90153,1.90816],[-55.92012,1.91939],[-55.92914,1.93966],[-55.92208,1.95078],[-55.93472,1.99692],[-55.91333,1.99094],[-55.91011,2.02242],[-55.90164,2.02974],[-55.90838,2.04783],[-55.93241,2.05816],[-55.92628,2.07552],[-55.9483,2.09209],[-55.96641,2.08885],[-55.99094,2.13174],[-55.98625,2.14621],[-56.00267,2.16802],[-56.03466,2.16922],[-56.05586,2.18977],[-56.03575,2.21391],[-56.04248,2.2282],[-56.08758,2.2503],[-56.09561,2.24181],[-56.11997,2.25069],[-56.13847,2.26616],[-56.12494,2.27864],[-56.10678,2.31871],[-56.09336,2.32159],[-56.08972,2.3727],[-56.07347,2.37124],[-56.0502,2.3354],[-56.02916,2.33285],[-56.02141,2.34289],[-56.03619,2.37465],[-56.00661,2.40195],[-55.98497,2.4297],[-56.01111,2.45324],[-55.99072,2.46743],[-55.9775,2.49682],[-55.99247,2.50497],[-55.97783,2.52775],[-55.9342,2.53387],[-55.92402,2.51902],[-55.90119,2.51765],[-55.88039,2.48932],[-55.85411,2.48098],[-55.82981,2.45951],[-55.76622,2.45566],[-55.74656,2.41087],[-55.70722,2.40354],[-55.69794,2.42197],[-55.66705,2.41468],[-55.64178,2.41639],[-55.57422,2.43817],[-55.5702,2.42394],[-55.52752,2.42904],[-55.4993,2.44366],[-55.48183,2.43903],[-55.42897,2.4393],[-55.38492,2.41878],[-55.34516,2.44841],[-55.35575,2.47598],[-55.31978,2.51579],[-55.27688,2.51278],[-55.23433,2.50381],[-55.20714,2.5232],[-55.17239,2.55977],[-55.123,2.56805],[-55.10261,2.52607],[-55.05583,2.55355],[-55.00333,2.59136],[-54.95383,2.58402],[-54.93495,2.51891],[-54.87178,2.43408],[-54.86561,2.40322],[-54.80709,2.34201],[-54.79378,2.31306],[-54.80675,2.29822],[-54.81095,2.26671],[-54.79847,2.24589],[-54.76264,2.20265],[-54.76742,2.18124],[-54.80578,2.13926],[-54.80422,2.10821],[-54.81336,2.10115],[-54.80569,2.0767],[-54.81086,2.03977],[-54.7905,2.00759],[-54.76855,1.99654],[-54.77167,1.97875],[-54.75397,1.97093],[-54.77111,1.94083],[-54.76306,1.89282],[-54.75261,1.87605],[-54.75272,1.85132],[-54.73355,1.83231],[-54.7502,1.81458],[-54.75395,1.79814],[-54.74431,1.77613],[-54.67072,1.76599],[-54.64317,1.76893],[-54.62541,1.78098],[-54.60144,1.78491],[-54.53652,1.77059],[-54.5235,1.75634],[-54.49547,1.74728],[-54.46433,1.75953],[-54.43414,1.75443],[-54.40347,1.76009],[-54.38697,1.74549],[-54.37725,1.76402],[-54.35122,1.75441],[-54.34419,1.74096],[-54.32908,1.74415],[-54.27402,1.71083],[-54.26227,1.68872],[-54.22967,1.67631],[-54.22789,1.66565],[-54.20247,1.64934],[-54.18694,1.62832],[-54.18175,1.65841],[-54.17566,1.6483],[-54.14319,1.64095],[-54.14189,1.62884],[-54.12261,1.60774],[-54.13092,1.59724],[-54.11808,1.58181],[-54.10153,1.59097],[-54.11706,1.55851],[-54.09831,1.55086],[-54.08412,1.52667],[-54.08828,1.49233],[-54.06869,1.50131],[-54.0515,1.49483],[-54.03953,1.50649],[-54.02411,1.50019],[-54.02711,1.51717],[-54.00858,1.52],[-53.99906,1.50511],[-53.997,1.47611],[-53.97567,1.47261],[-53.96661,1.48473],[-53.95362,1.46831],[-53.92542,1.46581],[-53.93783,1.4358],[-53.91706,1.45724],[-53.89553,1.45546],[-53.87627,1.43579],[-53.88728,1.40812],[-53.84114,1.4024],[-53.85237,1.39407],[-53.81964,1.3895],[-53.80702,1.40235],[-53.82231,1.41417],[-53.80353,1.42386],[-53.78325,1.40319],[-53.73186,1.38662],[-53.71495,1.40571],[-53.72359,1.42856],[-53.69534,1.41848],[-53.71297,1.39677],[-53.70099,1.37825],[-53.68703,1.38613],[-53.68,1.37286],[-53.66439,1.37559],[-53.65986,1.40017],[-53.64637,1.40796],[-53.63997,1.39269],[-53.64306,1.36422],[-53.66261,1.34983],[-53.64142,1.3353],[-53.63278,1.3477],[-53.59475,1.35849],[-53.57022,1.33764],[-53.56339,1.35003],[-53.53808,1.3412],[-53.53292,1.32277],[-53.56078,1.31117],[-53.55622,1.28514],[-53.53005,1.27396],[-53.52286,1.26168],[-53.54585,1.22884],[-53.53853,1.21276],[-53.52474,1.21205],[-53.47327,1.23967],[-53.4383,1.23247],[-53.42606,1.24306],[-53.41697,1.20311],[-53.39562,1.17963],[-53.40395,1.15151],[-53.43931,1.15401],[-53.45869,1.13402],[-53.45536,1.07771],[-53.4355,1.05992],[-53.42089,1.02929],[-53.42947,1.02015],[-53.42636,0.99276],[-53.41034,0.98238],[-53.41103,0.92968],[-53.35447,0.88859],[-53.30183,0.85934],[-53.27436,0.82527],[-53.25468,0.80955],[-53.18981,0.76872],[-53.18414,0.74784],[-53.15694,0.72941],[-53.14647,0.70013],[-53.12367,0.6977],[-53.10583,0.68432],[-53.12003,0.63432],[-53.14686,0.60068],[-53.15438,0.5637],[-53.1516,0.53224],[-53.16931,0.49408],[-53.15466,0.48052],[-53.16728,0.44607],[-53.15947,0.40331],[-53.17485,0.38206],[-53.136,0.32638],[-53.13389,0.30052],[-53.11147,0.28687],[-53.09442,0.26256],[-53.10595,0.23209],[-53.09383,0.19565],[-53.05166,0.15768],[-53.02884,0.10506],[-53.01071,0.09539],[-53.01455,0.06004],[-52.97687,0.02414],[-52.9706,-0.04276],[-52.9596,-0.06288],[-52.93228,-0.14196],[-52.90355,-0.15459],[-52.87636,-0.14241],[-52.85108,-0.14981],[-52.83564,-0.1858],[-52.75798,-0.23934],[-52.75397,-0.26184],[-52.71578,-0.29235],[-52.70044,-0.29249],[-52.68371,-0.31397],[-52.68139,-0.33962],[-52.69811,-0.38682],[-52.67869,-0.42333],[-52.70222,-0.45888],[-52.69056,-0.47681],[-52.69498,-0.49605],[-52.66683,-0.52476],[-52.6673,-0.54379],[-52.63955,-0.58456],[-52.61253,-0.59454],[-52.57587,-0.57606],[-52.53472,-0.57374],[-52.52272,-0.58873],[-52.51273,-0.6193],[-52.50961,-0.65106],[-52.51539,-0.66322],[-52.50127,-0.69241],[-52.49716,-0.71955],[-52.50137,-0.74641],[-52.52117,-0.78486],[-52.50939,-0.8131],[-52.53458,-0.84169],[-52.5382,-0.85446],[-52.51647,-0.85827],[-52.44386,-0.83382],[-52.4027,-0.8768],[-52.40429,-0.9125],[-52.42889,-0.91998],[-52.43904,-0.9352],[-52.41947,-0.96561],[-52.41633,-1.02526],[-52.42878,-1.04229],[-52.41961,-1.05235],[-52.39972,-1.04328],[-52.3577,-1.06223],[-52.33253,-1.11554],[-52.30053,-1.11556],[-52.27287,-1.12818],[-52.2382,-1.12589],[-52.22169,-1.13417],[-52.17311,-1.12978],[-52.14628,-1.14844],[-52.11981,-1.14584],[-52.10631,-1.18271],[-52.11053,-1.21465],[-52.10162,-1.22561],[-52.07,-1.23563],[-52.05419,-1.23387],[-52.04661,-1.21895],[-52.06348,-1.18942],[-52.05461,-1.1766],[-52.0293,-1.16777],[-51.99067,-1.17146],[-51.98658,-1.15648],[-51.99294,-1.12862],[-51.96514,-1.12546],[-51.96547,-1.15925],[-51.94645,-1.16565],[-51.9255,-1.13196],[-51.88683,-1.16604],[-51.80864,-1.15675],[-51.77795,-1.14006],[-51.78253,-1.18351],[-51.79025,-1.19826],[-51.81586,-1.21682],[-51.85967,-1.23976],[-51.88687,-1.27187],[-51.89047,-1.30912],[-51.90398,-1.34518],[-51.95536,-1.40561],[-51.99066,-1.43474],[-52.06136,-1.44934],[-52.11111,-1.46979],[-52.22978,-1.48567],[-52.25142,-1.50371],[-52.23697,-1.55165],[-52.21033,-1.59702],[-52.20121,-1.60306],[-52.13881,-1.60784],[-52.09199,-1.60652],[-52.02475,-1.59629],[-51.99308,-1.59852],[-51.95945,-1.58912],[-51.96957,-1.60991],[-51.95158,-1.64623],[-51.96323,-1.67509],[-51.98561,-1.70063],[-51.98959,-1.74262],[-51.978,-1.80306],[-51.96307,-1.82522],[-51.96695,-1.85373],[-51.96289,-1.88053],[-51.94275,-1.88962],[-51.91112,-1.91694],[-51.88189,-1.92605],[-51.87419,-1.94421],[-51.88614,-1.97424],[-51.90539,-2.00309],[-51.91589,-2.07388],[-51.93917,-2.10738],[-51.93916,-2.25673],[-51.92199,-2.27856],[-51.92461,-2.32298],[-51.92009,-2.33119],[-51.8772,-2.35297],[-51.86117,-2.38648],[-51.88131,-2.43229],[-51.87489,-2.4575],[-51.85753,-2.48233],[-51.84792,-2.50805],[-51.854,-2.55211],[-51.89425,-2.52339],[-51.91928,-2.4928],[-51.94863,-2.51481],[-51.97827,-2.55247],[-51.98836,-2.5753],[-52.00197,-2.63023],[-52.02889,-2.66291],[-52.05447,-2.68588],[-52.06453,-2.73748],[-52.05833,-2.77479],[-52.03458,-2.80137],[-51.99607,-2.86422],[-51.94419,-2.88002],[-51.93389,-2.90015],[-51.91345,-2.91876],[-51.89044,-2.95091],[-51.87292,-2.99014],[-51.848,-3.02089],[-51.85288,-3.04388],[-51.83062,-3.05593],[-51.8237,-3.08879],[-51.8017,-3.09753],[-51.78148,-3.11666],[-51.74313,-3.1031],[-51.72381,-3.11021],[-51.71808,-3.1253],[-51.6699,-3.13199],[-51.68428,-3.15664],[-51.60916,-3.15059],[-51.63085,-3.25203],[-51.66989,-3.25641],[-51.68944,-3.24058],[-51.71509,-3.26911],[-51.70845,-3.28089],[-51.73634,-3.32176],[-51.76675,-3.33514],[-51.73711,-3.35126],[-51.73947,-3.37305],[-51.75175,-3.39226],[-51.74081,-3.42692],[-51.71222,-3.46601],[-51.72252,-3.48669],[-51.75897,-3.47968],[-51.76762,-3.48789],[-51.79547,-3.48346],[-51.80252,-3.50235],[-51.82472,-3.53346],[-51.8387,-3.5337],[-51.85203,-3.54873],[-51.88292,-3.56457],[-51.8785,-3.58132],[-51.9035,-3.59019],[-51.93334,-3.56182],[-51.94639,-3.51629],[-51.94114,-3.49264],[-51.95192,-3.47187],[-51.97913,-3.49919],[-52.03577,-3.49718],[-52.06793,-3.53395],[-52.08616,-3.53283],[-52.09622,-3.54924],[-52.14046,-3.56307],[-52.16766,-3.56359],[-52.18519,-3.59943],[-52.19131,-3.63396],[-52.20602,-3.6449],[-52.21188,-3.67996],[-52.22337,-3.69969],[-52.25705,-3.70358],[-52.26429,-3.71986],[-52.29233,-3.72968],[-52.30216,-3.75009],[-52.29611,-3.80812],[-52.28844,-3.83553],[-52.29816,-3.8476],[-52.27898,-3.8775],[-52.27811,-3.9015],[-52.28657,-3.90736],[-52.27771,-3.95158],[-52.29267,-3.97317],[-52.32774,-3.97919],[-52.35251,-3.99526],[-52.32809,-4.0109],[-52.2969,-4.01695],[-52.27633,-4.03161],[-52.24709,-4.03424],[-52.22761,-4.04607],[-52.1904,-4.04904],[-52.16348,-4.05967],[-52.15592,-4.0809],[-52.13178,-4.08951],[-52.12201,-4.06555],[-52.07614,-4.06509],[-52.05858,-4.09051],[-52.05653,-4.12404],[-52.03819,-4.13904],[-52.03442,-4.15485],[-52.012,-4.15102],[-52.00969,-4.17684],[-51.983,-4.18468],[-51.96519,-4.2024],[-51.94239,-4.19883],[-51.91544,-4.25258],[-51.9202,-4.26497],[-51.8922,-4.27699],[-51.87503,-4.23643],[-51.85638,-4.22614],[-51.85119,-4.21129],[-51.81622,-4.23246],[-51.82859,-4.25151],[-51.83286,-4.28534],[-51.82178,-4.29695],[-51.80725,-4.28716],[-51.80911,-4.3106],[-51.80056,-4.3357],[-51.78564,-4.34653],[-51.77308,-4.32705],[-51.75072,-4.32356],[-51.74031,-4.33657],[-51.70431,-4.32805],[-51.7007,-4.37167],[-51.67156,-4.37003],[-51.66184,-4.40847],[-51.67358,-4.42592],[-51.69153,-4.42957],[-51.71747,-4.45485],[-51.74103,-4.45529],[-51.77234,-4.47349],[-51.83194,-4.43416],[-51.8632,-4.4281],[-51.87764,-4.43404],[-51.88014,-4.46085],[-51.89851,-4.47677],[-51.90397,-4.49278],[-51.92397,-4.5104],[-51.94519,-4.54473],[-51.95817,-4.58039],[-51.96836,-4.58239],[-52.00338,-4.62021],[-52.04981,-4.63621],[-52.05188,-4.65438],[-52.08097,-4.68012],[-52.07519,-4.69372],[-52.08716,-4.74826],[-52.08376,-4.77193],[-52.09197,-4.79182],[-52.08406,-4.80886],[-52.09366,-4.82653],[-52.10441,-4.86842],[-52.11542,-4.89233],[-52.08208,-4.91062],[-52.06942,-4.90942],[-52.06775,-4.94658],[-52.05827,-4.96955],[-52.06389,-4.98755],[-52.05303,-5.0098],[-52.04036,-5.00911],[-52.05978,-5.04893],[-52.05528,-5.06453],[-52.07237,-5.09627],[-52.07822,-5.12779],[-52.05062,-5.15102],[-52.05767,-5.18398],[-52.07556,-5.21527],[-52.06703,-5.2235],[-52.07767,-5.25702],[-52.10481,-5.27101],[-52.11906,-5.31381],[-52.10878,-5.35225],[-52.136,-5.3332],[-52.14194,-5.31862],[-52.16169,-5.31449],[-52.17911,-5.29976],[-52.20131,-5.30346],[-52.21303,-5.29079],[-52.25817,-5.26916],[-52.27008,-5.27899],[-52.28356,-5.25725],[-52.27325,-5.22564],[-52.29489,-5.19404],[-52.34292,-5.17894],[-52.37434,-5.20418],[-52.40553,-5.18566],[-52.41003,-5.1659],[-52.42592,-5.15361],[-52.44469,-5.16681],[-52.44964,-5.18462],[-52.47365,-5.20417],[-52.48814,-5.19789],[-52.49389,-5.21778],[-52.52685,-5.22949],[-52.55033,-5.22843],[-52.56039,-5.21681],[-52.57645,-5.23475],[-52.62656,-5.25245],[-52.63498,-5.27168],[-52.65758,-5.2974],[-52.65472,-5.33415],[-52.64175,-5.35527],[-52.65014,-5.3707],[-52.64125,-5.38079],[-52.64553,-5.40016],[-52.67261,-5.42964],[-52.66595,-5.4461],[-52.68186,-5.50482],[-52.69139,-5.51589],[-52.6823,-5.58161],[-52.69954,-5.61146],[-52.69117,-5.65613],[-52.74219,-5.68363],[-52.75272,-5.71102],[-52.77597,-5.72401],[-52.80181,-5.71529],[-52.83169,-5.68956],[-52.83572,-5.70322],[-52.8565,-5.71234],[-52.87012,-5.69775],[-52.89575,-5.70528],[-52.9175,-5.72364],[-52.92119,-5.73667],[-52.93891,-5.74364],[-52.92722,-5.76727],[-52.9314,-5.79083],[-52.95178,-5.79822],[-52.96308,-5.82904],[-52.97539,-5.8447],[-53.01905,-5.85657],[-53.02905,-5.87418],[-53.07464,-5.88207],[-53.08456,-5.86266],[-53.11164,-5.87287],[-53.12753,-5.90048],[-53.14006,-5.9006],[-53.13828,-5.92174],[-53.1852,-5.95512],[-53.20195,-5.95823],[-53.21784,-5.94247],[-53.24139,-5.94967],[-53.24492,-5.96555],[-53.27878,-5.98138],[-53.2705,-6.01941],[-53.31142,-6.03376],[-53.32233,-6.0518],[-53.34467,-6.04743],[-53.3685,-6.05757],[-53.38778,-6.09579],[-53.3707,-6.11734],[-53.35394,-6.1164],[-53.34042,-6.13153],[-53.35091,-6.1715],[-53.34497,-6.18034],[-53.32494,-6.16642],[-53.30647,-6.16529],[-53.28722,-6.2093],[-53.2857,-6.23395],[-53.25447,-6.26663],[-53.25975,-6.28888],[-53.22345,-6.29778],[-53.23639,-6.33722],[-53.21064,-6.33748],[-53.21003,-6.3587],[-53.19389,-6.37109],[-53.19069,-6.40018],[-53.21264,-6.424],[-53.18131,-6.45832],[-53.19258,-6.47608],[-53.21411,-6.46907],[-53.21483,-6.48377],[-53.23049,-6.48687],[-53.231,-6.50225],[-53.2555,-6.47745],[-53.25694,-6.46467],[-53.29625,-6.45796],[-53.32511,-6.4763],[-53.31381,-6.49916],[-53.33686,-6.53348],[-53.34766,-6.56183],[-53.37339,-6.59364],[-53.39289,-6.58123],[-53.40678,-6.56144],[-53.42786,-6.55233],[-53.43959,-6.55868],[-53.46644,-6.6099],[-53.45546,-6.61896],[-53.46805,-6.63433],[-53.45672,-6.66506],[-53.46244,-6.67979],[-53.44561,-6.68619],[-53.42359,-6.6746],[-53.40489,-6.69401],[-53.39445,-6.71724],[-53.36803,-6.72286],[-53.34373,-6.74903],[-53.32431,-6.74992],[-53.27361,-6.7671],[-53.24678,-6.78649],[-53.24945,-6.79663],[-53.235,-6.81976],[-53.28836,-6.86465],[-53.29597,-6.88758],[-53.31841,-6.8931],[-53.31117,-6.91569],[-53.28214,-6.93661],[-53.27833,-6.96525],[-53.30167,-6.99566],[-53.31697,-7.02707],[-53.30711,-7.0742],[-53.28042,-7.10189],[-53.25325,-7.11419],[-53.25556,-7.13684],[-53.28605,-7.17548],[-53.31467,-7.19964],[-53.3025,-7.22821],[-53.28097,-7.23234],[-53.25814,-7.26297],[-53.25658,-7.2743],[-53.23442,-7.29813],[-53.20767,-7.31338],[-53.16492,-7.35674],[-53.17789,-7.37369],[-53.15094,-7.39799],[-53.13028,-7.38898],[-53.11961,-7.39511],[-53.12292,-7.44902],[-53.09369,-7.4749],[-53.09214,-7.48895],[-53.12853,-7.52465],[-53.13789,-7.54615],[-53.16764,-7.55355],[-53.14706,-7.5758],[-53.15278,-7.59322],[-53.14034,-7.61545],[-53.13008,-7.60415],[-53.11244,-7.62412],[-53.12317,-7.65558],[-53.1123,-7.65494],[-53.09964,-7.68168],[-53.06555,-7.68131],[-53.02797,-7.7233],[-53.03145,-7.75138],[-53.02217,-7.76794],[-53.03558,-7.77901],[-52.99545,-7.79631],[-52.99164,-7.82735],[-53.00395,-7.84363],[-53.01508,-7.8418],[-53.03011,-7.85965],[-53.01719,-7.8812],[-53.05675,-7.89334],[-53.06659,-7.91823],[-53.0178,-7.94145],[-53.02897,-7.9609],[-53.01431,-7.99763],[-52.98339,-7.98865],[-52.98348,-8.00838],[-52.96742,-8.02577],[-52.98516,-8.02997],[-52.95572,-8.07067],[-52.95424,-8.08724],[-52.96497,-8.12115],[-52.9248,-8.16223],[-52.93911,-8.20547],[-52.92919,-8.22244],[-52.96762,-8.23996],[-52.97245,-8.27178],[-53.00764,-8.29495],[-52.99022,-8.3071],[-52.97908,-8.33746],[-52.9642,-8.34646],[-52.94072,-8.3463],[-52.94158,-8.39037],[-52.89889,-8.4294],[-52.90841,-8.43945],[-52.94291,-8.43195],[-52.95472,-8.44088],[-52.94828,-8.48355],[-52.92013,-8.4954],[-52.90447,-8.52006],[-52.91439,-8.53784],[-52.88747,-8.57242],[-52.89875,-8.59634],[-52.89625,-8.62721],[-52.92114,-8.62555],[-52.9477,-8.64888],[-52.93095,-8.66491],[-52.94887,-8.68455],[-52.92362,-8.70439],[-52.93145,-8.72964],[-52.94194,-8.73016],[-52.97334,-8.71241],[-53.00581,-8.70443],[-53.03647,-8.72823],[-53.03472,-8.75138],[-53.01473,-8.77512],[-53.02359,-8.7847],[-53.00597,-8.78959],[-52.99131,-8.83516],[-52.99303,-8.85471],[-53.00481,-8.86817],[-53.01547,-8.91956],[-53.05478,-8.95363],[-53.03984,-8.97126],[-53.05153,-9.00249],[-53.04612,-9.02871],[-53.01562,-9.06402],[-53.03158,-9.07008],[-53.05233,-9.10387],[-53.08433,-9.11572],[-53.08081,-9.14304],[-53.04119,-9.15649],[-53.02252,-9.15629],[-52.9865,-9.20235],[-52.97175,-9.20985],[-52.96236,-9.23344],[-52.97475,-9.24365],[-52.96542,-9.27762],[-52.95723,-9.28267],[-52.94376,-9.3291],[-52.92117,-9.38321],[-52.93914,-9.42102],[-52.92678,-9.45303],[-52.94955,-9.45827],[-52.96589,-9.44907],[-52.99461,-9.47489],[-53.02534,-9.48051],[-53.04203,-9.47689],[-53.05625,-9.5301],[-53.11206,-9.55203],[-53.12366,-9.57221],[-53.12022,-9.59641],[-53.13292,-9.6449],[-53.58793,-9.61087],[-54.10614,-9.57152],[-54.61297,-9.53542],[-54.9951,-9.50494],[-55.70288,-9.44738],[-56.15603,-9.41006],[-56.67139,-9.367],[-56.71081,-9.37389],[-56.75378,-9.40597],[-56.77183,-9.39056],[-56.77503,-9.32913],[-56.7847,-9.31617],[-56.80292,-9.26706],[-56.81962,-9.24594],[-56.85984,-9.23125],[-56.87905,-9.2393],[-56.93769,-9.23003],[-56.95175,-9.22269],[-56.99505,-9.23344],[-57.02214,-9.2193],[-57.03883,-9.19664],[-57.05964,-9.18157],[-57.05192,-9.15807],[-57.05995,-9.13673],[-57.041,-9.1147],[-57.03875,-9.09789],[-57.06275,-9.07818],[-57.05911,-9.06388],[-57.08953,-9.03782],[-57.09411,-9.01671],[-57.13778,-8.99422],[-57.18836,-8.93276],[-57.21582,-8.91373],[-57.24503,-8.90567],[-57.2857,-8.9151],[-57.30553,-8.90951],[-57.31456,-8.88662],[-57.34909,-8.88039],[-57.38025,-8.88073],[-57.41998,-8.84922],[-57.41278,-8.82579],[-57.41564,-8.79548],[-57.42708,-8.78285],[-57.46303,-8.78435],[-57.48436,-8.76899],[-57.52989,-8.74778],[-57.56187,-8.76086],[-57.59056,-8.75638],[-57.60056,-8.74083],[-57.59312,-8.70702],[-57.6048,-8.66244],[-57.62425,-8.63845],[-57.62175,-8.5908],[-57.64428,-8.58159],[-57.65001,-8.55298],[-57.63834,-8.54017],[-57.63714,-8.51316],[-57.65856,-8.49999],[-57.65092,-8.47065],[-57.68109,-8.43273],[-57.68606,-8.40662],[-57.66753,-8.36648],[-57.67937,-8.31859],[-57.66434,-8.29449],[-57.66176,-8.26649],[-57.64148,-8.21616],[-57.66675,-8.17608],[-57.70414,-8.16763],[-57.71936,-8.14621],[-57.72794,-8.09383],[-57.77603,-8.05179],[-57.8035,-8.00303],[-57.82834,-7.97251],[-57.83221,-7.9531],[-57.8342,-7.88335],[-57.84047,-7.86109],[-57.87334,-7.8008],[-57.89845,-7.6715],[-57.91569,-7.65696],[-57.93906,-7.65275],[-57.94253,-7.61107],[-57.95156,-7.57976],[-57.97208,-7.5342],[-58.00167,-7.48774],[-58.03461,-7.45375],[-58.06086,-7.3948],[-58.11953,-7.35239],[-58.13656,-7.35574],[-58.16951,-7.31284]]]}},{"type":"Feature","properties":{"id":"94","phone_code":"94","phone_code_1_digit":"9"},"geometry":{"type":"Polygon","coordinates":[[[-50.69582,-9.81038],[-50.84244,-9.80041],[-51.05841,-9.78741],[-51.46115,-9.76187],[-52.25493,-9.70735],[-52.61951,-9.6818],[-53.13292,-9.6449],[-53.12022,-9.59641],[-53.12366,-9.57221],[-53.11206,-9.55203],[-53.05625,-9.5301],[-53.04203,-9.47689],[-53.02534,-9.48051],[-52.99461,-9.47489],[-52.96589,-9.44907],[-52.94955,-9.45827],[-52.92678,-9.45303],[-52.93914,-9.42102],[-52.92117,-9.38321],[-52.94376,-9.3291],[-52.95723,-9.28267],[-52.96542,-9.27762],[-52.97475,-9.24365],[-52.96236,-9.23344],[-52.97175,-9.20985],[-52.9865,-9.20235],[-53.02252,-9.15629],[-53.04119,-9.15649],[-53.08081,-9.14304],[-53.08433,-9.11572],[-53.05233,-9.10387],[-53.03158,-9.07008],[-53.01562,-9.06402],[-53.04612,-9.02871],[-53.05153,-9.00249],[-53.03984,-8.97126],[-53.05478,-8.95363],[-53.01547,-8.91956],[-53.00481,-8.86817],[-52.99303,-8.85471],[-52.99131,-8.83516],[-53.00597,-8.78959],[-53.02359,-8.7847],[-53.01473,-8.77512],[-53.03472,-8.75138],[-53.03647,-8.72823],[-53.00581,-8.70443],[-52.97334,-8.71241],[-52.94194,-8.73016],[-52.93145,-8.72964],[-52.92362,-8.70439],[-52.94887,-8.68455],[-52.93095,-8.66491],[-52.9477,-8.64888],[-52.92114,-8.62555],[-52.89625,-8.62721],[-52.89875,-8.59634],[-52.88747,-8.57242],[-52.91439,-8.53784],[-52.90447,-8.52006],[-52.92013,-8.4954],[-52.94828,-8.48355],[-52.95472,-8.44088],[-52.94291,-8.43195],[-52.90841,-8.43945],[-52.89889,-8.4294],[-52.94158,-8.39037],[-52.94072,-8.3463],[-52.9642,-8.34646],[-52.97908,-8.33746],[-52.99022,-8.3071],[-53.00764,-8.29495],[-52.97245,-8.27178],[-52.96762,-8.23996],[-52.92919,-8.22244],[-52.93911,-8.20547],[-52.9248,-8.16223],[-52.96497,-8.12115],[-52.95424,-8.08724],[-52.95572,-8.07067],[-52.98516,-8.02997],[-52.96742,-8.02577],[-52.98348,-8.00838],[-52.98339,-7.98865],[-53.01431,-7.99763],[-53.02897,-7.9609],[-53.0178,-7.94145],[-53.06659,-7.91823],[-53.05675,-7.89334],[-53.01719,-7.8812],[-53.03011,-7.85965],[-53.01508,-7.8418],[-53.00395,-7.84363],[-52.99164,-7.82735],[-52.99545,-7.79631],[-53.03558,-7.77901],[-53.02217,-7.76794],[-53.03145,-7.75138],[-53.02797,-7.7233],[-53.06555,-7.68131],[-53.09964,-7.68168],[-53.1123,-7.65494],[-53.12317,-7.65558],[-53.11244,-7.62412],[-53.13008,-7.60415],[-53.14034,-7.61545],[-53.15278,-7.59322],[-53.14706,-7.5758],[-53.16764,-7.55355],[-53.13789,-7.54615],[-53.12853,-7.52465],[-53.09214,-7.48895],[-53.09369,-7.4749],[-53.12292,-7.44902],[-53.11961,-7.39511],[-53.13028,-7.38898],[-53.15094,-7.39799],[-53.17789,-7.37369],[-53.16492,-7.35674],[-53.20767,-7.31338],[-53.23442,-7.29813],[-53.25658,-7.2743],[-53.25814,-7.26297],[-53.28097,-7.23234],[-53.3025,-7.22821],[-53.31467,-7.19964],[-53.28605,-7.17548],[-53.25556,-7.13684],[-53.25325,-7.11419],[-53.28042,-7.10189],[-53.30711,-7.0742],[-53.31697,-7.02707],[-53.30167,-6.99566],[-53.27833,-6.96525],[-53.28214,-6.93661],[-53.31117,-6.91569],[-53.31841,-6.8931],[-53.29597,-6.88758],[-53.28836,-6.86465],[-53.235,-6.81976],[-53.24945,-6.79663],[-53.24678,-6.78649],[-53.27361,-6.7671],[-53.32431,-6.74992],[-53.34373,-6.74903],[-53.36803,-6.72286],[-53.39445,-6.71724],[-53.40489,-6.69401],[-53.42359,-6.6746],[-53.44561,-6.68619],[-53.46244,-6.67979],[-53.45672,-6.66506],[-53.46805,-6.63433],[-53.45546,-6.61896],[-53.46644,-6.6099],[-53.43959,-6.55868],[-53.42786,-6.55233],[-53.40678,-6.56144],[-53.39289,-6.58123],[-53.37339,-6.59364],[-53.34766,-6.56183],[-53.33686,-6.53348],[-53.31381,-6.49916],[-53.32511,-6.4763],[-53.29625,-6.45796],[-53.25694,-6.46467],[-53.2555,-6.47745],[-53.231,-6.50225],[-53.23049,-6.48687],[-53.21483,-6.48377],[-53.21411,-6.46907],[-53.19258,-6.47608],[-53.18131,-6.45832],[-53.21264,-6.424],[-53.19069,-6.40018],[-53.19389,-6.37109],[-53.21003,-6.3587],[-53.21064,-6.33748],[-53.23639,-6.33722],[-53.22345,-6.29778],[-53.25975,-6.28888],[-53.25447,-6.26663],[-53.2857,-6.23395],[-53.28722,-6.2093],[-53.30647,-6.16529],[-53.32494,-6.16642],[-53.34497,-6.18034],[-53.35091,-6.1715],[-53.34042,-6.13153],[-53.35394,-6.1164],[-53.3707,-6.11734],[-53.38778,-6.09579],[-53.3685,-6.05757],[-53.34467,-6.04743],[-53.32233,-6.0518],[-53.31142,-6.03376],[-53.2705,-6.01941],[-53.27878,-5.98138],[-53.24492,-5.96555],[-53.24139,-5.94967],[-53.21784,-5.94247],[-53.20195,-5.95823],[-53.1852,-5.95512],[-53.13828,-5.92174],[-53.14006,-5.9006],[-53.12753,-5.90048],[-53.11164,-5.87287],[-53.08456,-5.86266],[-53.07464,-5.88207],[-53.02905,-5.87418],[-53.01905,-5.85657],[-52.97539,-5.8447],[-52.96308,-5.82904],[-52.95178,-5.79822],[-52.9314,-5.79083],[-52.92722,-5.76727],[-52.93891,-5.74364],[-52.92119,-5.73667],[-52.9175,-5.72364],[-52.89575,-5.70528],[-52.87012,-5.69775],[-52.8565,-5.71234],[-52.83572,-5.70322],[-52.83169,-5.68956],[-52.80181,-5.71529],[-52.77597,-5.72401],[-52.75272,-5.71102],[-52.74219,-5.68363],[-52.69117,-5.65613],[-52.69954,-5.61146],[-52.6823,-5.58161],[-52.69139,-5.51589],[-52.68186,-5.50482],[-52.66595,-5.4461],[-52.67261,-5.42964],[-52.64553,-5.40016],[-52.64125,-5.38079],[-52.65014,-5.3707],[-52.64175,-5.35527],[-52.65472,-5.33415],[-52.65758,-5.2974],[-52.63498,-5.27168],[-52.62656,-5.25245],[-52.57645,-5.23475],[-52.56039,-5.21681],[-52.55033,-5.22843],[-52.52685,-5.22949],[-52.49389,-5.21778],[-52.48814,-5.19789],[-52.47365,-5.20417],[-52.44964,-5.18462],[-52.44469,-5.16681],[-52.42592,-5.15361],[-52.41003,-5.1659],[-52.40553,-5.18566],[-52.37434,-5.20418],[-52.34292,-5.17894],[-52.29489,-5.19404],[-52.27325,-5.22564],[-52.28356,-5.25725],[-52.27008,-5.27899],[-52.25817,-5.26916],[-52.21303,-5.29079],[-52.20131,-5.30346],[-52.17911,-5.29976],[-52.16169,-5.31449],[-52.14194,-5.31862],[-52.136,-5.3332],[-52.10878,-5.35225],[-52.11906,-5.31381],[-52.10481,-5.27101],[-52.07767,-5.25702],[-52.06703,-5.2235],[-52.07556,-5.21527],[-52.05767,-5.18398],[-52.05062,-5.15102],[-52.00912,-5.15148],[-51.44737,-5.14984],[-50.92975,-5.15019],[-50.91127,-5.11859],[-50.89486,-5.1123],[-50.90153,-5.09168],[-50.88411,-5.0628],[-50.88822,-5.04307],[-50.87778,-5.03701],[-50.85958,-5.00001],[-50.86908,-4.98487],[-50.85075,-4.95549],[-50.8548,-4.94061],[-50.8467,-4.90902],[-50.85928,-4.89959],[-50.858,-4.86848],[-50.87958,-4.86086],[-50.89286,-4.87531],[-50.91183,-4.86432],[-50.92339,-4.82897],[-50.92023,-4.8165],[-50.93361,-4.79072],[-50.92583,-4.77831],[-50.9472,-4.75479],[-50.91608,-4.74932],[-50.90631,-4.73142],[-50.92312,-4.71174],[-50.9322,-4.71334],[-50.92995,-4.68357],[-50.90506,-4.68738],[-50.91684,-4.65601],[-50.91966,-4.6256],[-50.89417,-4.58157],[-50.90442,-4.56205],[-50.89828,-4.54395],[-50.90089,-4.51696],[-50.88953,-4.49999],[-50.90628,-4.4955],[-50.90273,-4.47014],[-50.88536,-4.46581],[-50.87933,-4.44715],[-50.89611,-4.42981],[-50.90001,-4.41197],[-50.91758,-4.40555],[-50.92953,-4.38772],[-50.95389,-4.37234],[-50.97339,-4.38461],[-50.97803,-4.36135],[-50.99453,-4.36031],[-50.98481,-4.33183],[-50.98169,-4.28991],[-50.99326,-4.27093],[-50.97328,-4.25494],[-50.96522,-4.26595],[-50.9185,-4.27207],[-50.89403,-4.28693],[-50.8665,-4.28631],[-50.81797,-4.29457],[-50.76936,-4.25334],[-50.71525,-4.24172],[-50.67374,-4.2068],[-50.881,-3.8532],[-50.44607,-3.97904],[-50.10806,-4.0776],[-50.09822,-4.06005],[-50.11689,-4.05174],[-50.10683,-4.03116],[-50.13036,-4.02699],[-50.12303,-3.98749],[-50.09386,-3.96074],[-50.07056,-3.96022],[-50.05534,-3.92159],[-50.02039,-3.90639],[-50.00523,-3.88404],[-50.01225,-3.85903],[-49.98222,-3.84763],[-49.96692,-3.82412],[-49.97264,-3.79708],[-49.95708,-3.79104],[-49.9885,-3.74123],[-49.99756,-3.7134],[-49.98945,-3.69163],[-49.96786,-3.6832],[-49.96509,-3.66058],[-49.9537,-3.67318],[-49.90906,-3.65993],[-49.87489,-3.66538],[-49.8605,-3.64512],[-49.84355,-3.64567],[-49.83004,-3.63245],[-49.77044,-3.61978],[-49.74697,-3.59386],[-49.72641,-3.59911],[-49.685,-3.5913],[-49.67192,-3.58272],[-49.66864,-3.5542],[-49.65686,-3.52889],[-49.61072,-3.52042],[-49.59717,-3.51274],[-49.60859,-3.47264],[-49.60981,-3.42653],[-49.59041,-3.41475],[-49.47211,-3.41488],[-49.16589,-3.41287],[-48.92518,-3.41257],[-48.9273,-3.43266],[-48.97361,-3.45688],[-49.02437,-3.5108],[-49.03546,-3.53789],[-48.96792,-3.54556],[-48.9454,-3.56737],[-48.91723,-3.56645],[-48.89772,-3.57482],[-48.88346,-3.56758],[-48.86953,-3.58345],[-48.88655,-3.59383],[-48.88222,-3.61815],[-48.87231,-3.62706],[-48.88978,-3.63626],[-48.88592,-3.64707],[-48.8602,-3.64777],[-48.87053,-3.66099],[-48.86506,-3.67588],[-48.83906,-3.67614],[-48.83711,-3.68965],[-48.81922,-3.68734],[-48.82048,-3.7111],[-48.7812,-3.71269],[-48.78375,-3.72046],[-48.73047,-3.72259],[-48.72439,-3.73749],[-48.70056,-3.74048],[-48.70925,-3.75494],[-48.68695,-3.75037],[-48.64151,-3.77244],[-48.62164,-3.77656],[-48.58112,-3.80867],[-48.55195,-3.80357],[-48.51611,-3.80783],[-48.51297,-3.81563],[-48.48104,-3.81949],[-48.45788,-3.80404],[-48.4187,-3.8218],[-48.40142,-3.81929],[-48.38831,-3.83693],[-48.38586,-3.82495],[-48.35203,-3.82228],[-48.34056,-3.83158],[-48.3189,-3.80874],[-48.28945,-3.81351],[-48.26842,-3.79476],[-48.2432,-3.79652],[-48.23244,-3.78787],[-48.2067,-3.80232],[-48.14453,-3.8007],[-48.10434,-3.78845],[-48.01436,-3.82617],[-47.99073,-3.85667],[-47.98026,-3.88791],[-47.98198,-3.90877],[-47.96628,-3.91898],[-47.9554,-3.94611],[-47.9376,-3.95102],[-47.91503,-3.9693],[-47.89362,-3.99577],[-47.89895,-4.01295],[-47.88051,-4.01951],[-47.87003,-4.03587],[-47.82098,-4.05487],[-47.78265,-4.05981],[-47.75507,-4.03815],[-47.72078,-4.0288],[-47.696,-4.03989],[-47.67898,-4.06823],[-47.56867,-4.0925],[-47.50503,-4.13797],[-47.46342,-4.15526],[-47.41689,-4.13999],[-47.38461,-4.11043],[-47.34673,-4.10831],[-47.34933,-4.1415],[-47.33981,-4.17667],[-47.36541,-4.18026],[-47.35984,-4.191],[-47.37873,-4.22076],[-47.37134,-4.24521],[-47.38822,-4.2495],[-47.40065,-4.26745],[-47.42884,-4.28646],[-47.44163,-4.28705],[-47.4554,-4.30512],[-47.47431,-4.31467],[-47.47589,-4.35606],[-47.48768,-4.36679],[-47.50213,-4.40239],[-47.53082,-4.44359],[-47.5633,-4.47418],[-47.58105,-4.51956],[-47.61152,-4.55698],[-47.63725,-4.57102],[-47.67954,-4.60823],[-47.72439,-4.60604],[-47.75362,-4.59044],[-47.79054,-4.58594],[-47.81573,-4.61435],[-48.21195,-4.92455],[-48.39584,-5.06999],[-48.41862,-5.08533],[-48.43717,-5.08319],[-48.43272,-5.09768],[-48.75472,-5.34878],[-48.74562,-5.36872],[-48.73069,-5.37479],[-48.68012,-5.37838],[-48.65006,-5.38454],[-48.62869,-5.40967],[-48.59093,-5.42136],[-48.5571,-5.41633],[-48.51115,-5.42903],[-48.46416,-5.41191],[-48.38928,-5.39332],[-48.37306,-5.40235],[-48.34504,-5.43999],[-48.34065,-5.46668],[-48.32509,-5.49336],[-48.30028,-5.52262],[-48.26108,-5.54769],[-48.21217,-5.55385],[-48.1943,-5.56271],[-48.13772,-5.6023],[-48.13182,-5.61775],[-48.13911,-5.64717],[-48.17316,-5.70956],[-48.22475,-5.72752],[-48.27211,-5.72511],[-48.29412,-5.75629],[-48.29942,-5.78428],[-48.29134,-5.83321],[-48.27318,-5.86635],[-48.24517,-5.89585],[-48.23146,-5.91851],[-48.2312,-5.94575],[-48.25153,-5.95999],[-48.30665,-5.97445],[-48.33429,-6.00389],[-48.33383,-6.03565],[-48.30155,-6.04692],[-48.2834,-6.08394],[-48.30508,-6.11811],[-48.33144,-6.13496],[-48.36506,-6.14698],[-48.40784,-6.15301],[-48.4315,-6.17691],[-48.436,-6.19301],[-48.41855,-6.26785],[-48.41669,-6.2982],[-48.38444,-6.32411],[-48.37487,-6.34636],[-48.38603,-6.37977],[-48.42394,-6.35662],[-48.44728,-6.35079],[-48.50556,-6.35272],[-48.54014,-6.40045],[-48.61272,-6.45334],[-48.64496,-6.50722],[-48.66392,-6.57018],[-48.65178,-6.61166],[-48.65153,-6.63956],[-48.66442,-6.66237],[-48.68452,-6.67813],[-48.73645,-6.69239],[-48.77756,-6.7359],[-48.82097,-6.75354],[-48.84934,-6.74852],[-48.91342,-6.75698],[-48.96328,-6.77907],[-49.01845,-6.78382],[-49.04333,-6.81538],[-49.11483,-6.86956],[-49.15003,-6.88846],[-49.1715,-6.89254],[-49.20909,-6.92503],[-49.21701,-6.96108],[-49.20079,-7.00746],[-49.19141,-7.06617],[-49.19336,-7.12942],[-49.18276,-7.2142],[-49.18485,-7.23478],[-49.20635,-7.27033],[-49.22678,-7.31772],[-49.30822,-7.41991],[-49.37753,-7.49663],[-49.38352,-7.54576],[-49.38114,-7.56871],[-49.34121,-7.65687],[-49.32764,-7.6774],[-49.29609,-7.69604],[-49.23956,-7.74033],[-49.22072,-7.7612],[-49.19178,-7.78034],[-49.1603,-7.79097],[-49.14962,-7.81171],[-49.16447,-7.83247],[-49.16734,-7.85395],[-49.16234,-7.90013],[-49.1692,-7.95439],[-49.18159,-7.97656],[-49.17284,-8.0206],[-49.17628,-8.06111],[-49.19458,-8.07863],[-49.20689,-8.1221],[-49.20342,-8.13961],[-49.21541,-8.19381],[-49.24822,-8.25497],[-49.2758,-8.36328],[-49.29869,-8.39496],[-49.34897,-8.41797],[-49.37657,-8.45488],[-49.39105,-8.48938],[-49.40014,-8.5584],[-49.40944,-8.57957],[-49.45103,-8.61209],[-49.47092,-8.64769],[-49.48936,-8.69163],[-49.543,-8.76099],[-49.56157,-8.79659],[-49.59197,-8.83909],[-49.68391,-8.85607],[-49.72876,-8.89893],[-49.74464,-8.90576],[-49.77044,-8.93809],[-49.79322,-8.97903],[-49.84214,-9.02692],[-49.85117,-9.06503],[-49.86689,-9.09669],[-49.89643,-9.14327],[-49.90961,-9.15312],[-49.90725,-9.17342],[-49.94303,-9.20048],[-49.9657,-9.23046],[-49.99361,-9.23369],[-50.00456,-9.26835],[-50.03734,-9.289],[-50.05502,-9.33429],[-50.05239,-9.37227],[-50.06509,-9.40039],[-50.08967,-9.43119],[-50.10489,-9.475],[-50.1075,-9.50822],[-50.08911,-9.54528],[-50.10688,-9.5721],[-50.10692,-9.59387],[-50.13856,-9.62705],[-50.13961,-9.65409],[-50.15056,-9.6952],[-50.19745,-9.75842],[-50.20334,-9.79051],[-50.22436,-9.84074],[-50.69582,-9.81038]]]}},{"type":"Feature","properties":{"id":"95","phone_code":"95","phone_code_1_digit":"9"},"geometry":{"type":"Polygon","coordinates":[[[-61.49052,-1.57445],[-61.54417,-1.52527],[-61.57166,-1.47778],[-61.60444,-1.44778],[-61.635,-1.43361],[-61.6575,-1.42973],[-61.7175,-1.40944],[-61.74027,-1.39166],[-61.7897,-1.37861],[-61.81667,-1.39916],[-61.86888,-1.40139],[-61.89611,-1.395],[-61.90499,-1.37917],[-61.90861,-1.34833],[-61.94944,-1.29667],[-61.96639,-1.24251],[-61.9875,-1.21639],[-61.98888,-1.20139],[-62.01694,-1.14139],[-62.06166,-1.09945],[-62.09916,-1.09639],[-62.11777,-1.07612],[-62.11083,-1.06001],[-62.125,-1.03695],[-62.14249,-1.03695],[-62.17139,-1.00556],[-62.19944,-1.0],[-62.20333,-0.9825],[-62.22694,-0.97309],[-62.2586,-0.97556],[-62.27167,-0.95167],[-62.29333,-0.94778],[-62.31222,-0.93001],[-62.31666,-0.9139],[-62.33972,-0.90389],[-62.35611,-0.87473],[-62.37583,-0.86584],[-62.37555,-0.83612],[-62.39528,-0.82001],[-62.44778,-0.80972],[-62.46499,-0.78862],[-62.48028,-0.79473],[-62.50055,-0.78112],[-62.50972,-0.75862],[-62.49444,-0.75028],[-62.50777,-0.7139],[-62.48611,-0.68112],[-62.46916,-0.69362],[-62.42806,-0.69251],[-62.40999,-0.71001],[-62.40639,-0.72695],[-62.38166,-0.70584],[-62.35833,-0.70667],[-62.37027,-0.6764],[-62.34083,-0.67556],[-62.32619,-0.65603],[-62.30869,-0.66048],[-62.28702,-0.63798],[-62.30119,-0.61881],[-62.29036,-0.60187],[-62.30925,-0.58298],[-62.31786,-0.55215],[-62.30341,-0.53437],[-62.30869,-0.51381],[-62.29424,-0.50742],[-62.2898,-0.48381],[-62.27452,-0.47826],[-62.27342,-0.45381],[-62.22664,-0.42548],[-62.21664,-0.39909],[-62.20164,-0.3927],[-62.20581,-0.37659],[-62.1947,-0.36409],[-62.18775,-0.33047],[-62.21914,-0.31075],[-62.23525,-0.31686],[-62.24775,-0.30159],[-62.25302,-0.27103],[-62.24636,-0.25187],[-62.25274,-0.21937],[-62.24469,-0.21131],[-62.24441,-0.17437],[-62.26746,-0.16354],[-62.2933,-0.128],[-62.31909,-0.10218],[-62.3221,-0.0239],[-62.34599,0.02995],[-62.37012,0.05444],[-62.41431,0.07472],[-62.42818,0.11887],[-62.42264,0.14502],[-62.43789,0.19524],[-62.45207,0.20776],[-62.45375,0.2439],[-62.46762,0.2761],[-62.45791,0.31384],[-62.46637,0.33331],[-62.44585,0.37946],[-62.45555,0.39275],[-62.45805,0.41803],[-62.48473,0.45442],[-62.50871,0.44023],[-62.51814,0.44404],[-62.52244,0.48591],[-62.53249,0.50915],[-62.51778,0.58416],[-62.53777,0.67554],[-62.53279,0.70164],[-62.49997,0.74829],[-62.45721,0.78554],[-62.46555,0.82942],[-62.48053,0.84301],[-62.48555,0.86687],[-62.47053,0.91747],[-62.45097,0.93992],[-62.44235,0.96041],[-62.44529,0.97718],[-62.47417,1.01664],[-62.47776,1.05694],[-62.4711,1.08662],[-62.52057,1.08416],[-62.54472,1.1211],[-62.55417,1.17522],[-62.58639,1.25582],[-62.61027,1.35299],[-62.62583,1.38554],[-62.61973,1.40412],[-62.63944,1.43858],[-62.67638,1.45497],[-62.73028,1.49997],[-62.73583,1.52997],[-62.80476,1.59168],[-62.79581,1.63102],[-62.75563,1.67609],[-62.72809,1.70034],[-62.72321,1.71274],[-62.73055,1.81857],[-62.70366,1.87428],[-62.69821,1.91229],[-62.70551,1.94006],[-62.72906,1.96088],[-62.81272,1.99202],[-62.83831,2.0168],[-62.9193,2.02532],[-62.94796,2.03138],[-62.98027,2.01812],[-63.02325,2.01501],[-63.07034,2.04032],[-63.08502,2.06177],[-63.10672,2.07968],[-63.1236,2.10533],[-63.13777,2.14219],[-63.14099,2.17278],[-63.16494,2.18065],[-63.19361,2.18155],[-63.26211,2.15738],[-63.28226,2.15422],[-63.31026,2.16534],[-63.35927,2.19744],[-63.37178,2.21208],[-63.40071,2.24592],[-63.40093,2.29701],[-63.42503,2.3646],[-63.4218,2.37888],[-63.39434,2.40741],[-63.40632,2.43627],[-63.44546,2.44275],[-63.47606,2.4398],[-63.54822,2.42567],[-63.65543,2.39424],[-63.68819,2.38834],[-63.76399,2.38849],[-63.83351,2.40842],[-63.86728,2.42482],[-63.9607,2.455],[-64.00003,2.47852],[-64.02027,2.4669],[-64.03153,2.47254],[-64.03833,2.4944],[-64.05555,2.49801],[-64.05667,2.51329],[-64.04488,2.53289],[-64.04388,2.57357],[-64.02861,2.57635],[-64.00861,2.60857],[-64.00944,2.62051],[-63.99112,2.63661],[-63.98389,2.65996],[-63.985,2.68634],[-64.00305,2.70746],[-63.98361,2.71635],[-63.99861,2.73884],[-63.99277,2.76801],[-64.00888,2.77857],[-64.01278,2.8194],[-64.04666,2.83662],[-64.06638,2.87995],[-64.0711,2.93801],[-64.10194,2.9519],[-64.12444,2.98079],[-64.13,3.00468],[-64.16027,3.03301],[-64.17277,3.058],[-64.22,3.09606],[-64.23472,3.11468],[-64.20778,3.18912],[-64.21333,3.24662],[-64.24083,3.31521],[-64.23388,3.3844],[-64.25472,3.41133],[-64.25139,3.42828],[-64.20221,3.47745],[-64.18638,3.49995],[-64.18527,3.55995],[-64.20555,3.59078],[-64.24388,3.62522],[-64.25722,3.648],[-64.28055,3.66967],[-64.28861,3.69995],[-64.32749,3.72078],[-64.34222,3.73522],[-64.42805,3.78023],[-64.47194,3.78189],[-64.50497,3.8102],[-64.52394,3.84223],[-64.56783,3.88208],[-64.57972,3.92862],[-64.61933,3.95162],[-64.65019,3.99223],[-64.67333,4.00495],[-64.68333,4.0405],[-64.70805,4.06688],[-64.73166,4.1205],[-64.78306,4.153],[-64.80999,4.17494],[-64.82138,4.21217],[-64.8211,4.25883],[-64.79916,4.28439],[-64.78,4.28689],[-64.69916,4.25049],[-64.65805,4.21189],[-64.64055,4.1655],[-64.62305,4.13522],[-64.5925,4.11439],[-64.55997,4.10189],[-64.54389,4.11411],[-64.49972,4.113],[-64.45194,4.12356],[-64.43111,4.13495],[-64.38583,4.13745],[-64.33498,4.12939],[-64.30583,4.1316],[-64.28916,4.14411],[-64.27388,4.143],[-64.26583,4.12661],[-64.25028,4.12995],[-64.21833,4.11578],[-64.19028,4.11689],[-64.17138,4.12911],[-64.11222,4.09161],[-64.09583,4.05384],[-64.09666,4.0255],[-64.07527,3.99994],[-64.05027,3.9505],[-64.03517,3.93459],[-64.00138,3.93328],[-63.99666,3.90383],[-63.97833,3.90078],[-63.96361,3.86828],[-63.92777,3.92522],[-63.89055,3.93078],[-63.84972,3.95023],[-63.83471,3.94022],[-63.79611,3.933],[-63.75472,3.9405],[-63.7375,3.92883],[-63.73833,3.9155],[-63.68222,3.90772],[-63.66278,3.92161],[-63.7,3.94466],[-63.68499,4.00939],[-63.67639,4.01939],[-63.64889,3.99745],[-63.64361,3.97966],[-63.61694,3.95994],[-63.59167,3.92855],[-63.59138,3.88578],[-63.55416,3.89133],[-63.55139,3.86522],[-63.51194,3.84773],[-63.49444,3.85078],[-63.50249,3.86828],[-63.48199,3.87399],[-63.45222,3.85856],[-63.43417,3.86522],[-63.43805,3.88355],[-63.41139,3.91216],[-63.41722,3.93522],[-63.44222,3.93995],[-63.45166,3.95578],[-63.42833,3.97744],[-63.39277,3.98077],[-63.35083,3.95994],[-63.31222,3.96078],[-63.31055,3.98217],[-63.2861,3.973],[-63.28027,3.9555],[-63.25361,3.96189],[-63.24707,3.9549],[-63.20445,3.95161],[-63.22166,3.89883],[-63.23305,3.88189],[-63.22611,3.83578],[-63.20389,3.81189],[-63.17916,3.81328],[-63.16416,3.80523],[-63.12278,3.80495],[-63.08638,3.77884],[-63.06916,3.75328],[-63.06027,3.75216],[-63.06305,3.70523],[-63.08083,3.69356],[-63.03194,3.66606],[-63.00277,3.62495],[-62.98444,3.60995],[-62.95201,3.61214],[-62.92861,3.63967],[-62.9186,3.67272],[-62.88638,3.68384],[-62.85249,3.71217],[-62.83528,3.73883],[-62.80972,3.733],[-62.78944,3.718],[-62.78444,3.69995],[-62.74805,3.673],[-62.73055,3.708],[-62.73944,3.75661],[-62.73527,3.77939],[-62.74305,3.78744],[-62.72861,3.80494],[-62.74278,3.80855],[-62.77083,3.83439],[-62.75333,3.84996],[-62.78833,3.89356],[-62.78249,3.93467],[-62.76138,3.94189],[-62.74277,3.97467],[-62.76194,3.98439],[-62.76833,4.00661],[-62.74916,4.02105],[-62.75306,4.03161],[-62.73555,4.04022],[-62.70139,4.03105],[-62.67833,4.03883],[-62.6586,4.03495],[-62.64583,4.04661],[-62.62777,4.03966],[-62.60916,4.04438],[-62.58806,4.03272],[-62.58083,4.01856],[-62.55527,4.01856],[-62.56194,4.03689],[-62.53431,4.05176],[-62.5411,4.07911],[-62.55361,4.08244],[-62.54416,4.098],[-62.55221,4.1091],[-62.52278,4.11799],[-62.53111,4.13661],[-62.50778,4.12689],[-62.49833,4.14272],[-62.47777,4.13105],[-62.45471,4.15605],[-62.47028,4.16327],[-62.46222,4.17827],[-62.43722,4.18327],[-62.38916,4.17828],[-62.36972,4.163],[-62.35305,4.1655],[-62.35,4.15105],[-62.32916,4.13494],[-62.29166,4.14161],[-62.27944,4.12994],[-62.25222,4.12967],[-62.24416,4.11716],[-62.21499,4.10939],[-62.19666,4.11327],[-62.19333,4.09855],[-62.16391,4.09147],[-62.1475,4.07939],[-62.11389,4.08828],[-62.11694,4.11772],[-62.10472,4.11549],[-62.09083,4.12939],[-62.07805,4.11968],[-62.07055,4.13078],[-62.08111,4.14494],[-62.06444,4.15883],[-62.04777,4.1505],[-62.01111,4.15633],[-61.9825,4.18077],[-61.97472,4.15133],[-61.93028,4.10355],[-61.92028,4.15106],[-61.89944,4.16105],[-61.87278,4.15161],[-61.87444,4.17049],[-61.85083,4.17439],[-61.83639,4.1605],[-61.81833,4.168],[-61.82139,4.19994],[-61.80833,4.20272],[-61.80194,4.22855],[-61.78222,4.22439],[-61.76361,4.23244],[-61.7686,4.24855],[-61.7386,4.25633],[-61.72,4.24521],[-61.70305,4.25495],[-61.65778,4.26188],[-61.64194,4.23828],[-61.60777,4.26133],[-61.59028,4.24438],[-61.55972,4.25216],[-61.53194,4.28494],[-61.50778,4.32217],[-61.52694,4.34244],[-61.51638,4.34967],[-61.52139,4.37356],[-61.51305,4.40577],[-61.48583,4.41077],[-61.46167,4.4366],[-61.44777,4.43939],[-61.40388,4.42494],[-61.37194,4.42744],[-61.35111,4.41911],[-61.31888,4.43049],[-61.32472,4.44272],[-61.31278,4.458],[-61.28778,4.45771],[-61.27833,4.47827],[-61.29527,4.48105],[-61.29666,4.49384],[-61.32175,4.50377],[-61.32919,4.51603],[-61.32269,4.53521],[-61.26928,4.53998],[-61.25244,4.52273],[-61.24383,4.53383],[-61.21983,4.5229],[-61.21681,4.53558],[-61.20086,4.51678],[-61.18775,4.52089],[-61.14627,4.482],[-61.12507,4.50553],[-61.09229,4.52275],[-61.06502,4.52352],[-60.99583,4.51772],[-60.98333,4.54272],[-60.9636,4.5441],[-60.9536,4.56272],[-60.95582,4.58438],[-60.93166,4.58661],[-60.94249,4.60022],[-60.93222,4.61661],[-60.95111,4.64244],[-60.94805,4.65577],[-60.91666,4.66522],[-60.91139,4.70355],[-60.89944,4.71661],[-60.87472,4.71522],[-60.8525,4.70382],[-60.83138,4.72799],[-60.81167,4.7316],[-60.80611,4.74855],[-60.7636,4.75938],[-60.7511,4.75577],[-60.72638,4.77411],[-60.72639,4.79161],[-60.69555,4.81077],[-60.64778,4.86911],[-60.65194,4.88494],[-60.62833,4.88911],[-60.60833,4.92438],[-60.59139,4.92716],[-60.58361,4.95605],[-60.59861,4.99965],[-60.6125,5.00688],[-60.63147,5.05035],[-60.64389,5.05715],[-60.64214,5.11751],[-60.65556,5.11465],[-60.66072,5.16405],[-60.69416,5.19741],[-60.73583,5.20216],[-60.72277,5.22021],[-60.69666,5.2291],[-60.65028,5.23049],[-60.62445,5.21549],[-60.59444,5.21994],[-60.58999,5.20771],[-60.56888,5.19605],[-60.54528,5.19438],[-60.52667,5.20826],[-60.46305,5.19938],[-60.45138,5.20327],[-60.4461,5.18437],[-60.41833,5.1941],[-60.41305,5.21382],[-60.38361,5.22215],[-60.36666,5.20465],[-60.31305,5.21077],[-60.30388,5.22688],[-60.27055,5.23466],[-60.26361,5.25133],[-60.24555,5.25216],[-60.21194,5.27216],[-60.19277,5.25327],[-60.19472,5.23854],[-60.17193,5.22687],[-60.13555,5.24938],[-60.13222,5.22521],[-60.10638,5.19438],[-60.0986,5.14687],[-60.07333,5.1391],[-60.04722,5.11216],[-60.01111,5.0866],[-59.99633,5.08481],[-60.00772,5.05922],[-59.99539,5.04879],[-60.00202,5.01276],[-59.99,4.98855],[-59.99555,4.96077],[-59.99361,4.93243],[-60.0075,4.90688],[-60.01666,4.84216],[-60.02944,4.82466],[-60.03944,4.78383],[-60.02666,4.77327],[-60.02889,4.73854],[-60.04305,4.71744],[-60.02972,4.70077],[-60.06332,4.6691],[-60.07831,4.64884],[-60.07471,4.60882],[-60.10166,4.5955],[-60.10916,4.60105],[-60.13499,4.58799],[-60.12722,4.56883],[-60.14193,4.57105],[-60.14027,4.55605],[-60.15694,4.56577],[-60.1636,4.50911],[-60.15459,4.50334],[-60.10443,4.50133],[-60.10804,4.51799],[-60.0911,4.52355],[-60.08944,4.50883],[-60.0736,4.51688],[-60.07055,4.4941],[-60.01833,4.49021],[-60.00305,4.49633],[-59.97222,4.4766],[-59.96917,4.50327],[-59.92222,4.48493],[-59.90445,4.45466],[-59.89499,4.4716],[-59.86028,4.46855],[-59.85833,4.44855],[-59.83111,4.45494],[-59.81167,4.4455],[-59.79472,4.46494],[-59.79388,4.44605],[-59.77917,4.44688],[-59.75194,4.41966],[-59.73528,4.42022],[-59.71944,4.39549],[-59.69333,4.378],[-59.67195,4.37355],[-59.6825,4.36328],[-59.67555,4.34661],[-59.70222,4.31911],[-59.7025,4.30355],[-59.71583,4.30356],[-59.73138,4.28467],[-59.71417,4.26355],[-59.73611,4.23328],[-59.725,4.18244],[-59.71027,4.16494],[-59.68028,4.14689],[-59.6425,4.14634],[-59.61611,4.13272],[-59.64916,4.07078],[-59.62777,4.0541],[-59.61445,4.05411],[-59.61416,4.03883],[-59.59749,4.03022],[-59.59944,4.00939],[-59.5728,3.98766],[-59.58444,3.96772],[-59.5675,3.96495],[-59.55806,3.97884],[-59.52583,3.96744],[-59.51583,3.94439],[-59.52806,3.92411],[-59.53861,3.93244],[-59.54777,3.91967],[-59.56444,3.91994],[-59.56778,3.89078],[-59.59194,3.88828],[-59.5875,3.83578],[-59.57833,3.83189],[-59.59834,3.81467],[-59.59833,3.79439],[-59.61087,3.80377],[-59.62944,3.78467],[-59.66444,3.78244],[-59.67972,3.75967],[-59.66388,3.73384],[-59.66805,3.70328],[-59.70416,3.68939],[-59.72361,3.66328],[-59.7525,3.65217],[-59.76416,3.62578],[-59.79055,3.61689],[-59.81748,3.61968],[-59.85,3.60494],[-59.85833,3.57078],[-59.87139,3.56354],[-59.84194,3.55272],[-59.8375,3.52968],[-59.80361,3.50717],[-59.80138,3.49245],[-59.82361,3.48384],[-59.82358,3.46942],[-59.83944,3.44356],[-59.84132,3.42533],[-59.81361,3.42828],[-59.81972,3.41106],[-59.8075,3.353],[-59.83303,3.35358],[-59.82722,3.33467],[-59.85166,3.3044],[-59.85861,3.27856],[-59.87222,3.27662],[-59.88806,3.24245],[-59.87388,3.2294],[-59.90694,3.21245],[-59.91166,3.18801],[-59.89944,3.15384],[-59.91222,3.14662],[-59.92415,3.10884],[-59.93915,3.08801],[-59.95554,3.08134],[-59.95137,3.04162],[-59.96126,3.01491],[-59.94658,3.00002],[-59.96333,2.96329],[-59.95804,2.95384],[-59.98221,2.93051],[-59.98499,2.90996],[-59.97637,2.8969],[-59.98832,2.8819],[-59.98082,2.86967],[-59.99027,2.8394],[-59.98582,2.80329],[-59.99221,2.78607],[-59.98638,2.74829],[-59.99138,2.7344],[-59.98999,2.68551],[-59.97276,2.66829],[-59.97394,2.63813],[-59.9561,2.61051],[-59.97027,2.59385],[-59.93888,2.58302],[-59.92748,2.57079],[-59.93637,2.55302],[-59.91637,2.5269],[-59.91748,2.50774],[-59.89499,2.4819],[-59.8986,2.43857],[-59.89415,2.40635],[-59.90665,2.38857],[-59.8961,2.36329],[-59.86665,2.35024],[-59.84193,2.32913],[-59.82748,2.32885],[-59.78527,2.28441],[-59.76971,2.29413],[-59.73833,2.29191],[-59.72194,2.27718],[-59.72722,2.26385],[-59.71861,2.23774],[-59.72722,2.23024],[-59.72389,2.20525],[-59.73722,2.17913],[-59.7375,2.14663],[-59.7261,2.13607],[-59.72166,2.09802],[-59.74056,2.07385],[-59.72861,2.03052],[-59.73248,1.98413],[-59.74526,1.92913],[-59.75887,1.9008],[-59.74665,1.88024],[-59.74553,1.85219],[-59.69139,1.85386],[-59.67722,1.83886],[-59.66249,1.8633],[-59.64945,1.84386],[-59.65388,1.81719],[-59.67833,1.80746],[-59.6897,1.75663],[-59.66582,1.75497],[-59.66248,1.73719],[-59.63249,1.74135],[-59.61694,1.71552],[-59.56611,1.73608],[-59.53305,1.71663],[-59.52584,1.69164],[-59.51083,1.66886],[-59.49277,1.67383],[-59.49444,1.64552],[-59.4825,1.62691],[-59.4475,1.61969],[-59.42667,1.58664],[-59.43055,1.56663],[-59.41222,1.55191],[-59.39556,1.55552],[-59.39388,1.53747],[-59.37833,1.52108],[-59.38138,1.50746],[-59.35833,1.5183],[-59.32944,1.51413],[-59.32111,1.48247],[-59.32666,1.46441],[-59.30194,1.4658],[-59.27166,1.40692],[-59.25278,1.38858],[-59.23333,1.38664],[-59.20722,1.37164],[-59.18694,1.37497],[-59.17139,1.35748],[-59.14555,1.34747],[-59.1311,1.35275],[-59.11805,1.34302],[-59.10221,1.34858],[-59.04805,1.32302],[-59.02251,1.33135],[-58.98889,1.32469],[-58.97833,1.30192],[-58.96556,1.31275],[-58.91805,1.31692],[-58.92333,1.29386],[-58.89833,1.27969],[-58.88638,1.26053],[-58.91166,1.23858],[-58.895,1.22803],[-58.89492,0.26385],[-60.03745,0.26389],[-60.04632,0.23248],[-60.05857,0.16334],[-60.09632,0.13831],[-60.11576,0.13358],[-60.13743,0.10304],[-60.12301,0.0814],[-60.13604,0.06582],[-60.13805,0.02911],[-60.1602,0.01662],[-60.16499,0.00055],[-60.20277,-0.03325],[-60.20574,-0.06119],[-60.2217,-0.08271],[-60.23,-0.11001],[-60.21999,-0.13501],[-60.26555,-0.17805],[-60.26389,-0.18916],[-60.28527,-0.21028],[-60.29888,-0.21139],[-60.2911,-0.2289],[-60.30444,-0.26446],[-60.28944,-0.29279],[-60.30249,-0.30362],[-60.30166,-0.32779],[-60.31805,-0.33028],[-60.32166,-0.37722],[-60.34947,-0.40693],[-60.34419,-0.44026],[-60.38197,-0.46998],[-60.39055,-0.50279],[-60.39944,-0.50973],[-60.3975,-0.54556],[-60.38194,-0.55723],[-60.38278,-0.58973],[-60.36527,-0.58779],[-60.35055,-0.62195],[-60.32722,-0.64],[-60.31305,-0.64112],[-60.31416,-0.65973],[-60.30166,-0.69306],[-60.30916,-0.72445],[-60.34083,-0.73862],[-60.37694,-0.74251],[-60.38278,-0.75945],[-60.40055,-0.75723],[-60.43416,-0.77223],[-60.47861,-0.77057],[-60.4975,-0.78917],[-60.49833,-0.82195],[-60.51944,-0.83334],[-60.50416,-0.84889],[-60.53056,-0.87473],[-60.55722,-0.86945],[-60.5575,-0.85973],[-60.59083,-0.85306],[-60.59389,-0.87195],[-60.62,-0.86306],[-60.62361,-0.87111],[-60.6675,-0.89417],[-60.67528,-0.87306],[-60.73194,-0.85806],[-60.75221,-0.86083],[-60.75889,-0.82834],[-60.75611,-0.79528],[-60.77333,-0.79084],[-60.76055,-0.76112],[-60.79666,-0.74445],[-60.79722,-0.70056],[-60.81166,-0.69168],[-60.84277,-0.69028],[-60.85138,-0.67445],[-60.84889,-0.6539],[-60.86055,-0.64195],[-60.88222,-0.6489],[-60.91583,-0.61001],[-60.91194,-0.58084],[-60.92027,-0.55501],[-60.95277,-0.55418],[-60.975,-0.56223],[-60.99999,-0.55945],[-61.02471,-0.54362],[-61.05471,-0.53834],[-61.06333,-0.51278],[-61.08694,-0.49974],[-61.11193,-0.50695],[-61.1286,-0.49723],[-61.14832,-0.4989],[-61.15706,-0.51498],[-61.19804,-0.50557],[-61.22249,-0.50529],[-61.21582,-0.53278],[-61.22359,-0.55917],[-61.27498,-0.57584],[-61.29776,-0.57584],[-61.32554,-0.59751],[-61.34664,-0.59473],[-61.38997,-0.61723],[-61.40664,-0.63112],[-61.42831,-0.63389],[-61.42608,-0.65279],[-61.45636,-0.65668],[-61.47247,-0.68334],[-61.48442,-0.72028],[-61.54163,-0.76334],[-61.55247,-0.81056],[-61.54303,-0.85195],[-61.55775,-0.86362],[-61.5583,-0.89278],[-61.57802,-0.90973],[-61.58469,-0.93667],[-61.57913,-0.95556],[-61.58302,-0.98222],[-61.56019,-0.9877],[-61.55969,-1.00973],[-61.54302,-1.03501],[-61.54608,-1.07084],[-61.57608,-1.0789],[-61.5658,-1.09945],[-61.57747,-1.11278],[-61.56608,-1.13223],[-61.58163,-1.16417],[-61.5733,-1.18444],[-61.58775,-1.19695],[-61.60635,-1.24417],[-61.60722,-1.27778],[-61.62833,-1.30111],[-61.6146,-1.30669],[-61.58496,-1.33833],[-61.58166,-1.35305],[-61.59944,-1.36723],[-61.61861,-1.39444],[-61.6025,-1.40695],[-61.58139,-1.40917],[-61.57333,-1.42834],[-61.53775,-1.43305],[-61.53247,-1.46472],[-61.51594,-1.50208],[-61.48081,-1.5175],[-61.47275,-1.5275],[-61.47414,-1.57861],[-61.49052,-1.57445]]]}},{"type":"Feature","properties":{"id":"96","phone_code":"96","phone_code_1_digit":"9"},"geometry":{"type":"Polygon","coordinates":[[[-51.80864,-1.15675],[-51.88683,-1.16604],[-51.9255,-1.13196],[-51.94645,-1.16565],[-51.96547,-1.15925],[-51.96514,-1.12546],[-51.99294,-1.12862],[-51.98658,-1.15648],[-51.99067,-1.17146],[-52.0293,-1.16777],[-52.05461,-1.1766],[-52.06348,-1.18942],[-52.04661,-1.21895],[-52.05419,-1.23387],[-52.07,-1.23563],[-52.10162,-1.22561],[-52.11053,-1.21465],[-52.10631,-1.18271],[-52.11981,-1.14584],[-52.14628,-1.14844],[-52.17311,-1.12978],[-52.22169,-1.13417],[-52.2382,-1.12589],[-52.27287,-1.12818],[-52.30053,-1.11556],[-52.33253,-1.11554],[-52.3577,-1.06223],[-52.39972,-1.04328],[-52.41961,-1.05235],[-52.42878,-1.04229],[-52.41633,-1.02526],[-52.41947,-0.96561],[-52.43904,-0.9352],[-52.42889,-0.91998],[-52.40429,-0.9125],[-52.4027,-0.8768],[-52.44386,-0.83382],[-52.51647,-0.85827],[-52.5382,-0.85446],[-52.53458,-0.84169],[-52.50939,-0.8131],[-52.52117,-0.78486],[-52.50137,-0.74641],[-52.49716,-0.71955],[-52.50127,-0.69241],[-52.51539,-0.66322],[-52.50961,-0.65106],[-52.51273,-0.6193],[-52.52272,-0.58873],[-52.53472,-0.57374],[-52.57587,-0.57606],[-52.61253,-0.59454],[-52.63955,-0.58456],[-52.6673,-0.54379],[-52.66683,-0.52476],[-52.69498,-0.49605],[-52.69056,-0.47681],[-52.70222,-0.45888],[-52.67869,-0.42333],[-52.69811,-0.38682],[-52.68139,-0.33962],[-52.68371,-0.31397],[-52.70044,-0.29249],[-52.71578,-0.29235],[-52.75397,-0.26184],[-52.75798,-0.23934],[-52.83564,-0.1858],[-52.85108,-0.14981],[-52.87636,-0.14241],[-52.90355,-0.15459],[-52.93228,-0.14196],[-52.9596,-0.06288],[-52.9706,-0.04276],[-52.97687,0.02414],[-53.01455,0.06004],[-53.01071,0.09539],[-53.02884,0.10506],[-53.05166,0.15768],[-53.09383,0.19565],[-53.10595,0.23209],[-53.09442,0.26256],[-53.11147,0.28687],[-53.13389,0.30052],[-53.136,0.32638],[-53.17485,0.38206],[-53.15947,0.40331],[-53.16728,0.44607],[-53.15466,0.48052],[-53.16931,0.49408],[-53.1516,0.53224],[-53.15438,0.5637],[-53.14686,0.60068],[-53.12003,0.63432],[-53.10583,0.68432],[-53.12367,0.6977],[-53.14647,0.70013],[-53.15694,0.72941],[-53.18414,0.74784],[-53.18981,0.76872],[-53.25468,0.80955],[-53.27436,0.82527],[-53.30183,0.85934],[-53.35447,0.88859],[-53.41103,0.92968],[-53.41034,0.98238],[-53.42636,0.99276],[-53.42947,1.02015],[-53.42089,1.02929],[-53.4355,1.05992],[-53.45536,1.07771],[-53.45869,1.13402],[-53.43931,1.15401],[-53.40395,1.15151],[-53.39562,1.17963],[-53.41697,1.20311],[-53.42606,1.24306],[-53.4383,1.23247],[-53.47327,1.23967],[-53.52474,1.21205],[-53.53853,1.21276],[-53.54585,1.22884],[-53.52286,1.26168],[-53.53005,1.27396],[-53.55622,1.28514],[-53.56078,1.31117],[-53.53292,1.32277],[-53.53808,1.3412],[-53.56339,1.35003],[-53.57022,1.33764],[-53.59475,1.35849],[-53.63278,1.3477],[-53.64142,1.3353],[-53.66261,1.34983],[-53.64306,1.36422],[-53.63997,1.39269],[-53.64637,1.40796],[-53.65986,1.40017],[-53.66439,1.37559],[-53.68,1.37286],[-53.68703,1.38613],[-53.70099,1.37825],[-53.71297,1.39677],[-53.69534,1.41848],[-53.72359,1.42856],[-53.71495,1.40571],[-53.73186,1.38662],[-53.78325,1.40319],[-53.80353,1.42386],[-53.82231,1.41417],[-53.80702,1.40235],[-53.81964,1.3895],[-53.85237,1.39407],[-53.84114,1.4024],[-53.88728,1.40812],[-53.87627,1.43579],[-53.89553,1.45546],[-53.91706,1.45724],[-53.93783,1.4358],[-53.92542,1.46581],[-53.95362,1.46831],[-53.96661,1.48473],[-53.97567,1.47261],[-53.997,1.47611],[-53.99906,1.50511],[-54.00858,1.52],[-54.02711,1.51717],[-54.02411,1.50019],[-54.03953,1.50649],[-54.0515,1.49483],[-54.06869,1.50131],[-54.08828,1.49233],[-54.08412,1.52667],[-54.09831,1.55086],[-54.11706,1.55851],[-54.10153,1.59097],[-54.11808,1.58181],[-54.13092,1.59724],[-54.12261,1.60774],[-54.14189,1.62884],[-54.14319,1.64095],[-54.17566,1.6483],[-54.18175,1.65841],[-54.18694,1.62832],[-54.20247,1.64934],[-54.22789,1.66565],[-54.22967,1.67631],[-54.26227,1.68872],[-54.27402,1.71083],[-54.32908,1.74415],[-54.34419,1.74096],[-54.35122,1.75441],[-54.37725,1.76402],[-54.38697,1.74549],[-54.40347,1.76009],[-54.43414,1.75443],[-54.46433,1.75953],[-54.49547,1.74728],[-54.5235,1.75634],[-54.53652,1.77059],[-54.60144,1.78491],[-54.62541,1.78098],[-54.64317,1.76893],[-54.67072,1.76599],[-54.74431,1.77613],[-54.75395,1.79814],[-54.7502,1.81458],[-54.73355,1.83231],[-54.75272,1.85132],[-54.75261,1.87605],[-54.76306,1.89282],[-54.77111,1.94083],[-54.75397,1.97093],[-54.77167,1.97875],[-54.76855,1.99654],[-54.7905,2.00759],[-54.81086,2.03977],[-54.80569,2.0767],[-54.81336,2.10115],[-54.80422,2.10821],[-54.80578,2.13926],[-54.76742,2.18124],[-54.76264,2.20265],[-54.79847,2.24589],[-54.81095,2.26671],[-54.80675,2.29822],[-54.79378,2.31306],[-54.80709,2.34201],[-54.86561,2.40322],[-54.87178,2.43408],[-54.79692,2.43935],[-54.74356,2.47182],[-54.68444,2.44715],[-54.69161,2.36173],[-54.66178,2.32732],[-54.60122,2.3375],[-54.43611,2.21022],[-54.18861,2.17916],[-54.00077,2.23032],[-53.97444,2.23272],[-53.96672,2.2434],[-53.94189,2.24273],[-53.93522,2.25973],[-53.94161,2.27842],[-53.93584,2.29731],[-53.91556,2.29103],[-53.90734,2.27433],[-53.89216,2.28412],[-53.88345,2.31667],[-53.85911,2.32033],[-53.84161,2.30799],[-53.81439,2.31735],[-53.83473,2.33895],[-53.81408,2.34274],[-53.81133,2.35702],[-53.76675,2.37925],[-53.74117,2.37533],[-53.72752,2.35141],[-53.7503,2.31991],[-53.69506,2.31261],[-53.68174,2.30152],[-53.65286,2.30275],[-53.65583,2.28485],[-53.60081,2.28649],[-53.58378,2.26926],[-53.56716,2.27182],[-53.54945,2.25865],[-53.51978,2.26684],[-53.47261,2.25707],[-53.45453,2.2646],[-53.46919,2.28916],[-53.43991,2.28063],[-53.36717,2.32097],[-53.35956,2.34964],[-53.33772,2.35393],[-53.32283,2.34744],[-53.31458,2.32703],[-53.29436,2.30934],[-53.28236,2.31009],[-53.26165,2.2905],[-53.26161,2.27667],[-53.23425,2.27572],[-53.22905,2.26271],[-53.25286,2.24685],[-53.25928,2.25326],[-53.26695,2.22405],[-53.27686,2.22186],[-53.28656,2.1969],[-53.26506,2.18912],[-53.2423,2.20791],[-53.21503,2.19412],[-53.13819,2.21223],[-53.07909,2.2108],[-53.04006,2.17374],[-53.00738,2.16965],[-52.98404,2.15751],[-52.94383,2.16907],[-52.936,2.19251],[-52.90553,2.18585],[-52.88456,2.21853],[-52.88722,2.23462],[-52.87528,2.23785],[-52.87139,2.25727],[-52.85353,2.25959],[-52.85692,2.27776],[-52.7995,2.29864],[-52.71575,2.33594],[-52.71656,2.34371],[-52.66117,2.38177],[-52.66042,2.40462],[-52.64236,2.42204],[-52.62766,2.44857],[-52.60503,2.45261],[-52.61014,2.47538],[-52.58694,2.47373],[-52.5853,2.4945],[-52.55439,2.5153],[-52.56311,2.54492],[-52.53942,2.55473],[-52.52714,2.57715],[-52.53542,2.59574],[-52.55242,2.60694],[-52.54536,2.61928],[-52.55813,2.63431],[-52.54994,2.6482],[-52.53286,2.6474],[-52.5235,2.67893],[-52.51172,2.69393],[-52.48111,2.76275],[-52.48327,2.77689],[-52.42664,2.88665],[-52.39644,2.89344],[-52.38122,2.9138],[-52.40106,2.92461],[-52.3847,2.95416],[-52.36497,3.0222],[-52.35583,3.02766],[-52.32861,3.08047],[-52.347,3.10096],[-52.33956,3.12136],[-52.35275,3.12586],[-52.3328,3.17256],[-52.30617,3.17609],[-52.30997,3.20465],[-52.29086,3.23543],[-52.2687,3.24458],[-52.26195,3.25659],[-52.23575,3.24492],[-52.20189,3.29451],[-52.19275,3.31444],[-52.16233,3.35447],[-52.11355,3.45288],[-52.09864,3.46581],[-52.0937,3.48974],[-52.06095,3.52328],[-52.0247,3.59196],[-51.99583,3.62667],[-51.9888,3.67533],[-51.97986,3.68541],[-51.97159,3.71923],[-51.95728,3.73186],[-51.93267,3.72717],[-51.92108,3.74715],[-51.92881,3.77259],[-51.92388,3.78376],[-51.87572,3.80769],[-51.84556,3.84669],[-51.82795,3.85473],[-51.80195,3.88163],[-51.7795,3.9252],[-51.77717,3.95742],[-51.74605,3.99531],[-51.70938,4.00091],[-51.68511,4.02554],[-51.66553,4.02879],[-51.64608,4.04486],[-51.64417,4.07411],[-51.63572,4.08721],[-51.61931,4.14245],[-51.59506,4.19172],[-51.59739,4.2301],[-51.58564,4.26252],[-51.57339,4.34474],[-51.5537,4.41505],[-51.54,4.43048],[-51.51358,4.43706],[-51.48997,4.42337],[-51.45236,4.39025],[-51.42723,4.37392],[-51.34564,4.2956],[-51.25156,4.19173],[-51.20983,4.1235],[-51.18445,4.0511],[-51.17633,3.98747],[-51.17856,3.94516],[-51.12262,3.91075],[-51.09397,3.91024],[-51.07516,3.89093],[-51.07416,3.85124],[-51.07939,3.83228],[-51.0795,3.7842],[-51.08428,3.73242],[-51.08938,3.72307],[-51.09039,3.68025],[-51.08233,3.63289],[-51.07056,3.49185],[-51.07858,3.45966],[-51.09014,3.44714],[-51.08717,3.39209],[-51.02161,3.20841],[-51.03355,3.17526],[-51.03536,3.13746],[-51.02738,3.11718],[-51.00667,3.09409],[-51.01438,3.04579],[-50.98847,3.00366],[-50.98769,2.9613],[-50.98078,2.93732],[-50.94392,2.88451],[-50.94708,2.83648],[-50.94181,2.8037],[-50.92651,2.80862],[-50.90012,2.79168],[-50.90283,2.75667],[-50.88139,2.74174],[-50.88225,2.68609],[-50.86822,2.6798],[-50.84058,2.63905],[-50.84242,2.58648],[-50.83536,2.5746],[-50.83103,2.5335],[-50.83672,2.50855],[-50.85248,2.50445],[-50.83637,2.493],[-50.81519,2.50909],[-50.79595,2.50529],[-50.76439,2.44839],[-50.77011,2.41209],[-50.75598,2.38101],[-50.75972,2.36614],[-50.74391,2.34512],[-50.74214,2.31163],[-50.72203,2.27674],[-50.72181,2.23753],[-50.70806,2.23112],[-50.69286,2.20881],[-50.68192,2.17336],[-50.68319,2.15473],[-50.70209,2.13854],[-50.66542,2.15121],[-50.60089,2.18049],[-50.52155,2.20871],[-50.45606,2.20419],[-50.422,2.18018],[-50.41206,2.15967],[-50.352,2.08715],[-50.35545,2.06586],[-50.3332,2.02038],[-50.31669,2.00811],[-50.31222,1.97767],[-50.29998,1.95852],[-50.27293,1.88777],[-50.2377,1.80352],[-50.16917,1.81461],[-50.10544,1.7923],[-50.09131,1.79175],[-50.05586,1.77489],[-50.03336,1.77092],[-49.92131,1.70428],[-49.91286,1.68778],[-49.92205,1.67462],[-49.90776,1.6705],[-49.89683,1.63185],[-49.88875,1.5411],[-49.87578,1.48115],[-49.88367,1.40241],[-49.88139,1.39044],[-49.89608,1.33203],[-49.90994,1.29686],[-49.89322,1.19336],[-49.91762,1.13725],[-49.9415,1.10284],[-49.94853,1.04016],[-49.94034,0.99388],[-49.97619,0.95896],[-50.02428,0.86931],[-50.05126,0.85123],[-50.06136,0.82588],[-50.05309,0.80651],[-50.06509,0.80898],[-50.06809,0.79255],[-50.09264,0.78252],[-50.09347,0.70243],[-50.15653,0.70552],[-50.24738,0.69224],[-50.31428,0.67833],[-50.34679,0.66719],[-50.40942,0.62368],[-50.4361,0.60045],[-50.46682,0.53126],[-50.47576,0.48184],[-50.50356,0.43543],[-50.52345,0.37273],[-50.5557,0.30706],[-50.58911,0.26019],[-50.62324,0.23212],[-50.66783,0.18538],[-50.76159,0.12132],[-50.78443,0.11246],[-50.92073,0.07648],[-50.97889,0.03775],[-50.99655,0.0038],[-51.00703,0.0],[-51.06531,-0.07588],[-51.11803,-0.09719],[-51.17453,-0.10419],[-51.216,-0.11827],[-51.28914,-0.22773],[-51.30165,-0.25135],[-51.32636,-0.26713],[-51.34733,-0.29927],[-51.36205,-0.36776],[-51.42027,-0.42864],[-51.43203,-0.47299],[-51.45734,-0.51288],[-51.48625,-0.54526],[-51.50263,-0.55562],[-51.59508,-0.65009],[-51.66855,-0.76846],[-51.68313,-0.79709],[-51.68775,-0.82285],[-51.69003,-0.89216],[-51.69514,-0.92437],[-51.68773,-1.0389],[-51.69997,-1.06286],[-51.77892,-1.13724],[-51.77795,-1.14006],[-51.80864,-1.15675]]]}},{"type":"Feature","properties":{"id":"97","phone_code":"97","phone_code_1_digit":"9"},"geometry":{"type":"Polygon","coordinates":[[[-58.17286,-7.39398],[-58.21256,-7.45815],[-58.21264,-7.49294],[-58.22222,-7.52365],[-58.21836,-7.54964],[-58.20202,-7.59636],[-58.20167,-7.62047],[-58.23929,-7.65322],[-58.25129,-7.67641],[-58.27549,-7.69928],[-58.284,-7.74796],[-58.29355,-7.77115],[-58.33356,-7.80401],[-58.37772,-7.82705],[-58.38349,-7.85174],[-58.37416,-7.86437],[-58.37274,-7.90681],[-58.35455,-7.9436],[-58.331,-7.96837],[-58.32123,-8.02459],[-58.28789,-8.07918],[-58.28966,-8.13521],[-58.31693,-8.15416],[-58.32196,-8.16965],[-58.31244,-8.20871],[-58.32167,-8.23168],[-58.32008,-8.27148],[-58.32758,-8.28544],[-58.31533,-8.30605],[-58.31808,-8.32974],[-58.34757,-8.34581],[-58.3532,-8.39243],[-58.37561,-8.42881],[-58.38888,-8.43957],[-58.39791,-8.46385],[-58.41655,-8.49156],[-58.41479,-8.5159],[-58.40369,-8.53911],[-58.40997,-8.57],[-58.38901,-8.5944],[-58.40302,-8.6308],[-58.41377,-8.64351],[-58.4368,-8.70296],[-58.41145,-8.72022],[-58.38317,-8.70553],[-58.35052,-8.70119],[-58.32786,-8.71179],[-58.33157,-8.72607],[-58.35417,-8.73687],[-58.3875,-8.77439],[-58.41538,-8.79245],[-58.44248,-8.79909],[-58.49986,-8.80243],[-59.41231,-8.80294],[-60.07198,-8.7998],[-60.41967,-8.79624],[-60.84836,-8.79776],[-61.58447,-8.7983],[-61.60551,-8.79433],[-61.62903,-8.75257],[-61.62595,-8.72846],[-61.67306,-8.70463],[-61.70484,-8.70714],[-61.71275,-8.68746],[-61.74133,-8.6948],[-61.73961,-8.70948],[-61.77408,-8.74784],[-61.80572,-8.74739],[-61.82759,-8.73224],[-61.84358,-8.74699],[-61.84278,-8.77902],[-61.8605,-8.80323],[-61.85953,-8.8527],[-61.87878,-8.86205],[-61.90248,-8.8625],[-61.90536,-8.87412],[-61.93758,-8.88102],[-61.9897,-8.87227],[-62.00174,-8.83231],[-62.02081,-8.82321],[-62.03054,-8.79932],[-62.07378,-8.79818],[-62.09748,-8.80853],[-62.12445,-8.80128],[-62.15451,-8.73925],[-62.14828,-8.71792],[-62.17125,-8.69469],[-62.16456,-8.67901],[-62.20001,-8.64391],[-62.17612,-8.63653],[-62.18786,-8.59017],[-62.22808,-8.59018],[-62.26836,-8.57537],[-62.28883,-8.58852],[-62.29378,-8.60505],[-62.27881,-8.62878],[-62.28898,-8.63871],[-62.33525,-8.6091],[-62.34147,-8.59446],[-62.32528,-8.56332],[-62.33683,-8.51625],[-62.35345,-8.51132],[-62.36553,-8.49317],[-62.36876,-8.44573],[-62.3607,-8.4233],[-62.36456,-8.39064],[-62.3835,-8.37717],[-62.4157,-8.37624],[-62.44481,-8.3621],[-62.46495,-8.33935],[-62.47839,-8.34529],[-62.51794,-8.38435],[-62.53903,-8.35772],[-62.56064,-8.31345],[-62.56139,-8.28362],[-62.64942,-8.23664],[-62.65936,-8.19925],[-62.68614,-8.17339],[-62.6725,-8.14493],[-62.69176,-8.09252],[-62.72409,-8.06881],[-62.74344,-8.04491],[-62.78567,-8.02596],[-62.80947,-8.02496],[-62.83231,-7.99399],[-62.86749,-7.97549],[-63.21994,-7.97655],[-63.38453,-7.97621],[-63.53421,-7.97394],[-63.62026,-7.96891],[-63.62592,-8.01573],[-63.62125,-8.02923],[-63.66647,-8.08122],[-63.66192,-8.10079],[-63.69289,-8.15797],[-63.72964,-8.1798],[-63.74803,-8.20748],[-63.72223,-8.24911],[-63.74603,-8.26979],[-63.76541,-8.3068],[-63.7907,-8.33283],[-63.8248,-8.30577],[-63.86695,-8.28893],[-63.89439,-8.30165],[-63.9103,-8.32814],[-63.94358,-8.3308],[-63.94484,-8.38744],[-63.97642,-8.40936],[-63.97736,-8.41975],[-63.95319,-8.42758],[-63.9403,-8.45188],[-63.97264,-8.47806],[-63.96564,-8.505],[-63.94325,-8.52622],[-63.94509,-8.55011],[-63.92195,-8.56699],[-63.94542,-8.6091],[-63.97973,-8.5803],[-63.99056,-8.61703],[-64.00431,-8.62553],[-64.01589,-8.6673],[-64.03495,-8.69317],[-64.02733,-8.71528],[-64.06686,-8.71034],[-64.09423,-8.72798],[-64.12406,-8.71633],[-64.14253,-8.74265],[-64.14423,-8.77606],[-64.12892,-8.80478],[-64.15767,-8.84278],[-64.14826,-8.8727],[-64.15117,-8.89685],[-64.14305,-8.93332],[-64.14892,-8.95855],[-64.17448,-8.96018],[-64.23267,-8.99192],[-64.26453,-8.988],[-64.31078,-8.99609],[-64.32554,-8.97945],[-64.30903,-8.93411],[-64.32286,-8.92848],[-64.37939,-8.94635],[-64.44604,-8.97648],[-64.47064,-8.97336],[-64.49583,-8.97867],[-64.54959,-8.97789],[-64.57831,-8.98803],[-64.58742,-9.00912],[-64.61054,-9.01607],[-64.641,-9.00626],[-64.67084,-9.01441],[-64.68281,-8.99323],[-64.70622,-8.98941],[-64.73242,-9.0134],[-64.76064,-9.0202],[-64.78342,-8.98888],[-64.81596,-8.98626],[-64.87003,-9.01181],[-64.89356,-9.04332],[-64.91673,-9.04276],[-64.91514,-9.07423],[-64.93293,-9.11996],[-64.93939,-9.12418],[-64.91914,-9.21989],[-64.93554,-9.25543],[-64.95311,-9.27089],[-64.96234,-9.29239],[-64.98564,-9.29155],[-65.01217,-9.32829],[-65.00531,-9.34314],[-65.03877,-9.3592],[-65.03514,-9.37443],[-65.05301,-9.40176],[-65.07739,-9.40059],[-65.09175,-9.409],[-65.08837,-9.42469],[-65.14234,-9.44643],[-65.18408,-9.4266],[-65.18628,-9.41464],[-65.173,-9.38506],[-65.19562,-9.37488],[-65.18778,-9.34447],[-65.20841,-9.30926],[-65.21123,-9.27861],[-65.24612,-9.25728],[-65.28364,-9.26988],[-65.29989,-9.28669],[-65.34215,-9.30908],[-65.3507,-9.32272],[-65.37697,-9.32404],[-65.39298,-9.33921],[-65.40925,-9.32207],[-65.43967,-9.31136],[-65.44856,-9.32419],[-65.44559,-9.3703],[-65.45606,-9.40082],[-65.44279,-9.41976],[-65.43155,-9.45825],[-65.45611,-9.47013],[-65.46734,-9.4589],[-65.47642,-9.47228],[-65.50262,-9.46959],[-65.50601,-9.44731],[-65.52187,-9.44652],[-65.5477,-9.42566],[-65.58756,-9.41339],[-65.64109,-9.43308],[-65.64934,-9.44689],[-65.67889,-9.45101],[-65.68045,-9.50002],[-65.69554,-9.50729],[-65.723,-9.55867],[-65.74978,-9.55324],[-65.756,-9.56857],[-65.79948,-9.58464],[-65.81748,-9.56187],[-65.82453,-9.52971],[-65.8477,-9.53194],[-65.84606,-9.51603],[-65.85981,-9.51038],[-65.88036,-9.48708],[-65.91209,-9.48336],[-65.93133,-9.44721],[-65.95109,-9.43588],[-65.96975,-9.41278],[-66.03398,-9.40025],[-66.05919,-9.41783],[-66.11568,-9.4086],[-66.15381,-9.42009],[-66.17308,-9.43403],[-66.2042,-9.42559],[-66.24287,-9.429],[-66.25912,-9.41061],[-66.28989,-9.41211],[-66.28364,-9.43178],[-66.30695,-9.43646],[-66.31837,-9.41958],[-66.34106,-9.42663],[-66.35276,-9.41623],[-66.37423,-9.42598],[-66.40831,-9.40656],[-66.41417,-9.42157],[-66.39556,-9.43714],[-66.3895,-9.45525],[-66.39186,-9.50009],[-66.42303,-9.5254],[-66.43839,-9.554],[-66.46692,-9.58183],[-66.49437,-9.6012],[-66.50006,-9.63318],[-66.53634,-9.64317],[-66.55117,-9.65768],[-66.58576,-9.67317],[-66.6089,-9.66451],[-66.62361,-9.68043],[-66.68439,-9.71426],[-66.69125,-9.73351],[-66.72484,-9.75569],[-66.76756,-9.75796],[-66.77481,-9.75271],[-66.78002,-9.79099],[-66.8097,-9.81766],[-67.32549,-9.59196],[-67.51684,-9.56029],[-68.64662,-9.04904],[-68.92234,-8.81252],[-69.44271,-8.36696],[-70.05181,-7.847],[-70.13261,-7.83583],[-71.08793,-7.72589],[-71.95781,-7.62487],[-72.30293,-7.58456],[-72.58801,-7.55025],[-72.90061,-7.43695],[-73.80098,-7.11146],[-73.73815,-7.04496],[-73.72621,-7.02216],[-73.73801,-6.99894],[-73.74228,-6.96489],[-73.75401,-6.94154],[-73.74093,-6.90918],[-73.72087,-6.88872],[-73.70662,-6.83929],[-73.6899,-6.83394],[-73.66621,-6.80608],[-73.64223,-6.76178],[-73.61523,-6.74094],[-73.58398,-6.72436],[-73.5592,-6.72059],[-73.54986,-6.70628],[-73.51584,-6.67698],[-73.45807,-6.66517],[-73.43645,-6.65071],[-73.38012,-6.63466],[-73.37864,-6.61692],[-73.35392,-6.59455],[-73.30098,-6.59433],[-73.27989,-6.58508],[-73.24658,-6.58389],[-73.22148,-6.5644],[-73.21239,-6.57747],[-73.19979,-6.56442],[-73.19769,-6.54413],[-73.18195,-6.53966],[-73.17209,-6.51789],[-73.15878,-6.52434],[-73.14203,-6.50595],[-73.13167,-6.46788],[-73.11725,-6.44947],[-73.12052,-6.42792],[-73.10829,-6.40967],[-73.13295,-6.387],[-73.14495,-6.35592],[-73.15051,-6.32134],[-73.1577,-6.3269],[-73.16492,-6.27384],[-73.19236,-6.25594],[-73.1972,-6.23931],[-73.21864,-6.22133],[-73.21995,-6.17817],[-73.24967,-6.14458],[-73.25022,-6.10455],[-73.23121,-6.07321],[-73.2369,-6.03183],[-73.20964,-6.00467],[-73.18845,-5.99887],[-73.19353,-5.98394],[-73.18121,-5.96242],[-73.18728,-5.93842],[-73.17315,-5.92354],[-73.1694,-5.89242],[-73.15529,-5.88219],[-73.15047,-5.86309],[-73.11409,-5.85339],[-73.11648,-5.82824],[-73.09295,-5.82134],[-73.09509,-5.81296],[-73.05492,-5.78875],[-73.05544,-5.77151],[-73.04195,-5.74866],[-73.02003,-5.73915],[-73.00231,-5.72104],[-73.00341,-5.70788],[-72.98443,-5.69394],[-72.9857,-5.66194],[-72.96121,-5.65421],[-72.97392,-5.6237],[-72.96581,-5.59284],[-72.95048,-5.58397],[-72.95796,-5.57045],[-72.9532,-5.53979],[-72.9632,-5.49774],[-72.95634,-5.46504],[-72.93533,-5.41838],[-72.90645,-5.37477],[-72.90875,-5.36569],[-72.88783,-5.31292],[-72.86954,-5.29899],[-72.86373,-5.27291],[-72.87111,-5.25281],[-72.86295,-5.23943],[-72.86837,-5.19946],[-72.8845,-5.16646],[-72.8557,-5.14319],[-72.84295,-5.14961],[-72.81544,-5.13813],[-72.81401,-5.10938],[-72.7822,-5.11216],[-72.76564,-5.10331],[-72.75311,-5.08241],[-72.7387,-5.09114],[-72.72525,-5.06516],[-72.70697,-5.05254],[-72.69155,-5.06425],[-72.67792,-5.05453],[-72.65208,-5.06334],[-72.61053,-5.03688],[-72.60611,-4.99522],[-72.56906,-4.98112],[-72.54711,-4.95814],[-72.52749,-4.95781],[-72.52131,-4.93661],[-72.49756,-4.95357],[-72.47553,-4.94543],[-72.47617,-4.92907],[-72.45756,-4.9252],[-72.46838,-4.90316],[-72.4545,-4.89533],[-72.43265,-4.91098],[-72.41922,-4.89746],[-72.42654,-4.88077],[-72.41186,-4.88454],[-72.38512,-4.87192],[-72.38296,-4.83098],[-72.37109,-4.807],[-72.34728,-4.80599],[-72.32356,-4.7965],[-72.32713,-4.78085],[-72.29919,-4.77581],[-72.27709,-4.78341],[-72.27106,-4.79556],[-72.25361,-4.76509],[-72.24667,-4.78058],[-72.21597,-4.76757],[-72.20561,-4.75087],[-72.19189,-4.76165],[-72.19235,-4.7463],[-72.14522,-4.7212],[-72.12657,-4.72299],[-72.07631,-4.67918],[-72.08158,-4.67236],[-72.06206,-4.65312],[-72.04475,-4.6514],[-72.03877,-4.62288],[-72.00533,-4.64132],[-72.00008,-4.62555],[-71.98397,-4.62507],[-71.97622,-4.60775],[-71.9449,-4.60455],[-71.94563,-4.57542],[-71.92266,-4.56222],[-71.92644,-4.54477],[-71.902,-4.54355],[-71.90349,-4.52786],[-71.88487,-4.53346],[-71.88234,-4.51582],[-71.86766,-4.52645],[-71.85589,-4.51281],[-71.77647,-4.48719],[-71.77183,-4.50469],[-71.75133,-4.495],[-71.748,-4.47222],[-71.73897,-4.49709],[-71.71439,-4.5119],[-71.6895,-4.50173],[-71.67064,-4.50939],[-71.65437,-4.4952],[-71.65339,-4.50789],[-71.61361,-4.47894],[-71.63364,-4.51882],[-71.60371,-4.53332],[-71.56908,-4.50692],[-71.55394,-4.48072],[-71.54139,-4.48397],[-71.537,-4.46701],[-71.52113,-4.46824],[-71.50219,-4.48653],[-71.49411,-4.47829],[-71.50891,-4.44799],[-71.48878,-4.45961],[-71.48085,-4.44277],[-71.45942,-4.43909],[-71.43689,-4.45097],[-71.4303,-4.4663],[-71.41727,-4.46587],[-71.4018,-4.43775],[-71.38819,-4.42781],[-71.36944,-4.43543],[-71.35339,-4.42762],[-71.34492,-4.4444],[-71.3027,-4.45135],[-71.32341,-4.42129],[-71.30975,-4.41735],[-71.2855,-4.44263],[-71.26603,-4.42837],[-71.27755,-4.38768],[-71.22836,-4.38738],[-71.22022,-4.40523],[-71.21658,-4.37966],[-71.20167,-4.38867],[-71.20847,-4.40006],[-71.20086,-4.4257],[-71.18828,-4.41434],[-71.18428,-4.39234],[-71.14981,-4.39954],[-71.15325,-4.38277],[-71.13739,-4.38627],[-71.11711,-4.41018],[-71.11039,-4.38383],[-71.07917,-4.37946],[-71.079,-4.39594],[-71.04758,-4.37464],[-71.04994,-4.39538],[-71.03028,-4.39671],[-71.02347,-4.38451],[-70.99514,-4.38414],[-70.98897,-4.36164],[-70.97261,-4.37534],[-70.9425,-4.3855],[-70.93128,-4.35613],[-70.91494,-4.35367],[-70.89933,-4.32422],[-70.8795,-4.3224],[-70.87891,-4.29222],[-70.84933,-4.27829],[-70.8681,-4.25024],[-70.83233,-4.24987],[-70.81972,-4.23191],[-70.82964,-4.21857],[-70.80761,-4.18317],[-70.79094,-4.18576],[-70.7753,-4.16638],[-70.75845,-4.15961],[-70.72939,-4.18408],[-70.70039,-4.18805],[-70.68047,-4.19943],[-70.67214,-4.16671],[-70.67472,-4.14466],[-70.65522,-4.16662],[-70.65294,-4.12683],[-70.62339,-4.13141],[-70.63833,-4.1659],[-70.62439,-4.19243],[-70.56472,-4.16873],[-70.54564,-4.14974],[-70.54877,-4.13682],[-70.52039,-4.14232],[-70.50892,-4.16319],[-70.52099,-4.19053],[-70.50289,-4.19677],[-70.49464,-4.16594],[-70.47275,-4.17701],[-70.46014,-4.1625],[-70.43689,-4.15824],[-70.43894,-4.13378],[-70.41859,-4.14009],[-70.37525,-4.14146],[-70.36067,-4.16913],[-70.34023,-4.18647],[-70.33195,-4.17803],[-70.32545,-4.14593],[-70.29178,-4.17616],[-70.29456,-4.20018],[-70.28431,-4.23348],[-70.31222,-4.24993],[-70.31533,-4.25914],[-70.28901,-4.28195],[-70.28609,-4.29494],[-70.25504,-4.27732],[-70.24973,-4.28675],[-70.27217,-4.3007],[-70.25492,-4.31807],[-70.20837,-4.32778],[-70.20512,-4.36063],[-70.18853,-4.36533],[-70.17767,-4.34678],[-70.15181,-4.33522],[-70.16756,-4.3144],[-70.1512,-4.27982],[-70.12815,-4.29334],[-70.11228,-4.2829],[-70.10728,-4.26409],[-70.09709,-4.29626],[-70.07087,-4.29648],[-70.07873,-4.32461],[-70.04959,-4.33426],[-70.0322,-4.3548],[-70.01081,-4.33627],[-69.98037,-4.32706],[-69.96323,-4.30028],[-69.95428,-4.26597],[-69.95067,-4.22671],[-69.93459,-4.21611],[-69.88289,-3.94167],[-69.83709,-3.68623],[-69.74193,-3.16565],[-69.68896,-2.87131],[-69.61284,-2.43989],[-69.51626,-1.89943],[-69.45276,-1.5311],[-69.45693,-1.49312],[-69.43476,-1.45754],[-69.43657,-1.41711],[-69.42833,-1.38626],[-69.39942,-1.37038],[-69.40885,-1.33348],[-69.40806,-1.29286],[-69.42499,-1.25685],[-69.4307,-1.23269],[-69.41362,-1.18642],[-69.41268,-1.15737],[-69.39781,-1.14405],[-69.40032,-1.1136],[-69.42451,-1.08328],[-69.42376,-1.04913],[-69.44284,-1.03625],[-69.42046,-1.01186],[-69.42109,-1.00008],[-69.44956,-0.99794],[-69.46359,-0.98388],[-69.46301,-0.96699],[-69.52681,-0.92161],[-69.5227,-0.88593],[-69.53795,-0.86163],[-69.57315,-0.84187],[-69.55903,-0.82262],[-69.57364,-0.80074],[-69.61151,-0.76985],[-69.62581,-0.7494],[-69.62204,-0.7318],[-69.60331,-0.72138],[-69.60187,-0.70658],[-69.58468,-0.68406],[-69.58151,-0.66658],[-69.56373,-0.63946],[-69.5877,-0.6224],[-69.6044,-0.59965],[-69.59265,-0.56734],[-69.61412,-0.53999],[-69.61053,-0.51311],[-69.62182,-0.50145],[-69.6432,-0.49932],[-69.64443,-0.48267],[-69.69062,-0.46213],[-69.71717,-0.45479],[-69.73867,-0.44008],[-69.77476,-0.39993],[-69.82298,-0.38066],[-69.84431,-0.34545],[-69.89195,-0.34883],[-69.92259,-0.33117],[-69.93667,-0.306],[-69.96325,-0.28462],[-69.99659,-0.23442],[-70.05686,-0.18643],[-70.05753,-0.15796],[-70.04109,-0.12381],[-70.04558,-0.01634],[-70.04578,0.06865],[-70.04299,0.55917],[-70.02588,0.55829],[-70.02252,0.54385],[-70.00365,0.54126],[-69.99088,0.56131],[-69.99851,0.57053],[-69.97079,0.57122],[-69.94181,0.55464],[-69.92503,0.5653],[-69.91425,0.58562],[-69.88675,0.57527],[-69.83103,0.59036],[-69.80886,0.57255],[-69.78549,0.59592],[-69.76361,0.60576],[-69.74966,0.62242],[-69.72466,0.6172],[-69.71746,0.64335],[-69.69121,0.65373],[-69.67923,0.67092],[-69.64754,0.66119],[-69.63404,0.63673],[-69.60623,0.62955],[-69.5942,0.63911],[-69.59047,0.65936],[-69.5662,0.67282],[-69.56592,0.6844],[-69.5335,0.68393],[-69.53439,0.7003],[-69.50975,0.71275],[-69.48091,0.73595],[-69.46202,0.72934],[-69.45885,0.71597],[-69.43702,0.71006],[-69.43657,0.6947],[-69.40945,0.67507],[-69.40846,0.66143],[-69.36829,0.62786],[-69.35848,0.61219],[-69.34001,0.63964],[-69.3247,0.63308],[-69.30117,0.64957],[-69.287,0.64679],[-69.28553,0.61991],[-69.29769,0.60373],[-69.24355,0.60907],[-69.23839,0.60273],[-69.20313,0.60569],[-69.19266,0.65187],[-69.18022,0.6563],[-69.13305,0.64659],[-69.11624,0.63582],[-69.1146,0.65019],[-69.14399,0.70284],[-69.17979,0.72478],[-69.18677,0.74958],[-69.17232,0.7634],[-69.15185,0.76563],[-69.14446,0.78337],[-69.15093,0.81016],[-69.16535,0.82882],[-69.16555,0.8522],[-69.14169,0.85266],[-69.13527,0.87753],[-69.17127,0.90304],[-69.18455,0.90314],[-69.19008,0.93293],[-69.16283,0.94631],[-69.17294,0.96017],[-69.20557,0.97262],[-69.22,0.98534],[-69.20302,0.99996],[-69.21248,1.02052],[-69.26479,1.0647],[-69.28924,1.06275],[-69.30596,1.07149],[-69.32101,1.09604],[-69.36069,1.08849],[-69.37899,1.09567],[-69.41594,1.05269],[-69.43483,1.0579],[-69.43683,1.08096],[-69.49286,1.08824],[-69.52081,1.07992],[-69.5659,1.08109],[-69.58699,1.08884],[-69.60634,1.10551],[-69.63055,1.09524],[-69.64884,1.09581],[-69.68419,1.07682],[-69.70865,1.09054],[-69.71002,1.12685],[-69.73014,1.1161],[-69.75418,1.11902],[-69.78424,1.10169],[-69.80149,1.07392],[-69.82965,1.07246],[-69.8438,1.08572],[-69.8444,1.29439],[-69.84394,1.57601],[-69.84197,1.72111],[-69.82128,1.7054],[-69.7852,1.70526],[-69.74113,1.74476],[-69.68263,1.74743],[-69.68123,1.73605],[-69.6359,1.73711],[-69.62834,1.75099],[-69.56681,1.77761],[-69.55178,1.79209],[-69.48633,1.7625],[-69.47386,1.76906],[-69.4256,1.7572],[-69.38432,1.73008],[-69.17805,1.73378],[-68.69672,1.73233],[-68.15626,1.73197],[-68.15901,1.75036],[-68.17862,1.75397],[-68.16898,1.771],[-68.20204,1.78667],[-68.23604,1.77286],[-68.2444,1.79524],[-68.23312,1.83025],[-68.26635,1.82767],[-68.26315,1.86096],[-68.25282,1.87903],[-68.2427,1.92708],[-68.20812,1.96192],[-68.18236,1.97913],[-68.14014,1.98512],[-68.10256,1.93668],[-68.08697,1.90165],[-68.04289,1.90003],[-67.97303,1.83309],[-67.94074,1.83107],[-67.90632,1.86646],[-67.91244,1.89816],[-67.88207,1.90314],[-67.85916,1.92051],[-67.81768,1.96717],[-67.77887,2.0314],[-67.74938,2.04046],[-67.69651,2.02371],[-67.65349,2.02047],[-67.61928,2.02401],[-67.60656,2.03576],[-67.58581,2.08583],[-67.55747,2.10642],[-67.55036,2.14205],[-67.52139,2.17065],[-67.44763,2.20844],[-67.43044,2.24195],[-67.38871,2.24435],[-67.36393,2.23066],[-67.34294,2.20582],[-67.33633,2.09843],[-67.3294,2.07853],[-67.32554,2.03005],[-67.29965,1.92701],[-67.27754,1.87608],[-67.2434,1.85852],[-67.22829,1.86118],[-67.17379,1.85736],[-67.1565,1.84918],[-67.12351,1.79927],[-67.11503,1.76789],[-67.09684,1.73294],[-67.099,1.68208],[-67.08098,1.63851],[-67.07817,1.50017],[-67.07179,1.44294],[-67.07987,1.4016],[-67.08828,1.32532],[-67.08679,1.2319],[-67.08231,1.20368],[-67.08761,1.16724],[-66.85639,1.23055],[-66.59877,1.00003],[-66.31798,0.75538],[-66.21243,0.78099],[-66.1876,0.77902],[-66.18214,0.76746],[-66.15055,0.74481],[-66.12061,0.75242],[-66.11396,0.76372],[-66.08799,0.7594],[-66.07574,0.76863],[-66.06952,0.8054],[-66.03744,0.81238],[-66.01672,0.80038],[-65.96389,0.80982],[-65.96416,0.82012],[-65.94538,0.85293],[-65.93279,0.86288],[-65.93605,0.88248],[-65.92485,0.89161],[-65.90061,0.88395],[-65.88102,0.90195],[-65.86175,0.93124],[-65.76666,0.96439],[-65.76055,0.98139],[-65.73888,0.99993],[-65.71166,0.99779],[-65.69499,1.00439],[-65.67805,0.98914],[-65.65222,1.01211],[-65.62444,0.98936],[-65.62666,1.0096],[-65.58502,1.00928],[-65.57168,0.98534],[-65.55724,0.99366],[-65.55752,0.97622],[-65.54138,0.97586],[-65.53585,0.94839],[-65.50783,0.91588],[-65.51172,0.88559],[-65.4956,0.88967],[-65.50472,0.86888],[-65.49972,0.84276],[-65.52082,0.84049],[-65.53055,0.8055],[-65.54805,0.77494],[-65.57305,0.76471],[-65.57527,0.74501],[-65.59083,0.72195],[-65.57583,0.71193],[-65.5636,0.67605],[-65.54,0.64913],[-65.53,0.6683],[-65.49999,0.67247],[-65.44249,0.69022],[-65.42305,0.70831],[-65.41333,0.7555],[-65.39694,0.75026],[-65.39611,0.79085],[-65.4125,0.81606],[-65.39749,0.82167],[-65.3911,0.84446],[-65.37639,0.84971],[-65.37305,0.86499],[-65.35138,0.87332],[-65.3286,0.93191],[-65.30222,0.9425],[-65.26944,0.94361],[-65.26305,0.91993],[-65.20833,0.92909],[-65.20694,0.90722],[-65.18194,0.92278],[-65.16444,0.95082],[-65.1611,0.97885],[-65.14674,1.00969],[-65.16633,1.01166],[-65.15349,1.05669],[-65.14985,1.10769],[-65.15452,1.12531],[-65.12197,1.13546],[-65.10255,1.157],[-65.08763,1.14634],[-65.07071,1.15376],[-65.06036,1.13804],[-65.0608,1.11209],[-65.02171,1.11528],[-64.96972,1.17328],[-64.96027,1.19001],[-64.96916,1.21749],[-64.9511,1.23188],[-64.94305,1.21606],[-64.92583,1.21499],[-64.9061,1.24195],[-64.89055,1.24856],[-64.88611,1.2322],[-64.86805,1.23221],[-64.85222,1.26387],[-64.8611,1.26965],[-64.82458,1.29545],[-64.80999,1.31472],[-64.78861,1.28607],[-64.79305,1.2697],[-64.76333,1.23111],[-64.74611,1.22578],[-64.72194,1.23882],[-64.70138,1.29165],[-64.68416,1.28415],[-64.65972,1.29168],[-64.63444,1.32054],[-64.61083,1.33611],[-64.59027,1.33775],[-64.57555,1.3544],[-64.58222,1.37583],[-64.55278,1.41718],[-64.52138,1.43801],[-64.49999,1.44299],[-64.4761,1.46833],[-64.45305,1.48056],[-64.43805,1.47216],[-64.42416,1.48555],[-64.39694,1.52717],[-64.35083,1.51861],[-64.35666,1.48415],[-64.37833,1.46387],[-64.37694,1.44859],[-64.39694,1.4247],[-64.39944,1.39521],[-64.37694,1.3869],[-64.35888,1.39026],[-64.34527,1.36639],[-64.34222,1.38466],[-64.32916,1.39525],[-64.32555,1.43632],[-64.30166,1.46862],[-64.26694,1.48501],[-64.26111,1.50021],[-64.23972,1.51162],[-64.21499,1.50883],[-64.19444,1.52522],[-64.19333,1.54303],[-64.16721,1.57634],[-64.14361,1.58277],[-64.12555,1.57799],[-64.11166,1.58966],[-64.08694,1.64051],[-64.06472,1.67635],[-64.06083,1.70195],[-64.07167,1.72609],[-64.06833,1.74799],[-64.0775,1.75938],[-64.06194,1.78996],[-64.05556,1.84135],[-64.07055,1.85273],[-64.06139,1.88304],[-64.06139,1.93107],[-64.01861,1.95163],[-63.995,1.98023],[-63.975,1.99164],[-63.93805,1.98967],[-63.92222,1.98326],[-63.90611,1.99186],[-63.88722,1.98274],[-63.85361,1.97887],[-63.84555,1.96439],[-63.82916,1.96856],[-63.82333,1.99136],[-63.78444,1.98188],[-63.75971,2.00442],[-63.73999,2.0],[-63.73861,2.01664],[-63.70277,2.0466],[-63.69167,2.02354],[-63.66749,2.01722],[-63.66027,2.03359],[-63.66167,2.0658],[-63.64444,2.06526],[-63.62222,2.08943],[-63.61693,2.10689],[-63.56138,2.13269],[-63.53583,2.13134],[-63.50888,2.11389],[-63.49194,2.1158],[-63.46611,2.14132],[-63.44361,2.1255],[-63.42056,2.13165],[-63.39722,2.14722],[-63.38833,2.18332],[-63.39472,2.19997],[-63.37178,2.21208],[-63.35927,2.19744],[-63.31026,2.16534],[-63.28226,2.15422],[-63.26211,2.15738],[-63.19361,2.18155],[-63.16494,2.18065],[-63.14099,2.17278],[-63.13777,2.14219],[-63.1236,2.10533],[-63.10672,2.07968],[-63.08502,2.06177],[-63.07034,2.04032],[-63.02325,2.01501],[-62.98027,2.01812],[-62.94796,2.03138],[-62.9193,2.02532],[-62.83831,2.0168],[-62.81272,1.99202],[-62.72906,1.96088],[-62.70551,1.94006],[-62.69821,1.91229],[-62.70366,1.87428],[-62.73055,1.81857],[-62.72321,1.71274],[-62.72809,1.70034],[-62.75563,1.67609],[-62.79581,1.63102],[-62.80476,1.59168],[-62.73583,1.52997],[-62.73028,1.49997],[-62.67638,1.45497],[-62.63944,1.43858],[-62.61973,1.40412],[-62.62583,1.38554],[-62.61027,1.35299],[-62.58639,1.25582],[-62.55417,1.17522],[-62.54472,1.1211],[-62.52057,1.08416],[-62.4711,1.08662],[-62.47776,1.05694],[-62.47417,1.01664],[-62.44529,0.97718],[-62.44235,0.96041],[-62.45097,0.93992],[-62.47053,0.91747],[-62.48555,0.86687],[-62.48053,0.84301],[-62.46555,0.82942],[-62.45721,0.78554],[-62.49997,0.74829],[-62.53279,0.70164],[-62.53777,0.67554],[-62.51778,0.58416],[-62.53249,0.50915],[-62.52244,0.48591],[-62.51814,0.44404],[-62.50871,0.44023],[-62.48473,0.45442],[-62.45805,0.41803],[-62.45555,0.39275],[-62.44585,0.37946],[-62.46637,0.33331],[-62.45791,0.31384],[-62.46762,0.2761],[-62.45375,0.2439],[-62.45207,0.20776],[-62.43789,0.19524],[-62.42264,0.14502],[-62.42818,0.11887],[-62.41431,0.07472],[-62.37012,0.05444],[-62.34599,0.02995],[-62.3221,-0.0239],[-62.31909,-0.10218],[-62.2933,-0.128],[-62.26746,-0.16354],[-62.24441,-0.17437],[-62.24469,-0.21131],[-62.25274,-0.21937],[-62.24636,-0.25187],[-62.25302,-0.27103],[-62.24775,-0.30159],[-62.23525,-0.31686],[-62.21914,-0.31075],[-62.18775,-0.33047],[-62.1947,-0.36409],[-62.20581,-0.37659],[-62.20164,-0.3927],[-62.21664,-0.39909],[-62.22664,-0.42548],[-62.27342,-0.45381],[-62.27452,-0.47826],[-62.2898,-0.48381],[-62.29424,-0.50742],[-62.30869,-0.51381],[-62.30341,-0.53437],[-62.31786,-0.55215],[-62.30925,-0.58298],[-62.29036,-0.60187],[-62.30119,-0.61881],[-62.28702,-0.63798],[-62.30869,-0.66048],[-62.32619,-0.65603],[-62.34083,-0.67556],[-62.37027,-0.6764],[-62.35833,-0.70667],[-62.38166,-0.70584],[-62.40639,-0.72695],[-62.40999,-0.71001],[-62.42806,-0.69251],[-62.46916,-0.69362],[-62.48611,-0.68112],[-62.50777,-0.7139],[-62.49444,-0.75028],[-62.50972,-0.75862],[-62.50055,-0.78112],[-62.48028,-0.79473],[-62.46499,-0.78862],[-62.44778,-0.80972],[-62.39528,-0.82001],[-62.37555,-0.83612],[-62.37583,-0.86584],[-62.35611,-0.87473],[-62.33972,-0.90389],[-62.31666,-0.9139],[-62.31222,-0.93001],[-62.29333,-0.94778],[-62.27167,-0.95167],[-62.2586,-0.97556],[-62.22694,-0.97309],[-62.20333,-0.9825],[-62.19944,-1.0],[-62.17139,-1.00556],[-62.14249,-1.03695],[-62.125,-1.03695],[-62.11083,-1.06001],[-62.11777,-1.07612],[-62.09916,-1.09639],[-62.06166,-1.09945],[-62.01694,-1.14139],[-61.98888,-1.20139],[-61.9875,-1.21639],[-61.96639,-1.24251],[-61.94944,-1.29667],[-61.90861,-1.34833],[-61.90499,-1.37917],[-61.89611,-1.395],[-61.86888,-1.40139],[-61.81667,-1.39916],[-61.7897,-1.37861],[-61.74027,-1.39166],[-61.7175,-1.40944],[-61.6575,-1.42973],[-61.635,-1.43361],[-61.60444,-1.44778],[-61.57166,-1.47778],[-61.54417,-1.52527],[-61.49052,-1.57445],[-61.47414,-1.57861],[-61.46192,-1.60654],[-61.42981,-1.61621],[-61.41562,-1.63076],[-61.4167,-1.66763],[-61.41192,-1.70284],[-61.42415,-1.76762],[-61.41901,-1.79241],[-61.39886,-1.82942],[-61.38148,-1.88497],[-61.38615,-1.89762],[-61.46139,-1.90183],[-61.44752,-1.92816],[-61.45141,-1.94447],[-61.46903,-1.94742],[-61.49277,-1.96489],[-61.50002,-1.96161],[-61.54069,-1.88744],[-61.53108,-1.88106],[-61.53547,-1.86191],[-61.57202,-1.86046],[-61.59388,-1.87022],[-61.60022,-1.82802],[-61.62611,-1.82905],[-61.64083,-1.82188],[-61.65377,-1.83287],[-61.64566,-1.85333],[-61.65463,-1.86838],[-61.66624,-1.86554],[-61.68152,-1.88603],[-61.72475,-1.89229],[-61.73003,-1.88066],[-61.75772,-1.89774],[-61.74324,-1.91641],[-61.77819,-1.92167],[-61.80622,-1.94518],[-61.82674,-1.92584],[-61.84472,-1.92191],[-61.85294,-1.9364],[-61.88194,-1.9344],[-61.88361,-1.91089],[-61.91989,-1.92605],[-61.92205,-1.94716],[-61.94344,-1.94405],[-61.92786,-1.95852],[-61.94916,-1.96384],[-61.9668,-2.00021],[-61.98841,-1.98963],[-61.9948,-2.0248],[-62.02196,-2.02568],[-62.02141,-1.99889],[-62.0466,-1.9747],[-62.0721,-2.00031],[-62.08386,-2.03665],[-62.07222,-2.04864],[-62.0833,-2.0649],[-62.10863,-2.05617],[-62.11758,-2.08347],[-62.15097,-2.11162],[-62.15891,-2.13379],[-62.18789,-2.12226],[-62.20641,-2.12371],[-62.22305,-2.14965],[-62.23736,-2.13254],[-62.29158,-2.15992],[-62.30172,-2.14805],[-62.35108,-2.17815],[-62.35319,-2.19345],[-62.37794,-2.20358],[-62.45647,-2.22377],[-62.47702,-2.23982],[-62.50986,-2.24856],[-62.5495,-2.27823],[-62.57205,-2.28378],[-62.65833,-2.2864],[-62.71672,-2.28407],[-62.74833,-2.29667],[-62.78269,-2.3171],[-62.79191,-2.32946],[-62.82533,-2.33157],[-62.85758,-2.34891],[-62.88494,-2.40574],[-62.90397,-2.42293],[-62.94999,-2.42456],[-62.99008,-2.43724],[-63.01391,-2.4547],[-63.03206,-2.45097],[-63.04005,-2.48276],[-63.08444,-2.47707],[-63.12527,-2.48237],[-63.1413,-2.49047],[-63.17625,-2.49239],[-63.19775,-2.48451],[-63.23369,-2.4827],[-63.25619,-2.46724],[-63.27867,-2.43581],[-63.30453,-2.43064],[-63.33191,-2.46246],[-63.36863,-2.48956],[-63.38903,-2.48813],[-63.4235,-2.46974],[-63.44094,-2.4475],[-63.44791,-2.41306],[-63.46516,-2.38731],[-63.48556,-2.38147],[-63.51877,-2.39132],[-63.5365,-2.38696],[-63.55789,-2.36708],[-63.58372,-2.35589],[-63.60041,-2.35906],[-63.63322,-2.39007],[-63.64608,-2.39342],[-63.69414,-2.37814],[-63.71227,-2.389],[-63.7253,-2.42273],[-63.74994,-2.43826],[-63.8021,-2.43931],[-63.83138,-2.4297],[-63.86638,-2.44502],[-63.90586,-2.43927],[-63.95697,-2.4444],[-63.95653,-2.46624],[-63.98069,-2.50508],[-63.98764,-2.52757],[-63.98375,-2.56504],[-63.95416,-2.57512],[-63.91094,-2.56181],[-63.87511,-2.56534],[-63.83575,-2.56063],[-63.81789,-2.54745],[-63.78794,-2.55684],[-63.7668,-2.59279],[-63.74966,-2.64933],[-63.73177,-2.68323],[-63.71396,-2.76207],[-63.72833,-2.80264],[-63.72414,-2.82405],[-63.71144,-2.83479],[-63.69103,-2.83424],[-63.66193,-2.81753],[-63.62914,-2.80639],[-63.60866,-2.78622],[-63.58394,-2.78002],[-63.56347,-2.76249],[-63.52452,-2.75346],[-63.46255,-2.70309],[-63.40813,-2.70713],[-63.37361,-2.70153],[-63.34576,-2.70376],[-63.30439,-2.69984],[-63.28303,-2.71043],[-63.25869,-2.7512],[-63.24023,-2.79589],[-63.21803,-2.81947],[-63.18849,-2.83677],[-63.16908,-2.83988],[-63.14502,-2.83221],[-63.10488,-2.83369],[-63.05697,-2.8137],[-63.00914,-2.84045],[-62.95864,-2.84463],[-62.92833,-2.85326],[-62.91463,-2.88079],[-62.90994,-2.92497],[-62.93264,-2.99051],[-62.92831,-3.00771],[-62.87752,-3.00215],[-62.82755,-3.00268],[-62.79552,-3.01864],[-62.77947,-3.01983],[-62.74091,-3.06672],[-62.71061,-3.0881],[-62.69147,-3.09236],[-62.626,-3.09272],[-62.58257,-3.1064],[-62.56274,-3.13062],[-62.5213,-3.16381],[-62.49716,-3.19892],[-62.47353,-3.24415],[-62.45694,-3.29338],[-62.44975,-3.39251],[-62.4443,-3.42077],[-62.42424,-3.43549],[-62.3948,-3.44176],[-62.31058,-3.43758],[-62.29897,-3.45215],[-62.27183,-3.4433],[-62.27747,-3.40153],[-62.2698,-3.37536],[-62.25525,-3.36766],[-62.194,-3.35242],[-62.15116,-3.32291],[-62.12508,-3.28175],[-62.10202,-3.26735],[-62.08747,-3.27774],[-62.06106,-3.2621],[-62.04464,-3.27233],[-62.04052,-3.29797],[-62.04689,-3.34671],[-62.02094,-3.36925],[-61.98669,-3.35522],[-61.94419,-3.30223],[-61.91753,-3.28531],[-61.84652,-3.28203],[-61.82941,-3.28474],[-61.78564,-3.31789],[-61.76186,-3.36327],[-61.72514,-3.38164],[-61.68255,-3.41852],[-61.66484,-3.42649],[-61.64891,-3.41997],[-61.63786,-3.39386],[-61.61769,-3.38153],[-61.582,-3.4051],[-61.56417,-3.40005],[-61.5333,-3.41636],[-61.51033,-3.41987],[-61.49556,-3.44236],[-61.46628,-3.44287],[-61.4695,-3.4535],[-61.32133,-3.45331],[-61.30242,-3.44108],[-61.27969,-3.44298],[-61.28388,-3.45676],[-61.30478,-3.46828],[-61.29833,-3.50864],[-61.3023,-3.53187],[-61.29031,-3.5421],[-61.29006,-3.60584],[-61.33384,-3.60649],[-61.37695,-3.60183],[-61.40675,-3.6253],[-61.33181,-3.69584],[-61.14996,-3.70048],[-61.14366,-3.72184],[-61.15813,-3.74974],[-61.14116,-3.76251],[-61.1519,-3.78321],[-61.10938,-3.7958],[-61.06163,-3.79449],[-61.04422,-3.82109],[-61.05013,-3.86486],[-61.08075,-3.91313],[-61.10974,-3.92656],[-61.13624,-3.95821],[-61.16313,-3.97454],[-61.16319,-4.14037],[-61.14493,-4.1256],[-61.10602,-4.1342],[-61.07802,-4.12199],[-61.0568,-4.12828],[-61.02707,-4.08243],[-61.01132,-4.08169],[-60.99613,-4.10268],[-60.96583,-4.10641],[-60.96501,-4.13363],[-60.92316,-4.1322],[-60.90072,-4.15159],[-60.89022,-4.16996],[-60.87089,-4.15711],[-60.85255,-4.16972],[-60.83938,-4.15305],[-60.80277,-4.17424],[-60.8253,-4.23314],[-60.84845,-4.28182],[-61.00887,-4.42313],[-61.16731,-4.54387],[-61.24878,-4.62794],[-61.2707,-4.66164],[-61.29274,-4.71168],[-60.91309,-5.11256],[-60.72528,-5.11286],[-60.69369,-5.07229],[-60.70158,-5.04182],[-60.28345,-5.04218],[-60.24805,-4.98531],[-60.22862,-4.9325],[-60.21286,-4.9141],[-60.19011,-4.90309],[-60.16658,-4.9049],[-60.12291,-4.92446],[-60.08321,-4.92494],[-60.04119,-4.90193],[-59.98537,-4.88089],[-59.94407,-4.86929],[-59.67025,-5.28279],[-59.69613,-5.32002],[-59.70628,-5.36712],[-59.72551,-5.39995],[-59.72566,-5.44543],[-59.71303,-5.46675],[-59.70566,-5.49663],[-59.67659,-5.5],[-59.60161,-5.47733],[-59.5899,-5.5002],[-59.57499,-5.49747],[-59.55061,-5.5113],[-59.54436,-5.54922],[-59.57256,-5.6229],[-59.59133,-5.63571],[-59.59294,-5.65124],[-59.61309,-5.6875],[-59.61797,-5.71613],[-59.61135,-5.74306],[-59.59822,-5.75551],[-59.59844,-5.78219],[-59.58678,-5.7823],[-59.55897,-5.82499],[-59.56072,-5.84234],[-59.54503,-5.84482],[-59.52498,-5.86099],[-59.51775,-5.8899],[-59.49508,-5.87994],[-59.48811,-5.89327],[-59.50094,-5.90354],[-59.49811,-5.92297],[-59.48036,-5.92941],[-59.44958,-5.96025],[-59.45475,-5.98395],[-59.43053,-6.00578],[-59.40858,-6.01241],[-59.41164,-6.04417],[-59.39397,-6.05563],[-59.39058,-6.08674],[-59.37539,-6.09008],[-59.35,-6.12399],[-59.36147,-6.12765],[-59.35834,-6.1671],[-59.33794,-6.17842],[-59.33083,-6.19727],[-59.34053,-6.21745],[-59.33203,-6.23007],[-59.34477,-6.23864],[-59.35358,-6.26073],[-59.33983,-6.27712],[-59.36428,-6.27828],[-59.37497,-6.29892],[-59.34953,-6.32069],[-59.35539,-6.33633],[-59.33261,-6.36932],[-59.3265,-6.39868],[-59.3152,-6.40953],[-59.30986,-6.44528],[-59.31436,-6.46064],[-59.60931,-6.4601],[-59.63104,-6.47651],[-59.66039,-6.46391],[-59.71394,-6.45756],[-59.73415,-6.44544],[-59.74974,-6.44888],[-59.76272,-6.46818],[-59.79889,-6.45578],[-59.80497,-6.43447],[-59.81983,-6.43495],[-59.8447,-6.47781],[-59.85542,-6.52369],[-59.8978,-6.52728],[-59.90343,-6.54139],[-59.93297,-6.55522],[-59.92827,-6.57095],[-59.9558,-6.6213],[-59.9293,-6.63737],[-59.92569,-6.66047],[-59.94322,-6.6807],[-59.91586,-6.69208],[-59.93204,-6.72681],[-59.9052,-6.74635],[-59.90215,-6.79418],[-59.88741,-6.78847],[-59.87224,-6.81168],[-59.39442,-6.57298],[-59.29428,-6.52057],[-59.07867,-6.38864],[-58.85478,-6.3811],[-58.83655,-6.42234],[-58.83544,-6.47049],[-58.86636,-6.54308],[-58.87245,-6.60519],[-58.864,-6.62782],[-58.86809,-6.66732],[-58.85833,-6.70509],[-58.83733,-6.72835],[-58.83222,-6.74438],[-58.79361,-6.77637],[-58.78452,-6.83188],[-58.7673,-6.85792],[-58.7511,-6.85672],[-58.74346,-6.88651],[-58.6978,-6.92089],[-58.67507,-6.92801],[-58.65182,-6.96155],[-58.65032,-6.97773],[-58.63232,-7.00761],[-58.61656,-7.00532],[-58.6011,-7.03692],[-58.58264,-7.03539],[-58.57423,-7.04945],[-58.56696,-7.03254],[-58.54132,-7.03576],[-58.53167,-7.05167],[-58.49617,-7.05168],[-58.49242,-7.06766],[-58.50582,-7.11395],[-58.52486,-7.1297],[-58.53737,-7.16487],[-58.5285,-7.18608],[-58.56342,-7.19854],[-58.53092,-7.22806],[-58.54168,-7.25945],[-58.57354,-7.28723],[-58.56298,-7.31023],[-58.53951,-7.34221],[-58.49984,-7.34974],[-58.14687,-7.34286],[-58.13656,-7.35574],[-58.17286,-7.39398]]]}},{"type":"Feature","properties":{"id":"98","phone_code":"98","phone_code_1_digit":"9"},"geometry":{"type":"MultiPolygon","coordinates":[[[[-43.99998,-2.3905],[-43.99673,-2.39977],[-44.01618,-2.39889],[-43.99998,-2.3905]]],[[[-44.44582,-2.00756],[-44.43846,-2.01841],[-44.4571,-2.02978],[-44.44582,-2.00756]]],[[[-44.60752,-1.83633],[-44.59574,-1.8505],[-44.61866,-1.86525],[-44.63295,-1.85354],[-44.60752,-1.83633]]],[[[-44.59736,-1.83906],[-44.61098,-1.83069],[-44.60766,-1.82062],[-44.59736,-1.83906]]],[[[-44.62223,-1.79783],[-44.62272,-1.81836],[-44.63289,-1.79641],[-44.62223,-1.79783]]],[[[-44.57102,-1.79662],[-44.56031,-1.8393],[-44.5674,-1.85331],[-44.59054,-1.85315],[-44.59224,-1.81095],[-44.57102,-1.79662]]],[[[-44.59312,-1.76839],[-44.57587,-1.77934],[-44.60111,-1.79449],[-44.60028,-1.81262],[-44.61678,-1.81859],[-44.61746,-1.79148],[-44.59312,-1.76839]]],[[[-44.61151,-1.77693],[-44.60293,-1.77508],[-44.61667,-1.78486],[-44.61151,-1.77693]]],[[[-44.73484,-1.68214],[-44.72584,-1.69198],[-44.74082,-1.701],[-44.75186,-1.6938],[-44.73484,-1.68214]]],[[[-44.74193,-1.6831],[-44.74387,-1.68129],[-44.7405,-1.67975],[-44.74193,-1.6831]]],[[[-44.72281,-1.66186],[-44.72434,-1.67703],[-44.73756,-1.66981],[-44.72281,-1.66186]]],[[[-44.69182,-1.58397],[-44.69255,-1.59503],[-44.69742,-1.58851],[-44.69182,-1.58397]]],[[[-44.76102,-1.48852],[-44.7719,-1.46193],[-44.75302,-1.45775],[-44.74211,-1.47014],[-44.73673,-1.51157],[-44.74459,-1.51915],[-44.78547,-1.52477],[-44.76102,-1.48852]]],[[[-44.75686,-1.5928],[-44.75591,-1.58756],[-44.75426,-1.59019],[-44.75686,-1.5928]]],[[[-44.81978,-1.56155],[-44.82396,-1.57007],[-44.83116,-1.56014],[-44.81978,-1.56155]]],[[[-44.73626,-1.53761],[-44.72021,-1.55122],[-44.75553,-1.5829],[-44.75381,-1.55543],[-44.73626,-1.53761]]],[[[-44.77449,-1.57597],[-44.77691,-1.58034],[-44.77779,-1.5771],[-44.77449,-1.57597]]],[[[-44.77235,-1.56215],[-44.78068,-1.5725],[-44.78334,-1.56855],[-44.77235,-1.56215]]],[[[-44.76337,-1.48389],[-44.79198,-1.52606],[-44.78555,-1.54915],[-44.79636,-1.56314],[-44.81804,-1.55825],[-44.82829,-1.54092],[-44.79914,-1.51873],[-44.79318,-1.4946],[-44.76337,-1.48389]]],[[[-45.13229,-1.48654],[-45.13479,-1.49401],[-45.1358,-1.48861],[-45.13229,-1.48654]]],[[[-45.13438,-1.46937],[-45.13695,-1.47626],[-45.13803,-1.46595],[-45.13438,-1.46937]]],[[[-45.09088,-1.4514],[-45.07153,-1.45824],[-45.07421,-1.47503],[-45.09542,-1.47132],[-45.09088,-1.4514]]],[[[-45.00042,-1.40201],[-45.0041,-1.41088],[-45.0164,-1.39636],[-45.00042,-1.40201]]],[[[-45.07911,-1.41894],[-45.08219,-1.44135],[-45.08712,-1.42165],[-45.07911,-1.41894]]],[[[-45.30076,-1.4239],[-45.29892,-1.42267],[-45.29913,-1.42442],[-45.30076,-1.4239]]],[[[-45.39717,-1.40659],[-45.40637,-1.41827],[-45.40615,-1.39636],[-45.39717,-1.40659]]],[[[-45.50858,-1.39004],[-45.5138,-1.40078],[-45.51804,-1.40023],[-45.50858,-1.39004]]],[[[-45.10412,-1.40232],[-45.10627,-1.406],[-45.10906,-1.40086],[-45.10412,-1.40232]]],[[[-45.11098,-1.39065],[-45.10742,-1.39432],[-45.10827,-1.39668],[-45.11098,-1.39065]]],[[[-45.11134,-1.38449],[-45.11364,-1.38544],[-45.11213,-1.3817],[-45.11134,-1.38449]]],[[[-45.07759,-1.37639],[-45.09305,-1.43151],[-45.09673,-1.4186],[-45.07759,-1.37639]]],[[[-45.01197,-1.38693],[-45.01966,-1.35752],[-45.00355,-1.34423],[-44.97909,-1.35884],[-44.9573,-1.32007],[-44.98528,-1.30293],[-44.97227,-1.28344],[-44.95533,-1.27614],[-44.93031,-1.28531],[-44.92273,-1.30391],[-44.90878,-1.30588],[-44.90971,-1.32905],[-44.88858,-1.33588],[-44.92011,-1.37324],[-44.94224,-1.3789],[-44.94367,-1.38952],[-44.98279,-1.40928],[-45.01197,-1.38693]]],[[[-45.48551,-1.35985],[-45.48284,-1.37052],[-45.49729,-1.38656],[-45.48551,-1.35985]]],[[[-45.03277,-1.38642],[-45.04174,-1.3868],[-45.04839,-1.34939],[-45.0431,-1.34261],[-45.03277,-1.38642]]],[[[-45.35597,-1.35024],[-45.35828,-1.34816],[-45.35583,-1.34809],[-45.35597,-1.35024]]],[[[-45.47632,-1.33694],[-45.47001,-1.3499],[-45.48606,-1.35962],[-45.47632,-1.33694]]],[[[-44.87554,-1.33938],[-44.87694,-1.34514],[-44.88146,-1.33849],[-44.87554,-1.33938]]],[[[-45.01692,-1.32218],[-44.99567,-1.32214],[-44.9716,-1.33544],[-44.97889,-1.35418],[-45.00061,-1.34127],[-45.02802,-1.33854],[-45.01692,-1.32218]]],[[[-45.0507,-1.34711],[-45.051,-1.34449],[-45.04858,-1.34382],[-45.0507,-1.34711]]],[[[-45.04322,-1.33937],[-45.05203,-1.34201],[-45.04765,-1.32707],[-45.04322,-1.33937]]],[[[-44.86956,-1.32644],[-44.877,-1.33631],[-44.9093,-1.3236],[-44.90505,-1.30427],[-44.91798,-1.30294],[-44.92564,-1.27786],[-44.90216,-1.27805],[-44.85839,-1.29761],[-44.84233,-1.33256],[-44.87546,-1.35529],[-44.86956,-1.32644]]],[[[-45.85561,-1.25258],[-45.8551,-1.25988],[-45.86207,-1.25922],[-45.85561,-1.25258]]],[[[-45.81263,-1.26077],[-45.81782,-1.26166],[-45.81257,-1.25527],[-45.81263,-1.26077]]],[[[-45.63908,-1.24478],[-45.64578,-1.25032],[-45.64608,-1.24209],[-45.63908,-1.24478]]],[[[-45.78792,-1.23509],[-45.79082,-1.2481],[-45.80172,-1.24166],[-45.78792,-1.23509]]],[[[-45.53107,-1.23098],[-45.55687,-1.22651],[-45.59289,-1.2463],[-45.55428,-1.1878],[-45.52842,-1.20519],[-45.53107,-1.23098]]],[[[-45.683,-1.26166],[-45.69727,-1.24221],[-45.69934,-1.21976],[-45.68002,-1.18734],[-45.65795,-1.22169],[-45.6607,-1.24458],[-45.683,-1.26166]]],[[[-45.95637,-1.10566],[-45.95751,-1.10471],[-45.95262,-1.10373],[-45.95637,-1.10566]]],[[[-45.78119,-1.19033],[-45.77551,-1.21015],[-45.78586,-1.22758],[-45.79586,-1.21338],[-45.7942,-1.18833],[-45.78119,-1.19033]]],[[[-45.7618,-1.18553],[-45.76083,-1.18923],[-45.7645,-1.18697],[-45.7618,-1.18553]]],[[[-45.81827,-1.15649],[-45.81954,-1.15901],[-45.8201,-1.15668],[-45.81827,-1.15649]]],[[[-45.81635,-1.15306],[-45.81656,-1.15552],[-45.81713,-1.1549],[-45.81635,-1.15306]]],[[[-45.7931,-1.11903],[-45.80378,-1.15082],[-45.81614,-1.14845],[-45.81665,-1.12134],[-45.7931,-1.11903]]],[[[-45.67716,-1.31498],[-45.69353,-1.30386],[-45.6906,-1.28798],[-45.67716,-1.31498]]],[[[-45.64765,-1.26722],[-45.64578,-1.27055],[-45.64941,-1.26912],[-45.64765,-1.26722]]],[[[-45.53953,-1.29926],[-45.55116,-1.30744],[-45.55119,-1.2907],[-45.53953,-1.29926]]],[[[-45.52662,-1.26667],[-45.53578,-1.28827],[-45.5594,-1.28339],[-45.52662,-1.26667]]],[[[-45.64307,-1.35834],[-45.63823,-1.36106],[-45.65277,-1.36229],[-45.64307,-1.35834]]],[[[-45.63628,-1.29975],[-45.63592,-1.31982],[-45.63926,-1.3083],[-45.63628,-1.29975]]],[[[-45.62371,-1.32716],[-45.62813,-1.33938],[-45.6308,-1.31372],[-45.62371,-1.32716]]],[[[-45.56438,-1.26243],[-45.55473,-1.25977],[-45.56776,-1.27313],[-45.56438,-1.26243]]],[[[-45.63043,-1.20984],[-45.62385,-1.23366],[-45.64109,-1.31463],[-45.63245,-1.34833],[-45.64107,-1.35566],[-45.69488,-1.36237],[-45.67917,-1.35161],[-45.67481,-1.33973],[-45.687,-1.33067],[-45.67265,-1.31282],[-45.68575,-1.29009],[-45.68353,-1.26862],[-45.65756,-1.25331],[-45.65006,-1.27244],[-45.63804,-1.27468],[-45.64754,-1.2621],[-45.63545,-1.24521],[-45.63883,-1.2065],[-45.63075,-1.14673],[-45.61544,-1.11552],[-45.60348,-1.12673],[-45.60226,-1.16421],[-45.61798,-1.18185],[-45.63043,-1.20984]]],[[[-43.08228,-4.44578],[-43.20996,-4.36496],[-43.42885,-4.22294],[-43.51432,-4.18659],[-43.59418,-4.22804],[-43.60217,-4.21867],[-43.59294,-4.20052],[-43.59795,-4.18308],[-43.58791,-4.1464],[-43.60453,-4.12649],[-43.59416,-4.10454],[-43.60056,-4.09295],[-43.60166,-4.04379],[-43.62345,-4.03051],[-43.64559,-4.00589],[-43.65517,-4.00726],[-43.67216,-3.98646],[-43.72895,-3.93474],[-43.89508,-3.9683],[-43.93773,-3.99994],[-43.99237,-3.84206],[-44.1551,-3.83646],[-44.16558,-3.91009],[-44.19842,-3.92707],[-44.35327,-3.84855],[-44.36223,-3.86432],[-44.38865,-3.87976],[-44.39312,-3.89475],[-44.41989,-3.91419],[-44.41528,-3.93791],[-44.47964,-3.91909],[-44.48054,-3.90702],[-44.50586,-3.84831],[-44.60975,-3.84742],[-44.62197,-3.85106],[-44.87871,-3.90765],[-44.93161,-3.91792],[-44.9565,-3.8728],[-44.98887,-3.92853],[-45.0032,-3.94086],[-45.02861,-4.04078],[-45.02181,-4.04761],[-45.01834,-4.09804],[-45.01165,-4.12837],[-45.04001,-4.1796],[-45.05765,-4.19316],[-45.08663,-4.20254],[-45.08473,-4.22167],[-45.09775,-4.24002],[-45.0864,-4.25776],[-45.09808,-4.28381],[-45.11423,-4.29449],[-45.10632,-4.32846],[-45.12659,-4.36608],[-45.12147,-4.37765],[-45.13211,-4.40214],[-45.1182,-4.41921],[-45.0932,-4.42293],[-45.16048,-4.51847],[-45.21305,-4.55181],[-45.19599,-4.5655],[-45.20297,-4.60105],[-45.23656,-4.62217],[-45.25931,-4.64947],[-45.3019,-4.66626],[-45.34476,-4.64813],[-45.39932,-4.68707],[-45.41443,-4.68725],[-45.42132,-4.71086],[-45.4202,-4.75392],[-45.42751,-4.77815],[-45.45548,-4.78822],[-45.45983,-4.81342],[-45.45627,-4.84134],[-45.47569,-4.83493],[-45.47896,-4.86173],[-45.7916,-4.85334],[-45.79824,-4.83358],[-45.77756,-4.83469],[-45.77528,-4.80926],[-45.78301,-4.79526],[-45.80794,-4.78901],[-45.82481,-4.77211],[-45.86575,-4.74539],[-45.92513,-4.70019],[-45.9361,-4.69964],[-45.95473,-4.67504],[-45.96656,-4.71904],[-45.98766,-4.7304],[-45.99237,-4.71382],[-46.00758,-4.70683],[-46.02864,-4.7369],[-46.03601,-4.76462],[-46.03038,-4.77942],[-46.02675,-4.83645],[-46.01696,-4.85332],[-46.08898,-4.85424],[-46.46457,-4.85059],[-46.92952,-4.85019],[-46.91579,-4.84128],[-46.91768,-4.80799],[-46.92893,-4.78696],[-46.9262,-4.76894],[-46.93706,-4.75048],[-46.93427,-4.67503],[-46.94169,-4.63249],[-46.93465,-4.59346],[-46.93859,-4.58469],[-46.9163,-4.55596],[-46.91872,-4.53474],[-46.89263,-4.48324],[-46.86634,-4.46657],[-46.8559,-4.43526],[-46.84259,-4.42899],[-46.84332,-4.39632],[-46.8735,-4.43056],[-46.90596,-4.42845],[-46.9326,-4.44379],[-46.96569,-4.42449],[-46.99896,-4.42681],[-47.01662,-4.41956],[-47.04262,-4.37567],[-47.05937,-4.36631],[-47.06267,-4.34433],[-47.08752,-4.30814],[-47.08292,-4.28397],[-47.06884,-4.26308],[-47.07232,-4.23625],[-47.02927,-4.22008],[-47.0125,-4.19291],[-47.00978,-4.17431],[-46.96397,-4.11235],[-46.96154,-4.09048],[-46.94807,-4.08028],[-46.92669,-4.08627],[-46.91533,-4.07637],[-46.91184,-4.03893],[-46.9178,-3.99847],[-46.93573,-3.96061],[-46.94636,-3.9147],[-46.93595,-3.88186],[-46.95542,-3.81092],[-46.95626,-3.79508],[-46.97333,-3.75011],[-47.00019,-3.70352],[-47.02894,-3.68077],[-47.02513,-3.63851],[-47.03017,-3.60424],[-47.04098,-3.59036],[-47.0305,-3.58024],[-47.03718,-3.56144],[-47.01805,-3.56517],[-47.01774,-3.54756],[-47.00304,-3.5336],[-46.97689,-3.53001],[-46.96985,-3.51455],[-46.98232,-3.49536],[-46.95964,-3.48895],[-46.96897,-3.47319],[-46.94756,-3.47607],[-46.95565,-3.4613],[-46.94161,-3.44658],[-46.95593,-3.43713],[-46.9544,-3.42271],[-46.93965,-3.4203],[-46.94847,-3.40652],[-46.94382,-3.37746],[-46.91008,-3.36859],[-46.88905,-3.33518],[-46.85894,-3.34221],[-46.8298,-3.31105],[-46.81297,-3.30917],[-46.82559,-3.29696],[-46.80959,-3.28896],[-46.81906,-3.27478],[-46.80182,-3.26605],[-46.80578,-3.24411],[-46.77908,-3.24122],[-46.77796,-3.21623],[-46.7566,-3.20836],[-46.77073,-3.20215],[-46.75152,-3.18868],[-46.74748,-3.16425],[-46.72658,-3.16119],[-46.72738,-3.12963],[-46.74384,-3.13613],[-46.74741,-3.12051],[-46.73039,-3.12344],[-46.72073,-3.10837],[-46.70228,-3.11841],[-46.70631,-3.09956],[-46.67637,-3.0948],[-46.68177,-3.07484],[-46.67239,-3.06517],[-46.67647,-3.03269],[-46.66723,-3.03158],[-46.66881,-2.99283],[-46.65167,-2.99615],[-46.66145,-2.97278],[-46.64762,-2.96133],[-46.66587,-2.95393],[-46.66687,-2.93571],[-46.65339,-2.93069],[-46.66215,-2.90393],[-46.67923,-2.88137],[-46.66822,-2.87546],[-46.63717,-2.88285],[-46.63625,-2.85083],[-46.61193,-2.8571],[-46.61352,-2.82858],[-46.58748,-2.84458],[-46.60017,-2.81273],[-46.59856,-2.79532],[-46.62698,-2.80406],[-46.63623,-2.79331],[-46.63153,-2.76675],[-46.63987,-2.75016],[-46.65045,-2.75659],[-46.66767,-2.73366],[-46.67002,-2.70756],[-46.66353,-2.69383],[-46.63558,-2.68606],[-46.62022,-2.66582],[-46.62151,-2.64416],[-46.60556,-2.63876],[-46.59333,-2.66501],[-46.58437,-2.63661],[-46.50459,-2.61455],[-46.5088,-2.5891],[-46.49042,-2.58106],[-46.48937,-2.56232],[-46.50144,-2.55563],[-46.49391,-2.53614],[-46.47266,-2.54452],[-46.41911,-2.52785],[-46.43577,-2.51225],[-46.42821,-2.4931],[-46.43936,-2.47821],[-46.43149,-2.45994],[-46.43933,-2.448],[-46.43971,-2.41244],[-46.40838,-2.36979],[-46.4255,-2.36049],[-46.45555,-2.38374],[-46.46051,-2.35957],[-46.43125,-2.33325],[-46.43027,-2.30258],[-46.41365,-2.27505],[-46.4278,-2.23937],[-46.40652,-2.23188],[-46.38994,-2.25223],[-46.37742,-2.25312],[-46.36126,-2.23354],[-46.34179,-2.22678],[-46.32939,-2.19791],[-46.31187,-2.18039],[-46.27791,-2.16203],[-46.29243,-2.14828],[-46.26255,-2.12109],[-46.25955,-2.09339],[-46.26725,-2.0805],[-46.26225,-2.05596],[-46.24944,-2.04997],[-46.23889,-2.01112],[-46.24739,-1.99238],[-46.23481,-1.96637],[-46.2303,-1.93294],[-46.22004,-1.91445],[-46.22716,-1.88595],[-46.24326,-1.87984],[-46.20821,-1.83053],[-46.22892,-1.80024],[-46.25309,-1.79374],[-46.30659,-1.80392],[-46.31618,-1.79467],[-46.32357,-1.76519],[-46.31097,-1.73342],[-46.29075,-1.72306],[-46.26129,-1.72838],[-46.24233,-1.7169],[-46.21589,-1.72694],[-46.20044,-1.70278],[-46.17007,-1.69602],[-46.15326,-1.67727],[-46.15985,-1.62412],[-46.14427,-1.60922],[-46.14919,-1.58763],[-46.13087,-1.57819],[-46.13929,-1.51395],[-46.16913,-1.46999],[-46.1348,-1.44046],[-46.12943,-1.42908],[-46.14677,-1.41493],[-46.13112,-1.40003],[-46.1199,-1.36759],[-46.10706,-1.35633],[-46.09879,-1.32293],[-46.12302,-1.31895],[-46.11869,-1.30449],[-46.13978,-1.29897],[-46.15352,-1.26914],[-46.137,-1.24253],[-46.14551,-1.22678],[-46.12978,-1.20605],[-46.10374,-1.20173],[-46.07667,-1.19589],[-46.07463,-1.16064],[-46.05594,-1.13123],[-46.03985,-1.17255],[-46.04565,-1.12079],[-46.02996,-1.10585],[-46.01125,-1.06464],[-45.99906,-1.08925],[-45.99749,-1.06124],[-45.98751,-1.04726],[-45.96454,-1.04624],[-45.9579,-1.08477],[-45.9762,-1.11577],[-45.95325,-1.10834],[-45.95734,-1.13132],[-45.98979,-1.13773],[-45.97491,-1.14267],[-45.94184,-1.13818],[-45.95264,-1.19755],[-45.95269,-1.23025],[-45.94166,-1.22915],[-45.9325,-1.20116],[-45.93739,-1.19246],[-45.8687,-1.07306],[-45.87116,-1.06082],[-45.84661,-1.04868],[-45.83735,-1.05368],[-45.83362,-1.08757],[-45.85388,-1.11519],[-45.85153,-1.12541],[-45.88035,-1.13369],[-45.90478,-1.16321],[-45.89939,-1.17385],[-45.86968,-1.14545],[-45.86189,-1.16665],[-45.87142,-1.19231],[-45.86444,-1.20017],[-45.89736,-1.22177],[-45.86687,-1.22221],[-45.84694,-1.2088],[-45.84647,-1.22968],[-45.87983,-1.25974],[-45.85305,-1.26161],[-45.83678,-1.22996],[-45.83103,-1.19338],[-45.81011,-1.22136],[-45.82316,-1.17922],[-45.79621,-1.15898],[-45.78817,-1.16708],[-45.80379,-1.20755],[-45.79518,-1.22174],[-45.82255,-1.26597],[-45.7857,-1.24943],[-45.7687,-1.21666],[-45.76753,-1.19182],[-45.75933,-1.19508],[-45.74146,-1.17069],[-45.72741,-1.14023],[-45.73467,-1.1323],[-45.69257,-1.12737],[-45.67782,-1.14241],[-45.7252,-1.20029],[-45.72525,-1.2225],[-45.73911,-1.23614],[-45.71872,-1.23128],[-45.69438,-1.26923],[-45.69914,-1.30839],[-45.71852,-1.31344],[-45.68917,-1.31761],[-45.69012,-1.33694],[-45.67758,-1.34441],[-45.70317,-1.35436],[-45.70245,-1.38945],[-45.69432,-1.37072],[-45.67853,-1.3667],[-45.63763,-1.37183],[-45.61536,-1.3407],[-45.62087,-1.30767],[-45.61359,-1.27806],[-45.57976,-1.2569],[-45.57734,-1.27588],[-45.58981,-1.30009],[-45.56357,-1.27776],[-45.55434,-1.29287],[-45.55439,-1.31848],[-45.53502,-1.30253],[-45.52314,-1.32189],[-45.50908,-1.30459],[-45.51115,-1.33357],[-45.50737,-1.3776],[-45.52676,-1.404],[-45.51851,-1.41174],[-45.49156,-1.38917],[-45.4659,-1.34962],[-45.46521,-1.3194],[-45.43773,-1.30947],[-45.44328,-1.29586],[-45.40975,-1.28928],[-45.40175,-1.30735],[-45.40789,-1.33867],[-45.44458,-1.36505],[-45.46724,-1.37309],[-45.47709,-1.41346],[-45.4729,-1.44641],[-45.48438,-1.47503],[-45.46983,-1.4783],[-45.45307,-1.49788],[-45.46015,-1.47686],[-45.42861,-1.42474],[-45.41665,-1.4151],[-45.40843,-1.43373],[-45.36317,-1.38594],[-45.37123,-1.36253],[-45.36072,-1.35741],[-45.34896,-1.3414],[-45.33187,-1.34839],[-45.35923,-1.32247],[-45.34143,-1.30734],[-45.3171,-1.31774],[-45.30052,-1.34299],[-45.30686,-1.35873],[-45.29445,-1.37299],[-45.29256,-1.4182],[-45.30095,-1.41977],[-45.31283,-1.44032],[-45.35409,-1.45282],[-45.37829,-1.46785],[-45.38417,-1.48457],[-45.36421,-1.47029],[-45.3453,-1.46952],[-45.34592,-1.48757],[-45.35809,-1.49674],[-45.37438,-1.54897],[-45.36245,-1.53231],[-45.35274,-1.49856],[-45.33668,-1.47412],[-45.32182,-1.47324],[-45.29767,-1.49415],[-45.31796,-1.53995],[-45.31493,-1.55482],[-45.33957,-1.58623],[-45.33824,-1.61678],[-45.36567,-1.71046],[-45.3524,-1.73625],[-45.33841,-1.73242],[-45.34081,-1.71188],[-45.30903,-1.60025],[-45.28629,-1.5953],[-45.26284,-1.62665],[-45.24757,-1.62232],[-45.25274,-1.59495],[-45.23379,-1.54855],[-45.20685,-1.52958],[-45.19635,-1.51365],[-45.18015,-1.52342],[-45.17303,-1.49762],[-45.157,-1.47078],[-45.14317,-1.46265],[-45.1382,-1.49128],[-45.12598,-1.51125],[-45.1297,-1.45906],[-45.10188,-1.40629],[-45.11113,-1.38033],[-45.10084,-1.36004],[-45.09269,-1.36907],[-45.10354,-1.42631],[-45.09451,-1.45697],[-45.10388,-1.47876],[-45.06872,-1.47614],[-45.06806,-1.45756],[-45.0786,-1.43953],[-45.07039,-1.424],[-45.06275,-1.48088],[-45.03939,-1.49047],[-45.00424,-1.48135],[-44.98713,-1.50208],[-44.96241,-1.50059],[-44.94537,-1.47636],[-44.92071,-1.48862],[-44.89503,-1.45367],[-44.87406,-1.44496],[-44.87117,-1.42539],[-44.85406,-1.41572],[-44.82488,-1.41314],[-44.81009,-1.42873],[-44.83482,-1.44947],[-44.82816,-1.48835],[-44.87155,-1.47989],[-44.8563,-1.49303],[-44.87264,-1.51668],[-44.88034,-1.54013],[-44.90662,-1.54768],[-44.90762,-1.576],[-44.89759,-1.61337],[-44.86625,-1.60279],[-44.84986,-1.62501],[-44.82197,-1.5745],[-44.79275,-1.59982],[-44.77263,-1.63379],[-44.78952,-1.58802],[-44.77388,-1.58166],[-44.75902,-1.56193],[-44.76047,-1.58958],[-44.76971,-1.61092],[-44.71375,-1.55865],[-44.69589,-1.5551],[-44.70218,-1.59037],[-44.6918,-1.59948],[-44.68675,-1.57198],[-44.67312,-1.56594],[-44.64235,-1.6239],[-44.6569,-1.66594],[-44.67111,-1.64434],[-44.67708,-1.65063],[-44.73737,-1.65548],[-44.75482,-1.67888],[-44.80118,-1.7092],[-44.75575,-1.7107],[-44.73236,-1.72545],[-44.70107,-1.71895],[-44.69676,-1.73763],[-44.74738,-1.77892],[-44.75063,-1.78627],[-44.78831,-1.79373],[-44.76269,-1.79763],[-44.71636,-1.78223],[-44.73754,-1.81042],[-44.70873,-1.78886],[-44.69633,-1.77226],[-44.66378,-1.76704],[-44.6596,-1.74338],[-44.64783,-1.76456],[-44.64674,-1.73543],[-44.65498,-1.72152],[-44.621,-1.72745],[-44.59265,-1.74541],[-44.60233,-1.74658],[-44.63408,-1.78384],[-44.63645,-1.79518],[-44.62683,-1.82175],[-44.60729,-1.83432],[-44.6391,-1.85738],[-44.61931,-1.86828],[-44.59726,-1.8538],[-44.56917,-1.85892],[-44.55327,-1.84613],[-44.54175,-1.82207],[-44.52947,-1.83786],[-44.54766,-1.8702],[-44.57567,-1.88285],[-44.58991,-1.89683],[-44.56685,-1.89885],[-44.54615,-1.88966],[-44.52821,-1.90864],[-44.528,-1.88075],[-44.51679,-1.89259],[-44.50211,-1.92709],[-44.48828,-1.94259],[-44.48748,-1.96661],[-44.51767,-1.95497],[-44.48684,-1.97507],[-44.48461,-2.00254],[-44.49644,-2.00746],[-44.47003,-2.02209],[-44.47395,-2.04036],[-44.49995,-2.05338],[-44.4992,-2.1414],[-44.47069,-2.13958],[-44.43358,-2.16707],[-44.43645,-2.18078],[-44.41845,-2.18963],[-44.39556,-2.21318],[-44.41166,-2.23153],[-44.39258,-2.22267],[-44.3905,-2.24396],[-44.35634,-2.3259],[-44.36981,-2.35246],[-44.36964,-2.37645],[-44.38564,-2.40783],[-44.41153,-2.41361],[-44.37374,-2.45381],[-44.32559,-2.49966],[-44.29523,-2.48497],[-44.22689,-2.47774],[-44.1727,-2.45796],[-44.14887,-2.44547],[-44.14056,-2.43089],[-44.09423,-2.40728],[-44.06758,-2.40374],[-44.02975,-2.40772],[-44.0205,-2.44214],[-44.02911,-2.45212],[-44.04622,-2.44345],[-44.09495,-2.45403],[-44.05648,-2.46585],[-43.97676,-2.46659],[-43.95843,-2.48189],[-43.9782,-2.54576],[-43.99964,-2.57833],[-43.98014,-2.57274],[-43.95978,-2.54197],[-43.92457,-2.5105],[-43.89973,-2.46151],[-43.88956,-2.43081],[-43.85661,-2.38929],[-43.83064,-2.36358],[-43.78493,-2.33986],[-43.76067,-2.35461],[-43.72815,-2.28759],[-43.71684,-2.27793],[-43.66718,-2.25719],[-43.61477,-2.21899],[-43.58704,-2.22908],[-43.5653,-2.24662],[-43.51761,-2.34226],[-43.49239,-2.37278],[-43.48132,-2.35595],[-43.4365,-2.33055],[-43.40233,-2.33064],[-43.37975,-2.32478],[-43.33998,-2.33945],[-43.30408,-2.33848],[-43.18478,-2.37315],[-43.16239,-2.38721],[-43.10532,-2.40881],[-43.01482,-2.45555],[-42.94759,-2.48234],[-42.79278,-2.55964],[-42.74592,-2.56344],[-42.72106,-2.58936],[-42.69787,-2.59058],[-42.69098,-2.61349],[-42.70389,-2.64042],[-42.68526,-2.61895],[-42.69309,-2.58621],[-42.72464,-2.57091],[-42.71043,-2.55692],[-42.64154,-2.62647],[-42.59772,-2.65963],[-42.5459,-2.68656],[-42.5039,-2.67983],[-42.48306,-2.70973],[-42.48371,-2.69211],[-42.43381,-2.70645],[-42.36436,-2.70963],[-42.32904,-2.69292],[-42.3238,-2.68349],[-42.30342,-2.69381],[-42.2744,-2.69431],[-42.23823,-2.66742],[-42.22031,-2.66719],[-42.22437,-2.68878],[-42.21248,-2.70127],[-42.2117,-2.68366],[-42.15744,-2.69513],[-42.11136,-2.69323],[-42.08289,-2.68667],[-42.04992,-2.6888],[-42.05734,-2.70308],[-42.02283,-2.75745],[-42.01176,-2.73166],[-42.01556,-2.71633],[-41.97415,-2.7226],[-41.95425,-2.71794],[-41.91418,-2.721],[-41.89442,-2.71693],[-41.85909,-2.72288],[-41.82892,-2.72172],[-41.81373,-2.73894],[-41.8242,-2.75585],[-41.84867,-2.77315],[-41.84329,-2.82353],[-41.86118,-2.83098],[-41.86434,-2.87624],[-41.83536,-2.91548],[-41.81044,-2.93311],[-41.79647,-2.96833],[-41.81701,-2.99219],[-41.8239,-3.02413],[-41.86127,-3.04676],[-41.88378,-3.08238],[-41.91345,-3.09946],[-41.92565,-3.1151],[-41.92418,-3.13742],[-41.93689,-3.15539],[-41.93867,-3.18699],[-41.96407,-3.17861],[-41.97382,-3.21112],[-41.99984,-3.24071],[-42.11544,-3.26195],[-42.1348,-3.28054],[-42.13219,-3.28969],[-42.09729,-3.29803],[-42.09975,-3.31102],[-42.12124,-3.3197],[-42.12409,-3.3531],[-42.14049,-3.35881],[-42.15181,-3.3871],[-42.18523,-3.3922],[-42.19784,-3.40519],[-42.19731,-3.42463],[-42.20971,-3.43593],[-42.24254,-3.43266],[-42.29841,-3.45257],[-42.33042,-3.43349],[-42.37179,-3.4525],[-42.39228,-3.44721],[-42.39852,-3.47248],[-42.41576,-3.47227],[-42.41689,-3.4579],[-42.43189,-3.45424],[-42.45253,-3.48123],[-42.47307,-3.48329],[-42.48722,-3.4675],[-42.48695,-3.44854],[-42.50409,-3.45581],[-42.50617,-3.47844],[-42.52917,-3.49212],[-42.533,-3.51755],[-42.57208,-3.56911],[-42.60935,-3.58576],[-42.62098,-3.62067],[-42.64184,-3.63547],[-42.67537,-3.67522],[-42.68239,-3.70305],[-42.67061,-3.72501],[-42.67206,-3.74748],[-42.68234,-3.76055],[-42.66888,-3.79153],[-42.68537,-3.80687],[-42.72078,-3.87502],[-42.72582,-3.90963],[-42.73677,-3.92404],[-42.78337,-3.95627],[-42.79753,-3.99623],[-42.82177,-3.99101],[-42.86255,-4.09249],[-42.87644,-4.10965],[-42.89553,-4.11651],[-42.90161,-4.13416],[-42.88779,-4.15523],[-42.92614,-4.15637],[-42.94168,-4.16671],[-42.98162,-4.21429],[-42.98881,-4.23367],[-42.97967,-4.30463],[-42.96189,-4.33414],[-42.96292,-4.37603],[-42.95042,-4.38646],[-43.08228,-4.44578]]],[[[-44.44867,-2.13069],[-44.45121,-2.13385],[-44.45636,-2.13065],[-44.44867,-2.13069]]],[[[-44.47598,-2.09559],[-44.46336,-2.1008],[-44.4671,-2.12133],[-44.48574,-2.11174],[-44.47598,-2.09559]]],[[[-44.44403,-2.05744],[-44.45128,-2.07036],[-44.48188,-2.0733],[-44.44403,-2.05744]]]]}},{"type":"Feature","properties":{"id":"99","phone_code":"99","phone_code_1_digit":"9"},"geometry":{"type":"Polygon","coordinates":[[[-45.97353,-10.24795],[-45.99583,-10.2499],[-46.00363,-10.26124],[-46.0173,-10.23999],[-46.0236,-10.18194],[-46.05044,-10.18125],[-46.09931,-10.21248],[-46.13999,-10.20634],[-46.16528,-10.21273],[-46.20159,-10.17359],[-46.24041,-10.17147],[-46.27258,-10.1812],[-46.31266,-10.17241],[-46.32711,-10.18328],[-46.36747,-10.1684],[-46.38355,-10.11973],[-46.41702,-10.08316],[-46.44478,-10.07697],[-46.457,-10.04686],[-46.45666,-10.0176],[-46.47716,-9.98789],[-46.47659,-9.95233],[-46.4653,-9.93664],[-46.47819,-9.92345],[-46.47042,-9.89763],[-46.47248,-9.87702],[-46.49122,-9.86965],[-46.47991,-9.85484],[-46.49554,-9.84484],[-46.49322,-9.82701],[-46.51128,-9.7984],[-46.54197,-9.8099],[-46.56206,-9.81028],[-46.57924,-9.79593],[-46.56892,-9.76931],[-46.59572,-9.74684],[-46.63181,-9.74846],[-46.647,-9.72994],[-46.65083,-9.68963],[-46.61264,-9.6654],[-46.6057,-9.62975],[-46.59135,-9.60586],[-46.59197,-9.58679],[-46.57888,-9.58366],[-46.53633,-9.5567],[-46.57527,-9.51714],[-46.55878,-9.49258],[-46.57283,-9.47735],[-46.59281,-9.4821],[-46.60006,-9.47004],[-46.62717,-9.46531],[-46.64914,-9.44368],[-46.6475,-9.42673],[-46.63236,-9.41118],[-46.66555,-9.39151],[-46.69581,-9.39818],[-46.72289,-9.39595],[-46.74561,-9.41398],[-46.76581,-9.40293],[-46.75825,-9.38081],[-46.76789,-9.36509],[-46.79875,-9.33843],[-46.81286,-9.30435],[-46.83489,-9.30781],[-46.84664,-9.29201],[-46.81852,-9.25965],[-46.82847,-9.23968],[-46.81895,-9.20894],[-46.82739,-9.19386],[-46.85194,-9.18573],[-46.84739,-9.1676],[-46.86069,-9.14601],[-46.89189,-9.13792],[-46.89313,-9.12189],[-46.90631,-9.13508],[-46.92589,-9.13453],[-46.92867,-9.08293],[-46.91173,-9.08231],[-46.92292,-9.06525],[-46.94258,-9.06406],[-46.97552,-9.08131],[-47.0,-9.08107],[-47.03395,-9.06906],[-47.06831,-9.06347],[-47.04306,-9.02614],[-47.0482,-9.01524],[-47.032,-8.98587],[-47.02114,-8.98823],[-47.01276,-8.96639],[-47.01786,-8.95253],[-46.99426,-8.94512],[-46.96987,-8.91408],[-46.99317,-8.87983],[-46.97769,-8.86736],[-46.95647,-8.87408],[-46.94114,-8.85907],[-46.91772,-8.85659],[-46.91789,-8.84327],[-46.90238,-8.81413],[-46.90917,-8.76413],[-46.91689,-8.76203],[-46.93086,-8.72635],[-46.91361,-8.72204],[-46.91395,-8.70818],[-46.88653,-8.68608],[-46.89527,-8.65933],[-46.91597,-8.648],[-46.90354,-8.59536],[-46.91598,-8.59537],[-46.86242,-8.55868],[-46.84293,-8.52245],[-46.85066,-8.47575],[-46.83191,-8.46455],[-46.81511,-8.46995],[-46.79614,-8.44623],[-46.7983,-8.41236],[-46.78531,-8.39496],[-46.78201,-8.36768],[-46.76079,-8.37804],[-46.74961,-8.37359],[-46.72768,-8.38598],[-46.70639,-8.35113],[-46.63482,-8.31892],[-46.60639,-8.32803],[-46.54372,-8.31921],[-46.50717,-8.27036],[-46.50869,-8.237],[-46.48714,-8.19951],[-46.51114,-8.18097],[-46.51362,-8.1653],[-46.49155,-8.11523],[-46.48875,-8.09732],[-46.47,-8.08434],[-46.4662,-8.06579],[-46.47777,-8.05162],[-46.47654,-8.01181],[-46.48989,-7.98284],[-46.51831,-7.95867],[-46.55731,-7.93826],[-46.5577,-7.92573],[-46.60425,-7.89577],[-46.63089,-7.89833],[-46.65022,-7.90849],[-46.66015,-7.90016],[-46.67281,-7.91403],[-46.70803,-7.90952],[-46.74629,-7.9263],[-46.79973,-7.95502],[-46.81364,-7.95098],[-46.84352,-7.96493],[-46.85036,-7.95696],[-46.86589,-7.96892],[-46.87234,-7.95516],[-46.89579,-7.9865],[-46.90897,-7.98007],[-46.95298,-8.00624],[-46.9624,-8.03909],[-47.00165,-8.05723],[-47.04308,-8.05319],[-47.05311,-8.04131],[-47.06022,-8.01047],[-47.08401,-7.98807],[-47.10606,-7.9904],[-47.09737,-7.97969],[-47.10534,-7.9528],[-47.1155,-7.95218],[-47.12111,-7.92157],[-47.14067,-7.92488],[-47.14237,-7.89443],[-47.15361,-7.89352],[-47.20619,-7.83424],[-47.23414,-7.82351],[-47.24653,-7.80886],[-47.24048,-7.79363],[-47.27314,-7.73063],[-47.31228,-7.72971],[-47.30212,-7.68865],[-47.33109,-7.68482],[-47.3373,-7.66662],[-47.31378,-7.66022],[-47.35939,-7.61574],[-47.37184,-7.62164],[-47.35306,-7.64137],[-47.36467,-7.65543],[-47.38148,-7.65366],[-47.38686,-7.63473],[-47.38167,-7.59957],[-47.40375,-7.58674],[-47.39768,-7.57298],[-47.40845,-7.56238],[-47.43796,-7.55735],[-47.42493,-7.5414],[-47.42722,-7.52537],[-47.46105,-7.51888],[-47.47969,-7.52552],[-47.47986,-7.49173],[-47.49753,-7.47879],[-47.50428,-7.43624],[-47.51986,-7.43169],[-47.54996,-7.43918],[-47.56284,-7.4496],[-47.59051,-7.43912],[-47.56346,-7.40642],[-47.51226,-7.3863],[-47.48393,-7.36275],[-47.47778,-7.33636],[-47.50251,-7.29104],[-47.54247,-7.26499],[-47.58711,-7.26332],[-47.60695,-7.27173],[-47.63642,-7.30416],[-47.6535,-7.29781],[-47.69058,-7.2379],[-47.73465,-7.2185],[-47.75003,-7.18911],[-47.74123,-7.15961],[-47.70709,-7.13713],[-47.69364,-7.13657],[-47.65995,-7.15097],[-47.64403,-7.14322],[-47.6264,-7.11907],[-47.618,-7.09077],[-47.59681,-7.06301],[-47.57436,-7.04994],[-47.54451,-7.01237],[-47.52949,-6.97613],[-47.52915,-6.94562],[-47.5072,-6.9068],[-47.50661,-6.87162],[-47.5282,-6.83042],[-47.51865,-6.79724],[-47.49391,-6.75211],[-47.49676,-6.72063],[-47.49286,-6.68935],[-47.49822,-6.67084],[-47.46542,-6.61168],[-47.45607,-6.53788],[-47.41645,-6.48429],[-47.43239,-6.43491],[-47.40968,-6.36748],[-47.40897,-6.33167],[-47.3784,-6.27047],[-47.38494,-6.23],[-47.40105,-6.20886],[-47.41848,-6.16951],[-47.43405,-6.09271],[-47.42813,-6.03756],[-47.44756,-5.9926],[-47.43008,-5.93741],[-47.43064,-5.86882],[-47.44186,-5.8304],[-47.46813,-5.77551],[-47.4822,-5.75892],[-47.49295,-5.73014],[-47.49267,-5.70965],[-47.47328,-5.6616],[-47.48398,-5.59522],[-47.48284,-5.56451],[-47.49969,-5.52523],[-47.55494,-5.46535],[-47.58009,-5.46963],[-47.6182,-5.45934],[-47.66635,-5.4214],[-47.74389,-5.37975],[-47.76792,-5.37782],[-47.82712,-5.3862],[-47.84334,-5.37583],[-47.86532,-5.34506],[-47.86627,-5.30493],[-47.87405,-5.27055],[-47.88515,-5.26032],[-47.93356,-5.24057],[-48.00363,-5.23424],[-48.01853,-5.23944],[-48.05092,-5.26634],[-48.07884,-5.27468],[-48.11186,-5.26524],[-48.17811,-5.26039],[-48.20607,-5.2486],[-48.2345,-5.22792],[-48.29385,-5.20354],[-48.32047,-5.201],[-48.36348,-5.168],[-48.46572,-5.18506],[-48.48589,-5.19344],[-48.52089,-5.19297],[-48.55848,-5.22734],[-48.56814,-5.28255],[-48.5837,-5.31091],[-48.6057,-5.33612],[-48.62967,-5.33257],[-48.65103,-5.31105],[-48.679,-5.30544],[-48.69878,-5.31974],[-48.71169,-5.35263],[-48.75472,-5.34878],[-48.43272,-5.09768],[-48.43717,-5.08319],[-48.41862,-5.08533],[-48.39584,-5.06999],[-48.21195,-4.92455],[-47.81573,-4.61435],[-47.79054,-4.58594],[-47.75362,-4.59044],[-47.72439,-4.60604],[-47.67954,-4.60823],[-47.63725,-4.57102],[-47.61152,-4.55698],[-47.58105,-4.51956],[-47.5633,-4.47418],[-47.53082,-4.44359],[-47.50213,-4.40239],[-47.48768,-4.36679],[-47.47589,-4.35606],[-47.47431,-4.31467],[-47.4554,-4.30512],[-47.44163,-4.28705],[-47.42884,-4.28646],[-47.40065,-4.26745],[-47.38822,-4.2495],[-47.37134,-4.24521],[-47.37873,-4.22076],[-47.35984,-4.191],[-47.36541,-4.18026],[-47.33981,-4.17667],[-47.34933,-4.1415],[-47.34673,-4.10831],[-47.33098,-4.09105],[-47.33273,-4.07588],[-47.319,-4.0474],[-47.30464,-4.05845],[-47.28496,-4.03581],[-47.24425,-4.01187],[-47.23851,-3.99826],[-47.22223,-4.00093],[-47.21956,-3.9878],[-47.18821,-3.97984],[-47.17801,-3.96052],[-47.18331,-3.94727],[-47.16884,-3.94306],[-47.1725,-3.92384],[-47.14808,-3.91412],[-47.14829,-3.89653],[-47.13202,-3.8992],[-47.13212,-3.87828],[-47.10621,-3.88057],[-47.10144,-3.86097],[-47.08833,-3.86121],[-47.06282,-3.79851],[-47.06486,-3.75899],[-47.05296,-3.74618],[-47.05993,-3.72993],[-47.04586,-3.70507],[-47.05411,-3.68463],[-47.04847,-3.66827],[-47.05192,-3.63502],[-47.03776,-3.60513],[-47.03017,-3.60424],[-47.02513,-3.63851],[-47.02894,-3.68077],[-47.00019,-3.70352],[-46.97333,-3.75011],[-46.95626,-3.79508],[-46.95542,-3.81092],[-46.93595,-3.88186],[-46.94636,-3.9147],[-46.93573,-3.96061],[-46.9178,-3.99847],[-46.91184,-4.03893],[-46.91533,-4.07637],[-46.92669,-4.08627],[-46.94807,-4.08028],[-46.96154,-4.09048],[-46.96397,-4.11235],[-47.00978,-4.17431],[-47.0125,-4.19291],[-47.02927,-4.22008],[-47.07232,-4.23625],[-47.06884,-4.26308],[-47.08292,-4.28397],[-47.08752,-4.30814],[-47.06267,-4.34433],[-47.05937,-4.36631],[-47.04262,-4.37567],[-47.01662,-4.41956],[-46.99896,-4.42681],[-46.96569,-4.42449],[-46.9326,-4.44379],[-46.90596,-4.42845],[-46.8735,-4.43056],[-46.84332,-4.39632],[-46.84259,-4.42899],[-46.8559,-4.43526],[-46.86634,-4.46657],[-46.89263,-4.48324],[-46.91872,-4.53474],[-46.9163,-4.55596],[-46.93859,-4.58469],[-46.93465,-4.59346],[-46.94169,-4.63249],[-46.93427,-4.67503],[-46.93706,-4.75048],[-46.9262,-4.76894],[-46.92893,-4.78696],[-46.91768,-4.80799],[-46.91579,-4.84128],[-46.92952,-4.85019],[-46.46457,-4.85059],[-46.08898,-4.85424],[-46.01696,-4.85332],[-46.02675,-4.83645],[-46.03038,-4.77942],[-46.03601,-4.76462],[-46.02864,-4.7369],[-46.00758,-4.70683],[-45.99237,-4.71382],[-45.98766,-4.7304],[-45.96656,-4.71904],[-45.95473,-4.67504],[-45.9361,-4.69964],[-45.92513,-4.70019],[-45.86575,-4.74539],[-45.82481,-4.77211],[-45.80794,-4.78901],[-45.78301,-4.79526],[-45.77528,-4.80926],[-45.77756,-4.83469],[-45.79824,-4.83358],[-45.7916,-4.85334],[-45.47896,-4.86173],[-45.47569,-4.83493],[-45.45627,-4.84134],[-45.45983,-4.81342],[-45.45548,-4.78822],[-45.42751,-4.77815],[-45.4202,-4.75392],[-45.42132,-4.71086],[-45.41443,-4.68725],[-45.39932,-4.68707],[-45.34476,-4.64813],[-45.3019,-4.66626],[-45.25931,-4.64947],[-45.23656,-4.62217],[-45.20297,-4.60105],[-45.19599,-4.5655],[-45.21305,-4.55181],[-45.16048,-4.51847],[-45.0932,-4.42293],[-45.1182,-4.41921],[-45.13211,-4.40214],[-45.12147,-4.37765],[-45.12659,-4.36608],[-45.10632,-4.32846],[-45.11423,-4.29449],[-45.09808,-4.28381],[-45.0864,-4.25776],[-45.09775,-4.24002],[-45.08473,-4.22167],[-45.08663,-4.20254],[-45.05765,-4.19316],[-45.04001,-4.1796],[-45.01165,-4.12837],[-45.01834,-4.09804],[-45.02181,-4.04761],[-45.02861,-4.04078],[-45.0032,-3.94086],[-44.98887,-3.92853],[-44.9565,-3.8728],[-44.93161,-3.91792],[-44.87871,-3.90765],[-44.62197,-3.85106],[-44.60975,-3.84742],[-44.50586,-3.84831],[-44.48054,-3.90702],[-44.47964,-3.91909],[-44.41528,-3.93791],[-44.41989,-3.91419],[-44.39312,-3.89475],[-44.38865,-3.87976],[-44.36223,-3.86432],[-44.35327,-3.84855],[-44.19842,-3.92707],[-44.16558,-3.91009],[-44.1551,-3.83646],[-43.99237,-3.84206],[-43.93773,-3.99994],[-43.89508,-3.9683],[-43.72895,-3.93474],[-43.67216,-3.98646],[-43.65517,-4.00726],[-43.64559,-4.00589],[-43.62345,-4.03051],[-43.60166,-4.04379],[-43.60056,-4.09295],[-43.59416,-4.10454],[-43.60453,-4.12649],[-43.58791,-4.1464],[-43.59795,-4.18308],[-43.59294,-4.20052],[-43.60217,-4.21867],[-43.59418,-4.22804],[-43.51432,-4.18659],[-43.42885,-4.22294],[-43.20996,-4.36496],[-43.08228,-4.44578],[-42.95042,-4.38646],[-42.93095,-4.38138],[-42.89518,-4.40434],[-42.87256,-4.4272],[-42.87776,-4.45405],[-42.85005,-4.48098],[-42.86,-4.51482],[-42.87433,-4.53524],[-42.86912,-4.57271],[-42.91827,-4.65262],[-42.94907,-4.67824],[-42.95257,-4.69319],[-42.92266,-4.72129],[-42.92566,-4.75007],[-42.94808,-4.76648],[-42.94993,-4.78938],[-42.93884,-4.80885],[-42.89712,-4.84231],[-42.89589,-4.88752],[-42.85439,-4.93657],[-42.86136,-4.97108],[-42.84114,-5.0304],[-42.83595,-5.07333],[-42.81822,-5.09312],[-42.81224,-5.13131],[-42.80258,-5.14987],[-42.79973,-5.1991],[-42.82711,-5.23343],[-42.81197,-5.28181],[-42.82593,-5.34656],[-42.86451,-5.36765],[-42.88322,-5.39038],[-42.91287,-5.39844],[-42.93229,-5.43932],[-42.96839,-5.45162],[-42.97505,-5.48522],[-42.99486,-5.50655],[-43.00489,-5.54152],[-43.024,-5.56026],[-43.03563,-5.59184],[-43.08025,-5.59946],[-43.09861,-5.6328],[-43.08238,-5.64659],[-43.08755,-5.68307],[-43.07715,-5.7312],[-43.09561,-5.74174],[-43.10114,-5.76601],[-43.09131,-5.80603],[-43.09625,-5.82956],[-43.07686,-5.86541],[-43.09903,-5.9007],[-43.08728,-5.9214],[-43.0865,-5.94691],[-43.07114,-5.97605],[-43.05413,-5.98706],[-43.04973,-6.00843],[-43.05581,-6.02694],[-43.075,-6.03989],[-43.07461,-6.05432],[-43.05965,-6.07112],[-43.04959,-6.09935],[-43.03371,-6.11095],[-43.01095,-6.11062],[-42.98167,-6.12873],[-42.9682,-6.17786],[-42.93351,-6.19265],[-42.91625,-6.21301],[-42.89288,-6.22564],[-42.8768,-6.2254],[-42.85482,-6.25268],[-42.84661,-6.2821],[-42.8598,-6.33015],[-42.83669,-6.32496],[-42.82895,-6.33703],[-42.85198,-6.35871],[-42.85691,-6.38905],[-42.87737,-6.41747],[-42.86917,-6.44994],[-42.86742,-6.48446],[-42.88266,-6.49368],[-42.88472,-6.50852],[-42.87143,-6.51155],[-42.88906,-6.53811],[-42.88522,-6.57425],[-42.90411,-6.59843],[-42.915,-6.64567],[-42.91939,-6.66991],[-42.94933,-6.70449],[-42.97906,-6.71926],[-42.99097,-6.74504],[-43.03301,-6.76226],[-43.08172,-6.74768],[-43.10472,-6.77035],[-43.15228,-6.78238],[-43.16834,-6.76934],[-43.20351,-6.76388],[-43.2443,-6.76596],[-43.27833,-6.79622],[-43.30694,-6.80048],[-43.34859,-6.79768],[-43.3637,-6.81891],[-43.38748,-6.81726],[-43.39119,-6.83396],[-43.41964,-6.84344],[-43.44397,-6.83821],[-43.45444,-6.84581],[-43.48156,-6.8347],[-43.49589,-6.8071],[-43.54032,-6.78835],[-43.56022,-6.74961],[-43.58398,-6.75709],[-43.6212,-6.73461],[-43.63712,-6.71917],[-43.67233,-6.70587],[-43.69815,-6.70916],[-43.70677,-6.69942],[-43.72832,-6.70441],[-43.76034,-6.70204],[-43.77445,-6.71454],[-43.79363,-6.70233],[-43.81973,-6.72688],[-43.85336,-6.73521],[-43.87952,-6.75739],[-43.9134,-6.75227],[-43.92736,-6.77005],[-43.9447,-6.76511],[-43.96081,-6.7415],[-43.98734,-6.75688],[-44.03299,-6.76001],[-44.05297,-6.76791],[-44.05866,-6.80804],[-44.07659,-6.82073],[-44.08847,-6.8029],[-44.11393,-6.80466],[-44.11591,-6.81455],[-44.09831,-6.83955],[-44.104,-6.85615],[-44.1195,-6.83239],[-44.13877,-6.86371],[-44.1605,-6.8724],[-44.1741,-6.89315],[-44.17314,-6.92394],[-44.20103,-6.93212],[-44.20747,-6.96617],[-44.2355,-6.99834],[-44.26158,-6.99833],[-44.26394,-7.01701],[-44.27925,-7.04186],[-44.27406,-7.0706],[-44.3058,-7.11677],[-44.33265,-7.10833],[-44.36342,-7.1209],[-44.37964,-7.11862],[-44.41182,-7.13519],[-44.4373,-7.15533],[-44.46367,-7.16126],[-44.51428,-7.19596],[-44.52464,-7.22043],[-44.56384,-7.22716],[-44.57935,-7.25721],[-44.61682,-7.30825],[-44.63987,-7.31445],[-44.66295,-7.33141],[-44.6786,-7.35854],[-44.68757,-7.39413],[-44.71181,-7.39748],[-44.72949,-7.39064],[-44.74277,-7.36137],[-44.78055,-7.37782],[-44.81633,-7.3608],[-44.82208,-7.37679],[-44.84808,-7.38594],[-44.86854,-7.42189],[-44.90099,-7.42563],[-44.92404,-7.46989],[-44.98839,-7.48193],[-45.004,-7.49635],[-45.01819,-7.49516],[-45.04678,-7.51218],[-45.08471,-7.5021],[-45.13944,-7.52098],[-45.15567,-7.51304],[-45.18318,-7.54298],[-45.20387,-7.55138],[-45.21736,-7.56754],[-45.23085,-7.54861],[-45.26096,-7.57045],[-45.28465,-7.56594],[-45.29813,-7.57442],[-45.33936,-7.57984],[-45.34285,-7.59308],[-45.37323,-7.61838],[-45.39432,-7.61411],[-45.39862,-7.63964],[-45.41527,-7.64472],[-45.43828,-7.67699],[-45.4685,-7.68873],[-45.46817,-7.7137],[-45.48649,-7.72862],[-45.48429,-7.76325],[-45.5105,-7.80199],[-45.52456,-7.85653],[-45.53996,-7.8643],[-45.52043,-7.88767],[-45.54261,-7.8973],[-45.52379,-7.90802],[-45.55574,-7.95392],[-45.54467,-7.96031],[-45.56667,-7.99672],[-45.55077,-8.00765],[-45.57588,-8.02869],[-45.56102,-8.0475],[-45.56824,-8.07417],[-45.58436,-8.09984],[-45.5747,-8.11355],[-45.58618,-8.13617],[-45.58106,-8.15564],[-45.61245,-8.19427],[-45.60773,-8.20455],[-45.66114,-8.24962],[-45.66415,-8.28807],[-45.67615,-8.30404],[-45.6902,-8.36079],[-45.69993,-8.38092],[-45.72116,-8.39398],[-45.72814,-8.42945],[-45.74212,-8.44755],[-45.73805,-8.50077],[-45.75642,-8.52734],[-45.75341,-8.54054],[-45.771,-8.57352],[-45.79353,-8.59201],[-45.76522,-8.60917],[-45.77772,-8.61741],[-45.79706,-8.61263],[-45.81513,-8.63282],[-45.82056,-8.66522],[-45.83953,-8.71487],[-45.8642,-8.71547],[-45.86291,-8.7294],[-45.88893,-8.73925],[-45.8912,-8.76238],[-45.90721,-8.75826],[-45.93459,-8.7787],[-45.95309,-8.80687],[-45.95825,-8.82577],[-45.94494,-8.83106],[-45.97113,-8.862],[-45.9672,-8.87548],[-45.98257,-8.88964],[-45.97926,-8.90242],[-45.99388,-8.92646],[-45.98379,-8.96214],[-45.96819,-8.9763],[-45.95871,-9.00133],[-45.94305,-9.0149],[-45.93538,-9.03876],[-45.94,-9.05576],[-45.92892,-9.06932],[-45.92766,-9.13751],[-45.91291,-9.16714],[-45.89666,-9.18611],[-45.90524,-9.19076],[-45.89619,-9.23493],[-45.90308,-9.26804],[-45.89668,-9.28997],[-45.90665,-9.2976],[-45.89052,-9.33112],[-45.89326,-9.34177],[-45.8628,-9.35874],[-45.84672,-9.35596],[-45.82375,-9.37453],[-45.79743,-9.41684],[-45.80038,-9.43562],[-45.78341,-9.47969],[-45.79618,-9.4871],[-45.83153,-9.53638],[-45.82697,-9.54553],[-45.84101,-9.56189],[-45.83286,-9.58748],[-45.83617,-9.60187],[-45.81912,-9.62455],[-45.8323,-9.6528],[-45.82875,-9.67972],[-45.8376,-9.69604],[-45.81994,-9.73971],[-45.82806,-9.79129],[-45.84838,-9.81705],[-45.85101,-9.8384],[-45.86401,-9.86105],[-45.85763,-9.9071],[-45.84187,-9.94114],[-45.8544,-9.99592],[-45.8658,-10.00809],[-45.87978,-10.05818],[-45.86952,-10.06888],[-45.87813,-10.10988],[-45.89733,-10.13615],[-45.89961,-10.15235],[-45.92385,-10.17074],[-45.93077,-10.19041],[-45.9452,-10.19603],[-45.95488,-10.21802],[-45.94597,-10.25809],[-45.97353,-10.24795]]]}}]}