{"type":"FeatureCollection","features":[{"type":"Feature","id":"cep2-01-02-03-04-05-08","properties":{"postal_code_id":"cep2-01-02-03-04-05-08","postal_codes":["01","02","03","04","05","08"],"first_digits":["0"],"states":["SP"]},"geometry":{"type":"Polygon","coordinates":[[[-46.8061,-23.93956],[-46.801,-23.8928],[-46.77662,-23.89266],[-46.78018,-23.84048],[-46.76447,-23.8425],[-46.76267,-23.82741],[-46.80202,-23.80724],[-46.76909,-23.75904],[-46.7961,-23.73872],[-46.79157,-23.70178],[-46.8013,-23.68599],[-46.79273,-23.64718],[-46.74905,-23.6044],[-46.76056,-23.59499],[-46.80807,-23.60921],[-46.80673,-23.5839],[-46.77298,-23.56992],[-46.76012,-23.55482],[-46.76032,-23.52959],[-46.74705,-23.52038],[-46.76403,-23.50644],[-46.75555,-23.49613],[-46.77554,-23.46625],[-46.79585,-23.46305],[-46.79869,-23.47057],[-46.80541,-23.46263],[-46.82297,-23.40105],[-46.80154,-23.39557],[-46.78618,-23.40502],[-46.76477,-23.38517],[-46.73556,-23.38814],[-46.69989,-23.42339],[-46.68576,-23.42611],[-46.67572,-23.41578],[-46.65506,-23.43075],[-46.63299,-23.42863],[-46.60097,-23.38895],[-46.55228,-23.35785],[-46.53626,-23.36358],[-46.56692,-23.41622],[-46.57045,-23.45894],[-46.55549,-23.51001],[-46.51094,-23.47892],[-46.46096,-23.48309],[-46.41207,-23.47038],[-46.40163,-23.48689],[-46.38185,-23.47208],[-46.3664,-23.51217],[-46.39561,-23.53088],[-46.3951,-23.54899],[-46.37732,-23.58771],[-46.42174,-23.644],[-46.47239,-23.63883],[-46.47752,-23.62586],[-46.50627,-23.62581],[-46.57957,-23.59922],[-46.58339,-23.64116],[-46.62552,-23.65946],[-46.63561,-23.69096],[-46.61769,-23.71224],[-46.65419,-23.73052],[-46.62155,-23.78463],[-46.63501,-23.83136],[-46.63239,-23.85137],[-46.61621,-23.86269],[-46.60705,-23.95364],[-46.6116,-23.96935],[-46.63557,-23.97729],[-46.62917,-23.99028],[-46.65017,-24.00151],[-46.66166,-23.98829],[-46.69298,-23.9836],[-46.70996,-23.99493],[-46.74903,-23.99395],[-46.76934,-24.00815],[-46.75485,-23.97552],[-46.77393,-23.95046],[-46.8061,-23.93956]]]}},{"type":"Feature","id":"cep2-06","properties":{"postal_code_id":"cep2-06","postal_codes":["06"],"first_digits":["0"],"states":["SP"]},"geometry":{"type":"Polygon","coordinates":[[[-47.1378,-24.01406],[-47.19995,-24.00059],[-47.18873,-23.99044],[-47.20838,-23.96452],[-47.19555,-23.95819],[-47.20011,-23.93874],[-47.18899,-23.93959],[-47.19212,-23.92868],[-47.15917,-23.93458],[-47.11687,-23.84328],[-47.04961,-23.84358],[-47.03775,-23.83545],[-47.02879,-23.84619],[-47.01456,-23.8353],[-47.01512,-23.81449],[-46.98647,-23.80841],[-47.01932,-23.78851],[-47.03439,-23.73558],[-47.04414,-23.73679],[-47.06226,-23.70896],[-47.06216,-23.68247],[-47.08474,-23.66698],[-47.04253,-23.61206],[-47.02471,-23.57622],[-47.03018,-23.56874],[-47.00673,-23.55494],[-47.01316,-23.53635],[-46.99162,-23.52935],[-47.01314,-23.48487],[-47.01161,-23.44577],[-47.0376,-23.43553],[-47.04267,-23.38757],[-47.0306,-23.37175],[-47.04291,-23.35226],[-46.9955,-23.33105],[-46.93794,-23.32185],[-46.86746,-23.27794],[-46.83806,-23.28784],[-46.84082,-23.30233],[-46.82173,-23.31407],[-46.82328,-23.4224],[-46.8005,-23.46958],[-46.77554,-23.46625],[-46.75555,-23.49613],[-46.76403,-23.50644],[-46.74705,-23.52038],[-46.76032,-23.52959],[-46.76012,-23.55482],[-46.77298,-23.56992],[-46.80673,-23.5839],[-46.80807,-23.60921],[-46.76056,-23.59499],[-46.74905,-23.6044],[-46.79273,-23.64718],[-46.8013,-23.68599],[-46.79157,-23.70178],[-46.7961,-23.73872],[-46.76909,-23.75904],[-46.80202,-23.80724],[-46.76267,-23.82741],[-46.76447,-23.8425],[-46.78018,-23.84048],[-46.77662,-23.89266],[-46.801,-23.8928],[-46.81107,-23.90641],[-46.8061,-23.93956],[-46.82892,-23.94644],[-46.824,-23.95724],[-46.88299,-23.98549],[-46.86814,-24.02111],[-46.90791,-24.04525],[-46.94705,-24.04061],[-46.97628,-24.06392],[-46.99778,-24.05206],[-47.00636,-24.06395],[-47.05601,-24.00962],[-47.06839,-24.02537],[-47.10711,-23.9938],[-47.1378,-24.01406]]]}},{"type":"Feature","id":"cep2-07","properties":{"postal_code_id":"cep2-07","postal_codes":["07"],"first_digits":["0"],"states":["SP"]},"geometry":{"type":"Polygon","coordinates":[[[-46.41852,-23.31641],[-46.36409,-23.27395],[-46.3535,-23.32707],[-46.33692,-23.32895],[-46.36962,-23.36488],[-46.37746,-23.39441],[-46.35889,-23.43891],[-46.38288,-23.43322],[-46.39742,-23.44774],[-46.38635,-23.47965],[-46.40163,-23.48689],[-46.41207,-23.47038],[-46.46096,-23.48309],[-46.51094,-23.47892],[-46.55549,-23.51001],[-46.57045,-23.45894],[-46.56692,-23.41622],[-46.53626,-23.36358],[-46.55228,-23.35785],[-46.60097,-23.38895],[-46.63299,-23.42863],[-46.65506,-23.43075],[-46.67572,-23.41578],[-46.68576,-23.42611],[-46.69989,-23.42339],[-46.73556,-23.38814],[-46.76477,-23.38517],[-46.78618,-23.40502],[-46.80154,-23.39557],[-46.82297,-23.40105],[-46.82173,-23.31407],[-46.84284,-23.29197],[-46.83208,-23.27906],[-46.80543,-23.27463],[-46.8026,-23.25711],[-46.79128,-23.26671],[-46.72575,-23.24851],[-46.67531,-23.26153],[-46.62276,-23.25673],[-46.61506,-23.2273],[-46.54537,-23.24136],[-46.51538,-23.2375],[-46.51425,-23.25009],[-46.4915,-23.25553],[-46.46981,-23.28275],[-46.45938,-23.27034],[-46.43432,-23.27986],[-46.41852,-23.31641]]]}},{"type":"Feature","id":"cep2-08","properties":{"postal_code_id":"cep2-08","postal_codes":["08"],"first_digits":["0"],"states":["SP"]},"geometry":{"type":"Polygon","coordinates":[[[-45.96191,-23.49705],[-45.93938,-23.49437],[-45.90406,-23.50531],[-45.84065,-23.47235],[-45.81362,-23.49931],[-45.78879,-23.49288],[-45.79115,-23.50633],[-45.7589,-23.5127],[-45.74154,-23.57215],[-45.73094,-23.57449],[-45.74375,-23.60209],[-45.72392,-23.59818],[-45.71487,-23.60872],[-45.7058,-23.60168],[-45.6953,-23.63155],[-45.77729,-23.68288],[-45.83023,-23.67475],[-45.83336,-23.64866],[-45.8448,-23.64379],[-45.85562,-23.65355],[-45.89994,-23.65618],[-45.9361,-23.70121],[-45.97651,-23.69401],[-46.03369,-23.72082],[-46.05764,-23.71639],[-46.07742,-23.73263],[-46.10239,-23.73632],[-46.10409,-23.71147],[-46.12643,-23.7132],[-46.13151,-23.72461],[-46.17687,-23.7359],[-46.19493,-23.75416],[-46.23963,-23.73587],[-46.26028,-23.76791],[-46.27839,-23.77031],[-46.2967,-23.74872],[-46.32193,-23.74443],[-46.32374,-23.7041],[-46.33072,-23.70887],[-46.33849,-23.67788],[-46.3583,-23.6605],[-46.35686,-23.6385],[-46.37204,-23.6442],[-46.39922,-23.60618],[-46.37732,-23.58771],[-46.39561,-23.53088],[-46.36509,-23.50383],[-46.39742,-23.44774],[-46.38288,-23.43322],[-46.35889,-23.43891],[-46.37746,-23.39441],[-46.36962,-23.36488],[-46.33692,-23.32895],[-46.3535,-23.32707],[-46.36409,-23.27395],[-46.31133,-23.22707],[-46.30566,-23.19732],[-46.28359,-23.18424],[-46.24433,-23.18516],[-46.15311,-23.23529],[-46.15096,-23.27434],[-46.13489,-23.28788],[-46.11399,-23.28552],[-46.09899,-23.326],[-46.03672,-23.38815],[-46.00251,-23.38534],[-45.99119,-23.41752],[-45.96792,-23.42684],[-45.95186,-23.45135],[-45.96835,-23.47545],[-45.96191,-23.49705]]]}},{"type":"Feature","id":"cep2-09","properties":{"postal_code_id":"cep2-09","postal_codes":["09"],"first_digits":["0"],"states":["SP"]},"geometry":{"type":"Polygon","coordinates":[[[-46.62552,-23.65946],[-46.58339,-23.64116],[-46.57957,-23.59922],[-46.50627,-23.62581],[-46.48544,-23.62299],[-46.47239,-23.63883],[-46.44647,-23.64411],[-46.42174,-23.644],[-46.39485,-23.61237],[-46.37204,-23.6442],[-46.35686,-23.6385],[-46.3583,-23.6605],[-46.33849,-23.67788],[-46.33072,-23.70887],[-46.32374,-23.7041],[-46.32193,-23.74443],[-46.2967,-23.74872],[-46.27839,-23.77031],[-46.32029,-23.8031],[-46.32024,-23.78548],[-46.33861,-23.78167],[-46.37195,-23.78979],[-46.38363,-23.80972],[-46.41044,-23.8143],[-46.41356,-23.82343],[-46.44327,-23.82864],[-46.43782,-23.84253],[-46.49652,-23.89923],[-46.57751,-23.95723],[-46.6116,-23.96935],[-46.61621,-23.86269],[-46.63239,-23.85137],[-46.63501,-23.83136],[-46.62155,-23.78463],[-46.65419,-23.73052],[-46.61769,-23.71224],[-46.63561,-23.69096],[-46.62552,-23.65946]]]}},{"type":"Feature","id":"cep2-11","properties":{"postal_code_id":"cep2-11","postal_codes":["11"],"first_digits":["1"],"states":["SP"]},"geometry":{"type":"MultiPolygon","coordinates":[[[[-48.0375,-25.358],[-48.03747,-25.35599],[-48.03541,-25.35682],[-48.0375,-25.358]]],[[[-47.95334,-25.27446],[-47.95763,-25.27303],[-47.95283,-25.27274],[-47.95334,-25.27446]]],[[[-47.90948,-25.16709],[-47.91477,-25.16631],[-47.91142,-25.16285],[-47.90948,-25.16709]]],[[[-47.86067,-25.13356],[-47.86218,-25.13227],[-47.86025,-25.13092],[-47.86067,-25.13356]]],[[[-47.86514,-25.12182],[-47.8529,-25.11584],[-47.86458,-25.12847],[-47.86514,-25.12182]]],[[[-47.62304,-24.79914],[-47.84292,-24.9766],[-47.88042,-25.02515],[-47.88691,-25.05127],[-47.90952,-25.05295],[-47.89482,-25.10763],[-47.90803,-25.11813],[-47.91406,-25.15937],[-47.94599,-25.17432],[-48.09743,-25.31024],[-48.08311,-25.282],[-48.02354,-25.23093],[-48.03225,-25.21847],[-48.0498,-25.22552],[-48.05745,-25.21833],[-48.06211,-25.24009],[-48.113,-25.25087],[-48.18252,-25.205],[-48.19336,-25.18987],[-48.1585,-25.14991],[-48.2045,-25.09966],[-48.21605,-25.07667],[-48.20947,-25.02718],[-48.233,-25.01789],[-48.224,-25.00804],[-48.24932,-24.97871],[-48.28463,-25.03919],[-48.2992,-25.02564],[-48.33038,-25.06971],[-48.32414,-25.03675],[-48.35123,-25.03649],[-48.35475,-25.01996],[-48.41187,-24.9804],[-48.47405,-25.01255],[-48.48284,-25.05186],[-48.52858,-25.10079],[-48.55601,-25.08655],[-48.55794,-25.06397],[-48.57963,-25.05313],[-48.58887,-25.01971],[-48.59819,-25.02001],[-48.5979,-25.00288],[-48.56737,-24.97227],[-48.57056,-24.89415],[-48.55931,-24.90118],[-48.54901,-24.88233],[-48.54973,-24.8675],[-48.56668,-24.86396],[-48.55575,-24.8062],[-48.51831,-24.78105],[-48.5019,-24.74598],[-48.50381,-24.73495],[-48.52945,-24.73929],[-48.53814,-24.7262],[-48.52906,-24.68784],[-48.50588,-24.66799],[-48.48472,-24.67938],[-48.45934,-24.65598],[-48.44747,-24.59929],[-48.39083,-24.57082],[-48.43424,-24.54322],[-48.38211,-24.50392],[-48.39331,-24.48196],[-48.35152,-24.45919],[-48.34724,-24.44084],[-48.36253,-24.42096],[-48.38024,-24.43332],[-48.39956,-24.42611],[-48.36836,-24.3903],[-48.36285,-24.34772],[-48.35096,-24.33709],[-48.35778,-24.30742],[-48.38313,-24.30417],[-48.35996,-24.28238],[-48.32474,-24.29277],[-48.32911,-24.31222],[-48.31688,-24.31304],[-48.29213,-24.29435],[-48.27503,-24.2964],[-48.28357,-24.28603],[-48.25241,-24.25761],[-48.20494,-24.26329],[-48.14433,-24.22223],[-48.13952,-24.19438],[-48.09488,-24.20133],[-48.05751,-24.17621],[-48.04935,-24.13762],[-48.01602,-24.12861],[-48.00875,-24.1354],[-47.98116,-24.11349],[-47.95313,-24.11983],[-47.93769,-24.09929],[-47.91691,-24.10046],[-47.89483,-24.07931],[-47.86778,-24.07682],[-47.85617,-24.12279],[-47.77273,-24.13445],[-47.72203,-24.11303],[-47.7341,-24.1055],[-47.72389,-24.07982],[-47.70303,-24.07407],[-47.6803,-24.04526],[-47.62858,-24.0367],[-47.61375,-24.04468],[-47.63601,-24.10047],[-47.62482,-24.11311],[-47.59625,-24.08408],[-47.56996,-24.0774],[-47.56277,-24.03956],[-47.49885,-24.05291],[-47.47733,-24.08132],[-47.45271,-24.05186],[-47.42524,-24.06833],[-47.38822,-24.0541],[-47.34263,-24.01386],[-47.28466,-24.00663],[-47.27233,-24.01759],[-47.25371,-24.00703],[-47.25737,-24.02138],[-47.24402,-24.02181],[-47.19022,-23.99913],[-47.1378,-24.01406],[-47.10711,-23.9938],[-47.06839,-24.02537],[-47.05601,-24.00962],[-47.00636,-24.06395],[-46.99778,-24.05206],[-46.97628,-24.06392],[-46.94705,-24.04061],[-46.88862,-24.03814],[-46.86814,-24.02111],[-46.88299,-23.98549],[-46.8061,-23.93956],[-46.77393,-23.95046],[-46.75485,-23.97552],[-46.76934,-24.00815],[-46.74903,-23.99395],[-46.70996,-23.99493],[-46.69298,-23.9836],[-46.66166,-23.98829],[-46.65017,-24.00151],[-46.62917,-23.99028],[-46.63557,-23.97729],[-46.57751,-23.95723],[-46.49652,-23.89923],[-46.43782,-23.84253],[-46.44327,-23.82864],[-46.41356,-23.82343],[-46.41044,-23.8143],[-46.38363,-23.80972],[-46.37195,-23.78979],[-46.33861,-23.78167],[-46.32024,-23.78548],[-46.32029,-23.8031],[-46.27388,-23.76628],[-46.26028,-23.76791],[-46.23963,-23.73587],[-46.19493,-23.75416],[-46.17687,-23.7359],[-46.13151,-23.72461],[-46.12643,-23.7132],[-46.10409,-23.71147],[-46.10239,-23.73632],[-46.06774,-23.72904],[-46.05764,-23.71639],[-46.03369,-23.72082],[-45.97651,-23.69401],[-45.9361,-23.70121],[-45.89994,-23.65618],[-45.85562,-23.65355],[-45.8448,-23.64379],[-45.83336,-23.64866],[-45.83023,-23.67475],[-45.77729,-23.68288],[-45.66623,-23.62027],[-45.62298,-23.62862],[-45.63106,-23.65724],[-45.60295,-23.65412],[-45.58054,-23.64654],[-45.53998,-23.59677],[-45.52394,-23.6049],[-45.48753,-23.57248],[-45.4706,-23.58234],[-45.45484,-23.57751],[-45.44391,-23.55606],[-45.42441,-23.54839],[-45.41475,-23.56007],[-45.38551,-23.55569],[-45.37152,-23.54251],[-45.34895,-23.54788],[-45.307,-23.49602],[-45.1768,-23.44052],[-45.16639,-23.41016],[-45.17532,-23.39525],[-45.15025,-23.38342],[-45.14413,-23.36608],[-45.11478,-23.35122],[-45.09799,-23.3601],[-45.07291,-23.35002],[-45.06915,-23.32106],[-45.07919,-23.30753],[-45.06765,-23.30096],[-45.04511,-23.31528],[-45.00961,-23.30611],[-45.01743,-23.27173],[-44.99527,-23.23938],[-44.98397,-23.22949],[-44.9671,-23.24539],[-44.91778,-23.20373],[-44.89218,-23.21139],[-44.88265,-23.20271],[-44.88595,-23.23579],[-44.83593,-23.25657],[-44.82672,-23.29162],[-44.80785,-23.28357],[-44.77877,-23.31447],[-44.77775,-23.33775],[-44.72425,-23.36756],[-44.78506,-23.37803],[-44.79636,-23.36896],[-44.84423,-23.38703],[-44.84319,-23.36392],[-44.86517,-23.35696],[-44.88739,-23.36559],[-44.88722,-23.33903],[-44.90816,-23.33417],[-44.94215,-23.35706],[-44.94955,-23.37882],[-44.97709,-23.40029],[-44.99277,-23.39731],[-45.01498,-23.41872],[-45.05387,-23.41671],[-45.06446,-23.42502],[-45.06716,-23.44678],[-45.05638,-23.45899],[-45.03732,-23.44798],[-45.03517,-23.4593],[-45.0202,-23.46196],[-45.05779,-23.46518],[-45.08343,-23.52137],[-45.08352,-23.49588],[-45.10679,-23.48869],[-45.12391,-23.50384],[-45.1061,-23.52425],[-45.14662,-23.49659],[-45.17389,-23.49632],[-45.16232,-23.54209],[-45.18652,-23.54057],[-45.19031,-23.52179],[-45.22801,-23.53856],[-45.21164,-23.58296],[-45.23429,-23.58286],[-45.24422,-23.59373],[-45.28013,-23.58448],[-45.28508,-23.57233],[-45.31141,-23.57567],[-45.37,-23.63045],[-45.37727,-23.6244],[-45.38765,-23.63452],[-45.40661,-23.62386],[-45.43058,-23.67956],[-45.41929,-23.72616],[-45.39956,-23.72474],[-45.41248,-23.75367],[-45.39628,-23.80813],[-45.40596,-23.80966],[-45.40878,-23.81548],[-45.40479,-23.81973],[-45.43226,-23.83313],[-45.46508,-23.8192],[-45.51457,-23.84208],[-45.51322,-23.83152],[-45.53973,-23.82851],[-45.53339,-23.82336],[-45.56237,-23.79209],[-45.6228,-23.80502],[-45.62485,-23.78927],[-45.64154,-23.77877],[-45.6911,-23.78237],[-45.70586,-23.7714],[-45.7764,-23.76306],[-45.80411,-23.76987],[-45.80771,-23.75911],[-45.8424,-23.7582],[-45.97265,-23.78535],[-46.02346,-23.80514],[-46.04708,-23.83203],[-46.04827,-23.81889],[-46.06622,-23.8146],[-46.11821,-23.83661],[-46.1284,-23.84409],[-46.13319,-23.85651],[-46.12448,-23.8613],[-46.13633,-23.86811],[-46.14696,-23.90634],[-46.16065,-23.90651],[-46.17887,-23.92418],[-46.18011,-23.93592],[-46.16559,-23.94416],[-46.18681,-23.97249],[-46.1848,-23.99216],[-46.23965,-23.99078],[-46.2652,-24.00405],[-46.28749,-24.04506],[-46.28614,-24.0242],[-46.29497,-24.01599],[-46.31118,-24.02866],[-46.32474,-24.02126],[-46.31936,-23.99727],[-46.30633,-23.99308],[-46.32045,-23.97692],[-46.35513,-23.97107],[-46.37249,-23.98018],[-46.37504,-23.97],[-46.38874,-23.97629],[-46.37451,-23.98673],[-46.39188,-23.99861],[-46.39891,-24.03352],[-46.39941,-24.01918],[-46.41559,-24.01566],[-46.49302,-24.03852],[-46.81531,-24.20149],[-46.94758,-24.28619],[-46.99394,-24.32541],[-47.00247,-24.33738],[-47.00205,-24.36131],[-47.01824,-24.37884],[-47.00937,-24.39663],[-47.00156,-24.39768],[-47.00863,-24.41468],[-47.14466,-24.4923],[-47.22786,-24.56049],[-47.22966,-24.57223],[-47.28091,-24.59378],[-47.62304,-24.79914]]],[[[-46.67625,-24.492],[-46.67743,-24.47797],[-46.67163,-24.48896],[-46.67625,-24.492]]],[[[-47.03112,-24.4288],[-47.03136,-24.42856],[-47.03106,-24.42853],[-47.03112,-24.4288]]],[[[-46.99443,-24.41113],[-46.99361,-24.41098],[-46.99374,-24.41139],[-46.99443,-24.41113]]],[[[-47.00332,-24.40931],[-47.00058,-24.40846],[-47.00063,-24.40996],[-47.00332,-24.40931]]],[[[-46.99932,-24.40842],[-46.99967,-24.40841],[-46.99951,-24.40804],[-46.99932,-24.40842]]],[[[-47.00771,-24.39643],[-47.00767,-24.39617],[-47.00725,-24.39635],[-47.00771,-24.39643]]],[[[-46.9884,-24.38537],[-46.98828,-24.38403],[-46.9866,-24.38481],[-46.9884,-24.38537]]],[[[-46.98475,-24.38251],[-46.98761,-24.38093],[-46.98502,-24.37922],[-46.98475,-24.38251]]],[[[-46.80802,-24.37594],[-46.80795,-24.37441],[-46.80534,-24.37456],[-46.80802,-24.37594]]],[[[-46.80422,-24.37545],[-46.8051,-24.37474],[-46.80356,-24.37362],[-46.80422,-24.37545]]],[[[-47.00509,-24.36784],[-47.00501,-24.36729],[-47.00459,-24.36747],[-47.00509,-24.36784]]],[[[-46.98114,-24.36156],[-46.97947,-24.36065],[-46.98068,-24.36281],[-46.98114,-24.36156]]],[[[-46.99979,-24.34952],[-46.99951,-24.34938],[-46.99958,-24.3496],[-46.99979,-24.34952]]],[[[-46.89055,-24.25452],[-46.89068,-24.2537],[-46.88953,-24.2544],[-46.89055,-24.25452]]],[[[-46.69054,-24.23772],[-46.69113,-24.23697],[-46.69024,-24.23706],[-46.69054,-24.23772]]],[[[-46.79299,-24.19491],[-46.7933,-24.19373],[-46.79162,-24.19491],[-46.79299,-24.19491]]],[[[-46.16241,-24.33113],[-46.16342,-24.3311],[-46.16071,-24.32767],[-46.16241,-24.33113]]],[[[-46.18035,-24.31977],[-46.18338,-24.32073],[-46.18007,-24.31808],[-46.18035,-24.31977]]],[[[-45.70237,-24.09658],[-45.70229,-24.09559],[-45.70161,-24.09586],[-45.70237,-24.09658]]],[[[-45.70532,-24.09389],[-45.70424,-24.09354],[-45.70425,-24.09388],[-45.70532,-24.09389]]],[[[-45.71614,-24.07995],[-45.71722,-24.08011],[-45.71656,-24.07935],[-45.71614,-24.07995]]],[[[-45.71815,-24.07752],[-45.7181,-24.07661],[-45.7167,-24.07667],[-45.71815,-24.07752]]],[[[-46.27102,-24.04973],[-46.27045,-24.04959],[-46.27071,-24.0499],[-46.27102,-24.04973]]],[[[-46.26575,-24.05007],[-46.26267,-24.04522],[-46.26075,-24.05244],[-46.26575,-24.05007]]],[[[-46.295,-24.02848],[-46.29419,-24.0275],[-46.29398,-24.02791],[-46.295,-24.02848]]],[[[-46.29311,-24.0261],[-46.29372,-24.02536],[-46.29211,-24.02492],[-46.29311,-24.0261]]],[[[-46.21952,-24.01054],[-46.21653,-24.00759],[-46.21749,-24.0101],[-46.21952,-24.01054]]],[[[-46.32541,-24.00939],[-46.32477,-24.00799],[-46.3235,-24.00852],[-46.32541,-24.00939]]],[[[-46.25591,-24.00135],[-46.25505,-24.0009],[-46.25373,-24.00268],[-46.25591,-24.00135]]],[[[-46.36836,-23.98225],[-46.36763,-23.9822],[-46.36782,-23.98254],[-46.36836,-23.98225]]],[[[-46.35136,-23.97321],[-46.35248,-23.97493],[-46.35365,-23.97459],[-46.35136,-23.97321]]],[[[-46.18126,-23.97516],[-46.18366,-23.97223],[-46.18014,-23.97078],[-46.18126,-23.97516]]],[[[-46.17696,-23.97059],[-46.17654,-23.96984],[-46.17605,-23.97022],[-46.17696,-23.97059]]],[[[-46.16608,-23.96755],[-46.1681,-23.96769],[-46.16783,-23.96636],[-46.16608,-23.96755]]],[[[-46.17048,-23.92787],[-46.16995,-23.92706],[-46.16958,-23.92743],[-46.17048,-23.92787]]],[[[-46.16811,-23.9159],[-46.16821,-23.91469],[-46.16655,-23.91567],[-46.16811,-23.9159]]],[[[-46.13592,-23.89185],[-46.1368,-23.89336],[-46.13759,-23.89248],[-46.13592,-23.89185]]],[[[-46.13039,-23.88487],[-46.1292,-23.88384],[-46.12833,-23.88524],[-46.13039,-23.88487]]],[[[-46.13583,-23.87272],[-46.13565,-23.87158],[-46.13419,-23.8721],[-46.13583,-23.87272]]],[[[-45.78698,-23.86847],[-45.77447,-23.86125],[-45.78119,-23.87092],[-45.78698,-23.86847]]],[[[-46.02589,-23.82696],[-46.02607,-23.82565],[-46.02494,-23.82588],[-46.02589,-23.82696]]],[[[-45.71511,-23.80301],[-45.72619,-23.8023],[-45.71882,-23.7986],[-45.71511,-23.80301]]],[[[-45.71759,-23.79368],[-45.71109,-23.78716],[-45.70432,-23.78869],[-45.71759,-23.79368]]],[[[-45.80073,-23.77307],[-45.79893,-23.7728],[-45.8004,-23.77376],[-45.80073,-23.77307]]],[[[-45.74725,-23.77188],[-45.74673,-23.77133],[-45.74644,-23.77167],[-45.74725,-23.77188]]],[[[-45.75376,-23.76976],[-45.75377,-23.76945],[-45.75336,-23.76955],[-45.75376,-23.76976]]],[[[-45.6797,-24.09687],[-45.69193,-24.10583],[-45.69745,-24.10079],[-45.6884,-24.09228],[-45.6797,-24.09687]]],[[[-45.65894,-24.08928],[-45.65862,-24.08863],[-45.65841,-24.08896],[-45.65894,-24.08928]]],[[[-45.66347,-24.08365],[-45.66318,-24.08254],[-45.66293,-24.08347],[-45.66347,-24.08365]]],[[[-45.65605,-24.07692],[-45.65641,-24.07601],[-45.65434,-24.07478],[-45.65605,-24.07692]]],[[[-45.30051,-23.92276],[-45.30092,-23.92265],[-45.30034,-23.92228],[-45.30051,-23.92276]]],[[[-45.29809,-23.92035],[-45.29674,-23.9194],[-45.29754,-23.92066],[-45.29809,-23.92035]]],[[[-45.29712,-23.91897],[-45.29604,-23.91824],[-45.29637,-23.91928],[-45.29712,-23.91897]]],[[[-45.3257,-23.91898],[-45.32316,-23.91463],[-45.32368,-23.91723],[-45.3257,-23.91898]]],[[[-45.26415,-23.88996],[-45.26507,-23.88866],[-45.26281,-23.88784],[-45.26415,-23.88996]]],[[[-45.26001,-23.88911],[-45.25855,-23.88827],[-45.25895,-23.88915],[-45.26001,-23.88911]]],[[[-45.28634,-23.86087],[-45.28695,-23.86054],[-45.28574,-23.85963],[-45.28634,-23.86087]]],[[[-45.41706,-23.85333],[-45.41792,-23.85319],[-45.41699,-23.85308],[-45.41706,-23.85333]]],[[[-45.52539,-23.85628],[-45.52652,-23.85006],[-45.52037,-23.84746],[-45.52539,-23.85628]]],[[[-45.27894,-23.85102],[-45.27805,-23.85008],[-45.27699,-23.85125],[-45.27894,-23.85102]]],[[[-45.2379,-23.90892],[-45.23344,-23.94799],[-45.25184,-23.96808],[-45.27984,-23.95256],[-45.29064,-23.91108],[-45.32588,-23.91195],[-45.33906,-23.92415],[-45.3475,-23.91608],[-45.35729,-23.9278],[-45.40787,-23.9385],[-45.44432,-23.93415],[-45.45964,-23.9158],[-45.46206,-23.8887],[-45.41776,-23.85945],[-45.36573,-23.80901],[-45.34932,-23.74238],[-45.32814,-23.72237],[-45.26327,-23.74152],[-45.2576,-23.76218],[-45.23033,-23.77799],[-45.2481,-23.82386],[-45.24098,-23.83884],[-45.22675,-23.83702],[-45.23854,-23.84304],[-45.27403,-23.83879],[-45.29093,-23.86614],[-45.27257,-23.87318],[-45.27266,-23.89241],[-45.24848,-23.90324],[-45.24137,-23.89219],[-45.2232,-23.90342],[-45.2379,-23.90892]]],[[[-45.44396,-23.8313],[-45.4431,-23.83191],[-45.44381,-23.83213],[-45.44396,-23.8313]]],[[[-45.39242,-23.83009],[-45.39346,-23.82979],[-45.39181,-23.82862],[-45.39242,-23.83009]]],[[[-45.41277,-23.82828],[-45.41291,-23.82792],[-45.41263,-23.82812],[-45.41277,-23.82828]]],[[[-45.54268,-23.82887],[-45.54195,-23.8273],[-45.54123,-23.8284],[-45.54268,-23.82887]]],[[[-45.15332,-23.82851],[-45.15589,-23.82771],[-45.15291,-23.82622],[-45.15332,-23.82851]]],[[[-45.46984,-23.82375],[-45.4702,-23.82381],[-45.46992,-23.8235],[-45.46984,-23.82375]]],[[[-45.40636,-23.8164],[-45.40648,-23.81627],[-45.40615,-23.81631],[-45.40636,-23.8164]]],[[[-45.40749,-23.81494],[-45.40673,-23.81493],[-45.40679,-23.81545],[-45.40749,-23.81494]]],[[[-45.40575,-23.81384],[-45.40572,-23.81418],[-45.40613,-23.81385],[-45.40575,-23.81384]]],[[[-45.22606,-23.81183],[-45.22731,-23.81434],[-45.22926,-23.81274],[-45.22606,-23.81183]]],[[[-45.67014,-23.80702],[-45.6716,-23.80592],[-45.66729,-23.80452],[-45.67014,-23.80702]]],[[[-45.29478,-23.60198],[-45.2915,-23.59342],[-45.27991,-23.59586],[-45.29478,-23.60198]]],[[[-45.3095,-23.58716],[-45.31059,-23.58654],[-45.30927,-23.58605],[-45.3095,-23.58716]]],[[[-45.31045,-23.58375],[-45.31259,-23.58391],[-45.31095,-23.58128],[-45.31045,-23.58375]]],[[[-45.15729,-23.57361],[-45.15524,-23.56025],[-45.14894,-23.56752],[-45.15729,-23.57361]]],[[[-45.15558,-23.55054],[-45.15505,-23.55002],[-45.15523,-23.55076],[-45.15558,-23.55054]]],[[[-45.219,-23.55054],[-45.21598,-23.54856],[-45.21672,-23.55097],[-45.219,-23.55054]]],[[[-45.15459,-23.5484],[-45.15585,-23.54723],[-45.15486,-23.5469],[-45.15459,-23.5484]]],[[[-45.1542,-23.53416],[-45.15437,-23.53387],[-45.15383,-23.53351],[-45.1542,-23.53416]]],[[[-45.21399,-23.53297],[-45.2117,-23.53187],[-45.21044,-23.53315],[-45.21399,-23.53297]]],[[[-45.16131,-23.80301],[-45.13782,-23.79119],[-45.116,-23.8029],[-45.11719,-23.81227],[-45.14706,-23.81762],[-45.16131,-23.80301]]],[[[-45.0235,-23.74073],[-45.00844,-23.7475],[-45.01475,-23.76126],[-45.0235,-23.74073]]],[[[-45.02964,-23.73759],[-45.03391,-23.73867],[-45.03021,-23.73637],[-45.02964,-23.73759]]],[[[-45.02432,-23.73999],[-45.02538,-23.73717],[-45.02093,-23.73438],[-45.02432,-23.73999]]],[[[-45.07915,-23.56298],[-45.0758,-23.5626],[-45.0774,-23.56472],[-45.07915,-23.56298]]],[[[-45.15077,-23.55823],[-45.15098,-23.55966],[-45.15195,-23.55917],[-45.15077,-23.55823]]],[[[-45.02429,-23.54992],[-45.02473,-23.54997],[-45.02439,-23.54966],[-45.02429,-23.54992]]],[[[-45.02616,-23.54763],[-45.0315,-23.54659],[-45.02449,-23.54428],[-45.02616,-23.54763]]],[[[-45.04081,-23.54119],[-45.08124,-23.5565],[-45.07977,-23.52583],[-45.07775,-23.53611],[-45.06406,-23.53863],[-45.05851,-23.52677],[-45.04081,-23.54119]]],[[[-45.02322,-23.54365],[-45.02301,-23.54329],[-45.0228,-23.54342],[-45.02322,-23.54365]]],[[[-45.04205,-23.51872],[-45.04122,-23.51638],[-45.0399,-23.51718],[-45.04205,-23.51872]]],[[[-45.10233,-23.49966],[-45.10251,-23.49865],[-45.10195,-23.49902],[-45.10233,-23.49966]]],[[[-45.05228,-23.4685],[-45.05263,-23.46822],[-45.05218,-23.46808],[-45.05228,-23.4685]]],[[[-45.0588,-23.46814],[-45.05814,-23.46787],[-45.05835,-23.46832],[-45.0588,-23.46814]]],[[[-44.90583,-23.42657],[-44.90094,-23.42475],[-44.90244,-23.42734],[-44.90583,-23.42657]]],[[[-44.86012,-23.42331],[-44.86187,-23.42288],[-44.85971,-23.42174],[-44.86012,-23.42331]]],[[[-44.85849,-23.42445],[-44.85386,-23.41538],[-44.84954,-23.42098],[-44.85849,-23.42445]]],[[[-45.00862,-23.41369],[-45.00861,-23.41311],[-45.00803,-23.41329],[-45.00862,-23.41369]]],[[[-44.93606,-23.41263],[-44.93593,-23.41232],[-44.93554,-23.41229],[-44.93606,-23.41263]]],[[[-44.85034,-23.40533],[-44.85047,-23.40405],[-44.84939,-23.404],[-44.85034,-23.40533]]],[[[-44.89706,-23.40342],[-44.89783,-23.40273],[-44.89722,-23.40249],[-44.89706,-23.40342]]],[[[-44.85298,-23.4025],[-44.8542,-23.3981],[-44.84669,-23.3963],[-44.85298,-23.4025]]],[[[-44.85559,-23.39871],[-44.85487,-23.39946],[-44.85644,-23.39994],[-44.85559,-23.39871]]],[[[-44.93887,-23.39111],[-44.93872,-23.39079],[-44.93836,-23.39091],[-44.93887,-23.39111]]],[[[-44.88825,-23.38954],[-44.88803,-23.38819],[-44.88702,-23.38885],[-44.88825,-23.38954]]],[[[-44.93894,-23.38885],[-44.93813,-23.38696],[-44.9362,-23.38821],[-44.93894,-23.38885]]],[[[-44.94667,-23.38288],[-44.94062,-23.38323],[-44.94554,-23.38762],[-44.94667,-23.38288]]],[[[-44.93528,-23.38491],[-44.93517,-23.38461],[-44.93485,-23.3847],[-44.93528,-23.38491]]],[[[-44.88851,-23.38558],[-44.88883,-23.38372],[-44.88714,-23.38387],[-44.88851,-23.38558]]],[[[-44.90712,-23.38024],[-44.90279,-23.37524],[-44.89766,-23.3762],[-44.90712,-23.38024]]],[[[-44.89251,-23.35316],[-44.89306,-23.35323],[-44.89292,-23.35268],[-44.89251,-23.35316]]],[[[-44.90256,-23.3515],[-44.90379,-23.35322],[-44.90486,-23.35268],[-44.90256,-23.3515]]],[[[-44.90894,-23.33641],[-44.90813,-23.33732],[-44.90888,-23.33739],[-44.90894,-23.33641]]]]}},{"type":"Feature","id":"cep2-12","properties":{"postal_code_id":"cep2-12","postal_codes":["12"],"first_digits":["1"],"states":["SP"]},"geometry":{"type":"Polygon","coordinates":[[[-45.96792,-23.42684],[-45.99119,-23.41752],[-46.00251,-23.38534],[-46.03672,-23.38815],[-46.09899,-23.326],[-46.11399,-23.28552],[-46.13489,-23.28788],[-46.15096,-23.27434],[-46.15311,-23.23529],[-46.24433,-23.18516],[-46.28359,-23.18424],[-46.30566,-23.19732],[-46.31133,-23.22707],[-46.36409,-23.27395],[-46.39499,-23.28568],[-46.41852,-23.31641],[-46.43432,-23.27986],[-46.45938,-23.27034],[-46.46981,-23.28275],[-46.4915,-23.25553],[-46.51425,-23.25009],[-46.51538,-23.2375],[-46.54537,-23.24136],[-46.61506,-23.2273],[-46.62276,-23.25673],[-46.69855,-23.25709],[-46.71645,-23.21632],[-46.70842,-23.20471],[-46.67221,-23.21469],[-46.654,-23.1639],[-46.67033,-23.14181],[-46.68585,-23.06724],[-46.67646,-23.04049],[-46.72067,-22.96719],[-46.67038,-22.92942],[-46.6816,-22.93022],[-46.68182,-22.88545],[-46.70453,-22.87875],[-46.70358,-22.88892],[-46.71644,-22.89272],[-46.73129,-22.85195],[-46.7332,-22.86259],[-46.76045,-22.85749],[-46.76042,-22.83603],[-46.75056,-22.81941],[-46.72945,-22.81679],[-46.72128,-22.78367],[-46.7024,-22.76994],[-46.65259,-22.76642],[-46.63928,-22.75333],[-46.61603,-22.75821],[-46.62183,-22.72314],[-46.53698,-22.72122],[-46.50945,-22.73036],[-46.49353,-22.71915],[-46.48837,-22.72479],[-46.46864,-22.70131],[-46.45272,-22.72758],[-46.38828,-22.74044],[-46.35944,-22.76135],[-46.33454,-22.7603],[-46.3617,-22.78894],[-46.37681,-22.82782],[-46.3732,-22.86165],[-46.38419,-22.86997],[-46.34489,-22.90522],[-46.31607,-22.88698],[-46.29503,-22.89782],[-46.26686,-22.87569],[-46.25741,-22.89087],[-46.23817,-22.89416],[-46.23492,-22.88315],[-46.1922,-22.86523],[-46.14503,-22.85719],[-46.13828,-22.89497],[-46.15399,-22.9124],[-46.13909,-22.92276],[-46.09522,-22.89443],[-46.00761,-22.88929],[-45.99309,-22.86981],[-45.93931,-22.84667],[-45.91324,-22.81697],[-45.89116,-22.84553],[-45.88852,-22.87601],[-45.87116,-22.87168],[-45.83725,-22.83207],[-45.8098,-22.82939],[-45.79085,-22.85861],[-45.77032,-22.84681],[-45.77095,-22.80593],[-45.75492,-22.79291],[-45.7429,-22.79536],[-45.74171,-22.80792],[-45.71358,-22.81479],[-45.73033,-22.79859],[-45.71221,-22.76984],[-45.73256,-22.722],[-45.75646,-22.72104],[-45.79563,-22.73902],[-45.81993,-22.72272],[-45.81164,-22.69871],[-45.78786,-22.69336],[-45.74281,-22.65917],[-45.69399,-22.65171],[-45.73669,-22.61015],[-45.71888,-22.57875],[-45.69544,-22.58634],[-45.67872,-22.57329],[-45.66289,-22.57681],[-45.65886,-22.59811],[-45.68108,-22.63634],[-45.66618,-22.6512],[-45.61813,-22.63791],[-45.57652,-22.6017],[-45.55536,-22.62644],[-45.58041,-22.65291],[-45.53991,-22.65258],[-45.50107,-22.62633],[-45.4888,-22.62879],[-45.47386,-22.58889],[-45.43555,-22.61832],[-45.41293,-22.62222],[-45.41052,-22.65167],[-45.39999,-22.65368],[-45.33296,-22.61764],[-45.27587,-22.61696],[-45.26266,-22.60874],[-45.26017,-22.58205],[-45.17805,-22.54988],[-45.15032,-22.50736],[-45.0284,-22.4632],[-44.96586,-22.47519],[-44.9396,-22.45261],[-44.89754,-22.45248],[-44.88973,-22.43212],[-44.86021,-22.42306],[-44.83493,-22.4311],[-44.80798,-22.41411],[-44.80944,-22.40557],[-44.75533,-22.41527],[-44.73304,-22.43419],[-44.71991,-22.49283],[-44.71211,-22.49312],[-44.71553,-22.51489],[-44.70139,-22.51075],[-44.68137,-22.52531],[-44.66993,-22.53927],[-44.67492,-22.56134],[-44.66153,-22.55094],[-44.64173,-22.55937],[-44.64586,-22.6039],[-44.63436,-22.60935],[-44.62271,-22.60531],[-44.61278,-22.61734],[-44.59683,-22.61021],[-44.58378,-22.62622],[-44.57421,-22.60187],[-44.56398,-22.61197],[-44.55028,-22.60376],[-44.5263,-22.61929],[-44.53781,-22.63304],[-44.51463,-22.6305],[-44.50859,-22.64095],[-44.48398,-22.60396],[-44.46441,-22.61577],[-44.42979,-22.5987],[-44.40662,-22.60885],[-44.40025,-22.58219],[-44.3824,-22.57349],[-44.35991,-22.58102],[-44.37004,-22.59029],[-44.35986,-22.59305],[-44.35602,-22.6149],[-44.34207,-22.58925],[-44.28569,-22.60973],[-44.26874,-22.59877],[-44.25904,-22.61038],[-44.22637,-22.60456],[-44.18428,-22.6373],[-44.1896,-22.64911],[-44.16137,-22.67826],[-44.17386,-22.70211],[-44.20407,-22.71965],[-44.19896,-22.73529],[-44.22705,-22.73374],[-44.25758,-22.76696],[-44.25685,-22.78587],[-44.24018,-22.79138],[-44.26131,-22.80626],[-44.2676,-22.82902],[-44.3812,-22.85835],[-44.41068,-22.84636],[-44.46692,-22.88497],[-44.47533,-22.85724],[-44.49464,-22.84679],[-44.55517,-22.88805],[-44.57573,-22.87802],[-44.60714,-22.88534],[-44.65899,-22.92793],[-44.67384,-22.91805],[-44.68697,-22.93592],[-44.71361,-22.92997],[-44.7435,-22.947],[-44.75456,-22.97808],[-44.7919,-22.98188],[-44.80254,-22.99878],[-44.79282,-23.00984],[-44.81189,-23.05452],[-44.81884,-23.09146],[-44.8106,-23.11553],[-44.82442,-23.16269],[-44.87475,-23.1847],[-44.89218,-23.21139],[-44.90305,-23.20215],[-44.93171,-23.2093],[-44.9671,-23.24539],[-44.98397,-23.22949],[-45.01743,-23.27173],[-45.00961,-23.30611],[-45.04511,-23.31528],[-45.06765,-23.30096],[-45.07919,-23.30753],[-45.06707,-23.34325],[-45.09799,-23.3601],[-45.11478,-23.35122],[-45.14413,-23.36608],[-45.15025,-23.38342],[-45.17532,-23.39525],[-45.16639,-23.41016],[-45.1768,-23.44052],[-45.307,-23.49602],[-45.34895,-23.54788],[-45.37152,-23.54251],[-45.38551,-23.55569],[-45.41475,-23.56007],[-45.42441,-23.54839],[-45.44391,-23.55606],[-45.45484,-23.57751],[-45.4706,-23.58234],[-45.48753,-23.57248],[-45.52394,-23.6049],[-45.53998,-23.59677],[-45.58054,-23.64654],[-45.63106,-23.65724],[-45.62298,-23.62862],[-45.64392,-23.62168],[-45.66623,-23.62027],[-45.70254,-23.63685],[-45.6953,-23.63155],[-45.7058,-23.60168],[-45.71487,-23.60872],[-45.72392,-23.59818],[-45.74375,-23.60209],[-45.73094,-23.57449],[-45.74154,-23.57215],[-45.7589,-23.5127],[-45.79115,-23.50633],[-45.7952,-23.49122],[-45.81362,-23.49931],[-45.84065,-23.47235],[-45.90406,-23.50531],[-45.96191,-23.49705],[-45.96835,-23.47545],[-45.95186,-23.45135],[-45.96792,-23.42684]]]}},{"type":"Feature","id":"cep2-13","properties":{"postal_code_id":"cep2-13","postal_codes":["13"],"first_digits":["1"],"states":["SP"]},"geometry":{"type":"Polygon","coordinates":[[[-47.42391,-23.18676],[-47.41187,-23.11945],[-47.42821,-23.10109],[-47.4653,-23.10989],[-47.46486,-23.12678],[-47.47865,-23.12499],[-47.50861,-23.09163],[-47.52922,-23.10052],[-47.5623,-23.09096],[-47.58139,-23.10373],[-47.60869,-23.09926],[-47.59275,-23.07788],[-47.61312,-23.06883],[-47.62642,-23.07597],[-47.62907,-23.04367],[-47.65207,-23.0432],[-47.67788,-22.95852],[-47.71278,-22.91187],[-47.72291,-22.93285],[-47.74598,-22.93247],[-47.7631,-22.90266],[-47.80614,-22.87696],[-47.84476,-22.90164],[-47.86877,-22.89901],[-47.85785,-22.86695],[-47.86682,-22.8607],[-47.96865,-22.89966],[-47.98649,-22.86879],[-47.98777,-22.88795],[-48.00252,-22.8993],[-48.01469,-22.88355],[-48.00355,-22.88173],[-48.00309,-22.86576],[-48.03992,-22.84689],[-48.04753,-22.83189],[-48.032,-22.82574],[-48.01493,-22.73336],[-48.03154,-22.71925],[-48.07171,-22.73635],[-48.09858,-22.68837],[-48.08846,-22.6519],[-48.07109,-22.64426],[-48.08063,-22.61935],[-48.06469,-22.56361],[-48.05521,-22.5616],[-48.06355,-22.5506],[-48.05951,-22.51335],[-47.99483,-22.49381],[-47.99662,-22.4788],[-47.97494,-22.46364],[-47.98252,-22.45539],[-47.93483,-22.42443],[-47.91581,-22.42466],[-47.92383,-22.40661],[-47.95404,-22.39814],[-47.9546,-22.33657],[-47.94943,-22.32066],[-47.93424,-22.32772],[-47.93864,-22.31316],[-47.92682,-22.30541],[-47.89797,-22.21799],[-47.87991,-22.21273],[-47.90264,-22.1722],[-47.89993,-22.15758],[-47.92547,-22.14433],[-47.94683,-22.11269],[-47.99311,-22.11601],[-48.02247,-22.07991],[-48.04487,-22.07322],[-48.04372,-22.12887],[-48.05896,-22.15135],[-48.10763,-22.18025],[-48.1347,-22.18323],[-48.19798,-22.14805],[-48.21584,-22.15882],[-48.25595,-22.15464],[-48.2446,-22.17763],[-48.31432,-22.19873],[-48.35548,-22.16681],[-48.38786,-22.15906],[-48.39474,-22.11415],[-48.41571,-22.08934],[-48.43593,-22.08405],[-48.44486,-22.06315],[-48.42563,-22.05485],[-48.41422,-22.03449],[-48.3222,-21.98912],[-48.28129,-21.9897],[-48.28872,-21.95468],[-48.25443,-21.89315],[-48.22967,-21.92515],[-48.20414,-21.92938],[-48.19661,-21.95603],[-48.16598,-21.97179],[-48.11682,-22.02431],[-48.10095,-22.05815],[-48.07723,-22.05473],[-48.07296,-22.04009],[-48.04721,-22.02479],[-48.01791,-22.03673],[-47.99576,-22.02991],[-47.94,-21.92833],[-47.94879,-21.90855],[-47.92427,-21.89663],[-47.92076,-21.8824],[-47.9288,-21.84537],[-47.96885,-21.82001],[-47.97079,-21.80756],[-47.94718,-21.78319],[-47.94754,-21.76385],[-47.96768,-21.74161],[-47.92103,-21.71911],[-47.91687,-21.68664],[-47.8729,-21.63963],[-47.85354,-21.59743],[-47.83259,-21.60132],[-47.83458,-21.61349],[-47.81856,-21.61477],[-47.80568,-21.63015],[-47.82634,-21.65616],[-47.81675,-21.66171],[-47.83014,-21.66851],[-47.81183,-21.68012],[-47.81667,-21.69479],[-47.78593,-21.69971],[-47.76766,-21.69171],[-47.73683,-21.71188],[-47.67896,-21.65708],[-47.67095,-21.60311],[-47.60784,-21.58253],[-47.59949,-21.54677],[-47.44968,-21.57745],[-47.43721,-21.61317],[-47.42474,-21.60174],[-47.39923,-21.61374],[-47.36419,-21.59317],[-47.34599,-21.56232],[-47.28909,-21.55293],[-47.27637,-21.52567],[-47.27872,-21.46843],[-47.23283,-21.43695],[-47.23134,-21.42209],[-47.2137,-21.42369],[-47.18702,-21.35878],[-47.19186,-21.34801],[-47.17512,-21.31925],[-47.14382,-21.29586],[-47.12964,-21.32846],[-47.08973,-21.29741],[-47.09472,-21.28624],[-47.07711,-21.28491],[-47.0551,-21.26397],[-47.04422,-21.26736],[-47.04237,-21.28995],[-47.02977,-21.29956],[-47.03518,-21.31004],[-47.01653,-21.34236],[-46.99727,-21.35123],[-47.01617,-21.3965],[-47.01151,-21.42227],[-46.98437,-21.4267],[-46.89331,-21.41561],[-46.84208,-21.38911],[-46.83084,-21.36613],[-46.78954,-21.37296],[-46.76471,-21.36006],[-46.75054,-21.38492],[-46.72044,-21.38964],[-46.70748,-21.40461],[-46.66672,-21.36129],[-46.6472,-21.36419],[-46.64873,-21.39172],[-46.6247,-21.41345],[-46.61526,-21.44147],[-46.60189,-21.44396],[-46.57651,-21.42696],[-46.55788,-21.44266],[-46.51905,-21.44895],[-46.50889,-21.48913],[-46.52298,-21.52994],[-46.50078,-21.54976],[-46.52199,-21.58451],[-46.51823,-21.61282],[-46.55298,-21.63808],[-46.54816,-21.64818],[-46.5667,-21.6592],[-46.56463,-21.67868],[-46.57695,-21.68506],[-46.62159,-21.67554],[-46.62603,-21.76623],[-46.65399,-21.77925],[-46.65241,-21.79128],[-46.69071,-21.83763],[-46.66601,-21.84839],[-46.64754,-21.88046],[-46.67378,-21.91105],[-46.61326,-22.01496],[-46.64992,-22.00955],[-46.6622,-22.0237],[-46.67557,-22.02237],[-46.68539,-22.03742],[-46.67636,-22.05544],[-46.65775,-22.06048],[-46.66479,-22.06886],[-46.72342,-22.0769],[-46.7001,-22.09515],[-46.64675,-22.09189],[-46.62417,-22.10852],[-46.61612,-22.13065],[-46.59853,-22.13639],[-46.64046,-22.15772],[-46.64559,-22.18065],[-46.67184,-22.17834],[-46.67806,-22.22192],[-46.71062,-22.26993],[-46.70528,-22.29582],[-46.72326,-22.30662],[-46.7012,-22.32149],[-46.67525,-22.36941],[-46.66092,-22.36604],[-46.66652,-22.41511],[-46.63161,-22.43584],[-46.58513,-22.43945],[-46.57265,-22.45314],[-46.55481,-22.44665],[-46.54986,-22.46955],[-46.53067,-22.47085],[-46.54215,-22.49436],[-46.50095,-22.51701],[-46.49118,-22.51039],[-46.45646,-22.52169],[-46.42631,-22.54757],[-46.40615,-22.54146],[-46.43259,-22.57123],[-46.42739,-22.58412],[-46.41244,-22.58545],[-46.42434,-22.59944],[-46.40476,-22.62089],[-46.42301,-22.62484],[-46.42063,-22.63808],[-46.39631,-22.64598],[-46.39306,-22.66297],[-46.40586,-22.67256],[-46.40567,-22.66261],[-46.42771,-22.66136],[-46.48064,-22.67832],[-46.47312,-22.70498],[-46.48837,-22.72479],[-46.49353,-22.71915],[-46.50945,-22.73036],[-46.53698,-22.72122],[-46.62183,-22.72314],[-46.61603,-22.75821],[-46.63928,-22.75333],[-46.66093,-22.76879],[-46.7024,-22.76994],[-46.72128,-22.78367],[-46.72945,-22.81679],[-46.75056,-22.81941],[-46.76042,-22.83603],[-46.76045,-22.85749],[-46.7332,-22.86259],[-46.73129,-22.85195],[-46.71644,-22.89272],[-46.70358,-22.88892],[-46.70453,-22.87875],[-46.68182,-22.88545],[-46.6816,-22.93022],[-46.67038,-22.92942],[-46.72067,-22.96719],[-46.67646,-23.04049],[-46.68585,-23.06724],[-46.67033,-23.14181],[-46.654,-23.1639],[-46.67221,-23.21469],[-46.70842,-23.20471],[-46.71645,-23.21632],[-46.70406,-23.25212],[-46.74376,-23.25028],[-46.79128,-23.26671],[-46.8026,-23.25711],[-46.81424,-23.28211],[-46.83208,-23.27906],[-46.83806,-23.28784],[-46.86746,-23.27794],[-46.93794,-23.32185],[-47.07238,-23.35904],[-47.08781,-23.35323],[-47.10261,-23.36948],[-47.10163,-23.38613],[-47.08174,-23.38132],[-47.08292,-23.40095],[-47.12162,-23.40353],[-47.12157,-23.37599],[-47.14226,-23.3931],[-47.13837,-23.41153],[-47.24224,-23.41827],[-47.28437,-23.4318],[-47.29839,-23.41734],[-47.32639,-23.43992],[-47.36415,-23.41407],[-47.36859,-23.40219],[-47.35256,-23.39402],[-47.38492,-23.3932],[-47.40569,-23.35476],[-47.41817,-23.35773],[-47.42521,-23.31731],[-47.40413,-23.29866],[-47.43378,-23.24084],[-47.42252,-23.22218],[-47.43915,-23.19262],[-47.42391,-23.18676]]]}},{"type":"Feature","id":"cep2-14","properties":{"postal_code_id":"cep2-14","postal_codes":["14"],"first_digits":["1"],"states":["SP"]},"geometry":{"type":"Polygon","coordinates":[[[-48.48148,-22.01417],[-48.54429,-22.03454],[-48.56862,-22.00278],[-48.58741,-22.00041],[-48.62895,-21.96979],[-48.64329,-21.97118],[-48.6698,-21.94983],[-48.68398,-21.91708],[-48.721,-21.90884],[-48.72669,-21.891],[-48.75471,-21.8838],[-48.77969,-21.89559],[-48.83061,-21.89042],[-48.87762,-21.92105],[-48.90612,-21.86819],[-48.96481,-21.84984],[-48.98984,-21.82743],[-48.96357,-21.78867],[-48.963,-21.76444],[-48.98014,-21.75896],[-49.04006,-21.77394],[-49.1045,-21.751],[-49.13806,-21.70844],[-49.15078,-21.65978],[-49.1642,-21.64737],[-49.20626,-21.65452],[-49.21716,-21.67327],[-49.26467,-21.66461],[-49.31149,-21.61718],[-49.34156,-21.54547],[-49.37904,-21.53484],[-49.41172,-21.54443],[-49.48449,-21.50346],[-49.58338,-21.37946],[-49.62842,-21.35443],[-49.67149,-21.3492],[-49.68823,-21.36453],[-49.70791,-21.33455],[-49.72779,-21.34492],[-49.74609,-21.29679],[-49.72157,-21.30063],[-49.714,-21.29064],[-49.72594,-21.25556],[-49.69042,-21.24089],[-49.68056,-21.21501],[-49.68795,-21.18511],[-49.61849,-21.12756],[-49.59523,-21.1417],[-49.5805,-21.13701],[-49.54996,-21.15889],[-49.50394,-21.16113],[-49.49568,-21.13816],[-49.44215,-21.1889],[-49.39694,-21.18053],[-49.38804,-21.2115],[-49.3684,-21.21908],[-49.36322,-21.24033],[-49.33407,-21.2361],[-49.29132,-21.26814],[-49.28484,-21.28898],[-49.27141,-21.28507],[-49.2291,-21.31475],[-49.2197,-21.35688],[-49.18644,-21.36425],[-49.17202,-21.41209],[-49.08075,-21.4076],[-49.06797,-21.43557],[-49.08216,-21.46453],[-49.05482,-21.48852],[-49.01935,-21.48228],[-48.98375,-21.45614],[-48.97919,-21.41609],[-48.94937,-21.42466],[-48.94833,-21.39917],[-48.90017,-21.37058],[-48.87676,-21.39332],[-48.83166,-21.39561],[-48.77487,-21.42738],[-48.72574,-21.42005],[-48.70908,-21.48818],[-48.66255,-21.49097],[-48.66637,-21.54505],[-48.65484,-21.5441],[-48.63555,-21.56659],[-48.62919,-21.55869],[-48.58633,-21.56557],[-48.57423,-21.57864],[-48.58452,-21.62807],[-48.51183,-21.62344],[-48.50236,-21.69697],[-48.48944,-21.70677],[-48.45288,-21.71149],[-48.44411,-21.72362],[-48.34611,-21.68951],[-48.33082,-21.6973],[-48.30613,-21.69063],[-48.2721,-21.64512],[-48.28524,-21.59678],[-48.26016,-21.55152],[-48.25935,-21.51287],[-48.23922,-21.50035],[-48.23465,-21.47375],[-48.28256,-21.4813],[-48.28624,-21.43655],[-48.33714,-21.42635],[-48.33584,-21.38524],[-48.31182,-21.36075],[-48.33424,-21.34814],[-48.33654,-21.33149],[-48.35171,-21.32116],[-48.42682,-21.31865],[-48.4371,-21.2983],[-48.42497,-21.27527],[-48.43981,-21.24974],[-48.42757,-21.23134],[-48.45893,-21.20168],[-48.45336,-21.18461],[-48.4771,-21.17932],[-48.51477,-21.19016],[-48.53582,-21.18583],[-48.53821,-21.17013],[-48.58117,-21.16568],[-48.59769,-21.14312],[-48.57191,-21.11052],[-48.56771,-21.07553],[-48.61262,-21.04187],[-48.65777,-21.03093],[-48.70143,-21.0003],[-48.70848,-20.981],[-48.72739,-20.9813],[-48.74331,-20.95814],[-48.78564,-20.93402],[-48.7458,-20.90335],[-48.7544,-20.87833],[-48.74411,-20.8675],[-48.74479,-20.83984],[-48.84257,-20.84341],[-48.8521,-20.83022],[-48.8917,-20.8238],[-48.84209,-20.77221],[-48.8223,-20.77331],[-48.80434,-20.72629],[-48.79242,-20.7253],[-48.80065,-20.71429],[-48.78655,-20.68939],[-48.805,-20.6526],[-48.84041,-20.65251],[-48.84571,-20.62504],[-48.83113,-20.5709],[-48.86736,-20.53122],[-48.89444,-20.4621],[-48.86706,-20.39887],[-48.87545,-20.31843],[-48.8883,-20.29722],[-48.88345,-20.26306],[-48.85345,-20.21501],[-48.85539,-20.18014],[-48.82933,-20.16323],[-48.78114,-20.16385],[-48.72957,-20.15028],[-48.64693,-20.167],[-48.57441,-20.13089],[-48.49112,-20.13812],[-48.40578,-20.11351],[-48.37494,-20.1231],[-48.31541,-20.1138],[-48.28576,-20.13741],[-48.24133,-20.14018],[-48.21864,-20.12788],[-48.25343,-20.07792],[-48.247,-20.03388],[-48.2285,-20.02821],[-48.19106,-20.06098],[-48.17861,-20.09618],[-48.10549,-20.14636],[-48.07678,-20.14843],[-48.04939,-20.13724],[-48.03884,-20.11995],[-48.02016,-20.12403],[-47.98975,-20.07296],[-47.98852,-20.04035],[-47.97597,-20.03537],[-47.94602,-20.06047],[-47.93152,-20.11043],[-47.8994,-20.12567],[-47.87508,-20.09837],[-47.86106,-20.05547],[-47.87582,-20.03241],[-47.85975,-19.99294],[-47.70424,-19.9799],[-47.63476,-20.04925],[-47.59475,-20.02589],[-47.58382,-19.99666],[-47.50694,-19.98241],[-47.4726,-19.96103],[-47.42443,-20.01532],[-47.44484,-20.03038],[-47.4403,-20.04883],[-47.40813,-20.0802],[-47.3716,-20.08594],[-47.35868,-20.10398],[-47.26178,-20.15992],[-47.25057,-20.19967],[-47.23107,-20.21915],[-47.24735,-20.25864],[-47.27673,-20.29164],[-47.29821,-20.34844],[-47.28546,-20.40574],[-47.29277,-20.44773],[-47.21151,-20.50232],[-47.15452,-20.51955],[-47.09679,-20.66178],[-47.1153,-20.7072],[-47.16476,-20.70146],[-47.18625,-20.73144],[-47.17519,-20.73926],[-47.18882,-20.77062],[-47.20482,-20.77434],[-47.22493,-20.80095],[-47.21448,-20.82722],[-47.24004,-20.88528],[-47.21046,-20.92414],[-47.19004,-20.92822],[-47.18128,-20.95381],[-47.14957,-20.96997],[-47.14374,-20.98239],[-47.15703,-21.01882],[-47.14129,-21.08594],[-47.11315,-21.10492],[-47.13304,-21.13322],[-47.1176,-21.15315],[-47.11853,-21.18592],[-47.09565,-21.20967],[-47.06471,-21.20709],[-47.07729,-21.24022],[-47.05228,-21.24652],[-47.04422,-21.26736],[-47.0551,-21.26397],[-47.07711,-21.28491],[-47.09472,-21.28624],[-47.08973,-21.29741],[-47.12964,-21.32846],[-47.14382,-21.29586],[-47.17512,-21.31925],[-47.2137,-21.42369],[-47.23134,-21.42209],[-47.23283,-21.43695],[-47.27872,-21.46843],[-47.28191,-21.54376],[-47.28909,-21.55293],[-47.34599,-21.56232],[-47.36419,-21.59317],[-47.39923,-21.61374],[-47.42474,-21.60174],[-47.43721,-21.61317],[-47.44968,-21.57745],[-47.59949,-21.54677],[-47.60784,-21.58253],[-47.67095,-21.60311],[-47.67896,-21.65708],[-47.73683,-21.71188],[-47.76766,-21.69171],[-47.78593,-21.69971],[-47.81667,-21.69479],[-47.81183,-21.68012],[-47.83014,-21.66851],[-47.81675,-21.66171],[-47.82634,-21.65616],[-47.80568,-21.63015],[-47.81856,-21.61477],[-47.83458,-21.61349],[-47.83259,-21.60132],[-47.85354,-21.59743],[-47.8729,-21.63963],[-47.91687,-21.68664],[-47.92103,-21.71911],[-47.96768,-21.74161],[-47.94754,-21.76385],[-47.94718,-21.78319],[-47.97079,-21.80756],[-47.96885,-21.82001],[-47.9288,-21.84537],[-47.92076,-21.8824],[-47.92427,-21.89663],[-47.94879,-21.90855],[-47.94,-21.92833],[-47.99576,-22.02991],[-48.01791,-22.03673],[-48.04721,-22.02479],[-48.07296,-22.04009],[-48.07723,-22.05473],[-48.10095,-22.05815],[-48.11682,-22.02431],[-48.16598,-21.97179],[-48.19661,-21.95603],[-48.20414,-21.92938],[-48.22967,-21.92515],[-48.25443,-21.89315],[-48.28872,-21.95468],[-48.28129,-21.9897],[-48.3222,-21.98912],[-48.41422,-22.03449],[-48.42563,-22.05485],[-48.44486,-22.06315],[-48.47686,-22.04183],[-48.48737,-22.02711],[-48.48148,-22.01417]]]}},{"type":"Feature","id":"cep2-15","properties":{"postal_code_id":"cep2-15","postal_codes":["15"],"first_digits":["1"],"states":["SP"]},"geometry":{"type":"Polygon","coordinates":[[[-51.14251,-20.76411],[-51.1989,-20.68602],[-51.19984,-20.65137],[-51.261,-20.65198],[-51.27246,-20.66336],[-51.3716,-20.69008],[-51.44672,-20.66839],[-51.49714,-20.66853],[-51.52159,-20.64039],[-51.57519,-20.62342],[-51.50022,-20.56822],[-51.44923,-20.48282],[-51.40928,-20.45957],[-51.34355,-20.35563],[-51.29568,-20.32848],[-51.13241,-20.29553],[-51.06916,-20.25005],[-51.00047,-20.08538],[-50.96913,-20.03645],[-50.94552,-20.02973],[-50.90813,-19.99426],[-50.86797,-19.98664],[-50.7836,-19.93723],[-50.6581,-19.90715],[-50.57795,-19.81637],[-50.46932,-19.77989],[-50.41713,-19.80114],[-50.33743,-19.86948],[-50.09724,-19.87548],[-50.01876,-19.9254],[-49.96988,-19.92005],[-49.88834,-19.9453],[-49.85374,-19.94646],[-49.83527,-19.93331],[-49.78246,-19.92446],[-49.63441,-19.93193],[-49.55149,-19.90584],[-49.50345,-19.91993],[-49.49279,-19.95042],[-49.43454,-19.98239],[-49.35649,-19.98672],[-49.29754,-19.96055],[-49.26517,-19.96204],[-49.24596,-19.97846],[-49.24834,-19.99964],[-49.28392,-20.00477],[-49.29726,-20.01752],[-49.30854,-20.10389],[-49.29925,-20.16708],[-49.25969,-20.25876],[-49.22529,-20.30534],[-49.17128,-20.31175],[-49.12072,-20.27053],[-49.0659,-20.15346],[-49.03295,-20.15006],[-48.98605,-20.17077],[-48.96179,-20.2633],[-48.97035,-20.38979],[-48.89986,-20.44134],[-48.88209,-20.44101],[-48.89444,-20.4621],[-48.88726,-20.4903],[-48.83113,-20.5709],[-48.84571,-20.62504],[-48.84041,-20.65251],[-48.805,-20.6526],[-48.78655,-20.68939],[-48.80065,-20.71429],[-48.79242,-20.7253],[-48.80434,-20.72629],[-48.8223,-20.77331],[-48.84209,-20.77221],[-48.8917,-20.8238],[-48.8521,-20.83022],[-48.84257,-20.84341],[-48.74479,-20.83984],[-48.74411,-20.8675],[-48.7544,-20.87833],[-48.7458,-20.90335],[-48.78564,-20.93402],[-48.74331,-20.95814],[-48.72739,-20.9813],[-48.70848,-20.981],[-48.70143,-21.0003],[-48.65777,-21.03093],[-48.61262,-21.04187],[-48.56771,-21.07553],[-48.57191,-21.11052],[-48.59769,-21.14312],[-48.58117,-21.16568],[-48.53821,-21.17013],[-48.53582,-21.18583],[-48.51477,-21.19016],[-48.4771,-21.17932],[-48.45336,-21.18461],[-48.45893,-21.20168],[-48.42757,-21.23134],[-48.43981,-21.24974],[-48.42497,-21.27527],[-48.4371,-21.2983],[-48.42682,-21.31865],[-48.35171,-21.32116],[-48.31182,-21.36075],[-48.33584,-21.38524],[-48.33714,-21.42635],[-48.28624,-21.43655],[-48.28256,-21.4813],[-48.23465,-21.47375],[-48.23922,-21.50035],[-48.25935,-21.51287],[-48.26016,-21.55152],[-48.28524,-21.59678],[-48.2721,-21.64512],[-48.30613,-21.69063],[-48.33082,-21.6973],[-48.34611,-21.68951],[-48.44411,-21.72362],[-48.45288,-21.71149],[-48.48944,-21.70677],[-48.50236,-21.69697],[-48.51183,-21.62344],[-48.58452,-21.62807],[-48.57423,-21.57864],[-48.58633,-21.56557],[-48.62919,-21.55869],[-48.63555,-21.56659],[-48.65484,-21.5441],[-48.66637,-21.54505],[-48.66255,-21.49097],[-48.70908,-21.48818],[-48.72574,-21.42005],[-48.77487,-21.42738],[-48.83166,-21.39561],[-48.87676,-21.39332],[-48.90017,-21.37058],[-48.94833,-21.39917],[-48.94937,-21.42466],[-48.97919,-21.41609],[-48.98375,-21.45614],[-49.01935,-21.48228],[-49.05482,-21.48852],[-49.08216,-21.46453],[-49.06797,-21.43557],[-49.08075,-21.4076],[-49.17202,-21.41209],[-49.18644,-21.36425],[-49.2197,-21.35688],[-49.2291,-21.31475],[-49.27141,-21.28507],[-49.28484,-21.28898],[-49.29132,-21.26814],[-49.33407,-21.2361],[-49.36322,-21.24033],[-49.3684,-21.21908],[-49.38804,-21.2115],[-49.39694,-21.18053],[-49.44215,-21.1889],[-49.49568,-21.13816],[-49.50394,-21.16113],[-49.54996,-21.15889],[-49.5805,-21.13701],[-49.59523,-21.1417],[-49.61849,-21.12756],[-49.68795,-21.18511],[-49.68104,-21.22284],[-49.69042,-21.24089],[-49.72594,-21.25556],[-49.71165,-21.28006],[-49.72157,-21.30063],[-49.7522,-21.29648],[-49.76868,-21.30627],[-49.91457,-21.23817],[-49.92112,-21.22594],[-50.00022,-21.22666],[-50.02703,-21.21079],[-50.09098,-21.22033],[-50.13378,-21.19147],[-50.14636,-21.14748],[-50.17636,-21.11428],[-50.21848,-21.123],[-50.25299,-21.11708],[-50.27553,-21.09686],[-50.27321,-21.07443],[-50.31193,-21.0773],[-50.35819,-21.04355],[-50.34668,-21.04277],[-50.32323,-21.00839],[-50.30017,-21.00077],[-50.28084,-20.92699],[-50.26252,-20.90522],[-50.27572,-20.87282],[-50.32324,-20.87279],[-50.33633,-20.84613],[-50.34397,-20.85519],[-50.35087,-20.84609],[-50.37296,-20.85404],[-50.37069,-20.82912],[-50.38383,-20.80944],[-50.41166,-20.81307],[-50.41794,-20.80054],[-50.45236,-20.79903],[-50.45629,-20.77875],[-50.50579,-20.76053],[-50.60223,-20.77286],[-50.63915,-20.76158],[-50.63853,-20.7461],[-50.6588,-20.7327],[-50.67594,-20.73863],[-50.68574,-20.70783],[-50.72135,-20.70637],[-50.74366,-20.72184],[-50.75261,-20.68138],[-50.77184,-20.68332],[-50.77901,-20.67192],[-50.80509,-20.67931],[-50.82622,-20.76875],[-50.87295,-20.82681],[-50.86393,-20.84484],[-50.8996,-20.90977],[-51.07116,-20.83089],[-51.11772,-20.86406],[-51.14297,-20.85453],[-51.13441,-20.81625],[-51.14251,-20.76411]]]}},{"type":"Feature","id":"cep2-16","properties":{"postal_code_id":"cep2-16","postal_codes":["16"],"first_digits":["1"],"states":["SP"]},"geometry":{"type":"Polygon","coordinates":[[[-50.63494,-21.65578],[-50.64736,-21.64995],[-50.65256,-21.62306],[-50.70617,-21.57903],[-50.74245,-21.57796],[-50.74415,-21.56615],[-50.76222,-21.56304],[-50.77981,-21.56778],[-50.77352,-21.54462],[-50.79889,-21.55573],[-50.79714,-21.54161],[-50.81759,-21.56335],[-50.81586,-21.53989],[-50.86813,-21.52631],[-50.87363,-21.48917],[-50.90448,-21.48477],[-50.92415,-21.44188],[-50.94834,-21.44734],[-50.97587,-21.43268],[-51.00481,-21.43834],[-51.08993,-21.37228],[-51.17181,-21.38357],[-51.23778,-21.32681],[-51.2863,-21.31927],[-51.34334,-21.2879],[-51.38455,-21.28437],[-51.43438,-21.24611],[-51.49639,-21.22704],[-51.52339,-21.19956],[-51.57618,-21.18919],[-51.60084,-21.14426],[-51.61552,-21.14206],[-51.65959,-21.16899],[-51.69104,-21.14359],[-51.6995,-21.0882],[-51.72542,-21.06886],[-51.7625,-21.06367],[-51.77126,-21.04266],[-51.72297,-20.97744],[-51.65965,-20.9685],[-51.62359,-20.94443],[-51.61368,-20.89632],[-51.62845,-20.8687],[-51.63298,-20.82156],[-51.6224,-20.77687],[-51.6349,-20.75485],[-51.6033,-20.6617],[-51.57519,-20.62342],[-51.52159,-20.64039],[-51.49714,-20.66853],[-51.44672,-20.66839],[-51.3716,-20.69008],[-51.27246,-20.66336],[-51.261,-20.65198],[-51.19984,-20.65137],[-51.1989,-20.68602],[-51.14251,-20.76411],[-51.13441,-20.81625],[-51.14297,-20.85453],[-51.11772,-20.86406],[-51.07116,-20.83089],[-50.8996,-20.90977],[-50.86393,-20.84484],[-50.87295,-20.82681],[-50.82622,-20.76875],[-50.79966,-20.67166],[-50.75261,-20.68138],[-50.74366,-20.72184],[-50.72135,-20.70637],[-50.68574,-20.70783],[-50.67594,-20.73863],[-50.6588,-20.7327],[-50.63853,-20.7461],[-50.63915,-20.76158],[-50.60223,-20.77286],[-50.50579,-20.76053],[-50.45629,-20.77875],[-50.45236,-20.79903],[-50.41794,-20.80054],[-50.41166,-20.81307],[-50.38383,-20.80944],[-50.37069,-20.82912],[-50.37296,-20.85404],[-50.35087,-20.84609],[-50.34397,-20.85519],[-50.33633,-20.84613],[-50.32324,-20.87279],[-50.27572,-20.87282],[-50.26252,-20.90522],[-50.28084,-20.92699],[-50.30017,-21.00077],[-50.32323,-21.00839],[-50.34668,-21.04277],[-50.35819,-21.04355],[-50.34698,-21.06027],[-50.31193,-21.0773],[-50.27321,-21.07443],[-50.27553,-21.09686],[-50.25299,-21.11708],[-50.21848,-21.123],[-50.17636,-21.11428],[-50.14636,-21.14748],[-50.13378,-21.19147],[-50.09098,-21.22033],[-50.02703,-21.21079],[-50.00022,-21.22666],[-49.92112,-21.22594],[-49.91457,-21.23817],[-49.80058,-21.29349],[-49.76868,-21.30627],[-49.74609,-21.29679],[-49.72779,-21.34492],[-49.70791,-21.33455],[-49.69703,-21.34019],[-49.697,-21.36268],[-49.67149,-21.3492],[-49.62842,-21.35443],[-49.58338,-21.37946],[-49.48449,-21.50346],[-49.41172,-21.54443],[-49.37904,-21.53484],[-49.34156,-21.54547],[-49.31149,-21.61718],[-49.27332,-21.65901],[-49.21329,-21.67114],[-49.20112,-21.68226],[-49.18859,-21.7115],[-49.19949,-21.73659],[-49.18498,-21.77119],[-49.19674,-21.79005],[-49.18757,-21.79861],[-49.20361,-21.81033],[-49.22502,-21.8603],[-49.2426,-21.85957],[-49.24563,-21.87514],[-49.26179,-21.88297],[-49.24291,-21.90483],[-49.24966,-21.9223],[-49.2392,-21.95713],[-49.24988,-21.99989],[-49.23888,-22.02044],[-49.25078,-22.03753],[-49.20997,-22.05907],[-49.16077,-22.06561],[-49.20611,-22.10685],[-49.20443,-22.14956],[-49.22717,-22.22207],[-49.24256,-22.22171],[-49.2583,-22.24133],[-49.26328,-22.26757],[-49.28673,-22.26748],[-49.28546,-22.34486],[-49.32419,-22.32082],[-49.4077,-22.31937],[-49.4228,-22.2942],[-49.4409,-22.3031],[-49.43867,-22.27023],[-49.45898,-22.24107],[-49.48894,-22.2348],[-49.51224,-22.18872],[-49.53004,-22.18159],[-49.52759,-22.15188],[-49.56214,-22.14528],[-49.55642,-22.1298],[-49.56938,-22.1394],[-49.58811,-22.12492],[-49.58499,-22.11275],[-49.62272,-22.11267],[-49.6399,-22.06954],[-49.66174,-22.07679],[-49.66613,-22.06174],[-49.74068,-22.02621],[-49.73487,-22.01795],[-49.75527,-22.00887],[-49.73418,-21.94055],[-49.76506,-21.93338],[-49.77022,-21.91572],[-49.80936,-21.89027],[-49.8284,-21.91845],[-49.81495,-21.92778],[-49.82721,-21.94639],[-49.8821,-21.97004],[-49.94469,-21.95388],[-50.01113,-21.92525],[-50.03067,-21.8871],[-50.11239,-21.83622],[-50.16308,-21.77842],[-50.25935,-21.73758],[-50.2733,-21.70928],[-50.29421,-21.71688],[-50.31772,-21.7073],[-50.33514,-21.71726],[-50.34844,-21.7096],[-50.37109,-21.72334],[-50.46132,-21.68749],[-50.46344,-21.70454],[-50.47898,-21.70158],[-50.5032,-21.7158],[-50.51116,-21.7032],[-50.51706,-21.70993],[-50.5518,-21.69795],[-50.59676,-21.67337],[-50.60958,-21.65692],[-50.62057,-21.66097],[-50.62078,-21.64501],[-50.63494,-21.65578]]]}},{"type":"Feature","id":"cep2-17","properties":{"postal_code_id":"cep2-17","postal_codes":["17"],"first_digits":["1"],"states":["SP"]},"geometry":{"type":"Polygon","coordinates":[[[-50.87007,-21.96439],[-50.93782,-21.95127],[-50.96588,-21.92576],[-51.00514,-21.92028],[-51.06707,-21.88294],[-51.11628,-21.88524],[-51.14477,-21.85298],[-51.1664,-21.86104],[-51.18248,-21.83335],[-51.20272,-21.82343],[-51.21054,-21.83331],[-51.22403,-21.82882],[-51.24907,-21.78228],[-51.23208,-21.76759],[-51.22705,-21.73946],[-51.271,-21.74267],[-51.27498,-21.72746],[-51.29028,-21.72298],[-51.34295,-21.77457],[-51.36358,-21.76272],[-51.37307,-21.74103],[-51.45699,-21.74242],[-51.53699,-21.68445],[-51.59845,-21.68301],[-51.66846,-21.63264],[-51.70014,-21.63259],[-51.71402,-21.59598],[-51.74703,-21.59258],[-51.77173,-21.60663],[-51.84276,-21.57839],[-51.8824,-21.58271],[-51.94108,-21.54704],[-51.94926,-21.52538],[-51.96461,-21.5264],[-51.96222,-21.49331],[-51.92868,-21.45582],[-51.91114,-21.39274],[-51.86876,-21.35353],[-51.84937,-21.27619],[-51.87972,-21.19792],[-51.87586,-21.13615],[-51.82359,-21.12684],[-51.78967,-21.10212],[-51.77248,-21.05112],[-51.6995,-21.0882],[-51.69104,-21.14359],[-51.65959,-21.16899],[-51.61552,-21.14206],[-51.60084,-21.14426],[-51.57618,-21.18919],[-51.52339,-21.19956],[-51.49639,-21.22704],[-51.43438,-21.24611],[-51.38455,-21.28437],[-51.34334,-21.2879],[-51.2863,-21.31927],[-51.23778,-21.32681],[-51.17181,-21.38357],[-51.08993,-21.37228],[-51.00481,-21.43834],[-50.97587,-21.43268],[-50.94834,-21.44734],[-50.92415,-21.44188],[-50.90448,-21.48477],[-50.87363,-21.48917],[-50.86813,-21.52631],[-50.81586,-21.53989],[-50.81759,-21.56335],[-50.79714,-21.54161],[-50.79889,-21.55573],[-50.77352,-21.54462],[-50.77981,-21.56778],[-50.76222,-21.56304],[-50.74415,-21.56615],[-50.74245,-21.57796],[-50.70617,-21.57903],[-50.65256,-21.62306],[-50.64736,-21.64995],[-50.63494,-21.65578],[-50.62078,-21.64501],[-50.62057,-21.66097],[-50.59785,-21.66284],[-50.59676,-21.67337],[-50.5518,-21.69795],[-50.51706,-21.70993],[-50.51116,-21.7032],[-50.49647,-21.71539],[-50.49001,-21.70518],[-50.46344,-21.70454],[-50.45412,-21.68824],[-50.37109,-21.72334],[-50.34844,-21.7096],[-50.33514,-21.71726],[-50.31772,-21.7073],[-50.29421,-21.71688],[-50.2733,-21.70928],[-50.25935,-21.73758],[-50.16308,-21.77842],[-50.11239,-21.83622],[-50.03067,-21.8871],[-50.01113,-21.92525],[-49.98053,-21.94263],[-49.8821,-21.97004],[-49.81558,-21.93447],[-49.8284,-21.91845],[-49.80936,-21.89027],[-49.77022,-21.91572],[-49.76506,-21.93338],[-49.73418,-21.94055],[-49.75527,-22.00887],[-49.73487,-22.01795],[-49.74068,-22.02621],[-49.66613,-22.06174],[-49.66174,-22.07679],[-49.6399,-22.06954],[-49.62272,-22.11267],[-49.58499,-22.11275],[-49.58811,-22.12492],[-49.56938,-22.1394],[-49.55642,-22.1298],[-49.56214,-22.14528],[-49.52759,-22.15188],[-49.53004,-22.18159],[-49.51224,-22.18872],[-49.48894,-22.2348],[-49.45898,-22.24107],[-49.43867,-22.27023],[-49.4409,-22.3031],[-49.4228,-22.2942],[-49.4077,-22.31937],[-49.32419,-22.32082],[-49.28546,-22.34486],[-49.28673,-22.26748],[-49.26328,-22.26757],[-49.2583,-22.24133],[-49.24256,-22.22171],[-49.22717,-22.22207],[-49.20443,-22.14956],[-49.20611,-22.10685],[-49.16077,-22.06561],[-49.24968,-22.04406],[-49.25051,-22.0274],[-49.23888,-22.02044],[-49.24988,-21.99989],[-49.2392,-21.95713],[-49.24966,-21.9223],[-49.24291,-21.90483],[-49.26179,-21.88297],[-49.24563,-21.87514],[-49.2426,-21.85957],[-49.22502,-21.8603],[-49.20361,-21.81033],[-49.18757,-21.79861],[-49.19674,-21.79005],[-49.18498,-21.77119],[-49.19949,-21.73659],[-49.18859,-21.7115],[-49.21329,-21.67114],[-49.20626,-21.65452],[-49.18834,-21.64734],[-49.1642,-21.64737],[-49.15078,-21.65978],[-49.15054,-21.68458],[-49.1045,-21.751],[-49.04006,-21.77394],[-48.98014,-21.75896],[-48.963,-21.76444],[-48.96357,-21.78867],[-48.98984,-21.82743],[-48.96481,-21.84984],[-48.90612,-21.86819],[-48.87762,-21.92105],[-48.83061,-21.89042],[-48.77969,-21.89559],[-48.75471,-21.8838],[-48.72669,-21.891],[-48.721,-21.90884],[-48.68398,-21.91708],[-48.6698,-21.94983],[-48.56862,-22.00278],[-48.54429,-22.03454],[-48.49497,-22.01105],[-48.48148,-22.01417],[-48.48737,-22.02711],[-48.47686,-22.04183],[-48.45261,-22.05145],[-48.43593,-22.08405],[-48.40233,-22.1022],[-48.38786,-22.15906],[-48.35548,-22.16681],[-48.31432,-22.19873],[-48.2446,-22.17763],[-48.25595,-22.15464],[-48.21584,-22.15882],[-48.19798,-22.14805],[-48.1347,-22.18323],[-48.10763,-22.18025],[-48.05896,-22.15135],[-48.04372,-22.12887],[-48.04487,-22.07322],[-48.02247,-22.07991],[-47.99311,-22.11601],[-47.94683,-22.11269],[-47.92547,-22.14433],[-47.89993,-22.15758],[-47.90264,-22.1722],[-47.87991,-22.21273],[-47.89797,-22.21799],[-47.92682,-22.30541],[-47.93864,-22.31316],[-47.93424,-22.32772],[-47.94943,-22.32066],[-47.9546,-22.33657],[-47.95404,-22.39814],[-47.92383,-22.40661],[-47.91581,-22.42466],[-47.93483,-22.42443],[-47.98252,-22.45539],[-47.97494,-22.46364],[-47.99662,-22.4788],[-47.99483,-22.49381],[-48.05951,-22.51335],[-48.06355,-22.5506],[-48.05521,-22.5616],[-48.06469,-22.56361],[-48.08063,-22.61935],[-48.07109,-22.64426],[-48.08846,-22.6519],[-48.09635,-22.62342],[-48.15631,-22.63776],[-48.21381,-22.61521],[-48.22724,-22.59396],[-48.24638,-22.61904],[-48.27817,-22.59568],[-48.34212,-22.62241],[-48.41481,-22.55495],[-48.44562,-22.53948],[-48.51554,-22.55015],[-48.52632,-22.57402],[-48.56079,-22.58718],[-48.61655,-22.57435],[-48.62096,-22.5548],[-48.65322,-22.53241],[-48.67761,-22.55583],[-48.76346,-22.55861],[-48.7846,-22.53834],[-48.81652,-22.54153],[-48.81643,-22.49569],[-48.86105,-22.48407],[-48.92461,-22.52698],[-48.9624,-22.52953],[-49.00461,-22.55041],[-49.00588,-22.56319],[-48.99243,-22.56488],[-48.99884,-22.60701],[-49.02703,-22.64212],[-49.04176,-22.63918],[-49.05461,-22.65232],[-49.07619,-22.64581],[-49.10851,-22.67571],[-49.13329,-22.67278],[-49.15317,-22.68525],[-49.17425,-22.73007],[-49.1993,-22.72455],[-49.22753,-22.7601],[-49.24894,-22.74943],[-49.27747,-22.77183],[-49.32502,-22.76426],[-49.36071,-22.78464],[-49.3857,-22.76291],[-49.38313,-22.70851],[-49.37133,-22.70733],[-49.35899,-22.68258],[-49.33703,-22.67728],[-49.36164,-22.65492],[-49.35101,-22.64256],[-49.41895,-22.62121],[-49.42472,-22.60709],[-49.44435,-22.6005],[-49.45481,-22.56715],[-49.48969,-22.54186],[-49.50302,-22.51385],[-49.52359,-22.52215],[-49.5417,-22.56226],[-49.55429,-22.55832],[-49.58539,-22.6039],[-49.60259,-22.66546],[-49.625,-22.64963],[-49.6312,-22.62397],[-49.65982,-22.60791],[-49.68794,-22.60105],[-49.7044,-22.62466],[-49.7365,-22.58838],[-49.748,-22.5401],[-49.772,-22.50065],[-49.81761,-22.52608],[-49.88539,-22.50581],[-49.88785,-22.52547],[-49.90727,-22.54081],[-49.92631,-22.54081],[-49.96256,-22.52447],[-49.98185,-22.5303],[-49.99991,-22.4969],[-50.02678,-22.5113],[-50.04104,-22.4979],[-50.06073,-22.4989],[-50.10719,-22.41546],[-50.12935,-22.41695],[-50.11752,-22.37793],[-50.09838,-22.3643],[-50.13852,-22.33718],[-50.14367,-22.32562],[-50.13209,-22.31785],[-50.12603,-22.28689],[-50.14634,-22.27418],[-50.153,-22.25301],[-50.17342,-22.25538],[-50.17263,-22.24614],[-50.18603,-22.25084],[-50.21781,-22.23413],[-50.22392,-22.24257],[-50.25479,-22.21348],[-50.3188,-22.20696],[-50.34589,-22.1885],[-50.36123,-22.1951],[-50.36655,-22.18571],[-50.39439,-22.1874],[-50.42665,-22.16554],[-50.45173,-22.17314],[-50.51074,-22.13615],[-50.52112,-22.11102],[-50.56177,-22.07812],[-50.59483,-22.07338],[-50.66886,-22.02835],[-50.80571,-21.99661],[-50.87007,-21.96439]]]}},{"type":"Feature","id":"cep2-18","properties":{"postal_code_id":"cep2-18","postal_codes":["18"],"first_digits":["1"],"states":["SP"]},"geometry":{"type":"Polygon","coordinates":[[[-49.20792,-24.70091],[-49.27813,-24.69302],[-49.3054,-24.67365],[-49.31202,-24.66353],[-49.29963,-24.65496],[-49.31371,-24.64206],[-49.31462,-24.61426],[-49.3036,-24.59695],[-49.31768,-24.56664],[-49.30557,-24.54639],[-49.29333,-24.55304],[-49.27991,-24.53593],[-49.29567,-24.50031],[-49.26957,-24.49231],[-49.26385,-24.47443],[-49.24692,-24.4691],[-49.25243,-24.43393],[-49.23546,-24.41104],[-49.24372,-24.40218],[-49.25023,-24.41386],[-49.24768,-24.39272],[-49.20068,-24.34441],[-49.28112,-24.30966],[-49.30537,-24.25143],[-49.35576,-24.20907],[-49.34282,-24.20428],[-49.33657,-24.13758],[-49.43001,-24.08854],[-49.42979,-24.06871],[-49.45754,-24.04949],[-49.46344,-24.02744],[-49.48715,-24.0246],[-49.49368,-23.9776],[-49.51673,-23.96971],[-49.50004,-23.95798],[-49.50392,-23.94717],[-49.5211,-23.9461],[-49.52447,-23.93515],[-49.5094,-23.93638],[-49.5116,-23.9259],[-49.52234,-23.91656],[-49.53651,-23.92777],[-49.55701,-23.92126],[-49.57753,-23.89598],[-49.5736,-23.87795],[-49.58704,-23.88888],[-49.60997,-23.8492],[-49.59588,-23.84842],[-49.60804,-23.83938],[-49.5896,-23.8418],[-49.59032,-23.82798],[-49.57268,-23.82705],[-49.56007,-23.81193],[-49.5605,-23.76131],[-49.57346,-23.75604],[-49.56148,-23.73166],[-49.55132,-23.73873],[-49.5492,-23.70402],[-49.57988,-23.67833],[-49.58531,-23.65888],[-49.61608,-23.64055],[-49.6077,-23.62338],[-49.62096,-23.61111],[-49.61891,-23.59433],[-49.60285,-23.58397],[-49.60021,-23.53562],[-49.62937,-23.51183],[-49.6137,-23.51013],[-49.62138,-23.49333],[-49.61557,-23.4735],[-49.60329,-23.47842],[-49.60326,-23.45252],[-49.58878,-23.43578],[-49.56993,-23.44199],[-49.56915,-23.42546],[-49.58179,-23.42895],[-49.5796,-23.41507],[-49.60252,-23.40847],[-49.60715,-23.39338],[-49.62101,-23.39742],[-49.62061,-23.38872],[-49.59247,-23.38957],[-49.59099,-23.38135],[-49.61181,-23.35465],[-49.63758,-23.35034],[-49.62169,-23.33189],[-49.62715,-23.28177],[-49.6471,-23.25171],[-49.65375,-23.21204],[-49.68327,-23.17361],[-49.67832,-23.16506],[-49.69849,-23.16431],[-49.72813,-23.14309],[-49.73491,-23.13289],[-49.72555,-23.10944],[-49.74024,-23.09917],[-49.78918,-23.10335],[-49.83366,-23.06594],[-49.83717,-23.046],[-49.79318,-22.9673],[-49.77343,-22.97733],[-49.76345,-22.96994],[-49.76273,-22.8899],[-49.81442,-22.85499],[-49.88438,-22.83822],[-49.88588,-22.81446],[-49.83671,-22.7632],[-49.84742,-22.727],[-49.87051,-22.70044],[-49.89157,-22.69933],[-49.90219,-22.66661],[-49.88819,-22.64226],[-49.88539,-22.50581],[-49.81761,-22.52608],[-49.772,-22.50065],[-49.748,-22.5401],[-49.7365,-22.58838],[-49.7044,-22.62466],[-49.68794,-22.60105],[-49.65982,-22.60791],[-49.6312,-22.62397],[-49.625,-22.64963],[-49.60259,-22.66546],[-49.58539,-22.6039],[-49.55429,-22.55832],[-49.5417,-22.56226],[-49.52359,-22.52215],[-49.50302,-22.51385],[-49.48969,-22.54186],[-49.45481,-22.56715],[-49.44435,-22.6005],[-49.42472,-22.60709],[-49.41895,-22.62121],[-49.35101,-22.64256],[-49.36164,-22.65492],[-49.33703,-22.67728],[-49.35899,-22.68258],[-49.37133,-22.70733],[-49.38313,-22.70851],[-49.3857,-22.76291],[-49.36071,-22.78464],[-49.32502,-22.76426],[-49.27747,-22.77183],[-49.24894,-22.74943],[-49.22753,-22.7601],[-49.1993,-22.72455],[-49.17425,-22.73007],[-49.15317,-22.68525],[-49.13329,-22.67278],[-49.10851,-22.67571],[-49.07619,-22.64581],[-49.05461,-22.65232],[-49.04176,-22.63918],[-49.02703,-22.64212],[-48.99884,-22.60701],[-48.99243,-22.56488],[-49.00588,-22.56319],[-49.00461,-22.55041],[-48.9624,-22.52953],[-48.92461,-22.52698],[-48.86105,-22.48407],[-48.81643,-22.49569],[-48.81652,-22.54153],[-48.7846,-22.53834],[-48.76346,-22.55861],[-48.67761,-22.55583],[-48.65322,-22.53241],[-48.62096,-22.5548],[-48.61655,-22.57435],[-48.56079,-22.58718],[-48.52632,-22.57402],[-48.51554,-22.55015],[-48.44562,-22.53948],[-48.41481,-22.55495],[-48.34212,-22.62241],[-48.27817,-22.59568],[-48.24638,-22.61904],[-48.22724,-22.59396],[-48.21381,-22.61521],[-48.15631,-22.63776],[-48.09635,-22.62342],[-48.08846,-22.6519],[-48.09858,-22.68837],[-48.08388,-22.72393],[-48.07171,-22.73635],[-48.03154,-22.71925],[-48.01493,-22.73336],[-48.032,-22.82574],[-48.04753,-22.83189],[-48.03992,-22.84689],[-48.00309,-22.86576],[-48.01113,-22.89448],[-47.99264,-22.8955],[-47.98649,-22.86879],[-47.96865,-22.89966],[-47.86682,-22.8607],[-47.85785,-22.86695],[-47.86877,-22.89901],[-47.84476,-22.90164],[-47.80614,-22.87696],[-47.7631,-22.90266],[-47.74598,-22.93247],[-47.72291,-22.93285],[-47.71278,-22.91187],[-47.70119,-22.91866],[-47.66027,-22.99728],[-47.65207,-23.0432],[-47.62907,-23.04367],[-47.62642,-23.07597],[-47.61312,-23.06883],[-47.59275,-23.07788],[-47.60869,-23.09926],[-47.58139,-23.10373],[-47.5623,-23.09096],[-47.52922,-23.10052],[-47.50861,-23.09163],[-47.47865,-23.12499],[-47.46486,-23.12678],[-47.4653,-23.10989],[-47.42821,-23.10109],[-47.41187,-23.11945],[-47.42391,-23.18676],[-47.43915,-23.19262],[-47.42252,-23.22218],[-47.43378,-23.24084],[-47.40413,-23.29866],[-47.42521,-23.31731],[-47.41817,-23.35773],[-47.40569,-23.35476],[-47.38492,-23.3932],[-47.35256,-23.39402],[-47.36859,-23.40219],[-47.34055,-23.43665],[-47.32639,-23.43992],[-47.29839,-23.41734],[-47.28437,-23.4318],[-47.24224,-23.41827],[-47.13837,-23.41153],[-47.14226,-23.3931],[-47.12157,-23.37599],[-47.12162,-23.40353],[-47.08292,-23.40095],[-47.08174,-23.38132],[-47.10163,-23.38613],[-47.09185,-23.35554],[-47.04291,-23.35226],[-47.0306,-23.37175],[-47.04267,-23.38757],[-47.0376,-23.43553],[-47.01161,-23.44577],[-47.01314,-23.48487],[-46.99162,-23.52935],[-47.01316,-23.53635],[-47.00673,-23.55494],[-47.03018,-23.56874],[-47.02471,-23.57622],[-47.04253,-23.61206],[-47.08474,-23.66698],[-47.06216,-23.68247],[-47.06226,-23.70896],[-47.04414,-23.73679],[-47.03439,-23.73558],[-47.01932,-23.78851],[-46.98647,-23.80841],[-47.01512,-23.81449],[-47.01456,-23.8353],[-47.02879,-23.84619],[-47.03775,-23.83545],[-47.04961,-23.84358],[-47.11687,-23.84328],[-47.15917,-23.93458],[-47.19212,-23.92868],[-47.18899,-23.93959],[-47.20011,-23.93874],[-47.19555,-23.95819],[-47.20838,-23.96452],[-47.18873,-23.99044],[-47.21837,-24.01227],[-47.24402,-24.02181],[-47.25737,-24.02138],[-47.25371,-24.00703],[-47.27233,-24.01759],[-47.28466,-24.00663],[-47.34263,-24.01386],[-47.38822,-24.0541],[-47.42524,-24.06833],[-47.45271,-24.05186],[-47.47733,-24.08132],[-47.49885,-24.05291],[-47.56277,-24.03956],[-47.56996,-24.0774],[-47.59625,-24.08408],[-47.62482,-24.11311],[-47.63601,-24.10047],[-47.61375,-24.04468],[-47.66099,-24.04039],[-47.72389,-24.07982],[-47.7341,-24.1055],[-47.72203,-24.11303],[-47.77273,-24.13445],[-47.85617,-24.12279],[-47.86778,-24.07682],[-47.89483,-24.07931],[-47.91691,-24.10046],[-47.93769,-24.09929],[-47.95313,-24.11983],[-47.98116,-24.11349],[-48.00875,-24.1354],[-48.01602,-24.12861],[-48.04935,-24.13762],[-48.05751,-24.17621],[-48.07597,-24.19054],[-48.09488,-24.20133],[-48.13952,-24.19438],[-48.14433,-24.22223],[-48.17111,-24.24504],[-48.20494,-24.26329],[-48.25241,-24.25761],[-48.28357,-24.28603],[-48.27503,-24.2964],[-48.32911,-24.31222],[-48.32474,-24.29277],[-48.35996,-24.28238],[-48.38313,-24.30417],[-48.35778,-24.30742],[-48.35096,-24.33709],[-48.36285,-24.34772],[-48.36836,-24.3903],[-48.39956,-24.42611],[-48.38024,-24.43332],[-48.36253,-24.42096],[-48.34724,-24.44084],[-48.35152,-24.45919],[-48.39331,-24.48196],[-48.38211,-24.50392],[-48.43424,-24.54322],[-48.39083,-24.57082],[-48.44747,-24.59929],[-48.45934,-24.65598],[-48.48472,-24.67938],[-48.50588,-24.66799],[-48.52906,-24.68784],[-48.53814,-24.7262],[-48.5692,-24.70081],[-48.58075,-24.67157],[-48.58653,-24.67858],[-48.61536,-24.6684],[-48.63781,-24.67767],[-48.65935,-24.70598],[-48.67501,-24.70179],[-48.67872,-24.67089],[-48.68967,-24.66787],[-48.68989,-24.69385],[-48.70114,-24.68038],[-48.75575,-24.69279],[-48.75887,-24.68028],[-48.77865,-24.69673],[-48.82284,-24.6553],[-48.8404,-24.66498],[-48.8585,-24.6577],[-48.85387,-24.67515],[-48.86539,-24.66733],[-48.90993,-24.67072],[-48.91526,-24.68291],[-48.94809,-24.67372],[-48.96103,-24.68451],[-48.99093,-24.65524],[-49.00804,-24.66049],[-49.00468,-24.63324],[-49.01504,-24.64188],[-49.04003,-24.63685],[-49.0374,-24.66042],[-49.05421,-24.68238],[-49.08441,-24.67298],[-49.09709,-24.68187],[-49.10894,-24.67655],[-49.11159,-24.68835],[-49.13482,-24.67556],[-49.18565,-24.67275],[-49.20792,-24.70091]]]}},{"type":"Feature","id":"cep2-19","properties":{"postal_code_id":"cep2-19","postal_codes":["19"],"first_digits":["1"],"states":["SP"]},"geometry":{"type":"Polygon","coordinates":[[[-51.44641,-22.65295],[-51.4989,-22.69053],[-51.55957,-22.69718],[-51.62788,-22.65824],[-51.71817,-22.66902],[-51.73304,-22.62861],[-51.75162,-22.61808],[-51.86556,-22.63117],[-51.94051,-22.56734],[-52.10921,-22.5163],[-52.1276,-22.51992],[-52.14876,-22.54925],[-52.16097,-22.58945],[-52.15668,-22.64472],[-52.22258,-22.67554],[-52.2281,-22.64252],[-52.25041,-22.61543],[-52.31314,-22.63651],[-52.43763,-22.60685],[-52.50663,-22.63346],[-52.54538,-22.61174],[-52.58934,-22.5661],[-52.69711,-22.62701],[-52.81544,-22.59704],[-52.85836,-22.608],[-52.92474,-22.56562],[-52.98486,-22.57635],[-53.08779,-22.65844],[-53.11011,-22.61022],[-53.07381,-22.54886],[-53.01436,-22.52067],[-52.99858,-22.49318],[-52.85476,-22.43911],[-52.79833,-22.37827],[-52.74583,-22.34331],[-52.6458,-22.29828],[-52.57102,-22.24843],[-52.48771,-22.21721],[-52.40819,-22.14164],[-52.33919,-22.04783],[-52.30148,-21.94217],[-52.18935,-21.84432],[-52.16126,-21.77077],[-52.10379,-21.74605],[-52.05583,-21.67716],[-52.04952,-21.64309],[-52.06888,-21.59811],[-52.10216,-21.56981],[-52.07779,-21.51522],[-52.05707,-21.50361],[-52.00037,-21.51663],[-51.96222,-21.49331],[-51.96461,-21.5264],[-51.94926,-21.52538],[-51.94108,-21.54704],[-51.8824,-21.58271],[-51.84276,-21.57839],[-51.77173,-21.60663],[-51.74703,-21.59258],[-51.71402,-21.59598],[-51.70014,-21.63259],[-51.66846,-21.63264],[-51.59845,-21.68301],[-51.53699,-21.68445],[-51.45699,-21.74242],[-51.41539,-21.74795],[-51.38216,-21.73808],[-51.34295,-21.77457],[-51.29028,-21.72298],[-51.27498,-21.72746],[-51.271,-21.74267],[-51.22705,-21.73946],[-51.23208,-21.76759],[-51.24907,-21.78228],[-51.22403,-21.82882],[-51.21054,-21.83331],[-51.20272,-21.82343],[-51.18248,-21.83335],[-51.1664,-21.86104],[-51.14477,-21.85298],[-51.11628,-21.88524],[-51.06707,-21.88294],[-51.00514,-21.92028],[-50.96588,-21.92576],[-50.93782,-21.95127],[-50.87007,-21.96439],[-50.80571,-21.99661],[-50.66886,-22.02835],[-50.59483,-22.07338],[-50.54705,-22.08729],[-50.55058,-22.09489],[-50.52112,-22.11102],[-50.51074,-22.13615],[-50.45173,-22.17314],[-50.42665,-22.16554],[-50.39439,-22.1874],[-50.36655,-22.18571],[-50.36123,-22.1951],[-50.34589,-22.1885],[-50.3188,-22.20696],[-50.25479,-22.21348],[-50.22392,-22.24257],[-50.21781,-22.23413],[-50.18603,-22.25084],[-50.17263,-22.24614],[-50.17342,-22.25538],[-50.153,-22.25301],[-50.14634,-22.27418],[-50.12603,-22.28689],[-50.13209,-22.31785],[-50.14367,-22.32562],[-50.13852,-22.33718],[-50.09838,-22.3643],[-50.11752,-22.37793],[-50.12935,-22.41695],[-50.10719,-22.41546],[-50.06924,-22.49299],[-50.02678,-22.5113],[-49.99991,-22.4969],[-49.98185,-22.5303],[-49.96256,-22.52447],[-49.92631,-22.54081],[-49.90727,-22.54081],[-49.88785,-22.52547],[-49.88819,-22.64226],[-49.90219,-22.66661],[-49.89157,-22.69933],[-49.87051,-22.70044],[-49.84742,-22.727],[-49.83671,-22.7632],[-49.88588,-22.81446],[-49.88438,-22.83822],[-49.81442,-22.85499],[-49.76273,-22.8899],[-49.76345,-22.96994],[-49.77343,-22.97733],[-49.79318,-22.9673],[-49.83717,-23.046],[-49.83366,-23.06594],[-49.85058,-23.07326],[-49.9116,-23.05112],[-49.91627,-23.03642],[-49.89959,-23.00201],[-49.9545,-22.97842],[-49.97253,-22.95854],[-49.96138,-22.93086],[-49.98616,-22.8975],[-49.99845,-22.90355],[-49.99487,-22.92972],[-50.0438,-22.90262],[-50.07155,-22.92812],[-50.09283,-22.9225],[-50.11541,-22.93979],[-50.15299,-22.93562],[-50.18508,-22.954],[-50.24325,-22.95098],[-50.24761,-22.9378],[-50.27557,-22.9316],[-50.32331,-22.95127],[-50.34019,-22.94807],[-50.35925,-22.91606],[-50.37907,-22.90541],[-50.41895,-22.91393],[-50.42571,-22.94419],[-50.48274,-22.93693],[-50.51102,-22.94464],[-50.54049,-22.91213],[-50.57724,-22.90401],[-50.61272,-22.92255],[-50.66355,-22.89567],[-50.68208,-22.9062],[-50.71308,-22.95599],[-50.73637,-22.96335],[-50.75866,-22.94765],[-50.79593,-22.95118],[-50.80615,-22.9403],[-50.79295,-22.89435],[-50.81701,-22.87954],[-50.84239,-22.8314],[-50.89533,-22.7943],[-50.94459,-22.80466],[-50.96162,-22.78623],[-51.00438,-22.79371],[-51.05761,-22.76606],[-51.14958,-22.75505],[-51.22834,-22.71602],[-51.2652,-22.6677],[-51.31184,-22.67354],[-51.37365,-22.65813],[-51.40202,-22.66791],[-51.44641,-22.65295]]]}},{"type":"Feature","id":"cep2-20-21-22-23","properties":{"postal_code_id":"cep2-20-21-22-23","postal_codes":["20","21","22","23"],"first_digits":["2"],"states":["RJ"]},"geometry":{"type":"MultiPolygon","coordinates":[[[[-43.56876,-23.08156],[-43.56918,-23.08151],[-43.56909,-23.08129],[-43.56876,-23.08156]]],[[[-43.56355,-23.08216],[-43.56138,-23.07874],[-43.55917,-23.08074],[-43.56355,-23.08216]]],[[[-43.57363,-23.07349],[-43.57435,-23.07288],[-43.57302,-23.07285],[-43.57363,-23.07349]]],[[[-43.51441,-23.06538],[-43.51108,-23.0624],[-43.5079,-23.06485],[-43.51441,-23.06538]]],[[[-43.51215,-23.06131],[-43.51232,-23.06063],[-43.5112,-23.0602],[-43.51215,-23.06131]]],[[[-43.56751,-23.06001],[-43.56766,-23.05991],[-43.56757,-23.05968],[-43.56751,-23.06001]]],[[[-43.56721,-23.0596],[-43.56736,-23.05813],[-43.56599,-23.05823],[-43.56721,-23.0596]]],[[[-43.56597,-23.05904],[-43.56654,-23.05891],[-43.56622,-23.0586],[-43.56597,-23.05904]]],[[[-43.56571,-23.05876],[-43.56582,-23.05882],[-43.56579,-23.05869],[-43.56571,-23.05876]]],[[[-43.56398,-23.05878],[-43.56344,-23.05731],[-43.56294,-23.0581],[-43.56398,-23.05878]]],[[[-43.56579,-23.05721],[-43.56555,-23.05542],[-43.56488,-23.05652],[-43.56579,-23.05721]]],[[[-43.56328,-23.05484],[-43.56521,-23.05332],[-43.5634,-23.054],[-43.56328,-23.05484]]],[[[-43.50937,-23.05416],[-43.50906,-23.05269],[-43.50774,-23.05334],[-43.50937,-23.05416]]],[[[-43.56946,-23.05106],[-43.56474,-23.05152],[-43.56629,-23.05254],[-43.56946,-23.05106]]],[[[-43.56941,-23.0509],[-43.5694,-23.05071],[-43.56906,-23.05074],[-43.56941,-23.0509]]],[[[-43.56998,-23.04964],[-43.56927,-23.05049],[-43.57078,-23.04978],[-43.56998,-23.04964]]],[[[-43.56646,-23.05485],[-43.63675,-23.05055],[-43.6678,-23.05306],[-43.66664,-23.04258],[-43.61401,-23.03098],[-43.60398,-23.03871],[-43.56646,-23.05485]]],[[[-43.58409,-23.04504],[-43.58461,-23.04411],[-43.58287,-23.04519],[-43.58409,-23.04504]]],[[[-43.58563,-23.04477],[-43.58839,-23.04265],[-43.58625,-23.04321],[-43.58563,-23.04477]]],[[[-43.58861,-23.04266],[-43.59417,-23.04207],[-43.59166,-23.04133],[-43.58861,-23.04266]]],[[[-43.57921,-23.04448],[-43.58064,-23.03906],[-43.57777,-23.04287],[-43.57921,-23.04448]]],[[[-43.59334,-23.04142],[-43.59337,-23.04116],[-43.59273,-23.04122],[-43.59334,-23.04142]]],[[[-43.47092,-23.03777],[-43.47066,-23.03383],[-43.46753,-23.03713],[-43.47092,-23.03777]]],[[[-43.60228,-23.03904],[-43.6023,-23.02888],[-43.58085,-23.04037],[-43.60228,-23.03904]]],[[[-43.60498,-23.03314],[-43.61164,-23.03019],[-43.60454,-23.0307],[-43.60498,-23.03314]]],[[[-43.60265,-23.02891],[-43.60457,-23.02739],[-43.60027,-23.02749],[-43.60265,-23.02891]]],[[[-43.65303,-23.00341],[-43.65277,-23.00296],[-43.65241,-23.00313],[-43.65303,-23.00341]]],[[[-43.65037,-23.0026],[-43.65079,-23.0026],[-43.65032,-23.00222],[-43.65037,-23.0026]]],[[[-43.66099,-22.99987],[-43.66059,-22.99947],[-43.66039,-22.99967],[-43.66099,-22.99987]]],[[[-43.6607,-22.99857],[-43.65976,-22.99824],[-43.66073,-22.99895],[-43.6607,-22.99857]]],[[[-43.69526,-22.98636],[-43.69624,-22.9867],[-43.69588,-22.98624],[-43.69526,-22.98636]]],[[[-43.70572,-22.98668],[-43.70645,-22.98618],[-43.70354,-22.98519],[-43.70572,-22.98668]]],[[[-43.71076,-22.86679],[-43.64413,-22.85573],[-43.59294,-22.8605],[-43.58847,-22.83869],[-43.49006,-22.81551],[-43.45813,-22.84904],[-43.36548,-22.80407],[-43.30413,-22.80082],[-43.27283,-22.80983],[-43.26689,-22.82348],[-43.24501,-22.84063],[-43.23244,-22.86921],[-43.22567,-22.87414],[-43.20139,-22.87146],[-43.21606,-22.88668],[-43.21084,-22.89761],[-43.19617,-22.89213],[-43.16154,-22.90528],[-43.1801,-22.94849],[-43.15021,-22.9507],[-43.19252,-22.98933],[-43.22695,-22.9887],[-43.24565,-23.00104],[-43.27473,-23.00228],[-43.2855,-23.015],[-43.3576,-23.01112],[-43.45439,-23.02515],[-43.53219,-23.04971],[-43.56301,-23.07564],[-43.56237,-23.05316],[-43.59956,-23.02288],[-43.62778,-23.0066],[-43.64768,-23.00095],[-43.6532,-23.00278],[-43.67428,-22.98031],[-43.68967,-22.9918],[-43.70657,-22.97493],[-43.74525,-22.9465],[-43.79603,-22.91707],[-43.7951,-22.90381],[-43.71076,-22.86679]]],[[[-43.78689,-22.92643],[-43.78329,-22.92572],[-43.78587,-22.92891],[-43.78689,-22.92643]]],[[[-43.19889,-23.07477],[-43.20048,-23.07366],[-43.19843,-23.07355],[-43.19889,-23.07477]]],[[[-43.1991,-23.07147],[-43.19374,-23.0672],[-43.19278,-23.0741],[-43.1991,-23.07147]]],[[[-43.31025,-23.04733],[-43.31079,-23.04665],[-43.31007,-23.04668],[-43.31025,-23.04733]]],[[[-43.31003,-23.04448],[-43.31047,-23.0444],[-43.31023,-23.04407],[-43.31003,-23.04448]]],[[[-43.20601,-23.04021],[-43.20736,-23.03783],[-43.20058,-23.03656],[-43.20601,-23.04021]]],[[[-43.30794,-23.03871],[-43.30419,-23.03658],[-43.30235,-23.03792],[-43.30794,-23.03871]]],[[[-43.31646,-23.0376],[-43.31661,-23.03718],[-43.31582,-23.03737],[-43.31646,-23.0376]]],[[[-43.30477,-23.03412],[-43.30499,-23.03408],[-43.30489,-23.03385],[-43.30477,-23.03412]]],[[[-43.30554,-23.03373],[-43.30576,-23.03327],[-43.30533,-23.03325],[-43.30554,-23.03373]]],[[[-43.1952,-23.03375],[-43.19625,-23.03395],[-43.19492,-23.03248],[-43.1952,-23.03375]]],[[[-43.29931,-23.03425],[-43.30093,-23.03151],[-43.29848,-23.03125],[-43.29931,-23.03425]]],[[[-43.19275,-23.03167],[-43.19375,-23.0317],[-43.19297,-23.03117],[-43.19275,-23.03167]]],[[[-43.19258,-23.03021],[-43.19266,-23.0293],[-43.19112,-23.02955],[-43.19258,-23.03021]]],[[[-43.27522,-23.03015],[-43.27843,-23.03018],[-43.27592,-23.02882],[-43.27522,-23.03015]]],[[[-43.20202,-23.02744],[-43.2063,-23.02577],[-43.20078,-23.02608],[-43.20202,-23.02744]]],[[[-43.1919,-23.02533],[-43.19006,-23.02702],[-43.19502,-23.0275],[-43.1919,-23.02533]]],[[[-43.1838,-23.02173],[-43.1828,-23.02139],[-43.18274,-23.02277],[-43.1838,-23.02173]]],[[[-43.17496,-22.89752],[-43.17472,-22.89315],[-43.16737,-22.8956],[-43.17496,-22.89752]]],[[[-43.20866,-22.88951],[-43.21092,-22.88683],[-43.20837,-22.8864],[-43.20866,-22.88951]]],[[[-43.19562,-22.88747],[-43.19782,-22.88777],[-43.19634,-22.88711],[-43.19562,-22.88747]]],[[[-43.17366,-22.88416],[-43.17691,-22.88405],[-43.17502,-22.88268],[-43.17366,-22.88416]]],[[[-43.23172,-22.86643],[-43.24097,-22.84669],[-43.24234,-22.83696],[-43.22375,-22.83928],[-43.23052,-22.85163],[-43.21567,-22.87053],[-43.23172,-22.86643]]],[[[-43.17453,-22.83898],[-43.1745,-22.83684],[-43.17296,-22.83868],[-43.17453,-22.83898]]],[[[-43.18475,-22.83357],[-43.18475,-22.83355],[-43.18471,-22.83358],[-43.18475,-22.83357]]],[[[-43.25781,-22.82655],[-43.25992,-22.82509],[-43.25756,-22.82487],[-43.25781,-22.82655]]],[[[-43.25453,-22.82551],[-43.25428,-22.82552],[-43.25426,-22.82576],[-43.25453,-22.82551]]],[[[-43.25466,-22.82532],[-43.25555,-22.82453],[-43.25495,-22.82424],[-43.25466,-22.82532]]],[[[-43.26587,-22.81161],[-43.2285,-22.78363],[-43.18864,-22.79484],[-43.18923,-22.78313],[-43.15747,-22.77858],[-43.1784,-22.80266],[-43.17455,-22.82016],[-43.16506,-22.8203],[-43.17017,-22.83122],[-43.18475,-22.83355],[-43.19093,-22.82045],[-43.2084,-22.81623],[-43.2392,-22.83381],[-43.26587,-22.81161]]],[[[-43.16937,-22.76776],[-43.16921,-22.76754],[-43.16916,-22.76772],[-43.16937,-22.76776]]],[[[-43.16906,-22.76757],[-43.16915,-22.76716],[-43.16888,-22.76723],[-43.16906,-22.76757]]],[[[-43.16917,-22.76702],[-43.16909,-22.76701],[-43.16911,-22.76704],[-43.16917,-22.76702]]],[[[-43.16923,-22.76698],[-43.16918,-22.76695],[-43.16918,-22.76699],[-43.16923,-22.76698]]],[[[-43.16919,-22.76677],[-43.16911,-22.76684],[-43.16917,-22.7669],[-43.16919,-22.76677]]],[[[-43.16917,-22.76662],[-43.16909,-22.76662],[-43.16909,-22.76671],[-43.16917,-22.76662]]],[[[-43.16055,-22.91655],[-43.16063,-22.91295],[-43.15781,-22.91263],[-43.16055,-22.91655]]],[[[-43.16684,-22.89734],[-43.16696,-22.89686],[-43.16585,-22.89702],[-43.16684,-22.89734]]],[[[-43.16717,-22.82933],[-43.1676,-22.82924],[-43.16719,-22.82913],[-43.16717,-22.82933]]],[[[-43.16314,-22.82006],[-43.16282,-22.81943],[-43.16256,-22.81998],[-43.16314,-22.82006]]],[[[-43.16188,-22.81512],[-43.16469,-22.81186],[-43.16189,-22.81127],[-43.16188,-22.81512]]],[[[-43.16844,-22.80015],[-43.16944,-22.80045],[-43.1688,-22.79975],[-43.16844,-22.80015]]],[[[-43.15732,-22.80016],[-43.15784,-22.80023],[-43.15772,-22.79986],[-43.15732,-22.80016]]],[[[-43.15579,-22.79473],[-43.15582,-22.79462],[-43.15575,-22.79469],[-43.15579,-22.79473]]],[[[-43.15544,-22.79463],[-43.15554,-22.79462],[-43.15547,-22.79459],[-43.15544,-22.79463]]],[[[-43.15592,-22.7945],[-43.15602,-22.7944],[-43.15587,-22.79438],[-43.15592,-22.7945]]],[[[-43.15581,-22.79403],[-43.1558,-22.79404],[-43.15581,-22.79405],[-43.15581,-22.79403]]],[[[-43.15573,-22.79339],[-43.15498,-22.79412],[-43.1558,-22.79404],[-43.15573,-22.79339]]],[[[-43.15575,-22.79209],[-43.15576,-22.79205],[-43.1557,-22.79208],[-43.15575,-22.79209]]],[[[-43.1555,-22.79208],[-43.15551,-22.79199],[-43.15541,-22.79204],[-43.1555,-22.79208]]],[[[-43.15557,-22.79196],[-43.15556,-22.79192],[-43.15551,-22.79196],[-43.15557,-22.79196]]],[[[-43.15564,-22.7919],[-43.15571,-22.79194],[-43.1557,-22.79188],[-43.15564,-22.7919]]],[[[-43.15564,-22.7919],[-43.15562,-22.79191],[-43.15563,-22.79192],[-43.15564,-22.7919]]],[[[-43.15551,-22.7919],[-43.15554,-22.79189],[-43.15552,-22.79189],[-43.15551,-22.7919]]],[[[-43.15554,-22.79184],[-43.15554,-22.79189],[-43.15563,-22.79188],[-43.15554,-22.79184]]],[[[-43.15578,-22.79185],[-43.15582,-22.79183],[-43.15577,-22.79182],[-43.15578,-22.79185]]],[[[-43.15549,-22.79184],[-43.15552,-22.79183],[-43.15552,-22.79182],[-43.15549,-22.79184]]],[[[-43.15572,-22.79178],[-43.15573,-22.7917],[-43.15567,-22.7917],[-43.15572,-22.79178]]],[[[-43.15996,-22.77017],[-43.16067,-22.77482],[-43.16001,-22.77018],[-43.15996,-22.77017]]],[[[-43.16902,-22.76879],[-43.169,-22.76869],[-43.16894,-22.76873],[-43.16902,-22.76879]]],[[[-43.16748,-22.7686],[-43.1685,-22.76871],[-43.1677,-22.7679],[-43.16748,-22.7686]]],[[[-43.16863,-22.76816],[-43.16872,-22.76809],[-43.16858,-22.76801],[-43.16863,-22.76816]]],[[[-43.16849,-22.76791],[-43.16862,-22.76781],[-43.16836,-22.7678],[-43.16849,-22.76791]]],[[[-43.16827,-22.76775],[-43.16831,-22.76756],[-43.16825,-22.7676],[-43.16827,-22.76775]]],[[[-43.16804,-22.7677],[-43.16802,-22.7674],[-43.16776,-22.76768],[-43.16804,-22.7677]]],[[[-43.16889,-22.76753],[-43.16874,-22.76739],[-43.16863,-22.76753],[-43.16889,-22.76753]]],[[[-43.16867,-22.7674],[-43.16856,-22.76734],[-43.16855,-22.7675],[-43.16867,-22.7674]]],[[[-43.16826,-22.76726],[-43.16837,-22.7672],[-43.16827,-22.76719],[-43.16826,-22.76726]]],[[[-43.16892,-22.76696],[-43.16887,-22.76707],[-43.16895,-22.76708],[-43.16892,-22.76696]]],[[[-43.16872,-22.76672],[-43.16866,-22.76675],[-43.16875,-22.76679],[-43.16872,-22.76672]]],[[[-43.14782,-23.06494],[-43.14884,-23.0595],[-43.14233,-23.06589],[-43.14782,-23.06494]]],[[[-43.14919,-22.96594],[-43.15106,-22.96435],[-43.14734,-22.96171],[-43.14919,-22.96594]]],[[[-43.14847,-22.93549],[-43.14792,-22.93506],[-43.1479,-22.93524],[-43.14847,-22.93549]]],[[[-43.14656,-22.93484],[-43.1473,-22.93447],[-43.14621,-22.93419],[-43.14656,-22.93484]]],[[[-43.12329,-22.80705],[-43.12426,-22.80598],[-43.12256,-22.80445],[-43.12329,-22.80705]]],[[[-43.11786,-22.80443],[-43.11921,-22.80281],[-43.11696,-22.80259],[-43.11786,-22.80443]]],[[[-43.10813,-22.80084],[-43.11197,-22.80319],[-43.10921,-22.80001],[-43.10813,-22.80084]]],[[[-43.12373,-22.7993],[-43.12331,-22.79782],[-43.12272,-22.79901],[-43.12373,-22.7993]]],[[[-43.11344,-22.79731],[-43.11168,-22.7957],[-43.11127,-22.79662],[-43.11344,-22.79731]]],[[[-43.1213,-22.79668],[-43.12275,-22.79636],[-43.1212,-22.7957],[-43.1213,-22.79668]]],[[[-43.1549,-22.79421],[-43.15494,-22.79417],[-43.15488,-22.79418],[-43.1549,-22.79421]]],[[[-43.15491,-22.79413],[-43.15494,-22.79417],[-43.15498,-22.79412],[-43.15491,-22.79413]]],[[[-43.15488,-22.79412],[-43.15491,-22.79413],[-43.1549,-22.79412],[-43.15488,-22.79412]]],[[[-43.15483,-22.79412],[-43.15486,-22.79412],[-43.15481,-22.7941],[-43.15483,-22.79412]]],[[[-43.15537,-22.79175],[-43.15541,-22.79176],[-43.15539,-22.79174],[-43.15537,-22.79175]]],[[[-43.10562,-22.79051],[-43.10486,-22.79055],[-43.10635,-22.79155],[-43.10562,-22.79051]]],[[[-43.10494,-22.79095],[-43.10399,-22.79065],[-43.10461,-22.79136],[-43.10494,-22.79095]]],[[[-43.15231,-22.79043],[-43.15222,-22.79018],[-43.15216,-22.79029],[-43.15231,-22.79043]]],[[[-43.15168,-22.79012],[-43.15166,-22.7894],[-43.15129,-22.7898],[-43.15168,-22.79012]]],[[[-43.10162,-22.78994],[-43.10119,-22.78941],[-43.1009,-22.7896],[-43.10162,-22.78994]]],[[[-43.14934,-22.78949],[-43.14928,-22.78886],[-43.14859,-22.78945],[-43.14934,-22.78949]]],[[[-43.10036,-22.78929],[-43.10039,-22.78864],[-43.09905,-22.78861],[-43.10036,-22.78929]]],[[[-43.15088,-22.78811],[-43.15163,-22.78732],[-43.14862,-22.78701],[-43.15088,-22.78811]]],[[[-43.13791,-22.78336],[-43.13838,-22.7828],[-43.13735,-22.78294],[-43.13791,-22.78336]]],[[[-43.14083,-22.78206],[-43.14088,-22.78188],[-43.14038,-22.78179],[-43.14083,-22.78206]]],[[[-43.10623,-22.77774],[-43.10614,-22.77649],[-43.105,-22.77762],[-43.10623,-22.77774]]],[[[-43.13827,-22.77707],[-43.13879,-22.77667],[-43.13853,-22.77635],[-43.13827,-22.77707]]],[[[-43.13916,-22.77689],[-43.14036,-22.77641],[-43.13959,-22.77606],[-43.13916,-22.77689]]],[[[-43.11524,-22.77044],[-43.11537,-22.77002],[-43.1149,-22.76986],[-43.11524,-22.77044]]],[[[-43.11658,-22.76938],[-43.11716,-22.76919],[-43.11654,-22.76888],[-43.11658,-22.76938]]],[[[-43.10222,-22.76322],[-43.1019,-22.76248],[-43.10153,-22.76294],[-43.10222,-22.76322]]],[[[-43.10248,-22.76509],[-43.10827,-22.76989],[-43.11282,-22.75436],[-43.10248,-22.76509]]],[[[-43.11808,-22.75353],[-43.11524,-22.75677],[-43.11992,-22.75847],[-43.11808,-22.75353]]],[[[-43.12904,-22.74667],[-43.12567,-22.74656],[-43.12804,-22.74837],[-43.12904,-22.74667]]]]}},{"type":"Feature","id":"cep2-23","properties":{"postal_code_id":"cep2-23","postal_codes":["23"],"first_digits":["2"],"states":["RJ"]},"geometry":{"type":"MultiPolygon","coordinates":[[[[-44.7209,-23.35856],[-44.71817,-23.35725],[-44.71924,-23.35949],[-44.7209,-23.35856]]],[[[-44.67051,-23.35501],[-44.67176,-23.35666],[-44.67286,-23.35559],[-44.67051,-23.35501]]],[[[-44.66586,-23.35084],[-44.66533,-23.35056],[-44.66595,-23.35153],[-44.66586,-23.35084]]],[[[-44.66511,-23.35006],[-44.66482,-23.34995],[-44.66504,-23.35021],[-44.66511,-23.35006]]],[[[-44.68074,-23.3422],[-44.67944,-23.34195],[-44.67971,-23.34265],[-44.68074,-23.3422]]],[[[-44.68144,-23.34158],[-44.6809,-23.34123],[-44.68107,-23.34191],[-44.68144,-23.34158]]],[[[-44.63666,-23.27967],[-44.63616,-23.27959],[-44.63611,-23.28021],[-44.63666,-23.27967]]],[[[-44.62966,-23.27321],[-44.63063,-23.27433],[-44.63191,-23.27314],[-44.62966,-23.27321]]],[[[-44.66812,-23.23881],[-44.67056,-23.24046],[-44.67173,-23.23951],[-44.66812,-23.23881]]],[[[-44.63569,-23.22407],[-44.63958,-23.22917],[-44.64701,-23.2296],[-44.63569,-23.22407]]],[[[-44.69281,-23.21522],[-44.68964,-23.21488],[-44.69259,-23.21794],[-44.69281,-23.21522]]],[[[-44.68959,-23.20916],[-44.68906,-23.20963],[-44.68974,-23.20998],[-44.68959,-23.20916]]],[[[-44.68894,-23.20795],[-44.68961,-23.20823],[-44.68951,-23.20776],[-44.68894,-23.20795]]],[[[-44.70703,-23.20628],[-44.7073,-23.20632],[-44.70672,-23.2055],[-44.70703,-23.20628]]],[[[-44.68301,-23.20575],[-44.68153,-23.205],[-44.68235,-23.20585],[-44.68301,-23.20575]]],[[[-44.71059,-23.20465],[-44.70888,-23.20425],[-44.70909,-23.20527],[-44.71059,-23.20465]]],[[[-44.67265,-23.19992],[-44.67187,-23.20036],[-44.67266,-23.20135],[-44.67265,-23.19992]]],[[[-44.62467,-23.19438],[-44.62573,-23.19518],[-44.62601,-23.19461],[-44.62467,-23.19438]]],[[[-44.63488,-23.19251],[-44.63542,-23.19424],[-44.63715,-23.19384],[-44.63488,-23.19251]]],[[[-44.62289,-23.1897],[-44.62107,-23.18953],[-44.6242,-23.19241],[-44.62289,-23.1897]]],[[[-44.65774,-23.18114],[-44.65613,-23.18391],[-44.65922,-23.18796],[-44.65774,-23.18114]]],[[[-44.68658,-23.18189],[-44.68565,-23.18104],[-44.68524,-23.1823],[-44.68658,-23.18189]]],[[[-44.67884,-23.18089],[-44.67854,-23.18071],[-44.67857,-23.18098],[-44.67884,-23.18089]]],[[[-44.68377,-23.17699],[-44.68222,-23.17879],[-44.68422,-23.17884],[-44.68377,-23.17699]]],[[[-44.63508,-23.17656],[-44.63469,-23.17606],[-44.63446,-23.17646],[-44.63508,-23.17656]]],[[[-44.67963,-23.17494],[-44.67931,-23.17517],[-44.68006,-23.17555],[-44.67963,-23.17494]]],[[[-44.6339,-23.17474],[-44.63521,-23.17487],[-44.63447,-23.174],[-44.6339,-23.17474]]],[[[-44.67964,-23.17286],[-44.67947,-23.17406],[-44.68024,-23.17327],[-44.67964,-23.17286]]],[[[-44.67771,-23.16938],[-44.67436,-23.17048],[-44.67827,-23.17237],[-44.67771,-23.16938]]],[[[-44.66392,-23.1589],[-44.66144,-23.15917],[-44.66413,-23.16346],[-44.66392,-23.1589]]],[[[-44.69492,-23.15617],[-44.6826,-23.15622],[-44.68857,-23.16787],[-44.69492,-23.15617]]],[[[-44.80785,-23.28357],[-44.82672,-23.29162],[-44.83593,-23.25657],[-44.86946,-23.24983],[-44.88932,-23.22659],[-44.87475,-23.1847],[-44.82442,-23.16269],[-44.8106,-23.11553],[-44.81884,-23.09146],[-44.81189,-23.05452],[-44.79282,-23.00984],[-44.80254,-22.99878],[-44.7919,-22.98188],[-44.75456,-22.97808],[-44.7435,-22.947],[-44.71361,-22.92997],[-44.68697,-22.93592],[-44.67384,-22.91805],[-44.65899,-22.92793],[-44.60714,-22.88534],[-44.57573,-22.87802],[-44.55517,-22.88805],[-44.49464,-22.84679],[-44.47533,-22.85724],[-44.46692,-22.88497],[-44.41068,-22.84636],[-44.3812,-22.85835],[-44.32527,-22.83776],[-44.30205,-22.85411],[-44.29176,-22.84246],[-44.26089,-22.8476],[-44.23254,-22.87047],[-44.24158,-22.91298],[-44.21498,-22.93187],[-44.17523,-22.9282],[-44.16461,-22.9035],[-44.11752,-22.86081],[-44.08847,-22.88364],[-44.0449,-22.88312],[-43.99463,-22.84299],[-43.97418,-22.85452],[-43.98041,-22.86596],[-43.96487,-22.88635],[-43.95028,-22.88713],[-43.92697,-22.87055],[-43.91335,-22.83709],[-43.83303,-22.79384],[-43.81245,-22.77178],[-43.83983,-22.75591],[-43.83254,-22.72969],[-43.78509,-22.69269],[-43.75297,-22.7001],[-43.71311,-22.64122],[-43.66083,-22.65979],[-43.64103,-22.65059],[-43.63385,-22.6592],[-43.65245,-22.68048],[-43.62311,-22.82658],[-43.67026,-22.85239],[-43.67348,-22.86405],[-43.74823,-22.87793],[-43.75072,-22.88776],[-43.7951,-22.90381],[-43.80144,-22.92451],[-43.81022,-22.91757],[-43.84936,-22.93163],[-43.83781,-22.90563],[-43.84566,-22.90171],[-43.87094,-22.90532],[-43.88196,-22.92091],[-43.91048,-22.93104],[-43.97641,-22.93139],[-44.00586,-22.94214],[-44.04294,-22.98453],[-44.05536,-22.98169],[-44.04182,-22.96191],[-44.04731,-22.94198],[-44.08133,-22.9595],[-44.08297,-22.9936],[-44.09695,-22.99693],[-44.11335,-23.0232],[-44.17604,-23.03638],[-44.17289,-23.04809],[-44.19494,-23.05442],[-44.20138,-23.03831],[-44.23764,-23.05653],[-44.24753,-23.04851],[-44.22098,-23.01623],[-44.24937,-22.99784],[-44.27287,-23.00374],[-44.2897,-23.0237],[-44.30646,-23.02365],[-44.29707,-23.0098],[-44.30323,-23.00242],[-44.347,-23.03018],[-44.35785,-23.02372],[-44.35491,-22.99851],[-44.31753,-22.98539],[-44.29989,-22.95875],[-44.31894,-22.95647],[-44.33066,-22.96658],[-44.33822,-22.95768],[-44.32966,-22.95665],[-44.33335,-22.94676],[-44.32066,-22.93604],[-44.33112,-22.92581],[-44.34487,-22.92197],[-44.37173,-22.93845],[-44.37031,-22.9484],[-44.36682,-22.94772],[-44.36518,-22.94097],[-44.34948,-22.94579],[-44.37663,-22.96958],[-44.38707,-22.96929],[-44.37783,-22.95808],[-44.39763,-22.95023],[-44.4083,-22.95148],[-44.40923,-22.94362],[-44.41112,-22.94121],[-44.43437,-22.96297],[-44.43926,-22.9964],[-44.43106,-22.99847],[-44.44672,-23.01229],[-44.43795,-23.02107],[-44.44487,-23.02738],[-44.47609,-23.00577],[-44.50604,-23.0303],[-44.53054,-23.02713],[-44.59993,-23.06286],[-44.58991,-23.05233],[-44.59699,-23.04509],[-44.66855,-23.05417],[-44.69432,-23.09631],[-44.69733,-23.12429],[-44.68849,-23.12507],[-44.70751,-23.16349],[-44.69831,-23.1745],[-44.7172,-23.18504],[-44.70645,-23.18527],[-44.72116,-23.20183],[-44.70912,-23.21928],[-44.71527,-23.23088],[-44.6942,-23.23196],[-44.64357,-23.1852],[-44.64241,-23.19702],[-44.62636,-23.19623],[-44.62469,-23.22161],[-44.65902,-23.22034],[-44.66347,-23.22823],[-44.65475,-23.22709],[-44.67299,-23.23057],[-44.69054,-23.2537],[-44.65146,-23.23498],[-44.6129,-23.23447],[-44.65744,-23.2928],[-44.6368,-23.29922],[-44.64634,-23.29015],[-44.6304,-23.28191],[-44.59924,-23.23649],[-44.55912,-23.22731],[-44.5845,-23.26625],[-44.55893,-23.27352],[-44.54006,-23.26715],[-44.50604,-23.29077],[-44.50643,-23.29971],[-44.53581,-23.29208],[-44.54034,-23.30473],[-44.55233,-23.30353],[-44.59087,-23.36223],[-44.60828,-23.36345],[-44.60681,-23.34793],[-44.61817,-23.35163],[-44.62551,-23.33953],[-44.63473,-23.35198],[-44.62925,-23.33694],[-44.63945,-23.33111],[-44.66195,-23.34625],[-44.67525,-23.33589],[-44.68395,-23.34257],[-44.68102,-23.34701],[-44.70277,-23.34032],[-44.72692,-23.35351],[-44.72808,-23.36893],[-44.77775,-23.33775],[-44.77877,-23.31447],[-44.80785,-23.28357]]],[[[-44.67478,-23.13172],[-44.67535,-23.1331],[-44.67643,-23.13242],[-44.67478,-23.13172]]],[[[-44.6673,-23.13203],[-44.6671,-23.13186],[-44.66718,-23.1321],[-44.6673,-23.13203]]],[[[-44.68734,-23.1297],[-44.68464,-23.12824],[-44.68446,-23.12994],[-44.68734,-23.1297]]],[[[-44.67945,-23.12595],[-44.67785,-23.12466],[-44.67855,-23.1269],[-44.67945,-23.12595]]],[[[-44.66632,-23.121],[-44.66797,-23.12323],[-44.66757,-23.12196],[-44.66632,-23.121]]],[[[-44.6771,-23.1109],[-44.67322,-23.11138],[-44.6782,-23.11423],[-44.6771,-23.1109]]],[[[-44.67951,-23.1081],[-44.6788,-23.10928],[-44.68081,-23.10936],[-44.67951,-23.1081]]],[[[-44.68903,-23.10961],[-44.68699,-23.10684],[-44.68558,-23.1068],[-44.68903,-23.10961]]],[[[-44.67391,-23.09827],[-44.66926,-23.09673],[-44.6713,-23.09853],[-44.67391,-23.09827]]],[[[-44.67675,-23.09596],[-44.67597,-23.09558],[-44.67607,-23.09576],[-44.67675,-23.09596]]],[[[-44.65842,-23.09291],[-44.65804,-23.09272],[-44.65791,-23.09316],[-44.65842,-23.09291]]],[[[-44.68414,-23.08699],[-44.68252,-23.08685],[-44.68451,-23.08867],[-44.68414,-23.08699]]],[[[-44.64239,-23.06836],[-44.63789,-23.07182],[-44.64424,-23.07509],[-44.64239,-23.06836]]],[[[-44.63085,-23.0678],[-44.62969,-23.07118],[-44.63304,-23.06938],[-44.63085,-23.0678]]],[[[-44.63743,-23.06621],[-44.63747,-23.06739],[-44.63826,-23.06652],[-44.63743,-23.06621]]],[[[-44.61722,-23.06157],[-44.61621,-23.06144],[-44.61705,-23.06235],[-44.61722,-23.06157]]],[[[-44.62854,-23.06047],[-44.62603,-23.06093],[-44.62903,-23.06277],[-44.62854,-23.06047]]],[[[-44.66017,-23.05841],[-44.65955,-23.05913],[-44.66028,-23.05938],[-44.66017,-23.05841]]],[[[-44.61899,-23.05836],[-44.62346,-23.06011],[-44.62242,-23.05677],[-44.61899,-23.05836]]],[[[-44.60926,-23.05473],[-44.61011,-23.05514],[-44.60913,-23.05388],[-44.60926,-23.05473]]],[[[-44.56956,-23.34825],[-44.56654,-23.3479],[-44.57012,-23.35272],[-44.56956,-23.34825]]],[[[-44.57183,-23.26619],[-44.56815,-23.26439],[-44.57087,-23.2673],[-44.57183,-23.26619]]],[[[-44.55694,-23.22103],[-44.55371,-23.22034],[-44.55697,-23.22375],[-44.55694,-23.22103]]],[[[-44.62125,-23.22331],[-44.59383,-23.20194],[-44.58595,-23.20912],[-44.62125,-23.22331]]],[[[-44.58291,-23.21035],[-44.58458,-23.21178],[-44.58458,-23.21025],[-44.58291,-23.21035]]],[[[-44.58151,-23.19806],[-44.57961,-23.20313],[-44.58398,-23.20234],[-44.58151,-23.19806]]],[[[-44.57449,-23.19603],[-44.57261,-23.19539],[-44.57214,-23.19631],[-44.57449,-23.19603]]],[[[-44.60864,-23.19579],[-44.60798,-23.19456],[-44.60648,-23.19524],[-44.60864,-23.19579]]],[[[-44.57235,-23.18511],[-44.5774,-23.18943],[-44.57668,-23.18427],[-44.57235,-23.18511]]],[[[-44.59315,-23.08688],[-44.5957,-23.08872],[-44.59443,-23.08522],[-44.59315,-23.08688]]],[[[-44.55712,-23.07639],[-44.55631,-23.07634],[-44.55659,-23.07696],[-44.55712,-23.07639]]],[[[-44.59033,-23.07065],[-44.58984,-23.07006],[-44.58981,-23.07032],[-44.59033,-23.07065]]],[[[-44.60262,-23.06656],[-44.60246,-23.06889],[-44.60392,-23.06783],[-44.60262,-23.06656]]],[[[-44.56343,-23.0679],[-44.56458,-23.06811],[-44.56433,-23.06725],[-44.56343,-23.0679]]],[[[-44.59456,-23.06633],[-44.59648,-23.06709],[-44.59602,-23.06532],[-44.59456,-23.06633]]],[[[-44.41041,-23.06169],[-44.40968,-23.06298],[-44.4118,-23.06393],[-44.41041,-23.06169]]],[[[-44.40764,-23.06007],[-44.40665,-23.05974],[-44.40708,-23.06077],[-44.40764,-23.06007]]],[[[-44.56451,-23.06448],[-44.55599,-23.05498],[-44.55634,-23.06179],[-44.56451,-23.06448]]],[[[-44.40572,-23.05906],[-44.406,-23.05968],[-44.40625,-23.05915],[-44.40572,-23.05906]]],[[[-44.41228,-23.05914],[-44.41842,-23.06102],[-44.41438,-23.05697],[-44.41228,-23.05914]]],[[[-44.60904,-23.06154],[-44.60184,-23.05622],[-44.60088,-23.057],[-44.60904,-23.06154]]],[[[-44.40446,-23.0551],[-44.40138,-23.05633],[-44.4033,-23.05826],[-44.40446,-23.0551]]],[[[-44.41268,-23.05578],[-44.41224,-23.05556],[-44.41248,-23.05598],[-44.41268,-23.05578]]],[[[-44.42057,-23.05352],[-44.42123,-23.05375],[-44.42073,-23.05318],[-44.42057,-23.05352]]],[[[-44.55994,-23.05302],[-44.56285,-23.05302],[-44.56035,-23.05126],[-44.55994,-23.05302]]],[[[-44.54631,-23.04911],[-44.54409,-23.04685],[-44.54553,-23.04968],[-44.54631,-23.04911]]],[[[-44.5038,-23.0534],[-44.48409,-23.04032],[-44.49272,-23.0518],[-44.5038,-23.0534]]],[[[-44.54378,-23.04547],[-44.5434,-23.04526],[-44.54403,-23.04642],[-44.54378,-23.04547]]],[[[-44.49335,-23.04434],[-44.49262,-23.04359],[-44.49236,-23.04403],[-44.49335,-23.04434]]],[[[-44.51845,-23.03581],[-44.5161,-23.03662],[-44.52058,-23.03864],[-44.51845,-23.03581]]],[[[-44.41318,-23.03431],[-44.41192,-23.03341],[-44.41169,-23.03525],[-44.41318,-23.03431]]],[[[-44.4498,-23.03278],[-44.44563,-23.03173],[-44.44917,-23.03468],[-44.4498,-23.03278]]],[[[-44.48088,-23.03105],[-44.48295,-23.03195],[-44.4817,-23.03005],[-44.48088,-23.03105]]],[[[-44.39935,-23.02632],[-44.40451,-23.03297],[-44.4029,-23.02658],[-44.39935,-23.02632]]],[[[-44.43626,-23.02483],[-44.43548,-23.02592],[-44.43687,-23.02618],[-44.43626,-23.02483]]],[[[-44.42647,-23.01482],[-44.42566,-23.01486],[-44.42603,-23.0154],[-44.42647,-23.01482]]],[[[-44.42246,-23.0031],[-44.42213,-23.00371],[-44.42256,-23.00379],[-44.42246,-23.0031]]],[[[-44.43073,-23.00212],[-44.43217,-23.00377],[-44.43219,-23.00185],[-44.43073,-23.00212]]],[[[-44.42348,-23.0024],[-44.42369,-23.00238],[-44.42337,-23.00201],[-44.42348,-23.0024]]],[[[-44.40543,-22.99426],[-44.40803,-22.99624],[-44.40991,-22.99477],[-44.40543,-22.99426]]],[[[-44.42308,-22.99535],[-44.42206,-22.99422],[-44.42197,-22.99526],[-44.42308,-22.99535]]],[[[-44.40073,-22.99024],[-44.40131,-22.99284],[-44.40438,-22.99145],[-44.40073,-22.99024]]],[[[-44.40893,-22.98992],[-44.41339,-22.99355],[-44.41676,-22.98652],[-44.40893,-22.98992]]],[[[-44.41197,-22.98347],[-44.41391,-22.98446],[-44.41386,-22.98361],[-44.41197,-22.98347]]],[[[-44.40783,-22.97784],[-44.40731,-22.97805],[-44.40811,-22.97847],[-44.40783,-22.97784]]],[[[-44.4308,-22.974],[-44.43088,-22.97508],[-44.43253,-22.97493],[-44.4308,-22.974]]],[[[-44.42516,-22.9707],[-44.41488,-22.97044],[-44.42115,-22.97368],[-44.42516,-22.9707]]],[[[-44.4066,-22.96313],[-44.40832,-22.96317],[-44.40791,-22.96187],[-44.4066,-22.96313]]],[[[-44.41074,-22.9462],[-44.41068,-22.94606],[-44.41057,-22.94619],[-44.41074,-22.9462]]],[[[-44.41082,-22.94566],[-44.41066,-22.94599],[-44.41101,-22.94598],[-44.41082,-22.94566]]],[[[-44.41011,-22.94505],[-44.40977,-22.94491],[-44.41008,-22.94527],[-44.41011,-22.94505]]],[[[-44.35738,-23.21225],[-44.35661,-23.21358],[-44.36086,-23.21454],[-44.35738,-23.21225]]],[[[-44.39892,-23.09855],[-44.39869,-23.09929],[-44.39995,-23.0995],[-44.39892,-23.09855]]],[[[-44.3952,-23.06864],[-44.39205,-23.06792],[-44.39459,-23.07251],[-44.3952,-23.06864]]],[[[-44.33875,-23.06148],[-44.33828,-23.06141],[-44.33854,-23.06176],[-44.33875,-23.06148]]],[[[-44.37668,-23.05787],[-44.37627,-23.05802],[-44.37665,-23.05862],[-44.37668,-23.05787]]],[[[-44.37705,-23.05695],[-44.37759,-23.05751],[-44.37766,-23.05706],[-44.37705,-23.05695]]],[[[-44.37645,-23.05621],[-44.37705,-23.05642],[-44.37704,-23.05581],[-44.37645,-23.05621]]],[[[-44.39956,-23.0461],[-44.39941,-23.04666],[-44.39974,-23.04659],[-44.39956,-23.0461]]],[[[-44.37144,-23.04007],[-44.34737,-23.03875],[-44.35119,-23.06027],[-44.36427,-23.04545],[-44.39075,-23.04203],[-44.37428,-23.03136],[-44.37144,-23.04007]]],[[[-44.3997,-23.04535],[-44.39936,-23.04553],[-44.39967,-23.04563],[-44.3997,-23.04535]]],[[[-44.39112,-23.04134],[-44.39555,-23.04229],[-44.39509,-23.03921],[-44.39112,-23.04134]]],[[[-44.34029,-23.03758],[-44.34124,-23.03925],[-44.34349,-23.03862],[-44.34029,-23.03758]]],[[[-44.39794,-23.03726],[-44.39782,-23.03706],[-44.39775,-23.03722],[-44.39794,-23.03726]]],[[[-44.40028,-23.03492],[-44.39703,-23.03516],[-44.40042,-23.03692],[-44.40028,-23.03492]]],[[[-44.38385,-23.03398],[-44.38368,-23.03383],[-44.38369,-23.03414],[-44.38385,-23.03398]]],[[[-44.36346,-23.01413],[-44.36329,-23.01389],[-44.36319,-23.01436],[-44.36346,-23.01413]]],[[[-44.36969,-23.01204],[-44.36872,-23.01192],[-44.36943,-23.01245],[-44.36969,-23.01204]]],[[[-44.36999,-23.01036],[-44.36959,-23.01028],[-44.36999,-23.01055],[-44.36999,-23.01036]]],[[[-44.36379,-23.00968],[-44.36315,-23.00999],[-44.36413,-23.0104],[-44.36379,-23.00968]]],[[[-44.38263,-23.00688],[-44.38395,-23.00721],[-44.3841,-23.00651],[-44.38263,-23.00688]]],[[[-44.36588,-22.9994],[-44.36594,-22.99996],[-44.36629,-22.99991],[-44.36588,-22.9994]]],[[[-44.40042,-22.99352],[-44.39969,-22.99377],[-44.40032,-22.99389],[-44.40042,-22.99352]]],[[[-44.35272,-22.99279],[-44.35196,-22.99342],[-44.35291,-22.99355],[-44.35272,-22.99279]]],[[[-44.34601,-22.99103],[-44.34556,-22.9904],[-44.34515,-22.99085],[-44.34601,-22.99103]]],[[[-44.34079,-22.98546],[-44.34109,-22.98663],[-44.34205,-22.98553],[-44.34079,-22.98546]]],[[[-44.35896,-22.9842],[-44.36144,-22.98702],[-44.36315,-22.98743],[-44.35896,-22.9842]]],[[[-44.35605,-22.98566],[-44.35182,-22.98106],[-44.35256,-22.98493],[-44.35605,-22.98566]]],[[[-44.33506,-22.98133],[-44.33499,-22.9819],[-44.33591,-22.98192],[-44.33506,-22.98133]]],[[[-44.40218,-22.97619],[-44.39582,-22.97955],[-44.40456,-22.98495],[-44.40218,-22.97619]]],[[[-44.33919,-22.97775],[-44.34103,-22.97946],[-44.34045,-22.97549],[-44.33919,-22.97775]]],[[[-44.34525,-22.97654],[-44.34805,-22.97823],[-44.34592,-22.97525],[-44.34525,-22.97654]]],[[[-44.37496,-22.97409],[-44.37588,-22.97574],[-44.37681,-22.97596],[-44.37496,-22.97409]]],[[[-44.39158,-22.97464],[-44.39127,-22.97475],[-44.39157,-22.9748],[-44.39158,-22.97464]]],[[[-44.39098,-22.97252],[-44.38727,-22.97193],[-44.38882,-22.97387],[-44.39098,-22.97252]]],[[[-44.36985,-22.96702],[-44.36866,-22.96922],[-44.37242,-22.97013],[-44.36985,-22.96702]]],[[[-44.36335,-22.96358],[-44.3633,-22.96469],[-44.36458,-22.96401],[-44.36335,-22.96358]]],[[[-44.34211,-22.96272],[-44.34061,-22.96315],[-44.3421,-22.96388],[-44.34211,-22.96272]]],[[[-44.3511,-22.96178],[-44.34518,-22.96215],[-44.35166,-22.96453],[-44.3511,-22.96178]]],[[[-44.34421,-22.9621],[-44.3421,-22.96005],[-44.34293,-22.96251],[-44.34421,-22.9621]]],[[[-44.39845,-22.95649],[-44.39721,-22.95762],[-44.39927,-22.95867],[-44.39845,-22.95649]]],[[[-44.3511,-22.95305],[-44.35337,-22.9552],[-44.35226,-22.95285],[-44.3511,-22.95305]]],[[[-44.40051,-22.95155],[-44.39901,-22.95129],[-44.40026,-22.95258],[-44.40051,-22.95155]]],[[[-44.33422,-22.9478],[-44.335,-22.95418],[-44.3386,-22.95509],[-44.33422,-22.9478]]],[[[-44.36886,-22.9471],[-44.36868,-22.94681],[-44.3685,-22.94712],[-44.36886,-22.9471]]],[[[-44.33623,-22.94658],[-44.33617,-22.94714],[-44.33647,-22.94684],[-44.33623,-22.94658]]],[[[-44.36892,-22.94557],[-44.36865,-22.94633],[-44.36967,-22.94699],[-44.36892,-22.94557]]],[[[-44.36924,-22.94373],[-44.36881,-22.94416],[-44.3692,-22.94435],[-44.36924,-22.94373]]],[[[-44.37008,-22.94326],[-44.36855,-22.94229],[-44.36861,-22.94383],[-44.37008,-22.94326]]],[[[-44.37,-22.94113],[-44.36874,-22.94079],[-44.36968,-22.94244],[-44.37,-22.94113]]],[[[-44.33908,-22.93443],[-44.342,-22.943],[-44.34525,-22.93891],[-44.33908,-22.93443]]],[[[-44.34864,-22.93221],[-44.34867,-22.93243],[-44.34898,-22.93239],[-44.34864,-22.93221]]],[[[-44.3475,-22.93148],[-44.346,-22.9304],[-44.34588,-22.93163],[-44.3475,-22.93148]]],[[[-44.19756,-23.19663],[-44.25799,-23.20309],[-44.25079,-23.19363],[-44.26658,-23.19198],[-44.27005,-23.18077],[-44.31133,-23.18047],[-44.33401,-23.22407],[-44.34531,-23.22523],[-44.3512,-23.2142],[-44.33947,-23.19028],[-44.34602,-23.18094],[-44.35721,-23.19165],[-44.37757,-23.17241],[-44.32515,-23.15408],[-44.32369,-23.13954],[-44.29664,-23.1166],[-44.2907,-23.13714],[-44.27572,-23.11745],[-44.24948,-23.10942],[-44.2591,-23.10021],[-44.23774,-23.09279],[-44.22977,-23.07711],[-44.23341,-23.09069],[-44.19473,-23.09864],[-44.21771,-23.10924],[-44.16872,-23.11993],[-44.17262,-23.12867],[-44.16988,-23.13757],[-44.164,-23.14204],[-44.12688,-23.11946],[-44.14106,-23.15575],[-44.11415,-23.14822],[-44.10748,-23.16491],[-44.09134,-23.16587],[-44.13178,-23.1875],[-44.12693,-23.1719],[-44.1586,-23.17149],[-44.17018,-23.18454],[-44.17776,-23.17967],[-44.18819,-23.18247],[-44.18464,-23.19655],[-44.19666,-23.2037],[-44.19756,-23.19663]]],[[[-44.31012,-23.09119],[-44.30912,-23.09072],[-44.30954,-23.0915],[-44.31012,-23.09119]]],[[[-44.24037,-23.08543],[-44.24002,-23.08658],[-44.24136,-23.08678],[-44.24037,-23.08543]]],[[[-44.21573,-23.08576],[-44.21505,-23.08586],[-44.21536,-23.0864],[-44.21573,-23.08576]]],[[[-44.31291,-23.08568],[-44.31014,-23.08517],[-44.31192,-23.08682],[-44.31291,-23.08568]]],[[[-44.32927,-23.08324],[-44.3305,-23.08742],[-44.33259,-23.08641],[-44.32927,-23.08324]]],[[[-44.24031,-23.08504],[-44.24023,-23.08514],[-44.2405,-23.08515],[-44.24031,-23.08504]]],[[[-44.24056,-23.08503],[-44.2441,-23.08428],[-44.24163,-23.08368],[-44.24056,-23.08503]]],[[[-44.24107,-23.08383],[-44.24085,-23.08365],[-44.24066,-23.08373],[-44.24107,-23.08383]]],[[[-44.22958,-23.08291],[-44.22825,-23.08285],[-44.22948,-23.08376],[-44.22958,-23.08291]]],[[[-44.24131,-23.07751],[-44.23997,-23.07728],[-44.24089,-23.07807],[-44.24131,-23.07751]]],[[[-44.22705,-23.07757],[-44.22792,-23.07797],[-44.2275,-23.07702],[-44.22705,-23.07757]]],[[[-44.25169,-23.06977],[-44.25253,-23.07188],[-44.25531,-23.07078],[-44.25169,-23.06977]]],[[[-44.3158,-23.06381],[-44.3153,-23.06433],[-44.31611,-23.06488],[-44.3158,-23.06381]]],[[[-44.31318,-23.05716],[-44.30898,-23.05879],[-44.31676,-23.0629],[-44.31318,-23.05716]]],[[[-44.33059,-23.05543],[-44.32918,-23.0553],[-44.32987,-23.05627],[-44.33059,-23.05543]]],[[[-44.32818,-23.05522],[-44.32904,-23.05596],[-44.32832,-23.05472],[-44.32818,-23.05522]]],[[[-44.33247,-23.05506],[-44.33316,-23.05568],[-44.3332,-23.05476],[-44.33247,-23.05506]]],[[[-44.31269,-23.05309],[-44.31378,-23.05526],[-44.31667,-23.05597],[-44.31269,-23.05309]]],[[[-44.26854,-23.05348],[-44.26823,-23.05402],[-44.2692,-23.05446],[-44.26854,-23.05348]]],[[[-44.33372,-23.05298],[-44.33226,-23.05375],[-44.33406,-23.05475],[-44.33372,-23.05298]]],[[[-44.30869,-23.05028],[-44.30823,-23.05093],[-44.30897,-23.051],[-44.30869,-23.05028]]],[[[-44.29867,-23.03835],[-44.29833,-23.03856],[-44.29846,-23.03896],[-44.29867,-23.03835]]],[[[-44.29864,-23.03772],[-44.29834,-23.03774],[-44.29846,-23.03797],[-44.29864,-23.03772]]],[[[-44.27966,-23.03399],[-44.27911,-23.03555],[-44.28,-23.03594],[-44.27966,-23.03399]]],[[[-44.2838,-23.03337],[-44.28342,-23.03424],[-44.28445,-23.03392],[-44.2838,-23.03337]]],[[[-44.29629,-23.03092],[-44.29619,-23.03183],[-44.29711,-23.03234],[-44.29629,-23.03092]]],[[[-44.32722,-23.02957],[-44.32671,-23.02856],[-44.32676,-23.02947],[-44.32722,-23.02957]]],[[[-44.28104,-23.02709],[-44.2807,-23.02675],[-44.28077,-23.02728],[-44.28104,-23.02709]]],[[[-44.33273,-23.02553],[-44.32922,-23.02685],[-44.33166,-23.02824],[-44.33273,-23.02553]]],[[[-44.28544,-23.02655],[-44.28721,-23.02778],[-44.28773,-23.02584],[-44.28544,-23.02655]]],[[[-44.27824,-23.02531],[-44.27964,-23.02742],[-44.27973,-23.02655],[-44.27824,-23.02531]]],[[[-44.2856,-23.02612],[-44.28484,-23.02603],[-44.28529,-23.02641],[-44.2856,-23.02612]]],[[[-44.31014,-23.02495],[-44.30919,-23.02546],[-44.31006,-23.02743],[-44.31014,-23.02495]]],[[[-44.28519,-23.02491],[-44.28437,-23.02438],[-44.2844,-23.02638],[-44.28519,-23.02491]]],[[[-44.26889,-23.02432],[-44.26921,-23.02517],[-44.26934,-23.0245],[-44.26889,-23.02432]]],[[[-44.33124,-23.02308],[-44.33192,-23.02374],[-44.33178,-23.0231],[-44.33124,-23.02308]]],[[[-44.31964,-23.01871],[-44.31857,-23.0189],[-44.31951,-23.02014],[-44.31964,-23.01871]]],[[[-44.27704,-23.01742],[-44.27623,-23.01785],[-44.27655,-23.01819],[-44.27704,-23.01742]]],[[[-44.32143,-23.01739],[-44.32088,-23.01656],[-44.32107,-23.01753],[-44.32143,-23.01739]]],[[[-44.2686,-23.01378],[-44.26733,-23.01365],[-44.26902,-23.0148],[-44.2686,-23.01378]]],[[[-44.30243,-23.00856],[-44.30151,-23.00888],[-44.30206,-23.01019],[-44.30243,-23.00856]]],[[[-44.30906,-23.00804],[-44.30745,-23.00775],[-44.30867,-23.00967],[-44.30906,-23.00804]]],[[[-44.3307,-22.97959],[-44.32923,-22.97882],[-44.33025,-22.98049],[-44.3307,-22.97959]]],[[[-44.32806,-22.97199],[-44.32802,-22.97262],[-44.32912,-22.97226],[-44.32806,-22.97199]]],[[[-44.31561,-22.96874],[-44.31491,-22.96932],[-44.31639,-22.96929],[-44.31561,-22.96874]]],[[[-44.31895,-22.96628],[-44.3167,-22.96639],[-44.31855,-22.96763],[-44.31895,-22.96628]]],[[[-44.31248,-22.96641],[-44.31154,-22.96713],[-44.31263,-22.96735],[-44.31248,-22.96641]]],[[[-44.32059,-22.95996],[-44.32002,-22.96166],[-44.32217,-22.96196],[-44.32059,-22.95996]]],[[[-44.33371,-22.92807],[-44.33378,-22.92872],[-44.33401,-22.92844],[-44.33371,-22.92807]]],[[[-44.33138,-22.92839],[-44.33196,-22.92885],[-44.33163,-22.92787],[-44.33138,-22.92839]]],[[[-44.33353,-22.92704],[-44.33115,-22.92603],[-44.33265,-22.92852],[-44.33353,-22.92704]]],[[[-44.14939,-23.21653],[-44.14994,-23.22379],[-44.16039,-23.22766],[-44.14939,-23.21653]]],[[[-44.18118,-23.18354],[-44.17912,-23.18321],[-44.18077,-23.18418],[-44.18118,-23.18354]]],[[[-44.18205,-23.1833],[-44.18334,-23.18401],[-44.18389,-23.18355],[-44.18205,-23.1833]]],[[[-44.09416,-23.17506],[-44.09438,-23.17516],[-44.09432,-23.17483],[-44.09416,-23.17506]]],[[[-44.09293,-23.17349],[-44.09142,-23.17284],[-44.09139,-23.17413],[-44.09293,-23.17349]]],[[[-44.12105,-23.14745],[-44.12049,-23.14785],[-44.12098,-23.14817],[-44.12105,-23.14745]]],[[[-44.10791,-23.14311],[-44.10814,-23.14373],[-44.10865,-23.14342],[-44.10791,-23.14311]]],[[[-44.10403,-23.13717],[-44.11019,-23.14228],[-44.10853,-23.13834],[-44.10403,-23.13717]]],[[[-44.10299,-23.13831],[-44.10322,-23.13859],[-44.10338,-23.13836],[-44.10299,-23.13831]]],[[[-44.16775,-23.13771],[-44.16751,-23.13745],[-44.16744,-23.13784],[-44.16775,-23.13771]]],[[[-44.16729,-23.13509],[-44.16605,-23.13625],[-44.16733,-23.1368],[-44.16729,-23.13509]]],[[[-44.15083,-23.12562],[-44.14997,-23.12601],[-44.15103,-23.12638],[-44.15083,-23.12562]]],[[[-44.14031,-23.11914],[-44.14014,-23.11952],[-44.14087,-23.11968],[-44.14031,-23.11914]]],[[[-44.16479,-23.11475],[-44.16731,-23.1154],[-44.16567,-23.11441],[-44.16479,-23.11475]]],[[[-44.14161,-23.10724],[-44.14139,-23.10712],[-44.14148,-23.10729],[-44.14161,-23.10724]]],[[[-44.14102,-23.10655],[-44.13951,-23.106],[-44.14044,-23.10676],[-44.14102,-23.10655]]],[[[-44.1212,-23.10043],[-44.11923,-23.09843],[-44.11838,-23.09899],[-44.1212,-23.10043]]],[[[-44.01072,-23.08534],[-44.01132,-23.08705],[-44.01215,-23.08639],[-44.01072,-23.08534]]],[[[-44.13641,-23.04107],[-44.13696,-23.04388],[-44.13925,-23.04224],[-44.13641,-23.04107]]],[[[-44.13078,-23.03818],[-44.1239,-23.04086],[-44.13021,-23.04182],[-44.13078,-23.03818]]],[[[-44.15927,-23.03752],[-44.15903,-23.04201],[-44.16202,-23.0404],[-44.15927,-23.03752]]],[[[-44.11228,-23.03804],[-44.11156,-23.03799],[-44.11194,-23.03872],[-44.11228,-23.03804]]],[[[-44.11265,-23.03632],[-44.11223,-23.03733],[-44.11305,-23.03702],[-44.11265,-23.03632]]],[[[-44.11041,-23.02548],[-44.11013,-23.02582],[-44.11074,-23.02566],[-44.11041,-23.02548]]],[[[-44.11057,-23.02477],[-44.11031,-23.02459],[-44.11038,-23.02491],[-44.11057,-23.02477]]],[[[-43.95326,-23.02245],[-43.95099,-23.02552],[-43.95421,-23.02496],[-43.95326,-23.02245]]],[[[-44.10885,-23.02326],[-44.10873,-23.02347],[-44.10901,-23.02348],[-44.10885,-23.02326]]],[[[-44.11097,-23.02317],[-44.10999,-23.02213],[-44.10966,-23.02374],[-44.11097,-23.02317]]],[[[-43.94603,-23.02079],[-43.94411,-23.02316],[-43.94773,-23.02463],[-43.94603,-23.02079]]],[[[-43.94465,-23.01917],[-43.94336,-23.0184],[-43.94348,-23.01914],[-43.94465,-23.01917]]],[[[-43.96542,-23.01502],[-43.96558,-23.01542],[-43.96602,-23.01543],[-43.96542,-23.01502]]],[[[-43.96441,-23.01281],[-43.96494,-23.01367],[-43.96526,-23.0129],[-43.96441,-23.01281]]],[[[-44.07676,-23.01198],[-44.07728,-23.01217],[-44.07697,-23.01172],[-44.07676,-23.01198]]],[[[-43.95416,-23.00491],[-43.94951,-23.00563],[-43.95265,-23.00986],[-43.95416,-23.00491]]],[[[-44.03808,-23.01169],[-44.05017,-23.0011],[-44.02902,-22.99854],[-44.02963,-23.00706],[-44.03808,-23.01169]]],[[[-43.94869,-23.00458],[-43.9483,-23.00424],[-43.94844,-23.00475],[-43.94869,-23.00458]]],[[[-43.94716,-23.00377],[-43.94623,-23.00427],[-43.94731,-23.00468],[-43.94716,-23.00377]]],[[[-43.94477,-23.00379],[-43.94484,-23.00442],[-43.94546,-23.00406],[-43.94477,-23.00379]]],[[[-43.94822,-23.00354],[-43.9476,-23.00351],[-43.94764,-23.00391],[-43.94822,-23.00354]]],[[[-43.95481,-23.00238],[-43.95321,-23.00072],[-43.95311,-23.00352],[-43.95481,-23.00238]]],[[[-44.04491,-22.9886],[-44.04162,-22.9868],[-44.04114,-22.99069],[-44.04491,-22.9886]]],[[[-44.00679,-22.96525],[-44.00705,-22.96539],[-44.00673,-22.96495],[-44.00679,-22.96525]]],[[[-44.00607,-22.9646],[-44.00635,-22.96455],[-44.00607,-22.96431],[-44.00607,-22.9646]]],[[[-44.00066,-22.96187],[-43.99951,-22.96183],[-44.00062,-22.96297],[-44.00066,-22.96187]]],[[[-43.95191,-22.95995],[-43.9472,-22.95932],[-43.94732,-22.9611],[-43.95191,-22.95995]]],[[[-43.99841,-22.96017],[-43.99808,-22.96003],[-43.99807,-22.96036],[-43.99841,-22.96017]]],[[[-44.00789,-22.94708],[-44.0091,-22.94798],[-44.00931,-22.94709],[-44.00789,-22.94708]]],[[[-43.96557,-22.94351],[-43.96645,-22.94512],[-43.9673,-22.94341],[-43.96557,-22.94351]]],[[[-43.96369,-22.94377],[-43.96178,-22.943],[-43.96175,-22.94431],[-43.96369,-22.94377]]],[[[-43.95998,-22.93339],[-43.95969,-22.93307],[-43.95971,-22.93348],[-43.95998,-22.93339]]],[[[-43.9607,-22.93266],[-43.96105,-22.93284],[-43.96086,-22.93253],[-43.9607,-22.93266]]],[[[-43.83518,-23.11504],[-43.83474,-23.11571],[-43.83666,-23.11615],[-43.83518,-23.11504]]],[[[-44.01205,-23.07942],[-43.95346,-23.04131],[-43.93339,-23.05716],[-43.88489,-23.06833],[-43.8774,-23.04983],[-43.90069,-23.02963],[-43.82839,-23.05815],[-43.79314,-23.06146],[-43.66664,-23.04258],[-43.6678,-23.05306],[-43.8821,-23.07474],[-43.988,-23.1024],[-44.00646,-23.09648],[-44.01205,-23.07942]]],[[[-43.94075,-23.01664],[-43.9406,-23.01614],[-43.93979,-23.01617],[-43.94075,-23.01664]]],[[[-43.94035,-23.01519],[-43.94045,-23.01544],[-43.94071,-23.01514],[-43.94035,-23.01519]]],[[[-43.92993,-23.0128],[-43.9305,-23.01272],[-43.93043,-23.01193],[-43.92993,-23.0128]]],[[[-43.92541,-23.0076],[-43.92503,-23.00738],[-43.92496,-23.00778],[-43.92541,-23.0076]]],[[[-43.94378,-23.00411],[-43.94332,-23.00357],[-43.94323,-23.00395],[-43.94378,-23.00411]]],[[[-43.93363,-23.01021],[-43.9377,-22.9999],[-43.91852,-22.98825],[-43.91768,-22.99509],[-43.93363,-23.01021]]],[[[-43.91248,-22.99694],[-43.9132,-22.99703],[-43.91227,-22.99615],[-43.91248,-22.99694]]],[[[-43.91622,-22.99472],[-43.91596,-22.99546],[-43.91677,-22.99531],[-43.91622,-22.99472]]],[[[-43.91209,-22.99215],[-43.9078,-22.98998],[-43.91062,-22.99538],[-43.91209,-22.99215]]],[[[-43.92202,-22.98545],[-43.91857,-22.98664],[-43.92295,-22.98813],[-43.92202,-22.98545]]],[[[-43.92398,-22.98258],[-43.92267,-22.9828],[-43.9238,-22.98417],[-43.92398,-22.98258]]],[[[-43.91539,-22.98095],[-43.90727,-22.98148],[-43.91316,-22.98391],[-43.91539,-22.98095]]],[[[-43.93624,-22.98232],[-43.93533,-22.98111],[-43.93464,-22.98151],[-43.93624,-22.98232]]],[[[-43.91626,-22.97788],[-43.91606,-22.97855],[-43.91662,-22.97832],[-43.91626,-22.97788]]],[[[-43.91218,-22.96081],[-43.91094,-22.96031],[-43.91122,-22.96224],[-43.91218,-22.96081]]],[[[-43.87584,-22.95897],[-43.87612,-22.95927],[-43.87622,-22.95909],[-43.87584,-22.95897]]],[[[-43.87222,-22.95788],[-43.87376,-22.95864],[-43.87377,-22.95811],[-43.87222,-22.95788]]],[[[-43.86479,-22.95551],[-43.8637,-22.95548],[-43.86434,-22.95573],[-43.86479,-22.95551]]],[[[-43.86049,-22.94667],[-43.85753,-22.95185],[-43.86368,-22.95048],[-43.86049,-22.94667]]],[[[-43.92772,-22.94718],[-43.9273,-22.94784],[-43.92901,-22.94889],[-43.92772,-22.94718]]],[[[-43.85748,-22.94524],[-43.85698,-22.9454],[-43.85901,-22.94622],[-43.85748,-22.94524]]],[[[-43.86419,-22.94507],[-43.86634,-22.94589],[-43.86612,-22.94455],[-43.86419,-22.94507]]],[[[-43.92369,-22.94567],[-43.92305,-22.94425],[-43.92215,-22.94449],[-43.92369,-22.94567]]],[[[-43.921,-22.94203],[-43.91521,-22.93943],[-43.92007,-22.94491],[-43.921,-22.94203]]],[[[-43.86878,-22.92474],[-43.87413,-22.94816],[-43.91,-22.95612],[-43.91239,-22.93521],[-43.86878,-22.92474]]],[[[-43.85413,-22.94127],[-43.85406,-22.94166],[-43.85442,-22.94171],[-43.85413,-22.94127]]],[[[-43.88822,-22.92713],[-43.88738,-22.92665],[-43.88737,-22.92783],[-43.88822,-22.92713]]],[[[-43.86609,-22.92524],[-43.86503,-22.92458],[-43.86519,-22.92599],[-43.86609,-22.92524]]],[[[-43.81319,-22.92461],[-43.80944,-22.92289],[-43.81053,-22.92555],[-43.81319,-22.92461]]],[[[-43.87584,-22.9235],[-43.87627,-22.92444],[-43.87674,-22.92422],[-43.87584,-22.9235]]],[[[-43.87659,-22.92256],[-43.87684,-22.92294],[-43.87694,-22.92272],[-43.87659,-22.92256]]],[[[-43.81429,-22.92066],[-43.81136,-22.91885],[-43.81176,-22.92037],[-43.81429,-22.92066]]],[[[-43.84138,-22.90758],[-43.84118,-22.90751],[-43.84121,-22.90763],[-43.84138,-22.90758]]],[[[-43.8413,-22.9074],[-43.84121,-22.9073],[-43.8411,-22.90737],[-43.8413,-22.9074]]],[[[-43.84058,-22.9073],[-43.84102,-22.90734],[-43.84091,-22.90708],[-43.84058,-22.9073]]],[[[-43.84253,-22.90636],[-43.84243,-22.90644],[-43.84256,-22.90655],[-43.84253,-22.90636]]],[[[-43.84017,-22.90603],[-43.84078,-22.90664],[-43.84067,-22.90601],[-43.84017,-22.90603]]],[[[-43.84155,-22.90607],[-43.84161,-22.90647],[-43.84223,-22.90647],[-43.84155,-22.90607]]],[[[-43.84019,-22.90638],[-43.84031,-22.90625],[-43.84012,-22.90609],[-43.84019,-22.90638]]],[[[-43.83944,-22.90599],[-43.83916,-22.90578],[-43.83917,-22.90601],[-43.83944,-22.90599]]],[[[-43.84,-22.90595],[-43.84001,-22.90558],[-43.83966,-22.90597],[-43.84,-22.90595]]],[[[-43.83956,-22.90591],[-43.8398,-22.90568],[-43.83953,-22.90553],[-43.83956,-22.90591]]],[[[-43.8388,-22.9058],[-43.83894,-22.90545],[-43.83863,-22.90579],[-43.8388,-22.9058]]],[[[-43.83874,-22.90551],[-43.8387,-22.90539],[-43.8386,-22.9056],[-43.83874,-22.90551]]]]}},{"type":"Feature","id":"cep2-24","properties":{"postal_code_id":"cep2-24","postal_codes":["24"],"first_digits":["2"],"states":["RJ"]},"geometry":{"type":"MultiPolygon","coordinates":[[[[-43.08887,-22.98802],[-43.08103,-22.98572],[-43.08569,-22.98966],[-43.08887,-22.98802]]],[[[-43.10409,-22.95544],[-43.10212,-22.9569],[-43.10503,-22.95762],[-43.10409,-22.95544]]],[[[-43.11548,-22.95178],[-43.11553,-22.95241],[-43.11671,-22.95208],[-43.11548,-22.95178]]],[[[-43.10192,-22.931],[-43.10145,-22.93115],[-43.10185,-22.93137],[-43.10192,-22.931]]],[[[-43.12609,-22.91063],[-43.12577,-22.91004],[-43.12521,-22.91003],[-43.12609,-22.91063]]],[[[-43.13109,-22.90883],[-43.13087,-22.90889],[-43.13114,-22.909],[-43.13109,-22.90883]]],[[[-43.12506,-22.8746],[-43.1185,-22.87503],[-43.12004,-22.87726],[-43.12506,-22.8746]]],[[[-43.13818,-22.86908],[-43.1315,-22.87368],[-43.13715,-22.87604],[-43.13818,-22.86908]]],[[[-43.13139,-22.86589],[-43.12879,-22.86196],[-43.12643,-22.8641],[-43.13139,-22.86589]]],[[[-43.11681,-22.85884],[-43.11884,-22.86354],[-43.12606,-22.86274],[-43.11681,-22.85884]]],[[[-43.11702,-22.85446],[-43.11578,-22.85373],[-43.11596,-22.85454],[-43.11702,-22.85446]]],[[[-43.10392,-22.84571],[-43.10419,-22.84791],[-43.10606,-22.84838],[-43.10392,-22.84571]]],[[[-43.1078,-22.84646],[-43.10751,-22.84679],[-43.10831,-22.84743],[-43.1078,-22.84646]]],[[[-43.11554,-22.83356],[-43.10474,-22.83477],[-43.10781,-22.84079],[-43.11554,-22.83356]]],[[[-43.10129,-22.82436],[-43.09567,-22.82298],[-43.10196,-22.8297],[-43.10129,-22.82436]]],[[[-43.12063,-22.80575],[-43.12017,-22.80633],[-43.12095,-22.80628],[-43.12063,-22.80575]]],[[[-43.0739,-22.77338],[-43.07285,-22.77366],[-43.07356,-22.77455],[-43.0739,-22.77338]]],[[[-42.92915,-23.02486],[-42.92906,-23.02516],[-42.92931,-23.02523],[-42.92915,-23.02486]]],[[[-42.92816,-23.02215],[-42.92515,-23.02149],[-42.92813,-23.0244],[-42.92816,-23.02215]]],[[[-42.92176,-23.01387],[-42.91288,-23.0085],[-42.91957,-23.01665],[-42.92176,-23.01387]]],[[[-42.90879,-23.00736],[-42.90708,-23.00601],[-42.90763,-23.0074],[-42.90879,-23.00736]]],[[[-42.90896,-23.00552],[-42.90755,-23.00466],[-42.9079,-23.00578],[-42.90896,-23.00552]]],[[[-43.06777,-22.98296],[-43.06282,-22.98408],[-43.06744,-22.98629],[-43.06777,-22.98296]]],[[[-43.05519,-22.98071],[-43.0529,-22.97736],[-43.05329,-22.98014],[-43.05519,-22.98071]]],[[[-42.69192,-22.96179],[-42.6912,-22.96229],[-42.69223,-22.96214],[-42.69192,-22.96179]]],[[[-43.05443,-22.9625],[-43.11043,-22.95365],[-43.1156,-22.94124],[-43.13122,-22.93923],[-43.11968,-22.92264],[-43.11191,-22.93534],[-43.09862,-22.93157],[-43.09479,-22.92064],[-43.11589,-22.90479],[-43.13042,-22.90852],[-43.13568,-22.89772],[-43.12486,-22.89499],[-43.13178,-22.87746],[-43.11445,-22.88131],[-43.1181,-22.87428],[-43.1252,-22.87251],[-43.10344,-22.85588],[-43.09712,-22.82812],[-43.06508,-22.80293],[-43.0814,-22.7898],[-43.0643,-22.76514],[-43.02798,-22.7466],[-43.02663,-22.74309],[-43.02916,-22.72629],[-43.00618,-22.71459],[-42.99434,-22.72726],[-42.96372,-22.72509],[-42.912,-22.67234],[-42.91172,-22.65557],[-42.84519,-22.63618],[-42.78963,-22.63465],[-42.7004,-22.72674],[-42.67547,-22.77385],[-42.68811,-22.79288],[-42.6593,-22.79899],[-42.66974,-22.81541],[-42.65616,-22.82843],[-42.66866,-22.84489],[-42.64369,-22.84762],[-42.67719,-22.87773],[-42.67963,-22.90879],[-42.64659,-22.90787],[-42.63419,-22.91974],[-42.64121,-22.93754],[-42.68182,-22.94716],[-42.68961,-22.96202],[-42.72745,-22.95618],[-42.92111,-22.97492],[-43.00151,-22.96957],[-43.05171,-22.98182],[-43.05443,-22.9625]]],[[[-43.07266,-22.77425],[-43.07235,-22.77432],[-43.07263,-22.7747],[-43.07266,-22.77425]]],[[[-43.06988,-22.76067],[-43.06974,-22.76021],[-43.06959,-22.76064],[-43.06988,-22.76067]]],[[[-43.02728,-22.74351],[-43.03134,-22.74681],[-43.03073,-22.74039],[-43.02728,-22.74351]]]]}},{"type":"Feature","id":"cep2-25","properties":{"postal_code_id":"cep2-25","postal_codes":["25"],"first_digits":["2"],"states":["RJ"]},"geometry":{"type":"MultiPolygon","coordinates":[[[[-43.32929,-22.7559],[-43.31978,-22.7094],[-43.33027,-22.69479],[-43.34816,-22.69852],[-43.39854,-22.66118],[-43.38179,-22.62288],[-43.41114,-22.61075],[-43.41672,-22.59549],[-43.38758,-22.57544],[-43.3902,-22.55879],[-43.4097,-22.54564],[-43.40143,-22.53341],[-43.37497,-22.52064],[-43.33082,-22.51816],[-43.30049,-22.48356],[-43.2898,-22.45779],[-43.37027,-22.45171],[-43.37443,-22.43588],[-43.36096,-22.41959],[-43.33799,-22.41475],[-43.31605,-22.38132],[-43.28867,-22.37074],[-43.3254,-22.27872],[-43.39884,-22.22114],[-43.43699,-22.05997],[-43.3467,-22.00376],[-43.31624,-22.00767],[-43.30224,-22.02101],[-43.24656,-22.00657],[-43.22151,-22.03376],[-43.20134,-22.02583],[-43.20203,-22.03746],[-43.16957,-22.02181],[-43.15364,-22.03298],[-43.13122,-22.02921],[-43.13318,-22.05787],[-43.15388,-22.07476],[-43.13556,-22.10988],[-43.10618,-22.08266],[-43.07815,-22.08306],[-43.07556,-22.09319],[-43.05313,-22.08172],[-43.03316,-22.0659],[-43.03915,-22.04459],[-42.9969,-22.03611],[-42.90963,-21.99072],[-42.88143,-21.95927],[-42.78779,-21.92957],[-42.66534,-21.87325],[-42.66347,-21.91546],[-42.69925,-21.95978],[-42.68858,-21.9627],[-42.71746,-22.05237],[-42.74212,-22.04783],[-42.73429,-22.09442],[-42.7591,-22.10049],[-42.74467,-22.1277],[-42.75182,-22.18614],[-42.73259,-22.20931],[-42.74392,-22.23403],[-42.71399,-22.26614],[-42.7232,-22.35339],[-42.76718,-22.38425],[-42.80341,-22.37869],[-42.81054,-22.40523],[-42.8524,-22.41692],[-42.87156,-22.4461],[-42.89775,-22.45903],[-42.91819,-22.45101],[-42.92298,-22.46949],[-42.90721,-22.49711],[-42.89122,-22.50266],[-42.89842,-22.52046],[-42.86558,-22.57162],[-42.90713,-22.60119],[-42.89928,-22.63852],[-42.92113,-22.68425],[-42.97514,-22.73161],[-43.00618,-22.71459],[-43.02593,-22.7261],[-43.03257,-22.69376],[-43.08456,-22.67966],[-43.10592,-22.68893],[-43.12466,-22.71371],[-43.16103,-22.70987],[-43.21456,-22.72774],[-43.26485,-22.76078],[-43.27863,-22.78049],[-43.27283,-22.80983],[-43.30413,-22.80082],[-43.39056,-22.81382],[-43.41071,-22.79167],[-43.38538,-22.76657],[-43.32929,-22.7559]],[[-43.01534,-22.5601],[-43.01548,-22.55814],[-43.01594,-22.55205],[-43.01534,-22.5601]]],[[[-43.18087,-22.72638],[-43.18134,-22.72593],[-43.18081,-22.72598],[-43.18087,-22.72638]]],[[[-43.06388,-22.69482],[-43.06423,-22.69428],[-43.06354,-22.69451],[-43.06388,-22.69482]]],[[[-43.10478,-22.69238],[-43.10534,-22.69226],[-43.10487,-22.69197],[-43.10478,-22.69238]]],[[[-43.06196,-22.69072],[-43.06075,-22.69001],[-43.06124,-22.69094],[-43.06196,-22.69072]]]]}},{"type":"Feature","id":"cep2-26","properties":{"postal_code_id":"cep2-26","postal_codes":["26"],"first_digits":["2"],"states":["RJ"]},"geometry":{"type":"Polygon","coordinates":[[[-43.37497,-22.52064],[-43.4097,-22.54564],[-43.3902,-22.55879],[-43.38758,-22.57544],[-43.41672,-22.59549],[-43.41114,-22.61075],[-43.38179,-22.62288],[-43.39854,-22.66118],[-43.34816,-22.69852],[-43.33027,-22.69479],[-43.31978,-22.7094],[-43.32929,-22.7559],[-43.38538,-22.76657],[-43.41071,-22.79167],[-43.39056,-22.81382],[-43.45813,-22.84904],[-43.49006,-22.81551],[-43.58847,-22.83869],[-43.59294,-22.8605],[-43.64413,-22.85573],[-43.67348,-22.86405],[-43.67026,-22.85239],[-43.62311,-22.82658],[-43.65245,-22.68048],[-43.63385,-22.6592],[-43.64103,-22.65059],[-43.66083,-22.65979],[-43.71311,-22.64122],[-43.75955,-22.70089],[-43.81567,-22.68595],[-43.8178,-22.66579],[-43.84063,-22.64885],[-43.77217,-22.60594],[-43.77627,-22.56698],[-43.79762,-22.55188],[-43.76992,-22.51796],[-43.76578,-22.45879],[-43.73385,-22.48242],[-43.71513,-22.45504],[-43.70623,-22.46336],[-43.58246,-22.45682],[-43.57207,-22.46115],[-43.55481,-22.52648],[-43.5397,-22.45107],[-43.53149,-22.44241],[-43.51715,-22.44736],[-43.5085,-22.42693],[-43.49145,-22.42],[-43.50764,-22.40162],[-43.48798,-22.37899],[-43.50717,-22.33549],[-43.50363,-22.31118],[-43.3254,-22.27872],[-43.28867,-22.37074],[-43.31605,-22.38132],[-43.33799,-22.41475],[-43.36096,-22.41959],[-43.37443,-22.43588],[-43.37027,-22.45171],[-43.2898,-22.45779],[-43.33082,-22.51816],[-43.37497,-22.52064]]]}},{"type":"Feature","id":"cep2-27","properties":{"postal_code_id":"cep2-27","postal_codes":["27"],"first_digits":["2"],"states":["RJ"]},"geometry":{"type":"MultiPolygon","coordinates":[[[[-44.23254,-22.87047],[-44.26089,-22.8476],[-44.29176,-22.84246],[-44.30205,-22.85411],[-44.31806,-22.84509],[-44.3085,-22.83275],[-44.2676,-22.82902],[-44.26131,-22.80626],[-44.24018,-22.79138],[-44.25685,-22.78587],[-44.25758,-22.76696],[-44.22705,-22.73374],[-44.19896,-22.73529],[-44.20407,-22.71965],[-44.17386,-22.70211],[-44.16137,-22.67826],[-44.2041,-22.61546],[-44.22103,-22.61666],[-44.22637,-22.60456],[-44.25904,-22.61038],[-44.26874,-22.59877],[-44.28569,-22.60973],[-44.32752,-22.58818],[-44.35028,-22.5956],[-44.35602,-22.6149],[-44.35986,-22.59305],[-44.37004,-22.59029],[-44.35991,-22.58102],[-44.39279,-22.57281],[-44.40662,-22.60885],[-44.42979,-22.5987],[-44.46441,-22.61577],[-44.48398,-22.60396],[-44.50859,-22.64095],[-44.51463,-22.6305],[-44.53781,-22.63304],[-44.5263,-22.61929],[-44.55028,-22.60376],[-44.56398,-22.61197],[-44.57421,-22.60187],[-44.58378,-22.62622],[-44.59683,-22.61021],[-44.61278,-22.61734],[-44.62271,-22.60531],[-44.63436,-22.60935],[-44.64586,-22.6039],[-44.64173,-22.55937],[-44.66153,-22.55094],[-44.67492,-22.56134],[-44.66993,-22.53927],[-44.68137,-22.52531],[-44.70139,-22.51075],[-44.71553,-22.51489],[-44.71211,-22.49312],[-44.71991,-22.49283],[-44.73304,-22.43419],[-44.75533,-22.41527],[-44.80944,-22.40557],[-44.80353,-22.3937],[-44.72964,-22.36075],[-44.66185,-22.38048],[-44.62607,-22.33534],[-44.58721,-22.32035],[-44.58127,-22.32854],[-44.53267,-22.33073],[-44.46572,-22.27913],[-44.45711,-22.25759],[-44.43321,-22.25141],[-44.3948,-22.25891],[-44.38759,-22.2725],[-44.35962,-22.25402],[-44.31716,-22.25951],[-44.29151,-22.24306],[-44.26274,-22.24408],[-44.25987,-22.26804],[-44.25038,-22.2605],[-44.24722,-22.26734],[-44.21409,-22.24837],[-44.20083,-22.2509],[-44.17937,-22.22851],[-44.15348,-22.22718],[-44.14882,-22.21317],[-44.14168,-22.22039],[-44.12175,-22.20909],[-44.12503,-22.19926],[-44.09931,-22.1732],[-44.07634,-22.17539],[-44.07198,-22.16457],[-44.02623,-22.15102],[-44.0047,-22.16273],[-43.96488,-22.13935],[-43.87965,-22.11402],[-43.88061,-22.10142],[-43.84158,-22.09915],[-43.7765,-22.06604],[-43.7644,-22.06317],[-43.7612,-22.07937],[-43.73145,-22.09622],[-43.69294,-22.07138],[-43.68207,-22.07158],[-43.67209,-22.09035],[-43.64566,-22.0649],[-43.61193,-22.0815],[-43.5853,-22.05159],[-43.58403,-22.07112],[-43.56605,-22.08748],[-43.5121,-22.05916],[-43.5045,-22.07501],[-43.43699,-22.05997],[-43.39884,-22.22114],[-43.3254,-22.27872],[-43.50363,-22.31118],[-43.50717,-22.33549],[-43.48798,-22.37899],[-43.50764,-22.40162],[-43.49145,-22.42],[-43.5085,-22.42693],[-43.51715,-22.44736],[-43.53149,-22.44241],[-43.5397,-22.45107],[-43.55481,-22.52648],[-43.57207,-22.46115],[-43.58246,-22.45682],[-43.70623,-22.46336],[-43.71513,-22.45504],[-43.73385,-22.48242],[-43.76578,-22.45879],[-43.76992,-22.51796],[-43.79762,-22.55188],[-43.77627,-22.56698],[-43.77217,-22.60594],[-43.84063,-22.64885],[-43.8178,-22.66579],[-43.81567,-22.68595],[-43.78509,-22.69269],[-43.83254,-22.72969],[-43.83983,-22.75591],[-43.81245,-22.77178],[-43.83303,-22.79384],[-43.91335,-22.83709],[-43.92697,-22.87055],[-43.95028,-22.88713],[-43.96487,-22.88635],[-43.98041,-22.86596],[-43.97418,-22.85452],[-43.99463,-22.84299],[-44.0449,-22.88312],[-44.08847,-22.88364],[-44.11752,-22.86081],[-44.16461,-22.9035],[-44.17523,-22.9282],[-44.21498,-22.93187],[-44.24158,-22.91298],[-44.23254,-22.87047]]],[[[-41.71667,-22.41906],[-41.71194,-22.42027],[-41.71303,-22.422],[-41.71667,-22.41906]]],[[[-41.70291,-22.40474],[-41.70003,-22.41949],[-41.71105,-22.41346],[-41.70291,-22.40474]]],[[[-41.80079,-22.41008],[-41.80064,-22.40972],[-41.80052,-22.40988],[-41.80079,-22.41008]]],[[[-41.69069,-22.4036],[-41.69121,-22.40313],[-41.69037,-22.40296],[-41.69069,-22.4036]]],[[[-41.68897,-22.40131],[-41.68779,-22.40162],[-41.68906,-22.40191],[-41.68897,-22.40131]]],[[[-41.69761,-22.39971],[-41.69183,-22.39742],[-41.69188,-22.40463],[-41.69761,-22.39971]]],[[[-41.68852,-22.40045],[-41.68854,-22.39911],[-41.68527,-22.40011],[-41.68852,-22.40045]]],[[[-41.76635,-22.39077],[-41.76534,-22.39125],[-41.76634,-22.39225],[-41.76635,-22.39077]]],[[[-41.76506,-22.39046],[-41.76437,-22.38978],[-41.76407,-22.39059],[-41.76506,-22.39046]]],[[[-41.75999,-22.38405],[-41.75845,-22.38284],[-41.75863,-22.38453],[-41.75999,-22.38405]]],[[[-42.26193,-22.31979],[-42.16048,-22.21739],[-42.10768,-22.20974],[-42.09242,-22.20162],[-42.08778,-22.17047],[-42.0254,-22.1567],[-41.97829,-22.12629],[-41.97474,-22.16521],[-41.96751,-22.15342],[-41.9515,-22.15238],[-41.91298,-22.1698],[-41.91208,-22.18619],[-41.90132,-22.19051],[-41.91666,-22.22912],[-41.90286,-22.23101],[-41.9068,-22.24232],[-41.87834,-22.27488],[-41.86397,-22.27454],[-41.84005,-22.199],[-41.81941,-22.18624],[-41.82472,-22.14601],[-41.77112,-22.18088],[-41.70432,-22.25221],[-41.70835,-22.26469],[-41.68912,-22.30003],[-41.7704,-22.3597],[-41.76828,-22.38946],[-41.81779,-22.41703],[-41.82806,-22.40827],[-41.87867,-22.41807],[-41.94153,-22.39134],[-41.93701,-22.37675],[-41.9473,-22.38951],[-41.99852,-22.39917],[-42.02379,-22.38794],[-42.06352,-22.42277],[-42.06278,-22.433],[-42.08705,-22.43925],[-42.10579,-22.43667],[-42.09815,-22.405],[-42.11731,-22.4023],[-42.1411,-22.42554],[-42.20097,-22.43053],[-42.20406,-22.41427],[-42.21928,-22.40564],[-42.20701,-22.38665],[-42.21478,-22.37317],[-42.20532,-22.36913],[-42.21561,-22.34166],[-42.26193,-22.31979]]]]}},{"type":"Feature","id":"cep2-28","properties":{"postal_code_id":"cep2-28","postal_codes":["28"],"first_digits":["2"],"states":["RJ"]},"geometry":{"type":"MultiPolygon","coordinates":[[[[-41.97839,-22.97789],[-41.97787,-22.99685],[-42.00694,-23.01091],[-42.00329,-22.99335],[-41.97839,-22.97789]]],[[[-42.03759,-22.98468],[-42.03755,-22.98378],[-42.03698,-22.98427],[-42.03759,-22.98468]]],[[[-42.03823,-22.98335],[-42.03814,-22.98057],[-42.03731,-22.98074],[-42.03823,-22.98335]]],[[[-41.98969,-22.96899],[-41.99262,-22.9629],[-41.98546,-22.96368],[-41.98969,-22.96899]]],[[[-42.46945,-22.94442],[-42.46911,-22.94361],[-42.46788,-22.94385],[-42.46945,-22.94442]]],[[[-42.02986,-22.94216],[-42.02961,-22.94008],[-42.02877,-22.93986],[-42.02986,-22.94216]]],[[[-42.47614,-22.94049],[-42.47677,-22.93981],[-42.47571,-22.93944],[-42.47614,-22.94049]]],[[[-42.47561,-22.93907],[-42.4753,-22.93884],[-42.47533,-22.93919],[-42.47561,-22.93907]]],[[[-42.47466,-22.9385],[-42.47456,-22.93875],[-42.47486,-22.9387],[-42.47466,-22.9385]]],[[[-42.47442,-22.93852],[-42.4747,-22.93833],[-42.47426,-22.93809],[-42.47442,-22.93852]]],[[[-42.47346,-22.93855],[-42.47375,-22.93804],[-42.47359,-22.93787],[-42.47346,-22.93855]]],[[[-42.00823,-22.95479],[-41.99484,-22.96199],[-42.02098,-22.97463],[-42.00789,-22.98356],[-42.01412,-22.9973],[-42.04789,-22.96202],[-42.13496,-22.94867],[-42.35482,-22.93563],[-42.64121,-22.93754],[-42.63419,-22.91974],[-42.64659,-22.90787],[-42.67963,-22.90879],[-42.67719,-22.87773],[-42.64369,-22.84762],[-42.66866,-22.84489],[-42.65616,-22.82843],[-42.66974,-22.81541],[-42.6593,-22.79899],[-42.68811,-22.79288],[-42.67547,-22.77385],[-42.7004,-22.72674],[-42.78963,-22.63465],[-42.84519,-22.63618],[-42.90687,-22.65527],[-42.89928,-22.63852],[-42.90713,-22.60119],[-42.86558,-22.57162],[-42.89842,-22.52046],[-42.89122,-22.50266],[-42.90721,-22.49711],[-42.92298,-22.46949],[-42.91819,-22.45101],[-42.89775,-22.45903],[-42.87156,-22.4461],[-42.8524,-22.41692],[-42.81054,-22.40523],[-42.80341,-22.37869],[-42.76718,-22.38425],[-42.7232,-22.35339],[-42.71399,-22.26614],[-42.74392,-22.23403],[-42.73259,-22.20931],[-42.75182,-22.18614],[-42.74467,-22.1277],[-42.7591,-22.10049],[-42.73429,-22.09442],[-42.74212,-22.04783],[-42.71746,-22.05237],[-42.68858,-21.9627],[-42.69925,-21.95978],[-42.66347,-21.91546],[-42.66534,-21.87325],[-42.3777,-21.74839],[-42.33346,-21.74585],[-42.26665,-21.71447],[-42.27538,-21.67661],[-42.28614,-21.67738],[-42.30171,-21.65496],[-42.34007,-21.66201],[-42.34803,-21.6418],[-42.36515,-21.64646],[-42.35548,-21.62505],[-42.36868,-21.61842],[-42.32485,-21.56954],[-42.33095,-21.56049],[-42.31002,-21.55225],[-42.30644,-21.52945],[-42.2856,-21.52812],[-42.25462,-21.48698],[-42.29212,-21.45924],[-42.27531,-21.40418],[-42.23833,-21.40351],[-42.23812,-21.39217],[-42.25198,-21.3872],[-42.23002,-21.36649],[-42.23556,-21.34293],[-42.22424,-21.33781],[-42.23779,-21.31797],[-42.22871,-21.28246],[-42.18972,-21.25051],[-42.19151,-21.22361],[-42.20264,-21.22124],[-42.19472,-21.20274],[-42.20833,-21.17902],[-42.16369,-21.10068],[-42.1397,-21.10289],[-42.09999,-21.03424],[-42.08038,-21.03592],[-42.08481,-21.02299],[-42.14098,-20.99296],[-42.15095,-20.97403],[-42.13804,-20.96005],[-42.11479,-20.95839],[-42.09379,-20.93563],[-42.06766,-20.93919],[-42.02306,-20.92513],[-41.97593,-20.93555],[-41.97982,-20.92331],[-41.96669,-20.91695],[-41.95449,-20.86559],[-41.92671,-20.83879],[-41.93494,-20.82956],[-41.92823,-20.79401],[-41.90505,-20.79737],[-41.87474,-20.76593],[-41.852,-20.76396],[-41.81271,-20.803],[-41.7821,-20.7977],[-41.74613,-20.81265],[-41.73631,-20.83591],[-41.74147,-20.87259],[-41.71146,-20.87196],[-41.72365,-20.88456],[-41.72247,-20.92332],[-41.73735,-20.92794],[-41.71734,-20.95323],[-41.71007,-20.99131],[-41.72242,-21.00916],[-41.71621,-21.04681],[-41.72377,-21.05567],[-41.72792,-21.04925],[-41.73264,-21.0664],[-41.72156,-21.0733],[-41.73594,-21.1026],[-41.70833,-21.10661],[-41.72056,-21.12237],[-41.70494,-21.12779],[-41.69559,-21.11553],[-41.67766,-21.12409],[-41.67875,-21.13321],[-41.66278,-21.12485],[-41.66536,-21.13198],[-41.61259,-21.157],[-41.58613,-21.14981],[-41.56462,-21.18374],[-41.55766,-21.17326],[-41.51674,-21.18772],[-41.51155,-21.17584],[-41.49826,-21.18513],[-41.48652,-21.17989],[-41.44617,-21.21548],[-41.37665,-21.1958],[-41.31618,-21.21355],[-41.31694,-21.222],[-41.27622,-21.24015],[-41.24137,-21.22036],[-41.19036,-21.24856],[-41.09123,-21.2189],[-41.04438,-21.25328],[-41.00537,-21.25108],[-40.99502,-21.28638],[-40.97992,-21.28012],[-40.96104,-21.30112],[-40.96979,-21.37573],[-41.00083,-21.40409],[-41.07292,-21.51213],[-41.04815,-21.6178],[-41.02662,-21.62329],[-41.01309,-21.62352],[-41.02303,-21.73872],[-40.97507,-21.96665],[-41.00403,-22.02109],[-41.07685,-22.05782],[-41.1311,-22.08934],[-41.16742,-22.11583],[-41.26456,-22.15371],[-41.49385,-22.21539],[-41.68912,-22.30003],[-41.70835,-22.26469],[-41.70432,-22.25221],[-41.77112,-22.18088],[-41.82472,-22.14601],[-41.81941,-22.18624],[-41.84005,-22.199],[-41.86397,-22.27454],[-41.87834,-22.27488],[-41.9068,-22.24232],[-41.90286,-22.23101],[-41.91666,-22.22912],[-41.90132,-22.19051],[-41.91208,-22.18619],[-41.91298,-22.1698],[-41.9515,-22.15238],[-41.96751,-22.15342],[-41.97474,-22.16521],[-41.97829,-22.12629],[-42.0254,-22.1567],[-42.08778,-22.17047],[-42.09242,-22.20162],[-42.16048,-22.21739],[-42.22729,-22.27422],[-42.26417,-22.31555],[-42.21561,-22.34166],[-42.20532,-22.36913],[-42.21478,-22.37317],[-42.20701,-22.38665],[-42.21928,-22.40564],[-42.20406,-22.41427],[-42.20097,-22.43053],[-42.1411,-22.42554],[-42.11731,-22.4023],[-42.09815,-22.405],[-42.10579,-22.43667],[-42.08705,-22.43925],[-42.06278,-22.433],[-42.06352,-22.42277],[-42.02379,-22.38794],[-41.99852,-22.39917],[-41.9473,-22.38951],[-41.93701,-22.37675],[-41.94153,-22.39134],[-41.87867,-22.41807],[-41.82806,-22.40827],[-41.81779,-22.41703],[-41.83389,-22.4281],[-41.85316,-22.44715],[-41.86258,-22.47599],[-41.89724,-22.49222],[-41.93282,-22.53759],[-41.94671,-22.52838],[-41.95987,-22.53294],[-41.99575,-22.60062],[-41.99754,-22.6678],[-41.98126,-22.72302],[-41.92243,-22.77122],[-41.88589,-22.75442],[-41.88087,-22.73996],[-41.86386,-22.75448],[-41.89321,-22.78557],[-41.89993,-22.78126],[-41.90986,-22.77878],[-41.92182,-22.78712],[-41.92849,-22.81457],[-41.94029,-22.80941],[-41.96941,-22.82276],[-41.98968,-22.88275],[-42.02041,-22.88877],[-42.03729,-22.93313],[-42.02237,-22.96091],[-42.00823,-22.95479]]],[[[-41.98893,-22.89241],[-41.97883,-22.89267],[-41.98185,-22.89801],[-41.98893,-22.89241]]],[[[-41.9606,-22.88535],[-41.96094,-22.88379],[-41.96033,-22.8832],[-41.9606,-22.88535]]],[[[-41.9594,-22.8841],[-41.95913,-22.88181],[-41.9581,-22.88241],[-41.9594,-22.8841]]],[[[-41.94296,-22.87849],[-41.93949,-22.87718],[-41.94199,-22.87998],[-41.94296,-22.87849]]],[[[-41.9532,-22.87614],[-41.95314,-22.87226],[-41.94948,-22.87081],[-41.9532,-22.87614]]],[[[-41.9383,-22.8704],[-41.93821,-22.86978],[-41.93796,-22.87],[-41.9383,-22.8704]]],[[[-41.94458,-22.87588],[-41.94522,-22.86364],[-41.93579,-22.86284],[-41.94458,-22.87588]]],[[[-41.92135,-22.86359],[-41.91832,-22.86407],[-41.91973,-22.86558],[-41.92135,-22.86359]]],[[[-41.92451,-22.8639],[-41.92133,-22.86381],[-41.92352,-22.86478],[-41.92451,-22.8639]]],[[[-41.91968,-22.81575],[-41.91969,-22.81519],[-41.91912,-22.8155],[-41.91968,-22.81575]]],[[[-41.92347,-22.8131],[-41.92221,-22.81263],[-41.92019,-22.81449],[-41.92347,-22.8131]]],[[[-41.94154,-22.7395],[-41.94157,-22.73934],[-41.94141,-22.73934],[-41.94154,-22.7395]]],[[[-41.94367,-22.74103],[-41.94626,-22.73701],[-41.94195,-22.73896],[-41.94367,-22.74103]]],[[[-41.94621,-22.73673],[-41.9464,-22.73655],[-41.94612,-22.73654],[-41.94621,-22.73673]]],[[[-41.94062,-22.73684],[-41.94078,-22.73603],[-41.94051,-22.73636],[-41.94062,-22.73684]]],[[[-41.946,-22.72773],[-41.94584,-22.72788],[-41.94613,-22.728],[-41.946,-22.72773]]],[[[-41.92652,-22.72342],[-41.91979,-22.72193],[-41.92207,-22.72547],[-41.92652,-22.72342]]],[[[-41.98269,-22.59697],[-41.98321,-22.59689],[-41.98226,-22.59591],[-41.98269,-22.59697]]],[[[-41.93447,-22.5418],[-41.93412,-22.54144],[-41.93386,-22.54174],[-41.93447,-22.5418]]],[[[-41.94139,-22.54169],[-41.94217,-22.54141],[-41.94144,-22.54115],[-41.94139,-22.54169]]],[[[-41.93503,-22.54062],[-41.93526,-22.54076],[-41.93519,-22.54055],[-41.93503,-22.54062]]],[[[-41.94156,-22.54055],[-41.94167,-22.54047],[-41.94155,-22.54039],[-41.94156,-22.54055]]],[[[-41.93375,-22.54049],[-41.93381,-22.54038],[-41.93367,-22.54038],[-41.93375,-22.54049]]],[[[-41.93404,-22.54048],[-41.93412,-22.54046],[-41.93396,-22.54022],[-41.93404,-22.54048]]],[[[-41.93427,-22.53993],[-41.93411,-22.54008],[-41.93431,-22.5401],[-41.93427,-22.53993]]],[[[-41.9431,-22.53959],[-41.94292,-22.53982],[-41.94314,-22.53976],[-41.9431,-22.53959]]],[[[-41.93587,-22.5395],[-41.9357,-22.53936],[-41.93568,-22.53946],[-41.93587,-22.5395]]],[[[-41.93776,-22.54004],[-41.93736,-22.53852],[-41.9359,-22.53908],[-41.93776,-22.54004]]],[[[-41.91875,-22.533],[-41.9199,-22.53294],[-41.91906,-22.53185],[-41.91875,-22.533]]],[[[-41.91975,-22.52693],[-41.91964,-22.52662],[-41.91959,-22.52687],[-41.91975,-22.52693]]],[[[-41.90954,-22.85916],[-41.90431,-22.85136],[-41.90471,-22.86033],[-41.90954,-22.85916]]],[[[-41.9035,-22.8505],[-41.90294,-22.85038],[-41.90284,-22.8508],[-41.9035,-22.8505]]],[[[-41.89346,-22.84594],[-41.89075,-22.84322],[-41.88907,-22.84458],[-41.89346,-22.84594]]],[[[-41.91817,-22.81703],[-41.91945,-22.81669],[-41.91912,-22.8156],[-41.91817,-22.81703]]],[[[-41.91778,-22.81627],[-41.91805,-22.81558],[-41.91736,-22.81573],[-41.91778,-22.81627]]],[[[-41.89637,-22.78633],[-41.89651,-22.78579],[-41.89631,-22.78609],[-41.89637,-22.78633]]],[[[-41.89222,-22.78466],[-41.89212,-22.78464],[-41.89212,-22.78477],[-41.89222,-22.78466]]],[[[-41.90258,-22.78353],[-41.90244,-22.78345],[-41.90252,-22.78363],[-41.90258,-22.78353]]],[[[-41.89987,-22.78254],[-41.89978,-22.78269],[-41.89983,-22.78275],[-41.89987,-22.78254]]],[[[-41.89984,-22.78247],[-41.89999,-22.78233],[-41.89985,-22.78235],[-41.89984,-22.78247]]],[[[-41.8723,-22.76685],[-41.87252,-22.76582],[-41.87198,-22.76616],[-41.8723,-22.76685]]],[[[-41.90366,-22.75615],[-41.9039,-22.75555],[-41.90342,-22.75568],[-41.90366,-22.75615]]],[[[-41.88694,-22.75257],[-41.88755,-22.7529],[-41.8874,-22.75233],[-41.88694,-22.75257]]],[[[-41.87549,-22.73098],[-41.87415,-22.72955],[-41.8729,-22.73043],[-41.87549,-22.73098]]],[[[-41.90876,-22.53701],[-41.90919,-22.5371],[-41.90915,-22.5369],[-41.90876,-22.53701]]],[[[-41.90946,-22.53655],[-41.90956,-22.53645],[-41.90936,-22.53651],[-41.90946,-22.53655]]],[[[-41.91709,-22.53247],[-41.91639,-22.53216],[-41.91633,-22.53253],[-41.91709,-22.53247]]],[[[-41.91877,-22.53167],[-41.91852,-22.5315],[-41.91855,-22.53183],[-41.91877,-22.53167]]],[[[-41.88449,-22.48978],[-41.88496,-22.48977],[-41.88457,-22.48968],[-41.88449,-22.48978]]],[[[-41.88326,-22.48975],[-41.88404,-22.48961],[-41.88338,-22.4894],[-41.88326,-22.48975]]],[[[-41.88471,-22.48953],[-41.88509,-22.48945],[-41.88481,-22.48941],[-41.88471,-22.48953]]],[[[-41.88465,-22.48824],[-41.88467,-22.48786],[-41.88399,-22.48817],[-41.88465,-22.48824]]],[[[-41.86523,-22.47871],[-41.8651,-22.47839],[-41.86422,-22.47913],[-41.86523,-22.47871]]],[[[-41.86128,-22.47542],[-41.86176,-22.47476],[-41.86109,-22.47511],[-41.86128,-22.47542]]],[[[-41.85813,-22.47452],[-41.85774,-22.47349],[-41.85659,-22.47464],[-41.85813,-22.47452]]],[[[-41.85808,-22.47281],[-41.85744,-22.47304],[-41.85771,-22.47337],[-41.85808,-22.47281]]],[[[-41.85621,-22.46678],[-41.85599,-22.46797],[-41.85681,-22.4675],[-41.85621,-22.46678]]],[[[-41.85222,-22.46409],[-41.85228,-22.46388],[-41.85194,-22.46405],[-41.85222,-22.46409]]],[[[-41.85369,-22.4637],[-41.85397,-22.46257],[-41.8529,-22.46274],[-41.85369,-22.4637]]],[[[-41.85245,-22.46289],[-41.8526,-22.46257],[-41.85215,-22.46269],[-41.85245,-22.46289]]],[[[-41.85493,-22.457],[-41.85479,-22.45677],[-41.85484,-22.45713],[-41.85493,-22.457]]],[[[-41.85497,-22.45693],[-41.85514,-22.45696],[-41.85495,-22.4567],[-41.85497,-22.45693]]],[[[-41.85405,-22.45568],[-41.85435,-22.45506],[-41.85396,-22.45522],[-41.85405,-22.45568]]],[[[-41.8543,-22.45491],[-41.8545,-22.45496],[-41.85435,-22.45476],[-41.8543,-22.45491]]],[[[-41.82891,-22.78485],[-41.82907,-22.78454],[-41.82832,-22.78433],[-41.82891,-22.78485]]],[[[-41.82923,-22.78453],[-41.82976,-22.7844],[-41.82926,-22.78389],[-41.82923,-22.78453]]],[[[-41.82538,-22.77636],[-41.82593,-22.77177],[-41.81974,-22.77181],[-41.82538,-22.77636]]],[[[-41.79386,-22.7717],[-41.78964,-22.76743],[-41.78491,-22.77084],[-41.79386,-22.7717]]],[[[-41.84839,-22.47897],[-41.84888,-22.47875],[-41.84843,-22.47846],[-41.84839,-22.47897]]],[[[-41.84979,-22.47887],[-41.85001,-22.47868],[-41.84957,-22.47849],[-41.84979,-22.47887]]],[[[-41.85054,-22.47845],[-41.85133,-22.47864],[-41.85096,-22.47781],[-41.85054,-22.47845]]],[[[-41.85145,-22.46476],[-41.85092,-22.46501],[-41.85106,-22.46513],[-41.85145,-22.46476]]],[[[-41.85254,-22.45401],[-41.85056,-22.45445],[-41.85223,-22.45489],[-41.85254,-22.45401]]],[[[-41.82888,-22.42583],[-41.82897,-22.42553],[-41.82842,-22.42558],[-41.82888,-22.42583]]],[[[-41.82804,-22.42463],[-41.82822,-22.42447],[-41.828,-22.42452],[-41.82804,-22.42463]]],[[[-41.82767,-22.42462],[-41.8278,-22.42443],[-41.82758,-22.42444],[-41.82767,-22.42462]]],[[[-41.82781,-22.42434],[-41.82804,-22.42435],[-41.82789,-22.42425],[-41.82781,-22.42434]]],[[[-41.11664,-22.08147],[-41.11639,-22.08121],[-41.11629,-22.08147],[-41.11664,-22.08147]]],[[[-41.02701,-21.62319],[-41.02971,-21.62133],[-41.02721,-21.62159],[-41.02701,-21.62319]]],[[[-41.02478,-21.62298],[-41.02848,-21.62068],[-41.022,-21.62106],[-41.02478,-21.62298]]],[[[-41.01652,-21.62148],[-41.01686,-21.62106],[-41.01569,-21.62087],[-41.01652,-21.62148]]],[[[-41.01754,-21.62061],[-41.01726,-21.61972],[-41.01604,-21.62038],[-41.01754,-21.62061]]],[[[-41.01892,-21.62047],[-41.02032,-21.6203],[-41.01768,-21.61955],[-41.01892,-21.62047]]],[[[-41.01691,-21.61939],[-41.01548,-21.61887],[-41.01583,-21.62007],[-41.01691,-21.61939]]],[[[-41.01378,-21.61496],[-41.01458,-21.61877],[-41.01618,-21.61245],[-41.01378,-21.61496]]],[[[-41.0438,-21.58496],[-41.0193,-21.60793],[-41.01779,-21.61397],[-41.04643,-21.61555],[-41.0438,-21.58496]]],[[[-41.04763,-21.58362],[-41.0485,-21.58341],[-41.04803,-21.58271],[-41.04763,-21.58362]]],[[[-41.03639,-21.46405],[-41.03643,-21.46376],[-41.03609,-21.46378],[-41.03639,-21.46405]]],[[[-41.03638,-21.463],[-41.03598,-21.46266],[-41.03563,-21.46347],[-41.03638,-21.463]]]]}},{"type":"Feature","id":"cep2-29","properties":{"postal_code_id":"cep2-29","postal_codes":["29"],"first_digits":["2"],"states":["ES"]},"geometry":{"type":"MultiPolygon","coordinates":[[[[-40.88506,-21.16265],[-40.88394,-21.16182],[-40.88325,-21.16375],[-40.88506,-21.16265]]],[[[-41.00537,-21.25108],[-41.04438,-21.25328],[-41.09123,-21.2189],[-41.19036,-21.24856],[-41.24137,-21.22036],[-41.27622,-21.24015],[-41.31694,-21.222],[-41.31618,-21.21355],[-41.37665,-21.1958],[-41.44617,-21.21548],[-41.48652,-21.17989],[-41.49826,-21.18513],[-41.51155,-21.17584],[-41.51674,-21.18772],[-41.55766,-21.17326],[-41.56462,-21.18374],[-41.58613,-21.14981],[-41.61259,-21.157],[-41.66536,-21.13198],[-41.66278,-21.12485],[-41.67875,-21.13321],[-41.67766,-21.12409],[-41.69559,-21.11553],[-41.70494,-21.12779],[-41.72056,-21.12237],[-41.70833,-21.10661],[-41.73594,-21.1026],[-41.72156,-21.0733],[-41.73264,-21.0664],[-41.72792,-21.04925],[-41.72377,-21.05567],[-41.71621,-21.04681],[-41.72242,-21.00916],[-41.71007,-20.99131],[-41.71734,-20.95323],[-41.73735,-20.92794],[-41.72247,-20.92332],[-41.72365,-20.88456],[-41.71146,-20.87196],[-41.74147,-20.87259],[-41.73631,-20.83591],[-41.74613,-20.81265],[-41.7821,-20.7977],[-41.81271,-20.803],[-41.852,-20.76396],[-41.8792,-20.76225],[-41.87641,-20.74708],[-41.85894,-20.74349],[-41.86536,-20.72202],[-41.85066,-20.69117],[-41.8073,-20.64369],[-41.8212,-20.63713],[-41.81741,-20.62454],[-41.8564,-20.61719],[-41.82839,-20.5573],[-41.80831,-20.55055],[-41.8043,-20.5384],[-41.82542,-20.48326],[-41.79947,-20.47702],[-41.79823,-20.43502],[-41.80339,-20.42224],[-41.83664,-20.40911],[-41.84506,-20.37736],[-41.85946,-20.37293],[-41.84851,-20.33048],[-41.77627,-20.28636],[-41.75675,-20.20687],[-41.41558,-20.20736],[-41.38244,-20.18908],[-41.30911,-20.01637],[-41.3199,-19.97863],[-41.30792,-19.94834],[-41.29793,-19.93762],[-41.24447,-19.93734],[-41.22961,-19.907],[-41.18488,-19.88896],[-41.1757,-19.83935],[-41.18629,-19.82767],[-41.16411,-19.80639],[-41.19107,-19.74587],[-41.17994,-19.74062],[-41.16847,-19.67222],[-41.13732,-19.65757],[-41.1295,-19.64274],[-41.1086,-19.63947],[-41.09088,-19.59634],[-41.07519,-19.59885],[-41.07192,-19.58441],[-41.03686,-19.57046],[-41.04669,-19.4874],[-41.01907,-19.50488],[-40.97224,-19.50529],[-40.94469,-19.46096],[-40.96645,-19.42358],[-40.95071,-19.393],[-40.93045,-19.38415],[-40.93847,-19.34607],[-40.90769,-19.30881],[-40.9445,-19.27955],[-40.92185,-19.27189],[-40.91618,-19.25893],[-40.93227,-19.25118],[-40.94155,-19.23013],[-40.92267,-19.20409],[-40.92593,-19.1897],[-40.94109,-19.18057],[-40.94355,-19.14484],[-40.96213,-19.1395],[-40.95612,-19.12911],[-40.98476,-19.10072],[-41.00706,-19.10053],[-41.0126,-19.0758],[-41.05385,-19.06886],[-41.07179,-19.02385],[-41.06705,-19.00699],[-41.01803,-18.97351],[-41.04324,-18.97956],[-41.05136,-18.96622],[-41.06065,-18.96828],[-41.06504,-18.94485],[-41.08022,-18.94694],[-41.07924,-18.93854],[-41.11817,-18.92177],[-41.12685,-18.89451],[-41.15296,-18.88661],[-41.16636,-18.85823],[-41.18666,-18.86408],[-41.20843,-18.85505],[-41.21478,-18.87764],[-41.24323,-18.85378],[-41.24514,-18.82054],[-41.23241,-18.79728],[-41.13347,-18.79681],[-41.11051,-18.83894],[-41.09747,-18.84231],[-40.96391,-18.84117],[-40.91677,-18.81554],[-40.94,-18.77029],[-40.94146,-18.69072],[-40.98782,-18.67814],[-41.02875,-18.64673],[-41.04447,-18.64799],[-41.05089,-18.63415],[-41.03296,-18.61876],[-41.04199,-18.6054],[-41.01588,-18.47675],[-41.02303,-18.45726],[-41.18184,-18.43958],[-41.16667,-18.41522],[-41.14422,-18.40533],[-41.16045,-18.4028],[-41.16254,-18.39076],[-41.1481,-18.37915],[-41.15892,-18.30824],[-41.09647,-18.25558],[-41.10274,-18.23697],[-41.09135,-18.23026],[-41.10445,-18.21328],[-41.09273,-18.1954],[-41.05645,-18.17884],[-41.05193,-18.16511],[-41.03419,-18.16353],[-41.03381,-18.17211],[-41.0281,-18.15767],[-41.01459,-18.15758],[-41.01009,-18.16763],[-40.98839,-18.1698],[-40.98032,-18.14136],[-40.95454,-18.15449],[-40.94911,-18.12864],[-40.93221,-18.13648],[-40.89171,-18.10893],[-40.88901,-18.12402],[-40.8785,-18.11997],[-40.85227,-18.14624],[-40.79474,-18.16005],[-40.7715,-18.15594],[-40.7733,-18.10756],[-40.90244,-17.98621],[-40.88178,-17.97102],[-40.86313,-17.98832],[-40.83055,-17.95418],[-40.82497,-17.9637],[-40.80816,-17.95205],[-40.79227,-17.98168],[-40.78212,-17.97525],[-40.77093,-17.98642],[-40.77177,-18.00339],[-40.75277,-18.00962],[-40.72577,-18.00122],[-40.70368,-18.02373],[-40.62615,-17.99105],[-40.61528,-17.94228],[-40.58716,-17.93902],[-40.58471,-17.91817],[-40.52704,-17.89194],[-40.46274,-17.92821],[-40.44505,-17.91883],[-40.35561,-17.93045],[-40.34552,-17.92378],[-40.22235,-17.98042],[-39.66663,-18.33154],[-39.72158,-18.48456],[-39.72839,-18.61108],[-39.74648,-18.70616],[-39.74279,-18.93608],[-39.69145,-19.27323],[-39.69646,-19.3669],[-39.8108,-19.64961],[-39.88078,-19.67181],[-39.96807,-19.72584],[-40.04511,-19.80067],[-40.102,-19.92117],[-40.15391,-19.95279],[-40.13342,-19.96215],[-40.15891,-20.03588],[-40.18363,-20.03971],[-40.19181,-20.0545],[-40.17331,-20.07714],[-40.17197,-20.107],[-40.19854,-20.21607],[-40.22468,-20.25354],[-40.23126,-20.29136],[-40.23749,-20.29498],[-40.2588,-20.26579],[-40.28912,-20.28378],[-40.28932,-20.30857],[-40.27904,-20.30736],[-40.27439,-20.32003],[-40.26804,-20.32918],[-40.28018,-20.33571],[-40.3142,-20.39253],[-40.36013,-20.5199],[-40.39102,-20.55566],[-40.40457,-20.5993],[-40.43455,-20.64166],[-40.43494,-20.63554],[-40.45177,-20.62425],[-40.46413,-20.62375],[-40.47202,-20.65384],[-40.46851,-20.66053],[-40.48056,-20.65236],[-40.48868,-20.65522],[-40.49755,-20.6639],[-40.49167,-20.66902],[-40.50178,-20.67622],[-40.53334,-20.74108],[-40.54742,-20.73958],[-40.55919,-20.7493],[-40.58331,-20.80272],[-40.61027,-20.80848],[-40.63075,-20.8412],[-40.62829,-20.82031],[-40.65332,-20.80587],[-40.74643,-20.85007],[-40.80345,-20.94168],[-40.81252,-21.03188],[-40.83217,-21.05354],[-40.85842,-21.12763],[-40.91678,-21.17555],[-40.94997,-21.22961],[-40.96104,-21.30112],[-40.97992,-21.28012],[-40.99502,-21.28638],[-41.00537,-21.25108]]],[[[-40.80084,-21.00614],[-40.80038,-21.00598],[-40.8012,-21.00683],[-40.80084,-21.00614]]],[[[-40.78815,-21.00337],[-40.78769,-21.00295],[-40.78779,-21.00343],[-40.78815,-21.00337]]],[[[-40.78581,-21.0025],[-40.7865,-21.00161],[-40.78524,-21.00104],[-40.78581,-21.0025]]],[[[-40.75205,-20.92745],[-40.75691,-20.92793],[-40.75308,-20.92429],[-40.75205,-20.92745]]],[[[-40.74944,-20.8733],[-40.75229,-20.87478],[-40.75048,-20.87326],[-40.74944,-20.8733]]],[[[-40.72773,-20.85469],[-40.72613,-20.855],[-40.72812,-20.8565],[-40.72773,-20.85469]]],[[[-40.72797,-20.85023],[-40.7258,-20.8475],[-40.72503,-20.84913],[-40.72797,-20.85023]]],[[[-40.6844,-20.82772],[-40.68488,-20.82714],[-40.68428,-20.8273],[-40.6844,-20.82772]]],[[[-40.59877,-20.80833],[-40.6005,-20.80731],[-40.59831,-20.80671],[-40.59877,-20.80833]]],[[[-40.55003,-20.76231],[-40.54961,-20.76132],[-40.54949,-20.76231],[-40.55003,-20.76231]]],[[[-40.54697,-20.75959],[-40.54698,-20.75882],[-40.54625,-20.75944],[-40.54697,-20.75959]]],[[[-40.5471,-20.75807],[-40.54787,-20.75849],[-40.54711,-20.75755],[-40.5471,-20.75807]]],[[[-40.54156,-20.7427],[-40.54285,-20.74301],[-40.54129,-20.74209],[-40.54156,-20.7427]]],[[[-40.52802,-20.73721],[-40.5285,-20.73695],[-40.52768,-20.7366],[-40.52802,-20.73721]]],[[[-40.52635,-20.73188],[-40.52628,-20.73173],[-40.52585,-20.73188],[-40.52635,-20.73188]]],[[[-40.52365,-20.73037],[-40.52316,-20.73055],[-40.52342,-20.73078],[-40.52365,-20.73037]]],[[[-40.52448,-20.73033],[-40.52417,-20.72945],[-40.5241,-20.73038],[-40.52448,-20.73033]]],[[[-40.5094,-20.71463],[-40.50974,-20.71356],[-40.50893,-20.71381],[-40.5094,-20.71463]]],[[[-40.50968,-20.71298],[-40.50937,-20.71235],[-40.50887,-20.71277],[-40.50968,-20.71298]]],[[[-40.50835,-20.71162],[-40.50859,-20.71064],[-40.50793,-20.71062],[-40.50835,-20.71162]]],[[[-40.51218,-20.70388],[-40.51194,-20.70397],[-40.51216,-20.70413],[-40.51218,-20.70388]]],[[[-40.4076,-20.70038],[-40.40633,-20.69909],[-40.40552,-20.70018],[-40.4076,-20.70038]]],[[[-40.50062,-20.68316],[-40.50212,-20.684],[-40.50168,-20.68314],[-40.50062,-20.68316]]],[[[-40.47079,-20.66379],[-40.46853,-20.66088],[-40.46667,-20.66209],[-40.47079,-20.66379]]],[[[-40.49431,-20.6619],[-40.49415,-20.66155],[-40.49399,-20.66185],[-40.49431,-20.6619]]],[[[-40.47244,-20.66111],[-40.47213,-20.66127],[-40.47245,-20.66142],[-40.47244,-20.66111]]],[[[-40.46352,-20.64442],[-40.46293,-20.64429],[-40.46337,-20.64473],[-40.46352,-20.64442]]],[[[-40.46433,-20.64411],[-40.46438,-20.64394],[-40.46414,-20.64393],[-40.46433,-20.64411]]],[[[-40.46143,-20.64403],[-40.46151,-20.64369],[-40.46119,-20.64395],[-40.46143,-20.64403]]],[[[-40.42964,-20.64068],[-40.43058,-20.64044],[-40.42927,-20.63862],[-40.42964,-20.64068]]],[[[-40.44635,-20.6382],[-40.44623,-20.6388],[-40.44696,-20.63832],[-40.44635,-20.6382]]],[[[-40.44394,-20.63801],[-40.44342,-20.63773],[-40.44359,-20.63806],[-40.44394,-20.63801]]],[[[-40.4411,-20.63806],[-40.4409,-20.63751],[-40.43927,-20.63749],[-40.4411,-20.63806]]],[[[-40.43707,-20.63592],[-40.43741,-20.63539],[-40.43701,-20.63522],[-40.43707,-20.63592]]],[[[-40.46458,-20.62745],[-40.46469,-20.62718],[-40.46438,-20.62728],[-40.46458,-20.62745]]],[[[-40.39607,-20.62173],[-40.39565,-20.62199],[-40.39646,-20.62264],[-40.39607,-20.62173]]],[[[-40.3661,-20.67845],[-40.36478,-20.67709],[-40.36392,-20.67792],[-40.3661,-20.67845]]],[[[-40.3684,-20.67652],[-40.3674,-20.67593],[-40.36744,-20.67689],[-40.3684,-20.67652]]],[[[-40.3776,-20.61424],[-40.37812,-20.61293],[-40.37639,-20.61254],[-40.3776,-20.61424]]],[[[-40.38418,-20.61478],[-40.38144,-20.61099],[-40.3801,-20.61469],[-40.38418,-20.61478]]],[[[-40.37631,-20.61038],[-40.37391,-20.60838],[-40.37271,-20.61313],[-40.37631,-20.61038]]],[[[-40.38866,-20.61025],[-40.38775,-20.61007],[-40.38818,-20.61097],[-40.38866,-20.61025]]],[[[-40.3925,-20.59846],[-40.39266,-20.5973],[-40.39053,-20.59806],[-40.3925,-20.59846]]],[[[-40.35731,-20.52549],[-40.35887,-20.52446],[-40.35711,-20.52432],[-40.35731,-20.52549]]],[[[-40.31097,-20.42064],[-40.31029,-20.42103],[-40.31214,-20.4217],[-40.31097,-20.42064]]],[[[-40.30071,-20.38234],[-40.30022,-20.38201],[-40.30041,-20.38239],[-40.30071,-20.38234]]],[[[-40.29704,-20.38254],[-40.29571,-20.37983],[-40.29456,-20.3813],[-40.29704,-20.38254]]],[[[-40.28647,-20.37176],[-40.28652,-20.37151],[-40.28625,-20.37172],[-40.28647,-20.37176]]],[[[-40.27828,-20.36559],[-40.27912,-20.36436],[-40.27788,-20.36422],[-40.27828,-20.36559]]],[[[-40.27994,-20.36473],[-40.27943,-20.36423],[-40.2792,-20.36476],[-40.27994,-20.36473]]],[[[-40.2775,-20.36387],[-40.27612,-20.36353],[-40.27757,-20.36459],[-40.2775,-20.36387]]],[[[-40.28116,-20.36339],[-40.27938,-20.3623],[-40.2789,-20.3632],[-40.28116,-20.36339]]],[[[-40.27705,-20.3626],[-40.27652,-20.36159],[-40.27617,-20.36207],[-40.27705,-20.3626]]],[[[-40.28154,-20.36141],[-40.28106,-20.36053],[-40.28077,-20.3614],[-40.28154,-20.36141]]],[[[-40.2799,-20.36049],[-40.27849,-20.36014],[-40.27969,-20.36113],[-40.2799,-20.36049]]],[[[-40.28048,-20.35417],[-40.28017,-20.35519],[-40.28136,-20.35516],[-40.28048,-20.35417]]],[[[-40.27604,-20.35114],[-40.27645,-20.35081],[-40.27563,-20.35064],[-40.27604,-20.35114]]],[[[-40.27702,-20.30852],[-40.27616,-20.30693],[-40.2754,-20.30935],[-40.27702,-20.30852]]],[[[-40.28717,-20.3052],[-40.28727,-20.30473],[-40.28701,-20.30502],[-40.28717,-20.3052]]],[[[-40.28405,-20.29275],[-40.28286,-20.29252],[-40.28325,-20.29346],[-40.28405,-20.29275]]],[[[-40.28204,-20.29234],[-40.28163,-20.29219],[-40.28185,-20.29266],[-40.28204,-20.29234]]],[[[-40.28582,-20.28457],[-40.28532,-20.28407],[-40.28512,-20.28476],[-40.28582,-20.28457]]],[[[-29.34423,-20.4998],[-29.33686,-20.48815],[-29.29958,-20.52666],[-29.33053,-20.52217],[-29.34423,-20.4998]]],[[[-28.85059,-20.49697],[-28.84825,-20.49589],[-28.8479,-20.49789],[-28.85059,-20.49697]]],[[[-28.85177,-20.47185],[-28.84784,-20.47545],[-28.85134,-20.47914],[-28.85177,-20.47185]]],[[[-28.85518,-20.47248],[-28.85581,-20.47245],[-28.85545,-20.47201],[-28.85518,-20.47248]]],[[[-28.85476,-20.47034],[-28.85654,-20.46908],[-28.8542,-20.46871],[-28.85476,-20.47034]]],[[[-40.27499,-20.35391],[-40.27569,-20.35332],[-40.27486,-20.35337],[-40.27499,-20.35391]]],[[[-40.25312,-20.35305],[-40.25251,-20.35277],[-40.2526,-20.35333],[-40.25312,-20.35305]]],[[[-40.24999,-20.35241],[-40.24985,-20.35192],[-40.24953,-20.35209],[-40.24999,-20.35241]]],[[[-40.2507,-20.35237],[-40.25099,-20.35099],[-40.2502,-20.35223],[-40.2507,-20.35237]]],[[[-40.27222,-20.33619],[-40.27219,-20.33541],[-40.27193,-20.33616],[-40.27222,-20.33619]]],[[[-40.27126,-20.3362],[-40.27185,-20.33459],[-40.27068,-20.33543],[-40.27126,-20.3362]]],[[[-40.27519,-20.3334],[-40.27501,-20.33361],[-40.27508,-20.33378],[-40.27519,-20.3334]]],[[[-40.27065,-20.33186],[-40.27012,-20.33353],[-40.27132,-20.33284],[-40.27065,-20.33186]]],[[[-40.26857,-20.33218],[-40.26873,-20.33135],[-40.2679,-20.33194],[-40.26857,-20.33218]]],[[[-40.26586,-20.32411],[-40.26591,-20.32353],[-40.26562,-20.32396],[-40.26586,-20.32411]]],[[[-40.27187,-20.32206],[-40.27158,-20.32],[-40.27038,-20.3223],[-40.27187,-20.32206]]],[[[-40.26909,-20.32047],[-40.26819,-20.32067],[-40.26868,-20.3216],[-40.26909,-20.32047]]],[[[-40.2751,-20.30687],[-40.27382,-20.30704],[-40.27365,-20.30863],[-40.2751,-20.30687]]],[[[-40.27596,-20.29856],[-40.27561,-20.29753],[-40.27534,-20.29865],[-40.27596,-20.29856]]],[[[-40.13358,-19.9689],[-40.13428,-19.96913],[-40.13381,-19.96804],[-40.13358,-19.9689]]]]}},{"type":"Feature","id":"cep2-30-31","properties":{"postal_code_id":"cep2-30-31","postal_codes":["30","31"],"first_digits":["3"],"states":["MG"]},"geometry":{"type":"Polygon","coordinates":[[[-44.01012,-20.0391],[-44.0368,-20.02127],[-44.06271,-19.97364],[-44.0385,-19.98267],[-44.00543,-19.95504],[-44.0268,-19.93511],[-44.0259,-19.89909],[-44.01311,-19.88215],[-44.02223,-19.86792],[-44.00865,-19.85346],[-44.02025,-19.83801],[-43.98956,-19.78471],[-43.96404,-19.79155],[-43.95824,-19.77788],[-43.94608,-19.77724],[-43.94041,-19.79939],[-43.91295,-19.79706],[-43.86199,-19.82777],[-43.86726,-19.83986],[-43.85722,-19.85633],[-43.90978,-19.87634],[-43.90593,-19.88648],[-43.89029,-19.88672],[-43.87011,-19.92787],[-43.93971,-19.97537],[-44.0125,-20.0595],[-44.01012,-20.0391]]]}},{"type":"Feature","id":"cep2-32","properties":{"postal_code_id":"cep2-32","postal_codes":["32"],"first_digits":["3"],"states":["MG"]},"geometry":{"type":"Polygon","coordinates":[[[-44.08798,-20.0934],[-44.21015,-20.10061],[-44.25194,-20.12521],[-44.27868,-20.11186],[-44.35573,-20.12358],[-44.37533,-20.07093],[-44.33461,-19.99651],[-44.29967,-20.00222],[-44.28004,-19.99315],[-44.27032,-20.00392],[-44.28097,-19.96208],[-44.31649,-19.93833],[-44.30579,-19.93358],[-44.31561,-19.90695],[-44.29974,-19.91049],[-44.26673,-19.87939],[-44.2363,-19.87903],[-44.23305,-19.85726],[-44.22173,-19.85175],[-44.22655,-19.84108],[-44.21444,-19.83188],[-44.1944,-19.84117],[-44.18171,-19.83175],[-44.16912,-19.84692],[-44.15534,-19.84033],[-44.15668,-19.82412],[-44.13508,-19.79884],[-44.1013,-19.80896],[-44.07898,-19.84451],[-44.01677,-19.83078],[-44.00865,-19.85346],[-44.02223,-19.86792],[-44.01311,-19.88215],[-44.0259,-19.89909],[-44.0268,-19.93511],[-44.00543,-19.95504],[-44.0385,-19.98267],[-44.06271,-19.97364],[-44.0368,-20.02127],[-44.01012,-20.0391],[-44.0183,-20.05434],[-44.08798,-20.0934]]]}},{"type":"Feature","id":"cep2-33","properties":{"postal_code_id":"cep2-33","postal_codes":["33"],"first_digits":["3"],"states":["MG"]},"geometry":{"type":"Polygon","coordinates":[[[-44.01677,-19.83078],[-44.07898,-19.84451],[-44.1013,-19.80896],[-44.13508,-19.79884],[-44.16244,-19.76278],[-44.13317,-19.70927],[-44.14936,-19.68503],[-44.18576,-19.68131],[-44.19492,-19.66271],[-44.071,-19.5919],[-44.05991,-19.59973],[-44.0458,-19.59343],[-44.051,-19.56598],[-44.01799,-19.55767],[-43.99968,-19.53631],[-43.98225,-19.53636],[-43.98416,-19.51471],[-43.95862,-19.50834],[-43.95015,-19.48674],[-43.91567,-19.51623],[-43.92653,-19.5336],[-43.89529,-19.54036],[-43.89149,-19.55264],[-43.91056,-19.56121],[-43.89864,-19.5568],[-43.88739,-19.58009],[-43.87025,-19.57036],[-43.84242,-19.579],[-43.8407,-19.59684],[-43.8224,-19.60334],[-43.8138,-19.59614],[-43.81475,-19.6087],[-43.79837,-19.61304],[-43.78225,-19.61113],[-43.75555,-19.55332],[-43.71872,-19.54957],[-43.70038,-19.56411],[-43.66691,-19.54932],[-43.65464,-19.56539],[-43.63728,-19.56129],[-43.63748,-19.55032],[-43.58223,-19.51369],[-43.58208,-19.4935],[-43.56707,-19.48355],[-43.55487,-19.49548],[-43.54869,-19.53108],[-43.52713,-19.55741],[-43.53998,-19.57199],[-43.54874,-19.66225],[-43.52692,-19.72853],[-43.53815,-19.75435],[-43.57094,-19.73042],[-43.60115,-19.76414],[-43.60427,-19.73879],[-43.59164,-19.71926],[-43.62886,-19.69458],[-43.65199,-19.73256],[-43.70294,-19.72709],[-43.70843,-19.7466],[-43.77045,-19.72551],[-43.76802,-19.7449],[-43.80535,-19.76308],[-43.79227,-19.80636],[-43.77458,-19.80893],[-43.78486,-19.82397],[-43.77983,-19.83812],[-43.76636,-19.84023],[-43.78146,-19.84753],[-43.78896,-19.8368],[-43.80873,-19.84235],[-43.83717,-19.8257],[-43.85555,-19.83413],[-43.91295,-19.79706],[-43.94041,-19.79939],[-43.94608,-19.77724],[-43.95824,-19.77788],[-43.96404,-19.79155],[-43.98956,-19.78471],[-44.01677,-19.83078]]]}},{"type":"Feature","id":"cep2-34","properties":{"postal_code_id":"cep2-34","postal_codes":["34"],"first_digits":["3"],"states":["MG"]},"geometry":{"type":"Polygon","coordinates":[[[-43.69508,-20.06159],[-43.66054,-20.11846],[-43.69554,-20.14914],[-43.71175,-20.14141],[-43.78981,-20.15402],[-43.78193,-20.15815],[-43.79502,-20.18056],[-43.84104,-20.18409],[-43.85384,-20.19824],[-43.90477,-20.21611],[-43.93205,-20.20933],[-43.95588,-20.22483],[-43.97659,-20.22264],[-43.97177,-20.13912],[-43.99255,-20.0634],[-44.00286,-20.05792],[-43.98359,-20.01643],[-43.87011,-19.92787],[-43.89029,-19.88672],[-43.90593,-19.88648],[-43.90978,-19.87634],[-43.85722,-19.85633],[-43.86726,-19.83986],[-43.86199,-19.82777],[-43.85555,-19.83413],[-43.83717,-19.8257],[-43.80873,-19.84235],[-43.78896,-19.8368],[-43.78146,-19.84753],[-43.76636,-19.84023],[-43.77983,-19.83812],[-43.78486,-19.82397],[-43.77458,-19.80893],[-43.79227,-19.80636],[-43.80474,-19.78446],[-43.80535,-19.76308],[-43.76802,-19.7449],[-43.77045,-19.72551],[-43.70843,-19.7466],[-43.70294,-19.72709],[-43.65199,-19.73256],[-43.62886,-19.69458],[-43.59164,-19.71926],[-43.60427,-19.73879],[-43.60115,-19.76414],[-43.57094,-19.73042],[-43.53815,-19.75435],[-43.51798,-19.91109],[-43.53237,-19.92727],[-43.57891,-19.92254],[-43.60287,-19.95097],[-43.62289,-19.95199],[-43.63916,-19.96753],[-43.6886,-20.04214],[-43.69508,-20.06159]]]}},{"type":"Feature","id":"cep2-35","properties":{"postal_code_id":"cep2-35","postal_codes":["35"],"first_digits":["3"],"states":["MG"]},"geometry":{"type":"Polygon","coordinates":[[[-44.96134,-20.80923],[-45.05648,-20.81695],[-45.06745,-20.80182],[-45.0687,-20.76293],[-45.1048,-20.71654],[-45.1292,-20.71921],[-45.13893,-20.70995],[-45.14704,-20.69018],[-45.13104,-20.68482],[-45.14674,-20.6683],[-45.2465,-20.66484],[-45.26028,-20.65092],[-45.29351,-20.67053],[-45.31729,-20.65625],[-45.35723,-20.67386],[-45.40509,-20.65308],[-45.45552,-20.67079],[-45.4856,-20.66857],[-45.49185,-20.69096],[-45.5123,-20.69644],[-45.58614,-20.68699],[-45.6137,-20.70309],[-45.64134,-20.69682],[-45.68021,-20.72171],[-45.73372,-20.73472],[-45.75894,-20.71177],[-45.78853,-20.71722],[-45.8318,-20.66667],[-45.85001,-20.66886],[-45.85372,-20.65729],[-45.87656,-20.64994],[-45.88883,-20.62361],[-45.90676,-20.62407],[-45.92835,-20.60422],[-45.94716,-20.61514],[-45.96763,-20.58812],[-45.95846,-20.58817],[-45.92667,-20.53625],[-45.89006,-20.54084],[-45.88889,-20.45483],[-45.87056,-20.43385],[-45.83593,-20.42464],[-45.82582,-20.38936],[-45.837,-20.38615],[-45.83454,-20.35241],[-45.79995,-20.31051],[-45.82034,-20.28882],[-45.75898,-20.30313],[-45.69384,-20.28819],[-45.66061,-20.29663],[-45.66568,-20.24524],[-45.64855,-20.15075],[-45.65754,-20.11882],[-45.63792,-20.10363],[-45.64641,-20.08581],[-45.62976,-20.08147],[-45.63973,-20.05339],[-45.66439,-20.05561],[-45.66411,-20.04341],[-45.68814,-20.05432],[-45.69555,-20.04315],[-45.68512,-20.03408],[-45.72019,-19.99096],[-45.73692,-19.98732],[-45.73054,-19.9683],[-45.75945,-19.97264],[-45.77496,-19.94826],[-45.78952,-19.95754],[-45.77996,-19.93344],[-45.82563,-19.88411],[-45.80895,-19.8462],[-45.85095,-19.82038],[-45.88066,-19.78115],[-45.87822,-19.7637],[-45.92138,-19.72916],[-45.92548,-19.70082],[-45.93966,-19.69618],[-45.93561,-19.63939],[-45.94518,-19.6299],[-45.93692,-19.61325],[-45.9486,-19.60831],[-45.9244,-19.57017],[-45.924,-19.55091],[-45.90261,-19.53803],[-45.90504,-19.51941],[-45.88559,-19.48638],[-45.90128,-19.47146],[-45.90334,-19.44861],[-45.88727,-19.43173],[-45.8879,-19.38335],[-45.87351,-19.38332],[-45.8783,-19.36757],[-45.8658,-19.364],[-45.8651,-19.33943],[-45.85081,-19.33853],[-45.83961,-19.3111],[-45.84263,-19.28749],[-45.81553,-19.26042],[-45.8066,-19.23366],[-45.81419,-19.21611],[-45.8043,-19.21477],[-45.81386,-19.20923],[-45.79964,-19.19107],[-45.80657,-19.18668],[-45.77507,-19.15211],[-45.77156,-19.11828],[-45.75427,-19.11014],[-45.74026,-19.04389],[-45.71206,-19.02965],[-45.71582,-19.00395],[-45.69937,-18.98474],[-45.71558,-18.96852],[-45.70263,-18.9658],[-45.71303,-18.96318],[-45.70462,-18.94964],[-45.69405,-18.95077],[-45.7,-18.93914],[-45.68507,-18.9343],[-45.68765,-18.91069],[-45.66245,-18.89599],[-45.67425,-18.88324],[-45.66719,-18.84826],[-45.64769,-18.8482],[-45.65685,-18.83982],[-45.64538,-18.83651],[-45.64918,-18.8206],[-45.63353,-18.82029],[-45.6456,-18.81222],[-45.634,-18.78441],[-45.6475,-18.77287],[-45.68246,-18.77905],[-45.70198,-18.76115],[-45.69219,-18.70845],[-45.66828,-18.70049],[-45.66253,-18.67962],[-45.63907,-18.66502],[-45.62572,-18.62086],[-45.63724,-18.60897],[-45.61552,-18.57243],[-45.6214,-18.52294],[-45.6396,-18.51445],[-45.6348,-18.49755],[-45.64528,-18.49126],[-45.64297,-18.4537],[-45.63023,-18.44394],[-45.62803,-18.41749],[-45.61233,-18.41156],[-45.61653,-18.39941],[-45.59265,-18.39093],[-45.58623,-18.37182],[-45.57356,-18.37217],[-45.57379,-18.35724],[-45.51355,-18.31792],[-45.40698,-18.31742],[-45.34409,-18.25901],[-45.31856,-18.22073],[-45.29075,-18.20989],[-45.26732,-18.22092],[-45.26305,-18.26028],[-45.28698,-18.27003],[-45.31591,-18.30883],[-45.28366,-18.35346],[-45.29779,-18.37241],[-45.29952,-18.40835],[-45.35825,-18.44704],[-45.36132,-18.4625],[-45.25429,-18.52148],[-45.22054,-18.52837],[-45.24094,-18.58187],[-45.21023,-18.64863],[-45.17241,-18.66654],[-45.14664,-18.65928],[-45.15482,-18.59542],[-45.11579,-18.5699],[-45.09637,-18.53506],[-45.05803,-18.50787],[-45.04424,-18.50192],[-45.00376,-18.51968],[-44.97565,-18.51955],[-44.95166,-18.50094],[-44.92272,-18.50383],[-44.90336,-18.52645],[-44.84955,-18.54586],[-44.85597,-18.56922],[-44.82058,-18.59746],[-44.80763,-18.62516],[-44.80474,-18.65001],[-44.82187,-18.65829],[-44.74225,-18.67802],[-44.70271,-18.63162],[-44.69588,-18.5693],[-44.67748,-18.5497],[-44.68143,-18.54198],[-44.63572,-18.52999],[-44.62998,-18.50615],[-44.61151,-18.50804],[-44.57641,-18.4713],[-44.56705,-18.48467],[-44.58911,-18.51437],[-44.56903,-18.56188],[-44.54062,-18.56677],[-44.53885,-18.59375],[-44.51675,-18.61689],[-44.49299,-18.56944],[-44.44669,-18.55032],[-44.45583,-18.52473],[-44.43603,-18.48931],[-44.43007,-18.44682],[-44.40989,-18.42629],[-44.40598,-18.38278],[-44.37418,-18.33387],[-44.34305,-18.33376],[-44.3281,-18.3123],[-44.33077,-18.28379],[-44.31501,-18.2762],[-44.29661,-18.2955],[-44.29987,-18.3165],[-44.24739,-18.32922],[-44.24419,-18.33637],[-44.27371,-18.34742],[-44.27124,-18.36041],[-44.23142,-18.35932],[-44.22613,-18.36872],[-44.256,-18.37549],[-44.24962,-18.38449],[-44.18725,-18.42141],[-44.18527,-18.44835],[-44.1999,-18.47978],[-44.17955,-18.5062],[-44.13061,-18.50707],[-44.12575,-18.5217],[-44.14298,-18.53836],[-44.11369,-18.54295],[-44.10324,-18.56059],[-44.06599,-18.55477],[-44.06161,-18.57291],[-44.07011,-18.58071],[-44.05193,-18.59161],[-44.07394,-18.61056],[-44.06711,-18.61587],[-44.05654,-18.60445],[-44.06101,-18.63307],[-44.04826,-18.64678],[-44.03425,-18.64003],[-44.03715,-18.65451],[-44.02518,-18.65475],[-44.01948,-18.67697],[-44.00042,-18.67724],[-44.00582,-18.65098],[-43.93974,-18.62864],[-43.91964,-18.63264],[-43.88084,-18.67031],[-43.84498,-18.66607],[-43.82379,-18.65888],[-43.82493,-18.64593],[-43.79794,-18.61084],[-43.76621,-18.63861],[-43.75246,-18.63669],[-43.75426,-18.62473],[-43.73597,-18.62418],[-43.7287,-18.64769],[-43.68519,-18.65375],[-43.67832,-18.64538],[-43.65365,-18.66569],[-43.63831,-18.65798],[-43.60069,-18.68424],[-43.57893,-18.68624],[-43.56397,-18.70441],[-43.53499,-18.71278],[-43.51063,-18.6967],[-43.4885,-18.70872],[-43.48755,-18.72879],[-43.49377,-18.74653],[-43.53346,-18.77973],[-43.5181,-18.77826],[-43.48456,-18.81041],[-43.46757,-18.80591],[-43.45332,-18.84759],[-43.46106,-18.85193],[-43.4405,-18.86327],[-43.43586,-18.88789],[-43.40386,-18.8606],[-43.37819,-18.85622],[-43.31301,-18.87409],[-43.30205,-18.86287],[-43.29351,-18.86747],[-43.32416,-18.8024],[-43.30541,-18.80995],[-43.26547,-18.79715],[-43.24659,-18.7722],[-43.21275,-18.77267],[-43.19958,-18.86045],[-43.20886,-18.87114],[-43.18542,-18.88989],[-43.156,-18.97087],[-43.11511,-18.99394],[-43.12114,-18.99985],[-43.06773,-19.03347],[-43.04367,-19.03449],[-43.038,-19.01181],[-43.01296,-18.9992],[-43.00397,-18.97485],[-42.98506,-18.96414],[-42.9846,-18.93013],[-42.94278,-18.93537],[-42.94717,-18.90727],[-42.93375,-18.92183],[-42.92804,-18.96027],[-42.91503,-18.95892],[-42.90155,-18.99373],[-42.87164,-18.97674],[-42.87812,-19.03378],[-42.85875,-19.04835],[-42.86442,-19.06746],[-42.85144,-19.08513],[-42.8432,-19.0911],[-42.82455,-19.07675],[-42.80038,-19.09611],[-42.80682,-19.0685],[-42.78827,-19.03874],[-42.80968,-19.01142],[-42.80362,-18.98993],[-42.77696,-18.97788],[-42.79283,-18.93805],[-42.78306,-18.92366],[-42.79391,-18.90461],[-42.78263,-18.89669],[-42.77858,-18.90534],[-42.75788,-18.90027],[-42.74136,-18.92503],[-42.72465,-18.91371],[-42.6867,-18.92327],[-42.68029,-18.95214],[-42.65591,-18.97483],[-42.64552,-18.9652],[-42.64392,-18.98085],[-42.61641,-18.99057],[-42.59536,-18.96216],[-42.5611,-18.96214],[-42.55597,-18.93957],[-42.54827,-18.95381],[-42.52728,-18.94492],[-42.51474,-18.95546],[-42.48703,-18.9376],[-42.4929,-18.95925],[-42.48469,-18.96266],[-42.45617,-18.94162],[-42.43225,-18.94343],[-42.37475,-18.92429],[-42.36208,-18.92569],[-42.35495,-18.96072],[-42.33113,-18.9647],[-42.31541,-18.98704],[-42.30777,-18.96141],[-42.27709,-18.97196],[-42.25585,-18.89008],[-42.27388,-18.87438],[-42.2668,-18.81931],[-42.28555,-18.82187],[-42.29724,-18.80687],[-42.32702,-18.8183],[-42.33969,-18.79243],[-42.32827,-18.75326],[-42.27243,-18.72056],[-42.26707,-18.72728],[-42.24941,-18.70636],[-42.22424,-18.71444],[-42.19922,-18.701],[-42.18209,-18.70619],[-42.1882,-18.68236],[-42.17833,-18.66943],[-42.1376,-18.65888],[-42.11974,-18.62764],[-42.09028,-18.60699],[-42.06857,-18.60904],[-42.06551,-18.59158],[-42.04906,-18.58361],[-42.09448,-18.54403],[-42.13468,-18.52692],[-42.11273,-18.49202],[-42.11882,-18.47033],[-42.14758,-18.45777],[-42.13416,-18.41605],[-42.08243,-18.43309],[-42.06074,-18.43121],[-42.05306,-18.41827],[-42.02764,-18.4546],[-42.01204,-18.45822],[-41.96585,-18.37983],[-41.92578,-18.37967],[-41.91416,-18.39083],[-41.92843,-18.39755],[-41.92998,-18.41479],[-41.94074,-18.41352],[-41.94069,-18.44001],[-41.89015,-18.44126],[-41.87152,-18.42958],[-41.84234,-18.43977],[-41.81248,-18.46459],[-41.8111,-18.51457],[-41.7841,-18.5524],[-41.72788,-18.53226],[-41.7096,-18.54077],[-41.69959,-18.53405],[-41.6796,-18.59011],[-41.6464,-18.61215],[-41.62046,-18.60259],[-41.60955,-18.61106],[-41.60901,-18.59344],[-41.59444,-18.59354],[-41.57332,-18.57302],[-41.58674,-18.56439],[-41.58334,-18.53495],[-41.62844,-18.52545],[-41.62903,-18.43333],[-41.6859,-18.38333],[-41.67807,-18.37015],[-41.69081,-18.3567],[-41.66936,-18.34653],[-41.64698,-18.30077],[-41.62495,-18.29998],[-41.60971,-18.28098],[-41.57936,-18.27538],[-41.58336,-18.2598],[-41.54399,-18.26653],[-41.5177,-18.24985],[-41.51084,-18.26029],[-41.47782,-18.25456],[-41.45285,-18.26243],[-41.43361,-18.24018],[-41.42473,-18.24787],[-41.42848,-18.27881],[-41.4191,-18.2816],[-41.42801,-18.29645],[-41.41491,-18.30733],[-41.41823,-18.35884],[-41.43633,-18.38411],[-41.44127,-18.41777],[-41.42694,-18.44487],[-41.44188,-18.47038],[-41.4387,-18.48767],[-41.45962,-18.50065],[-41.45457,-18.51843],[-41.38235,-18.53472],[-41.36493,-18.49892],[-41.33557,-18.49625],[-41.32057,-18.50512],[-41.30052,-18.45048],[-41.28177,-18.44894],[-41.29316,-18.47623],[-41.28231,-18.50145],[-41.26959,-18.50248],[-41.21468,-18.4739],[-41.20948,-18.45563],[-41.18184,-18.43958],[-41.02303,-18.45726],[-41.01588,-18.47675],[-41.04199,-18.6054],[-41.03296,-18.61876],[-41.05089,-18.63415],[-41.04447,-18.64799],[-41.02875,-18.64673],[-40.98782,-18.67814],[-40.94146,-18.69072],[-40.94,-18.77029],[-40.91677,-18.81554],[-40.96391,-18.84117],[-41.09747,-18.84231],[-41.11051,-18.83894],[-41.13347,-18.79681],[-41.23241,-18.79728],[-41.24514,-18.82054],[-41.24323,-18.85378],[-41.21478,-18.87764],[-41.20843,-18.85505],[-41.18666,-18.86408],[-41.16636,-18.85823],[-41.15296,-18.88661],[-41.12685,-18.89451],[-41.11817,-18.92177],[-41.07924,-18.93854],[-41.08022,-18.94694],[-41.06504,-18.94485],[-41.06065,-18.96828],[-41.05136,-18.96622],[-41.04324,-18.97956],[-41.01803,-18.97351],[-41.06705,-19.00699],[-41.06556,-19.05133],[-41.05385,-19.06886],[-41.0126,-19.0758],[-41.00706,-19.10053],[-40.98476,-19.10072],[-40.95612,-19.12911],[-40.96213,-19.1395],[-40.94355,-19.14484],[-40.94109,-19.18057],[-40.92267,-19.20409],[-40.94155,-19.23013],[-40.93227,-19.25118],[-40.91618,-19.25893],[-40.92185,-19.27189],[-40.9445,-19.27955],[-40.90769,-19.30881],[-40.93847,-19.34607],[-40.93045,-19.38415],[-40.96221,-19.40843],[-40.96792,-19.43044],[-40.94469,-19.46096],[-40.97224,-19.50529],[-41.01907,-19.50488],[-41.04669,-19.4874],[-41.03686,-19.57046],[-41.07192,-19.58441],[-41.07519,-19.59885],[-41.09088,-19.59634],[-41.1086,-19.63947],[-41.1295,-19.64274],[-41.13732,-19.65757],[-41.16847,-19.67222],[-41.17994,-19.74062],[-41.19107,-19.74587],[-41.16411,-19.80639],[-41.18629,-19.82767],[-41.1757,-19.83935],[-41.18488,-19.88896],[-41.22961,-19.907],[-41.24447,-19.93734],[-41.29793,-19.93762],[-41.29914,-19.90324],[-41.2744,-19.89827],[-41.27453,-19.88663],[-41.28911,-19.88522],[-41.28701,-19.86272],[-41.33702,-19.83132],[-41.32677,-19.80206],[-41.34275,-19.79636],[-41.35256,-19.76737],[-41.38027,-19.76774],[-41.39303,-19.7492],[-41.38071,-19.71246],[-41.38856,-19.66502],[-41.36236,-19.64939],[-41.36386,-19.63184],[-41.38565,-19.61138],[-41.38167,-19.58802],[-41.39183,-19.58797],[-41.43207,-19.54068],[-41.44622,-19.54465],[-41.45027,-19.52979],[-41.4659,-19.53041],[-41.46155,-19.5131],[-41.47143,-19.50664],[-41.50301,-19.52892],[-41.50505,-19.49834],[-41.53609,-19.48816],[-41.55847,-19.46734],[-41.56064,-19.451],[-41.57894,-19.45236],[-41.58452,-19.46451],[-41.58585,-19.43372],[-41.60238,-19.44122],[-41.62347,-19.43238],[-41.6249,-19.41426],[-41.6636,-19.45469],[-41.66622,-19.48971],[-41.65239,-19.5102],[-41.65315,-19.53255],[-41.66764,-19.55083],[-41.74661,-19.59592],[-41.81147,-19.58095],[-41.81514,-19.60538],[-41.80549,-19.60485],[-41.80172,-19.62154],[-41.83743,-19.63467],[-41.81376,-19.65254],[-41.81942,-19.6776],[-41.83169,-19.67599],[-41.83922,-19.68855],[-41.80423,-19.71239],[-41.77918,-19.7507],[-41.7961,-19.77418],[-41.78154,-19.81433],[-41.80974,-19.82733],[-41.80203,-19.83218],[-41.83906,-19.83647],[-41.8476,-19.8565],[-41.87063,-19.85828],[-41.89884,-19.88832],[-41.92861,-19.87829],[-41.97265,-19.88023],[-41.97396,-19.93825],[-41.98821,-19.92381],[-42.02039,-19.91735],[-42.0558,-19.95031],[-42.07552,-19.93713],[-42.08458,-19.95894],[-42.10138,-19.96487],[-42.10798,-20.00075],[-42.12556,-20.01908],[-42.14176,-20.01572],[-42.16322,-19.98985],[-42.1974,-20.00355],[-42.20994,-20.08939],[-42.24778,-20.08377],[-42.24983,-20.0943],[-42.30849,-20.11675],[-42.32214,-20.17691],[-42.30704,-20.21128],[-42.3143,-20.21944],[-42.30252,-20.22617],[-42.28644,-20.21255],[-42.2723,-20.22009],[-42.25262,-20.24717],[-42.2505,-20.27392],[-42.19675,-20.29368],[-42.20634,-20.32405],[-42.24113,-20.34285],[-42.25435,-20.33645],[-42.28075,-20.3449],[-42.27487,-20.35427],[-42.28856,-20.37795],[-42.30135,-20.382],[-42.32166,-20.37004],[-42.34551,-20.38022],[-42.34413,-20.43648],[-42.32626,-20.46791],[-42.33499,-20.49519],[-42.32046,-20.50393],[-42.31511,-20.54114],[-42.34932,-20.54553],[-42.34551,-20.56187],[-42.3724,-20.58811],[-42.41749,-20.58162],[-42.43978,-20.55857],[-42.48632,-20.55727],[-42.48714,-20.5777],[-42.53624,-20.58357],[-42.53489,-20.60423],[-42.59696,-20.59836],[-42.60877,-20.60593],[-42.64116,-20.58349],[-42.63297,-20.56296],[-42.64216,-20.55228],[-42.6505,-20.55891],[-42.67992,-20.53131],[-42.69771,-20.53469],[-42.72437,-20.52022],[-42.73126,-20.5445],[-42.7575,-20.55031],[-42.77455,-20.5296],[-42.79243,-20.54836],[-42.77571,-20.57561],[-42.80122,-20.60599],[-42.83494,-20.59438],[-42.86318,-20.55795],[-42.93683,-20.59808],[-42.94731,-20.61862],[-42.92962,-20.66142],[-42.96722,-20.67814],[-42.97266,-20.65763],[-42.98759,-20.66801],[-42.99664,-20.65703],[-43.02034,-20.65551],[-43.0097,-20.62082],[-43.01971,-20.60026],[-43.06048,-20.59777],[-43.07955,-20.58154],[-43.11977,-20.60395],[-43.11852,-20.59],[-43.1323,-20.579],[-43.12244,-20.57578],[-43.14797,-20.55059],[-43.15729,-20.51161],[-43.25036,-20.54763],[-43.26087,-20.51785],[-43.30098,-20.49435],[-43.33333,-20.52552],[-43.36379,-20.53213],[-43.36725,-20.54937],[-43.40334,-20.54704],[-43.40307,-20.56544],[-43.41731,-20.58164],[-43.42688,-20.57831],[-43.43329,-20.59831],[-43.45063,-20.59526],[-43.4425,-20.62342],[-43.45852,-20.63228],[-43.4948,-20.62517],[-43.53288,-20.59474],[-43.56468,-20.60579],[-43.57367,-20.58964],[-43.60135,-20.5841],[-43.59013,-20.57331],[-43.60062,-20.56205],[-43.59756,-20.54064],[-43.58012,-20.50845],[-43.58935,-20.48706],[-43.62388,-20.47178],[-43.65987,-20.43367],[-43.68745,-20.43151],[-43.71218,-20.46147],[-43.74801,-20.46048],[-43.76987,-20.50406],[-43.8021,-20.50285],[-43.80299,-20.4529],[-43.8672,-20.43737],[-43.90363,-20.41717],[-43.9206,-20.43169],[-43.92419,-20.45595],[-43.94647,-20.45744],[-43.97489,-20.50759],[-43.98642,-20.50677],[-43.96971,-20.54206],[-43.93482,-20.53126],[-43.90831,-20.54149],[-43.91655,-20.59562],[-43.90834,-20.61263],[-43.92992,-20.64201],[-43.92369,-20.66848],[-43.93709,-20.68113],[-43.94468,-20.67629],[-43.96118,-20.70088],[-43.9709,-20.73132],[-43.95666,-20.75906],[-43.9758,-20.78897],[-44.03006,-20.81361],[-44.03326,-20.80264],[-44.05029,-20.80891],[-44.09265,-20.7843],[-44.13771,-20.78652],[-44.14955,-20.77133],[-44.13991,-20.7458],[-44.17527,-20.75622],[-44.23697,-20.72242],[-44.28794,-20.72835],[-44.30833,-20.71642],[-44.3322,-20.72657],[-44.36075,-20.71146],[-44.38015,-20.757],[-44.39439,-20.75288],[-44.39723,-20.73467],[-44.42132,-20.71252],[-44.42936,-20.76616],[-44.44765,-20.78626],[-44.47512,-20.7933],[-44.51509,-20.83401],[-44.56112,-20.80393],[-44.59869,-20.82221],[-44.61083,-20.81157],[-44.64213,-20.8388],[-44.65135,-20.8716],[-44.66555,-20.85263],[-44.70481,-20.84701],[-44.73012,-20.89153],[-44.75922,-20.87484],[-44.78054,-20.9028],[-44.82146,-20.88516],[-44.83615,-20.86425],[-44.83325,-20.84141],[-44.84999,-20.83869],[-44.89292,-20.79361],[-44.93179,-20.79167],[-44.94264,-20.81845],[-44.96134,-20.80923]],[[-43.95862,-19.50834],[-43.98416,-19.51471],[-43.98225,-19.53636],[-43.99968,-19.53631],[-44.01799,-19.55767],[-44.051,-19.56598],[-44.0458,-19.59343],[-44.05991,-19.59973],[-44.071,-19.5919],[-44.19492,-19.66271],[-44.18576,-19.68131],[-44.14936,-19.68503],[-44.13317,-19.70927],[-44.14151,-19.73455],[-44.1641,-19.75307],[-44.13508,-19.79884],[-44.15668,-19.82412],[-44.15534,-19.84033],[-44.16912,-19.84692],[-44.18171,-19.83175],[-44.1944,-19.84117],[-44.21444,-19.83188],[-44.22655,-19.84108],[-44.22173,-19.85175],[-44.23305,-19.85726],[-44.2363,-19.87903],[-44.26673,-19.87939],[-44.29974,-19.91049],[-44.31561,-19.90695],[-44.30579,-19.93358],[-44.31649,-19.93833],[-44.28097,-19.96208],[-44.27032,-20.00392],[-44.28004,-19.99315],[-44.29967,-20.00222],[-44.33461,-19.99651],[-44.34443,-20.00636],[-44.37533,-20.07093],[-44.35787,-20.12318],[-44.27868,-20.11186],[-44.25194,-20.12521],[-44.21015,-20.10061],[-44.10563,-20.09835],[-44.0183,-20.05434],[-43.99255,-20.0634],[-43.98405,-20.08953],[-43.97177,-20.13912],[-43.97659,-20.22264],[-43.95588,-20.22483],[-43.93205,-20.20933],[-43.90477,-20.21611],[-43.85384,-20.19824],[-43.84104,-20.18409],[-43.79502,-20.18056],[-43.78193,-20.15815],[-43.78981,-20.15402],[-43.71175,-20.14141],[-43.69554,-20.14914],[-43.66054,-20.11846],[-43.69508,-20.06159],[-43.66227,-19.99274],[-43.57891,-19.92254],[-43.55864,-19.93043],[-43.52169,-19.91985],[-43.52326,-19.8285],[-43.53972,-19.7849],[-43.53533,-19.73325],[-43.52692,-19.72853],[-43.54874,-19.66225],[-43.53998,-19.57199],[-43.52713,-19.55741],[-43.56707,-19.48355],[-43.58208,-19.4935],[-43.58223,-19.51369],[-43.63748,-19.55032],[-43.63728,-19.56129],[-43.65464,-19.56539],[-43.66691,-19.54932],[-43.70038,-19.56411],[-43.71872,-19.54957],[-43.75555,-19.55332],[-43.78225,-19.61113],[-43.79837,-19.61304],[-43.81475,-19.6087],[-43.8138,-19.59614],[-43.8224,-19.60334],[-43.8407,-19.59684],[-43.84242,-19.579],[-43.87025,-19.57036],[-43.88739,-19.58009],[-43.89864,-19.5568],[-43.91056,-19.56121],[-43.89149,-19.55264],[-43.89529,-19.54036],[-43.92653,-19.5336],[-43.91567,-19.51623],[-43.94276,-19.4843],[-43.95862,-19.50834]]]}},{"type":"Feature","id":"cep2-36","properties":{"postal_code_id":"cep2-36","postal_codes":["36"],"first_digits":["3"],"states":["MG"]},"geometry":{"type":"Polygon","coordinates":[[[-44.12327,-21.99588],[-44.0796,-21.99536],[-44.05141,-22.03236],[-44.00012,-22.02214],[-44.0041,-22.0031],[-43.97693,-21.95666],[-43.99962,-21.93031],[-44.00118,-21.90978],[-44.07067,-21.92571],[-44.08042,-21.89217],[-44.09886,-21.87605],[-44.08575,-21.83355],[-44.10138,-21.82046],[-44.09922,-21.80256],[-44.07767,-21.79543],[-44.0835,-21.77483],[-44.06843,-21.74959],[-44.08148,-21.72258],[-44.07112,-21.71293],[-44.08013,-21.69569],[-44.06894,-21.67907],[-44.07578,-21.66251],[-44.08807,-21.65635],[-44.09179,-21.66675],[-44.11505,-21.66093],[-44.1203,-21.66989],[-44.13672,-21.6563],[-44.1517,-21.66154],[-44.14184,-21.64395],[-44.16277,-21.61854],[-44.16404,-21.57543],[-44.15385,-21.5456],[-44.17121,-21.54301],[-44.21046,-21.57654],[-44.22085,-21.56677],[-44.21344,-21.55059],[-44.22723,-21.54549],[-44.23606,-21.48312],[-44.25247,-21.4867],[-44.24713,-21.50197],[-44.26122,-21.48304],[-44.26677,-21.49543],[-44.28241,-21.48323],[-44.27244,-21.47107],[-44.2758,-21.45039],[-44.20936,-21.43524],[-44.2049,-21.37885],[-44.26114,-21.37049],[-44.33496,-21.38734],[-44.38505,-21.41354],[-44.39589,-21.40612],[-44.41587,-21.41469],[-44.44318,-21.39684],[-44.48179,-21.40821],[-44.50267,-21.39455],[-44.51382,-21.40785],[-44.52094,-21.39292],[-44.53243,-21.39316],[-44.5113,-21.35414],[-44.52939,-21.33516],[-44.54737,-21.33886],[-44.55654,-21.31272],[-44.5796,-21.30963],[-44.57985,-21.32726],[-44.60006,-21.32396],[-44.60817,-21.3334],[-44.60059,-21.36064],[-44.63702,-21.37956],[-44.64857,-21.40559],[-44.63844,-21.44931],[-44.73588,-21.43857],[-44.76509,-21.44321],[-44.76326,-21.47781],[-44.7844,-21.47279],[-44.78434,-21.46458],[-44.81334,-21.46906],[-44.81791,-21.39329],[-44.76631,-21.35067],[-44.75126,-21.28528],[-44.77224,-21.26848],[-44.7596,-21.2348],[-44.74388,-21.23061],[-44.73834,-21.20434],[-44.72391,-21.21069],[-44.70726,-21.19563],[-44.70127,-21.17051],[-44.71414,-21.14562],[-44.69547,-21.1317],[-44.70476,-21.11945],[-44.66948,-21.11528],[-44.67217,-21.10608],[-44.65918,-21.09707],[-44.64599,-21.1031],[-44.63432,-21.08723],[-44.62131,-21.09583],[-44.64061,-20.99572],[-44.66115,-20.99004],[-44.65944,-20.89855],[-44.70914,-20.84888],[-44.66555,-20.85263],[-44.65135,-20.8716],[-44.62777,-20.82418],[-44.61083,-20.81157],[-44.59869,-20.82221],[-44.56112,-20.80393],[-44.51509,-20.83401],[-44.47512,-20.7933],[-44.44765,-20.78626],[-44.42936,-20.76616],[-44.42132,-20.71252],[-44.39723,-20.73467],[-44.39439,-20.75288],[-44.38015,-20.757],[-44.36075,-20.71146],[-44.3322,-20.72657],[-44.30833,-20.71642],[-44.28794,-20.72835],[-44.23697,-20.72242],[-44.17527,-20.75622],[-44.13991,-20.7458],[-44.14955,-20.77133],[-44.13771,-20.78652],[-44.09265,-20.7843],[-44.05029,-20.80891],[-44.03326,-20.80264],[-44.03006,-20.81361],[-43.9758,-20.78897],[-43.95666,-20.75906],[-43.9709,-20.73132],[-43.96118,-20.70088],[-43.94468,-20.67629],[-43.93709,-20.68113],[-43.92369,-20.66848],[-43.92992,-20.64201],[-43.90834,-20.61263],[-43.91655,-20.59562],[-43.90496,-20.55933],[-43.90831,-20.54149],[-43.93482,-20.53126],[-43.96971,-20.54206],[-43.98642,-20.50677],[-43.97489,-20.50759],[-43.94647,-20.45744],[-43.92419,-20.45595],[-43.9206,-20.43169],[-43.90363,-20.41717],[-43.8672,-20.43737],[-43.80299,-20.4529],[-43.8021,-20.50285],[-43.76987,-20.50406],[-43.74801,-20.46048],[-43.71218,-20.46147],[-43.68745,-20.43151],[-43.65987,-20.43367],[-43.62388,-20.47178],[-43.58935,-20.48706],[-43.58012,-20.50845],[-43.59756,-20.54064],[-43.60062,-20.56205],[-43.59013,-20.57331],[-43.60135,-20.5841],[-43.57367,-20.58964],[-43.56468,-20.60579],[-43.53288,-20.59474],[-43.4948,-20.62517],[-43.45852,-20.63228],[-43.4425,-20.62342],[-43.45063,-20.59526],[-43.43329,-20.59831],[-43.42688,-20.57831],[-43.41731,-20.58164],[-43.40307,-20.56544],[-43.40334,-20.54704],[-43.36725,-20.54937],[-43.36379,-20.53213],[-43.33333,-20.52552],[-43.30098,-20.49435],[-43.26087,-20.51785],[-43.25036,-20.54763],[-43.15729,-20.51161],[-43.14797,-20.55059],[-43.12244,-20.57578],[-43.1323,-20.579],[-43.11852,-20.59],[-43.11977,-20.60395],[-43.07955,-20.58154],[-43.06048,-20.59777],[-43.01971,-20.60026],[-43.0097,-20.62082],[-43.02034,-20.65551],[-42.99664,-20.65703],[-42.98759,-20.66801],[-42.97266,-20.65763],[-42.96722,-20.67814],[-42.92962,-20.66142],[-42.94731,-20.61862],[-42.93683,-20.59808],[-42.86318,-20.55795],[-42.83494,-20.59438],[-42.80122,-20.60599],[-42.77571,-20.57561],[-42.79243,-20.54836],[-42.77455,-20.5296],[-42.7575,-20.55031],[-42.73126,-20.5445],[-42.72437,-20.52022],[-42.69771,-20.53469],[-42.67992,-20.53131],[-42.6505,-20.55891],[-42.64216,-20.55228],[-42.63297,-20.56296],[-42.64116,-20.58349],[-42.60877,-20.60593],[-42.59696,-20.59836],[-42.53489,-20.60423],[-42.53624,-20.58357],[-42.48714,-20.5777],[-42.48632,-20.55727],[-42.43978,-20.55857],[-42.41749,-20.58162],[-42.3724,-20.58811],[-42.34551,-20.56187],[-42.34932,-20.54553],[-42.31511,-20.54114],[-42.32046,-20.50393],[-42.33499,-20.49519],[-42.32626,-20.46791],[-42.34413,-20.43648],[-42.34551,-20.38022],[-42.32166,-20.37004],[-42.30135,-20.382],[-42.28856,-20.37795],[-42.27487,-20.35427],[-42.28075,-20.3449],[-42.25435,-20.33645],[-42.24113,-20.34285],[-42.20634,-20.32405],[-42.19675,-20.29368],[-42.2505,-20.27392],[-42.25262,-20.24717],[-42.2723,-20.22009],[-42.28644,-20.21255],[-42.30252,-20.22617],[-42.3143,-20.21944],[-42.30704,-20.21128],[-42.32214,-20.17691],[-42.30849,-20.11675],[-42.24983,-20.0943],[-42.24778,-20.08377],[-42.20994,-20.08939],[-42.1974,-20.00355],[-42.16322,-19.98985],[-42.14176,-20.01572],[-42.12556,-20.01908],[-42.10798,-20.00075],[-42.10138,-19.96487],[-42.08458,-19.95894],[-42.07552,-19.93713],[-42.0558,-19.95031],[-42.02039,-19.91735],[-41.98821,-19.92381],[-41.97396,-19.93825],[-41.97265,-19.88023],[-41.92861,-19.87829],[-41.89884,-19.88832],[-41.87063,-19.85828],[-41.8476,-19.8565],[-41.83906,-19.83647],[-41.80203,-19.83218],[-41.80974,-19.82733],[-41.78154,-19.81433],[-41.7961,-19.77418],[-41.77918,-19.7507],[-41.80423,-19.71239],[-41.83922,-19.68855],[-41.83169,-19.67599],[-41.81942,-19.6776],[-41.81376,-19.65254],[-41.83743,-19.63467],[-41.80172,-19.62154],[-41.80549,-19.60485],[-41.81514,-19.60538],[-41.81147,-19.58095],[-41.74661,-19.59592],[-41.66764,-19.55083],[-41.65315,-19.53255],[-41.65239,-19.5102],[-41.66622,-19.48971],[-41.6636,-19.45469],[-41.6249,-19.41426],[-41.62347,-19.43238],[-41.60238,-19.44122],[-41.58585,-19.43372],[-41.58452,-19.46451],[-41.57894,-19.45236],[-41.56064,-19.451],[-41.55847,-19.46734],[-41.53609,-19.48816],[-41.50505,-19.49834],[-41.50301,-19.52892],[-41.47143,-19.50664],[-41.46155,-19.5131],[-41.4659,-19.53041],[-41.45027,-19.52979],[-41.44622,-19.54465],[-41.43207,-19.54068],[-41.41149,-19.55659],[-41.39183,-19.58797],[-41.38167,-19.58802],[-41.38034,-19.62312],[-41.36386,-19.63184],[-41.36236,-19.64939],[-41.38856,-19.66502],[-41.38071,-19.71246],[-41.39303,-19.7492],[-41.38027,-19.76774],[-41.35256,-19.76737],[-41.34275,-19.79636],[-41.32677,-19.80206],[-41.33702,-19.83132],[-41.28701,-19.86272],[-41.28911,-19.88522],[-41.27453,-19.88663],[-41.2744,-19.89827],[-41.29914,-19.90324],[-41.29158,-19.92817],[-41.3199,-19.97863],[-41.30911,-20.01637],[-41.34522,-20.08898],[-41.34746,-20.12281],[-41.38244,-20.18908],[-41.41558,-20.20736],[-41.75675,-20.20687],[-41.78214,-20.29448],[-41.84851,-20.33048],[-41.85946,-20.37293],[-41.84506,-20.37736],[-41.83664,-20.40911],[-41.80339,-20.42224],[-41.79823,-20.43502],[-41.79947,-20.47702],[-41.82542,-20.48326],[-41.8043,-20.5384],[-41.80831,-20.55055],[-41.82839,-20.5573],[-41.8564,-20.61719],[-41.81741,-20.62454],[-41.8212,-20.63713],[-41.8073,-20.64369],[-41.85066,-20.69117],[-41.86536,-20.72202],[-41.85894,-20.74349],[-41.87641,-20.74708],[-41.87918,-20.77918],[-41.90505,-20.79737],[-41.92823,-20.79401],[-41.93494,-20.82956],[-41.92671,-20.83879],[-41.95449,-20.86559],[-41.96669,-20.91695],[-41.97982,-20.92331],[-41.97593,-20.93555],[-42.02306,-20.92513],[-42.06766,-20.93919],[-42.09379,-20.93563],[-42.11479,-20.95839],[-42.13804,-20.96005],[-42.15095,-20.97403],[-42.14098,-20.99296],[-42.08481,-21.02299],[-42.08038,-21.03592],[-42.09999,-21.03424],[-42.1397,-21.10289],[-42.16369,-21.10068],[-42.20833,-21.17902],[-42.19472,-21.20274],[-42.20264,-21.22124],[-42.19151,-21.22361],[-42.18972,-21.25051],[-42.22871,-21.28246],[-42.23779,-21.31797],[-42.22424,-21.33781],[-42.23556,-21.34293],[-42.23002,-21.36649],[-42.25198,-21.3872],[-42.23812,-21.39217],[-42.23833,-21.40351],[-42.27531,-21.40418],[-42.29212,-21.45924],[-42.25462,-21.48698],[-42.2856,-21.52812],[-42.30644,-21.52945],[-42.31002,-21.55225],[-42.33095,-21.56049],[-42.32485,-21.56954],[-42.36868,-21.61842],[-42.35548,-21.62505],[-42.36515,-21.64646],[-42.34803,-21.6418],[-42.34007,-21.66201],[-42.30171,-21.65496],[-42.28614,-21.67738],[-42.27538,-21.67661],[-42.26665,-21.71447],[-42.33346,-21.74585],[-42.3777,-21.74839],[-42.78779,-21.92957],[-42.88143,-21.95927],[-42.90963,-21.99072],[-42.9969,-22.03611],[-43.03915,-22.04459],[-43.03316,-22.0659],[-43.05313,-22.08172],[-43.07556,-22.09319],[-43.07815,-22.08306],[-43.10618,-22.08266],[-43.13556,-22.10988],[-43.15388,-22.07476],[-43.13318,-22.05787],[-43.13122,-22.02921],[-43.15364,-22.03298],[-43.16957,-22.02181],[-43.20203,-22.03746],[-43.20134,-22.02583],[-43.22151,-22.03376],[-43.24656,-22.00657],[-43.30224,-22.02101],[-43.31624,-22.00767],[-43.3467,-22.00376],[-43.46452,-22.07276],[-43.5045,-22.07501],[-43.5121,-22.05916],[-43.56605,-22.08748],[-43.58403,-22.07112],[-43.5853,-22.05159],[-43.61193,-22.0815],[-43.64566,-22.0649],[-43.67209,-22.09035],[-43.68207,-22.07158],[-43.69294,-22.07138],[-43.73145,-22.09622],[-43.7612,-22.07937],[-43.7644,-22.06317],[-43.7765,-22.06604],[-43.84158,-22.09915],[-43.88061,-22.10142],[-43.87965,-22.11402],[-43.96488,-22.13935],[-44.0047,-22.16273],[-44.02623,-22.15102],[-44.07198,-22.16457],[-44.07634,-22.17539],[-44.09931,-22.1732],[-44.12503,-22.19926],[-44.12175,-22.20909],[-44.14168,-22.22039],[-44.14882,-22.21317],[-44.16327,-22.23245],[-44.18616,-22.22148],[-44.18149,-22.19653],[-44.20034,-22.17813],[-44.19101,-22.14226],[-44.20208,-22.12669],[-44.2216,-22.13097],[-44.21809,-22.10641],[-44.19114,-22.10329],[-44.18804,-22.09278],[-44.20654,-22.08455],[-44.20727,-22.0704],[-44.17687,-22.05807],[-44.14673,-22.03408],[-44.14451,-22.01568],[-44.13414,-22.01586],[-44.12327,-21.99588]]]}},{"type":"Feature","id":"cep2-37","properties":{"postal_code_id":"cep2-37","postal_codes":["37"],"first_digits":["3"],"states":["MG"]},"geometry":{"type":"Polygon","coordinates":[[[-46.37281,-22.74683],[-46.45272,-22.72758],[-46.45733,-22.70706],[-46.47312,-22.70498],[-46.48064,-22.67832],[-46.42771,-22.66136],[-46.40567,-22.66261],[-46.40586,-22.67256],[-46.39306,-22.66297],[-46.39631,-22.64598],[-46.42063,-22.63808],[-46.42301,-22.62484],[-46.40476,-22.62089],[-46.42434,-22.59944],[-46.41244,-22.58545],[-46.42739,-22.58412],[-46.43259,-22.57123],[-46.40615,-22.54146],[-46.42631,-22.54757],[-46.45646,-22.52169],[-46.49118,-22.51039],[-46.50095,-22.51701],[-46.54215,-22.49436],[-46.53067,-22.47085],[-46.54986,-22.46955],[-46.55481,-22.44665],[-46.57265,-22.45314],[-46.58513,-22.43945],[-46.63161,-22.43584],[-46.66652,-22.41511],[-46.66092,-22.36604],[-46.67525,-22.36941],[-46.7012,-22.32149],[-46.72326,-22.30662],[-46.70528,-22.29582],[-46.71062,-22.26993],[-46.67806,-22.22192],[-46.67184,-22.17834],[-46.64559,-22.18065],[-46.64046,-22.15772],[-46.59853,-22.13639],[-46.61612,-22.13065],[-46.62417,-22.10852],[-46.64675,-22.09189],[-46.7001,-22.09515],[-46.72342,-22.0769],[-46.66479,-22.06886],[-46.65775,-22.06048],[-46.67636,-22.05544],[-46.68539,-22.03742],[-46.67557,-22.02237],[-46.6622,-22.0237],[-46.64992,-22.00955],[-46.61326,-22.01496],[-46.67378,-21.91105],[-46.64754,-21.88046],[-46.66601,-21.84839],[-46.69071,-21.83763],[-46.65241,-21.79128],[-46.65399,-21.77925],[-46.62603,-21.76623],[-46.62159,-21.67554],[-46.57695,-21.68506],[-46.56463,-21.67868],[-46.5667,-21.6592],[-46.54816,-21.64818],[-46.55298,-21.63808],[-46.51823,-21.61282],[-46.52199,-21.58451],[-46.50078,-21.54976],[-46.52418,-21.52185],[-46.50925,-21.4699],[-46.51905,-21.44895],[-46.55788,-21.44266],[-46.57651,-21.42696],[-46.60189,-21.44396],[-46.61526,-21.44147],[-46.6247,-21.41345],[-46.64873,-21.39172],[-46.6472,-21.36419],[-46.66672,-21.36129],[-46.70748,-21.40461],[-46.72044,-21.38964],[-46.75054,-21.38492],[-46.76471,-21.36006],[-46.78954,-21.37296],[-46.83084,-21.36613],[-46.84208,-21.38911],[-46.90831,-21.42118],[-47.01151,-21.42227],[-47.01617,-21.3965],[-46.99727,-21.35123],[-47.01653,-21.34236],[-47.03518,-21.31004],[-47.02977,-21.29956],[-47.04237,-21.28995],[-47.05228,-21.24652],[-47.07729,-21.24022],[-47.06471,-21.20709],[-47.09565,-21.20967],[-47.11853,-21.18592],[-47.1176,-21.15315],[-47.13304,-21.13322],[-47.11315,-21.10492],[-47.14129,-21.08594],[-47.15703,-21.01882],[-47.14374,-20.98239],[-47.19257,-20.94205],[-47.19004,-20.92822],[-47.22457,-20.91161],[-47.24004,-20.88528],[-47.21448,-20.82722],[-47.22493,-20.80095],[-47.20482,-20.77434],[-47.18882,-20.77062],[-47.17519,-20.73926],[-47.18625,-20.73144],[-47.16476,-20.70146],[-47.1153,-20.7072],[-47.09746,-20.64388],[-47.11268,-20.63808],[-47.10851,-20.62189],[-47.12332,-20.61272],[-47.15452,-20.51955],[-47.21151,-20.50232],[-47.29277,-20.44773],[-47.28546,-20.40574],[-47.29821,-20.34844],[-47.27673,-20.29164],[-47.24735,-20.25864],[-47.23107,-20.21915],[-47.19819,-20.222],[-47.18038,-20.23896],[-47.15184,-20.23291],[-47.12409,-20.2869],[-47.07707,-20.27647],[-47.11595,-20.25631],[-47.10358,-20.24622],[-47.10921,-20.2038],[-47.04683,-20.18801],[-46.98454,-20.19576],[-46.96736,-20.17661],[-46.93385,-20.17035],[-46.89452,-20.17741],[-46.92704,-20.1592],[-46.91975,-20.13476],[-46.82197,-20.15524],[-46.81209,-20.14486],[-46.82699,-20.14219],[-46.85243,-20.11303],[-46.82466,-20.06208],[-46.83046,-20.04964],[-46.8091,-20.04091],[-46.80424,-20.02555],[-46.75393,-20.02508],[-46.71939,-20.04255],[-46.6676,-20.05026],[-46.62943,-20.04043],[-46.61804,-20.00849],[-46.62613,-19.99392],[-46.59637,-20.01109],[-46.5816,-20.01238],[-46.56546,-19.99601],[-46.50553,-20.00884],[-46.4757,-19.96959],[-46.45253,-19.97389],[-46.42079,-20.00928],[-46.40501,-20.0002],[-46.38459,-20.01395],[-46.3732,-20.05056],[-46.35012,-20.06],[-46.34254,-20.09959],[-46.31478,-20.11897],[-46.30244,-20.14984],[-46.28848,-20.15274],[-46.27674,-20.14177],[-46.2524,-20.15835],[-46.21623,-20.20052],[-46.2227,-20.22131],[-46.211,-20.23886],[-46.16786,-20.25539],[-46.16362,-20.28909],[-46.12022,-20.28419],[-46.11763,-20.29588],[-46.12993,-20.2978],[-46.11981,-20.30856],[-46.10219,-20.30195],[-46.10089,-20.32273],[-46.07779,-20.32936],[-46.08204,-20.35208],[-46.0241,-20.35454],[-46.01187,-20.33681],[-45.98346,-20.34169],[-45.96916,-20.32551],[-45.92634,-20.31576],[-45.92049,-20.30624],[-45.95585,-20.29689],[-45.95696,-20.27571],[-45.94587,-20.27595],[-45.9546,-20.26252],[-45.89846,-20.21814],[-45.87323,-20.22477],[-45.84428,-20.27054],[-45.83151,-20.27266],[-45.79995,-20.31051],[-45.83454,-20.35241],[-45.837,-20.38615],[-45.82582,-20.38936],[-45.83593,-20.42464],[-45.87056,-20.43385],[-45.88889,-20.45483],[-45.89006,-20.54084],[-45.92667,-20.53625],[-45.95846,-20.58817],[-45.96763,-20.58812],[-45.94716,-20.61514],[-45.92835,-20.60422],[-45.90676,-20.62407],[-45.88883,-20.62361],[-45.87656,-20.64994],[-45.85372,-20.65729],[-45.85001,-20.66886],[-45.8318,-20.66667],[-45.78853,-20.71722],[-45.75894,-20.71177],[-45.72169,-20.73588],[-45.64134,-20.69682],[-45.6137,-20.70309],[-45.56232,-20.68564],[-45.5511,-20.69487],[-45.49185,-20.69096],[-45.4856,-20.66857],[-45.47179,-20.66497],[-45.45552,-20.67079],[-45.40509,-20.65308],[-45.35723,-20.67386],[-45.31729,-20.65625],[-45.29351,-20.67053],[-45.26028,-20.65092],[-45.2465,-20.66484],[-45.19773,-20.66192],[-45.13694,-20.67476],[-45.13104,-20.68482],[-45.14704,-20.69018],[-45.14545,-20.69956],[-45.1292,-20.71921],[-45.1048,-20.71654],[-45.08799,-20.7361],[-45.0687,-20.76293],[-45.06745,-20.80182],[-45.05648,-20.81695],[-44.99174,-20.80781],[-44.94264,-20.81845],[-44.93179,-20.79167],[-44.89292,-20.79361],[-44.84999,-20.83869],[-44.83325,-20.84141],[-44.83615,-20.86425],[-44.82146,-20.88516],[-44.78054,-20.9028],[-44.75922,-20.87484],[-44.73012,-20.89153],[-44.70914,-20.84888],[-44.65944,-20.89855],[-44.66115,-20.99004],[-44.64061,-20.99572],[-44.62131,-21.09583],[-44.63432,-21.08723],[-44.64599,-21.1031],[-44.65918,-21.09707],[-44.67217,-21.10608],[-44.66948,-21.11528],[-44.70476,-21.11945],[-44.69547,-21.1317],[-44.71414,-21.14562],[-44.70127,-21.17051],[-44.70726,-21.19563],[-44.72391,-21.21069],[-44.73834,-21.20434],[-44.74388,-21.23061],[-44.7596,-21.2348],[-44.77224,-21.26848],[-44.75126,-21.28528],[-44.76631,-21.35067],[-44.81791,-21.39329],[-44.81334,-21.46906],[-44.78434,-21.46458],[-44.7844,-21.47279],[-44.76326,-21.47781],[-44.76509,-21.44321],[-44.73588,-21.43857],[-44.63844,-21.44931],[-44.64857,-21.40559],[-44.63702,-21.37956],[-44.60059,-21.36064],[-44.60817,-21.3334],[-44.60006,-21.32396],[-44.57985,-21.32726],[-44.5796,-21.30963],[-44.55654,-21.31272],[-44.54737,-21.33886],[-44.52939,-21.33516],[-44.5113,-21.35414],[-44.53243,-21.39316],[-44.52094,-21.39292],[-44.51382,-21.40785],[-44.50267,-21.39455],[-44.48179,-21.40821],[-44.44318,-21.39684],[-44.41587,-21.41469],[-44.39589,-21.40612],[-44.38505,-21.41354],[-44.33496,-21.38734],[-44.26114,-21.37049],[-44.2049,-21.37885],[-44.20936,-21.43524],[-44.2758,-21.45039],[-44.27244,-21.47107],[-44.28241,-21.48323],[-44.26677,-21.49543],[-44.26122,-21.48304],[-44.24713,-21.50197],[-44.25247,-21.4867],[-44.23606,-21.48312],[-44.22723,-21.54549],[-44.21344,-21.55059],[-44.22085,-21.56677],[-44.21046,-21.57654],[-44.17121,-21.54301],[-44.15385,-21.5456],[-44.16404,-21.57543],[-44.16277,-21.61854],[-44.14184,-21.64395],[-44.1517,-21.66154],[-44.13672,-21.6563],[-44.1203,-21.66989],[-44.11505,-21.66093],[-44.09179,-21.66675],[-44.08807,-21.65635],[-44.07578,-21.66251],[-44.06894,-21.67907],[-44.08013,-21.69569],[-44.07112,-21.71293],[-44.08148,-21.72258],[-44.06843,-21.74959],[-44.0835,-21.77483],[-44.07767,-21.79543],[-44.09922,-21.80256],[-44.10138,-21.82046],[-44.08575,-21.83355],[-44.09886,-21.87605],[-44.08042,-21.89217],[-44.07067,-21.92571],[-44.00118,-21.90978],[-43.99962,-21.93031],[-43.97693,-21.95666],[-44.0041,-22.0031],[-44.00012,-22.02214],[-44.05141,-22.03236],[-44.0796,-21.99536],[-44.12327,-21.99588],[-44.13414,-22.01586],[-44.14451,-22.01568],[-44.14673,-22.03408],[-44.20727,-22.0704],[-44.20654,-22.08455],[-44.18804,-22.09278],[-44.19114,-22.10329],[-44.21809,-22.10641],[-44.2216,-22.13097],[-44.20208,-22.12669],[-44.19101,-22.14226],[-44.20034,-22.17813],[-44.18149,-22.19653],[-44.17937,-22.22851],[-44.22354,-22.2595],[-44.25987,-22.26804],[-44.26274,-22.24408],[-44.29151,-22.24306],[-44.31716,-22.25951],[-44.35962,-22.25402],[-44.38759,-22.2725],[-44.3948,-22.25891],[-44.45711,-22.25759],[-44.46572,-22.27913],[-44.53267,-22.33073],[-44.58127,-22.32854],[-44.58721,-22.32035],[-44.61004,-22.32656],[-44.66185,-22.38048],[-44.72964,-22.36075],[-44.80353,-22.3937],[-44.80798,-22.41411],[-44.83493,-22.4311],[-44.86021,-22.42306],[-44.88973,-22.43212],[-44.89754,-22.45248],[-44.9396,-22.45261],[-44.96586,-22.47519],[-45.0284,-22.4632],[-45.15032,-22.50736],[-45.17805,-22.54988],[-45.26017,-22.58205],[-45.26266,-22.60874],[-45.27587,-22.61696],[-45.33296,-22.61764],[-45.39999,-22.65368],[-45.41052,-22.65167],[-45.41293,-22.62222],[-45.43555,-22.61832],[-45.47386,-22.58889],[-45.4888,-22.62879],[-45.50107,-22.62633],[-45.53991,-22.65258],[-45.58041,-22.65291],[-45.55536,-22.62644],[-45.57652,-22.6017],[-45.61813,-22.63791],[-45.66618,-22.6512],[-45.68108,-22.63634],[-45.65886,-22.59811],[-45.66289,-22.57681],[-45.67872,-22.57329],[-45.69544,-22.58634],[-45.71888,-22.57875],[-45.73669,-22.61015],[-45.69399,-22.65171],[-45.74281,-22.65917],[-45.78786,-22.69336],[-45.81164,-22.69871],[-45.81993,-22.72272],[-45.79563,-22.73902],[-45.75646,-22.72104],[-45.73256,-22.722],[-45.71221,-22.76984],[-45.73033,-22.79859],[-45.71358,-22.81479],[-45.74171,-22.80792],[-45.7429,-22.79536],[-45.75492,-22.79291],[-45.77095,-22.80593],[-45.77032,-22.84681],[-45.79085,-22.85861],[-45.8098,-22.82939],[-45.83725,-22.83207],[-45.87116,-22.87168],[-45.88852,-22.87601],[-45.89116,-22.84553],[-45.91324,-22.81697],[-45.93931,-22.84667],[-45.99309,-22.86981],[-46.00761,-22.88929],[-46.09522,-22.89443],[-46.13909,-22.92276],[-46.15399,-22.9124],[-46.13828,-22.89497],[-46.14503,-22.85719],[-46.1922,-22.86523],[-46.23492,-22.88315],[-46.23817,-22.89416],[-46.25741,-22.89087],[-46.26686,-22.87569],[-46.29503,-22.89782],[-46.31607,-22.88698],[-46.34489,-22.90522],[-46.38419,-22.86997],[-46.3732,-22.86165],[-46.37681,-22.82782],[-46.3617,-22.78894],[-46.33454,-22.7603],[-46.35944,-22.76135],[-46.37281,-22.74683]]]}},{"type":"Feature","id":"cep2-38","properties":{"postal_code_id":"cep2-38","postal_codes":["38"],"first_digits":["3"],"states":["MG"]},"geometry":{"type":"Polygon","coordinates":[[[-49.30585,-20.1169],[-49.29726,-20.01752],[-49.28392,-20.00477],[-49.24834,-19.99964],[-49.24596,-19.97846],[-49.26517,-19.96204],[-49.29754,-19.96055],[-49.35649,-19.98672],[-49.43454,-19.98239],[-49.49279,-19.95042],[-49.50345,-19.91993],[-49.55149,-19.90584],[-49.63441,-19.93193],[-49.78246,-19.92446],[-49.83527,-19.93331],[-49.85374,-19.94646],[-49.88834,-19.9453],[-49.96988,-19.92005],[-50.01876,-19.9254],[-50.09724,-19.87548],[-50.33743,-19.86948],[-50.41713,-19.80114],[-50.46932,-19.77989],[-50.57795,-19.81637],[-50.6581,-19.90715],[-50.7836,-19.93723],[-50.86797,-19.98664],[-50.90813,-19.99426],[-50.94552,-20.02973],[-50.96913,-20.03645],[-51.00047,-20.08538],[-51.01789,-20.04839],[-51.00549,-19.99606],[-51.02091,-19.95909],[-50.99947,-19.90638],[-51.01931,-19.87045],[-51.02363,-19.80395],[-51.03994,-19.77712],[-51.0279,-19.75658],[-51.04608,-19.73558],[-51.03818,-19.69177],[-50.98755,-19.58951],[-50.9618,-19.58174],[-50.93056,-19.59028],[-50.92439,-19.58088],[-50.93088,-19.54224],[-50.96386,-19.48635],[-50.935,-19.46748],[-50.84939,-19.49814],[-50.82669,-19.48747],[-50.82559,-19.47334],[-50.87536,-19.42284],[-50.81707,-19.28932],[-50.74653,-19.23991],[-50.73307,-19.18703],[-50.68248,-19.17562],[-50.67185,-19.16107],[-50.67449,-19.1363],[-50.58653,-19.13949],[-50.53516,-19.09889],[-50.49508,-19.01287],[-50.51055,-18.93866],[-50.44344,-18.89412],[-50.42349,-18.83265],[-50.37857,-18.81465],[-50.33201,-18.72481],[-50.2961,-18.69124],[-50.25026,-18.67789],[-50.19888,-18.67908],[-50.16429,-18.66435],[-50.07977,-18.6719],[-50.02006,-18.59936],[-49.93165,-18.62399],[-49.87409,-18.61127],[-49.83615,-18.63669],[-49.78368,-18.64134],[-49.7722,-18.61326],[-49.73283,-18.61602],[-49.68205,-18.58885],[-49.63776,-18.59863],[-49.65171,-18.56112],[-49.60821,-18.54701],[-49.5571,-18.54658],[-49.53531,-18.49181],[-49.49305,-18.49429],[-49.47773,-18.56427],[-49.45597,-18.5779],[-49.41962,-18.6316],[-49.39304,-18.6473],[-49.34261,-18.5956],[-49.3275,-18.5622],[-49.29269,-18.56391],[-49.28564,-18.53631],[-49.24935,-18.52284],[-49.22837,-18.47922],[-49.19259,-18.44972],[-49.21234,-18.42183],[-49.2058,-18.41409],[-49.15927,-18.41665],[-49.12631,-18.38431],[-49.1078,-18.3886],[-49.10801,-18.40371],[-49.07905,-18.41667],[-49.05376,-18.40258],[-49.02964,-18.36882],[-48.996,-18.37094],[-48.9815,-18.35637],[-48.9829,-18.34112],[-48.93677,-18.30621],[-48.83713,-18.34148],[-48.82802,-18.37525],[-48.81636,-18.37966],[-48.78717,-18.3532],[-48.77141,-18.35824],[-48.75772,-18.34476],[-48.69775,-18.35017],[-48.64109,-18.34026],[-48.63382,-18.32765],[-48.60235,-18.33482],[-48.56141,-18.32389],[-48.55454,-18.34695],[-48.51565,-18.36642],[-48.4877,-18.35206],[-48.47944,-18.38028],[-48.44205,-18.35662],[-48.43953,-18.36354],[-48.41117,-18.35762],[-48.40419,-18.37098],[-48.35264,-18.3677],[-48.31054,-18.38671],[-48.30461,-18.38247],[-48.31807,-18.3671],[-48.27177,-18.32935],[-48.25678,-18.34298],[-48.22723,-18.34597],[-48.22148,-18.36197],[-48.15938,-18.37551],[-48.14653,-18.40954],[-48.11079,-18.42859],[-48.07866,-18.43006],[-48.06272,-18.41395],[-48.01243,-18.44998],[-47.99667,-18.45353],[-47.98091,-18.44286],[-47.97638,-18.47778],[-47.9634,-18.47983],[-47.9546,-18.5],[-47.91427,-18.46658],[-47.88791,-18.47722],[-47.88558,-18.46851],[-47.86324,-18.46974],[-47.87352,-18.46025],[-47.86045,-18.44019],[-47.83194,-18.44978],[-47.82973,-18.4113],[-47.80838,-18.40022],[-47.77902,-18.42414],[-47.74949,-18.41255],[-47.75466,-18.39167],[-47.73329,-18.3759],[-47.73696,-18.3626],[-47.71546,-18.36389],[-47.70727,-18.38038],[-47.67154,-18.35815],[-47.65319,-18.32625],[-47.64815,-18.3407],[-47.61021,-18.31571],[-47.63777,-18.28908],[-47.61804,-18.26887],[-47.62496,-18.26052],[-47.61716,-18.24842],[-47.61344,-18.26286],[-47.60182,-18.25772],[-47.607,-18.2462],[-47.58033,-18.23414],[-47.58834,-18.22739],[-47.57064,-18.2209],[-47.56664,-18.20292],[-47.56186,-18.20934],[-47.54015,-18.19352],[-47.53747,-18.2301],[-47.52759,-18.22694],[-47.51766,-18.19944],[-47.48425,-18.19283],[-47.48061,-18.17832],[-47.46299,-18.17669],[-47.45109,-18.1595],[-47.42976,-18.16522],[-47.43521,-18.15046],[-47.42651,-18.13933],[-47.41194,-18.14823],[-47.39588,-18.1409],[-47.4077,-18.13292],[-47.39477,-18.11689],[-47.35584,-18.10514],[-47.35763,-18.08523],[-47.34536,-18.08703],[-47.32434,-18.06977],[-47.30429,-18.0746],[-47.30588,-18.06309],[-47.28344,-18.05775],[-47.2834,-18.04077],[-47.30073,-18.02718],[-47.29686,-18.00956],[-47.31247,-18.00574],[-47.32243,-17.98529],[-47.31296,-17.96189],[-47.34128,-17.93486],[-47.34178,-17.90018],[-47.3568,-17.89625],[-47.35694,-17.85493],[-47.37121,-17.83135],[-47.34989,-17.80998],[-47.34349,-17.77474],[-47.33179,-17.76555],[-47.34222,-17.74571],[-47.31695,-17.72524],[-47.31397,-17.69982],[-47.26999,-17.67048],[-47.27901,-17.64266],[-47.2648,-17.61139],[-47.32541,-17.5238],[-47.37466,-17.52354],[-47.40045,-17.51182],[-47.45473,-17.54179],[-47.47728,-17.51278],[-47.49117,-17.51878],[-47.50472,-17.50919],[-47.51332,-17.46322],[-47.53665,-17.45707],[-47.54095,-17.44572],[-47.52176,-17.42625],[-47.53797,-17.4084],[-47.52462,-17.41192],[-47.53961,-17.38804],[-47.51451,-17.37495],[-47.52233,-17.3537],[-47.50655,-17.34217],[-47.51265,-17.33532],[-47.51077,-17.32614],[-47.48857,-17.34874],[-47.47223,-17.34521],[-47.46401,-17.35585],[-47.45757,-17.34373],[-47.44054,-17.34648],[-47.45429,-17.3319],[-47.43787,-17.31788],[-47.42419,-17.32403],[-47.42937,-17.30804],[-47.41954,-17.29235],[-47.43446,-17.27622],[-47.4171,-17.26952],[-47.42235,-17.25961],[-47.40672,-17.25544],[-47.41107,-17.24923],[-47.39892,-17.24265],[-47.38654,-17.24981],[-47.37468,-17.21633],[-47.36265,-17.22271],[-47.35023,-17.1965],[-47.36218,-17.18764],[-47.34018,-17.18739],[-47.35166,-17.18196],[-47.35199,-17.1665],[-47.3339,-17.16529],[-47.32768,-17.14834],[-47.32368,-17.15563],[-47.3134,-17.14697],[-47.3094,-17.1588],[-47.29315,-17.13942],[-47.28271,-17.1441],[-47.28212,-17.11602],[-47.27486,-17.10583],[-47.26715,-17.11366],[-47.26465,-17.09934],[-47.24818,-17.09856],[-47.24759,-17.08259],[-47.2317,-17.0892],[-47.22379,-17.07606],[-47.20884,-17.08086],[-47.20892,-17.06855],[-47.19184,-17.06957],[-47.19588,-17.06038],[-47.1821,-17.06395],[-47.17556,-17.05423],[-47.1846,-17.03868],[-47.16712,-17.04804],[-47.16301,-17.03242],[-47.15143,-17.03368],[-47.13201,-17.00675],[-47.14383,-17.01063],[-47.13959,-16.99945],[-47.14973,-16.99691],[-47.12741,-16.97865],[-47.16728,-16.95265],[-47.15796,-16.93985],[-47.17432,-16.9295],[-47.16065,-16.91973],[-47.17472,-16.91742],[-47.18071,-16.90175],[-47.19722,-16.90973],[-47.20337,-16.88852],[-47.19421,-16.88244],[-47.20963,-16.86356],[-47.20025,-16.85714],[-47.20644,-16.83839],[-47.19684,-16.82272],[-47.21263,-16.82782],[-47.20792,-16.81903],[-47.21989,-16.80955],[-47.2197,-16.77807],[-47.23118,-16.77504],[-47.23649,-16.75535],[-47.22567,-16.72048],[-47.24619,-16.70046],[-47.24588,-16.68354],[-47.25796,-16.68501],[-47.25086,-16.66481],[-47.2625,-16.65434],[-47.27759,-16.65921],[-47.28797,-16.63263],[-47.30767,-16.63096],[-47.31649,-16.60478],[-47.33385,-16.60842],[-47.35758,-16.58689],[-47.37679,-16.59895],[-47.37753,-16.5784],[-47.38664,-16.57771],[-47.38577,-16.58736],[-47.39798,-16.57071],[-47.41267,-16.57438],[-47.41369,-16.54665],[-47.42824,-16.55046],[-47.44547,-16.53674],[-47.446,-16.51737],[-47.45952,-16.50413],[-47.45437,-16.46461],[-47.42721,-16.43456],[-47.42014,-16.38319],[-47.36549,-16.32988],[-47.35161,-16.27541],[-47.32198,-16.23143],[-47.35047,-16.12971],[-47.33864,-16.12906],[-47.33715,-16.09359],[-47.31134,-16.08813],[-47.31071,-16.03084],[-47.29677,-16.01533],[-47.27629,-16.00791],[-47.25932,-16.01861],[-47.21766,-16.01396],[-47.20796,-15.98685],[-47.18506,-15.98367],[-47.17029,-15.96955],[-47.17174,-15.95413],[-47.13656,-15.92738],[-47.13539,-15.94888],[-47.09062,-15.96092],[-47.05293,-15.93647],[-46.8069,-15.87925],[-46.8055,-15.85939],[-46.82322,-15.82463],[-46.81315,-15.7872],[-46.82778,-15.72867],[-46.85575,-15.6818],[-46.85488,-15.6183],[-46.91775,-15.59001],[-46.9491,-15.5546],[-46.93047,-15.44309],[-46.91193,-15.41155],[-46.84948,-15.37316],[-46.86784,-15.35729],[-46.8359,-15.32654],[-46.8737,-15.2854],[-46.88932,-15.28225],[-46.89148,-15.23526],[-46.92766,-15.2551],[-46.94093,-15.22964],[-46.88832,-15.11254],[-46.92604,-15.07356],[-46.92506,-15.05751],[-46.8569,-15.01027],[-46.82987,-15.00926],[-46.72648,-15.03842],[-46.64102,-15.08759],[-46.57745,-15.08406],[-46.55132,-15.06388],[-46.51548,-15.06179],[-46.50272,-15.0509],[-46.53081,-15.00528],[-46.51815,-14.97048],[-46.54084,-14.9516],[-46.54654,-14.92544],[-46.52156,-14.85118],[-46.53193,-14.8303],[-46.55851,-14.82215],[-46.56595,-14.79204],[-46.54323,-14.76867],[-46.54419,-14.75301],[-46.51028,-14.73826],[-46.50345,-14.70408],[-46.4749,-14.70518],[-46.46404,-14.7297],[-46.44736,-14.73168],[-46.36578,-14.79541],[-46.3222,-14.81458],[-46.32492,-14.84779],[-46.30047,-14.85808],[-46.31934,-14.90044],[-46.2938,-14.91011],[-46.28686,-14.92815],[-46.23222,-14.9223],[-46.22447,-14.94173],[-46.19998,-14.93844],[-46.17678,-14.94944],[-46.16155,-14.93105],[-46.16641,-14.90845],[-46.13875,-14.9285],[-46.11908,-14.92056],[-46.09822,-14.93898],[-46.08319,-14.92807],[-46.07934,-14.90484],[-46.0673,-14.90978],[-46.04856,-14.87828],[-46.02128,-14.88378],[-46.00388,-14.90229],[-46.00526,-14.92745],[-45.97175,-14.94912],[-45.96608,-14.96565],[-45.97852,-14.99858],[-45.97347,-15.02672],[-46.0185,-15.0813],[-46.02848,-15.11411],[-46.04372,-15.11813],[-46.04778,-15.16373],[-46.12076,-15.1975],[-46.09882,-15.21679],[-46.09236,-15.24791],[-46.07975,-15.25139],[-46.07708,-15.26468],[-46.05263,-15.25919],[-46.0272,-15.20022],[-45.98451,-15.19596],[-45.97173,-15.15388],[-45.95591,-15.14067],[-45.91872,-15.13337],[-45.87216,-15.1588],[-45.81167,-15.11284],[-45.73984,-15.12038],[-45.76824,-15.17926],[-45.75419,-15.2087],[-45.7199,-15.24146],[-45.6984,-15.24121],[-45.68436,-15.22861],[-45.63705,-15.2289],[-45.5946,-15.19404],[-45.60812,-15.23491],[-45.67408,-15.30842],[-45.71756,-15.32201],[-45.70995,-15.3404],[-45.74215,-15.34333],[-45.81826,-15.40506],[-45.79267,-15.43085],[-45.76343,-15.40991],[-45.72745,-15.43814],[-45.65996,-15.41679],[-45.59917,-15.44276],[-45.5848,-15.51375],[-45.6046,-15.53761],[-45.58356,-15.58033],[-45.58574,-15.66252],[-45.55971,-15.69284],[-45.58364,-15.70787],[-45.59866,-15.73599],[-45.64419,-15.77842],[-45.64238,-15.78806],[-45.65946,-15.7919],[-45.72212,-15.86589],[-45.73739,-15.91033],[-45.78742,-15.97538],[-45.80574,-16.06211],[-45.84963,-16.09165],[-45.9154,-16.10848],[-45.89637,-16.14725],[-45.86278,-16.16932],[-45.83202,-16.15242],[-45.79979,-16.17437],[-45.75163,-16.12934],[-45.71911,-16.14843],[-45.71317,-16.13322],[-45.70593,-16.15253],[-45.69346,-16.14988],[-45.69512,-16.1723],[-45.67731,-16.17054],[-45.66866,-16.18443],[-45.65757,-16.16043],[-45.65391,-16.19376],[-45.67269,-16.19613],[-45.707,-16.30217],[-45.69981,-16.35878],[-45.7144,-16.3655],[-45.7155,-16.41707],[-45.74432,-16.4315],[-45.75189,-16.4503],[-45.78041,-16.46496],[-45.79004,-16.45686],[-45.81496,-16.50039],[-45.90248,-16.52454],[-45.91001,-16.53995],[-45.9288,-16.53827],[-45.95185,-16.55404],[-45.94631,-16.57126],[-45.96127,-16.5759],[-45.98124,-16.62167],[-45.99981,-16.61953],[-46.01561,-16.63724],[-45.99153,-16.69406],[-45.95827,-16.69504],[-45.93997,-16.72117],[-45.88874,-16.70284],[-45.88519,-16.72883],[-45.85814,-16.76416],[-45.85587,-16.81071],[-45.82774,-16.83094],[-45.79411,-16.84039],[-45.77752,-16.8317],[-45.77808,-16.85209],[-45.75501,-16.8561],[-45.75074,-16.87489],[-45.72126,-16.89826],[-45.69652,-16.8829],[-45.67398,-16.8895],[-45.61973,-16.87541],[-45.5977,-16.88155],[-45.59744,-16.90475],[-45.56425,-16.94145],[-45.51922,-16.94038],[-45.50489,-16.96087],[-45.51094,-17.03554],[-45.55211,-17.03397],[-45.56114,-17.04432],[-45.5485,-17.05011],[-45.56106,-17.0559],[-45.55805,-17.06339],[-45.54279,-17.05853],[-45.55243,-17.07966],[-45.53064,-17.07521],[-45.52131,-17.08369],[-45.53308,-17.0907],[-45.52932,-17.09851],[-45.50104,-17.10149],[-45.49297,-17.09362],[-45.47365,-17.10688],[-45.44783,-17.10426],[-45.43578,-17.11758],[-45.45334,-17.15471],[-45.48638,-17.18163],[-45.47158,-17.20326],[-45.49367,-17.22302],[-45.4969,-17.25181],[-45.51019,-17.25809],[-45.50532,-17.32265],[-45.54187,-17.37522],[-45.56181,-17.38172],[-45.56025,-17.40072],[-45.54609,-17.41768],[-45.51735,-17.42207],[-45.50402,-17.45084],[-45.47123,-17.47563],[-45.44271,-17.48858],[-45.42021,-17.48469],[-45.38449,-17.5214],[-45.38258,-17.55167],[-45.39239,-17.56578],[-45.38165,-17.57927],[-45.43457,-17.58291],[-45.45473,-17.60373],[-45.40359,-17.66835],[-45.41595,-17.67825],[-45.41177,-17.70628],[-45.42843,-17.72197],[-45.42529,-17.7339],[-45.44504,-17.73686],[-45.41905,-17.78671],[-45.45977,-17.80025],[-45.44894,-17.79914],[-45.46604,-17.83089],[-45.45203,-17.86683],[-45.46898,-17.90541],[-45.45006,-17.9033],[-45.44661,-17.91675],[-45.41731,-17.90471],[-45.35002,-17.906],[-45.33775,-17.93874],[-45.29037,-17.96163],[-45.27424,-17.98502],[-45.25643,-17.99362],[-45.24058,-17.97621],[-45.22369,-17.97653],[-45.2139,-17.98981],[-45.19844,-17.9878],[-45.17995,-18.02926],[-45.20884,-18.05778],[-45.1834,-18.09022],[-45.18781,-18.12381],[-45.1983,-18.12854],[-45.23908,-18.10971],[-45.25002,-18.12643],[-45.2276,-18.14165],[-45.22886,-18.1583],[-45.26732,-18.22092],[-45.29075,-18.20989],[-45.31856,-18.22073],[-45.34409,-18.25901],[-45.40698,-18.31742],[-45.51355,-18.31792],[-45.57379,-18.35724],[-45.57356,-18.37217],[-45.58623,-18.37182],[-45.59265,-18.39093],[-45.61653,-18.39941],[-45.61233,-18.41156],[-45.63459,-18.42969],[-45.64528,-18.49126],[-45.6348,-18.49755],[-45.6396,-18.51445],[-45.6214,-18.52294],[-45.61552,-18.57243],[-45.63724,-18.60897],[-45.62572,-18.62086],[-45.63907,-18.66502],[-45.66253,-18.67962],[-45.66828,-18.70049],[-45.69219,-18.70845],[-45.70198,-18.76115],[-45.68246,-18.77905],[-45.6475,-18.77287],[-45.634,-18.78441],[-45.6456,-18.81222],[-45.63353,-18.82029],[-45.64918,-18.8206],[-45.64538,-18.83651],[-45.65685,-18.83982],[-45.64769,-18.8482],[-45.66719,-18.84826],[-45.67425,-18.88324],[-45.66245,-18.89599],[-45.68765,-18.91069],[-45.68507,-18.9343],[-45.7,-18.93914],[-45.69405,-18.95077],[-45.70462,-18.94964],[-45.71303,-18.96318],[-45.70263,-18.9658],[-45.71558,-18.96852],[-45.69937,-18.98474],[-45.71582,-19.00395],[-45.71206,-19.02965],[-45.74026,-19.04389],[-45.75427,-19.11014],[-45.77156,-19.11828],[-45.77507,-19.15211],[-45.80657,-19.18668],[-45.79964,-19.19107],[-45.81386,-19.20923],[-45.8043,-19.21477],[-45.81419,-19.21611],[-45.8066,-19.23366],[-45.81553,-19.26042],[-45.84263,-19.28749],[-45.83961,-19.3111],[-45.85081,-19.33853],[-45.8651,-19.33943],[-45.8658,-19.364],[-45.8783,-19.36757],[-45.87351,-19.38332],[-45.8879,-19.38335],[-45.88727,-19.43173],[-45.90334,-19.44861],[-45.90128,-19.47146],[-45.88559,-19.48638],[-45.90504,-19.51941],[-45.90261,-19.53803],[-45.924,-19.55091],[-45.9244,-19.57017],[-45.9486,-19.60831],[-45.93692,-19.61325],[-45.94518,-19.6299],[-45.93561,-19.63939],[-45.93966,-19.69618],[-45.92548,-19.70082],[-45.92138,-19.72916],[-45.87822,-19.7637],[-45.88066,-19.78115],[-45.85095,-19.82038],[-45.80895,-19.8462],[-45.82563,-19.88411],[-45.77996,-19.93344],[-45.78952,-19.95754],[-45.77496,-19.94826],[-45.75945,-19.97264],[-45.73054,-19.9683],[-45.73692,-19.98732],[-45.72019,-19.99096],[-45.68512,-20.03408],[-45.69555,-20.04315],[-45.68814,-20.05432],[-45.66411,-20.04341],[-45.66439,-20.05561],[-45.63973,-20.05339],[-45.62976,-20.08147],[-45.64641,-20.08581],[-45.63792,-20.10363],[-45.65754,-20.11882],[-45.64855,-20.15075],[-45.66568,-20.24524],[-45.66061,-20.29663],[-45.69384,-20.28819],[-45.75898,-20.30313],[-45.78015,-20.29162],[-45.79215,-20.29913],[-45.83338,-20.2812],[-45.87323,-20.22477],[-45.89846,-20.21814],[-45.9546,-20.26252],[-45.94587,-20.27595],[-45.95696,-20.27571],[-45.95585,-20.29689],[-45.92049,-20.30624],[-45.92634,-20.31576],[-45.96916,-20.32551],[-45.98346,-20.34169],[-46.01187,-20.33681],[-46.0241,-20.35454],[-46.08204,-20.35208],[-46.07779,-20.32936],[-46.10089,-20.32273],[-46.10219,-20.30195],[-46.11981,-20.30856],[-46.12993,-20.2978],[-46.11763,-20.29588],[-46.12022,-20.28419],[-46.16362,-20.28909],[-46.16786,-20.25539],[-46.211,-20.23886],[-46.2227,-20.22131],[-46.21623,-20.20052],[-46.2524,-20.15835],[-46.27674,-20.14177],[-46.28848,-20.15274],[-46.30244,-20.14984],[-46.31478,-20.11897],[-46.34254,-20.09959],[-46.35012,-20.06],[-46.3732,-20.05056],[-46.38459,-20.01395],[-46.40501,-20.0002],[-46.42079,-20.00928],[-46.45253,-19.97389],[-46.4757,-19.96959],[-46.50553,-20.00884],[-46.56546,-19.99601],[-46.5816,-20.01238],[-46.59637,-20.01109],[-46.62613,-19.99392],[-46.61804,-20.00849],[-46.62943,-20.04043],[-46.6676,-20.05026],[-46.71939,-20.04255],[-46.75393,-20.02508],[-46.80424,-20.02555],[-46.8091,-20.04091],[-46.83046,-20.04964],[-46.82466,-20.06208],[-46.85243,-20.11303],[-46.82699,-20.14219],[-46.81209,-20.14486],[-46.82197,-20.15524],[-46.91975,-20.13476],[-46.92704,-20.1592],[-46.89452,-20.17741],[-46.93385,-20.17035],[-46.96736,-20.17661],[-46.98454,-20.19576],[-47.04683,-20.18801],[-47.10921,-20.2038],[-47.10358,-20.24622],[-47.11595,-20.25631],[-47.07707,-20.27647],[-47.12409,-20.2869],[-47.15184,-20.23291],[-47.18038,-20.23896],[-47.19819,-20.222],[-47.23107,-20.21915],[-47.25057,-20.19967],[-47.26178,-20.15992],[-47.35868,-20.10398],[-47.3716,-20.08594],[-47.40813,-20.0802],[-47.4403,-20.04883],[-47.44484,-20.03038],[-47.42443,-20.01532],[-47.4726,-19.96103],[-47.50694,-19.98241],[-47.58382,-19.99666],[-47.59475,-20.02589],[-47.63476,-20.04925],[-47.70424,-19.9799],[-47.85975,-19.99294],[-47.87582,-20.03241],[-47.86106,-20.05547],[-47.87508,-20.09837],[-47.8994,-20.12567],[-47.93152,-20.11043],[-47.94602,-20.06047],[-47.97597,-20.03537],[-47.98852,-20.04035],[-47.98975,-20.07296],[-48.02016,-20.12403],[-48.03884,-20.11995],[-48.04939,-20.13724],[-48.07678,-20.14843],[-48.10549,-20.14636],[-48.17861,-20.09618],[-48.19106,-20.06098],[-48.2285,-20.02821],[-48.247,-20.03388],[-48.25343,-20.07792],[-48.21864,-20.12788],[-48.24133,-20.14018],[-48.28576,-20.13741],[-48.31541,-20.1138],[-48.37494,-20.1231],[-48.40578,-20.11351],[-48.49112,-20.13812],[-48.57441,-20.13089],[-48.64693,-20.167],[-48.72957,-20.15028],[-48.78114,-20.16385],[-48.82933,-20.16323],[-48.85539,-20.18014],[-48.85345,-20.21501],[-48.88708,-20.27528],[-48.86706,-20.39887],[-48.88646,-20.43689],[-48.89986,-20.44134],[-48.97035,-20.38979],[-48.96179,-20.2633],[-48.98605,-20.17077],[-49.03295,-20.15006],[-49.0659,-20.15346],[-49.12072,-20.27053],[-49.18356,-20.31466],[-49.22529,-20.30534],[-49.25969,-20.25876],[-49.29925,-20.16708],[-49.30585,-20.1169]]]}},{"type":"Feature","id":"cep2-39","properties":{"postal_code_id":"cep2-39","postal_codes":["39"],"first_digits":["3"],"states":["MG"]},"geometry":{"type":"Polygon","coordinates":[[[-44.13859,-18.54412],[-44.13061,-18.50707],[-44.17373,-18.51184],[-44.1999,-18.47978],[-44.18527,-18.44835],[-44.18725,-18.42141],[-44.24962,-18.38449],[-44.256,-18.37549],[-44.22613,-18.36872],[-44.23142,-18.35932],[-44.27124,-18.36041],[-44.27371,-18.34742],[-44.24419,-18.33637],[-44.24739,-18.32922],[-44.29987,-18.3165],[-44.29661,-18.2955],[-44.31501,-18.2762],[-44.33077,-18.28379],[-44.3281,-18.3123],[-44.34305,-18.33376],[-44.37418,-18.33387],[-44.40598,-18.38278],[-44.40989,-18.42629],[-44.43007,-18.44682],[-44.43603,-18.48931],[-44.45583,-18.52473],[-44.44669,-18.55032],[-44.49299,-18.56944],[-44.51675,-18.61689],[-44.53885,-18.59375],[-44.54062,-18.56677],[-44.56903,-18.56188],[-44.58911,-18.51437],[-44.56705,-18.48467],[-44.57641,-18.4713],[-44.61151,-18.50804],[-44.62998,-18.50615],[-44.63572,-18.52999],[-44.68143,-18.54198],[-44.67748,-18.5497],[-44.69588,-18.5693],[-44.70271,-18.63162],[-44.74225,-18.67802],[-44.82187,-18.65829],[-44.80474,-18.65001],[-44.80763,-18.62516],[-44.82058,-18.59746],[-44.85597,-18.56922],[-44.84955,-18.54586],[-44.90336,-18.52645],[-44.92272,-18.50383],[-44.95166,-18.50094],[-44.97565,-18.51955],[-45.00376,-18.51968],[-45.04424,-18.50192],[-45.05803,-18.50787],[-45.09637,-18.53506],[-45.11579,-18.5699],[-45.15482,-18.59542],[-45.14664,-18.65928],[-45.17241,-18.66654],[-45.21023,-18.64863],[-45.24094,-18.58187],[-45.22054,-18.52837],[-45.25429,-18.52148],[-45.36132,-18.4625],[-45.35825,-18.44704],[-45.29952,-18.40835],[-45.29779,-18.37241],[-45.28366,-18.35346],[-45.31591,-18.30883],[-45.28698,-18.27003],[-45.26305,-18.26028],[-45.26732,-18.22092],[-45.22886,-18.1583],[-45.2276,-18.14165],[-45.25002,-18.12643],[-45.23908,-18.10971],[-45.1983,-18.12854],[-45.18781,-18.12381],[-45.1834,-18.09022],[-45.20884,-18.05778],[-45.17995,-18.02926],[-45.18189,-18.00986],[-45.19844,-17.9878],[-45.2139,-17.98981],[-45.22369,-17.97653],[-45.24058,-17.97621],[-45.25643,-17.99362],[-45.27424,-17.98502],[-45.29037,-17.96163],[-45.33775,-17.93874],[-45.35002,-17.906],[-45.41731,-17.90471],[-45.44661,-17.91675],[-45.45006,-17.9033],[-45.46898,-17.90541],[-45.45203,-17.86683],[-45.46604,-17.83089],[-45.44894,-17.79914],[-45.45977,-17.80025],[-45.41905,-17.78671],[-45.44504,-17.73686],[-45.42529,-17.7339],[-45.42843,-17.72197],[-45.41177,-17.70628],[-45.41595,-17.67825],[-45.40359,-17.66835],[-45.45473,-17.60373],[-45.43457,-17.58291],[-45.38165,-17.57927],[-45.39239,-17.56578],[-45.38258,-17.55167],[-45.38449,-17.5214],[-45.42021,-17.48469],[-45.44271,-17.48858],[-45.47123,-17.47563],[-45.50402,-17.45084],[-45.51735,-17.42207],[-45.54609,-17.41768],[-45.56025,-17.40072],[-45.56181,-17.38172],[-45.54187,-17.37522],[-45.50532,-17.32265],[-45.51019,-17.25809],[-45.4969,-17.25181],[-45.49367,-17.22302],[-45.47158,-17.20326],[-45.48638,-17.18163],[-45.45334,-17.15471],[-45.43578,-17.11758],[-45.44783,-17.10426],[-45.47365,-17.10688],[-45.49297,-17.09362],[-45.50104,-17.10149],[-45.52932,-17.09851],[-45.53308,-17.0907],[-45.52131,-17.08369],[-45.53064,-17.07521],[-45.55243,-17.07966],[-45.54279,-17.05853],[-45.55805,-17.06339],[-45.56106,-17.0559],[-45.5485,-17.05011],[-45.56114,-17.04432],[-45.55211,-17.03397],[-45.51094,-17.03554],[-45.50632,-17.01292],[-45.51511,-17.00033],[-45.50309,-16.97795],[-45.51922,-16.94038],[-45.56425,-16.94145],[-45.59744,-16.90475],[-45.5977,-16.88155],[-45.61973,-16.87541],[-45.66438,-16.88858],[-45.69652,-16.8829],[-45.72126,-16.89826],[-45.75074,-16.87489],[-45.75501,-16.8561],[-45.77808,-16.85209],[-45.77752,-16.8317],[-45.79411,-16.84039],[-45.85587,-16.81071],[-45.85814,-16.76416],[-45.88519,-16.72883],[-45.88874,-16.70284],[-45.93997,-16.72117],[-45.95827,-16.69504],[-45.99153,-16.69406],[-46.01561,-16.63724],[-45.99981,-16.61953],[-45.98124,-16.62167],[-45.96127,-16.5759],[-45.94631,-16.57126],[-45.95185,-16.55404],[-45.9288,-16.53827],[-45.91001,-16.53995],[-45.90248,-16.52454],[-45.81496,-16.50039],[-45.79004,-16.45686],[-45.78041,-16.46496],[-45.75189,-16.4503],[-45.74432,-16.4315],[-45.7155,-16.41707],[-45.7144,-16.3655],[-45.69981,-16.35878],[-45.707,-16.30217],[-45.67269,-16.19613],[-45.65391,-16.19376],[-45.65757,-16.16043],[-45.66866,-16.18443],[-45.67731,-16.17054],[-45.69512,-16.1723],[-45.69346,-16.14988],[-45.70593,-16.15253],[-45.71317,-16.13322],[-45.71911,-16.14843],[-45.75163,-16.12934],[-45.79979,-16.17437],[-45.83202,-16.15242],[-45.86278,-16.16932],[-45.89637,-16.14725],[-45.9154,-16.10848],[-45.84963,-16.09165],[-45.80574,-16.06211],[-45.78742,-15.97538],[-45.73739,-15.91033],[-45.72212,-15.86589],[-45.65946,-15.7919],[-45.64238,-15.78806],[-45.64419,-15.77842],[-45.59866,-15.73599],[-45.58364,-15.70787],[-45.55971,-15.69284],[-45.58574,-15.66252],[-45.58356,-15.58033],[-45.6046,-15.53761],[-45.5848,-15.51375],[-45.59917,-15.44276],[-45.65996,-15.41679],[-45.72745,-15.43814],[-45.76343,-15.40991],[-45.79267,-15.43085],[-45.81826,-15.40506],[-45.74215,-15.34333],[-45.70995,-15.3404],[-45.71756,-15.32201],[-45.67408,-15.30842],[-45.59618,-15.20839],[-45.5946,-15.19404],[-45.63705,-15.2289],[-45.68436,-15.22861],[-45.6984,-15.24121],[-45.7199,-15.24146],[-45.75419,-15.2087],[-45.76824,-15.17926],[-45.73984,-15.12038],[-45.72163,-15.11223],[-45.71856,-15.09562],[-45.67319,-15.07783],[-45.65582,-15.04853],[-45.6579,-15.02845],[-45.62462,-15.02137],[-45.56757,-14.94583],[-45.5361,-14.93813],[-45.51399,-14.95397],[-45.49849,-14.94638],[-45.49005,-14.96076],[-45.46985,-14.95005],[-45.45792,-14.95473],[-45.43523,-14.9226],[-45.4103,-14.92344],[-45.38718,-14.90664],[-45.36228,-14.87078],[-45.35557,-14.87751],[-45.30566,-14.83369],[-45.28569,-14.83248],[-45.28874,-14.81811],[-45.25871,-14.78952],[-45.24196,-14.78653],[-45.20557,-14.74474],[-45.1913,-14.74971],[-45.17202,-14.73468],[-45.13629,-14.74742],[-45.08277,-14.74877],[-45.04032,-14.68048],[-44.99575,-14.66782],[-44.99664,-14.65884],[-44.97408,-14.65077],[-44.98096,-14.64563],[-44.91668,-14.61966],[-44.90952,-14.60328],[-44.87696,-14.59918],[-44.86198,-14.5792],[-44.84339,-14.58084],[-44.8433,-14.56804],[-44.85879,-14.57152],[-44.84818,-14.54692],[-44.82435,-14.53938],[-44.83324,-14.49983],[-44.81077,-14.5031],[-44.71288,-14.44396],[-44.70129,-14.44979],[-44.68655,-14.41679],[-44.66799,-14.42385],[-44.65888,-14.39576],[-44.63654,-14.39088],[-44.61074,-14.36544],[-44.59918,-14.36811],[-44.56612,-14.34138],[-44.54512,-14.34306],[-44.52915,-14.32813],[-44.48826,-14.32863],[-44.4389,-14.30283],[-44.4286,-14.28664],[-44.36634,-14.274],[-44.31648,-14.24035],[-44.30234,-14.25324],[-44.27201,-14.24664],[-44.23871,-14.25801],[-44.24062,-14.24069],[-44.21806,-14.24498],[-44.21688,-14.23333],[-44.20129,-14.25448],[-44.17038,-14.26869],[-44.16033,-14.25776],[-44.13726,-14.26415],[-44.13232,-14.28206],[-44.10729,-14.25912],[-44.09689,-14.274],[-44.08692,-14.26843],[-44.03254,-14.28811],[-43.99659,-14.2657],[-43.98084,-14.28215],[-43.96959,-14.27402],[-43.96192,-14.29101],[-43.94629,-14.28995],[-43.9429,-14.3047],[-43.9334,-14.29615],[-43.92642,-14.30567],[-43.92387,-14.29598],[-43.91159,-14.30504],[-43.90226,-14.29813],[-43.88093,-14.3118],[-43.85475,-14.30819],[-43.84789,-14.32125],[-43.82151,-14.31179],[-43.80009,-14.33783],[-43.78319,-14.33923],[-43.81843,-14.38769],[-43.83196,-14.44301],[-43.87026,-14.51308],[-43.88723,-14.58518],[-43.87032,-14.61204],[-43.88175,-14.62944],[-43.87463,-14.63677],[-43.88579,-14.63543],[-43.87787,-14.6421],[-43.88354,-14.65255],[-43.8592,-14.6743],[-43.78566,-14.68572],[-43.75551,-14.70084],[-43.72626,-14.69816],[-43.71209,-14.71594],[-43.71986,-14.72954],[-43.67217,-14.72994],[-43.657,-14.74575],[-43.615,-14.75989],[-43.57857,-14.75256],[-43.53395,-14.78872],[-43.53959,-14.80297],[-43.53025,-14.81575],[-43.50944,-14.80623],[-43.51116,-14.79657],[-43.4683,-14.78484],[-43.48125,-14.7679],[-43.46284,-14.76589],[-43.46127,-14.74623],[-43.43489,-14.72304],[-43.35416,-14.69809],[-43.31123,-14.66975],[-43.2837,-14.67391],[-43.24505,-14.65651],[-43.19341,-14.65011],[-43.17918,-14.66098],[-43.17495,-14.65105],[-43.1515,-14.66633],[-43.1275,-14.66568],[-43.1163,-14.67885],[-43.10803,-14.67317],[-43.08394,-14.69827],[-43.06808,-14.68095],[-43.05717,-14.69062],[-43.03831,-14.68281],[-43.01095,-14.70166],[-42.93888,-14.70803],[-42.9274,-14.74311],[-42.91122,-14.74568],[-42.90588,-14.76105],[-42.87208,-14.76469],[-42.87239,-14.77536],[-42.79099,-14.83938],[-42.75514,-14.84642],[-42.73594,-14.87742],[-42.72336,-14.88561],[-42.71369,-14.8793],[-42.6928,-14.90249],[-42.65969,-14.91044],[-42.62649,-14.94515],[-42.60254,-14.92468],[-42.58558,-14.9316],[-42.56069,-14.9623],[-42.53328,-14.96827],[-42.47902,-15.01424],[-42.43599,-15.0261],[-42.44294,-15.06132],[-42.40107,-15.07725],[-42.37186,-15.07363],[-42.35491,-15.0982],[-42.33514,-15.07881],[-42.26562,-15.12498],[-42.22313,-15.09956],[-42.18296,-15.09965],[-42.17332,-15.08595],[-42.08471,-15.18653],[-42.00438,-15.15958],[-41.93254,-15.1745],[-41.92835,-15.16299],[-41.87872,-15.1357],[-41.87253,-15.11645],[-41.80231,-15.10029],[-41.35642,-15.50029],[-41.33121,-15.74467],[-41.29295,-15.73901],[-41.26856,-15.7487],[-41.2154,-15.73717],[-41.14253,-15.77205],[-41.12156,-15.74301],[-41.09813,-15.74105],[-41.07875,-15.71991],[-41.00606,-15.71384],[-40.97961,-15.69166],[-40.96313,-15.6484],[-40.91433,-15.66098],[-40.90257,-15.69184],[-40.88156,-15.69447],[-40.84136,-15.68254],[-40.82931,-15.64826],[-40.81675,-15.64762],[-40.78034,-15.6802],[-40.78595,-15.69226],[-40.76766,-15.71408],[-40.74151,-15.70473],[-40.74381,-15.68401],[-40.73215,-15.6749],[-40.70058,-15.66731],[-40.68145,-15.69973],[-40.64489,-15.72889],[-40.62603,-15.71821],[-40.60103,-15.74341],[-40.59381,-15.77086],[-40.56919,-15.7748],[-40.5649,-15.80155],[-40.51977,-15.79757],[-40.50631,-15.7669],[-40.48412,-15.7758],[-40.46143,-15.75323],[-40.43247,-15.77865],[-40.42503,-15.80571],[-40.39228,-15.81988],[-40.35672,-15.81301],[-40.33719,-15.82422],[-40.23111,-15.80385],[-40.20007,-15.86251],[-40.1661,-15.86838],[-40.1754,-15.90399],[-40.16474,-15.91023],[-40.14521,-15.89892],[-40.113,-15.91129],[-40.085,-15.89712],[-40.08091,-15.9241],[-40.06572,-15.91083],[-40.07883,-15.94092],[-40.06613,-15.93976],[-40.05927,-15.95218],[-40.06654,-15.95919],[-40.01369,-15.98401],[-40.00444,-16.00184],[-39.96357,-16.00445],[-39.9576,-15.99202],[-39.9148,-15.99999],[-39.93569,-16.02375],[-39.88393,-16.06599],[-39.85683,-16.11382],[-39.89597,-16.14788],[-39.88294,-16.16378],[-39.88339,-16.19469],[-39.91263,-16.21031],[-39.93574,-16.24386],[-39.91782,-16.28427],[-39.95424,-16.30002],[-39.97064,-16.32693],[-39.97839,-16.31114],[-39.99007,-16.31218],[-39.99552,-16.33067],[-40.02474,-16.35652],[-40.0658,-16.45752],[-40.08398,-16.46393],[-40.09705,-16.44805],[-40.09602,-16.42198],[-40.11742,-16.46688],[-40.17035,-16.5248],[-40.15317,-16.56382],[-40.1579,-16.57945],[-40.21294,-16.57263],[-40.23413,-16.55793],[-40.27549,-16.57342],[-40.28764,-16.60063],[-40.31316,-16.67865],[-40.30381,-16.71223],[-40.3098,-16.73326],[-40.34424,-16.78431],[-40.32033,-16.80154],[-40.2828,-16.80399],[-40.26913,-16.79576],[-40.24691,-16.84574],[-40.25212,-16.86005],[-40.26603,-16.86031],[-40.28164,-16.90118],[-40.29541,-16.90371],[-40.30277,-16.89224],[-40.33152,-16.90803],[-40.36488,-16.87462],[-40.41761,-16.89927],[-40.48017,-16.87681],[-40.49233,-16.8874],[-40.51594,-16.96272],[-40.54851,-16.99062],[-40.57167,-17.06588],[-40.55719,-17.10486],[-40.57775,-17.16796],[-40.57253,-17.18237],[-40.55386,-17.18903],[-40.57125,-17.25296],[-40.54775,-17.28371],[-40.60903,-17.32697],[-40.59273,-17.34547],[-40.60468,-17.35619],[-40.59938,-17.39182],[-40.62261,-17.40329],[-40.59751,-17.42063],[-40.56747,-17.41769],[-40.55416,-17.43557],[-40.51955,-17.44738],[-40.52094,-17.45835],[-40.483,-17.48851],[-40.48906,-17.51979],[-40.45923,-17.56949],[-40.4451,-17.57877],[-40.41068,-17.56823],[-40.41447,-17.6101],[-40.39681,-17.62561],[-40.37196,-17.61246],[-40.35466,-17.64427],[-40.3467,-17.612],[-40.32351,-17.64076],[-40.32282,-17.66131],[-40.29902,-17.67457],[-40.28269,-17.71825],[-40.27268,-17.72737],[-40.25591,-17.71955],[-40.22056,-17.7377],[-40.21808,-17.79566],[-40.20452,-17.80533],[-40.20433,-17.82866],[-40.18166,-17.83598],[-40.17413,-17.85156],[-40.21192,-17.89495],[-40.26355,-17.92202],[-40.2598,-17.94002],[-40.22682,-17.95826],[-40.22235,-17.98042],[-40.34552,-17.92378],[-40.35561,-17.93045],[-40.44505,-17.91883],[-40.46274,-17.92821],[-40.52704,-17.89194],[-40.58471,-17.91817],[-40.58716,-17.93902],[-40.61528,-17.94228],[-40.62615,-17.99105],[-40.70368,-18.02373],[-40.72577,-18.00122],[-40.75277,-18.00962],[-40.77177,-18.00339],[-40.77093,-17.98642],[-40.78212,-17.97525],[-40.79227,-17.98168],[-40.80816,-17.95205],[-40.82497,-17.9637],[-40.83055,-17.95418],[-40.86313,-17.98832],[-40.88178,-17.97102],[-40.90244,-17.98621],[-40.7733,-18.10756],[-40.7715,-18.15594],[-40.79474,-18.16005],[-40.85227,-18.14624],[-40.8785,-18.11997],[-40.88901,-18.12402],[-40.89171,-18.10893],[-40.93221,-18.13648],[-40.94911,-18.12864],[-40.95454,-18.15449],[-40.98032,-18.14136],[-40.98839,-18.1698],[-41.01009,-18.16763],[-41.01459,-18.15758],[-41.0281,-18.15767],[-41.03381,-18.17211],[-41.03419,-18.16353],[-41.05193,-18.16511],[-41.05645,-18.17884],[-41.09273,-18.1954],[-41.10445,-18.21328],[-41.09135,-18.23026],[-41.10274,-18.23697],[-41.09647,-18.25558],[-41.15892,-18.30824],[-41.1481,-18.37915],[-41.16254,-18.39076],[-41.14723,-18.41145],[-41.16667,-18.41522],[-41.18312,-18.44241],[-41.20948,-18.45563],[-41.21468,-18.4739],[-41.26959,-18.50248],[-41.28231,-18.50145],[-41.29316,-18.47623],[-41.28177,-18.44894],[-41.30052,-18.45048],[-41.32057,-18.50512],[-41.33557,-18.49625],[-41.36493,-18.49892],[-41.38235,-18.53472],[-41.45989,-18.5141],[-41.45962,-18.50065],[-41.4387,-18.48767],[-41.44188,-18.47038],[-41.42694,-18.44487],[-41.44127,-18.41777],[-41.4319,-18.36661],[-41.41823,-18.35884],[-41.42473,-18.24787],[-41.43361,-18.24018],[-41.45285,-18.26243],[-41.47782,-18.25456],[-41.51084,-18.26029],[-41.5177,-18.24985],[-41.54399,-18.26653],[-41.58336,-18.2598],[-41.57936,-18.27538],[-41.60971,-18.28098],[-41.62495,-18.29998],[-41.64698,-18.30077],[-41.66936,-18.34653],[-41.69081,-18.3567],[-41.67807,-18.37015],[-41.6859,-18.38333],[-41.62903,-18.43333],[-41.62844,-18.52545],[-41.58334,-18.53495],[-41.58674,-18.56439],[-41.57332,-18.57302],[-41.59444,-18.59354],[-41.60901,-18.59344],[-41.60955,-18.61106],[-41.62046,-18.60259],[-41.6464,-18.61215],[-41.6796,-18.59011],[-41.69959,-18.53405],[-41.7096,-18.54077],[-41.72788,-18.53226],[-41.7841,-18.5524],[-41.8111,-18.51457],[-41.81248,-18.46459],[-41.84234,-18.43977],[-41.87152,-18.42958],[-41.89015,-18.44126],[-41.94069,-18.44001],[-41.94074,-18.41352],[-41.92998,-18.41479],[-41.92843,-18.39755],[-41.91416,-18.39083],[-41.92578,-18.37967],[-41.96585,-18.37983],[-42.01204,-18.45822],[-42.02764,-18.4546],[-42.05306,-18.41827],[-42.06074,-18.43121],[-42.08243,-18.43309],[-42.1423,-18.41924],[-42.13663,-18.44302],[-42.14758,-18.45777],[-42.11882,-18.47033],[-42.11273,-18.49202],[-42.13468,-18.52692],[-42.09448,-18.54403],[-42.04906,-18.58361],[-42.06551,-18.59158],[-42.06857,-18.60904],[-42.09028,-18.60699],[-42.11974,-18.62764],[-42.1376,-18.65888],[-42.17833,-18.66943],[-42.1882,-18.68236],[-42.18209,-18.70619],[-42.19922,-18.701],[-42.22424,-18.71444],[-42.24941,-18.70636],[-42.26707,-18.72728],[-42.27243,-18.72056],[-42.32827,-18.75326],[-42.33969,-18.79243],[-42.32702,-18.8183],[-42.29724,-18.80687],[-42.28555,-18.82187],[-42.2668,-18.81931],[-42.27388,-18.87438],[-42.25585,-18.89008],[-42.27709,-18.97196],[-42.30777,-18.96141],[-42.31541,-18.98704],[-42.33113,-18.9647],[-42.35495,-18.96072],[-42.36208,-18.92569],[-42.37475,-18.92429],[-42.43225,-18.94343],[-42.45617,-18.94162],[-42.48469,-18.96266],[-42.4929,-18.95925],[-42.48703,-18.9376],[-42.51474,-18.95546],[-42.52728,-18.94492],[-42.54827,-18.95381],[-42.55597,-18.93957],[-42.5611,-18.96214],[-42.59536,-18.96216],[-42.61641,-18.99057],[-42.64392,-18.98085],[-42.64552,-18.9652],[-42.65591,-18.97483],[-42.68029,-18.95214],[-42.6867,-18.92327],[-42.72465,-18.91371],[-42.74136,-18.92503],[-42.75788,-18.90027],[-42.77858,-18.90534],[-42.78263,-18.89669],[-42.79391,-18.90461],[-42.78306,-18.92366],[-42.79283,-18.93805],[-42.77696,-18.97788],[-42.80362,-18.98993],[-42.80968,-19.01142],[-42.78827,-19.03874],[-42.80682,-19.0685],[-42.80038,-19.09611],[-42.82455,-19.07675],[-42.8432,-19.0911],[-42.85144,-19.08513],[-42.86442,-19.06746],[-42.85875,-19.04835],[-42.87812,-19.03378],[-42.87164,-18.97674],[-42.90155,-18.99373],[-42.91503,-18.95892],[-42.92804,-18.96027],[-42.93375,-18.92183],[-42.94717,-18.90727],[-42.94278,-18.93537],[-42.9846,-18.93013],[-42.98506,-18.96414],[-43.00397,-18.97485],[-43.01296,-18.9992],[-43.038,-19.01181],[-43.04367,-19.03449],[-43.06773,-19.03347],[-43.12114,-18.99985],[-43.11511,-18.99394],[-43.156,-18.97087],[-43.18542,-18.88989],[-43.20886,-18.87114],[-43.19958,-18.86045],[-43.21275,-18.77267],[-43.24659,-18.7722],[-43.26547,-18.79715],[-43.30541,-18.80995],[-43.32416,-18.8024],[-43.29351,-18.86747],[-43.30205,-18.86287],[-43.31301,-18.87409],[-43.37819,-18.85622],[-43.40386,-18.8606],[-43.43586,-18.88789],[-43.4405,-18.86327],[-43.46106,-18.85193],[-43.45332,-18.84759],[-43.46757,-18.80591],[-43.48456,-18.81041],[-43.5181,-18.77826],[-43.53346,-18.77973],[-43.49377,-18.74653],[-43.48755,-18.72879],[-43.4885,-18.70872],[-43.51063,-18.6967],[-43.53499,-18.71278],[-43.56397,-18.70441],[-43.57893,-18.68624],[-43.60069,-18.68424],[-43.63831,-18.65798],[-43.65365,-18.66569],[-43.67832,-18.64538],[-43.68519,-18.65375],[-43.7287,-18.64769],[-43.73597,-18.62418],[-43.75426,-18.62473],[-43.75246,-18.63669],[-43.76621,-18.63861],[-43.79794,-18.61084],[-43.82493,-18.64593],[-43.82379,-18.65888],[-43.84498,-18.66607],[-43.88084,-18.67031],[-43.91964,-18.63264],[-43.93974,-18.62864],[-44.00582,-18.65098],[-44.00042,-18.67724],[-44.01948,-18.67697],[-44.02518,-18.65475],[-44.03715,-18.65451],[-44.03425,-18.64003],[-44.04826,-18.64678],[-44.06101,-18.63307],[-44.05654,-18.60445],[-44.06711,-18.61587],[-44.07394,-18.61056],[-44.05193,-18.59161],[-44.07011,-18.58071],[-44.06161,-18.57291],[-44.06599,-18.55477],[-44.10324,-18.56059],[-44.11369,-18.54295],[-44.13859,-18.54412]]]}},{"type":"Feature","id":"cep2-40-41","properties":{"postal_code_id":"cep2-40-41","postal_codes":["40","41"],"first_digits":["4"],"states":["BA"]},"geometry":{"type":"Polygon","coordinates":[[[-38.58559,-13.01267],[-38.56051,-12.95214],[-38.56781,-12.91521],[-38.68801,-12.83055],[-38.69856,-12.80055],[-38.69521,-12.75411],[-38.58774,-12.75397],[-38.58793,-12.73388],[-38.50846,-12.74828],[-38.50384,-12.77933],[-38.49127,-12.79082],[-38.47418,-12.78448],[-38.46227,-12.79148],[-38.46399,-12.82935],[-38.45035,-12.84583],[-38.44106,-12.83963],[-38.40249,-12.87258],[-38.37397,-12.82429],[-38.35345,-12.83915],[-38.35486,-12.89467],[-38.34096,-12.90691],[-38.3273,-12.89781],[-38.30623,-12.90384],[-38.33475,-12.94493],[-38.35354,-12.95706],[-38.38503,-12.95601],[-38.46875,-13.01488],[-38.58559,-13.01267]]]}},{"type":"Feature","id":"cep2-42","properties":{"postal_code_id":"cep2-42","postal_codes":["42"],"first_digits":["4"],"states":["BA"]},"geometry":{"type":"Polygon","coordinates":[[[-38.37397,-12.82429],[-38.33228,-12.81233],[-38.32697,-12.80234],[-38.35629,-12.71398],[-38.36843,-12.70731],[-38.37804,-12.67134],[-38.39893,-12.66055],[-38.39323,-12.60896],[-38.36703,-12.59044],[-38.39971,-12.54981],[-38.35489,-12.53577],[-38.3423,-12.54372],[-38.34635,-12.57436],[-38.32044,-12.57715],[-38.27899,-12.61114],[-38.25239,-12.59962],[-38.25144,-12.57711],[-38.21503,-12.56677],[-38.22456,-12.52017],[-38.23913,-12.51561],[-38.24784,-12.4977],[-38.24445,-12.47171],[-38.22482,-12.4767],[-38.19403,-12.45306],[-38.17267,-12.46289],[-38.17698,-12.48826],[-38.16066,-12.49071],[-38.15572,-12.50303],[-38.14089,-12.49766],[-38.11205,-12.51097],[-38.09664,-12.50159],[-38.09938,-12.47967],[-38.07097,-12.47215],[-38.06934,-12.53524],[-38.05391,-12.56294],[-38.04358,-12.56253],[-38.04668,-12.58458],[-38.03022,-12.5972],[-38.04811,-12.63605],[-38.30433,-12.91087],[-38.3273,-12.89781],[-38.34096,-12.90691],[-38.35486,-12.89467],[-38.35345,-12.83915],[-38.37397,-12.82429]]]}},{"type":"Feature","id":"cep2-43","properties":{"postal_code_id":"cep2-43","postal_codes":["43"],"first_digits":["4"],"states":["BA"]},"geometry":{"type":"Polygon","coordinates":[[[-38.37804,-12.67134],[-38.32697,-12.80234],[-38.33228,-12.81233],[-38.37889,-12.82257],[-38.40249,-12.87258],[-38.44106,-12.83963],[-38.45035,-12.84583],[-38.46399,-12.82935],[-38.46227,-12.79148],[-38.47418,-12.78448],[-38.49127,-12.79082],[-38.50384,-12.77933],[-38.50846,-12.74828],[-38.58793,-12.73388],[-38.58774,-12.75397],[-38.69521,-12.75411],[-38.68536,-12.68469],[-38.71378,-12.65174],[-38.71799,-12.61487],[-38.70995,-12.59498],[-38.69661,-12.59127],[-38.68755,-12.55141],[-38.6515,-12.55385],[-38.64007,-12.47555],[-38.61151,-12.49679],[-38.5622,-12.42247],[-38.5406,-12.41173],[-38.53836,-12.4213],[-38.51696,-12.41337],[-38.50418,-12.42669],[-38.48921,-12.41226],[-38.46032,-12.41747],[-38.44604,-12.43186],[-38.40699,-12.4223],[-38.33745,-12.45114],[-38.38483,-12.48261],[-38.3681,-12.52275],[-38.39971,-12.54981],[-38.36703,-12.59044],[-38.39323,-12.60896],[-38.39678,-12.62628],[-38.39893,-12.66055],[-38.37804,-12.67134]]]}},{"type":"Feature","id":"cep2-44","properties":{"postal_code_id":"cep2-44","postal_codes":["44"],"first_digits":["4"],"states":["BA"]},"geometry":{"type":"Polygon","coordinates":[[[-42.24496,-11.94837],[-42.29098,-11.85422],[-42.30201,-11.78339],[-42.36002,-11.71399],[-42.34139,-11.69013],[-42.35361,-11.67531],[-42.35374,-11.63271],[-42.33983,-11.58782],[-42.32737,-11.58848],[-42.36156,-11.48137],[-42.30024,-11.40405],[-42.29601,-11.38237],[-42.30731,-11.31954],[-42.3139,-11.30515],[-42.32786,-11.31273],[-42.33532,-11.29447],[-42.24029,-11.26123],[-42.25828,-11.14231],[-42.18971,-11.07486],[-42.14616,-11.04725],[-42.14526,-11.02331],[-42.07561,-11.02977],[-42.08889,-10.93289],[-41.82197,-10.6977],[-41.76908,-10.72215],[-41.7386,-10.70794],[-41.71392,-10.74153],[-41.70147,-10.78406],[-41.6734,-10.81063],[-41.60591,-10.80955],[-41.5775,-10.78336],[-41.57144,-10.75594],[-41.59134,-10.73127],[-41.55738,-10.70252],[-41.54603,-10.66457],[-41.53297,-10.67942],[-41.50858,-10.67045],[-41.49608,-10.65151],[-41.50582,-10.64012],[-41.49565,-10.61831],[-41.48526,-10.63371],[-41.47181,-10.62825],[-41.46284,-10.60316],[-41.42946,-10.5881],[-41.42777,-10.57674],[-41.39098,-10.56583],[-41.39737,-10.54758],[-41.38152,-10.51874],[-41.45059,-10.48934],[-41.47319,-10.46195],[-41.45217,-10.45541],[-41.44672,-10.442],[-41.37861,-10.41725],[-41.35379,-10.38601],[-41.36146,-10.36997],[-41.33509,-10.37807],[-41.31387,-10.34442],[-41.28829,-10.33574],[-41.27786,-10.34718],[-41.24274,-10.32326],[-41.23324,-10.29562],[-41.21274,-10.29127],[-41.20564,-10.27465],[-41.18027,-10.26369],[-41.144,-10.223],[-41.17143,-10.19628],[-41.15771,-10.15582],[-41.16695,-10.12997],[-41.15999,-10.10975],[-41.17989,-10.10277],[-41.19323,-10.06562],[-41.16727,-10.02276],[-41.17867,-10.00673],[-41.19212,-10.00897],[-41.25592,-9.97411],[-41.25167,-9.94303],[-41.23381,-9.93871],[-41.23681,-9.92695],[-41.22029,-9.9221],[-41.21522,-9.95377],[-41.18115,-9.95534],[-41.13516,-9.92192],[-41.12808,-9.92931],[-41.11269,-9.90625],[-41.10623,-9.93849],[-41.08354,-9.94586],[-41.05858,-9.91642],[-41.04259,-9.92751],[-40.99679,-9.88612],[-40.98676,-9.89708],[-40.94457,-9.88128],[-40.94411,-9.91351],[-40.9276,-9.89864],[-40.89156,-9.91371],[-40.87918,-9.89342],[-40.8389,-9.86084],[-40.83163,-9.86447],[-40.82369,-9.83633],[-40.81832,-9.8697],[-40.64333,-9.8868],[-40.50274,-9.97115],[-40.41218,-9.97351],[-40.38322,-9.94417],[-40.31639,-9.9079],[-40.32845,-10.01362],[-40.38878,-10.06215],[-40.41652,-10.11258],[-40.3767,-10.13914],[-40.36681,-10.1404],[-40.351,-10.11306],[-40.29925,-10.1284],[-40.28125,-10.14227],[-40.2767,-10.16733],[-40.2473,-10.20374],[-40.25536,-10.22755],[-40.24126,-10.24217],[-40.24771,-10.26037],[-40.2273,-10.31028],[-40.23535,-10.32668],[-40.23155,-10.3744],[-40.2487,-10.37772],[-40.25095,-10.43631],[-40.2344,-10.46279],[-40.27054,-10.50059],[-40.26909,-10.51223],[-40.2485,-10.51713],[-40.14258,-10.63818],[-40.01767,-10.62082],[-39.9954,-10.63171],[-40.01565,-10.66624],[-40.00393,-10.67232],[-40.02425,-10.70952],[-40.03655,-10.76577],[-40.02796,-10.78006],[-40.04562,-10.80034],[-40.05759,-10.85769],[-40.01997,-10.8673],[-40.02509,-10.87642],[-40.00946,-10.9042],[-40.02452,-10.98092],[-39.98191,-11.15116],[-39.97597,-11.16072],[-39.96331,-11.15011],[-39.953,-11.15687],[-39.9553,-11.24865],[-39.86185,-11.31294],[-39.87519,-11.31717],[-39.86247,-11.31868],[-39.84857,-11.35034],[-39.78728,-11.40439],[-39.75085,-11.42239],[-39.71742,-11.39461],[-39.6722,-11.41103],[-39.65545,-11.43143],[-39.66494,-11.44872],[-39.65346,-11.47303],[-39.59702,-11.53109],[-39.55686,-11.54416],[-39.53616,-11.56967],[-39.50943,-11.57681],[-39.48641,-11.6012],[-39.36269,-11.64679],[-39.26234,-11.7376],[-39.24023,-11.77362],[-39.28035,-11.83246],[-39.27611,-11.89273],[-39.30765,-11.94037],[-39.28514,-11.96767],[-39.29668,-11.9908],[-39.17497,-11.98138],[-39.16412,-11.95101],[-39.11841,-11.92275],[-39.10915,-11.89165],[-39.08303,-11.85867],[-39.08326,-11.83342],[-39.01299,-11.82104],[-38.99778,-11.80585],[-38.93497,-11.8371],[-38.91488,-11.89955],[-38.86873,-11.81596],[-38.82506,-11.94818],[-38.7959,-11.95401],[-38.74266,-11.9403],[-38.71928,-11.95042],[-38.71099,-11.94234],[-38.68028,-11.94609],[-38.71019,-11.96092],[-38.72432,-12.02686],[-38.70114,-12.05296],[-38.65773,-12.05327],[-38.70032,-12.1388],[-38.73302,-12.15539],[-38.65816,-12.1929],[-38.63218,-12.17013],[-38.61231,-12.16641],[-38.6151,-12.17685],[-38.58666,-12.19368],[-38.54944,-12.24477],[-38.5208,-12.2593],[-38.53885,-12.39578],[-38.52583,-12.4157],[-38.53836,-12.4213],[-38.5406,-12.41173],[-38.5622,-12.42247],[-38.61151,-12.49679],[-38.64007,-12.47555],[-38.6515,-12.55385],[-38.68755,-12.55141],[-38.69661,-12.59127],[-38.70995,-12.59498],[-38.71799,-12.61487],[-38.71826,-12.64169],[-38.68348,-12.69885],[-38.69558,-12.81642],[-38.6749,-12.84542],[-38.5888,-12.89262],[-38.56781,-12.91521],[-38.56051,-12.95214],[-38.58559,-13.01267],[-38.64334,-13.01531],[-38.65563,-13.03208],[-38.71262,-13.0611],[-38.76228,-13.11893],[-38.82947,-13.15257],[-38.90788,-13.21258],[-38.93982,-13.20581],[-38.95738,-13.21569],[-38.96451,-13.23662],[-38.98943,-13.25017],[-39.01084,-13.22726],[-39.02665,-13.245],[-39.07525,-13.24377],[-39.07012,-13.25965],[-39.09215,-13.24801],[-39.10191,-13.25838],[-39.14337,-13.23354],[-39.14347,-13.224],[-39.17132,-13.23327],[-39.20737,-13.19675],[-39.23105,-13.2078],[-39.24547,-13.19573],[-39.25454,-13.2031],[-39.2504,-13.18915],[-39.27602,-13.18045],[-39.27997,-13.18821],[-39.30372,-13.16126],[-39.29022,-13.13786],[-39.24831,-13.13342],[-39.22721,-13.11192],[-39.12299,-13.10849],[-39.134,-13.09148],[-39.15921,-13.09556],[-39.16898,-13.08259],[-39.17706,-13.10558],[-39.1886,-13.10914],[-39.20156,-13.07801],[-39.23519,-13.09727],[-39.24641,-13.09533],[-39.25616,-13.07002],[-39.27595,-13.06989],[-39.37461,-13.1109],[-39.43021,-13.1175],[-39.43505,-13.11086],[-39.46976,-13.12384],[-39.49368,-13.07679],[-39.48758,-13.06998],[-39.51054,-13.06943],[-39.53183,-13.02224],[-39.47433,-12.98484],[-39.45978,-12.9508],[-39.4756,-12.85387],[-39.57491,-12.8991],[-39.5805,-12.89317],[-39.59048,-12.90513],[-39.6044,-12.89311],[-39.63768,-12.93015],[-39.64982,-12.918],[-39.65457,-12.92774],[-39.66239,-12.92177],[-39.65783,-12.90964],[-39.66611,-12.91546],[-39.67875,-12.88726],[-39.71268,-12.86214],[-39.72747,-12.87699],[-39.77157,-12.85428],[-39.7903,-12.82699],[-39.79917,-12.84124],[-39.8341,-12.82069],[-39.8557,-12.7956],[-39.7973,-12.70494],[-39.80591,-12.68646],[-39.78703,-12.61495],[-39.79181,-12.55763],[-39.80384,-12.53694],[-39.82609,-12.53497],[-39.85355,-12.51242],[-39.92569,-12.5216],[-39.93966,-12.50856],[-39.93678,-12.48388],[-39.95961,-12.46906],[-39.97708,-12.47407],[-39.97033,-12.45665],[-39.978,-12.45724],[-39.98688,-12.42962],[-40.02146,-12.40331],[-40.03544,-12.3606],[-40.09281,-12.3254],[-40.11225,-12.32945],[-40.1329,-12.30013],[-40.14049,-12.24673],[-40.07302,-12.19251],[-40.05046,-12.19602],[-40.03278,-12.17124],[-40.06076,-12.11075],[-40.14835,-12.09536],[-40.22152,-12.0977],[-40.22832,-12.07997],[-40.27441,-12.05298],[-40.33351,-11.97684],[-40.3853,-12.02825],[-40.46527,-12.04617],[-40.46327,-12.06892],[-40.44472,-12.09204],[-40.45561,-12.11073],[-40.45865,-12.10225],[-40.47956,-12.10218],[-40.50079,-12.11612],[-40.50619,-12.09875],[-40.58503,-12.08302],[-40.87359,-12.12574],[-40.90897,-12.05958],[-40.89708,-11.99028],[-40.92052,-12.01437],[-40.97253,-12.01642],[-41.02489,-12.00224],[-41.06262,-11.93317],[-41.08612,-11.91918],[-41.10965,-11.94684],[-41.0999,-11.95681],[-41.22333,-11.91865],[-41.22906,-11.90789],[-41.25381,-11.90322],[-41.2446,-11.8445],[-41.25128,-11.81274],[-41.32265,-11.79759],[-41.32475,-11.78674],[-41.34945,-11.7762],[-41.39304,-11.77157],[-41.42067,-11.86827],[-41.42555,-11.93414],[-41.44816,-11.94697],[-41.45566,-11.96964],[-41.44471,-11.98611],[-41.41661,-11.99802],[-41.39844,-12.07186],[-41.36823,-12.08296],[-41.3716,-12.11874],[-41.35487,-12.1684],[-41.41727,-12.14504],[-41.46887,-12.10805],[-41.4539,-12.09904],[-41.63049,-12.0125],[-41.65173,-12.01369],[-42.02147,-11.8152],[-42.0071,-11.83895],[-42.0259,-11.8501],[-42.02422,-11.89302],[-41.99696,-11.90693],[-41.99241,-11.97553],[-41.96185,-11.9697],[-41.94412,-12.01311],[-41.94954,-12.02224],[-41.97928,-12.02119],[-41.98263,-12.04441],[-41.9453,-12.07376],[-41.95379,-12.08959],[-41.96978,-12.09224],[-41.98329,-12.12536],[-41.96886,-12.14126],[-41.97736,-12.15393],[-41.96738,-12.22337],[-41.98906,-12.2318],[-41.96811,-12.26589],[-41.98487,-12.29145],[-42.02923,-12.23436],[-42.05627,-12.2205],[-42.05828,-12.24511],[-42.03982,-12.29112],[-42.08891,-12.2915],[-42.0979,-12.19714],[-42.08784,-12.18709],[-42.24496,-11.94837]]]}},{"type":"Feature","id":"cep2-45","properties":{"postal_code_id":"cep2-45","postal_codes":["45"],"first_digits":["4"],"states":["BA"]},"geometry":{"type":"MultiPolygon","coordinates":[[[[-40.25591,-17.71955],[-40.27268,-17.72737],[-40.28269,-17.71825],[-40.29902,-17.67457],[-40.32282,-17.66131],[-40.32351,-17.64076],[-40.3467,-17.612],[-40.35466,-17.64427],[-40.37196,-17.61246],[-40.39681,-17.62561],[-40.41447,-17.6101],[-40.41068,-17.56823],[-40.4451,-17.57877],[-40.45923,-17.56949],[-40.48906,-17.51979],[-40.483,-17.48851],[-40.52094,-17.45835],[-40.51955,-17.44738],[-40.55416,-17.43557],[-40.57747,-17.41362],[-40.59751,-17.42063],[-40.62001,-17.40991],[-40.59938,-17.39182],[-40.60468,-17.35619],[-40.59273,-17.34547],[-40.60903,-17.32697],[-40.54775,-17.28371],[-40.57125,-17.25296],[-40.55386,-17.18903],[-40.57253,-17.18237],[-40.57775,-17.16796],[-40.55719,-17.10486],[-40.57167,-17.06588],[-40.54851,-16.99062],[-40.51594,-16.96272],[-40.49233,-16.8874],[-40.48017,-16.87681],[-40.41761,-16.89927],[-40.36488,-16.87462],[-40.33152,-16.90803],[-40.30277,-16.89224],[-40.29541,-16.90371],[-40.28164,-16.90118],[-40.26603,-16.86031],[-40.25212,-16.86005],[-40.24691,-16.84574],[-40.26913,-16.79576],[-40.2828,-16.80399],[-40.32033,-16.80154],[-40.34424,-16.78431],[-40.3098,-16.73326],[-40.30381,-16.71223],[-40.31316,-16.67865],[-40.28764,-16.60063],[-40.27549,-16.57342],[-40.23413,-16.55793],[-40.21294,-16.57263],[-40.1579,-16.57945],[-40.15317,-16.56382],[-40.17035,-16.5248],[-40.11742,-16.46688],[-40.09602,-16.42198],[-40.09705,-16.44805],[-40.08398,-16.46393],[-40.0658,-16.45752],[-40.02474,-16.35652],[-39.99552,-16.33067],[-39.99007,-16.31218],[-39.97839,-16.31114],[-39.97064,-16.32693],[-39.95424,-16.30002],[-39.91782,-16.28427],[-39.93574,-16.24386],[-39.91263,-16.21031],[-39.88339,-16.19469],[-39.88294,-16.16378],[-39.89597,-16.14788],[-39.85683,-16.11382],[-39.88393,-16.06599],[-39.93569,-16.02375],[-39.9148,-15.99999],[-39.9576,-15.99202],[-39.96357,-16.00445],[-40.00444,-16.00184],[-40.01369,-15.98401],[-40.06654,-15.95919],[-40.05927,-15.95218],[-40.06613,-15.93976],[-40.07883,-15.94092],[-40.06572,-15.91083],[-40.08091,-15.9241],[-40.085,-15.89712],[-40.113,-15.91129],[-40.14521,-15.89892],[-40.16474,-15.91023],[-40.1754,-15.90399],[-40.1661,-15.86838],[-40.20007,-15.86251],[-40.23111,-15.80385],[-40.33719,-15.82422],[-40.35672,-15.81301],[-40.39228,-15.81988],[-40.42503,-15.80571],[-40.43247,-15.77865],[-40.46143,-15.75323],[-40.48412,-15.7758],[-40.50631,-15.7669],[-40.51977,-15.79757],[-40.5649,-15.80155],[-40.56919,-15.7748],[-40.59381,-15.77086],[-40.60103,-15.74341],[-40.62603,-15.71821],[-40.64489,-15.72889],[-40.68145,-15.69973],[-40.70058,-15.66731],[-40.73215,-15.6749],[-40.74381,-15.68401],[-40.74151,-15.70473],[-40.76766,-15.71408],[-40.78595,-15.69226],[-40.78034,-15.6802],[-40.81675,-15.64762],[-40.82931,-15.64826],[-40.84136,-15.68254],[-40.88156,-15.69447],[-40.90257,-15.69184],[-40.91433,-15.66098],[-40.96313,-15.6484],[-40.97961,-15.69166],[-41.00606,-15.71384],[-41.07875,-15.71991],[-41.09813,-15.74105],[-41.12156,-15.74301],[-41.14253,-15.77205],[-41.2154,-15.73717],[-41.26856,-15.7487],[-41.29295,-15.73901],[-41.33121,-15.74467],[-41.35642,-15.50029],[-41.76001,-15.13788],[-41.73038,-15.11324],[-41.70533,-15.11575],[-41.68844,-15.08976],[-41.67855,-15.10103],[-41.652,-15.09959],[-41.58577,-15.03892],[-41.58112,-15.01886],[-41.59425,-14.99347],[-41.62009,-14.97331],[-41.62591,-14.97919],[-41.64798,-14.93512],[-41.62464,-14.89146],[-41.62946,-14.86815],[-41.61894,-14.86372],[-41.60893,-14.87413],[-41.57485,-14.86155],[-41.56769,-14.83394],[-41.53295,-14.80577],[-41.51902,-14.80518],[-41.50986,-14.82388],[-41.48404,-14.8103],[-41.47684,-14.79466],[-41.45414,-14.80538],[-41.44927,-14.79573],[-41.46258,-14.78266],[-41.4207,-14.75318],[-41.40906,-14.76722],[-41.394,-14.76749],[-41.39817,-14.70323],[-41.38778,-14.68096],[-41.40038,-14.63984],[-41.44721,-14.59458],[-41.42797,-14.56586],[-41.43447,-14.55135],[-41.39971,-14.55854],[-41.38241,-14.53052],[-41.35966,-14.53342],[-41.32965,-14.50271],[-41.29775,-14.51315],[-41.25609,-14.48729],[-41.23917,-14.499],[-41.24603,-14.50992],[-41.23525,-14.52305],[-41.2272,-14.51516],[-41.21036,-14.52136],[-41.20028,-14.51569],[-41.21071,-14.50095],[-41.18351,-14.49666],[-41.17925,-14.47919],[-41.16033,-14.48086],[-41.14897,-14.4965],[-41.12913,-14.48875],[-41.12301,-14.46955],[-41.13741,-14.46329],[-41.12947,-14.44449],[-41.09538,-14.44796],[-41.06838,-14.39523],[-41.07451,-14.38202],[-41.10755,-14.36749],[-41.09094,-14.34342],[-41.102,-14.32127],[-41.08901,-14.30922],[-41.09208,-14.28724],[-41.06512,-14.26098],[-41.02557,-14.24709],[-41.04727,-14.22887],[-41.00721,-14.21067],[-41.01897,-14.18854],[-41.00151,-14.17756],[-41.00434,-14.16448],[-41.04023,-14.15941],[-41.03831,-14.14282],[-41.01458,-14.13141],[-41.02478,-14.12027],[-41.02585,-14.09489],[-41.01478,-14.08704],[-41.02277,-14.07542],[-41.00065,-14.06926],[-41.01602,-14.0553],[-40.98106,-14.03181],[-40.97822,-14.02235],[-41.00157,-14.00894],[-40.97957,-13.97944],[-40.98085,-13.94454],[-40.95966,-13.93586],[-40.96303,-13.92106],[-40.94977,-13.90631],[-40.92886,-13.91921],[-40.91158,-13.91387],[-40.91592,-13.90093],[-40.93654,-13.89584],[-40.90567,-13.88612],[-40.87941,-13.84389],[-40.85563,-13.85007],[-40.7296,-13.82849],[-40.7214,-13.84149],[-40.69379,-13.83824],[-40.6785,-13.85044],[-40.65562,-13.83944],[-40.69435,-13.80999],[-40.70291,-13.76517],[-40.72797,-13.7511],[-40.71835,-13.74948],[-40.71728,-13.73242],[-40.72495,-13.69156],[-40.70672,-13.68236],[-40.71342,-13.66948],[-40.70249,-13.65589],[-40.70965,-13.62925],[-40.69455,-13.61803],[-40.68423,-13.58062],[-40.69665,-13.50787],[-40.73678,-13.46508],[-40.72732,-13.43193],[-40.77144,-13.39817],[-40.78456,-13.37321],[-40.72445,-13.27669],[-40.71973,-13.23904],[-40.62726,-13.18257],[-40.5848,-13.21533],[-40.51149,-13.17648],[-40.46866,-13.11295],[-40.41105,-13.08796],[-40.401,-13.06626],[-40.33427,-13.09033],[-40.3458,-13.06199],[-40.32068,-13.04022],[-40.19918,-13.04868],[-40.14402,-12.9823],[-40.06734,-12.99263],[-40.01115,-12.97578],[-39.99114,-12.96319],[-39.98811,-12.93063],[-39.8998,-12.87464],[-39.92812,-12.81708],[-39.8942,-12.75339],[-39.84668,-12.79643],[-39.8341,-12.82069],[-39.79917,-12.84124],[-39.7903,-12.82699],[-39.77157,-12.85428],[-39.72747,-12.87699],[-39.71268,-12.86214],[-39.67875,-12.88726],[-39.66611,-12.91546],[-39.65783,-12.90964],[-39.65457,-12.92774],[-39.64982,-12.918],[-39.6495,-12.92695],[-39.6289,-12.92824],[-39.63059,-12.91845],[-39.6044,-12.89311],[-39.59048,-12.90513],[-39.5805,-12.89317],[-39.57491,-12.8991],[-39.4756,-12.85387],[-39.45978,-12.9508],[-39.47433,-12.98484],[-39.53183,-13.02224],[-39.51054,-13.06943],[-39.48758,-13.06998],[-39.49368,-13.07679],[-39.46976,-13.12384],[-39.43505,-13.11086],[-39.43021,-13.1175],[-39.37461,-13.1109],[-39.27595,-13.06989],[-39.25616,-13.07002],[-39.24641,-13.09533],[-39.23519,-13.09727],[-39.20156,-13.07801],[-39.1886,-13.10914],[-39.17706,-13.10558],[-39.16898,-13.08259],[-39.15921,-13.09556],[-39.134,-13.09148],[-39.12299,-13.10849],[-39.22721,-13.11192],[-39.24831,-13.13342],[-39.29022,-13.13786],[-39.30372,-13.16126],[-39.27997,-13.18821],[-39.27602,-13.18045],[-39.2504,-13.18915],[-39.25454,-13.2031],[-39.24547,-13.19573],[-39.23105,-13.2078],[-39.20737,-13.19675],[-39.17132,-13.23327],[-39.14347,-13.224],[-39.14337,-13.23354],[-39.10191,-13.25838],[-39.09215,-13.24801],[-39.07012,-13.25965],[-39.07525,-13.24377],[-39.02665,-13.245],[-39.01084,-13.22726],[-38.98943,-13.25017],[-38.93982,-13.20581],[-38.91884,-13.21358],[-38.95645,-13.26353],[-38.96705,-13.34142],[-38.94624,-13.39892],[-38.91561,-13.37394],[-38.90541,-13.38735],[-38.90562,-13.42726],[-38.89235,-13.46061],[-38.91463,-13.47456],[-38.91217,-13.49907],[-38.92561,-13.51285],[-38.93337,-13.5632],[-38.90139,-13.60175],[-38.90564,-13.62271],[-38.89113,-13.64053],[-38.89849,-13.66599],[-38.91751,-13.67423],[-38.92121,-13.6609],[-38.93639,-13.65804],[-38.96854,-13.67211],[-38.96285,-13.68668],[-38.98843,-13.7168],[-38.99766,-13.74756],[-38.99669,-13.79787],[-38.93633,-13.88669],[-38.92769,-13.93985],[-38.99027,-14.20172],[-38.99494,-14.26637],[-38.98113,-14.29848],[-39.00132,-14.34594],[-39.06163,-14.62499],[-39.065,-14.70852],[-39.05549,-14.77503],[-39.02742,-14.78301],[-39.01802,-14.92335],[-38.99759,-14.98672],[-38.99274,-15.29684],[-38.95168,-15.46911],[-38.93486,-15.66539],[-38.85284,-15.84935],[-38.95205,-16.09695],[-38.94811,-16.15567],[-38.97469,-16.21387],[-39.01106,-16.24579],[-39.02353,-16.31181],[-39.00606,-16.33276],[-39.00877,-16.37492],[-39.02757,-16.38195],[-39.06212,-16.43578],[-39.10384,-16.69809],[-39.14165,-16.76146],[-39.14185,-16.86872],[-39.11506,-16.89816],[-39.15146,-16.94225],[-39.17218,-17.01305],[-39.18202,-17.11236],[-39.21206,-17.16126],[-39.22107,-17.30177],[-39.19172,-17.44601],[-39.1937,-17.58098],[-39.13804,-17.69329],[-39.20805,-17.74735],[-39.20694,-17.77423],[-39.25308,-17.8204],[-39.26766,-17.86293],[-39.31806,-17.89113],[-39.36444,-17.89075],[-39.36345,-17.9063],[-39.42573,-17.93315],[-39.49115,-17.99793],[-39.63542,-18.2323],[-39.66789,-18.34628],[-39.67423,-18.32474],[-40.22235,-17.98042],[-40.22682,-17.95826],[-40.2598,-17.94002],[-40.26355,-17.92202],[-40.21192,-17.89495],[-40.17413,-17.85156],[-40.18166,-17.83598],[-40.20433,-17.82866],[-40.20452,-17.80533],[-40.21808,-17.79566],[-40.22056,-17.7377],[-40.25591,-17.71955]]],[[[-38.70062,-17.98163],[-38.70126,-17.97962],[-38.69662,-17.98031],[-38.70062,-17.98163]]],[[[-38.69624,-17.97907],[-38.69636,-17.97886],[-38.69611,-17.97886],[-38.69624,-17.97907]]],[[[-38.70821,-17.97141],[-38.71413,-17.97066],[-38.70852,-17.96986],[-38.70821,-17.97141]]],[[[-39.20831,-17.96828],[-39.20901,-17.96709],[-39.20707,-17.96668],[-39.20831,-17.96828]]],[[[-38.70793,-17.96753],[-38.71251,-17.96502],[-38.7083,-17.96433],[-38.70793,-17.96753]]],[[[-38.70561,-17.9614],[-38.69869,-17.96131],[-38.69173,-17.96558],[-38.70561,-17.9614]]],[[[-38.69252,-17.96023],[-38.69231,-17.96121],[-38.69334,-17.96111],[-38.69252,-17.96023]]],[[[-39.1987,-17.75831],[-39.20164,-17.7555],[-39.18194,-17.74807],[-39.1987,-17.75831]]],[[[-38.95603,-16.22566],[-38.95531,-16.22475],[-38.95551,-16.22628],[-38.95603,-16.22566]]],[[[-38.91997,-16.17913],[-38.91938,-16.17808],[-38.91916,-16.17923],[-38.91997,-16.17913]]],[[[-38.92288,-16.03123],[-38.92324,-16.03121],[-38.92203,-16.02846],[-38.92288,-16.03123]]],[[[-38.99864,-14.97858],[-38.99791,-14.97885],[-38.9984,-14.98001],[-38.99864,-14.97858]]],[[[-39.01495,-14.79076],[-39.0154,-14.78972],[-39.01418,-14.79031],[-39.01495,-14.79076]]],[[[-39.01552,-14.77164],[-39.01563,-14.77159],[-39.01548,-14.77132],[-39.01552,-14.77164]]],[[[-39.01608,-14.77068],[-39.01578,-14.77015],[-39.01534,-14.77106],[-39.01608,-14.77068]]],[[[-39.01798,-14.77058],[-39.01723,-14.76892],[-39.01738,-14.77074],[-39.01798,-14.77058]]],[[[-38.93931,-13.83904],[-38.9406,-13.8352],[-38.93787,-13.83638],[-38.93931,-13.83904]]],[[[-38.96457,-13.67727],[-38.96531,-13.67556],[-38.96353,-13.67581],[-38.96457,-13.67727]]],[[[-38.94653,-13.38671],[-38.94708,-13.38554],[-38.94555,-13.38489],[-38.94653,-13.38671]]],[[[-38.9043,-13.37924],[-38.90348,-13.37968],[-38.90381,-13.38078],[-38.9043,-13.37924]]]]}},{"type":"Feature","id":"cep2-46","properties":{"postal_code_id":"cep2-46","postal_codes":["46"],"first_digits":["4"],"states":["BA"]},"geometry":{"type":"Polygon","coordinates":[[[-42.35491,-15.0982],[-42.37186,-15.07363],[-42.40107,-15.07725],[-42.44294,-15.06132],[-42.43599,-15.0261],[-42.47902,-15.01424],[-42.53328,-14.96827],[-42.56069,-14.9623],[-42.58558,-14.9316],[-42.60254,-14.92468],[-42.62649,-14.94515],[-42.65969,-14.91044],[-42.6928,-14.90249],[-42.71369,-14.8793],[-42.72336,-14.88561],[-42.73594,-14.87742],[-42.75514,-14.84642],[-42.79099,-14.83938],[-42.87239,-14.77536],[-42.87208,-14.76469],[-42.90588,-14.76105],[-42.91122,-14.74568],[-42.9274,-14.74311],[-42.93888,-14.70803],[-43.01095,-14.70166],[-43.03831,-14.68281],[-43.05717,-14.69062],[-43.06808,-14.68095],[-43.08394,-14.69827],[-43.10803,-14.67317],[-43.1163,-14.67885],[-43.1275,-14.66568],[-43.1515,-14.66633],[-43.17495,-14.65105],[-43.17918,-14.66098],[-43.19341,-14.65011],[-43.24505,-14.65651],[-43.2837,-14.67391],[-43.31123,-14.66975],[-43.35416,-14.69809],[-43.43489,-14.72304],[-43.46127,-14.74623],[-43.46284,-14.76589],[-43.48125,-14.7679],[-43.4683,-14.78484],[-43.51116,-14.79657],[-43.50944,-14.80623],[-43.53025,-14.81575],[-43.53959,-14.80297],[-43.53395,-14.78872],[-43.57857,-14.75256],[-43.615,-14.75989],[-43.657,-14.74575],[-43.67217,-14.72994],[-43.71986,-14.72954],[-43.71209,-14.71594],[-43.72626,-14.69816],[-43.75551,-14.70084],[-43.78566,-14.68572],[-43.8592,-14.6743],[-43.88354,-14.65255],[-43.87787,-14.6421],[-43.88579,-14.63543],[-43.87463,-14.63677],[-43.88175,-14.62944],[-43.87032,-14.61204],[-43.88723,-14.58518],[-43.87026,-14.51308],[-43.83196,-14.44301],[-43.81843,-14.38769],[-43.78319,-14.33923],[-43.80009,-14.33783],[-43.82151,-14.31179],[-43.84789,-14.32125],[-43.85475,-14.30819],[-43.88093,-14.3118],[-43.90226,-14.29813],[-43.91159,-14.30504],[-43.92387,-14.29598],[-43.92642,-14.30567],[-43.9334,-14.29615],[-43.9429,-14.3047],[-43.94629,-14.28995],[-43.96192,-14.29101],[-43.96959,-14.27402],[-43.98084,-14.28215],[-43.99659,-14.2657],[-44.03254,-14.28811],[-44.08692,-14.26843],[-44.09689,-14.274],[-44.10729,-14.25912],[-44.13232,-14.28206],[-44.13726,-14.26415],[-44.16033,-14.25776],[-44.17038,-14.26869],[-44.20129,-14.25448],[-44.21688,-14.23333],[-44.21806,-14.24498],[-44.24062,-14.24069],[-44.23871,-14.25801],[-44.27201,-14.24664],[-44.30234,-14.25324],[-44.31648,-14.24035],[-44.36634,-14.274],[-44.4277,-14.2803],[-44.44886,-14.22577],[-44.46848,-14.21739],[-44.46168,-14.19445],[-44.44007,-14.18848],[-44.43902,-14.16063],[-44.44976,-14.16099],[-44.4446,-14.14133],[-44.43539,-14.14354],[-44.41956,-14.11955],[-44.42641,-14.08164],[-44.3908,-14.07564],[-44.37958,-14.04448],[-44.31607,-14.04413],[-44.27713,-14.03148],[-44.26881,-14.00552],[-44.25041,-13.99381],[-44.25283,-13.97163],[-44.22959,-13.95825],[-44.23161,-13.94267],[-44.19513,-13.92639],[-44.18795,-13.94427],[-44.16174,-13.9473],[-44.10727,-13.9851],[-44.102,-13.96246],[-44.11132,-13.95263],[-44.08571,-13.90584],[-44.08551,-13.93268],[-44.06399,-13.94337],[-44.0644,-13.92548],[-44.05351,-13.9306],[-44.05531,-13.9174],[-44.02965,-13.908],[-44.03178,-13.89777],[-44.04624,-13.89937],[-44.06163,-13.87027],[-44.04821,-13.86638],[-44.03239,-13.8891],[-44.02165,-13.85173],[-44.00911,-13.85268],[-44.00444,-13.82969],[-44.02605,-13.83638],[-44.01714,-13.82767],[-44.03278,-13.80378],[-44.02082,-13.81286],[-44.02905,-13.79266],[-44.01117,-13.82011],[-43.98421,-13.82501],[-43.98478,-13.83905],[-43.96069,-13.8332],[-43.96281,-13.82349],[-43.94918,-13.82023],[-43.95757,-13.81172],[-43.9481,-13.79177],[-43.92295,-13.8054],[-43.90348,-13.79227],[-43.91232,-13.767],[-43.90347,-13.77283],[-43.89228,-13.7529],[-43.88162,-13.76192],[-43.87715,-13.74218],[-43.86973,-13.75636],[-43.85328,-13.74429],[-43.84085,-13.7588],[-43.81507,-13.73435],[-43.81429,-13.70835],[-43.58662,-13.80629],[-43.59261,-13.76328],[-43.55862,-13.73677],[-43.54835,-13.71222],[-43.55676,-13.64451],[-43.52778,-13.59167],[-43.50949,-13.57558],[-43.46052,-13.56218],[-43.4503,-13.54244],[-43.44134,-13.54545],[-43.44333,-13.56067],[-43.46785,-13.60772],[-43.50451,-13.74256],[-43.54472,-13.78765],[-43.54192,-13.79676],[-43.5183,-13.79246],[-43.51159,-13.81485],[-43.48012,-13.83232],[-43.4821,-13.85077],[-43.43946,-13.87617],[-43.24132,-13.61039],[-43.18766,-13.51901],[-43.16306,-13.44153],[-43.12943,-13.4276],[-43.11652,-13.32391],[-42.96006,-13.33406],[-42.94755,-13.29052],[-42.91255,-13.29509],[-42.92276,-13.18282],[-42.90606,-13.17731],[-42.9034,-13.16028],[-42.91028,-13.13852],[-42.92602,-13.12932],[-42.93536,-13.07724],[-42.97088,-13.03519],[-42.98069,-12.97101],[-42.97326,-12.95202],[-42.94902,-12.94388],[-42.8913,-12.88928],[-42.87858,-12.72461],[-42.88863,-12.54165],[-42.8254,-12.5698],[-42.7717,-12.55765],[-42.63925,-12.5008],[-42.58944,-12.50986],[-42.57936,-12.52891],[-42.53299,-12.54682],[-42.49647,-12.54467],[-42.42556,-12.49734],[-42.37033,-12.48119],[-42.37003,-12.45808],[-42.35311,-12.45752],[-42.32878,-12.47828],[-42.32567,-12.42945],[-42.30586,-12.40389],[-42.25379,-12.40806],[-42.24925,-12.38957],[-42.26011,-12.34174],[-42.27099,-12.33797],[-42.27025,-12.31108],[-42.12412,-12.27768],[-42.11419,-12.30655],[-42.09856,-12.29157],[-42.03982,-12.29112],[-42.05828,-12.24511],[-42.05627,-12.2205],[-42.02923,-12.23436],[-41.98487,-12.29145],[-41.96811,-12.26589],[-41.98906,-12.2318],[-41.96738,-12.22337],[-41.96685,-12.18762],[-41.97736,-12.15393],[-41.96886,-12.14126],[-41.98329,-12.12536],[-41.96978,-12.09224],[-41.94501,-12.07931],[-41.98263,-12.04441],[-41.97928,-12.02119],[-41.94954,-12.02224],[-41.94412,-12.01311],[-41.96185,-11.9697],[-41.99241,-11.97553],[-41.99696,-11.90693],[-42.02422,-11.89302],[-42.0259,-11.8501],[-42.0071,-11.83895],[-42.02147,-11.8152],[-41.65173,-12.01369],[-41.63049,-12.0125],[-41.4539,-12.09904],[-41.46887,-12.10805],[-41.41727,-12.14504],[-41.35487,-12.1684],[-41.3716,-12.11874],[-41.36823,-12.08296],[-41.39844,-12.07186],[-41.41661,-11.99802],[-41.44471,-11.98611],[-41.45566,-11.96964],[-41.44816,-11.94697],[-41.42555,-11.93414],[-41.42067,-11.86827],[-41.39304,-11.77157],[-41.38425,-11.77022],[-41.34945,-11.7762],[-41.32475,-11.78674],[-41.32265,-11.79759],[-41.2742,-11.81319],[-41.25128,-11.81274],[-41.2446,-11.8445],[-41.25381,-11.90322],[-41.22906,-11.90789],[-41.22333,-11.91865],[-41.0999,-11.95681],[-41.10965,-11.94684],[-41.08612,-11.91918],[-41.06262,-11.93317],[-41.02489,-12.00224],[-40.97253,-12.01642],[-40.92052,-12.01437],[-40.89708,-11.99028],[-40.90897,-12.05958],[-40.87359,-12.12574],[-40.58503,-12.08302],[-40.50619,-12.09875],[-40.50079,-12.11612],[-40.47956,-12.10218],[-40.45865,-12.10225],[-40.45561,-12.11073],[-40.44472,-12.09204],[-40.46327,-12.06892],[-40.46527,-12.04617],[-40.3853,-12.02825],[-40.33351,-11.97684],[-40.27441,-12.05298],[-40.22832,-12.07997],[-40.22152,-12.0977],[-40.14835,-12.09536],[-40.06076,-12.11075],[-40.03278,-12.17124],[-40.05046,-12.19602],[-40.07302,-12.19251],[-40.14049,-12.24673],[-40.1329,-12.30013],[-40.11225,-12.32945],[-40.09281,-12.3254],[-40.03544,-12.3606],[-40.02146,-12.40331],[-39.98688,-12.42962],[-39.978,-12.45724],[-39.97033,-12.45665],[-39.97708,-12.47407],[-39.95961,-12.46906],[-39.93678,-12.48388],[-39.93966,-12.50856],[-39.92569,-12.5216],[-39.85355,-12.51242],[-39.82609,-12.53497],[-39.80384,-12.53694],[-39.79181,-12.55763],[-39.78703,-12.61495],[-39.80591,-12.68646],[-39.7973,-12.70494],[-39.8557,-12.7956],[-39.8942,-12.75339],[-39.92812,-12.81708],[-39.8998,-12.87464],[-39.98811,-12.93063],[-39.99114,-12.96319],[-40.01115,-12.97578],[-40.06734,-12.99263],[-40.14402,-12.9823],[-40.19918,-13.04868],[-40.32068,-13.04022],[-40.3458,-13.06199],[-40.33427,-13.09033],[-40.401,-13.06626],[-40.41105,-13.08796],[-40.46866,-13.11295],[-40.51149,-13.17648],[-40.5848,-13.21533],[-40.62726,-13.18257],[-40.71973,-13.23904],[-40.72445,-13.27669],[-40.78456,-13.37321],[-40.77144,-13.39817],[-40.72732,-13.43193],[-40.73678,-13.46508],[-40.69665,-13.50787],[-40.68423,-13.58062],[-40.69455,-13.61803],[-40.70965,-13.62925],[-40.70249,-13.65589],[-40.71342,-13.66948],[-40.70672,-13.68236],[-40.72495,-13.69156],[-40.71728,-13.73242],[-40.71835,-13.74948],[-40.72797,-13.7511],[-40.70291,-13.76517],[-40.69435,-13.80999],[-40.65562,-13.83944],[-40.6785,-13.85044],[-40.69379,-13.83824],[-40.7214,-13.84149],[-40.7296,-13.82849],[-40.85563,-13.85007],[-40.87941,-13.84389],[-40.90567,-13.88612],[-40.93654,-13.89584],[-40.91592,-13.90093],[-40.91158,-13.91387],[-40.92886,-13.91921],[-40.94977,-13.90631],[-40.96303,-13.92106],[-40.95966,-13.93586],[-40.98085,-13.94454],[-40.97957,-13.97944],[-41.00157,-14.00894],[-40.97822,-14.02235],[-41.01602,-14.0553],[-41.00065,-14.06926],[-41.02277,-14.07542],[-41.01478,-14.08704],[-41.02585,-14.09489],[-41.02478,-14.12027],[-41.01458,-14.13141],[-41.03831,-14.14282],[-41.04023,-14.15941],[-41.00434,-14.16448],[-41.00151,-14.17756],[-41.01897,-14.18854],[-41.00721,-14.21067],[-41.04727,-14.22887],[-41.02557,-14.24709],[-41.06512,-14.26098],[-41.09208,-14.28724],[-41.08901,-14.30922],[-41.102,-14.32127],[-41.09094,-14.34342],[-41.10755,-14.36749],[-41.07451,-14.38202],[-41.06838,-14.39523],[-41.09538,-14.44796],[-41.12947,-14.44449],[-41.13741,-14.46329],[-41.12301,-14.46955],[-41.12913,-14.48875],[-41.14897,-14.4965],[-41.16033,-14.48086],[-41.17925,-14.47919],[-41.18351,-14.49666],[-41.21071,-14.50095],[-41.20028,-14.51569],[-41.21036,-14.52136],[-41.2272,-14.51516],[-41.23525,-14.52305],[-41.24603,-14.50992],[-41.23917,-14.499],[-41.25609,-14.48729],[-41.29775,-14.51315],[-41.32965,-14.50271],[-41.35966,-14.53342],[-41.38241,-14.53052],[-41.39971,-14.55854],[-41.43447,-14.55135],[-41.42797,-14.56586],[-41.44721,-14.59458],[-41.40038,-14.63984],[-41.38778,-14.68096],[-41.39817,-14.70323],[-41.394,-14.76749],[-41.40906,-14.76722],[-41.4207,-14.75318],[-41.46258,-14.78266],[-41.44927,-14.79573],[-41.45414,-14.80538],[-41.47684,-14.79466],[-41.48404,-14.8103],[-41.50986,-14.82388],[-41.51902,-14.80518],[-41.53295,-14.80577],[-41.56769,-14.83394],[-41.57485,-14.86155],[-41.60893,-14.87413],[-41.61894,-14.86372],[-41.62946,-14.86815],[-41.62464,-14.89146],[-41.64798,-14.93512],[-41.63279,-14.95252],[-41.63342,-14.97091],[-41.60797,-14.979],[-41.58112,-15.01886],[-41.59794,-15.05739],[-41.652,-15.09959],[-41.67855,-15.10103],[-41.68844,-15.08976],[-41.70533,-15.11575],[-41.73038,-15.11324],[-41.76001,-15.13788],[-41.81027,-15.10142],[-41.87253,-15.11645],[-41.87872,-15.1357],[-41.92835,-15.16299],[-41.93254,-15.1745],[-42.00438,-15.15958],[-42.08471,-15.18653],[-42.17332,-15.08595],[-42.18296,-15.09965],[-42.22313,-15.09956],[-42.26562,-15.12498],[-42.33514,-15.07881],[-42.35491,-15.0982]]]}},{"type":"Feature","id":"cep2-47","properties":{"postal_code_id":"cep2-47","postal_codes":["47"],"first_digits":["4"],"states":["BA"]},"geometry":{"type":"Polygon","coordinates":[[[-44.3908,-14.07564],[-44.42641,-14.08164],[-44.41956,-14.11955],[-44.43539,-14.14354],[-44.4446,-14.14133],[-44.44976,-14.16099],[-44.43902,-14.16063],[-44.44007,-14.18848],[-44.46168,-14.19445],[-44.46848,-14.21739],[-44.44886,-14.22577],[-44.4277,-14.2803],[-44.41178,-14.28158],[-44.4389,-14.30283],[-44.48826,-14.32863],[-44.51084,-14.32269],[-44.54054,-14.33177],[-44.54512,-14.34306],[-44.56612,-14.34138],[-44.56457,-14.3486],[-44.61074,-14.36544],[-44.63654,-14.39088],[-44.65888,-14.39576],[-44.66799,-14.42385],[-44.68655,-14.41679],[-44.70129,-14.44979],[-44.71288,-14.44396],[-44.81077,-14.5031],[-44.83324,-14.49983],[-44.82435,-14.53938],[-44.84818,-14.54692],[-44.85879,-14.57152],[-44.8433,-14.56804],[-44.84339,-14.58084],[-44.86198,-14.5792],[-44.87696,-14.59918],[-44.90952,-14.60328],[-44.91668,-14.61966],[-44.98096,-14.64563],[-44.97408,-14.65077],[-44.99664,-14.65884],[-44.99575,-14.66782],[-45.04032,-14.68048],[-45.08277,-14.74877],[-45.13629,-14.74742],[-45.17202,-14.73468],[-45.1913,-14.74971],[-45.20557,-14.74474],[-45.24196,-14.78653],[-45.25871,-14.78952],[-45.28874,-14.81811],[-45.28569,-14.83248],[-45.30566,-14.83369],[-45.35557,-14.87751],[-45.36228,-14.87078],[-45.38718,-14.90664],[-45.4103,-14.92344],[-45.43523,-14.9226],[-45.45792,-14.95473],[-45.46985,-14.95005],[-45.49005,-14.96076],[-45.49849,-14.94638],[-45.51399,-14.95397],[-45.5361,-14.93813],[-45.56757,-14.94583],[-45.62462,-15.02137],[-45.6579,-15.02845],[-45.65582,-15.04853],[-45.67319,-15.07783],[-45.71856,-15.09562],[-45.72163,-15.11223],[-45.75227,-15.12247],[-45.82539,-15.11638],[-45.83433,-15.13667],[-45.87216,-15.1588],[-45.91872,-15.13337],[-45.95591,-15.14067],[-45.97173,-15.15388],[-45.98451,-15.19596],[-46.0272,-15.20022],[-46.05263,-15.25919],[-46.07708,-15.26468],[-46.07975,-15.25139],[-46.09236,-15.24791],[-46.09882,-15.21679],[-46.12076,-15.1975],[-46.04778,-15.16373],[-46.04372,-15.11813],[-46.02848,-15.11411],[-46.0185,-15.0813],[-45.97747,-15.04124],[-45.97852,-14.99858],[-45.96608,-14.96565],[-45.97175,-14.94912],[-46.00526,-14.92745],[-46.00388,-14.90229],[-46.03938,-14.87525],[-46.02529,-14.85576],[-46.0412,-14.82649],[-46.01867,-14.81855],[-45.99893,-14.76828],[-46.0055,-14.689],[-46.02086,-14.69107],[-46.02508,-14.67813],[-45.98885,-14.65577],[-45.98501,-14.61907],[-45.99789,-14.60358],[-45.98847,-14.58948],[-45.98884,-14.54928],[-45.97531,-14.53893],[-46.00014,-14.52274],[-45.99608,-14.48841],[-46.019,-14.47207],[-46.00007,-14.44662],[-46.01018,-14.4257],[-45.97581,-14.43425],[-45.93167,-14.40898],[-45.90716,-14.35519],[-45.91514,-14.34464],[-45.94221,-14.34325],[-45.9644,-14.28431],[-45.98184,-14.27351],[-45.99756,-14.27776],[-45.99543,-14.25616],[-46.02363,-14.26119],[-46.0333,-14.24768],[-46.05294,-14.24479],[-46.06105,-14.19548],[-46.10188,-14.20832],[-46.09831,-14.19667],[-46.10873,-14.1874],[-46.12266,-14.1906],[-46.11102,-14.17271],[-46.1163,-14.1616],[-46.13219,-14.15285],[-46.1841,-14.15695],[-46.22153,-14.10676],[-46.22879,-14.07779],[-46.22768,-14.04426],[-46.20815,-14.01614],[-46.22426,-14.00361],[-46.22007,-13.97542],[-46.25449,-13.96746],[-46.26419,-13.94744],[-46.26699,-13.9175],[-46.23247,-13.84861],[-46.25171,-13.82916],[-46.27363,-13.82878],[-46.2639,-13.8074],[-46.2775,-13.79088],[-46.22294,-13.7654],[-46.26336,-13.73076],[-46.23574,-13.70815],[-46.24067,-13.69443],[-46.26122,-13.69491],[-46.23764,-13.65213],[-46.16275,-13.60364],[-46.18726,-13.57542],[-46.24745,-13.57866],[-46.23745,-13.54456],[-46.24726,-13.52169],[-46.22552,-13.50511],[-46.23706,-13.48715],[-46.20896,-13.46556],[-46.22334,-13.44075],[-46.24853,-13.43601],[-46.22514,-13.41281],[-46.21233,-13.41901],[-46.13547,-13.37552],[-46.06828,-13.29544],[-46.10322,-13.25751],[-46.29249,-13.31693],[-46.3179,-13.30523],[-46.29999,-13.28288],[-46.30094,-13.25485],[-46.32768,-13.25292],[-46.30435,-13.20598],[-46.30472,-13.18432],[-46.31671,-13.18326],[-46.29518,-13.14187],[-46.3217,-13.1027],[-46.33579,-13.09766],[-46.3011,-13.07431],[-46.27553,-13.02021],[-46.19381,-12.99675],[-46.12466,-12.95982],[-46.10464,-12.92493],[-46.12665,-12.91239],[-46.14415,-12.93115],[-46.16306,-12.92416],[-46.20572,-12.95061],[-46.24688,-12.94036],[-46.32796,-12.9547],[-46.3075,-12.93879],[-46.31608,-12.93602],[-46.30575,-12.92667],[-46.312,-12.90972],[-46.28725,-12.89239],[-46.29531,-12.8911],[-46.28854,-12.88054],[-46.30292,-12.86763],[-46.30047,-12.8572],[-46.27354,-12.8313],[-46.27358,-12.81597],[-46.29409,-12.80805],[-46.29315,-12.79591],[-46.31051,-12.79554],[-46.28189,-12.77085],[-46.29594,-12.74496],[-46.27694,-12.74138],[-46.26857,-12.71438],[-46.28832,-12.71234],[-46.30388,-12.69644],[-46.29224,-12.67716],[-46.26806,-12.66627],[-46.26693,-12.65095],[-46.28996,-12.63815],[-46.31023,-12.64268],[-46.27687,-12.59617],[-46.30316,-12.58158],[-46.29676,-12.56368],[-46.29666,-12.57573],[-46.27161,-12.57005],[-46.26983,-12.55033],[-46.19822,-12.50396],[-46.25086,-12.50222],[-46.27262,-12.5146],[-46.261,-12.47385],[-46.27287,-12.45616],[-46.28023,-12.45983],[-46.28114,-12.44089],[-46.27192,-12.43807],[-46.28201,-12.41605],[-46.28546,-12.43207],[-46.29048,-12.41697],[-46.30441,-12.41681],[-46.30988,-12.42898],[-46.3013,-12.43757],[-46.31555,-12.46343],[-46.34055,-12.45199],[-46.33061,-12.44125],[-46.33605,-12.41432],[-46.32629,-12.41751],[-46.29003,-12.37697],[-46.30002,-12.36373],[-46.32787,-12.35674],[-46.36545,-12.36613],[-46.33979,-12.35174],[-46.37161,-12.34981],[-46.34915,-12.29912],[-46.38415,-12.29673],[-46.38531,-12.28054],[-46.36997,-12.26544],[-46.38806,-12.24478],[-46.36958,-12.23167],[-46.36652,-12.21508],[-46.38273,-12.21204],[-46.37741,-12.19655],[-46.41007,-12.19868],[-46.38114,-12.18117],[-46.40292,-12.1587],[-46.38865,-12.15634],[-46.37157,-12.12334],[-46.37118,-12.09971],[-46.39587,-12.08814],[-46.38264,-12.08395],[-46.38555,-12.0615],[-46.39598,-12.06177],[-46.38447,-12.05169],[-46.44857,-12.05506],[-46.47849,-12.04283],[-46.4449,-12.02618],[-46.42193,-12.0286],[-46.40826,-12.00957],[-46.40024,-12.02481],[-46.38723,-11.99741],[-46.37342,-11.99832],[-46.36483,-11.98077],[-46.31284,-11.9411],[-46.23277,-11.9364],[-46.18161,-11.90992],[-46.18991,-11.90323],[-46.28142,-11.91796],[-46.28903,-11.90973],[-46.32005,-11.91155],[-46.34938,-11.88672],[-46.37052,-11.88789],[-46.38094,-11.84037],[-46.37262,-11.83026],[-46.35752,-11.84082],[-46.34957,-11.83554],[-46.35778,-11.81367],[-46.33761,-11.81307],[-46.34607,-11.78433],[-46.32874,-11.77065],[-46.36094,-11.77895],[-46.34586,-11.75786],[-46.36755,-11.76847],[-46.37857,-11.74862],[-46.33209,-11.734],[-46.32264,-11.71675],[-46.33354,-11.71021],[-46.30775,-11.68657],[-46.33971,-11.66422],[-46.33832,-11.64208],[-46.36172,-11.63102],[-46.38723,-11.64635],[-46.38495,-11.62544],[-46.32893,-11.61194],[-46.32569,-11.59978],[-46.28695,-11.61581],[-46.24398,-11.60537],[-46.2143,-11.64275],[-46.15751,-11.65137],[-46.14675,-11.64523],[-46.14449,-11.62435],[-46.08089,-11.62401],[-46.11281,-11.60604],[-46.20951,-11.58527],[-46.25048,-11.53669],[-46.34969,-11.5062],[-46.43932,-11.52105],[-46.52407,-11.46354],[-46.53145,-11.37661],[-46.56856,-11.37135],[-46.57679,-11.36149],[-46.5522,-11.2628],[-46.34156,-10.93901],[-46.26727,-10.9348],[-46.26054,-10.81204],[-46.22645,-10.78294],[-46.2062,-10.80047],[-46.19261,-10.74277],[-46.16515,-10.72248],[-46.15035,-10.69155],[-46.16076,-10.65944],[-46.1497,-10.63591],[-46.06077,-10.60018],[-45.92922,-10.5216],[-45.8709,-10.50328],[-45.82125,-10.45807],[-45.79818,-10.32325],[-45.72689,-10.31254],[-45.69926,-10.25857],[-45.70198,-10.17935],[-45.72348,-10.15541],[-45.69018,-10.1554],[-45.60318,-10.10798],[-45.56746,-10.13952],[-45.56731,-10.20148],[-45.52619,-10.23693],[-45.51436,-10.28984],[-45.43032,-10.35946],[-45.4245,-10.42649],[-45.39599,-10.44503],[-45.40027,-10.46307],[-45.44741,-10.50936],[-45.43905,-10.52229],[-45.44616,-10.56232],[-45.43243,-10.63056],[-45.38522,-10.65163],[-45.35822,-10.73221],[-45.32971,-10.75556],[-45.26847,-10.77623],[-45.24597,-10.82248],[-45.21922,-10.81738],[-45.21797,-10.8289],[-45.20513,-10.83293],[-45.10654,-10.84647],[-45.07324,-10.84042],[-45.0166,-10.8846],[-44.97299,-10.89229],[-44.93122,-10.92876],[-44.8638,-10.88523],[-44.84715,-10.90109],[-44.80833,-10.86615],[-44.81032,-10.84658],[-44.78806,-10.80852],[-44.7585,-10.80347],[-44.74609,-10.77758],[-44.71457,-10.76173],[-44.68069,-10.76792],[-44.66678,-10.75888],[-44.6688,-10.68709],[-44.61276,-10.66676],[-44.58951,-10.63242],[-44.55673,-10.62733],[-44.52747,-10.64695],[-44.50051,-10.6497],[-44.47296,-10.63511],[-44.45175,-10.60664],[-44.40517,-10.60963],[-44.35476,-10.55801],[-44.3331,-10.54877],[-44.31455,-10.55736],[-44.26666,-10.62315],[-44.24516,-10.62777],[-44.20865,-10.61532],[-44.15295,-10.64408],[-44.12593,-10.62742],[-44.11062,-10.5972],[-44.07211,-10.57993],[-44.05101,-10.50624],[-44.02584,-10.47547],[-44.03576,-10.44471],[-44.02777,-10.41247],[-44.00771,-10.40534],[-43.97693,-10.43138],[-43.93673,-10.43613],[-43.91623,-10.42672],[-43.91479,-10.38415],[-43.83692,-10.30221],[-43.83727,-10.25007],[-43.77909,-10.18047],[-43.76603,-10.08006],[-43.69291,-10.0774],[-43.69028,-10.04464],[-43.66948,-10.03076],[-43.66213,-10.00954],[-43.66517,-9.99103],[-43.6969,-9.97409],[-43.69284,-9.92553],[-43.7082,-9.91983],[-43.65248,-9.84357],[-43.66485,-9.82365],[-43.78492,-9.76238],[-43.79955,-9.69249],[-43.84195,-9.63743],[-43.83398,-9.61793],[-43.84265,-9.61267],[-43.84969,-9.54805],[-43.81631,-9.49196],[-43.76973,-9.44205],[-43.68914,-9.41968],[-43.62163,-9.37154],[-43.57903,-9.32039],[-43.53113,-9.30419],[-43.48546,-9.26529],[-43.43813,-9.26614],[-43.42275,-9.27761],[-43.36132,-9.36441],[-43.3242,-9.3767],[-43.27395,-9.42355],[-43.26667,-9.41191],[-43.20937,-9.40028],[-43.19386,-9.42072],[-43.17315,-9.41011],[-43.16152,-9.37925],[-43.132,-9.38692],[-43.12188,-9.37295],[-43.08289,-9.39733],[-43.05931,-9.39695],[-43.05779,-9.41853],[-42.98786,-9.40134],[-42.97189,-9.40806],[-42.95867,-9.42839],[-42.95948,-9.47967],[-42.9438,-9.52077],[-42.90402,-9.52675],[-42.87672,-9.56162],[-42.83714,-9.55037],[-42.82055,-9.61923],[-42.76996,-9.61918],[-42.75775,-9.58928],[-42.71619,-9.55437],[-42.71988,-9.53069],[-42.66725,-9.54812],[-42.61959,-9.53931],[-42.59036,-9.49835],[-42.49309,-9.4949],[-42.48154,-9.45886],[-42.45431,-9.46223],[-42.43535,-9.45096],[-42.41849,-9.40936],[-42.36467,-9.38209],[-42.35705,-9.35256],[-42.31608,-9.31661],[-42.26891,-9.31045],[-42.23846,-9.28577],[-42.13453,-9.28721],[-42.09504,-9.27856],[-42.06922,-9.25754],[-42.01869,-9.25052],[-41.99991,-9.26597],[-41.97227,-9.24864],[-41.91386,-9.27708],[-41.87052,-9.23743],[-41.83797,-9.24227],[-41.80007,-9.14803],[-41.73266,-9.08773],[-41.7236,-9.01354],[-41.67335,-9.00779],[-41.6694,-8.99008],[-41.6241,-8.98167],[-41.60579,-8.9574],[-41.57006,-8.95503],[-41.56527,-8.97032],[-41.54452,-8.96055],[-41.54141,-8.93356],[-41.50744,-8.89244],[-41.51057,-8.87623],[-41.48784,-8.8439],[-41.47218,-8.84311],[-41.43468,-8.7991],[-41.42427,-8.80256],[-41.38125,-8.70727],[-41.35834,-8.70762],[-41.33435,-8.72766],[-41.29498,-8.73555],[-41.23768,-8.71876],[-41.23984,-8.71086],[-41.22527,-8.70467],[-41.1764,-8.71119],[-41.11371,-8.7038],[-41.12457,-8.75267],[-41.10335,-8.78044],[-41.03623,-8.78588],[-41.02487,-8.80872],[-41.03132,-8.83496],[-41.01987,-8.84403],[-40.97909,-8.82342],[-40.94638,-8.845],[-40.92134,-8.83543],[-40.90304,-8.85862],[-40.88123,-8.91563],[-40.86628,-8.92339],[-40.85101,-8.95424],[-40.85211,-8.98047],[-40.83437,-9.01052],[-40.82101,-9.07989],[-40.8041,-9.09834],[-40.75678,-9.10498],[-40.7577,-9.11863],[-40.70989,-9.14088],[-40.68509,-9.13761],[-40.6674,-9.15906],[-40.66987,-9.18613],[-40.6945,-9.23346],[-40.68924,-9.25699],[-40.68048,-9.25769],[-40.68723,-9.27833],[-40.70869,-9.28688],[-40.72009,-9.3059],[-40.73944,-9.29659],[-40.75642,-9.31503],[-40.73729,-9.33687],[-40.73821,-9.3532],[-40.74309,-9.40295],[-40.76498,-9.41322],[-40.76716,-9.44541],[-40.79489,-9.44547],[-40.83786,-9.42287],[-40.86312,-9.3941],[-40.95378,-9.39792],[-41.00742,-9.46791],[-41.00472,-9.49174],[-40.96445,-9.55268],[-40.98432,-9.58743],[-40.97465,-9.60809],[-40.96763,-9.73708],[-40.99558,-9.7772],[-41.03098,-9.8035],[-41.02808,-9.81977],[-41.05792,-9.85293],[-41.06633,-9.87859],[-41.05057,-9.90587],[-41.08354,-9.94586],[-41.10623,-9.93849],[-41.11269,-9.90625],[-41.12808,-9.92931],[-41.13516,-9.92192],[-41.18115,-9.95534],[-41.21522,-9.95377],[-41.22029,-9.9221],[-41.23681,-9.92695],[-41.23381,-9.93871],[-41.2437,-9.94578],[-41.25167,-9.94303],[-41.25592,-9.97411],[-41.24462,-9.98584],[-41.17089,-10.01226],[-41.16946,-10.03243],[-41.19323,-10.06562],[-41.17989,-10.10277],[-41.15999,-10.10975],[-41.16695,-10.12997],[-41.15771,-10.15582],[-41.17143,-10.19628],[-41.144,-10.223],[-41.18027,-10.26369],[-41.20564,-10.27465],[-41.21274,-10.29127],[-41.23324,-10.29562],[-41.24274,-10.32326],[-41.27786,-10.34718],[-41.28829,-10.33574],[-41.31387,-10.34442],[-41.33509,-10.37807],[-41.36146,-10.36997],[-41.35379,-10.38601],[-41.37861,-10.41725],[-41.44672,-10.442],[-41.45217,-10.45541],[-41.47319,-10.46195],[-41.45059,-10.48934],[-41.38152,-10.51874],[-41.39737,-10.54758],[-41.39098,-10.56583],[-41.42777,-10.57674],[-41.42946,-10.5881],[-41.46284,-10.60316],[-41.47181,-10.62825],[-41.48526,-10.63371],[-41.49565,-10.61831],[-41.50582,-10.64012],[-41.49608,-10.65151],[-41.50858,-10.67045],[-41.53297,-10.67942],[-41.54603,-10.66457],[-41.55738,-10.70252],[-41.59134,-10.73127],[-41.57144,-10.75594],[-41.5775,-10.78336],[-41.60591,-10.80955],[-41.6734,-10.81063],[-41.70147,-10.78406],[-41.71392,-10.74153],[-41.7386,-10.70794],[-41.76908,-10.72215],[-41.82197,-10.6977],[-42.08889,-10.93289],[-42.07561,-11.02977],[-42.14526,-11.02331],[-42.14616,-11.04725],[-42.18971,-11.07486],[-42.25828,-11.14231],[-42.24029,-11.26123],[-42.33532,-11.29447],[-42.32786,-11.31273],[-42.3139,-11.30515],[-42.30731,-11.31954],[-42.29601,-11.38237],[-42.30024,-11.40405],[-42.36156,-11.48137],[-42.32737,-11.58848],[-42.33983,-11.58782],[-42.35374,-11.63271],[-42.35361,-11.67531],[-42.34139,-11.69013],[-42.36002,-11.71399],[-42.30201,-11.78339],[-42.29098,-11.85422],[-42.24496,-11.94837],[-42.08784,-12.18709],[-42.0979,-12.19714],[-42.08891,-12.2915],[-42.11419,-12.30655],[-42.12412,-12.27768],[-42.27025,-12.31108],[-42.27099,-12.33797],[-42.26011,-12.34174],[-42.24925,-12.38957],[-42.25379,-12.40806],[-42.30586,-12.40389],[-42.32567,-12.42945],[-42.32878,-12.47828],[-42.35311,-12.45752],[-42.37003,-12.45808],[-42.37033,-12.48119],[-42.42556,-12.49734],[-42.49647,-12.54467],[-42.53299,-12.54682],[-42.57936,-12.52891],[-42.58944,-12.50986],[-42.63925,-12.5008],[-42.7717,-12.55765],[-42.8254,-12.5698],[-42.88863,-12.54165],[-42.87858,-12.72461],[-42.8913,-12.88928],[-42.94902,-12.94388],[-42.97326,-12.95202],[-42.98069,-12.97101],[-42.97088,-13.03519],[-42.93536,-13.07724],[-42.92602,-13.12932],[-42.91028,-13.13852],[-42.9034,-13.16028],[-42.90606,-13.17731],[-42.92276,-13.18282],[-42.91255,-13.29509],[-42.94755,-13.29052],[-42.96006,-13.33406],[-43.11652,-13.32391],[-43.12943,-13.4276],[-43.16306,-13.44153],[-43.18766,-13.51901],[-43.24132,-13.61039],[-43.43946,-13.87617],[-43.4821,-13.85077],[-43.48012,-13.83232],[-43.51159,-13.81485],[-43.5183,-13.79246],[-43.54192,-13.79676],[-43.54472,-13.78765],[-43.50451,-13.74256],[-43.46785,-13.60772],[-43.44333,-13.56067],[-43.44134,-13.54545],[-43.4503,-13.54244],[-43.46052,-13.56218],[-43.50949,-13.57558],[-43.52778,-13.59167],[-43.55676,-13.64451],[-43.54835,-13.71222],[-43.55862,-13.73677],[-43.59261,-13.76328],[-43.58662,-13.80629],[-43.81429,-13.70835],[-43.81507,-13.73435],[-43.84085,-13.7588],[-43.85328,-13.74429],[-43.86973,-13.75636],[-43.87715,-13.74218],[-43.88162,-13.76192],[-43.89228,-13.7529],[-43.90347,-13.77283],[-43.91232,-13.767],[-43.90348,-13.79227],[-43.92295,-13.8054],[-43.9481,-13.79177],[-43.95757,-13.81172],[-43.94918,-13.82023],[-43.96281,-13.82349],[-43.96069,-13.8332],[-43.98478,-13.83905],[-43.98421,-13.82501],[-44.01117,-13.82011],[-44.02905,-13.79266],[-44.02082,-13.81286],[-44.03278,-13.80378],[-44.01714,-13.82767],[-44.02605,-13.83638],[-44.00444,-13.82969],[-44.00911,-13.85268],[-44.02165,-13.85173],[-44.03239,-13.8891],[-44.04821,-13.86638],[-44.06163,-13.87027],[-44.04624,-13.89937],[-44.03178,-13.89777],[-44.02965,-13.908],[-44.05531,-13.9174],[-44.05351,-13.9306],[-44.0644,-13.92548],[-44.06399,-13.94337],[-44.08551,-13.93268],[-44.08571,-13.90584],[-44.11132,-13.95263],[-44.102,-13.96246],[-44.10727,-13.9851],[-44.16174,-13.9473],[-44.18795,-13.94427],[-44.19513,-13.92639],[-44.23161,-13.94267],[-44.22959,-13.95825],[-44.25283,-13.97163],[-44.25041,-13.99381],[-44.26881,-14.00552],[-44.27713,-14.03148],[-44.31607,-14.04413],[-44.37958,-14.04448],[-44.3908,-14.07564]]]}},{"type":"Feature","id":"cep2-48","properties":{"postal_code_id":"cep2-48","postal_codes":["48"],"first_digits":["4"],"states":["BA"]},"geometry":{"type":"Polygon","coordinates":[[[-39.09685,-11.88594],[-39.10915,-11.89165],[-39.11841,-11.92275],[-39.16412,-11.95101],[-39.17497,-11.98138],[-39.29668,-11.9908],[-39.28514,-11.96767],[-39.30765,-11.94037],[-39.27611,-11.89273],[-39.28035,-11.83246],[-39.24023,-11.77362],[-39.26234,-11.7376],[-39.36269,-11.64679],[-39.48641,-11.6012],[-39.50943,-11.57681],[-39.53616,-11.56967],[-39.55686,-11.54416],[-39.59702,-11.53109],[-39.65346,-11.47303],[-39.66494,-11.44872],[-39.65545,-11.43143],[-39.6722,-11.41103],[-39.71742,-11.39461],[-39.75085,-11.42239],[-39.78728,-11.40439],[-39.84857,-11.35034],[-39.86247,-11.31868],[-39.87519,-11.31717],[-39.86185,-11.31294],[-39.9553,-11.24865],[-39.953,-11.15687],[-39.96331,-11.15011],[-39.97597,-11.16072],[-39.98191,-11.15116],[-40.02452,-10.98092],[-40.00946,-10.9042],[-40.02509,-10.87642],[-40.01997,-10.8673],[-40.05759,-10.85769],[-40.04562,-10.80034],[-40.02796,-10.78006],[-40.03655,-10.76577],[-40.02425,-10.70952],[-40.00393,-10.67232],[-40.01565,-10.66624],[-39.9954,-10.63171],[-40.01767,-10.62082],[-40.14258,-10.63818],[-40.2485,-10.51713],[-40.26909,-10.51223],[-40.27054,-10.50059],[-40.2344,-10.46279],[-40.25095,-10.43631],[-40.2487,-10.37772],[-40.23155,-10.3744],[-40.23535,-10.32668],[-40.2273,-10.31028],[-40.24771,-10.26037],[-40.24126,-10.24217],[-40.25536,-10.22755],[-40.2473,-10.20374],[-40.2767,-10.16733],[-40.28125,-10.14227],[-40.29925,-10.1284],[-40.351,-10.11306],[-40.36681,-10.1404],[-40.3767,-10.13914],[-40.41652,-10.11258],[-40.38878,-10.06215],[-40.32845,-10.01362],[-40.31639,-9.9079],[-40.38322,-9.94417],[-40.41218,-9.97351],[-40.50274,-9.97115],[-40.64333,-9.8868],[-40.81832,-9.8697],[-40.82369,-9.83633],[-40.83163,-9.86447],[-40.8389,-9.86084],[-40.87918,-9.89342],[-40.89156,-9.91371],[-40.9276,-9.89864],[-40.94411,-9.91351],[-40.94457,-9.88128],[-40.98676,-9.89708],[-40.99679,-9.88612],[-41.04259,-9.92751],[-41.06633,-9.87859],[-41.05792,-9.85293],[-41.02808,-9.81977],[-41.03098,-9.8035],[-40.99558,-9.7772],[-40.96763,-9.73708],[-40.97465,-9.60809],[-40.98432,-9.58743],[-40.96445,-9.55268],[-41.00472,-9.49174],[-41.00742,-9.46791],[-40.95378,-9.39792],[-40.86312,-9.3941],[-40.83786,-9.42287],[-40.79489,-9.44547],[-40.72223,-9.44132],[-40.68132,-9.46722],[-40.62317,-9.4829],[-40.55576,-9.45794],[-40.5317,-9.41496],[-40.51073,-9.40718],[-40.46776,-9.42057],[-40.43079,-9.35669],[-40.41815,-9.35205],[-40.39128,-9.37217],[-40.3564,-9.37699],[-40.33375,-9.35054],[-40.33253,-9.31757],[-40.30221,-9.2517],[-40.28617,-9.18561],[-40.29333,-9.14674],[-40.26421,-9.07096],[-40.23898,-9.05437],[-40.2236,-9.05667],[-40.15972,-9.10787],[-40.12989,-9.1103],[-40.06556,-9.06307],[-39.99798,-9.06112],[-39.95803,-9.04859],[-39.87443,-8.93674],[-39.87942,-8.90191],[-39.90126,-8.86416],[-39.89296,-8.82879],[-39.81997,-8.81349],[-39.7888,-8.81911],[-39.74779,-8.79404],[-39.69513,-8.79957],[-39.6733,-8.7849],[-39.68884,-8.66085],[-39.59523,-8.65121],[-39.51861,-8.60391],[-39.47611,-8.59279],[-39.45211,-8.5632],[-39.43549,-8.5633],[-39.41604,-8.54213],[-39.37979,-8.53282],[-39.34514,-8.5585],[-39.28642,-8.56376],[-39.26341,-8.61522],[-39.24188,-8.63631],[-39.24549,-8.68411],[-39.22852,-8.71032],[-39.181,-8.7063],[-39.16748,-8.69254],[-39.14395,-8.71252],[-39.03355,-8.73631],[-38.98887,-8.77169],[-38.97743,-8.79309],[-38.95236,-8.80454],[-38.8681,-8.78387],[-38.79699,-8.79346],[-38.70654,-8.86226],[-38.68923,-8.9474],[-38.6576,-8.98248],[-38.6241,-8.98005],[-38.61028,-8.95733],[-38.60382,-8.88059],[-38.57043,-8.83037],[-38.54114,-8.82349],[-38.51241,-8.83059],[-38.46981,-8.86574],[-38.47932,-8.90174],[-38.51937,-8.93935],[-38.50351,-8.98141],[-38.48404,-9.00102],[-38.4184,-9.03805],[-38.40352,-9.03723],[-38.34024,-8.99041],[-38.32354,-8.99001],[-38.30279,-9.01387],[-38.28996,-9.04716],[-38.32619,-9.08096],[-38.30459,-9.09679],[-38.3214,-9.11688],[-38.31866,-9.141],[-38.28871,-9.17213],[-38.28009,-9.20113],[-38.28751,-9.21713],[-38.24135,-9.32275],[-38.19429,-9.38572],[-38.20501,-9.41672],[-38.154,-9.44352],[-38.07776,-9.44111],[-38.0687,-9.45639],[-38.02215,-9.46999],[-37.99795,-9.49928],[-38.02255,-9.54052],[-38.02809,-9.57485],[-38.03185,-9.56728],[-38.03716,-9.58103],[-38.06104,-9.58764],[-38.05562,-9.6322],[-38.03946,-9.62761],[-38.00929,-9.64986],[-38.03222,-9.66069],[-38.04497,-9.69777],[-38.0326,-9.7701],[-37.99834,-9.8257],[-37.99544,-9.84608],[-38.01005,-9.85403],[-37.99212,-9.89428],[-38.00347,-9.90469],[-37.97542,-9.93673],[-37.95543,-9.943],[-37.90793,-9.91074],[-37.90896,-9.94002],[-37.89579,-9.94213],[-37.89607,-9.95428],[-37.85208,-9.99046],[-37.82518,-10.02305],[-37.82602,-10.0365],[-37.79076,-10.0329],[-37.78264,-10.0436],[-37.80195,-10.11133],[-37.77473,-10.14255],[-37.78223,-10.18559],[-37.76568,-10.19604],[-37.74709,-10.23807],[-37.76568,-10.25187],[-37.74886,-10.26432],[-37.75013,-10.28878],[-37.76866,-10.2892],[-37.74512,-10.31358],[-37.74331,-10.33839],[-37.78501,-10.34556],[-37.78848,-10.35683],[-37.83941,-10.3813],[-37.83838,-10.40274],[-37.85225,-10.40555],[-37.85927,-10.4285],[-37.81267,-10.50913],[-37.81927,-10.53961],[-37.8412,-10.55506],[-37.83146,-10.58429],[-37.80632,-10.60053],[-37.81672,-10.63138],[-37.80302,-10.6522],[-37.81405,-10.66982],[-37.80993,-10.68881],[-37.83239,-10.68044],[-37.84751,-10.69926],[-37.90962,-10.71551],[-37.94548,-10.75652],[-37.95289,-10.7501],[-37.9768,-10.75793],[-38.03375,-10.7247],[-38.03188,-10.708],[-38.04213,-10.70079],[-38.06779,-10.71567],[-38.13281,-10.72087],[-38.18313,-10.70538],[-38.20932,-10.71207],[-38.20924,-10.75806],[-38.245,-10.82287],[-38.2314,-10.84293],[-38.22817,-10.91418],[-38.18062,-10.94277],[-38.18654,-10.96421],[-38.16871,-10.98967],[-38.12824,-11.01947],[-38.12095,-11.00727],[-38.10075,-11.02038],[-38.10198,-11.04447],[-38.07519,-11.07748],[-38.09327,-11.10401],[-38.08882,-11.11568],[-38.0678,-11.11939],[-38.07121,-11.1436],[-38.05721,-11.17205],[-37.98131,-11.1992],[-37.97744,-11.2215],[-37.99279,-11.23779],[-37.98351,-11.24897],[-37.99585,-11.25952],[-37.98646,-11.26701],[-38.01202,-11.28441],[-37.99165,-11.31284],[-37.99872,-11.32152],[-37.98835,-11.32954],[-37.99817,-11.33573],[-37.96935,-11.3728],[-37.97782,-11.39266],[-37.96828,-11.38954],[-37.96678,-11.40097],[-37.95404,-11.39384],[-37.94563,-11.42303],[-37.92756,-11.4013],[-37.91694,-11.40277],[-37.90446,-11.41176],[-37.89865,-11.43839],[-37.88274,-11.4249],[-37.86608,-11.4271],[-37.88066,-11.43143],[-37.84809,-11.44435],[-37.86433,-11.46658],[-37.80883,-11.49604],[-37.81871,-11.49979],[-37.81493,-11.51378],[-37.73042,-11.53802],[-37.72881,-11.55202],[-37.71342,-11.55324],[-37.70235,-11.54027],[-37.70057,-11.56107],[-37.67301,-11.56857],[-37.65034,-11.51644],[-37.64484,-11.52397],[-37.63228,-11.51813],[-37.61627,-11.53848],[-37.58714,-11.52848],[-37.57864,-11.55215],[-37.56819,-11.53974],[-37.56067,-11.54846],[-37.52007,-11.5493],[-37.50475,-11.52491],[-37.45549,-11.52314],[-37.35526,-11.4437],[-37.34115,-11.44234],[-37.40633,-11.53659],[-37.6101,-11.95567],[-37.73142,-12.17584],[-37.9403,-12.47118],[-38.00146,-12.57801],[-38.03022,-12.5972],[-38.04668,-12.58458],[-38.04358,-12.56253],[-38.05391,-12.56294],[-38.06934,-12.53524],[-38.07097,-12.47215],[-38.09938,-12.47967],[-38.09664,-12.50159],[-38.11205,-12.51097],[-38.14089,-12.49766],[-38.15572,-12.50303],[-38.16066,-12.49071],[-38.17698,-12.48826],[-38.17267,-12.46289],[-38.19403,-12.45306],[-38.22482,-12.4767],[-38.24445,-12.47171],[-38.24784,-12.4977],[-38.23913,-12.51561],[-38.22456,-12.52017],[-38.21503,-12.56677],[-38.25144,-12.57711],[-38.25239,-12.59962],[-38.27899,-12.61114],[-38.32044,-12.57715],[-38.34635,-12.57436],[-38.3423,-12.54372],[-38.37843,-12.53867],[-38.36678,-12.50933],[-38.38483,-12.48261],[-38.33745,-12.45114],[-38.40699,-12.4223],[-38.44604,-12.43186],[-38.46032,-12.41747],[-38.48921,-12.41226],[-38.50418,-12.42669],[-38.52583,-12.4157],[-38.53885,-12.39578],[-38.5208,-12.2593],[-38.54944,-12.24477],[-38.58666,-12.19368],[-38.6151,-12.17685],[-38.61231,-12.16641],[-38.63218,-12.17013],[-38.65816,-12.1929],[-38.73302,-12.15539],[-38.70032,-12.1388],[-38.65773,-12.05327],[-38.70114,-12.05296],[-38.72432,-12.02686],[-38.71019,-11.96092],[-38.68028,-11.94609],[-38.71099,-11.94234],[-38.71928,-11.95042],[-38.74266,-11.9403],[-38.7959,-11.95401],[-38.82506,-11.94818],[-38.86873,-11.81596],[-38.91488,-11.89955],[-38.93497,-11.8371],[-38.99778,-11.80585],[-39.01299,-11.82104],[-39.08326,-11.83342],[-39.09685,-11.88594]]]}},{"type":"Feature","id":"cep2-49","properties":{"postal_code_id":"cep2-49","postal_codes":["49"],"first_digits":["4"],"states":["SE"]},"geometry":{"type":"MultiPolygon","coordinates":[[[[-37.65034,-11.51644],[-37.67301,-11.56857],[-37.70057,-11.56107],[-37.70235,-11.54027],[-37.71342,-11.55324],[-37.72881,-11.55202],[-37.73042,-11.53802],[-37.79998,-11.52137],[-37.81493,-11.51378],[-37.81871,-11.49979],[-37.80883,-11.49604],[-37.86433,-11.46658],[-37.84809,-11.44435],[-37.88066,-11.43143],[-37.86608,-11.4271],[-37.88274,-11.4249],[-37.89865,-11.43839],[-37.90446,-11.41176],[-37.91694,-11.40277],[-37.92756,-11.4013],[-37.94563,-11.42303],[-37.95404,-11.39384],[-37.96678,-11.40097],[-37.96828,-11.38954],[-37.97782,-11.39266],[-37.96935,-11.3728],[-37.99817,-11.33573],[-37.98835,-11.32954],[-37.99872,-11.32152],[-37.99165,-11.31284],[-38.01202,-11.28441],[-37.98646,-11.26701],[-37.99585,-11.25952],[-37.98351,-11.24897],[-37.99279,-11.23779],[-37.97744,-11.2215],[-37.98131,-11.1992],[-38.05721,-11.17205],[-38.07121,-11.1436],[-38.0678,-11.11939],[-38.08882,-11.11568],[-38.09327,-11.10401],[-38.07519,-11.07748],[-38.10198,-11.04447],[-38.10075,-11.02038],[-38.12095,-11.00727],[-38.12824,-11.01947],[-38.16871,-10.98967],[-38.18654,-10.96421],[-38.18062,-10.94277],[-38.22817,-10.91418],[-38.23642,-10.88203],[-38.2314,-10.84293],[-38.245,-10.82287],[-38.20924,-10.75806],[-38.20932,-10.71207],[-38.18313,-10.70538],[-38.13281,-10.72087],[-38.06779,-10.71567],[-38.04213,-10.70079],[-38.03188,-10.708],[-38.03375,-10.7247],[-37.9768,-10.75793],[-37.95289,-10.7501],[-37.94548,-10.75652],[-37.90962,-10.71551],[-37.84751,-10.69926],[-37.83239,-10.68044],[-37.80993,-10.68881],[-37.81405,-10.66982],[-37.80302,-10.6522],[-37.81672,-10.63138],[-37.80632,-10.60053],[-37.83146,-10.58429],[-37.8412,-10.55506],[-37.81927,-10.53961],[-37.81267,-10.50913],[-37.85927,-10.4285],[-37.85225,-10.40555],[-37.83838,-10.40274],[-37.83941,-10.3813],[-37.78848,-10.35683],[-37.78501,-10.34556],[-37.74331,-10.33839],[-37.74512,-10.31358],[-37.76866,-10.2892],[-37.75013,-10.28878],[-37.74886,-10.26432],[-37.76568,-10.25187],[-37.74709,-10.23807],[-37.76568,-10.19604],[-37.78223,-10.18559],[-37.77473,-10.14255],[-37.80195,-10.11133],[-37.78264,-10.0436],[-37.79076,-10.0329],[-37.82602,-10.0365],[-37.82518,-10.02305],[-37.85208,-9.99046],[-37.89607,-9.95428],[-37.89579,-9.94213],[-37.90896,-9.94002],[-37.90793,-9.91074],[-37.95543,-9.943],[-37.97542,-9.93673],[-38.00347,-9.90469],[-37.99212,-9.89428],[-38.01005,-9.85403],[-37.99544,-9.84608],[-37.99834,-9.8257],[-38.0326,-9.7701],[-38.04497,-9.69777],[-38.03222,-9.66069],[-38.00929,-9.64986],[-38.03946,-9.62761],[-38.05562,-9.6322],[-38.06104,-9.58764],[-38.03716,-9.58103],[-38.03185,-9.56728],[-38.02809,-9.57485],[-38.02255,-9.54052],[-38.00329,-9.51503],[-37.91714,-9.54895],[-37.89414,-9.53953],[-37.83179,-9.59488],[-37.81825,-9.59289],[-37.78654,-9.63865],[-37.74699,-9.62492],[-37.71012,-9.63007],[-37.67827,-9.64878],[-37.65405,-9.68633],[-37.57242,-9.73862],[-37.47309,-9.74636],[-37.34662,-9.79118],[-37.31879,-9.822],[-37.28522,-9.83063],[-37.26088,-9.8507],[-37.24554,-9.89184],[-37.21402,-9.89976],[-37.16254,-9.89385],[-37.11202,-9.92778],[-37.06495,-9.9806],[-37.03309,-9.98758],[-36.9957,-9.97244],[-36.97329,-9.98436],[-36.95345,-10.02282],[-36.9457,-10.08736],[-36.91142,-10.13878],[-36.87142,-10.14651],[-36.82635,-10.21119],[-36.80144,-10.21311],[-36.79147,-10.22722],[-36.74888,-10.22819],[-36.7204,-10.26491],[-36.68367,-10.27075],[-36.65771,-10.26791],[-36.63857,-10.25196],[-36.62155,-10.25639],[-36.57183,-10.31615],[-36.55674,-10.37708],[-36.56203,-10.41565],[-36.53507,-10.43028],[-36.50193,-10.43113],[-36.4631,-10.40848],[-36.45151,-10.41367],[-36.42195,-10.44286],[-36.39594,-10.49687],[-36.4088,-10.51269],[-36.58481,-10.57255],[-36.78443,-10.68823],[-36.8675,-10.75805],[-37.00463,-10.91672],[-37.16611,-11.1825],[-37.26016,-11.28958],[-37.32484,-11.43603],[-37.35526,-11.4437],[-37.45549,-11.52314],[-37.50475,-11.52491],[-37.52007,-11.5493],[-37.56067,-11.54846],[-37.56819,-11.53974],[-37.57864,-11.55215],[-37.57957,-11.53301],[-37.61627,-11.53848],[-37.63228,-11.51813],[-37.64484,-11.52397],[-37.65034,-11.51644]]],[[[-36.91664,-10.84206],[-36.91696,-10.84352],[-36.91874,-10.84588],[-36.91664,-10.84206]]]]}},{"type":"Feature","id":"cep2-50-51-52","properties":{"postal_code_id":"cep2-50-51-52","postal_codes":["50","51","52"],"first_digits":["5"],"states":["PE"]},"geometry":{"type":"Polygon","coordinates":[[[-34.99478,-8.04607],[-34.99614,-8.03685],[-34.96554,-8.01981],[-34.96207,-7.97409],[-35.00372,-7.95955],[-35.00011,-7.9292],[-34.98776,-7.94045],[-34.96776,-7.94179],[-34.94841,-7.92954],[-34.91616,-7.93483],[-34.90925,-7.94401],[-34.91692,-7.98805],[-34.8729,-8.01731],[-34.87555,-8.03172],[-34.86055,-8.04446],[-34.9088,-8.15515],[-34.91359,-8.14512],[-34.95355,-8.13863],[-34.97086,-8.08172],[-35.01669,-8.05581],[-34.99478,-8.04607]]]}},{"type":"Feature","id":"cep2-53","properties":{"postal_code_id":"cep2-53","postal_codes":["53"],"first_digits":["5"],"states":["PE"]},"geometry":{"type":"MultiPolygon","coordinates":[[[[-34.8729,-8.01731],[-34.91692,-7.98805],[-34.90925,-7.94401],[-34.91616,-7.93483],[-34.94841,-7.92954],[-34.96776,-7.94179],[-34.98776,-7.94045],[-35.01588,-7.92591],[-35.02893,-7.93384],[-35.04878,-7.90919],[-35.09996,-7.88213],[-35.12203,-7.84948],[-35.13996,-7.79226],[-35.09813,-7.71518],[-35.0452,-7.74448],[-34.99914,-7.73125],[-34.98289,-7.73541],[-34.96197,-7.70832],[-34.93799,-7.70513],[-34.90477,-7.6833],[-34.88372,-7.71437],[-34.8624,-7.71152],[-34.84821,-7.68779],[-34.83161,-7.70047],[-34.82318,-7.7517],[-34.8451,-7.81636],[-34.84501,-7.83803],[-34.8245,-7.8845],[-34.82276,-7.94246],[-34.86055,-8.04446],[-34.87555,-8.03172],[-34.8729,-8.01731]]],[[[-34.83988,-7.816],[-34.83702,-7.81683],[-34.8403,-7.81653],[-34.83988,-7.816]]],[[[-32.4393,-3.87361],[-32.43849,-3.8721],[-32.43775,-3.87224],[-32.4393,-3.87361]]],[[[-32.44171,-3.84911],[-32.44114,-3.84891],[-32.44076,-3.84961],[-32.44171,-3.84911]]],[[[-32.4428,-3.84885],[-32.44206,-3.84824],[-32.44175,-3.8491],[-32.4428,-3.84885]]],[[[-32.43585,-3.87467],[-32.43522,-3.87348],[-32.43411,-3.87446],[-32.43585,-3.87467]]],[[[-32.41936,-3.87227],[-32.42003,-3.87073],[-32.41721,-3.87202],[-32.41936,-3.87227]]],[[[-32.42148,-3.87144],[-32.42209,-3.87036],[-32.42112,-3.87106],[-32.42148,-3.87144]]],[[[-32.4127,-3.86861],[-32.41214,-3.86852],[-32.4119,-3.86884],[-32.4127,-3.86861]]],[[[-32.41378,-3.86696],[-32.41401,-3.86796],[-32.41452,-3.86768],[-32.41378,-3.86696]]],[[[-32.40155,-3.86051],[-32.40066,-3.85994],[-32.40067,-3.86081],[-32.40155,-3.86051]]],[[[-32.40059,-3.83397],[-32.39692,-3.85662],[-32.4259,-3.867],[-32.42288,-3.87235],[-32.44191,-3.87077],[-32.46756,-3.87703],[-32.44425,-3.85091],[-32.43593,-3.84859],[-32.40059,-3.83397]]],[[[-32.40422,-3.82821],[-32.4041,-3.82752],[-32.40389,-3.82824],[-32.40422,-3.82821]]],[[[-32.39481,-3.82526],[-32.39248,-3.82315],[-32.39231,-3.82474],[-32.39481,-3.82526]]],[[[-32.39519,-3.81926],[-32.39046,-3.81768],[-32.39182,-3.82116],[-32.39519,-3.81926]]],[[[-32.3885,-3.80689],[-32.3816,-3.81419],[-32.39435,-3.81254],[-32.3885,-3.80689]]]]}},{"type":"Feature","id":"cep2-54","properties":{"postal_code_id":"cep2-54","postal_codes":["54"],"first_digits":["5"],"states":["PE"]},"geometry":{"type":"Polygon","coordinates":[[[-34.99263,-8.36179],[-35.02439,-8.36355],[-35.04643,-8.34881],[-35.06699,-8.34976],[-35.10062,-8.32662],[-35.10822,-8.33405],[-35.14895,-8.29951],[-35.15174,-8.27919],[-35.20432,-8.29606],[-35.21047,-8.28753],[-35.23821,-8.29166],[-35.23701,-8.27387],[-35.25001,-8.27821],[-35.26489,-8.25568],[-35.25036,-8.18771],[-35.24233,-8.21125],[-35.22726,-8.20681],[-35.21505,-8.18697],[-35.22724,-8.13308],[-35.20931,-8.11991],[-35.19813,-8.0584],[-35.22225,-8.01889],[-35.1854,-7.99126],[-35.17916,-7.99549],[-35.16484,-7.97076],[-35.09898,-7.97246],[-35.01588,-7.92591],[-35.00011,-7.9292],[-35.00372,-7.95955],[-34.96207,-7.97409],[-34.96554,-8.01981],[-35.01669,-8.05581],[-34.97086,-8.08172],[-34.95355,-8.13863],[-34.91359,-8.14512],[-34.9088,-8.15515],[-34.91782,-8.21198],[-34.95211,-8.2977],[-34.94317,-8.30525],[-34.94386,-8.35856],[-34.95561,-8.35622],[-34.96092,-8.36667],[-34.98641,-8.35321],[-34.99263,-8.36179]]]}},{"type":"Feature","id":"cep2-55","properties":{"postal_code_id":"cep2-55","postal_codes":["55"],"first_digits":["5"],"states":["PE"]},"geometry":{"type":"MultiPolygon","coordinates":[[[[-36.76177,-9.27146],[-36.83604,-9.28863],[-36.86747,-9.26853],[-36.89795,-9.2812],[-36.92142,-9.30956],[-36.92227,-9.33976],[-36.93655,-9.34989],[-36.93044,-9.37004],[-36.94649,-9.38302],[-37.00336,-9.35261],[-37.02429,-9.31571],[-37.05534,-9.30745],[-37.05759,-9.31754],[-37.0572,-9.28179],[-37.09067,-9.24636],[-37.11648,-9.24093],[-37.12992,-9.26006],[-37.16433,-9.27571],[-37.15986,-9.23825],[-37.19832,-9.21548],[-37.16071,-9.14025],[-37.15559,-9.05355],[-37.07329,-8.94277],[-36.99313,-8.8966],[-36.97082,-8.71134],[-36.9886,-8.55732],[-37.00175,-8.5413],[-37.07172,-8.53428],[-37.02291,-8.4987],[-37.00744,-8.47416],[-37.00711,-8.44664],[-36.99138,-8.43605],[-36.9829,-8.45053],[-36.93552,-8.44808],[-36.9244,-8.46421],[-36.89687,-8.4419],[-36.9066,-8.44411],[-36.90285,-8.43795],[-36.9278,-8.42382],[-36.92836,-8.39254],[-36.90959,-8.25495],[-36.89595,-8.24082],[-36.80578,-8.19544],[-36.76157,-8.19629],[-36.75014,-8.1757],[-36.71578,-8.16732],[-36.72281,-8.15097],[-36.68704,-8.15568],[-36.69386,-8.14077],[-36.62861,-8.11105],[-36.65647,-8.07307],[-36.62882,-8.05706],[-36.62785,-7.98641],[-36.61188,-7.9479],[-36.57678,-7.95965],[-36.57171,-7.9045],[-36.53646,-7.90161],[-36.48014,-7.92476],[-36.4463,-7.91638],[-36.4297,-7.88656],[-36.43992,-7.8762],[-36.42906,-7.86704],[-36.42405,-7.81578],[-36.3134,-7.80643],[-36.27111,-7.83057],[-36.25329,-7.82995],[-36.24001,-7.81768],[-36.2542,-7.79639],[-36.21663,-7.7641],[-36.19787,-7.79038],[-36.06899,-7.78097],[-36.05618,-7.79916],[-36.04199,-7.79369],[-36.02159,-7.81024],[-35.99724,-7.81338],[-35.99104,-7.79987],[-35.98137,-7.80319],[-35.95903,-7.78726],[-35.89825,-7.78892],[-35.87212,-7.74954],[-35.78058,-7.73835],[-35.73655,-7.7096],[-35.71362,-7.70737],[-35.70677,-7.69577],[-35.69535,-7.69397],[-35.68411,-7.7078],[-35.6568,-7.69768],[-35.60787,-7.65341],[-35.53461,-7.65548],[-35.51558,-7.64408],[-35.53042,-7.62618],[-35.51519,-7.58502],[-35.53784,-7.58664],[-35.49493,-7.48391],[-35.45037,-7.45341],[-35.4344,-7.4708],[-35.41288,-7.47058],[-35.36835,-7.44063],[-35.35299,-7.44127],[-35.35263,-7.42416],[-35.33352,-7.42276],[-35.33502,-7.4068],[-35.30905,-7.40904],[-35.24859,-7.37478],[-35.19074,-7.39789],[-35.17206,-7.38804],[-35.10796,-7.40553],[-35.07052,-7.39876],[-34.98542,-7.46201],[-34.99018,-7.48888],[-34.96079,-7.53877],[-34.93268,-7.52852],[-34.91732,-7.54177],[-34.8999,-7.53743],[-34.89554,-7.54507],[-34.88874,-7.53591],[-34.86739,-7.54796],[-34.85802,-7.53795],[-34.83388,-7.54863],[-34.8315,-7.57565],[-34.80675,-7.62099],[-34.83465,-7.6841],[-34.85282,-7.69085],[-34.8624,-7.71152],[-34.88372,-7.71437],[-34.90477,-7.6833],[-34.93799,-7.70513],[-34.96197,-7.70832],[-34.98289,-7.73541],[-34.99914,-7.73125],[-35.0452,-7.74448],[-35.09813,-7.71518],[-35.13996,-7.79226],[-35.12203,-7.84948],[-35.09996,-7.88213],[-35.04878,-7.90919],[-35.02893,-7.93384],[-35.04634,-7.94823],[-35.07357,-7.95078],[-35.09898,-7.97246],[-35.16484,-7.97076],[-35.17916,-7.99549],[-35.1854,-7.99126],[-35.22225,-8.01889],[-35.2041,-8.0376],[-35.19758,-8.08143],[-35.20931,-8.11991],[-35.22724,-8.13308],[-35.21505,-8.18697],[-35.22726,-8.20681],[-35.24233,-8.21125],[-35.25036,-8.18771],[-35.26489,-8.25568],[-35.25001,-8.27821],[-35.23701,-8.27387],[-35.23821,-8.29166],[-35.21047,-8.28753],[-35.20432,-8.29606],[-35.15174,-8.27919],[-35.14895,-8.29951],[-35.10822,-8.33405],[-35.10062,-8.32662],[-35.08446,-8.3312],[-35.06699,-8.34976],[-35.04643,-8.34881],[-35.02439,-8.36355],[-34.99263,-8.36179],[-34.98641,-8.35321],[-34.96092,-8.36667],[-34.98009,-8.38088],[-34.96055,-8.39567],[-35.00244,-8.49718],[-35.00842,-8.5646],[-35.02264,-8.56104],[-35.03378,-8.57161],[-35.07077,-8.65031],[-35.07181,-8.67265],[-35.09033,-8.69498],[-35.07902,-8.70363],[-35.08606,-8.74671],[-35.13022,-8.8249],[-35.1302,-8.86231],[-35.15265,-8.91386],[-35.17123,-8.89056],[-35.25278,-8.88723],[-35.39999,-8.85031],[-35.40902,-8.83799],[-35.44948,-8.842],[-35.46676,-8.82826],[-35.4643,-8.81637],[-35.49576,-8.8283],[-35.51777,-8.81676],[-35.5328,-8.82708],[-35.53982,-8.82108],[-35.63213,-8.88128],[-35.66088,-8.88287],[-35.67121,-8.89663],[-35.7484,-8.91715],[-35.78298,-8.89754],[-35.77598,-8.85846],[-35.79508,-8.84769],[-35.845,-8.87248],[-35.86089,-8.8589],[-35.88881,-8.86262],[-35.8962,-8.85427],[-35.92428,-8.88463],[-35.94254,-8.8856],[-35.96355,-8.90241],[-36.06393,-8.91534],[-36.08228,-8.94094],[-36.12245,-8.95273],[-36.12849,-8.97714],[-36.10433,-8.99893],[-36.11149,-9.01767],[-36.15173,-9.04269],[-36.19573,-9.04479],[-36.23646,-9.10349],[-36.26684,-9.10238],[-36.25725,-9.14015],[-36.26707,-9.17158],[-36.27417,-9.1662],[-36.31232,-9.17992],[-36.33889,-9.20701],[-36.35141,-9.20136],[-36.34923,-9.21299],[-36.3657,-9.22263],[-36.40692,-9.22067],[-36.4153,-9.22967],[-36.43183,-9.21213],[-36.46252,-9.23925],[-36.48717,-9.2402],[-36.49134,-9.26241],[-36.57184,-9.29258],[-36.56658,-9.33144],[-36.60655,-9.34072],[-36.615,-9.32367],[-36.62486,-9.33183],[-36.64469,-9.31437],[-36.67042,-9.31324],[-36.76177,-9.27146]]],[[[-35.02,-8.61261],[-35.02569,-8.61348],[-35.02354,-8.60855],[-35.02,-8.61261]]],[[[-34.96455,-8.37226],[-34.95779,-8.38562],[-34.96601,-8.38741],[-34.96455,-8.37226]]]]}},{"type":"Feature","id":"cep2-56","properties":{"postal_code_id":"cep2-56","postal_codes":["56"],"first_digits":["5"],"states":["PE"]},"geometry":{"type":"Polygon","coordinates":[[[-40.74309,-9.40295],[-40.73729,-9.33687],[-40.75642,-9.31503],[-40.73944,-9.29659],[-40.72009,-9.3059],[-40.70869,-9.28688],[-40.68723,-9.27833],[-40.68048,-9.25769],[-40.68924,-9.25699],[-40.6945,-9.23346],[-40.66987,-9.18613],[-40.6674,-9.15906],[-40.68509,-9.13761],[-40.70989,-9.14088],[-40.7577,-9.11863],[-40.75678,-9.10498],[-40.8041,-9.09834],[-40.82101,-9.07989],[-40.83437,-9.01052],[-40.85211,-8.98047],[-40.85101,-8.95424],[-40.92134,-8.83543],[-40.94638,-8.845],[-40.97909,-8.82342],[-41.01987,-8.84403],[-41.03132,-8.83496],[-41.02487,-8.80872],[-41.03623,-8.78588],[-41.10335,-8.78044],[-41.12457,-8.75267],[-41.11371,-8.7038],[-41.1764,-8.71119],[-41.22527,-8.70467],[-41.27826,-8.73531],[-41.33435,-8.72766],[-41.35834,-8.70762],[-41.31766,-8.69815],[-41.28743,-8.66084],[-41.25132,-8.66161],[-41.21354,-8.64416],[-41.21229,-8.60182],[-41.16674,-8.58068],[-41.14949,-8.53392],[-41.12673,-8.54196],[-41.10838,-8.53073],[-41.09049,-8.51263],[-41.07655,-8.47249],[-41.04997,-8.4755],[-41.03899,-8.43183],[-41.00738,-8.42093],[-40.99995,-8.4003],[-40.97854,-8.39865],[-40.92685,-8.44634],[-40.90229,-8.4231],[-40.90779,-8.40137],[-40.88987,-8.38675],[-40.89163,-8.35609],[-40.87252,-8.35741],[-40.85859,-8.37961],[-40.8374,-8.38113],[-40.81921,-8.36091],[-40.8179,-8.32049],[-40.79279,-8.32003],[-40.78009,-8.29627],[-40.7829,-8.25413],[-40.73687,-8.22823],[-40.71106,-8.22506],[-40.70059,-8.20261],[-40.66781,-8.17534],[-40.66648,-8.16159],[-40.6452,-8.15808],[-40.63284,-8.1393],[-40.60132,-8.15017],[-40.5895,-8.1378],[-40.60387,-8.10369],[-40.54394,-7.96157],[-40.53812,-7.85694],[-40.55486,-7.81843],[-40.64517,-7.7868],[-40.67357,-7.76167],[-40.67348,-7.73937],[-40.6356,-7.69983],[-40.62183,-7.65832],[-40.63673,-7.60852],[-40.69408,-7.53872],[-40.71495,-7.48057],[-40.7012,-7.45636],[-40.6634,-7.44941],[-40.65232,-7.43334],[-40.54846,-7.39269],[-40.54151,-7.33227],[-40.52372,-7.31845],[-40.43359,-7.36718],[-40.39388,-7.36817],[-40.36098,-7.3556],[-40.32143,-7.30589],[-40.263,-7.30102],[-40.19568,-7.35815],[-40.12775,-7.38191],[-40.08745,-7.38309],[-40.00071,-7.37448],[-39.92634,-7.341],[-39.88943,-7.33973],[-39.8577,-7.32543],[-39.8287,-7.33237],[-39.74132,-7.32682],[-39.70619,-7.33776],[-39.65309,-7.37226],[-39.62662,-7.42704],[-39.57159,-7.42983],[-39.55283,-7.48066],[-39.53644,-7.48253],[-39.50236,-7.46415],[-39.46075,-7.47122],[-39.45568,-7.50186],[-39.4847,-7.53283],[-39.47346,-7.57286],[-39.43486,-7.57382],[-39.42054,-7.60329],[-39.37197,-7.61517],[-39.30689,-7.66509],[-39.27032,-7.6599],[-39.24747,-7.69065],[-39.25256,-7.70493],[-39.20834,-7.68948],[-39.171,-7.71524],[-39.13276,-7.72663],[-39.10635,-7.76023],[-39.09056,-7.8096],[-39.09299,-7.85756],[-39.05376,-7.8193],[-39.02521,-7.82338],[-39.01804,-7.81267],[-39.00141,-7.84013],[-38.96211,-7.84417],[-38.96494,-7.82983],[-38.9398,-7.79156],[-38.93958,-7.75877],[-38.91611,-7.75854],[-38.91558,-7.74449],[-38.8814,-7.74743],[-38.86974,-7.71154],[-38.82811,-7.71961],[-38.81502,-7.69739],[-38.81969,-7.66483],[-38.7428,-7.66032],[-38.73219,-7.63387],[-38.71511,-7.62192],[-38.68674,-7.63504],[-38.66994,-7.66048],[-38.64208,-7.67764],[-38.59363,-7.75435],[-38.57802,-7.74661],[-38.56393,-7.75669],[-38.49658,-7.75003],[-38.4958,-7.73881],[-38.46398,-7.73089],[-38.45708,-7.71811],[-38.40951,-7.73049],[-38.40393,-7.71444],[-38.38225,-7.70748],[-38.35498,-7.67843],[-38.34469,-7.695],[-38.32077,-7.69796],[-38.31203,-7.71631],[-38.31588,-7.72847],[-38.30216,-7.7452],[-38.31676,-7.76461],[-38.30334,-7.76208],[-38.2946,-7.77797],[-38.30252,-7.7915],[-38.28679,-7.83022],[-38.23857,-7.83073],[-38.16422,-7.77991],[-38.14376,-7.78341],[-38.12006,-7.81897],[-38.07707,-7.83058],[-38.06535,-7.81975],[-38.07574,-7.80538],[-38.06948,-7.77232],[-38.03958,-7.74812],[-38.00072,-7.77896],[-37.9706,-7.77758],[-37.92393,-7.71511],[-37.89433,-7.71363],[-37.90275,-7.69474],[-37.8806,-7.68365],[-37.85716,-7.65197],[-37.80984,-7.64375],[-37.80106,-7.62605],[-37.78583,-7.6258],[-37.76097,-7.66681],[-37.75065,-7.66289],[-37.74037,-7.63609],[-37.75585,-7.61952],[-37.72873,-7.57973],[-37.70657,-7.56947],[-37.70651,-7.55058],[-37.68215,-7.54838],[-37.65582,-7.52342],[-37.63038,-7.53251],[-37.60977,-7.50803],[-37.54259,-7.47829],[-37.48763,-7.38942],[-37.49604,-7.36482],[-37.42551,-7.35292],[-37.41547,-7.36172],[-37.38571,-7.35669],[-37.34938,-7.33512],[-37.35728,-7.32311],[-37.32822,-7.28806],[-37.23418,-7.27389],[-37.17692,-7.30955],[-37.16534,-7.3366],[-37.14494,-7.33505],[-37.13531,-7.34666],[-37.08562,-7.35826],[-37.06741,-7.38338],[-37.04999,-7.37759],[-37.02562,-7.38604],[-37.0137,-7.40379],[-37.02598,-7.42246],[-37.01451,-7.43037],[-37.02362,-7.43387],[-36.98423,-7.48226],[-37.11834,-7.53443],[-37.16357,-7.57471],[-37.19795,-7.6353],[-37.13894,-7.74552],[-37.15848,-7.79233],[-37.17067,-7.80023],[-37.19154,-7.79117],[-37.23056,-7.80674],[-37.24366,-7.819],[-37.22811,-7.82115],[-37.22209,-7.84225],[-37.24715,-7.8468],[-37.24409,-7.87385],[-37.28739,-7.90388],[-37.3157,-7.90756],[-37.30898,-7.93418],[-37.35022,-7.9486],[-37.35737,-7.97496],[-37.34029,-7.97968],[-37.29178,-7.96531],[-37.21959,-7.97279],[-37.20792,-7.95187],[-37.19268,-7.9606],[-37.19276,-7.98357],[-37.16042,-7.99715],[-37.14957,-8.02374],[-37.15809,-8.05122],[-37.14256,-8.11794],[-37.15861,-8.13887],[-37.151,-8.15004],[-37.16342,-8.15869],[-37.16023,-8.1704],[-37.11826,-8.17535],[-37.12291,-8.20907],[-37.10043,-8.23371],[-37.0809,-8.22189],[-37.06653,-8.233],[-37.08062,-8.24108],[-37.07572,-8.268],[-37.04028,-8.26618],[-37.02065,-8.28967],[-36.99116,-8.30295],[-36.9602,-8.30047],[-36.94703,-8.27737],[-36.90828,-8.25311],[-36.9278,-8.42382],[-36.90285,-8.43795],[-36.9066,-8.44411],[-36.89687,-8.4419],[-36.9244,-8.46421],[-36.93552,-8.44808],[-36.9829,-8.45053],[-36.99138,-8.43605],[-37.00711,-8.44664],[-37.00744,-8.47416],[-37.02291,-8.4987],[-37.07172,-8.53428],[-37.00175,-8.5413],[-36.9886,-8.55732],[-36.97082,-8.71134],[-36.99313,-8.8966],[-37.04696,-8.92099],[-37.09934,-8.97103],[-37.11603,-9.01056],[-37.15559,-9.05355],[-37.16071,-9.14025],[-37.18539,-9.20032],[-37.23434,-9.24018],[-37.22923,-9.22685],[-37.24708,-9.17902],[-37.28229,-9.14884],[-37.31745,-9.0924],[-37.3277,-9.09323],[-37.4165,-9.00656],[-37.49321,-8.99336],[-37.49709,-8.97204],[-37.52763,-8.96097],[-37.59575,-8.96881],[-37.63836,-9.0038],[-37.65809,-8.9858],[-37.68215,-8.99733],[-37.68707,-8.98774],[-37.69774,-8.99121],[-37.69983,-8.98406],[-37.67192,-8.9745],[-37.75536,-8.84636],[-37.82564,-8.88857],[-37.82036,-8.9087],[-37.83364,-8.92641],[-37.82623,-8.93272],[-37.8391,-8.97838],[-37.8796,-9.01541],[-37.88098,-9.04035],[-37.90654,-9.04295],[-37.9712,-9.12434],[-37.97856,-9.14766],[-38.0661,-9.17422],[-38.09229,-9.17272],[-38.14391,-9.2182],[-38.15738,-9.26262],[-38.17955,-9.29125],[-38.20308,-9.2969],[-38.23759,-9.32979],[-38.28751,-9.21713],[-38.28009,-9.20113],[-38.28871,-9.17213],[-38.31866,-9.141],[-38.3214,-9.11688],[-38.30459,-9.09679],[-38.32619,-9.08096],[-38.28968,-9.03633],[-38.32354,-8.99001],[-38.36244,-9.00094],[-38.40352,-9.03723],[-38.4491,-9.02636],[-38.48404,-9.00102],[-38.51981,-8.94758],[-38.51096,-8.92511],[-38.47329,-8.88955],[-38.46981,-8.86574],[-38.48081,-8.84933],[-38.54114,-8.82349],[-38.57043,-8.83037],[-38.60382,-8.88059],[-38.61028,-8.95733],[-38.63538,-8.98673],[-38.6576,-8.98248],[-38.68923,-8.9474],[-38.70654,-8.86226],[-38.79699,-8.79346],[-38.8681,-8.78387],[-38.95236,-8.80454],[-38.97743,-8.79309],[-38.98887,-8.77169],[-39.03355,-8.73631],[-39.14395,-8.71252],[-39.16748,-8.69254],[-39.181,-8.7063],[-39.22852,-8.71032],[-39.24549,-8.68411],[-39.24188,-8.63631],[-39.26341,-8.61522],[-39.28642,-8.56376],[-39.34514,-8.5585],[-39.37979,-8.53282],[-39.41604,-8.54213],[-39.43549,-8.5633],[-39.45211,-8.5632],[-39.47611,-8.59279],[-39.51861,-8.60391],[-39.59523,-8.65121],[-39.68884,-8.66085],[-39.6733,-8.7849],[-39.69513,-8.79957],[-39.74779,-8.79404],[-39.7888,-8.81911],[-39.81997,-8.81349],[-39.89296,-8.82879],[-39.90126,-8.86416],[-39.87942,-8.90191],[-39.87443,-8.93674],[-39.95803,-9.04859],[-39.99798,-9.06112],[-40.06556,-9.06307],[-40.12989,-9.1103],[-40.15972,-9.10787],[-40.2236,-9.05667],[-40.23898,-9.05437],[-40.26421,-9.07096],[-40.29333,-9.14674],[-40.28617,-9.18561],[-40.30221,-9.2517],[-40.33253,-9.31757],[-40.33375,-9.35054],[-40.3564,-9.37699],[-40.39128,-9.37217],[-40.41815,-9.35205],[-40.43079,-9.35669],[-40.46776,-9.42057],[-40.51073,-9.40718],[-40.5317,-9.41496],[-40.55576,-9.45794],[-40.62317,-9.4829],[-40.68132,-9.46722],[-40.72223,-9.44132],[-40.76716,-9.44541],[-40.76498,-9.41322],[-40.74309,-9.40295]]]}},{"type":"Feature","id":"cep2-57","properties":{"postal_code_id":"cep2-57","postal_codes":["57"],"first_digits":["5"],"states":["AL"]},"geometry":{"type":"MultiPolygon","coordinates":[[[[-37.24554,-9.89184],[-37.26088,-9.8507],[-37.28522,-9.83063],[-37.31879,-9.822],[-37.34662,-9.79118],[-37.47309,-9.74636],[-37.57242,-9.73862],[-37.65405,-9.68633],[-37.67827,-9.64878],[-37.71012,-9.63007],[-37.74699,-9.62492],[-37.78654,-9.63865],[-37.81825,-9.59289],[-37.83179,-9.59488],[-37.89414,-9.53953],[-37.91714,-9.54895],[-37.98933,-9.52736],[-38.00329,-9.51503],[-37.99795,-9.49928],[-38.01093,-9.47873],[-38.0687,-9.45639],[-38.07776,-9.44111],[-38.154,-9.44352],[-38.20501,-9.41672],[-38.19429,-9.38572],[-38.23759,-9.32979],[-38.20308,-9.2969],[-38.17955,-9.29125],[-38.15738,-9.26262],[-38.14391,-9.2182],[-38.09229,-9.17272],[-38.0661,-9.17422],[-37.97856,-9.14766],[-37.9712,-9.12434],[-37.90654,-9.04295],[-37.88098,-9.04035],[-37.8796,-9.01541],[-37.8391,-8.97838],[-37.82623,-8.93272],[-37.83364,-8.92641],[-37.82036,-8.9087],[-37.82564,-8.88857],[-37.77365,-8.85303],[-37.75536,-8.84636],[-37.67192,-8.9745],[-37.69983,-8.98406],[-37.69774,-8.99121],[-37.68707,-8.98774],[-37.68215,-8.99733],[-37.65809,-8.9858],[-37.63836,-9.0038],[-37.59575,-8.96881],[-37.52763,-8.96097],[-37.49709,-8.97204],[-37.49321,-8.99336],[-37.4165,-9.00656],[-37.3277,-9.09323],[-37.31745,-9.0924],[-37.28229,-9.14884],[-37.24708,-9.17902],[-37.22923,-9.22685],[-37.23434,-9.24018],[-37.19832,-9.21548],[-37.15986,-9.23825],[-37.16433,-9.27571],[-37.12992,-9.26006],[-37.11648,-9.24093],[-37.09067,-9.24636],[-37.0572,-9.28179],[-37.05759,-9.31754],[-37.05534,-9.30745],[-37.02429,-9.31571],[-37.00336,-9.35261],[-36.94649,-9.38302],[-36.93044,-9.37004],[-36.93655,-9.34989],[-36.92227,-9.33976],[-36.92679,-9.32721],[-36.91369,-9.29606],[-36.86747,-9.26853],[-36.83604,-9.28863],[-36.76177,-9.27146],[-36.67042,-9.31324],[-36.64469,-9.31437],[-36.62486,-9.33183],[-36.615,-9.32367],[-36.60655,-9.34072],[-36.56658,-9.33144],[-36.57184,-9.29258],[-36.49134,-9.26241],[-36.48717,-9.2402],[-36.46252,-9.23925],[-36.43183,-9.21213],[-36.4153,-9.22967],[-36.40692,-9.22067],[-36.3657,-9.22263],[-36.34923,-9.21299],[-36.35141,-9.20136],[-36.33889,-9.20701],[-36.31232,-9.17992],[-36.27417,-9.1662],[-36.26707,-9.17158],[-36.25725,-9.14015],[-36.26684,-9.10238],[-36.23646,-9.10349],[-36.19573,-9.04479],[-36.15173,-9.04269],[-36.11149,-9.01767],[-36.10433,-8.99893],[-36.12849,-8.97714],[-36.12245,-8.95273],[-36.08228,-8.94094],[-36.06393,-8.91534],[-35.96355,-8.90241],[-35.94254,-8.8856],[-35.92428,-8.88463],[-35.8962,-8.85427],[-35.88881,-8.86262],[-35.86089,-8.8589],[-35.845,-8.87248],[-35.79508,-8.84769],[-35.77598,-8.85846],[-35.78298,-8.89754],[-35.7484,-8.91715],[-35.67121,-8.89663],[-35.66088,-8.88287],[-35.63213,-8.88128],[-35.53982,-8.82108],[-35.5328,-8.82708],[-35.51777,-8.81676],[-35.49576,-8.8283],[-35.4643,-8.81637],[-35.46676,-8.82826],[-35.44948,-8.842],[-35.40902,-8.83799],[-35.39999,-8.85031],[-35.25278,-8.88723],[-35.17123,-8.89056],[-35.15598,-8.90277],[-35.18163,-8.97817],[-35.21672,-9.00821],[-35.24506,-9.07926],[-35.28469,-9.13205],[-35.29482,-9.17133],[-35.35411,-9.25521],[-35.41644,-9.32145],[-35.47249,-9.35803],[-35.4921,-9.38353],[-35.50002,-9.42166],[-35.58719,-9.51157],[-35.59283,-9.53077],[-35.6508,-9.56854],[-35.69091,-9.61988],[-35.69718,-9.66511],[-35.70834,-9.66508],[-35.72369,-9.68465],[-35.73303,-9.6712],[-35.7487,-9.67477],[-35.79563,-9.71732],[-35.80587,-9.71592],[-35.90249,-9.84673],[-35.90649,-9.87359],[-35.93793,-9.90243],[-36.04499,-10.07388],[-36.08527,-10.09179],[-36.13385,-10.1598],[-36.14295,-10.15536],[-36.16793,-10.17212],[-36.2761,-10.28028],[-36.30279,-10.33098],[-36.29403,-10.35278],[-36.38771,-10.49863],[-36.40357,-10.48698],[-36.43072,-10.42995],[-36.45151,-10.41367],[-36.4631,-10.40848],[-36.50193,-10.43113],[-36.53507,-10.43028],[-36.56203,-10.41565],[-36.55674,-10.37708],[-36.57183,-10.31615],[-36.62155,-10.25639],[-36.63857,-10.25196],[-36.65771,-10.26791],[-36.68367,-10.27075],[-36.7204,-10.26491],[-36.74888,-10.22819],[-36.79147,-10.22722],[-36.80144,-10.21311],[-36.82635,-10.21119],[-36.87142,-10.14651],[-36.91142,-10.13878],[-36.9457,-10.08736],[-36.95345,-10.02282],[-36.97329,-9.98436],[-36.9957,-9.97244],[-37.03309,-9.98758],[-37.06495,-9.9806],[-37.11202,-9.92778],[-37.16254,-9.89385],[-37.22625,-9.89772],[-37.24554,-9.89184]]],[[[-35.75839,-9.69364],[-35.76044,-9.69483],[-35.75837,-9.69331],[-35.75839,-9.69364]]]]}},{"type":"Feature","id":"cep2-58","properties":{"postal_code_id":"cep2-58","postal_codes":["58"],"first_digits":["5"],"states":["PB"]},"geometry":{"type":"MultiPolygon","coordinates":[[[[-38.29775,-7.81395],[-38.2946,-7.77797],[-38.30334,-7.76208],[-38.31676,-7.76461],[-38.30216,-7.7452],[-38.31588,-7.72847],[-38.31203,-7.71631],[-38.32077,-7.69796],[-38.34469,-7.695],[-38.35498,-7.67843],[-38.38225,-7.70748],[-38.40393,-7.71444],[-38.40951,-7.73049],[-38.45708,-7.71811],[-38.46398,-7.73089],[-38.4958,-7.73881],[-38.49658,-7.75003],[-38.56393,-7.75669],[-38.57802,-7.74661],[-38.59363,-7.75435],[-38.64208,-7.67764],[-38.66994,-7.66048],[-38.68674,-7.63504],[-38.71511,-7.62192],[-38.71102,-7.58663],[-38.65533,-7.56554],[-38.6548,-7.52333],[-38.6309,-7.48733],[-38.64492,-7.46002],[-38.60333,-7.45759],[-38.6058,-7.44457],[-38.5853,-7.43482],[-38.5845,-7.41635],[-38.59563,-7.41558],[-38.53459,-7.29379],[-38.55196,-7.24348],[-38.59766,-7.24419],[-38.61537,-7.23019],[-38.6248,-7.19132],[-38.6442,-7.18376],[-38.68783,-7.19016],[-38.67658,-7.1692],[-38.68519,-7.16134],[-38.67529,-7.15572],[-38.67788,-7.13267],[-38.65641,-7.09243],[-38.67724,-7.0671],[-38.66985,-7.0477],[-38.76482,-6.99408],[-38.74225,-6.97428],[-38.76402,-6.95237],[-38.75572,-6.94013],[-38.76503,-6.91049],[-38.67542,-6.86183],[-38.67293,-6.83614],[-38.63758,-6.8053],[-38.63909,-6.79286],[-38.61692,-6.7933],[-38.61393,-6.78244],[-38.65234,-6.75687],[-38.67315,-6.69722],[-38.64641,-6.66243],[-38.65526,-6.63048],[-38.62916,-6.60458],[-38.64297,-6.58213],[-38.60708,-6.52951],[-38.61611,-6.52815],[-38.61229,-6.51319],[-38.57041,-6.4702],[-38.55427,-6.43276],[-38.51886,-6.40573],[-38.5294,-6.39289],[-38.57197,-6.40411],[-38.6018,-6.39171],[-38.59247,-6.37825],[-38.57311,-6.37492],[-38.5771,-6.36424],[-38.54506,-6.35376],[-38.54501,-6.34459],[-38.50425,-6.35614],[-38.45839,-6.33021],[-38.48856,-6.36161],[-38.48506,-6.39942],[-38.45079,-6.39277],[-38.42705,-6.41377],[-38.40174,-6.40956],[-38.38453,-6.42222],[-38.37251,-6.45613],[-38.32844,-6.46066],[-38.31409,-6.48733],[-38.29751,-6.48721],[-38.28872,-6.50562],[-38.24172,-6.4808],[-38.20055,-6.48828],[-38.19173,-6.49859],[-38.14788,-6.49149],[-38.13323,-6.52001],[-38.1132,-6.52132],[-38.05145,-6.44241],[-38.03701,-6.45705],[-38.03742,-6.47523],[-38.02676,-6.47476],[-38.01273,-6.46827],[-38.0137,-6.42743],[-37.97106,-6.42243],[-37.96802,-6.40512],[-37.9554,-6.39821],[-37.94227,-6.42406],[-37.92605,-6.42114],[-37.88426,-6.39168],[-37.88758,-6.36414],[-37.85889,-6.37435],[-37.84153,-6.36303],[-37.83432,-6.34172],[-37.8432,-6.33309],[-37.81454,-6.31231],[-37.82403,-6.30603],[-37.81042,-6.29166],[-37.75808,-6.28659],[-37.77142,-6.27307],[-37.76174,-6.25287],[-37.77661,-6.24587],[-37.76142,-6.23955],[-37.77562,-6.23134],[-37.74237,-6.18898],[-37.709,-6.177],[-37.64671,-6.18939],[-37.56962,-6.15544],[-37.53999,-6.16593],[-37.53635,-6.15284],[-37.45895,-6.145],[-37.44569,-6.1122],[-37.39363,-6.10939],[-37.37878,-6.08513],[-37.35443,-6.08649],[-37.29557,-6.05009],[-37.27248,-6.0557],[-37.25647,-6.02847],[-37.23186,-6.02759],[-37.22269,-6.04215],[-37.17393,-6.04802],[-37.16698,-6.11036],[-37.1751,-6.14218],[-37.15692,-6.15249],[-37.17422,-6.1801],[-37.19352,-6.18425],[-37.20158,-6.2057],[-37.25153,-6.22646],[-37.27055,-6.25171],[-37.27314,-6.27997],[-37.32145,-6.28281],[-37.32819,-6.3032],[-37.36335,-6.32217],[-37.37733,-6.34439],[-37.37754,-6.36933],[-37.39612,-6.40114],[-37.39577,-6.42012],[-37.38125,-6.4371],[-37.39999,-6.51949],[-37.42119,-6.5333],[-37.46472,-6.53266],[-37.48236,-6.54771],[-37.47636,-6.6448],[-37.46619,-6.65996],[-37.4847,-6.71004],[-37.40733,-6.6972],[-37.34271,-6.70125],[-37.3143,-6.68897],[-37.28372,-6.69391],[-37.29017,-6.71304],[-37.26392,-6.73217],[-37.27395,-6.76679],[-37.2579,-6.77947],[-37.25514,-6.81106],[-37.2346,-6.82464],[-37.19266,-6.82614],[-37.15223,-6.79836],[-37.12766,-6.76556],[-37.06294,-6.751],[-37.00359,-6.70961],[-36.97762,-6.72186],[-36.96923,-6.7705],[-36.95266,-6.77515],[-36.95714,-6.79048],[-36.91022,-6.75693],[-36.83503,-6.73107],[-36.77273,-6.78707],[-36.76947,-6.83875],[-36.7302,-6.8364],[-36.76654,-6.93587],[-36.71855,-6.98273],[-36.68722,-6.92596],[-36.61146,-6.93766],[-36.56794,-6.8748],[-36.5698,-6.84801],[-36.54367,-6.8421],[-36.50549,-6.80882],[-36.50475,-6.75394],[-36.5442,-6.7312],[-36.55869,-6.70765],[-36.54742,-6.69515],[-36.52454,-6.59965],[-36.51381,-6.59439],[-36.49377,-6.60355],[-36.46052,-6.63439],[-36.43586,-6.62588],[-36.44439,-6.55832],[-36.47154,-6.54835],[-36.48153,-6.52063],[-36.52585,-6.50116],[-36.53097,-6.45207],[-36.49985,-6.35816],[-36.4326,-6.3631],[-36.39456,-6.29397],[-36.3626,-6.30998],[-36.30352,-6.28303],[-36.27987,-6.30886],[-36.27675,-6.34043],[-36.29634,-6.37041],[-36.29522,-6.39456],[-36.25116,-6.40442],[-36.24977,-6.43736],[-36.11019,-6.42918],[-36.08001,-6.40519],[-36.06105,-6.41091],[-36.03671,-6.44427],[-36.01682,-6.45203],[-36.00535,-6.48105],[-35.94418,-6.49301],[-35.77332,-6.48284],[-35.70717,-6.46954],[-35.68197,-6.44793],[-35.66016,-6.44528],[-35.60409,-6.45921],[-35.5648,-6.49178],[-35.5253,-6.4761],[-35.48321,-6.4864],[-35.46079,-6.47695],[-35.40776,-6.48958],[-35.36451,-6.51204],[-35.33077,-6.54434],[-35.27457,-6.54388],[-35.21823,-6.5186],[-35.20731,-6.54372],[-35.16885,-6.55826],[-35.14581,-6.55276],[-35.11255,-6.50512],[-35.09554,-6.49768],[-35.05773,-6.52779],[-35.02854,-6.50552],[-34.99207,-6.50149],[-34.96846,-6.4872],[-34.96308,-6.63109],[-34.95274,-6.67262],[-34.93079,-6.68818],[-34.92797,-6.74039],[-34.94047,-6.75397],[-34.91887,-6.77074],[-34.89871,-6.8659],[-34.87376,-6.89475],[-34.85394,-6.90061],[-34.86605,-6.93038],[-34.8556,-6.96056],[-34.87396,-6.98711],[-34.8706,-7.01134],[-34.85896,-7.02967],[-34.83821,-7.01172],[-34.84313,-6.96235],[-34.83006,-6.96623],[-34.82546,-7.00582],[-34.8424,-7.05598],[-34.83015,-7.07341],[-34.82148,-7.12979],[-34.79316,-7.15456],[-34.80583,-7.2445],[-34.79453,-7.33295],[-34.79981,-7.35978],[-34.79894,-7.36291],[-34.79736,-7.36598],[-34.81095,-7.45423],[-34.8039,-7.47127],[-34.82597,-7.55069],[-34.85802,-7.53795],[-34.86739,-7.54796],[-34.88874,-7.53591],[-34.89554,-7.54507],[-34.8999,-7.53743],[-34.91732,-7.54177],[-34.93268,-7.52852],[-34.96079,-7.53877],[-34.99018,-7.48888],[-34.98542,-7.46201],[-35.07052,-7.39876],[-35.10796,-7.40553],[-35.17206,-7.38804],[-35.19074,-7.39789],[-35.24859,-7.37478],[-35.30905,-7.40904],[-35.33502,-7.4068],[-35.33352,-7.42276],[-35.35263,-7.42416],[-35.35299,-7.44127],[-35.36835,-7.44063],[-35.41288,-7.47058],[-35.4344,-7.4708],[-35.45037,-7.45341],[-35.49493,-7.48391],[-35.53784,-7.58664],[-35.51519,-7.58502],[-35.53042,-7.62618],[-35.51558,-7.64408],[-35.53461,-7.65548],[-35.60787,-7.65341],[-35.6568,-7.69768],[-35.68411,-7.7078],[-35.69535,-7.69397],[-35.70677,-7.69577],[-35.71362,-7.70737],[-35.73655,-7.7096],[-35.78058,-7.73835],[-35.87212,-7.74954],[-35.89825,-7.78892],[-35.95903,-7.78726],[-35.98137,-7.80319],[-35.99104,-7.79987],[-35.99724,-7.81338],[-36.02159,-7.81024],[-36.04199,-7.79369],[-36.05618,-7.79916],[-36.06899,-7.78097],[-36.19787,-7.79038],[-36.21663,-7.7641],[-36.2542,-7.79639],[-36.24001,-7.81768],[-36.25329,-7.82995],[-36.27111,-7.83057],[-36.3134,-7.80643],[-36.42405,-7.81578],[-36.42906,-7.86704],[-36.43992,-7.8762],[-36.4297,-7.88656],[-36.4463,-7.91638],[-36.48014,-7.92476],[-36.55202,-7.89871],[-36.5782,-7.91525],[-36.57678,-7.95965],[-36.61188,-7.9479],[-36.62785,-7.98641],[-36.62882,-8.05706],[-36.65647,-8.07307],[-36.62861,-8.11105],[-36.69386,-8.14077],[-36.68704,-8.15568],[-36.72281,-8.15097],[-36.71578,-8.16732],[-36.75014,-8.1757],[-36.76157,-8.19629],[-36.80578,-8.19544],[-36.89595,-8.24082],[-36.923,-8.26983],[-36.94703,-8.27737],[-36.95454,-8.29921],[-36.99116,-8.30295],[-37.02065,-8.28967],[-37.04028,-8.26618],[-37.07572,-8.268],[-37.08062,-8.24108],[-37.06653,-8.233],[-37.0809,-8.22189],[-37.10043,-8.23371],[-37.12291,-8.20907],[-37.11826,-8.17535],[-37.16023,-8.1704],[-37.16342,-8.15869],[-37.151,-8.15004],[-37.15861,-8.13887],[-37.14256,-8.11794],[-37.15809,-8.05122],[-37.14957,-8.02374],[-37.16042,-7.99715],[-37.19276,-7.98357],[-37.19268,-7.9606],[-37.20792,-7.95187],[-37.21959,-7.97279],[-37.29178,-7.96531],[-37.34029,-7.97968],[-37.35737,-7.97496],[-37.35022,-7.9486],[-37.30898,-7.93418],[-37.3157,-7.90756],[-37.28739,-7.90388],[-37.24409,-7.87385],[-37.24715,-7.8468],[-37.22209,-7.84225],[-37.22811,-7.82115],[-37.24366,-7.819],[-37.19154,-7.79117],[-37.17067,-7.80023],[-37.15195,-7.77984],[-37.15703,-7.773],[-37.13894,-7.74552],[-37.19795,-7.6353],[-37.16357,-7.57471],[-37.11834,-7.53443],[-36.98423,-7.48226],[-37.02362,-7.43387],[-37.01451,-7.43037],[-37.02598,-7.42246],[-37.0137,-7.40379],[-37.02562,-7.38604],[-37.04999,-7.37759],[-37.06741,-7.38338],[-37.08562,-7.35826],[-37.13531,-7.34666],[-37.14494,-7.33505],[-37.16534,-7.3366],[-37.17692,-7.30955],[-37.23418,-7.27389],[-37.32822,-7.28806],[-37.35728,-7.32311],[-37.34938,-7.33512],[-37.38571,-7.35669],[-37.41547,-7.36172],[-37.42551,-7.35292],[-37.49604,-7.36482],[-37.48763,-7.38942],[-37.5274,-7.44838],[-37.52796,-7.46531],[-37.60977,-7.50803],[-37.63038,-7.53251],[-37.65582,-7.52342],[-37.68215,-7.54838],[-37.70651,-7.55058],[-37.70657,-7.56947],[-37.72873,-7.57973],[-37.75585,-7.61952],[-37.74037,-7.63609],[-37.75065,-7.66289],[-37.76097,-7.66681],[-37.78583,-7.6258],[-37.80106,-7.62605],[-37.80984,-7.64375],[-37.85716,-7.65197],[-37.8806,-7.68365],[-37.90275,-7.69474],[-37.89433,-7.71363],[-37.92393,-7.71511],[-37.9706,-7.77758],[-38.00072,-7.77896],[-38.03958,-7.74812],[-38.06948,-7.77232],[-38.07574,-7.80538],[-38.06535,-7.81975],[-38.07707,-7.83058],[-38.12006,-7.81897],[-38.14376,-7.78341],[-38.16422,-7.77991],[-38.23857,-7.83073],[-38.27545,-7.83424],[-38.29775,-7.81395]]],[[[-34.79816,-7.36298],[-34.798,-7.36278],[-34.79785,-7.36312],[-34.79816,-7.36298]]],[[[-34.79896,-7.36256],[-34.79894,-7.36237],[-34.79873,-7.36248],[-34.79896,-7.36256]]],[[[-34.79876,-7.36056],[-34.7989,-7.36067],[-34.79898,-7.36055],[-34.79876,-7.36056]]],[[[-34.79595,-7.349],[-34.79549,-7.34856],[-34.79559,-7.34979],[-34.79595,-7.349]]],[[[-34.79734,-7.34883],[-34.79763,-7.34873],[-34.79728,-7.34851],[-34.79734,-7.34883]]],[[[-34.85944,-7.01525],[-34.86627,-6.98158],[-34.84756,-6.98309],[-34.85944,-7.01525]]]]}},{"type":"Feature","id":"cep2-59","properties":{"postal_code_id":"cep2-59","postal_codes":["59"],"first_digits":["5"],"states":["RN"]},"geometry":{"type":"MultiPolygon","coordinates":[[[[-37.75808,-6.28659],[-37.81042,-6.29166],[-37.82403,-6.30603],[-37.81454,-6.31231],[-37.8432,-6.33309],[-37.83432,-6.34172],[-37.84153,-6.36303],[-37.85889,-6.37435],[-37.88758,-6.36414],[-37.88426,-6.39168],[-37.92605,-6.42114],[-37.94227,-6.42406],[-37.9554,-6.39821],[-37.96802,-6.40512],[-37.97106,-6.42243],[-38.0137,-6.42743],[-38.01273,-6.46827],[-38.03742,-6.47523],[-38.03701,-6.45705],[-38.05145,-6.44241],[-38.0954,-6.49359],[-38.09713,-6.50815],[-38.12021,-6.52238],[-38.13323,-6.52001],[-38.14788,-6.49149],[-38.19173,-6.49859],[-38.20055,-6.48828],[-38.24172,-6.4808],[-38.28872,-6.50562],[-38.29751,-6.48721],[-38.31409,-6.48733],[-38.32844,-6.46066],[-38.37251,-6.45613],[-38.38453,-6.42222],[-38.40174,-6.40956],[-38.42705,-6.41377],[-38.45079,-6.39277],[-38.48506,-6.39942],[-38.48856,-6.36161],[-38.45839,-6.33021],[-38.50425,-6.35614],[-38.53262,-6.34171],[-38.56251,-6.35565],[-38.57708,-6.34743],[-38.5821,-6.31927],[-38.56672,-6.30442],[-38.57955,-6.27963],[-38.52835,-6.23918],[-38.51971,-6.22304],[-38.52929,-6.21374],[-38.5272,-6.19338],[-38.50133,-6.19095],[-38.47549,-6.15704],[-38.46209,-6.11232],[-38.44077,-6.09687],[-38.44732,-6.08528],[-38.41319,-6.05832],[-38.38184,-6.05347],[-38.38546,-6.0624],[-38.36525,-6.08846],[-38.34736,-6.0807],[-38.34678,-6.06728],[-38.3065,-6.08703],[-38.25257,-6.0431],[-38.2445,-5.99946],[-38.202,-5.9621],[-38.16479,-5.94653],[-38.16544,-5.9321],[-38.12764,-5.89156],[-38.11436,-5.82226],[-38.07354,-5.77787],[-38.04701,-5.73026],[-38.07523,-5.72347],[-38.08717,-5.73052],[-38.08284,-5.67244],[-38.03668,-5.63949],[-38.01396,-5.5944],[-37.99833,-5.58532],[-37.99004,-5.5558],[-37.95062,-5.53661],[-37.9347,-5.50528],[-37.90225,-5.50066],[-37.88954,-5.45229],[-37.86048,-5.40669],[-37.85766,-5.35672],[-37.78643,-5.29689],[-37.79003,-5.21094],[-37.76496,-5.13962],[-37.73342,-5.10064],[-37.72509,-5.07062],[-37.67724,-5.05287],[-37.64034,-4.9264],[-37.25266,-4.83139],[-37.20965,-4.89536],[-37.1501,-4.94925],[-37.13856,-4.94795],[-37.14167,-4.93565],[-37.10389,-4.92238],[-37.03726,-4.94987],[-36.95997,-4.91863],[-36.91883,-4.94652],[-36.87851,-4.95059],[-36.78938,-5.04369],[-36.68866,-5.0883],[-36.6134,-5.09433],[-36.61103,-5.07855],[-36.54227,-5.08854],[-36.53444,-5.07116],[-36.50776,-5.06231],[-36.44923,-5.06644],[-36.37205,-5.0892],[-36.33159,-5.08704],[-36.30832,-5.10211],[-36.29009,-5.08772],[-36.16054,-5.09655],[-36.12896,-5.09239],[-36.03754,-5.05147],[-35.98097,-5.04172],[-35.88608,-5.06668],[-35.78656,-5.07506],[-35.63898,-5.11953],[-35.61706,-5.11398],[-35.48953,-5.15705],[-35.45895,-5.19703],[-35.41672,-5.22097],[-35.39548,-5.24596],[-35.37071,-5.28459],[-35.35487,-5.3548],[-35.33788,-5.37789],[-35.32186,-5.37688],[-35.30966,-5.39198],[-35.288,-5.46056],[-35.26068,-5.48062],[-35.24473,-5.55593],[-35.22828,-5.57505],[-35.21762,-5.67106],[-35.1922,-5.70059],[-35.20363,-5.74324],[-35.1793,-5.79885],[-35.17929,-5.86448],[-35.17128,-5.88029],[-35.15294,-5.88628],[-35.15297,-5.94702],[-35.11364,-5.98669],[-35.10611,-6.0123],[-35.09389,-6.18345],[-35.08267,-6.18881],[-35.07236,-6.22068],[-35.03598,-6.2354],[-35.0272,-6.35099],[-35.01188,-6.37015],[-34.99212,-6.37091],[-34.97485,-6.41962],[-34.96846,-6.4872],[-34.99207,-6.50149],[-35.02854,-6.50552],[-35.05773,-6.52779],[-35.09554,-6.49768],[-35.11255,-6.50512],[-35.14581,-6.55276],[-35.16885,-6.55826],[-35.20731,-6.54372],[-35.21823,-6.5186],[-35.27457,-6.54388],[-35.33077,-6.54434],[-35.36451,-6.51204],[-35.40776,-6.48958],[-35.46079,-6.47695],[-35.48321,-6.4864],[-35.5253,-6.4761],[-35.5648,-6.49178],[-35.60409,-6.45921],[-35.66016,-6.44528],[-35.68197,-6.44793],[-35.70717,-6.46954],[-35.77332,-6.48284],[-35.94418,-6.49301],[-36.00535,-6.48105],[-36.01682,-6.45203],[-36.03671,-6.44427],[-36.06105,-6.41091],[-36.08001,-6.40519],[-36.11019,-6.42918],[-36.24977,-6.43736],[-36.25116,-6.40442],[-36.29522,-6.39456],[-36.29634,-6.37041],[-36.27675,-6.34043],[-36.27987,-6.30886],[-36.30352,-6.28303],[-36.3626,-6.30998],[-36.39456,-6.29397],[-36.4326,-6.3631],[-36.49985,-6.35816],[-36.53097,-6.45207],[-36.52585,-6.50116],[-36.48153,-6.52063],[-36.47154,-6.54835],[-36.44439,-6.55832],[-36.43586,-6.62588],[-36.46052,-6.63439],[-36.49377,-6.60355],[-36.51381,-6.59439],[-36.52454,-6.59965],[-36.54742,-6.69515],[-36.55869,-6.70765],[-36.5442,-6.7312],[-36.50475,-6.75394],[-36.50549,-6.80882],[-36.54367,-6.8421],[-36.5698,-6.84801],[-36.56794,-6.8748],[-36.61146,-6.93766],[-36.68722,-6.92596],[-36.71855,-6.98273],[-36.76654,-6.93587],[-36.7302,-6.8364],[-36.76947,-6.83875],[-36.77273,-6.78707],[-36.83503,-6.73107],[-36.91022,-6.75693],[-36.95714,-6.79048],[-36.95266,-6.77515],[-36.96923,-6.7705],[-36.97762,-6.72186],[-37.00359,-6.70961],[-37.06294,-6.751],[-37.12766,-6.76556],[-37.15223,-6.79836],[-37.19266,-6.82614],[-37.2346,-6.82464],[-37.25514,-6.81106],[-37.2579,-6.77947],[-37.27395,-6.76679],[-37.26392,-6.73217],[-37.29017,-6.71304],[-37.28372,-6.69391],[-37.3143,-6.68897],[-37.34271,-6.70125],[-37.40733,-6.6972],[-37.4847,-6.71004],[-37.46619,-6.65996],[-37.47636,-6.6448],[-37.48236,-6.54771],[-37.46472,-6.53266],[-37.42119,-6.5333],[-37.39999,-6.51949],[-37.38125,-6.4371],[-37.39577,-6.42012],[-37.39612,-6.40114],[-37.36335,-6.32217],[-37.32819,-6.3032],[-37.32145,-6.28281],[-37.27314,-6.27997],[-37.27055,-6.25171],[-37.25153,-6.22646],[-37.20158,-6.2057],[-37.19352,-6.18425],[-37.16568,-6.17037],[-37.15692,-6.15249],[-37.1751,-6.14218],[-37.16698,-6.11036],[-37.17393,-6.04802],[-37.22269,-6.04215],[-37.23186,-6.02759],[-37.25061,-6.02591],[-37.27248,-6.0557],[-37.29557,-6.05009],[-37.35443,-6.08649],[-37.37878,-6.08513],[-37.39363,-6.10939],[-37.44569,-6.1122],[-37.45895,-6.145],[-37.53635,-6.15284],[-37.53999,-6.16593],[-37.56962,-6.15544],[-37.64671,-6.18939],[-37.709,-6.177],[-37.74237,-6.18898],[-37.77562,-6.23134],[-37.76142,-6.23955],[-37.77661,-6.24587],[-37.76174,-6.25287],[-37.77142,-6.27307],[-37.75808,-6.28659]]],[[[-37.04575,-4.81668],[-37.04483,-4.81636],[-37.04412,-4.81854],[-37.04575,-4.81668]]]]}},{"type":"Feature","id":"cep2-60","properties":{"postal_code_id":"cep2-60","postal_codes":["60"],"first_digits":["6"],"states":["CE"]},"geometry":{"type":"Polygon","coordinates":[[[-38.53585,-4.04135],[-38.51861,-4.01801],[-38.50188,-3.88818],[-38.51406,-3.8946],[-38.53116,-3.87937],[-38.51895,-3.86461],[-38.5876,-3.83891],[-38.6379,-3.8014],[-38.60064,-3.74733],[-38.62127,-3.7024],[-38.59424,-3.70251],[-38.58667,-3.69203],[-38.49585,-3.72503],[-38.46384,-3.70724],[-38.43582,-3.77057],[-38.36032,-3.88486],[-38.30354,-3.93598],[-38.27286,-3.94468],[-38.22329,-4.00715],[-38.23228,-4.02359],[-38.25326,-4.02869],[-38.31333,-4.01101],[-38.32073,-4.0308],[-38.33583,-4.03065],[-38.37251,-4.07846],[-38.50397,-4.06008],[-38.53585,-4.04135]]]}},{"type":"Feature","id":"cep2-61","properties":{"postal_code_id":"cep2-61","postal_codes":["61"],"first_digits":["6"],"states":["CE"]},"geometry":{"type":"Polygon","coordinates":[[[-38.55754,-4.11917],[-38.62351,-4.16567],[-38.67309,-4.16089],[-38.71752,-4.18718],[-38.71918,-4.16832],[-38.75672,-4.15723],[-38.77562,-4.16247],[-38.78882,-4.14217],[-38.7818,-4.13051],[-38.75501,-4.12828],[-38.7485,-4.09297],[-38.7607,-4.07241],[-38.76992,-4.09522],[-38.83449,-4.07264],[-38.84071,-4.10413],[-38.86575,-4.12009],[-38.88812,-4.10317],[-38.90823,-4.10357],[-38.91928,-4.11907],[-38.93113,-4.10335],[-38.95885,-4.09657],[-38.9566,-4.07282],[-38.98416,-4.04439],[-39.00355,-3.99177],[-38.94347,-3.94467],[-38.96245,-3.92321],[-38.96837,-3.89699],[-38.98038,-3.89406],[-38.98571,-3.8596],[-38.99964,-3.8453],[-38.97847,-3.77874],[-38.95709,-3.76835],[-38.95169,-3.72349],[-38.96151,-3.71198],[-38.9402,-3.68323],[-38.92087,-3.6846],[-38.91835,-3.66665],[-38.88163,-3.68542],[-38.83189,-3.57076],[-38.80656,-3.54864],[-38.74832,-3.61689],[-38.69559,-3.64371],[-38.6524,-3.68216],[-38.58758,-3.69641],[-38.62127,-3.7024],[-38.60064,-3.74733],[-38.6379,-3.8014],[-38.5876,-3.83891],[-38.51895,-3.86461],[-38.53116,-3.87937],[-38.51406,-3.8946],[-38.50188,-3.88818],[-38.51861,-4.01801],[-38.53922,-4.04956],[-38.53599,-4.07925],[-38.55754,-4.11917]]]}},{"type":"Feature","id":"cep2-62","properties":{"postal_code_id":"cep2-62","postal_codes":["62"],"first_digits":["6"],"states":["CE"]},"geometry":{"type":"Polygon","coordinates":[[[-40.65148,-4.98623],[-40.71546,-4.94632],[-41.05062,-5.02625],[-41.12167,-5.02602],[-41.13723,-4.98553],[-41.15092,-4.99211],[-41.18901,-4.94062],[-41.19855,-4.93745],[-41.20199,-4.94904],[-41.22044,-4.93897],[-41.23407,-4.90839],[-41.2281,-4.89099],[-41.24957,-4.86969],[-41.23945,-4.85454],[-41.24318,-4.82833],[-41.20808,-4.78028],[-41.25034,-4.75663],[-41.17501,-4.66534],[-41.22933,-4.62009],[-41.22203,-4.57781],[-41.23982,-4.57354],[-41.22153,-4.56747],[-41.19078,-4.51553],[-41.17713,-4.44127],[-41.15969,-4.41055],[-41.16183,-4.38729],[-41.12017,-4.33057],[-41.1359,-4.23351],[-41.09089,-4.17033],[-41.11833,-4.16522],[-41.14211,-4.12565],[-41.12198,-4.07222],[-41.12716,-4.06139],[-41.11287,-4.04174],[-41.16881,-4.03307],[-41.18292,-4.01797],[-41.25673,-4.03484],[-41.23952,-4.01688],[-41.24924,-3.98987],[-41.22024,-3.94151],[-41.22891,-3.91173],[-41.26694,-3.86267],[-41.27686,-3.82562],[-41.30081,-3.8263],[-41.25412,-3.77504],[-41.26126,-3.74622],[-41.23929,-3.71278],[-41.34175,-3.68077],[-41.33132,-3.62468],[-41.34395,-3.59046],[-41.37125,-3.56779],[-41.33687,-3.55389],[-41.32059,-3.49786],[-41.30303,-3.49218],[-41.31974,-3.48409],[-41.32405,-3.38592],[-41.34679,-3.38553],[-41.38699,-3.4093],[-41.39909,-3.36359],[-41.42331,-3.36442],[-41.32217,-3.17864],[-41.32718,-3.15921],[-41.28506,-3.10151],[-41.25577,-3.08758],[-41.2609,-3.05384],[-41.24813,-3.02589],[-41.27069,-2.97175],[-41.30271,-2.96725],[-41.32177,-2.95173],[-41.32268,-2.92132],[-41.27116,-2.88719],[-41.11467,-2.88599],[-41.10171,-2.90095],[-41.10858,-2.89073],[-41.01606,-2.89226],[-40.86312,-2.85624],[-40.84389,-2.88541],[-40.76038,-2.84881],[-40.59012,-2.84636],[-40.59528,-2.83854],[-40.5424,-2.82214],[-40.52081,-2.79251],[-40.49796,-2.78432],[-40.40873,-2.81324],[-40.18533,-2.81168],[-40.14378,-2.84018],[-40.12623,-2.82354],[-40.03881,-2.84195],[-39.99463,-2.83955],[-39.88871,-2.88376],[-39.72097,-2.99694],[-39.68743,-2.99662],[-39.66058,-3.0211],[-39.61983,-3.02598],[-39.59214,-3.06942],[-39.55065,-3.07923],[-39.46269,-3.1438],[-39.43637,-3.14838],[-39.37925,-3.18332],[-39.35335,-3.17431],[-39.29269,-3.21514],[-39.257,-3.21952],[-39.22773,-3.24081],[-39.1564,-3.33532],[-39.11274,-3.34711],[-39.0742,-3.40139],[-39.04875,-3.41257],[-38.99205,-3.39915],[-38.93681,-3.45354],[-38.90729,-3.5054],[-38.89224,-3.50566],[-38.85216,-3.54084],[-38.80656,-3.54864],[-38.83189,-3.57076],[-38.88163,-3.68542],[-38.91835,-3.66665],[-38.92087,-3.6846],[-38.9402,-3.68323],[-38.96151,-3.71198],[-38.95169,-3.72349],[-38.95709,-3.76835],[-38.97847,-3.77874],[-38.98339,-3.81614],[-38.99934,-3.83539],[-38.98038,-3.89406],[-38.96837,-3.89699],[-38.96245,-3.92321],[-38.94347,-3.94467],[-39.00355,-3.99177],[-38.98416,-4.04439],[-38.9566,-4.07282],[-38.95885,-4.09657],[-38.93113,-4.10335],[-38.91928,-4.11907],[-38.90823,-4.10357],[-38.88812,-4.10317],[-38.86575,-4.12009],[-38.84071,-4.10413],[-38.83449,-4.07264],[-38.76992,-4.09522],[-38.7607,-4.07241],[-38.7485,-4.09297],[-38.75501,-4.12828],[-38.7818,-4.13051],[-38.78882,-4.14217],[-38.77562,-4.16247],[-38.75672,-4.15723],[-38.71918,-4.16832],[-38.71752,-4.18718],[-38.67309,-4.16089],[-38.62351,-4.16567],[-38.60395,-4.14506],[-38.57106,-4.13236],[-38.53599,-4.07925],[-38.53585,-4.04135],[-38.50397,-4.06008],[-38.37251,-4.07846],[-38.33583,-4.03065],[-38.32073,-4.0308],[-38.31333,-4.01101],[-38.25326,-4.02869],[-38.23228,-4.02359],[-38.22329,-4.00715],[-38.11489,-4.14914],[-38.01112,-4.24952],[-37.85417,-4.3795],[-37.77054,-4.4011],[-37.76948,-4.42639],[-37.75425,-4.43709],[-37.71289,-4.51528],[-37.60311,-4.6173],[-37.54058,-4.64468],[-37.49468,-4.62866],[-37.47856,-4.64634],[-37.32591,-4.70027],[-37.28158,-4.75169],[-37.25266,-4.83139],[-37.64034,-4.9264],[-37.67724,-5.05287],[-37.72509,-5.07062],[-37.73342,-5.10064],[-37.76496,-5.13962],[-37.79003,-5.21094],[-37.78643,-5.29689],[-37.85766,-5.35672],[-37.86048,-5.40669],[-37.88954,-5.45229],[-37.90225,-5.50066],[-37.9347,-5.50528],[-37.95062,-5.53661],[-37.99004,-5.5558],[-37.99833,-5.58532],[-38.01396,-5.5944],[-38.03668,-5.63949],[-38.08284,-5.67244],[-38.08717,-5.73052],[-38.07523,-5.72347],[-38.04701,-5.73026],[-38.07354,-5.77787],[-38.11436,-5.82226],[-38.12252,-5.88174],[-38.1593,-5.92458],[-38.25912,-5.92053],[-38.27508,-5.89186],[-38.33254,-5.91876],[-38.375,-5.91003],[-38.40265,-5.91713],[-38.40762,-5.899],[-38.41945,-5.89881],[-38.41766,-5.88152],[-38.43678,-5.88534],[-38.45691,-5.87118],[-38.48341,-5.88376],[-38.46286,-5.7807],[-38.48843,-5.77083],[-38.46004,-5.7103],[-38.45169,-5.71068],[-38.45871,-5.67846],[-38.43291,-5.62702],[-38.43746,-5.54526],[-38.45936,-5.50038],[-38.4327,-5.47745],[-38.42801,-5.44786],[-38.43975,-5.42558],[-38.42609,-5.41485],[-38.41288,-5.37428],[-38.51715,-5.44259],[-38.71525,-5.26834],[-38.6917,-5.22727],[-38.67726,-5.22729],[-38.61244,-5.1505],[-38.62512,-5.06661],[-38.63569,-5.05211],[-38.6592,-5.04554],[-38.6859,-5.05491],[-38.6777,-5.00541],[-38.64738,-4.97992],[-38.64754,-4.93755],[-38.63858,-4.92751],[-38.64563,-4.89593],[-38.66683,-4.86939],[-38.58859,-4.81176],[-38.57817,-4.7972],[-38.57916,-4.77069],[-38.53579,-4.75468],[-38.51944,-4.73345],[-38.53375,-4.70337],[-38.52889,-4.68059],[-38.57357,-4.66954],[-38.63623,-4.69935],[-38.63325,-4.68858],[-38.65465,-4.68139],[-38.66358,-4.66076],[-38.67023,-4.6666],[-38.68917,-4.65199],[-38.70036,-4.61225],[-38.78287,-4.63122],[-38.81367,-4.67147],[-38.85822,-4.66701],[-38.8744,-4.67949],[-38.88296,-4.70821],[-38.90506,-4.71304],[-38.90138,-4.71989],[-38.92333,-4.7391],[-38.94376,-4.74079],[-38.96519,-4.70408],[-38.94925,-4.68257],[-38.95315,-4.66411],[-38.97807,-4.66787],[-38.99407,-4.64659],[-39.00766,-4.65038],[-39.02516,-4.63986],[-39.04801,-4.6399],[-39.06396,-4.65394],[-39.07787,-4.63903],[-39.11212,-4.6433],[-39.1192,-4.62561],[-39.16008,-4.63552],[-39.17996,-4.65528],[-39.20204,-4.64576],[-39.23043,-4.65292],[-39.2379,-4.64366],[-39.28224,-4.65153],[-39.30487,-4.70743],[-39.36324,-4.73863],[-39.37127,-4.71734],[-39.51011,-4.72473],[-39.57565,-4.74876],[-39.62887,-4.73142],[-39.72624,-4.7495],[-39.73745,-4.73591],[-39.72581,-4.71994],[-39.72942,-4.6959],[-39.74258,-4.71956],[-39.80678,-4.7078],[-39.7904,-4.75379],[-39.82376,-4.73002],[-39.85593,-4.73631],[-39.88491,-4.79018],[-39.91587,-4.78848],[-39.92858,-4.77454],[-39.92616,-4.73489],[-40.0595,-4.71681],[-40.11989,-4.74803],[-40.1361,-4.81293],[-40.18478,-4.78617],[-40.21017,-4.79252],[-40.26171,-4.77672],[-40.31432,-4.72733],[-40.30341,-4.71877],[-40.31525,-4.70812],[-40.30929,-4.69104],[-40.32154,-4.68974],[-40.34226,-4.65527],[-40.31646,-4.63616],[-40.31884,-4.62263],[-40.29689,-4.60603],[-40.29347,-4.58883],[-40.30092,-4.57848],[-40.34586,-4.58069],[-40.38129,-4.54884],[-40.44616,-4.73246],[-40.52426,-4.84788],[-40.54003,-4.84288],[-40.54114,-4.91533],[-40.63557,-4.92475],[-40.65148,-4.98623]]]}},{"type":"Feature","id":"cep2-63","properties":{"postal_code_id":"cep2-63","postal_codes":["63"],"first_digits":["6"],"states":["CE"]},"geometry":{"type":"Polygon","coordinates":[[[-39.74132,-7.32682],[-39.8287,-7.33237],[-39.8577,-7.32543],[-39.88943,-7.33973],[-39.92634,-7.341],[-40.00071,-7.37448],[-40.08745,-7.38309],[-40.12775,-7.38191],[-40.19568,-7.35815],[-40.263,-7.30102],[-40.32143,-7.30589],[-40.36098,-7.3556],[-40.39388,-7.36817],[-40.43359,-7.36718],[-40.52372,-7.31845],[-40.51163,-7.29943],[-40.51356,-7.2397],[-40.48437,-7.1332],[-40.48974,-7.11869],[-40.42772,-7.03388],[-40.43839,-7.01822],[-40.40625,-7.00533],[-40.42865,-6.99613],[-40.42852,-6.86425],[-40.37051,-6.80316],[-40.38879,-6.797],[-40.43217,-6.81298],[-40.47693,-6.73283],[-40.60221,-6.71601],[-40.65131,-6.67819],[-40.71781,-6.67141],[-40.73224,-6.65359],[-40.722,-6.61768],[-40.74022,-6.5775],[-40.78767,-6.52378],[-40.80515,-6.39313],[-40.78109,-6.35166],[-40.78286,-6.31337],[-40.85222,-6.22422],[-40.84905,-6.12343],[-40.87285,-6.05663],[-40.9022,-6.0492],[-40.90802,-6.03628],[-40.87359,-5.97305],[-40.88022,-5.91767],[-40.89752,-5.9013],[-40.91395,-5.72497],[-40.93877,-5.67334],[-40.91473,-5.65994],[-40.90227,-5.60796],[-40.93645,-5.52639],[-40.92916,-5.48333],[-40.9161,-5.46833],[-40.9438,-5.42359],[-40.91155,-5.40738],[-40.9361,-5.36597],[-40.91212,-5.3142],[-40.92691,-5.29697],[-40.92424,-5.27484],[-40.91171,-5.26665],[-40.94223,-5.24047],[-40.92203,-5.22645],[-40.932,-5.20126],[-40.92529,-5.1821],[-40.96197,-5.15126],[-40.98445,-5.15132],[-41.03282,-5.09269],[-41.0504,-5.10226],[-41.08013,-5.09109],[-41.09657,-5.05367],[-41.13202,-5.04857],[-41.12167,-5.02602],[-41.05062,-5.02625],[-40.71546,-4.94632],[-40.65148,-4.98623],[-40.63557,-4.92475],[-40.54114,-4.91533],[-40.54003,-4.84288],[-40.52426,-4.84788],[-40.44616,-4.73246],[-40.38129,-4.54884],[-40.34586,-4.58069],[-40.30092,-4.57848],[-40.29347,-4.58883],[-40.29689,-4.60603],[-40.31884,-4.62263],[-40.31646,-4.63616],[-40.34226,-4.65527],[-40.32154,-4.68974],[-40.30929,-4.69104],[-40.31525,-4.70812],[-40.30341,-4.71877],[-40.31432,-4.72733],[-40.26171,-4.77672],[-40.21017,-4.79252],[-40.18478,-4.78617],[-40.1361,-4.81293],[-40.11989,-4.74803],[-40.0595,-4.71681],[-39.92616,-4.73489],[-39.92858,-4.77454],[-39.91587,-4.78848],[-39.88491,-4.79018],[-39.85593,-4.73631],[-39.82376,-4.73002],[-39.7904,-4.75379],[-39.80678,-4.7078],[-39.74258,-4.71956],[-39.72942,-4.6959],[-39.72581,-4.71994],[-39.73745,-4.73591],[-39.72624,-4.7495],[-39.62887,-4.73142],[-39.57565,-4.74876],[-39.51011,-4.72473],[-39.37127,-4.71734],[-39.36324,-4.73863],[-39.30487,-4.70743],[-39.28224,-4.65153],[-39.2379,-4.64366],[-39.23043,-4.65292],[-39.20204,-4.64576],[-39.17996,-4.65528],[-39.16008,-4.63552],[-39.1192,-4.62561],[-39.11212,-4.6433],[-39.07787,-4.63903],[-39.06396,-4.65394],[-39.04801,-4.6399],[-39.02516,-4.63986],[-39.00766,-4.65038],[-38.99407,-4.64659],[-38.97807,-4.66787],[-38.95315,-4.66411],[-38.94925,-4.68257],[-38.96519,-4.70408],[-38.94376,-4.74079],[-38.92333,-4.7391],[-38.90138,-4.71989],[-38.90506,-4.71304],[-38.88296,-4.70821],[-38.8744,-4.67949],[-38.85822,-4.66701],[-38.81367,-4.67147],[-38.78287,-4.63122],[-38.70775,-4.6108],[-38.68917,-4.65199],[-38.67023,-4.6666],[-38.66358,-4.66076],[-38.65465,-4.68139],[-38.63325,-4.68858],[-38.63623,-4.69935],[-38.57357,-4.66954],[-38.52889,-4.68059],[-38.53375,-4.70337],[-38.51944,-4.73345],[-38.53579,-4.75468],[-38.57916,-4.77069],[-38.57817,-4.7972],[-38.58859,-4.81176],[-38.66683,-4.86939],[-38.64563,-4.89593],[-38.63858,-4.92751],[-38.64754,-4.93755],[-38.64738,-4.97992],[-38.6777,-5.00541],[-38.6859,-5.05491],[-38.6592,-5.04554],[-38.63569,-5.05211],[-38.62512,-5.06661],[-38.61244,-5.1505],[-38.67726,-5.22729],[-38.6917,-5.22727],[-38.71525,-5.26834],[-38.51715,-5.44259],[-38.41288,-5.37428],[-38.42609,-5.41485],[-38.43975,-5.42558],[-38.42801,-5.44786],[-38.4327,-5.47745],[-38.45936,-5.50038],[-38.43746,-5.54526],[-38.43291,-5.62702],[-38.45871,-5.67846],[-38.45169,-5.71068],[-38.46004,-5.7103],[-38.48843,-5.77083],[-38.46286,-5.7807],[-38.47932,-5.88862],[-38.45691,-5.87118],[-38.43678,-5.88534],[-38.41766,-5.88152],[-38.41945,-5.89881],[-38.40762,-5.899],[-38.40265,-5.91713],[-38.375,-5.91003],[-38.33254,-5.91876],[-38.27508,-5.89186],[-38.25912,-5.92053],[-38.1593,-5.92458],[-38.16479,-5.94653],[-38.202,-5.9621],[-38.2445,-5.99946],[-38.25257,-6.0431],[-38.2749,-6.0658],[-38.3065,-6.08703],[-38.34678,-6.06728],[-38.34736,-6.0807],[-38.36525,-6.08846],[-38.38546,-6.0624],[-38.38184,-6.05347],[-38.41319,-6.05832],[-38.44732,-6.08528],[-38.44077,-6.09687],[-38.46209,-6.11232],[-38.47549,-6.15704],[-38.50133,-6.19095],[-38.5272,-6.19338],[-38.52929,-6.21374],[-38.51971,-6.22304],[-38.52835,-6.23918],[-38.57955,-6.27963],[-38.56672,-6.30442],[-38.5821,-6.31927],[-38.57708,-6.34743],[-38.56251,-6.35565],[-38.5771,-6.36424],[-38.57311,-6.37492],[-38.59247,-6.37825],[-38.6018,-6.39171],[-38.57197,-6.40411],[-38.5294,-6.39289],[-38.51886,-6.40573],[-38.55427,-6.43276],[-38.57041,-6.4702],[-38.61229,-6.51319],[-38.61611,-6.52815],[-38.60708,-6.52951],[-38.64297,-6.58213],[-38.62916,-6.60458],[-38.65526,-6.63048],[-38.64641,-6.66243],[-38.67315,-6.69722],[-38.65234,-6.75687],[-38.61393,-6.78244],[-38.61692,-6.7933],[-38.63909,-6.79286],[-38.63758,-6.8053],[-38.67293,-6.83614],[-38.67542,-6.86183],[-38.76503,-6.91049],[-38.75572,-6.94013],[-38.76402,-6.95237],[-38.74225,-6.97428],[-38.76482,-6.99408],[-38.66985,-7.0477],[-38.67724,-7.0671],[-38.65641,-7.09243],[-38.67788,-7.13267],[-38.67529,-7.15572],[-38.68519,-7.16134],[-38.67658,-7.1692],[-38.68783,-7.19016],[-38.6442,-7.18376],[-38.6248,-7.19132],[-38.61537,-7.23019],[-38.58308,-7.24838],[-38.55888,-7.23942],[-38.5521,-7.26356],[-38.54284,-7.26565],[-38.53459,-7.29379],[-38.59563,-7.41558],[-38.5845,-7.41635],[-38.5853,-7.43482],[-38.6058,-7.44457],[-38.60333,-7.45759],[-38.64492,-7.46002],[-38.6309,-7.48733],[-38.6548,-7.52333],[-38.65533,-7.56554],[-38.71102,-7.58663],[-38.71511,-7.62192],[-38.73219,-7.63387],[-38.7428,-7.66032],[-38.81969,-7.66483],[-38.81502,-7.69739],[-38.82811,-7.71961],[-38.86974,-7.71154],[-38.8814,-7.74743],[-38.91558,-7.74449],[-38.91611,-7.75854],[-38.93958,-7.75877],[-38.9398,-7.79156],[-38.96494,-7.82983],[-38.96211,-7.84417],[-39.00141,-7.84013],[-39.01804,-7.81267],[-39.02521,-7.82338],[-39.05376,-7.8193],[-39.09299,-7.85756],[-39.09056,-7.8096],[-39.10635,-7.76023],[-39.13276,-7.72663],[-39.171,-7.71524],[-39.20834,-7.68948],[-39.25256,-7.70493],[-39.24747,-7.69065],[-39.27032,-7.6599],[-39.30689,-7.66509],[-39.37197,-7.61517],[-39.42054,-7.60329],[-39.43486,-7.57382],[-39.47346,-7.57286],[-39.4847,-7.53283],[-39.45568,-7.50186],[-39.46075,-7.47122],[-39.50236,-7.46415],[-39.53644,-7.48253],[-39.55283,-7.48066],[-39.57159,-7.42983],[-39.62662,-7.42704],[-39.65309,-7.37226],[-39.74132,-7.32682]]]}},{"type":"Feature","id":"cep2-64","properties":{"postal_code_id":"cep2-64","postal_codes":["64"],"first_digits":["6"],"states":["PI"]},"geometry":{"type":"Polygon","coordinates":[[[-44.97299,-10.89229],[-45.0166,-10.8846],[-45.07324,-10.84042],[-45.10654,-10.84647],[-45.20513,-10.83293],[-45.21797,-10.8289],[-45.21922,-10.81738],[-45.24597,-10.82248],[-45.26847,-10.77623],[-45.32971,-10.75556],[-45.35822,-10.73221],[-45.38522,-10.65163],[-45.43243,-10.63056],[-45.44616,-10.56232],[-45.43905,-10.52229],[-45.44741,-10.50936],[-45.40027,-10.46307],[-45.39599,-10.44503],[-45.4245,-10.42649],[-45.43032,-10.35946],[-45.51436,-10.28984],[-45.52619,-10.23693],[-45.56731,-10.20148],[-45.56746,-10.13952],[-45.59323,-10.1103],[-45.64748,-10.12683],[-45.69018,-10.1554],[-45.72348,-10.15541],[-45.73519,-10.1801],[-45.72726,-10.20338],[-45.73385,-10.2286],[-45.79374,-10.26767],[-45.87076,-10.25003],[-45.89673,-10.26429],[-45.91563,-10.31266],[-45.88717,-10.34046],[-45.91094,-10.37109],[-45.97111,-10.35894],[-45.99987,-10.29668],[-46.02821,-10.2771],[-46.01242,-10.2507],[-46.00297,-10.26176],[-45.99625,-10.25031],[-45.97395,-10.24837],[-45.94627,-10.25855],[-45.95607,-10.22108],[-45.94562,-10.19644],[-45.90002,-10.15277],[-45.87854,-10.1103],[-45.86994,-10.06929],[-45.88011,-10.06101],[-45.84252,-9.93947],[-45.86443,-9.86147],[-45.82142,-9.77313],[-45.82872,-9.7044],[-45.83857,-9.69632],[-45.81978,-9.62444],[-45.83658,-9.60236],[-45.84193,-9.56289],[-45.81154,-9.50401],[-45.78352,-9.48001],[-45.79913,-9.41816],[-45.8286,-9.37361],[-45.84758,-9.35622],[-45.86409,-9.35899],[-45.89368,-9.34262],[-45.90764,-9.29779],[-45.89732,-9.28959],[-45.90062,-9.17862],[-45.92757,-9.13969],[-45.92322,-9.08999],[-45.93312,-9.08562],[-45.94364,-9.01577],[-45.99136,-8.94938],[-45.99509,-8.92699],[-45.97966,-8.90367],[-45.98374,-8.89027],[-45.96734,-8.87636],[-45.97202,-8.8624],[-45.95789,-8.84004],[-45.94935,-8.8449],[-45.94702,-8.82978],[-45.95978,-8.81552],[-45.93689,-8.78016],[-45.90574,-8.75842],[-45.89334,-8.76291],[-45.89032,-8.74055],[-45.86441,-8.73047],[-45.86423,-8.71552],[-45.84083,-8.71577],[-45.81278,-8.6573],[-45.82202,-8.64784],[-45.81599,-8.63275],[-45.79559,-8.61294],[-45.76696,-8.61028],[-45.7948,-8.5918],[-45.7939,-8.58266],[-45.76148,-8.56006],[-45.75709,-8.52694],[-45.73868,-8.50066],[-45.74682,-8.49687],[-45.74536,-8.45268],[-45.73067,-8.42842],[-45.73492,-8.41857],[-45.69304,-8.3609],[-45.66363,-8.25053],[-45.60953,-8.20508],[-45.61508,-8.19123],[-45.58373,-8.15694],[-45.58756,-8.12934],[-45.57652,-8.1141],[-45.58572,-8.10279],[-45.56334,-8.04415],[-45.57732,-8.02988],[-45.56578,-8.01561],[-45.55158,-8.01543],[-45.56833,-7.99508],[-45.54754,-7.968],[-45.55647,-7.95369],[-45.54448,-7.92008],[-45.53183,-7.92259],[-45.52442,-7.90726],[-45.54184,-7.89849],[-45.52084,-7.88727],[-45.5383,-7.86165],[-45.52587,-7.85729],[-45.50138,-7.78648],[-45.4904,-7.78736],[-45.48445,-7.76282],[-45.49568,-7.74707],[-45.48169,-7.74765],[-45.48286,-7.71654],[-45.46948,-7.71409],[-45.47008,-7.6899],[-45.4512,-7.68816],[-45.46025,-7.67373],[-45.43751,-7.67805],[-45.43253,-7.66154],[-45.3983,-7.63932],[-45.39547,-7.61452],[-45.37218,-7.61838],[-45.33468,-7.57766],[-45.2854,-7.56642],[-45.26171,-7.57118],[-45.23063,-7.54947],[-45.21523,-7.56703],[-45.15469,-7.5128],[-45.13867,-7.52242],[-45.0856,-7.50231],[-45.0496,-7.51318],[-44.98533,-7.48102],[-44.92836,-7.47198],[-44.89936,-7.42485],[-44.86797,-7.4216],[-44.84704,-7.38577],[-44.8206,-7.37562],[-44.81734,-7.36149],[-44.78035,-7.37852],[-44.74198,-7.3617],[-44.73045,-7.39028],[-44.69037,-7.39577],[-44.66532,-7.33508],[-44.61587,-7.30867],[-44.56534,-7.22869],[-44.53512,-7.22731],[-44.50524,-7.18676],[-44.38606,-7.12092],[-44.30275,-7.11437],[-44.27578,-7.07451],[-44.27832,-7.03819],[-44.26089,-6.99966],[-44.23595,-6.99871],[-44.20817,-6.96995],[-44.20082,-6.93294],[-44.1737,-6.92009],[-44.17135,-6.88498],[-44.14063,-6.86522],[-44.12512,-6.83559],[-44.1044,-6.85655],[-44.09871,-6.83994],[-44.11628,-6.80579],[-44.08887,-6.8033],[-44.0697,-6.82138],[-44.05337,-6.76831],[-43.95676,-6.74315],[-43.93047,-6.77105],[-43.91379,-6.75266],[-43.87822,-6.7568],[-43.85376,-6.73561],[-43.80819,-6.72027],[-43.79982,-6.70531],[-43.77484,-6.71494],[-43.76074,-6.70244],[-43.71499,-6.69873],[-43.69666,-6.70969],[-43.65175,-6.71266],[-43.58438,-6.75748],[-43.56166,-6.74812],[-43.54022,-6.79007],[-43.5084,-6.79883],[-43.48343,-6.83303],[-43.45459,-6.846],[-43.446,-6.83866],[-43.41913,-6.84401],[-43.39117,-6.83425],[-43.38753,-6.81719],[-43.36646,-6.81996],[-43.34387,-6.79766],[-43.27126,-6.79257],[-43.2479,-6.76768],[-43.17827,-6.76734],[-43.14759,-6.78369],[-43.10122,-6.76797],[-43.0872,-6.7508],[-43.01106,-6.76001],[-42.91871,-6.66885],[-42.90772,-6.60592],[-42.88714,-6.57777],[-42.8867,-6.53383],[-42.874,-6.51869],[-42.88641,-6.50461],[-42.86555,-6.48218],[-42.87727,-6.41692],[-42.85445,-6.38254],[-42.85152,-6.3586],[-42.82934,-6.3406],[-42.83554,-6.32498],[-42.85978,-6.32995],[-42.84731,-6.27818],[-42.86154,-6.23912],[-42.96991,-6.17733],[-42.98213,-6.12807],[-43.04913,-6.10159],[-43.07459,-6.05742],[-43.07618,-6.04274],[-43.04922,-6.01393],[-43.04756,-5.99734],[-43.08421,-5.95734],[-43.08695,-5.91914],[-43.09926,-5.90155],[-43.07512,-5.86499],[-43.09604,-5.82504],[-43.09042,-5.80783],[-43.10117,-5.75863],[-43.09416,-5.74224],[-43.07581,-5.73549],[-43.08856,-5.6716],[-43.07996,-5.64899],[-43.09765,-5.62671],[-43.082,-5.59951],[-43.03322,-5.59207],[-42.99533,-5.50829],[-42.97353,-5.48451],[-42.96836,-5.45352],[-42.93068,-5.43917],[-42.91074,-5.39588],[-42.88664,-5.3919],[-42.82531,-5.34636],[-42.81224,-5.28238],[-42.82948,-5.23926],[-42.79899,-5.18968],[-42.81727,-5.10174],[-42.8354,-5.07397],[-42.8632,-4.96812],[-42.85392,-4.93726],[-42.8848,-4.906],[-42.89741,-4.84261],[-42.93865,-4.80921],[-42.94979,-4.76909],[-42.92623,-4.75068],[-42.92086,-4.73208],[-42.95238,-4.67982],[-42.91617,-4.65143],[-42.87297,-4.58169],[-42.86652,-4.5663],[-42.87485,-4.53878],[-42.85011,-4.49804],[-42.8536,-4.47432],[-42.87727,-4.46167],[-42.87157,-4.42814],[-42.88001,-4.41587],[-42.92721,-4.38517],[-42.96288,-4.37611],[-42.96533,-4.32213],[-42.98477,-4.28354],[-42.98643,-4.22048],[-42.93259,-4.15693],[-42.8901,-4.15508],[-42.90047,-4.11737],[-42.86975,-4.1041],[-42.83525,-4.01929],[-42.81658,-3.99317],[-42.79627,-3.99412],[-42.7813,-3.95456],[-42.72501,-3.90747],[-42.71475,-3.8634],[-42.67146,-3.79163],[-42.68404,-3.76522],[-42.67068,-3.74394],[-42.68348,-3.6945],[-42.67508,-3.67265],[-42.61883,-3.62066],[-42.61004,-3.58595],[-42.5683,-3.57048],[-42.53024,-3.51143],[-42.52697,-3.48563],[-42.50764,-3.47308],[-42.50332,-3.45061],[-42.48613,-3.44624],[-42.48634,-3.47806],[-42.46126,-3.4846],[-42.42476,-3.45341],[-42.39992,-3.47475],[-42.38899,-3.44908],[-42.35585,-3.45066],[-42.3337,-3.43445],[-42.29247,-3.4534],[-42.24708,-3.43256],[-42.20173,-3.43134],[-42.19474,-3.39939],[-42.15067,-3.38661],[-42.14622,-3.35627],[-42.1258,-3.34642],[-42.1268,-3.31527],[-42.09938,-3.31531],[-42.10108,-3.29204],[-42.12966,-3.28237],[-42.12365,-3.2668],[-42.06897,-3.26436],[-42.04099,-3.24712],[-42.01278,-3.24807],[-41.95434,-3.17682],[-41.93556,-3.18355],[-41.94075,-3.16264],[-41.92476,-3.13805],[-41.92492,-3.11305],[-41.82285,-3.01794],[-41.79673,-2.96062],[-41.86604,-2.86997],[-41.84513,-2.81394],[-41.84752,-2.77558],[-41.82601,-2.75727],[-41.79444,-2.74994],[-41.75143,-2.80064],[-41.72961,-2.80303],[-41.59439,-2.90417],[-41.55578,-2.89865],[-41.5103,-2.91154],[-41.47836,-2.89602],[-41.42096,-2.90979],[-41.39788,-2.90409],[-41.34035,-2.92744],[-41.32268,-2.92132],[-41.31551,-2.96159],[-41.27069,-2.97175],[-41.24813,-3.02589],[-41.2609,-3.05384],[-41.25577,-3.08758],[-41.28506,-3.10151],[-41.32718,-3.15921],[-41.32217,-3.17864],[-41.42331,-3.36442],[-41.39909,-3.36359],[-41.38699,-3.4093],[-41.34679,-3.38553],[-41.32405,-3.38592],[-41.31974,-3.48409],[-41.30303,-3.49218],[-41.32059,-3.49786],[-41.33687,-3.55389],[-41.37125,-3.56779],[-41.34395,-3.59046],[-41.33132,-3.62468],[-41.34175,-3.68077],[-41.23929,-3.71278],[-41.26126,-3.74622],[-41.25412,-3.77504],[-41.30081,-3.8263],[-41.27686,-3.82562],[-41.26694,-3.86267],[-41.22891,-3.91173],[-41.22024,-3.94151],[-41.24924,-3.98987],[-41.23952,-4.01688],[-41.25673,-4.03484],[-41.18292,-4.01797],[-41.16881,-4.03307],[-41.11287,-4.04174],[-41.12716,-4.06139],[-41.12198,-4.07222],[-41.14211,-4.12565],[-41.11833,-4.16522],[-41.09089,-4.17033],[-41.1359,-4.23351],[-41.12017,-4.33057],[-41.16183,-4.38729],[-41.15969,-4.41055],[-41.17713,-4.44127],[-41.19078,-4.51553],[-41.22153,-4.56747],[-41.23982,-4.57354],[-41.22203,-4.57781],[-41.22933,-4.62009],[-41.17501,-4.66534],[-41.25034,-4.75663],[-41.20808,-4.78028],[-41.24318,-4.82833],[-41.23945,-4.85454],[-41.24957,-4.86969],[-41.2281,-4.89099],[-41.23407,-4.90839],[-41.22044,-4.93897],[-41.20199,-4.94904],[-41.19855,-4.93745],[-41.18901,-4.94062],[-41.15092,-4.99211],[-41.13723,-4.98553],[-41.12167,-5.02602],[-41.13202,-5.04857],[-41.09657,-5.05367],[-41.08013,-5.09109],[-41.0504,-5.10226],[-41.03282,-5.09269],[-40.98445,-5.15132],[-40.96197,-5.15126],[-40.92529,-5.1821],[-40.932,-5.20126],[-40.92203,-5.22645],[-40.94223,-5.24047],[-40.91171,-5.26665],[-40.92424,-5.27484],[-40.92691,-5.29697],[-40.91212,-5.3142],[-40.9361,-5.36597],[-40.91155,-5.40738],[-40.9438,-5.42359],[-40.9161,-5.46833],[-40.92916,-5.48333],[-40.93645,-5.52639],[-40.90227,-5.60796],[-40.91473,-5.65994],[-40.93877,-5.67334],[-40.91395,-5.72497],[-40.89752,-5.9013],[-40.88022,-5.91767],[-40.87359,-5.97305],[-40.90802,-6.03628],[-40.9022,-6.0492],[-40.87285,-6.05663],[-40.84905,-6.12343],[-40.85222,-6.22422],[-40.78286,-6.31337],[-40.78109,-6.35166],[-40.80515,-6.39313],[-40.79212,-6.51286],[-40.75429,-6.55467],[-40.722,-6.61768],[-40.73224,-6.65359],[-40.71018,-6.67613],[-40.65131,-6.67819],[-40.60221,-6.71601],[-40.47693,-6.73283],[-40.43217,-6.81298],[-40.38879,-6.797],[-40.37051,-6.80316],[-40.42852,-6.86425],[-40.42865,-6.99613],[-40.40625,-7.00533],[-40.43839,-7.01822],[-40.42772,-7.03388],[-40.48974,-7.11869],[-40.48437,-7.1332],[-40.51356,-7.2397],[-40.51163,-7.29943],[-40.54151,-7.33227],[-40.54846,-7.39269],[-40.65232,-7.43334],[-40.6634,-7.44941],[-40.7012,-7.45636],[-40.71495,-7.48057],[-40.69408,-7.53872],[-40.63673,-7.60852],[-40.62183,-7.65832],[-40.6356,-7.69983],[-40.67348,-7.73937],[-40.67357,-7.76167],[-40.64517,-7.7868],[-40.55486,-7.81843],[-40.53812,-7.85694],[-40.54394,-7.96157],[-40.60387,-8.10369],[-40.5895,-8.1378],[-40.60132,-8.15017],[-40.63284,-8.1393],[-40.6452,-8.15808],[-40.66648,-8.16159],[-40.66781,-8.17534],[-40.70059,-8.20261],[-40.71106,-8.22506],[-40.73687,-8.22823],[-40.7829,-8.25413],[-40.78009,-8.29627],[-40.79279,-8.32003],[-40.8179,-8.32049],[-40.81921,-8.36091],[-40.8374,-8.38113],[-40.85859,-8.37961],[-40.87252,-8.35741],[-40.89163,-8.35609],[-40.88987,-8.38675],[-40.90779,-8.40137],[-40.90229,-8.4231],[-40.92685,-8.44634],[-40.97854,-8.39865],[-40.99995,-8.4003],[-41.00738,-8.42093],[-41.03899,-8.43183],[-41.04997,-8.4755],[-41.07655,-8.47249],[-41.09049,-8.51263],[-41.10838,-8.53073],[-41.12673,-8.54196],[-41.14949,-8.53392],[-41.16674,-8.58068],[-41.21229,-8.60182],[-41.21354,-8.64416],[-41.25132,-8.66161],[-41.28743,-8.66084],[-41.33692,-8.70836],[-41.38125,-8.70727],[-41.42427,-8.80256],[-41.43468,-8.7991],[-41.47218,-8.84311],[-41.48784,-8.8439],[-41.51057,-8.87623],[-41.50744,-8.89244],[-41.54141,-8.93356],[-41.54452,-8.96055],[-41.56527,-8.97032],[-41.57006,-8.95503],[-41.60579,-8.9574],[-41.6241,-8.98167],[-41.6694,-8.99008],[-41.67335,-9.00779],[-41.7236,-9.01354],[-41.73266,-9.08773],[-41.80007,-9.14803],[-41.83797,-9.24227],[-41.87052,-9.23743],[-41.91386,-9.27708],[-41.97227,-9.24864],[-41.99991,-9.26597],[-42.01869,-9.25052],[-42.06922,-9.25754],[-42.09504,-9.27856],[-42.13453,-9.28721],[-42.23846,-9.28577],[-42.26891,-9.31045],[-42.31608,-9.31661],[-42.35705,-9.35256],[-42.36467,-9.38209],[-42.41849,-9.40936],[-42.43535,-9.45096],[-42.45431,-9.46223],[-42.48154,-9.45886],[-42.49309,-9.4949],[-42.59036,-9.49835],[-42.61959,-9.53931],[-42.66725,-9.54812],[-42.71988,-9.53069],[-42.71619,-9.55437],[-42.75775,-9.58928],[-42.76996,-9.61918],[-42.82055,-9.61923],[-42.83714,-9.55037],[-42.87672,-9.56162],[-42.90402,-9.52675],[-42.9438,-9.52077],[-42.95948,-9.47967],[-42.95867,-9.42839],[-42.98786,-9.40134],[-43.05779,-9.41853],[-43.05931,-9.39695],[-43.08289,-9.39733],[-43.12188,-9.37295],[-43.132,-9.38692],[-43.16152,-9.37925],[-43.17315,-9.41011],[-43.19386,-9.42072],[-43.20937,-9.40028],[-43.26667,-9.41191],[-43.27395,-9.42355],[-43.3242,-9.3767],[-43.36132,-9.36441],[-43.42275,-9.27761],[-43.46904,-9.26081],[-43.53113,-9.30419],[-43.57903,-9.32039],[-43.62163,-9.37154],[-43.67113,-9.40848],[-43.76973,-9.44205],[-43.81631,-9.49196],[-43.84969,-9.54805],[-43.84265,-9.61267],[-43.83398,-9.61793],[-43.84195,-9.63743],[-43.79955,-9.69249],[-43.78492,-9.76238],[-43.66485,-9.82365],[-43.65248,-9.84357],[-43.7082,-9.91983],[-43.69284,-9.92553],[-43.6969,-9.97409],[-43.66517,-9.99103],[-43.66213,-10.00954],[-43.66948,-10.03076],[-43.69028,-10.04464],[-43.69291,-10.0774],[-43.76603,-10.08006],[-43.77909,-10.18047],[-43.83727,-10.25007],[-43.83692,-10.30221],[-43.91479,-10.38415],[-43.91623,-10.42672],[-43.93673,-10.43613],[-43.97693,-10.43138],[-44.00771,-10.40534],[-44.02777,-10.41247],[-44.03576,-10.44471],[-44.02584,-10.47547],[-44.05101,-10.50624],[-44.07211,-10.57993],[-44.11062,-10.5972],[-44.13926,-10.63988],[-44.16554,-10.6429],[-44.20865,-10.61532],[-44.24516,-10.62777],[-44.26666,-10.62315],[-44.31455,-10.55736],[-44.34438,-10.54967],[-44.40517,-10.60963],[-44.45175,-10.60664],[-44.48036,-10.64152],[-44.5146,-10.65112],[-44.54681,-10.63013],[-44.57778,-10.62677],[-44.627,-10.67558],[-44.66421,-10.67985],[-44.66678,-10.75888],[-44.68069,-10.76792],[-44.71457,-10.76173],[-44.75745,-10.78766],[-44.7585,-10.80347],[-44.78806,-10.80852],[-44.81032,-10.84658],[-44.80833,-10.86615],[-44.84715,-10.90109],[-44.8638,-10.88523],[-44.93122,-10.92876],[-44.97299,-10.89229]],[[-43.72972,-8.59877],[-43.76828,-8.58399],[-43.77776,-8.58471],[-43.72972,-8.59877]],[[-43.71696,-8.59548],[-43.70991,-8.59878],[-43.72629,-8.59828],[-43.71696,-8.59548]],[[-43.70991,-8.59878],[-43.69871,-8.60081],[-43.68344,-8.59912],[-43.70991,-8.59878]],[[-41.74526,-4.59044],[-41.74867,-4.59064],[-41.72943,-4.58978],[-41.74526,-4.59044]],[[-41.61567,-3.29049],[-41.62556,-3.29537],[-41.61558,-3.29358],[-41.61567,-3.29049]],[[-41.80343,-3.10093],[-41.7804,-3.11519],[-41.77984,-3.11553],[-41.80343,-3.10093]]]}},{"type":"Feature","id":"cep2-65","properties":{"postal_code_id":"cep2-65","postal_codes":["65"],"first_digits":["6"],"states":["MA"]},"geometry":{"type":"MultiPolygon","coordinates":[[[[-46.09283,-10.2099],[-46.16898,-10.21138],[-46.21087,-10.16973],[-46.26829,-10.18121],[-46.31308,-10.17282],[-46.32478,-10.18319],[-46.36789,-10.16881],[-46.38397,-10.12014],[-46.42069,-10.08088],[-46.4452,-10.07739],[-46.45708,-10.01802],[-46.47731,-9.98985],[-46.46572,-9.93706],[-46.4779,-9.92496],[-46.4729,-9.87744],[-46.49165,-9.87007],[-46.48033,-9.85526],[-46.49714,-9.84368],[-46.49451,-9.82622],[-46.51287,-9.7975],[-46.53578,-9.80862],[-46.57701,-9.80518],[-46.56934,-9.76972],[-46.57678,-9.75691],[-46.59614,-9.74725],[-46.63223,-9.74888],[-46.64742,-9.73035],[-46.65334,-9.69344],[-46.61306,-9.66581],[-46.59239,-9.5872],[-46.53917,-9.56014],[-46.57453,-9.52068],[-46.56098,-9.48403],[-46.59266,-9.48346],[-46.60048,-9.47046],[-46.64001,-9.45772],[-46.64792,-9.42714],[-46.63278,-9.41159],[-46.66598,-9.39192],[-46.72331,-9.39636],[-46.74104,-9.41202],[-46.76337,-9.40895],[-46.75867,-9.38122],[-46.76831,-9.3655],[-46.79917,-9.33884],[-46.81875,-9.30344],[-46.83531,-9.30822],[-46.84706,-9.29242],[-46.81915,-9.25743],[-46.82889,-9.24009],[-46.81961,-9.21162],[-46.82781,-9.19427],[-46.85071,-9.19184],[-46.85242,-9.15445],[-46.88928,-9.1423],[-46.89597,-9.12254],[-46.90673,-9.13549],[-46.9318,-9.12807],[-46.9291,-9.08334],[-46.91215,-9.08272],[-46.92162,-9.06681],[-47.00042,-9.08148],[-47.01362,-9.07808],[-47.01021,-9.0703],[-47.02356,-9.07605],[-47.06873,-9.06387],[-47.04348,-9.02655],[-47.0685,-9.01202],[-47.02093,-8.98773],[-47.01828,-8.95294],[-46.99356,-8.94364],[-46.99528,-8.93057],[-46.98392,-8.9319],[-46.97029,-8.91449],[-46.99292,-8.87889],[-46.97811,-8.86777],[-46.94973,-8.87015],[-46.91345,-8.84783],[-46.90423,-8.77856],[-46.93128,-8.72675],[-46.91404,-8.72244],[-46.91437,-8.70858],[-46.88695,-8.68649],[-46.88917,-8.66979],[-46.91639,-8.64841],[-46.89773,-8.60102],[-46.9164,-8.59578],[-46.90318,-8.59324],[-46.89048,-8.57068],[-46.87876,-8.57252],[-46.87545,-8.5553],[-46.86284,-8.55909],[-46.84612,-8.53399],[-46.85225,-8.48105],[-46.83233,-8.46495],[-46.81553,-8.47036],[-46.79656,-8.44663],[-46.80675,-8.40238],[-46.78573,-8.39537],[-46.79193,-8.38805],[-46.78243,-8.36808],[-46.73437,-8.38539],[-46.71164,-8.35484],[-46.68086,-8.33702],[-46.63319,-8.31831],[-46.617,-8.3264],[-46.55837,-8.32237],[-46.51889,-8.29153],[-46.50772,-8.26964],[-46.50956,-8.23904],[-46.48858,-8.20681],[-46.49168,-8.19256],[-46.51081,-8.18149],[-46.51307,-8.16299],[-46.46586,-8.06897],[-46.4851,-7.99764],[-46.50121,-7.97321],[-46.5497,-7.95112],[-46.57754,-7.91155],[-46.60855,-7.89302],[-46.65056,-7.90965],[-46.66008,-7.90133],[-46.66831,-7.91294],[-46.70754,-7.9098],[-46.72308,-7.92182],[-46.75611,-7.92291],[-46.78601,-7.95293],[-46.81365,-7.95115],[-46.83007,-7.96414],[-46.8598,-7.96008],[-46.8667,-7.96951],[-46.87212,-7.9551],[-46.89528,-7.98535],[-46.90893,-7.98061],[-46.94129,-7.99772],[-46.96348,-8.03909],[-46.99397,-8.05345],[-46.99681,-8.06598],[-47.0458,-8.05276],[-47.06754,-7.99805],[-47.0847,-7.9877],[-47.10747,-7.99032],[-47.09881,-7.9791],[-47.10586,-7.95207],[-47.11752,-7.95223],[-47.10837,-7.93766],[-47.11767,-7.93908],[-47.12204,-7.92191],[-47.13962,-7.92548],[-47.1432,-7.89518],[-47.15783,-7.89305],[-47.1811,-7.85522],[-47.18771,-7.85866],[-47.19016,-7.84212],[-47.199,-7.84916],[-47.24668,-7.80862],[-47.23656,-7.80283],[-47.24749,-7.80104],[-47.2408,-7.79467],[-47.25476,-7.76798],[-47.24659,-7.75817],[-47.2658,-7.76036],[-47.26064,-7.74347],[-47.27399,-7.74571],[-47.27548,-7.7303],[-47.31344,-7.7312],[-47.31617,-7.71751],[-47.30704,-7.71476],[-47.31716,-7.70435],[-47.30261,-7.70164],[-47.30454,-7.6886],[-47.33167,-7.68544],[-47.33685,-7.66402],[-47.31566,-7.65929],[-47.35696,-7.61651],[-47.37383,-7.62174],[-47.3544,-7.64891],[-47.38228,-7.6546],[-47.3832,-7.59982],[-47.40339,-7.58845],[-47.40018,-7.56788],[-47.43983,-7.55502],[-47.42451,-7.5381],[-47.42897,-7.52483],[-47.46212,-7.51852],[-47.47467,-7.53412],[-47.5028,-7.43906],[-47.52761,-7.43341],[-47.56084,-7.44983],[-47.59157,-7.44007],[-47.55947,-7.40436],[-47.4835,-7.36512],[-47.4782,-7.33675],[-47.49979,-7.29386],[-47.5429,-7.26538],[-47.5919,-7.264],[-47.62701,-7.30082],[-47.65066,-7.30226],[-47.68401,-7.24542],[-47.73746,-7.21687],[-47.74983,-7.19526],[-47.74513,-7.1625],[-47.71066,-7.13765],[-47.66037,-7.15137],[-47.64446,-7.14361],[-47.59723,-7.0634],[-47.5471,-7.01672],[-47.52829,-6.97086],[-47.52957,-6.94601],[-47.50498,-6.88481],[-47.52915,-6.8363],[-47.49366,-6.75127],[-47.49864,-6.67123],[-47.46253,-6.60175],[-47.4565,-6.53827],[-47.41634,-6.48388],[-47.43035,-6.42257],[-47.40995,-6.36966],[-47.40862,-6.32807],[-47.37864,-6.27276],[-47.38537,-6.23039],[-47.4166,-6.17782],[-47.43023,-6.13097],[-47.42804,-6.03922],[-47.44781,-5.99607],[-47.43051,-5.9378],[-47.43167,-5.86604],[-47.49337,-5.73053],[-47.4737,-5.66198],[-47.48326,-5.5649],[-47.50012,-5.5256],[-47.56026,-5.46321],[-47.58051,-5.47002],[-47.61862,-5.45973],[-47.74431,-5.38013],[-47.82754,-5.38659],[-47.84376,-5.37621],[-47.86762,-5.34282],[-47.87292,-5.27236],[-47.9281,-5.24124],[-48.00121,-5.23425],[-48.06915,-5.27146],[-48.15202,-5.264],[-48.32869,-5.19659],[-48.36391,-5.16838],[-48.52977,-5.19662],[-48.56107,-5.2302],[-48.56857,-5.28293],[-48.60613,-5.3365],[-48.67944,-5.30582],[-48.69921,-5.32012],[-48.71213,-5.35301],[-48.75515,-5.34917],[-48.43315,-5.09807],[-48.43679,-5.07867],[-48.41905,-5.08571],[-48.40038,-5.07416],[-47.81615,-4.61473],[-47.79257,-4.58641],[-47.67996,-4.60862],[-47.61517,-4.55998],[-47.58357,-4.52296],[-47.56571,-4.47854],[-47.50145,-4.40109],[-47.47631,-4.35644],[-47.47954,-4.3285],[-47.47033,-4.31071],[-47.37177,-4.24559],[-47.37915,-4.22114],[-47.36087,-4.19242],[-47.36583,-4.18064],[-47.34016,-4.17637],[-47.3502,-4.11782],[-47.31868,-4.04763],[-47.30633,-4.0592],[-47.27634,-4.03014],[-47.2674,-4.03346],[-47.24054,-4.00036],[-47.22266,-4.0013],[-47.20413,-3.97649],[-47.19519,-3.98561],[-47.18755,-3.97957],[-47.19281,-3.96884],[-47.18155,-3.96705],[-47.17879,-3.94159],[-47.16873,-3.94061],[-47.17346,-3.92443],[-47.1485,-3.91449],[-47.14695,-3.8962],[-47.1381,-3.90431],[-47.13254,-3.87865],[-47.10828,-3.88114],[-47.1002,-3.86075],[-47.08874,-3.86158],[-47.08679,-3.82551],[-47.07262,-3.81786],[-47.07825,-3.81168],[-47.05592,-3.77263],[-47.06507,-3.76058],[-47.04628,-3.70544],[-47.05453,-3.68501],[-47.03702,-3.66797],[-47.04889,-3.66865],[-47.05705,-3.65458],[-47.04069,-3.64067],[-47.05234,-3.63539],[-47.02743,-3.59881],[-47.04025,-3.59227],[-47.03023,-3.58093],[-47.03825,-3.5643],[-47.01847,-3.56554],[-47.01848,-3.54854],[-47.00377,-3.5342],[-46.9757,-3.52977],[-46.97836,-3.51772],[-46.96888,-3.51606],[-46.98242,-3.49616],[-46.96878,-3.48938],[-46.96272,-3.4965],[-46.96971,-3.47577],[-46.94845,-3.4768],[-46.95632,-3.46129],[-46.94205,-3.44866],[-46.95632,-3.42588],[-46.94015,-3.41656],[-46.94567,-3.39003],[-46.93946,-3.39676],[-46.93668,-3.38403],[-46.94425,-3.3772],[-46.90384,-3.36454],[-46.88483,-3.33517],[-46.87448,-3.34591],[-46.86534,-3.32854],[-46.85864,-3.34298],[-46.84921,-3.31839],[-46.841,-3.32449],[-46.81486,-3.31147],[-46.81222,-3.30205],[-46.82625,-3.29693],[-46.81134,-3.29098],[-46.81857,-3.2681],[-46.80206,-3.266],[-46.80675,-3.24531],[-46.78591,-3.24724],[-46.77853,-3.21685],[-46.75728,-3.20977],[-46.77154,-3.20407],[-46.75933,-3.19567],[-46.77306,-3.1786],[-46.75156,-3.18884],[-46.74955,-3.16591],[-46.72263,-3.15913],[-46.7282,-3.1303],[-46.74447,-3.13737],[-46.7496,-3.12449],[-46.73196,-3.12459],[-46.72439,-3.11146],[-46.71271,-3.1141],[-46.71041,-3.128],[-46.70675,-3.10063],[-46.6765,-3.09414],[-46.67733,-3.03427],[-46.66917,-3.03286],[-46.6703,-3.01431],[-46.65921,-3.01192],[-46.67416,-3.00021],[-46.64992,-2.99602],[-46.64924,-2.98343],[-46.66297,-2.97469],[-46.65017,-2.97303],[-46.64841,-2.96127],[-46.67303,-2.94507],[-46.65481,-2.93229],[-46.68083,-2.88314],[-46.66844,-2.87594],[-46.63942,-2.88356],[-46.64,-2.85091],[-46.62095,-2.85964],[-46.61083,-2.85345],[-46.61484,-2.82939],[-46.58957,-2.84578],[-46.5757,-2.84154],[-46.60111,-2.81318],[-46.60252,-2.78922],[-46.62642,-2.80655],[-46.63849,-2.79093],[-46.63692,-2.75379],[-46.65075,-2.75881],[-46.65398,-2.72904],[-46.66961,-2.7346],[-46.67137,-2.7062],[-46.6467,-2.68843],[-46.6509,-2.6815],[-46.6381,-2.68721],[-46.6186,-2.66539],[-46.62226,-2.64494],[-46.60609,-2.63947],[-46.59681,-2.66373],[-46.57887,-2.63152],[-46.50685,-2.61687],[-46.50944,-2.59061],[-46.49258,-2.58358],[-46.48794,-2.56884],[-46.50172,-2.54678],[-46.48911,-2.53653],[-46.47357,-2.54658],[-46.41933,-2.53243],[-46.43678,-2.50797],[-46.43008,-2.49596],[-46.43878,-2.48522],[-46.44215,-2.41941],[-46.40941,-2.37137],[-46.43189,-2.36449],[-46.44601,-2.38167],[-46.46629,-2.37894],[-46.46331,-2.36224],[-46.43165,-2.3348],[-46.43306,-2.30068],[-46.4163,-2.27382],[-46.43194,-2.23706],[-46.41064,-2.22876],[-46.39114,-2.25014],[-46.37697,-2.24589],[-46.34721,-2.22197],[-46.33558,-2.19404],[-46.2833,-2.15439],[-46.29932,-2.13989],[-46.27308,-2.12011],[-46.2746,-2.05463],[-46.25026,-2.01752],[-46.22339,-1.91491],[-46.22876,-1.88849],[-46.24479,-1.8839],[-46.21103,-1.83106],[-46.23033,-1.80312],[-46.25891,-1.79497],[-46.29549,-1.79441],[-46.31005,-1.80627],[-46.32449,-1.77269],[-46.31188,-1.73323],[-46.26585,-1.73284],[-46.24758,-1.72092],[-46.2251,-1.73167],[-46.21122,-1.72718],[-46.2035,-1.70529],[-46.17409,-1.70051],[-46.15532,-1.6754],[-46.16588,-1.63437],[-46.14936,-1.61503],[-46.15493,-1.59374],[-46.13363,-1.58182],[-46.13558,-1.56287],[-46.14408,-1.51783],[-46.17614,-1.47738],[-46.1436,-1.44974],[-46.13773,-1.43713],[-46.1518,-1.41896],[-46.10372,-1.33729],[-46.12894,-1.33426],[-46.12913,-1.31247],[-46.14731,-1.30944],[-46.16158,-1.28189],[-46.14008,-1.24769],[-46.14926,-1.226],[-46.13304,-1.21037],[-46.07708,-1.19624],[-46.07504,-1.161],[-46.05349,-1.13162],[-46.04039,-1.16978],[-46.04606,-1.12114],[-46.01799,-1.08053],[-46.00277,-1.07632],[-45.99465,-1.05301],[-45.9647,-1.05605],[-45.97886,-1.06459],[-45.96783,-1.08722],[-45.98366,-1.1114],[-45.9631,-1.10957],[-45.9639,-1.14038],[-45.9514,-1.14352],[-45.95943,-1.15804],[-45.95416,-1.16142],[-45.95815,-1.17359],[-45.95398,-1.20219],[-45.86467,-1.04949],[-45.84494,-1.06927],[-45.85035,-1.10224],[-45.86495,-1.10832],[-45.8647,-1.13065],[-45.89959,-1.14978],[-45.91207,-1.16634],[-45.90595,-1.17186],[-45.8831,-1.14945],[-45.87102,-1.15346],[-45.88387,-1.1784],[-45.86937,-1.17082],[-45.87409,-1.19276],[-45.86226,-1.18119],[-45.86407,-1.21184],[-45.82557,-1.20257],[-45.82284,-1.16998],[-45.80097,-1.1615],[-45.79964,-1.17992],[-45.76887,-1.1991],[-45.74243,-1.1406],[-45.72352,-1.12917],[-45.72452,-1.10997],[-45.69091,-1.14867],[-45.73791,-1.21953],[-45.7065,-1.27006],[-45.6899,-1.2736],[-45.6463,-1.23217],[-45.64323,-1.17995],[-45.62575,-1.12645],[-45.61401,-1.15701],[-45.61781,-1.18044],[-45.6377,-1.19642],[-45.64023,-1.27728],[-45.6259,-1.28362],[-45.58736,-1.27003],[-45.59899,-1.29958],[-45.59211,-1.30244],[-45.54894,-1.27638],[-45.54603,-1.30028],[-45.51436,-1.30809],[-45.52679,-1.35877],[-45.51677,-1.37675],[-45.50448,-1.37687],[-45.47592,-1.32484],[-45.44923,-1.31541],[-45.46036,-1.30033],[-45.44711,-1.29288],[-45.41017,-1.30181],[-45.40749,-1.32475],[-45.42265,-1.35375],[-45.47498,-1.37201],[-45.48501,-1.47718],[-45.46383,-1.47711],[-45.4362,-1.4284],[-45.39258,-1.41428],[-45.37111,-1.39436],[-45.37504,-1.36567],[-45.35706,-1.34596],[-45.34069,-1.35202],[-45.36483,-1.32921],[-45.36226,-1.31888],[-45.33847,-1.31484],[-45.30862,-1.33292],[-45.3128,-1.38112],[-45.3026,-1.38583],[-45.30148,-1.43895],[-45.38341,-1.46666],[-45.3865,-1.4778],[-45.35222,-1.47327],[-45.30845,-1.49681],[-45.31955,-1.55724],[-45.33539,-1.56603],[-45.34144,-1.59121],[-45.2682,-1.59859],[-45.24959,-1.58723],[-45.23166,-1.54687],[-45.21241,-1.5306],[-45.19602,-1.48812],[-45.17661,-1.49573],[-45.14962,-1.47172],[-45.13249,-1.48479],[-45.10319,-1.47313],[-45.09671,-1.45546],[-45.04889,-1.49035],[-45.00819,-1.48564],[-44.98996,-1.51261],[-45.00759,-1.52098],[-45.00718,-1.53176],[-44.97871,-1.52459],[-44.9531,-1.56002],[-44.94819,-1.53841],[-44.97232,-1.50443],[-44.9692,-1.47788],[-44.94868,-1.4818],[-44.95487,-1.49129],[-44.93712,-1.48987],[-44.92011,-1.46201],[-44.88684,-1.44209],[-44.88477,-1.41937],[-44.86045,-1.4113],[-44.83054,-1.42772],[-44.8443,-1.48906],[-44.88536,-1.4803],[-44.87186,-1.48648],[-44.88221,-1.48992],[-44.87732,-1.49582],[-44.89862,-1.52885],[-44.90004,-1.53528],[-44.91813,-1.54101],[-44.90331,-1.6063],[-44.87183,-1.60132],[-44.85369,-1.6175],[-44.83645,-1.57409],[-44.80269,-1.58944],[-44.77709,-1.57674],[-44.7715,-1.56253],[-44.76349,-1.59474],[-44.72336,-1.55672],[-44.70511,-1.5538],[-44.71006,-1.5788],[-44.69485,-1.58058],[-44.68726,-1.56572],[-44.67703,-1.57002],[-44.63633,-1.61656],[-44.65849,-1.65976],[-44.675,-1.64137],[-44.74827,-1.65203],[-44.75867,-1.67318],[-44.7998,-1.70429],[-44.78524,-1.71326],[-44.76765,-1.70346],[-44.73783,-1.72202],[-44.71702,-1.71333],[-44.70157,-1.72497],[-44.70373,-1.74056],[-44.70907,-1.73576],[-44.75937,-1.78303],[-44.75236,-1.78914],[-44.71941,-1.78044],[-44.71383,-1.78999],[-44.70347,-1.76908],[-44.65373,-1.76937],[-44.65252,-1.7154],[-44.60059,-1.7402],[-44.6153,-1.76334],[-44.57357,-1.77502],[-44.59062,-1.7811],[-44.56325,-1.80756],[-44.5646,-1.83533],[-44.552,-1.83858],[-44.54375,-1.81951],[-44.53408,-1.82217],[-44.55168,-1.88849],[-44.52807,-1.8788],[-44.51271,-1.88908],[-44.48918,-1.95706],[-44.49498,-1.96403],[-44.50943,-1.9556],[-44.48208,-1.98832],[-44.53574,-2.01965],[-44.57142,-2.01896],[-44.57767,-2.02921],[-44.56559,-2.02178],[-44.53342,-2.03626],[-44.49727,-2.0253],[-44.48778,-2.04623],[-44.55043,-2.08841],[-44.56672,-2.12563],[-44.58861,-2.13684],[-44.5798,-2.14449],[-44.595,-2.18161],[-44.63412,-2.22854],[-44.68537,-2.263],[-44.67178,-2.28769],[-44.62759,-2.2909],[-44.62323,-2.26735],[-44.53876,-2.18886],[-44.52935,-2.15917],[-44.46262,-2.14497],[-44.39833,-2.21503],[-44.38527,-2.2666],[-44.39116,-2.27573],[-44.37806,-2.27967],[-44.35801,-2.34052],[-44.38007,-2.35928],[-44.37233,-2.38046],[-44.38798,-2.40889],[-44.405,-2.41766],[-44.43756,-2.40818],[-44.43995,-2.41558],[-44.47789,-2.4112],[-44.50002,-2.42868],[-44.49583,-2.43543],[-44.47266,-2.42806],[-44.44642,-2.44161],[-44.44294,-2.45752],[-44.47757,-2.48785],[-44.48749,-2.51701],[-44.51087,-2.53493],[-44.53559,-2.52983],[-44.58575,-2.65895],[-44.62697,-2.70342],[-44.62335,-2.73663],[-44.65154,-2.80805],[-44.63322,-2.85744],[-44.67975,-2.91945],[-44.67945,-2.97908],[-44.66251,-3.01294],[-44.59164,-3.04093],[-44.5325,-3.04405],[-44.49549,-3.02601],[-44.44886,-2.98096],[-44.40863,-2.90119],[-44.41004,-2.79923],[-44.38867,-2.75377],[-44.38044,-2.6684],[-44.35416,-2.60345],[-44.37772,-2.5685],[-44.35492,-2.54854],[-44.34893,-2.52694],[-44.32101,-2.52716],[-44.3178,-2.54007],[-44.30872,-2.53823],[-44.30755,-2.51578],[-44.32032,-2.50285],[-44.30457,-2.48751],[-44.17385,-2.45804],[-44.15436,-2.43594],[-44.0946,-2.4066],[-44.03177,-2.40628],[-44.02273,-2.44367],[-44.04777,-2.45566],[-44.05252,-2.47032],[-44.02392,-2.51197],[-44.03616,-2.55669],[-44.05269,-2.55657],[-44.05377,-2.56474],[-44.071,-2.55927],[-44.09281,-2.57474],[-44.10569,-2.62924],[-44.13179,-2.65632],[-44.13802,-2.68183],[-44.25136,-2.73211],[-44.26577,-2.76039],[-44.25666,-2.77834],[-44.23839,-2.77962],[-44.19167,-2.76457],[-44.12974,-2.76439],[-44.11582,-2.74862],[-44.09491,-2.75325],[-44.05323,-2.70919],[-44.02258,-2.65261],[-43.95654,-2.62153],[-43.93122,-2.56162],[-43.89167,-2.55492],[-43.89013,-2.53408],[-43.85015,-2.51004],[-43.84127,-2.44658],[-43.83227,-2.4419],[-43.83811,-2.41666],[-43.80274,-2.39073],[-43.7916,-2.39408],[-43.80842,-2.4384],[-43.76194,-2.41874],[-43.7268,-2.38647],[-43.72518,-2.36799],[-43.73959,-2.35035],[-43.72186,-2.32205],[-43.72036,-2.29139],[-43.62721,-2.25123],[-43.60409,-2.25769],[-43.59432,-2.28271],[-43.62516,-2.30741],[-43.6446,-2.40127],[-43.68622,-2.39731],[-43.71046,-2.42716],[-43.72785,-2.42399],[-43.77479,-2.47173],[-43.76782,-2.49391],[-43.74845,-2.49416],[-43.71696,-2.47588],[-43.7109,-2.48653],[-43.69545,-2.48435],[-43.7017,-2.50471],[-43.69258,-2.52054],[-43.68035,-2.51221],[-43.65368,-2.4822],[-43.62425,-2.51049],[-43.57737,-2.45956],[-43.57433,-2.48032],[-43.59719,-2.50446],[-43.57861,-2.50614],[-43.55809,-2.47989],[-43.55467,-2.44753],[-43.53745,-2.42191],[-43.52414,-2.41895],[-43.51166,-2.43774],[-43.52096,-2.45467],[-43.50703,-2.47755],[-43.46173,-2.48641],[-43.45196,-2.4438],[-43.48332,-2.38534],[-43.47851,-2.36692],[-43.44143,-2.3417],[-43.4079,-2.33594],[-43.38522,-2.34556],[-43.3116,-2.33866],[-43.20087,-2.37295],[-42.82872,-2.54336],[-42.76138,-2.54643],[-42.74898,-2.56073],[-42.72656,-2.55488],[-42.58736,-2.669],[-42.56268,-2.67842],[-42.50424,-2.67812],[-42.49386,-2.70493],[-42.47554,-2.69971],[-42.36478,-2.71545],[-42.33861,-2.74915],[-42.26356,-2.7579],[-42.25263,-2.73809],[-42.26273,-2.72786],[-42.25504,-2.67581],[-42.22949,-2.69649],[-42.21277,-2.68713],[-42.1375,-2.69488],[-42.07126,-2.68704],[-42.03077,-2.73947],[-42.01651,-2.73758],[-42.01885,-2.71365],[-41.98379,-2.72318],[-41.91028,-2.71894],[-41.80725,-2.73004],[-41.84752,-2.77558],[-41.84513,-2.81394],[-41.86604,-2.86997],[-41.79673,-2.96062],[-41.82285,-3.01794],[-41.92492,-3.11305],[-41.92476,-3.13805],[-41.94075,-3.16264],[-41.93556,-3.18355],[-41.95165,-3.17489],[-42.01278,-3.24807],[-42.04099,-3.24712],[-42.06897,-3.26436],[-42.12365,-3.2668],[-42.12966,-3.28237],[-42.10108,-3.29204],[-42.09938,-3.31531],[-42.1268,-3.31527],[-42.1258,-3.34642],[-42.14622,-3.35627],[-42.15067,-3.38661],[-42.19474,-3.39939],[-42.20173,-3.43134],[-42.24708,-3.43256],[-42.29247,-3.4534],[-42.3337,-3.43445],[-42.35585,-3.45066],[-42.38899,-3.44908],[-42.39992,-3.47475],[-42.42476,-3.45341],[-42.46126,-3.4846],[-42.48634,-3.47806],[-42.48613,-3.44624],[-42.50332,-3.45061],[-42.50764,-3.47308],[-42.52697,-3.48563],[-42.53024,-3.51143],[-42.5683,-3.57048],[-42.61004,-3.58595],[-42.61883,-3.62066],[-42.67508,-3.67265],[-42.68348,-3.6945],[-42.67068,-3.74394],[-42.68404,-3.76522],[-42.67146,-3.79163],[-42.71475,-3.8634],[-42.72501,-3.90747],[-42.7813,-3.95456],[-42.79627,-3.99412],[-42.81658,-3.99317],[-42.83525,-4.01929],[-42.86975,-4.1041],[-42.90047,-4.11737],[-42.8901,-4.15508],[-42.93259,-4.15693],[-42.98643,-4.22048],[-42.98477,-4.28354],[-42.96533,-4.32213],[-42.96288,-4.37611],[-42.92721,-4.38517],[-42.88001,-4.41587],[-42.87157,-4.42814],[-42.87727,-4.46167],[-42.8536,-4.47432],[-42.85011,-4.49804],[-42.87485,-4.53878],[-42.86652,-4.5663],[-42.87297,-4.58169],[-42.91617,-4.65143],[-42.95238,-4.67982],[-42.92086,-4.73208],[-42.92623,-4.75068],[-42.94979,-4.76909],[-42.93865,-4.80921],[-42.89741,-4.84261],[-42.8848,-4.906],[-42.85392,-4.93726],[-42.8632,-4.96812],[-42.8354,-5.07397],[-42.81727,-5.10174],[-42.79899,-5.18968],[-42.82948,-5.23926],[-42.81224,-5.28238],[-42.82531,-5.34636],[-42.88664,-5.3919],[-42.91074,-5.39588],[-42.93068,-5.43917],[-42.96836,-5.45352],[-42.97353,-5.48451],[-42.99533,-5.50829],[-43.03322,-5.59207],[-43.082,-5.59951],[-43.09765,-5.62671],[-43.07996,-5.64899],[-43.08856,-5.6716],[-43.07581,-5.73549],[-43.09416,-5.74224],[-43.10117,-5.75863],[-43.09042,-5.80783],[-43.09604,-5.82504],[-43.07512,-5.86499],[-43.09926,-5.90155],[-43.08695,-5.91914],[-43.08421,-5.95734],[-43.04756,-5.99734],[-43.04922,-6.01393],[-43.07618,-6.04274],[-43.07459,-6.05742],[-43.04913,-6.10159],[-42.98213,-6.12807],[-42.96991,-6.17733],[-42.86154,-6.23912],[-42.84731,-6.27818],[-42.85978,-6.32995],[-42.83554,-6.32498],[-42.82934,-6.3406],[-42.85152,-6.3586],[-42.85445,-6.38254],[-42.87727,-6.41692],[-42.86555,-6.48218],[-42.88641,-6.50461],[-42.874,-6.51869],[-42.8867,-6.53383],[-42.88714,-6.57777],[-42.90772,-6.60592],[-42.91871,-6.66885],[-43.01106,-6.76001],[-43.0872,-6.7508],[-43.10122,-6.76797],[-43.14759,-6.78369],[-43.17827,-6.76734],[-43.2479,-6.76768],[-43.27126,-6.79257],[-43.34387,-6.79766],[-43.36646,-6.81996],[-43.38753,-6.81719],[-43.39117,-6.83425],[-43.41913,-6.84401],[-43.446,-6.83866],[-43.45459,-6.846],[-43.48343,-6.83303],[-43.5084,-6.79883],[-43.54022,-6.79007],[-43.56166,-6.74812],[-43.58438,-6.75748],[-43.65175,-6.71266],[-43.69666,-6.70969],[-43.71499,-6.69873],[-43.76074,-6.70244],[-43.77484,-6.71494],[-43.79982,-6.70531],[-43.80819,-6.72027],[-43.85376,-6.73561],[-43.87822,-6.7568],[-43.91379,-6.75266],[-43.93047,-6.77105],[-43.95676,-6.74315],[-43.98773,-6.75728],[-44.03339,-6.7604],[-44.05337,-6.76831],[-44.0697,-6.82138],[-44.08887,-6.8033],[-44.11628,-6.80579],[-44.09871,-6.83994],[-44.1044,-6.85655],[-44.12512,-6.83559],[-44.14063,-6.86522],[-44.17135,-6.88498],[-44.1737,-6.92009],[-44.20082,-6.93294],[-44.20817,-6.96995],[-44.23595,-6.99871],[-44.26089,-6.99966],[-44.27832,-7.03819],[-44.27578,-7.07451],[-44.30275,-7.11437],[-44.38606,-7.12092],[-44.50524,-7.18676],[-44.53512,-7.22731],[-44.56534,-7.22869],[-44.61587,-7.30867],[-44.66532,-7.33508],[-44.69037,-7.39577],[-44.73045,-7.39028],[-44.74198,-7.3617],[-44.78035,-7.37852],[-44.81734,-7.36149],[-44.8206,-7.37562],[-44.84704,-7.38577],[-44.86797,-7.4216],[-44.89936,-7.42485],[-44.92836,-7.47198],[-44.98533,-7.48102],[-45.0496,-7.51318],[-45.0856,-7.50231],[-45.13867,-7.52242],[-45.15469,-7.5128],[-45.21523,-7.56703],[-45.23063,-7.54947],[-45.26171,-7.57118],[-45.2854,-7.56642],[-45.33468,-7.57766],[-45.37218,-7.61838],[-45.39547,-7.61452],[-45.3983,-7.63932],[-45.43253,-7.66154],[-45.43751,-7.67805],[-45.46025,-7.67373],[-45.4512,-7.68816],[-45.47008,-7.6899],[-45.46948,-7.71409],[-45.48721,-7.72866],[-45.48169,-7.74765],[-45.49568,-7.74707],[-45.48445,-7.76282],[-45.4904,-7.78736],[-45.50138,-7.78648],[-45.52587,-7.85729],[-45.5383,-7.86165],[-45.52084,-7.88727],[-45.54184,-7.89849],[-45.52442,-7.90726],[-45.53183,-7.92259],[-45.54448,-7.92008],[-45.55647,-7.95369],[-45.54754,-7.968],[-45.56833,-7.99508],[-45.55158,-8.01543],[-45.56578,-8.01561],[-45.57732,-8.02988],[-45.56334,-8.04415],[-45.58572,-8.10279],[-45.57652,-8.1141],[-45.58756,-8.12934],[-45.58373,-8.15694],[-45.61508,-8.19123],[-45.60953,-8.20508],[-45.66363,-8.25053],[-45.69304,-8.3609],[-45.73492,-8.41857],[-45.73067,-8.42842],[-45.74536,-8.45268],[-45.74682,-8.49687],[-45.73868,-8.50066],[-45.75709,-8.52694],[-45.75384,-8.54206],[-45.77243,-8.57468],[-45.7939,-8.58266],[-45.7948,-8.5918],[-45.76696,-8.61028],[-45.79559,-8.61294],[-45.81599,-8.63275],[-45.82202,-8.64784],[-45.81278,-8.6573],[-45.84083,-8.71577],[-45.86423,-8.71552],[-45.86441,-8.73047],[-45.89032,-8.74055],[-45.89334,-8.76291],[-45.90574,-8.75842],[-45.93689,-8.78016],[-45.95978,-8.81552],[-45.94702,-8.82978],[-45.94935,-8.8449],[-45.95789,-8.84004],[-45.97202,-8.8624],[-45.96734,-8.87636],[-45.98374,-8.89027],[-45.97966,-8.90367],[-45.99509,-8.92699],[-45.99136,-8.94938],[-45.94364,-9.01577],[-45.93312,-9.08562],[-45.92322,-9.08999],[-45.92757,-9.13969],[-45.90062,-9.17862],[-45.89732,-9.28959],[-45.90764,-9.29779],[-45.89368,-9.34262],[-45.86409,-9.35899],[-45.84758,-9.35622],[-45.8286,-9.37361],[-45.79913,-9.41816],[-45.78352,-9.48001],[-45.81154,-9.50401],[-45.84193,-9.56289],[-45.83658,-9.60236],[-45.81978,-9.62444],[-45.83857,-9.69632],[-45.82872,-9.7044],[-45.82142,-9.77313],[-45.86443,-9.86147],[-45.84252,-9.93947],[-45.88011,-10.06101],[-45.86994,-10.06929],[-45.87854,-10.1103],[-45.90002,-10.15277],[-45.94562,-10.19644],[-45.95607,-10.22108],[-45.94627,-10.25855],[-45.97395,-10.24837],[-45.99625,-10.25031],[-46.00297,-10.26176],[-46.01772,-10.24039],[-46.02828,-10.17687],[-46.09283,-10.2099]]],[[[-45.95614,-1.18704],[-45.95331,-1.18327],[-45.95398,-1.18928],[-45.95614,-1.18704]]],[[[-46.01428,-1.07202],[-46.00948,-1.07258],[-46.01692,-1.07828],[-46.01428,-1.07202]]],[[[-45.41387,-1.42077],[-45.41721,-1.40291],[-45.40448,-1.40108],[-45.41387,-1.42077]]],[[[-45.50062,-1.35305],[-45.49531,-1.34679],[-45.49916,-1.36171],[-45.50062,-1.35305]]],[[[-45.48673,-1.3406],[-45.49126,-1.34823],[-45.4913,-1.34309],[-45.48673,-1.3406]]],[[[-45.57606,-1.26221],[-45.56939,-1.26977],[-45.57646,-1.27112],[-45.57606,-1.26221]]],[[[-45.65217,-1.23458],[-45.65155,-1.23025],[-45.64931,-1.23357],[-45.65217,-1.23458]]],[[[-45.68526,-1.26307],[-45.71002,-1.2427],[-45.68802,-1.18365],[-45.67625,-1.19084],[-45.66852,-1.222],[-45.67074,-1.25196],[-45.68526,-1.26307]]],[[[-45.59633,-1.23981],[-45.58042,-1.22111],[-45.57989,-1.19573],[-45.53935,-1.20522],[-45.53321,-1.22583],[-45.59633,-1.23981]]],[[[-45.76829,-1.19105],[-45.76968,-1.19644],[-45.77342,-1.19436],[-45.76829,-1.19105]]],[[[-45.90423,-1.16195],[-45.89498,-1.15202],[-45.89875,-1.15936],[-45.90423,-1.16195]]],[[[-45.61064,-1.15381],[-45.60487,-1.1512],[-45.60438,-1.15933],[-45.61064,-1.15381]]],[[[-45.8041,-1.14251],[-45.8268,-1.15063],[-45.82784,-1.12871],[-45.80782,-1.12447],[-45.8041,-1.14251]]],[[[-44.83911,-1.55749],[-44.8266,-1.55903],[-44.82902,-1.56804],[-44.83911,-1.55749]]],[[[-44.89837,-1.5306],[-44.89596,-1.52807],[-44.89567,-1.53267],[-44.89837,-1.5306]]],[[[-44.79976,-1.52525],[-44.79816,-1.5515],[-44.80914,-1.56099],[-44.82855,-1.55585],[-44.83659,-1.54279],[-44.81581,-1.52565],[-44.81364,-1.50635],[-44.77419,-1.48458],[-44.79976,-1.52525]]],[[[-44.86394,-1.49197],[-44.87158,-1.49231],[-44.86962,-1.48974],[-44.86394,-1.49197]]],[[[-44.87138,-1.48906],[-44.87104,-1.48771],[-44.86976,-1.48852],[-44.87138,-1.48906]]],[[[-45.14314,-1.47547],[-45.14104,-1.4715],[-45.14157,-1.47746],[-45.14314,-1.47547]]],[[[-45.09893,-1.44528],[-45.096,-1.45006],[-45.09736,-1.45033],[-45.09893,-1.44528]]],[[[-45.13374,-1.46027],[-45.11176,-1.42213],[-45.10302,-1.46415],[-45.11278,-1.47098],[-45.12921,-1.47172],[-45.13374,-1.46027]]],[[[-45.07493,-1.45963],[-45.08462,-1.43648],[-45.07755,-1.42806],[-45.07493,-1.45963]]],[[[-45.09682,-1.43501],[-45.08785,-1.42242],[-45.08855,-1.4439],[-45.09682,-1.43501]]],[[[-45.08077,-1.37554],[-45.07085,-1.37853],[-45.09964,-1.43239],[-45.10349,-1.42506],[-45.08077,-1.37554]]],[[[-45.1268,-1.38544],[-45.11491,-1.3631],[-45.09314,-1.38239],[-45.11119,-1.41283],[-45.1268,-1.38544]]],[[[-45.04981,-1.36802],[-45.04164,-1.37256],[-45.04363,-1.39832],[-45.0475,-1.39421],[-45.04981,-1.36802]]],[[[-44.98107,-1.26414],[-44.929,-1.26677],[-44.87814,-1.28547],[-44.86692,-1.32874],[-44.88662,-1.34561],[-44.90143,-1.33717],[-44.91644,-1.34437],[-44.94607,-1.37683],[-44.98914,-1.40156],[-45.00534,-1.40082],[-45.02141,-1.38402],[-45.01614,-1.34687],[-45.03386,-1.33803],[-45.02878,-1.31803],[-45.00508,-1.32502],[-44.9785,-1.31683],[-45.00172,-1.29203],[-44.98107,-1.26414]]],[[[-44.65965,-2.96238],[-44.66115,-2.98018],[-44.66711,-2.97183],[-44.65965,-2.96238]]],[[[-44.62159,-2.93427],[-44.62922,-2.94333],[-44.62108,-2.92633],[-44.62159,-2.93427]]],[[[-44.64064,-2.91502],[-44.65961,-2.94459],[-44.66414,-2.94357],[-44.66432,-2.92832],[-44.64064,-2.91502]]],[[[-44.58851,-2.82078],[-44.50596,-2.72893],[-44.48479,-2.72466],[-44.47603,-2.73252],[-44.47902,-2.95786],[-44.58315,-3.03165],[-44.6407,-2.96931],[-44.61387,-2.95055],[-44.59318,-2.90202],[-44.58038,-2.85566],[-44.58851,-2.82078]]],[[[-44.58801,-2.86667],[-44.5886,-2.8761],[-44.59153,-2.87784],[-44.58801,-2.86667]]],[[[-44.41243,-2.79575],[-44.41169,-2.79727],[-44.41344,-2.79769],[-44.41243,-2.79575]]],[[[-44.41999,-2.41659],[-44.4252,-2.42802],[-44.42552,-2.4149],[-44.41999,-2.41659]]],[[[-44.48352,-2.07693],[-44.47166,-2.06904],[-44.46789,-2.07712],[-44.48352,-2.07693]]],[[[-44.54012,-2.02006],[-44.5356,-2.02221],[-44.53861,-2.02305],[-44.54012,-2.02006]]],[[[-44.74039,-1.67953],[-44.73198,-1.68936],[-44.74173,-1.69887],[-44.75795,-1.68934],[-44.74039,-1.67953]]],[[[-44.75027,-1.68007],[-44.74712,-1.67729],[-44.74535,-1.67927],[-44.75027,-1.68007]]],[[[-44.73123,-1.65934],[-44.72693,-1.67247],[-44.74158,-1.66912],[-44.73123,-1.65934]]],[[[-44.78534,-1.57586],[-44.78121,-1.57384],[-44.78051,-1.57603],[-44.78534,-1.57586]]],[[[-44.7626,-1.58002],[-44.75327,-1.5369],[-44.73226,-1.54414],[-44.7626,-1.58002]]],[[[-44.74585,-1.51207],[-44.79292,-1.52597],[-44.77218,-1.48586],[-44.79354,-1.47044],[-44.76278,-1.45823],[-44.74233,-1.4927],[-44.74585,-1.51207]]],[[[-44.09514,-2.74952],[-44.09444,-2.75024],[-44.09619,-2.75086],[-44.09514,-2.74952]]],[[[-44.09366,-2.74689],[-44.09232,-2.7468],[-44.09282,-2.74836],[-44.09366,-2.74689]]],[[[-44.37485,-2.57756],[-44.37406,-2.57732],[-44.37356,-2.57924],[-44.37485,-2.57756]]],[[[-44.36394,-2.5438],[-44.36619,-2.54449],[-44.36571,-2.54255],[-44.36394,-2.5438]]],[[[-44.36558,-2.53864],[-44.36552,-2.54002],[-44.3665,-2.53894],[-44.36558,-2.53864]]],[[[-44.37259,-2.52163],[-44.36145,-2.5226],[-44.37022,-2.52832],[-44.37259,-2.52163]]],[[[-44.35984,-2.52288],[-44.35953,-2.52365],[-44.36009,-2.52358],[-44.35984,-2.52288]]],[[[-43.85374,-2.46933],[-43.85189,-2.46929],[-43.85392,-2.47301],[-43.85374,-2.46933]]],[[[-43.85194,-2.46638],[-43.85087,-2.46359],[-43.85137,-2.46747],[-43.85194,-2.46638]]],[[[-43.8568,-2.44885],[-43.85466,-2.44837],[-43.85512,-2.44973],[-43.8568,-2.44885]]],[[[-43.85884,-2.44439],[-43.87028,-2.4455],[-43.84622,-2.42697],[-43.85884,-2.44439]]],[[[-43.68097,-2.50679],[-43.67953,-2.50489],[-43.68029,-2.50847],[-43.68097,-2.50679]]],[[[-43.7109,-2.48346],[-43.70908,-2.48242],[-43.7102,-2.48492],[-43.7109,-2.48346]]],[[[-43.4696,-2.47046],[-43.46425,-2.48315],[-43.47351,-2.47378],[-43.4696,-2.47046]]],[[[-43.78903,-2.41519],[-43.78816,-2.41517],[-43.78856,-2.41585],[-43.78903,-2.41519]]],[[[-43.78874,-2.41445],[-43.78056,-2.39333],[-43.78696,-2.37744],[-43.7604,-2.37104],[-43.77708,-2.40942],[-43.78874,-2.41445]]],[[[-43.56189,-2.42382],[-43.60133,-2.41286],[-43.61288,-2.37849],[-43.55806,-2.3555],[-43.54209,-2.3606],[-43.56189,-2.42382]]],[[[-43.53722,-2.40564],[-43.52684,-2.37074],[-43.52147,-2.37071],[-43.50662,-2.384],[-43.507,-2.40542],[-43.53722,-2.40564]]]]}},{"type":"Feature","id":"cep2-66","properties":{"postal_code_id":"cep2-66","postal_codes":["66"],"first_digits":["6"],"states":["PA"]},"geometry":{"type":"Polygon","coordinates":[[[-48.50627,-1.52658],[-48.51523,-1.39433],[-48.54521,-1.35437],[-48.56071,-1.30042],[-48.60046,-1.24632],[-48.62441,-1.19217],[-48.46948,-1.01943],[-48.32376,-1.05966],[-48.29612,-1.12748],[-48.30224,-1.15645],[-48.37057,-1.24122],[-48.39451,-1.22447],[-48.4263,-1.25445],[-48.42221,-1.31302],[-48.4393,-1.34261],[-48.4214,-1.36932],[-48.43541,-1.38456],[-48.43005,-1.40407],[-48.41059,-1.39415],[-48.41029,-1.40729],[-48.39436,-1.39113],[-48.39061,-1.4087],[-48.37391,-1.40303],[-48.37238,-1.42555],[-48.40032,-1.45137],[-48.40002,-1.46481],[-48.34547,-1.45126],[-48.33175,-1.46695],[-48.36046,-1.47369],[-48.41037,-1.50944],[-48.47235,-1.52113],[-48.49976,-1.50479],[-48.50627,-1.52658]]]}},{"type":"Feature","id":"cep2-67","properties":{"postal_code_id":"cep2-67","postal_codes":["67"],"first_digits":["6"],"states":["PA"]},"geometry":{"type":"Polygon","coordinates":[[[-48.35304,-1.22103],[-48.33466,-1.23983],[-48.3534,-1.2641],[-48.33915,-1.26793],[-48.35204,-1.27905],[-48.34115,-1.29181],[-48.35154,-1.31596],[-48.33992,-1.32905],[-48.36729,-1.37076],[-48.36358,-1.40691],[-48.33645,-1.41112],[-48.33152,-1.42886],[-48.35696,-1.4601],[-48.40002,-1.46481],[-48.40032,-1.45137],[-48.37238,-1.42555],[-48.37391,-1.40303],[-48.39061,-1.4087],[-48.39436,-1.39113],[-48.41029,-1.40729],[-48.41059,-1.39415],[-48.43005,-1.40407],[-48.43541,-1.38456],[-48.4214,-1.36932],[-48.4393,-1.34261],[-48.42221,-1.31302],[-48.42758,-1.25945],[-48.4076,-1.22788],[-48.39451,-1.22447],[-48.37057,-1.24122],[-48.35304,-1.22103]]]}},{"type":"Feature","id":"cep2-68","properties":{"postal_code_id":"cep2-68","postal_codes":["68"],"first_digits":["6"],"states":["AP","PA"]},"geometry":{"type":"MultiPolygon","coordinates":[[[[-56.70839,-9.37321],[-56.76111,-9.405],[-56.77232,-9.39096],[-56.77917,-9.3172],[-56.82011,-9.24634],[-56.86033,-9.23165],[-56.87236,-9.23916],[-56.94933,-9.22399],[-56.99555,-9.23384],[-57.03405,-9.20974],[-57.0598,-9.18241],[-57.05242,-9.15846],[-57.06044,-9.13713],[-57.03924,-9.09829],[-57.06325,-9.07858],[-57.05961,-9.06428],[-57.09003,-9.03822],[-57.09461,-9.01711],[-57.13827,-8.99461],[-57.20377,-8.92082],[-57.2355,-8.90744],[-57.28948,-8.91583],[-57.30603,-8.9099],[-57.31789,-8.88571],[-57.38438,-8.87956],[-57.41622,-8.859],[-57.41405,-8.81251],[-57.42758,-8.78324],[-57.46353,-8.78474],[-57.53038,-8.74817],[-57.56237,-8.76125],[-57.59294,-8.75648],[-57.60105,-8.74123],[-57.59819,-8.68802],[-57.62259,-8.64501],[-57.62225,-8.59119],[-57.64478,-8.58198],[-57.6505,-8.55337],[-57.63342,-8.52681],[-57.65905,-8.50039],[-57.65399,-8.46507],[-57.68312,-8.43014],[-57.68656,-8.40701],[-57.6678,-8.36394],[-57.67794,-8.31214],[-57.64547,-8.23484],[-57.64561,-8.20629],[-57.67288,-8.17264],[-57.70464,-8.16802],[-57.71875,-8.15123],[-57.72669,-8.09803],[-57.77653,-8.05218],[-57.82883,-7.9729],[-57.83502,-7.88141],[-57.87964,-7.78191],[-57.89675,-7.67788],[-57.91619,-7.65734],[-57.93956,-7.65313],[-57.94511,-7.60216],[-57.97258,-7.53459],[-58.03984,-7.44634],[-58.06136,-7.39519],[-58.13789,-7.34903],[-58.16997,-7.31475],[-58.16975,-7.22224],[-58.21147,-7.13511],[-58.25092,-7.08213],[-58.28376,-7.073],[-58.33542,-6.98637],[-58.35561,-6.97166],[-58.38025,-6.9705],[-58.43456,-6.90881],[-58.48176,-6.78142],[-58.47847,-6.69961],[-58.42731,-6.61617],[-58.34989,-6.5624],[-58.32706,-6.50037],[-58.29311,-6.49388],[-58.25526,-6.45412],[-57.58557,-5.00074],[-56.40211,-2.45652],[-56.46118,-2.43424],[-56.46394,-2.42073],[-56.42565,-2.36915],[-56.3912,-2.27641],[-56.2635,-2.22106],[-56.18118,-2.16056],[-56.10242,-2.04802],[-56.09792,-2.03117],[-56.09535,-1.99975],[-56.09865,-2.02694],[-56.1867,-2.04282],[-56.20764,-2.05998],[-56.22838,-2.05622],[-56.25615,-2.08832],[-56.29746,-2.10081],[-56.31676,-2.14013],[-56.33551,-2.1487],[-56.36778,-2.13708],[-56.41388,-2.17595],[-56.44418,-2.15393],[-56.47789,-2.17038],[-56.52707,-2.1392],[-56.56959,-2.17476],[-56.59779,-2.17496],[-56.61291,-2.21017],[-56.63543,-2.2036],[-56.67907,-2.21256],[-56.70257,-2.20175],[-56.70777,-2.1839],[-56.76854,-2.16575],[-56.76943,-2.14067],[-56.72138,-2.05917],[-56.73897,-2.01701],[-56.76699,-2.0087],[-56.81676,-2.02297],[-56.85904,-2.01593],[-56.89737,-1.97622],[-56.96113,-1.95297],[-56.98835,-1.90716],[-57.02842,-1.91802],[-57.0676,-1.85449],[-57.07254,-1.83857],[-57.06184,-1.81068],[-57.07928,-1.80257],[-57.09164,-1.77796],[-57.11026,-1.79227],[-57.12504,-1.76807],[-57.16423,-1.7685],[-57.16555,-1.71991],[-57.17767,-1.73158],[-57.18803,-1.71952],[-57.20244,-1.73412],[-57.20704,-1.71063],[-57.23083,-1.72753],[-57.24715,-1.72084],[-57.24305,-1.70325],[-57.25864,-1.69685],[-57.26362,-1.7222],[-57.29225,-1.70828],[-57.30271,-1.73192],[-57.34459,-1.71502],[-57.35338,-1.73681],[-57.37293,-1.71424],[-57.39238,-1.72479],[-57.39966,-1.71649],[-57.38693,-1.69549],[-57.40032,-1.69226],[-57.40037,-1.67883],[-57.41761,-1.67429],[-57.42363,-1.69261],[-57.44053,-1.68709],[-57.43413,-1.67541],[-57.44346,-1.66462],[-57.47308,-1.67888],[-57.47786,-1.65934],[-57.50806,-1.64186],[-57.5281,-1.65407],[-57.52184,-1.62921],[-57.5365,-1.62755],[-57.54407,-1.61113],[-57.59509,-1.60019],[-57.58805,-1.58061],[-57.60071,-1.57216],[-57.62191,-1.58915],[-57.66042,-1.581],[-57.67464,-1.59502],[-57.70616,-1.57245],[-57.6977,-1.55853],[-57.71207,-1.50333],[-57.72873,-1.51364],[-57.74012,-1.50304],[-57.78204,-1.50812],[-57.77618,-1.48443],[-57.79533,-1.48724],[-57.82472,-1.43775],[-57.87711,-1.42334],[-57.88624,-1.43414],[-57.90965,-1.42862],[-57.91146,-1.40473],[-57.95788,-1.40346],[-57.95651,-1.3783],[-57.97326,-1.37476],[-57.96891,-1.35864],[-57.99124,-1.35127],[-57.99871,-1.33129],[-57.98723,-1.30056],[-57.99485,-1.29135],[-57.98313,-1.28173],[-57.97072,-1.22779],[-57.9587,-1.22252],[-57.97575,-1.19291],[-57.96578,-1.17103],[-57.97839,-1.15266],[-58.00126,-1.14811],[-58.01733,-1.10361],[-58.05867,-1.10654],[-58.09283,-1.1616],[-58.12361,-1.16414],[-58.11799,-1.18549],[-58.15611,-1.23278],[-58.18953,-1.20332],[-58.19798,-1.1808],[-58.20619,-1.18637],[-58.20521,-1.16932],[-58.23497,-1.15251],[-58.24298,-1.15754],[-58.24147,-1.14592],[-58.2576,-1.13077],[-58.31672,-1.14768],[-58.34125,-1.11103],[-58.3583,-1.10771],[-58.36373,-1.07112],[-58.39324,-1.04034],[-58.41196,-1.04777],[-58.42891,-1.02862],[-58.41982,-1.01254],[-58.42407,-0.99097],[-58.41059,-0.98223],[-58.44904,-0.93542],[-58.44528,-0.902],[-58.453,-0.90357],[-58.43419,-0.89218],[-58.44176,-0.87293],[-58.46059,-0.86287],[-58.46909,-0.87313],[-58.48932,-0.85906],[-58.49118,-0.83199],[-58.50906,-0.84083],[-58.52001,-0.82676],[-58.53144,-0.82989],[-58.54405,-0.80947],[-58.55597,-0.81372],[-58.56022,-0.79774],[-58.60904,-0.76163],[-58.63405,-0.71917],[-58.66371,-0.71761],[-58.68414,-0.6881],[-58.70652,-0.67965],[-58.71268,-0.64461],[-58.72895,-0.63543],[-58.73506,-0.6128],[-58.72567,-0.60841],[-58.72978,-0.56355],[-58.70901,-0.54586],[-58.71116,-0.51845],[-58.73652,-0.47174],[-58.72455,-0.44189],[-58.7738,-0.39532],[-58.83615,-0.37275],[-58.87481,-0.33664],[-58.86539,-0.26555],[-58.88104,-0.19658],[-58.86526,-0.16894],[-58.86388,-0.07803],[-58.88658,-0.05918],[-58.89833,-0.01791],[-58.89569,1.22962],[-58.87143,1.2177],[-58.85807,1.18634],[-58.82642,1.18627],[-58.82375,1.17105],[-58.80915,1.18216],[-58.80383,1.17562],[-58.79599,1.1915],[-58.77314,1.18632],[-58.75268,1.20905],[-58.74132,1.20246],[-58.7308,1.2094],[-58.71431,1.24088],[-58.72229,1.25123],[-58.70923,1.29371],[-58.68249,1.29727],[-58.6635,1.27957],[-58.63456,1.29015],[-58.58347,1.26306],[-58.56718,1.2962],[-58.54276,1.29132],[-58.53706,1.26544],[-58.52915,1.27134],[-58.52106,1.25729],[-58.51315,1.27733],[-58.49869,1.26588],[-58.49009,1.2992],[-58.4712,1.31228],[-58.477,1.34354],[-58.45671,1.37262],[-58.46652,1.36992],[-58.50679,1.40275],[-58.49921,1.43081],[-58.51148,1.46144],[-58.46231,1.46544],[-58.4453,1.45498],[-58.41193,1.47206],[-58.38814,1.46766],[-58.37285,1.48127],[-58.39258,1.49677],[-58.38357,1.51294],[-58.39565,1.52052],[-58.38726,1.53643],[-58.36209,1.53656],[-58.36155,1.54863],[-58.34153,1.55106],[-58.34462,1.57559],[-58.32563,1.59664],[-58.31636,1.58868],[-58.32104,1.56512],[-58.26101,1.56957],[-58.23339,1.54594],[-58.19193,1.57283],[-58.15365,1.54004],[-58.14921,1.5079],[-58.12979,1.49774],[-58.09928,1.51331],[-58.07786,1.50483],[-58.06331,1.52503],[-58.00166,1.50174],[-58.00769,1.51222],[-57.97765,1.5719],[-57.98459,1.63041],[-58.00176,1.65084],[-57.98044,1.65759],[-57.92377,1.64203],[-57.89385,1.6747],[-57.88723,1.66651],[-57.8782,1.67814],[-57.85185,1.67653],[-57.85055,1.68925],[-57.84178,1.68209],[-57.80017,1.68724],[-57.79464,1.72391],[-57.77837,1.7275],[-57.74453,1.71547],[-57.7273,1.72235],[-57.71568,1.70874],[-57.7011,1.71512],[-57.65273,1.67872],[-57.63142,1.69824],[-57.61221,1.68946],[-57.5862,1.6987],[-57.58445,1.70903],[-57.58005,1.68781],[-57.56459,1.68667],[-57.54128,1.72178],[-57.51497,1.72369],[-57.50007,1.7927],[-57.48885,1.789],[-57.44558,1.81065],[-57.43756,1.82916],[-57.44647,1.84018],[-57.4301,1.87612],[-57.43373,1.90826],[-57.4121,1.90715],[-57.38695,1.92932],[-57.36336,1.92909],[-57.37038,1.95507],[-57.35565,1.96175],[-57.35808,1.97273],[-57.34856,1.9822],[-57.31512,1.98093],[-57.30769,1.99938],[-57.27153,1.98417],[-57.27588,1.96745],[-57.22852,1.93776],[-57.23005,1.95154],[-57.20316,1.97961],[-57.18431,1.97838],[-57.18292,1.99919],[-57.15016,1.99129],[-57.14714,2.00711],[-57.13452,2.00249],[-57.11841,2.01832],[-57.11651,2.03283],[-57.09812,2.02067],[-57.08712,2.02973],[-57.06968,1.96239],[-57.02832,1.95109],[-57.02771,1.92554],[-56.97135,1.89208],[-56.96256,1.86927],[-56.92545,1.88926],[-56.9378,1.91307],[-56.92087,1.93467],[-56.91362,1.89353],[-56.84591,1.89294],[-56.80324,1.87473],[-56.7973,1.84601],[-56.76611,1.87528],[-56.76704,1.89527],[-56.73625,1.89613],[-56.73659,1.91392],[-56.71453,1.92478],[-56.68163,1.91064],[-56.68138,1.91933],[-56.67411,1.91103],[-56.65111,1.91553],[-56.65022,1.92952],[-56.61995,1.94584],[-56.59531,1.9323],[-56.58245,1.90465],[-56.56573,1.90632],[-56.49696,1.93367],[-56.48686,1.95248],[-56.44927,1.95622],[-56.42142,1.94324],[-56.40576,1.91776],[-56.36025,1.94391],[-56.33757,1.93895],[-56.26774,1.88392],[-56.2487,1.88178],[-56.2339,1.90042],[-56.21709,1.90363],[-56.19795,1.88957],[-56.17191,1.90033],[-56.17074,1.88818],[-56.16094,1.89346],[-56.12702,1.86142],[-56.09854,1.85115],[-56.08173,1.85955],[-56.03477,1.85529],[-56.00031,1.83614],[-55.95738,1.85224],[-55.93321,1.88209],[-55.89527,1.89499],[-55.89608,1.91127],[-55.91452,1.92171],[-55.90866,1.93689],[-55.93024,1.94599],[-55.92648,1.97182],[-55.93931,1.99301],[-55.93118,2.00224],[-55.90925,1.99121],[-55.89888,2.02925],[-55.93211,2.06152],[-55.92731,2.07914],[-55.94344,2.09041],[-55.95974,2.08638],[-55.97503,2.12837],[-55.98972,2.13208],[-55.99066,2.15718],[-56.00207,2.16843],[-56.03342,2.16901],[-56.05219,2.19128],[-56.03333,2.21723],[-56.03852,2.22724],[-56.06348,2.24272],[-56.07328,2.23661],[-56.08544,2.251],[-56.0986,2.24017],[-56.1381,2.26478],[-56.10606,2.3197],[-56.09293,2.32175],[-56.09041,2.36735],[-56.07111,2.36506],[-56.04946,2.33539],[-56.0289,2.33315],[-56.02047,2.34579],[-56.03875,2.36144],[-56.00433,2.40815],[-55.98933,2.41326],[-55.98602,2.43121],[-56.01242,2.4459],[-55.97932,2.47924],[-55.97678,2.49295],[-55.99394,2.50107],[-55.97547,2.52528],[-55.9215,2.52803],[-55.92216,2.51425],[-55.89963,2.51558],[-55.8453,2.46339],[-55.76476,2.4553],[-55.75661,2.43869],[-55.76583,2.43747],[-55.74792,2.4093],[-55.72022,2.40114],[-55.7037,2.40067],[-55.69646,2.41892],[-55.62597,2.41701],[-55.58696,2.43544],[-55.55478,2.42512],[-55.49254,2.4451],[-55.46814,2.43478],[-55.46592,2.44486],[-55.42499,2.43791],[-55.40345,2.44505],[-55.40159,2.41688],[-55.37943,2.41015],[-55.34423,2.4577],[-55.36419,2.46264],[-55.36384,2.48532],[-55.3517,2.47597],[-55.35135,2.50585],[-55.31978,2.51583],[-55.31544,2.53021],[-55.28756,2.51296],[-55.27532,2.51948],[-55.26402,2.48686],[-55.24863,2.48586],[-55.23342,2.50317],[-55.23828,2.50973],[-55.2213,2.5173],[-55.21395,2.50045],[-55.19809,2.50697],[-55.20557,2.52404],[-55.18572,2.53214],[-55.18659,2.56076],[-55.17023,2.55968],[-55.1533,2.57695],[-55.15301,2.56836],[-55.12517,2.57152],[-55.11756,2.51608],[-55.08772,2.53554],[-55.07421,2.52592],[-55.01567,2.58859],[-54.96676,2.60327],[-54.96651,2.61387],[-54.93911,2.63224],[-54.92707,2.60974],[-54.93339,2.5893],[-54.95159,2.5893],[-54.97169,2.56653],[-54.92421,2.50096],[-54.90998,2.50161],[-54.91232,2.48489],[-54.87224,2.47414],[-54.87643,2.43417],[-54.8386,2.4339],[-54.84064,2.42532],[-54.8162,2.42198],[-54.81505,2.43059],[-54.79458,2.43144],[-54.79605,2.4467],[-54.77423,2.44838],[-54.77829,2.47305],[-54.76516,2.47452],[-54.76033,2.46347],[-54.73798,2.47146],[-54.69648,2.46235],[-54.68465,2.44765],[-54.70117,2.43731],[-54.69928,2.42318],[-54.68657,2.41374],[-54.71861,2.39957],[-54.70575,2.36236],[-54.69161,2.36178],[-54.69393,2.35287],[-54.66371,2.35651],[-54.66243,2.32815],[-54.64298,2.3222],[-54.60126,2.33765],[-54.58759,2.32227],[-54.5365,2.32513],[-54.51372,2.28037],[-54.54872,2.26965],[-54.52314,2.25195],[-54.50356,2.25434],[-54.49314,2.23115],[-54.46067,2.20772],[-54.42332,2.21437],[-54.41535,2.19903],[-54.37339,2.22735],[-54.35914,2.2242],[-54.35398,2.20285],[-54.36281,2.17778],[-54.33898,2.16905],[-54.33503,2.15367],[-54.32045,2.15891],[-54.2671,2.14354],[-54.18349,2.17724],[-54.18177,2.15224],[-54.167,2.15239],[-54.15153,2.12983],[-54.15618,2.1225],[-54.12647,2.1239],[-54.10131,2.11201],[-54.10635,2.1209],[-54.09328,2.13917],[-54.0838,2.13571],[-54.08227,2.17328],[-54.05867,2.19748],[-54.02324,2.18121],[-53.98454,2.21202],[-53.94498,2.21474],[-53.93365,2.23549],[-53.94208,2.24668],[-53.93594,2.28391],[-53.92194,2.28852],[-53.90898,2.28232],[-53.91086,2.27208],[-53.88516,2.275],[-53.8834,2.30834],[-53.84899,2.31382],[-53.83476,2.3317],[-53.81022,2.33992],[-53.81091,2.35212],[-53.76853,2.37519],[-53.73858,2.36536],[-53.75246,2.35958],[-53.74472,2.35425],[-53.73865,2.36076],[-53.72093,2.35073],[-53.74517,2.31902],[-53.74681,2.30972],[-53.73223,2.30202],[-53.72141,2.31265],[-53.69615,2.30997],[-53.69693,2.29322],[-53.66888,2.30382],[-53.66003,2.29589],[-53.66943,2.28792],[-53.64478,2.27563],[-53.60451,2.28127],[-53.5873,2.26363],[-53.57307,2.2708],[-53.55244,2.25718],[-53.54342,2.26773],[-53.46974,2.2519],[-53.45087,2.2595],[-53.44766,2.28042],[-53.43143,2.28281],[-53.43466,2.29511],[-53.40646,2.28937],[-53.40029,2.30469],[-53.3713,2.31286],[-53.35698,2.32885],[-53.35882,2.34714],[-53.34069,2.35174],[-53.33013,2.33874],[-53.31688,2.34025],[-53.30979,2.31474],[-53.26015,2.29338],[-53.26341,2.27591],[-53.23018,2.26889],[-53.22641,2.25453],[-53.25798,2.24238],[-53.26129,2.22014],[-53.27092,2.21961],[-53.27586,2.19419],[-53.26205,2.18951],[-53.24828,2.21067],[-53.22358,2.20066],[-53.20877,2.21096],[-53.09976,2.22571],[-53.06889,2.21397],[-53.05387,2.19082],[-52.9879,2.16813],[-52.93848,2.18058],[-52.93913,2.18998],[-52.90573,2.1878],[-52.88622,2.21934],[-52.88747,2.23872],[-52.85191,2.26883],[-52.8586,2.28152],[-52.83862,2.28128],[-52.84197,2.29178],[-52.80176,2.30005],[-52.71678,2.34374],[-52.71079,2.35852],[-52.66056,2.37442],[-52.64646,2.43255],[-52.61074,2.45491],[-52.62202,2.46314],[-52.61683,2.47576],[-52.59815,2.47537],[-52.55194,2.51998],[-52.56114,2.5506],[-52.55105,2.56115],[-52.53793,2.55835],[-52.52758,2.58203],[-52.53153,2.59846],[-52.55005,2.61118],[-52.54229,2.62288],[-52.55556,2.63723],[-52.54296,2.65435],[-52.53265,2.65018],[-52.47977,2.75137],[-52.4733,2.79437],[-52.41757,2.89429],[-52.391,2.89766],[-52.37719,2.91655],[-52.39554,2.9297],[-52.39301,2.94747],[-52.38378,2.95037],[-52.36194,3.01717],[-52.3261,3.07662],[-52.34546,3.09773],[-52.33823,3.11748],[-52.35286,3.12653],[-52.34927,3.13513],[-52.33141,3.1385],[-52.34078,3.14442],[-52.32951,3.16704],[-52.29936,3.17822],[-52.29251,3.22642],[-52.26045,3.253],[-52.23377,3.24085],[-52.18969,3.2986],[-52.07241,3.51633],[-52.06177,3.51867],[-51.98816,3.62818],[-51.99348,3.64359],[-51.97391,3.70628],[-51.95109,3.72228],[-51.92434,3.72259],[-51.91933,3.78183],[-51.89681,3.78471],[-51.90282,3.80077],[-51.88665,3.79415],[-51.86952,3.80842],[-51.79864,3.88814],[-51.78443,3.91524],[-51.78071,3.96925],[-51.74494,4.00287],[-51.65768,4.05197],[-51.63588,4.12468],[-51.62946,4.19541],[-51.66964,4.2823],[-51.67733,4.35295],[-51.67002,4.42543],[-51.63492,4.4562],[-51.64092,4.48439],[-51.62842,4.50434],[-51.48588,4.43718],[-51.39423,4.36498],[-51.28336,4.25027],[-51.19754,4.10616],[-51.17565,4.01086],[-51.1793,3.9195],[-51.10187,3.9128],[-51.08512,3.89978],[-51.09117,3.73847],[-51.08177,3.55954],[-51.09101,3.48048],[-51.10931,3.45063],[-51.08654,3.35017],[-51.03282,3.21369],[-51.04441,3.134],[-51.0143,3.08556],[-51.02117,3.05138],[-50.99883,3.01104],[-50.98376,2.93707],[-50.94896,2.87535],[-50.95421,2.83724],[-50.9095,2.79011],[-50.90535,2.75694],[-50.88731,2.74623],[-50.88044,2.6842],[-50.84772,2.64034],[-50.84734,2.5914],[-50.82356,2.52763],[-50.82701,2.51277],[-50.79422,2.49855],[-50.77037,2.45342],[-50.74533,2.3219],[-50.72263,2.28775],[-50.71998,2.23631],[-50.68663,2.19105],[-50.68187,2.1334],[-50.61783,2.09127],[-50.59806,2.06383],[-50.58266,1.98963],[-50.52562,1.92994],[-50.47496,1.8386],[-50.44484,1.81504],[-50.40046,1.80027],[-50.32461,1.81538],[-50.15869,1.81122],[-50.03221,1.7597],[-49.92062,1.68793],[-49.87764,1.46491],[-49.88364,1.33998],[-49.90427,1.29559],[-49.89758,1.19158],[-49.88308,1.16908],[-49.88978,1.0136],[-49.94414,0.95936],[-49.98902,0.93951],[-50.00247,0.90641],[-49.98838,0.87484],[-50.02026,0.85877],[-50.09736,0.76705],[-50.22039,0.74312],[-50.23124,0.73014],[-50.22273,0.67805],[-50.20404,0.64802],[-50.13349,0.61962],[-50.10435,0.63955],[-50.07264,0.63579],[-50.03731,0.60188],[-50.02786,0.56783],[-50.07743,0.46344],[-50.17274,0.39764],[-50.17462,0.34792],[-50.13169,0.33066],[-50.09844,0.34446],[-49.99291,0.33842],[-49.98051,0.3605],[-49.94591,0.36577],[-49.9077,0.3401],[-49.92094,0.32482],[-49.91416,0.3197],[-49.88921,0.3225],[-49.82828,0.35543],[-49.80779,0.33205],[-49.72475,0.37765],[-49.61813,0.39205],[-49.58517,0.41834],[-49.50318,0.37168],[-49.48944,0.34301],[-49.49503,0.31863],[-49.63329,0.24135],[-49.64445,0.21666],[-49.69272,0.1781],[-49.69958,0.15051],[-49.66566,0.09656],[-49.63223,0.07489],[-49.58258,0.08966],[-49.47896,0.08106],[-49.39701,0.06216],[-49.36948,0.0378],[-49.37052,0.01877],[-49.35433,-0.00958],[-49.35894,-0.02591],[-49.37474,-0.03179],[-49.38761,-0.05739],[-49.41548,-0.06623],[-49.43166,-0.0882],[-49.43861,-0.12649],[-49.42219,-0.16845],[-49.39418,-0.19095],[-49.33456,-0.16052],[-49.25049,-0.16553],[-49.19617,-0.13135],[-49.17707,-0.13972],[-49.16463,-0.13034],[-49.15596,-0.1578],[-49.1255,-0.17151],[-49.10946,-0.16125],[-49.03942,-0.16934],[-49.01262,-0.15988],[-48.99727,-0.18621],[-48.93957,-0.22576],[-48.9179,-0.22955],[-48.81008,-0.21477],[-48.74373,-0.24992],[-48.71197,-0.25185],[-48.63846,-0.23228],[-48.50367,-0.24251],[-48.42881,-0.22717],[-48.39691,-0.25163],[-48.37463,-0.30307],[-48.38825,-0.35269],[-48.44941,-0.42795],[-48.47373,-0.52671],[-48.47059,-0.61405],[-48.48803,-0.73396],[-48.51214,-0.75902],[-48.50098,-0.82896],[-48.47472,-0.8739],[-48.40957,-0.90575],[-48.33614,-0.92141],[-48.29377,-0.91968],[-48.26846,-0.90293],[-48.22949,-0.82782],[-48.17157,-0.81644],[-48.1584,-0.77421],[-48.05139,-0.65947],[-48.02367,-0.67088],[-48.0197,-0.68656],[-47.99122,-0.69469],[-47.97701,-0.68619],[-47.95551,-0.63197],[-47.91735,-0.62324],[-47.92056,-0.60295],[-47.90798,-0.60263],[-47.91712,-0.56645],[-47.90598,-0.55969],[-47.86994,-0.56123],[-47.85875,-0.57037],[-47.85839,-0.58934],[-47.84678,-0.58786],[-47.84642,-0.62697],[-47.85364,-0.63597],[-47.86568,-0.67057],[-47.85142,-0.66917],[-47.84396,-0.68094],[-47.8261,-0.66107],[-47.82088,-0.63747],[-47.83058,-0.60956],[-47.81772,-0.56469],[-47.79824,-0.55843],[-47.80798,-0.58786],[-47.77758,-0.58179],[-47.77175,-0.6072],[-47.7611,-0.61054],[-47.7573,-0.59468],[-47.77115,-0.56429],[-47.74077,-0.56367],[-47.75545,-0.5464],[-47.7386,-0.53672],[-47.70388,-0.53458],[-47.70429,-0.55331],[-47.69121,-0.55342],[-47.70213,-0.59341],[-47.6662,-0.57573],[-47.63273,-0.60211],[-47.64164,-0.65438],[-47.63446,-0.66691],[-47.64469,-0.68295],[-47.63149,-0.70626],[-47.60806,-0.69777],[-47.58658,-0.63825],[-47.58981,-0.57611],[-47.56428,-0.58159],[-47.53849,-0.60447],[-47.53153,-0.61636],[-47.54045,-0.63809],[-47.52148,-0.6477],[-47.48157,-0.73908],[-47.47345,-0.73485],[-47.46999,-0.69375],[-47.47901,-0.65715],[-47.47332,-0.62855],[-47.4847,-0.61817],[-47.47435,-0.59227],[-47.44329,-0.58457],[-47.4149,-0.59149],[-47.41152,-0.60393],[-47.43084,-0.6408],[-47.42597,-0.65727],[-47.42462,-0.64538],[-47.3953,-0.6538],[-47.38925,-0.62814],[-47.36988,-0.6299],[-47.38628,-0.60468],[-47.36851,-0.6003],[-47.34693,-0.61148],[-47.35134,-0.60117],[-47.32371,-0.59198],[-47.28637,-0.60296],[-47.29448,-0.64475],[-47.25068,-0.64529],[-47.26196,-0.62429],[-47.21819,-0.63268],[-47.20477,-0.64997],[-47.21218,-0.68208],[-47.20458,-0.69814],[-47.17094,-0.67626],[-47.17209,-0.76288],[-47.16048,-0.76228],[-47.15604,-0.7428],[-47.13724,-0.73255],[-47.1273,-0.71476],[-47.13996,-0.69768],[-47.12364,-0.6937],[-47.13117,-0.68544],[-47.12119,-0.67621],[-47.09203,-0.67414],[-47.07538,-0.69395],[-47.09939,-0.75348],[-47.08584,-0.75089],[-47.07777,-0.78405],[-47.06683,-0.77461],[-47.06338,-0.79229],[-47.04988,-0.79844],[-47.0354,-0.79062],[-47.0279,-0.76367],[-47.01558,-0.75803],[-47.01343,-0.77105],[-47.00266,-0.7608],[-46.99066,-0.7119],[-46.97498,-0.7041],[-46.95812,-0.71075],[-46.94615,-0.73099],[-46.97029,-0.76748],[-46.94225,-0.80747],[-46.94121,-0.86924],[-46.91613,-0.85242],[-46.91282,-0.82112],[-46.88367,-0.80765],[-46.88367,-0.76718],[-46.86288,-0.75975],[-46.87215,-0.75139],[-46.86236,-0.74169],[-46.83602,-0.74671],[-46.82434,-0.79121],[-46.83948,-0.79118],[-46.82466,-0.8034],[-46.84415,-0.81818],[-46.82764,-0.84222],[-46.80441,-0.82678],[-46.80636,-0.87049],[-46.78784,-0.86745],[-46.78633,-0.85102],[-46.76615,-0.83959],[-46.76121,-0.79893],[-46.73977,-0.82076],[-46.73544,-0.86223],[-46.72089,-0.8665],[-46.71596,-0.84384],[-46.69219,-0.83386],[-46.67021,-0.84994],[-46.67607,-0.83118],[-46.66288,-0.81302],[-46.68067,-0.7983],[-46.64509,-0.79272],[-46.63118,-0.81471],[-46.62931,-0.80083],[-46.61867,-0.80607],[-46.59613,-0.84194],[-46.64212,-0.90949],[-46.62498,-0.92119],[-46.64204,-0.94886],[-46.63641,-0.96908],[-46.60196,-0.95694],[-46.57629,-0.98058],[-46.5568,-0.91863],[-46.54352,-0.90761],[-46.53282,-0.90858],[-46.53835,-0.95237],[-46.53132,-0.95299],[-46.50513,-0.8985],[-46.5148,-0.88773],[-46.49585,-0.8722],[-46.4664,-0.89404],[-46.45911,-0.88549],[-46.46557,-0.87253],[-46.4238,-0.86645],[-46.41026,-0.88764],[-46.44606,-0.91086],[-46.45985,-0.90345],[-46.48037,-0.9238],[-46.4626,-0.94024],[-46.46536,-0.95171],[-46.49492,-0.97574],[-46.4694,-0.98122],[-46.46908,-1.02529],[-46.42838,-1.02413],[-46.41589,-1.00096],[-46.39623,-0.99691],[-46.3895,-1.02068],[-46.3717,-1.02825],[-46.3666,-1.01419],[-46.34637,-1.00725],[-46.3346,-1.02479],[-46.31929,-1.02371],[-46.28773,-0.99942],[-46.28997,-0.98472],[-46.26668,-0.96128],[-46.26483,-0.91341],[-46.20072,-0.88686],[-46.18191,-0.90948],[-46.17574,-0.94281],[-46.2216,-0.98376],[-46.20588,-1.06434],[-46.23956,-1.09825],[-46.23013,-1.10452],[-46.19348,-1.0796],[-46.18369,-1.01405],[-46.17052,-0.99938],[-46.1605,-1.00517],[-46.1506,-1.04871],[-46.17174,-1.08485],[-46.15277,-1.08867],[-46.14129,-1.05816],[-46.09455,-1.02063],[-46.06973,-1.03679],[-46.0938,-1.05464],[-46.06181,-1.09719],[-46.08714,-1.13442],[-46.09817,-1.19606],[-46.14926,-1.226],[-46.14008,-1.24769],[-46.16158,-1.28189],[-46.14731,-1.30944],[-46.12913,-1.31247],[-46.12894,-1.33426],[-46.10372,-1.33729],[-46.1518,-1.41896],[-46.13773,-1.43713],[-46.1436,-1.44974],[-46.17614,-1.47738],[-46.14408,-1.51783],[-46.13558,-1.56287],[-46.13363,-1.58182],[-46.15493,-1.59374],[-46.14936,-1.61503],[-46.16588,-1.63437],[-46.15532,-1.6754],[-46.17409,-1.70051],[-46.2035,-1.70529],[-46.21122,-1.72718],[-46.2251,-1.73167],[-46.24758,-1.72092],[-46.26585,-1.73284],[-46.31188,-1.73323],[-46.32449,-1.77269],[-46.31005,-1.80627],[-46.29549,-1.79441],[-46.25891,-1.79497],[-46.23033,-1.80312],[-46.21103,-1.83106],[-46.24479,-1.8839],[-46.22876,-1.88849],[-46.22339,-1.91491],[-46.25026,-2.01752],[-46.2746,-2.05463],[-46.27308,-2.12011],[-46.29932,-2.13989],[-46.2833,-2.15439],[-46.33558,-2.19404],[-46.34721,-2.22197],[-46.37697,-2.24589],[-46.39114,-2.25014],[-46.41064,-2.22876],[-46.43194,-2.23706],[-46.4163,-2.27382],[-46.43306,-2.30068],[-46.43165,-2.3348],[-46.46331,-2.36224],[-46.46629,-2.37894],[-46.44601,-2.38167],[-46.43189,-2.36449],[-46.40941,-2.37137],[-46.44215,-2.41941],[-46.43878,-2.48522],[-46.43008,-2.49596],[-46.43678,-2.50797],[-46.41933,-2.53243],[-46.47357,-2.54658],[-46.48911,-2.53653],[-46.50172,-2.54678],[-46.48794,-2.56884],[-46.49258,-2.58358],[-46.50944,-2.59061],[-46.50685,-2.61687],[-46.57887,-2.63152],[-46.59681,-2.66373],[-46.60609,-2.63947],[-46.62226,-2.64494],[-46.6186,-2.66539],[-46.6381,-2.68721],[-46.6509,-2.6815],[-46.6467,-2.68843],[-46.67137,-2.7062],[-46.66961,-2.7346],[-46.65398,-2.72904],[-46.65075,-2.75881],[-46.63692,-2.75379],[-46.63849,-2.79093],[-46.62642,-2.80655],[-46.60252,-2.78922],[-46.60111,-2.81318],[-46.5757,-2.84154],[-46.58957,-2.84578],[-46.61484,-2.82939],[-46.61083,-2.85345],[-46.62095,-2.85964],[-46.64,-2.85091],[-46.63942,-2.88356],[-46.66844,-2.87594],[-46.68083,-2.88314],[-46.65481,-2.93229],[-46.67303,-2.94507],[-46.64841,-2.96127],[-46.65017,-2.97303],[-46.66297,-2.97469],[-46.64924,-2.98343],[-46.64992,-2.99602],[-46.67416,-3.00021],[-46.65921,-3.01192],[-46.6703,-3.01431],[-46.66917,-3.03286],[-46.67733,-3.03427],[-46.6765,-3.09414],[-46.70675,-3.10063],[-46.71041,-3.128],[-46.71271,-3.1141],[-46.72439,-3.11146],[-46.73196,-3.12459],[-46.7496,-3.12449],[-46.74447,-3.13737],[-46.7282,-3.1303],[-46.72263,-3.15913],[-46.74955,-3.16591],[-46.75156,-3.18884],[-46.77306,-3.1786],[-46.75933,-3.19567],[-46.77154,-3.20407],[-46.75728,-3.20977],[-46.77853,-3.21685],[-46.78591,-3.24724],[-46.80675,-3.24531],[-46.80206,-3.266],[-46.81857,-3.2681],[-46.81134,-3.29098],[-46.82625,-3.29693],[-46.81222,-3.30205],[-46.81486,-3.31147],[-46.841,-3.32449],[-46.84921,-3.31839],[-46.85864,-3.34298],[-46.86534,-3.32854],[-46.87448,-3.34591],[-46.88483,-3.33517],[-46.90384,-3.36454],[-46.94425,-3.3772],[-46.93668,-3.38403],[-46.93946,-3.39676],[-46.94567,-3.39003],[-46.94015,-3.41656],[-46.95632,-3.42588],[-46.94205,-3.44866],[-46.95632,-3.46129],[-46.94845,-3.4768],[-46.96971,-3.47577],[-46.96272,-3.4965],[-46.96878,-3.48938],[-46.98242,-3.49616],[-46.96888,-3.51606],[-46.97836,-3.51772],[-46.9757,-3.52977],[-47.00377,-3.5342],[-47.01848,-3.54854],[-47.01847,-3.56554],[-47.03825,-3.5643],[-47.03023,-3.58093],[-47.04025,-3.59227],[-47.02743,-3.59881],[-47.05234,-3.63539],[-47.04069,-3.64067],[-47.05705,-3.65458],[-47.04889,-3.66865],[-47.03702,-3.66797],[-47.05453,-3.68501],[-47.04628,-3.70544],[-47.06507,-3.76058],[-47.05592,-3.77263],[-47.07825,-3.81168],[-47.07262,-3.81786],[-47.08679,-3.82551],[-47.08874,-3.86158],[-47.1002,-3.86075],[-47.10828,-3.88114],[-47.13254,-3.87865],[-47.1381,-3.90431],[-47.14695,-3.8962],[-47.1485,-3.91449],[-47.17346,-3.92443],[-47.16873,-3.94061],[-47.17879,-3.94159],[-47.18155,-3.96705],[-47.19281,-3.96884],[-47.18755,-3.97957],[-47.19519,-3.98561],[-47.20413,-3.97649],[-47.22266,-4.0013],[-47.24054,-4.00036],[-47.2674,-4.03346],[-47.27634,-4.03014],[-47.30633,-4.0592],[-47.31868,-4.04763],[-47.3502,-4.11782],[-47.34016,-4.17637],[-47.36583,-4.18064],[-47.36087,-4.19242],[-47.37915,-4.22114],[-47.37177,-4.24559],[-47.47033,-4.31071],[-47.47954,-4.3285],[-47.47631,-4.35644],[-47.51814,-4.42702],[-47.56571,-4.47854],[-47.58357,-4.52296],[-47.67996,-4.60862],[-47.79257,-4.58641],[-47.81615,-4.61473],[-48.40038,-5.07416],[-48.41905,-5.08571],[-48.43679,-5.07867],[-48.43315,-5.09807],[-48.75515,-5.34917],[-48.73688,-5.37396],[-48.65049,-5.38492],[-48.62912,-5.41006],[-48.59673,-5.42254],[-48.55754,-5.41671],[-48.5139,-5.42982],[-48.38474,-5.39421],[-48.34724,-5.43536],[-48.32809,-5.49663],[-48.30071,-5.52301],[-48.26151,-5.54807],[-48.2126,-5.55424],[-48.13815,-5.60269],[-48.13457,-5.63544],[-48.17228,-5.70865],[-48.23065,-5.72926],[-48.27571,-5.72651],[-48.29764,-5.76512],[-48.29197,-5.83684],[-48.23013,-5.92252],[-48.23291,-5.94757],[-48.29683,-5.96986],[-48.33472,-6.00427],[-48.33838,-6.02836],[-48.32974,-6.03982],[-48.29848,-6.05013],[-48.28688,-6.06577],[-48.28805,-6.09756],[-48.30551,-6.1185],[-48.36549,-6.14737],[-48.40827,-6.1534],[-48.43616,-6.18796],[-48.41271,-6.28133],[-48.41712,-6.29859],[-48.37821,-6.33369],[-48.38268,-6.37961],[-48.44771,-6.35118],[-48.50022,-6.35093],[-48.54058,-6.40084],[-48.60718,-6.44801],[-48.6581,-6.53941],[-48.66455,-6.56767],[-48.65196,-6.63995],[-48.66628,-6.66423],[-48.72913,-6.68926],[-48.79268,-6.74369],[-48.82586,-6.75465],[-48.91385,-6.75737],[-48.96371,-6.77946],[-49.01888,-6.78421],[-49.04377,-6.81577],[-49.11527,-6.86995],[-49.17194,-6.89294],[-49.20953,-6.92542],[-49.21745,-6.96147],[-49.1914,-7.05545],[-49.18528,-7.23517],[-49.23394,-7.32891],[-49.378,-7.49645],[-49.38405,-7.54349],[-49.37436,-7.58849],[-49.33515,-7.66868],[-49.22116,-7.7616],[-49.15058,-7.8022],[-49.16491,-7.83287],[-49.16324,-7.92128],[-49.18203,-7.97696],[-49.17672,-8.06151],[-49.19936,-8.08757],[-49.20958,-8.17549],[-49.24866,-8.25538],[-49.28332,-8.37956],[-49.34941,-8.41838],[-49.37701,-8.45529],[-49.40989,-8.58],[-49.45147,-8.6125],[-49.4898,-8.69204],[-49.59241,-8.83949],[-49.68436,-8.85647],[-49.74509,-8.90616],[-49.79366,-8.97943],[-49.84259,-9.02733],[-49.87128,-9.10397],[-49.91005,-9.15352],[-49.90542,-9.16974],[-49.96687,-9.23106],[-49.99693,-9.23765],[-50.00272,-9.26531],[-50.03778,-9.28941],[-50.05547,-9.3347],[-50.05283,-9.37267],[-50.10534,-9.47541],[-50.10795,-9.50863],[-50.09107,-9.54951],[-50.10733,-9.57251],[-50.10737,-9.59428],[-50.13775,-9.62482],[-50.15004,-9.69278],[-50.19907,-9.76174],[-50.22481,-9.84116],[-56.67188,-9.3674],[-56.70839,-9.37321]],[[-48.46948,-1.01943],[-48.62441,-1.19217],[-48.60046,-1.24632],[-48.56071,-1.30042],[-48.54521,-1.35437],[-48.51523,-1.39433],[-48.51819,-1.4686],[-48.50627,-1.52658],[-48.49976,-1.50479],[-48.45365,-1.52033],[-48.41037,-1.50944],[-48.36046,-1.47369],[-48.33175,-1.46695],[-48.34944,-1.44036],[-48.33152,-1.42886],[-48.33645,-1.41112],[-48.36358,-1.40691],[-48.36729,-1.37076],[-48.33992,-1.32905],[-48.35154,-1.31596],[-48.34115,-1.29181],[-48.35204,-1.27905],[-48.33915,-1.26793],[-48.3534,-1.2641],[-48.33466,-1.23983],[-48.35304,-1.22103],[-48.30224,-1.15645],[-48.29612,-1.12748],[-48.32376,-1.05966],[-48.46948,-1.01943]]],[[[-50.45741,2.1127],[-50.39877,2.105],[-50.38342,2.0712],[-50.36076,2.05736],[-50.36108,2.01903],[-50.31845,1.96484],[-50.31742,1.9475],[-50.36699,1.88945],[-50.42551,1.86702],[-50.45492,1.8885],[-50.49864,1.99454],[-50.52123,2.00543],[-50.50421,2.09403],[-50.46843,2.1],[-50.45741,2.1127]]],[[[-50.42391,2.1468],[-50.42263,2.11846],[-50.45822,2.11525],[-50.4954,2.0962],[-50.55243,2.1503],[-50.52323,2.18206],[-50.46676,2.18467],[-50.42391,2.1468]]],[[[-48.86531,-0.1913],[-48.92455,-0.21398],[-48.94599,-0.20886],[-48.93001,-0.16046],[-48.91563,-0.15129],[-48.87724,-0.16054],[-48.87737,-0.18183],[-48.86531,-0.1913]]],[[[-48.98547,-0.1709],[-48.96856,-0.18941],[-48.98673,-0.17999],[-48.98547,-0.1709]]],[[[-48.93768,-0.17194],[-48.94823,-0.18179],[-48.94523,-0.17165],[-48.93768,-0.17194]]],[[[-48.74717,-0.17145],[-48.76091,-0.18485],[-48.77071,-0.17866],[-48.76171,-0.16536],[-48.74717,-0.17145]]],[[[-48.73488,-0.16786],[-48.73178,-0.17296],[-48.73647,-0.17206],[-48.73488,-0.16786]]],[[[-48.97496,-0.16683],[-48.97705,-0.17233],[-48.98149,-0.16651],[-48.97496,-0.16683]]],[[[-49.12835,-0.14085],[-49.12166,-0.15691],[-49.13531,-0.16146],[-49.15436,-0.14647],[-49.15114,-0.13575],[-49.12835,-0.14085]]],[[[-49.50521,0.12948],[-49.48763,0.14924],[-49.47691,0.14821],[-49.44953,0.11607],[-49.50237,0.11738],[-49.50521,0.12948]]],[[[-49.63286,0.1945],[-49.60236,0.16947],[-49.6154,0.15282],[-49.65346,0.14504],[-49.67745,0.15572],[-49.66068,0.18726],[-49.63286,0.1945]]],[[[-49.6079,0.19195],[-49.55493,0.20643],[-49.56835,0.18101],[-49.6079,0.19195]]],[[[-49.57632,0.21971],[-49.63211,0.20103],[-49.60214,0.24277],[-49.55782,0.24386],[-49.57632,0.21971]]],[[[-48.4328,-0.80717],[-48.42939,-0.80503],[-48.42793,-0.80745],[-48.4328,-0.80717]]],[[[-47.99292,-0.68154],[-47.99223,-0.69349],[-47.99643,-0.68155],[-47.99292,-0.68154]]],[[[-48.00813,-0.68284],[-48.01224,-0.66194],[-48.00618,-0.66711],[-48.00813,-0.68284]]],[[[-47.8424,-0.67183],[-47.84613,-0.66264],[-47.84001,-0.6587],[-47.8424,-0.67183]]],[[[-47.9845,-0.65621],[-47.97081,-0.65497],[-47.98161,-0.67341],[-47.9845,-0.65621]]],[[[-47.838,-0.65618],[-47.83476,-0.65903],[-47.83678,-0.66475],[-47.838,-0.65618]]],[[[-47.82718,-0.64877],[-47.82977,-0.63664],[-47.82286,-0.63398],[-47.82718,-0.64877]]],[[[-47.85259,-0.63598],[-47.85192,-0.63661],[-47.85444,-0.64007],[-47.85259,-0.63598]]],[[[-47.91769,-0.58991],[-47.90992,-0.5993],[-47.92086,-0.59453],[-47.91769,-0.58991]]],[[[-47.92173,-0.58122],[-47.92157,-0.57674],[-47.91398,-0.58438],[-47.92173,-0.58122]]],[[[-46.43676,-1.01905],[-46.43754,-1.01892],[-46.43676,-1.01845],[-46.43676,-1.01905]]],[[[-46.44002,-1.01791],[-46.43754,-1.01779],[-46.43862,-1.01832],[-46.44002,-1.01791]]],[[[-46.37985,-1.00183],[-46.37478,-1.01879],[-46.38142,-1.02238],[-46.38586,-1.00717],[-46.37985,-1.00183]]],[[[-46.445,-1.01089],[-46.43393,-1.0058],[-46.43335,-1.01414],[-46.445,-1.01089]]],[[[-46.44048,-1.00604],[-46.43663,-1.00428],[-46.43945,-1.0063],[-46.44048,-1.00604]]],[[[-46.48621,-0.97289],[-46.48146,-0.97113],[-46.48071,-0.9738],[-46.48621,-0.97289]]],[[[-46.33192,-0.98446],[-46.32784,-0.97298],[-46.33998,-0.95985],[-46.32213,-0.93641],[-46.30881,-0.93827],[-46.31281,-1.00733],[-46.33192,-0.98446]]],[[[-46.476,-0.9687],[-46.46868,-0.96392],[-46.46977,-0.96779],[-46.476,-0.9687]]],[[[-46.43623,-0.9904],[-46.41089,-0.9409],[-46.40163,-0.94764],[-46.40492,-0.96538],[-46.43623,-0.9904]]],[[[-46.62685,-0.95924],[-46.62013,-0.94593],[-46.60255,-0.94149],[-46.60639,-0.95515],[-46.62685,-0.95924]]],[[[-46.15565,-0.95263],[-46.15355,-0.9288],[-46.13723,-0.92682],[-46.14446,-0.9479],[-46.15565,-0.95263]]],[[[-46.46064,-0.91473],[-46.462,-0.90809],[-46.45591,-0.90813],[-46.46064,-0.91473]]],[[[-46.72814,-0.78245],[-46.72128,-0.78313],[-46.72374,-0.79004],[-46.72814,-0.78245]]]]}},{"type":"Feature","id":"cep2-69","properties":{"postal_code_id":"cep2-69","postal_codes":["69"],"first_digits":["6"],"states":["AC","AM","RR"]},"geometry":{"type":"Polygon","coordinates":[[[-68.4341,-11.0321],[-68.44481,-11.04609],[-68.48719,-11.05088],[-68.51847,-11.08711],[-68.53987,-11.09675],[-68.54297,-11.11136],[-68.71612,-11.14556],[-68.72135,-11.10291],[-68.74189,-11.09676],[-68.76536,-11.06565],[-68.74863,-11.01869],[-68.75939,-10.99982],[-68.77042,-11.00691],[-68.8115,-10.99421],[-68.80375,-11.0012],[-68.82908,-11.00619],[-68.82683,-10.996],[-68.83759,-11.0012],[-68.84369,-10.9915],[-68.85989,-11.01637],[-68.88284,-11.00837],[-68.88002,-11.02137],[-68.89487,-11.00624],[-68.91211,-11.02166],[-68.93269,-11.00506],[-68.94799,-11.01157],[-68.95252,-10.99075],[-68.97389,-10.98944],[-68.98732,-10.998],[-68.98385,-11.00787],[-69.00135,-11.00892],[-69.03806,-10.9772],[-69.06107,-10.98577],[-69.07145,-10.96693],[-69.07796,-10.9758],[-69.08725,-10.96977],[-69.10429,-10.98038],[-69.11416,-10.97197],[-69.1221,-10.98027],[-69.12164,-10.96695],[-69.1482,-10.97188],[-69.1541,-10.95472],[-69.16082,-10.96502],[-69.20134,-10.94818],[-69.21617,-10.95797],[-69.23263,-10.93996],[-69.23982,-10.9514],[-69.25426,-10.9489],[-69.25305,-10.93924],[-69.27562,-10.94407],[-69.2754,-10.95456],[-69.28214,-10.94405],[-69.3045,-10.94836],[-69.32626,-10.93584],[-69.32755,-10.94873],[-69.33605,-10.9408],[-69.34152,-10.95124],[-69.34494,-10.93907],[-69.35801,-10.93794],[-69.37413,-10.941],[-69.3771,-10.95442],[-69.38697,-10.93389],[-69.3957,-10.93523],[-69.39208,-10.94565],[-69.40528,-10.92885],[-69.41274,-10.93741],[-69.41508,-10.92568],[-69.42955,-10.93837],[-69.45265,-10.93683],[-69.45376,-10.94933],[-69.47867,-10.94558],[-69.47791,-10.95487],[-69.49889,-10.93836],[-69.54318,-10.94002],[-69.54074,-10.95088],[-69.55076,-10.95277],[-69.59521,-10.94079],[-69.71406,-10.97624],[-69.72313,-10.96472],[-69.73565,-10.97446],[-69.76012,-10.93921],[-69.77423,-10.9388],[-69.77069,-10.92959],[-69.83211,-10.93348],[-69.85342,-10.92426],[-69.8596,-10.93397],[-69.86161,-10.92631],[-69.93351,-10.92112],[-70.0685,-10.99435],[-70.0951,-10.98709],[-70.09428,-10.99537],[-70.1091,-10.99611],[-70.10678,-11.00586],[-70.15777,-11.04175],[-70.1746,-11.0399],[-70.20074,-11.05469],[-70.26432,-11.05178],[-70.31398,-11.07035],[-70.43778,-11.03902],[-70.45283,-10.99672],[-70.52671,-10.93514],[-70.61761,-10.99904],[-70.61866,-9.81731],[-70.60817,-9.80115],[-70.59046,-9.80238],[-70.5751,-9.77862],[-70.55848,-9.78874],[-70.54578,-9.77842],[-70.52708,-9.72379],[-70.54257,-9.67994],[-70.56295,-9.6692],[-70.59299,-9.62287],[-70.59824,-9.60729],[-70.58582,-9.57626],[-70.60061,-9.56275],[-70.59302,-9.54883],[-70.5869,-9.56779],[-70.57417,-9.56362],[-70.55882,-9.57516],[-70.55257,-9.56791],[-70.56911,-9.55592],[-70.56386,-9.53061],[-70.5551,-9.53946],[-70.5384,-9.53541],[-70.54299,-9.51166],[-70.53075,-9.51002],[-70.53153,-9.49874],[-70.51486,-9.50124],[-70.52115,-9.45609],[-70.50387,-9.46152],[-70.5119,-9.44792],[-70.49495,-9.43989],[-70.49454,-9.42513],[-70.53801,-9.43744],[-70.56194,-9.42881],[-70.59581,-9.44126],[-70.59619,-9.45961],[-70.61165,-9.45709],[-70.61169,-9.46737],[-70.63232,-9.47953],[-70.6362,-9.50149],[-70.64889,-9.49844],[-70.66463,-9.52518],[-70.7159,-9.54832],[-70.72579,-9.56723],[-70.74705,-9.56311],[-70.75899,-9.60303],[-70.78636,-9.61425],[-70.80472,-9.64422],[-70.83333,-9.64291],[-70.83702,-9.65428],[-70.87067,-9.66747],[-70.92488,-9.74193],[-70.95238,-9.74203],[-70.97354,-9.75945],[-70.99434,-9.81748],[-71.05055,-9.81564],[-71.08597,-9.83315],[-71.10358,-9.82268],[-71.11572,-9.82744],[-71.12286,-9.846],[-71.16289,-9.87141],[-71.22411,-9.9656],[-71.25369,-9.96307],[-71.30306,-9.98895],[-71.32264,-9.98578],[-71.33736,-9.9658],[-71.37741,-10.0],[-72.18045,-10.0],[-72.17412,-9.98231],[-72.15525,-9.9714],[-72.15435,-9.94577],[-72.16833,-9.93301],[-72.14167,-9.87871],[-72.15875,-9.83541],[-72.15331,-9.79702],[-72.16992,-9.7773],[-72.20074,-9.78037],[-72.25754,-9.752],[-72.24332,-9.66858],[-72.26081,-9.6411],[-72.2529,-9.62253],[-72.2889,-9.60182],[-72.28152,-9.54685],[-72.29028,-9.53567],[-72.3229,-9.54073],[-72.34033,-9.50867],[-72.36646,-9.48965],[-72.3775,-9.49544],[-72.40842,-9.47724],[-72.45619,-9.48855],[-72.49146,-9.4795],[-72.51745,-9.49163],[-72.5437,-9.46561],[-72.64398,-9.44211],[-72.6541,-9.45183],[-72.66838,-9.43761],[-72.70576,-9.43354],[-72.71651,-9.41227],[-73.21247,-9.41205],[-73.19106,-9.3975],[-73.18889,-9.36282],[-73.15492,-9.35669],[-73.13141,-9.31844],[-73.10254,-9.30935],[-73.11113,-9.28595],[-73.08023,-9.24268],[-73.06436,-9.2278],[-73.0357,-9.2362],[-73.02483,-9.21965],[-73.01069,-9.22247],[-72.99796,-9.19793],[-73.02587,-9.17788],[-72.9511,-9.13631],[-72.93938,-9.07214],[-72.94446,-9.0289],[-72.95737,-9.01121],[-72.93985,-8.98539],[-72.96902,-8.98115],[-72.9994,-8.91543],[-73.05839,-8.90731],[-73.08173,-8.84275],[-73.11329,-8.8191],[-73.11671,-8.78143],[-73.1357,-8.76801],[-73.15386,-8.70579],[-73.18137,-8.68559],[-73.19304,-8.6918],[-73.21823,-8.67791],[-73.25356,-8.69135],[-73.25459,-8.68022],[-73.28777,-8.66714],[-73.30119,-8.64959],[-73.29506,-8.63948],[-73.34223,-8.61852],[-73.32962,-8.47858],[-73.37787,-8.46473],[-73.39236,-8.47291],[-73.40495,-8.41908],[-73.48079,-8.39488],[-73.53883,-8.34164],[-73.52633,-8.31166],[-73.54,-8.29224],[-73.52974,-8.27669],[-73.59557,-8.20695],[-73.58808,-8.11224],[-73.63397,-8.05714],[-73.61515,-8.03384],[-73.63782,-8.007],[-73.66941,-8.0125],[-73.68292,-8.00065],[-73.69361,-7.96415],[-73.72333,-7.96043],[-73.72849,-7.96924],[-73.77781,-7.88951],[-73.76778,-7.86128],[-73.75321,-7.85278],[-73.75112,-7.87174],[-73.70889,-7.87512],[-73.67925,-7.84371],[-73.68488,-7.77356],[-73.74202,-7.73334],[-73.82619,-7.71312],[-73.83368,-7.68226],[-73.8739,-7.67101],[-73.88308,-7.65229],[-73.87223,-7.64077],[-73.87712,-7.63238],[-73.91528,-7.62338],[-73.95986,-7.56556],[-73.97908,-7.57109],[-73.98681,-7.55298],[-73.98557,-7.53492],[-73.9413,-7.53438],[-73.92305,-7.49586],[-73.93152,-7.4805],[-73.90889,-7.47315],[-73.92184,-7.41942],[-73.96074,-7.36513],[-73.95648,-7.35425],[-73.92692,-7.36331],[-73.91966,-7.35474],[-73.89053,-7.386],[-73.88497,-7.37629],[-73.86323,-7.38533],[-73.84945,-7.34899],[-73.81851,-7.33632],[-73.78616,-7.343],[-73.76197,-7.33637],[-73.75299,-7.33967],[-73.75567,-7.35359],[-73.72277,-7.34041],[-73.69583,-7.30948],[-73.71769,-7.27254],[-73.70975,-7.24785],[-73.72191,-7.23771],[-73.71903,-7.22712],[-73.74362,-7.22126],[-73.75546,-7.17611],[-73.76992,-7.16992],[-73.76706,-7.15547],[-73.78749,-7.14782],[-73.7855,-7.12843],[-73.79398,-7.13096],[-73.79814,-7.11306],[-73.75791,-7.06],[-73.75981,-6.97502],[-73.74649,-6.96912],[-73.76232,-6.93899],[-73.74789,-6.90725],[-73.72321,-6.8868],[-73.71056,-6.83979],[-73.69722,-6.84073],[-73.68283,-6.81404],[-73.66648,-6.80608],[-73.63818,-6.75356],[-73.5907,-6.72618],[-73.56099,-6.72145],[-73.53759,-6.68444],[-73.46291,-6.66844],[-73.4398,-6.65137],[-73.42472,-6.65463],[-73.41447,-6.64228],[-73.38003,-6.63602],[-73.3829,-6.62142],[-73.35236,-6.59327],[-73.29671,-6.59712],[-73.27511,-6.58443],[-73.2262,-6.58452],[-73.22183,-6.5636],[-73.21222,-6.57643],[-73.20012,-6.56936],[-73.20373,-6.55407],[-73.17613,-6.53461],[-73.18776,-6.52215],[-73.17312,-6.52726],[-73.17073,-6.51721],[-73.15298,-6.52707],[-73.14097,-6.50422],[-73.1414,-6.51435],[-73.13526,-6.51029],[-73.13929,-6.48443],[-73.12837,-6.47716],[-73.12985,-6.46302],[-73.11101,-6.45228],[-73.12132,-6.43099],[-73.10621,-6.41936],[-73.10578,-6.40462],[-73.11905,-6.38846],[-73.12796,-6.39389],[-73.1439,-6.33487],[-73.15157,-6.33824],[-73.14917,-6.32595],[-73.15709,-6.32668],[-73.16132,-6.27633],[-73.18258,-6.2569],[-73.18805,-6.2622],[-73.21049,-6.21871],[-73.21629,-6.22516],[-73.21289,-6.20372],[-73.22397,-6.19286],[-73.21742,-6.18291],[-73.24548,-6.15379],[-73.24823,-6.1086],[-73.23194,-6.09026],[-73.24028,-6.07904],[-73.2301,-6.0785],[-73.22994,-6.04271],[-73.23944,-6.04574],[-73.20939,-6.0217],[-73.21892,-6.02075],[-73.20838,-6.00829],[-73.18757,-6.00547],[-73.19428,-5.99112],[-73.17701,-5.9703],[-73.18722,-5.94474],[-73.18008,-5.92647],[-73.17187,-5.92922],[-73.15099,-5.86744],[-73.12889,-5.87057],[-73.12222,-5.85771],[-73.11726,-5.86421],[-73.11014,-5.82916],[-73.09022,-5.83031],[-73.09324,-5.81745],[-73.07671,-5.81678],[-73.08523,-5.80974],[-73.07973,-5.80023],[-73.05725,-5.79686],[-73.0547,-5.77481],[-73.04357,-5.7763],[-73.04695,-5.7591],[-73.018,-5.73939],[-73.02627,-5.73243],[-73.00341,-5.73105],[-73.01017,-5.72674],[-72.99527,-5.71753],[-72.99912,-5.69999],[-72.98436,-5.69374],[-72.9853,-5.66085],[-72.95882,-5.65574],[-72.9737,-5.61412],[-72.95569,-5.58321],[-72.95774,-5.55912],[-72.93867,-5.54037],[-72.96039,-5.52289],[-72.96132,-5.49389],[-72.94962,-5.47936],[-72.95887,-5.47989],[-72.95606,-5.46237],[-72.94585,-5.45342],[-72.9519,-5.4439],[-72.9409,-5.44018],[-72.92045,-5.37604],[-72.89523,-5.34706],[-72.89937,-5.32682],[-72.86848,-5.29096],[-72.86554,-5.20668],[-72.87713,-5.19205],[-72.86982,-5.17773],[-72.88847,-5.16622],[-72.84917,-5.13604],[-72.85137,-5.14593],[-72.82452,-5.14435],[-72.82442,-5.13183],[-72.81797,-5.13922],[-72.82076,-5.10546],[-72.78448,-5.11195],[-72.78488,-5.09446],[-72.76931,-5.09996],[-72.75505,-5.07677],[-72.73953,-5.08759],[-72.73079,-5.07616],[-72.73516,-5.0589],[-72.70881,-5.04858],[-72.69457,-5.06069],[-72.68446,-5.05082],[-72.66762,-5.0579],[-72.64124,-5.04534],[-72.64241,-5.0626],[-72.63255,-5.05655],[-72.63109,-5.03861],[-72.61809,-5.0453],[-72.60684,-5.02864],[-72.61272,-5.01418],[-72.60182,-5.01073],[-72.59938,-4.98431],[-72.58351,-4.99728],[-72.58428,-4.98232],[-72.56855,-4.98395],[-72.55259,-4.95635],[-72.5361,-4.95532],[-72.53498,-4.96306],[-72.52075,-4.93274],[-72.49518,-4.94925],[-72.49175,-4.93521],[-72.48055,-4.95105],[-72.47264,-4.92386],[-72.45831,-4.92464],[-72.45109,-4.91327],[-72.47067,-4.89321],[-72.45394,-4.89167],[-72.43144,-4.91122],[-72.41393,-4.89873],[-72.41873,-4.87458],[-72.40786,-4.88869],[-72.4013,-4.8752],[-72.38112,-4.87142],[-72.38956,-4.86145],[-72.37655,-4.84156],[-72.38236,-4.82679],[-72.35856,-4.82281],[-72.37165,-4.80874],[-72.34477,-4.80662],[-72.33791,-4.79309],[-72.33783,-4.80515],[-72.32319,-4.8055],[-72.32597,-4.77891],[-72.30959,-4.77519],[-72.31366,-4.78634],[-72.30455,-4.78873],[-72.30225,-4.77603],[-72.2821,-4.78234],[-72.27715,-4.77234],[-72.28398,-4.79688],[-72.2723,-4.79836],[-72.2661,-4.78604],[-72.25417,-4.78943],[-72.26219,-4.77941],[-72.25565,-4.76453],[-72.24654,-4.7798],[-72.22126,-4.77141],[-72.2121,-4.75956],[-72.21957,-4.75249],[-72.20797,-4.74694],[-72.19131,-4.76106],[-72.19154,-4.74486],[-72.15957,-4.73574],[-72.16194,-4.72809],[-72.1388,-4.71079],[-72.12723,-4.72347],[-72.13259,-4.73434],[-72.12184,-4.73046],[-72.12571,-4.71834],[-72.10209,-4.70562],[-72.08977,-4.68074],[-72.08057,-4.68372],[-72.08144,-4.6691],[-72.06838,-4.66425],[-72.06662,-4.67456],[-72.06029,-4.65052],[-72.04848,-4.65491],[-72.038,-4.64327],[-72.04234,-4.62297],[-72.00459,-4.64455],[-72.00238,-4.62907],[-71.98196,-4.62687],[-71.99446,-4.60925],[-71.94747,-4.60872],[-71.95134,-4.58358],[-71.91975,-4.56167],[-71.9277,-4.54619],[-71.91938,-4.52952],[-71.88532,-4.53703],[-71.90521,-4.51505],[-71.86649,-4.52745],[-71.83802,-4.50558],[-71.8344,-4.51643],[-71.82933,-4.49625],[-71.80926,-4.505],[-71.81109,-4.49323],[-71.79541,-4.485],[-71.79447,-4.49413],[-71.78349,-4.49351],[-71.78929,-4.48476],[-71.78172,-4.484],[-71.76896,-4.50453],[-71.75091,-4.49423],[-71.75449,-4.47066],[-71.73806,-4.4969],[-71.70717,-4.51084],[-71.69104,-4.49849],[-71.67264,-4.5065],[-71.65837,-4.50108],[-71.65578,-4.47189],[-71.64746,-4.48305],[-71.65184,-4.50256],[-71.62652,-4.49033],[-71.6283,-4.4767],[-71.6163,-4.4679],[-71.63276,-4.51672],[-71.61692,-4.52888],[-71.59474,-4.52751],[-71.55149,-4.4849],[-71.55982,-4.4811],[-71.53552,-4.48046],[-71.53392,-4.4632],[-71.51914,-4.46276],[-71.49493,-4.4865],[-71.51007,-4.44375],[-71.50376,-4.43876],[-71.48714,-4.45656],[-71.47523,-4.43403],[-71.44997,-4.43401],[-71.45077,-4.4479],[-71.43801,-4.44985],[-71.43427,-4.42823],[-71.41485,-4.43614],[-71.43219,-4.44859],[-71.42201,-4.46818],[-71.38402,-4.42465],[-71.36624,-4.43332],[-71.34411,-4.4275],[-71.33777,-4.44242],[-71.31414,-4.44434],[-71.30762,-4.46218],[-71.30166,-4.44772],[-71.32125,-4.42025],[-71.30992,-4.41534],[-71.28796,-4.44197],[-71.2757,-4.43935],[-71.26245,-4.42702],[-71.26928,-4.41029],[-71.26141,-4.39666],[-71.27939,-4.40001],[-71.27016,-4.38495],[-71.24837,-4.39164],[-71.23391,-4.38387],[-71.22736,-4.4068],[-71.21878,-4.40433],[-71.21592,-4.37888],[-71.20139,-4.37969],[-71.20728,-4.40189],[-71.1977,-4.42395],[-71.18083,-4.39377],[-71.1603,-4.39237],[-71.15127,-4.40485],[-71.14591,-4.38136],[-71.11865,-4.40903],[-71.10722,-4.39983],[-71.10739,-4.37791],[-71.08209,-4.37331],[-71.07603,-4.3968],[-71.05992,-4.38969],[-71.04947,-4.36881],[-71.03974,-4.4015],[-71.01915,-4.38376],[-71.00029,-4.38819],[-70.98938,-4.38176],[-70.99631,-4.34534],[-70.97769,-4.3554],[-70.97122,-4.37693],[-70.938,-4.38379],[-70.92942,-4.35462],[-70.9175,-4.36129],[-70.9024,-4.32864],[-70.87848,-4.32454],[-70.87379,-4.28993],[-70.8456,-4.27878],[-70.86448,-4.25647],[-70.86114,-4.24818],[-70.83173,-4.25318],[-70.81611,-4.22403],[-70.84459,-4.23119],[-70.84661,-4.22054],[-70.82605,-4.21265],[-70.80246,-4.18408],[-70.7828,-4.18233],[-70.76348,-4.15994],[-70.74675,-4.16197],[-70.72651,-4.18508],[-70.6889,-4.18941],[-70.68481,-4.20637],[-70.67273,-4.19593],[-70.67073,-4.14601],[-70.65008,-4.16156],[-70.64619,-4.12794],[-70.61809,-4.12807],[-70.63492,-4.17706],[-70.61622,-4.1934],[-70.56904,-4.17277],[-70.56233,-4.18516],[-70.57309,-4.21129],[-70.5546,-4.20132],[-70.55816,-4.16762],[-70.54071,-4.15001],[-70.54893,-4.13688],[-70.51026,-4.14845],[-70.50396,-4.17185],[-70.51306,-4.19538],[-70.50522,-4.20015],[-70.49301,-4.19287],[-70.48667,-4.16226],[-70.46714,-4.17536],[-70.45502,-4.16048],[-70.43259,-4.16038],[-70.44215,-4.13773],[-70.43344,-4.13152],[-70.37364,-4.13701],[-70.34134,-4.17884],[-70.3327,-4.17731],[-70.32334,-4.14224],[-70.28597,-4.17175],[-70.27878,-4.22696],[-70.30936,-4.24893],[-70.30345,-4.26232],[-70.28415,-4.27256],[-70.28886,-4.28637],[-70.24678,-4.27428],[-70.25321,-4.29059],[-70.26874,-4.29703],[-70.25974,-4.30853],[-70.22962,-4.31649],[-70.21214,-4.30092],[-70.20079,-4.35658],[-70.18139,-4.35653],[-70.17764,-4.33796],[-70.15103,-4.32577],[-70.17185,-4.30214],[-70.15859,-4.27701],[-70.14985,-4.27075],[-70.12088,-4.28583],[-70.10839,-4.25524],[-70.09903,-4.28575],[-70.04072,-4.2931],[-70.07956,-4.31434],[-70.04027,-4.33712],[-70.05132,-4.36252],[-70.04349,-4.37444],[-70.02704,-4.37098],[-70.03651,-4.35648],[-70.00908,-4.32972],[-69.98899,-4.32136],[-69.99048,-4.34311],[-69.97739,-4.34199],[-69.94668,-4.315],[-69.93838,-4.29223],[-69.95163,-4.25462],[-69.94826,-4.22578],[-69.93323,-4.2192],[-69.45171,-1.53895],[-69.45701,-1.49159],[-69.43301,-1.45284],[-69.43622,-1.40349],[-69.42316,-1.37983],[-69.39851,-1.3649],[-69.40763,-1.28888],[-69.43092,-1.22694],[-69.41207,-1.1517],[-69.39695,-1.13989],[-69.39512,-1.12399],[-69.43315,-1.07094],[-69.41971,-1.0681],[-69.43041,-1.06226],[-69.41938,-1.04298],[-69.44498,-1.02395],[-69.43165,-1.02061],[-69.41883,-0.99794],[-69.44888,-0.99684],[-69.46715,-0.98259],[-69.462,-0.96768],[-69.52834,-0.92325],[-69.52232,-0.9021],[-69.53063,-0.89561],[-69.52186,-0.89205],[-69.5311,-0.86113],[-69.53584,-0.86688],[-69.57288,-0.83866],[-69.55814,-0.818],[-69.62514,-0.74404],[-69.56257,-0.63514],[-69.60317,-0.59551],[-69.59263,-0.55354],[-69.61409,-0.53371],[-69.61163,-0.49794],[-69.73683,-0.43604],[-69.77387,-0.39103],[-69.8308,-0.37196],[-69.8448,-0.33708],[-69.90165,-0.33724],[-69.99377,-0.24164],[-70.0,-0.22209],[-70.05458,-0.18829],[-70.06502,-0.1639],[-70.04627,-0.12267],[-70.04647,0.56294],[-70.02709,0.56236],[-70.01853,0.54406],[-70.00602,0.54459],[-69.99176,0.56327],[-70.00058,0.57207],[-69.97842,0.57799],[-69.93579,0.55302],[-69.91775,0.58776],[-69.88781,0.57718],[-69.82304,0.59122],[-69.80239,0.57215],[-69.74902,0.61948],[-69.7408,0.6096],[-69.72396,0.61505],[-69.71543,0.64109],[-69.67106,0.66777],[-69.65019,0.66399],[-69.63051,0.62928],[-69.61833,0.63176],[-69.60814,0.61328],[-69.606,0.63445],[-69.58696,0.6406],[-69.59719,0.65427],[-69.56598,0.68075],[-69.53545,0.6795],[-69.53205,0.70298],[-69.48004,0.73577],[-69.46358,0.73635],[-69.45367,0.71748],[-69.43336,0.71248],[-69.43591,0.69945],[-69.41482,0.68808],[-69.35576,0.6155],[-69.33775,0.64161],[-69.32248,0.64021],[-69.32152,0.62803],[-69.28589,0.64925],[-69.28443,0.61926],[-69.29479,0.60823],[-69.1996,0.60656],[-69.19652,0.64905],[-69.15885,0.65342],[-69.12498,0.63396],[-69.11567,0.64395],[-69.14544,0.69825],[-69.18044,0.71561],[-69.1906,0.73997],[-69.14736,0.76963],[-69.16678,0.84551],[-69.14398,0.84704],[-69.1401,0.88375],[-69.15661,0.88242],[-69.19124,0.91664],[-69.18982,0.93257],[-69.16445,0.9402],[-69.21763,0.97277],[-69.19805,0.99746],[-69.2461,1.04643],[-69.24596,1.05692],[-69.28753,1.05309],[-69.32139,1.08841],[-69.35956,1.079],[-69.37535,1.08945],[-69.4126,1.0391],[-69.43184,1.04533],[-69.44011,1.07454],[-69.56009,1.0721],[-69.60758,1.09837],[-69.6683,1.08214],[-69.67319,1.07213],[-69.70351,1.07501],[-69.70264,1.11831],[-69.77226,1.1045],[-69.80942,1.0634],[-69.83202,1.08001],[-69.84657,1.07652],[-69.84575,1.7137],[-69.83906,1.71868],[-69.81418,1.69575],[-69.80214,1.70155],[-69.78234,1.69267],[-69.78086,1.70291],[-69.76205,1.71756],[-69.74859,1.71386],[-69.75161,1.72368],[-69.73836,1.73101],[-69.67649,1.73272],[-69.67593,1.72194],[-69.66515,1.72918],[-69.65372,1.71819],[-69.53468,1.77683],[-69.48236,1.75587],[-69.47472,1.74353],[-69.46738,1.75635],[-69.43163,1.73912],[-69.40753,1.74112],[-69.39325,1.72675],[-68.16329,1.72779],[-68.16805,1.74212],[-68.18633,1.73007],[-68.19327,1.73871],[-68.17822,1.7673],[-68.19086,1.7788],[-68.22607,1.77367],[-68.22923,1.78125],[-68.23915,1.77029],[-68.24465,1.78721],[-68.2285,1.82911],[-68.27453,1.81926],[-68.28519,1.83635],[-68.25306,1.87991],[-68.24534,1.92571],[-68.20475,1.98367],[-68.20016,2.0384],[-68.19296,2.0392],[-68.18456,1.9767],[-68.17139,1.9784],[-68.1685,1.96321],[-68.13988,1.97048],[-68.09305,1.8971],[-68.06483,1.89419],[-68.05092,1.87658],[-68.03917,1.81899],[-68.02805,1.8151],[-68.01085,1.83689],[-67.99731,1.8377],[-67.98528,1.81847],[-67.93731,1.81918],[-67.90805,1.80563],[-67.92309,1.8565],[-67.90829,1.86181],[-67.92234,1.89154],[-67.88509,1.89406],[-67.85009,1.9396],[-67.83488,1.9392],[-67.80732,1.98632],[-67.77589,2.01342],[-67.77518,2.03536],[-67.74896,2.03539],[-67.72986,2.01303],[-67.70829,2.01495],[-67.69716,2.00208],[-67.67533,2.00772],[-67.65906,1.99143],[-67.64855,1.99675],[-67.62659,2.02089],[-67.62641,2.03925],[-67.60066,2.04319],[-67.58362,2.09188],[-67.56205,2.11031],[-67.5594,2.13347],[-67.54282,2.15281],[-67.49628,2.16423],[-67.48928,2.17799],[-67.47846,2.16644],[-67.46561,2.17425],[-67.4558,2.16831],[-67.44253,2.19854],[-67.44579,2.2171],[-67.42796,2.23136],[-67.41508,2.22461],[-67.3979,2.23531],[-67.37194,2.21847],[-67.37198,2.18842],[-67.3612,2.1881],[-67.37408,2.14925],[-67.36466,2.13662],[-67.34643,2.13509],[-67.35913,2.09353],[-67.34954,2.08368],[-67.35455,2.05528],[-67.34399,2.03621],[-67.3524,2.0001],[-67.32382,1.95226],[-67.32083,1.91444],[-67.27503,1.87639],[-67.27864,1.86269],[-67.26461,1.85558],[-67.23983,1.8655],[-67.1758,1.84233],[-67.15266,1.80514],[-67.13327,1.79845],[-67.12623,1.77667],[-67.13978,1.7603],[-67.14211,1.70077],[-67.13142,1.69223],[-67.13872,1.60595],[-67.10267,1.57861],[-67.10115,1.50902],[-67.08992,1.47651],[-67.07723,1.46934],[-67.08693,1.41446],[-67.07851,1.39413],[-67.08629,1.36819],[-67.07798,1.36537],[-67.11446,1.33545],[-67.13257,1.35167],[-67.15149,1.34412],[-67.15558,1.31813],[-67.14603,1.31941],[-67.12689,1.27234],[-67.09823,1.25465],[-67.10274,1.24058],[-67.08067,1.19835],[-67.09072,1.1898],[-67.08919,1.16561],[-66.85689,1.22795],[-66.31057,0.74501],[-66.204,0.78047],[-66.18566,0.78075],[-66.17779,0.76234],[-66.14628,0.7476],[-66.12289,0.74745],[-66.10813,0.76529],[-66.07713,0.76195],[-66.06723,0.80604],[-66.03389,0.81638],[-66.0144,0.8039],[-65.98073,0.82229],[-65.96694,0.81396],[-65.95447,0.85902],[-65.93984,0.86379],[-65.94242,0.88727],[-65.91402,0.89669],[-65.91007,0.88911],[-65.89017,0.90691],[-65.8823,0.91949],[-65.89208,0.92086],[-65.89352,0.93416],[-65.85239,0.93845],[-65.79646,0.96358],[-65.77634,0.95788],[-65.74277,1.00101],[-65.69644,1.003],[-65.6863,0.98418],[-65.6586,1.01166],[-65.62538,0.99093],[-65.63065,1.01132],[-65.61449,1.0117],[-65.60778,1.00199],[-65.58517,1.00129],[-65.58602,0.98165],[-65.57094,0.99588],[-65.5592,0.98382],[-65.5642,0.97061],[-65.54286,0.97005],[-65.546,0.95603],[-65.53367,0.95243],[-65.53662,0.93917],[-65.51649,0.92234],[-65.49681,0.87383],[-65.50881,0.83134],[-65.52603,0.82703],[-65.5515,0.77441],[-65.57489,0.76325],[-65.59137,0.72161],[-65.57637,0.71159],[-65.56566,0.66891],[-65.54349,0.64668],[-65.5298,0.66853],[-65.50594,0.66756],[-65.42595,0.70391],[-65.42411,0.73033],[-65.41194,0.74338],[-65.41782,0.75271],[-65.39093,0.75939],[-65.41195,0.82371],[-65.3968,0.82153],[-65.3958,0.84048],[-65.37504,0.84945],[-65.37142,0.86482],[-65.35628,0.86477],[-65.33553,0.91693],[-65.31765,0.92087],[-65.30407,0.9413],[-65.28577,0.93351],[-65.27174,0.94035],[-65.27159,0.92512],[-65.25035,0.91735],[-65.22113,0.92956],[-65.2122,0.92598],[-65.21216,0.9064],[-65.20286,0.90785],[-65.17452,0.94136],[-65.15903,1.00071],[-65.14946,1.00205],[-65.17517,1.01631],[-65.15832,1.05414],[-65.15184,1.10874],[-65.15921,1.12335],[-65.13101,1.12171],[-65.10654,1.15525],[-65.08735,1.14108],[-65.07314,1.15201],[-65.06233,1.14309],[-65.06304,1.11151],[-65.01074,1.11096],[-64.96766,1.17839],[-64.97439,1.19145],[-64.96333,1.20729],[-64.94678,1.22205],[-64.93122,1.20943],[-64.91485,1.22199],[-64.90395,1.25135],[-64.88556,1.24213],[-64.88143,1.22431],[-64.86445,1.22887],[-64.84344,1.27896],[-64.80248,1.3136],[-64.78341,1.28823],[-64.78577,1.26308],[-64.75681,1.22785],[-64.73103,1.23384],[-64.70096,1.27989],[-64.64519,1.30078],[-64.60738,1.3387],[-64.57712,1.34109],[-64.58068,1.35999],[-64.55527,1.41488],[-64.53718,1.41521],[-64.52338,1.44261],[-64.51127,1.43522],[-64.46645,1.47489],[-64.43567,1.47053],[-64.39406,1.52832],[-64.34667,1.51743],[-64.34788,1.49505],[-64.37284,1.47206],[-64.37434,1.44832],[-64.38668,1.4455],[-64.40958,1.40262],[-64.38937,1.3861],[-64.3808,1.39261],[-64.35481,1.37945],[-64.33891,1.36071],[-64.34069,1.38615],[-64.32162,1.40596],[-64.32291,1.4385],[-64.31489,1.43759],[-64.30155,1.46414],[-64.2635,1.48406],[-64.26059,1.50227],[-64.21635,1.5066],[-64.19731,1.51997],[-64.19203,1.54671],[-64.16827,1.57958],[-64.13143,1.57634],[-64.11552,1.5876],[-64.07552,1.65022],[-64.06125,1.70111],[-64.07332,1.72393],[-64.06718,1.74573],[-64.07917,1.75777],[-64.05971,1.78066],[-64.05023,1.82744],[-64.06944,1.85261],[-64.05725,1.88474],[-64.06268,1.91554],[-63.99154,1.98274],[-63.98535,1.97791],[-63.97194,1.99127],[-63.9211,1.98212],[-63.90329,1.99328],[-63.86672,1.97575],[-63.85829,1.98077],[-63.83925,1.96171],[-63.82486,1.99379],[-63.78964,1.98088],[-63.76371,2.00553],[-63.74865,1.9965],[-63.74016,2.01813],[-63.69935,2.04884],[-63.68664,2.03725],[-63.6915,2.02199],[-63.66405,2.01938],[-63.66348,2.05892],[-63.63056,2.07837],[-63.62024,2.10327],[-63.59774,2.11997],[-63.57021,2.12097],[-63.56466,2.13263],[-63.54868,2.13418],[-63.51115,2.11191],[-63.49267,2.11448],[-63.47491,2.12419],[-63.47361,2.14155],[-63.43544,2.12416],[-63.42728,2.13829],[-63.42298,2.13096],[-63.39267,2.14914],[-63.39909,2.20306],[-63.37169,2.21146],[-63.37789,2.2261],[-63.36037,2.26954],[-63.36802,2.28946],[-63.3608,2.32617],[-63.37644,2.34071],[-63.37522,2.362],[-63.3561,2.38818],[-63.37272,2.42598],[-63.40154,2.43009],[-63.41291,2.45212],[-63.43545,2.44214],[-63.44142,2.41795],[-63.4653,2.40198],[-63.48019,2.43352],[-63.52707,2.42104],[-63.5528,2.42952],[-63.55624,2.44471],[-63.56614,2.43545],[-63.59213,2.4562],[-63.63346,2.43981],[-63.68285,2.44236],[-63.69124,2.45794],[-63.70309,2.45871],[-63.71867,2.44382],[-63.73264,2.45372],[-63.74903,2.44098],[-63.76756,2.44169],[-63.81638,2.4855],[-63.84617,2.49538],[-63.88219,2.46917],[-63.91983,2.47351],[-63.9363,2.45661],[-63.95402,2.4599],[-63.96041,2.4729],[-63.9762,2.46569],[-64.00916,2.48094],[-64.01891,2.46392],[-64.04287,2.49587],[-64.05568,2.49663],[-64.04506,2.57777],[-64.02827,2.57723],[-64.00804,2.6271],[-63.98657,2.6488],[-63.98864,2.6897],[-64.00758,2.7043],[-63.98728,2.7161],[-63.98829,2.73201],[-64.00388,2.73802],[-63.99883,2.77088],[-64.0124,2.77326],[-64.01562,2.81219],[-64.04291,2.82956],[-64.05624,2.8615],[-64.07942,2.88192],[-64.06697,2.89121],[-64.0775,2.90181],[-64.07129,2.92419],[-64.09157,2.93175],[-64.1098,2.96009],[-64.10818,2.97993],[-64.13616,2.99158],[-64.16054,2.98475],[-64.14793,3.0098],[-64.1484,3.03843],[-64.17857,3.05113],[-64.17538,3.06562],[-64.21017,3.08312],[-64.22972,3.14072],[-64.22081,3.15308],[-64.18152,3.16507],[-64.15817,3.20767],[-64.15867,3.24409],[-64.137,3.27233],[-64.11821,3.27806],[-64.11487,3.33449],[-64.13572,3.3492],[-64.13289,3.36367],[-64.14675,3.36492],[-64.14779,3.37937],[-64.12143,3.40351],[-64.11704,3.42114],[-64.12916,3.44678],[-64.1181,3.46912],[-64.13336,3.4881],[-64.17697,3.50381],[-64.17651,3.52071],[-64.1927,3.52524],[-64.17577,3.53528],[-64.17178,3.55619],[-64.18573,3.57989],[-64.20002,3.58183],[-64.196,3.59655],[-64.22141,3.60962],[-64.22639,3.63129],[-64.24861,3.62013],[-64.23389,3.64603],[-64.24244,3.65867],[-64.29381,3.65373],[-64.30877,3.66849],[-64.30213,3.68292],[-64.3181,3.71332],[-64.33342,3.70728],[-64.36478,3.7472],[-64.41407,3.77794],[-64.43877,3.77251],[-64.45728,3.78257],[-64.4741,3.83034],[-64.49094,3.81993],[-64.50207,3.82588],[-64.49892,3.83406],[-64.52602,3.85591],[-64.5342,3.87821],[-64.56583,3.90281],[-64.55072,3.92487],[-64.58709,3.93922],[-64.59515,3.96174],[-64.61086,3.97117],[-64.6404,3.97741],[-64.64626,3.9948],[-64.66644,3.98964],[-64.68674,4.01536],[-64.70045,4.00684],[-64.71558,4.03289],[-64.73464,4.02279],[-64.73876,4.03609],[-64.77258,4.05719],[-64.76215,4.06077],[-64.77178,4.07254],[-64.7675,4.10941],[-64.77997,4.12403],[-64.77749,4.14134],[-64.79688,4.15278],[-64.80218,4.16775],[-64.79293,4.18331],[-64.80238,4.18396],[-64.80463,4.20024],[-64.82137,4.19473],[-64.82544,4.20577],[-64.82587,4.23197],[-64.8059,4.25634],[-64.81215,4.26855],[-64.79267,4.27759],[-64.79254,4.28803],[-64.74254,4.27277],[-64.73627,4.28029],[-64.70625,4.20849],[-64.68917,4.20451],[-64.6774,4.17975],[-64.63465,4.14615],[-64.63333,4.11808],[-64.61005,4.11068],[-64.57998,4.11358],[-64.5604,4.10181],[-64.5195,4.11852],[-64.50179,4.10567],[-64.48641,4.11433],[-64.49034,4.13217],[-64.47404,4.13985],[-64.43399,4.11696],[-64.41992,4.14379],[-64.40867,4.13353],[-64.38003,4.13365],[-64.3807,4.14158],[-64.33682,4.14455],[-64.30933,4.12267],[-64.29471,4.16115],[-64.26738,4.14864],[-64.27476,4.13598],[-64.24889,4.11914],[-64.22014,4.12193],[-64.17718,4.09441],[-64.13204,4.1025],[-64.1197,4.07025],[-64.10668,4.06951],[-64.07277,4.0208],[-64.05453,3.97743],[-64.04264,3.96763],[-64.02307,3.9756],[-63.99631,3.90396],[-63.97633,3.89818],[-63.96652,3.87034],[-63.93258,3.92213],[-63.90664,3.93895],[-63.89684,3.92914],[-63.84962,3.94834],[-63.79088,3.93346],[-63.76122,3.94275],[-63.74374,3.93461],[-63.73635,3.9142],[-63.66599,3.90994],[-63.65712,3.93936],[-63.63776,3.95651],[-63.64108,3.98122],[-63.58612,3.91737],[-63.59582,3.90475],[-63.55783,3.88755],[-63.55071,3.86375],[-63.4975,3.84093],[-63.50152,3.87023],[-63.48431,3.88469],[-63.45124,3.85873],[-63.43638,3.87147],[-63.43703,3.88624],[-63.41513,3.90157],[-63.41795,3.9347],[-63.45114,3.95569],[-63.42567,3.97679],[-63.39232,3.97912],[-63.33386,3.95269],[-63.30376,3.92115],[-63.2248,3.91849],[-63.2165,3.91513],[-63.23334,3.88251],[-63.22742,3.83292],[-63.20608,3.81489],[-63.1224,3.80407],[-63.09608,3.79084],[-63.05953,3.74066],[-63.07291,3.6867],[-63.02944,3.66745],[-63.02727,3.65207],[-62.99138,3.61826],[-62.95097,3.61114],[-62.92992,3.63322],[-62.9215,3.67495],[-62.88922,3.67895],[-62.83342,3.73757],[-62.79611,3.72333],[-62.78814,3.70209],[-62.74428,3.6742],[-62.73104,3.70459],[-62.74054,3.75341],[-62.72831,3.80758],[-62.77518,3.83737],[-62.76054,3.8428],[-62.75645,3.85803],[-62.78889,3.8927],[-62.78357,3.9334],[-62.7627,3.9412],[-62.74704,3.97176],[-62.76811,4.00681],[-62.75055,4.03352],[-62.69134,4.03163],[-62.63906,4.04865],[-62.62778,4.03986],[-62.60867,4.04389],[-62.57422,4.01423],[-62.55714,4.01617],[-62.56213,4.03781],[-62.5332,4.04916],[-62.54136,4.08002],[-62.5569,4.0794],[-62.54857,4.11145],[-62.53403,4.11469],[-62.53682,4.13687],[-62.51023,4.13034],[-62.50495,4.14629],[-62.4864,4.13468],[-62.46427,4.14007],[-62.46324,4.17871],[-62.38956,4.17824],[-62.36531,4.16387],[-62.36299,4.17166],[-62.33086,4.13556],[-62.29457,4.14161],[-62.24194,4.11661],[-62.19771,4.11359],[-62.18776,4.09624],[-62.14247,4.07562],[-62.11062,4.09424],[-62.11746,4.11715],[-62.10328,4.11538],[-62.09813,4.1278],[-62.07459,4.1221],[-62.06674,4.15773],[-62.01166,4.15623],[-61.98663,4.17934],[-61.94881,4.13186],[-61.92615,4.11968],[-61.92235,4.15825],[-61.89626,4.16176],[-61.87348,4.14954],[-61.8666,4.17594],[-61.84172,4.16186],[-61.81642,4.1663],[-61.82099,4.19786],[-61.80924,4.20064],[-61.79578,4.2293],[-61.76866,4.22759],[-61.77512,4.2474],[-61.72757,4.26724],[-61.72245,4.24387],[-61.67231,4.2625],[-61.64622,4.2589],[-61.64136,4.23862],[-61.60789,4.26063],[-61.58884,4.24302],[-61.55773,4.25195],[-61.52143,4.28817],[-61.5267,4.29579],[-61.50592,4.31984],[-61.52388,4.33874],[-61.51232,4.34949],[-61.52219,4.36904],[-61.51152,4.40611],[-61.48567,4.41138],[-61.45141,4.43895],[-61.43557,4.4322],[-61.44402,4.42668],[-61.42114,4.43325],[-61.34454,4.41746],[-61.31977,4.42989],[-61.32476,4.44099],[-61.3086,4.45934],[-61.28886,4.45541],[-61.27834,4.46799],[-61.31061,4.50256],[-61.32278,4.50293],[-61.32492,4.53222],[-61.28463,4.53742],[-61.27655,4.52751],[-61.257,4.53658],[-61.25292,4.5254],[-61.24755,4.53316],[-61.22153,4.52173],[-61.21784,4.53326],[-61.20169,4.51591],[-61.15183,4.49587],[-61.14931,4.48316],[-61.094,4.52283],[-60.99788,4.5156],[-60.98486,4.54267],[-60.95791,4.54516],[-60.95628,4.58167],[-60.9337,4.58496],[-60.94758,4.65554],[-60.91959,4.66335],[-60.8994,4.71819],[-60.85107,4.70294],[-60.83593,4.72755],[-60.81516,4.7281],[-60.81054,4.74388],[-60.75093,4.75369],[-60.72088,4.77738],[-60.72639,4.78992],[-60.71169,4.80498],[-60.67234,4.83051],[-60.67316,4.84128],[-60.65005,4.86144],[-60.65231,4.8844],[-60.62878,4.88771],[-60.58989,4.93204],[-60.58226,4.95882],[-60.59592,4.99836],[-60.61685,5.00879],[-60.61034,5.03701],[-60.64334,5.04989],[-60.64263,5.11157],[-60.6607,5.12906],[-60.65867,5.15127],[-60.67929,5.18598],[-60.73932,5.20445],[-60.73206,5.21276],[-60.68073,5.23253],[-60.65083,5.23],[-60.62751,5.21219],[-60.58984,5.21493],[-60.5857,5.19863],[-60.57089,5.19183],[-60.54297,5.18705],[-60.52594,5.20335],[-60.49351,5.19422],[-60.46125,5.19887],[-60.45007,5.19589],[-60.44952,5.18073],[-60.43121,5.17756],[-60.41255,5.2111],[-60.38253,5.21826],[-60.36963,5.20331],[-60.32133,5.20097],[-60.29778,5.22698],[-60.27942,5.22674],[-60.258,5.25119],[-60.24212,5.25012],[-60.21732,5.26853],[-60.19506,5.26019],[-60.1909,5.23287],[-60.1666,5.22406],[-60.11544,5.2516],[-60.1071,5.24567],[-60.12279,5.22755],[-60.09907,5.19566],[-60.08689,5.13645],[-60.06557,5.1383],[-60.02325,5.09223],[-59.97189,5.07486],[-59.97189,5.05939],[-59.98975,5.0014],[-60.00911,4.86149],[-60.03595,4.79126],[-60.02252,4.78365],[-60.02552,4.74321],[-60.03958,4.72445],[-60.02541,4.70685],[-60.07567,4.655],[-60.07054,4.61688],[-60.08999,4.60546],[-60.1231,4.6051],[-60.1312,4.59629],[-60.12278,4.58023],[-60.13998,4.57962],[-60.13592,4.56677],[-60.15699,4.57307],[-60.16125,4.51764],[-60.10826,4.50448],[-60.09778,4.51675],[-60.10375,4.5276],[-60.0911,4.533],[-60.08313,4.53002],[-60.08697,4.51775],[-60.06698,4.52348],[-60.07041,4.49314],[-60.00188,4.49479],[-59.97419,4.48066],[-59.96563,4.50853],[-59.93561,4.49929],[-59.90616,4.45959],[-59.89835,4.47856],[-59.87951,4.47497],[-59.87855,4.48285],[-59.86336,4.47233],[-59.87201,4.46189],[-59.86256,4.45262],[-59.83172,4.45777],[-59.81279,4.44635],[-59.80307,4.46729],[-59.79662,4.45021],[-59.78312,4.44996],[-59.75479,4.41977],[-59.73683,4.42411],[-59.72162,4.39904],[-59.66981,4.37523],[-59.68377,4.36123],[-59.67652,4.34624],[-59.73186,4.2864],[-59.73399,4.27333],[-59.71298,4.27183],[-59.73953,4.23508],[-59.73117,4.18105],[-59.68401,4.14682],[-59.61861,4.13256],[-59.65433,4.06979],[-59.61812,4.05237],[-59.61904,4.03752],[-59.60202,4.03006],[-59.60102,4.01728],[-59.61317,4.01556],[-59.60621,4.00662],[-59.59687,4.01698],[-59.59719,4.00113],[-59.5852,3.99406],[-59.58094,4.00221],[-59.57202,3.98683],[-59.5868,3.97601],[-59.58247,3.96812],[-59.54452,3.97883],[-59.5268,3.96879],[-59.51611,3.94626],[-59.52636,3.92492],[-59.53825,3.93243],[-59.54935,3.9186],[-59.56137,3.92091],[-59.56943,3.89014],[-59.57907,3.89962],[-59.57565,3.8899],[-59.59441,3.88084],[-59.57801,3.81697],[-59.58697,3.82258],[-59.5989,3.81312],[-59.59621,3.79445],[-59.61144,3.80398],[-59.62924,3.7842],[-59.65619,3.78588],[-59.67905,3.75515],[-59.66377,3.73339],[-59.6719,3.72779],[-59.66277,3.71659],[-59.66858,3.70311],[-59.68782,3.69964],[-59.7234,3.66412],[-59.75261,3.65238],[-59.76475,3.62607],[-59.84935,3.60523],[-59.86587,3.57548],[-59.85942,3.57065],[-59.8727,3.56384],[-59.84254,3.55304],[-59.83668,3.52588],[-59.80542,3.51072],[-59.8019,3.49197],[-59.82718,3.478],[-59.81719,3.47969],[-59.81254,3.46861],[-59.82395,3.47182],[-59.8412,3.42511],[-59.8155,3.43056],[-59.82111,3.41687],[-59.80527,3.35569],[-59.8342,3.35271],[-59.82753,3.33359],[-59.88771,3.2393],[-59.87441,3.2286],[-59.90836,3.21162],[-59.91273,3.19329],[-59.89966,3.15621],[-59.92049,3.14416],[-59.90886,3.14641],[-59.91845,3.12696],[-59.90808,3.11278],[-59.9219,3.12085],[-59.9388,3.08731],[-59.95563,3.08223],[-59.95151,3.0422],[-59.96213,3.01572],[-59.94676,3.00145],[-59.96489,2.96373],[-59.95909,2.9562],[-59.98419,2.9286],[-59.97809,2.89538],[-59.98886,2.88416],[-59.98285,2.86795],[-59.9935,2.78641],[-59.99203,2.6879],[-59.974,2.66702],[-59.97776,2.64256],[-59.96299,2.61406],[-59.97249,2.59868],[-59.92903,2.56947],[-59.938,2.55195],[-59.91847,2.52389],[-59.92055,2.50805],[-59.89766,2.48224],[-59.90083,2.43692],[-59.89119,2.42488],[-59.90923,2.38886],[-59.89898,2.36407],[-59.88204,2.3527],[-59.87488,2.36059],[-59.84432,2.32085],[-59.82868,2.32894],[-59.78765,2.28774],[-59.74062,2.29283],[-59.72342,2.27668],[-59.72934,2.26593],[-59.71995,2.2372],[-59.72947,2.2333],[-59.72615,2.20771],[-59.74163,2.1619],[-59.72536,2.13106],[-59.72324,2.09814],[-59.74202,2.07416],[-59.72966,2.03029],[-59.7213,2.02896],[-59.73372,2.01826],[-59.75137,1.90659],[-59.72626,1.87378],[-59.73747,1.86116],[-59.7241,1.84083],[-59.70301,1.85166],[-59.67202,1.84146],[-59.66921,1.85734],[-59.65041,1.84481],[-59.65512,1.8162],[-59.67917,1.80762],[-59.69142,1.75663],[-59.6687,1.75557],[-59.66388,1.73656],[-59.63399,1.74143],[-59.61882,1.71496],[-59.56652,1.73549],[-59.53283,1.71606],[-59.51125,1.66759],[-59.49287,1.67332],[-59.4897,1.63499],[-59.46644,1.61696],[-59.44576,1.61796],[-59.42639,1.58658],[-59.43045,1.56422],[-59.41374,1.55141],[-59.3961,1.55259],[-59.38414,1.50792],[-59.32964,1.51432],[-59.32676,1.46146],[-59.30211,1.46584],[-59.28426,1.4503],[-59.28868,1.43906],[-59.27485,1.41914],[-59.28326,1.40965],[-59.25229,1.38767],[-59.20576,1.37165],[-59.19468,1.37861],[-59.14383,1.34689],[-59.0871,1.34678],[-59.08296,1.33546],[-59.05517,1.33292],[-59.04786,1.32156],[-58.99531,1.32815],[-58.9774,1.30249],[-58.9231,1.31795],[-58.92396,1.29019],[-58.88799,1.26187],[-58.90776,1.25066],[-58.91144,1.23598],[-58.8955,1.2275],[-58.89833,-0.01791],[-58.88658,-0.05918],[-58.86388,-0.07803],[-58.86526,-0.16894],[-58.88104,-0.19658],[-58.86539,-0.26555],[-58.87481,-0.33664],[-58.83615,-0.37275],[-58.7738,-0.39532],[-58.72455,-0.44189],[-58.73652,-0.47174],[-58.71116,-0.51845],[-58.70901,-0.54586],[-58.72978,-0.56355],[-58.72567,-0.60841],[-58.73506,-0.6128],[-58.72895,-0.63543],[-58.71268,-0.64461],[-58.70652,-0.67965],[-58.68414,-0.6881],[-58.66371,-0.71761],[-58.63405,-0.71917],[-58.60904,-0.76163],[-58.56022,-0.79774],[-58.55597,-0.81372],[-58.54405,-0.80947],[-58.53144,-0.82989],[-58.52001,-0.82676],[-58.50906,-0.84083],[-58.49118,-0.83199],[-58.48932,-0.85906],[-58.46909,-0.87313],[-58.46059,-0.86287],[-58.44176,-0.87293],[-58.43419,-0.89218],[-58.453,-0.90357],[-58.44528,-0.902],[-58.44904,-0.93542],[-58.41059,-0.98223],[-58.42407,-0.99097],[-58.41982,-1.01254],[-58.42891,-1.02862],[-58.41196,-1.04777],[-58.39324,-1.04034],[-58.36373,-1.07112],[-58.3583,-1.10771],[-58.34125,-1.11103],[-58.31672,-1.14768],[-58.2576,-1.13077],[-58.24147,-1.14592],[-58.24298,-1.15754],[-58.23497,-1.15251],[-58.20521,-1.16932],[-58.20619,-1.18637],[-58.19798,-1.1808],[-58.18953,-1.20332],[-58.15611,-1.23278],[-58.11799,-1.18549],[-58.12361,-1.16414],[-58.09283,-1.1616],[-58.05867,-1.10654],[-58.01733,-1.10361],[-58.00126,-1.14811],[-57.97839,-1.15266],[-57.96578,-1.17103],[-57.97575,-1.19291],[-57.9587,-1.22252],[-57.97072,-1.22779],[-57.98313,-1.28173],[-57.99485,-1.29135],[-57.98723,-1.30056],[-57.99871,-1.33129],[-57.99124,-1.35127],[-57.96891,-1.35864],[-57.97326,-1.37476],[-57.95651,-1.3783],[-57.95788,-1.40346],[-57.91146,-1.40473],[-57.90965,-1.42862],[-57.88624,-1.43414],[-57.87711,-1.42334],[-57.82472,-1.43775],[-57.79533,-1.48724],[-57.77618,-1.48443],[-57.78204,-1.50812],[-57.74012,-1.50304],[-57.72873,-1.51364],[-57.71207,-1.50333],[-57.6977,-1.55853],[-57.70361,-1.57704],[-57.67464,-1.59502],[-57.66042,-1.581],[-57.62191,-1.58915],[-57.60071,-1.57216],[-57.58805,-1.58061],[-57.59509,-1.60019],[-57.54407,-1.61113],[-57.5365,-1.62755],[-57.52184,-1.62921],[-57.5281,-1.65407],[-57.50806,-1.64186],[-57.47786,-1.65934],[-57.47308,-1.67888],[-57.44346,-1.66462],[-57.43413,-1.67541],[-57.44053,-1.68709],[-57.42363,-1.69261],[-57.41761,-1.67429],[-57.40037,-1.67883],[-57.40032,-1.69226],[-57.38693,-1.69549],[-57.39966,-1.71649],[-57.39238,-1.72479],[-57.37293,-1.71424],[-57.35338,-1.73681],[-57.34459,-1.71502],[-57.30867,-1.73251],[-57.29225,-1.70828],[-57.26362,-1.7222],[-57.25864,-1.69685],[-57.24305,-1.70325],[-57.24715,-1.72084],[-57.23083,-1.72753],[-57.20704,-1.71063],[-57.20244,-1.73412],[-57.18803,-1.71952],[-57.17767,-1.73158],[-57.16555,-1.71991],[-57.16423,-1.7685],[-57.12504,-1.76807],[-57.11026,-1.79227],[-57.09164,-1.77796],[-57.07928,-1.80257],[-57.06184,-1.81068],[-57.07254,-1.83857],[-57.0676,-1.85449],[-57.02842,-1.91802],[-56.98835,-1.90716],[-56.96113,-1.95297],[-56.89737,-1.97622],[-56.85904,-2.01593],[-56.81676,-2.02297],[-56.76699,-2.0087],[-56.73897,-2.01701],[-56.72138,-2.05917],[-56.76943,-2.14067],[-56.76096,-2.17406],[-56.70777,-2.1839],[-56.70257,-2.20175],[-56.67907,-2.21256],[-56.63543,-2.2036],[-56.61291,-2.21017],[-56.59779,-2.17496],[-56.56959,-2.17476],[-56.52707,-2.1392],[-56.47789,-2.17038],[-56.44418,-2.15393],[-56.41388,-2.17595],[-56.36778,-2.13708],[-56.35115,-2.14887],[-56.31676,-2.14013],[-56.29746,-2.10081],[-56.25615,-2.08832],[-56.22838,-2.05622],[-56.20764,-2.05998],[-56.1867,-2.04282],[-56.09865,-2.02694],[-56.09535,-1.99975],[-56.09792,-2.03117],[-56.10242,-2.04802],[-56.18118,-2.16056],[-56.2635,-2.22106],[-56.3912,-2.27641],[-56.42565,-2.36915],[-56.46394,-2.42073],[-56.46118,-2.43424],[-56.40211,-2.45652],[-57.58557,-5.00074],[-58.25526,-6.45412],[-58.29311,-6.49388],[-58.32706,-6.50037],[-58.34989,-6.5624],[-58.42731,-6.61617],[-58.47847,-6.69961],[-58.48176,-6.78142],[-58.43456,-6.90881],[-58.38025,-6.9705],[-58.35561,-6.97166],[-58.33542,-6.98637],[-58.28376,-7.073],[-58.25092,-7.08213],[-58.21147,-7.13511],[-58.16975,-7.22224],[-58.16997,-7.31475],[-58.13724,-7.35567],[-58.21306,-7.45853],[-58.22272,-7.52404],[-58.20217,-7.62085],[-58.27599,-7.69967],[-58.29406,-7.77154],[-58.37822,-7.82744],[-58.38474,-7.84399],[-58.37514,-7.899],[-58.35505,-7.94399],[-58.3315,-7.96876],[-58.32173,-8.02498],[-58.28636,-8.08848],[-58.28717,-8.12854],[-58.32246,-8.17004],[-58.31295,-8.2091],[-58.32808,-8.28583],[-58.31489,-8.32306],[-58.35253,-8.35263],[-58.35458,-8.39275],[-58.41781,-8.48952],[-58.4051,-8.53755],[-58.41047,-8.57039],[-58.38952,-8.59479],[-58.4373,-8.70335],[-58.41196,-8.72061],[-58.35103,-8.70158],[-58.32622,-8.72003],[-58.388,-8.77479],[-58.44287,-8.7994],[-61.58313,-8.79869],[-61.60603,-8.79471],[-61.62955,-8.75296],[-61.63055,-8.72196],[-61.67358,-8.70502],[-61.70536,-8.70753],[-61.71325,-8.68791],[-61.74185,-8.69519],[-61.74013,-8.70987],[-61.77461,-8.74823],[-61.80625,-8.74778],[-61.8365,-8.73272],[-61.8433,-8.77941],[-61.86102,-8.80362],[-61.85975,-8.85297],[-61.93811,-8.88141],[-61.98522,-8.87861],[-61.99703,-8.84074],[-62.02133,-8.8236],[-62.03106,-8.79971],[-62.0743,-8.79857],[-62.098,-8.80892],[-62.12497,-8.80167],[-62.15503,-8.73964],[-62.1488,-8.71831],[-62.17177,-8.69507],[-62.16509,-8.67939],[-62.20053,-8.64429],[-62.17664,-8.63692],[-62.18839,-8.59056],[-62.2286,-8.59057],[-62.26559,-8.57664],[-62.28936,-8.5889],[-62.29431,-8.60544],[-62.2813,-8.63859],[-62.33578,-8.60948],[-62.33908,-8.58689],[-62.3258,-8.56371],[-62.33736,-8.51664],[-62.36605,-8.49356],[-62.3608,-8.39855],[-62.37055,-8.38466],[-62.43972,-8.3679],[-62.46547,-8.33974],[-62.51847,-8.38474],[-62.5338,-8.37496],[-62.53589,-8.359],[-62.54961,-8.36487],[-62.56109,-8.31755],[-62.55241,-8.29789],[-62.56359,-8.29603],[-62.55696,-8.28574],[-62.59892,-8.27322],[-62.65035,-8.23757],[-62.66093,-8.1966],[-62.68542,-8.18031],[-62.67139,-8.14152],[-62.68883,-8.09629],[-62.74411,-8.04383],[-62.78158,-8.02595],[-62.81061,-8.02634],[-62.84121,-7.98843],[-62.87721,-7.97592],[-63.62014,-7.97653],[-63.62178,-8.02961],[-63.667,-8.0816],[-63.6699,-8.12174],[-63.69342,-8.15835],[-63.74153,-8.19007],[-63.74856,-8.20787],[-63.72276,-8.2495],[-63.74656,-8.27017],[-63.77351,-8.32073],[-63.79123,-8.33322],[-63.82534,-8.30615],[-63.87076,-8.28882],[-63.89493,-8.30203],[-63.91084,-8.32852],[-63.94412,-8.33119],[-63.94537,-8.38783],[-63.9779,-8.42013],[-63.93909,-8.44155],[-63.97318,-8.47845],[-63.9709,-8.49933],[-63.94379,-8.5266],[-63.94562,-8.5505],[-63.92317,-8.55929],[-63.92457,-8.57553],[-63.94595,-8.60949],[-63.96715,-8.58788],[-63.98621,-8.58563],[-63.99109,-8.61741],[-64.00484,-8.62591],[-64.03548,-8.69356],[-64.02787,-8.71567],[-64.0589,-8.70999],[-64.09477,-8.72836],[-64.13087,-8.72216],[-64.14476,-8.77645],[-64.12946,-8.80516],[-64.1582,-8.84317],[-64.14177,-8.94505],[-64.14945,-8.95894],[-64.17501,-8.96057],[-64.23321,-8.99231],[-64.31132,-8.99647],[-64.32607,-8.97983],[-64.30957,-8.93449],[-64.3234,-8.92886],[-64.44657,-8.97687],[-64.55012,-8.97827],[-64.61107,-9.01645],[-64.64154,-9.00665],[-64.67138,-9.0148],[-64.68335,-8.99362],[-64.69927,-8.98826],[-64.75357,-9.02075],[-64.79163,-8.9864],[-64.83932,-8.99411],[-64.87057,-9.01219],[-64.8941,-9.0437],[-64.91727,-9.04314],[-64.91568,-9.07461],[-64.93993,-9.12457],[-64.91968,-9.22028],[-64.93608,-9.25581],[-64.96288,-9.29278],[-64.98618,-9.29193],[-65.00052,-9.30461],[-65.01271,-9.32868],[-65.00585,-9.34353],[-65.03931,-9.35958],[-65.03568,-9.37482],[-65.05355,-9.40214],[-65.09229,-9.40939],[-65.08891,-9.42508],[-65.09785,-9.43252],[-65.14288,-9.44681],[-65.18546,-9.42703],[-65.17354,-9.38545],[-65.19616,-9.37526],[-65.19076,-9.33692],[-65.20896,-9.30964],[-65.21177,-9.27899],[-65.24666,-9.25766],[-65.28418,-9.27027],[-65.35124,-9.32311],[-65.37751,-9.32443],[-65.39352,-9.3396],[-65.44022,-9.31175],[-65.4566,-9.40121],[-65.43472,-9.46633],[-65.45666,-9.47052],[-65.46788,-9.45929],[-65.47697,-9.47266],[-65.4928,-9.47366],[-65.50316,-9.46998],[-65.50655,-9.4477],[-65.54825,-9.42605],[-65.60463,-9.41658],[-65.64163,-9.43347],[-65.64988,-9.44727],[-65.67944,-9.45139],[-65.681,-9.50041],[-65.69608,-9.50767],[-65.72355,-9.55906],[-65.75033,-9.55362],[-65.75655,-9.56896],[-65.77071,-9.56536],[-65.79152,-9.58564],[-65.81803,-9.56226],[-65.82508,-9.53009],[-65.84825,-9.53232],[-65.84661,-9.51641],[-65.88091,-9.48746],[-65.918,-9.47816],[-65.93188,-9.44759],[-65.9703,-9.41316],[-66.02663,-9.40084],[-66.05974,-9.41822],[-66.12389,-9.40878],[-66.17363,-9.43442],[-66.24341,-9.42939],[-66.2678,-9.40976],[-66.29044,-9.41249],[-66.28419,-9.43216],[-66.3075,-9.43685],[-66.31892,-9.41996],[-66.34161,-9.42702],[-66.35331,-9.41662],[-66.37478,-9.42637],[-66.40886,-9.40695],[-66.41472,-9.42195],[-66.39611,-9.43752],[-66.389,-9.46428],[-66.39241,-9.50048],[-66.49492,-9.60158],[-66.50061,-9.63356],[-66.58631,-9.67356],[-66.60945,-9.6649],[-66.68495,-9.71465],[-66.6918,-9.73389],[-66.72539,-9.75607],[-66.77536,-9.75309],[-66.78058,-9.79139],[-66.81025,-9.81805],[-66.62689,-9.89803],[-66.63617,-9.92704],[-66.62615,-9.93048],[-66.63701,-9.94985],[-66.66421,-9.93826],[-66.67515,-9.96707],[-66.72172,-9.97651],[-66.74189,-9.99672],[-66.76127,-9.99837],[-66.77185,-10.02116],[-66.79003,-10.02199],[-66.80803,-10.0497],[-66.83228,-10.05965],[-66.83733,-10.08186],[-66.87613,-10.08377],[-66.87106,-10.0949],[-66.88867,-10.11427],[-66.89859,-10.11137],[-66.89675,-10.12298],[-66.91896,-10.13061],[-66.91073,-10.1465],[-66.92427,-10.14322],[-66.94205,-10.15528],[-66.95138,-10.18665],[-66.98134,-10.1893],[-66.9745,-10.19609],[-66.9938,-10.20451],[-67.01578,-10.25873],[-67.04215,-10.26202],[-67.07904,-10.28934],[-67.09894,-10.28221],[-67.12579,-10.2904],[-67.14054,-10.30673],[-67.12808,-10.31593],[-67.17034,-10.33757],[-67.18753,-10.33999],[-67.20222,-10.32164],[-67.22393,-10.31556],[-67.26535,-10.33072],[-67.31596,-10.31874],[-67.32796,-10.33538],[-67.31554,-10.34721],[-67.31082,-10.37739],[-67.35423,-10.38178],[-67.35621,-10.39337],[-67.36284,-10.37838],[-67.3829,-10.38419],[-67.40655,-10.37247],[-67.42379,-10.3914],[-67.41264,-10.42369],[-67.43189,-10.43101],[-67.43648,-10.44791],[-67.59452,-10.52157],[-67.6098,-10.56238],[-67.63535,-10.58038],[-67.6409,-10.59939],[-67.65991,-10.61464],[-67.67561,-10.60516],[-67.70455,-10.70041],[-67.72203,-10.71118],[-67.74397,-10.70852],[-67.75785,-10.68649],[-67.86444,-10.64067],[-67.90498,-10.64146],[-67.94101,-10.65688],[-67.95932,-10.6496],[-67.97163,-10.65969],[-68.02386,-10.65183],[-68.10286,-10.71236],[-68.10377,-10.77343],[-68.17899,-10.8532],[-68.19613,-10.85859],[-68.20721,-10.90204],[-68.2243,-10.91162],[-68.23939,-10.95782],[-68.27856,-10.98931],[-68.30631,-10.99162],[-68.33104,-11.0126],[-68.36053,-11.0064],[-68.38468,-11.01814],[-68.38821,-11.04058],[-68.40414,-11.05401],[-68.4341,-11.0321]]]}},{"type":"Feature","id":"cep2-70-71-72-73","properties":{"postal_code_id":"cep2-70-71-72-73","postal_codes":["70","71","72","73"],"first_digits":["7"],"states":["DF"]},"geometry":{"type":"Polygon","coordinates":[[[-47.3085,-16.04997],[-48.27781,-16.0496],[-48.25133,-15.93769],[-48.26086,-15.92803],[-48.27633,-15.93132],[-48.2717,-15.88409],[-48.28507,-15.83661],[-48.26783,-15.80838],[-48.24037,-15.79826],[-48.20884,-15.74972],[-48.20804,-15.71793],[-48.24122,-15.70555],[-48.24091,-15.68598],[-48.23416,-15.64191],[-48.21822,-15.62334],[-48.19973,-15.62291],[-48.20001,-15.50228],[-47.41841,-15.50182],[-47.41841,-15.54566],[-47.39941,-15.55063],[-47.37789,-15.57598],[-47.32088,-15.58661],[-47.31597,-15.59712],[-47.33275,-15.62943],[-47.33147,-15.6835],[-47.31252,-15.69738],[-47.32069,-15.71862],[-47.31482,-15.74808],[-47.3674,-15.82875],[-47.37874,-15.88416],[-47.36204,-15.92178],[-47.37892,-15.97322],[-47.36866,-16.00316],[-47.33907,-16.01243],[-47.31001,-16.03627],[-47.3085,-16.04997]]]}},{"type":"Feature","id":"cep2-72","properties":{"postal_code_id":"cep2-72","postal_codes":["72"],"first_digits":["7"],"states":["GO"]},"geometry":{"type":"Polygon","coordinates":[[[-48.55562,-16.34161],[-48.61827,-16.31001],[-48.63123,-16.28295],[-48.65265,-16.29225],[-48.70423,-16.29006],[-48.71865,-16.28005],[-48.77001,-16.28944],[-48.77138,-16.27826],[-48.80339,-16.26849],[-48.82392,-16.25434],[-48.82818,-16.23427],[-48.84844,-16.22694],[-48.89721,-16.23714],[-48.92475,-16.21968],[-48.9423,-16.23555],[-48.95516,-16.23147],[-48.95911,-16.22043],[-48.93353,-16.19228],[-48.92375,-16.15907],[-48.93987,-16.13447],[-48.96399,-16.12601],[-49.00598,-16.13152],[-49.01186,-16.14155],[-49.05759,-16.12704],[-49.06523,-16.137],[-49.09986,-16.13738],[-49.10148,-16.14663],[-49.14568,-16.1247],[-49.1648,-16.13768],[-49.18195,-16.12523],[-49.13309,-16.04967],[-49.15001,-16.02987],[-49.1342,-15.9957],[-49.17194,-15.96853],[-49.18262,-15.95329],[-49.17475,-15.94881],[-49.17919,-15.93318],[-49.19753,-15.92946],[-49.19655,-15.89579],[-49.21618,-15.85649],[-49.12723,-15.62455],[-49.14725,-15.61577],[-49.16715,-15.62709],[-49.18654,-15.6022],[-49.14602,-15.58609],[-49.10187,-15.53795],[-49.08721,-15.53788],[-49.11659,-15.52548],[-49.06621,-15.51052],[-49.04592,-15.52241],[-49.0187,-15.57212],[-48.95735,-15.51144],[-48.89861,-15.53087],[-48.86605,-15.51337],[-48.84716,-15.51956],[-48.82033,-15.50778],[-48.81402,-15.51764],[-48.80977,-15.50604],[-48.76884,-15.48737],[-48.74586,-15.49596],[-48.73866,-15.48885],[-48.74787,-15.47311],[-48.73019,-15.46391],[-48.70858,-15.39154],[-48.6935,-15.40127],[-48.65956,-15.3699],[-48.61805,-15.35884],[-48.56882,-15.37608],[-48.57025,-15.39431],[-48.55954,-15.40007],[-48.56068,-15.4325],[-48.57087,-15.43575],[-48.55331,-15.46061],[-48.58004,-15.48135],[-48.59348,-15.53583],[-48.56659,-15.57289],[-48.54597,-15.58273],[-48.5413,-15.6062],[-48.48041,-15.61982],[-48.41375,-15.65414],[-48.39147,-15.64268],[-48.38509,-15.61143],[-48.34857,-15.63584],[-48.32676,-15.62478],[-48.2961,-15.62737],[-48.25727,-15.64587],[-48.25202,-15.6592],[-48.23486,-15.66004],[-48.24122,-15.70555],[-48.20804,-15.71793],[-48.20884,-15.74972],[-48.24037,-15.79826],[-48.26783,-15.80838],[-48.28507,-15.83661],[-48.2717,-15.88409],[-48.27633,-15.93132],[-48.26086,-15.92803],[-48.25133,-15.93769],[-48.27781,-16.0496],[-47.68364,-16.04985],[-47.67631,-16.06912],[-47.72441,-16.09354],[-47.7324,-16.16622],[-47.65842,-16.16702],[-47.66484,-16.24004],[-47.64117,-16.28287],[-47.65365,-16.32699],[-47.64794,-16.3717],[-47.71502,-16.46378],[-47.72084,-16.53646],[-47.77574,-16.56758],[-47.7748,-16.54164],[-47.78943,-16.52401],[-47.80062,-16.52823],[-47.8036,-16.59647],[-47.82187,-16.6153],[-47.81949,-16.6345],[-47.86717,-16.68006],[-47.89107,-16.74437],[-47.88322,-16.74417],[-47.87968,-16.80238],[-47.89846,-16.80339],[-47.90253,-16.81323],[-47.88402,-16.84329],[-47.89313,-16.86138],[-47.88792,-16.89413],[-47.89626,-16.89789],[-47.88585,-16.90596],[-47.91066,-16.92586],[-47.90017,-16.95349],[-47.92164,-16.98323],[-47.91811,-17.00387],[-48.00282,-16.95064],[-48.00655,-16.93449],[-48.02949,-16.92231],[-48.07443,-16.92988],[-48.08911,-16.89147],[-48.07685,-16.88062],[-48.08773,-16.85586],[-48.0772,-16.84595],[-48.07503,-16.80827],[-48.0879,-16.76911],[-48.09853,-16.76844],[-48.10534,-16.7474],[-48.14565,-16.74188],[-48.15173,-16.73173],[-48.19463,-16.73383],[-48.1855,-16.70685],[-48.18973,-16.65538],[-48.24072,-16.5772],[-48.26988,-16.48924],[-48.2874,-16.48329],[-48.3058,-16.45315],[-48.34161,-16.44415],[-48.35866,-16.40155],[-48.40115,-16.38414],[-48.39951,-16.32217],[-48.37571,-16.30375],[-48.43643,-16.28231],[-48.49458,-16.30482],[-48.49507,-16.31982],[-48.51605,-16.33936],[-48.55562,-16.34161]]]}},{"type":"Feature","id":"cep2-73","properties":{"postal_code_id":"cep2-73","postal_codes":["73"],"first_digits":["7"],"states":["GO"]},"geometry":{"type":"MultiPolygon","coordinates":[[[[-47.51851,-17.28843],[-47.53832,-17.23244],[-47.57067,-17.21134],[-47.59819,-17.16589],[-47.63984,-17.14481],[-47.65953,-17.10275],[-47.65396,-17.09509],[-47.69373,-17.07771],[-47.71226,-17.05236],[-47.71886,-17.03414],[-47.68449,-16.94115],[-47.68995,-16.89917],[-47.69705,-16.91278],[-47.73357,-16.92914],[-47.77234,-16.91839],[-47.7912,-16.92659],[-47.80562,-16.91789],[-47.88175,-16.92614],[-47.89247,-16.91813],[-47.88402,-16.84329],[-47.90253,-16.81323],[-47.89846,-16.80339],[-47.87968,-16.80238],[-47.88322,-16.74417],[-47.89107,-16.74437],[-47.86717,-16.68006],[-47.81949,-16.6345],[-47.82187,-16.6153],[-47.8036,-16.59647],[-47.80062,-16.52823],[-47.78943,-16.52401],[-47.7748,-16.54164],[-47.77574,-16.56758],[-47.72806,-16.54483],[-47.71502,-16.46378],[-47.64794,-16.3717],[-47.65365,-16.32699],[-47.64117,-16.28287],[-47.66484,-16.24004],[-47.65505,-16.17687],[-47.65842,-16.16702],[-47.7324,-16.16622],[-47.72441,-16.09354],[-47.67631,-16.06912],[-47.68364,-16.04985],[-47.3085,-16.04997],[-47.31134,-16.08813],[-47.33715,-16.09359],[-47.33864,-16.12906],[-47.35047,-16.12971],[-47.32198,-16.23143],[-47.35161,-16.27541],[-47.36549,-16.32988],[-47.42014,-16.38319],[-47.42721,-16.43456],[-47.45437,-16.46461],[-47.45952,-16.50413],[-47.446,-16.51737],[-47.44547,-16.53674],[-47.42824,-16.55046],[-47.41369,-16.54665],[-47.41267,-16.57438],[-47.39798,-16.57071],[-47.38577,-16.58736],[-47.38664,-16.57771],[-47.37753,-16.5784],[-47.37679,-16.59895],[-47.35758,-16.58689],[-47.33385,-16.60842],[-47.31649,-16.60478],[-47.30767,-16.63096],[-47.28797,-16.63263],[-47.27759,-16.65921],[-47.2625,-16.65434],[-47.25086,-16.66481],[-47.25796,-16.68501],[-47.24588,-16.68354],[-47.24619,-16.70046],[-47.22567,-16.72048],[-47.23649,-16.75535],[-47.23118,-16.77504],[-47.2197,-16.77807],[-47.21989,-16.80955],[-47.20792,-16.81903],[-47.21263,-16.82782],[-47.19684,-16.82272],[-47.20644,-16.83839],[-47.20025,-16.85714],[-47.20963,-16.86356],[-47.19421,-16.88244],[-47.20337,-16.88852],[-47.19722,-16.90973],[-47.18071,-16.90175],[-47.17472,-16.91742],[-47.16065,-16.91973],[-47.17432,-16.9295],[-47.15796,-16.93985],[-47.16728,-16.95265],[-47.12741,-16.97865],[-47.14973,-16.99691],[-47.13959,-16.99945],[-47.14383,-17.01063],[-47.13201,-17.00675],[-47.15143,-17.03368],[-47.16301,-17.03242],[-47.16712,-17.04804],[-47.1846,-17.03868],[-47.17556,-17.05423],[-47.1821,-17.06395],[-47.19588,-17.06038],[-47.19184,-17.06957],[-47.20892,-17.06855],[-47.20884,-17.08086],[-47.22379,-17.07606],[-47.2317,-17.0892],[-47.24759,-17.08259],[-47.24818,-17.09856],[-47.26465,-17.09934],[-47.26715,-17.11366],[-47.27486,-17.10583],[-47.28271,-17.1441],[-47.29315,-17.13942],[-47.3094,-17.1588],[-47.3134,-17.14697],[-47.32368,-17.15563],[-47.32768,-17.14834],[-47.3339,-17.16529],[-47.35199,-17.1665],[-47.35166,-17.18196],[-47.34018,-17.18739],[-47.36218,-17.18764],[-47.35023,-17.1965],[-47.36265,-17.22271],[-47.37468,-17.21633],[-47.38654,-17.24981],[-47.39892,-17.24265],[-47.41107,-17.24923],[-47.40672,-17.25544],[-47.42235,-17.25961],[-47.4171,-17.26952],[-47.43446,-17.27622],[-47.41954,-17.29235],[-47.42937,-17.30804],[-47.42419,-17.32403],[-47.43787,-17.31788],[-47.45429,-17.3319],[-47.44054,-17.34648],[-47.45757,-17.34373],[-47.46401,-17.35585],[-47.47223,-17.34521],[-47.49575,-17.34565],[-47.51105,-17.33062],[-47.5002,-17.29657],[-47.51851,-17.28843]]],[[[-46.85488,-15.6183],[-46.85575,-15.6818],[-46.82778,-15.72867],[-46.81315,-15.7872],[-46.82322,-15.82463],[-46.8055,-15.85939],[-46.81436,-15.88718],[-47.05293,-15.93647],[-47.09062,-15.96092],[-47.13539,-15.94888],[-47.13656,-15.92738],[-47.17174,-15.95413],[-47.17029,-15.96955],[-47.18506,-15.98367],[-47.20796,-15.98685],[-47.21766,-16.01396],[-47.25932,-16.01861],[-47.27629,-16.00791],[-47.29677,-16.01533],[-47.31001,-16.03627],[-47.36866,-16.00316],[-47.37892,-15.97322],[-47.36204,-15.92178],[-47.37874,-15.88416],[-47.3674,-15.82875],[-47.31482,-15.74808],[-47.32069,-15.71862],[-47.31252,-15.69738],[-47.33147,-15.6835],[-47.33275,-15.62943],[-47.31597,-15.59712],[-47.32088,-15.58661],[-47.37789,-15.57598],[-47.39941,-15.55063],[-47.41841,-15.54566],[-47.41841,-15.50182],[-48.20001,-15.50228],[-48.19973,-15.62291],[-48.21822,-15.62334],[-48.23486,-15.66004],[-48.25202,-15.6592],[-48.25727,-15.64587],[-48.2961,-15.62737],[-48.32676,-15.62478],[-48.34857,-15.63584],[-48.38509,-15.61143],[-48.39147,-15.64268],[-48.41375,-15.65414],[-48.48041,-15.61982],[-48.5413,-15.6062],[-48.54597,-15.58273],[-48.56659,-15.57289],[-48.59348,-15.53583],[-48.58004,-15.48135],[-48.55331,-15.46061],[-48.57087,-15.43575],[-48.55818,-15.41837],[-48.56882,-15.37608],[-48.59283,-15.36469],[-48.57124,-15.35789],[-48.58497,-15.34117],[-48.57545,-15.32569],[-48.59304,-15.3058],[-48.5839,-15.26905],[-48.55951,-15.24165],[-48.58345,-15.22484],[-48.58845,-15.19698],[-48.61838,-15.17049],[-48.60709,-15.15276],[-48.62702,-15.11427],[-48.64237,-15.09807],[-48.65382,-15.10076],[-48.64306,-15.08874],[-48.65561,-15.05851],[-48.63794,-15.02384],[-48.63208,-15.03132],[-48.61383,-15.02605],[-48.59805,-15.00753],[-48.61102,-15.0024],[-48.6018,-14.99295],[-48.55483,-15.01545],[-48.54702,-15.00579],[-48.52359,-15.01706],[-48.50863,-15.01051],[-48.49847,-14.98359],[-48.48252,-14.98768],[-48.47401,-14.96409],[-48.42928,-14.9484],[-48.42251,-14.93417],[-48.38595,-14.94441],[-48.3706,-14.93785],[-48.35207,-14.90708],[-48.33732,-14.91211],[-48.32514,-14.89773],[-48.29382,-14.90349],[-48.25583,-14.87482],[-48.23783,-14.88233],[-48.18426,-14.84859],[-48.10065,-14.84881],[-48.08084,-14.86452],[-48.09223,-14.88201],[-48.07967,-14.89855],[-48.06056,-14.85922],[-48.04257,-14.86029],[-48.03423,-14.84913],[-48.0403,-14.83878],[-48.026,-14.82102],[-48.00351,-14.80483],[-47.98875,-14.82242],[-47.95831,-14.80222],[-47.90741,-14.79828],[-47.89417,-14.78065],[-47.85562,-14.76397],[-47.81527,-14.69968],[-47.79145,-14.69542],[-47.77877,-14.6752],[-47.76524,-14.59289],[-47.76996,-14.54978],[-47.76153,-14.54093],[-47.82349,-14.5033],[-47.83585,-14.43586],[-47.85974,-14.40398],[-47.86381,-14.37849],[-47.83601,-14.36351],[-47.82766,-14.35091],[-47.834,-14.33419],[-47.86757,-14.33882],[-47.86474,-14.34855],[-47.87482,-14.3519],[-47.8877,-14.33573],[-47.90691,-14.33872],[-47.92596,-14.29833],[-47.91157,-14.29757],[-47.90844,-14.28281],[-47.92216,-14.27535],[-47.94975,-14.28525],[-47.96872,-14.26098],[-47.99434,-14.25664],[-48.00118,-14.26819],[-48.00449,-14.24378],[-48.04553,-14.23392],[-48.05282,-14.21262],[-48.06577,-14.21466],[-48.0854,-14.19116],[-48.12798,-14.16921],[-48.12028,-14.15432],[-48.16314,-14.11807],[-48.17477,-14.08911],[-48.17092,-14.06777],[-48.18443,-14.05922],[-48.1968,-14.0196],[-48.21143,-14.02252],[-48.22149,-13.99662],[-48.2454,-13.99359],[-48.25121,-13.96103],[-48.28106,-13.93922],[-48.31865,-13.93918],[-48.33908,-13.89083],[-48.34665,-13.86238],[-48.3318,-13.83648],[-48.31537,-13.84489],[-48.30364,-13.83283],[-48.28207,-13.83187],[-48.251,-13.8579],[-48.24234,-13.85487],[-48.20764,-13.82216],[-48.1967,-13.79053],[-48.13789,-13.75474],[-48.14308,-13.65268],[-48.11131,-13.61743],[-48.10743,-13.56214],[-48.09193,-13.5479],[-48.10678,-13.54059],[-48.14114,-13.54762],[-48.13054,-13.50511],[-48.15767,-13.49557],[-48.16483,-13.47632],[-48.17898,-13.48188],[-48.19877,-13.47107],[-48.19005,-13.42703],[-48.18219,-13.4193],[-48.17439,-13.44433],[-48.16143,-13.449],[-48.14834,-13.43965],[-48.1433,-13.41041],[-48.14798,-13.37935],[-48.17105,-13.36591],[-48.16988,-13.30035],[-48.1431,-13.30616],[-48.07911,-13.28527],[-48.0745,-13.23901],[-48.06246,-13.23572],[-48.05173,-13.25683],[-48.03406,-13.25373],[-48.02549,-13.27956],[-47.98796,-13.27651],[-47.96685,-13.31501],[-47.93611,-13.28989],[-47.90386,-13.30191],[-47.9024,-13.31154],[-47.89434,-13.30653],[-47.88698,-13.31947],[-47.8236,-13.31171],[-47.79823,-13.32898],[-47.67975,-13.46817],[-47.62235,-13.36872],[-47.65014,-13.34878],[-47.66112,-13.30251],[-47.65508,-13.2758],[-47.63966,-13.26429],[-47.6543,-13.21927],[-47.66509,-13.21843],[-47.65488,-13.17551],[-47.66899,-13.16684],[-47.64283,-13.145],[-47.64632,-13.12045],[-47.61712,-13.10362],[-47.56097,-13.12482],[-47.56871,-13.14391],[-47.5578,-13.18685],[-47.47745,-13.18719],[-47.48349,-13.22261],[-47.4401,-13.22295],[-47.43127,-13.23633],[-47.4539,-13.25174],[-47.43645,-13.26678],[-47.43259,-13.28863],[-47.39294,-13.2624],[-47.3945,-13.24627],[-47.37972,-13.2306],[-47.32381,-13.25826],[-47.29559,-13.24857],[-47.28143,-13.2647],[-47.2684,-13.23745],[-47.24859,-13.22952],[-47.25238,-13.21261],[-47.22961,-13.19474],[-47.18374,-13.18745],[-47.17545,-13.19473],[-47.18379,-13.20472],[-47.15483,-13.21006],[-47.13389,-13.20076],[-47.14078,-13.18705],[-47.13247,-13.17805],[-47.07995,-13.17722],[-47.08029,-13.16188],[-47.01975,-13.14594],[-47.0021,-13.12168],[-46.97902,-13.13177],[-46.97961,-13.12236],[-46.92874,-13.09346],[-46.92862,-13.08235],[-46.89413,-13.05405],[-46.87823,-13.05166],[-46.86611,-13.06892],[-46.85478,-13.06758],[-46.84239,-13.03618],[-46.81861,-13.01387],[-46.82282,-13.00679],[-46.75061,-12.96915],[-46.45465,-12.97115],[-46.44593,-12.93577],[-46.4328,-12.92942],[-46.41798,-12.82244],[-46.40912,-12.84559],[-46.37392,-12.85145],[-46.36573,-12.86352],[-46.36024,-12.90899],[-46.37423,-12.96283],[-46.3644,-12.99074],[-46.19819,-12.95735],[-46.17844,-12.93995],[-46.11297,-12.91801],[-46.10464,-12.92493],[-46.12466,-12.95982],[-46.19381,-12.99675],[-46.27553,-13.02021],[-46.3011,-13.07431],[-46.33579,-13.09766],[-46.3217,-13.1027],[-46.29518,-13.14187],[-46.31671,-13.18326],[-46.30472,-13.18432],[-46.30435,-13.20598],[-46.32768,-13.25292],[-46.30094,-13.25485],[-46.29999,-13.28288],[-46.3179,-13.30523],[-46.29249,-13.31693],[-46.10322,-13.25751],[-46.06828,-13.29544],[-46.13547,-13.37552],[-46.21233,-13.41901],[-46.22514,-13.41281],[-46.24853,-13.43601],[-46.22334,-13.44075],[-46.20896,-13.46556],[-46.23706,-13.48715],[-46.22552,-13.50511],[-46.24726,-13.52169],[-46.23745,-13.54456],[-46.24745,-13.57866],[-46.18726,-13.57542],[-46.16275,-13.60364],[-46.23764,-13.65213],[-46.26122,-13.69491],[-46.24067,-13.69443],[-46.23574,-13.70815],[-46.26336,-13.73076],[-46.22294,-13.7654],[-46.2775,-13.79088],[-46.2639,-13.8074],[-46.27363,-13.82878],[-46.25171,-13.82916],[-46.23247,-13.84861],[-46.26699,-13.9175],[-46.26419,-13.94744],[-46.25449,-13.96746],[-46.22007,-13.97542],[-46.22426,-14.00361],[-46.20815,-14.01614],[-46.22768,-14.04426],[-46.22879,-14.07779],[-46.22153,-14.10676],[-46.1841,-14.15695],[-46.13219,-14.15285],[-46.1163,-14.1616],[-46.11102,-14.17271],[-46.12266,-14.1906],[-46.10873,-14.1874],[-46.09831,-14.19667],[-46.10188,-14.20832],[-46.06105,-14.19548],[-46.05294,-14.24479],[-46.0333,-14.24768],[-46.02363,-14.26119],[-45.99543,-14.25616],[-45.99756,-14.27776],[-45.98184,-14.27351],[-45.9644,-14.28431],[-45.94221,-14.34325],[-45.91514,-14.34464],[-45.90716,-14.35519],[-45.93167,-14.40898],[-45.97581,-14.43425],[-46.01018,-14.4257],[-46.00007,-14.44662],[-46.019,-14.47207],[-45.99608,-14.48841],[-46.00014,-14.52274],[-45.97531,-14.53893],[-45.98884,-14.54928],[-45.98847,-14.58948],[-45.99789,-14.60358],[-45.98501,-14.61907],[-45.98885,-14.65577],[-46.02508,-14.67813],[-46.02086,-14.69107],[-46.0055,-14.689],[-45.99916,-14.71856],[-46.00258,-14.79584],[-46.01916,-14.80309],[-46.01867,-14.81855],[-46.0412,-14.82649],[-46.02529,-14.85576],[-46.0673,-14.90978],[-46.07934,-14.90484],[-46.08814,-14.93639],[-46.11039,-14.93702],[-46.11908,-14.92056],[-46.13875,-14.9285],[-46.16641,-14.90845],[-46.16155,-14.93105],[-46.17678,-14.94944],[-46.19998,-14.93844],[-46.22447,-14.94173],[-46.23222,-14.9223],[-46.28686,-14.92815],[-46.2938,-14.91011],[-46.31934,-14.90044],[-46.30047,-14.85808],[-46.32492,-14.84779],[-46.3222,-14.81458],[-46.36578,-14.79541],[-46.44736,-14.73168],[-46.46404,-14.7297],[-46.4749,-14.70518],[-46.50345,-14.70408],[-46.51028,-14.73826],[-46.54419,-14.75301],[-46.54323,-14.76867],[-46.56595,-14.79204],[-46.55851,-14.82215],[-46.53193,-14.8303],[-46.52156,-14.85118],[-46.54654,-14.92544],[-46.54084,-14.9516],[-46.51815,-14.97048],[-46.53081,-15.00528],[-46.50272,-15.0509],[-46.51548,-15.06179],[-46.55132,-15.06388],[-46.57745,-15.08406],[-46.64102,-15.08759],[-46.72648,-15.03842],[-46.82987,-15.00926],[-46.8569,-15.01027],[-46.92506,-15.05751],[-46.92604,-15.07356],[-46.88832,-15.11254],[-46.94093,-15.22964],[-46.92766,-15.2551],[-46.89148,-15.23526],[-46.88932,-15.28225],[-46.8737,-15.2854],[-46.8359,-15.32654],[-46.86784,-15.35729],[-46.84948,-15.37316],[-46.91193,-15.41155],[-46.93047,-15.44309],[-46.9491,-15.5546],[-46.91775,-15.59001],[-46.85488,-15.6183]]]]}},{"type":"Feature","id":"cep2-74","properties":{"postal_code_id":"cep2-74","postal_codes":["74"],"first_digits":["7"],"states":["GO"]},"geometry":{"type":"Polygon","coordinates":[[[-49.14631,-16.84161],[-49.15332,-16.86361],[-49.13972,-16.88891],[-49.14515,-16.88139],[-49.16795,-16.88854],[-49.18773,-16.86695],[-49.24382,-16.85794],[-49.25818,-16.84538],[-49.30238,-16.86707],[-49.32429,-16.86172],[-49.31986,-16.85037],[-49.35056,-16.86158],[-49.36358,-16.89234],[-49.38329,-16.8623],[-49.37786,-16.84721],[-49.41223,-16.7408],[-49.42988,-16.71931],[-49.44461,-16.71772],[-49.43974,-16.67134],[-49.40149,-16.64305],[-49.38706,-16.64503],[-49.38015,-16.63026],[-49.39182,-16.5978],[-49.3531,-16.56447],[-49.3296,-16.5702],[-49.31011,-16.52976],[-49.2842,-16.53182],[-49.26337,-16.5159],[-49.2137,-16.45379],[-49.17532,-16.46443],[-49.17211,-16.48019],[-49.19373,-16.48887],[-49.19399,-16.52079],[-49.17815,-16.53179],[-49.1873,-16.551],[-49.16512,-16.56464],[-49.16369,-16.57808],[-49.13431,-16.5794],[-49.10285,-16.56256],[-49.09294,-16.56963],[-49.09584,-16.58918],[-49.07802,-16.59349],[-49.14764,-16.64721],[-49.16656,-16.6509],[-49.19686,-16.69172],[-49.17479,-16.7212],[-49.15507,-16.71648],[-49.14059,-16.75005],[-49.15395,-16.74848],[-49.1534,-16.77589],[-49.17159,-16.81837],[-49.16161,-16.83106],[-49.15415,-16.8241],[-49.15747,-16.83947],[-49.14631,-16.84161]]]}},{"type":"Feature","id":"cep2-75","properties":{"postal_code_id":"cep2-75","postal_codes":["75"],"first_digits":["7"],"states":["GO"]},"geometry":{"type":"Polygon","coordinates":[[[-51.16917,-19.28696],[-51.21553,-19.25924],[-51.25503,-19.26781],[-51.27661,-19.2605],[-51.2793,-19.24922],[-51.30834,-19.23584],[-51.30877,-19.2178],[-51.33703,-19.22229],[-51.34556,-19.21398],[-51.36436,-19.22262],[-51.37012,-19.19959],[-51.39453,-19.19623],[-51.42007,-19.16621],[-51.45899,-19.16752],[-51.4728,-19.15415],[-51.49867,-19.161],[-51.50052,-19.14905],[-51.55093,-19.14065],[-51.55519,-19.13219],[-51.59221,-19.12679],[-51.60898,-19.14104],[-51.63808,-19.12652],[-51.6516,-19.136],[-51.70011,-19.11879],[-51.71165,-19.10304],[-51.74007,-19.1008],[-51.74445,-19.08605],[-51.79137,-19.07963],[-51.79631,-19.06643],[-51.82338,-19.05381],[-51.84124,-19.05712],[-51.83552,-19.04556],[-51.84465,-19.04196],[-51.85222,-19.05249],[-51.8908,-19.01752],[-51.89709,-18.99448],[-51.94074,-18.96823],[-51.95099,-18.98114],[-51.96905,-18.96721],[-51.97644,-18.9814],[-52.00269,-18.96805],[-52.01586,-18.98246],[-52.01872,-18.96344],[-52.04263,-18.95928],[-52.04364,-18.95069],[-52.07936,-18.95109],[-52.10658,-18.92414],[-52.11081,-18.8987],[-52.15686,-18.88845],[-52.18309,-18.84764],[-52.2505,-18.83987],[-52.26565,-18.8289],[-52.29335,-18.82925],[-52.30514,-18.84044],[-52.33382,-18.82906],[-52.40755,-18.75715],[-52.44803,-18.69197],[-52.52071,-18.6698],[-52.53155,-18.65748],[-52.5524,-18.65708],[-52.59007,-18.68771],[-52.63241,-18.69559],[-52.68731,-18.67834],[-52.7481,-18.69206],[-52.8085,-18.6676],[-52.84647,-18.66695],[-52.87341,-18.64587],[-52.91676,-18.64029],[-52.91432,-18.61982],[-52.94062,-18.6115],[-52.93445,-18.59911],[-52.96235,-18.54082],[-52.94251,-18.51703],[-52.91301,-18.50484],[-52.88096,-18.46549],[-52.87118,-18.42581],[-52.79851,-18.41486],[-52.75887,-18.36314],[-52.75932,-18.34807],[-52.79692,-18.316],[-52.87321,-18.31483],[-52.93523,-18.29655],[-52.9841,-18.30733],[-53.01394,-18.32614],[-53.02785,-18.3516],[-53.07174,-18.34154],[-53.09966,-18.31362],[-53.11019,-18.21956],[-53.14315,-18.08408],[-53.12365,-18.05883],[-53.07571,-18.0508],[-53.06451,-17.9884],[-53.08654,-17.94494],[-53.12505,-17.91753],[-53.13865,-17.86396],[-53.13161,-17.83553],[-53.15449,-17.80619],[-53.16404,-17.76571],[-53.20187,-17.72615],[-53.23516,-17.71278],[-53.24384,-17.69037],[-53.23666,-17.6795],[-53.24778,-17.61756],[-53.23625,-17.57824],[-53.24425,-17.52323],[-53.22359,-17.45834],[-53.22889,-17.42668],[-53.19723,-17.3783],[-53.20668,-17.36998],[-53.19632,-17.36777],[-53.20561,-17.33141],[-53.21739,-17.32722],[-53.20916,-17.31601],[-53.21727,-17.29681],[-53.16546,-17.22123],[-53.15689,-17.17123],[-53.14207,-17.17136],[-53.1282,-17.15487],[-53.11152,-17.10856],[-53.1008,-17.11071],[-53.08302,-17.09363],[-53.08919,-17.08581],[-53.0592,-17.07684],[-53.06131,-17.04621],[-53.07132,-17.05037],[-53.05419,-17.01786],[-53.04726,-16.9493],[-53.03503,-16.94247],[-53.03901,-16.91212],[-53.01917,-16.90022],[-53.01406,-16.86433],[-52.96348,-16.86709],[-52.95633,-16.85013],[-52.94538,-16.85589],[-52.95022,-16.84035],[-52.92728,-16.84103],[-52.94161,-16.81068],[-52.93278,-16.80308],[-52.92701,-16.81883],[-52.90851,-16.8109],[-52.88506,-16.77703],[-52.83237,-16.77216],[-52.80819,-16.74228],[-52.78734,-16.74291],[-52.78566,-16.71445],[-52.76157,-16.7068],[-52.75543,-16.67161],[-52.76948,-16.66754],[-52.74107,-16.65209],[-52.74619,-16.6307],[-52.72244,-16.64711],[-52.71526,-16.637],[-52.72602,-16.6145],[-52.73789,-16.61348],[-52.73096,-16.5975],[-52.74008,-16.58996],[-52.70321,-16.59634],[-52.70776,-16.57534],[-52.70032,-16.57232],[-52.69468,-16.58219],[-52.67,-16.5823],[-52.6732,-16.5706],[-52.65957,-16.57024],[-52.66701,-16.55052],[-52.6495,-16.56122],[-52.64632,-16.54612],[-52.63582,-16.55199],[-52.62942,-16.51777],[-52.61553,-16.5129],[-52.58845,-16.53416],[-52.58388,-16.52189],[-52.5634,-16.51798],[-52.57943,-16.53648],[-52.54651,-16.55246],[-52.50648,-16.54149],[-52.48954,-16.56359],[-52.45684,-16.55731],[-52.43579,-16.53625],[-52.40546,-16.55489],[-52.36345,-16.53504],[-52.33297,-16.55149],[-52.32596,-16.57385],[-52.32392,-16.56664],[-52.25895,-16.59916],[-52.19664,-16.46445],[-52.17668,-16.46184],[-52.17664,-16.47573],[-52.09817,-16.47333],[-52.05231,-16.49014],[-52.0457,-16.54613],[-52.02508,-16.54625],[-52.01503,-16.56824],[-52.00449,-16.56599],[-52.00119,-16.59342],[-51.97521,-16.6275],[-51.96106,-16.62469],[-51.91678,-16.64991],[-51.8995,-16.63416],[-51.86593,-16.65808],[-51.74997,-16.5998],[-51.74358,-16.62101],[-51.707,-16.64337],[-51.67447,-16.63654],[-51.66785,-16.59898],[-51.63399,-16.5944],[-51.5953,-16.6045],[-51.57682,-16.66257],[-51.55137,-16.64204],[-51.53689,-16.60275],[-51.5089,-16.58236],[-51.50973,-16.54652],[-51.5,-16.53658],[-51.49115,-16.5421],[-51.45662,-16.52881],[-51.417,-16.49201],[-51.42242,-16.48395],[-51.4123,-16.47437],[-51.3779,-16.46476],[-51.35632,-16.4826],[-51.34664,-16.47703],[-51.33931,-16.50928],[-51.33096,-16.50516],[-51.31883,-16.52266],[-51.31304,-16.51701],[-51.28918,-16.55649],[-51.30918,-16.56499],[-51.28866,-16.59988],[-51.25736,-16.61718],[-51.26166,-16.64851],[-51.22183,-16.69486],[-51.22984,-16.71009],[-51.21656,-16.73485],[-51.22786,-16.75968],[-51.22164,-16.81461],[-51.21004,-16.80851],[-51.19745,-16.83917],[-51.1806,-16.84161],[-51.16716,-16.86855],[-51.1538,-16.86685],[-51.15059,-16.8916],[-51.10497,-16.89551],[-51.07646,-16.94452],[-51.05569,-16.95456],[-51.05711,-16.86044],[-51.00336,-16.84469],[-50.97137,-16.79462],[-50.9243,-16.78325],[-50.84872,-16.72586],[-50.81902,-16.67097],[-50.81067,-16.70957],[-50.81794,-16.71928],[-50.80655,-16.72978],[-50.7899,-16.79881],[-50.79792,-16.82133],[-50.73108,-16.80624],[-50.70092,-16.80972],[-50.65165,-16.83991],[-50.57568,-16.84801],[-50.57156,-16.83242],[-50.54945,-16.82838],[-50.54577,-16.81854],[-50.50481,-16.81243],[-50.4827,-16.79754],[-50.44955,-16.79763],[-50.40709,-16.73159],[-50.40992,-16.72004],[-50.37632,-16.72376],[-50.36174,-16.69972],[-50.35087,-16.72451],[-50.35935,-16.74047],[-50.28502,-16.76615],[-50.28793,-16.79669],[-50.27485,-16.8016],[-50.25526,-16.76294],[-50.25416,-16.7332],[-50.19324,-16.68623],[-50.14998,-16.68071],[-50.15932,-16.72245],[-50.10387,-16.79811],[-50.09927,-16.89085],[-50.15379,-16.91768],[-50.12883,-16.94276],[-50.09998,-16.95104],[-50.08869,-16.91975],[-50.07075,-16.91696],[-50.04272,-16.92951],[-50.03296,-16.96076],[-50.08145,-17.04851],[-50.08011,-17.0751],[-50.0547,-17.08459],[-49.97518,-17.05234],[-49.94961,-17.03031],[-49.95022,-17.00508],[-49.93095,-16.98456],[-49.92747,-16.96055],[-49.89977,-16.95411],[-49.85466,-16.99016],[-49.85103,-17.00991],[-49.8274,-17.01143],[-49.85289,-17.04171],[-49.83398,-17.04677],[-49.82173,-17.06722],[-49.82385,-17.09834],[-49.84952,-17.12174],[-49.84334,-17.16415],[-49.80251,-17.16163],[-49.76771,-17.13711],[-49.75163,-17.13769],[-49.73051,-17.1572],[-49.72339,-17.18697],[-49.65832,-17.25463],[-49.65289,-17.28738],[-49.63795,-17.30583],[-49.61927,-17.29196],[-49.6295,-17.28815],[-49.62317,-17.27724],[-49.61374,-17.27721],[-49.61343,-17.25778],[-49.62396,-17.24958],[-49.61432,-17.24081],[-49.6312,-17.22621],[-49.64478,-17.18545],[-49.66561,-17.17632],[-49.65154,-17.15048],[-49.68678,-17.13421],[-49.68423,-17.11259],[-49.69789,-17.10786],[-49.70578,-17.08202],[-49.71923,-17.08243],[-49.70526,-17.07577],[-49.72583,-17.07023],[-49.73863,-17.02187],[-49.75089,-17.01101],[-49.74002,-16.96995],[-49.74866,-16.94501],[-49.72533,-16.93329],[-49.74018,-16.89222],[-49.72771,-16.87268],[-49.75223,-16.85419],[-49.75621,-16.82578],[-49.76533,-16.82433],[-49.7581,-16.81665],[-49.78172,-16.78435],[-49.77955,-16.76562],[-49.76159,-16.7487],[-49.76586,-16.73363],[-49.73095,-16.69268],[-49.73576,-16.67957],[-49.71694,-16.64573],[-49.72898,-16.6378],[-49.72982,-16.58006],[-49.77407,-16.55379],[-49.79665,-16.51745],[-49.83037,-16.51942],[-49.84632,-16.492],[-49.82831,-16.46742],[-49.81204,-16.46262],[-49.82995,-16.44472],[-49.81458,-16.39761],[-49.77343,-16.42178],[-49.77072,-16.43429],[-49.74118,-16.44268],[-49.72126,-16.44175],[-49.71316,-16.4223],[-49.72731,-16.40755],[-49.72689,-16.38501],[-49.73575,-16.38691],[-49.7242,-16.36194],[-49.73343,-16.29144],[-49.7533,-16.27559],[-49.75488,-16.22035],[-49.73488,-16.19208],[-49.64171,-16.11514],[-49.61228,-16.11962],[-49.60547,-16.10727],[-49.57425,-16.10185],[-49.55191,-16.12779],[-49.52504,-16.11425],[-49.53882,-16.05478],[-49.51726,-15.99732],[-49.53239,-15.97875],[-49.5094,-15.97288],[-49.46522,-16.0046],[-49.46793,-15.94343],[-49.39275,-15.90591],[-49.39327,-15.88861],[-49.37908,-15.91364],[-49.35668,-15.89771],[-49.34418,-15.90155],[-49.33109,-15.873],[-49.34018,-15.85698],[-49.32318,-15.83634],[-49.30504,-15.82569],[-49.2805,-15.83341],[-49.25634,-15.81688],[-49.24864,-15.83534],[-49.21632,-15.84891],[-49.19655,-15.89579],[-49.19753,-15.92946],[-49.17919,-15.93318],[-49.17475,-15.94881],[-49.18262,-15.95329],[-49.1342,-15.9957],[-49.15001,-16.02987],[-49.13309,-16.04967],[-49.14954,-16.08434],[-49.1818,-16.11224],[-49.18195,-16.12523],[-49.1648,-16.13768],[-49.14568,-16.1247],[-49.10148,-16.14663],[-49.09986,-16.13738],[-49.06523,-16.137],[-49.05759,-16.12704],[-49.01186,-16.14155],[-49.00598,-16.13152],[-48.96399,-16.12601],[-48.93987,-16.13447],[-48.92375,-16.15907],[-48.93353,-16.19228],[-48.95911,-16.22043],[-48.95516,-16.23147],[-48.9423,-16.23555],[-48.92475,-16.21968],[-48.89721,-16.23714],[-48.84844,-16.22694],[-48.82818,-16.23427],[-48.82392,-16.25434],[-48.80339,-16.26849],[-48.77138,-16.27826],[-48.77001,-16.28944],[-48.71865,-16.28005],[-48.70423,-16.29006],[-48.65265,-16.29225],[-48.63123,-16.28295],[-48.61827,-16.31001],[-48.55562,-16.34161],[-48.51605,-16.33936],[-48.49507,-16.31982],[-48.49458,-16.30482],[-48.45846,-16.28528],[-48.41157,-16.28667],[-48.39687,-16.30246],[-48.37571,-16.30375],[-48.39951,-16.32217],[-48.40115,-16.38414],[-48.35866,-16.40155],[-48.34161,-16.44415],[-48.3058,-16.45315],[-48.2874,-16.48329],[-48.26988,-16.48924],[-48.24072,-16.5772],[-48.18973,-16.65538],[-48.1855,-16.70685],[-48.19463,-16.73383],[-48.15173,-16.73173],[-48.14565,-16.74188],[-48.10534,-16.7474],[-48.09853,-16.76844],[-48.0879,-16.76911],[-48.07503,-16.80827],[-48.0772,-16.84595],[-48.08773,-16.85586],[-48.07685,-16.88062],[-48.08911,-16.89147],[-48.07443,-16.92988],[-48.02949,-16.92231],[-48.00655,-16.93449],[-48.00282,-16.95064],[-47.91811,-17.00387],[-47.92164,-16.98323],[-47.90017,-16.95349],[-47.91066,-16.92586],[-47.90171,-16.91578],[-47.88175,-16.92614],[-47.80562,-16.91789],[-47.7912,-16.92659],[-47.77234,-16.91839],[-47.73357,-16.92914],[-47.69705,-16.91278],[-47.68995,-16.89917],[-47.68449,-16.94115],[-47.71886,-17.03414],[-47.71226,-17.05236],[-47.69373,-17.07771],[-47.65396,-17.09509],[-47.65953,-17.10275],[-47.63984,-17.14481],[-47.59819,-17.16589],[-47.57067,-17.21134],[-47.53114,-17.24271],[-47.51851,-17.28843],[-47.5002,-17.29657],[-47.50655,-17.34217],[-47.52233,-17.3537],[-47.51451,-17.37495],[-47.53961,-17.38804],[-47.52462,-17.41192],[-47.53797,-17.4084],[-47.52176,-17.42625],[-47.54095,-17.44572],[-47.53665,-17.45707],[-47.51332,-17.46322],[-47.50472,-17.50919],[-47.49117,-17.51878],[-47.47728,-17.51278],[-47.45473,-17.54179],[-47.40045,-17.51182],[-47.37466,-17.52354],[-47.32541,-17.5238],[-47.26424,-17.61911],[-47.27901,-17.64266],[-47.26999,-17.67048],[-47.31397,-17.69982],[-47.31695,-17.72524],[-47.34222,-17.74571],[-47.33179,-17.76555],[-47.34349,-17.77474],[-47.34989,-17.80998],[-47.37121,-17.83135],[-47.35694,-17.85493],[-47.3568,-17.89625],[-47.34178,-17.90018],[-47.34128,-17.93486],[-47.31296,-17.96189],[-47.32243,-17.98529],[-47.31247,-18.00574],[-47.29686,-18.00956],[-47.30073,-18.02718],[-47.2834,-18.04077],[-47.28344,-18.05775],[-47.30588,-18.06309],[-47.30429,-18.0746],[-47.32434,-18.06977],[-47.34536,-18.08703],[-47.35763,-18.08523],[-47.35584,-18.10514],[-47.39477,-18.11689],[-47.4077,-18.13292],[-47.39588,-18.1409],[-47.41194,-18.14823],[-47.42651,-18.13933],[-47.43521,-18.15046],[-47.42976,-18.16522],[-47.45109,-18.1595],[-47.46299,-18.17669],[-47.48061,-18.17832],[-47.48425,-18.19283],[-47.51766,-18.19944],[-47.52759,-18.22694],[-47.53747,-18.2301],[-47.54015,-18.19352],[-47.56186,-18.20934],[-47.56664,-18.20292],[-47.57064,-18.2209],[-47.58834,-18.22739],[-47.58033,-18.23414],[-47.607,-18.2462],[-47.60182,-18.25772],[-47.61344,-18.26286],[-47.61716,-18.24842],[-47.62496,-18.26052],[-47.61804,-18.26887],[-47.63777,-18.28908],[-47.61021,-18.31571],[-47.62523,-18.33026],[-47.64815,-18.3407],[-47.65319,-18.32625],[-47.67154,-18.35815],[-47.70727,-18.38038],[-47.71546,-18.36389],[-47.73696,-18.3626],[-47.73329,-18.3759],[-47.75466,-18.39167],[-47.74949,-18.41255],[-47.77902,-18.42414],[-47.80838,-18.40022],[-47.82973,-18.4113],[-47.83194,-18.44978],[-47.86045,-18.44019],[-47.87352,-18.46025],[-47.86324,-18.46974],[-47.88558,-18.46851],[-47.88791,-18.47722],[-47.91427,-18.46658],[-47.9546,-18.5],[-47.9634,-18.47983],[-47.97638,-18.47778],[-47.98091,-18.44286],[-47.99667,-18.45353],[-48.01243,-18.44998],[-48.06272,-18.41395],[-48.07866,-18.43006],[-48.11079,-18.42859],[-48.14653,-18.40954],[-48.15938,-18.37551],[-48.22148,-18.36197],[-48.22723,-18.34597],[-48.25678,-18.34298],[-48.27177,-18.32935],[-48.31807,-18.3671],[-48.30461,-18.38247],[-48.31054,-18.38671],[-48.35264,-18.3677],[-48.40419,-18.37098],[-48.41117,-18.35762],[-48.43953,-18.36354],[-48.44205,-18.35662],[-48.47944,-18.38028],[-48.4877,-18.35206],[-48.51565,-18.36642],[-48.55454,-18.34695],[-48.56141,-18.32389],[-48.60235,-18.33482],[-48.63382,-18.32765],[-48.64109,-18.34026],[-48.69775,-18.35017],[-48.75772,-18.34476],[-48.77141,-18.35824],[-48.78717,-18.3532],[-48.81636,-18.37966],[-48.82802,-18.37525],[-48.83713,-18.34148],[-48.93677,-18.30621],[-48.9829,-18.34112],[-48.9815,-18.35637],[-48.996,-18.37094],[-49.02964,-18.36882],[-49.05376,-18.40258],[-49.07905,-18.41667],[-49.10801,-18.40371],[-49.1078,-18.3886],[-49.12631,-18.38431],[-49.15927,-18.41665],[-49.2058,-18.41409],[-49.21234,-18.42183],[-49.19259,-18.44972],[-49.22837,-18.47922],[-49.24935,-18.52284],[-49.28564,-18.53631],[-49.29269,-18.56391],[-49.3275,-18.5622],[-49.34261,-18.5956],[-49.39304,-18.6473],[-49.41962,-18.6316],[-49.45597,-18.5779],[-49.47773,-18.56427],[-49.49305,-18.49429],[-49.53531,-18.49181],[-49.5571,-18.54658],[-49.60821,-18.54701],[-49.65171,-18.56112],[-49.63776,-18.59863],[-49.68205,-18.58885],[-49.73283,-18.61602],[-49.7722,-18.61326],[-49.78368,-18.64134],[-49.83615,-18.63669],[-49.87409,-18.61127],[-49.93165,-18.62399],[-50.02006,-18.59936],[-50.07977,-18.6719],[-50.16429,-18.66435],[-50.19888,-18.67908],[-50.25026,-18.67789],[-50.31449,-18.70075],[-50.37857,-18.81465],[-50.42349,-18.83265],[-50.44344,-18.89412],[-50.51055,-18.93866],[-50.49508,-19.01287],[-50.53516,-19.09889],[-50.58653,-19.13949],[-50.67449,-19.1363],[-50.67185,-19.16107],[-50.68248,-19.17562],[-50.73307,-19.18703],[-50.74653,-19.23991],[-50.81707,-19.28932],[-50.87536,-19.42284],[-50.82559,-19.47334],[-50.83551,-19.4961],[-50.935,-19.46748],[-50.95213,-19.44263],[-50.98608,-19.4292],[-50.988,-19.40844],[-51.00145,-19.41533],[-51.00451,-19.40141],[-51.02575,-19.39872],[-51.02047,-19.38662],[-51.05814,-19.3304],[-51.14414,-19.28685],[-51.16917,-19.28696]],[[-49.3296,-16.5702],[-49.3531,-16.56447],[-49.3742,-16.57807],[-49.39182,-16.5978],[-49.38015,-16.63026],[-49.38706,-16.64503],[-49.41478,-16.64973],[-49.43974,-16.67134],[-49.44287,-16.68852],[-49.44461,-16.71772],[-49.42988,-16.71931],[-49.41223,-16.7408],[-49.39099,-16.7964],[-49.37443,-16.87998],[-49.36358,-16.89234],[-49.35056,-16.86158],[-49.31986,-16.85037],[-49.32429,-16.86172],[-49.30238,-16.86707],[-49.25818,-16.84538],[-49.24382,-16.85794],[-49.18773,-16.86695],[-49.16795,-16.88854],[-49.14515,-16.88139],[-49.13972,-16.88891],[-49.15332,-16.86361],[-49.14631,-16.84161],[-49.15747,-16.83947],[-49.15415,-16.8241],[-49.16161,-16.83106],[-49.17159,-16.81837],[-49.1534,-16.77589],[-49.15395,-16.74848],[-49.14059,-16.75005],[-49.15507,-16.71648],[-49.17479,-16.7212],[-49.19686,-16.69172],[-49.16656,-16.6509],[-49.14764,-16.64721],[-49.07802,-16.59349],[-49.09584,-16.58918],[-49.09294,-16.56963],[-49.10285,-16.56256],[-49.13431,-16.5794],[-49.16369,-16.57808],[-49.16512,-16.56464],[-49.1873,-16.551],[-49.17815,-16.53179],[-49.19399,-16.52079],[-49.19373,-16.48887],[-49.17211,-16.48019],[-49.17532,-16.46443],[-49.2137,-16.45379],[-49.26337,-16.5159],[-49.2842,-16.53182],[-49.31011,-16.52976],[-49.3296,-16.5702]]]}},{"type":"Feature","id":"cep2-76","properties":{"postal_code_id":"cep2-76","postal_codes":["76"],"first_digits":["7"],"states":["GO","RO"]},"geometry":{"type":"MultiPolygon","coordinates":[[[[-62.13483,-13.14939],[-62.15202,-13.15966],[-62.17499,-13.1135],[-62.18396,-13.12319],[-62.17821,-13.14302],[-62.19093,-13.15383],[-62.21479,-13.11134],[-62.22957,-13.12156],[-62.2434,-13.11734],[-62.24593,-13.14516],[-62.27666,-13.14618],[-62.27116,-13.15492],[-62.28468,-13.14206],[-62.29935,-13.15055],[-62.31677,-13.13447],[-62.32143,-13.15207],[-62.33052,-13.13998],[-62.33626,-13.14805],[-62.34554,-13.13714],[-62.39204,-13.13475],[-62.39938,-13.11339],[-62.41399,-13.12838],[-62.43596,-13.09847],[-62.43341,-13.08581],[-62.44291,-13.07991],[-62.45188,-13.08778],[-62.4591,-13.08111],[-62.45241,-13.07024],[-62.46204,-13.06755],[-62.47205,-13.07889],[-62.47588,-13.05749],[-62.48618,-13.07792],[-62.50263,-13.08316],[-62.52382,-13.0655],[-62.54716,-13.07399],[-62.61257,-13.0413],[-62.61413,-13.02624],[-62.60063,-13.01883],[-62.63302,-13.01064],[-62.63146,-12.99022],[-62.65218,-12.98934],[-62.65082,-12.96558],[-62.69858,-13.00282],[-62.72516,-13.00125],[-62.72916,-13.02077],[-62.74385,-13.00032],[-62.75641,-13.01719],[-62.7791,-13.00957],[-62.8089,-12.96214],[-62.8033,-12.94508],[-62.82299,-12.93377],[-62.84585,-12.94872],[-62.84555,-12.92317],[-62.87021,-12.91062],[-62.89408,-12.873],[-62.89216,-12.85884],[-62.92135,-12.84086],[-62.93785,-12.84299],[-62.94749,-12.85862],[-62.96321,-12.84738],[-62.97091,-12.85891],[-62.98343,-12.84413],[-63.0071,-12.8396],[-63.01033,-12.80831],[-63.02051,-12.8064],[-63.04191,-12.7501],[-63.05458,-12.73113],[-63.08244,-12.72055],[-63.08054,-12.70384],[-63.06118,-12.69239],[-63.06677,-12.6827],[-63.09936,-12.67963],[-63.08461,-12.65465],[-63.09055,-12.63601],[-63.11325,-12.62568],[-63.12175,-12.6382],[-63.14678,-12.63774],[-63.15464,-12.61826],[-63.16608,-12.61605],[-63.16594,-12.64233],[-63.19434,-12.62316],[-63.19138,-12.64882],[-63.20424,-12.66035],[-63.24792,-12.66627],[-63.2329,-12.68614],[-63.24249,-12.69077],[-63.2994,-12.68176],[-63.34855,-12.65615],[-63.37086,-12.65969],[-63.41211,-12.61026],[-63.43813,-12.60838],[-63.44259,-12.60121],[-63.42738,-12.59361],[-63.43936,-12.5816],[-63.43715,-12.56437],[-63.50174,-12.56732],[-63.55049,-12.50844],[-63.69155,-12.44942],[-63.76716,-12.44122],[-63.7863,-12.42794],[-63.83397,-12.46343],[-63.8873,-12.44725],[-63.90384,-12.50848],[-63.952,-12.53162],[-64.00055,-12.50302],[-64.01165,-12.51709],[-64.01789,-12.50923],[-64.04016,-12.51514],[-64.05701,-12.49204],[-64.08203,-12.50132],[-64.08941,-12.48514],[-64.12432,-12.5045],[-64.13022,-12.47703],[-64.16461,-12.51437],[-64.17389,-12.50058],[-64.1713,-12.47049],[-64.19677,-12.47284],[-64.23449,-12.45548],[-64.28444,-12.50318],[-64.29397,-12.49997],[-64.29472,-12.45782],[-64.34509,-12.45982],[-64.40617,-12.44705],[-64.46164,-12.38584],[-64.51211,-12.35143],[-64.49289,-12.29119],[-64.51279,-12.22287],[-64.55224,-12.24195],[-64.58005,-12.2143],[-64.61622,-12.21472],[-64.69803,-12.1878],[-64.71294,-12.17358],[-64.7178,-12.14247],[-64.69763,-12.09609],[-64.70661,-12.08825],[-64.73855,-12.10008],[-64.73655,-12.13851],[-64.75871,-12.1571],[-64.76859,-12.146],[-64.7575,-12.11231],[-64.77045,-12.09371],[-64.80008,-12.0859],[-64.83061,-12.12252],[-64.84226,-12.10749],[-64.84241,-12.0946],[-64.81003,-12.06449],[-64.81269,-12.04487],[-64.83959,-12.01068],[-64.88367,-12.01367],[-64.91703,-12.02838],[-64.94839,-11.99343],[-64.96606,-12.00029],[-64.97216,-12.01816],[-65.00056,-11.99337],[-65.02891,-11.99764],[-65.03542,-11.9869],[-65.02559,-11.97165],[-65.04203,-11.96271],[-65.015,-11.90415],[-65.01886,-11.89209],[-65.05403,-11.88546],[-65.07069,-11.86911],[-65.05972,-11.79068],[-65.09053,-11.70778],[-65.12825,-11.72051],[-65.18297,-11.7217],[-65.17397,-11.75311],[-65.18756,-11.75625],[-65.25061,-11.72137],[-65.2608,-11.70489],[-65.21791,-11.65209],[-65.23498,-11.57678],[-65.21192,-11.53049],[-65.22897,-11.51563],[-65.30492,-11.5016],[-65.33539,-11.35703],[-65.32402,-11.33862],[-65.29203,-11.33114],[-65.29377,-11.31924],[-65.33964,-11.31245],[-65.36188,-11.24562],[-65.35539,-11.21502],[-65.32563,-11.21169],[-65.31967,-11.19348],[-65.35086,-11.18639],[-65.3615,-11.13487],[-65.32519,-11.10378],[-65.28889,-11.09425],[-65.2798,-11.07912],[-65.30055,-11.03933],[-65.29717,-11.02597],[-65.25086,-10.98455],[-65.28583,-10.92767],[-65.28439,-10.91936],[-65.26661,-10.92181],[-65.27556,-10.87116],[-65.31688,-10.82539],[-65.36696,-10.79626],[-65.36553,-10.78007],[-65.35049,-10.78059],[-65.34475,-10.76226],[-65.34361,-10.69958],[-65.35834,-10.65739],[-65.40513,-10.64055],[-65.41613,-10.61674],[-65.39761,-10.5809],[-65.41847,-10.53977],[-65.41058,-10.51295],[-65.42975,-10.48095],[-65.42442,-10.46591],[-65.4048,-10.46402],[-65.39043,-10.4476],[-65.37908,-10.409],[-65.3918,-10.37444],[-65.32736,-10.30527],[-65.28883,-10.21987],[-65.30703,-10.165],[-65.30058,-10.10091],[-65.32616,-10.06618],[-65.32005,-10.00096],[-65.33301,-9.94428],[-65.32852,-9.92127],[-65.28866,-9.86573],[-65.28738,-9.83986],[-65.32199,-9.81131],[-65.35688,-9.72017],[-65.3783,-9.69713],[-65.44344,-9.66932],[-65.45055,-9.70046],[-65.48988,-9.71303],[-65.48574,-9.72919],[-65.50102,-9.72984],[-65.50205,-9.78584],[-65.51352,-9.79317],[-65.53408,-9.78295],[-65.53736,-9.79889],[-65.56432,-9.81025],[-65.55803,-9.84463],[-65.59695,-9.84191],[-65.60587,-9.82459],[-65.62761,-9.8368],[-65.63302,-9.80989],[-65.64736,-9.81584],[-65.64736,-9.79147],[-65.67096,-9.7811],[-65.68844,-9.81099],[-65.71055,-9.80732],[-65.70002,-9.78818],[-65.70946,-9.77362],[-65.70416,-9.76384],[-65.67994,-9.7657],[-65.68497,-9.74901],[-65.72275,-9.75664],[-65.74605,-9.78153],[-65.77266,-9.75819],[-65.7666,-9.73965],[-65.77791,-9.73683],[-65.77536,-9.76685],[-65.7963,-9.79139],[-65.81313,-9.77241],[-65.8016,-9.76575],[-65.81694,-9.75466],[-65.84083,-9.78885],[-65.8715,-9.79096],[-65.86186,-9.76778],[-65.87136,-9.75339],[-65.88591,-9.75248],[-65.90399,-9.76684],[-65.92163,-9.75279],[-65.93081,-9.76736],[-65.94424,-9.76036],[-65.96716,-9.77065],[-65.97413,-9.79791],[-65.967,-9.80486],[-65.97997,-9.80131],[-65.98214,-9.80878],[-65.99844,-9.79536],[-66.02603,-9.81102],[-66.03322,-9.78893],[-66.07111,-9.7843],[-66.08714,-9.79004],[-66.07972,-9.79362],[-66.09058,-9.81278],[-66.10581,-9.78312],[-66.12286,-9.7911],[-66.15202,-9.78562],[-66.19506,-9.80631],[-66.19447,-9.82876],[-66.20367,-9.83462],[-66.23766,-9.8146],[-66.2528,-9.83208],[-66.27483,-9.83484],[-66.2753,-9.82697],[-66.28619,-9.84472],[-66.31339,-9.83257],[-66.34619,-9.83937],[-66.35839,-9.86405],[-66.40311,-9.86356],[-66.42625,-9.89963],[-66.42489,-9.87373],[-66.4358,-9.86601],[-66.46067,-9.8786],[-66.48911,-9.87074],[-66.49114,-9.88248],[-66.50058,-9.87536],[-66.53375,-9.88521],[-66.54386,-9.87745],[-66.54894,-9.88881],[-66.55886,-9.88095],[-66.58233,-9.90587],[-66.62689,-9.89803],[-66.81025,-9.81805],[-66.78058,-9.79139],[-66.78214,-9.75857],[-66.72539,-9.75607],[-66.6918,-9.73389],[-66.68495,-9.71465],[-66.60945,-9.6649],[-66.58631,-9.67356],[-66.50061,-9.63356],[-66.49492,-9.60158],[-66.39241,-9.50048],[-66.389,-9.46428],[-66.39611,-9.43752],[-66.41472,-9.42195],[-66.40886,-9.40695],[-66.37478,-9.42637],[-66.35331,-9.41662],[-66.34161,-9.42702],[-66.31892,-9.41996],[-66.3075,-9.43685],[-66.28419,-9.43216],[-66.29044,-9.41249],[-66.2678,-9.40976],[-66.24341,-9.42939],[-66.17363,-9.43442],[-66.12389,-9.40878],[-66.05974,-9.41822],[-66.02663,-9.40084],[-65.9703,-9.41316],[-65.93188,-9.44759],[-65.918,-9.47816],[-65.88091,-9.48746],[-65.84661,-9.51641],[-65.84825,-9.53232],[-65.82508,-9.53009],[-65.81803,-9.56226],[-65.79152,-9.58564],[-65.77071,-9.56536],[-65.75655,-9.56896],[-65.75033,-9.55362],[-65.72355,-9.55906],[-65.69608,-9.50767],[-65.681,-9.50041],[-65.67944,-9.45139],[-65.64988,-9.44727],[-65.64163,-9.43347],[-65.60463,-9.41658],[-65.54825,-9.42605],[-65.50655,-9.4477],[-65.50316,-9.46998],[-65.4928,-9.47366],[-65.47697,-9.47266],[-65.46788,-9.45929],[-65.45666,-9.47052],[-65.43472,-9.46633],[-65.4566,-9.40121],[-65.44022,-9.31175],[-65.39352,-9.3396],[-65.37751,-9.32443],[-65.35124,-9.32311],[-65.28418,-9.27027],[-65.24666,-9.25766],[-65.21177,-9.27899],[-65.20896,-9.30964],[-65.19076,-9.33692],[-65.19616,-9.37526],[-65.17354,-9.38545],[-65.18546,-9.42703],[-65.14288,-9.44681],[-65.09785,-9.43252],[-65.08891,-9.42508],[-65.09229,-9.40939],[-65.05355,-9.40214],[-65.03568,-9.37482],[-65.03931,-9.35958],[-65.00585,-9.34353],[-65.01271,-9.32868],[-65.00052,-9.30461],[-64.98618,-9.29193],[-64.96288,-9.29278],[-64.93608,-9.25581],[-64.91968,-9.22028],[-64.93993,-9.12457],[-64.91568,-9.07461],[-64.91727,-9.04314],[-64.8941,-9.0437],[-64.87057,-9.01219],[-64.83932,-8.99411],[-64.79163,-8.9864],[-64.75357,-9.02075],[-64.69927,-8.98826],[-64.68335,-8.99362],[-64.67138,-9.0148],[-64.64154,-9.00665],[-64.61107,-9.01645],[-64.55012,-8.97827],[-64.44657,-8.97687],[-64.3234,-8.92886],[-64.30957,-8.93449],[-64.32607,-8.97983],[-64.31132,-8.99647],[-64.23321,-8.99231],[-64.17501,-8.96057],[-64.14945,-8.95894],[-64.14177,-8.94505],[-64.1582,-8.84317],[-64.12946,-8.80516],[-64.14476,-8.77645],[-64.13087,-8.72216],[-64.09477,-8.72836],[-64.0589,-8.70999],[-64.02787,-8.71567],[-64.03548,-8.69356],[-64.00484,-8.62591],[-63.99109,-8.61741],[-63.98621,-8.58563],[-63.96715,-8.58788],[-63.94595,-8.60949],[-63.92457,-8.57553],[-63.92317,-8.55929],[-63.94562,-8.5505],[-63.94379,-8.5266],[-63.9709,-8.49933],[-63.97318,-8.47845],[-63.93909,-8.44155],[-63.9779,-8.42013],[-63.94537,-8.38783],[-63.94412,-8.33119],[-63.91084,-8.32852],[-63.89493,-8.30203],[-63.87076,-8.28882],[-63.82534,-8.30615],[-63.79123,-8.33322],[-63.77351,-8.32073],[-63.74656,-8.27017],[-63.72276,-8.2495],[-63.74856,-8.20787],[-63.74153,-8.19007],[-63.69342,-8.15835],[-63.6699,-8.12174],[-63.667,-8.0816],[-63.62178,-8.02961],[-63.62014,-7.97653],[-62.87721,-7.97592],[-62.84121,-7.98843],[-62.81061,-8.02634],[-62.78158,-8.02595],[-62.74411,-8.04383],[-62.68883,-8.09629],[-62.67139,-8.14152],[-62.68542,-8.18031],[-62.66093,-8.1966],[-62.65035,-8.23757],[-62.59892,-8.27322],[-62.55696,-8.28574],[-62.56359,-8.29603],[-62.55241,-8.29789],[-62.56109,-8.31755],[-62.54961,-8.36487],[-62.53589,-8.359],[-62.5338,-8.37496],[-62.51847,-8.38474],[-62.46547,-8.33974],[-62.43972,-8.3679],[-62.37055,-8.38466],[-62.3608,-8.39855],[-62.36605,-8.49356],[-62.33736,-8.51664],[-62.3258,-8.56371],[-62.33908,-8.58689],[-62.33578,-8.60948],[-62.2813,-8.63859],[-62.29431,-8.60544],[-62.28936,-8.5889],[-62.26559,-8.57664],[-62.2286,-8.59057],[-62.18839,-8.59056],[-62.17664,-8.63692],[-62.20053,-8.64429],[-62.16509,-8.67939],[-62.17177,-8.69507],[-62.1488,-8.71831],[-62.15503,-8.73964],[-62.12497,-8.80167],[-62.098,-8.80892],[-62.0743,-8.79857],[-62.03106,-8.79971],[-62.02133,-8.8236],[-61.99703,-8.84074],[-61.98522,-8.87861],[-61.93811,-8.88141],[-61.85975,-8.85297],[-61.86102,-8.80362],[-61.8433,-8.77941],[-61.8365,-8.73272],[-61.80625,-8.74778],[-61.77461,-8.74823],[-61.74013,-8.70987],[-61.74185,-8.69519],[-61.71325,-8.68791],[-61.70536,-8.70753],[-61.67358,-8.70502],[-61.63055,-8.72196],[-61.62955,-8.75296],[-61.60603,-8.79471],[-61.52719,-8.81686],[-61.51247,-8.86056],[-61.46921,-8.92011],[-61.50573,-8.96619],[-61.55575,-9.0924],[-61.55538,-9.1315],[-61.51959,-9.19734],[-61.52487,-9.24286],[-61.56839,-9.23709],[-61.59962,-9.25604],[-61.62834,-9.2571],[-61.63338,-9.27429],[-61.6253,-9.28412],[-61.61199,-9.2807],[-61.62593,-9.36301],[-61.61364,-9.35578],[-61.55315,-9.38906],[-61.55672,-9.43561],[-61.58172,-9.45913],[-61.57249,-9.46361],[-61.57847,-9.46952],[-61.52651,-9.50107],[-61.54912,-9.51249],[-61.52712,-9.53327],[-61.51344,-9.52853],[-61.51037,-9.56509],[-61.49493,-9.58493],[-61.5037,-9.61262],[-61.47697,-9.62985],[-61.49501,-9.65988],[-61.50688,-9.66196],[-61.50527,-9.69138],[-61.53243,-9.71178],[-61.55305,-9.70719],[-61.57464,-9.71779],[-61.5315,-9.73991],[-61.54622,-9.78889],[-61.52491,-9.79573],[-61.53228,-9.81854],[-61.51973,-9.82154],[-61.50791,-9.86108],[-61.51108,-9.89556],[-61.52498,-9.90658],[-61.52282,-9.94669],[-61.53943,-9.9641],[-61.52798,-9.97043],[-61.5312,-9.98985],[-61.55587,-10.03895],[-61.58486,-10.06159],[-61.57871,-10.07924],[-61.60124,-10.15009],[-61.5968,-10.16238],[-61.56246,-10.1719],[-61.55172,-10.19778],[-61.57401,-10.20896],[-61.57761,-10.22658],[-61.57672,-10.24858],[-61.54414,-10.30227],[-61.55333,-10.30701],[-61.51475,-10.33685],[-61.49565,-10.39024],[-61.4715,-10.40514],[-61.47617,-10.41843],[-61.46179,-10.4199],[-61.48082,-10.48775],[-61.47799,-10.53165],[-61.46632,-10.54121],[-61.47996,-10.56915],[-61.47624,-10.60766],[-61.4896,-10.63108],[-61.47896,-10.64304],[-61.49939,-10.69862],[-61.47239,-10.71497],[-61.4884,-10.73648],[-61.47383,-10.79751],[-61.48603,-10.80061],[-61.4933,-10.78452],[-61.5111,-10.79481],[-61.50342,-10.80845],[-61.52515,-10.8558],[-61.5268,-10.88458],[-61.52444,-10.90338],[-61.51481,-10.90643],[-61.51952,-10.9497],[-61.53009,-10.97902],[-61.55026,-10.98609],[-60.46005,-10.98986],[-60.43836,-11.02384],[-60.4466,-11.04215],[-60.41819,-11.04091],[-60.41439,-11.06747],[-60.39155,-11.09379],[-60.35002,-11.10832],[-60.34844,-11.07404],[-60.33455,-11.08289],[-60.30125,-11.05715],[-60.28236,-11.06402],[-60.28083,-11.09153],[-60.271,-11.09869],[-60.24127,-11.09689],[-60.20725,-11.11176],[-60.19147,-11.11411],[-60.15927,-11.09565],[-60.09619,-11.11079],[-60.08425,-11.09684],[-60.06671,-11.12551],[-60.03744,-11.11735],[-60.01939,-11.1291],[-59.98685,-11.11452],[-59.97678,-11.12239],[-59.97994,-11.1398],[-59.98911,-11.13804],[-59.98494,-11.14704],[-59.99591,-11.15698],[-59.96403,-11.18912],[-59.98113,-11.20376],[-59.97969,-11.23953],[-59.95947,-11.29473],[-59.92778,-11.31043],[-59.91719,-11.33843],[-59.92544,-11.36178],[-59.92063,-11.39801],[-59.94477,-11.43232],[-59.97624,-11.43922],[-59.98541,-11.46934],[-60.01797,-11.49604],[-60.03124,-11.49317],[-60.02672,-11.50568],[-60.05747,-11.5421],[-60.09927,-11.57083],[-60.09444,-11.58588],[-60.11091,-11.58249],[-60.11488,-11.59146],[-60.12166,-11.7121],[-60.09686,-11.79532],[-60.10467,-11.80286],[-60.09887,-11.84555],[-60.06588,-11.89082],[-60.01208,-11.89304],[-59.9842,-11.91482],[-59.98699,-11.96009],[-59.97136,-11.96995],[-59.97038,-11.98902],[-59.97958,-11.99129],[-59.96717,-12.00264],[-59.97936,-12.02955],[-59.8998,-12.11722],[-59.89961,-12.16632],[-59.91081,-12.18646],[-59.89233,-12.24545],[-59.77436,-12.34096],[-59.79294,-12.34578],[-59.81926,-12.37875],[-59.84255,-12.42485],[-59.84416,-12.46717],[-59.89818,-12.50164],[-59.89605,-12.53644],[-59.94765,-12.59927],[-59.97273,-12.60994],[-59.98157,-12.59214],[-59.9975,-12.59077],[-60.04538,-12.64171],[-60.0458,-12.66151],[-60.05983,-12.66415],[-60.06585,-12.69382],[-60.05606,-12.69912],[-60.07484,-12.73448],[-60.05922,-12.78695],[-60.06845,-12.78992],[-60.06564,-12.8107],[-60.08282,-12.85264],[-60.07911,-12.88114],[-60.11717,-12.95956],[-60.13979,-12.97021],[-60.18928,-12.97114],[-60.21366,-13.00705],[-60.21529,-13.02698],[-60.24133,-13.03846],[-60.26762,-13.07728],[-60.28299,-13.08055],[-60.28062,-13.13562],[-60.26851,-13.14497],[-60.30384,-13.17837],[-60.32978,-13.23547],[-60.32481,-13.25049],[-60.33903,-13.27233],[-60.35181,-13.27301],[-60.35181,-13.29173],[-60.37162,-13.31859],[-60.36609,-13.33223],[-60.37959,-13.37523],[-60.37187,-13.40887],[-60.38792,-13.4547],[-60.41153,-13.46166],[-60.43201,-13.48844],[-60.51095,-13.5036],[-60.53167,-13.51809],[-60.53306,-13.53625],[-60.57765,-13.56523],[-60.6322,-13.5717],[-60.68604,-13.62523],[-60.69856,-13.66879],[-60.71395,-13.676],[-60.70932,-13.693],[-60.76954,-13.68421],[-60.77053,-13.66511],[-60.81007,-13.65527],[-60.82859,-13.6295],[-60.87984,-13.61753],[-60.92076,-13.56895],[-60.92304,-13.54086],[-60.95104,-13.55188],[-60.96742,-13.53689],[-60.98603,-13.5387],[-60.98704,-13.54814],[-61.00562,-13.55028],[-61.01228,-13.53101],[-61.00026,-13.52207],[-61.00901,-13.5064],[-60.98833,-13.50032],[-61.01492,-13.48754],[-61.04698,-13.48468],[-61.05098,-13.49539],[-61.0356,-13.49707],[-61.06037,-13.51185],[-61.06359,-13.50207],[-61.09784,-13.49583],[-61.10618,-13.53166],[-61.12596,-13.5199],[-61.13962,-13.52898],[-61.13846,-13.51236],[-61.14431,-13.5286],[-61.1532,-13.52731],[-61.17129,-13.51061],[-61.18782,-13.51687],[-61.18281,-13.52766],[-61.19429,-13.53645],[-61.20793,-13.52543],[-61.23353,-13.52502],[-61.24834,-13.49627],[-61.2856,-13.50211],[-61.28832,-13.48286],[-61.30256,-13.47894],[-61.30396,-13.50181],[-61.32868,-13.50358],[-61.35052,-13.52116],[-61.38979,-13.51977],[-61.40496,-13.52834],[-61.40246,-13.53787],[-61.46992,-13.55525],[-61.57243,-13.51857],[-61.5731,-13.4941],[-61.58427,-13.49062],[-61.60801,-13.51169],[-61.62621,-13.49985],[-61.62282,-13.51462],[-61.64507,-13.50682],[-61.65145,-13.51871],[-61.69343,-13.49992],[-61.70304,-13.51512],[-61.73471,-13.51862],[-61.73082,-13.52654],[-61.75779,-13.5242],[-61.75735,-13.54057],[-61.77659,-13.51776],[-61.77815,-13.53299],[-61.81712,-13.52744],[-61.81126,-13.54023],[-61.82118,-13.53382],[-61.84109,-13.54891],[-61.84034,-13.52697],[-61.85291,-13.53849],[-61.86885,-13.52822],[-61.88321,-13.4973],[-61.88743,-13.44077],[-61.89926,-13.42683],[-61.9076,-13.43414],[-61.94038,-13.40785],[-61.94799,-13.41539],[-61.97062,-13.40617],[-61.96235,-13.39115],[-61.97732,-13.38808],[-61.97138,-13.37425],[-61.99963,-13.36504],[-61.99673,-13.37439],[-62.01152,-13.3584],[-62.01721,-13.32728],[-62.03271,-13.33364],[-62.05691,-13.31178],[-62.05696,-13.2882],[-62.08429,-13.29031],[-62.11568,-13.25847],[-62.11521,-13.16368],[-62.13483,-13.14939]]],[[[-50.79792,-16.82133],[-50.7899,-16.79881],[-50.80655,-16.72978],[-50.81794,-16.71928],[-50.81067,-16.70957],[-50.81902,-16.67097],[-50.84872,-16.72586],[-50.9243,-16.78325],[-50.97137,-16.79462],[-51.00336,-16.84469],[-51.05711,-16.86044],[-51.05569,-16.95456],[-51.07646,-16.94452],[-51.10497,-16.89551],[-51.15059,-16.8916],[-51.1538,-16.86685],[-51.16716,-16.86855],[-51.1806,-16.84161],[-51.19745,-16.83917],[-51.21004,-16.80851],[-51.22164,-16.81461],[-51.22786,-16.75968],[-51.21656,-16.73485],[-51.22984,-16.71009],[-51.22183,-16.69486],[-51.26166,-16.64851],[-51.25736,-16.61718],[-51.28866,-16.59988],[-51.30918,-16.56499],[-51.28918,-16.55649],[-51.31304,-16.51701],[-51.31883,-16.52266],[-51.33096,-16.50516],[-51.33931,-16.50928],[-51.34664,-16.47703],[-51.35632,-16.4826],[-51.3779,-16.46476],[-51.4123,-16.47437],[-51.42242,-16.48395],[-51.417,-16.49201],[-51.45662,-16.52881],[-51.49115,-16.5421],[-51.5,-16.53658],[-51.50973,-16.54652],[-51.5089,-16.58236],[-51.53689,-16.60275],[-51.55137,-16.64204],[-51.57682,-16.66257],[-51.5953,-16.6045],[-51.63399,-16.5944],[-51.66785,-16.59898],[-51.67447,-16.63654],[-51.707,-16.64337],[-51.74358,-16.62101],[-51.74997,-16.5998],[-51.76799,-16.60144],[-51.86593,-16.65808],[-51.8995,-16.63416],[-51.91678,-16.64991],[-51.96106,-16.62469],[-51.97521,-16.6275],[-52.00119,-16.59342],[-52.00449,-16.56599],[-52.01503,-16.56824],[-52.02508,-16.54625],[-52.0457,-16.54613],[-52.05231,-16.49014],[-52.0876,-16.47466],[-52.17664,-16.47573],[-52.17668,-16.46184],[-52.19664,-16.46445],[-52.25895,-16.59916],[-52.32392,-16.56664],[-52.32596,-16.57385],[-52.33297,-16.55149],[-52.36345,-16.53504],[-52.40546,-16.55489],[-52.43579,-16.53625],[-52.45684,-16.55731],[-52.48954,-16.56359],[-52.50648,-16.54149],[-52.54651,-16.55246],[-52.57943,-16.53648],[-52.5634,-16.51798],[-52.59914,-16.5329],[-52.60689,-16.51573],[-52.62942,-16.51777],[-52.63734,-16.50286],[-52.61276,-16.50175],[-52.60508,-16.46278],[-52.62076,-16.46533],[-52.61922,-16.44631],[-52.63887,-16.43711],[-52.64101,-16.41573],[-52.67455,-16.4124],[-52.68925,-16.39456],[-52.67812,-16.37873],[-52.69272,-16.36642],[-52.69221,-16.34831],[-52.68258,-16.34413],[-52.68116,-16.30171],[-52.65924,-16.28065],[-52.62469,-16.2868],[-52.61127,-16.2722],[-52.58732,-16.26807],[-52.57632,-16.24952],[-52.56436,-16.2642],[-52.54595,-16.25967],[-52.57011,-16.23104],[-52.54527,-16.22261],[-52.54917,-16.165],[-52.52645,-16.15539],[-52.52596,-16.14106],[-52.46057,-16.12772],[-52.39888,-16.09334],[-52.37135,-16.09633],[-52.36725,-16.08331],[-52.3285,-16.0704],[-52.28977,-15.96462],[-52.2569,-15.93088],[-52.25434,-15.89369],[-52.19487,-15.88094],[-52.12757,-15.89496],[-52.11116,-15.88287],[-52.00953,-15.88581],[-51.98704,-15.84898],[-51.95647,-15.83986],[-51.94845,-15.8101],[-51.91291,-15.81323],[-51.89229,-15.83112],[-51.88034,-15.82428],[-51.87631,-15.80205],[-51.83911,-15.75037],[-51.80515,-15.72577],[-51.80072,-15.70074],[-51.75713,-15.63345],[-51.77727,-15.53498],[-51.76089,-15.53006],[-51.74679,-15.56172],[-51.72772,-15.54964],[-51.73787,-15.51708],[-51.69897,-15.48493],[-51.70927,-15.46163],[-51.69128,-15.42587],[-51.696,-15.40595],[-51.66953,-15.37442],[-51.69147,-15.32491],[-51.67725,-15.28759],[-51.6507,-15.27309],[-51.6458,-15.25876],[-51.67196,-15.24781],[-51.64974,-15.1998],[-51.65213,-15.17947],[-51.59266,-15.15236],[-51.58639,-15.13357],[-51.54689,-15.10047],[-51.53411,-15.0652],[-51.462,-15.04798],[-51.43048,-15.00983],[-51.40174,-15.00285],[-51.36824,-15.00957],[-51.3248,-14.97042],[-51.30705,-14.98097],[-51.29504,-15.03025],[-51.26761,-15.04441],[-51.15705,-14.98561],[-51.14492,-14.94341],[-51.08711,-14.92135],[-51.08964,-14.84018],[-51.07071,-14.80996],[-51.04482,-14.79284],[-51.05824,-14.75167],[-51.03011,-14.70967],[-51.02666,-14.65936],[-50.99284,-14.61246],[-50.99371,-14.57014],[-50.96423,-14.5283],[-50.96801,-14.482],[-50.98897,-14.45357],[-50.98621,-14.42903],[-50.99787,-14.41381],[-50.98727,-14.35774],[-50.96612,-14.32712],[-50.97695,-14.29354],[-50.95406,-14.23174],[-50.91463,-14.16993],[-50.91466,-14.11363],[-50.9037,-14.11022],[-50.88653,-14.13213],[-50.85181,-14.11763],[-50.83127,-14.08283],[-50.85504,-14.02588],[-50.84715,-13.99979],[-50.86467,-13.98395],[-50.86579,-13.95984],[-50.84023,-13.92368],[-50.84064,-13.86379],[-50.85909,-13.8287],[-50.85527,-13.75735],[-50.8739,-13.73448],[-50.80877,-13.69735],[-50.77159,-13.6045],[-50.759,-13.52032],[-50.71482,-13.49147],[-50.68352,-13.44519],[-50.66395,-13.43496],[-50.66455,-13.37443],[-50.6111,-13.32023],[-50.585,-13.21525],[-50.6047,-13.19149],[-50.59163,-13.10795],[-50.61032,-13.06476],[-50.60647,-13.054],[-50.57981,-13.05491],[-50.56902,-13.0425],[-50.59294,-13.00349],[-50.5255,-12.97602],[-50.52638,-12.93393],[-50.51097,-12.88677],[-50.49957,-12.87951],[-50.51098,-12.8609],[-50.48417,-12.80888],[-50.49329,-12.78369],[-50.46871,-12.75232],[-50.48741,-12.74448],[-50.46509,-12.7308],[-50.47503,-12.70632],[-50.46017,-12.69268],[-50.43665,-12.69636],[-50.42693,-12.65349],[-50.43419,-12.64942],[-50.41191,-12.64375],[-50.41744,-12.62323],[-50.39146,-12.6123],[-50.39769,-12.60038],[-50.37942,-12.5756],[-50.36669,-12.57406],[-50.36963,-12.55809],[-50.35858,-12.55016],[-50.36599,-12.54701],[-50.34559,-12.5417],[-50.34656,-12.5329],[-50.3315,-12.53548],[-50.32493,-12.5144],[-50.31594,-12.52162],[-50.32428,-12.50675],[-50.30546,-12.49237],[-50.26169,-12.47722],[-50.22453,-12.44605],[-50.20579,-12.44521],[-50.21122,-12.43542],[-50.1862,-12.43307],[-50.1933,-12.41153],[-50.18315,-12.42368],[-50.17167,-12.42135],[-50.17168,-12.40585],[-50.1418,-12.3954],[-50.15873,-12.41428],[-50.1586,-12.43062],[-50.20073,-12.45957],[-50.21826,-12.49119],[-50.22935,-12.53163],[-50.20831,-12.56206],[-50.19784,-12.55353],[-50.1934,-12.56383],[-50.22323,-12.58491],[-50.23782,-12.57925],[-50.24476,-12.59747],[-50.23681,-12.62409],[-50.25382,-12.62336],[-50.27146,-12.68324],[-50.29907,-12.68018],[-50.29916,-12.7044],[-50.28328,-12.71778],[-50.30261,-12.74715],[-50.29444,-12.75395],[-50.31078,-12.79161],[-50.30769,-12.81742],[-50.29291,-12.83399],[-50.22533,-12.86003],[-50.2245,-12.87304],[-50.18518,-12.89364],[-50.10953,-12.91139],[-50.07989,-12.90538],[-50.03852,-12.93574],[-50.02314,-12.92847],[-49.99099,-12.94479],[-49.97914,-12.93875],[-49.94997,-12.95929],[-49.92174,-12.9608],[-49.36832,-13.2723],[-49.33726,-13.24728],[-49.35565,-13.15606],[-49.34105,-13.1265],[-49.3543,-13.11238],[-49.35098,-13.08903],[-49.27976,-12.98893],[-49.28064,-12.97032],[-49.24929,-12.92654],[-49.23766,-12.88379],[-49.21068,-12.87793],[-49.11768,-12.79008],[-49.10463,-12.83542],[-49.06789,-12.84637],[-49.08497,-12.87824],[-49.07928,-12.90389],[-49.04902,-12.91342],[-49.0379,-12.90375],[-49.02108,-12.90731],[-48.97623,-12.95789],[-48.87031,-12.80326],[-48.84636,-12.8094],[-48.8453,-12.83922],[-48.82352,-12.84502],[-48.81408,-12.86359],[-48.73513,-12.92107],[-48.7325,-12.98392],[-48.71575,-13.00228],[-48.67653,-12.99294],[-48.63571,-13.0208],[-48.62813,-13.05058],[-48.60221,-13.05756],[-48.58816,-13.09798],[-48.59559,-13.10659],[-48.58436,-13.1045],[-48.57592,-13.12416],[-48.59646,-13.14982],[-48.57716,-13.18754],[-48.58443,-13.22705],[-48.59995,-13.23866],[-48.58739,-13.25437],[-48.59986,-13.28799],[-48.5848,-13.32139],[-48.56824,-13.3022],[-48.55398,-13.30335],[-48.55366,-13.20328],[-48.53035,-13.19232],[-48.51881,-13.14003],[-48.48623,-13.14125],[-48.47945,-13.15256],[-48.47248,-13.14056],[-48.47485,-13.23594],[-48.4569,-13.24796],[-48.45889,-13.28043],[-48.44198,-13.2923],[-48.43005,-13.27118],[-48.38535,-13.2661],[-48.36211,-13.24295],[-48.34572,-13.24941],[-48.34243,-13.22873],[-48.30964,-13.2353],[-48.28796,-13.20474],[-48.24995,-13.19663],[-48.23227,-13.1697],[-48.19312,-13.17289],[-48.19569,-13.16158],[-48.17342,-13.14806],[-48.16484,-13.15822],[-48.14366,-13.15247],[-48.16592,-13.1893],[-48.15302,-13.21924],[-48.16746,-13.24431],[-48.1572,-13.25001],[-48.15332,-13.27969],[-48.17082,-13.3116],[-48.17105,-13.36591],[-48.14798,-13.37935],[-48.14834,-13.43965],[-48.16143,-13.449],[-48.17439,-13.44433],[-48.18219,-13.4193],[-48.19877,-13.47107],[-48.17898,-13.48188],[-48.16483,-13.47632],[-48.15767,-13.49557],[-48.13054,-13.50511],[-48.14114,-13.54762],[-48.10678,-13.54059],[-48.09193,-13.5479],[-48.10743,-13.56214],[-48.11131,-13.61743],[-48.14308,-13.65268],[-48.13789,-13.75474],[-48.1967,-13.79053],[-48.20764,-13.82216],[-48.24234,-13.85487],[-48.251,-13.8579],[-48.28207,-13.83187],[-48.30364,-13.83283],[-48.31537,-13.84489],[-48.3318,-13.83648],[-48.34665,-13.86238],[-48.31865,-13.93918],[-48.28106,-13.93922],[-48.25121,-13.96103],[-48.2454,-13.99359],[-48.22149,-13.99662],[-48.21143,-14.02252],[-48.1968,-14.0196],[-48.18443,-14.05922],[-48.17092,-14.06777],[-48.17477,-14.08911],[-48.16314,-14.11807],[-48.12028,-14.15432],[-48.12798,-14.16921],[-48.0854,-14.19116],[-48.06577,-14.21466],[-48.05282,-14.21262],[-48.04553,-14.23392],[-48.00449,-14.24378],[-48.00118,-14.26819],[-47.99434,-14.25664],[-47.96872,-14.26098],[-47.94975,-14.28525],[-47.92216,-14.27535],[-47.90844,-14.28281],[-47.91157,-14.29757],[-47.92596,-14.29833],[-47.90691,-14.33872],[-47.8877,-14.33573],[-47.87482,-14.3519],[-47.86474,-14.34855],[-47.86757,-14.33882],[-47.834,-14.33419],[-47.82766,-14.35091],[-47.83601,-14.36351],[-47.86381,-14.37849],[-47.85974,-14.40398],[-47.83585,-14.43586],[-47.82349,-14.5033],[-47.76153,-14.54093],[-47.76996,-14.54978],[-47.76524,-14.59289],[-47.77877,-14.6752],[-47.79145,-14.69542],[-47.81527,-14.69968],[-47.85562,-14.76397],[-47.89417,-14.78065],[-47.90741,-14.79828],[-47.95831,-14.80222],[-47.98875,-14.82242],[-48.00351,-14.80483],[-48.026,-14.82102],[-48.0403,-14.83878],[-48.03423,-14.84913],[-48.04257,-14.86029],[-48.06056,-14.85922],[-48.07967,-14.89855],[-48.09223,-14.88201],[-48.08084,-14.86452],[-48.10065,-14.84881],[-48.18426,-14.84859],[-48.23783,-14.88233],[-48.25583,-14.87482],[-48.29382,-14.90349],[-48.32514,-14.89773],[-48.33732,-14.91211],[-48.35207,-14.90708],[-48.3706,-14.93785],[-48.38595,-14.94441],[-48.42251,-14.93417],[-48.42928,-14.9484],[-48.47401,-14.96409],[-48.48252,-14.98768],[-48.49847,-14.98359],[-48.50863,-15.01051],[-48.52359,-15.01706],[-48.54702,-15.00579],[-48.55483,-15.01545],[-48.6018,-14.99295],[-48.61102,-15.0024],[-48.59805,-15.00753],[-48.61383,-15.02605],[-48.64381,-15.02954],[-48.63572,-15.03387],[-48.65561,-15.05851],[-48.64306,-15.08874],[-48.65382,-15.10076],[-48.64237,-15.09807],[-48.62702,-15.11427],[-48.60709,-15.15276],[-48.61838,-15.17049],[-48.58845,-15.19698],[-48.58345,-15.22484],[-48.55951,-15.24165],[-48.5839,-15.26905],[-48.59304,-15.3058],[-48.57545,-15.32569],[-48.58497,-15.34117],[-48.57124,-15.35789],[-48.65956,-15.3699],[-48.6935,-15.40127],[-48.70858,-15.39154],[-48.73019,-15.46391],[-48.74787,-15.47311],[-48.73866,-15.48885],[-48.74586,-15.49596],[-48.76884,-15.48737],[-48.80977,-15.50604],[-48.81402,-15.51764],[-48.82033,-15.50778],[-48.84716,-15.51956],[-48.86605,-15.51337],[-48.91505,-15.53183],[-48.93709,-15.51133],[-48.95735,-15.51144],[-49.0187,-15.57212],[-49.04592,-15.52241],[-49.06621,-15.51052],[-49.11659,-15.52548],[-49.08721,-15.53788],[-49.10187,-15.53795],[-49.14602,-15.58609],[-49.18654,-15.6022],[-49.16715,-15.62709],[-49.14725,-15.61577],[-49.12723,-15.62455],[-49.21618,-15.85649],[-49.24864,-15.83534],[-49.25634,-15.81688],[-49.2805,-15.83341],[-49.30504,-15.82569],[-49.32318,-15.83634],[-49.34018,-15.85698],[-49.33109,-15.873],[-49.34418,-15.90155],[-49.35668,-15.89771],[-49.37908,-15.91364],[-49.39327,-15.88861],[-49.39275,-15.90591],[-49.46793,-15.94343],[-49.46522,-16.0046],[-49.5094,-15.97288],[-49.53239,-15.97875],[-49.51726,-15.99732],[-49.53882,-16.05478],[-49.52504,-16.11425],[-49.55191,-16.12779],[-49.57425,-16.10185],[-49.60547,-16.10727],[-49.61228,-16.11962],[-49.64171,-16.11514],[-49.73488,-16.19208],[-49.75488,-16.22035],[-49.7533,-16.27559],[-49.73343,-16.29144],[-49.7242,-16.36194],[-49.73575,-16.38691],[-49.72689,-16.38501],[-49.72731,-16.40755],[-49.71316,-16.4223],[-49.72126,-16.44175],[-49.74118,-16.44268],[-49.77072,-16.43429],[-49.77343,-16.42178],[-49.81458,-16.39761],[-49.82995,-16.44472],[-49.81204,-16.46262],[-49.82831,-16.46742],[-49.84632,-16.492],[-49.83037,-16.51942],[-49.79665,-16.51745],[-49.77407,-16.55379],[-49.72982,-16.58006],[-49.72898,-16.6378],[-49.71694,-16.64573],[-49.73576,-16.67957],[-49.73095,-16.69268],[-49.76586,-16.73363],[-49.76159,-16.7487],[-49.77955,-16.76562],[-49.78172,-16.78435],[-49.7581,-16.81665],[-49.76533,-16.82433],[-49.75621,-16.82578],[-49.75223,-16.85419],[-49.72771,-16.87268],[-49.74018,-16.89222],[-49.72533,-16.93329],[-49.74866,-16.94501],[-49.74002,-16.96995],[-49.75089,-17.01101],[-49.73863,-17.02187],[-49.72583,-17.07023],[-49.70526,-17.07577],[-49.71923,-17.08243],[-49.70578,-17.08202],[-49.69789,-17.10786],[-49.68423,-17.11259],[-49.68678,-17.13421],[-49.65154,-17.15048],[-49.66561,-17.17632],[-49.64478,-17.18545],[-49.6312,-17.22621],[-49.61432,-17.24081],[-49.62396,-17.24958],[-49.61343,-17.25778],[-49.61374,-17.27721],[-49.6295,-17.28815],[-49.61927,-17.29196],[-49.64559,-17.30196],[-49.65832,-17.25463],[-49.72339,-17.18697],[-49.73051,-17.1572],[-49.75163,-17.13769],[-49.76771,-17.13711],[-49.80251,-17.16163],[-49.84334,-17.16415],[-49.84952,-17.12174],[-49.82385,-17.09834],[-49.82173,-17.06722],[-49.83398,-17.04677],[-49.85289,-17.04171],[-49.8274,-17.01143],[-49.85103,-17.00991],[-49.85466,-16.99016],[-49.89977,-16.95411],[-49.92747,-16.96055],[-49.93095,-16.98456],[-49.95022,-17.00508],[-49.94961,-17.03031],[-49.97518,-17.05234],[-50.0547,-17.08459],[-50.08011,-17.0751],[-50.08145,-17.04851],[-50.03296,-16.96076],[-50.04272,-16.92951],[-50.07075,-16.91696],[-50.08869,-16.91975],[-50.09998,-16.95104],[-50.12883,-16.94276],[-50.15379,-16.91768],[-50.09927,-16.89085],[-50.10387,-16.79811],[-50.15932,-16.72245],[-50.14998,-16.68071],[-50.19324,-16.68623],[-50.25416,-16.7332],[-50.25526,-16.76294],[-50.28331,-16.80421],[-50.28502,-16.76615],[-50.35935,-16.74047],[-50.35087,-16.72451],[-50.36174,-16.69972],[-50.37632,-16.72376],[-50.40992,-16.72004],[-50.40709,-16.73159],[-50.44955,-16.79763],[-50.4827,-16.79754],[-50.50481,-16.81243],[-50.54577,-16.81854],[-50.54945,-16.82838],[-50.57156,-16.83242],[-50.57568,-16.84801],[-50.65165,-16.83991],[-50.70092,-16.80972],[-50.73108,-16.80624],[-50.79792,-16.82133]]]]}},{"type":"Feature","id":"cep2-77","properties":{"postal_code_id":"cep2-77","postal_codes":["77"],"first_digits":["7"],"states":["TO"]},"geometry":{"type":"Polygon","coordinates":[[[-49.99099,-12.94479],[-50.02314,-12.92847],[-50.04457,-12.93338],[-50.07989,-12.90538],[-50.10953,-12.91139],[-50.18518,-12.89364],[-50.2245,-12.87304],[-50.22533,-12.86003],[-50.29291,-12.83399],[-50.30769,-12.81742],[-50.31078,-12.79161],[-50.29444,-12.75395],[-50.30261,-12.74715],[-50.28328,-12.71778],[-50.29916,-12.7044],[-50.29907,-12.68018],[-50.27146,-12.68324],[-50.25382,-12.62336],[-50.23681,-12.62409],[-50.24476,-12.59747],[-50.23782,-12.57925],[-50.22323,-12.58491],[-50.1934,-12.56383],[-50.19784,-12.55353],[-50.20831,-12.56206],[-50.22935,-12.53163],[-50.21826,-12.49119],[-50.20073,-12.45957],[-50.1586,-12.43062],[-50.15873,-12.41428],[-50.1418,-12.3954],[-50.17168,-12.40585],[-50.17167,-12.42135],[-50.18315,-12.42368],[-50.1933,-12.41153],[-50.1862,-12.43307],[-50.21122,-12.43542],[-50.20579,-12.44521],[-50.22453,-12.44605],[-50.26169,-12.47722],[-50.30546,-12.49237],[-50.32428,-12.50675],[-50.31594,-12.52162],[-50.32493,-12.5144],[-50.3315,-12.53548],[-50.34656,-12.5329],[-50.34559,-12.5417],[-50.36599,-12.54701],[-50.35858,-12.55016],[-50.36963,-12.55809],[-50.36669,-12.57406],[-50.37942,-12.5756],[-50.39769,-12.60038],[-50.39146,-12.6123],[-50.41744,-12.62323],[-50.41191,-12.64375],[-50.43419,-12.64942],[-50.42693,-12.65349],[-50.43665,-12.69636],[-50.46017,-12.69268],[-50.47503,-12.70632],[-50.46509,-12.7308],[-50.48741,-12.74448],[-50.46871,-12.75232],[-50.49329,-12.78369],[-50.48417,-12.80888],[-50.51098,-12.8609],[-50.52034,-12.83639],[-50.56695,-12.84342],[-50.59162,-12.83074],[-50.60148,-12.82098],[-50.58192,-12.79938],[-50.60331,-12.80046],[-50.62273,-12.81974],[-50.62536,-12.80002],[-50.61177,-12.7759],[-50.63612,-12.77114],[-50.62296,-12.73464],[-50.63471,-12.72536],[-50.63004,-12.70652],[-50.64512,-12.70224],[-50.65477,-12.67918],[-50.64693,-12.65112],[-50.70135,-12.64346],[-50.70007,-12.59514],[-50.66798,-12.59601],[-50.66748,-12.58421],[-50.68648,-12.5692],[-50.64709,-12.48552],[-50.65304,-12.46007],[-50.62357,-12.45528],[-50.61825,-12.42899],[-50.63366,-12.41388],[-50.62687,-12.38403],[-50.64457,-12.34591],[-50.63782,-12.32529],[-50.64892,-12.29909],[-50.63126,-12.28488],[-50.65081,-12.24495],[-50.64371,-12.22296],[-50.68138,-12.21695],[-50.6868,-12.20068],[-50.66739,-12.0817],[-50.68708,-12.03563],[-50.67785,-12.01951],[-50.68224,-11.99089],[-50.65683,-11.96685],[-50.65474,-11.94799],[-50.66802,-11.93012],[-50.64057,-11.90269],[-50.63929,-11.88457],[-50.6863,-11.859],[-50.69101,-11.81721],[-50.72204,-11.7397],[-50.6637,-11.67753],[-50.65693,-11.60086],[-50.67009,-11.58159],[-50.71599,-11.57895],[-50.73894,-11.54451],[-50.74206,-11.46035],[-50.7071,-11.32817],[-50.69681,-11.30466],[-50.67133,-11.28674],[-50.65941,-11.25486],[-50.65763,-11.12781],[-50.64389,-11.12318],[-50.60946,-11.06745],[-50.63262,-10.93186],[-50.60079,-10.90068],[-50.59996,-10.8817],[-50.61904,-10.86409],[-50.62201,-10.83942],[-50.57059,-10.7525],[-50.60333,-10.65977],[-50.56317,-10.61132],[-50.53496,-10.60175],[-50.51973,-10.56248],[-50.51679,-10.50555],[-50.48262,-10.49004],[-50.48678,-10.46196],[-50.47373,-10.40491],[-50.44829,-10.39157],[-50.41811,-10.35455],[-50.42307,-10.32744],[-50.38195,-10.21211],[-50.3969,-10.17088],[-50.39215,-10.13403],[-50.35467,-10.07717],[-50.30265,-10.03541],[-50.25565,-9.88911],[-50.22545,-9.85396],[-50.19907,-9.76174],[-50.15004,-9.69278],[-50.13775,-9.62482],[-50.10737,-9.59428],[-50.10733,-9.57251],[-50.09107,-9.54951],[-50.10795,-9.50863],[-50.10534,-9.47541],[-50.05283,-9.37267],[-50.05547,-9.3347],[-50.03778,-9.28941],[-50.00272,-9.26531],[-49.99693,-9.23765],[-49.96687,-9.23106],[-49.90542,-9.16974],[-49.91005,-9.15352],[-49.87128,-9.10397],[-49.84259,-9.02733],[-49.79366,-8.97943],[-49.74509,-8.90616],[-49.68436,-8.85647],[-49.59241,-8.83949],[-49.4898,-8.69204],[-49.45147,-8.6125],[-49.40989,-8.58],[-49.37701,-8.45529],[-49.34941,-8.41838],[-49.29913,-8.39537],[-49.27624,-8.36368],[-49.24866,-8.25538],[-49.20958,-8.17549],[-49.19936,-8.08757],[-49.17672,-8.06151],[-49.18203,-7.97696],[-49.16324,-7.92128],[-49.16491,-7.83287],[-49.15058,-7.8022],[-49.22116,-7.7616],[-49.33515,-7.66868],[-49.37436,-7.58849],[-49.38405,-7.54349],[-49.378,-7.49645],[-49.23394,-7.32891],[-49.18528,-7.23517],[-49.1914,-7.05545],[-49.21745,-6.96147],[-49.20953,-6.92542],[-49.17194,-6.89294],[-49.11527,-6.86995],[-49.04377,-6.81577],[-49.01888,-6.78421],[-48.96371,-6.77946],[-48.91385,-6.75737],[-48.82586,-6.75465],[-48.7691,-6.7307],[-48.72913,-6.68926],[-48.68271,-6.67791],[-48.65196,-6.63995],[-48.66455,-6.56767],[-48.64627,-6.50889],[-48.60718,-6.44801],[-48.54058,-6.40084],[-48.51124,-6.35693],[-48.44771,-6.35118],[-48.38268,-6.37961],[-48.37821,-6.33369],[-48.41712,-6.29859],[-48.41271,-6.28133],[-48.43616,-6.18796],[-48.40827,-6.1534],[-48.36549,-6.14737],[-48.30551,-6.1185],[-48.28805,-6.09756],[-48.28688,-6.06577],[-48.29848,-6.05013],[-48.32974,-6.03982],[-48.33838,-6.02836],[-48.33472,-6.00427],[-48.29683,-5.96986],[-48.23291,-5.94757],[-48.23013,-5.92252],[-48.29197,-5.83684],[-48.29764,-5.76512],[-48.27571,-5.72651],[-48.23065,-5.72926],[-48.17598,-5.7123],[-48.14123,-5.65435],[-48.13225,-5.61813],[-48.13815,-5.60269],[-48.19474,-5.56309],[-48.26151,-5.54807],[-48.30071,-5.52301],[-48.32809,-5.49663],[-48.34724,-5.43536],[-48.38474,-5.39421],[-48.5139,-5.42982],[-48.55754,-5.41671],[-48.59673,-5.42254],[-48.62912,-5.41006],[-48.65049,-5.38492],[-48.73688,-5.37396],[-48.75515,-5.34917],[-48.71213,-5.35301],[-48.69921,-5.32012],[-48.67944,-5.30582],[-48.60613,-5.3365],[-48.56857,-5.28293],[-48.56107,-5.2302],[-48.52977,-5.19662],[-48.36391,-5.16838],[-48.32869,-5.19659],[-48.15202,-5.264],[-48.06915,-5.27146],[-48.00121,-5.23425],[-47.9281,-5.24124],[-47.87292,-5.27236],[-47.86762,-5.34282],[-47.84376,-5.37621],[-47.82754,-5.38659],[-47.74431,-5.38013],[-47.61862,-5.45973],[-47.58051,-5.47002],[-47.56026,-5.46321],[-47.50012,-5.5256],[-47.48326,-5.5649],[-47.4737,-5.66198],[-47.49337,-5.73053],[-47.43167,-5.86604],[-47.43051,-5.9378],[-47.44781,-5.99607],[-47.42804,-6.03922],[-47.43023,-6.13097],[-47.4166,-6.17782],[-47.38537,-6.23039],[-47.37864,-6.27276],[-47.40862,-6.32807],[-47.40995,-6.36966],[-47.43035,-6.42257],[-47.41634,-6.48388],[-47.4565,-6.53827],[-47.46253,-6.60175],[-47.49864,-6.67123],[-47.49366,-6.75127],[-47.52915,-6.8363],[-47.50498,-6.88481],[-47.52957,-6.94601],[-47.52829,-6.97086],[-47.5471,-7.01672],[-47.59723,-7.0634],[-47.64446,-7.14361],[-47.66037,-7.15137],[-47.71066,-7.13765],[-47.74513,-7.1625],[-47.74983,-7.19526],[-47.73746,-7.21687],[-47.68401,-7.24542],[-47.65066,-7.30226],[-47.62701,-7.30082],[-47.5919,-7.264],[-47.5429,-7.26538],[-47.49979,-7.29386],[-47.4782,-7.33675],[-47.4835,-7.36512],[-47.55947,-7.40436],[-47.59157,-7.44007],[-47.56084,-7.44983],[-47.52761,-7.43341],[-47.5028,-7.43906],[-47.47467,-7.53412],[-47.46212,-7.51852],[-47.42897,-7.52483],[-47.42451,-7.5381],[-47.43983,-7.55502],[-47.40018,-7.56788],[-47.40339,-7.58845],[-47.3832,-7.59982],[-47.38228,-7.6546],[-47.3544,-7.64891],[-47.37383,-7.62174],[-47.35696,-7.61651],[-47.31566,-7.65929],[-47.33685,-7.66402],[-47.33167,-7.68544],[-47.30454,-7.6886],[-47.30261,-7.70164],[-47.31716,-7.70435],[-47.30704,-7.71476],[-47.31617,-7.71751],[-47.31344,-7.7312],[-47.27548,-7.7303],[-47.27399,-7.74571],[-47.26064,-7.74347],[-47.2658,-7.76036],[-47.24659,-7.75817],[-47.25476,-7.76798],[-47.2408,-7.79467],[-47.24749,-7.80104],[-47.23656,-7.80283],[-47.24668,-7.80862],[-47.199,-7.84916],[-47.19016,-7.84212],[-47.18771,-7.85866],[-47.1811,-7.85522],[-47.15783,-7.89305],[-47.1432,-7.89518],[-47.13962,-7.92548],[-47.12204,-7.92191],[-47.11767,-7.93908],[-47.10837,-7.93766],[-47.11752,-7.95223],[-47.10586,-7.95207],[-47.09881,-7.9791],[-47.10747,-7.99032],[-47.0847,-7.9877],[-47.06754,-7.99805],[-47.0458,-8.05276],[-46.99681,-8.06598],[-46.99397,-8.05345],[-46.96348,-8.03909],[-46.94129,-7.99772],[-46.90893,-7.98061],[-46.89528,-7.98535],[-46.87212,-7.9551],[-46.8667,-7.96951],[-46.8598,-7.96008],[-46.83007,-7.96414],[-46.81365,-7.95115],[-46.78601,-7.95293],[-46.75611,-7.92291],[-46.72308,-7.92182],[-46.70754,-7.9098],[-46.66831,-7.91294],[-46.66008,-7.90133],[-46.65056,-7.90965],[-46.60855,-7.89302],[-46.57754,-7.91155],[-46.5497,-7.95112],[-46.50121,-7.97321],[-46.47637,-8.01472],[-46.48003,-8.04215],[-46.46586,-8.06897],[-46.51307,-8.16299],[-46.51081,-8.18149],[-46.49168,-8.19256],[-46.48858,-8.20681],[-46.50956,-8.23904],[-46.50772,-8.26964],[-46.51889,-8.29153],[-46.55837,-8.32237],[-46.617,-8.3264],[-46.63319,-8.31831],[-46.68086,-8.33702],[-46.71164,-8.35484],[-46.73437,-8.38539],[-46.78243,-8.36808],[-46.79193,-8.38805],[-46.78573,-8.39537],[-46.80675,-8.40238],[-46.79656,-8.44663],[-46.81553,-8.47036],[-46.83233,-8.46495],[-46.85225,-8.48105],[-46.84612,-8.53399],[-46.86284,-8.55909],[-46.87545,-8.5553],[-46.87876,-8.57252],[-46.89048,-8.57068],[-46.90318,-8.59324],[-46.9164,-8.59578],[-46.89773,-8.60102],[-46.91639,-8.64841],[-46.88917,-8.66979],[-46.88695,-8.68649],[-46.91437,-8.70858],[-46.91404,-8.72244],[-46.93128,-8.72675],[-46.90423,-8.77856],[-46.91345,-8.84783],[-46.94973,-8.87015],[-46.97811,-8.86777],[-46.99292,-8.87889],[-46.97029,-8.91449],[-46.98392,-8.9319],[-46.99528,-8.93057],[-46.99356,-8.94364],[-47.01828,-8.95294],[-47.02093,-8.98773],[-47.0685,-9.01202],[-47.04348,-9.02655],[-47.06873,-9.06387],[-47.02356,-9.07605],[-47.01021,-9.0703],[-47.01362,-9.07808],[-47.00042,-9.08148],[-46.92162,-9.06681],[-46.91215,-9.08272],[-46.9291,-9.08334],[-46.9318,-9.12807],[-46.90673,-9.13549],[-46.89597,-9.12254],[-46.88928,-9.1423],[-46.85242,-9.15445],[-46.85071,-9.19184],[-46.82781,-9.19427],[-46.81961,-9.21162],[-46.82889,-9.24009],[-46.81915,-9.25743],[-46.84706,-9.29242],[-46.83531,-9.30822],[-46.81875,-9.30344],[-46.79917,-9.33884],[-46.76831,-9.3655],[-46.75867,-9.38122],[-46.76337,-9.40895],[-46.74104,-9.41202],[-46.72331,-9.39636],[-46.66598,-9.39192],[-46.63278,-9.41159],[-46.64792,-9.42714],[-46.64001,-9.45772],[-46.60048,-9.47046],[-46.59266,-9.48346],[-46.56098,-9.48403],[-46.57453,-9.52068],[-46.53917,-9.56014],[-46.59239,-9.5872],[-46.61306,-9.66581],[-46.65334,-9.69344],[-46.64742,-9.73035],[-46.63223,-9.74888],[-46.59614,-9.74725],[-46.57678,-9.75691],[-46.56934,-9.76972],[-46.57701,-9.80518],[-46.53578,-9.80862],[-46.51287,-9.7975],[-46.49451,-9.82622],[-46.49714,-9.84368],[-46.48033,-9.85526],[-46.49165,-9.87007],[-46.4729,-9.87744],[-46.4779,-9.92496],[-46.46572,-9.93706],[-46.47731,-9.98985],[-46.45708,-10.01802],[-46.45739,-10.04574],[-46.4452,-10.07739],[-46.42069,-10.08088],[-46.38397,-10.12014],[-46.36789,-10.16881],[-46.32478,-10.18319],[-46.31308,-10.17282],[-46.26829,-10.18121],[-46.21087,-10.16973],[-46.1633,-10.21363],[-46.09283,-10.2099],[-46.02828,-10.17687],[-46.01242,-10.2507],[-46.02821,-10.2771],[-45.99987,-10.29668],[-45.97111,-10.35894],[-45.91094,-10.37109],[-45.88717,-10.34046],[-45.91563,-10.31266],[-45.89673,-10.26429],[-45.87076,-10.25003],[-45.79374,-10.26767],[-45.73385,-10.2286],[-45.73047,-10.16161],[-45.72348,-10.15541],[-45.70198,-10.17935],[-45.69926,-10.25857],[-45.72689,-10.31254],[-45.79818,-10.32325],[-45.82125,-10.45807],[-45.8709,-10.50328],[-45.92922,-10.5216],[-46.06077,-10.60018],[-46.1497,-10.63591],[-46.16076,-10.65944],[-46.15035,-10.69155],[-46.16515,-10.72248],[-46.19261,-10.74277],[-46.2062,-10.80047],[-46.22645,-10.78294],[-46.26054,-10.81204],[-46.26727,-10.9348],[-46.34156,-10.93901],[-46.5522,-11.2628],[-46.57646,-11.34202],[-46.56856,-11.37135],[-46.53145,-11.37661],[-46.52407,-11.46354],[-46.43932,-11.52105],[-46.34969,-11.5062],[-46.25048,-11.53669],[-46.20951,-11.58527],[-46.11281,-11.60604],[-46.08089,-11.62401],[-46.14449,-11.62435],[-46.14675,-11.64523],[-46.15751,-11.65137],[-46.2143,-11.64275],[-46.24398,-11.60537],[-46.28695,-11.61581],[-46.32569,-11.59978],[-46.32893,-11.61194],[-46.38495,-11.62544],[-46.38723,-11.64635],[-46.36172,-11.63102],[-46.33832,-11.64208],[-46.33971,-11.66422],[-46.30775,-11.68657],[-46.33354,-11.71021],[-46.32264,-11.71675],[-46.33209,-11.734],[-46.37857,-11.74862],[-46.36755,-11.76847],[-46.34586,-11.75786],[-46.36094,-11.77895],[-46.32874,-11.77065],[-46.34607,-11.78433],[-46.33761,-11.81307],[-46.35778,-11.81367],[-46.34957,-11.83554],[-46.35752,-11.84082],[-46.37262,-11.83026],[-46.38094,-11.84037],[-46.37052,-11.88789],[-46.34938,-11.88672],[-46.32005,-11.91155],[-46.28903,-11.90973],[-46.28142,-11.91796],[-46.18991,-11.90323],[-46.18161,-11.90992],[-46.23277,-11.9364],[-46.31284,-11.9411],[-46.36483,-11.98077],[-46.37342,-11.99832],[-46.38723,-11.99741],[-46.40024,-12.02481],[-46.40826,-12.00957],[-46.42193,-12.0286],[-46.4449,-12.02618],[-46.47849,-12.04283],[-46.44857,-12.05506],[-46.38447,-12.05169],[-46.39598,-12.06177],[-46.38555,-12.0615],[-46.38264,-12.08395],[-46.39587,-12.08814],[-46.37118,-12.09971],[-46.37157,-12.12334],[-46.38865,-12.15634],[-46.40292,-12.1587],[-46.38114,-12.18117],[-46.41007,-12.19868],[-46.37741,-12.19655],[-46.38273,-12.21204],[-46.36652,-12.21508],[-46.36958,-12.23167],[-46.38806,-12.24478],[-46.36997,-12.26544],[-46.38531,-12.28054],[-46.38415,-12.29673],[-46.34915,-12.29912],[-46.37161,-12.34981],[-46.33979,-12.35174],[-46.36545,-12.36613],[-46.32787,-12.35674],[-46.30002,-12.36373],[-46.29003,-12.37697],[-46.32629,-12.41751],[-46.33605,-12.41432],[-46.33061,-12.44125],[-46.34055,-12.45199],[-46.31555,-12.46343],[-46.3013,-12.43757],[-46.30988,-12.42898],[-46.30441,-12.41681],[-46.29048,-12.41697],[-46.28546,-12.43207],[-46.28201,-12.41605],[-46.27192,-12.43807],[-46.28114,-12.44089],[-46.28023,-12.45983],[-46.27287,-12.45616],[-46.261,-12.47385],[-46.27262,-12.5146],[-46.25086,-12.50222],[-46.19822,-12.50396],[-46.26983,-12.55033],[-46.27161,-12.57005],[-46.29666,-12.57573],[-46.29676,-12.56368],[-46.30316,-12.58158],[-46.27687,-12.59617],[-46.31023,-12.64268],[-46.28996,-12.63815],[-46.26693,-12.65095],[-46.26806,-12.66627],[-46.29224,-12.67716],[-46.30388,-12.69644],[-46.28832,-12.71234],[-46.26857,-12.71438],[-46.27694,-12.74138],[-46.29594,-12.74496],[-46.28189,-12.77085],[-46.31051,-12.79554],[-46.29315,-12.79591],[-46.29409,-12.80805],[-46.27358,-12.81597],[-46.27354,-12.8313],[-46.30047,-12.8572],[-46.30292,-12.86763],[-46.28854,-12.88054],[-46.29531,-12.8911],[-46.28725,-12.89239],[-46.312,-12.90972],[-46.30575,-12.92667],[-46.31608,-12.93602],[-46.3075,-12.93879],[-46.32796,-12.9547],[-46.24688,-12.94036],[-46.20572,-12.95061],[-46.16306,-12.92416],[-46.14415,-12.93115],[-46.12665,-12.91239],[-46.11297,-12.91801],[-46.15113,-12.93777],[-46.17844,-12.93995],[-46.19819,-12.95735],[-46.3644,-12.99074],[-46.37423,-12.96283],[-46.36024,-12.90899],[-46.36573,-12.86352],[-46.37392,-12.85145],[-46.40912,-12.84559],[-46.41798,-12.82244],[-46.4328,-12.92942],[-46.44593,-12.93577],[-46.45465,-12.97115],[-46.75061,-12.96915],[-46.82282,-13.00679],[-46.81861,-13.01387],[-46.84239,-13.03618],[-46.85478,-13.06758],[-46.86611,-13.06892],[-46.87823,-13.05166],[-46.89413,-13.05405],[-46.92862,-13.08235],[-46.92874,-13.09346],[-46.97961,-13.12236],[-46.97902,-13.13177],[-47.0021,-13.12168],[-47.01975,-13.14594],[-47.08029,-13.16188],[-47.07995,-13.17722],[-47.13247,-13.17805],[-47.14078,-13.18705],[-47.13389,-13.20076],[-47.15483,-13.21006],[-47.18379,-13.20472],[-47.17545,-13.19473],[-47.18374,-13.18745],[-47.22961,-13.19474],[-47.25238,-13.21261],[-47.24859,-13.22952],[-47.2684,-13.23745],[-47.28143,-13.2647],[-47.29559,-13.24857],[-47.32381,-13.25826],[-47.37972,-13.2306],[-47.3945,-13.24627],[-47.39294,-13.2624],[-47.43259,-13.28863],[-47.43645,-13.26678],[-47.4539,-13.25174],[-47.43127,-13.23633],[-47.4401,-13.22295],[-47.48349,-13.22261],[-47.47745,-13.18719],[-47.5578,-13.18685],[-47.56871,-13.14391],[-47.56097,-13.12482],[-47.61712,-13.10362],[-47.64632,-13.12045],[-47.64283,-13.145],[-47.66899,-13.16684],[-47.65488,-13.17551],[-47.66509,-13.21843],[-47.6543,-13.21927],[-47.63966,-13.26429],[-47.65508,-13.2758],[-47.66112,-13.30251],[-47.65014,-13.34878],[-47.62235,-13.36872],[-47.67975,-13.46817],[-47.79823,-13.32898],[-47.8236,-13.31171],[-47.88698,-13.31947],[-47.89434,-13.30653],[-47.9024,-13.31154],[-47.90386,-13.30191],[-47.93611,-13.28989],[-47.96685,-13.31501],[-47.98796,-13.27651],[-48.02549,-13.27956],[-48.03406,-13.25373],[-48.05173,-13.25683],[-48.06246,-13.23572],[-48.0745,-13.23901],[-48.07911,-13.28527],[-48.16515,-13.30633],[-48.15332,-13.27969],[-48.16677,-13.23259],[-48.15302,-13.21924],[-48.16592,-13.1893],[-48.14366,-13.15247],[-48.16484,-13.15822],[-48.17342,-13.14806],[-48.19569,-13.16158],[-48.19312,-13.17289],[-48.23227,-13.1697],[-48.24995,-13.19663],[-48.28796,-13.20474],[-48.30964,-13.2353],[-48.34243,-13.22873],[-48.34572,-13.24941],[-48.36211,-13.24295],[-48.38535,-13.2661],[-48.43005,-13.27118],[-48.44198,-13.2923],[-48.45889,-13.28043],[-48.4569,-13.24796],[-48.47485,-13.23594],[-48.47248,-13.14056],[-48.47945,-13.15256],[-48.48623,-13.14125],[-48.51881,-13.14003],[-48.53035,-13.19232],[-48.55366,-13.20328],[-48.55398,-13.30335],[-48.56824,-13.3022],[-48.5848,-13.32139],[-48.59986,-13.28799],[-48.58739,-13.25437],[-48.59995,-13.23866],[-48.58443,-13.22705],[-48.57716,-13.18754],[-48.59646,-13.14982],[-48.57592,-13.12416],[-48.58436,-13.1045],[-48.59559,-13.10659],[-48.58816,-13.09798],[-48.60221,-13.05756],[-48.62813,-13.05058],[-48.63571,-13.0208],[-48.67653,-12.99294],[-48.71575,-13.00228],[-48.7325,-12.98392],[-48.73513,-12.92107],[-48.81408,-12.86359],[-48.82352,-12.84502],[-48.8453,-12.83922],[-48.84636,-12.8094],[-48.85736,-12.8045],[-48.87031,-12.80326],[-48.97623,-12.95789],[-49.02108,-12.90731],[-49.0379,-12.90375],[-49.04902,-12.91342],[-49.07928,-12.90389],[-49.08497,-12.87824],[-49.06789,-12.84637],[-49.10463,-12.83542],[-49.11768,-12.79008],[-49.21068,-12.87793],[-49.23766,-12.88379],[-49.24929,-12.92654],[-49.28064,-12.97032],[-49.27976,-12.98893],[-49.35098,-13.08903],[-49.3543,-13.11238],[-49.34105,-13.1265],[-49.35565,-13.15606],[-49.33726,-13.24728],[-49.36832,-13.2723],[-49.92174,-12.9608],[-49.94997,-12.95929],[-49.97914,-12.93875],[-49.99099,-12.94479]]]}},{"type":"Feature","id":"cep2-78","properties":{"postal_code_id":"cep2-78","postal_codes":["78"],"first_digits":["7"],"states":["MT"]},"geometry":{"type":"Polygon","coordinates":[[[-57.72806,-17.52975],[-57.75229,-17.56446],[-57.88344,-17.44954],[-57.99637,-17.5156],[-58.02322,-17.49438],[-58.04339,-17.49267],[-58.06014,-17.45072],[-58.08928,-17.46114],[-58.12073,-17.44764],[-58.12287,-17.41468],[-58.14548,-17.41367],[-58.15317,-17.38364],[-58.19806,-17.38612],[-58.2022,-17.35703],[-58.26452,-17.34509],[-58.26329,-17.33158],[-58.28045,-17.31909],[-58.27832,-17.29978],[-58.30028,-17.29798],[-58.29331,-17.28797],[-58.36765,-17.19911],[-58.39894,-17.18398],[-58.39405,-17.01502],[-58.41696,-16.98178],[-58.43189,-16.99172],[-58.44474,-16.98381],[-58.44647,-16.96919],[-58.46314,-16.962],[-58.45875,-16.93824],[-58.47681,-16.93667],[-58.47676,-16.91316],[-58.46051,-16.90138],[-58.46865,-16.88633],[-58.45822,-16.8266],[-58.47864,-16.81419],[-58.4595,-16.78638],[-58.4728,-16.74895],[-58.47166,-16.70817],[-58.4631,-16.6532],[-58.43618,-16.59295],[-58.36946,-16.54398],[-58.3441,-16.5184],[-58.33422,-16.49031],[-58.35635,-16.42602],[-58.34208,-16.3887],[-58.30731,-16.37075],[-58.30402,-16.30915],[-58.32217,-16.26635],[-58.36591,-16.27372],[-58.38866,-16.26139],[-58.40011,-16.30363],[-58.43065,-16.32268],[-59.47285,-16.27943],[-60.17406,-16.26692],[-60.23955,-15.47455],[-60.5757,-15.09752],[-60.24496,-15.09748],[-60.27365,-14.62099],[-60.2908,-14.62603],[-60.32309,-14.61047],[-60.33958,-14.51037],[-60.36534,-14.489],[-60.35947,-14.47292],[-60.37898,-14.46453],[-60.38373,-14.43923],[-60.40154,-14.43267],[-60.39431,-14.42219],[-60.40607,-14.40185],[-60.39589,-14.36417],[-60.40855,-14.37034],[-60.41511,-14.34878],[-60.4209,-14.35463],[-60.45364,-14.31414],[-60.46713,-14.26515],[-60.44958,-14.25009],[-60.45096,-14.23886],[-60.46588,-14.23405],[-60.47416,-14.19097],[-60.49305,-14.18821],[-60.47532,-14.16033],[-60.48056,-14.09581],[-60.46268,-14.0937],[-60.43193,-14.06815],[-60.4282,-14.05009],[-60.4075,-14.03154],[-60.40458,-13.99812],[-60.38198,-13.98666],[-60.39464,-13.97724],[-60.41554,-13.98037],[-60.41885,-13.93719],[-60.4509,-13.93645],[-60.45328,-13.88137],[-60.4686,-13.89165],[-60.47598,-13.88628],[-60.45541,-13.8571],[-60.4923,-13.85274],[-60.46905,-13.83323],[-60.49023,-13.82267],[-60.46916,-13.82222],[-60.47268,-13.79372],[-60.52851,-13.79185],[-60.51743,-13.77787],[-60.52298,-13.76891],[-60.54818,-13.77033],[-60.54654,-13.78239],[-60.56941,-13.7687],[-60.57476,-13.74744],[-60.61096,-13.74035],[-60.61174,-13.72531],[-60.62352,-13.71954],[-60.64615,-13.7387],[-60.65963,-13.73397],[-60.69004,-13.69939],[-60.69388,-13.71546],[-60.71473,-13.68734],[-60.68604,-13.62523],[-60.6322,-13.5717],[-60.57765,-13.56523],[-60.53306,-13.53625],[-60.53167,-13.51809],[-60.51095,-13.5036],[-60.43201,-13.48844],[-60.41153,-13.46166],[-60.38792,-13.4547],[-60.37187,-13.40887],[-60.37959,-13.37523],[-60.36609,-13.33223],[-60.37162,-13.31859],[-60.35181,-13.29173],[-60.35181,-13.27301],[-60.33903,-13.27233],[-60.32481,-13.25049],[-60.32978,-13.23547],[-60.30384,-13.17837],[-60.26851,-13.14497],[-60.28062,-13.13562],[-60.28299,-13.08055],[-60.26762,-13.07728],[-60.24133,-13.03846],[-60.21529,-13.02698],[-60.21366,-13.00705],[-60.18928,-12.97114],[-60.13979,-12.97021],[-60.11717,-12.95956],[-60.07911,-12.88114],[-60.08282,-12.85264],[-60.06564,-12.8107],[-60.06845,-12.78992],[-60.05922,-12.78695],[-60.07484,-12.73448],[-60.05606,-12.69912],[-60.06585,-12.69382],[-60.05983,-12.66415],[-60.0458,-12.66151],[-60.04538,-12.64171],[-59.9975,-12.59077],[-59.98157,-12.59214],[-59.97273,-12.60994],[-59.94765,-12.59927],[-59.89605,-12.53644],[-59.89818,-12.50164],[-59.84416,-12.46717],[-59.84255,-12.42485],[-59.81926,-12.37875],[-59.79294,-12.34578],[-59.77436,-12.34096],[-59.89233,-12.24545],[-59.91081,-12.18646],[-59.89961,-12.16632],[-59.8998,-12.11722],[-59.97936,-12.02955],[-59.96717,-12.00264],[-59.97958,-11.99129],[-59.97038,-11.98902],[-59.97136,-11.96995],[-59.98699,-11.96009],[-59.9842,-11.91482],[-60.00689,-11.89468],[-60.04714,-11.89724],[-60.07339,-11.88449],[-60.09887,-11.84555],[-60.10467,-11.80286],[-60.09686,-11.79532],[-60.12166,-11.7121],[-60.11091,-11.58249],[-60.09444,-11.58588],[-60.09927,-11.57083],[-60.05747,-11.5421],[-60.02672,-11.50568],[-60.03124,-11.49317],[-60.01797,-11.49604],[-59.98541,-11.46934],[-59.97624,-11.43922],[-59.93441,-11.42367],[-59.92063,-11.39801],[-59.92544,-11.36178],[-59.91719,-11.33843],[-59.92778,-11.31043],[-59.95947,-11.29473],[-59.97969,-11.23953],[-59.98113,-11.20376],[-59.96403,-11.18912],[-59.99591,-11.15698],[-59.98494,-11.14704],[-59.98911,-11.13804],[-59.97994,-11.1398],[-59.97678,-11.12239],[-59.98685,-11.11452],[-60.01939,-11.1291],[-60.03744,-11.11735],[-60.06671,-11.12551],[-60.08425,-11.09684],[-60.09619,-11.11079],[-60.15927,-11.09565],[-60.19147,-11.11411],[-60.20725,-11.11176],[-60.24127,-11.09689],[-60.271,-11.09869],[-60.28083,-11.09153],[-60.28236,-11.06402],[-60.30125,-11.05715],[-60.33455,-11.08289],[-60.34844,-11.07404],[-60.35002,-11.10832],[-60.39155,-11.09379],[-60.41439,-11.06747],[-60.41819,-11.04091],[-60.4466,-11.04215],[-60.43836,-11.02384],[-60.46005,-10.98986],[-61.55026,-10.98609],[-61.53009,-10.97902],[-61.51952,-10.9497],[-61.51481,-10.90643],[-61.52444,-10.90338],[-61.5268,-10.88458],[-61.52515,-10.8558],[-61.50342,-10.80845],[-61.5111,-10.79481],[-61.4933,-10.78452],[-61.48603,-10.80061],[-61.47383,-10.79751],[-61.4884,-10.73648],[-61.47239,-10.71497],[-61.49939,-10.69862],[-61.47896,-10.64304],[-61.4896,-10.63108],[-61.47624,-10.60766],[-61.47996,-10.56915],[-61.46632,-10.54121],[-61.47799,-10.53165],[-61.48082,-10.48775],[-61.46179,-10.4199],[-61.47617,-10.41843],[-61.4715,-10.40514],[-61.49565,-10.39024],[-61.51475,-10.33685],[-61.55333,-10.30701],[-61.54414,-10.30227],[-61.57672,-10.24858],[-61.57761,-10.22658],[-61.57401,-10.20896],[-61.55172,-10.19778],[-61.56246,-10.1719],[-61.5968,-10.16238],[-61.60124,-10.15009],[-61.57871,-10.07924],[-61.58486,-10.06159],[-61.55587,-10.03895],[-61.5312,-9.98985],[-61.52798,-9.97043],[-61.53943,-9.9641],[-61.52282,-9.94669],[-61.52498,-9.90658],[-61.51108,-9.89556],[-61.50791,-9.86108],[-61.51973,-9.82154],[-61.53228,-9.81854],[-61.52491,-9.79573],[-61.54622,-9.78889],[-61.5315,-9.73991],[-61.57464,-9.71779],[-61.55305,-9.70719],[-61.53243,-9.71178],[-61.50527,-9.69138],[-61.50688,-9.66196],[-61.49501,-9.65988],[-61.47697,-9.62985],[-61.5037,-9.61262],[-61.49493,-9.58493],[-61.51037,-9.56509],[-61.51344,-9.52853],[-61.52712,-9.53327],[-61.54912,-9.51249],[-61.52651,-9.50107],[-61.57847,-9.46952],[-61.57249,-9.46361],[-61.58172,-9.45913],[-61.55672,-9.43561],[-61.55315,-9.38906],[-61.61364,-9.35578],[-61.62593,-9.36301],[-61.61199,-9.2807],[-61.6253,-9.28412],[-61.63338,-9.27429],[-61.62834,-9.2571],[-61.59962,-9.25604],[-61.56839,-9.23709],[-61.52487,-9.24286],[-61.51959,-9.19734],[-61.55538,-9.1315],[-61.55575,-9.0924],[-61.50573,-8.96619],[-61.46921,-8.92011],[-61.51247,-8.86056],[-61.52719,-8.81686],[-61.54308,-8.8191],[-61.58313,-8.79869],[-59.00031,-8.8031],[-58.41588,-8.79284],[-58.32622,-8.72003],[-58.35103,-8.70158],[-58.41196,-8.72061],[-58.4373,-8.70335],[-58.38952,-8.59479],[-58.41047,-8.57039],[-58.4051,-8.53755],[-58.41781,-8.48952],[-58.35458,-8.39275],[-58.35253,-8.35263],[-58.31489,-8.32306],[-58.32808,-8.28583],[-58.31295,-8.2091],[-58.32246,-8.17004],[-58.28717,-8.12854],[-58.28636,-8.08848],[-58.32173,-8.02498],[-58.3315,-7.96876],[-58.35505,-7.94399],[-58.37514,-7.899],[-58.38474,-7.84399],[-58.37822,-7.82744],[-58.29406,-7.77154],[-58.27599,-7.69967],[-58.20217,-7.62085],[-58.22272,-7.52404],[-58.21306,-7.45853],[-58.13789,-7.34903],[-58.06136,-7.39519],[-58.03984,-7.44634],[-57.97258,-7.53459],[-57.94511,-7.60216],[-57.93956,-7.65313],[-57.91619,-7.65734],[-57.89675,-7.67788],[-57.87964,-7.78191],[-57.83502,-7.88141],[-57.82883,-7.9729],[-57.77653,-8.05218],[-57.72669,-8.09803],[-57.71875,-8.15123],[-57.70464,-8.16802],[-57.67288,-8.17264],[-57.64561,-8.20629],[-57.64547,-8.23484],[-57.67794,-8.31214],[-57.6678,-8.36394],[-57.68656,-8.40701],[-57.68312,-8.43014],[-57.65399,-8.46507],[-57.65905,-8.50039],[-57.63342,-8.52681],[-57.6505,-8.55337],[-57.64478,-8.58198],[-57.62225,-8.59119],[-57.62259,-8.64501],[-57.59819,-8.68802],[-57.60105,-8.74123],[-57.59294,-8.75648],[-57.56237,-8.76125],[-57.53038,-8.74817],[-57.46353,-8.78474],[-57.42758,-8.78324],[-57.41405,-8.81251],[-57.41622,-8.859],[-57.38438,-8.87956],[-57.31789,-8.88571],[-57.30603,-8.9099],[-57.28948,-8.91583],[-57.2355,-8.90744],[-57.20377,-8.92082],[-57.13827,-8.99461],[-57.09461,-9.01711],[-57.09003,-9.03822],[-57.05961,-9.06428],[-57.06325,-9.07858],[-57.03924,-9.09829],[-57.06044,-9.13713],[-57.05242,-9.15846],[-57.0598,-9.18241],[-56.99555,-9.23384],[-56.94933,-9.22399],[-56.87236,-9.23916],[-56.86033,-9.23165],[-56.82011,-9.24634],[-56.77917,-9.3172],[-56.77232,-9.39096],[-56.76111,-9.405],[-56.70839,-9.37321],[-56.67188,-9.3674],[-50.22481,-9.84116],[-50.26553,-9.91268],[-50.30265,-10.03541],[-50.35467,-10.07717],[-50.39215,-10.13403],[-50.3969,-10.17088],[-50.38195,-10.21211],[-50.42307,-10.32744],[-50.41811,-10.35455],[-50.44829,-10.39157],[-50.47373,-10.40491],[-50.48678,-10.46196],[-50.48262,-10.49004],[-50.51679,-10.50555],[-50.51973,-10.56248],[-50.53496,-10.60175],[-50.56317,-10.61132],[-50.60333,-10.65977],[-50.57059,-10.7525],[-50.62201,-10.83942],[-50.61904,-10.86409],[-50.59996,-10.8817],[-50.60079,-10.90068],[-50.63262,-10.93186],[-50.60946,-11.06745],[-50.64389,-11.12318],[-50.65763,-11.12781],[-50.65941,-11.25486],[-50.67133,-11.28674],[-50.69681,-11.30466],[-50.73926,-11.43538],[-50.73894,-11.54451],[-50.71599,-11.57895],[-50.67009,-11.58159],[-50.65693,-11.60086],[-50.6637,-11.67753],[-50.72204,-11.7397],[-50.69101,-11.81721],[-50.6863,-11.859],[-50.63929,-11.88457],[-50.64057,-11.90269],[-50.66802,-11.93012],[-50.65474,-11.94799],[-50.65683,-11.96685],[-50.68224,-11.99089],[-50.67785,-12.01951],[-50.68708,-12.03563],[-50.66739,-12.0817],[-50.6868,-12.20068],[-50.68138,-12.21695],[-50.64371,-12.22296],[-50.65081,-12.24495],[-50.63126,-12.28488],[-50.64892,-12.29909],[-50.63782,-12.32529],[-50.64457,-12.34591],[-50.62687,-12.38403],[-50.63366,-12.41388],[-50.61825,-12.42899],[-50.62357,-12.45528],[-50.65304,-12.46007],[-50.64709,-12.48552],[-50.68648,-12.5692],[-50.66748,-12.58421],[-50.66798,-12.59601],[-50.70007,-12.59514],[-50.70135,-12.64346],[-50.64693,-12.65112],[-50.65477,-12.67918],[-50.64512,-12.70224],[-50.63004,-12.70652],[-50.63471,-12.72536],[-50.62296,-12.73464],[-50.63612,-12.77114],[-50.61177,-12.7759],[-50.62536,-12.80002],[-50.62273,-12.81974],[-50.60331,-12.80046],[-50.58192,-12.79938],[-50.60148,-12.82098],[-50.59162,-12.83074],[-50.56695,-12.84342],[-50.52034,-12.83639],[-50.49957,-12.87951],[-50.51097,-12.88677],[-50.52638,-12.93393],[-50.5255,-12.97602],[-50.59294,-13.00349],[-50.56902,-13.0425],[-50.57981,-13.05491],[-50.60647,-13.054],[-50.61032,-13.06476],[-50.59163,-13.10795],[-50.6047,-13.19149],[-50.585,-13.21525],[-50.6111,-13.32023],[-50.66455,-13.37443],[-50.66395,-13.43496],[-50.68352,-13.44519],[-50.71482,-13.49147],[-50.759,-13.52032],[-50.77159,-13.6045],[-50.80877,-13.69735],[-50.8739,-13.73448],[-50.85527,-13.75735],[-50.85909,-13.8287],[-50.84064,-13.86379],[-50.84023,-13.92368],[-50.86579,-13.95984],[-50.86467,-13.98395],[-50.84715,-13.99979],[-50.85504,-14.02588],[-50.83127,-14.08283],[-50.85181,-14.11763],[-50.88653,-14.13213],[-50.9037,-14.11022],[-50.91466,-14.11363],[-50.91463,-14.16993],[-50.95406,-14.23174],[-50.97695,-14.29354],[-50.96612,-14.32712],[-50.98727,-14.35774],[-50.99787,-14.41381],[-50.98621,-14.42903],[-50.98897,-14.45357],[-50.96801,-14.482],[-50.96423,-14.5283],[-50.99371,-14.57014],[-50.99284,-14.61246],[-51.02666,-14.65936],[-51.03011,-14.70967],[-51.05824,-14.75167],[-51.04482,-14.79284],[-51.07071,-14.80996],[-51.08964,-14.84018],[-51.08711,-14.92135],[-51.14492,-14.94341],[-51.15705,-14.98561],[-51.26761,-15.04441],[-51.29504,-15.03025],[-51.30705,-14.98097],[-51.3248,-14.97042],[-51.36824,-15.00957],[-51.40174,-15.00285],[-51.43048,-15.00983],[-51.462,-15.04798],[-51.53411,-15.0652],[-51.54689,-15.10047],[-51.58639,-15.13357],[-51.59266,-15.15236],[-51.65213,-15.17947],[-51.64974,-15.1998],[-51.67196,-15.24781],[-51.6458,-15.25876],[-51.6507,-15.27309],[-51.67725,-15.28759],[-51.69147,-15.32491],[-51.66953,-15.37442],[-51.696,-15.40595],[-51.69128,-15.42587],[-51.70927,-15.46163],[-51.69897,-15.48493],[-51.73787,-15.51708],[-51.72772,-15.54964],[-51.74679,-15.56172],[-51.76089,-15.53006],[-51.77727,-15.53498],[-51.75713,-15.63345],[-51.80072,-15.70074],[-51.80515,-15.72577],[-51.83911,-15.75037],[-51.87631,-15.80205],[-51.88034,-15.82428],[-51.89229,-15.83112],[-51.91291,-15.81323],[-51.94845,-15.8101],[-51.95647,-15.83986],[-51.98704,-15.84898],[-52.00953,-15.88581],[-52.11116,-15.88287],[-52.12757,-15.89496],[-52.19487,-15.88094],[-52.25434,-15.89369],[-52.2569,-15.93088],[-52.28977,-15.96462],[-52.3285,-16.0704],[-52.36725,-16.08331],[-52.37135,-16.09633],[-52.39888,-16.09334],[-52.46057,-16.12772],[-52.52596,-16.14106],[-52.52645,-16.15539],[-52.54917,-16.165],[-52.54527,-16.22261],[-52.57011,-16.23104],[-52.54595,-16.25967],[-52.56436,-16.2642],[-52.57632,-16.24952],[-52.58732,-16.26807],[-52.61127,-16.2722],[-52.62469,-16.2868],[-52.65924,-16.28065],[-52.68116,-16.30171],[-52.69272,-16.36642],[-52.67812,-16.37873],[-52.68925,-16.39456],[-52.67455,-16.4124],[-52.64101,-16.41573],[-52.63887,-16.43711],[-52.61922,-16.44631],[-52.62076,-16.46533],[-52.60508,-16.46278],[-52.61276,-16.50175],[-52.63734,-16.50286],[-52.62573,-16.53221],[-52.63582,-16.55199],[-52.64632,-16.54612],[-52.6495,-16.56122],[-52.66701,-16.55052],[-52.65957,-16.57024],[-52.6732,-16.5706],[-52.67562,-16.58545],[-52.70776,-16.57534],[-52.70321,-16.59634],[-52.74008,-16.58996],[-52.73096,-16.5975],[-52.73789,-16.61348],[-52.72602,-16.6145],[-52.71526,-16.637],[-52.72244,-16.64711],[-52.74619,-16.6307],[-52.74107,-16.65209],[-52.76948,-16.66754],[-52.75543,-16.67161],[-52.76157,-16.7068],[-52.78566,-16.71445],[-52.78734,-16.74291],[-52.80819,-16.74228],[-52.83237,-16.77216],[-52.88506,-16.77703],[-52.90851,-16.8109],[-52.92701,-16.81883],[-52.93278,-16.80308],[-52.94161,-16.81068],[-52.92728,-16.84103],[-52.95022,-16.84035],[-52.94538,-16.85589],[-52.95633,-16.85013],[-52.96348,-16.86709],[-53.01406,-16.86433],[-53.01917,-16.90022],[-53.03901,-16.91212],[-53.03503,-16.94247],[-53.04726,-16.9493],[-53.05419,-17.01786],[-53.07132,-17.05037],[-53.06131,-17.04621],[-53.0592,-17.07684],[-53.08919,-17.08581],[-53.08302,-17.09363],[-53.1008,-17.11071],[-53.11152,-17.10856],[-53.1282,-17.15487],[-53.14207,-17.17136],[-53.15689,-17.17123],[-53.16546,-17.22123],[-53.21727,-17.29681],[-53.20916,-17.31601],[-53.21739,-17.32722],[-53.20561,-17.33141],[-53.19632,-17.36777],[-53.20668,-17.36998],[-53.19723,-17.3783],[-53.20582,-17.40228],[-53.23266,-17.4401],[-53.22359,-17.45834],[-53.24425,-17.52323],[-53.23625,-17.57824],[-53.24778,-17.61756],[-53.23666,-17.6795],[-53.24384,-17.69037],[-53.23516,-17.71278],[-53.20187,-17.72615],[-53.16404,-17.76571],[-53.15449,-17.80619],[-53.13161,-17.83553],[-53.13865,-17.86396],[-53.12505,-17.91753],[-53.07131,-17.96591],[-53.06451,-17.9884],[-53.07228,-18.03398],[-53.17433,-18.0416],[-53.19879,-18.02031],[-53.24154,-18.00471],[-53.30757,-17.99598],[-53.38077,-18.00876],[-53.43505,-17.98458],[-53.45729,-17.9997],[-53.46785,-18.03489],[-53.48607,-18.0404],[-53.51788,-18.02065],[-53.55649,-18.01643],[-53.55724,-18.00565],[-53.58865,-18.00972],[-53.61255,-17.97803],[-53.66125,-17.97751],[-53.69219,-18.01368],[-53.73668,-17.9949],[-53.77422,-18.00077],[-53.79319,-17.97466],[-53.80861,-17.97225],[-53.80866,-17.96101],[-53.83561,-17.94694],[-53.83755,-17.9347],[-53.88544,-17.91328],[-53.89855,-17.9088],[-53.92236,-17.92016],[-53.93241,-17.91317],[-53.94891,-17.92342],[-53.95502,-17.87124],[-53.85591,-17.70272],[-53.80633,-17.67237],[-53.70389,-17.66134],[-53.6801,-17.25406],[-53.70514,-17.22815],[-53.76283,-17.2466],[-53.78571,-17.28752],[-53.82007,-17.29462],[-53.83132,-17.35502],[-53.87844,-17.3752],[-53.95225,-17.45934],[-54.03764,-17.48645],[-54.05808,-17.51313],[-54.04591,-17.53723],[-54.05163,-17.56277],[-54.07327,-17.5878],[-54.07641,-17.61575],[-54.13419,-17.61873],[-54.17883,-17.60285],[-54.24374,-17.6289],[-54.27455,-17.65405],[-54.35058,-17.65711],[-54.3878,-17.63194],[-54.37442,-17.60858],[-54.3846,-17.60136],[-54.38147,-17.57568],[-54.40371,-17.56454],[-54.42147,-17.5365],[-54.46872,-17.52719],[-54.48131,-17.48766],[-54.53633,-17.47759],[-54.55419,-17.48867],[-54.58334,-17.46896],[-54.61734,-17.49042],[-54.65639,-17.49138],[-54.68131,-17.50685],[-54.69972,-17.49738],[-54.7205,-17.51866],[-54.74691,-17.51994],[-54.7625,-17.56865],[-54.86086,-17.62385],[-54.94342,-17.60903],[-54.98494,-17.62408],[-54.99183,-17.6384],[-55.01631,-17.62981],[-55.0625,-17.63905],[-55.10431,-17.62846],[-55.12726,-17.65272],[-55.142,-17.63929],[-55.16306,-17.64217],[-55.18667,-17.62058],[-55.19089,-17.6278],[-55.20481,-17.61376],[-55.2215,-17.6171],[-55.21814,-17.60752],[-55.23192,-17.59558],[-55.24253,-17.60212],[-55.26414,-17.57792],[-55.2692,-17.55677],[-55.274,-17.56454],[-55.29967,-17.54119],[-55.35182,-17.54769],[-55.35376,-17.53162],[-55.37711,-17.51504],[-55.38062,-17.52385],[-55.44374,-17.51178],[-55.48304,-17.47869],[-55.50568,-17.48597],[-55.52484,-17.47692],[-55.57487,-17.43467],[-55.57534,-17.4188],[-55.58706,-17.42171],[-55.58291,-17.37907],[-55.61201,-17.36022],[-55.62634,-17.36403],[-55.63712,-17.34253],[-55.64873,-17.35831],[-55.65657,-17.33826],[-55.66811,-17.35069],[-55.67518,-17.34035],[-55.68623,-17.35087],[-55.68926,-17.34044],[-55.70437,-17.35168],[-55.7091,-17.33762],[-55.71967,-17.34886],[-55.76121,-17.32353],[-55.77254,-17.33205],[-55.78065,-17.32143],[-55.78442,-17.33005],[-55.80651,-17.29801],[-55.82615,-17.30677],[-55.82623,-17.292],[-55.84523,-17.29861],[-55.85257,-17.27873],[-55.87481,-17.26863],[-55.88656,-17.28476],[-55.89087,-17.27233],[-55.90193,-17.2734],[-55.88949,-17.26319],[-55.92634,-17.25786],[-55.93821,-17.27852],[-55.95107,-17.25111],[-55.97827,-17.24671],[-55.98573,-17.2584],[-55.99205,-17.23988],[-56.01204,-17.23668],[-56.00863,-17.21419],[-56.02095,-17.216],[-56.00551,-17.2042],[-56.04412,-17.1714],[-56.04724,-17.18482],[-56.06168,-17.17071],[-56.08273,-17.17775],[-56.11234,-17.16635],[-56.16335,-17.1947],[-56.18318,-17.18921],[-56.19046,-17.21129],[-56.21218,-17.20952],[-56.20877,-17.22727],[-56.25134,-17.21902],[-56.25787,-17.24453],[-56.28343,-17.24667],[-56.28657,-17.27044],[-56.29785,-17.27659],[-56.31354,-17.26943],[-56.33587,-17.28995],[-56.35441,-17.26658],[-56.38893,-17.30195],[-56.44057,-17.33042],[-56.45088,-17.32639],[-56.45096,-17.3119],[-56.46557,-17.31414],[-56.46504,-17.3048],[-56.47312,-17.31001],[-56.5026,-17.28743],[-56.51546,-17.29282],[-56.51387,-17.31282],[-56.52596,-17.3205],[-56.56764,-17.31491],[-56.57935,-17.3203],[-56.57657,-17.33105],[-56.61185,-17.33191],[-56.62002,-17.32203],[-56.63044,-17.3342],[-56.64744,-17.31699],[-56.64771,-17.33946],[-56.65671,-17.32144],[-56.66207,-17.3389],[-56.68318,-17.31657],[-56.69629,-17.3255],[-56.69193,-17.31811],[-56.73385,-17.30986],[-56.76887,-17.34086],[-56.76091,-17.35165],[-56.78899,-17.37405],[-56.78599,-17.38753],[-56.82871,-17.38996],[-56.84202,-17.41819],[-56.8196,-17.4302],[-56.84091,-17.44201],[-56.82549,-17.45309],[-56.84541,-17.46244],[-56.85147,-17.48697],[-56.86521,-17.49002],[-56.86147,-17.50521],[-56.87597,-17.53297],[-56.90958,-17.53255],[-56.94619,-17.55476],[-56.95199,-17.56936],[-56.98236,-17.58023],[-56.98227,-17.60957],[-56.95885,-17.60569],[-56.96475,-17.62174],[-56.98822,-17.65929],[-57.03338,-17.69474],[-57.0478,-17.73253],[-57.07532,-17.73684],[-57.11902,-17.78104],[-57.14814,-17.76852],[-57.15397,-17.7773],[-57.25202,-17.79346],[-57.23263,-17.81238],[-57.26484,-17.82035],[-57.28377,-17.81291],[-57.28333,-17.82269],[-57.30649,-17.81051],[-57.32523,-17.82915],[-57.35616,-17.8372],[-57.38007,-17.82734],[-57.38466,-17.84344],[-57.39928,-17.84037],[-57.44728,-17.87569],[-57.45247,-17.90264],[-57.47767,-17.87888],[-57.47759,-17.85905],[-57.51636,-17.86283],[-57.57633,-17.80053],[-57.60236,-17.80487],[-57.61258,-17.77941],[-57.60342,-17.77168],[-57.6403,-17.71736],[-57.66355,-17.72985],[-57.68461,-17.71648],[-57.67178,-17.66411],[-57.70205,-17.60124],[-57.71214,-17.54313],[-57.72806,-17.52975]]]}},{"type":"Feature","id":"cep2-79","properties":{"postal_code_id":"cep2-79","postal_codes":["79"],"first_digits":["7"],"states":["MS"]},"geometry":{"type":"Polygon","coordinates":[[[-54.69793,-23.85777],[-54.7333,-23.86966],[-54.75911,-23.85674],[-54.76405,-23.86621],[-54.7928,-23.86808],[-54.81432,-23.89043],[-54.83632,-23.88392],[-54.84991,-23.90822],[-54.87353,-23.90926],[-54.88512,-23.897],[-54.92688,-23.92481],[-54.92525,-23.96028],[-54.96668,-23.96617],[-54.99859,-23.95759],[-55.06233,-23.99329],[-55.10697,-23.96521],[-55.14908,-23.98938],[-55.19842,-23.98669],[-55.22904,-24.01397],[-55.30418,-23.96503],[-55.31772,-23.96289],[-55.33609,-23.99295],[-55.34933,-23.99355],[-55.3876,-23.9675],[-55.40286,-23.97416],[-55.43277,-23.94072],[-55.42787,-23.92632],[-55.44634,-23.91693],[-55.43557,-23.87238],[-55.44155,-23.82935],[-55.45389,-23.81927],[-55.43018,-23.79014],[-55.44724,-23.76021],[-55.43626,-23.71676],[-55.46347,-23.71197],[-55.46216,-23.68394],[-55.47597,-23.6752],[-55.48401,-23.64027],[-55.51034,-23.63262],[-55.51109,-23.62325],[-55.53987,-23.62519],[-55.52653,-23.56735],[-55.56212,-23.47621],[-55.54499,-23.47728],[-55.54469,-23.44933],[-55.50448,-23.37847],[-55.55591,-23.31632],[-55.55308,-23.27953],[-55.52266,-23.25971],[-55.53728,-23.25126],[-55.5462,-23.2202],[-55.52328,-23.19779],[-55.5431,-23.18079],[-55.54189,-23.15613],[-55.5734,-23.14334],[-55.59678,-23.1526],[-55.59973,-23.10416],[-55.61736,-23.08172],[-55.61132,-23.04766],[-55.63939,-23.02591],[-55.63391,-22.99178],[-55.62193,-22.98449],[-55.64758,-22.94987],[-55.65097,-22.88729],[-55.66122,-22.88219],[-55.66585,-22.85246],[-55.65064,-22.79333],[-55.6366,-22.77173],[-55.6185,-22.76795],[-55.62661,-22.75763],[-55.61306,-22.73894],[-55.61442,-22.6551],[-55.64137,-22.61271],[-55.72365,-22.55178],[-55.75284,-22.47475],[-55.73528,-22.4589],[-55.742,-22.39534],[-55.74871,-22.38342],[-55.79109,-22.38842],[-55.80371,-22.37224],[-55.80086,-22.3553],[-55.83238,-22.32565],[-55.84313,-22.28711],[-55.92912,-22.27854],[-55.94881,-22.29276],[-55.9699,-22.29203],[-55.98098,-22.27872],[-56.01016,-22.29463],[-56.04904,-22.27766],[-56.09268,-22.28564],[-56.12457,-22.27064],[-56.1313,-22.28426],[-56.16573,-22.28831],[-56.19358,-22.27095],[-56.20908,-22.27821],[-56.2339,-22.25543],[-56.23746,-22.23662],[-56.26406,-22.23932],[-56.29922,-22.21764],[-56.3166,-22.21839],[-56.34948,-22.17376],[-56.36475,-22.16959],[-56.37189,-22.12604],[-56.39564,-22.09419],[-56.39294,-22.075],[-56.43432,-22.08517],[-56.47145,-22.08019],[-56.47699,-22.0942],[-56.51892,-22.10871],[-56.52701,-22.13032],[-56.51926,-22.14098],[-56.54002,-22.14716],[-56.53756,-22.15803],[-56.55705,-22.16909],[-56.55609,-22.19552],[-56.60847,-22.22017],[-56.60559,-22.23198],[-56.6269,-22.24641],[-56.64334,-22.24615],[-56.63651,-22.26323],[-56.67864,-22.24669],[-56.69059,-22.21773],[-56.7038,-22.22275],[-56.69403,-22.22863],[-56.72039,-22.26489],[-56.7441,-22.24124],[-56.76707,-22.24421],[-56.77606,-22.26036],[-56.79364,-22.24256],[-56.8079,-22.27174],[-56.80133,-22.28124],[-56.84396,-22.30105],[-56.88077,-22.27557],[-56.87535,-22.26352],[-56.88825,-22.24531],[-56.90445,-22.2666],[-56.91574,-22.2554],[-56.94721,-22.25611],[-56.95834,-22.23822],[-56.98745,-22.24264],[-56.99671,-22.22252],[-57.00977,-22.23581],[-57.04442,-22.24271],[-57.05949,-22.22939],[-57.05901,-22.2418],[-57.08412,-22.25087],[-57.08944,-22.24131],[-57.10098,-22.24878],[-57.11181,-22.24159],[-57.10439,-22.22768],[-57.17878,-22.23296],[-57.19479,-22.2123],[-57.23776,-22.25128],[-57.29599,-22.2191],[-57.32016,-22.2456],[-57.335,-22.22919],[-57.38148,-22.22431],[-57.38627,-22.20442],[-57.39472,-22.20891],[-57.40771,-22.19769],[-57.43184,-22.19977],[-57.44484,-22.18777],[-57.48355,-22.19228],[-57.52414,-22.16862],[-57.54062,-22.18133],[-57.58077,-22.17534],[-57.58795,-22.13928],[-57.61283,-22.1223],[-57.6101,-22.09543],[-57.6643,-22.10641],[-57.69111,-22.0884],[-57.70693,-22.09105],[-57.71693,-22.11379],[-57.7376,-22.10267],[-57.73763,-22.13321],[-57.74772,-22.13905],[-57.77927,-22.12517],[-57.80523,-22.15005],[-57.83413,-22.11961],[-57.86398,-22.13185],[-57.92972,-22.12027],[-57.92166,-22.10975],[-57.942,-22.08292],[-57.99507,-22.08871],[-57.98327,-22.0707],[-58.00959,-22.04528],[-58.00616,-22.03121],[-57.96474,-22.00109],[-57.937,-21.92792],[-57.94798,-21.90039],[-57.91689,-21.88932],[-57.91617,-21.87629],[-57.96964,-21.85114],[-57.93111,-21.82459],[-57.90849,-21.77397],[-57.94742,-21.74595],[-57.88323,-21.68907],[-57.93004,-21.65733],[-57.94324,-21.62857],[-57.91456,-21.59561],[-57.91896,-21.5822],[-57.96162,-21.56244],[-57.96768,-21.52148],[-57.93442,-21.48412],[-57.9081,-21.40261],[-57.8537,-21.33211],[-57.85474,-21.31687],[-57.89496,-21.30717],[-57.92097,-21.27765],[-57.85302,-21.22713],[-57.84896,-21.18786],[-57.86499,-21.13634],[-57.84589,-21.09693],[-57.86861,-21.04617],[-57.81753,-20.98058],[-57.81882,-20.94841],[-57.81978,-20.938],[-57.83371,-20.93628],[-57.8636,-20.94885],[-57.88653,-20.90865],[-57.92624,-20.90273],[-57.92894,-20.89523],[-57.85403,-20.84111],[-57.89329,-20.79078],[-57.94123,-20.80082],[-57.96177,-20.79262],[-57.93415,-20.74595],[-57.87352,-20.7508],[-57.86469,-20.7464],[-57.87017,-20.72547],[-57.92918,-20.66402],[-57.95825,-20.7049],[-57.98789,-20.69955],[-57.97039,-20.64419],[-58.01079,-20.61621],[-57.99718,-20.57237],[-58.01991,-20.51439],[-57.99645,-20.44341],[-58.02462,-20.4001],[-58.07319,-20.38799],[-58.08402,-20.37217],[-58.10305,-20.32117],[-58.09077,-20.28503],[-58.09665,-20.25392],[-58.11952,-20.24958],[-58.14455,-20.27178],[-58.1594,-20.26385],[-58.16357,-20.22733],[-58.12185,-20.19439],[-58.1326,-20.18194],[-58.15933,-20.18142],[-58.16864,-20.16578],[-58.11675,-20.14665],[-58.09542,-20.11037],[-58.05382,-20.10828],[-58.0358,-20.06771],[-57.97898,-20.05546],[-57.95036,-20.01985],[-57.93018,-20.02212],[-57.90362,-20.04326],[-57.8591,-19.97175],[-58.13138,-19.75936],[-57.78329,-19.03507],[-57.71045,-19.03466],[-57.69769,-19.01131],[-57.69741,-18.99655],[-57.71924,-18.97814],[-57.71971,-18.89946],[-57.76669,-18.89947],[-57.55828,-18.24067],[-57.45479,-18.23337],[-57.48137,-18.19761],[-57.50513,-18.19862],[-57.57413,-18.1316],[-57.60038,-18.04267],[-57.72143,-17.82899],[-57.68399,-17.82899],[-57.68401,-17.80905],[-57.71931,-17.77308],[-57.7113,-17.72866],[-57.73358,-17.71591],[-57.76323,-17.66056],[-57.77589,-17.65802],[-57.78301,-17.63682],[-57.77256,-17.6136],[-57.78427,-17.60771],[-57.77669,-17.58675],[-57.78996,-17.58827],[-57.7815,-17.57955],[-57.80038,-17.55952],[-57.75229,-17.56446],[-57.72806,-17.52975],[-57.71214,-17.54313],[-57.70205,-17.60124],[-57.67178,-17.66411],[-57.68461,-17.71648],[-57.66355,-17.72985],[-57.6403,-17.71736],[-57.60342,-17.77168],[-57.61258,-17.77941],[-57.60236,-17.80487],[-57.57633,-17.80053],[-57.51636,-17.86283],[-57.47759,-17.85905],[-57.47767,-17.87888],[-57.45247,-17.90264],[-57.44728,-17.87569],[-57.39928,-17.84037],[-57.38466,-17.84344],[-57.38007,-17.82734],[-57.35616,-17.8372],[-57.32523,-17.82915],[-57.30649,-17.81051],[-57.28333,-17.82269],[-57.28377,-17.81291],[-57.26484,-17.82035],[-57.23263,-17.81238],[-57.25202,-17.79346],[-57.15397,-17.7773],[-57.14814,-17.76852],[-57.11902,-17.78104],[-57.07532,-17.73684],[-57.0478,-17.73253],[-57.03338,-17.69474],[-56.98822,-17.65929],[-56.96475,-17.62174],[-56.95885,-17.60569],[-56.98227,-17.60957],[-56.98236,-17.58023],[-56.95199,-17.56936],[-56.94619,-17.55476],[-56.90958,-17.53255],[-56.87597,-17.53297],[-56.86147,-17.50521],[-56.86521,-17.49002],[-56.85147,-17.48697],[-56.84541,-17.46244],[-56.82549,-17.45309],[-56.84091,-17.44201],[-56.8196,-17.4302],[-56.84202,-17.41819],[-56.82871,-17.38996],[-56.78599,-17.38753],[-56.78899,-17.37405],[-56.76091,-17.35165],[-56.76887,-17.34086],[-56.73385,-17.30986],[-56.69193,-17.31811],[-56.69629,-17.3255],[-56.68318,-17.31657],[-56.66207,-17.3389],[-56.65671,-17.32144],[-56.64771,-17.33946],[-56.64744,-17.31699],[-56.63044,-17.3342],[-56.62002,-17.32203],[-56.61185,-17.33191],[-56.57657,-17.33105],[-56.57935,-17.3203],[-56.56764,-17.31491],[-56.52596,-17.3205],[-56.51387,-17.31282],[-56.51546,-17.29282],[-56.5026,-17.28743],[-56.47312,-17.31001],[-56.46504,-17.3048],[-56.46557,-17.31414],[-56.45096,-17.3119],[-56.45088,-17.32639],[-56.44057,-17.33042],[-56.38893,-17.30195],[-56.35441,-17.26658],[-56.33587,-17.28995],[-56.31354,-17.26943],[-56.29785,-17.27659],[-56.28657,-17.27044],[-56.28343,-17.24667],[-56.25787,-17.24453],[-56.25134,-17.21902],[-56.20877,-17.22727],[-56.21218,-17.20952],[-56.19046,-17.21129],[-56.18318,-17.18921],[-56.16335,-17.1947],[-56.11234,-17.16635],[-56.08273,-17.17775],[-56.06168,-17.17071],[-56.04724,-17.18482],[-56.04412,-17.1714],[-56.00551,-17.2042],[-56.02095,-17.216],[-56.00863,-17.21419],[-56.01204,-17.23668],[-55.99205,-17.23988],[-55.98573,-17.2584],[-55.97827,-17.24671],[-55.95107,-17.25111],[-55.93821,-17.27852],[-55.92634,-17.25786],[-55.88949,-17.26319],[-55.90193,-17.2734],[-55.89087,-17.27233],[-55.88656,-17.28476],[-55.87481,-17.26863],[-55.85257,-17.27873],[-55.84523,-17.29861],[-55.82623,-17.292],[-55.82615,-17.30677],[-55.80651,-17.29801],[-55.78442,-17.33005],[-55.78065,-17.32143],[-55.77254,-17.33205],[-55.76121,-17.32353],[-55.71967,-17.34886],[-55.7091,-17.33762],[-55.70437,-17.35168],[-55.68926,-17.34044],[-55.68623,-17.35087],[-55.67518,-17.34035],[-55.66811,-17.35069],[-55.65657,-17.33826],[-55.64873,-17.35831],[-55.63712,-17.34253],[-55.62634,-17.36403],[-55.61201,-17.36022],[-55.58291,-17.37907],[-55.58706,-17.42171],[-55.57534,-17.4188],[-55.57487,-17.43467],[-55.52484,-17.47692],[-55.50568,-17.48597],[-55.48304,-17.47869],[-55.44374,-17.51178],[-55.38062,-17.52385],[-55.37711,-17.51504],[-55.35376,-17.53162],[-55.35182,-17.54769],[-55.29967,-17.54119],[-55.274,-17.56454],[-55.2692,-17.55677],[-55.26414,-17.57792],[-55.24253,-17.60212],[-55.23192,-17.59558],[-55.21814,-17.60752],[-55.2215,-17.6171],[-55.20481,-17.61376],[-55.19089,-17.6278],[-55.18667,-17.62058],[-55.13709,-17.65019],[-55.11389,-17.64396],[-55.10431,-17.62846],[-55.0625,-17.63905],[-55.01631,-17.62981],[-54.99183,-17.6384],[-54.98494,-17.62408],[-54.94342,-17.60903],[-54.86086,-17.62385],[-54.7625,-17.56865],[-54.74691,-17.51994],[-54.7205,-17.51866],[-54.69972,-17.49738],[-54.68131,-17.50685],[-54.65639,-17.49138],[-54.61734,-17.49042],[-54.58334,-17.46896],[-54.55419,-17.48867],[-54.53633,-17.47759],[-54.48131,-17.48766],[-54.46872,-17.52719],[-54.42147,-17.5365],[-54.40371,-17.56454],[-54.38147,-17.57568],[-54.3846,-17.60136],[-54.37442,-17.60858],[-54.3878,-17.63194],[-54.35058,-17.65711],[-54.30242,-17.66166],[-54.17883,-17.60285],[-54.13419,-17.61873],[-54.07641,-17.61575],[-54.07327,-17.5878],[-54.05163,-17.56277],[-54.04591,-17.53723],[-54.05808,-17.51313],[-54.03764,-17.48645],[-53.95225,-17.45934],[-53.87844,-17.3752],[-53.83132,-17.35502],[-53.82007,-17.29462],[-53.78571,-17.28752],[-53.76283,-17.2466],[-53.70514,-17.22815],[-53.6801,-17.25406],[-53.70389,-17.66134],[-53.80633,-17.67237],[-53.85591,-17.70272],[-53.95502,-17.87124],[-53.94891,-17.92342],[-53.93241,-17.91317],[-53.92236,-17.92016],[-53.89855,-17.9088],[-53.88544,-17.91328],[-53.83755,-17.9347],[-53.83561,-17.94694],[-53.80866,-17.96101],[-53.80861,-17.97225],[-53.79319,-17.97466],[-53.77422,-18.00077],[-53.73668,-17.9949],[-53.69219,-18.01368],[-53.66125,-17.97751],[-53.61255,-17.97803],[-53.58865,-18.00972],[-53.55724,-18.00565],[-53.55649,-18.01643],[-53.51788,-18.02065],[-53.48607,-18.0404],[-53.46785,-18.03489],[-53.45729,-17.9997],[-53.43505,-17.98458],[-53.38077,-18.00876],[-53.30757,-17.99598],[-53.24154,-18.00471],[-53.19879,-18.02031],[-53.17433,-18.0416],[-53.07228,-18.03398],[-53.07571,-18.0508],[-53.12365,-18.05883],[-53.14315,-18.08408],[-53.11019,-18.21956],[-53.09966,-18.31362],[-53.07174,-18.34154],[-53.02785,-18.3516],[-53.01394,-18.32614],[-52.9841,-18.30733],[-52.93523,-18.29655],[-52.87321,-18.31483],[-52.79692,-18.316],[-52.75932,-18.34807],[-52.75887,-18.36314],[-52.79851,-18.41486],[-52.87118,-18.42581],[-52.88096,-18.46549],[-52.91301,-18.50484],[-52.94251,-18.51703],[-52.96235,-18.54082],[-52.93445,-18.59911],[-52.94062,-18.6115],[-52.91432,-18.61982],[-52.91676,-18.64029],[-52.87341,-18.64587],[-52.84647,-18.66695],[-52.8085,-18.6676],[-52.7481,-18.69206],[-52.68731,-18.67834],[-52.63241,-18.69559],[-52.59007,-18.68771],[-52.5524,-18.65708],[-52.45413,-18.6884],[-52.40755,-18.75715],[-52.33382,-18.82906],[-52.30514,-18.84044],[-52.29335,-18.82925],[-52.26565,-18.8289],[-52.2505,-18.83987],[-52.18309,-18.84764],[-52.15686,-18.88845],[-52.11081,-18.8987],[-52.10658,-18.92414],[-52.07936,-18.95109],[-52.04364,-18.95069],[-52.04263,-18.95928],[-52.01872,-18.96344],[-52.01586,-18.98246],[-52.00269,-18.96805],[-51.97644,-18.9814],[-51.96905,-18.96721],[-51.95099,-18.98114],[-51.94074,-18.96823],[-51.89709,-18.99448],[-51.8908,-19.01752],[-51.85222,-19.05249],[-51.84465,-19.04196],[-51.83552,-19.04556],[-51.84124,-19.05712],[-51.82338,-19.05381],[-51.79631,-19.06643],[-51.79137,-19.07963],[-51.74445,-19.08605],[-51.74007,-19.1008],[-51.71165,-19.10304],[-51.70011,-19.11879],[-51.66007,-19.1343],[-51.63808,-19.12652],[-51.60898,-19.14104],[-51.59221,-19.12679],[-51.5271,-19.13892],[-51.50052,-19.14905],[-51.49867,-19.161],[-51.4728,-19.15415],[-51.45899,-19.16752],[-51.42007,-19.16621],[-51.39453,-19.19623],[-51.37012,-19.19959],[-51.36436,-19.22262],[-51.34556,-19.21398],[-51.33703,-19.22229],[-51.30877,-19.2178],[-51.30834,-19.23584],[-51.2793,-19.24922],[-51.27661,-19.2605],[-51.25503,-19.26781],[-51.21553,-19.25924],[-51.16917,-19.28696],[-51.092,-19.30763],[-51.04554,-19.34337],[-51.02047,-19.38662],[-51.02575,-19.39872],[-51.00451,-19.40141],[-51.00145,-19.41533],[-50.988,-19.40844],[-50.98608,-19.4292],[-50.93591,-19.46064],[-50.96386,-19.48635],[-50.96295,-19.50058],[-50.93088,-19.54224],[-50.92439,-19.58088],[-50.93056,-19.59028],[-50.9618,-19.58174],[-50.98755,-19.58951],[-51.03818,-19.69177],[-51.04541,-19.7274],[-51.0279,-19.75658],[-51.03994,-19.77712],[-51.02363,-19.80395],[-51.01931,-19.87045],[-50.99947,-19.90638],[-51.02091,-19.95909],[-51.00549,-19.99606],[-51.01789,-20.04839],[-51.00047,-20.08538],[-51.05893,-20.23516],[-51.13241,-20.29553],[-51.29568,-20.32848],[-51.34355,-20.35563],[-51.40928,-20.45957],[-51.44923,-20.48282],[-51.50022,-20.56822],[-51.58831,-20.63565],[-51.6349,-20.75485],[-51.6224,-20.77687],[-51.63298,-20.82156],[-51.62845,-20.8687],[-51.61368,-20.89632],[-51.62359,-20.94443],[-51.65965,-20.9685],[-51.72297,-20.97744],[-51.77126,-21.04266],[-51.78967,-21.10212],[-51.82359,-21.12684],[-51.87586,-21.13615],[-51.87972,-21.19792],[-51.84851,-21.26664],[-51.86876,-21.35353],[-51.91114,-21.39274],[-51.92868,-21.45582],[-51.9679,-21.50176],[-52.00037,-21.51663],[-52.05707,-21.50361],[-52.07779,-21.51522],[-52.10216,-21.56981],[-52.06888,-21.59811],[-52.04952,-21.64309],[-52.05583,-21.67716],[-52.10379,-21.74605],[-52.16126,-21.77077],[-52.18935,-21.84432],[-52.30148,-21.94217],[-52.33919,-22.04783],[-52.37722,-22.10668],[-52.48771,-22.21721],[-52.57102,-22.24843],[-52.6458,-22.29828],[-52.69513,-22.31461],[-52.79833,-22.37827],[-52.85476,-22.43911],[-52.98825,-22.48688],[-53.01436,-22.52067],[-53.058,-22.53693],[-53.10786,-22.59551],[-53.10519,-22.62193],[-53.18537,-22.71873],[-53.35204,-22.77568],[-53.37979,-22.80443],[-53.54683,-22.8901],[-53.57077,-22.92849],[-53.60742,-22.95133],[-53.63412,-22.9985],[-53.63659,-23.12503],[-53.66033,-23.15446],[-53.74132,-23.33564],[-53.77596,-23.37534],[-53.81602,-23.38564],[-53.93205,-23.44595],[-53.97202,-23.44784],[-53.98738,-23.46661],[-54.02402,-23.58608],[-54.03086,-23.64606],[-54.05112,-23.68717],[-54.0519,-23.72114],[-54.08046,-23.7809],[-54.08811,-23.84453],[-54.08046,-23.89125],[-54.10176,-23.95196],[-54.14026,-23.9884],[-54.28623,-24.06823],[-54.30996,-24.04631],[-54.32419,-24.00382],[-54.35196,-24.00767],[-54.38686,-23.98282],[-54.39431,-23.96526],[-54.4147,-23.95811],[-54.42622,-23.91571],[-54.44014,-23.90428],[-54.48732,-23.90368],[-54.493,-23.88516],[-54.51488,-23.88518],[-54.54344,-23.8681],[-54.56858,-23.87447],[-54.56439,-23.85421],[-54.58417,-23.83703],[-54.60974,-23.85138],[-54.61659,-23.83502],[-54.64677,-23.83376],[-54.66947,-23.8125],[-54.69857,-23.842],[-54.69793,-23.85777]]]}},{"type":"Feature","id":"cep2-80-81-82","properties":{"postal_code_id":"cep2-80-81-82","postal_codes":["80","81","82"],"first_digits":["8"],"states":["PR"]},"geometry":{"type":"Polygon","coordinates":[[[-49.36893,-25.51718],[-49.38342,-25.48584],[-49.38885,-25.44172],[-49.37551,-25.39947],[-49.34675,-25.37428],[-49.3416,-25.3468],[-49.31053,-25.38351],[-49.29968,-25.38526],[-49.27371,-25.34496],[-49.22951,-25.34984],[-49.20751,-25.36593],[-49.20537,-25.38135],[-49.19482,-25.37949],[-49.20334,-25.43562],[-49.18444,-25.47764],[-49.22596,-25.53845],[-49.22454,-25.56182],[-49.23728,-25.56355],[-49.24206,-25.5853],[-49.27387,-25.6119],[-49.35992,-25.64316],[-49.33971,-25.51219],[-49.36893,-25.51718]]]}},{"type":"Feature","id":"cep2-83","properties":{"postal_code_id":"cep2-83","postal_codes":["83"],"first_digits":["8"],"states":["PR"]},"geometry":{"type":"MultiPolygon","coordinates":[[[[-49.50453,-26.22659],[-49.53796,-26.21285],[-49.55377,-26.23657],[-49.57825,-26.21367],[-49.57882,-26.22756],[-49.5912,-26.2316],[-49.58706,-26.21896],[-49.60312,-26.22671],[-49.60524,-26.21193],[-49.63226,-26.20875],[-49.62535,-26.20168],[-49.63396,-26.1899],[-49.64273,-26.20978],[-49.65399,-26.18685],[-49.69046,-26.18952],[-49.67777,-26.17565],[-49.69081,-26.17688],[-49.70145,-26.15935],[-49.71277,-26.15468],[-49.72753,-26.17144],[-49.73713,-26.15715],[-49.72875,-26.1418],[-49.74808,-26.14036],[-49.74857,-26.12461],[-49.77447,-26.10061],[-49.77356,-26.11941],[-49.78813,-26.0982],[-49.78743,-26.11126],[-49.80272,-26.11001],[-49.80683,-26.08906],[-49.82418,-26.09393],[-49.82957,-26.0693],[-49.84147,-26.0772],[-49.83151,-26.05364],[-49.84464,-26.0648],[-49.86381,-26.05473],[-49.86457,-26.03579],[-49.91479,-26.02542],[-49.93507,-26.03314],[-49.94169,-26.00841],[-49.95989,-26.02218],[-49.94789,-26.02944],[-49.97236,-26.05839],[-49.96314,-26.0276],[-49.99475,-26.01141],[-50.01094,-26.01333],[-50.00557,-26.04609],[-50.03919,-26.02762],[-50.07246,-26.03557],[-50.07589,-26.04641],[-50.07892,-26.0251],[-50.12069,-26.06116],[-50.13196,-26.04228],[-50.14716,-26.05946],[-50.14016,-26.02658],[-50.16722,-26.02499],[-50.1804,-26.03201],[-50.15451,-26.04742],[-50.17824,-26.07872],[-50.20831,-26.05727],[-50.22225,-26.06016],[-50.24748,-26.03043],[-50.25079,-26.05039],[-50.26838,-26.04275],[-50.32014,-26.07016],[-50.33312,-26.10041],[-50.32151,-26.1265],[-50.3339,-26.13467],[-50.36573,-26.11215],[-50.37169,-26.07919],[-50.40808,-26.05852],[-50.40734,-26.06552],[-50.42954,-26.06299],[-50.44989,-26.04127],[-50.44199,-26.03676],[-50.45718,-26.03654],[-50.46089,-26.02635],[-50.50143,-26.02292],[-50.50363,-26.03095],[-50.55087,-26.03826],[-50.57023,-26.00195],[-50.58889,-26.01886],[-50.59172,-26.04032],[-50.54944,-26.04653],[-50.55353,-26.05938],[-50.5948,-26.0704],[-50.62851,-26.06283],[-50.62683,-26.03441],[-50.65401,-26.01382],[-50.67222,-25.95988],[-50.65752,-25.92039],[-50.67348,-25.904],[-50.67791,-25.87593],[-50.65701,-25.87696],[-50.64481,-25.85014],[-50.62727,-25.8476],[-50.61484,-25.86909],[-50.60127,-25.86366],[-50.63271,-25.82961],[-50.63328,-25.81458],[-50.62146,-25.81649],[-50.62653,-25.80715],[-50.6085,-25.81835],[-50.59319,-25.75982],[-50.53845,-25.75813],[-50.51466,-25.73278],[-50.48362,-25.74228],[-50.4495,-25.72265],[-50.41582,-25.71999],[-50.39811,-25.74976],[-50.36152,-25.72945],[-50.34555,-25.75006],[-50.33807,-25.74323],[-50.32331,-25.75921],[-50.30824,-25.75675],[-50.29434,-25.7915],[-50.26855,-25.80512],[-50.26824,-25.83679],[-50.25328,-25.84085],[-50.23268,-25.83044],[-50.23566,-25.81451],[-50.21025,-25.78833],[-50.18208,-25.79032],[-50.18979,-25.76474],[-50.15404,-25.75358],[-50.15443,-25.72691],[-50.12174,-25.70928],[-50.15134,-25.68907],[-50.12954,-25.66778],[-50.13575,-25.66051],[-50.11435,-25.66671],[-50.10918,-25.65792],[-50.09884,-25.66708],[-50.09695,-25.65301],[-50.0865,-25.65148],[-50.09532,-25.63535],[-50.07444,-25.63445],[-50.06405,-25.65196],[-50.02874,-25.6296],[-50.03082,-25.61038],[-50.01599,-25.59906],[-49.9921,-25.61126],[-49.97672,-25.59609],[-49.97684,-25.60817],[-49.95765,-25.6016],[-49.93787,-25.60877],[-49.90605,-25.58486],[-49.91724,-25.57723],[-49.91683,-25.55699],[-49.91127,-25.56998],[-49.89453,-25.56682],[-49.8932,-25.5776],[-49.87919,-25.57171],[-49.87593,-25.56218],[-49.89091,-25.55402],[-49.87695,-25.5444],[-49.8529,-25.55502],[-49.84361,-25.54722],[-49.80219,-25.55122],[-49.80241,-25.5032],[-49.76715,-25.46878],[-49.76666,-25.4505],[-49.75348,-25.44641],[-49.74039,-25.41513],[-49.74854,-25.40009],[-49.74088,-25.367],[-49.75701,-25.36074],[-49.8545,-25.23458],[-49.81445,-25.22756],[-49.77792,-25.19511],[-49.74751,-25.22128],[-49.71253,-25.21722],[-49.68043,-25.16791],[-49.73343,-25.12335],[-49.73957,-25.06348],[-49.7015,-25.0439],[-49.71062,-25.02387],[-49.68677,-25.02066],[-49.66713,-25.00216],[-49.63784,-25.00515],[-49.61734,-24.97973],[-49.60214,-24.98698],[-49.57676,-24.96376],[-49.57289,-24.93983],[-49.54876,-24.94054],[-49.53945,-24.91652],[-49.49859,-24.90445],[-49.51018,-24.87471],[-49.52888,-24.86134],[-49.53809,-24.81766],[-49.56272,-24.80666],[-49.5709,-24.79014],[-49.53055,-24.7135],[-49.57188,-24.66897],[-49.62921,-24.67984],[-49.64589,-24.64767],[-49.5917,-24.63629],[-49.59139,-24.62095],[-49.55962,-24.60443],[-49.55362,-24.58017],[-49.53921,-24.57201],[-49.52369,-24.57637],[-49.52333,-24.6103],[-49.50164,-24.60647],[-49.48806,-24.53412],[-49.47254,-24.54505],[-49.45467,-24.53696],[-49.45381,-24.52675],[-49.42952,-24.51602],[-49.42983,-24.50227],[-49.3588,-24.47724],[-49.31095,-24.42618],[-49.27513,-24.41723],[-49.25243,-24.43393],[-49.24692,-24.4691],[-49.26385,-24.47443],[-49.26957,-24.49231],[-49.29567,-24.50031],[-49.27991,-24.53593],[-49.29333,-24.55304],[-49.30557,-24.54639],[-49.31768,-24.56664],[-49.3036,-24.59695],[-49.31371,-24.64206],[-49.29963,-24.65496],[-49.31202,-24.66353],[-49.27813,-24.69302],[-49.20792,-24.70091],[-49.18565,-24.67275],[-49.13482,-24.67556],[-49.11159,-24.68835],[-49.10894,-24.67655],[-49.09709,-24.68187],[-49.08441,-24.67298],[-49.05421,-24.68238],[-49.0374,-24.66042],[-49.04003,-24.63685],[-49.01504,-24.64188],[-49.00468,-24.63324],[-49.00804,-24.66049],[-48.99093,-24.65524],[-48.96103,-24.68451],[-48.94809,-24.67372],[-48.91526,-24.68291],[-48.90993,-24.67072],[-48.86539,-24.66733],[-48.85387,-24.67515],[-48.8585,-24.6577],[-48.8404,-24.66498],[-48.82284,-24.6553],[-48.77865,-24.69673],[-48.75887,-24.68028],[-48.75575,-24.69279],[-48.70114,-24.68038],[-48.68989,-24.69385],[-48.68967,-24.66787],[-48.67872,-24.67089],[-48.67501,-24.70179],[-48.65935,-24.70598],[-48.63781,-24.67767],[-48.61536,-24.6684],[-48.58653,-24.67858],[-48.58075,-24.67157],[-48.56011,-24.71071],[-48.52945,-24.73929],[-48.50381,-24.73495],[-48.5019,-24.74598],[-48.51831,-24.78105],[-48.55575,-24.8062],[-48.56668,-24.86396],[-48.54973,-24.8675],[-48.54901,-24.88233],[-48.55931,-24.90118],[-48.57056,-24.89415],[-48.57283,-24.90288],[-48.56737,-24.97227],[-48.5979,-25.00288],[-48.57963,-25.05313],[-48.55794,-25.06397],[-48.55601,-25.08655],[-48.52858,-25.10079],[-48.48284,-25.05186],[-48.47405,-25.01255],[-48.41187,-24.9804],[-48.35475,-25.01996],[-48.35123,-25.03649],[-48.32414,-25.03675],[-48.33038,-25.06971],[-48.2992,-25.02564],[-48.28463,-25.03919],[-48.24932,-24.97871],[-48.224,-25.00804],[-48.233,-25.01789],[-48.20947,-25.02718],[-48.21605,-25.07667],[-48.2045,-25.09966],[-48.1585,-25.14991],[-48.19336,-25.18987],[-48.18252,-25.205],[-48.113,-25.25087],[-48.06211,-25.24009],[-48.05745,-25.21833],[-48.0498,-25.22552],[-48.03225,-25.21847],[-48.02354,-25.23093],[-48.08311,-25.282],[-48.09675,-25.29715],[-48.09971,-25.31635],[-48.1623,-25.37497],[-48.214,-25.47297],[-48.23932,-25.46527],[-48.30974,-25.49328],[-48.27691,-25.51405],[-48.31993,-25.58656],[-48.35829,-25.58595],[-48.42497,-25.63456],[-48.50701,-25.76401],[-48.53756,-25.84357],[-48.56467,-25.85642],[-48.55975,-25.89083],[-48.59532,-25.97677],[-48.6337,-25.97769],[-48.64383,-25.95572],[-48.68011,-25.98072],[-48.9627,-25.98051],[-48.95036,-25.98999],[-48.97913,-25.98887],[-48.98435,-26.00457],[-49.02016,-26.01575],[-49.04301,-26.00453],[-49.05291,-26.02079],[-49.07306,-26.00046],[-49.0915,-26.01013],[-49.12558,-25.99611],[-49.1502,-26.01256],[-49.17376,-26.00014],[-49.23448,-26.03066],[-49.25875,-26.06953],[-49.29617,-26.08694],[-49.28911,-26.10203],[-49.3217,-26.10998],[-49.37177,-26.15486],[-49.39008,-26.16022],[-49.40037,-26.1505],[-49.40947,-26.16159],[-49.4165,-26.15305],[-49.42906,-26.17071],[-49.46067,-26.16222],[-49.49996,-26.20314],[-49.49121,-26.21445],[-49.50453,-26.22659]],[[-49.34675,-25.37428],[-49.37551,-25.39947],[-49.38885,-25.44172],[-49.37429,-25.51333],[-49.35038,-25.52052],[-49.33971,-25.51219],[-49.35992,-25.64316],[-49.27387,-25.6119],[-49.24206,-25.5853],[-49.23728,-25.56355],[-49.22454,-25.56182],[-49.21719,-25.52163],[-49.19459,-25.50525],[-49.18444,-25.47764],[-49.20334,-25.43562],[-49.19482,-25.37949],[-49.20537,-25.38135],[-49.20751,-25.36593],[-49.22951,-25.34984],[-49.27371,-25.34496],[-49.29968,-25.38526],[-49.3416,-25.3468],[-49.34675,-25.37428]]],[[[-48.40854,-25.84119],[-48.40708,-25.84228],[-48.40938,-25.84139],[-48.40854,-25.84119]]],[[[-48.36382,-25.73534],[-48.36477,-25.7375],[-48.36699,-25.73619],[-48.36382,-25.73534]]],[[[-48.37266,-25.73338],[-48.37139,-25.73337],[-48.37219,-25.73435],[-48.37266,-25.73338]]],[[[-48.0961,-25.30887],[-48.09704,-25.31024],[-48.09743,-25.31024],[-48.0961,-25.30887]]]]}},{"type":"Feature","id":"cep2-84","properties":{"postal_code_id":"cep2-84","postal_codes":["84"],"first_digits":["8"],"states":["PR"]},"geometry":{"type":"Polygon","coordinates":[[[-51.52917,-26.5093],[-51.51631,-26.47576],[-51.55294,-26.4134],[-51.54024,-26.39234],[-51.57717,-26.39586],[-51.55977,-26.37666],[-51.58923,-26.35626],[-51.57269,-26.35001],[-51.57788,-26.32963],[-51.58669,-26.3214],[-51.6058,-26.32669],[-51.57711,-26.29374],[-51.62895,-26.29017],[-51.64379,-26.2653],[-51.67979,-26.269],[-51.68261,-26.28734],[-51.69389,-26.24516],[-51.74046,-26.26522],[-51.74495,-26.25137],[-51.77532,-26.25741],[-51.77623,-26.22345],[-51.81019,-26.22662],[-51.8089,-26.20068],[-51.82141,-26.19535],[-51.79796,-26.18837],[-51.78883,-26.20521],[-51.77323,-26.20853],[-51.77075,-26.18801],[-51.74077,-26.17259],[-51.74425,-26.16225],[-51.7753,-26.16201],[-51.7704,-26.14006],[-51.75184,-26.14024],[-51.75549,-26.12216],[-51.71392,-26.12236],[-51.69759,-26.11232],[-51.69545,-26.09593],[-51.73848,-26.04896],[-51.72338,-26.00641],[-51.74005,-25.99423],[-51.73106,-25.98678],[-51.74305,-25.9707],[-51.72374,-25.9339],[-51.69532,-25.91558],[-51.68072,-25.92691],[-51.70963,-25.97807],[-51.66769,-26.01029],[-51.64319,-25.99738],[-51.58424,-25.99833],[-51.58124,-25.97672],[-51.55047,-25.98691],[-51.54152,-25.96539],[-51.51186,-25.96335],[-51.51174,-25.95164],[-51.50094,-25.95452],[-51.50285,-25.94272],[-51.47783,-25.92146],[-51.47299,-25.94292],[-51.44924,-25.95139],[-51.43221,-25.94075],[-51.43796,-25.92562],[-51.42188,-25.92076],[-51.40813,-25.94769],[-51.40547,-25.9329],[-51.38148,-25.93411],[-51.38485,-25.91884],[-51.37013,-25.91779],[-51.38062,-25.89448],[-51.35543,-25.89207],[-51.36802,-25.88418],[-51.34952,-25.8785],[-51.32277,-25.84613],[-51.32182,-25.82645],[-51.29322,-25.83073],[-51.28169,-25.79164],[-51.25784,-25.80665],[-51.24751,-25.79917],[-51.24912,-25.77844],[-51.23524,-25.78793],[-51.21799,-25.77254],[-51.20104,-25.77403],[-51.20545,-25.76519],[-51.18326,-25.76982],[-51.1864,-25.75879],[-51.17032,-25.7572],[-51.17704,-25.74563],[-51.12966,-25.76609],[-51.11648,-25.72028],[-51.06557,-25.69681],[-51.02007,-25.70577],[-51.01123,-25.67483],[-50.9949,-25.67816],[-50.98086,-25.66619],[-50.95814,-25.68492],[-50.98954,-25.64491],[-50.9818,-25.61937],[-51.00706,-25.60325],[-50.9876,-25.5751],[-51.09226,-25.55333],[-51.12357,-25.52106],[-51.14378,-25.52317],[-51.14512,-25.50998],[-51.12666,-25.49804],[-51.1391,-25.49505],[-51.13517,-25.47594],[-51.10959,-25.47235],[-51.08983,-25.45048],[-51.09714,-25.42895],[-51.1116,-25.42521],[-51.11195,-25.44878],[-51.12174,-25.45408],[-51.12712,-25.43356],[-51.14679,-25.43191],[-51.1264,-25.41101],[-51.16782,-25.41176],[-51.1505,-25.39318],[-51.13958,-25.39611],[-51.1375,-25.37939],[-51.15723,-25.38162],[-51.15791,-25.36838],[-51.1351,-25.36811],[-51.13592,-25.34732],[-51.11665,-25.34881],[-51.12824,-25.34511],[-51.13922,-25.34731],[-51.1453,-25.32578],[-51.16221,-25.34214],[-51.15617,-25.35255],[-51.18494,-25.32093],[-51.19548,-25.33185],[-51.21932,-25.2977],[-51.20917,-25.29859],[-51.20893,-25.28858],[-51.2003,-25.29935],[-51.19741,-25.26684],[-51.18439,-25.26838],[-51.19192,-25.25334],[-51.17847,-25.25049],[-51.20609,-25.23307],[-51.15703,-25.23206],[-51.18905,-25.2122],[-51.20428,-25.2196],[-51.21577,-25.2051],[-51.20688,-25.1974],[-51.20171,-25.20554],[-51.17633,-25.17582],[-51.20125,-25.17428],[-51.21592,-25.15394],[-51.23227,-25.15695],[-51.22435,-25.13601],[-51.24646,-25.13479],[-51.24959,-25.12516],[-51.23444,-25.12217],[-51.24538,-25.10765],[-51.24054,-25.09298],[-51.22708,-25.08208],[-51.24485,-25.06445],[-51.2307,-25.06073],[-51.25957,-25.05335],[-51.23615,-25.00109],[-51.24713,-25.00267],[-51.25644,-24.98643],[-51.25513,-25.01972],[-51.28507,-25.0177],[-51.26167,-25.0304],[-51.2908,-25.04514],[-51.26577,-25.07389],[-51.2878,-25.05887],[-51.29749,-25.06349],[-51.32549,-25.02098],[-51.32496,-24.98134],[-51.33715,-24.97426],[-51.32742,-24.9563],[-51.3425,-24.93938],[-51.36741,-24.94383],[-51.38415,-24.93716],[-51.38778,-24.92268],[-51.40961,-24.91941],[-51.39434,-24.87875],[-51.36395,-24.86395],[-51.38225,-24.84368],[-51.36868,-24.83624],[-51.36551,-24.80719],[-51.34681,-24.79778],[-51.35219,-24.79137],[-51.32214,-24.79175],[-51.32248,-24.77085],[-51.33323,-24.75963],[-51.36388,-24.75944],[-51.37394,-24.77255],[-51.38143,-24.75494],[-51.39485,-24.76428],[-51.4106,-24.75543],[-51.41674,-24.72216],[-51.43685,-24.70279],[-51.42074,-24.69263],[-51.44638,-24.68664],[-51.44282,-24.67148],[-51.4544,-24.65468],[-51.46865,-24.65437],[-51.4761,-24.62056],[-51.4966,-24.6363],[-51.50218,-24.62739],[-51.46382,-24.5971],[-51.45487,-24.58109],[-51.46527,-24.57619],[-51.45035,-24.56101],[-51.46843,-24.55462],[-51.4516,-24.52334],[-51.47301,-24.52855],[-51.45615,-24.5129],[-51.45132,-24.46859],[-51.48704,-24.45598],[-51.47318,-24.44935],[-51.48038,-24.42847],[-51.46179,-24.44335],[-51.4444,-24.41182],[-51.45121,-24.40487],[-51.46821,-24.4117],[-51.46938,-24.39489],[-51.41898,-24.40413],[-51.41762,-24.41713],[-51.37951,-24.43904],[-51.36124,-24.4275],[-51.34729,-24.43335],[-51.3352,-24.4085],[-51.32863,-24.42204],[-51.30348,-24.41118],[-51.13901,-24.46811],[-51.14359,-24.44057],[-51.09534,-24.40328],[-51.08098,-24.36367],[-51.0899,-24.35794],[-51.07793,-24.35226],[-51.09006,-24.34739],[-51.08434,-24.34121],[-51.10451,-24.34862],[-51.10665,-24.32521],[-51.09618,-24.32183],[-51.11623,-24.30078],[-51.10175,-24.30201],[-51.09556,-24.28863],[-51.10523,-24.29388],[-51.12364,-24.27454],[-51.13518,-24.28162],[-51.13156,-24.26811],[-51.15253,-24.26128],[-51.15109,-24.25188],[-51.16523,-24.24954],[-51.18104,-24.26247],[-51.18166,-24.25278],[-51.21262,-24.23932],[-51.20729,-24.22303],[-51.22024,-24.21597],[-51.20937,-24.20795],[-51.24068,-24.22045],[-51.25978,-24.21243],[-51.28954,-24.19471],[-51.29373,-24.1752],[-51.30159,-24.18568],[-51.31968,-24.17991],[-51.32203,-24.1628],[-51.34007,-24.15894],[-51.34193,-24.14887],[-51.35778,-24.15829],[-51.37254,-24.14258],[-51.36652,-24.133],[-51.34817,-24.11528],[-51.34948,-24.13173],[-51.29931,-24.12952],[-51.30461,-24.11428],[-51.28529,-24.10937],[-51.29594,-24.10517],[-51.2929,-24.09541],[-51.26774,-24.10948],[-51.25661,-24.0893],[-51.24408,-24.09468],[-51.22553,-24.08557],[-51.21768,-24.10569],[-51.17795,-24.101],[-51.17731,-24.09064],[-51.16605,-24.09711],[-51.17235,-24.08022],[-51.15259,-24.08194],[-51.15603,-24.07322],[-51.13379,-24.06921],[-51.11465,-24.08354],[-51.10386,-24.07215],[-51.08604,-24.0733],[-51.08176,-24.04349],[-51.09856,-24.02935],[-51.09544,-23.97725],[-51.10944,-23.9684],[-51.11358,-23.94337],[-51.09167,-23.93226],[-51.0815,-23.90702],[-51.07144,-23.91735],[-51.02799,-23.90887],[-51.01711,-23.91955],[-50.9994,-23.90063],[-50.95241,-23.89469],[-50.94984,-23.88517],[-50.9634,-23.88497],[-50.95548,-23.87189],[-50.96306,-23.84969],[-50.94568,-23.85307],[-50.93717,-23.81882],[-50.90292,-23.81689],[-50.91022,-23.80644],[-50.89903,-23.7956],[-50.88609,-23.80586],[-50.89578,-23.84019],[-50.85742,-23.86842],[-50.84367,-23.89444],[-50.81547,-23.87627],[-50.79361,-23.88067],[-50.77311,-23.87134],[-50.73329,-23.82336],[-50.68791,-23.82266],[-50.67427,-23.81196],[-50.64391,-23.82111],[-50.62574,-23.80047],[-50.63039,-23.77873],[-50.6201,-23.78192],[-50.58541,-23.73589],[-50.52217,-23.76403],[-50.4824,-23.7445],[-50.46001,-23.75005],[-50.46178,-23.7313],[-50.44411,-23.74833],[-50.43395,-23.73709],[-50.44309,-23.72688],[-50.42918,-23.72778],[-50.41902,-23.70641],[-50.42131,-23.67765],[-50.44092,-23.65909],[-50.43045,-23.62564],[-50.4173,-23.63532],[-50.41989,-23.62313],[-50.41102,-23.62212],[-50.40575,-23.63246],[-50.40971,-23.61803],[-50.39601,-23.62193],[-50.3876,-23.59892],[-50.20439,-23.56546],[-50.19277,-23.57041],[-50.1955,-23.59761],[-50.17528,-23.63373],[-50.19388,-23.66668],[-50.18249,-23.68176],[-50.14834,-23.66933],[-50.137,-23.68288],[-50.09925,-23.68042],[-50.07186,-23.66403],[-50.06515,-23.66907],[-50.05667,-23.66101],[-50.06311,-23.64714],[-50.04919,-23.65134],[-50.06857,-23.63202],[-50.08444,-23.6342],[-50.06647,-23.61131],[-50.08096,-23.6085],[-50.08964,-23.59217],[-50.07098,-23.56649],[-50.09236,-23.56561],[-50.08278,-23.53709],[-50.05324,-23.55199],[-50.03842,-23.54869],[-49.98475,-23.58993],[-49.89096,-23.60743],[-49.87732,-23.60684],[-49.8719,-23.58061],[-49.85258,-23.56717],[-49.706,-23.55009],[-49.67411,-23.55539],[-49.62422,-23.5233],[-49.60021,-23.53562],[-49.60285,-23.58397],[-49.61891,-23.59433],[-49.62096,-23.61111],[-49.6077,-23.62338],[-49.61608,-23.64055],[-49.56174,-23.6857],[-49.54882,-23.73242],[-49.56732,-23.73678],[-49.57346,-23.75604],[-49.5605,-23.76131],[-49.56007,-23.81193],[-49.57268,-23.82705],[-49.59032,-23.82798],[-49.5896,-23.8418],[-49.60804,-23.83938],[-49.59588,-23.84842],[-49.60997,-23.8492],[-49.60246,-23.86828],[-49.58704,-23.88888],[-49.5736,-23.87795],[-49.57753,-23.89598],[-49.55701,-23.92126],[-49.53651,-23.92777],[-49.52234,-23.91656],[-49.5116,-23.9259],[-49.5094,-23.93638],[-49.52447,-23.93515],[-49.5211,-23.9461],[-49.50392,-23.94717],[-49.50004,-23.95798],[-49.51673,-23.96971],[-49.49368,-23.9776],[-49.48715,-24.0246],[-49.46344,-24.02744],[-49.45754,-24.04949],[-49.42979,-24.06871],[-49.43001,-24.08854],[-49.33657,-24.13758],[-49.34282,-24.20428],[-49.35576,-24.20907],[-49.30537,-24.25143],[-49.28112,-24.30966],[-49.20068,-24.34441],[-49.24768,-24.39272],[-49.25023,-24.41386],[-49.24372,-24.40218],[-49.23546,-24.41104],[-49.25243,-24.43393],[-49.27513,-24.41723],[-49.31095,-24.42618],[-49.3588,-24.47724],[-49.42983,-24.50227],[-49.42952,-24.51602],[-49.45381,-24.52675],[-49.45467,-24.53696],[-49.47254,-24.54505],[-49.48806,-24.53412],[-49.50164,-24.60647],[-49.52333,-24.6103],[-49.52369,-24.57637],[-49.53921,-24.57201],[-49.55362,-24.58017],[-49.55962,-24.60443],[-49.59139,-24.62095],[-49.5917,-24.63629],[-49.64589,-24.64767],[-49.62921,-24.67984],[-49.57188,-24.66897],[-49.53055,-24.7135],[-49.5709,-24.79014],[-49.56272,-24.80666],[-49.53809,-24.81766],[-49.52888,-24.86134],[-49.51018,-24.87471],[-49.49859,-24.90445],[-49.53945,-24.91652],[-49.54876,-24.94054],[-49.57289,-24.93983],[-49.57676,-24.96376],[-49.60214,-24.98698],[-49.61734,-24.97973],[-49.63784,-25.00515],[-49.66713,-25.00216],[-49.68677,-25.02066],[-49.71062,-25.02387],[-49.7015,-25.0439],[-49.73957,-25.06348],[-49.73343,-25.12335],[-49.68043,-25.16791],[-49.71253,-25.21722],[-49.74751,-25.22128],[-49.77792,-25.19511],[-49.81445,-25.22756],[-49.8545,-25.23458],[-49.75701,-25.36074],[-49.74088,-25.367],[-49.74854,-25.40009],[-49.74039,-25.41513],[-49.75348,-25.44641],[-49.76666,-25.4505],[-49.76715,-25.46878],[-49.80241,-25.5032],[-49.80219,-25.55122],[-49.84361,-25.54722],[-49.8529,-25.55502],[-49.87695,-25.5444],[-49.89091,-25.55402],[-49.87593,-25.56218],[-49.87919,-25.57171],[-49.8932,-25.5776],[-49.89453,-25.56682],[-49.91127,-25.56998],[-49.91683,-25.55699],[-49.91724,-25.57723],[-49.90605,-25.58486],[-49.93787,-25.60877],[-49.95765,-25.6016],[-49.97684,-25.60817],[-49.97672,-25.59609],[-49.9921,-25.61126],[-50.01599,-25.59906],[-50.03082,-25.61038],[-50.02874,-25.6296],[-50.06405,-25.65196],[-50.07444,-25.63445],[-50.09532,-25.63535],[-50.0865,-25.65148],[-50.09695,-25.65301],[-50.09884,-25.66708],[-50.10918,-25.65792],[-50.11435,-25.66671],[-50.13575,-25.66051],[-50.12954,-25.66778],[-50.15134,-25.68907],[-50.12174,-25.70928],[-50.15443,-25.72691],[-50.15404,-25.75358],[-50.18979,-25.76474],[-50.18208,-25.79032],[-50.21025,-25.78833],[-50.23566,-25.81451],[-50.23268,-25.83044],[-50.25328,-25.84085],[-50.26824,-25.83679],[-50.26855,-25.80512],[-50.29434,-25.7915],[-50.30824,-25.75675],[-50.32331,-25.75921],[-50.33807,-25.74323],[-50.34555,-25.75006],[-50.36152,-25.72945],[-50.39811,-25.74976],[-50.41582,-25.71999],[-50.4495,-25.72265],[-50.48362,-25.74228],[-50.51466,-25.73278],[-50.53845,-25.75813],[-50.59319,-25.75982],[-50.6085,-25.81835],[-50.62653,-25.80715],[-50.62146,-25.81649],[-50.63328,-25.81458],[-50.63271,-25.82961],[-50.60127,-25.86366],[-50.61484,-25.86909],[-50.62727,-25.8476],[-50.64481,-25.85014],[-50.65701,-25.87696],[-50.67791,-25.87593],[-50.67348,-25.904],[-50.65752,-25.92039],[-50.67222,-25.95988],[-50.65835,-25.97823],[-50.66328,-25.99098],[-50.62079,-26.05212],[-50.63422,-26.05489],[-50.62851,-26.06283],[-50.65616,-26.10081],[-50.65018,-26.1325],[-50.72987,-26.20338],[-50.71562,-26.24458],[-50.74593,-26.24677],[-50.74775,-26.22656],[-50.76266,-26.22204],[-50.82774,-26.24816],[-50.83559,-26.27107],[-50.87023,-26.24201],[-50.88196,-26.27927],[-50.89974,-26.28927],[-50.90929,-26.28369],[-50.9095,-26.24944],[-50.93251,-26.23449],[-50.94356,-26.24384],[-50.93155,-26.2685],[-50.9471,-26.28169],[-50.97131,-26.26134],[-50.97304,-26.2462],[-51.00107,-26.23034],[-51.05685,-26.2439],[-51.07887,-26.22743],[-51.10181,-26.27267],[-51.13536,-26.28592],[-51.1484,-26.27877],[-51.19234,-26.3018],[-51.20683,-26.29623],[-51.21582,-26.31595],[-51.2565,-26.34411],[-51.25114,-26.37373],[-51.30039,-26.41769],[-51.27351,-26.44571],[-51.27481,-26.45929],[-51.2532,-26.46205],[-51.27317,-26.4983],[-51.24693,-26.53802],[-51.22518,-26.54858],[-51.22766,-26.56406],[-51.21567,-26.56708],[-51.23886,-26.62786],[-51.27688,-26.63568],[-51.2834,-26.65363],[-51.34703,-26.64859],[-51.39113,-26.66325],[-51.40491,-26.67558],[-51.39287,-26.69889],[-51.41148,-26.71712],[-51.40732,-26.70062],[-51.43535,-26.68818],[-51.45488,-26.64066],[-51.46884,-26.62124],[-51.48753,-26.62318],[-51.48003,-26.60596],[-51.51089,-26.58106],[-51.52917,-26.5093]]]}},{"type":"Feature","id":"cep2-85","properties":{"postal_code_id":"cep2-85","postal_codes":["85"],"first_digits":["8"],"states":["PR"]},"geometry":{"type":"Polygon","coordinates":[[[-53.84982,-25.88374],[-53.82357,-25.87251],[-53.84472,-25.85765],[-53.83421,-25.85032],[-53.84917,-25.83513],[-53.83839,-25.81632],[-53.81959,-25.81224],[-53.82851,-25.80808],[-53.82227,-25.79243],[-53.84305,-25.7909],[-53.83092,-25.78084],[-53.8569,-25.76593],[-53.83674,-25.74878],[-53.8665,-25.74397],[-53.85902,-25.72323],[-53.87851,-25.70693],[-53.86602,-25.70609],[-53.87354,-25.69454],[-53.85562,-25.70763],[-53.85515,-25.69149],[-53.8431,-25.68662],[-53.85674,-25.68322],[-53.86249,-25.65861],[-53.88787,-25.66191],[-53.88127,-25.64648],[-53.89549,-25.64243],[-53.8929,-25.62228],[-53.91231,-25.63625],[-53.9215,-25.62971],[-53.91638,-25.61652],[-53.93181,-25.62263],[-53.94326,-25.61103],[-53.95392,-25.62317],[-53.94507,-25.63102],[-53.95211,-25.64702],[-53.96174,-25.64366],[-53.97763,-25.60436],[-53.97026,-25.60094],[-54.02021,-25.56331],[-54.04534,-25.58516],[-54.07981,-25.55809],[-54.09131,-25.617],[-54.10182,-25.61806],[-54.12342,-25.56809],[-54.09486,-25.49799],[-54.11573,-25.49854],[-54.16311,-25.54261],[-54.19711,-25.53505],[-54.20638,-25.54174],[-54.20746,-25.55456],[-54.17827,-25.56772],[-54.17643,-25.58443],[-54.23704,-25.56732],[-54.23431,-25.59084],[-54.24561,-25.59756],[-54.28832,-25.55441],[-54.32891,-25.5719],[-54.34548,-25.60491],[-54.38413,-25.59655],[-54.38893,-25.62451],[-54.4253,-25.6589],[-54.42387,-25.69287],[-54.43524,-25.6969],[-54.44529,-25.66568],[-54.4926,-25.61837],[-54.50246,-25.61443],[-54.52215,-25.6283],[-54.53607,-25.62072],[-54.53559,-25.59772],[-54.55289,-25.58815],[-54.59352,-25.59225],[-54.60367,-25.48246],[-54.61721,-25.47056],[-54.61909,-25.4507],[-54.60257,-25.43804],[-54.58641,-25.39658],[-54.50165,-25.29725],[-54.46171,-25.18653],[-54.44783,-25.16878],[-54.42686,-25.16545],[-54.42489,-25.15327],[-54.45952,-25.10206],[-54.46309,-25.05499],[-54.38993,-24.77728],[-54.34173,-24.71413],[-54.32764,-24.67423],[-54.31851,-24.59029],[-54.33611,-24.50802],[-54.32651,-24.46517],[-54.26162,-24.37503],[-54.25782,-24.35527],[-54.27744,-24.29144],[-54.32257,-24.25166],[-54.33068,-24.23027],[-54.32753,-24.1964],[-54.34558,-24.15705],[-54.34333,-24.13313],[-54.28623,-24.06823],[-54.24946,-24.0559],[-54.16901,-23.99899],[-54.05583,-24.03655],[-54.01724,-24.01533],[-53.99841,-23.98571],[-53.97331,-23.98183],[-53.9638,-24.01396],[-53.98962,-24.06535],[-53.98863,-24.12671],[-53.94768,-24.11998],[-53.91038,-24.13819],[-53.92503,-24.1584],[-53.90148,-24.17857],[-53.85915,-24.19124],[-53.84509,-24.16776],[-53.80943,-24.18598],[-53.79833,-24.16863],[-53.74492,-24.14958],[-53.73513,-24.16622],[-53.74607,-24.18814],[-53.70901,-24.17905],[-53.69244,-24.20226],[-53.64988,-24.22031],[-53.636,-24.24328],[-53.59177,-24.24145],[-53.57289,-24.24821],[-53.57088,-24.2608],[-53.54673,-24.24372],[-53.52941,-24.24684],[-53.48884,-24.22989],[-53.48113,-24.21812],[-53.42475,-24.24163],[-53.3621,-24.25165],[-53.32085,-24.19839],[-53.30465,-24.1983],[-53.29689,-24.18202],[-53.28129,-24.1837],[-53.27465,-24.17527],[-53.28326,-24.16485],[-53.26151,-24.17292],[-53.2402,-24.16639],[-53.28965,-24.30633],[-53.27438,-24.31793],[-53.2748,-24.33769],[-53.24717,-24.32901],[-53.22259,-24.3552],[-53.2102,-24.34178],[-53.19738,-24.34477],[-53.19283,-24.35886],[-53.1671,-24.36391],[-53.15932,-24.39469],[-53.1319,-24.39236],[-53.12364,-24.40562],[-53.10745,-24.39358],[-53.09135,-24.39966],[-53.08664,-24.39],[-53.06301,-24.40597],[-53.05851,-24.39033],[-53.05081,-24.39629],[-53.04401,-24.38321],[-52.97501,-24.34684],[-52.97516,-24.41264],[-52.88526,-24.42317],[-52.87316,-24.50974],[-52.88586,-24.5184],[-52.87969,-24.52735],[-52.89458,-24.53583],[-52.90304,-24.52888],[-52.91117,-24.54347],[-52.89963,-24.54544],[-52.91948,-24.56152],[-52.90147,-24.56914],[-52.92197,-24.5702],[-52.92252,-24.58445],[-52.93479,-24.57674],[-52.93958,-24.58333],[-52.91644,-24.60072],[-52.94398,-24.60465],[-52.95053,-24.64135],[-52.9707,-24.64238],[-52.9536,-24.65727],[-52.97591,-24.65265],[-52.96506,-24.66482],[-52.97987,-24.65905],[-52.98558,-24.68751],[-52.95126,-24.68368],[-52.96151,-24.72055],[-52.9482,-24.72383],[-52.94334,-24.70808],[-52.90225,-24.72448],[-52.92259,-24.73383],[-52.92278,-24.75846],[-52.90782,-24.76356],[-52.87753,-24.75128],[-52.86007,-24.75856],[-52.86123,-24.73581],[-52.82542,-24.74148],[-52.83919,-24.73137],[-52.82553,-24.72272],[-52.80183,-24.74429],[-52.8017,-24.72449],[-52.81511,-24.71726],[-52.79698,-24.72076],[-52.77014,-24.7512],[-52.75156,-24.72808],[-52.75225,-24.74675],[-52.741,-24.7367],[-52.72945,-24.74812],[-52.72058,-24.74148],[-52.69246,-24.75258],[-52.70697,-24.7682],[-52.70134,-24.77919],[-52.68651,-24.7575],[-52.66655,-24.77378],[-52.62494,-24.77593],[-52.63244,-24.7598],[-52.60318,-24.76848],[-52.61689,-24.77003],[-52.5925,-24.78428],[-52.5938,-24.7667],[-52.56722,-24.76102],[-52.54094,-24.76977],[-52.54349,-24.74937],[-52.53773,-24.76303],[-52.52087,-24.76706],[-52.50158,-24.74754],[-52.49232,-24.75148],[-52.49718,-24.74286],[-52.48321,-24.73412],[-52.47386,-24.75056],[-52.43807,-24.74766],[-52.43728,-24.73641],[-52.42766,-24.73736],[-52.43898,-24.73001],[-52.42124,-24.72617],[-52.43614,-24.72053],[-52.43135,-24.70367],[-52.4066,-24.72968],[-52.36919,-24.70699],[-52.37126,-24.69354],[-52.32597,-24.68063],[-52.32077,-24.66242],[-52.28957,-24.66016],[-52.22942,-24.62347],[-52.20825,-24.61765],[-52.17335,-24.63241],[-52.13401,-24.62507],[-52.11273,-24.60115],[-52.07953,-24.59079],[-52.07537,-24.56953],[-52.06236,-24.57574],[-52.04754,-24.56672],[-52.04187,-24.53517],[-52.05199,-24.52894],[-52.02746,-24.50757],[-52.0407,-24.50021],[-52.01382,-24.48358],[-52.03323,-24.45788],[-52.02183,-24.44908],[-52.03751,-24.444],[-52.01777,-24.44447],[-52.01667,-24.43668],[-52.02601,-24.43622],[-52.0384,-24.40673],[-52.0233,-24.41186],[-52.01159,-24.39343],[-52.02234,-24.38367],[-52.00422,-24.37676],[-52.0159,-24.36301],[-52.00413,-24.35644],[-51.98833,-24.36828],[-52.00651,-24.3442],[-51.99282,-24.34125],[-52.00097,-24.33249],[-51.98266,-24.32029],[-51.99725,-24.31013],[-51.99444,-24.29793],[-51.98257,-24.30489],[-51.98368,-24.2842],[-51.99862,-24.28446],[-51.98515,-24.28073],[-51.99203,-24.27135],[-51.9711,-24.27342],[-51.97153,-24.25982],[-51.96032,-24.25592],[-51.97686,-24.25155],[-51.9482,-24.24285],[-51.94997,-24.25907],[-51.9237,-24.26096],[-51.93861,-24.27192],[-51.92489,-24.28901],[-51.93851,-24.28767],[-51.9314,-24.31036],[-51.9145,-24.30685],[-51.92976,-24.31685],[-51.92625,-24.3247],[-51.90508,-24.3342],[-51.90968,-24.34555],[-51.89377,-24.36549],[-51.88788,-24.35874],[-51.88179,-24.36553],[-51.89652,-24.37002],[-51.88774,-24.38329],[-51.89797,-24.39242],[-51.85571,-24.40927],[-51.84553,-24.43592],[-51.8085,-24.45831],[-51.81586,-24.47039],[-51.80105,-24.46366],[-51.79164,-24.47331],[-51.78972,-24.49425],[-51.77836,-24.50765],[-51.76462,-24.50639],[-51.77261,-24.51832],[-51.75711,-24.52911],[-51.7477,-24.5675],[-51.72159,-24.60097],[-51.69868,-24.58406],[-51.66114,-24.58385],[-51.60423,-24.55552],[-51.57234,-24.55641],[-51.55633,-24.57346],[-51.53369,-24.55335],[-51.50502,-24.57502],[-51.46843,-24.55462],[-51.45143,-24.5571],[-51.46527,-24.57619],[-51.45487,-24.58109],[-51.46382,-24.5971],[-51.50218,-24.62739],[-51.4966,-24.6363],[-51.4761,-24.62056],[-51.46865,-24.65437],[-51.4544,-24.65468],[-51.44282,-24.67148],[-51.44638,-24.68664],[-51.42074,-24.69263],[-51.43685,-24.70279],[-51.41674,-24.72216],[-51.4106,-24.75543],[-51.39485,-24.76428],[-51.38143,-24.75494],[-51.37394,-24.77255],[-51.36388,-24.75944],[-51.33323,-24.75963],[-51.31641,-24.78372],[-51.35219,-24.79137],[-51.34681,-24.79778],[-51.36551,-24.80719],[-51.36868,-24.83624],[-51.38225,-24.84368],[-51.36395,-24.86395],[-51.39434,-24.87875],[-51.40961,-24.91941],[-51.38778,-24.92268],[-51.38415,-24.93716],[-51.36741,-24.94383],[-51.3425,-24.93938],[-51.32742,-24.9563],[-51.33715,-24.97426],[-51.32496,-24.98134],[-51.32549,-25.02098],[-51.29749,-25.06349],[-51.2878,-25.05887],[-51.26577,-25.07389],[-51.2908,-25.04514],[-51.26167,-25.0304],[-51.28507,-25.0177],[-51.25513,-25.01972],[-51.25644,-24.98643],[-51.24713,-25.00267],[-51.23615,-25.00109],[-51.25957,-25.05335],[-51.2307,-25.06073],[-51.24485,-25.06445],[-51.22708,-25.08208],[-51.24054,-25.09298],[-51.24538,-25.10765],[-51.23444,-25.12217],[-51.24959,-25.12516],[-51.24646,-25.13479],[-51.22435,-25.13601],[-51.23227,-25.15695],[-51.21592,-25.15394],[-51.20125,-25.17428],[-51.17633,-25.17582],[-51.20171,-25.20554],[-51.20688,-25.1974],[-51.21577,-25.2051],[-51.20428,-25.2196],[-51.18905,-25.2122],[-51.15703,-25.23206],[-51.20609,-25.23307],[-51.17847,-25.25049],[-51.19192,-25.25334],[-51.18439,-25.26838],[-51.19741,-25.26684],[-51.2003,-25.29935],[-51.20893,-25.28858],[-51.20917,-25.29859],[-51.21932,-25.2977],[-51.19548,-25.33185],[-51.18494,-25.32093],[-51.15617,-25.35255],[-51.16221,-25.34214],[-51.1453,-25.32578],[-51.13922,-25.34731],[-51.12824,-25.34511],[-51.11665,-25.34881],[-51.13592,-25.34732],[-51.1351,-25.36811],[-51.15791,-25.36838],[-51.15723,-25.38162],[-51.1375,-25.37939],[-51.13958,-25.39611],[-51.1505,-25.39318],[-51.16782,-25.41176],[-51.1264,-25.41101],[-51.14679,-25.43191],[-51.12712,-25.43356],[-51.12174,-25.45408],[-51.11195,-25.44878],[-51.1116,-25.42521],[-51.09714,-25.42895],[-51.08983,-25.45048],[-51.10959,-25.47235],[-51.13517,-25.47594],[-51.1391,-25.49505],[-51.12666,-25.49804],[-51.14512,-25.50998],[-51.14378,-25.52317],[-51.12357,-25.52106],[-51.09226,-25.55333],[-50.9876,-25.5751],[-51.00706,-25.60325],[-50.9818,-25.61937],[-50.98954,-25.64491],[-50.95814,-25.68492],[-50.98086,-25.66619],[-50.9949,-25.67816],[-51.01123,-25.67483],[-51.02007,-25.70577],[-51.06557,-25.69681],[-51.11648,-25.72028],[-51.12966,-25.76609],[-51.17704,-25.74563],[-51.17032,-25.7572],[-51.1864,-25.75879],[-51.18326,-25.76982],[-51.20545,-25.76519],[-51.20104,-25.77403],[-51.21799,-25.77254],[-51.23524,-25.78793],[-51.24912,-25.77844],[-51.24751,-25.79917],[-51.25784,-25.80665],[-51.28169,-25.79164],[-51.29322,-25.83073],[-51.32182,-25.82645],[-51.32277,-25.84613],[-51.34952,-25.8785],[-51.36802,-25.88418],[-51.35543,-25.89207],[-51.38062,-25.89448],[-51.37013,-25.91779],[-51.38485,-25.91884],[-51.38148,-25.93411],[-51.40547,-25.9329],[-51.40813,-25.94769],[-51.42188,-25.92076],[-51.43796,-25.92562],[-51.43221,-25.94075],[-51.44924,-25.95139],[-51.47299,-25.94292],[-51.47783,-25.92146],[-51.50285,-25.94272],[-51.50094,-25.95452],[-51.51174,-25.95164],[-51.51186,-25.96335],[-51.54152,-25.96539],[-51.55047,-25.98691],[-51.58124,-25.97672],[-51.58424,-25.99833],[-51.64319,-25.99738],[-51.66769,-26.01029],[-51.70963,-25.97807],[-51.68072,-25.92691],[-51.69532,-25.91558],[-51.72374,-25.9339],[-51.74305,-25.9707],[-51.73106,-25.98678],[-51.74005,-25.99423],[-51.72338,-26.00641],[-51.73848,-26.04896],[-51.69545,-26.09593],[-51.69759,-26.11232],[-51.71392,-26.12236],[-51.75549,-26.12216],[-51.75184,-26.14024],[-51.7704,-26.14006],[-51.7753,-26.16201],[-51.74425,-26.16225],[-51.74077,-26.17259],[-51.77075,-26.18801],[-51.77323,-26.20853],[-51.78883,-26.20521],[-51.79796,-26.18837],[-51.82141,-26.19535],[-51.8089,-26.20068],[-51.81019,-26.22662],[-51.77623,-26.22345],[-51.77532,-26.25741],[-51.74495,-26.25137],[-51.74046,-26.26522],[-51.69389,-26.24516],[-51.68261,-26.28734],[-51.67979,-26.269],[-51.64379,-26.2653],[-51.62895,-26.29017],[-51.57711,-26.29374],[-51.6058,-26.32669],[-51.58669,-26.3214],[-51.57788,-26.32963],[-51.57269,-26.35001],[-51.58923,-26.35626],[-51.55977,-26.37666],[-51.57717,-26.39586],[-51.54024,-26.39234],[-51.55294,-26.4134],[-51.51631,-26.47576],[-51.52917,-26.5093],[-51.51089,-26.58106],[-51.53561,-26.5918],[-51.63248,-26.58724],[-51.672,-26.5652],[-51.69269,-26.58051],[-51.73764,-26.57299],[-51.78394,-26.58805],[-51.81355,-26.57748],[-51.87792,-26.59758],[-51.90029,-26.57928],[-51.92833,-26.58437],[-51.94803,-26.56956],[-52.00877,-26.56656],[-52.03431,-26.53976],[-52.08135,-26.52511],[-52.11163,-26.47496],[-52.16669,-26.46498],[-52.18634,-26.44512],[-52.22981,-26.46704],[-52.26215,-26.45446],[-52.27696,-26.46124],[-52.30436,-26.4407],[-52.34096,-26.43526],[-52.37742,-26.44096],[-52.40309,-26.42823],[-52.46361,-26.4396],[-52.47803,-26.42085],[-52.52323,-26.3996],[-52.59583,-26.41606],[-52.68019,-26.35273],[-52.71732,-26.35741],[-52.73776,-26.34218],[-52.76278,-26.35356],[-52.84693,-26.34441],[-52.86633,-26.35816],[-52.93766,-26.36221],[-52.9832,-26.34574],[-53.04607,-26.3812],[-53.09323,-26.39202],[-53.09327,-26.38248],[-53.12722,-26.37226],[-53.1444,-26.34478],[-53.18275,-26.34451],[-53.26445,-26.28902],[-53.27968,-26.24682],[-53.30486,-26.26053],[-53.37607,-26.24161],[-53.46166,-26.29632],[-53.47245,-26.2897],[-53.49583,-26.3028],[-53.55376,-26.29245],[-53.58227,-26.2723],[-53.58629,-26.25587],[-53.6257,-26.26257],[-53.63895,-26.25079],[-53.65352,-26.23511],[-53.64117,-26.21553],[-53.65031,-26.19474],[-53.70007,-26.15283],[-53.71031,-26.13056],[-53.7406,-26.11778],[-53.73987,-26.08276],[-53.72668,-26.06463],[-53.73402,-26.04296],[-53.76333,-26.03629],[-53.80472,-25.98436],[-53.81795,-25.9898],[-53.81901,-25.97637],[-53.83682,-25.96986],[-53.82985,-25.96373],[-53.84215,-25.93222],[-53.83397,-25.92151],[-53.8198,-25.9264],[-53.81895,-25.91232],[-53.83186,-25.90629],[-53.81996,-25.89721],[-53.84982,-25.88374]]]}},{"type":"Feature","id":"cep2-86","properties":{"postal_code_id":"cep2-86","postal_codes":["86"],"first_digits":["8"],"states":["PR"]},"geometry":{"type":"Polygon","coordinates":[[[-51.85571,-24.40927],[-51.89797,-24.39242],[-51.88774,-24.38329],[-51.89652,-24.37002],[-51.88179,-24.36553],[-51.88788,-24.35874],[-51.89377,-24.36549],[-51.90968,-24.34555],[-51.90508,-24.3342],[-51.92625,-24.3247],[-51.92976,-24.31685],[-51.9145,-24.30685],[-51.9314,-24.31036],[-51.93851,-24.28767],[-51.92489,-24.28901],[-51.93861,-24.27192],[-51.9237,-24.26096],[-51.94997,-24.25907],[-51.9482,-24.24285],[-51.96916,-24.22978],[-51.9493,-24.22499],[-51.97112,-24.20637],[-51.97892,-24.22743],[-51.99395,-24.20317],[-51.99641,-24.21728],[-52.00521,-24.20715],[-52.01483,-24.2119],[-52.0066,-24.21648],[-52.02186,-24.21888],[-52.02527,-24.23264],[-52.04247,-24.21611],[-52.0538,-24.23217],[-52.05563,-24.22274],[-52.13485,-24.2211],[-52.15691,-24.19937],[-52.22212,-24.19319],[-52.23285,-24.17129],[-52.19915,-24.13971],[-52.2076,-24.10631],[-52.18322,-24.01519],[-52.15672,-23.98674],[-52.16307,-23.98133],[-52.12617,-23.96007],[-52.11699,-23.96409],[-52.14594,-23.94161],[-52.09262,-23.87401],[-52.08166,-23.87993],[-52.07383,-23.87151],[-52.07165,-23.85273],[-52.04929,-23.83212],[-52.05251,-23.81575],[-52.03263,-23.81697],[-52.01621,-23.79181],[-51.97624,-23.797],[-51.91634,-23.72412],[-51.9217,-23.71022],[-51.9316,-23.71464],[-51.96433,-23.69513],[-51.95594,-23.67547],[-51.94462,-23.68412],[-51.93518,-23.65158],[-51.95805,-23.62076],[-52.01287,-23.62134],[-52.00919,-23.63278],[-52.03189,-23.63464],[-52.02846,-23.65311],[-52.05328,-23.66165],[-52.06153,-23.6508],[-52.0345,-23.6227],[-52.02774,-23.58879],[-51.97978,-23.53182],[-51.98356,-23.51957],[-51.97042,-23.52074],[-51.9692,-23.50714],[-51.93011,-23.47581],[-51.91166,-23.4771],[-51.92335,-23.50052],[-51.90965,-23.51024],[-51.92866,-23.53484],[-51.91218,-23.56098],[-51.9017,-23.5576],[-51.87915,-23.52411],[-51.85332,-23.51113],[-51.84538,-23.44505],[-51.82467,-23.45975],[-51.80659,-23.44475],[-51.79725,-23.40899],[-51.81858,-23.39291],[-51.8435,-23.39343],[-51.83927,-23.35904],[-51.85082,-23.355],[-51.85044,-23.33461],[-51.83581,-23.32104],[-51.84224,-23.31141],[-51.85291,-23.31674],[-51.87079,-23.30371],[-51.86863,-23.28787],[-51.89232,-23.30488],[-51.96567,-23.25398],[-51.96974,-23.24037],[-51.95824,-23.23043],[-51.97574,-23.20252],[-51.95916,-23.17925],[-51.96254,-23.16162],[-51.9918,-23.13982],[-51.99007,-23.12073],[-52.00591,-23.13059],[-52.00398,-23.11078],[-52.01832,-23.1003],[-52.01162,-23.06667],[-52.02745,-23.07586],[-52.03379,-23.05381],[-52.01874,-23.044],[-52.02221,-23.02985],[-52.03684,-23.03664],[-52.02374,-23.0022],[-52.03935,-22.9773],[-52.03279,-22.96783],[-52.04385,-22.97057],[-52.04249,-22.94931],[-52.05881,-22.95317],[-52.06793,-22.92321],[-52.10105,-22.91048],[-52.06619,-22.87689],[-52.07766,-22.86674],[-52.08499,-22.81956],[-52.07727,-22.82264],[-52.0704,-22.79637],[-52.08788,-22.79004],[-52.08863,-22.76966],[-52.05379,-22.75346],[-52.04901,-22.7053],[-52.05788,-22.69502],[-52.0334,-22.6773],[-52.03163,-22.65782],[-52.01063,-22.64883],[-51.9969,-22.61704],[-52.00967,-22.60535],[-52.00371,-22.58116],[-52.02835,-22.53951],[-51.94051,-22.56734],[-51.86556,-22.63117],[-51.75162,-22.61808],[-51.73304,-22.62861],[-51.71817,-22.66902],[-51.62788,-22.65824],[-51.55957,-22.69718],[-51.4989,-22.69053],[-51.44641,-22.65295],[-51.40202,-22.66791],[-51.37365,-22.65813],[-51.31184,-22.67354],[-51.2652,-22.6677],[-51.22834,-22.71602],[-51.14958,-22.75505],[-51.05761,-22.76606],[-51.00438,-22.79371],[-50.96162,-22.78623],[-50.94459,-22.80466],[-50.89533,-22.7943],[-50.84239,-22.8314],[-50.81701,-22.87954],[-50.79295,-22.89435],[-50.80615,-22.9403],[-50.79593,-22.95118],[-50.75866,-22.94765],[-50.73637,-22.96335],[-50.71308,-22.95599],[-50.68208,-22.9062],[-50.66355,-22.89567],[-50.61272,-22.92255],[-50.57724,-22.90401],[-50.54049,-22.91213],[-50.51102,-22.94464],[-50.48274,-22.93693],[-50.42571,-22.94419],[-50.41895,-22.91393],[-50.37907,-22.90541],[-50.35925,-22.91606],[-50.34019,-22.94807],[-50.32331,-22.95127],[-50.27557,-22.9316],[-50.24761,-22.9378],[-50.24325,-22.95098],[-50.18508,-22.954],[-50.15299,-22.93562],[-50.11541,-22.93979],[-50.09283,-22.9225],[-50.07155,-22.92812],[-50.0438,-22.90262],[-49.99487,-22.92972],[-49.99845,-22.90355],[-49.98616,-22.8975],[-49.96138,-22.93086],[-49.97253,-22.95854],[-49.9545,-22.97842],[-49.89959,-23.00201],[-49.91627,-23.03642],[-49.9116,-23.05112],[-49.86742,-23.07169],[-49.83366,-23.06594],[-49.78918,-23.10335],[-49.74024,-23.09917],[-49.72555,-23.10944],[-49.73491,-23.13289],[-49.72813,-23.14309],[-49.69849,-23.16431],[-49.67832,-23.16506],[-49.68327,-23.17361],[-49.65375,-23.21204],[-49.6471,-23.25171],[-49.62715,-23.28177],[-49.62169,-23.33189],[-49.63758,-23.35034],[-49.61181,-23.35465],[-49.59099,-23.38135],[-49.59247,-23.38957],[-49.62061,-23.38872],[-49.62101,-23.39742],[-49.60715,-23.39338],[-49.60252,-23.40847],[-49.5796,-23.41507],[-49.58179,-23.42895],[-49.56915,-23.42546],[-49.56993,-23.44199],[-49.58878,-23.43578],[-49.60326,-23.45252],[-49.60329,-23.47842],[-49.61557,-23.4735],[-49.62138,-23.49333],[-49.6137,-23.51013],[-49.62937,-23.51183],[-49.62422,-23.5233],[-49.63834,-23.53961],[-49.67411,-23.55539],[-49.706,-23.55009],[-49.85258,-23.56717],[-49.8719,-23.58061],[-49.87732,-23.60684],[-49.89096,-23.60743],[-49.98475,-23.58993],[-50.03842,-23.54869],[-50.05324,-23.55199],[-50.08278,-23.53709],[-50.09236,-23.56561],[-50.07098,-23.56649],[-50.08964,-23.59217],[-50.08096,-23.6085],[-50.06647,-23.61131],[-50.08444,-23.6342],[-50.06857,-23.63202],[-50.04919,-23.65134],[-50.06311,-23.64714],[-50.05667,-23.66101],[-50.06515,-23.66907],[-50.07186,-23.66403],[-50.09925,-23.68042],[-50.137,-23.68288],[-50.14834,-23.66933],[-50.18249,-23.68176],[-50.19388,-23.66668],[-50.17528,-23.63373],[-50.1955,-23.59761],[-50.19277,-23.57041],[-50.20439,-23.56546],[-50.3876,-23.59892],[-50.39601,-23.62193],[-50.40971,-23.61803],[-50.40575,-23.63246],[-50.41102,-23.62212],[-50.41989,-23.62313],[-50.4173,-23.63532],[-50.43045,-23.62564],[-50.44092,-23.65909],[-50.42131,-23.67765],[-50.41902,-23.70641],[-50.42918,-23.72778],[-50.44309,-23.72688],[-50.43395,-23.73709],[-50.44411,-23.74833],[-50.46178,-23.7313],[-50.46001,-23.75005],[-50.4824,-23.7445],[-50.52217,-23.76403],[-50.58541,-23.73589],[-50.6201,-23.78192],[-50.63039,-23.77873],[-50.62574,-23.80047],[-50.64391,-23.82111],[-50.67427,-23.81196],[-50.68791,-23.82266],[-50.73329,-23.82336],[-50.77311,-23.87134],[-50.79361,-23.88067],[-50.81547,-23.87627],[-50.84367,-23.89444],[-50.85742,-23.86842],[-50.89578,-23.84019],[-50.88609,-23.80586],[-50.89903,-23.7956],[-50.91022,-23.80644],[-50.90292,-23.81689],[-50.93717,-23.81882],[-50.94568,-23.85307],[-50.96306,-23.84969],[-50.95548,-23.87189],[-50.9634,-23.88497],[-50.94984,-23.88517],[-50.95241,-23.89469],[-50.9994,-23.90063],[-51.01711,-23.91955],[-51.02799,-23.90887],[-51.07144,-23.91735],[-51.0815,-23.90702],[-51.09167,-23.93226],[-51.11358,-23.94337],[-51.10944,-23.9684],[-51.09544,-23.97725],[-51.09856,-24.02935],[-51.08176,-24.04349],[-51.08604,-24.0733],[-51.10386,-24.07215],[-51.11465,-24.08354],[-51.13379,-24.06921],[-51.15603,-24.07322],[-51.15259,-24.08194],[-51.17235,-24.08022],[-51.16605,-24.09711],[-51.17731,-24.09064],[-51.17795,-24.101],[-51.21768,-24.10569],[-51.22553,-24.08557],[-51.24408,-24.09468],[-51.25661,-24.0893],[-51.26774,-24.10948],[-51.2929,-24.09541],[-51.29594,-24.10517],[-51.28529,-24.10937],[-51.30461,-24.11428],[-51.29931,-24.12952],[-51.34948,-24.13173],[-51.34817,-24.11528],[-51.37254,-24.14258],[-51.35778,-24.15829],[-51.34193,-24.14887],[-51.34007,-24.15894],[-51.32203,-24.1628],[-51.31968,-24.17991],[-51.30159,-24.18568],[-51.29373,-24.1752],[-51.28954,-24.19471],[-51.24068,-24.22045],[-51.20937,-24.20795],[-51.22024,-24.21597],[-51.20729,-24.22303],[-51.21262,-24.23932],[-51.18166,-24.25278],[-51.18104,-24.26247],[-51.16523,-24.24954],[-51.15109,-24.25188],[-51.15253,-24.26128],[-51.13156,-24.26811],[-51.13518,-24.28162],[-51.12364,-24.27454],[-51.10523,-24.29388],[-51.09556,-24.28863],[-51.10175,-24.30201],[-51.11623,-24.30078],[-51.09618,-24.32183],[-51.10665,-24.32521],[-51.10451,-24.34862],[-51.08434,-24.34121],[-51.09006,-24.34739],[-51.07793,-24.35226],[-51.0899,-24.35794],[-51.08098,-24.36367],[-51.09534,-24.40328],[-51.14359,-24.44057],[-51.13901,-24.46811],[-51.30348,-24.41118],[-51.32863,-24.42204],[-51.3352,-24.4085],[-51.34729,-24.43335],[-51.36124,-24.4275],[-51.37951,-24.43904],[-51.41762,-24.41713],[-51.41898,-24.40413],[-51.46938,-24.39489],[-51.46821,-24.4117],[-51.45121,-24.40487],[-51.4444,-24.41182],[-51.46179,-24.44335],[-51.48038,-24.42847],[-51.47318,-24.44935],[-51.48704,-24.45598],[-51.45132,-24.46859],[-51.45615,-24.5129],[-51.47301,-24.52855],[-51.45049,-24.52974],[-51.47906,-24.56392],[-51.50502,-24.57502],[-51.53369,-24.55335],[-51.55633,-24.57346],[-51.57234,-24.55641],[-51.60423,-24.55552],[-51.66114,-24.58385],[-51.69868,-24.58406],[-51.72159,-24.60097],[-51.7477,-24.5675],[-51.75711,-24.52911],[-51.77261,-24.51832],[-51.76462,-24.50639],[-51.77836,-24.50765],[-51.80105,-24.46366],[-51.81586,-24.47039],[-51.8085,-24.45831],[-51.84553,-24.43592],[-51.85571,-24.40927]]]}},{"type":"Feature","id":"cep2-87","properties":{"postal_code_id":"cep2-87","postal_codes":["87"],"first_digits":["8"],"states":["PR"]},"geometry":{"type":"Polygon","coordinates":[[[-53.09135,-24.39966],[-53.10745,-24.39358],[-53.12364,-24.40562],[-53.1319,-24.39236],[-53.15932,-24.39469],[-53.1671,-24.36391],[-53.19283,-24.35886],[-53.19738,-24.34477],[-53.2102,-24.34178],[-53.22259,-24.3552],[-53.24717,-24.32901],[-53.2748,-24.33769],[-53.27438,-24.31793],[-53.28965,-24.30633],[-53.2402,-24.16639],[-53.26151,-24.17292],[-53.28326,-24.16485],[-53.27465,-24.17527],[-53.28129,-24.1837],[-53.29689,-24.18202],[-53.30465,-24.1983],[-53.32085,-24.19839],[-53.3621,-24.25165],[-53.42475,-24.24163],[-53.48113,-24.21812],[-53.48884,-24.22989],[-53.52941,-24.24684],[-53.54673,-24.24372],[-53.57088,-24.2608],[-53.57289,-24.24821],[-53.59177,-24.24145],[-53.636,-24.24328],[-53.64988,-24.22031],[-53.69244,-24.20226],[-53.70901,-24.17905],[-53.74607,-24.18814],[-53.73513,-24.16622],[-53.74492,-24.14958],[-53.79833,-24.16863],[-53.80943,-24.18598],[-53.84509,-24.16776],[-53.85915,-24.19124],[-53.90148,-24.17857],[-53.92503,-24.1584],[-53.91038,-24.13819],[-53.94768,-24.11998],[-53.98863,-24.12671],[-53.98962,-24.06535],[-53.9638,-24.01396],[-53.97331,-23.98183],[-53.99841,-23.98571],[-54.01724,-24.01533],[-54.05583,-24.03655],[-54.16901,-23.99899],[-54.11755,-23.97133],[-54.08046,-23.89125],[-54.08811,-23.84453],[-54.08046,-23.7809],[-54.0519,-23.72114],[-54.05112,-23.68717],[-54.03086,-23.64606],[-54.02402,-23.58608],[-53.98738,-23.46661],[-53.97202,-23.44784],[-53.93205,-23.44595],[-53.81602,-23.38564],[-53.77596,-23.37534],[-53.74132,-23.33564],[-53.66033,-23.15446],[-53.63659,-23.12503],[-53.63412,-22.9985],[-53.60742,-22.95133],[-53.57077,-22.92849],[-53.54683,-22.8901],[-53.37979,-22.80443],[-53.35204,-22.77568],[-53.18537,-22.71873],[-53.10519,-22.62193],[-53.08779,-22.65844],[-52.98486,-22.57635],[-52.92474,-22.56562],[-52.85836,-22.608],[-52.81544,-22.59704],[-52.69711,-22.62701],[-52.58934,-22.5661],[-52.54538,-22.61174],[-52.50663,-22.63346],[-52.43763,-22.60685],[-52.31314,-22.63651],[-52.25041,-22.61543],[-52.2281,-22.64252],[-52.22258,-22.67554],[-52.15668,-22.64472],[-52.16097,-22.58945],[-52.1276,-22.51992],[-52.10921,-22.5163],[-52.02835,-22.53951],[-52.00371,-22.58116],[-52.00967,-22.60535],[-51.9969,-22.61704],[-52.01063,-22.64883],[-52.03163,-22.65782],[-52.0334,-22.6773],[-52.05788,-22.69502],[-52.04901,-22.7053],[-52.05379,-22.75346],[-52.08863,-22.76966],[-52.08788,-22.79004],[-52.0704,-22.79637],[-52.07727,-22.82264],[-52.08499,-22.81956],[-52.07766,-22.86674],[-52.06619,-22.87689],[-52.10105,-22.91048],[-52.06793,-22.92321],[-52.05881,-22.95317],[-52.04249,-22.94931],[-52.04385,-22.97057],[-52.03279,-22.96783],[-52.03935,-22.9773],[-52.02374,-23.0022],[-52.03684,-23.03664],[-52.02221,-23.02985],[-52.01874,-23.044],[-52.03379,-23.05381],[-52.02745,-23.07586],[-52.01162,-23.06667],[-52.01832,-23.1003],[-52.00398,-23.11078],[-52.00591,-23.13059],[-51.99007,-23.12073],[-51.9918,-23.13982],[-51.96254,-23.16162],[-51.95916,-23.17925],[-51.97574,-23.20252],[-51.95824,-23.23043],[-51.96974,-23.24037],[-51.96567,-23.25398],[-51.89232,-23.30488],[-51.86863,-23.28787],[-51.87079,-23.30371],[-51.85291,-23.31674],[-51.84224,-23.31141],[-51.83581,-23.32104],[-51.85044,-23.33461],[-51.85082,-23.355],[-51.83927,-23.35904],[-51.8435,-23.39343],[-51.81858,-23.39291],[-51.79725,-23.40899],[-51.80659,-23.44475],[-51.82467,-23.45975],[-51.84538,-23.44505],[-51.85332,-23.51113],[-51.87915,-23.52411],[-51.9017,-23.5576],[-51.91218,-23.56098],[-51.92866,-23.53484],[-51.90965,-23.51024],[-51.92335,-23.50052],[-51.91166,-23.4771],[-51.93011,-23.47581],[-51.9692,-23.50714],[-51.97042,-23.52074],[-51.98356,-23.51957],[-51.97978,-23.53182],[-52.02774,-23.58879],[-52.0345,-23.6227],[-52.06153,-23.6508],[-52.05328,-23.66165],[-52.02846,-23.65311],[-52.03189,-23.63464],[-52.00919,-23.63278],[-52.01287,-23.62134],[-51.95805,-23.62076],[-51.93518,-23.65158],[-51.94462,-23.68412],[-51.95594,-23.67547],[-51.96433,-23.69513],[-51.9316,-23.71464],[-51.9217,-23.71022],[-51.91634,-23.72412],[-51.97624,-23.797],[-52.01621,-23.79181],[-52.03263,-23.81697],[-52.05251,-23.81575],[-52.04929,-23.83212],[-52.07165,-23.85273],[-52.07383,-23.87151],[-52.08166,-23.87993],[-52.09262,-23.87401],[-52.14594,-23.94161],[-52.11699,-23.96409],[-52.12617,-23.96007],[-52.16307,-23.98133],[-52.15672,-23.98674],[-52.18322,-24.01519],[-52.2076,-24.10631],[-52.19915,-24.13971],[-52.23285,-24.17129],[-52.22212,-24.19319],[-52.15691,-24.19937],[-52.13485,-24.2211],[-52.07554,-24.2269],[-52.07616,-24.21855],[-52.05563,-24.22274],[-52.0538,-24.23217],[-52.04247,-24.21611],[-52.02527,-24.23264],[-52.02186,-24.21888],[-52.0066,-24.21648],[-52.01483,-24.2119],[-52.00521,-24.20715],[-51.99641,-24.21728],[-51.99395,-24.20317],[-51.97892,-24.22743],[-51.97112,-24.20637],[-51.9493,-24.22499],[-51.96916,-24.22978],[-51.95385,-24.24681],[-51.97686,-24.25155],[-51.96032,-24.25592],[-51.97153,-24.25982],[-51.9711,-24.27342],[-51.99203,-24.27135],[-51.98515,-24.28073],[-51.99862,-24.28446],[-51.98368,-24.2842],[-51.98257,-24.30489],[-51.99444,-24.29793],[-51.99725,-24.31013],[-51.98266,-24.32029],[-52.00097,-24.33249],[-51.99282,-24.34125],[-52.00651,-24.3442],[-51.98833,-24.36828],[-52.00413,-24.35644],[-52.0159,-24.36301],[-52.00422,-24.37676],[-52.02234,-24.38367],[-52.01159,-24.39343],[-52.0233,-24.41186],[-52.0384,-24.40673],[-52.02601,-24.43622],[-52.01667,-24.43668],[-52.01777,-24.44447],[-52.03751,-24.444],[-52.02183,-24.44908],[-52.03323,-24.45788],[-52.01382,-24.48358],[-52.0407,-24.50021],[-52.02746,-24.50757],[-52.05199,-24.52894],[-52.04187,-24.53517],[-52.04754,-24.56672],[-52.06236,-24.57574],[-52.07537,-24.56953],[-52.07953,-24.59079],[-52.11273,-24.60115],[-52.13401,-24.62507],[-52.17335,-24.63241],[-52.20825,-24.61765],[-52.27322,-24.64228],[-52.28957,-24.66016],[-52.32077,-24.66242],[-52.32597,-24.68063],[-52.37126,-24.69354],[-52.36919,-24.70699],[-52.4066,-24.72968],[-52.43135,-24.70367],[-52.43614,-24.72053],[-52.42124,-24.72617],[-52.43898,-24.73001],[-52.42766,-24.73736],[-52.43728,-24.73641],[-52.43807,-24.74766],[-52.47386,-24.75056],[-52.48321,-24.73412],[-52.49718,-24.74286],[-52.49232,-24.75148],[-52.50158,-24.74754],[-52.52087,-24.76706],[-52.53773,-24.76303],[-52.54349,-24.74937],[-52.54094,-24.76977],[-52.56722,-24.76102],[-52.5938,-24.7667],[-52.5925,-24.78428],[-52.61689,-24.77003],[-52.60318,-24.76848],[-52.63244,-24.7598],[-52.62494,-24.77593],[-52.66655,-24.77378],[-52.68651,-24.7575],[-52.70134,-24.77919],[-52.70697,-24.7682],[-52.69246,-24.75258],[-52.72058,-24.74148],[-52.72945,-24.74812],[-52.741,-24.7367],[-52.75225,-24.74675],[-52.75156,-24.72808],[-52.77014,-24.7512],[-52.79698,-24.72076],[-52.81511,-24.71726],[-52.8017,-24.72449],[-52.80183,-24.74429],[-52.82553,-24.72272],[-52.83919,-24.73137],[-52.82542,-24.74148],[-52.86123,-24.73581],[-52.86007,-24.75856],[-52.87753,-24.75128],[-52.9197,-24.76209],[-52.92259,-24.73383],[-52.90225,-24.72448],[-52.94334,-24.70808],[-52.9482,-24.72383],[-52.96151,-24.72055],[-52.95126,-24.68368],[-52.98558,-24.68751],[-52.97987,-24.65905],[-52.96506,-24.66482],[-52.97591,-24.65265],[-52.9536,-24.65727],[-52.9707,-24.64238],[-52.95053,-24.64135],[-52.94398,-24.60465],[-52.91644,-24.60072],[-52.93958,-24.58333],[-52.93479,-24.57674],[-52.92252,-24.58445],[-52.92197,-24.5702],[-52.90147,-24.56914],[-52.91948,-24.56152],[-52.89963,-24.54544],[-52.91117,-24.54347],[-52.90304,-24.52888],[-52.89458,-24.53583],[-52.87969,-24.52735],[-52.88586,-24.5184],[-52.87316,-24.50974],[-52.88526,-24.42317],[-52.97516,-24.41264],[-52.97501,-24.34684],[-53.04401,-24.38321],[-53.05081,-24.39629],[-53.05851,-24.39033],[-53.06301,-24.40597],[-53.08664,-24.39],[-53.09135,-24.39966]]]}},{"type":"Feature","id":"cep2-88","properties":{"postal_code_id":"cep2-88","postal_codes":["88"],"first_digits":["8"],"states":["SC"]},"geometry":{"type":"MultiPolygon","coordinates":[[[[-49.7421,-29.29882],[-49.84323,-29.27797],[-49.84354,-29.25931],[-49.85468,-29.2573],[-49.8571,-29.23306],[-49.86953,-29.22438],[-49.9576,-29.19955],[-49.99682,-29.22828],[-50.11432,-29.25762],[-50.1093,-29.27927],[-50.05121,-29.32411],[-50.03404,-29.34961],[-50.041,-29.35507],[-50.03851,-29.34725],[-50.06648,-29.33551],[-50.05818,-29.32757],[-50.08775,-29.32432],[-50.08509,-29.31487],[-50.11253,-29.30397],[-50.10574,-29.29834],[-50.12774,-29.28173],[-50.13593,-29.29977],[-50.14619,-29.26174],[-50.13875,-29.25352],[-50.17695,-29.24942],[-50.14108,-29.23831],[-50.14071,-29.22841],[-50.15123,-29.23016],[-50.13397,-29.20791],[-50.16106,-29.20413],[-50.13781,-29.19374],[-50.09328,-29.21278],[-50.11103,-29.23523],[-50.08402,-29.22666],[-50.08477,-29.19828],[-50.0969,-29.20029],[-50.08539,-29.1936],[-50.09684,-29.15894],[-50.06329,-29.15524],[-50.08989,-29.16422],[-50.07327,-29.18797],[-50.06131,-29.17518],[-50.06284,-29.18592],[-50.03861,-29.17744],[-50.01632,-29.18278],[-50.02875,-29.17187],[-50.02106,-29.151],[-50.00908,-29.15679],[-50.01342,-29.12682],[-49.98432,-29.13671],[-49.99302,-29.11819],[-49.96828,-29.11478],[-49.96826,-29.08422],[-49.95616,-29.08492],[-49.95111,-29.0614],[-50.00269,-29.07297],[-49.961,-29.05081],[-49.94143,-29.02133],[-49.96633,-29.02271],[-49.93823,-28.97873],[-49.92031,-28.9778],[-49.95803,-28.96255],[-49.95086,-28.92691],[-49.96509,-28.92553],[-49.94118,-28.87628],[-49.96903,-28.87704],[-49.95709,-28.86177],[-49.9627,-28.79911],[-49.95112,-28.80243],[-49.96133,-28.77218],[-49.95076,-28.75325],[-49.93703,-28.75667],[-49.92174,-28.74554],[-49.93468,-28.72568],[-49.90495,-28.70761],[-49.91366,-28.72379],[-49.88255,-28.71739],[-49.89106,-28.73821],[-49.88134,-28.74652],[-49.86802,-28.72196],[-49.87181,-28.70299],[-49.8402,-28.71305],[-49.83406,-28.69329],[-49.81421,-28.68637],[-49.83805,-28.68952],[-49.83918,-28.66654],[-49.82458,-28.66574],[-49.81078,-28.6519],[-49.82275,-28.65454],[-49.819,-28.64287],[-49.78256,-28.6098],[-49.78434,-28.62438],[-49.77164,-28.62723],[-49.75736,-28.61541],[-49.75447,-28.62832],[-49.70414,-28.63003],[-49.69139,-28.62137],[-49.71019,-28.60434],[-49.71231,-28.57225],[-49.71766,-28.57722],[-49.7311,-28.551],[-49.74943,-28.54569],[-49.72687,-28.51893],[-49.74826,-28.49397],[-49.76546,-28.5012],[-49.77083,-28.49433],[-49.76442,-28.46103],[-49.78101,-28.47177],[-49.78225,-28.49666],[-49.80878,-28.46922],[-49.83934,-28.49649],[-49.83987,-28.48732],[-49.86665,-28.48863],[-49.86357,-28.46285],[-49.87777,-28.45452],[-49.85422,-28.44466],[-49.89291,-28.4403],[-49.88885,-28.45942],[-49.90042,-28.46471],[-49.92851,-28.45122],[-49.93739,-28.45693],[-49.92883,-28.47213],[-49.94595,-28.48173],[-49.95224,-28.45075],[-49.96938,-28.45252],[-49.97077,-28.44021],[-49.98098,-28.44064],[-49.98939,-28.45715],[-50.01388,-28.45078],[-50.03954,-28.48004],[-50.08199,-28.47335],[-50.10266,-28.48409],[-50.12712,-28.46551],[-50.11348,-28.45178],[-50.12591,-28.42922],[-50.14865,-28.46124],[-50.15707,-28.45804],[-50.13973,-28.49539],[-50.15444,-28.49765],[-50.1785,-28.45189],[-50.204,-28.44381],[-50.22265,-28.46327],[-50.2468,-28.42827],[-50.26421,-28.44293],[-50.25029,-28.44709],[-50.27291,-28.45707],[-50.32317,-28.43388],[-50.34045,-28.44097],[-50.34585,-28.46355],[-50.35098,-28.42485],[-50.36114,-28.41963],[-50.38198,-28.44699],[-50.39446,-28.43344],[-50.43591,-28.431],[-50.45686,-28.41065],[-50.52838,-28.40415],[-50.5309,-28.42861],[-50.54424,-28.4275],[-50.59318,-28.38158],[-50.62568,-28.39206],[-50.62882,-28.36402],[-50.66523,-28.33792],[-50.65858,-28.32578],[-50.69522,-28.28852],[-50.69561,-28.26992],[-50.75388,-28.24462],[-50.7682,-28.18896],[-50.78882,-28.19833],[-50.78466,-28.14653],[-50.81818,-28.14127],[-50.83024,-28.11765],[-50.85899,-28.13971],[-50.87197,-28.13742],[-50.87592,-28.09508],[-50.90293,-28.08847],[-50.87527,-28.0413],[-50.88967,-28.02292],[-50.92324,-28.01199],[-50.92397,-27.97165],[-50.97358,-27.95446],[-50.98169,-27.94108],[-51.00919,-27.96444],[-51.02162,-27.94522],[-51.01646,-27.92551],[-51.05597,-27.90367],[-51.0534,-27.86888],[-51.07954,-27.85816],[-51.08223,-27.83393],[-51.13106,-27.83009],[-51.13461,-27.80366],[-51.16005,-27.80147],[-51.18777,-27.7777],[-51.21955,-27.77005],[-51.24013,-27.77902],[-51.24555,-27.76145],[-51.27197,-27.75174],[-51.27423,-27.72585],[-51.30881,-27.71946],[-51.302,-27.70256],[-51.31511,-27.67507],[-51.36011,-27.67879],[-51.37793,-27.66002],[-51.36983,-27.64048],[-51.38925,-27.62381],[-51.43237,-27.65561],[-51.43661,-27.62985],[-51.45729,-27.60747],[-51.42263,-27.56626],[-51.40773,-27.5943],[-51.37791,-27.59801],[-51.36259,-27.61477],[-51.34676,-27.59261],[-51.31502,-27.60156],[-51.28563,-27.62988],[-51.25416,-27.63154],[-51.23274,-27.60073],[-51.21524,-27.6187],[-51.20294,-27.61604],[-51.19463,-27.59393],[-51.17909,-27.59466],[-51.18372,-27.61891],[-51.16783,-27.6258],[-51.13792,-27.61546],[-51.10182,-27.63392],[-51.08582,-27.62903],[-51.08766,-27.65502],[-51.06893,-27.64621],[-51.04439,-27.65287],[-51.05092,-27.64047],[-50.99683,-27.63964],[-51.00193,-27.66448],[-50.97572,-27.6605],[-50.9589,-27.64573],[-50.99304,-27.60975],[-50.95503,-27.59751],[-50.96819,-27.57074],[-50.93173,-27.57636],[-50.96012,-27.55519],[-50.91853,-27.56096],[-50.90603,-27.53337],[-50.89618,-27.56135],[-50.88712,-27.53676],[-50.86138,-27.54416],[-50.86648,-27.53225],[-50.84666,-27.50868],[-50.83164,-27.51542],[-50.80257,-27.49511],[-50.80824,-27.48196],[-50.83311,-27.47685],[-50.83196,-27.46333],[-50.82297,-27.45164],[-50.80723,-27.46866],[-50.80606,-27.45685],[-50.78772,-27.45968],[-50.78132,-27.44809],[-50.79566,-27.43319],[-50.76758,-27.44145],[-50.75405,-27.42229],[-50.74208,-27.42773],[-50.753,-27.43086],[-50.75,-27.44905],[-50.73949,-27.43939],[-50.71376,-27.45044],[-50.71869,-27.42689],[-50.70056,-27.44288],[-50.69089,-27.42603],[-50.66919,-27.47085],[-50.65082,-27.45242],[-50.63462,-27.46943],[-50.634,-27.45416],[-50.60416,-27.46998],[-50.59416,-27.45964],[-50.56372,-27.4693],[-50.57536,-27.48432],[-50.56933,-27.5041],[-50.54159,-27.48469],[-50.52619,-27.49155],[-50.53314,-27.46821],[-50.514,-27.45696],[-50.499,-27.46673],[-50.48678,-27.45865],[-50.47719,-27.44052],[-50.4887,-27.39823],[-50.46372,-27.36689],[-50.3996,-27.3621],[-50.35856,-27.34348],[-50.20841,-27.34643],[-50.18785,-27.32572],[-50.17794,-27.30013],[-50.18934,-27.27544],[-50.17526,-27.26922],[-50.12955,-27.27401],[-50.06423,-27.31042],[-50.06083,-27.32235],[-50.01833,-27.32527],[-50.02784,-27.34407],[-50.04145,-27.33491],[-50.0442,-27.34863],[-50.03022,-27.3566],[-50.03266,-27.37199],[-50.01397,-27.37972],[-50.01653,-27.39475],[-49.98381,-27.4154],[-49.98793,-27.404],[-49.97095,-27.41239],[-49.9567,-27.40172],[-49.94609,-27.42363],[-49.92435,-27.41738],[-49.91278,-27.43483],[-49.87539,-27.41014],[-49.84143,-27.34905],[-49.78107,-27.36504],[-49.74322,-27.39831],[-49.70264,-27.38579],[-49.56519,-27.39871],[-49.50288,-27.34243],[-49.48051,-27.30544],[-49.4583,-27.35702],[-49.41018,-27.35199],[-49.39665,-27.3285],[-49.34819,-27.31391],[-49.32057,-27.32276],[-49.30338,-27.25612],[-49.28603,-27.26115],[-49.25305,-27.23789],[-49.22188,-27.23138],[-49.18851,-27.20051],[-49.21103,-27.15766],[-49.19179,-27.15432],[-49.19191,-27.13894],[-49.15463,-27.11963],[-49.13846,-27.13254],[-49.10308,-27.11502],[-49.07899,-27.12118],[-49.05854,-27.09895],[-49.06031,-27.06846],[-49.03999,-27.04346],[-49.0219,-27.05039],[-48.96193,-27.02051],[-48.9345,-27.02785],[-48.85588,-26.99158],[-48.84319,-26.96362],[-48.85396,-26.92073],[-48.84646,-26.9068],[-48.86477,-26.90986],[-48.9335,-26.84468],[-48.98243,-26.82908],[-48.98722,-26.80879],[-48.97101,-26.79018],[-48.89845,-26.76271],[-48.81999,-26.82354],[-48.79549,-26.80664],[-48.82427,-26.75235],[-48.80071,-26.71321],[-48.80163,-26.68119],[-48.81699,-26.63908],[-48.84386,-26.6278],[-48.85627,-26.63449],[-48.85115,-26.59798],[-48.86242,-26.58333],[-48.85647,-26.5499],[-48.83278,-26.54585],[-48.82514,-26.51505],[-48.79523,-26.51776],[-48.75155,-26.53998],[-48.72337,-26.59818],[-48.7083,-26.59767],[-48.68901,-26.57176],[-48.66484,-26.58093],[-48.6881,-26.67117],[-48.67383,-26.75868],[-48.66135,-26.77119],[-48.6407,-26.76618],[-48.62025,-26.78935],[-48.60546,-26.78918],[-48.59871,-26.77219],[-48.58445,-26.78352],[-48.60469,-26.82569],[-48.62119,-26.82615],[-48.62752,-26.8333],[-48.64319,-26.90011],[-48.64172,-26.91878],[-48.62654,-26.93327],[-48.63379,-26.98367],[-48.61937,-27.002],[-48.58261,-26.99287],[-48.58124,-27.00728],[-48.56918,-27.00884],[-48.59217,-27.08068],[-48.61387,-27.10047],[-48.6087,-27.1153],[-48.564,-27.15572],[-48.53268,-27.14518],[-48.50803,-27.11048],[-48.51396,-27.13152],[-48.5043,-27.14356],[-48.46573,-27.14319],[-48.49646,-27.16567],[-48.49526,-27.19846],[-48.47549,-27.19985],[-48.49786,-27.21715],[-48.51572,-27.21658],[-48.49878,-27.20069],[-48.53178,-27.18033],[-48.60271,-27.21787],[-48.61544,-27.25476],[-48.60378,-27.3007],[-48.58512,-27.31985],[-48.55213,-27.31217],[-48.54323,-27.29803],[-48.52595,-27.34405],[-48.53684,-27.3574],[-48.52627,-27.40826],[-48.48347,-27.37828],[-48.41679,-27.38058],[-48.39559,-27.43068],[-48.3768,-27.44352],[-48.36641,-27.43308],[-48.35863,-27.44022],[-48.37578,-27.48067],[-48.41943,-27.52844],[-48.42935,-27.55517],[-48.42526,-27.57322],[-48.41199,-27.57542],[-48.43578,-27.60758],[-48.43136,-27.61611],[-48.4673,-27.65119],[-48.50549,-27.72397],[-48.50753,-27.74429],[-48.47819,-27.76188],[-48.48306,-27.7833],[-48.49712,-27.79499],[-48.51763,-27.78152],[-48.53426,-27.79583],[-48.54253,-27.82751],[-48.60089,-27.85859],[-48.5981,-27.88027],[-48.57313,-27.88597],[-48.62091,-27.94489],[-48.62827,-27.97447],[-48.62879,-28.01273],[-48.61597,-28.02338],[-48.60874,-28.01636],[-48.59961,-28.0349],[-48.61024,-28.0442],[-48.60877,-28.06214],[-48.62843,-28.07874],[-48.64235,-28.13638],[-48.63557,-28.13902],[-48.64593,-28.14451],[-48.66318,-28.18414],[-48.6671,-28.21542],[-48.64565,-28.23478],[-48.68279,-28.26648],[-48.70915,-28.32343],[-48.70633,-28.34142],[-48.74393,-28.39652],[-48.74612,-28.42705],[-48.7651,-28.45993],[-48.76549,-28.48551],[-48.74651,-28.50508],[-48.76139,-28.51777],[-48.76153,-28.5355],[-48.78412,-28.55073],[-48.78627,-28.56915],[-48.81306,-28.58505],[-48.8191,-28.60893],[-48.90756,-28.63724],[-49.07522,-28.73006],[-49.31503,-28.90111],[-49.47262,-29.04882],[-49.71294,-29.32558],[-49.74439,-29.32882],[-49.73082,-29.31835],[-49.7421,-29.29882]]],[[[-48.82125,-28.61102],[-48.82185,-28.61036],[-48.8211,-28.61047],[-48.82125,-28.61102]]],[[[-48.75632,-28.54073],[-48.75609,-28.54125],[-48.75665,-28.54106],[-48.75632,-28.54073]]],[[[-48.76023,-28.53914],[-48.75834,-28.53897],[-48.75861,-28.54047],[-48.76023,-28.53914]]],[[[-48.71042,-28.44668],[-48.70696,-28.44686],[-48.70876,-28.44865],[-48.71042,-28.44668]]],[[[-48.60218,-28.35254],[-48.60194,-28.35205],[-48.6019,-28.3523],[-48.60218,-28.35254]]],[[[-48.60139,-28.35182],[-48.60072,-28.35143],[-48.60096,-28.3523],[-48.60139,-28.35182]]],[[[-48.60166,-28.35196],[-48.60185,-28.35168],[-48.6016,-28.35157],[-48.60166,-28.35196]]],[[[-48.6499,-28.3255],[-48.64963,-28.32202],[-48.64644,-28.31819],[-48.6499,-28.3255]]],[[[-48.65493,-28.24925],[-48.65487,-28.24701],[-48.65284,-28.24809],[-48.65493,-28.24925]]],[[[-48.65273,-28.2411],[-48.65144,-28.24028],[-48.65034,-28.24232],[-48.65273,-28.2411]]],[[[-48.65675,-28.18943],[-48.65614,-28.18869],[-48.65643,-28.1895],[-48.65675,-28.18943]]],[[[-48.64145,-28.15454],[-48.64383,-28.15205],[-48.64088,-28.15132],[-48.64145,-28.15454]]],[[[-48.62794,-28.10254],[-48.62833,-28.10276],[-48.6279,-28.10206],[-48.62794,-28.10254]]],[[[-48.62592,-28.10243],[-48.62601,-28.1022],[-48.62573,-28.10224],[-48.62592,-28.10243]]],[[[-48.62671,-28.10148],[-48.6263,-28.10201],[-48.62719,-28.10246],[-48.62671,-28.10148]]],[[[-48.63022,-28.08963],[-48.62965,-28.08941],[-48.6298,-28.0897],[-48.63022,-28.08963]]],[[[-48.62938,-28.08888],[-48.63015,-28.08869],[-48.62957,-28.08821],[-48.62938,-28.08888]]],[[[-48.59988,-28.03567],[-48.60007,-28.03544],[-48.59962,-28.0353],[-48.59988,-28.03567]]],[[[-48.61715,-27.98611],[-48.61724,-27.9882],[-48.61846,-27.98782],[-48.61715,-27.98611]]],[[[-48.54244,-27.93222],[-48.54263,-27.94143],[-48.54564,-27.9348],[-48.54244,-27.93222]]],[[[-48.5485,-27.1422],[-48.54116,-27.1357],[-48.54072,-27.14168],[-48.5485,-27.1422]]],[[[-48.57868,-26.99283],[-48.57898,-26.99248],[-48.57857,-26.99248],[-48.57868,-26.99283]]],[[[-48.57983,-26.9926],[-48.57986,-26.9923],[-48.57924,-26.99214],[-48.57983,-26.9926]]],[[[-48.62255,-26.98592],[-48.62342,-26.9869],[-48.62452,-26.98667],[-48.62255,-26.98592]]],[[[-48.63981,-26.91129],[-48.63602,-26.91284],[-48.63915,-26.91289],[-48.63981,-26.91129]]],[[[-48.62221,-26.83219],[-48.62324,-26.8314],[-48.62148,-26.83176],[-48.62221,-26.83219]]],[[[-48.63902,-26.74552],[-48.63679,-26.74307],[-48.63414,-26.74516],[-48.63902,-26.74552]]],[[[-48.61829,-26.70909],[-48.61784,-26.7103],[-48.61852,-26.71021],[-48.61829,-26.70909]]],[[[-48.67663,-26.695],[-48.67509,-26.69386],[-48.67495,-26.69573],[-48.67663,-26.695]]],[[[-48.67068,-26.63557],[-48.6727,-26.63254],[-48.67025,-26.63328],[-48.67068,-26.63557]]],[[[-48.44465,-27.85375],[-48.44453,-27.85305],[-48.44396,-27.85293],[-48.44465,-27.85375]]],[[[-48.42874,-27.84546],[-48.43476,-27.8484],[-48.43107,-27.84388],[-48.42874,-27.84546]]],[[[-48.43037,-27.84177],[-48.42853,-27.8418],[-48.43034,-27.84294],[-48.43037,-27.84177]]],[[[-48.43161,-27.8402],[-48.43066,-27.83968],[-48.43104,-27.84085],[-48.43161,-27.8402]]],[[[-48.52667,-27.84499],[-48.52742,-27.8368],[-48.51892,-27.83371],[-48.52667,-27.84499]]],[[[-48.43118,-27.83906],[-48.43109,-27.83925],[-48.43134,-27.83931],[-48.43118,-27.83906]]],[[[-48.5086,-27.8382],[-48.50158,-27.83458],[-48.50164,-27.8401],[-48.5086,-27.8382]]],[[[-48.51797,-27.8351],[-48.51804,-27.83465],[-48.51737,-27.83466],[-48.51797,-27.8351]]],[[[-48.53028,-27.832],[-48.52791,-27.82915],[-48.52767,-27.8333],[-48.53028,-27.832]]],[[[-48.46691,-27.69262],[-48.46116,-27.69242],[-48.46674,-27.70375],[-48.46691,-27.69262]]],[[[-48.3898,-27.61097],[-48.38988,-27.61024],[-48.38935,-27.61045],[-48.3898,-27.61097]]],[[[-48.39185,-27.61084],[-48.39217,-27.61037],[-48.39146,-27.61023],[-48.39185,-27.61084]]],[[[-48.38477,-27.60738],[-48.38458,-27.61055],[-48.38792,-27.61167],[-48.38477,-27.60738]]],[[[-48.36386,-27.48666],[-48.36074,-27.48779],[-48.36561,-27.49008],[-48.36386,-27.48666]]],[[[-48.35974,-27.48817],[-48.35542,-27.48388],[-48.35663,-27.48898],[-48.35974,-27.48817]]],[[[-48.34803,-27.44399],[-48.34872,-27.44135],[-48.34746,-27.4417],[-48.34803,-27.44399]]],[[[-48.34889,-27.43999],[-48.34914,-27.43951],[-48.34876,-27.43953],[-48.34889,-27.43999]]],[[[-48.3498,-27.43913],[-48.34959,-27.43888],[-48.34951,-27.43921],[-48.3498,-27.43913]]],[[[-48.36695,-27.42298],[-48.36608,-27.42623],[-48.36785,-27.42491],[-48.36695,-27.42298]]],[[[-48.35634,-27.41916],[-48.35609,-27.4185],[-48.35577,-27.41879],[-48.35634,-27.41916]]],[[[-48.35515,-27.41862],[-48.35499,-27.41793],[-48.35447,-27.41851],[-48.35515,-27.41862]]],[[[-48.52692,-27.33041],[-48.52522,-27.32914],[-48.52603,-27.33048],[-48.52692,-27.33041]]],[[[-48.52452,-27.32777],[-48.52463,-27.32913],[-48.5256,-27.32833],[-48.52452,-27.32777]]],[[[-48.53257,-27.30426],[-48.52835,-27.30497],[-48.5302,-27.30785],[-48.53257,-27.30426]]],[[[-48.3585,-27.29268],[-48.3771,-27.28346],[-48.37183,-27.27095],[-48.35923,-27.27422],[-48.3585,-27.29268]]],[[[-48.33399,-27.27521],[-48.32954,-27.26853],[-48.33028,-27.27399],[-48.33399,-27.27521]]],[[[-48.47374,-27.20509],[-48.46329,-27.20351],[-48.4683,-27.21073],[-48.47374,-27.20509]]],[[[-48.41058,-27.18802],[-48.4093,-27.18034],[-48.4022,-27.18165],[-48.41058,-27.18802]]],[[[-48.40023,-27.18025],[-48.3984,-27.17871],[-48.39737,-27.1813],[-48.40023,-27.18025]]]]}},{"type":"Feature","id":"cep2-89","properties":{"postal_code_id":"cep2-89","postal_codes":["89"],"first_digits":["8"],"states":["SC"]},"geometry":{"type":"MultiPolygon","coordinates":[[[[-53.64211,-27.21981],[-53.65132,-27.17657],[-53.6664,-27.16273],[-53.74782,-27.19185],[-53.77601,-27.14749],[-53.81965,-27.17565],[-53.8371,-27.16843],[-53.83715,-27.15564],[-53.82867,-27.14602],[-53.79948,-27.14676],[-53.79932,-27.13639],[-53.81994,-27.13911],[-53.82566,-27.12855],[-53.80457,-27.12269],[-53.8189,-27.10254],[-53.79519,-27.1103],[-53.7768,-27.10345],[-53.80556,-27.07867],[-53.79927,-27.06696],[-53.77982,-27.07896],[-53.77215,-27.07395],[-53.79805,-27.05884],[-53.80243,-27.04003],[-53.77252,-27.06632],[-53.76018,-27.06454],[-53.78602,-27.02621],[-53.76624,-27.04456],[-53.74754,-27.03152],[-53.7641,-27.0087],[-53.74101,-27.01478],[-53.73267,-27.00424],[-53.74184,-26.99078],[-53.72444,-26.99389],[-53.71866,-26.98421],[-53.73724,-26.97382],[-53.72673,-26.95911],[-53.71242,-26.96547],[-53.70143,-26.95398],[-53.70724,-26.93333],[-53.67166,-26.94278],[-53.69698,-26.92735],[-53.67368,-26.91346],[-53.68002,-26.90311],[-53.6714,-26.89606],[-53.69432,-26.88913],[-53.68037,-26.86951],[-53.69263,-26.86557],[-53.66116,-26.86274],[-53.67734,-26.84391],[-53.69427,-26.84819],[-53.70088,-26.79755],[-53.71746,-26.78233],[-53.70165,-26.76784],[-53.72919,-26.77414],[-53.7439,-26.76436],[-53.7144,-26.75078],[-53.73361,-26.73152],[-53.75001,-26.74175],[-53.74351,-26.73362],[-53.75739,-26.72236],[-53.75411,-26.70987],[-53.74914,-26.71907],[-53.73473,-26.71686],[-53.74349,-26.68037],[-53.73239,-26.69138],[-53.71772,-26.68508],[-53.73172,-26.6795],[-53.71887,-26.66729],[-53.72084,-26.65111],[-53.72444,-26.65901],[-53.75783,-26.63758],[-53.74346,-26.64392],[-53.73354,-26.63101],[-53.7214,-26.56176],[-53.70931,-26.56272],[-53.71093,-26.55659],[-53.73229,-26.56663],[-53.72661,-26.55096],[-53.74223,-26.54438],[-53.72093,-26.53777],[-53.73007,-26.50182],[-53.71096,-26.50451],[-53.6968,-26.49106],[-53.71575,-26.47056],[-53.69875,-26.46994],[-53.70334,-26.4408],[-53.68839,-26.44327],[-53.71,-26.38774],[-53.68586,-26.33574],[-53.67107,-26.33073],[-53.64744,-26.28873],[-53.6458,-26.24775],[-53.6257,-26.26257],[-53.58629,-26.25587],[-53.58227,-26.2723],[-53.55376,-26.29245],[-53.49583,-26.3028],[-53.42403,-26.27972],[-53.37607,-26.24161],[-53.30486,-26.26053],[-53.27968,-26.24682],[-53.26445,-26.28902],[-53.18275,-26.34451],[-53.1444,-26.34478],[-53.12722,-26.37226],[-53.09327,-26.38248],[-53.09323,-26.39202],[-53.04607,-26.3812],[-52.9832,-26.34574],[-52.93766,-26.36221],[-52.86633,-26.35816],[-52.84693,-26.34441],[-52.76278,-26.35356],[-52.73776,-26.34218],[-52.71732,-26.35741],[-52.68019,-26.35273],[-52.59583,-26.41606],[-52.52323,-26.3996],[-52.47803,-26.42085],[-52.46361,-26.4396],[-52.40309,-26.42823],[-52.37742,-26.44096],[-52.34096,-26.43526],[-52.30436,-26.4407],[-52.27696,-26.46124],[-52.26215,-26.45446],[-52.22981,-26.46704],[-52.18634,-26.44512],[-52.16669,-26.46498],[-52.11163,-26.47496],[-52.08135,-26.52511],[-52.03431,-26.53976],[-52.00877,-26.56656],[-51.94803,-26.56956],[-51.92833,-26.58437],[-51.90029,-26.57928],[-51.87792,-26.59758],[-51.81355,-26.57748],[-51.78394,-26.58805],[-51.73764,-26.57299],[-51.69269,-26.58051],[-51.672,-26.5652],[-51.63248,-26.58724],[-51.53561,-26.5918],[-51.51089,-26.58106],[-51.48003,-26.60596],[-51.48753,-26.62318],[-51.46884,-26.62124],[-51.45488,-26.64066],[-51.43535,-26.68818],[-51.40732,-26.70062],[-51.41148,-26.71712],[-51.39287,-26.69889],[-51.40491,-26.67558],[-51.39113,-26.66325],[-51.34703,-26.64859],[-51.2834,-26.65363],[-51.27688,-26.63568],[-51.23886,-26.62786],[-51.22207,-26.59374],[-51.21567,-26.56708],[-51.22766,-26.56406],[-51.22518,-26.54858],[-51.24693,-26.53802],[-51.27317,-26.4983],[-51.2532,-26.46205],[-51.27481,-26.45929],[-51.27351,-26.44571],[-51.30039,-26.41769],[-51.25114,-26.37373],[-51.26059,-26.36081],[-51.24795,-26.32987],[-51.21582,-26.31595],[-51.20683,-26.29623],[-51.19234,-26.3018],[-51.1484,-26.27877],[-51.13536,-26.28592],[-51.10181,-26.27267],[-51.07887,-26.22743],[-51.05685,-26.2439],[-51.00107,-26.23034],[-50.97304,-26.2462],[-50.97131,-26.26134],[-50.9471,-26.28169],[-50.93155,-26.2685],[-50.94356,-26.24384],[-50.93251,-26.23449],[-50.9095,-26.24944],[-50.90929,-26.28369],[-50.89974,-26.28927],[-50.88196,-26.27927],[-50.87023,-26.24201],[-50.83559,-26.27107],[-50.82774,-26.24816],[-50.76266,-26.22204],[-50.74775,-26.22656],[-50.74593,-26.24677],[-50.71562,-26.24458],[-50.72987,-26.20338],[-50.65018,-26.1325],[-50.65616,-26.10081],[-50.62851,-26.06283],[-50.5948,-26.0704],[-50.55353,-26.05938],[-50.54944,-26.04653],[-50.59172,-26.04032],[-50.58889,-26.01886],[-50.57023,-26.00195],[-50.55087,-26.03826],[-50.50363,-26.03095],[-50.50143,-26.02292],[-50.44199,-26.03676],[-50.44989,-26.04127],[-50.42954,-26.06299],[-50.40734,-26.06552],[-50.40808,-26.05852],[-50.37169,-26.07919],[-50.36573,-26.11215],[-50.3339,-26.13467],[-50.32151,-26.1265],[-50.33312,-26.10041],[-50.32014,-26.07016],[-50.26838,-26.04275],[-50.25079,-26.05039],[-50.24748,-26.03043],[-50.22225,-26.06016],[-50.20831,-26.05727],[-50.17824,-26.07872],[-50.15451,-26.04742],[-50.1804,-26.03201],[-50.16722,-26.02499],[-50.14016,-26.02658],[-50.14716,-26.05946],[-50.13196,-26.04228],[-50.12069,-26.06116],[-50.07892,-26.0251],[-50.07589,-26.04641],[-50.07246,-26.03557],[-50.03919,-26.02762],[-50.00557,-26.04609],[-50.01094,-26.01333],[-49.99475,-26.01141],[-49.96314,-26.0276],[-49.97236,-26.05839],[-49.94789,-26.02944],[-49.95989,-26.02218],[-49.94169,-26.00841],[-49.93507,-26.03314],[-49.91479,-26.02542],[-49.86457,-26.03579],[-49.86381,-26.05473],[-49.84464,-26.0648],[-49.83151,-26.05364],[-49.84147,-26.0772],[-49.82957,-26.0693],[-49.82418,-26.09393],[-49.80683,-26.08906],[-49.80272,-26.11001],[-49.78743,-26.11126],[-49.78813,-26.0982],[-49.77356,-26.11941],[-49.77447,-26.10061],[-49.74857,-26.12461],[-49.74808,-26.14036],[-49.72875,-26.1418],[-49.73713,-26.15715],[-49.72753,-26.17144],[-49.71277,-26.15468],[-49.69081,-26.17688],[-49.67777,-26.17565],[-49.69046,-26.18952],[-49.65399,-26.18685],[-49.64273,-26.20978],[-49.63396,-26.1899],[-49.62535,-26.20168],[-49.63226,-26.20875],[-49.60524,-26.21193],[-49.60312,-26.22671],[-49.58706,-26.21896],[-49.5912,-26.2316],[-49.57882,-26.22756],[-49.57825,-26.21367],[-49.55377,-26.23657],[-49.53796,-26.21285],[-49.50453,-26.22659],[-49.49121,-26.21445],[-49.49996,-26.20314],[-49.46067,-26.16222],[-49.42906,-26.17071],[-49.4165,-26.15305],[-49.40947,-26.16159],[-49.40037,-26.1505],[-49.39008,-26.16022],[-49.37177,-26.15486],[-49.3217,-26.10998],[-49.30025,-26.11129],[-49.28911,-26.10203],[-49.29617,-26.08694],[-49.25875,-26.06953],[-49.23448,-26.03066],[-49.17376,-26.00014],[-49.1502,-26.01256],[-49.12558,-25.99611],[-49.0915,-26.01013],[-49.07306,-26.00046],[-49.05291,-26.02079],[-49.04301,-26.00453],[-49.02016,-26.01575],[-48.98435,-26.00457],[-48.97913,-25.98887],[-48.95036,-25.98999],[-48.9627,-25.98051],[-48.68011,-25.98072],[-48.64383,-25.95572],[-48.6337,-25.97769],[-48.59532,-25.97677],[-48.61014,-26.06558],[-48.58858,-26.15499],[-48.54712,-26.17108],[-48.53185,-26.16284],[-48.52476,-26.20987],[-48.5148,-26.22372],[-48.49685,-26.2164],[-48.59013,-26.40227],[-48.59425,-26.45218],[-48.66484,-26.58093],[-48.68901,-26.57176],[-48.7083,-26.59767],[-48.72337,-26.59818],[-48.75155,-26.53998],[-48.81349,-26.51316],[-48.83374,-26.52482],[-48.83278,-26.54585],[-48.85647,-26.5499],[-48.85627,-26.63449],[-48.84386,-26.6278],[-48.81699,-26.63908],[-48.80163,-26.68119],[-48.80071,-26.71321],[-48.82427,-26.75235],[-48.79549,-26.80664],[-48.81999,-26.82354],[-48.89845,-26.76271],[-48.97101,-26.79018],[-48.98722,-26.80879],[-48.98243,-26.82908],[-48.9335,-26.84468],[-48.86477,-26.90986],[-48.84646,-26.9068],[-48.85396,-26.92073],[-48.84319,-26.96362],[-48.86577,-27.00344],[-48.88742,-27.00255],[-48.9345,-27.02785],[-48.96193,-27.02051],[-49.0219,-27.05039],[-49.03999,-27.04346],[-49.06031,-27.06846],[-49.05854,-27.09895],[-49.07899,-27.12118],[-49.10308,-27.11502],[-49.13846,-27.13254],[-49.15463,-27.11963],[-49.19191,-27.13894],[-49.19179,-27.15432],[-49.21103,-27.15766],[-49.18851,-27.20051],[-49.22188,-27.23138],[-49.25305,-27.23789],[-49.28603,-27.26115],[-49.30338,-27.25612],[-49.32057,-27.32276],[-49.34819,-27.31391],[-49.39665,-27.3285],[-49.41018,-27.35199],[-49.4583,-27.35702],[-49.48051,-27.30544],[-49.50288,-27.34243],[-49.56519,-27.39871],[-49.70264,-27.38579],[-49.74322,-27.39831],[-49.78107,-27.36504],[-49.83349,-27.34816],[-49.85677,-27.36541],[-49.87539,-27.41014],[-49.91278,-27.43483],[-49.92435,-27.41738],[-49.94609,-27.42363],[-49.9567,-27.40172],[-49.97095,-27.41239],[-49.98793,-27.404],[-49.98381,-27.4154],[-50.01653,-27.39475],[-50.01397,-27.37972],[-50.03266,-27.37199],[-50.03022,-27.3566],[-50.0442,-27.34863],[-50.04145,-27.33491],[-50.02784,-27.34407],[-50.01833,-27.32527],[-50.06083,-27.32235],[-50.06423,-27.31042],[-50.12955,-27.27401],[-50.17526,-27.26922],[-50.18934,-27.27544],[-50.17794,-27.30013],[-50.18785,-27.32572],[-50.20841,-27.34643],[-50.35856,-27.34348],[-50.3996,-27.3621],[-50.46372,-27.36689],[-50.4887,-27.39823],[-50.47719,-27.44052],[-50.48678,-27.45865],[-50.499,-27.46673],[-50.514,-27.45696],[-50.53314,-27.46821],[-50.52619,-27.49155],[-50.54159,-27.48469],[-50.56933,-27.5041],[-50.57536,-27.48432],[-50.56372,-27.4693],[-50.59416,-27.45964],[-50.60416,-27.46998],[-50.634,-27.45416],[-50.63462,-27.46943],[-50.65082,-27.45242],[-50.66919,-27.47085],[-50.69089,-27.42603],[-50.70056,-27.44288],[-50.71869,-27.42689],[-50.71376,-27.45044],[-50.73949,-27.43939],[-50.75,-27.44905],[-50.753,-27.43086],[-50.74208,-27.42773],[-50.75405,-27.42229],[-50.76758,-27.44145],[-50.79566,-27.43319],[-50.78132,-27.44809],[-50.78772,-27.45968],[-50.80606,-27.45685],[-50.80723,-27.46866],[-50.82297,-27.45164],[-50.83196,-27.46333],[-50.83311,-27.47685],[-50.80824,-27.48196],[-50.80257,-27.49511],[-50.83164,-27.51542],[-50.84666,-27.50868],[-50.86648,-27.53225],[-50.86138,-27.54416],[-50.88712,-27.53676],[-50.89618,-27.56135],[-50.90603,-27.53337],[-50.91853,-27.56096],[-50.96012,-27.55519],[-50.93173,-27.57636],[-50.96819,-27.57074],[-50.95503,-27.59751],[-50.99304,-27.60975],[-50.9589,-27.64573],[-51.00193,-27.66448],[-50.99683,-27.63964],[-51.05092,-27.64047],[-51.04439,-27.65287],[-51.06893,-27.64621],[-51.08766,-27.65502],[-51.08582,-27.62903],[-51.10182,-27.63392],[-51.13792,-27.61546],[-51.16783,-27.6258],[-51.18372,-27.61891],[-51.17909,-27.59466],[-51.19463,-27.59393],[-51.20294,-27.61604],[-51.21524,-27.6187],[-51.23274,-27.60073],[-51.25416,-27.63154],[-51.27361,-27.63313],[-51.31135,-27.61379],[-51.31502,-27.60156],[-51.34676,-27.59261],[-51.36259,-27.61477],[-51.37519,-27.61132],[-51.37791,-27.59801],[-51.40773,-27.5943],[-51.42263,-27.56626],[-51.45729,-27.60747],[-51.47528,-27.60074],[-51.48334,-27.56323],[-51.50191,-27.55614],[-51.54762,-27.55908],[-51.56713,-27.58433],[-51.58737,-27.56318],[-51.57997,-27.52362],[-51.62349,-27.54606],[-51.63113,-27.54146],[-51.62307,-27.49328],[-51.63258,-27.48861],[-51.64622,-27.49731],[-51.64743,-27.51633],[-51.66472,-27.51727],[-51.68421,-27.47955],[-51.70117,-27.47978],[-51.71732,-27.51144],[-51.72809,-27.51278],[-51.75155,-27.48811],[-51.80179,-27.49396],[-51.7857,-27.52822],[-51.7987,-27.53004],[-51.82179,-27.51279],[-51.85027,-27.52546],[-51.84363,-27.48314],[-51.85818,-27.47509],[-51.87615,-27.48163],[-51.87377,-27.51328],[-51.89479,-27.51702],[-51.90393,-27.45984],[-51.95988,-27.47342],[-51.96214,-27.46146],[-51.94167,-27.44888],[-51.93578,-27.42875],[-52.00847,-27.40207],[-51.98221,-27.38864],[-51.95063,-27.39451],[-51.95209,-27.38025],[-51.99247,-27.37837],[-52.02289,-27.36215],[-52.00811,-27.33368],[-52.04903,-27.34631],[-52.1071,-27.34341],[-52.11204,-27.30627],[-52.16906,-27.30929],[-52.1648,-27.27219],[-52.1801,-27.27664],[-52.20944,-27.33052],[-52.22477,-27.33061],[-52.2348,-27.31066],[-52.27843,-27.29677],[-52.23542,-27.26424],[-52.29877,-27.25751],[-52.30609,-27.26572],[-52.2913,-27.30524],[-52.29977,-27.31908],[-52.34203,-27.28958],[-52.37755,-27.30386],[-52.38577,-27.25352],[-52.39974,-27.26326],[-52.39783,-27.29249],[-52.43909,-27.2644],[-52.43254,-27.21784],[-52.47981,-27.23554],[-52.47642,-27.2592],[-52.49302,-27.26715],[-52.53626,-27.26009],[-52.55289,-27.23928],[-52.63322,-27.26548],[-52.66758,-27.23785],[-52.69152,-27.28442],[-52.70348,-27.27929],[-52.71378,-27.23769],[-52.72701,-27.236],[-52.7392,-27.25435],[-52.75632,-27.25841],[-52.76052,-27.2132],[-52.80097,-27.20343],[-52.84567,-27.20745],[-52.8513,-27.1703],[-52.92931,-27.20408],[-52.94218,-27.16642],[-52.95669,-27.16326],[-52.96852,-27.21303],[-52.98437,-27.22147],[-52.99998,-27.2067],[-53.00126,-27.18676],[-52.98514,-27.17049],[-52.99249,-27.13996],[-53.00597,-27.13749],[-53.02615,-27.15862],[-53.0442,-27.14406],[-53.04139,-27.12491],[-53.02033,-27.10455],[-53.02415,-27.08461],[-53.04821,-27.08365],[-53.0767,-27.10784],[-53.07124,-27.15697],[-53.08018,-27.16432],[-53.13218,-27.18023],[-53.1594,-27.14],[-53.17236,-27.14802],[-53.18769,-27.19226],[-53.24474,-27.17283],[-53.29307,-27.19692],[-53.31099,-27.21873],[-53.32073,-27.19824],[-53.2962,-27.13235],[-53.31731,-27.1186],[-53.34575,-27.12099],[-53.37064,-27.0911],[-53.40621,-27.13654],[-53.45537,-27.15689],[-53.47634,-27.13891],[-53.50313,-27.13476],[-53.49308,-27.20348],[-53.51825,-27.20218],[-53.55624,-27.17265],[-53.61823,-27.18734],[-53.64211,-27.21981]]],[[[-48.56231,-26.51464],[-48.56168,-26.51332],[-48.56151,-26.51465],[-48.56231,-26.51464]]],[[[-48.5835,-26.49705],[-48.58347,-26.49836],[-48.58467,-26.49801],[-48.5835,-26.49705]]],[[[-48.58203,-26.46788],[-48.58121,-26.46632],[-48.5791,-26.46816],[-48.58203,-26.46788]]],[[[-48.57058,-26.46027],[-48.56692,-26.45811],[-48.56653,-26.46127],[-48.57058,-26.46027]]],[[[-48.58317,-26.46017],[-48.57865,-26.45443],[-48.57717,-26.46009],[-48.58317,-26.46017]]],[[[-48.52514,-26.38498],[-48.52418,-26.38625],[-48.52542,-26.38749],[-48.52514,-26.38498]]],[[[-48.52476,-26.38375],[-48.52491,-26.38117],[-48.52291,-26.38105],[-48.52476,-26.38375]]],[[[-48.52292,-26.37212],[-48.52038,-26.37035],[-48.52245,-26.3743],[-48.52292,-26.37212]]],[[[-48.52276,-26.36778],[-48.52122,-26.36857],[-48.52193,-26.36991],[-48.52276,-26.36778]]],[[[-48.4932,-26.20278],[-48.49124,-26.20157],[-48.49052,-26.20307],[-48.4932,-26.20278]]],[[[-48.4874,-26.18474],[-48.487,-26.18484],[-48.48746,-26.18516],[-48.4874,-26.18474]]],[[[-48.48902,-26.18085],[-48.48703,-26.18004],[-48.48699,-26.18199],[-48.48902,-26.18085]]],[[[-48.48718,-26.17945],[-48.48738,-26.17929],[-48.48704,-26.17915],[-48.48718,-26.17945]]],[[[-48.48619,-26.17709],[-48.48191,-26.17503],[-48.48396,-26.18272],[-48.48619,-26.17709]]],[[[-48.47611,-26.16686],[-48.47563,-26.16709],[-48.47583,-26.16724],[-48.47611,-26.16686]]],[[[-48.48235,-26.16666],[-48.48225,-26.165],[-48.48075,-26.16608],[-48.48235,-26.16666]]],[[[-48.48606,-26.16419],[-48.4835,-26.16395],[-48.48542,-26.1656],[-48.48606,-26.16419]]],[[[-48.47827,-26.16352],[-48.47805,-26.16325],[-48.47814,-26.16379],[-48.47827,-26.16352]]],[[[-48.58977,-25.97592],[-48.59122,-25.97749],[-48.59179,-25.97653],[-48.58977,-25.97592]]]]}},{"type":"Feature","id":"cep2-90-91","properties":{"postal_code_id":"cep2-90-91","postal_codes":["90","91"],"first_digits":["9"],"states":["RS"]},"geometry":{"type":"MultiPolygon","coordinates":[[[[-51.16996,-30.26294],[-51.16231,-30.26213],[-51.16593,-30.26603],[-51.16996,-30.26294]]],[[[-51.19342,-30.24134],[-51.19197,-30.24112],[-51.19225,-30.24191],[-51.19342,-30.24134]]],[[[-51.28703,-30.12007],[-51.28609,-30.12132],[-51.28842,-30.12117],[-51.28703,-30.12007]]],[[[-51.1046,-30.25229],[-51.12784,-30.24764],[-51.13702,-30.26663],[-51.15969,-30.26182],[-51.15686,-30.23964],[-51.19284,-30.23484],[-51.17802,-30.21827],[-51.19432,-30.21356],[-51.19481,-30.19847],[-51.24886,-30.18553],[-51.23278,-30.18271],[-51.22802,-30.14008],[-51.26122,-30.12279],[-51.26687,-30.10457],[-51.25033,-30.09173],[-51.23539,-30.04459],[-51.25107,-30.0353],[-51.25648,-30.04777],[-51.27206,-30.0588],[-51.26154,-30.04738],[-51.26005,-30.03362],[-51.27246,-30.03863],[-51.26162,-30.00991],[-51.30506,-29.94948],[-51.24753,-29.93238],[-51.22063,-29.96649],[-51.20129,-29.97177],[-51.12643,-29.95424],[-51.08651,-29.97078],[-51.0943,-30.01596],[-51.08488,-30.04614],[-51.11404,-30.05183],[-51.12039,-30.06691],[-51.10908,-30.07824],[-51.11152,-30.10436],[-51.09631,-30.11486],[-51.07843,-30.17829],[-51.01142,-30.19626],[-51.05319,-30.2311],[-51.0538,-30.25988],[-51.09473,-30.24106],[-51.1046,-30.25229]]],[[[-51.29119,-30.06499],[-51.2947,-30.0552],[-51.28586,-30.0608],[-51.29119,-30.06499]]]]}},{"type":"Feature","id":"cep2-92","properties":{"postal_code_id":"cep2-92","postal_codes":["92"],"first_digits":["9"],"states":["RS"]},"geometry":{"type":"Polygon","coordinates":[[[-51.24409,-29.92306],[-51.24958,-29.8841],[-51.23161,-29.86231],[-51.1231,-29.86639],[-51.10601,-29.90245],[-51.13395,-29.96085],[-51.20129,-29.97177],[-51.22063,-29.96649],[-51.24409,-29.92306]]]}},{"type":"Feature","id":"cep2-93","properties":{"postal_code_id":"cep2-93","postal_codes":["93"],"first_digits":["9"],"states":["RS"]},"geometry":{"type":"Polygon","coordinates":[[[-51.17755,-29.86667],[-51.23161,-29.86231],[-51.24958,-29.8841],[-51.23391,-29.93843],[-51.3107,-29.93095],[-51.32907,-29.90815],[-51.36764,-29.88879],[-51.35427,-29.84205],[-51.37228,-29.82957],[-51.3501,-29.82125],[-51.3664,-29.78336],[-51.33372,-29.75664],[-51.30734,-29.77568],[-51.30137,-29.73991],[-51.28521,-29.72201],[-51.28813,-29.66231],[-51.27675,-29.65595],[-51.28398,-29.59372],[-51.27207,-29.58153],[-51.27012,-29.59015],[-51.24516,-29.58397],[-51.26196,-29.55984],[-51.2241,-29.54715],[-51.23682,-29.52695],[-51.17779,-29.4941],[-51.11247,-29.51074],[-51.10613,-29.47695],[-51.0788,-29.48005],[-51.07755,-29.46517],[-51.01246,-29.47604],[-51.0084,-29.4459],[-51.0425,-29.43944],[-51.00357,-29.42283],[-50.99105,-29.38722],[-50.95678,-29.42537],[-50.93993,-29.42455],[-50.90973,-29.45095],[-50.91209,-29.54523],[-50.85603,-29.55635],[-50.85942,-29.60791],[-50.88048,-29.63672],[-50.90601,-29.63138],[-50.92698,-29.67558],[-50.9467,-29.67939],[-50.94011,-29.77625],[-51.08114,-29.82976],[-51.10575,-29.87234],[-51.16568,-29.85925],[-51.17755,-29.86667]]]}},{"type":"Feature","id":"cep2-94","properties":{"postal_code_id":"cep2-94","postal_codes":["94"],"first_digits":["9"],"states":["RS"]},"geometry":{"type":"MultiPolygon","coordinates":[[[[-51.71313,-30.47233],[-51.7177,-30.44793],[-51.68051,-30.43768],[-51.69186,-30.42163],[-51.64748,-30.31442],[-51.65367,-30.29716],[-51.68573,-30.27934],[-51.67168,-30.26428],[-51.68051,-30.24044],[-51.66909,-30.23568],[-51.67041,-30.22102],[-51.68566,-30.2127],[-51.68195,-30.18348],[-51.69494,-30.17474],[-51.69068,-30.14519],[-51.70198,-30.12609],[-51.6884,-30.08034],[-51.62696,-30.07272],[-51.60023,-30.0132],[-51.58942,-30.01049],[-51.57156,-30.03478],[-51.54106,-30.04936],[-51.46658,-30.02297],[-51.44744,-30.01098],[-51.43479,-29.98318],[-51.40431,-29.98729],[-51.30506,-29.94948],[-51.26162,-30.00991],[-51.27246,-30.03863],[-51.27964,-30.03784],[-51.26816,-30.01648],[-51.28262,-30.02193],[-51.29937,-30.00263],[-51.29639,-30.04129],[-51.31393,-30.11209],[-51.30593,-30.13527],[-51.32449,-30.16584],[-51.31008,-30.17676],[-51.31493,-30.19402],[-51.33869,-30.23096],[-51.40628,-30.2304],[-51.40801,-30.26885],[-51.42186,-30.25373],[-51.44643,-30.25205],[-51.50227,-30.25949],[-51.51588,-30.27291],[-51.50748,-30.29652],[-51.52122,-30.32965],[-51.5018,-30.32084],[-51.49501,-30.35371],[-51.42946,-30.35398],[-51.44408,-30.38954],[-51.46508,-30.38628],[-51.49355,-30.41232],[-51.53623,-30.4124],[-51.52454,-30.51004],[-51.53607,-30.50723],[-51.54683,-30.52155],[-51.56319,-30.5108],[-51.59004,-30.5293],[-51.60504,-30.52424],[-51.623,-30.54292],[-51.67901,-30.509],[-51.69506,-30.52686],[-51.74939,-30.53525],[-51.75877,-30.50503],[-51.7516,-30.48458],[-51.71313,-30.47233]]],[[[-51.05841,-30.24358],[-51.01142,-30.19626],[-51.07843,-30.17829],[-51.12039,-30.06691],[-51.11404,-30.05183],[-51.08488,-30.04614],[-51.0943,-30.01596],[-51.08651,-29.97078],[-51.12643,-29.95424],[-51.10601,-29.90245],[-51.1231,-29.86639],[-51.10575,-29.87234],[-51.09557,-29.86416],[-51.08114,-29.82976],[-50.95774,-29.78928],[-50.85263,-29.79057],[-50.83547,-29.76574],[-50.80103,-29.77508],[-50.787,-29.76628],[-50.77285,-29.77619],[-50.71518,-29.77438],[-50.69367,-29.79015],[-50.69923,-29.79593],[-50.74034,-29.78203],[-50.75206,-29.78883],[-50.73408,-29.81357],[-50.68534,-29.83923],[-50.67994,-29.85674],[-50.67909,-29.88646],[-50.70623,-29.92617],[-50.68627,-29.95539],[-50.71785,-29.97893],[-50.71366,-30.01112],[-50.68454,-30.05155],[-50.65267,-30.03781],[-50.65347,-30.05867],[-50.63562,-30.05548],[-50.62149,-30.11987],[-50.62082,-30.19841],[-50.64432,-30.19224],[-50.65889,-30.19992],[-50.66407,-30.222],[-50.66889,-30.25488],[-50.65614,-30.28598],[-50.67324,-30.29664],[-50.7215,-30.29932],[-50.77202,-30.29662],[-50.78201,-30.28477],[-50.79487,-30.31235],[-50.7889,-30.33337],[-50.77587,-30.33397],[-50.79698,-30.33838],[-50.84402,-30.32076],[-50.91484,-30.32639],[-50.93455,-30.35557],[-50.93761,-30.40687],[-50.92717,-30.43383],[-50.90263,-30.44378],[-50.93004,-30.43577],[-51.01301,-30.38966],[-51.05558,-30.39198],[-51.04129,-30.36637],[-51.06808,-30.35354],[-51.03983,-30.34294],[-51.0198,-30.29651],[-51.03076,-30.27448],[-51.06931,-30.27129],[-51.0538,-30.25988],[-51.05841,-30.24358]]]]}},{"type":"Feature","id":"cep2-95","properties":{"postal_code_id":"cep2-95","postal_codes":["95"],"first_digits":["9"],"states":["RS"]},"geometry":{"type":"MultiPolygon","coordinates":[[[[-51.89868,-29.94685],[-51.93931,-29.94886],[-51.94069,-29.93188],[-51.98444,-29.94228],[-51.99203,-29.97186],[-52.00287,-29.97083],[-52.00148,-29.95554],[-52.0179,-29.93786],[-52.03308,-29.95726],[-52.06815,-29.93206],[-52.08369,-29.94563],[-52.10457,-29.94561],[-52.1406,-29.92484],[-52.18666,-29.93031],[-52.19344,-29.8897],[-52.17802,-29.82669],[-52.23261,-29.7754],[-52.14189,-29.75318],[-52.12037,-29.72378],[-52.15668,-29.70535],[-52.18884,-29.66813],[-52.21004,-29.66636],[-52.2601,-29.70238],[-52.31445,-29.66578],[-52.3314,-29.51792],[-52.34797,-29.50477],[-52.35917,-29.41673],[-52.38688,-29.37584],[-52.45924,-29.38487],[-52.48884,-29.34382],[-52.52313,-29.33736],[-52.52818,-29.32303],[-52.53501,-29.3286],[-52.52818,-29.25992],[-52.51923,-29.24772],[-52.45643,-29.24029],[-52.43944,-29.22937],[-52.42354,-29.14721],[-52.40713,-29.15658],[-52.3699,-29.1439],[-52.35142,-29.15017],[-52.34246,-29.14063],[-52.29236,-29.16391],[-52.29046,-29.12966],[-52.25549,-29.12029],[-52.24689,-29.10198],[-52.20672,-29.08484],[-52.22036,-29.07618],[-52.20469,-29.07291],[-52.22301,-29.06896],[-52.20864,-29.05158],[-52.21953,-29.05347],[-52.21528,-29.03987],[-52.22605,-29.03781],[-52.21504,-29.02666],[-52.22977,-29.0171],[-52.21477,-29.01065],[-52.23062,-28.995],[-52.22829,-28.97006],[-52.2613,-28.95858],[-52.26075,-28.93259],[-52.28034,-28.91247],[-52.27824,-28.88771],[-52.29318,-28.88829],[-52.30605,-28.85376],[-52.29601,-28.85151],[-52.31268,-28.84887],[-52.30958,-28.82917],[-52.32732,-28.81363],[-52.29525,-28.76257],[-52.30081,-28.74798],[-52.27775,-28.73518],[-52.27849,-28.69608],[-52.24346,-28.65965],[-52.23569,-28.67115],[-52.20321,-28.67357],[-52.19202,-28.66975],[-52.19521,-28.65495],[-52.17621,-28.66069],[-52.15595,-28.65171],[-52.13354,-28.673],[-52.10228,-28.66486],[-52.08445,-28.67684],[-52.08981,-28.69165],[-52.07717,-28.68715],[-52.07967,-28.7003],[-52.09801,-28.70254],[-52.08163,-28.71199],[-52.06852,-28.74736],[-52.07949,-28.76004],[-52.05979,-28.79528],[-52.06162,-28.82674],[-52.04342,-28.84432],[-52.03076,-28.84208],[-52.03451,-28.83406],[-52.01696,-28.84191],[-52.03275,-28.85493],[-52.0067,-28.86563],[-52.00886,-28.88351],[-51.99001,-28.8885],[-52.00278,-28.90369],[-51.98225,-28.90042],[-51.97025,-28.92292],[-51.96705,-28.90572],[-51.95394,-28.92922],[-51.95268,-28.90792],[-51.93295,-28.92817],[-51.91957,-28.92094],[-51.91325,-28.93217],[-51.92343,-28.94181],[-51.90837,-28.95173],[-51.9089,-28.96577],[-51.91424,-28.95337],[-51.92362,-28.95386],[-51.92133,-28.9643],[-51.90595,-28.97167],[-51.92235,-28.98175],[-51.90611,-28.98806],[-51.93189,-28.99431],[-51.91832,-29.02286],[-51.8523,-29.01685],[-51.8516,-29.02581],[-51.8141,-29.01451],[-51.8084,-29.08172],[-51.739,-29.11883],[-51.73913,-29.13675],[-51.71223,-29.11565],[-51.73074,-29.08476],[-51.7196,-29.07914],[-51.7133,-29.09062],[-51.72001,-29.0548],[-51.71033,-29.04598],[-51.72915,-29.03557],[-51.74118,-28.99452],[-51.76002,-28.99649],[-51.75128,-28.97542],[-51.77749,-28.97003],[-51.75667,-28.96352],[-51.76936,-28.95702],[-51.76761,-28.94329],[-51.79044,-28.93237],[-51.77872,-28.91581],[-51.81322,-28.90782],[-51.79131,-28.88382],[-51.80617,-28.8641],[-51.82967,-28.86779],[-51.8347,-28.83696],[-51.85837,-28.84178],[-51.8639,-28.83091],[-51.83527,-28.81756],[-51.87012,-28.80266],[-51.8336,-28.77761],[-51.83201,-28.76845],[-51.84614,-28.77231],[-51.83185,-28.757],[-51.85046,-28.75982],[-51.8585,-28.74871],[-51.83813,-28.74498],[-51.85306,-28.71251],[-51.82352,-28.70939],[-51.84654,-28.70722],[-51.85711,-28.68993],[-51.83597,-28.67852],[-51.86376,-28.67577],[-51.84758,-28.67108],[-51.86047,-28.65809],[-51.83958,-28.65196],[-51.86289,-28.63575],[-51.84835,-28.61048],[-51.8667,-28.61376],[-51.87022,-28.59299],[-51.84467,-28.58934],[-51.78627,-28.53104],[-51.79556,-28.52328],[-51.77837,-28.50451],[-51.78984,-28.48745],[-51.77385,-28.49337],[-51.7826,-28.47169],[-51.76233,-28.47396],[-51.77623,-28.46113],[-51.7224,-28.4354],[-51.72912,-28.41963],[-51.71325,-28.41592],[-51.71896,-28.39471],[-51.7047,-28.39575],[-51.71615,-28.3691],[-51.70256,-28.35535],[-51.70522,-28.31273],[-51.74883,-28.30803],[-51.74691,-28.29586],[-51.76429,-28.28808],[-51.82155,-28.29796],[-51.81041,-28.2424],[-51.88442,-28.2608],[-51.90303,-28.25623],[-51.91487,-28.23211],[-51.9035,-28.21096],[-51.8465,-28.24693],[-51.7985,-28.2129],[-51.79054,-28.19414],[-51.7809,-28.20559],[-51.73583,-28.21402],[-51.7317,-28.18437],[-51.71919,-28.19601],[-51.6924,-28.19046],[-51.70461,-28.16143],[-51.69002,-28.13892],[-51.62208,-28.13065],[-51.63489,-28.11272],[-51.60301,-28.09671],[-51.62701,-28.09188],[-51.62979,-28.07986],[-51.61363,-28.06333],[-51.65363,-28.03173],[-51.64591,-28.01792],[-51.67546,-28.02609],[-51.65096,-28.01299],[-51.66435,-28.0004],[-51.64594,-28.00374],[-51.64595,-27.99317],[-51.67663,-27.98297],[-51.67194,-27.9769],[-51.63673,-27.96533],[-51.54374,-27.9908],[-51.52573,-27.98396],[-51.5034,-27.95239],[-51.46015,-27.94923],[-51.46496,-27.8868],[-51.44697,-27.84713],[-51.45697,-27.82462],[-51.49439,-27.80371],[-51.50929,-27.77214],[-51.49901,-27.75766],[-51.51633,-27.73855],[-51.5002,-27.72362],[-51.50734,-27.71007],[-51.53083,-27.70926],[-51.5335,-27.69411],[-51.51656,-27.69199],[-51.51983,-27.6737],[-51.53422,-27.6725],[-51.54457,-27.64543],[-51.57249,-27.62524],[-51.56628,-27.61644],[-51.5822,-27.58753],[-51.57837,-27.57699],[-51.56086,-27.58308],[-51.54762,-27.55908],[-51.50191,-27.55614],[-51.48334,-27.56323],[-51.47528,-27.60074],[-51.43661,-27.62985],[-51.43237,-27.65561],[-51.38129,-27.6255],[-51.36983,-27.64048],[-51.37483,-27.66741],[-51.36011,-27.67879],[-51.31511,-27.67507],[-51.302,-27.70256],[-51.30881,-27.71946],[-51.27423,-27.72585],[-51.27197,-27.75174],[-51.24555,-27.76145],[-51.24013,-27.77902],[-51.21955,-27.77005],[-51.18777,-27.7777],[-51.16005,-27.80147],[-51.13461,-27.80366],[-51.13106,-27.83009],[-51.08223,-27.83393],[-51.07954,-27.85816],[-51.0534,-27.86888],[-51.05597,-27.90367],[-51.01646,-27.92551],[-51.02162,-27.94522],[-51.00919,-27.96444],[-50.98169,-27.94108],[-50.97358,-27.95446],[-50.92397,-27.97165],[-50.92324,-28.01199],[-50.88967,-28.02292],[-50.87527,-28.0413],[-50.90293,-28.08847],[-50.87592,-28.09508],[-50.87197,-28.13742],[-50.85899,-28.13971],[-50.83024,-28.11765],[-50.81818,-28.14127],[-50.78466,-28.14653],[-50.78882,-28.19833],[-50.7682,-28.18896],[-50.75388,-28.24462],[-50.69561,-28.26992],[-50.69522,-28.28852],[-50.65858,-28.32578],[-50.66523,-28.33792],[-50.62882,-28.36402],[-50.62568,-28.39206],[-50.59318,-28.38158],[-50.54424,-28.4275],[-50.5309,-28.42861],[-50.52838,-28.40415],[-50.45686,-28.41065],[-50.43591,-28.431],[-50.39446,-28.43344],[-50.38198,-28.44699],[-50.36114,-28.41963],[-50.35098,-28.42485],[-50.34585,-28.46355],[-50.34045,-28.44097],[-50.32317,-28.43388],[-50.27291,-28.45707],[-50.25029,-28.44709],[-50.26421,-28.44293],[-50.2468,-28.42827],[-50.22265,-28.46327],[-50.204,-28.44381],[-50.1785,-28.45189],[-50.15444,-28.49765],[-50.13973,-28.49539],[-50.15707,-28.45804],[-50.14865,-28.46124],[-50.12591,-28.42922],[-50.11348,-28.45178],[-50.12712,-28.46551],[-50.10266,-28.48409],[-50.08199,-28.47335],[-50.03954,-28.48004],[-50.01388,-28.45078],[-49.98939,-28.45715],[-49.98098,-28.44064],[-49.97077,-28.44021],[-49.96938,-28.45252],[-49.95224,-28.45075],[-49.94595,-28.48173],[-49.92883,-28.47213],[-49.93739,-28.45693],[-49.92851,-28.45122],[-49.90042,-28.46471],[-49.88885,-28.45942],[-49.89291,-28.4403],[-49.85422,-28.44466],[-49.87777,-28.45452],[-49.86357,-28.46285],[-49.86665,-28.48863],[-49.83987,-28.48732],[-49.83934,-28.49649],[-49.80878,-28.46922],[-49.78225,-28.49666],[-49.78101,-28.47177],[-49.76442,-28.46103],[-49.77083,-28.49433],[-49.76546,-28.5012],[-49.74826,-28.49397],[-49.72687,-28.51893],[-49.74943,-28.54569],[-49.7311,-28.551],[-49.71766,-28.57722],[-49.71231,-28.57225],[-49.71019,-28.60434],[-49.69139,-28.62137],[-49.70414,-28.63003],[-49.75447,-28.62832],[-49.75736,-28.61541],[-49.77164,-28.62723],[-49.78434,-28.62438],[-49.78256,-28.6098],[-49.819,-28.64287],[-49.82275,-28.65454],[-49.81078,-28.6519],[-49.82458,-28.66574],[-49.83918,-28.66654],[-49.83805,-28.68952],[-49.81421,-28.68637],[-49.83406,-28.69329],[-49.8402,-28.71305],[-49.87181,-28.70299],[-49.86802,-28.72196],[-49.88134,-28.74652],[-49.89106,-28.73821],[-49.88255,-28.71739],[-49.91366,-28.72379],[-49.90495,-28.70761],[-49.93468,-28.72568],[-49.92174,-28.74554],[-49.93703,-28.75667],[-49.95076,-28.75325],[-49.96133,-28.77218],[-49.95112,-28.80243],[-49.9627,-28.79911],[-49.95709,-28.86177],[-49.96903,-28.87704],[-49.94118,-28.87628],[-49.96509,-28.92553],[-49.95086,-28.92691],[-49.95803,-28.96255],[-49.92031,-28.9778],[-49.93823,-28.97873],[-49.96633,-29.02271],[-49.94143,-29.02133],[-49.961,-29.05081],[-50.00269,-29.07297],[-49.95111,-29.0614],[-49.95616,-29.08492],[-49.96826,-29.08422],[-49.96828,-29.11478],[-49.99302,-29.11819],[-49.98432,-29.13671],[-50.01342,-29.12682],[-50.00908,-29.15679],[-50.02106,-29.151],[-50.02875,-29.17187],[-50.01632,-29.18278],[-50.03861,-29.17744],[-50.06284,-29.18592],[-50.06131,-29.17518],[-50.07327,-29.18797],[-50.08989,-29.16422],[-50.06329,-29.15524],[-50.09684,-29.15894],[-50.08539,-29.1936],[-50.0969,-29.20029],[-50.08477,-29.19828],[-50.08402,-29.22666],[-50.11103,-29.23523],[-50.09328,-29.21278],[-50.13781,-29.19374],[-50.16106,-29.20413],[-50.13397,-29.20791],[-50.15123,-29.23016],[-50.14071,-29.22841],[-50.14108,-29.23831],[-50.17695,-29.24942],[-50.13875,-29.25352],[-50.14619,-29.26174],[-50.13593,-29.29977],[-50.12774,-29.28173],[-50.10574,-29.29834],[-50.11253,-29.30397],[-50.08509,-29.31487],[-50.08775,-29.32432],[-50.05818,-29.32757],[-50.06648,-29.33551],[-50.03851,-29.34725],[-50.041,-29.35507],[-50.03404,-29.34961],[-50.05121,-29.32411],[-50.1093,-29.27927],[-50.11432,-29.25762],[-49.99682,-29.22828],[-49.97114,-29.20476],[-49.94552,-29.20145],[-49.8571,-29.23306],[-49.84323,-29.27797],[-49.7421,-29.29882],[-49.73082,-29.31835],[-49.74439,-29.32882],[-49.71294,-29.32558],[-49.90729,-29.58465],[-50.01761,-29.77247],[-50.11924,-29.97617],[-50.33426,-30.5008],[-50.68643,-30.5008],[-50.70051,-30.42476],[-50.72949,-30.36814],[-50.70558,-30.34763],[-50.64875,-30.39132],[-50.62399,-30.3921],[-50.63792,-30.37893],[-50.62592,-30.32959],[-50.5931,-30.40034],[-50.65373,-30.41749],[-50.64922,-30.45361],[-50.6111,-30.48571],[-50.58266,-30.49014],[-50.56451,-30.43758],[-50.56564,-30.38791],[-50.54532,-30.35598],[-50.55538,-30.31683],[-50.53778,-30.27387],[-50.54263,-30.25233],[-50.57546,-30.23823],[-50.59649,-30.19494],[-50.62082,-30.19841],[-50.63562,-30.05548],[-50.65347,-30.05867],[-50.65267,-30.03781],[-50.68454,-30.05155],[-50.71366,-30.01112],[-50.71785,-29.97893],[-50.68627,-29.95539],[-50.70623,-29.92617],[-50.67909,-29.88646],[-50.67994,-29.85674],[-50.68534,-29.83923],[-50.73408,-29.81357],[-50.75206,-29.78883],[-50.74034,-29.78203],[-50.69367,-29.79015],[-50.72831,-29.76925],[-50.77285,-29.77619],[-50.787,-29.76628],[-50.80103,-29.77508],[-50.82223,-29.76535],[-50.83547,-29.76574],[-50.85263,-29.79057],[-50.95774,-29.78928],[-50.93428,-29.76407],[-50.9467,-29.67939],[-50.92698,-29.67558],[-50.90601,-29.63138],[-50.88048,-29.63672],[-50.85942,-29.60791],[-50.85603,-29.55635],[-50.91209,-29.54523],[-50.90973,-29.45095],[-50.93993,-29.42455],[-50.95678,-29.42537],[-50.98132,-29.3904],[-50.99105,-29.38722],[-51.01931,-29.43677],[-51.0425,-29.43944],[-51.0084,-29.4459],[-51.01246,-29.47604],[-51.07755,-29.46517],[-51.0788,-29.48005],[-51.10613,-29.47695],[-51.11247,-29.51074],[-51.14643,-29.50584],[-51.14438,-29.49753],[-51.19697,-29.49942],[-51.20001,-29.51103],[-51.23682,-29.52695],[-51.2241,-29.54715],[-51.26196,-29.55984],[-51.24516,-29.58397],[-51.27952,-29.58388],[-51.28521,-29.72201],[-51.30137,-29.73991],[-51.30734,-29.77568],[-51.33372,-29.75664],[-51.3664,-29.78336],[-51.3501,-29.82125],[-51.37228,-29.82957],[-51.35427,-29.84205],[-51.36764,-29.88879],[-51.32907,-29.90815],[-51.3107,-29.93095],[-51.26711,-29.935],[-51.27703,-29.94299],[-51.41247,-29.98796],[-51.43479,-29.98318],[-51.46223,-29.94901],[-51.50703,-29.92749],[-51.60271,-29.94422],[-51.72664,-29.94667],[-51.75003,-29.95979],[-51.86813,-29.96004],[-51.89868,-29.94685]]],[[[-49.70392,-29.34774],[-49.70499,-29.34734],[-49.70442,-29.34545],[-49.70392,-29.34774]]]]}},{"type":"Feature","id":"cep2-96","properties":{"postal_code_id":"cep2-96","postal_codes":["96"],"first_digits":["9"],"states":["RS"]},"geometry":{"type":"Polygon","coordinates":[[[-53.5295,-33.6884],[-53.52608,-33.62621],[-53.53639,-33.61301],[-53.52363,-33.59348],[-53.50792,-33.35314],[-53.52174,-33.26515],[-53.51825,-33.15335],[-53.44441,-33.05295],[-53.24471,-32.93488],[-53.31016,-32.91876],[-53.29458,-32.8993],[-53.18496,-32.85043],[-53.13845,-32.7893],[-53.0858,-32.78835],[-53.07558,-32.74088],[-53.18441,-32.64653],[-53.23706,-32.62977],[-53.24559,-32.60711],[-53.26857,-32.60406],[-53.28881,-32.6211],[-53.33882,-32.58462],[-53.35272,-32.59193],[-53.3697,-32.56987],[-53.38812,-32.58693],[-53.40339,-32.57999],[-53.41742,-32.5609],[-53.43243,-32.56493],[-53.47094,-32.48069],[-53.51707,-32.48924],[-53.58404,-32.45131],[-53.61582,-32.41511],[-53.61438,-32.3984],[-53.64402,-32.38493],[-53.63312,-32.35398],[-53.65717,-32.31682],[-53.64409,-32.2952],[-53.67779,-32.2586],[-53.68519,-32.21962],[-53.72349,-32.17368],[-53.7171,-32.15548],[-53.74439,-32.11637],[-53.72527,-32.09585],[-53.74537,-32.09144],[-53.74787,-32.07786],[-53.80669,-32.06986],[-53.83332,-32.05514],[-53.83815,-32.03283],[-53.85115,-32.02739],[-53.84943,-32.00113],[-53.89213,-31.99539],[-53.91324,-31.96568],[-53.96027,-31.95542],[-53.97149,-31.94271],[-53.96326,-31.92196],[-54.04016,-31.89677],[-54.07,-31.92262],[-54.10143,-31.9271],[-54.10528,-31.91295],[-54.45464,-31.65285],[-54.46574,-31.61002],[-54.45797,-31.59406],[-54.46795,-31.5931],[-54.47294,-31.57035],[-54.49364,-31.55814],[-54.51564,-31.51018],[-54.57744,-31.48103],[-54.58685,-31.45654],[-54.67034,-31.45408],[-54.75202,-31.42446],[-54.83646,-31.44194],[-54.88598,-31.37728],[-54.94108,-31.37925],[-54.93505,-31.35648],[-54.95921,-31.35245],[-54.95777,-31.32444],[-54.98285,-31.3114],[-55.00241,-31.26922],[-55.03189,-31.26974],[-55.03575,-31.2839],[-55.07985,-31.2109],[-55.06834,-31.15883],[-55.09559,-31.11811],[-55.11561,-31.01086],[-55.14795,-30.98063],[-55.10713,-30.91207],[-55.04051,-30.87734],[-55.0288,-30.85465],[-55.04073,-30.79463],[-55.01148,-30.72297],[-54.97237,-30.73351],[-54.90608,-30.71946],[-54.84379,-30.73547],[-54.80008,-30.70026],[-54.78227,-30.69916],[-54.77299,-30.66359],[-54.7327,-30.6306],[-54.72017,-30.59649],[-54.70359,-30.59861],[-54.68739,-30.61773],[-54.67125,-30.66093],[-54.69607,-30.68271],[-54.67929,-30.69375],[-54.68704,-30.7046],[-54.72302,-30.71324],[-54.70874,-30.75912],[-54.68574,-30.75187],[-54.67302,-30.7704],[-54.66058,-30.76672],[-54.66017,-30.78011],[-54.59748,-30.78507],[-54.558,-30.81505],[-54.55652,-30.83742],[-54.53864,-30.84768],[-54.54515,-30.86874],[-54.51541,-30.86475],[-54.48383,-30.8871],[-54.46728,-30.87529],[-54.43489,-30.87409],[-54.44593,-30.88102],[-54.43256,-30.89103],[-54.38928,-30.8945],[-54.38274,-30.90489],[-54.37064,-30.88021],[-54.36781,-30.89757],[-54.3497,-30.8893],[-54.34879,-30.90742],[-54.33474,-30.90422],[-54.25869,-30.93784],[-54.23769,-30.92976],[-54.20121,-30.95492],[-54.16579,-30.95283],[-54.13578,-30.9803],[-54.11897,-30.98133],[-54.08648,-30.95326],[-54.0345,-30.96264],[-53.98845,-30.98886],[-53.94177,-30.98117],[-53.91492,-30.96518],[-53.92004,-30.95683],[-53.93499,-30.96047],[-53.92344,-30.93981],[-53.89483,-30.94539],[-53.86968,-30.92518],[-53.88721,-30.91699],[-53.87326,-30.90947],[-53.79459,-30.90932],[-53.78281,-30.89036],[-53.76138,-30.88901],[-53.73805,-30.86992],[-53.72078,-30.87501],[-53.69869,-30.8526],[-53.66669,-30.85171],[-53.68845,-30.82473],[-53.68598,-30.81199],[-53.69986,-30.81632],[-53.72171,-30.78788],[-53.74726,-30.77264],[-53.76848,-30.79783],[-53.78547,-30.79991],[-53.80519,-30.78791],[-53.80354,-30.76532],[-53.82091,-30.75143],[-53.80389,-30.72918],[-53.81247,-30.71009],[-53.79726,-30.70569],[-53.79757,-30.64325],[-53.7875,-30.63881],[-53.80373,-30.63297],[-53.77488,-30.62021],[-53.7867,-30.60812],[-53.73822,-30.56995],[-53.74897,-30.53315],[-53.74519,-30.51371],[-53.71141,-30.48029],[-53.72139,-30.42243],[-53.70818,-30.421],[-53.71265,-30.39478],[-53.69258,-30.42226],[-53.65595,-30.43231],[-53.61404,-30.37781],[-53.5477,-30.36302],[-53.54674,-30.39282],[-53.52759,-30.40321],[-53.51658,-30.39715],[-53.46068,-30.31894],[-53.4691,-30.31337],[-53.4625,-30.30104],[-53.48414,-30.29531],[-53.46651,-30.26228],[-53.41981,-30.23032],[-53.4142,-30.21145],[-53.39014,-30.21307],[-53.26259,-30.09055],[-53.23974,-30.08866],[-53.23632,-30.0744],[-53.1947,-30.04289],[-53.16717,-29.99481],[-53.12566,-29.96828],[-53.10354,-29.97026],[-53.08305,-29.93373],[-53.11994,-29.91976],[-53.1095,-29.85218],[-53.12006,-29.83504],[-53.16132,-29.81289],[-53.16086,-29.78228],[-53.17455,-29.76973],[-53.18141,-29.7757],[-53.20111,-29.83671],[-53.27683,-29.79887],[-53.26766,-29.78188],[-53.28964,-29.78573],[-53.28987,-29.77694],[-53.26943,-29.74966],[-53.25427,-29.74697],[-53.25352,-29.73019],[-53.27973,-29.72287],[-53.29133,-29.73001],[-53.28234,-29.68977],[-53.29458,-29.67333],[-53.31337,-29.6855],[-53.35537,-29.66822],[-53.35935,-29.65183],[-53.35194,-29.64559],[-53.36189,-29.63672],[-53.3485,-29.62556],[-53.32953,-29.63509],[-53.30691,-29.61653],[-53.29728,-29.62377],[-53.28707,-29.61619],[-53.30907,-29.59923],[-53.30646,-29.5797],[-53.32374,-29.57547],[-53.33498,-29.55621],[-53.31001,-29.53786],[-53.29884,-29.49009],[-53.2808,-29.47826],[-53.29137,-29.44847],[-53.26535,-29.44933],[-53.28623,-29.43557],[-53.2444,-29.42261],[-53.21992,-29.36988],[-53.23948,-29.34035],[-53.23,-29.30923],[-53.24753,-29.28809],[-53.24023,-29.26458],[-53.21429,-29.27341],[-53.21078,-29.26412],[-53.23758,-29.25685],[-53.23196,-29.24779],[-53.24702,-29.24036],[-53.2455,-29.19362],[-53.26656,-29.19067],[-53.24311,-29.16863],[-53.25515,-29.16965],[-53.26144,-29.14429],[-53.25303,-29.13612],[-53.14142,-29.13079],[-53.1151,-29.14801],[-53.09427,-29.13986],[-53.06392,-29.18181],[-53.06298,-29.16094],[-53.01918,-29.15866],[-53.00507,-29.14832],[-53.01181,-29.13904],[-52.99945,-29.13899],[-52.98675,-29.1569],[-52.96593,-29.15349],[-52.94756,-29.17662],[-52.91611,-29.19226],[-52.90386,-29.18817],[-52.90953,-29.19814],[-52.88381,-29.20574],[-52.89902,-29.23471],[-52.88547,-29.24998],[-52.89635,-29.26767],[-52.88258,-29.30093],[-52.89945,-29.31624],[-52.8572,-29.31765],[-52.84156,-29.32845],[-52.80994,-29.31927],[-52.75417,-29.36413],[-52.74347,-29.36497],[-52.73926,-29.33445],[-52.73227,-29.34189],[-52.71923,-29.3059],[-52.70963,-29.30591],[-52.7301,-29.29183],[-52.69096,-29.28539],[-52.69645,-29.26269],[-52.67584,-29.25381],[-52.67403,-29.23315],[-52.61495,-29.2314],[-52.59845,-29.21426],[-52.58011,-29.22829],[-52.52634,-29.21917],[-52.50101,-29.24728],[-52.51923,-29.24772],[-52.52818,-29.25992],[-52.53501,-29.3286],[-52.52818,-29.32303],[-52.52313,-29.33736],[-52.48884,-29.34382],[-52.45924,-29.38487],[-52.38688,-29.37584],[-52.35301,-29.42892],[-52.35665,-29.46227],[-52.34797,-29.50477],[-52.3314,-29.51792],[-52.31445,-29.66578],[-52.2601,-29.70238],[-52.21004,-29.66636],[-52.18884,-29.66813],[-52.15668,-29.70535],[-52.12037,-29.72378],[-52.14189,-29.75318],[-52.23261,-29.7754],[-52.17802,-29.82669],[-52.19344,-29.8897],[-52.18666,-29.93031],[-52.1406,-29.92484],[-52.10457,-29.94561],[-52.08369,-29.94563],[-52.06815,-29.93206],[-52.03308,-29.95726],[-52.0179,-29.93786],[-52.00148,-29.95554],[-52.00287,-29.97083],[-51.99203,-29.97186],[-51.98444,-29.94228],[-51.94069,-29.93188],[-51.93931,-29.94886],[-51.89868,-29.94685],[-51.86813,-29.96004],[-51.75003,-29.95979],[-51.72664,-29.94667],[-51.60271,-29.94422],[-51.53233,-29.92727],[-51.50703,-29.92749],[-51.46223,-29.94901],[-51.43479,-29.98318],[-51.44744,-30.01098],[-51.46658,-30.02297],[-51.54106,-30.04936],[-51.57156,-30.03478],[-51.58942,-30.01049],[-51.60023,-30.0132],[-51.62696,-30.07272],[-51.6884,-30.08034],[-51.70198,-30.12609],[-51.69068,-30.14519],[-51.69494,-30.17474],[-51.68195,-30.18348],[-51.68566,-30.2127],[-51.67041,-30.22102],[-51.66909,-30.23568],[-51.68051,-30.24044],[-51.67168,-30.26428],[-51.68573,-30.27934],[-51.65367,-30.29716],[-51.64885,-30.33027],[-51.68092,-30.38368],[-51.67452,-30.39827],[-51.69186,-30.42163],[-51.68051,-30.43768],[-51.7177,-30.44793],[-51.71313,-30.47233],[-51.7516,-30.48458],[-51.75877,-30.50503],[-51.74939,-30.53525],[-51.69506,-30.52686],[-51.67901,-30.509],[-51.623,-30.54292],[-51.60504,-30.52424],[-51.59004,-30.5293],[-51.56319,-30.5108],[-51.54683,-30.52155],[-51.53607,-30.50723],[-51.52454,-30.51004],[-51.53623,-30.4124],[-51.49355,-30.41232],[-51.46508,-30.38628],[-51.44408,-30.38954],[-51.42946,-30.35398],[-51.49501,-30.35371],[-51.5018,-30.32084],[-51.52122,-30.32965],[-51.50748,-30.29652],[-51.51588,-30.27291],[-51.50227,-30.25949],[-51.44643,-30.25205],[-51.42186,-30.25373],[-51.40801,-30.26885],[-51.40628,-30.2304],[-51.32828,-30.22645],[-51.31008,-30.17676],[-51.32449,-30.16584],[-51.30593,-30.13527],[-51.31128,-30.08062],[-51.29639,-30.04129],[-51.29937,-30.00263],[-51.29028,-30.00222],[-51.28262,-30.02193],[-51.26816,-30.01648],[-51.27964,-30.03784],[-51.26005,-30.03362],[-51.27206,-30.0588],[-51.25107,-30.0353],[-51.23539,-30.04459],[-51.25033,-30.09173],[-51.26687,-30.10457],[-51.26122,-30.12279],[-51.22802,-30.14008],[-51.23278,-30.18271],[-51.24886,-30.18553],[-51.19481,-30.19847],[-51.19432,-30.21356],[-51.17802,-30.21827],[-51.19284,-30.23484],[-51.15686,-30.23964],[-51.15969,-30.26182],[-51.13702,-30.26663],[-51.12784,-30.24764],[-51.1046,-30.25229],[-51.09473,-30.24106],[-51.0697,-30.2472],[-51.06931,-30.27129],[-51.05921,-30.27671],[-51.04842,-30.26792],[-51.02248,-30.28415],[-51.02386,-30.31637],[-51.03983,-30.34294],[-51.06808,-30.35354],[-51.04129,-30.36637],[-51.05558,-30.39198],[-51.01301,-30.38966],[-50.93004,-30.43577],[-50.90263,-30.44378],[-50.92717,-30.43383],[-50.93761,-30.40687],[-50.93455,-30.35557],[-50.91484,-30.32639],[-50.84402,-30.32076],[-50.79698,-30.33838],[-50.77587,-30.33397],[-50.7889,-30.33337],[-50.79487,-30.31235],[-50.78201,-30.28477],[-50.77202,-30.29662],[-50.67324,-30.29664],[-50.65497,-30.28147],[-50.66889,-30.25488],[-50.65889,-30.19992],[-50.59649,-30.19494],[-50.57546,-30.23823],[-50.54263,-30.25233],[-50.53778,-30.27387],[-50.55538,-30.31683],[-50.5437,-30.34215],[-50.56747,-30.39571],[-50.57133,-30.47106],[-50.58266,-30.49014],[-50.59714,-30.49089],[-50.64922,-30.45361],[-50.65373,-30.41749],[-50.5931,-30.40034],[-50.62592,-30.32959],[-50.63792,-30.37893],[-50.62399,-30.3921],[-50.64875,-30.39132],[-50.70558,-30.34763],[-50.72949,-30.36814],[-50.70051,-30.42476],[-50.68643,-30.5008],[-50.33426,-30.5008],[-50.76724,-31.11011],[-50.87914,-31.22704],[-51.04008,-31.35995],[-51.26752,-31.57861],[-51.48372,-31.73193],[-51.83088,-31.91916],[-51.96891,-32.03184],[-52.07724,-32.14321],[-52.08189,-32.15985],[-52.12488,-32.16926],[-52.23388,-32.26023],[-52.29303,-32.33832],[-52.37098,-32.48823],[-52.41573,-32.60523],[-52.46406,-32.78763],[-52.51856,-32.91183],[-52.62386,-33.10424],[-52.77673,-33.28309],[-53.15624,-33.59008],[-53.37004,-33.7439],[-53.3969,-33.75077],[-53.43105,-33.73935],[-53.43952,-33.69346],[-53.5295,-33.6884]],[[-51.2947,-30.0552],[-51.29119,-30.06499],[-51.28586,-30.0608],[-51.2947,-30.0552]],[[-51.16593,-30.26603],[-51.16231,-30.26213],[-51.16996,-30.26294],[-51.16593,-30.26603]],[[-51.28842,-30.12117],[-51.28609,-30.12132],[-51.28703,-30.12007],[-51.28842,-30.12117]],[[-51.19225,-30.24191],[-51.19197,-30.24112],[-51.19342,-30.24134],[-51.19225,-30.24191]]]}},{"type":"Feature","id":"cep2-97","properties":{"postal_code_id":"cep2-97","postal_codes":["97"],"first_digits":["9"],"states":["RS"]},"geometry":{"type":"Polygon","coordinates":[[[-55.07446,-31.33209],[-55.10904,-31.30768],[-55.12206,-31.31278],[-55.18379,-31.26535],[-55.24676,-31.25224],[-55.2501,-31.20601],[-55.28573,-31.18547],[-55.27191,-31.17284],[-55.28858,-31.16584],[-55.29412,-31.14431],[-55.33846,-31.13369],[-55.32747,-31.08818],[-55.3601,-31.06743],[-55.35135,-31.03761],[-55.36257,-31.039],[-55.37389,-31.01909],[-55.4049,-31.02733],[-55.43705,-31.00472],[-55.42458,-30.98563],[-55.44436,-30.95845],[-55.47836,-30.95385],[-55.51017,-30.90176],[-55.54591,-30.89054],[-55.57861,-30.8329],[-55.60678,-30.84965],[-55.63786,-30.84622],[-55.65782,-30.86382],[-55.64212,-30.9116],[-55.66347,-30.93317],[-55.66619,-30.95398],[-55.69487,-30.94345],[-55.70965,-30.95462],[-55.71879,-30.94164],[-55.72829,-30.97945],[-55.74432,-30.97878],[-55.75216,-30.99743],[-55.7732,-30.99705],[-55.76656,-31.01002],[-55.78089,-31.01715],[-55.81218,-31.01469],[-55.82978,-31.0437],[-55.85528,-31.04512],[-55.87076,-31.07157],[-55.89086,-31.07715],[-55.8987,-31.06671],[-55.93028,-31.08626],[-55.9793,-31.0732],[-55.99267,-31.08505],[-56.01112,-31.08158],[-56.01105,-30.91195],[-55.99038,-30.86641],[-56.02361,-30.78574],[-56.06213,-30.77502],[-56.07418,-30.74558],[-56.08839,-30.75752],[-56.10733,-30.732],[-56.12679,-30.74055],[-56.13031,-30.71652],[-56.1501,-30.70549],[-56.1381,-30.6871],[-56.16669,-30.66342],[-56.16458,-30.64316],[-56.18287,-30.62456],[-56.17094,-30.61452],[-56.18767,-30.60469],[-56.21988,-30.60708],[-56.23421,-30.59361],[-56.22625,-30.57813],[-56.24505,-30.57374],[-56.26184,-30.58465],[-56.25674,-30.56695],[-56.26516,-30.55514],[-56.27667,-30.56069],[-56.29061,-30.52199],[-56.33128,-30.52935],[-56.35715,-30.49168],[-56.37808,-30.50146],[-56.40282,-30.47407],[-56.39819,-30.44844],[-56.45423,-30.42202],[-56.44454,-30.41161],[-56.46218,-30.38448],[-56.49136,-30.39811],[-56.52158,-30.35895],[-56.54614,-30.36065],[-56.54093,-30.31469],[-56.55575,-30.3203],[-56.57658,-30.30225],[-56.57431,-30.29132],[-56.61874,-30.30123],[-56.6095,-30.26944],[-56.61599,-30.26157],[-56.6276,-30.26686],[-56.6405,-30.25545],[-56.62495,-30.24549],[-56.65207,-30.21959],[-56.66874,-30.2181],[-56.64602,-30.2088],[-56.66368,-30.19743],[-56.69625,-30.20505],[-56.70988,-30.17576],[-56.78194,-30.15877],[-56.78027,-30.12663],[-56.79945,-30.1223],[-56.82417,-30.09564],[-56.88889,-30.08911],[-56.90263,-30.11234],[-56.91538,-30.11022],[-56.91777,-30.0962],[-56.95558,-30.10114],[-56.9845,-30.08743],[-57.0239,-30.08754],[-57.0448,-30.10574],[-57.06784,-30.10121],[-57.06647,-30.08528],[-57.09549,-30.12126],[-57.11521,-30.1137],[-57.1057,-30.13513],[-57.11448,-30.14546],[-57.12916,-30.14084],[-57.16721,-30.19633],[-57.15514,-30.23322],[-57.19625,-30.26451],[-57.20421,-30.28514],[-57.22026,-30.28929],[-57.25008,-30.28916],[-57.25855,-30.26717],[-57.28456,-30.29372],[-57.31136,-30.2581],[-57.35204,-30.28448],[-57.36492,-30.27105],[-57.38944,-30.30246],[-57.42138,-30.30088],[-57.4164,-30.27798],[-57.4523,-30.27604],[-57.46606,-30.26515],[-57.49006,-30.26902],[-57.50027,-30.28885],[-57.52541,-30.28547],[-57.56634,-30.25911],[-57.55785,-30.21338],[-57.60337,-30.18967],[-57.64514,-30.19369],[-57.6468,-30.18159],[-57.5941,-30.17899],[-57.52561,-30.15139],[-57.4646,-30.11034],[-57.41752,-30.03837],[-57.35198,-30.00806],[-57.32813,-29.97194],[-57.32458,-29.87282],[-57.28218,-29.81729],[-57.2354,-29.78079],[-57.13191,-29.77016],[-57.03343,-29.69571],[-57.00092,-29.65191],[-56.97115,-29.64341],[-56.9678,-29.60179],[-56.95092,-29.58069],[-56.90196,-29.53382],[-56.82209,-29.49002],[-56.7795,-29.43737],[-56.7684,-29.378],[-56.69997,-29.35644],[-56.65071,-29.26435],[-56.64584,-29.20029],[-56.58875,-29.11981],[-56.55013,-29.11665],[-56.50303,-29.08866],[-56.42177,-29.07549],[-56.39912,-29.01735],[-56.41617,-29.00074],[-56.40634,-28.9726],[-56.37899,-28.94803],[-56.34419,-28.94006],[-56.30005,-28.89556],[-56.30121,-28.81705],[-56.28911,-28.79372],[-56.26093,-28.77901],[-56.19416,-28.7752],[-56.11915,-28.68125],[-56.04735,-28.62409],[-56.01767,-28.61294],[-56.00337,-28.5978],[-56.02569,-28.53479],[-56.01122,-28.50689],[-55.88401,-28.47916],[-55.90039,-28.39835],[-55.87874,-28.36185],[-55.85058,-28.35539],[-55.75657,-28.36943],[-55.73435,-28.38121],[-55.71346,-28.42576],[-55.69218,-28.41638],[-55.66915,-28.34076],[-55.72358,-28.29268],[-55.77318,-28.27424],[-55.78256,-28.25606],[-55.77125,-28.24145],[-55.69258,-28.21879],[-55.65302,-28.1821],[-55.63423,-28.17784],[-55.61073,-28.11746],[-55.58341,-28.12517],[-55.58534,-28.14795],[-55.55755,-28.16456],[-55.53983,-28.12261],[-55.51324,-28.11465],[-55.49941,-28.08106],[-55.48788,-28.07646],[-55.45246,-28.09795],[-55.44256,-28.09431],[-55.42217,-28.06216],[-55.36939,-28.02726],[-55.38719,-27.98619],[-55.33999,-27.96653],[-55.32728,-27.92674],[-55.27777,-27.93292],[-55.27838,-27.94851],[-55.24213,-27.95965],[-55.21307,-27.95321],[-55.17995,-27.99227],[-55.16826,-27.99189],[-55.15074,-28.03718],[-55.10925,-28.03367],[-55.10743,-28.02131],[-55.08932,-28.0272],[-55.08948,-28.00952],[-55.07345,-28.00988],[-55.07957,-27.94218],[-55.04853,-27.94196],[-55.04858,-27.9228],[-55.01624,-27.92495],[-55.0065,-27.90761],[-54.98827,-27.90474],[-54.96473,-27.92193],[-54.96924,-27.93443],[-54.9398,-27.93018],[-54.94095,-27.94687],[-54.93043,-27.93977],[-54.92424,-27.9515],[-54.90859,-27.94903],[-54.91427,-27.96065],[-54.89556,-27.9733],[-54.91106,-27.98606],[-54.86162,-27.99914],[-54.873,-28.00889],[-54.85756,-28.02311],[-54.85228,-28.01401],[-54.83185,-28.03495],[-54.83519,-28.0225],[-54.80943,-28.02297],[-54.82073,-28.02632],[-54.80971,-28.03509],[-54.81603,-28.05045],[-54.75022,-28.04294],[-54.75838,-28.05523],[-54.74749,-28.06914],[-54.7309,-28.0558],[-54.69676,-28.06754],[-54.69361,-28.05384],[-54.69245,-28.0651],[-54.66645,-28.06187],[-54.67883,-28.06992],[-54.67416,-28.08116],[-54.67188,-28.07169],[-54.64664,-28.07452],[-54.66073,-28.09671],[-54.65196,-28.08744],[-54.64039,-28.09775],[-54.57442,-28.09331],[-54.57445,-28.1024],[-54.54438,-28.11573],[-54.53242,-28.1142],[-54.52806,-28.09273],[-54.50369,-28.09965],[-54.50145,-28.09075],[-54.42691,-28.06993],[-54.42811,-28.0907],[-54.39614,-28.12876],[-54.41066,-28.13509],[-54.41133,-28.19351],[-54.45101,-28.19361],[-54.45094,-28.22545],[-54.47755,-28.23187],[-54.53338,-28.27667],[-54.54651,-28.27039],[-54.56953,-28.27886],[-54.57384,-28.29881],[-54.55226,-28.28388],[-54.54607,-28.30491],[-54.56125,-28.31499],[-54.54811,-28.31969],[-54.53959,-28.35349],[-54.55426,-28.37237],[-54.5379,-28.40375],[-54.57522,-28.41147],[-54.56975,-28.45357],[-54.58687,-28.48158],[-54.66652,-28.43917],[-54.68264,-28.55902],[-54.70512,-28.58331],[-54.72939,-28.58658],[-54.73647,-28.60193],[-54.72402,-28.63649],[-54.70112,-28.61938],[-54.67719,-28.63446],[-54.69211,-28.68],[-54.67181,-28.67989],[-54.68096,-28.69537],[-54.65283,-28.74046],[-54.64347,-28.73274],[-54.62824,-28.74815],[-54.62784,-28.73881],[-54.61011,-28.74603],[-54.62708,-28.76945],[-54.61439,-28.77015],[-54.61313,-28.78617],[-54.58218,-28.79063],[-54.59343,-28.79349],[-54.58091,-28.8065],[-54.59113,-28.80229],[-54.58992,-28.81677],[-54.5787,-28.81307],[-54.57222,-28.82507],[-54.57775,-28.83688],[-54.5402,-28.8453],[-54.54675,-28.85422],[-54.52299,-28.87086],[-54.47806,-28.87296],[-54.48646,-28.87936],[-54.47688,-28.88209],[-54.45944,-28.87601],[-54.42228,-28.92109],[-54.41038,-28.92221],[-54.37772,-29.00448],[-54.41593,-29.03639],[-54.4247,-29.03052],[-54.46003,-29.06965],[-54.4221,-29.09635],[-54.39772,-29.16976],[-54.36674,-29.18747],[-54.37476,-29.20231],[-54.39661,-29.20144],[-54.38924,-29.2076],[-54.40326,-29.22857],[-54.43117,-29.23733],[-54.41516,-29.24555],[-54.4322,-29.25431],[-54.44022,-29.27704],[-54.425,-29.29246],[-54.43173,-29.30676],[-54.45638,-29.30107],[-54.46799,-29.31816],[-54.50189,-29.32761],[-54.4893,-29.33521],[-54.5054,-29.34128],[-54.50216,-29.3692],[-54.48562,-29.38053],[-54.51306,-29.38957],[-54.43049,-29.42452],[-54.42763,-29.43626],[-54.39738,-29.44113],[-54.39465,-29.45207],[-54.37061,-29.41047],[-54.32116,-29.43407],[-54.30818,-29.43183],[-54.31234,-29.41492],[-54.27811,-29.4231],[-54.27512,-29.40248],[-54.25015,-29.41391],[-54.22922,-29.40978],[-54.19795,-29.42873],[-54.19595,-29.44161],[-54.21042,-29.45002],[-54.19483,-29.46009],[-54.19123,-29.48245],[-54.17037,-29.48316],[-54.16494,-29.45809],[-54.15019,-29.48294],[-54.12157,-29.46309],[-54.10052,-29.47106],[-54.09106,-29.44461],[-54.06932,-29.44719],[-54.07531,-29.43562],[-54.06084,-29.43776],[-54.03541,-29.40159],[-54.00909,-29.41296],[-54.01398,-29.42033],[-53.93343,-29.39547],[-53.91127,-29.40135],[-53.89535,-29.38361],[-53.88519,-29.3948],[-53.86178,-29.37431],[-53.86696,-29.36597],[-53.85223,-29.37043],[-53.83936,-29.35561],[-53.83491,-29.36856],[-53.82038,-29.35917],[-53.79345,-29.37437],[-53.80201,-29.35639],[-53.79274,-29.35928],[-53.79213,-29.34501],[-53.76555,-29.34476],[-53.74174,-29.38769],[-53.6967,-29.41089],[-53.68729,-29.48616],[-53.72162,-29.51802],[-53.70773,-29.54732],[-53.68715,-29.5759],[-53.62723,-29.60473],[-53.58285,-29.57704],[-53.54973,-29.57435],[-53.55177,-29.55199],[-53.56807,-29.539],[-53.54167,-29.51265],[-53.52653,-29.52546],[-53.5072,-29.51714],[-53.52379,-29.47566],[-53.49909,-29.45502],[-53.50279,-29.4214],[-53.52944,-29.39974],[-53.51298,-29.38832],[-53.52386,-29.38506],[-53.51491,-29.37514],[-53.49481,-29.35845],[-53.43887,-29.34937],[-53.43941,-29.33865],[-53.41755,-29.35163],[-53.38205,-29.35359],[-53.35675,-29.3645],[-53.32974,-29.427],[-53.31266,-29.43753],[-53.23824,-29.41191],[-53.2577,-29.43281],[-53.28623,-29.43557],[-53.26535,-29.44933],[-53.29137,-29.44847],[-53.2808,-29.47826],[-53.29884,-29.49009],[-53.31001,-29.53786],[-53.33498,-29.55621],[-53.32374,-29.57547],[-53.30646,-29.5797],[-53.30907,-29.59923],[-53.28707,-29.61619],[-53.29728,-29.62377],[-53.30691,-29.61653],[-53.32953,-29.63509],[-53.3485,-29.62556],[-53.36189,-29.63672],[-53.35194,-29.64559],[-53.35537,-29.66822],[-53.31337,-29.6855],[-53.29458,-29.67333],[-53.28234,-29.68977],[-53.29133,-29.73001],[-53.27973,-29.72287],[-53.25352,-29.73019],[-53.25427,-29.74697],[-53.26943,-29.74966],[-53.28987,-29.77694],[-53.28964,-29.78573],[-53.26766,-29.78188],[-53.27683,-29.79887],[-53.20111,-29.83671],[-53.18141,-29.7757],[-53.17455,-29.76973],[-53.16086,-29.78228],[-53.16132,-29.81289],[-53.12006,-29.83504],[-53.1095,-29.85218],[-53.11994,-29.91976],[-53.08305,-29.93373],[-53.10354,-29.97026],[-53.12566,-29.96828],[-53.16717,-29.99481],[-53.1947,-30.04289],[-53.23632,-30.0744],[-53.23974,-30.08866],[-53.26259,-30.09055],[-53.39014,-30.21307],[-53.4142,-30.21145],[-53.41981,-30.23032],[-53.46651,-30.26228],[-53.48414,-30.29531],[-53.4625,-30.30104],[-53.4691,-30.31337],[-53.46068,-30.31894],[-53.51658,-30.39715],[-53.52759,-30.40321],[-53.54674,-30.39282],[-53.5477,-30.36302],[-53.61404,-30.37781],[-53.65595,-30.43231],[-53.69258,-30.42226],[-53.71265,-30.39478],[-53.70818,-30.421],[-53.72139,-30.42243],[-53.71141,-30.48029],[-53.74519,-30.51371],[-53.74897,-30.53315],[-53.73822,-30.56995],[-53.7867,-30.60812],[-53.77488,-30.62021],[-53.80373,-30.63297],[-53.7875,-30.63881],[-53.79757,-30.64325],[-53.79726,-30.70569],[-53.81247,-30.71009],[-53.80389,-30.72918],[-53.82091,-30.75143],[-53.80354,-30.76532],[-53.80519,-30.78791],[-53.78547,-30.79991],[-53.76848,-30.79783],[-53.74726,-30.77264],[-53.72171,-30.78788],[-53.69986,-30.81632],[-53.68598,-30.81199],[-53.68845,-30.82473],[-53.66669,-30.85171],[-53.69869,-30.8526],[-53.72078,-30.87501],[-53.73805,-30.86992],[-53.76138,-30.88901],[-53.78281,-30.89036],[-53.79459,-30.90932],[-53.87326,-30.90947],[-53.88721,-30.91699],[-53.86968,-30.92518],[-53.89483,-30.94539],[-53.92344,-30.93981],[-53.93499,-30.96047],[-53.92004,-30.95683],[-53.91492,-30.96518],[-53.94177,-30.98117],[-53.98845,-30.98886],[-54.0345,-30.96264],[-54.08648,-30.95326],[-54.11897,-30.98133],[-54.13578,-30.9803],[-54.16579,-30.95283],[-54.20121,-30.95492],[-54.23769,-30.92976],[-54.25869,-30.93784],[-54.33474,-30.90422],[-54.34879,-30.90742],[-54.3497,-30.8893],[-54.36781,-30.89757],[-54.37064,-30.88021],[-54.38274,-30.90489],[-54.38928,-30.8945],[-54.43256,-30.89103],[-54.44593,-30.88102],[-54.43489,-30.87409],[-54.46728,-30.87529],[-54.48383,-30.8871],[-54.51541,-30.86475],[-54.54515,-30.86874],[-54.53864,-30.84768],[-54.55652,-30.83742],[-54.558,-30.81505],[-54.57978,-30.8071],[-54.57774,-30.79916],[-54.61164,-30.77954],[-54.62926,-30.78729],[-54.66017,-30.78011],[-54.66058,-30.76672],[-54.67302,-30.7704],[-54.68574,-30.75187],[-54.70874,-30.75912],[-54.71775,-30.74466],[-54.72302,-30.71324],[-54.68704,-30.7046],[-54.67929,-30.69375],[-54.69607,-30.68271],[-54.67125,-30.66093],[-54.70359,-30.59861],[-54.72482,-30.59907],[-54.72319,-30.61588],[-54.77299,-30.66359],[-54.78227,-30.69916],[-54.80008,-30.70026],[-54.84379,-30.73547],[-54.90608,-30.71946],[-54.97237,-30.73351],[-55.01148,-30.72297],[-55.04073,-30.79463],[-55.0288,-30.85465],[-55.04051,-30.87734],[-55.10713,-30.91207],[-55.14795,-30.98063],[-55.11561,-31.01086],[-55.09559,-31.11811],[-55.06834,-31.15883],[-55.07985,-31.2109],[-55.03575,-31.2839],[-55.03889,-31.30052],[-55.06008,-31.31543],[-55.05736,-31.33175],[-55.07446,-31.33209]]]}},{"type":"Feature","id":"cep2-98","properties":{"postal_code_id":"cep2-98","postal_codes":["98"],"first_digits":["9"],"states":["RS"]},"geometry":{"type":"Polygon","coordinates":[[[-54.27811,-29.4231],[-54.31234,-29.41492],[-54.30818,-29.43183],[-54.32116,-29.43407],[-54.37061,-29.41047],[-54.39465,-29.45207],[-54.39738,-29.44113],[-54.42763,-29.43626],[-54.43049,-29.42452],[-54.51306,-29.38957],[-54.48562,-29.38053],[-54.50216,-29.3692],[-54.5054,-29.34128],[-54.4893,-29.33521],[-54.50189,-29.32761],[-54.46799,-29.31816],[-54.45638,-29.30107],[-54.43173,-29.30676],[-54.425,-29.29246],[-54.44022,-29.27704],[-54.4322,-29.25431],[-54.41516,-29.24555],[-54.43117,-29.23733],[-54.40326,-29.22857],[-54.38924,-29.2076],[-54.39661,-29.20144],[-54.37476,-29.20231],[-54.36674,-29.18747],[-54.39772,-29.16976],[-54.4221,-29.09635],[-54.46003,-29.06965],[-54.4247,-29.03052],[-54.41593,-29.03639],[-54.37772,-29.00448],[-54.41038,-28.92221],[-54.42228,-28.92109],[-54.45944,-28.87601],[-54.47688,-28.88209],[-54.48646,-28.87936],[-54.47806,-28.87296],[-54.52299,-28.87086],[-54.54675,-28.85422],[-54.5402,-28.8453],[-54.57775,-28.83688],[-54.57222,-28.82507],[-54.5787,-28.81307],[-54.58992,-28.81677],[-54.59113,-28.80229],[-54.58091,-28.8065],[-54.59343,-28.79349],[-54.58218,-28.79063],[-54.61313,-28.78617],[-54.61439,-28.77015],[-54.62708,-28.76945],[-54.61011,-28.74603],[-54.62784,-28.73881],[-54.62824,-28.74815],[-54.64347,-28.73274],[-54.65283,-28.74046],[-54.68096,-28.69537],[-54.67181,-28.67989],[-54.69211,-28.68],[-54.67719,-28.63446],[-54.70112,-28.61938],[-54.72402,-28.63649],[-54.73647,-28.60193],[-54.72939,-28.58658],[-54.70512,-28.58331],[-54.68264,-28.55902],[-54.66652,-28.43917],[-54.58687,-28.48158],[-54.56975,-28.45357],[-54.57522,-28.41147],[-54.5379,-28.40375],[-54.55426,-28.37237],[-54.53959,-28.35349],[-54.54811,-28.31969],[-54.56125,-28.31499],[-54.54607,-28.30491],[-54.55226,-28.28388],[-54.57384,-28.29881],[-54.56953,-28.27886],[-54.54651,-28.27039],[-54.53338,-28.27667],[-54.47755,-28.23187],[-54.45094,-28.22545],[-54.45101,-28.19361],[-54.41133,-28.19351],[-54.41066,-28.13509],[-54.39614,-28.12876],[-54.42811,-28.0907],[-54.42691,-28.06993],[-54.50145,-28.09075],[-54.50369,-28.09965],[-54.52806,-28.09273],[-54.53242,-28.1142],[-54.54438,-28.11573],[-54.57445,-28.1024],[-54.57442,-28.09331],[-54.64039,-28.09775],[-54.65196,-28.08744],[-54.66073,-28.09671],[-54.64664,-28.07452],[-54.67188,-28.07169],[-54.67416,-28.08116],[-54.67405,-28.05867],[-54.69245,-28.0651],[-54.69361,-28.05384],[-54.69676,-28.06754],[-54.71069,-28.06772],[-54.71093,-28.05752],[-54.7309,-28.0558],[-54.74749,-28.06914],[-54.75838,-28.05523],[-54.75022,-28.04294],[-54.81603,-28.05045],[-54.80971,-28.03509],[-54.82073,-28.02632],[-54.80943,-28.02297],[-54.83519,-28.0225],[-54.83185,-28.03495],[-54.85228,-28.01401],[-54.85756,-28.02311],[-54.873,-28.00889],[-54.86162,-27.99914],[-54.91106,-27.98606],[-54.89556,-27.9733],[-54.91427,-27.96065],[-54.90859,-27.94903],[-54.92424,-27.9515],[-54.93043,-27.93977],[-54.94095,-27.94687],[-54.9398,-27.93018],[-54.96924,-27.93443],[-54.96473,-27.92193],[-54.98827,-27.90474],[-55.0065,-27.90761],[-55.01624,-27.92495],[-55.04858,-27.9228],[-55.04853,-27.94196],[-55.07957,-27.94218],[-55.07345,-28.00988],[-55.08948,-28.00952],[-55.08932,-28.0272],[-55.10743,-28.02131],[-55.10925,-28.03367],[-55.15074,-28.03718],[-55.16826,-27.99189],[-55.17995,-27.99227],[-55.21307,-27.95321],[-55.24213,-27.95965],[-55.27838,-27.94851],[-55.27777,-27.93292],[-55.20268,-27.85786],[-55.17156,-27.86128],[-55.13931,-27.89507],[-55.12821,-27.89389],[-55.12628,-27.85982],[-55.11383,-27.84899],[-55.09106,-27.84317],[-55.03638,-27.85778],[-55.02469,-27.83531],[-55.08271,-27.79686],[-55.08387,-27.78413],[-55.05791,-27.76809],[-55.0142,-27.79703],[-54.99304,-27.77555],[-54.94942,-27.77928],[-54.93741,-27.77045],[-54.90249,-27.71557],[-54.9066,-27.64188],[-54.89525,-27.62922],[-54.84772,-27.62131],[-54.80979,-27.53005],[-54.79519,-27.53498],[-54.77813,-27.58372],[-54.75873,-27.5815],[-54.74486,-27.56264],[-54.68086,-27.5745],[-54.67166,-27.56642],[-54.67943,-27.51285],[-54.67094,-27.50476],[-54.65674,-27.51322],[-54.6424,-27.5448],[-54.632,-27.5457],[-54.61579,-27.53224],[-54.58939,-27.45818],[-54.57335,-27.45361],[-54.56137,-27.4625],[-54.52492,-27.50617],[-54.5006,-27.48035],[-54.44951,-27.47542],[-54.44399,-27.45996],[-54.46993,-27.42584],[-54.43912,-27.42475],[-54.4114,-27.40529],[-54.35721,-27.46494],[-54.34612,-27.46698],[-54.33507,-27.45129],[-54.34154,-27.40435],[-54.28565,-27.44789],[-54.27202,-27.44105],[-54.25984,-27.39624],[-54.21742,-27.385],[-54.18656,-27.26491],[-54.16209,-27.25609],[-54.1549,-27.29686],[-54.08236,-27.29894],[-54.05502,-27.26398],[-54.02778,-27.25485],[-54.00802,-27.19839],[-53.96017,-27.19534],[-53.9531,-27.15294],[-53.91023,-27.17629],[-53.87891,-27.12755],[-53.86432,-27.12625],[-53.8371,-27.16843],[-53.81965,-27.17565],[-53.77601,-27.14749],[-53.76507,-27.1525],[-53.74782,-27.19185],[-53.67505,-27.16068],[-53.65132,-27.17657],[-53.64211,-27.21981],[-53.61823,-27.18734],[-53.55624,-27.17265],[-53.51825,-27.20218],[-53.49308,-27.20348],[-53.50313,-27.13476],[-53.47634,-27.13891],[-53.45537,-27.15689],[-53.40621,-27.13654],[-53.37064,-27.0911],[-53.34575,-27.12099],[-53.31731,-27.1186],[-53.2962,-27.13235],[-53.32073,-27.19824],[-53.31099,-27.21873],[-53.29307,-27.19692],[-53.24474,-27.17283],[-53.18769,-27.19226],[-53.17236,-27.14802],[-53.1594,-27.14],[-53.13218,-27.18023],[-53.08018,-27.16432],[-53.07124,-27.15697],[-53.0767,-27.10784],[-53.04821,-27.08365],[-53.02415,-27.08461],[-53.02033,-27.10455],[-53.04139,-27.12491],[-53.0442,-27.14406],[-53.02615,-27.15862],[-53.00597,-27.13749],[-52.99249,-27.13996],[-52.98514,-27.17049],[-53.00126,-27.18676],[-52.99998,-27.2067],[-52.98437,-27.22147],[-52.9605,-27.21814],[-52.96577,-27.2407],[-52.95029,-27.25383],[-52.96693,-27.26207],[-52.95454,-27.27247],[-52.96658,-27.27442],[-52.93376,-27.31278],[-52.95102,-27.30831],[-52.95597,-27.3716],[-52.96536,-27.36758],[-52.99287,-27.38725],[-53.0337,-27.37206],[-53.04403,-27.39374],[-53.07577,-27.37326],[-53.13255,-27.45007],[-53.14266,-27.4421],[-53.1204,-27.46322],[-53.15048,-27.47761],[-53.12168,-27.49161],[-53.16137,-27.49594],[-53.12542,-27.51204],[-53.1442,-27.52249],[-53.13849,-27.53168],[-53.10947,-27.52915],[-53.11039,-27.53872],[-53.13068,-27.54251],[-53.11234,-27.54829],[-53.12445,-27.55218],[-53.12921,-27.57237],[-53.09607,-27.57136],[-53.12723,-27.58004],[-53.10113,-27.60731],[-53.12275,-27.62082],[-53.09364,-27.64077],[-53.11327,-27.6502],[-53.10623,-27.66362],[-53.07352,-27.66983],[-53.09993,-27.6752],[-53.10393,-27.68578],[-53.09596,-27.68687],[-53.10084,-27.70035],[-53.08647,-27.69852],[-53.07954,-27.71096],[-53.1125,-27.71551],[-53.09499,-27.72869],[-53.06896,-27.72972],[-53.09987,-27.73448],[-53.11257,-27.75816],[-53.06179,-27.77652],[-53.05616,-27.79713],[-53.06908,-27.8138],[-53.04191,-27.82183],[-53.04368,-27.83051],[-53.05722,-27.82322],[-53.06893,-27.84146],[-53.05053,-27.84206],[-53.05142,-27.85022],[-53.07502,-27.85646],[-53.04338,-27.8651],[-53.05678,-27.87439],[-53.04214,-27.89519],[-53.04732,-27.90245],[-53.09489,-27.89909],[-53.09461,-27.91032],[-53.05236,-27.91097],[-53.06187,-27.92465],[-53.04826,-27.92056],[-53.05166,-27.93757],[-53.07049,-27.94123],[-53.07831,-27.92084],[-53.09041,-27.93167],[-53.15627,-27.94333],[-53.19263,-27.99379],[-53.24488,-28.01141],[-53.23524,-28.03189],[-53.19521,-28.04159],[-53.18764,-28.05368],[-53.20284,-28.0698],[-53.30172,-28.0809],[-53.28778,-28.11015],[-53.24916,-28.14229],[-53.25556,-28.16436],[-53.22335,-28.14642],[-53.19687,-28.15935],[-53.18295,-28.20435],[-53.12231,-28.25528],[-53.12501,-28.2933],[-53.09836,-28.27764],[-53.07768,-28.2821],[-53.06812,-28.29823],[-53.01989,-28.31989],[-53.03955,-28.37421],[-52.99016,-28.37143],[-53.05762,-28.39686],[-53.04703,-28.4345],[-53.07917,-28.49247],[-53.05233,-28.53687],[-53.04371,-28.5339],[-53.04346,-28.55106],[-53.03396,-28.54595],[-53.03162,-28.5608],[-53.01797,-28.56317],[-53.02817,-28.57947],[-53.01509,-28.60203],[-53.03098,-28.62154],[-53.02534,-28.64062],[-53.03757,-28.64485],[-53.02509,-28.66927],[-53.03531,-28.68524],[-53.01283,-28.71701],[-53.03203,-28.72653],[-53.03226,-28.77496],[-53.06399,-28.7993],[-53.05549,-28.81288],[-53.07927,-28.86248],[-53.10809,-28.86792],[-53.11869,-28.88048],[-53.13284,-28.87247],[-53.12386,-28.8471],[-53.13514,-28.84603],[-53.14379,-28.86239],[-53.18173,-28.86131],[-53.17639,-28.87473],[-53.14926,-28.88012],[-53.16696,-28.91895],[-53.15429,-28.91124],[-53.12997,-28.94065],[-53.13208,-28.96234],[-53.15766,-28.95937],[-53.12904,-28.98723],[-53.148,-29.00142],[-53.15275,-29.03263],[-53.17773,-29.02434],[-53.19062,-28.9918],[-53.21039,-28.98206],[-53.21465,-28.95642],[-53.23513,-28.95616],[-53.23913,-28.96774],[-53.2587,-28.95902],[-53.29831,-28.98865],[-53.31717,-29.02113],[-53.34768,-28.99797],[-53.34133,-28.98441],[-53.37129,-28.97547],[-53.41381,-29.01004],[-53.41597,-29.03875],[-53.44941,-29.04729],[-53.45283,-29.06808],[-53.44089,-29.09563],[-53.42908,-29.09493],[-53.40761,-29.11892],[-53.35636,-29.12922],[-53.34995,-29.1161],[-53.33212,-29.12822],[-53.28115,-29.12878],[-53.27856,-29.14349],[-53.26144,-29.14429],[-53.25515,-29.16965],[-53.24311,-29.16863],[-53.26656,-29.19067],[-53.2455,-29.19362],[-53.23758,-29.25685],[-53.21078,-29.26412],[-53.21429,-29.27341],[-53.24023,-29.26458],[-53.24753,-29.28809],[-53.23,-29.30923],[-53.23948,-29.34035],[-53.21992,-29.36988],[-53.2286,-29.40528],[-53.31266,-29.43753],[-53.32974,-29.427],[-53.35675,-29.3645],[-53.43941,-29.33865],[-53.43887,-29.34937],[-53.49481,-29.35845],[-53.52944,-29.39974],[-53.50279,-29.4214],[-53.49909,-29.45502],[-53.52379,-29.47566],[-53.5072,-29.51714],[-53.52653,-29.52546],[-53.54167,-29.51265],[-53.56807,-29.539],[-53.55177,-29.55199],[-53.54973,-29.57435],[-53.58285,-29.57704],[-53.62723,-29.60473],[-53.68715,-29.5759],[-53.70773,-29.54732],[-53.72162,-29.51802],[-53.68729,-29.48616],[-53.6967,-29.41089],[-53.74174,-29.38769],[-53.76555,-29.34476],[-53.79213,-29.34501],[-53.79274,-29.35928],[-53.80201,-29.35639],[-53.79345,-29.37437],[-53.82038,-29.35917],[-53.83491,-29.36856],[-53.83936,-29.35561],[-53.85223,-29.37043],[-53.86696,-29.36597],[-53.86178,-29.37431],[-53.88519,-29.3948],[-53.89535,-29.38361],[-53.91127,-29.40135],[-53.93343,-29.39547],[-54.01398,-29.42033],[-54.00909,-29.41296],[-54.03541,-29.40159],[-54.06084,-29.43776],[-54.07531,-29.43562],[-54.06932,-29.44719],[-54.09106,-29.44461],[-54.10052,-29.47106],[-54.12157,-29.46309],[-54.15019,-29.48294],[-54.16494,-29.45809],[-54.17037,-29.48316],[-54.19123,-29.48245],[-54.19483,-29.46009],[-54.21042,-29.45002],[-54.19595,-29.44161],[-54.19795,-29.42873],[-54.21979,-29.4132],[-54.27512,-29.40248],[-54.27811,-29.4231]]]}},{"type":"Feature","id":"cep2-99","properties":{"postal_code_id":"cep2-99","postal_codes":["99"],"first_digits":["9"],"states":["RS"]},"geometry":{"type":"Polygon","coordinates":[[[-52.91611,-29.19226],[-52.96593,-29.15349],[-52.98675,-29.1569],[-52.99945,-29.13899],[-53.01181,-29.13904],[-53.00507,-29.14832],[-53.01918,-29.15866],[-53.06298,-29.16094],[-53.06392,-29.18181],[-53.09427,-29.13986],[-53.1151,-29.14801],[-53.14142,-29.13079],[-53.25303,-29.13612],[-53.26144,-29.14429],[-53.27856,-29.14349],[-53.28115,-29.12878],[-53.33212,-29.12822],[-53.34995,-29.1161],[-53.35636,-29.12922],[-53.38578,-29.12374],[-53.44089,-29.09563],[-53.45283,-29.06808],[-53.44941,-29.04729],[-53.41597,-29.03875],[-53.41381,-29.01004],[-53.37129,-28.97547],[-53.34133,-28.98441],[-53.34768,-28.99797],[-53.31717,-29.02113],[-53.29831,-28.98865],[-53.2587,-28.95902],[-53.23913,-28.96774],[-53.23513,-28.95616],[-53.21465,-28.95642],[-53.21039,-28.98206],[-53.19062,-28.9918],[-53.17773,-29.02434],[-53.15275,-29.03263],[-53.148,-29.00142],[-53.12904,-28.98723],[-53.15766,-28.95937],[-53.13208,-28.96234],[-53.12997,-28.94065],[-53.15429,-28.91124],[-53.16696,-28.91895],[-53.14926,-28.88012],[-53.17639,-28.87473],[-53.18173,-28.86131],[-53.14379,-28.86239],[-53.13514,-28.84603],[-53.12386,-28.8471],[-53.13284,-28.87247],[-53.11869,-28.88048],[-53.10809,-28.86792],[-53.07927,-28.86248],[-53.05549,-28.81288],[-53.06399,-28.7993],[-53.03226,-28.77496],[-53.03203,-28.72653],[-53.01283,-28.71701],[-53.03531,-28.68524],[-53.02509,-28.66927],[-53.03757,-28.64485],[-53.02534,-28.64062],[-53.03098,-28.62154],[-53.01509,-28.60203],[-53.02817,-28.57947],[-53.01797,-28.56317],[-53.03162,-28.5608],[-53.03396,-28.54595],[-53.04346,-28.55106],[-53.04371,-28.5339],[-53.05233,-28.53687],[-53.07917,-28.49247],[-53.04703,-28.4345],[-53.05762,-28.39686],[-52.99016,-28.37143],[-53.03955,-28.37421],[-53.01989,-28.31989],[-53.06812,-28.29823],[-53.07768,-28.2821],[-53.09836,-28.27764],[-53.12501,-28.2933],[-53.12231,-28.25528],[-53.18295,-28.20435],[-53.19687,-28.15935],[-53.22335,-28.14642],[-53.25556,-28.16436],[-53.24916,-28.14229],[-53.28778,-28.11015],[-53.30172,-28.0809],[-53.20284,-28.0698],[-53.18764,-28.05368],[-53.19521,-28.04159],[-53.23524,-28.03189],[-53.24488,-28.01141],[-53.19263,-27.99379],[-53.15627,-27.94333],[-53.09041,-27.93167],[-53.07831,-27.92084],[-53.07049,-27.94123],[-53.05166,-27.93757],[-53.04826,-27.92056],[-53.06187,-27.92465],[-53.05236,-27.91097],[-53.09461,-27.91032],[-53.09489,-27.89909],[-53.04732,-27.90245],[-53.04214,-27.89519],[-53.05678,-27.87439],[-53.04338,-27.8651],[-53.07502,-27.85646],[-53.05142,-27.85022],[-53.05053,-27.84206],[-53.06893,-27.84146],[-53.05722,-27.82322],[-53.04368,-27.83051],[-53.04191,-27.82183],[-53.06908,-27.8138],[-53.05616,-27.79713],[-53.06179,-27.77652],[-53.11257,-27.75816],[-53.09987,-27.73448],[-53.06896,-27.72972],[-53.09499,-27.72869],[-53.1125,-27.71551],[-53.07954,-27.71096],[-53.08647,-27.69852],[-53.10084,-27.70035],[-53.09596,-27.68687],[-53.10393,-27.68578],[-53.09993,-27.6752],[-53.07352,-27.66983],[-53.10623,-27.66362],[-53.11327,-27.6502],[-53.09364,-27.64077],[-53.12275,-27.62082],[-53.10113,-27.60731],[-53.12723,-27.58004],[-53.09607,-27.57136],[-53.12921,-27.57237],[-53.12445,-27.55218],[-53.11234,-27.54829],[-53.13068,-27.54251],[-53.11039,-27.53872],[-53.10947,-27.52915],[-53.13849,-27.53168],[-53.1442,-27.52249],[-53.12542,-27.51204],[-53.16137,-27.49594],[-53.12168,-27.49161],[-53.15048,-27.47761],[-53.1204,-27.46322],[-53.14266,-27.4421],[-53.13255,-27.45007],[-53.07577,-27.37326],[-53.04403,-27.39374],[-53.0337,-27.37206],[-52.99287,-27.38725],[-52.96536,-27.36758],[-52.95597,-27.3716],[-52.95102,-27.30831],[-52.93376,-27.31278],[-52.96658,-27.27442],[-52.95454,-27.27247],[-52.96693,-27.26207],[-52.95029,-27.25383],[-52.96577,-27.2407],[-52.9605,-27.21814],[-52.97123,-27.21784],[-52.96145,-27.16861],[-52.94218,-27.16642],[-52.92931,-27.20408],[-52.8513,-27.1703],[-52.84567,-27.20745],[-52.80097,-27.20343],[-52.76052,-27.2132],[-52.75632,-27.25841],[-52.7392,-27.25435],[-52.72701,-27.236],[-52.71378,-27.23769],[-52.70348,-27.27929],[-52.69152,-27.28442],[-52.66758,-27.23785],[-52.63322,-27.26548],[-52.55289,-27.23928],[-52.53626,-27.26009],[-52.4793,-27.26594],[-52.47981,-27.23554],[-52.44783,-27.21819],[-52.43254,-27.21784],[-52.44207,-27.25051],[-52.4192,-27.28238],[-52.39783,-27.29249],[-52.39974,-27.26326],[-52.38577,-27.25352],[-52.37755,-27.30386],[-52.34203,-27.28958],[-52.29977,-27.31908],[-52.2913,-27.30524],[-52.30609,-27.26572],[-52.29877,-27.25751],[-52.23542,-27.26424],[-52.27843,-27.29677],[-52.2348,-27.31066],[-52.22477,-27.33061],[-52.20944,-27.33052],[-52.1801,-27.27664],[-52.1648,-27.27219],[-52.16906,-27.30929],[-52.11204,-27.30627],[-52.1071,-27.34341],[-52.04903,-27.34631],[-52.00811,-27.33368],[-52.02289,-27.36215],[-51.99247,-27.37837],[-51.95209,-27.38025],[-51.95063,-27.39451],[-51.98221,-27.38864],[-52.00847,-27.40207],[-51.93578,-27.42875],[-51.94167,-27.44888],[-51.96214,-27.46146],[-51.95988,-27.47342],[-51.90393,-27.45984],[-51.89479,-27.51702],[-51.87377,-27.51328],[-51.87615,-27.48163],[-51.85818,-27.47509],[-51.84363,-27.48314],[-51.85027,-27.52546],[-51.82179,-27.51279],[-51.7987,-27.53004],[-51.7857,-27.52822],[-51.80179,-27.49396],[-51.75155,-27.48811],[-51.72809,-27.51278],[-51.71732,-27.51144],[-51.70117,-27.47978],[-51.68421,-27.47955],[-51.67325,-27.48805],[-51.6775,-27.50489],[-51.65117,-27.51952],[-51.64622,-27.49731],[-51.62307,-27.49328],[-51.63113,-27.54146],[-51.60833,-27.54137],[-51.57997,-27.52362],[-51.58737,-27.56318],[-51.56628,-27.61644],[-51.57249,-27.62524],[-51.54457,-27.64543],[-51.53422,-27.6725],[-51.51983,-27.6737],[-51.51656,-27.69199],[-51.5335,-27.69411],[-51.53083,-27.70926],[-51.50734,-27.71007],[-51.5002,-27.72362],[-51.51633,-27.73855],[-51.49901,-27.75766],[-51.50929,-27.77214],[-51.49439,-27.80371],[-51.45697,-27.82462],[-51.44697,-27.84713],[-51.46496,-27.8868],[-51.46015,-27.94923],[-51.5034,-27.95239],[-51.52573,-27.98396],[-51.54374,-27.9908],[-51.63673,-27.96533],[-51.67194,-27.9769],[-51.67663,-27.98297],[-51.64595,-27.99317],[-51.64594,-28.00374],[-51.66435,-28.0004],[-51.65096,-28.01299],[-51.67546,-28.02609],[-51.64591,-28.01792],[-51.65363,-28.03173],[-51.61363,-28.06333],[-51.62979,-28.07986],[-51.62701,-28.09188],[-51.60301,-28.09671],[-51.63489,-28.11272],[-51.62208,-28.13065],[-51.69002,-28.13892],[-51.70461,-28.16143],[-51.6924,-28.19046],[-51.71919,-28.19601],[-51.7317,-28.18437],[-51.73583,-28.21402],[-51.7809,-28.20559],[-51.79054,-28.19414],[-51.7985,-28.2129],[-51.8465,-28.24693],[-51.9035,-28.21096],[-51.91487,-28.23211],[-51.90303,-28.25623],[-51.88442,-28.2608],[-51.81041,-28.2424],[-51.82155,-28.29796],[-51.76429,-28.28808],[-51.74691,-28.29586],[-51.74883,-28.30803],[-51.70522,-28.31273],[-51.70256,-28.35535],[-51.71615,-28.3691],[-51.7047,-28.39575],[-51.71896,-28.39471],[-51.71325,-28.41592],[-51.72912,-28.41963],[-51.7224,-28.4354],[-51.77623,-28.46113],[-51.76233,-28.47396],[-51.7826,-28.47169],[-51.77385,-28.49337],[-51.78984,-28.48745],[-51.77837,-28.50451],[-51.79556,-28.52328],[-51.78627,-28.53104],[-51.84467,-28.58934],[-51.87022,-28.59299],[-51.8667,-28.61376],[-51.84835,-28.61048],[-51.86289,-28.63575],[-51.83958,-28.65196],[-51.86047,-28.65809],[-51.84758,-28.67108],[-51.86376,-28.67577],[-51.83597,-28.67852],[-51.85711,-28.68993],[-51.84654,-28.70722],[-51.82352,-28.70939],[-51.85306,-28.71251],[-51.83813,-28.74498],[-51.8585,-28.74871],[-51.85046,-28.75982],[-51.83185,-28.757],[-51.84614,-28.77231],[-51.83201,-28.76845],[-51.8336,-28.77761],[-51.87012,-28.80266],[-51.83527,-28.81756],[-51.8639,-28.83091],[-51.85837,-28.84178],[-51.8347,-28.83696],[-51.82967,-28.86779],[-51.80617,-28.8641],[-51.79131,-28.88382],[-51.81322,-28.90782],[-51.77872,-28.91581],[-51.79044,-28.93237],[-51.76761,-28.94329],[-51.76936,-28.95702],[-51.75667,-28.96352],[-51.77749,-28.97003],[-51.75128,-28.97542],[-51.76002,-28.99649],[-51.74118,-28.99452],[-51.72915,-29.03557],[-51.71033,-29.04598],[-51.72001,-29.0548],[-51.7133,-29.09062],[-51.7196,-29.07914],[-51.73074,-29.08476],[-51.71223,-29.11565],[-51.73913,-29.13675],[-51.739,-29.11883],[-51.8084,-29.08172],[-51.8141,-29.01451],[-51.8516,-29.02581],[-51.8523,-29.01685],[-51.91832,-29.02286],[-51.93189,-28.99431],[-51.90611,-28.98806],[-51.92235,-28.98175],[-51.90595,-28.97167],[-51.92133,-28.9643],[-51.92362,-28.95386],[-51.91424,-28.95337],[-51.9089,-28.96577],[-51.90837,-28.95173],[-51.92343,-28.94181],[-51.91325,-28.93217],[-51.91957,-28.92094],[-51.93295,-28.92817],[-51.95268,-28.90792],[-51.95394,-28.92922],[-51.96705,-28.90572],[-51.97025,-28.92292],[-51.98225,-28.90042],[-52.00278,-28.90369],[-51.99001,-28.8885],[-52.00886,-28.88351],[-52.0067,-28.86563],[-52.03275,-28.85493],[-52.01696,-28.84191],[-52.03451,-28.83406],[-52.03076,-28.84208],[-52.04342,-28.84432],[-52.06162,-28.82674],[-52.05979,-28.79528],[-52.07949,-28.76004],[-52.06852,-28.74736],[-52.08163,-28.71199],[-52.09801,-28.70254],[-52.07967,-28.7003],[-52.07717,-28.68715],[-52.08981,-28.69165],[-52.08445,-28.67684],[-52.10228,-28.66486],[-52.14757,-28.6669],[-52.15595,-28.65171],[-52.17621,-28.66069],[-52.19521,-28.65495],[-52.19202,-28.66975],[-52.20321,-28.67357],[-52.2494,-28.66243],[-52.25359,-28.68042],[-52.27849,-28.69608],[-52.27775,-28.73518],[-52.30081,-28.74798],[-52.29525,-28.76257],[-52.32732,-28.81363],[-52.30958,-28.82917],[-52.31268,-28.84887],[-52.29601,-28.85151],[-52.30605,-28.85376],[-52.29318,-28.88829],[-52.27824,-28.88771],[-52.28034,-28.91247],[-52.26075,-28.93259],[-52.2613,-28.95858],[-52.22829,-28.97006],[-52.23062,-28.995],[-52.21477,-29.01065],[-52.22977,-29.0171],[-52.21504,-29.02666],[-52.22605,-29.03781],[-52.21528,-29.03987],[-52.21953,-29.05347],[-52.20864,-29.05158],[-52.22301,-29.06896],[-52.20469,-29.07291],[-52.22036,-29.07618],[-52.20672,-29.08484],[-52.21226,-29.09457],[-52.24689,-29.10198],[-52.25549,-29.12029],[-52.29046,-29.12966],[-52.29236,-29.16391],[-52.34246,-29.14063],[-52.35142,-29.15017],[-52.3699,-29.1439],[-52.40713,-29.15658],[-52.42354,-29.14721],[-52.43944,-29.22937],[-52.45643,-29.24029],[-52.48095,-29.23709],[-52.48114,-29.24546],[-52.51252,-29.24181],[-52.52634,-29.21917],[-52.58011,-29.22829],[-52.59845,-29.21426],[-52.61495,-29.2314],[-52.67403,-29.23315],[-52.67584,-29.25381],[-52.69645,-29.26269],[-52.69096,-29.28539],[-52.7301,-29.29183],[-52.70963,-29.30591],[-52.71923,-29.3059],[-52.73227,-29.34189],[-52.73926,-29.33445],[-52.74347,-29.36497],[-52.77596,-29.35169],[-52.80994,-29.31927],[-52.84156,-29.32845],[-52.8572,-29.31765],[-52.89945,-29.31624],[-52.88258,-29.30093],[-52.89635,-29.26767],[-52.88547,-29.24998],[-52.89902,-29.23471],[-52.88381,-29.20574],[-52.89871,-29.20656],[-52.90953,-29.19814],[-52.90386,-29.18817],[-52.91611,-29.19226]]]}}]}