{"type":"FeatureCollection","features":[{"type":"Feature","geometry":{"type":"MultiPolygon","coordinates":[[[[27.75141999600004,-26.41915999899993],[27.745240000000138,-26.43777999699995],[27.732350007000036,-26.4387200029999],[27.727540004000048,-26.431209998999975],[27.713370002000033,-26.442400002999932],[27.709669998000095,-26.45467000399998],[27.714310000000182,-26.48939],[27.710130003000074,-26.530009993999954],[27.67598,-26.52435],[27.67886999899997,-26.560649997999974],[27.667929998000147,-26.610549996999907],[27.659580001000165,-26.604200007999964],[27.657750003000103,-26.617740002999938],[27.62444999900015,-26.60924000199998],[27.579600001000074,-26.607529998999894],[27.582719997000083,-26.595779999999877],[27.54569000300006,-26.57442999899996],[27.60437000100012,-26.59196000199995],[27.60499000100009,-26.55699000299984],[27.612470002,-26.532959996999864],[27.603109996000057,-26.530649998999934],[27.60715000300013,-26.491600000999938],[27.62632999599998,-26.493800002999933],[27.629908003000025,-26.452737],[27.62436,-26.4449],[27.61357000400011,-26.442980001999956],[27.61558999900018,-26.449720000999946],[27.61195,-26.450889997999923],[27.557090001000063,-26.456379998999978],[27.55146000100018,-26.44156000299995],[27.54914000400015,-26.444739996999886],[27.54282999900005,-26.43169999899993],[27.535320003000038,-26.433079997999982],[27.54513999000011,-26.426770000999966],[27.536899998000138,-26.401919998999915],[27.54011799700004,-26.387580993999904],[27.55022999900018,-26.386639997999964],[27.551190002000112,-26.35468],[27.54784999700007,-26.34328000199997],[27.525209996000115,-26.3473200009999],[27.52606000300017,-26.30257],[27.481909998,-26.28444000099995],[27.47151000300005,-26.24495499799997],[27.465889994,-26.200510001999874],[27.47405000100008,-26.20183000299994],[27.489957,-26.127970998999956],[27.467360008000128,-26.09204000099993],[27.535730001000047,-26.07932499599991],[27.541300003000117,-26.0511],[27.551230002000068,-26.104720006999912],[27.61235999800016,-26.086840002999963],[27.614259002000097,-26.06245399599993],[27.640165431000128,-26.058276949999936],[27.62614409700018,-26.03755432899993],[27.6048064740001,-26.032124430999943],[27.59873567600016,-26.022151831999906],[27.629660003000083,-26.004399998999872],[27.637168241000154,-25.995413119999967],[27.653659997999966,-25.996990000999972],[27.68051999700009,-25.988170000999958],[27.69741000300013,-25.99593],[27.69574000100016,-25.981989996999914],[27.70001999600015,-25.98218000299994],[27.720940003000123,-25.95547000099998],[27.722310004000065,-25.94471999799987],[27.74644999800006,-25.94801000399997],[27.747930003000192,-25.933289996999974],[27.717170004000025,-25.909770002999892],[27.74454999700015,-25.894620002999943],[27.83147,-25.860172997999882],[27.851800002000175,-25.84641000199997],[27.848239997000064,-25.83929],[27.858739996999986,-25.818819998999857],[27.8916800020001,-25.822909996999954],[27.88438,-25.838750008999966],[27.882600001000128,-25.86187000299998],[27.89820000100019,-25.859740003999946],[27.899469997000097,-25.882779994999964],[27.890350002,-25.883950008999875],[27.893798000000174,-25.905681002999984],[27.90097999500017,-25.905260000999874],[27.922480001000054,-25.9175599969999],[27.946669994000047,-25.91493999699992],[27.94668000000013,-25.908039995999957],[27.95015999600014,-25.90616999699995],[27.966859997000142,-25.910920002999944],[27.983980003000056,-25.90282999999988],[27.987859001000174,-25.934010002999855],[28.029906002000075,-25.91110199699989],[28.045739996000123,-25.93154999899997],[28.07505000100008,-25.929209997999976],[28.07723,-25.920890003999943],[28.08047999600018,-25.925219996999886],[28.090160001000072,-25.924260002999972],[28.09083999000012,-25.92742999899997],[28.105469998000046,-25.9249],[28.11023000100016,-25.944910010999934],[28.18105,-25.91954999799998],[28.184987997000178,-25.90340699899997],[28.243480001000137,-25.923192996999944],[28.271211,-25.925026998999897],[28.269430005000174,-25.91577],[28.31947900200015,-25.913720000999888],[28.338132003999988,-25.949952997999958],[28.35238000400011,-25.954599997999935],[28.40718999700016,-25.9240900019999],[28.41761001100008,-25.939349998999887],[28.417750002,-25.95051],[28.446020002000125,-25.964860001999966],[28.45697001000002,-25.95667],[28.46801399800006,-25.963269002999937],[28.4626900020001,-25.97444],[28.444420004000108,-25.99114999899996],[28.451070002,-25.99548000099992],[28.445667001000174,-26.018105996999907],[28.46438999800006,-26.011423003999937],[28.46434,-26.02557000099995],[28.460070002,-26.02366499699997],[28.449129993000156,-26.042699995999897],[28.442230006000102,-26.042199998999934],[28.440469996000104,-26.047659996999982],[28.468670001000078,-26.07808999899993],[28.503054997000106,-26.063800002999926],[28.515820001000066,-26.08124999599994],[28.501190010000073,-26.089569990999905],[28.505180001000042,-26.099219998999956],[28.49694999900015,-26.10387000099996],[28.490500004000182,-26.126392000999942],[28.521339996000165,-26.144490010999903],[28.527150003000088,-26.178740003999962],[28.534290002000148,-26.17224000099992],[28.530539999000098,-26.225309994999975],[28.622290003000103,-26.248379997999905],[28.62690000200007,-26.292439996999917],[28.672797011,-26.31168799799991],[28.672727997000152,-26.320913],[28.710120010000026,-26.341240000999903],[28.73936000300006,-26.32453000199996],[28.778900000000192,-26.316929997999978],[28.805080002000068,-26.306590001999894],[28.81780000100008,-26.34572000099996],[28.838440003000073,-26.34075000199988],[28.86128999800019,-26.398569995999935],[28.789930001000187,-26.426450002999957],[28.783810002000166,-26.43812999799985],[28.786489998000036,-26.4491699969999],[28.780300004000026,-26.450520000999973],[28.76592,-26.471449997999855],[28.763910003000035,-26.518009998999958],[28.68895,-26.51309000099991],[28.66179999800005,-26.505860001999963],[28.650219992000075,-26.50794999999988],[28.649890004000156,-26.51109000199989],[28.641620001000035,-26.507569995999972],[28.631190004000132,-26.524640002999888],[28.63815000300019,-26.547309998999935],[28.584909999000104,-26.53856000199994],[28.586649997000166,-26.52003000299993],[28.580030000000193,-26.51802999599994],[28.577159998000184,-26.526829998999972],[28.56899000100003,-26.5250000019999],[28.573780001000046,-26.51614000199993],[28.543669997000052,-26.507039996999936],[28.54182000300011,-26.500979993999977],[28.527659999000036,-26.502209995999976],[28.524215001000073,-26.528499993999958],[28.52601000100009,-26.562499998999897],[28.53297999900019,-26.57789999499994],[28.52783999899998,-26.59063999899996],[28.505440003000047,-26.58966000099997],[28.50891,-26.593839997999964],[28.50758999800007,-26.60384],[28.4860099980001,-26.60960999799994],[28.483070001000158,-26.618670001999874],[28.47980999800012,-26.617520001999935],[28.490280004000113,-26.63533000299998],[28.44310000100006,-26.639169996999897],[28.443829998000126,-26.65443000299996],[28.400099997000098,-26.655045],[28.382960003000164,-26.71753000299998],[28.393969999000035,-26.71675],[28.40685000200017,-26.761710001999973],[28.34819999900003,-26.77290998899997],[28.34911000200009,-26.777869996999925],[28.34259000300017,-26.779090000999872],[28.34345000000019,-26.78546000299997],[28.319410004000076,-26.79266999699996],[28.321609999000145,-26.81172999699993],[28.318329999000184,-26.8118],[28.325010001000066,-26.84107000299997],[28.309550000000172,-26.879429996999875],[28.28352000400008,-26.877069991999917],[28.28430999700015,-26.86438000299995],[28.263330001000156,-26.86646000299993],[28.261910001000047,-26.87524000299993],[28.24346499900014,-26.873693001999925],[28.248409998000113,-26.88406000099991],[28.23538999700014,-26.88136000199995],[28.22734001000009,-26.894420003999983],[28.229809997000075,-26.90658999099992],[28.24019000200019,-26.91663000199992],[28.22650000200008,-26.923829997999974],[28.216189999000107,-26.912150002999965],[28.20298,-26.911599997999872],[28.193159997000066,-26.89622999699992],[28.185039999000026,-26.89072],[28.185179998000024,-26.872050009999896],[28.173450004000074,-26.84674000399997],[28.15985000300003,-26.84544999699989],[28.15376999700004,-26.850579998999876],[28.167819996000162,-26.86799],[28.17133000200016,-26.883710000999884],[28.16871000300017,-26.8900199979999],[28.15388000100006,-26.88407999899988],[28.142909997000118,-26.88983000099995],[28.121120003000044,-26.890260010999953],[28.1156,-26.877360003999968],[28.120810003000145,-26.869390002999978],[28.121300002999988,-26.855790001999935],[28.114810006000084,-26.84437999799991],[28.076269996,-26.832320006999964],[28.065610009000068,-26.82089999699997],[28.051039999000125,-26.81414000199993],[28.045549999000116,-26.799950002999935],[28.03495999800009,-26.79478999899993],[28.01506999700007,-26.7941799969999],[28.01551000600017,-26.789619995999942],[28.028440000000103,-26.780450003999874],[28.00712000100009,-26.76925000199998],[27.992180002,-26.72588],[28.00048999800015,-26.703320000999952],[28.004789997000046,-26.71445999799994],[28.01726000200017,-26.71613],[28.01648999700018,-26.69669999599995],[28.02492000300009,-26.6954499979999],[28.02174000100007,-26.678320001999907],[28.002169998000056,-26.674730001999876],[28.003790002000187,-26.66453000399997],[28.00881,-26.670109996999884],[28.02077,-26.672549995999873],[28.01253000800017,-26.659130002999916],[28.014285860000143,-26.65033987199996],[28.040376816000105,-26.642008750999935],[28.057159899000055,-26.621777223999914],[28.05765508200011,-26.628599178999934],[28.08239289,-26.64605267999997],[28.099124,-26.641532],[28.110306,-26.648151],[28.111185,-26.657920999999874],[28.15910600000018,-26.672906],[28.174784941000098,-26.666531060999887],[28.179134941000143,-26.65789106099993],[28.217135998000117,-26.655516000999967],[28.230390004000014,-26.644200001999877],[28.2296800040001,-26.638109997999948],[28.23467999700017,-26.63592000099993],[28.235479997000084,-26.63065999899993],[28.259849997000117,-26.621449997999946],[28.26124198900004,-26.612027001999934],[28.276868241000102,-26.604530416999978],[28.283815104000155,-26.60631640999992],[28.307438002000026,-26.58943199699985],[28.300599920000025,-26.57970126699996],[28.30324623400014,-26.5764611649999],[28.31879717300012,-26.56844017899988],[28.326551806,-26.57378835999998],[28.34174270800014,-26.550259471999937],[28.36522200100012,-26.571301997999967],[28.363647001000174,-26.589092002999962],[28.383305998000083,-26.588935],[28.387093002000086,-26.5940560009999],[28.436172997000142,-26.590314998999872],[28.42760200300006,-26.562680996999973],[28.47063500200005,-26.52655499799988],[28.45697858900013,-26.50620960699996],[28.436441205000108,-26.504678284999898],[28.43501676800014,-26.494707225999946],[28.426526555000123,-26.481799443999876],[28.41307091200008,-26.486650893999922],[28.410189823,-26.481715719999954],[28.401149523000072,-26.500943287999974],[28.3921644940001,-26.49142233499998],[28.381060491000028,-26.49903821499987],[28.35806932500003,-26.481627191999905],[28.349433209999972,-26.49840297599991],[28.333499821000146,-26.483257623999975],[28.335865236000018,-26.48198621399996],[28.332689999000138,-26.477450002999888],[28.315909996000073,-26.48991000199993],[28.296370004000153,-26.47814999699989],[28.28882999700005,-26.48233000199997],[28.28385999800014,-26.480719996999937],[28.271369997000136,-26.50299999799995],[28.249090004000095,-26.492065000999958],[28.243790001000036,-26.49564999699993],[28.237219995000032,-26.49395999799998],[28.22856999600009,-26.48510999599995],[28.225220001000082,-26.472590000999958],[28.19882999800018,-26.4636],[28.220399999000108,-26.43628000399997],[28.217049996000128,-26.43342],[28.208740000000148,-26.434020011999962],[28.187690001000135,-26.45312000399997],[28.178120001000025,-26.443749998999976],[28.195970002000138,-26.429219998999884],[28.181059997999967,-26.42917999799988],[28.183014003000096,-26.419234996999933],[28.160290004000103,-26.43803],[28.147230009000168,-26.423930001999906],[28.134730002000026,-26.42291000199998],[28.13722999900017,-26.425520002999917],[28.125670006000178,-26.43066999299998],[28.1179090010001,-26.41906999899993],[28.076060002000077,-26.415370002999964],[28.09751600200002,-26.360309998999924],[28.08115000300012,-26.33571000099994],[28.051067999000168,-26.349080002999983],[28.047830003000115,-26.359580002999905],[28.017463907000092,-26.39095593399992],[27.996903707000172,-26.397576469999876],[27.98681198200012,-26.41685344299998],[28.001348269000175,-26.419294867999895],[28.017930761000173,-26.414973549999957],[28.033929383000157,-26.421137871999974],[28.05245566900004,-26.41497983499994],[28.063167999000143,-26.41657300299994],[28.060691996,-26.43417700699996],[28.040908001000105,-26.427425995999954],[28.044526001000122,-26.433277000999965],[28.037529999000185,-26.4360439969999],[28.04456099900017,-26.44366099699988],[28.042237004000185,-26.454405],[28.026015001000076,-26.460852002999957],[28.02904000300009,-26.480722996999873],[28.037579,-26.48170700199995],[28.029792986000132,-26.490152526999907],[28.06186661000004,-26.49182398599993],[28.053689031000147,-26.51093352999993],[28.02391375800005,-26.540190556999846],[28.02053576900005,-26.53240732499995],[28.00948948400014,-26.541180503999954],[28.00772784300011,-26.538725121999903],[27.99194004300017,-26.547674919999963],[27.977398003000076,-26.530454997999982],[27.971810294000193,-26.534344250999823],[27.934644774000162,-26.49282834299987],[27.935706841000012,-26.486918895999963],[27.97742199800018,-26.472732001999873],[27.97856267300017,-26.45553059899993],[27.990547422000134,-26.45489982299995],[27.966894523000178,-26.431370871999945],[27.960496767000166,-26.418453592999924],[27.96138900300008,-26.405236001999924],[27.957168572000057,-26.414742494999928],[27.958750013000042,-26.428668805999962],[27.93338000200015,-26.424185],[27.922269999000093,-26.428980001999946],[27.917510003000075,-26.458580001999906],[27.912210000000186,-26.458490001999905],[27.914839997000115,-26.44096999699991],[27.87915,-26.44675000199993],[27.88012000100008,-26.438669988999948],[27.86907499900019,-26.44480099799989],[27.87073,-26.47560999899997],[27.882971004000183,-26.49296799699988],[27.87866000100007,-26.492254997999964],[27.874957472000062,-26.501703550999878],[27.864405295000154,-26.504792068999905],[27.86454800100006,-26.509998003999954],[27.856484573000103,-26.503421156999877],[27.858637366000153,-26.483373236999967],[27.850678621000043,-26.481953105999878],[27.854649188,-26.471968361999927],[27.84598288700016,-26.46884707299995],[27.84815036100008,-26.4647278409999],[27.838062607000154,-26.45933060199991],[27.84708983400003,-26.449274415999923],[27.845208072000105,-26.444706863999897],[27.83394453,-26.446467114999905],[27.831384721000063,-26.42359407099991],[27.813835954000126,-26.42144885099998],[27.81439000400013,-26.425229998999896],[27.786180001000105,-26.418979997999884],[27.75141999600004,-26.41915999899993]]],[[[27.860734957000034,-26.69030029199996],[27.847520996000128,-26.68356800399988],[27.846630498000025,-26.695079120999935],[27.835069070000145,-26.692714611999975],[27.834535183000128,-26.681564584999876],[27.84013556700006,-26.66607884399997],[27.856336998000018,-26.67191899999989],[27.85319877500018,-26.68064025299998],[27.859574213000087,-26.68172080499994],[27.860734957000034,-26.69030029199996]]],[[[27.84026827600013,-26.578726087999883],[27.83115900300004,-26.585435996999877],[27.823463096000182,-26.583024400999932],[27.82897510900017,-26.55994526199993],[27.837929702000054,-26.561187814999982],[27.839369998000052,-26.555803999999853],[27.845334997,-26.55649899799988],[27.843228002000046,-26.565212001999953],[27.836494004000087,-26.568778],[27.84026827600013,-26.578726087999883]]],[[[27.873173,-26.551143002999936],[27.88022763900011,-26.555225248999932],[27.876765003000173,-26.560096003999945],[27.86180100200005,-26.558388002999948],[27.86425056400003,-26.550593022999976],[27.87386240900014,-26.54470076699988],[27.867312940000147,-26.5364709239999],[27.88802023600016,-26.535132957999963],[27.887385480000034,-26.547105299999885],[27.883775008999976,-26.551087518999964],[27.88124051500006,-26.54816793599997],[27.873173,-26.551143002999936]]],[[[28.38260000500003,-25.32115],[28.433837999000048,-25.32240100399997],[28.45127964800014,-25.379376238999896],[28.455572998000093,-25.414829998999892],[28.389769001000047,-25.429623997999954],[28.39029900000014,-25.441304001999924],[28.369837003000043,-25.440681009999935],[28.369361990000073,-25.436573998999904],[28.358703000000105,-25.43439299599993],[28.35828300300011,-25.399074000999974],[28.315976003000117,-25.389442000999907],[28.312730002000023,-25.401430002999973],[28.29927600100018,-25.402817996999886],[28.299192731,-25.386952627999904],[28.294117999000093,-25.38732700399987],[28.29460000300014,-25.380418996999936],[28.287043998000172,-25.379076996999913],[28.286454998000124,-25.3742020009999],[28.28298299800008,-25.375464000999955],[28.280651008,-25.343070001999934],[28.283400009,-25.338079999999877],[28.289504999000144,-25.338290998999923],[28.28962699599998,-25.34115199899992],[28.29806000399998,-25.33933999599992],[28.298160001000042,-25.310370001999956],[28.37770000200004,-25.29230999899994],[28.38260000500003,-25.32115]]]]},"properties":{"area_code_id":"010 / 011","area_codes":["010","011"],"area_code_label":"010 / 011","prefix_1":"1","ward_count":329}},{"type":"Feature","geometry":{"type":"MultiPolygon","coordinates":[[[[27.717170004000025,-25.909770002999892],[27.747930003000192,-25.933289996999974],[27.74644999800006,-25.94801000399997],[27.722310004000065,-25.94471999799987],[27.720940003000123,-25.95547000099998],[27.70001999600015,-25.98218000299994],[27.69574000100016,-25.981989996999914],[27.69741000300013,-25.99593],[27.68051999700009,-25.988170000999958],[27.653659997999966,-25.996990000999972],[27.637168241000154,-25.995413119999967],[27.62134000100002,-26.00971999899997],[27.589573001000076,-26.02494399999989],[27.587353970000095,-26.021266689999948],[27.591344264000043,-26.015228745999877],[27.584643303000064,-26.01150599099998],[27.586287001000187,-26.00372500499998],[27.568753997000044,-26.002117999999882],[27.563384996000025,-25.997454002999916],[27.56918999200019,-25.99620200199996],[27.567178209000076,-25.992704723999964],[27.539136004000056,-25.98782800399988],[27.535240999000052,-25.973444001999894],[27.48707900300002,-25.970347999999888],[27.456550997000136,-25.973486994999917],[27.45356600400015,-25.920159999999896],[27.463339998000095,-25.921470002999968],[27.457039999000074,-25.888290000999973],[27.4700000040001,-25.888100003999966],[27.46194700100017,-25.8676060009999],[27.49754,-25.85958999899998],[27.51327,-25.86033000099991],[27.534000001000095,-25.84904],[27.505929997000123,-25.777370002999874],[27.557134996000173,-25.76607700099993],[27.62241399700008,-25.759898001999943],[27.618107000000123,-25.737341002999983],[27.64005299900009,-25.732407],[27.643085236000047,-25.720192691999955],[27.651852312000187,-25.72470291199994],[27.655567682000083,-25.72011275299991],[27.634300125000152,-25.690481216999956],[27.70122676799997,-25.676541519999944],[27.702403996000044,-25.66176499799991],[27.70706100300015,-25.661212000999967],[27.717231006000077,-25.614692],[27.714772,-25.609549996999817],[27.73930099800009,-25.580462002999923],[27.7261679610001,-25.54149448699991],[27.722668998000074,-25.518085998999936],[27.684731010000064,-25.527820997999925],[27.68311699900005,-25.523275000999945],[27.663145002000192,-25.533651998999915],[27.66867,-25.536828002999982],[27.667506993000018,-25.57630800299995],[27.66299799700016,-25.58751599999988],[27.651923998000086,-25.59856400299998],[27.643632003999983,-25.597052],[27.646526997000024,-25.577286996999874],[27.632292011000118,-25.579139998999892],[27.625140003000013,-25.531620001999954],[27.61124999900005,-25.510509996999872],[27.61970999900018,-25.475030002999972],[27.609950001000186,-25.457729997999934],[27.585899999000105,-25.44459000199987],[27.583220003000065,-25.437079997999945],[27.58488200200003,-25.42888400399994],[27.611865004000094,-25.40869100099991],[27.60453100100017,-25.360171000999912],[27.611941997000145,-25.360568997999962],[27.630678997000018,-25.329328997999937],[27.67237700200019,-25.345426002999886],[27.675252996000097,-25.315076001999955],[27.72597099700016,-25.34838199899997],[27.76830116600007,-25.33280515399997],[27.763156275000085,-25.311822803999917],[27.881972997000105,-25.270344499999908],[27.96107399200008,-25.21053600399989],[27.95274958000016,-25.20967342799986],[27.94801061100003,-25.20331323299996],[27.96920863700018,-25.191203388999952],[27.969774637000114,-25.181123268999897],[27.98233204100012,-25.18836255399998],[27.98821042000003,-25.135479568999926],[27.982315724999978,-25.137968439999895],[27.960244906000014,-25.132214809999823],[27.963473001000068,-25.09634700099997],[27.99754499700009,-25.106003002999955],[28.000393,-25.089443000999893],[28.050494007999987,-25.102838999999847],[28.03194600000012,-25.06413300299988],[28.01706299800003,-25.01770699899987],[27.99083002700013,-25.00970080399992],[27.997609998000087,-24.973499996999863],[28.01777999600006,-24.974050000999966],[28.036980002000064,-24.985349992999943],[28.08007999700004,-24.979490002999967],[28.120010004000108,-24.979469990999974],[28.1251709980001,-25.00478100299989],[28.15858999800014,-25.02054],[28.189985370000045,-25.029724150999925],[28.198385488000156,-25.038872890999983],[28.205073961000153,-25.064871366999967],[28.199367778000067,-25.07271690199991],[28.20151982600015,-25.080527141999937],[28.189038455000116,-25.096163359999935],[28.217175734000023,-25.112908720999883],[28.21711699900004,-25.122887998999943],[28.249444002000075,-25.130668999999898],[28.24588500200008,-25.119486001999917],[28.311153000000104,-25.12108500399995],[28.31602099800017,-25.081941997999934],[28.340367861000175,-25.010750705999953],[28.328049996000175,-25.003150003999963],[28.310054330000128,-24.971723634999876],[28.318826414000114,-24.96820286699989],[28.32115370100007,-24.952508594999927],[28.31252200300014,-24.94800099799994],[28.304642420000164,-24.922192349999875],[28.29127999500008,-24.927390998999954],[28.279351999000085,-24.92306099599989],[28.27809320900002,-24.87229367799995],[28.273337185000173,-24.86436881899988],[28.250798617000157,-24.852044922999937],[28.249804268000048,-24.842161699999906],[28.222902043000147,-24.83045182899997],[28.21085400100003,-24.848021],[28.187506004000056,-24.830582998999887],[28.19914100300008,-24.806382002999953],[28.187832010000022,-24.78940099899995],[28.191218001000152,-24.78818999599997],[28.18175799700009,-24.73943300699989],[28.2106099990001,-24.730619997999895],[28.240670004000094,-24.75193999699991],[28.26142000200008,-24.748720001999914],[28.27623000000017,-24.751969998999982],[28.292109997000182,-24.79566999799988],[28.35058999900008,-24.801320001999898],[28.35225000300011,-24.797810002999938],[28.355909999000062,-24.79955999899994],[28.356179998000073,-24.789599997999915],[28.366118,-24.78649399699998],[28.360714002000066,-24.728929998999945],[28.353264003000163,-24.727475998999978],[28.352021002000072,-24.720707999999888],[28.40510656800018,-24.732863884999915],[28.40771305400017,-24.71980585199998],[28.425807822000024,-24.70369499599991],[28.437210001000153,-24.70221999699993],[28.440293645,-24.695021538999924],[28.43342722900013,-24.69847652599998],[28.41947192100008,-24.697617597999965],[28.40392984000016,-24.685874200999876],[28.4147800020001,-24.67799000399998],[28.384591992000082,-24.67861000399995],[28.36954145700014,-24.67007704799994],[28.341504827999984,-24.672569843999895],[28.33615703600003,-24.677353482999933],[28.33776500600004,-24.625556996999876],[28.31174200000015,-24.633241],[28.29992900400009,-24.601204000999928],[28.329738,-24.583710997999844],[28.363840996000192,-24.61791799799994],[28.385121002000176,-24.565652997999962],[28.426939999000183,-24.58835000299996],[28.436689999000123,-24.549200996999957],[28.48738600000013,-24.602270001999955],[28.506520997000166,-24.59014700599988],[28.56601000300003,-24.57126999899998],[28.602210004000028,-24.613120002999892],[28.599279997000167,-24.624369995999928],[28.588660002000097,-24.613780003999977],[28.579159997000033,-24.62931],[28.594470001000047,-24.680560003999915],[28.62838999700017,-24.682189996999966],[28.635659997,-24.715149998999948],[28.61861000300007,-24.738980007999885],[28.564939997000124,-24.745679998999947],[28.527460002999987,-24.762540010999942],[28.566990002000182,-24.796769998999935],[28.576870003000124,-24.84201],[28.583949989000075,-24.856620001999943],[28.61476000200014,-24.83982999299991],[28.620229999000173,-24.8522],[28.657629998000175,-24.837700001999963],[28.713779997000074,-24.95362000199998],[28.759379997000053,-24.911350000999903],[28.837390001000074,-24.91601],[28.846390000000156,-24.93325999699988],[28.92406997400002,-24.901529977999928],[28.952215476,-24.95924344999986],[28.982807941000033,-24.950561060999917],[29.006973246000086,-24.936582031999876],[29.021636479000165,-24.96432324699998],[29.015740382000047,-24.973839858999895],[29.002059362000125,-24.96396541699994],[28.99252756900006,-24.96522327799994],[28.984231361000184,-24.96151697299996],[28.98602994100014,-24.970758060999913],[29.000863277000178,-24.991759597999874],[28.95519420500017,-25.013040901999887],[28.94969913300008,-25.009879839999883],[28.96180564700012,-24.98603132599993],[28.93433026200006,-24.98029223799989],[28.93015231300012,-24.96970916299989],[28.903219470000067,-24.982358655999974],[28.91029997000004,-25.00708996599991],[28.882700775000103,-25.015367580999907],[28.864336069000103,-24.96966921199987],[28.84062065100005,-24.97390977899994],[28.856785000000116,-25.012937],[28.86535012700017,-25.024106895999978],[28.837480998000046,-25.037851997999894],[28.778814426,-25.055474946999936],[28.804622996999967,-25.086064000999897],[28.824339997000152,-25.1321139989999],[28.844806997000035,-25.15865798899989],[28.83874299700011,-25.15939100199995],[28.835662791000175,-25.166353122999965],[28.77541,-25.18377000299995],[28.784560003000138,-25.228659993999884],[28.779099996000184,-25.230819994999933],[28.763849990000153,-25.22109000099988],[28.73242999900009,-25.26917],[28.739590001000067,-25.288530000999913],[28.73294000300018,-25.282699996999895],[28.695630002000144,-25.294460002999926],[28.641260002000024,-25.327639996999892],[28.62257999800005,-25.333649998999874],[28.638939996999966,-25.393980003999957],[28.6197899980001,-25.41138999599991],[28.62526000200006,-25.447629997999968],[28.629470002000062,-25.459369997999943],[28.63810969400015,-25.454579131999935],[28.651206626000032,-25.469310266999912],[28.645672737000154,-25.478418613999963],[28.642997818000083,-25.476659651999967],[28.630643997000163,-25.486139996999952],[28.634,-25.51989],[28.62575000200013,-25.523049995999884],[28.62667000400006,-25.531149997999933],[28.6472550040001,-25.58563000199996],[28.64251200300015,-25.589865002999886],[28.674695001000032,-25.658849990999954],[28.635100003000048,-25.670940001999952],[28.650290003000123,-25.70546],[28.63604,-25.711750001999974],[28.623513000000116,-25.724724997999886],[28.61920999900019,-25.721559998999965],[28.60841000500011,-25.749140002999923],[28.585829993000175,-25.759149995999962],[28.563310003000083,-25.798539996999978],[28.54961700200016,-25.798318998999946],[28.541585001000044,-25.849873998999954],[28.582663478000086,-25.8670102989999],[28.575286285000175,-25.898655620999932],[28.598263994000035,-25.895280321999962],[28.627596649000054,-25.903958453999905],[28.624510083000132,-25.959228501999917],[28.63226000400016,-25.970779996999852],[28.590949997000166,-26.00247999299995],[28.578939997000134,-26.059590002999926],[28.538629996000054,-26.04781000199995],[28.53076999800004,-26.06156999699988],[28.515765,-26.05852499899993],[28.468670001000078,-26.07808999899993],[28.440469996000104,-26.047659996999982],[28.442230006000102,-26.042199998999934],[28.449129993000156,-26.042699995999897],[28.460070002,-26.02366499699997],[28.46434,-26.02557000099995],[28.46438999800006,-26.011423003999937],[28.445667001000174,-26.018105996999907],[28.451070002,-25.99548000099992],[28.444420004000108,-25.99114999899996],[28.4626900020001,-25.97444],[28.46801399800006,-25.963269002999937],[28.45697001000002,-25.95667],[28.446020002000125,-25.964860001999966],[28.417750002,-25.95051],[28.41761001100008,-25.939349998999887],[28.40718999700016,-25.9240900019999],[28.35238000400011,-25.954599997999935],[28.338132003999988,-25.949952997999958],[28.31947900200015,-25.913720000999888],[28.269430005000174,-25.91577],[28.271211,-25.925026998999897],[28.243480001000137,-25.923192996999944],[28.184987997000178,-25.90340699899997],[28.18105,-25.91954999799998],[28.11023000100016,-25.944910010999934],[28.105469998000046,-25.9249],[28.09083999000012,-25.92742999899997],[28.090160001000072,-25.924260002999972],[28.08047999600018,-25.925219996999886],[28.07723,-25.920890003999943],[28.07505000100008,-25.929209997999976],[28.045739996000123,-25.93154999899997],[28.029906002000075,-25.91110199699989],[27.987859001000174,-25.934010002999855],[27.983980003000056,-25.90282999999988],[27.966859997000142,-25.910920002999944],[27.95015999600014,-25.90616999699995],[27.94668000000013,-25.908039995999957],[27.946669994000047,-25.91493999699992],[27.922480001000054,-25.9175599969999],[27.90097999500017,-25.905260000999874],[27.893798000000174,-25.905681002999984],[27.890350002,-25.883950008999875],[27.899469997000097,-25.882779994999964],[27.89820000100019,-25.859740003999946],[27.882600001000128,-25.86187000299998],[27.88438,-25.838750008999966],[27.8916800020001,-25.822909996999954],[27.858739996999986,-25.818819998999857],[27.848239997000064,-25.83929],[27.851800002000175,-25.84641000199997],[27.83147,-25.860172997999882],[27.74454999700015,-25.894620002999943],[27.717170004000025,-25.909770002999892]],[[28.283400009,-25.338079999999877],[28.28298299800008,-25.375464000999955],[28.286454998000124,-25.3742020009999],[28.287043998000172,-25.379076996999913],[28.29460000300014,-25.380418996999936],[28.294117999000093,-25.38732700399987],[28.299192731,-25.386952627999904],[28.29927600100018,-25.402817996999886],[28.312730002000023,-25.401430002999973],[28.315976003000117,-25.389442000999907],[28.35828300300011,-25.399074000999974],[28.358703000000105,-25.43439299599993],[28.369361990000073,-25.436573998999904],[28.369837003000043,-25.440681009999935],[28.39029900000014,-25.441304001999924],[28.389769001000047,-25.429623997999954],[28.455572998000093,-25.414829998999892],[28.45127964800014,-25.379376238999896],[28.433837999000048,-25.32240100399997],[28.38260000500003,-25.32115],[28.379160998000145,-25.292055996999977],[28.298160001000042,-25.310370001999956],[28.29806000399998,-25.33933999599992],[28.28962699599998,-25.34115199899992],[28.289504999000144,-25.338290998999923],[28.283400009,-25.338079999999877]]],[[[28.76223729100002,-25.41737410899998],[28.74553448100005,-25.432462719999933],[28.7335915970001,-25.408851668999944],[28.73381022500007,-25.40157469199994],[28.784707134000143,-25.399241482999912],[28.79569084200017,-25.41871203699992],[28.79225100400015,-25.42156099799996],[28.788363024000148,-25.41545606099993],[28.775405289000105,-25.416688912999973],[28.767639000000145,-25.42769],[28.76223729100002,-25.41737410899998]]]]},"properties":{"area_code_id":"012","area_codes":["012"],"area_code_label":"012","prefix_1":"1","ward_count":187}},{"type":"Feature","geometry":{"type":"Polygon","coordinates":[[[29.093290998000043,-26.184235],[29.100614005000125,-26.223144001999913],[29.091244001000064,-26.221197998999912],[29.089631003000136,-26.22743700299992],[29.08063399600013,-26.22322700299992],[29.04926500100015,-26.229429006999908],[29.04947500300011,-26.22294399799995],[29.001080000000115,-26.22883],[28.984219996000036,-26.23693000999998],[28.983539999000186,-26.242120000999932],[28.970760002000134,-26.238379996999925],[28.939509996000027,-26.26580999499987],[28.8863400030001,-26.257710001999953],[28.88759000200008,-26.28002999599994],[28.86756000200012,-26.327649999999892],[28.81780000100008,-26.34572000099996],[28.805080002000068,-26.306590001999894],[28.778900000000192,-26.316929997999978],[28.73936000300006,-26.32453000199996],[28.710120010000026,-26.341240000999903],[28.672727997000152,-26.320913],[28.672797011,-26.31168799799991],[28.62690000200007,-26.292439996999917],[28.622290003000103,-26.248379997999905],[28.530539999000098,-26.225309994999975],[28.534290002000148,-26.17224000099992],[28.527150003000088,-26.178740003999962],[28.521339996000165,-26.144490010999903],[28.490500004000182,-26.126392000999942],[28.49694999900015,-26.10387000099996],[28.505180001000042,-26.099219998999956],[28.501190010000073,-26.089569990999905],[28.515820001000066,-26.08124999599994],[28.503054997000106,-26.063800002999926],[28.515765,-26.05852499899993],[28.53076999800004,-26.06156999699988],[28.538629996000054,-26.04781000199995],[28.578939997000134,-26.059590002999926],[28.590949997000166,-26.00247999299995],[28.63226000400016,-25.970779996999852],[28.624510083000132,-25.959228501999917],[28.627596649000054,-25.903958453999905],[28.598263994000035,-25.895280321999962],[28.575286285000175,-25.898655620999932],[28.582663478000086,-25.8670102989999],[28.541585001000044,-25.849873998999954],[28.54961700200016,-25.798318998999946],[28.563310003000083,-25.798539996999978],[28.585829993000175,-25.759149995999962],[28.60841000500011,-25.749140002999923],[28.61920999900019,-25.721559998999965],[28.623513000000116,-25.724724997999886],[28.63604,-25.711750001999974],[28.650290003000123,-25.70546],[28.635100003000048,-25.670940001999952],[28.674695001000032,-25.658849990999954],[28.64251200300015,-25.589865002999886],[28.6472550040001,-25.58563000199996],[28.62667000400006,-25.531149997999933],[28.62575000200013,-25.523049995999884],[28.634,-25.51989],[28.630643997000163,-25.486139996999952],[28.642997818000083,-25.476659651999967],[28.645672737000154,-25.478418613999963],[28.651206626000032,-25.469310266999912],[28.63810969400015,-25.454579131999935],[28.629470002000062,-25.459369997999943],[28.62526000200006,-25.447629997999968],[28.6197899980001,-25.41138999599991],[28.638939996999966,-25.393980003999957],[28.62257999800005,-25.333649998999874],[28.641260002000024,-25.327639996999892],[28.695630002000144,-25.294460002999926],[28.73294000300018,-25.282699996999895],[28.739590001000067,-25.288530000999913],[28.73242999900009,-25.26917],[28.763849990000153,-25.22109000099988],[28.779099996000184,-25.230819994999933],[28.784560003000138,-25.228659993999884],[28.77541,-25.18377000299995],[28.835662791000175,-25.166353122999965],[28.83874299700011,-25.15939100199995],[28.844806997000035,-25.15865798899989],[28.824339997000152,-25.1321139989999],[28.804622996999967,-25.086064000999897],[28.778814426,-25.055474946999936],[28.837480998000046,-25.037851997999894],[28.86535012700017,-25.024106895999978],[28.856785000000116,-25.012937],[28.84097306900003,-24.973559273999967],[28.86478387000011,-24.97011701299988],[28.882700775000103,-25.015367580999907],[28.91029997000004,-25.00708996599991],[28.903219470000067,-24.982358655999974],[28.93015231300012,-24.96970916299989],[28.93433026200006,-24.98029223799989],[28.96180564700012,-24.98603132599993],[28.94969913300008,-25.009879839999883],[28.95519420500017,-25.013040901999887],[29.000863277000178,-24.991759597999874],[28.98602994100014,-24.970758060999913],[28.984231361000184,-24.96151697299996],[28.99252756900006,-24.96522327799994],[29.002059362000125,-24.96396541699994],[29.015740382000047,-24.973839858999895],[29.021636479000165,-24.96432324699998],[29.00858180600011,-24.93595830199996],[29.02317755700011,-24.932459695999967],[29.046773942000186,-24.942631060999872],[29.05442469200011,-24.941297560999942],[29.054118442,-24.937487185999885],[29.07184607000005,-24.940742059999934],[29.08287997200017,-24.981209941999964],[29.173739970000042,-24.949284965999937],[29.18314996300012,-24.939920040999937],[29.175749999000175,-24.90541002999987],[29.203889972000127,-24.89567996699992],[29.229779971000085,-24.81264996599998],[29.26435996800018,-24.812230016999933],[29.27558000000016,-24.79137],[29.270670000000166,-24.77849],[29.27204,-24.74259],[29.247380000000135,-24.71361],[29.35801545900017,-24.668457584999885],[29.35964094899998,-24.67277908899996],[29.410097740000083,-24.69303989699995],[29.41607630700014,-24.68843334899998],[29.427198724000164,-24.687814250999907],[29.43730994300006,-24.6919800579999],[29.44538993900011,-24.681180065999968],[29.461389943000086,-24.675910059999865],[29.46061994400003,-24.65424005999995],[29.472410022000133,-24.634829983999964],[29.51845591600005,-24.660606826999924],[29.51753548200014,-24.697240068999974],[29.509837313000105,-24.708896100999937],[29.53191426300009,-24.7270626319999],[29.537565488000098,-24.72610479899987],[29.544229953000183,-24.734728680999922],[29.554115686000046,-24.736934228999928],[29.558522567000068,-24.746077240999966],[29.566652505000036,-24.747318260999975],[29.580607631000078,-24.757803598999942],[29.584657355000104,-24.764296314999967],[29.580300023000177,-24.780169965999846],[29.57312995000018,-24.790460049999922],[29.5180899450001,-24.78005998699996],[29.49852994100013,-24.770040066999968],[29.491819949000046,-24.782930005999958],[29.482436948000043,-24.76975896199997],[29.460872433000077,-24.764833282999973],[29.46145044200017,-24.771340935999945],[29.45765431700005,-24.772898935999876],[29.433061317000067,-24.77140181099992],[29.422941567000123,-24.77488481099988],[29.43035994200011,-24.799280060999877],[29.43921994200008,-24.809769935999896],[29.449033778000114,-24.80667778299994],[29.465572934000022,-24.810057300999972],[29.497035551000124,-24.785788090999972],[29.557569942000043,-24.813017060999982],[29.60071094200015,-24.84020506099995],[29.65595210100014,-24.85011770999995],[29.63675847900015,-24.865713931999892],[29.656648005000193,-24.896820704999982],[29.65670895900007,-24.903220965999935],[29.663081908000038,-24.90580697499996],[29.636729946000173,-24.953060056999902],[29.71164329300018,-24.924196129999928],[29.698058915000104,-24.905844840999976],[29.700763915000095,-24.905230089999975],[29.730588819000104,-24.90875931399995],[29.744359816999975,-24.93341496599993],[29.759158054000068,-24.928403607999883],[29.786261398000136,-24.926926450999872],[29.81065379800009,-24.938827754999977],[29.829730837000113,-24.935271922999902],[29.843842408000057,-24.923034202999872],[29.84546835800012,-24.88531470199996],[29.861391166000033,-24.89010383999988],[29.86712404100018,-24.898819964999973],[29.882747935000054,-24.906951705999973],[29.900255415,-24.90882283999997],[29.90250002300013,-24.8748899819999],[29.895950021000147,-24.858469983999953],[29.926540020000118,-24.84844998099993],[29.91874002100019,-24.834069982999893],[29.919430021000096,-24.82684998299993],[29.92351002100014,-24.82674998399989],[29.934160027000075,-24.81397497699993],[29.983190022000088,-24.841179980999982],[30.02123002000019,-24.83914998399996],[30.02771967500007,-24.834452759999976],[30.021509570000035,-24.804034477999892],[30.023291175999987,-24.790700827999956],[30.028917753000087,-24.78331594399998],[30.025816356000064,-24.781258684999955],[30.032440410000106,-24.771969681999906],[30.01476875800006,-24.76993561699993],[30.012155039999982,-24.763805964999904],[30.000340968000046,-24.765867207999918],[29.995985587000177,-24.760663960999977],[30.00352304000006,-24.74662696499996],[30.00750404000013,-24.74649696599994],[29.989239800000064,-24.71194655599993],[30.003099506000183,-24.706867968999916],[30.007030381000106,-24.70897694399997],[30.00640114800018,-24.71915897199989],[30.011360807000074,-24.723563577999926],[30.022640897000144,-24.71375169099997],[30.035730040000146,-24.71292258899996],[30.036902031000068,-24.6939081029999],[30.02197104000004,-24.67727896399998],[30.011995364000086,-24.682951687999946],[29.99450099600017,-24.679419201999963],[29.99722459100019,-24.642391628999974],[29.986599184000056,-24.636465132999945],[29.97488266500011,-24.622531838999976],[29.981397728000104,-24.613652927999965],[29.97653811900011,-24.60840293299998],[29.977889555,-24.60058798799986],[29.973280020000118,-24.59330998399986],[29.990285012000015,-24.580809984999973],[29.979319998000165,-24.567029995999974],[29.986639997000168,-24.534929998999928],[29.96073000200016,-24.520420002999913],[29.967910002000053,-24.500650003999965],[29.95100999699997,-24.48219999899993],[29.979487997000092,-24.44329299999987],[29.9704,-24.404280002999826],[29.94631687500015,-24.381575700999917],[29.913832,-24.367302001999917],[29.90168246100012,-24.373851970999908],[29.84908071800004,-24.361188221999896],[29.84754188800008,-24.323368049999942],[29.787714397000173,-24.301775464999935],[29.76028299700016,-24.30168799699993],[29.754249305000087,-24.297803805999877],[29.759709998000062,-24.291259998999976],[29.759750007000093,-24.282802001999926],[29.709967304000145,-24.27360635399998],[29.723210004,-24.243183996999903],[29.72515800100018,-24.21543799699998],[29.731932000000143,-24.208068],[29.721630998000137,-24.188494995999918],[29.700732999000024,-24.186226003999877],[29.689720998999974,-24.19126899799994],[29.68409700000018,-24.17103900999996],[29.697031997000067,-24.141948000999946],[29.693164003000106,-24.126431002999936],[29.73589000300018,-24.107239997999955],[29.75549999800006,-24.10440999699989],[29.762272500000165,-24.12019149599996],[29.751333357000192,-24.125828076999937],[29.756740300000047,-24.129752807999978],[29.75805550200016,-24.141485246999935],[29.766927899000166,-24.141297360999943],[29.76264827199998,-24.150587281999947],[29.754402163000123,-24.15643262499998],[29.759411071000102,-24.15922327999988],[29.765265803000148,-24.156205376999935],[29.777438012000175,-24.16433359599995],[29.777093994000097,-24.175581000999898],[29.764282,-24.17814200099997],[29.77482900700005,-24.19251599599994],[29.785109996000074,-24.191896003999943],[29.803649575000065,-24.198195269999815],[29.820275536000167,-24.192692591999958],[29.826033302000155,-24.20134201299993],[29.853950841000028,-24.18128440299995],[29.886266997000064,-24.181745995999904],[29.90088200200006,-24.188093998999875],[29.89574852600009,-24.20034955799997],[29.900471183000093,-24.206189628999937],[29.873903836000068,-24.208196231999977],[29.87521000200013,-24.222110003999944],[29.88555999700003,-24.22499000399995],[29.897280001000013,-24.221469998999908],[29.939449996000178,-24.22493999699998],[29.953300000000183,-24.217489989999933],[29.974359998000125,-24.22549000099997],[29.982339997000167,-24.209079995999957],[29.99662000300009,-24.210510009999894],[30.010190001000012,-24.204170001999955],[30.038900001000172,-24.2060499989999],[30.070689998000148,-24.238920000999883],[30.07847000200013,-24.237130003999937],[30.08543999900013,-24.2408799989999],[30.095790003000104,-24.23944000299997],[30.104310000000112,-24.244680000999892],[30.14050000300017,-24.24784999699989],[30.14699999700008,-24.255819997999936],[30.14401000100014,-24.26479000199987],[30.148350002000143,-24.277359996999962],[30.14336999700015,-24.287250002999883],[30.14827,-24.293299998999885],[30.179879997000114,-24.30467000199991],[30.20025,-24.287960002999966],[30.21136309100018,-24.288250104999975],[30.210504474000118,-24.302881680999974],[30.195462155000087,-24.318057864999957],[30.237635821000083,-24.354618842999912],[30.24182397100003,-24.367621548999978],[30.222450997000124,-24.358179],[30.201620998000124,-24.368439003999868],[30.20518820800004,-24.372841694999977],[30.20314547200013,-24.376427495999963],[30.180511513000113,-24.394607792999977],[30.198710344000176,-24.41135071699989],[30.208173736000163,-24.432517356999938],[30.206325854000056,-24.445060550999983],[30.212205477000055,-24.459105466999972],[30.236037296000063,-24.448874923999938],[30.239978480000048,-24.450575756999967],[30.256477113000074,-24.439692695999952],[30.254155964000176,-24.44543949699994],[30.25969537700007,-24.446706682999945],[30.259876403000135,-24.456699348999962],[30.27359821700003,-24.462492198999882],[30.272795540000175,-24.478813207999906],[30.284064519000083,-24.47687193099989],[30.29417681199999,-24.484416355999883],[30.301143479000075,-24.484305185999858],[30.304613957000186,-24.489656796999896],[30.312445785000193,-24.482897028999957],[30.32889897800004,-24.483304653999937],[30.33002192100014,-24.475908732999926],[30.32376472600015,-24.471149259999947],[30.354791576000082,-24.447981453999944],[30.380634494000162,-24.437473736999948],[30.397732471000097,-24.39254964199995],[30.39473951400015,-24.39072376699994],[30.39938260800011,-24.37957204999998],[30.394450736000067,-24.37747387999991],[30.395331840000154,-24.367273413999953],[30.401702895000142,-24.36052958299996],[30.403126216000032,-24.34802469199991],[30.41192458800009,-24.33560017399998],[30.47032000100012,-24.371710010999948],[30.495329998000102,-24.396459998999944],[30.518180001000076,-24.40563999699998],[30.53352999800012,-24.439709997999955],[30.54078000100003,-24.44496000999993],[30.55123000200018,-24.43913999699987],[30.555689997000172,-24.424459991999925],[30.565810002000035,-24.44717000299994],[30.583779998000068,-24.437459996999962],[30.59735000400019,-24.443190001999938],[30.613859999000113,-24.44186000199994],[30.6188100010001,-24.437809996999874],[30.61833,-24.43302999599996],[30.641829997000173,-24.450860000999967],[30.703689997000083,-24.45060999799989],[30.758979999000132,-24.460219998999946],[30.79928000400008,-24.49889000199994],[30.87170999900019,-24.538500002999967],[30.90893000000017,-24.525769996999884],[30.954330011000025,-24.52128],[30.959319999000115,-24.582070000999977],[31.067752001000144,-24.569369],[31.068555001000107,-24.58057],[31.074838003000025,-24.586147007999955],[31.06836900100018,-24.59169],[31.070341,-24.598661002999847],[31.09993682099997,-24.607620302999976],[31.108129921000057,-24.61492959899988],[31.11508109400006,-24.614150602999928],[31.113058997,-24.608151001999886],[31.121185011000193,-24.591011997999942],[31.133568,-24.5862269939999],[31.13089948099997,-24.57215335199993],[31.133912360000124,-24.56389137399998],[31.226180011000054,-24.55601000199988],[31.253660002000117,-24.499120000999937],[31.20324000100004,-24.426459990999945],[31.15995000000015,-24.437409997999907],[31.159969998,-24.37557000199996],[31.242029998000135,-24.365430000999936],[31.20005999900019,-24.304949991999877],[31.152520007000078,-24.318669994999823],[31.102210001000117,-24.323730000999888],[31.056020005,-24.32188999699997],[31.06043000000011,-24.271800000999917],[31.049939998000127,-24.187319996999975],[31.107269999000096,-24.145730000999947],[31.096149999000033,-24.117360002999874],[31.115100002000077,-24.119209988999955],[31.120569998,-24.09026],[31.085990002000017,-24.094519998999886],[31.06343000200019,-24.091459998999937],[31.071869998000068,-24.08352999899995],[31.101550001000078,-24.070639997999876],[31.120549995000033,-24.068199997999955],[31.133779998000193,-24.07369999699995],[31.14708000400003,-24.069680002999974],[31.169849997000085,-24.058629997999958],[31.175659996000036,-24.036379998999905],[31.19339000400015,-24.03104000299993],[31.234700001000135,-24.057569996999916],[31.24524000300005,-24.07142000099992],[31.252280003000067,-24.09773000299998],[31.257249994000176,-24.101050003999887],[31.27507999900007,-24.09381999699997],[31.29345000400008,-24.074390000999927],[31.301560002000144,-24.07382999799995],[31.320620009000038,-24.082599998999967],[31.360010002000024,-24.07124000099998],[31.379110002000118,-24.052250005999895],[31.386439998000185,-24.05219999899998],[31.392599998000037,-24.065830001999814],[31.39901999900019,-24.06755000399994],[31.431199997000192,-24.052350003999948],[31.440560003000144,-24.038299995999978],[31.440939999000136,-24.020980002999977],[31.44762000100002,-24.019920002999925],[31.462529997000047,-24.02964],[31.48196999900017,-24.031620001999954],[31.505469996999977,-24.04076],[31.520940005000114,-24.05430000399997],[31.529089996000096,-24.056669999999883],[31.542559997000183,-24.0539900039999],[31.548650001000112,-24.037200002999896],[31.568240000000173,-24.03306999699987],[31.58686999700018,-24.052779989999976],[31.59814000199998,-24.05631999899998],[31.608300001000146,-24.04758999899991],[31.6095700030001,-24.036289998999905],[31.620889999000042,-24.02325000199994],[31.632580000000132,-24.017890000999955],[31.6593,-24.014089998999907],[31.668759997000052,-24.02095000099996],[31.679980003000082,-24.056650002999902],[31.701910004000126,-24.05991999699995],[31.718699996000055,-24.056840000999898],[31.73581000300004,-24.04608],[31.73490999800009,-24.01134],[31.769969996000043,-23.983190001999958],[31.782690005000063,-23.982080001999975],[31.79461000400005,-23.99193],[31.812539999000023,-23.999310003999938],[31.820360003000133,-23.99838000299991],[31.824970003000146,-23.986160001999963],[31.883834663000073,-23.984594453999932],[31.90801000300013,-24.182429998999964],[31.987129998000057,-24.3022],[32.01309999800014,-24.45459],[32.00891000200005,-24.57515000199993],[31.99827000300013,-24.689740001999894],[32.01548,-24.925120002999904],[32.03017000400018,-25.06569000099995],[32.031979997000064,-25.183095],[32.01527999600006,-25.382499995999922],[31.990520002000096,-25.428969998999946],[31.979620002000047,-25.45705999899991],[31.977400003000128,-25.474689999999896],[31.977379999000107,-25.50979999799995],[31.98132999800015,-25.523820001999923],[31.99576000000019,-25.52627],[32.00609900000018,-25.64519399999989],[31.99594000000019,-25.676690002999976],[31.97856000200011,-25.693670001999976],[31.930549997000128,-25.84076999699994],[31.973690001000136,-25.95320000299995],[31.86786000300009,-25.99960000199991],[31.41629999900016,-25.71876],[31.315939998000147,-25.743040000999883],[31.263569997000047,-25.80963000299994],[31.12657000300004,-25.92114999699993],[31.112750002000098,-25.98256999599994],[31.071039996000138,-26.067310000999896],[30.98922352800014,-26.21249759299991],[30.979797343000087,-26.212582794999946],[30.957836662000034,-26.205590470999937],[30.94430399000015,-26.194769650999945],[30.937444600000106,-26.18107745899988],[30.896102155000108,-26.176770399999953],[30.889296999000123,-26.17811100299997],[30.887098002000187,-26.186154],[30.87242159500005,-26.17143610599993],[30.855685661000166,-26.173903830999905],[30.854330141000105,-26.182160177999947],[30.845316912000158,-26.171334469999977],[30.849906001000136,-26.16756699599989],[30.848189110000135,-26.159268047999888],[30.841856148000147,-26.1551944119999],[30.84522802200007,-26.143452756999977],[30.857140838000078,-26.143469873999948],[30.85421398300008,-26.134227170999964],[30.85960555900016,-26.123615179999945],[30.796742998000127,-26.096293998999897],[30.82364599800013,-26.062635000999933],[30.849772003000112,-26.066851001999964],[30.848759998000105,-26.06238100099995],[30.865919996000116,-26.04424599899994],[30.878076003000047,-25.993019997999966],[30.905073998000148,-25.99291600199996],[30.924302003000093,-25.931246],[30.880330002999983,-25.925079998999934],[30.84986,-25.92634000399994],[30.812565001000166,-25.915369999999882],[30.820979997999984,-25.909319996999955],[30.823059998000133,-25.876519997999935],[30.81431000200007,-25.868470003999903],[30.773649999000156,-25.861939990999872],[30.766839996000044,-25.85527000299993],[30.770649995999975,-25.850019998999926],[30.761090002000174,-25.831329996999955],[30.75219000100003,-25.82262000099996],[30.74945999800019,-25.803939997999976],[30.752270003000035,-25.798269997999967],[30.73939,-25.788599998999928],[30.725089998000158,-25.759189996999964],[30.73265000100008,-25.741350001999933],[30.638719999000045,-25.711800000999915],[30.63846899800012,-25.723980001999905],[30.61849000300009,-25.72382999699994],[30.61119000900004,-25.719020000999933],[30.579569998000068,-25.7534699979999],[30.60611999600019,-25.789730002999875],[30.55864000800011,-25.768259998999895],[30.519299999000168,-25.728550000999917],[30.48637999800013,-25.76219999799997],[30.514850002000117,-25.78791000399997],[30.483989998000084,-25.818590000999905],[30.47883000100012,-25.79378999799991],[30.45678500100007,-25.80357000099997],[30.464080000000138,-25.813850000999935],[30.448920001000147,-25.83056],[30.455369997000048,-25.838264996999897],[30.430570002000024,-25.85546999899998],[30.419060000000172,-25.877560002999928],[30.381149995999976,-25.886899995999897],[30.331109997999988,-25.88054000099993],[30.299050002000172,-25.92637999699997],[30.278934998000125,-25.90715499999982],[30.254,-25.893269997999937],[30.243440002000114,-25.87211000999997],[30.27039999900012,-25.82537000099984],[30.21375000200004,-25.804019998999934],[30.20082999900012,-25.836429995999936],[30.151739998000153,-25.819290002999935],[30.14970999600007,-25.82972],[30.09150999899998,-25.846219988999962],[30.086688003000177,-25.860293997999975],[30.036429999000063,-25.876950000999955],[29.989880003,-25.88365999699994],[29.997730002000026,-25.918669996999824],[29.958860004000144,-25.912899997999887],[29.94375000400015,-25.905660000999944],[29.898964,-25.869278995999878],[29.861790001000088,-25.86245000299988],[29.848149999000043,-25.875960002999932],[29.839289999000016,-25.906230002999905],[29.83056999700011,-25.92193],[29.856820002000177,-25.934500002999982],[29.87695999800019,-25.965210001999935],[29.856629996000095,-25.978969997999968],[29.856900004000067,-26.00319000099995],[29.86578999900013,-26.01392999899997],[29.830529996000053,-26.073489997999957],[29.827419998000153,-26.070969996999963],[29.81105999900018,-26.105299998999953],[29.800581001000182,-26.163506003999885],[29.80468999800007,-26.189510002999953],[29.758840003000103,-26.22541000199982],[29.715359997000064,-26.203849998999942],[29.705100001000062,-26.22812000099998],[29.697520002000033,-26.227649996999958],[29.697420004000094,-26.231560002999913],[29.66762999900004,-26.244640001999983],[29.59428000100013,-26.23978999799982],[29.59086000300016,-26.24035],[29.585760003000075,-26.253410002999885],[29.54035000100015,-26.2538799969999],[29.560225998000078,-26.209207995999975],[29.513079996000045,-26.18558000099995],[29.49344999599998,-26.169549998999912],[29.47557999900016,-26.173780001999887],[29.456609999000136,-26.203669997999953],[29.455549999000027,-26.211400001999948],[29.387970000000166,-26.20490000099994],[29.40703999700014,-26.139649996999935],[29.391039997000064,-26.14419000199996],[29.335248003000174,-26.096625997999922],[29.327171395,-26.099412610999934],[29.32323264100006,-26.10714418799995],[29.321862020000083,-26.103224241999897],[29.317079001000025,-26.106657997999946],[29.294910998000034,-26.13568300199995],[29.28366399700019,-26.123261998999965],[29.237337999000147,-26.133569000999955],[29.238165001000027,-26.143613001999825],[29.26538000400018,-26.167962000999978],[29.27657778100007,-26.165495507999935],[29.27669462300014,-26.160609369999918],[29.293295998000133,-26.170894002999944],[29.282496003000176,-26.18308199899991],[29.284630990000153,-26.187151002999883],[29.260302004000152,-26.192360997999856],[29.22045000300011,-26.214303],[29.216031996000083,-26.241431002999946],[29.18705199600015,-26.24634200199995],[29.170818001000157,-26.222878997999942],[29.154821002000176,-26.215973002999874],[29.1229159290001,-26.18677803299994],[29.104976332000035,-26.19123834499993],[29.101696806000064,-26.184445247999918],[29.093290998000043,-26.184235]],[[28.73381022500007,-25.40157469199994],[28.74553448100005,-25.432462719999933],[28.76223729100002,-25.41737410899998],[28.767639000000145,-25.42769],[28.775405289000105,-25.416688912999973],[28.788363024000148,-25.41545606099993],[28.79225100400015,-25.42156099799996],[28.795662000999982,-25.41915400099998],[28.784707134000143,-25.399241482999912],[28.73381022500007,-25.40157469199994]]]},"properties":{"area_code_id":"013","area_codes":["013"],"area_code_label":"013","prefix_1":"1","ward_count":344}},{"type":"Feature","geometry":{"type":"Polygon","coordinates":[[[26.643680002999986,-25.8379849989999],[26.580030006000015,-25.782679995999956],[26.5714299980001,-25.789200002999905],[26.520360003,-25.755341000999977],[26.509529998000062,-25.75607],[26.462370000000135,-25.74536999599991],[26.446370001000105,-25.769329997999876],[26.439339998000094,-25.769970002999912],[26.390419998000084,-25.757639996999956],[26.409310003000087,-25.72125999699989],[26.399030011000036,-25.699049998999953],[26.4300599930001,-25.695930001999955],[26.42701000000011,-25.6914900029999],[26.404660003000117,-25.68663000099997],[26.396380002000058,-25.69288999899993],[26.36218999800002,-25.69464000299996],[26.37277,-25.683960002999925],[26.337549999000146,-25.681685998999967],[26.29814474000011,-25.66666344999993],[26.290143667000052,-25.71219250099989],[26.283455567000033,-25.72186308499988],[26.257054430999972,-25.749010415999976],[26.242355377000024,-25.732302236999885],[26.23816114600004,-25.73432910299988],[26.258292385000118,-25.774949710999977],[26.20676044300012,-25.76904891099997],[26.185004758000105,-25.756553752999878],[26.184427983999967,-25.67562074599988],[26.18884628799998,-25.67333407899997],[26.15475000100014,-25.676939997999966],[26.10924499700002,-25.70210999799997],[26.09164000300018,-25.664950002999944],[26.113499993,-25.64325999899995],[26.097280001,-25.646570000999873],[26.10006000300018,-25.63429000199983],[26.095410002999984,-25.61777999899988],[26.073329997000087,-25.61755],[26.062370000000158,-25.6262700019999],[26.02585489000012,-25.640460814999983],[26.02441335000003,-25.636910114999978],[25.975740000000144,-25.64999999799994],[25.948815001000185,-25.665350002999958],[25.886939999000106,-25.675309996999943],[25.84559999900017,-25.665639997999904],[25.83505,-25.611598996999874],[25.796552999000085,-25.524968],[25.740669999000147,-25.513850001999913],[25.679450003000056,-25.520069998999872],[25.6421199990001,-25.544430000999967],[25.62979000100006,-25.537820002999922],[25.659759998000084,-25.474389997999936],[25.680759999000088,-25.403960001999963],[25.68823000200007,-25.3760000019999],[25.69981999800018,-25.29100000299991],[25.7291,-25.25688000299988],[25.860760006000135,-24.924259997999968],[25.88182000400019,-24.91423999899996],[25.872559996000177,-24.905259996999973],[25.880640001000188,-24.90256000399995],[25.87638000200002,-24.897679996999955],[25.87657000000013,-24.888300001999937],[25.88481999800007,-24.887690000999896],[25.888769997000168,-24.88246000099997],[25.882930003000126,-24.875900000999877],[25.881419996000147,-24.859010001999934],[25.876250001000017,-24.856069996999963],[25.873280002000058,-24.82912999699994],[25.86735,-24.82348999899989],[25.859290007000084,-24.82623],[25.863180001000046,-24.808479996999836],[25.842409998999983,-24.79034],[25.844160003000184,-24.78027999999989],[25.85148000100014,-24.774500003999947],[25.8479,-24.75551],[25.911380003000033,-24.753709996999874],[25.917060002000085,-24.745509989999903],[25.96440999700019,-24.74944],[26.00741000200003,-24.724280005999958],[26.187000003000094,-24.687499998999954],[26.393280001000164,-24.636629998999922],[26.408780003000118,-24.6461299959999],[26.42138,-24.633960000999878],[26.42630000000014,-24.617780001999904],[26.43312999900013,-24.618519995999918],[26.441509998000072,-24.611949997999886],[26.451839997000093,-24.610560000999897],[26.471059999000147,-24.58897000299993],[26.48204999899997,-24.566910001999872],[26.48122000500007,-24.557049997999968],[26.487660002000098,-24.551140000999908],[26.48971999800017,-24.538579988999857],[26.500219999000024,-24.522789998999883],[26.50150999800013,-24.508429999999862],[26.510220001,-24.50275000099998],[26.510300003000054,-24.488040000999945],[26.529220003000034,-24.47899000299998],[26.528220000000147,-24.47630999899991],[26.536310003000096,-24.475140001999932],[26.53805000100016,-24.46624000099996],[26.54067000800012,-24.463400000999968],[26.54673000200006,-24.465409998999917],[26.55264999700006,-24.45183000199995],[26.55964999700018,-24.45361000099996],[26.568210004000093,-24.438050001999954],[26.56558999700013,-24.43607999799991],[26.574629997000102,-24.43463001099991],[26.584059998000043,-24.42641998999983],[26.58155000300013,-24.422900000999903],[26.586149997000064,-24.420749996999916],[26.589800002000175,-24.41227],[26.587460000000192,-24.410729997999965],[26.61307000100004,-24.40664000099997],[26.617090003000158,-24.39840999099988],[26.62564001100003,-24.39371999699995],[26.632690003,-24.39559000399987],[26.63727999800011,-24.390169997999976],[26.635559997000144,-24.387540000999934],[26.646579999000153,-24.381759996999904],[26.658700003000035,-24.38505000299989],[26.657600001000162,-24.38161],[26.663729999,-24.38116999899995],[26.66523,-24.37372999799993],[26.668900001000054,-24.37269000999987],[26.670079996000027,-24.367479998999897],[26.664139988999978,-24.36202999099993],[26.66860999800008,-24.35365],[26.675699998000027,-24.351190003999875],[26.675670003000107,-24.344049996999956],[26.68903999700018,-24.33673999599995],[26.69701000599997,-24.339209998999934],[26.69688999599998,-24.33569000199992],[26.702639998000052,-24.334689998999977],[26.703990002000182,-24.321820001999924],[26.709909990000085,-24.31820999799993],[26.72009,-24.319769987999962],[26.720049999000025,-24.316720002999944],[26.727870003000135,-24.31501999799997],[26.733360004000076,-24.30414000199994],[26.74708999699999,-24.306519995999963],[26.74614999900001,-24.3114500019999],[26.751940001000037,-24.313180001999967],[26.781569996000144,-24.298960000999955],[26.785830003000115,-24.30657000299982],[26.789719997000077,-24.301279997999927],[26.800609999000187,-24.29999999699993],[26.801350001000117,-24.28806999899996],[26.815589998000178,-24.286630002999857],[26.82575001200007,-24.272199999999884],[26.8327600020001,-24.274169996999888],[26.83414999900009,-24.270100002999925],[26.841130003000103,-24.274769999999876],[26.851410003000183,-24.267469997999967],[26.857450001000075,-24.254889989999924],[26.865889997000068,-24.251039996999964],[26.8653,-24.24569000199989],[26.869109992000176,-24.24446000099988],[26.862609997000106,-24.237990000999957],[26.863920001000167,-24.230509998999935],[26.860399996000126,-24.22979999899991],[26.861939998000025,-24.216519996999978],[26.871000002000017,-24.215200002999893],[26.88328000900009,-24.19017000199989],[26.88120000100014,-24.18765000099995],[26.87983,-24.19142],[26.86812999300014,-24.190059997999924],[26.86448000400003,-24.17913000299984],[26.865470001000176,-24.17200000199989],[26.87587000299999,-24.16909],[26.8791299990001,-24.16010999699995],[26.87445000400004,-24.146989997999924],[26.861710000000187,-24.138500001999944],[26.867560007000066,-24.12389],[26.860200000000134,-24.106560000999878],[26.863200003000088,-24.09972000399989],[26.883829998000067,-24.0916200019999],[26.888870000000168,-24.074600002999887],[26.88916001200016,-24.054840001999878],[26.909300000000144,-24.028359998999974],[26.91462999900017,-23.971419998999977],[26.93219000200014,-23.955369999999846],[26.92778999900014,-23.922390000999883],[26.942470002000164,-23.90339999899993],[26.942790001000105,-23.886680000999945],[26.955259999000134,-23.873579998999958],[26.951030001000106,-23.86270999999988],[26.93388000100009,-23.856760000999884],[26.93230000000017,-23.851119998999877],[26.939799999000172,-23.843899997999983],[26.950900001000036,-23.841470001999824],[26.958690002000026,-23.830800000999943],[26.948770001000184,-23.82171000099993],[26.953449999000156,-23.805069998999954],[26.951740001000076,-23.79434],[26.963810000000137,-23.777899999999875],[26.96549,-23.769250000999875],[26.96151000300017,-23.746419997999965],[26.966559999000026,-23.729850001999978],[26.970480001000055,-23.72796],[26.97006999900003,-23.716269998999906],[26.97433000200016,-23.71338],[26.97107000000011,-23.702759998999966],[27.00240999800002,-23.68808000099989],[26.997839999000178,-23.677189998999893],[27.002610002000097,-23.664749996999944],[26.995690003000107,-23.652419998999903],[26.999659998000084,-23.65244000299998],[27.010339998000177,-23.637960000999954],[27.02533001200004,-23.64408],[27.02601999899997,-23.65099000099997],[27.021260003000123,-23.6551799959999],[27.02741000400016,-23.659980001999884],[27.036550002000013,-23.656509995999897],[27.031169998000053,-23.676049996999893],[27.04096999600017,-23.68344999699997],[27.070590001000028,-23.670710000999975],[27.077760002000048,-23.66079999799996],[27.074589999000068,-23.654779996999935],[27.081310001000077,-23.655150001999914],[27.081149998000058,-23.643310002999954],[27.068770001000075,-23.625579995999942],[27.063040004000186,-23.625609990999976],[27.059389999000075,-23.612579998999934],[27.072599998000157,-23.609420001999922],[27.07356999900003,-23.614529998999956],[27.079980001000138,-23.613530003999983],[27.08504999800016,-23.609010003999856],[27.07966000300013,-23.607229996999934],[27.081630000000132,-23.598899996999933],[27.099719990000153,-23.602940003999947],[27.108610001000045,-23.59034999699992],[27.108020003000092,-23.56737000199996],[27.113300002000074,-23.57053999699997],[27.117229996000162,-23.562209996999968],[27.131189996000046,-23.569410000999937],[27.129939998000168,-23.57407],[27.14575999800013,-23.574770001999923],[27.15079999200009,-23.572079998999925],[27.15078000300008,-23.567630002999977],[27.15478000100012,-23.56916999699996],[27.148369998000078,-23.551309996999976],[27.140039998000077,-23.553320001999907],[27.134620001000087,-23.543629999999894],[27.13480999899997,-23.533560001999945],[27.139530002000186,-23.528810002999933],[27.133299999000087,-23.52856],[27.134840001000157,-23.52394000199996],[27.147870001,-23.523749996999925],[27.15992000100016,-23.53704999599995],[27.16468999600005,-23.53635000199995],[27.16613999800012,-23.52466],[27.17215999900003,-23.521879997999918],[27.188190001000123,-23.532969995999963],[27.201000001000068,-23.53433999699996],[27.201870004,-23.528659997999966],[27.21087000300014,-23.526030000999924],[27.209050003000186,-23.521389998999894],[27.194000008000046,-23.514640000999975],[27.192409999000063,-23.49807999899997],[27.22612000099997,-23.48508000199996],[27.22383999699997,-23.494679996999935],[27.233319998000184,-23.495909998999934],[27.236400002000153,-23.484940002999906],[27.255180003000135,-23.477230002999875],[27.258610000000147,-23.472280000999945],[27.26723000400017,-23.477950000999954],[27.284319998000058,-23.47061999699997],[27.287630001000082,-23.462310000999935],[27.302960000999974,-23.46266000199995],[27.305430003000083,-23.453159996999943],[27.313169998000035,-23.450470002999964],[27.310400002000165,-23.447089996999978],[27.316680004000034,-23.44663],[27.312199997000164,-23.43182000199988],[27.32482999700011,-23.41734],[27.325179997000134,-23.406579997999813],[27.329810001000055,-23.403079997999953],[27.34881000300004,-23.397520001999965],[27.355889989,-23.39915000399992],[27.356390003000172,-23.41057999599991],[27.348940004000042,-23.42526000199996],[27.37426,-23.42709],[27.380839997000066,-23.420340001999932],[27.372840001000043,-23.410020000999964],[27.37723999800005,-23.398999998999955],[27.387659997000185,-23.389969996999923],[27.40721000400015,-23.388769997999873],[27.41049000400011,-23.390999994999902],[27.410230002000105,-23.399589995999918],[27.401219997000055,-23.41303000199997],[27.40998000000019,-23.424290000999918],[27.421840002000067,-23.426529996999875],[27.42832000100003,-23.424699998999927],[27.441979998000193,-23.38466999399992],[27.493220004000193,-23.387049995999917],[27.49557000300001,-23.384079996999958],[27.504440002000024,-23.38805],[27.528649999000095,-23.3852699979999],[27.536629997999967,-23.375749995999968],[27.538529999000048,-23.365830002999928],[27.562800002000074,-23.34955999699997],[27.567060001000073,-23.34112],[27.57074000000017,-23.32598999599992],[27.56018000300014,-23.31488000199994],[27.57309,-23.29420999799993],[27.576310003000174,-23.280940000999976],[27.572940003000042,-23.265309998999953],[27.580790002000185,-23.258160001999954],[27.591539997000154,-23.256839999999897],[27.601210003000176,-23.24717000199996],[27.596120002000077,-23.234389996999937],[27.59972,-23.21758999799988],[27.62128000400014,-23.218140002999917],[27.639010003000124,-23.22608000199989],[27.649499997000134,-23.225699997999982],[27.660380001000078,-23.22065999599988],[27.67200999700009,-23.20047999899998],[27.689300003000028,-23.196229998999854],[27.70372,-23.20374000299995],[27.713360004000094,-23.22815000399993],[27.73649000400019,-23.23292999699993],[27.75210000200019,-23.219260000999952],[27.750760004000142,-23.205730003999918],[27.7596,-23.195929996999894],[27.75961999600014,-23.190559997999912],[27.785139997000044,-23.17078000099997],[27.783340002000045,-23.157669999999882],[27.765299995000134,-23.142420001999938],[27.766739999000094,-23.133870000999934],[27.778470001000073,-23.131799998999895],[27.781880001000104,-23.143090000999962],[27.806979998000088,-23.135630002999903],[27.81946999900009,-23.124809996999943],[27.81326999800001,-23.11510999599983],[27.81406,-23.10647000399996],[27.81962000400017,-23.104599997999912],[27.83270000200008,-23.10888999899987],[27.847929997000165,-23.10476000099993],[27.893410002000053,-23.082879998999942],[27.89725599700006,-23.08873099599998],[27.890663002000167,-23.099887],[27.897524001000193,-23.105985996999948],[27.88728599700005,-23.112258003999955],[27.886184001000174,-23.139894996999942],[27.88127699900008,-23.144795000999977],[27.888704999000083,-23.150890997999966],[27.885198001000163,-23.16273399699992],[27.888385998000047,-23.170529998999882],[27.878346003000047,-23.180022997999913],[27.936567001000128,-23.157915997999908],[27.958271999000146,-23.22070400299998],[28.00245799900017,-23.180071998999892],[28.0400259970001,-23.2364960029999],[28.07430600100014,-23.21465499599998],[28.095967989000144,-23.23888399999987],[28.177342,-23.20733099199998],[28.202772001000085,-23.192329998999924],[28.22789299900012,-23.190947996999967],[28.310626000000184,-23.17022500199988],[28.320052003,-23.204042],[28.353250284000183,-23.184173769999916],[28.32009,-23.20402],[28.35554,-23.28345],[28.350980000000106,-23.304029999999898],[28.23846587800017,-23.32283075899994],[28.170762480000064,-23.325553078999917],[28.172689997000134,-23.353186996999966],[28.14495395300014,-23.352096162999942],[28.14435300200006,-23.33171300399988],[28.106157,-23.33947900299995],[28.11891036600008,-23.383346107999955],[28.09556280900017,-23.399624030999973],[28.09823579900018,-23.414804482999955],[28.07705975800019,-23.42843296899997],[28.065578051999978,-23.419709270999874],[28.055045998000026,-23.4298010039999],[28.075522996000018,-23.443968994999977],[28.07284699800016,-23.45187200099997],[28.093003998000086,-23.458158002999937],[28.0934,-23.473550003999947],[28.12434700400013,-23.497782997999934],[28.128871001000107,-23.505986004999897],[28.12601500300002,-23.51878200099992],[28.13322000300002,-23.52894899599994],[28.131543002000114,-23.532561003999945],[28.08477299800012,-23.550856997999972],[28.093211997000026,-23.601466996999932],[28.12008399700011,-23.591214996999895],[28.115800004000107,-23.61306000099995],[28.13131000400017,-23.613479996999956],[28.14006000000012,-23.621080008999968],[28.15172000700005,-23.623319995999907],[28.156689998000104,-23.632049995999978],[28.16266,-23.63243999799994],[28.162350000000174,-23.66039999799989],[28.197639996000134,-23.673209996999958],[28.20666,-23.672149996999906],[28.2052999980001,-23.679109995999966],[28.211449999000138,-23.68587],[28.213570000000118,-23.695769995999967],[28.21831999900013,-23.69712999899997],[28.21868999600008,-23.70313000399983],[28.22638,-23.705739995999977],[28.224230004000162,-23.7207],[28.25509,-23.73315],[28.258029998000097,-23.752350004999926],[28.250790001000155,-23.76434000099988],[28.258699997,-23.78091000099988],[28.271660001000157,-23.78877999699995],[28.266539997000166,-23.799449997999943],[28.281379998000148,-23.806200002999958],[28.289409996000188,-23.793119996999962],[28.29161999700017,-23.800230000999875],[28.300220005000085,-23.805169996999894],[28.2955599980001,-23.807199998999977],[28.296920001000103,-23.810500002999902],[28.305370003000064,-23.810049995999975],[28.308009998000102,-23.814290006999897],[28.307460002000084,-23.828579994999927],[28.297800002000145,-23.826550001999976],[28.300649999000143,-23.841089999999895],[28.31300000100009,-23.837699996999902],[28.319659999000066,-23.846689996999885],[28.33419000000015,-23.851190000999964],[28.315279998000165,-23.868880006999973],[28.328460002000156,-23.876450000999967],[28.335889997000038,-23.876050000999896],[28.33401,-23.89377000199994],[28.34683999600003,-23.90097999599982],[28.34208999800012,-23.907940002999965],[28.350149998000177,-23.914500002999887],[28.341410000000167,-23.91957],[28.359210003000044,-23.937169997999945],[28.36556000000013,-23.936769998999978],[28.366580000000113,-23.94602000099991],[28.377719997000042,-23.958359996999945],[28.399660004000168,-23.95385001099993],[28.402720003000127,-23.96752999699993],[28.39729000000017,-23.975509995999914],[28.40651999800002,-23.98786999699996],[28.404349997000168,-23.99711999899995],[28.414849998000022,-23.993439998999918],[28.425169998000058,-24.006410001999882],[28.43048999800004,-24.02840999799986],[28.43689000200004,-24.03465999799988],[28.432129998,-24.038419998999927],[28.434529997000084,-24.043500001999973],[28.443609997000124,-24.049260001999983],[28.451499997000155,-24.04311],[28.45955000000015,-24.048140003999947],[28.459840003000068,-24.056530000999942],[28.463729997000087,-24.058179998999947],[28.471209998000177,-24.0533],[28.47709999900019,-24.060420002999933],[28.46761,-24.06999000299993],[28.47611999500009,-24.084049224999944],[28.470020294000165,-24.088899611999977],[28.47640991200018,-24.093790053999953],[28.465120316000082,-24.102800368999965],[28.46262931800004,-24.11562919599993],[28.4701099400001,-24.116159438999944],[28.472490311000172,-24.12649917599998],[28.481609344000162,-24.136899947999893],[28.46806907700011,-24.14283943199996],[28.46932029700008,-24.147100448999936],[28.47476959200003,-24.147880553999983],[28.47385025000017,-24.155960082999968],[28.478040695,-24.16086959799992],[28.468680997000092,-24.165971],[28.405252491000056,-24.17053508799995],[28.407920837000063,-24.205909728999927],[28.39665985099998,-24.267890929999965],[28.370058104000123,-24.264987986999927],[28.366819382000017,-24.29491043099995],[28.37568092300006,-24.29645919799998],[28.372980118000157,-24.303340911999896],[28.37832069400008,-24.305459975999895],[28.365020752000078,-24.31158065799997],[28.363880157000096,-24.32206916799987],[28.36907005300003,-24.32080078099989],[28.379379272000108,-24.346950530999948],[28.386449814000173,-24.384799956999927],[28.420009613,-24.38699912999988],[28.46557045000003,-24.42275047299995],[28.454370499000163,-24.436759948999963],[28.448110580000105,-24.468219756999872],[28.4755306240001,-24.461879729999964],[28.50743092600004,-24.469932301999904],[28.519790004000185,-24.533230001999925],[28.49509999700001,-24.555740001999936],[28.51972,-24.56895000099985],[28.512450001000104,-24.590499998999974],[28.506520997000166,-24.59014700599988],[28.48738600000013,-24.602270001999955],[28.436689999000123,-24.549200996999957],[28.426939999000183,-24.58835000299996],[28.385121002000176,-24.565652997999962],[28.363840996000192,-24.61791799799994],[28.329738,-24.583710997999844],[28.29992900400009,-24.601204000999928],[28.31174200000015,-24.633241],[28.33776500600004,-24.625556996999876],[28.33615703600003,-24.677353482999933],[28.341504827999984,-24.672569843999895],[28.36954145700014,-24.67007704799994],[28.384591992000082,-24.67861000399995],[28.4147800020001,-24.67799000399998],[28.40392984000016,-24.685874200999876],[28.41947192100008,-24.697617597999965],[28.43342722900013,-24.69847652599998],[28.440293645,-24.695021538999924],[28.437210001000153,-24.70221999699993],[28.425807822000024,-24.70369499599991],[28.40771305400017,-24.71980585199998],[28.40510656800018,-24.732863884999915],[28.352021002000072,-24.720707999999888],[28.353264003000163,-24.727475998999978],[28.360714002000066,-24.728929998999945],[28.366118,-24.78649399699998],[28.356179998000073,-24.789599997999915],[28.355909999000062,-24.79955999899994],[28.292109997000182,-24.79566999799988],[28.27623000000017,-24.751969998999982],[28.26142000200008,-24.748720001999914],[28.240670004000094,-24.75193999699991],[28.2106099990001,-24.730619997999895],[28.18175799700009,-24.73943300699989],[28.191218001000152,-24.78818999599997],[28.187832010000022,-24.78940099899995],[28.19914100300008,-24.806382002999953],[28.187506004000056,-24.830582998999887],[28.21085400100003,-24.848021],[28.222902043000147,-24.83045182899997],[28.249804268000048,-24.842161699999906],[28.250798617000157,-24.852044922999937],[28.273337185000173,-24.86436881899988],[28.27809320900002,-24.87229367799995],[28.279351999000085,-24.92306099599989],[28.29127999500008,-24.927390998999954],[28.304642420000164,-24.922192349999875],[28.31252200300014,-24.94800099799994],[28.32115370100007,-24.952508594999927],[28.318826414000114,-24.96820286699989],[28.310054330000128,-24.971723634999876],[28.328049996000175,-25.003150003999963],[28.340367861000175,-25.010750705999953],[28.31602099800017,-25.081941997999934],[28.311153000000104,-25.12108500399995],[28.24588500200008,-25.119486001999917],[28.249444002000075,-25.130668999999898],[28.21711699900004,-25.122887998999943],[28.217175734000023,-25.112908720999883],[28.189038455000116,-25.096163359999935],[28.20151982600015,-25.080527141999937],[28.199367778000067,-25.07271690199991],[28.205073961000153,-25.064871366999967],[28.198385488000156,-25.038872890999983],[28.189985370000045,-25.029724150999925],[28.15858999800014,-25.02054],[28.1251709980001,-25.00478100299989],[28.120010004000108,-24.979469990999974],[28.08007999700004,-24.979490002999967],[28.036980002000064,-24.985349992999943],[28.01777999600006,-24.974050000999966],[27.997609998000087,-24.973499996999863],[27.99083002700013,-25.00970080399992],[28.01706299800003,-25.01770699899987],[28.03194600000012,-25.06413300299988],[28.050494007999987,-25.102838999999847],[28.000393,-25.089443000999893],[27.99754499700009,-25.106003002999955],[27.963473001000068,-25.09634700099997],[27.960244906000014,-25.132214809999823],[27.982315724999978,-25.137968439999895],[27.98821042000003,-25.135479568999926],[27.98233204100012,-25.18836255399998],[27.969774637000114,-25.181123268999897],[27.96920863700018,-25.191203388999952],[27.94801061100003,-25.20331323299996],[27.95274958000016,-25.20967342799986],[27.96107399200008,-25.21053600399989],[27.881972997000105,-25.270344499999908],[27.763156275000085,-25.311822803999917],[27.76830116600007,-25.33280515399997],[27.72597099700016,-25.34838199899997],[27.675252996000097,-25.315076001999955],[27.67237700200019,-25.345426002999886],[27.630678997000018,-25.329328997999937],[27.611941997000145,-25.360568997999962],[27.60453100100017,-25.360171000999912],[27.611865004000094,-25.40869100099991],[27.58488200200003,-25.42888400399994],[27.583220003000065,-25.437079997999945],[27.585899999000105,-25.44459000199987],[27.609950001000186,-25.457729997999934],[27.61970999900018,-25.475030002999972],[27.61124999900005,-25.510509996999872],[27.625140003000013,-25.531620001999954],[27.632292011000118,-25.579139998999892],[27.646526997000024,-25.577286996999874],[27.643632003999983,-25.597052],[27.651923998000086,-25.59856400299998],[27.66299799700016,-25.58751599999988],[27.667506993000018,-25.57630800299995],[27.66867,-25.536828002999982],[27.663145002000192,-25.533651998999915],[27.68311699900005,-25.523275000999945],[27.684731010000064,-25.527820997999925],[27.722668998000074,-25.518085998999936],[27.7261679610001,-25.54149448699991],[27.73930099800009,-25.580462002999923],[27.714772,-25.609549996999817],[27.717231006000077,-25.614692],[27.70706100300015,-25.661212000999967],[27.702403996000044,-25.66176499799991],[27.70122676799997,-25.676541519999944],[27.634300125000152,-25.690481216999956],[27.655567682000083,-25.72011275299991],[27.651852312000187,-25.72470291199994],[27.643085236000047,-25.720192691999955],[27.64005299900009,-25.732407],[27.618107000000123,-25.737341002999983],[27.62241399700008,-25.759898001999943],[27.557134996000173,-25.76607700099993],[27.505929997000123,-25.777370002999874],[27.534000001000095,-25.84904],[27.51327,-25.86033000099991],[27.49754,-25.85958999899998],[27.46194700100017,-25.8676060009999],[27.4700000040001,-25.888100003999966],[27.457039999000074,-25.888290000999973],[27.463339998000095,-25.921470002999968],[27.45356600400015,-25.920159999999896],[27.456550997000136,-25.973486994999917],[27.48707900300002,-25.970347999999888],[27.535240999000052,-25.973444001999894],[27.539136004000056,-25.98782800399988],[27.567178209000076,-25.992704723999964],[27.56918999200019,-25.99620200199996],[27.563384996000025,-25.997454002999916],[27.568753997000044,-26.002117999999882],[27.586287001000187,-26.00372500499998],[27.584643303000064,-26.01150599099998],[27.591344264000043,-26.015228745999877],[27.587629999000114,-26.025018998999883],[27.59873567600016,-26.022151831999906],[27.6048064740001,-26.032124430999943],[27.62614409700018,-26.03755432899993],[27.640165431000128,-26.058276949999936],[27.614259002000097,-26.06245399599993],[27.61235999800016,-26.086840002999963],[27.551230002000068,-26.104720006999912],[27.541300003000117,-26.0511],[27.535730001000047,-26.07932499599991],[27.467340004000107,-26.09226999899994],[27.42235999700017,-26.08916999899992],[27.41944000400008,-26.11749999599988],[27.36172,-26.115669998999977],[27.326239998000176,-26.10072000899993],[27.24106999800017,-26.09199999999987],[27.21071000000012,-26.08256],[27.16985000000011,-26.08022999699989],[27.17091999900009,-26.094860002999894],[27.15802999800019,-26.097689996999918],[27.142029999000158,-26.10068999899994],[27.09266,-26.096100003999936],[27.08671000200019,-26.14288999599995],[27.059720003000166,-26.140590002999886],[27.08092,-26.098129996999944],[27.071489998000118,-26.09962],[27.044459998000093,-26.131679995999946],[27.053780004000146,-26.10068999899994],[26.974799999000084,-26.065050000999975],[26.978360004000024,-26.055095002999906],[26.932100003000073,-26.031630002999975],[26.917429996000124,-26.07113],[26.866689997000037,-26.061320002999935],[26.865439998000056,-26.068850002999966],[26.856219999000075,-26.067570001999854],[26.855040004000045,-26.0590100039999],[26.847929998999973,-26.059699998999974],[26.80707999900011,-26.084029998999938],[26.76358000400006,-25.991090009999937],[26.770550002000164,-25.95233],[26.76062000200011,-25.93544000099996],[26.749349997000138,-25.926069996999956],[26.70747999600013,-25.92243999599998],[26.703060001999972,-25.92829000399996],[26.664449997000077,-25.878869997999857],[26.663329999000155,-25.87154000099997],[26.643529998000133,-25.868000000999928],[26.643680002999986,-25.8379849989999]]]},"properties":{"area_code_id":"014","area_codes":["014"],"area_code_label":"014","prefix_1":"1","ward_count":143}},{"type":"Feature","geometry":{"type":"Polygon","coordinates":[[[29.071080442000152,-24.940604185999973],[29.054118442,-24.937487185999885],[29.05442469200011,-24.941297560999942],[29.046773942000186,-24.942631060999872],[29.020143608000183,-24.93276035699995],[28.982807941000033,-24.950561060999917],[28.952215476,-24.95924344999986],[28.92406997400002,-24.901529977999928],[28.846390000000156,-24.93325999699988],[28.837390001000074,-24.91601],[28.759379997000053,-24.911350000999903],[28.713779997000074,-24.95362000199998],[28.657629998000175,-24.837700001999963],[28.620229999000173,-24.8522],[28.61476000200014,-24.83982999299991],[28.583949989000075,-24.856620001999943],[28.576870003000124,-24.84201],[28.566990002000182,-24.796769998999935],[28.527460002999987,-24.762540010999942],[28.564939997000124,-24.745679998999947],[28.61861000300007,-24.738980007999885],[28.635659997,-24.715149998999948],[28.62838999700017,-24.682189996999966],[28.594470001000047,-24.680560003999915],[28.579159997000033,-24.62931],[28.588660002000097,-24.613780003999977],[28.599279997000167,-24.624369995999928],[28.602210004000028,-24.613120002999892],[28.56601000300003,-24.57126999899998],[28.512450001000104,-24.590499998999974],[28.51972,-24.56895000099985],[28.49509999700001,-24.555740001999936],[28.519790004000185,-24.533230001999925],[28.50743092600004,-24.469932301999904],[28.4755306240001,-24.461879729999964],[28.448110580000105,-24.468219756999872],[28.454370499000163,-24.436759948999963],[28.46557045000003,-24.42275047299995],[28.420009613,-24.38699912999988],[28.386449814000173,-24.384799956999927],[28.379379272000108,-24.346950530999948],[28.36907005300003,-24.32080078099989],[28.363880157000096,-24.32206916799987],[28.365020752000078,-24.31158065799997],[28.37832069400008,-24.305459975999895],[28.372980118000157,-24.303340911999896],[28.37568092300006,-24.29645919799998],[28.366819382000017,-24.29491043099995],[28.370058104000123,-24.264987986999927],[28.39665985099998,-24.267890929999965],[28.407920837000063,-24.205909728999927],[28.405252491000056,-24.17053508799995],[28.468680997000092,-24.165971],[28.478040695,-24.16086959799992],[28.47385025000017,-24.155960082999968],[28.47476959200003,-24.147880553999983],[28.46932029700008,-24.147100448999936],[28.46806907700011,-24.14283943199996],[28.481609344000162,-24.136899947999893],[28.472490311000172,-24.12649917599998],[28.4701099400001,-24.116159438999944],[28.46262931800004,-24.11562919599993],[28.465120316000082,-24.102800368999965],[28.47640991200018,-24.093790053999953],[28.470020294000165,-24.088899611999977],[28.47611999500009,-24.084049224999944],[28.46761,-24.06999000299993],[28.47709999900019,-24.060420002999933],[28.471209998000177,-24.0533],[28.463729997000087,-24.058179998999947],[28.459840003000068,-24.056530000999942],[28.45955000000015,-24.048140003999947],[28.451499997000155,-24.04311],[28.443609997000124,-24.049260001999983],[28.434529997000084,-24.043500001999973],[28.432129998,-24.038419998999927],[28.43689000200004,-24.03465999799988],[28.43048999800004,-24.02840999799986],[28.425169998000058,-24.006410001999882],[28.414849998000022,-23.993439998999918],[28.404349997000168,-23.99711999899995],[28.40651999800002,-23.98786999699996],[28.39729000000017,-23.975509995999914],[28.402720003000127,-23.96752999699993],[28.399660004000168,-23.95385001099993],[28.377719997000042,-23.958359996999945],[28.366580000000113,-23.94602000099991],[28.36556000000013,-23.936769998999978],[28.359210003000044,-23.937169997999945],[28.341410000000167,-23.91957],[28.350149998000177,-23.914500002999887],[28.34208999800012,-23.907940002999965],[28.34683999600003,-23.90097999599982],[28.33401,-23.89377000199994],[28.335889997000038,-23.876050000999896],[28.328460002000156,-23.876450000999967],[28.315279998000165,-23.868880006999973],[28.33419000000015,-23.851190000999964],[28.319659999000066,-23.846689996999885],[28.31300000100009,-23.837699996999902],[28.300649999000143,-23.841089999999895],[28.297800002000145,-23.826550001999976],[28.307460002000084,-23.828579994999927],[28.308009998000102,-23.814290006999897],[28.305370003000064,-23.810049995999975],[28.296920001000103,-23.810500002999902],[28.2955599980001,-23.807199998999977],[28.300220005000085,-23.805169996999894],[28.29161999700017,-23.800230000999875],[28.289409996000188,-23.793119996999962],[28.281379998000148,-23.806200002999958],[28.266539997000166,-23.799449997999943],[28.271660001000157,-23.78877999699995],[28.258699997,-23.78091000099988],[28.250790001000155,-23.76434000099988],[28.258029998000097,-23.752350004999926],[28.25509,-23.73315],[28.224230004000162,-23.7207],[28.22638,-23.705739995999977],[28.21868999600008,-23.70313000399983],[28.21831999900013,-23.69712999899997],[28.213570000000118,-23.695769995999967],[28.211449999000138,-23.68587],[28.2052999980001,-23.679109995999966],[28.20666,-23.672149996999906],[28.197639996000134,-23.673209996999958],[28.162350000000174,-23.66039999799989],[28.16266,-23.63243999799994],[28.156689998000104,-23.632049995999978],[28.15172000700005,-23.623319995999907],[28.14006000000012,-23.621080008999968],[28.13131000400017,-23.613479996999956],[28.115800004000107,-23.61306000099995],[28.12008399700011,-23.591214996999895],[28.093211997000026,-23.601466996999932],[28.08477299800012,-23.550856997999972],[28.131543002000114,-23.532561003999945],[28.13322000300002,-23.52894899599994],[28.12601500300002,-23.51878200099992],[28.128871001000107,-23.505986004999897],[28.12434700400013,-23.497782997999934],[28.0934,-23.473550003999947],[28.093003998000086,-23.458158002999937],[28.07284699800016,-23.45187200099997],[28.075522996000018,-23.443968994999977],[28.055045998000026,-23.4298010039999],[28.065578051999978,-23.419709270999874],[28.07705975800019,-23.42843296899997],[28.09823579900018,-23.414804482999955],[28.09556280900017,-23.399624030999973],[28.11891036600008,-23.383346107999955],[28.106157,-23.33947900299995],[28.14435300200006,-23.33171300399988],[28.14495395300014,-23.352096162999942],[28.172689997000134,-23.353186996999966],[28.170762480000064,-23.325553078999917],[28.23846587800017,-23.32283075899994],[28.350980000000106,-23.304029999999898],[28.35554,-23.28345],[28.32009,-23.20402],[28.353250284000183,-23.184173769999916],[28.320052003,-23.204042],[28.310626000000184,-23.17022500199988],[28.22789299900012,-23.190947996999967],[28.202772001000085,-23.192329998999924],[28.177342,-23.20733099199998],[28.095967989000144,-23.23888399999987],[28.07430600100014,-23.21465499599998],[28.0400259970001,-23.2364960029999],[28.00245799900017,-23.180071998999892],[27.958271999000146,-23.22070400299998],[27.936567001000128,-23.157915997999908],[27.878346003000047,-23.180022997999913],[27.888385998000047,-23.170529998999882],[27.885198001000163,-23.16273399699992],[27.888704999000083,-23.150890997999966],[27.88127699900008,-23.144795000999977],[27.886184001000174,-23.139894996999942],[27.88728599700005,-23.112258003999955],[27.897524001000193,-23.105985996999948],[27.890663002000167,-23.099887],[27.89725599700006,-23.08873099599998],[27.894567,-23.082867997999927],[27.920090009000035,-23.06830999699997],[27.935979996000185,-23.05168],[27.943490000000168,-23.03621999899991],[27.937270003000037,-23.01339],[27.942659998000067,-22.994200000999967],[27.93543000000011,-22.962590003999935],[27.94097999800016,-22.955640002999928],[27.94835000300003,-22.961119996999912],[27.9611100030001,-22.95995],[27.993579997000154,-22.93738000299993],[28.01377999800019,-22.930989996999983],[28.039510001000053,-22.910270001999947],[28.051319997000064,-22.88462999899997],[28.044470002000025,-22.871890002999976],[28.047409999000024,-22.860609990999933],[28.039209999000093,-22.84248999899995],[28.04142,-22.833080000999928],[28.067979997000066,-22.827769999999873],[28.08262000200017,-22.81716000399996],[28.09481000100004,-22.813689997999916],[28.121440001000053,-22.78452],[28.14512999900012,-22.77482],[28.16284999900006,-22.754780000999915],[28.15916,-22.719540001999974],[28.18260999900008,-22.68857000099996],[28.20967000100012,-22.66446000199994],[28.246260002000042,-22.656569997999952],[28.25707000200009,-22.64387],[28.267229997000072,-22.638829998999938],[28.277680001000135,-22.615479998999888],[28.30619999900017,-22.60903000099995],[28.32568999900002,-22.59712999599998],[28.344579998000086,-22.57259999799993],[28.383339998000054,-22.56925999899994],[28.42313999700019,-22.573100001999876],[28.442849999000146,-22.569009995999977],[28.457779999000024,-22.572639996999953],[28.47979000099997,-22.570970001999967],[28.514350002000185,-22.58924],[28.54187000200011,-22.578640001999872],[28.564089998000043,-22.561000001999957],[28.61743999800018,-22.562479998999947],[28.641260002000024,-22.558030002999885],[28.658039996000184,-22.548339999999826],[28.669750002000058,-22.53468000199996],[28.68779000100011,-22.53352000399991],[28.700479998000162,-22.52635000199996],[28.701149997000073,-22.520590001999892],[28.707699999000056,-22.516030000999876],[28.738080002000117,-22.504299998999954],[28.776180003000093,-22.500669997999978],[28.83105000100005,-22.488250000999983],[28.833710001000043,-22.479820002999872],[28.829730000000154,-22.46462000299988],[28.856080002000056,-22.451190002999965],[28.87987000300018,-22.447679996999966],[28.899300000000153,-22.453010002999918],[28.911820003000173,-22.46141999699995],[28.918510003000165,-22.460569997999983],[28.944339941000067,-22.432010057999832],[28.952439941000023,-22.40408005799992],[28.971449941000117,-22.37698005799996],[28.96903994200011,-22.35742005799989],[28.963530066000033,-22.34718005799988],[28.966359941000178,-22.308160057999885],[28.97610994100006,-22.30049005799998],[28.982140066000113,-22.285190056999966],[29.0027699420001,-22.2747200579999],[29.004859942000053,-22.262560057999906],[29.01366994200015,-22.25691005699997],[29.015029942000012,-22.229880057999935],[29.01979994200019,-22.226150057999916],[29.028869942000142,-22.228440056999943],[29.030809942000076,-22.220830057999933],[29.036939942000117,-22.216310056999873],[29.08131994200005,-22.22112005799994],[29.108019942000112,-22.21243005799994],[29.15107994200008,-22.215660057999912],[29.190769942000088,-22.185800057999927],[29.21719994300014,-22.178310057999965],[29.238289942000165,-22.18182005799997],[29.25772994200014,-22.193390057999977],[29.265979942000058,-22.189400057999933],[29.27715994199997,-22.192630057999907],[29.28421994200005,-22.18611005799994],[29.320619942000178,-22.18700005799991],[29.327509942000063,-22.200250057999938],[29.33516994200005,-22.204730057999825],[29.34659994200001,-22.19276005799992],[29.362879942,-22.199550057999943],[29.40582994200014,-22.18331005799996],[29.416849942000113,-22.175050057999897],[29.46411994200008,-22.16612005799982],[29.527959942000052,-22.178000057999895],[29.53478994200009,-22.17032005799996],[29.53417994299997,-22.15835005699995],[29.539249943000073,-22.15266005799998],[29.562540067000157,-22.149820057999932],[29.580220068000074,-22.140900057999943],[29.60188994300006,-22.15441005699995],[29.61023994200002,-22.155690057999948],[29.62819994200015,-22.135620057999972],[29.656709942000077,-22.125110057999905],[29.67263994300015,-22.138810056999944],[29.700229942000078,-22.137110057999905],[29.716559942000117,-22.143430056999932],[29.773589942000115,-22.141420057999937],[29.805229943000086,-22.165500057999964],[29.831069943000102,-22.174960057999897],[29.85992994200012,-22.17520005699987],[29.884529942000142,-22.19456005799998],[29.925719942000114,-22.18993005799996],[29.96054994200017,-22.212960057999965],[29.969889942000066,-22.22417005799997],[30.017599942,-22.22894005799992],[30.019639942000083,-22.24463005799987],[30.02562994200008,-22.253630057999885],[30.05805994200017,-22.257130057999973],[30.075759944000083,-22.274330057999975],[30.101289944000143,-22.286690056999873],[30.126169943000036,-22.311050057999978],[30.157349943000042,-22.299820057999966],[30.23113994300013,-22.29586005799996],[30.24058994400019,-22.308400057999847],[30.257619943000122,-22.320710057999975],[30.27369994300011,-22.346880057999954],[30.290239944000064,-22.35625005799983],[30.31634994300009,-22.347690056999966],[30.38224994400008,-22.350880057999973],[30.440689943000052,-22.335560056999896],[30.489389944000152,-22.316350057999955],[30.55280994400016,-22.33164005799989],[30.567059943000174,-22.32162005799995],[30.594749943000124,-22.31973005799989],[30.607199944,-22.323030057999915],[30.623099943000113,-22.33541005799998],[30.631679943,-22.336290057999975],[30.65259999800014,-22.316080002999968],[30.66326,-22.310959998999977],[30.708629897000037,-22.317110010999954],[30.73185000100017,-22.30937999799994],[30.83536000300012,-22.291959998999914],[30.86984000100017,-22.298649998999963],[30.882349999000155,-22.30475000099989],[30.90015,-22.29635999599998],[30.930069999000068,-22.30125],[30.94631000300012,-22.31509999699989],[30.968679997000038,-22.31491999699989],[30.97322,-22.323750002999873],[30.98089,-22.327610009999887],[30.99007999700018,-22.326600000999974],[30.999679999000136,-22.31641998999993],[31.088439999000173,-22.34903999599993],[31.14103,-22.331870000999913],[31.163599998000166,-22.328649998999936],[31.18741001400008,-22.338930011999935],[31.20093000200012,-22.360850000999847],[31.213099997000143,-22.36869000099989],[31.249450002000117,-22.362869996999905],[31.269040001000178,-22.367980001999967],[31.28709,-22.404360001999976],[31.309370000000115,-22.422010006999926],[31.563599990000114,-23.19822999799993],[31.55586000300019,-23.26905000399995],[31.55073000100009,-23.41028000199998],[31.561020000000156,-23.481959996999876],[31.66584000400013,-23.59144],[31.690549999000154,-23.629440002999957],[31.697390004000056,-23.721889992999934],[31.769180003000145,-23.8878],[31.8807200010001,-23.955050001999837],[31.883834663000073,-23.984594453999932],[31.824970003000146,-23.986160001999963],[31.820360003000133,-23.99838000299991],[31.812539999000023,-23.999310003999938],[31.79461000400005,-23.99193],[31.782690005000063,-23.982080001999975],[31.769969996000043,-23.983190001999958],[31.73490999800009,-24.01134],[31.73581000300004,-24.04608],[31.718699996000055,-24.056840000999898],[31.701910004000126,-24.05991999699995],[31.679980003000082,-24.056650002999902],[31.668759997000052,-24.02095000099996],[31.6593,-24.014089998999907],[31.632580000000132,-24.017890000999955],[31.620889999000042,-24.02325000199994],[31.6095700030001,-24.036289998999905],[31.608300001000146,-24.04758999899991],[31.59814000199998,-24.05631999899998],[31.58686999700018,-24.052779989999976],[31.568240000000173,-24.03306999699987],[31.548650001000112,-24.037200002999896],[31.542559997000183,-24.0539900039999],[31.529089996000096,-24.056669999999883],[31.520940005000114,-24.05430000399997],[31.505469996999977,-24.04076],[31.48196999900017,-24.031620001999954],[31.462529997000047,-24.02964],[31.44762000100002,-24.019920002999925],[31.440939999000136,-24.020980002999977],[31.440560003000144,-24.038299995999978],[31.431199997000192,-24.052350003999948],[31.39901999900019,-24.06755000399994],[31.392599998000037,-24.065830001999814],[31.386439998000185,-24.05219999899998],[31.379110002000118,-24.052250005999895],[31.360010002000024,-24.07124000099998],[31.320620009000038,-24.082599998999967],[31.301560002000144,-24.07382999799995],[31.29345000400008,-24.074390000999927],[31.27507999900007,-24.09381999699997],[31.257249994000176,-24.101050003999887],[31.252280003000067,-24.09773000299998],[31.24524000300005,-24.07142000099992],[31.234700001000135,-24.057569996999916],[31.19339000400015,-24.03104000299993],[31.175659996000036,-24.036379998999905],[31.169849997000085,-24.058629997999958],[31.14708000400003,-24.069680002999974],[31.133779998000193,-24.07369999699995],[31.120549995000033,-24.068199997999955],[31.101550001000078,-24.070639997999876],[31.071869998000068,-24.08352999899995],[31.06343000200019,-24.091459998999937],[31.085990002000017,-24.094519998999886],[31.120569998,-24.09026],[31.115100002000077,-24.119209988999955],[31.096149999000033,-24.117360002999874],[31.107269999000096,-24.145730000999947],[31.049939998000127,-24.187319996999975],[31.06043000000011,-24.271800000999917],[31.056020005,-24.32188999699997],[31.102210001000117,-24.323730000999888],[31.152520007000078,-24.318669994999823],[31.20005999900019,-24.304949991999877],[31.242029998000135,-24.365430000999936],[31.159969998,-24.37557000199996],[31.15995000000015,-24.437409997999907],[31.20324000100004,-24.426459990999945],[31.253660002000117,-24.499120000999937],[31.226180011000054,-24.55601000199988],[31.133912360000124,-24.56389137399998],[31.13089948099997,-24.57215335199993],[31.133568,-24.5862269939999],[31.121185011000193,-24.591011997999942],[31.113058997,-24.608151001999886],[31.11508109400006,-24.614150602999928],[31.108129921000057,-24.61492959899988],[31.09993682099997,-24.607620302999976],[31.070341,-24.598661002999847],[31.06836900100018,-24.59169],[31.074838003000025,-24.586147007999955],[31.068555001000107,-24.58057],[31.067752001000144,-24.569369],[30.959319999000115,-24.582070000999977],[30.954330011000025,-24.52128],[30.90893000000017,-24.525769996999884],[30.87170999900019,-24.538500002999967],[30.79928000400008,-24.49889000199994],[30.758979999000132,-24.460219998999946],[30.703689997000083,-24.45060999799989],[30.641829997000173,-24.450860000999967],[30.61833,-24.43302999599996],[30.6188100010001,-24.437809996999874],[30.613859999000113,-24.44186000199994],[30.59735000400019,-24.443190001999938],[30.583779998000068,-24.437459996999962],[30.565810002000035,-24.44717000299994],[30.555689997000172,-24.424459991999925],[30.55123000200018,-24.43913999699987],[30.54078000100003,-24.44496000999993],[30.53352999800012,-24.439709997999955],[30.518180001000076,-24.40563999699998],[30.495329998000102,-24.396459998999944],[30.47032000100012,-24.371710010999948],[30.41192458800009,-24.33560017399998],[30.403126216000032,-24.34802469199991],[30.401702895000142,-24.36052958299996],[30.395331840000154,-24.367273413999953],[30.394450736000067,-24.37747387999991],[30.39938260800011,-24.37957204999998],[30.39473951400015,-24.39072376699994],[30.397732471000097,-24.39254964199995],[30.380634494000162,-24.437473736999948],[30.354791576000082,-24.447981453999944],[30.32376472600015,-24.471149259999947],[30.33002192100014,-24.475908732999926],[30.32889897800004,-24.483304653999937],[30.312445785000193,-24.482897028999957],[30.304613957000186,-24.489656796999896],[30.301143479000075,-24.484305185999858],[30.29417681199999,-24.484416355999883],[30.284064519000083,-24.47687193099989],[30.272795540000175,-24.478813207999906],[30.27359821700003,-24.462492198999882],[30.259876403000135,-24.456699348999962],[30.25969537700007,-24.446706682999945],[30.254155964000176,-24.44543949699994],[30.256477113000074,-24.439692695999952],[30.239978480000048,-24.450575756999967],[30.236037296000063,-24.448874923999938],[30.212205477000055,-24.459105466999972],[30.206325854000056,-24.445060550999983],[30.208173736000163,-24.432517356999938],[30.198710344000176,-24.41135071699989],[30.180511513000113,-24.394607792999977],[30.20314547200013,-24.376427495999963],[30.20518820800004,-24.372841694999977],[30.201620998000124,-24.368439003999868],[30.222450997000124,-24.358179],[30.24182397100003,-24.367621548999978],[30.237635821000083,-24.354618842999912],[30.195462155000087,-24.318057864999957],[30.210504474000118,-24.302881680999974],[30.21136309100018,-24.288250104999975],[30.20025,-24.287960002999966],[30.179879997000114,-24.30467000199991],[30.14827,-24.293299998999885],[30.14336999700015,-24.287250002999883],[30.148350002000143,-24.277359996999962],[30.14401000100014,-24.26479000199987],[30.14699999700008,-24.255819997999936],[30.14050000300017,-24.24784999699989],[30.104310000000112,-24.244680000999892],[30.095790003000104,-24.23944000299997],[30.08543999900013,-24.2408799989999],[30.07847000200013,-24.237130003999937],[30.070689998000148,-24.238920000999883],[30.038900001000172,-24.2060499989999],[30.010190001000012,-24.204170001999955],[29.99662000300009,-24.210510009999894],[29.982339997000167,-24.209079995999957],[29.974359998000125,-24.22549000099997],[29.953300000000183,-24.217489989999933],[29.939449996000178,-24.22493999699998],[29.897280001000013,-24.221469998999908],[29.88555999700003,-24.22499000399995],[29.87521000200013,-24.222110003999944],[29.873903836000068,-24.208196231999977],[29.900471183000093,-24.206189628999937],[29.89574852600009,-24.20034955799997],[29.90088200200006,-24.188093998999875],[29.886266997000064,-24.181745995999904],[29.853950841000028,-24.18128440299995],[29.826033302000155,-24.20134201299993],[29.820275536000167,-24.192692591999958],[29.803649575000065,-24.198195269999815],[29.785109996000074,-24.191896003999943],[29.77482900700005,-24.19251599599994],[29.764282,-24.17814200099997],[29.777093994000097,-24.175581000999898],[29.777438012000175,-24.16433359599995],[29.765265803000148,-24.156205376999935],[29.759411071000102,-24.15922327999988],[29.754402163000123,-24.15643262499998],[29.76264827199998,-24.150587281999947],[29.766927899000166,-24.141297360999943],[29.75805550200016,-24.141485246999935],[29.756740300000047,-24.129752807999978],[29.751333357000192,-24.125828076999937],[29.762272500000165,-24.12019149599996],[29.75866091300003,-24.106955967999966],[29.75549999800006,-24.10440999699989],[29.73589000300018,-24.107239997999955],[29.693164003000106,-24.126431002999936],[29.697031997000067,-24.141948000999946],[29.68409700000018,-24.17103900999996],[29.689720998999974,-24.19126899799994],[29.700732999000024,-24.186226003999877],[29.721630998000137,-24.188494995999918],[29.731932000000143,-24.208068],[29.72515800100018,-24.21543799699998],[29.723210004,-24.243183996999903],[29.709967304000145,-24.27360635399998],[29.759750007000093,-24.282802001999926],[29.759709998000062,-24.291259998999976],[29.754249305000087,-24.297803805999877],[29.76028299700016,-24.30168799699993],[29.787714397000173,-24.301775464999935],[29.84754188800008,-24.323368049999942],[29.84908071800004,-24.361188221999896],[29.90168246100012,-24.373851970999908],[29.913832,-24.367302001999917],[29.94631687500015,-24.381575700999917],[29.9704,-24.404280002999826],[29.979487997000092,-24.44329299999987],[29.95100999699997,-24.48219999899993],[29.967910002000053,-24.500650003999965],[29.96073000200016,-24.520420002999913],[29.986639997000168,-24.534929998999928],[29.979319998000165,-24.567029995999974],[29.990285012000015,-24.580809984999973],[29.973280020000118,-24.59330998399986],[29.977889555,-24.60058798799986],[29.97653811900011,-24.60840293299998],[29.981397728000104,-24.613652927999965],[29.97488266500011,-24.622531838999976],[29.986599184000056,-24.636465132999945],[29.99722459100019,-24.642391628999974],[29.99450099600017,-24.679419201999963],[30.011995364000086,-24.682951687999946],[30.02197104000004,-24.67727896399998],[30.036902031000068,-24.6939081029999],[30.035730040000146,-24.71292258899996],[30.022640897000144,-24.71375169099997],[30.011360807000074,-24.723563577999926],[30.00640114800018,-24.71915897199989],[30.007030381000106,-24.70897694399997],[30.003099506000183,-24.706867968999916],[29.989239800000064,-24.71194655599993],[30.00750404000013,-24.74649696599994],[30.00352304000006,-24.74662696499996],[29.995985587000177,-24.760663960999977],[30.000340968000046,-24.765867207999918],[30.012155039999982,-24.763805964999904],[30.01476875800006,-24.76993561699993],[30.032440410000106,-24.771969681999906],[30.025816356000064,-24.781258684999955],[30.028917753000087,-24.78331594399998],[30.023291175999987,-24.790700827999956],[30.021509570000035,-24.804034477999892],[30.02771967500007,-24.834452759999976],[30.02123002000019,-24.83914998399996],[29.983190022000088,-24.841179980999982],[29.934160027000075,-24.81397497699993],[29.92351002100014,-24.82674998399989],[29.919430021000096,-24.82684998299993],[29.91874002100019,-24.834069982999893],[29.926540020000118,-24.84844998099993],[29.895950021000147,-24.858469983999953],[29.90250002300013,-24.8748899819999],[29.900255415,-24.90882283999997],[29.882747935000054,-24.906951705999973],[29.86712404100018,-24.898819964999973],[29.861391166000033,-24.89010383999988],[29.84546835800012,-24.88531470199996],[29.843842408000057,-24.923034202999872],[29.829730837000113,-24.935271922999902],[29.81065379800009,-24.938827754999977],[29.786261398000136,-24.926926450999872],[29.759158054000068,-24.928403607999883],[29.744359816999975,-24.93341496599993],[29.730588819000104,-24.90875931399995],[29.700763915000095,-24.905230089999975],[29.698058915000104,-24.905844840999976],[29.71164329300018,-24.924196129999928],[29.636729946000173,-24.953060056999902],[29.663081908000038,-24.90580697499996],[29.65670895900007,-24.903220965999935],[29.656648005000193,-24.896820704999982],[29.63675847900015,-24.865713931999892],[29.65595210100014,-24.85011770999995],[29.60071094200015,-24.84020506099995],[29.557569942000043,-24.813017060999982],[29.497035551000124,-24.785788090999972],[29.46982293400015,-24.80913561499989],[29.44811209200003,-24.80667778299994],[29.43921994200008,-24.809769935999896],[29.43217994200006,-24.802930060999984],[29.422941567000123,-24.77488481099988],[29.431949942000188,-24.771589685999913],[29.45765431700005,-24.772898935999876],[29.46145044200017,-24.771340935999945],[29.460872433000077,-24.764833282999973],[29.482436948000043,-24.76975896199997],[29.491819949000046,-24.782930005999958],[29.49852994100013,-24.770040066999968],[29.5180899450001,-24.78005998699996],[29.57312995000018,-24.790460049999922],[29.58459544200008,-24.764760658999933],[29.57349077000015,-24.75218102599996],[29.558522567000068,-24.746077240999966],[29.554115686000046,-24.736934228999928],[29.544229953000183,-24.734728680999922],[29.537565488000098,-24.72610479899987],[29.53191426300009,-24.7270626319999],[29.509837313000105,-24.708896100999937],[29.51753548200014,-24.697240068999974],[29.51845591600005,-24.660606826999924],[29.472410022000133,-24.634829983999964],[29.46061994400003,-24.65424005999995],[29.461389943000086,-24.675910059999865],[29.44538993900011,-24.681180065999968],[29.43730994300006,-24.6919800579999],[29.427198724000164,-24.687814250999907],[29.41607630700014,-24.68843334899998],[29.410097740000083,-24.69303989699995],[29.35964094899998,-24.67277908899996],[29.35801545900017,-24.668457584999885],[29.247380000000135,-24.71361],[29.27204,-24.74259],[29.270670000000166,-24.77849],[29.27558000000016,-24.79137],[29.26435996800018,-24.812230016999933],[29.229779971000085,-24.81264996599998],[29.203889972000127,-24.89567996699992],[29.175749999000175,-24.90541002999987],[29.18314996300012,-24.939920040999937],[29.173739970000042,-24.949284965999937],[29.08287997200017,-24.981209941999964],[29.071080442000152,-24.940604185999973]]]},"properties":{"area_code_id":"015","area_codes":["015"],"area_code_label":"015","prefix_1":"1","ward_count":446}},{"type":"Feature","geometry":{"type":"Polygon","coordinates":[[[27.87339299600012,-26.938421009999956],[27.868919999000127,-26.98137000199995],[27.83532000100007,-27.007529998999928],[27.80267000000015,-26.997190001999968],[27.782640000000185,-26.95972999699984],[27.772700003000125,-26.924949995999896],[27.75037999300008,-26.903259988999935],[27.740459990000033,-26.88226998899995],[27.710459999000193,-26.842270002999953],[27.68046999800015,-26.828969987999983],[27.69407599900012,-26.808898000999932],[27.70206000400003,-26.76694999299997],[27.71630600100019,-26.761677],[27.68778999600005,-26.76185000199996],[27.67563,-26.771539996999934],[27.666209996000077,-26.77356],[27.643079996000154,-26.768479996999872],[27.63230999600006,-26.771919999999852],[27.62839,-26.766029998999954],[27.635780002000104,-26.75150999699997],[27.63229999800012,-26.745490002999873],[27.63340999800016,-26.73369999599987],[27.61049,-26.73260000299996],[27.6061,-26.741319995999902],[27.590429997000115,-26.73836000299997],[27.581410002000155,-26.731000002999963],[27.589120002000186,-26.7240900029999],[27.602240001000098,-26.722850002999905],[27.602839997000046,-26.692439996999894],[27.574159999000074,-26.715839996999875],[27.569090002000053,-26.647160003999943],[27.579600001000074,-26.607529998999894],[27.62444999900015,-26.60924000199998],[27.657750003000103,-26.617740002999938],[27.659580001000165,-26.604200007999964],[27.667929998000147,-26.610549996999907],[27.67886999899997,-26.560649997999974],[27.67598,-26.52435],[27.710130003000074,-26.530009993999954],[27.714310000000182,-26.48939],[27.709669998000095,-26.45467000399998],[27.713370002000033,-26.442400002999932],[27.727540004000048,-26.431209998999975],[27.732350007000036,-26.4387200029999],[27.745240000000138,-26.43777999699995],[27.74897999700005,-26.419169996999983],[27.786180001000105,-26.418979997999884],[27.81439000400013,-26.425229998999896],[27.813835954000126,-26.42144885099998],[27.831384721000063,-26.42359407099991],[27.83394453,-26.446467114999905],[27.845208072000105,-26.444706863999897],[27.84708983400003,-26.449274415999923],[27.838062607000154,-26.45933060199991],[27.84815036100008,-26.4647278409999],[27.84598288700016,-26.46884707299995],[27.854649188,-26.471968361999927],[27.850678621000043,-26.481953105999878],[27.858637366000153,-26.483373236999967],[27.856484573000103,-26.503421156999877],[27.86454800100006,-26.509998003999954],[27.864405295000154,-26.504792068999905],[27.874957472000062,-26.501703550999878],[27.87866000100007,-26.492254997999964],[27.882971004000183,-26.49296799699988],[27.87073,-26.47560999899997],[27.86907499900019,-26.44480099799989],[27.88012000100008,-26.438669988999948],[27.87915,-26.44675000199993],[27.914839997000115,-26.44096999699991],[27.912210000000186,-26.458490001999905],[27.917510003000075,-26.458580001999906],[27.922269999000093,-26.428980001999946],[27.93338000200015,-26.424185],[27.958750013000042,-26.428668805999962],[27.957168572000057,-26.414742494999928],[27.96138900300008,-26.405236001999924],[27.960496767000166,-26.418453592999924],[27.966894523000178,-26.431370871999945],[27.990547422000134,-26.45489982299995],[27.97856267300017,-26.45553059899993],[27.97742199800018,-26.472732001999873],[27.935706841000012,-26.486918895999963],[27.934644774000162,-26.49282834299987],[27.971810294000193,-26.534344250999823],[27.977398003000076,-26.530454997999982],[27.99194004300017,-26.547674919999963],[28.00772784300011,-26.538725121999903],[28.00948948400014,-26.541180503999954],[28.02053576900005,-26.53240732499995],[28.02391375800005,-26.540190556999846],[28.053689031000147,-26.51093352999993],[28.06186661000004,-26.49182398599993],[28.029792986000132,-26.490152526999907],[28.037579,-26.48170700199995],[28.02904000300009,-26.480722996999873],[28.026015001000076,-26.460852002999957],[28.042237004000185,-26.454405],[28.04456099900017,-26.44366099699988],[28.037529999000185,-26.4360439969999],[28.044526001000122,-26.433277000999965],[28.040908001000105,-26.427425995999954],[28.060691996,-26.43417700699996],[28.063167999000143,-26.41657300299994],[28.05245566900004,-26.41497983499994],[28.033929383000157,-26.421137871999974],[28.017930761000173,-26.414973549999957],[28.001348269000175,-26.419294867999895],[27.98681198200012,-26.41685344299998],[27.996903707000172,-26.397576469999876],[28.017463907000092,-26.39095593399992],[28.047830003000115,-26.359580002999905],[28.051067999000168,-26.349080002999983],[28.08115000300012,-26.33571000099994],[28.09751600200002,-26.360309998999924],[28.076060002000077,-26.415370002999964],[28.1179090010001,-26.41906999899993],[28.125670006000178,-26.43066999299998],[28.13722999900017,-26.425520002999917],[28.134730002000026,-26.42291000199998],[28.147230009000168,-26.423930001999906],[28.160290004000103,-26.43803],[28.183014003000096,-26.419234996999933],[28.181059997999967,-26.42917999799988],[28.195970002000138,-26.429219998999884],[28.178120001000025,-26.443749998999976],[28.187690001000135,-26.45312000399997],[28.208740000000148,-26.434020011999962],[28.217049996000128,-26.43342],[28.220399999000108,-26.43628000399997],[28.19882999800018,-26.4636],[28.225220001000082,-26.472590000999958],[28.22856999600009,-26.48510999599995],[28.237219995000032,-26.49395999799998],[28.243790001000036,-26.49564999699993],[28.249090004000095,-26.492065000999958],[28.271369997000136,-26.50299999799995],[28.28385999800014,-26.480719996999937],[28.28882999700005,-26.48233000199997],[28.296370004000153,-26.47814999699989],[28.315909996000073,-26.48991000199993],[28.332689999000138,-26.477450002999888],[28.335865236000018,-26.48198621399996],[28.333499821000146,-26.483257623999975],[28.349433209999972,-26.49840297599991],[28.35806932500003,-26.481627191999905],[28.381060491000028,-26.49903821499987],[28.3921644940001,-26.49142233499998],[28.401149523000072,-26.500943287999974],[28.410189823,-26.481715719999954],[28.41307091200008,-26.486650893999922],[28.426526555000123,-26.481799443999876],[28.43501676800014,-26.494707225999946],[28.436441205000108,-26.504678284999898],[28.45697858900013,-26.50620960699996],[28.47063500200005,-26.52655499799988],[28.42760200300006,-26.562680996999973],[28.436172997000142,-26.590314998999872],[28.387093002000086,-26.5940560009999],[28.383305998000083,-26.588935],[28.363647001000174,-26.589092002999962],[28.36522200100012,-26.571301997999967],[28.34174270800014,-26.550259471999937],[28.326551806,-26.57378835999998],[28.31879717300012,-26.56844017899988],[28.300610936000055,-26.578651162999904],[28.307438002000026,-26.58943199699985],[28.283815104000155,-26.60631640999992],[28.276868241000102,-26.604530416999978],[28.26124198900004,-26.612027001999934],[28.259849997000117,-26.621449997999946],[28.235479997000084,-26.63065999899993],[28.226280002000124,-26.649589996999964],[28.210051514000156,-26.657832364999933],[28.179134941000143,-26.65789106099993],[28.175764941000182,-26.66578606099995],[28.16165800000016,-26.67294],[28.111185,-26.657920999999874],[28.110306,-26.648151],[28.099124,-26.641532],[28.08239289,-26.64605267999997],[28.05765508200011,-26.628599178999934],[28.057159899000055,-26.621777223999914],[28.040376816000105,-26.642008750999935],[28.014285860000143,-26.65033987199996],[28.01253000800017,-26.659130002999916],[28.02077,-26.672549995999873],[28.00881,-26.670109996999884],[28.003790002000187,-26.66453000399997],[28.002169998000056,-26.674730001999876],[28.02174000100007,-26.678320001999907],[28.02492000300009,-26.6954499979999],[28.01648999700018,-26.69669999599995],[28.01726000200017,-26.71613],[28.004789997000046,-26.71445999799994],[28.00048999800015,-26.703320000999952],[27.992040003000056,-26.727529997999966],[28.00712000100009,-26.76925000199998],[28.028440000000103,-26.780450003999874],[28.01438000200011,-26.79319],[28.03495999800009,-26.79478999899993],[28.045549999000116,-26.799950002999935],[28.051039999000125,-26.81414000199993],[28.065610009000068,-26.82089999699997],[28.076269996,-26.832320006999964],[28.114810006000084,-26.84437999799991],[28.121549997999978,-26.858779997999875],[28.115950000999987,-26.88269999999983],[28.124006012000166,-26.890903],[28.10897061100019,-26.906040922999978],[28.113686834000077,-26.905367176999903],[28.102767004000043,-26.924653001999957],[28.06461899800007,-26.933291],[28.072459046000176,-26.97159974599998],[28.06652832000009,-26.972473144999924],[28.065124512000125,-26.9647827149999],[28.025695801000154,-26.97052001999998],[28.025695801000154,-26.93310546899994],[28.01330566400003,-26.919128417999957],[27.944574993000174,-26.918924991999916],[27.92860998900011,-26.96601099199995],[27.87339299600012,-26.938421009999956]],[[27.84400199700002,-26.556349998999906],[27.839369998000052,-26.555803999999853],[27.837929702000054,-26.561187814999982],[27.82897510900017,-26.55994526199993],[27.823463096000182,-26.583024400999932],[27.83115900300004,-26.585435996999877],[27.839192055000126,-26.58109501099989],[27.836494004000087,-26.568778],[27.84346670499997,-26.564836139999954],[27.84400199700002,-26.556349998999906]],[[27.854874725000116,-26.671776516999955],[27.84013556700006,-26.66607884399997],[27.834535183000128,-26.681564584999876],[27.835069070000145,-26.692714611999975],[27.846630498000025,-26.695079120999935],[27.847520996000128,-26.68356800399988],[27.860734957000034,-26.69030029199996],[27.859574213000087,-26.68172080499994],[27.85319877500018,-26.68064025299998],[27.854874725000116,-26.671776516999955]],[[27.88802023600016,-26.535132957999963],[27.867312940000147,-26.5364709239999],[27.87386240900014,-26.54470076699988],[27.86425056400003,-26.550593022999976],[27.86180100200005,-26.558388002999948],[27.876765003000173,-26.560096003999945],[27.88022763900011,-26.555225248999932],[27.87428099700014,-26.556260995999935],[27.873173,-26.551143002999936],[27.88124051500006,-26.54816793599997],[27.883775008999976,-26.551087518999964],[27.88838160800003,-26.545252686999902],[27.88802023600016,-26.535132957999963]]]},"properties":{"area_code_id":"016","area_codes":["016"],"area_code_label":"016","prefix_1":"1","ward_count":84}},{"type":"Feature","geometry":{"type":"Polygon","coordinates":[[[29.0147300000001,-27.009730008999895],[28.96753000100017,-26.99145999599989],[28.954349997000122,-27.01173999899993],[28.93457000000018,-27.015360000999976],[28.92039,-27.011079997999957],[28.907540000000154,-27.020139994999965],[28.893560004,-27.01340000199997],[28.88534999799998,-27.024819996999952],[28.898029997000094,-27.029620002999877],[28.89620999699997,-27.042669998999884],[28.90045,-27.048060001999943],[28.88860000300008,-27.059270000999902],[28.87989000000016,-27.055230001999973],[28.869879999000148,-27.031599997999933],[28.857869999000116,-27.02492001099995],[28.83895999700013,-27.041619996999884],[28.82588999700016,-27.037009996999927],[28.81400999800013,-27.04257],[28.804889996000156,-27.01152999699997],[28.80132999900019,-27.012549995999905],[28.795020002000058,-27.028929999999832],[28.773830004000104,-27.01896],[28.77682,-27.00904999699992],[28.770679996000013,-27.002990001999933],[28.75524,-26.997429998999962],[28.743689997000047,-27.00339000299988],[28.736490001000107,-27.00170000299994],[28.710910003000095,-26.96919],[28.706220002000123,-26.968709999999874],[28.699980001000085,-26.975650001999895],[28.682399998000108,-26.97491],[28.646320000000173,-26.952770004999934],[28.635770998000055,-26.95710500299998],[28.62163000200013,-26.93588599899988],[28.581353002000014,-26.93281000099995],[28.57981,-26.9157719989999],[28.57063699100007,-26.915068997999924],[28.57328199800014,-26.902014995999934],[28.569080999000107,-26.89937599899997],[28.581695997000054,-26.87943100299998],[28.622975003000136,-26.876111001999902],[28.64910199700006,-26.86667800099997],[28.644065003000037,-26.84596600899988],[28.695293997000135,-26.837134996999964],[28.695391003,-26.816874998999936],[28.659049998000057,-26.807683],[28.667370389999974,-26.793396993999977],[28.649432002000083,-26.806080000999884],[28.633064008000076,-26.803571002999945],[28.62586599900004,-26.785915003999946],[28.588586001000124,-26.783756000999972],[28.60104500200009,-26.750606997999967],[28.577223004000075,-26.72334399899995],[28.509669999000096,-26.717989999999872],[28.54296100200014,-26.68505799899998],[28.5444400020001,-26.67811399699991],[28.52503400000012,-26.670825995999962],[28.52707000200013,-26.667883996999933],[28.52170400100016,-26.66583000099996],[28.52065699900004,-26.651853004999907],[28.490151,-26.656910002999894],[28.498158002000025,-26.64945500199991],[28.47980999800012,-26.617520001999935],[28.483070001000158,-26.618670001999874],[28.48733999800004,-26.608620000999963],[28.490870001000133,-26.610599994999973],[28.498350003000155,-26.60402999799993],[28.50758999800007,-26.60384],[28.50891,-26.593839997999964],[28.505440003000047,-26.58966000099997],[28.52783999899998,-26.59063999899996],[28.53297999900019,-26.57789999499994],[28.52601000100009,-26.562499998999897],[28.524215001000073,-26.528499993999958],[28.527659999000036,-26.502209995999976],[28.54182000300011,-26.500979993999977],[28.543669997000052,-26.507039996999936],[28.573780001000046,-26.51614000199993],[28.56899000100003,-26.5250000019999],[28.577159998000184,-26.526829998999972],[28.580030000000193,-26.51802999599994],[28.586649997000166,-26.52003000299993],[28.584909999000104,-26.53856000199994],[28.63815000300019,-26.547309998999935],[28.631190004000132,-26.524640002999888],[28.641620001000035,-26.507569995999972],[28.649890004000156,-26.51109000199989],[28.650219992000075,-26.50794999999988],[28.66179999800005,-26.505860001999963],[28.68895,-26.51309000099991],[28.763910003000035,-26.518009998999958],[28.76592,-26.471449997999855],[28.780300004000026,-26.450520000999973],[28.786489998000036,-26.4491699969999],[28.783810002000166,-26.43812999799985],[28.789930001000187,-26.426450002999957],[28.86128999800019,-26.398569995999935],[28.838440003000073,-26.34075000199988],[28.86756000200012,-26.327649999999892],[28.88759000200008,-26.28002999599994],[28.8863400030001,-26.257710001999953],[28.939509996000027,-26.26580999499987],[28.970760002000134,-26.238379996999925],[28.983539999000186,-26.242120000999932],[28.984219996000036,-26.23693000999998],[29.001080000000115,-26.22883],[29.04947500300011,-26.22294399799995],[29.04926500100015,-26.229429006999908],[29.08063399600013,-26.22322700299992],[29.089631003000136,-26.22743700299992],[29.091244001000064,-26.221197998999912],[29.100614005000125,-26.223144001999913],[29.093290998000043,-26.184235],[29.101696806000064,-26.184445247999918],[29.104976332000035,-26.19123834499993],[29.1229159290001,-26.18677803299994],[29.154821002000176,-26.215973002999874],[29.170818001000157,-26.222878997999942],[29.18705199600015,-26.24634200199995],[29.216031996000083,-26.241431002999946],[29.22045000300011,-26.214303],[29.260302004000152,-26.192360997999856],[29.284630990000153,-26.187151002999883],[29.282496003000176,-26.18308199899991],[29.293295998000133,-26.170894002999944],[29.27669462300014,-26.160609369999918],[29.27657778100007,-26.165495507999935],[29.26538000400018,-26.167962000999978],[29.238165001000027,-26.143613001999825],[29.237337999000147,-26.133569000999955],[29.28366399700019,-26.123261998999965],[29.294910998000034,-26.13568300199995],[29.317079001000025,-26.106657997999946],[29.321862020000083,-26.103224241999897],[29.32323264100006,-26.10714418799995],[29.329231001999972,-26.09793400699988],[29.335248003000174,-26.096625997999922],[29.391039997000064,-26.14419000199996],[29.40703999700014,-26.139649996999935],[29.387970000000166,-26.20490000099994],[29.455549999000027,-26.211400001999948],[29.456609999000136,-26.203669997999953],[29.47557999900016,-26.173780001999887],[29.49344999599998,-26.169549998999912],[29.513079996000045,-26.18558000099995],[29.560225998000078,-26.209207995999975],[29.54035000100015,-26.2538799969999],[29.585760003000075,-26.253410002999885],[29.59086000300016,-26.24035],[29.59428000100013,-26.23978999799982],[29.66762999900004,-26.244640001999983],[29.697420004000094,-26.231560002999913],[29.697520002000033,-26.227649996999958],[29.705100001000062,-26.22812000099998],[29.715359997000064,-26.203849998999942],[29.758840003000103,-26.22541000199982],[29.80468999800007,-26.189510002999953],[29.800581001000182,-26.163506003999885],[29.81105999900018,-26.105299998999953],[29.827419998000153,-26.070969996999963],[29.830529996000053,-26.073489997999957],[29.86578999900013,-26.01392999899997],[29.856900004000067,-26.00319000099995],[29.856629996000095,-25.978969997999968],[29.87695999800019,-25.965210001999935],[29.856820002000177,-25.934500002999982],[29.83056999700011,-25.92193],[29.839289999000016,-25.906230002999905],[29.848149999000043,-25.875960002999932],[29.861790001000088,-25.86245000299988],[29.898964,-25.869278995999878],[29.94375000400015,-25.905660000999944],[29.958860004000144,-25.912899997999887],[29.997730002000026,-25.918669996999824],[29.989880003,-25.88365999699994],[30.036429999000063,-25.876950000999955],[30.086688003000177,-25.860293997999975],[30.09150999899998,-25.846219988999962],[30.14970999600007,-25.82972],[30.151739998000153,-25.819290002999935],[30.20082999900012,-25.836429995999936],[30.21375000200004,-25.804019998999934],[30.27039999900012,-25.82537000099984],[30.243440002000114,-25.87211000999997],[30.254,-25.893269997999937],[30.278934998000125,-25.90715499999982],[30.299050002000172,-25.92637999699997],[30.331109997999988,-25.88054000099993],[30.381149995999976,-25.886899995999897],[30.419060000000172,-25.877560002999928],[30.430570002000024,-25.85546999899998],[30.455369997000048,-25.838264996999897],[30.448920001000147,-25.83056],[30.464080000000138,-25.813850000999935],[30.45678500100007,-25.80357000099997],[30.47883000100012,-25.79378999799991],[30.483989998000084,-25.818590000999905],[30.514850002000117,-25.78791000399997],[30.48637999800013,-25.76219999799997],[30.519299999000168,-25.728550000999917],[30.55864000800011,-25.768259998999895],[30.60611999600019,-25.789730002999875],[30.579569998000068,-25.7534699979999],[30.61119000900004,-25.719020000999933],[30.61849000300009,-25.72382999699994],[30.63846899800012,-25.723980001999905],[30.638719999000045,-25.711800000999915],[30.646629995000126,-25.71242000899997],[30.73265000100008,-25.741350001999933],[30.725089998000158,-25.759189996999964],[30.73939,-25.788599998999928],[30.752270003000035,-25.798269997999967],[30.74945999800019,-25.803939997999976],[30.75219000100003,-25.82262000099996],[30.761090002000174,-25.831329996999955],[30.770649995999975,-25.850019998999926],[30.766839996000044,-25.85527000299993],[30.773649999000156,-25.861939990999872],[30.81431000200007,-25.868470003999903],[30.823059998000133,-25.876519997999935],[30.820979997999984,-25.909319996999955],[30.812565001000166,-25.915369999999882],[30.84986,-25.92634000399994],[30.880330002999983,-25.925079998999934],[30.924302003000093,-25.931246],[30.905073998000148,-25.99291600199996],[30.878076003000047,-25.993019997999966],[30.865919996000116,-26.04424599899994],[30.848759998000105,-26.06238100099995],[30.849772003000112,-26.066851001999964],[30.82364599800013,-26.062635000999933],[30.796742998000127,-26.096293998999897],[30.85960555900016,-26.123615179999945],[30.85421398300008,-26.134227170999964],[30.857140838000078,-26.143469873999948],[30.84522802200007,-26.143452756999977],[30.841856148000147,-26.1551944119999],[30.848189110000135,-26.159268047999888],[30.849906001000136,-26.16756699599989],[30.845316912000158,-26.171334469999977],[30.854330141000105,-26.182160177999947],[30.855685661000166,-26.173903830999905],[30.87242159500005,-26.17143610599993],[30.887098002000187,-26.186154],[30.889296999000123,-26.17811100299997],[30.896102155000108,-26.176770399999953],[30.937444600000106,-26.18107745899988],[30.94430399000015,-26.194769650999945],[30.95977749700012,-26.206840049999983],[30.98922352800014,-26.21249759299991],[30.961437996000086,-26.261732],[30.89186000100011,-26.32082000099996],[30.857557999,-26.38379200299994],[30.831010003000074,-26.411170000999903],[30.80506000000014,-26.46667099499996],[30.79181000000017,-26.569109998999977],[30.791159997000136,-26.648150000999863],[30.79088999800007,-26.715060000999983],[30.8028099980001,-26.824529997999946],[30.813219999000182,-26.844480003999934],[30.82179000300016,-26.8418],[30.848049999000068,-26.818970008999884],[30.86172000300013,-26.81867],[30.87202999699997,-26.809279998999898],[30.887284999000087,-26.803584998999952],[30.89191,-26.785060003999945],[30.902249997000183,-26.851800001999948],[30.907420000000116,-26.859929998999917],[30.973559995000073,-26.908210001999976],[30.976519997000025,-26.953429997999933],[30.95832600300008,-26.99212899799994],[30.984759997000026,-27.03698000199995],[31.061329997000087,-27.09629000599989],[31.150550002000102,-27.202080002999935],[31.274790003000078,-27.242890002999957],[31.204769990000045,-27.31712001199992],[31.16586999200007,-27.36852001299991],[31.14086502400005,-27.362659979999933],[31.10095998800017,-27.335760020999885],[31.098779985000192,-27.32975998299986],[31.08395998100019,-27.33559002399994],[31.078829986000017,-27.343090015999962],[31.065189982000163,-27.338329982999824],[31.050759987,-27.343220017999954],[31.04403998700019,-27.35325998099995],[31.03089998700011,-27.346320017999915],[31.020549988000027,-27.36060998199997],[31.008429982000166,-27.348760015999915],[31.002550025000062,-27.358789983999884],[30.97736998900018,-27.358039982999912],[30.963109989000145,-27.36577998299998],[30.95537998400016,-27.359709982999902],[30.942439982999986,-27.36816001799997],[30.93818998400019,-27.356749982999872],[30.93932998600019,-27.346569980999902],[30.923279986000182,-27.330450017999908],[30.92215998800009,-27.305049981999844],[30.884099980000087,-27.308749983999917],[30.875200025000083,-27.31430998099995],[30.865909985000087,-27.312669980999885],[30.86481999,-27.331780016999915],[30.86130998400006,-27.339069983999934],[30.855889985000033,-27.336999979999973],[30.857589982000093,-27.343300015999887],[30.84487998800006,-27.346059983999908],[30.843709985000146,-27.352740015999927],[30.830189986000164,-27.350029982999956],[30.822339984999985,-27.35416001699997],[30.82334002200008,-27.345809982999924],[30.828169986000034,-27.34328997399996],[30.820479988000045,-27.33613001699996],[30.816079988000126,-27.340070017999892],[30.808249986000078,-27.338920015999975],[30.811379983000165,-27.332389976999934],[30.802179986000056,-27.33211998199988],[30.80878998300011,-27.328280018999976],[30.80414998300006,-27.32425998399998],[30.79715002200004,-27.326589981999916],[30.788929992000078,-27.31279998699989],[30.778629987999977,-27.314429982999968],[30.785499989000073,-27.31917001599993],[30.78439998900018,-27.324319982999953],[30.770999985000117,-27.32636998199996],[30.769029982000063,-27.319019974999946],[30.759959984000147,-27.313579983999944],[30.762739985,-27.30738998399994],[30.75079998800004,-27.298749982999936],[30.743269988000122,-27.30606998299993],[30.740349988000105,-27.294560017999913],[30.728259983000157,-27.299339977999978],[30.724909985000068,-27.28960001799993],[30.720699985000067,-27.29093002199994],[30.71775998600009,-27.283790016999887],[30.660619990999976,-27.287920009999937],[30.58705998500011,-27.323079981999967],[30.557719985000062,-27.32762001599997],[30.525679985000124,-27.315139976999887],[30.49741998500008,-27.31239998199993],[30.475049989000183,-27.31952998199995],[30.465939987000127,-27.326349983999876],[30.448269998000114,-27.32773993799998],[30.433459987000163,-27.32568001599998],[30.425979979000147,-27.31496001499994],[30.426449989000105,-27.269830018999926],[30.397619986999985,-27.273779978999983],[30.367609988000027,-27.26742997999986],[30.366709990000174,-27.31168998199996],[30.328374980000035,-27.299639980999928],[30.31752998400009,-27.301980020999963],[30.302219985000193,-27.31739498199994],[30.282489986000087,-27.314439981999953],[30.278729985000098,-27.332630014999893],[30.279806993000022,-27.368605978999938],[30.283743479000123,-27.37104939799997],[30.285620129000165,-27.38321286599995],[30.28274006800018,-27.411394937999944],[30.317721512000162,-27.416263577999814],[30.324233714,-27.397110040999905],[30.33789657,-27.40072793199994],[30.33930116300013,-27.40643142899995],[30.35579494300009,-27.405644062999897],[30.343166943000085,-27.45103993799995],[30.357062943000187,-27.46629793799997],[30.33400194300009,-27.502022937999982],[30.29954494300017,-27.50575906299997],[30.290682943000036,-27.500993937999965],[30.273797943000034,-27.50021293799989],[30.26642794300011,-27.503844062999974],[30.267622943,-27.511395062999895],[30.252530943000068,-27.519281937999892],[30.247427943000105,-27.534427937999965],[30.238620943000058,-27.540969937999932],[30.243013943000108,-27.544168937999927],[30.236024068000063,-27.548585937999974],[30.21165694300015,-27.52438393799997],[30.197948943000142,-27.518268062999937],[30.19453094300013,-27.521490937999886],[30.178978943000175,-27.520158937999895],[30.16705394300004,-27.533945937999874],[30.147157943000025,-27.529735937999874],[30.14496394300005,-27.53279393799994],[30.115426943000045,-27.517730937999943],[30.10712356800019,-27.504796312999872],[30.068822193000074,-27.565527937999946],[30.112739943000122,-27.592137062999825],[30.10086794300014,-27.603581937999877],[30.099867068000037,-27.640616937999937],[30.110510943000065,-27.6489839379999],[30.127136943000096,-27.65046706299995],[30.14130994300001,-27.723140062999903],[30.128909943000053,-27.714870062999978],[30.121339943000066,-27.71490993799989],[30.11611994300017,-27.707799937999937],[30.108299943000077,-27.717659937999883],[30.09305006800014,-27.718850062999934],[30.084229943000025,-27.72613993799996],[30.075829943000087,-27.718609937999872],[30.08059006800005,-27.70839006299991],[30.068620068000143,-27.712499937999894],[30.065139942000144,-27.70757993799998],[30.071959943000138,-27.70511006299995],[30.06651994200007,-27.702640062999876],[30.06115994200013,-27.70654993799991],[30.05777994200008,-27.700440062999917],[30.05016994200014,-27.698590062999983],[30.04761994200004,-27.68810993799997],[30.038999941999975,-27.677759937999895],[30.030265942000142,-27.68831993799995],[30.03790794200006,-27.715061062999894],[30.018636942000057,-27.722722937999947],[30.019880067000145,-27.743631937999965],[30.015070942000193,-27.74528493799994],[30.0125296060001,-27.73995211099998],[30.003794999000093,-27.74400696099991],[29.974487480000164,-27.706881171999953],[29.971323937000136,-27.707566062999945],[29.969204192000177,-27.719014437999874],[29.942988942000056,-27.708875937999892],[29.93611794200018,-27.696506937999914],[29.922773942000106,-27.70101393799996],[29.92494894200007,-27.705405937999956],[29.919168942000056,-27.70429393799992],[29.919501942000068,-27.711944937999874],[29.91545283000005,-27.71143560399986],[29.90807069000016,-27.72070171699994],[29.91210694200015,-27.73020393799993],[29.9203256510001,-27.730970729999967],[29.920987942000124,-27.74622106299995],[29.91671694200005,-27.74652906299997],[29.923088067000037,-27.74826793799997],[29.913306942000133,-27.76130393799997],[29.856198942000105,-27.76213593799997],[29.782157942000083,-27.747589937999976],[29.76390606700005,-27.755202937999968],[29.757423067000104,-27.775913937999974],[29.740738942000178,-27.781758937999882],[29.72830103600012,-27.80103596799995],[29.695378001000165,-27.79961200899993],[29.664290578000077,-27.820697617999826],[29.65249946300014,-27.811650708999935],[29.649883490000093,-27.803969492999954],[29.627503976000128,-27.805581212999982],[29.63369408800014,-27.8107135329999],[29.622553999000104,-27.823003996999944],[29.571047002000114,-27.78344299799994],[29.56749899800019,-27.754571995999925],[29.542576001000157,-27.740715002999934],[29.52909645800014,-27.74774764599988],[29.50872487000015,-27.750144302999956],[29.50273322700008,-27.75510880799993],[29.45702554600018,-27.749630733999822],[29.454115319000152,-27.752883339999983],[29.423472342000082,-27.73953053499997],[29.407722879000175,-27.72429464099997],[29.400532907000184,-27.680127668999887],[29.401292702000035,-27.65764022299993],[29.45965,-27.67279],[29.445749003000174,-27.624430997999923],[29.450831998000183,-27.60697999899992],[29.509997,-27.571954000999824],[29.48576600100006,-27.529389998999932],[29.498201000000165,-27.53086200099989],[29.494947995000018,-27.524076997999828],[29.502525002000027,-27.505536002999975],[29.474040327000125,-27.50846439099996],[29.4560776780001,-27.49993043199987],[29.42773778000003,-27.497528464999903],[29.414984643000082,-27.489836276999938],[29.42583599700015,-27.450498995999965],[29.39394000200008,-27.429491997999946],[29.352619869000137,-27.43367709099988],[29.353272880000077,-27.415167869999948],[29.347760331000188,-27.413118331999897],[29.30472004600017,-27.412552942999923],[29.28886046400015,-27.419990774999917],[29.29361600400017,-27.404194997999923],[29.28122999800013,-27.39119500099997],[29.283019886999966,-27.37578844099994],[29.20633000100014,-27.390057998999964],[29.197935,-27.40418199899989],[29.189280996000036,-27.406097998999883],[29.190763004000075,-27.415150996999955],[29.183600998000088,-27.415662995999924],[29.18209600100016,-27.408565000999943],[29.166974998000057,-27.416873001999875],[29.149392011000145,-27.417878],[29.11777400300008,-27.409466003999967],[29.11493400400002,-27.418389998999885],[29.10276900400015,-27.417246996999893],[29.10341899900004,-27.41333999899996],[29.0189400000001,-27.42827999699989],[29.01280700200016,-27.382229998999833],[28.969483998999976,-27.373527998999975],[28.922864570000115,-27.376171711999916],[28.916881561000082,-27.34579467799989],[28.937362671000074,-27.28768539399988],[28.967029572000058,-27.280010222999977],[28.96430015600015,-27.261940001999903],[28.967390060000014,-27.257310866999887],[28.978839874000073,-27.25411033599994],[29.002689362000183,-27.261060714999928],[29.006290436000086,-27.248790740999937],[28.981920040000034,-27.235745657999928],[28.99424934400014,-27.217649459999905],[28.98200035100018,-27.215490340999963],[28.97874069200003,-27.206310271999882],[28.997280121000188,-27.182279586999982],[29.00404930100018,-27.180240630999833],[29.002399445000094,-27.16703033399989],[29.00564974399998,-27.166900962999932],[28.997959137000066,-27.146600722999892],[29.005529404000185,-27.10969924899996],[28.996519089000117,-27.07966041599991],[29.0147300000001,-27.009730008999895]]]},"properties":{"area_code_id":"017","area_codes":["017"],"area_code_label":"017","prefix_1":"1","ward_count":130}},{"type":"Feature","geometry":{"type":"Polygon","coordinates":[[[25.298408054000106,-27.212297580999973],[25.301221499000064,-27.20861224899994],[25.294183907000104,-27.203124308999975],[25.29242123100005,-27.194651628999907],[25.30133899800012,-27.194052],[25.31081656900011,-27.18600652699996],[25.30939606600009,-27.177883300999895],[25.278776719000177,-27.165201139999965],[25.27969723600006,-27.12707902099993],[25.29075700100003,-27.11735899699994],[25.30052999700007,-27.100462],[25.286642003999987,-27.099821995999946],[25.270327001000055,-27.068314996999902],[25.26792899700007,-27.04414400299993],[25.22257999800013,-27.029270001999976],[25.260559997000144,-27.007309998999972],[25.292159996000066,-27.023965003999876],[25.324459997000133,-27.014259991999893],[25.332909999000094,-27.03119],[25.365439998,-27.063650002999964],[25.386929999000074,-27.040889999999877],[25.39911,-27.0377],[25.390820000000133,-27.00425999799984],[25.349139997000066,-26.9524400009999],[25.388810003000174,-26.929149997999957],[25.421539998000128,-26.920099999999877],[25.38267999800007,-26.86165999799988],[25.320779997000102,-26.886259996999968],[25.25749,-26.802249995999887],[25.19420360700019,-26.857585332999975],[25.148325249000095,-26.800580117999914],[25.126962795,-26.81211229399986],[25.120012125000073,-26.79724799199994],[25.133069998000053,-26.77183999799996],[25.147649998000077,-26.714019996999923],[25.1787,-26.662460001999932],[25.158280959000137,-26.65394494899988],[25.150416571999983,-26.65148992899998],[25.121622095000077,-26.664971735999927],[25.02882090100013,-26.716966987999967],[24.995633846000032,-26.67243799299996],[24.970964099000184,-26.68343024099994],[25.00450381000013,-26.644132606999904],[25.001562950000164,-26.640010477999965],[24.986224510000113,-26.63142853699992],[24.97668758300017,-26.619844429999887],[24.946891696000137,-26.634233412999833],[24.9091229980001,-26.571242000999973],[24.914832221999973,-26.565807229999905],[24.894414699000038,-26.56141970399989],[24.89509985500007,-26.577333983999893],[24.78025,-26.642580006999935],[24.75309999800004,-26.59073],[24.77136000500019,-26.581270003999975],[24.76880000300008,-26.57629999699998],[24.77168000299997,-26.574829997999927],[24.76328999800012,-26.564879994999956],[24.753139998000165,-26.570409995999967],[24.76133999800004,-26.58014],[24.729249999000103,-26.59639999199993],[24.692810002000158,-26.548980000999848],[24.657379999000113,-26.48580999799998],[24.602179997,-26.51544999899994],[24.562199998999972,-26.453499998999973],[24.536130001000174,-26.401690000999963],[24.62778999700015,-26.351509995999947],[24.677920003000168,-26.32911],[24.658939997,-26.295820001999914],[24.635080001000063,-26.269699997999965],[24.690320004,-26.234190000999945],[24.76417999800003,-26.205250000999968],[24.8170799990001,-26.19879],[24.804080001999978,-26.158249998999963],[24.7624700020001,-26.093299996999974],[24.733850001000064,-26.03957000099996],[24.710060000000112,-26.011989996999944],[24.653879999000026,-25.95932000199997],[24.63916,-25.934259997999845],[24.667030001000057,-25.921250002999955],[24.59722400200002,-25.876814996999883],[24.623116002000074,-25.858693998999968],[24.683517997000024,-25.840626],[24.691068002000065,-25.864733996999973],[24.68495700300008,-25.898211996999976],[24.68743700400006,-25.90233199799991],[24.692277999000112,-25.90187200099996],[24.69526458400003,-25.90973573399998],[24.80713558700012,-25.88541588299995],[24.804871474000095,-25.841226056999915],[24.807196637,-25.818821804999914],[24.81050000300013,-25.818360001999963],[24.812630002000105,-25.810589996999965],[24.818379996000147,-25.816990001999955],[24.82465,-25.811739997999894],[24.83347,-25.815310000999943],[24.84433999700019,-25.809249998999917],[24.869589999000027,-25.80538999199996],[24.8753,-25.809140002999982],[24.885750001000076,-25.807089996999935],[24.896929999000122,-25.81076999699991],[24.89763,-25.802559998999982],[24.913069997000093,-25.79751999699988],[24.912799998000082,-25.78441000399988],[24.92028999700011,-25.79000000999997],[24.927800001000094,-25.787690003999955],[24.933820003000108,-25.77663999899994],[24.95138,-25.77167],[24.95438000300004,-25.760289997999962],[24.96674000300004,-25.766059996999957],[24.975290004000044,-25.75386999699998],[24.983869999000035,-25.754330001999904],[24.98967,-25.745439998999927],[25.003620001000115,-25.738659998999935],[25.00057,-25.729560001999914],[25.014679996000098,-25.72549000099997],[25.02294000100011,-25.73099999799996],[25.03746000400008,-25.722210000999894],[25.05158000600005,-25.726089996999974],[25.061710002000098,-25.735519997999916],[25.0716,-25.736290002999965],[25.08090000100009,-25.730389996999918],[25.087010002,-25.740940003999924],[25.104330002999973,-25.741149997999912],[25.10223999599998,-25.748040001999982],[25.10994999600001,-25.748660001999838],[25.108739999000193,-25.754420001999904],[25.121390003000045,-25.76374999799998],[25.14263,-25.75636000399993],[25.16107999700006,-25.75958999699992],[25.17262000200003,-25.76618999699997],[25.203110001000084,-25.758400003999952],[25.21982999900007,-25.765890002999924],[25.22394000100013,-25.763539995999906],[25.261430000000132,-25.768640002999973],[25.2994300040001,-25.765680000999964],[25.319470010000146,-25.772779998999965],[25.341670002000058,-25.7691],[25.386389992000034,-25.744490002999953],[25.423770004000062,-25.731420002999982],[25.46946000300011,-25.69585],[25.48002,-25.69603],[25.48853999800008,-25.68877999699987],[25.50005999800004,-25.690650002999973],[25.512990000000173,-25.68472000199995],[25.55761999900011,-25.64977999799993],[25.580879999000103,-25.63879998799996],[25.62979000100006,-25.537820002999922],[25.6421199990001,-25.544430000999967],[25.679450003000056,-25.520069998999872],[25.740669999000147,-25.513850001999913],[25.796552999000085,-25.524968],[25.83505,-25.611598996999874],[25.84559999900017,-25.665639997999904],[25.886939999000106,-25.675309996999943],[25.948815001000185,-25.665350002999958],[25.975740000000144,-25.64999999799994],[26.02441335000003,-25.636910114999978],[26.02585489000012,-25.640460814999983],[26.062370000000158,-25.6262700019999],[26.073329997000087,-25.61755],[26.095410002999984,-25.61777999899988],[26.10006000300018,-25.63429000199983],[26.097280001,-25.646570000999873],[26.113499993,-25.64325999899995],[26.09164000300018,-25.664950002999944],[26.10924499700002,-25.70210999799997],[26.15475000100014,-25.676939997999966],[26.18884628799998,-25.67333407899997],[26.184427983999967,-25.67562074599988],[26.185004758000105,-25.756553752999878],[26.20676044300012,-25.76904891099997],[26.258292385000118,-25.774949710999977],[26.23816114600004,-25.73432910299988],[26.242355377000024,-25.732302236999885],[26.257054430999972,-25.749010415999976],[26.283455567000033,-25.72186308499988],[26.290143667000052,-25.71219250099989],[26.29814474000011,-25.66666344999993],[26.337549999000146,-25.681685998999967],[26.37277,-25.683960002999925],[26.36218999800002,-25.69464000299996],[26.396380002000058,-25.69288999899993],[26.404660003000117,-25.68663000099997],[26.42701000000011,-25.6914900029999],[26.4300599930001,-25.695930001999955],[26.399030011000036,-25.699049998999953],[26.409310003000087,-25.72125999699989],[26.390419998000084,-25.757639996999956],[26.446370001000105,-25.769329997999876],[26.462370000000135,-25.74536999599991],[26.509529998000062,-25.75607],[26.520360003,-25.755341000999977],[26.5714299980001,-25.789200002999905],[26.580030006000015,-25.782679995999956],[26.643680002999986,-25.8379849989999],[26.643529998000133,-25.868000000999928],[26.663329999000155,-25.87154000099997],[26.664449997000077,-25.878869997999857],[26.703060001999972,-25.92829000399996],[26.70747999600013,-25.92243999599998],[26.749349997000138,-25.926069996999956],[26.76062000200011,-25.93544000099996],[26.770550002000164,-25.95233],[26.76358000400006,-25.991090009999937],[26.80707999900011,-26.084029998999938],[26.847929998999973,-26.059699998999974],[26.855040004000045,-26.0590100039999],[26.856219999000075,-26.067570001999854],[26.865439998000056,-26.068850002999966],[26.866689997000037,-26.061320002999935],[26.917429996000124,-26.07113],[26.932100003000073,-26.031630002999975],[26.978360004000024,-26.055095002999906],[26.974799999000084,-26.065050000999975],[27.053780004000146,-26.10068999899994],[27.044459998000093,-26.131679995999946],[27.071489998000118,-26.09962],[27.08092,-26.098129996999944],[27.059720003000166,-26.140590002999886],[27.08671000200019,-26.14288999599995],[27.09266,-26.096100003999936],[27.142029999000158,-26.10068999899994],[27.15802999800019,-26.097689996999918],[27.17091999900009,-26.094860002999894],[27.16985000000011,-26.08022999699989],[27.21071000000012,-26.08256],[27.24106999800017,-26.09199999999987],[27.326239998000176,-26.10072000899993],[27.36172,-26.115669998999977],[27.41944000400008,-26.11749999599988],[27.42235999700017,-26.08916999899992],[27.469149997000045,-26.092499997999937],[27.489957,-26.127970998999956],[27.47405000100008,-26.20183000299994],[27.465889994,-26.200510001999874],[27.47151000300005,-26.24495499799997],[27.481909998,-26.28444000099995],[27.52606000300017,-26.30257],[27.525209996000115,-26.3473200009999],[27.54784999700007,-26.34328000199997],[27.551190002000112,-26.35468],[27.55022999900018,-26.386639997999964],[27.54011799700004,-26.387580993999904],[27.536899998000138,-26.401919998999915],[27.54513999000011,-26.426770000999966],[27.535320003000038,-26.433079997999982],[27.54282999900005,-26.43169999899993],[27.54914000400015,-26.444739996999886],[27.55146000100018,-26.44156000299995],[27.557090001000063,-26.456379998999978],[27.61195,-26.450889997999923],[27.61558999900018,-26.449720000999946],[27.61357000400011,-26.442980001999956],[27.62436,-26.4449],[27.629908003000025,-26.452737],[27.62632999599998,-26.493800002999933],[27.60715000300013,-26.491600000999938],[27.603109996000057,-26.530649998999934],[27.612470002,-26.532959996999864],[27.60499000100009,-26.55699000299984],[27.60437000100012,-26.59196000199995],[27.54569000300006,-26.57442999899996],[27.582719997000083,-26.595779999999877],[27.569090002000053,-26.647160003999943],[27.574159999000074,-26.715839996999875],[27.602839997000046,-26.692439996999894],[27.602240001000098,-26.722850002999905],[27.589120002000186,-26.7240900029999],[27.581410002000155,-26.731000002999963],[27.590429997000115,-26.73836000299997],[27.56968999800017,-26.74776999999989],[27.570250001000034,-26.755120000999966],[27.582300001000135,-26.767939997999974],[27.581810002000054,-26.77369],[27.569850001000134,-26.78125000299997],[27.55572000000012,-26.773219996999956],[27.53782,-26.785139996999874],[27.519510001000185,-26.781859996999913],[27.509389996000152,-26.785780001999967],[27.505900002000033,-26.794820001999938],[27.518210004000025,-26.810219996999876],[27.510839999000154,-26.82552000299995],[27.511149999000054,-26.837840002999883],[27.487460003000137,-26.849370000999954],[27.476040001000058,-26.883490000999927],[27.45522,-26.890580000999876],[27.444189999000173,-26.90038],[27.44002,-26.899490000999947],[27.41858999699997,-26.92386000099998],[27.407530002000158,-26.92577998999991],[27.40032999800019,-26.92222000099997],[27.384209996000095,-26.90037000199993],[27.370890001000134,-26.904249996999965],[27.368360001999974,-26.89174],[27.340750002000107,-26.8719899969999],[27.340220002000137,-26.860909997999897],[27.332799998000098,-26.854209998999977],[27.30589,-26.853369998999824],[27.29242999800016,-26.86891999999989],[27.28981999700011,-26.879360002999874],[27.270390001000067,-26.891510000999915],[27.262100002000068,-26.90822],[27.241569996000123,-26.918710002999887],[27.22946999700008,-26.93897000899989],[27.21752000200013,-26.946060000999978],[27.211090003000038,-26.96237999799996],[27.212129999000126,-26.97624],[27.203300001000116,-26.980490000999964],[27.174010001000113,-26.968470002999936],[27.183209996000073,-26.950289996999913],[27.182870002000186,-26.93042],[27.17641,-26.924880000999963],[27.16470000200013,-26.92412000199988],[27.15368999800006,-26.937039996999886],[27.143470003000118,-26.94190999799997],[27.113019996000162,-26.92631999699995],[27.094889998000042,-26.931],[27.08677999800011,-26.93853],[27.073420002000148,-26.934779996999964],[27.03998999700019,-26.938219999999887],[27.02819,-26.93592],[27.013929998000037,-26.932050001999926],[26.95665000300005,-26.90064999899988],[26.94722001000008,-26.89200999899998],[26.95077000100008,-26.87454000899993],[26.939529998000125,-26.87169000299997],[26.927209998000023,-26.887070002999906],[26.920159999000134,-26.90600000099988],[26.924999997000043,-26.956979996999962],[26.92042999800003,-26.973319998999955],[26.90904999700018,-26.96132999599996],[26.907610001000023,-26.94451999899991],[26.89613999200003,-26.935060002999933],[26.87978000100003,-26.93446999699995],[26.87481000300005,-26.93006000099996],[26.875080002000118,-26.924570000999893],[26.867749997000146,-26.919460002999983],[26.859019997000075,-26.921010001999946],[26.84973000200017,-26.938830001999918],[26.840798004000078,-26.94299499799996],[26.844414998000047,-26.97950099299993],[26.856271003000188,-26.981817000999968],[26.88058799600003,-27.03063100199995],[26.81195500200016,-27.050171001999956],[26.79682799800014,-27.05036199799997],[26.81022953900009,-27.06537855199997],[26.82750300000015,-27.067852996999875],[26.822074999,-27.109737998999947],[26.87723700400005,-27.12508699899996],[26.844602003000148,-27.15809799699997],[26.78056499800016,-27.15360499899998],[26.72873699800016,-27.166715997999972],[26.725499999000135,-27.151464003999934],[26.670680997000147,-27.172660999999835],[26.683074001000023,-27.1902600009999],[26.645169998000085,-27.19093],[26.635249997000074,-27.17157],[26.57541,-27.183319997999888],[26.55610999600009,-27.159770001999902],[26.56221999700017,-27.159820000999957],[26.521619999,-27.10439],[26.50291999900014,-27.13074000299997],[26.48285999700005,-27.13171000299991],[26.47309000100006,-27.15415],[26.459210003000067,-27.157990002999895],[26.44074000100005,-27.149999997999885],[26.42705000100011,-27.151249994999944],[26.419950002000178,-27.171770002999892],[26.432850002000123,-27.19012000999993],[26.43769999800014,-27.20995998899997],[26.463889998000127,-27.229759997999906],[26.476800003000108,-27.244649997999943],[26.48885000300004,-27.250570000999915],[26.49736000300004,-27.268900003999875],[26.48847000000012,-27.286150000999953],[26.49339,-27.319110002999935],[26.48080999900003,-27.323179995999965],[26.479120000000137,-27.318930002999934],[26.484830001000148,-27.309069998999917],[26.47549999800009,-27.30831000099994],[26.458230003000153,-27.326229996999928],[26.455540001000145,-27.337389998999925],[26.446259997000084,-27.34928000399998],[26.459229999000115,-27.363499996999963],[26.48473000300004,-27.379910001999974],[26.49950999900011,-27.379709997999953],[26.51284,-27.384790000999885],[26.51257999900008,-27.393300000999943],[26.505830002000152,-27.398419995999916],[26.451360004000094,-27.385829996999973],[26.42309000400013,-27.40686999899998],[26.37242,-27.383760002999963],[26.36156000000011,-27.3892600019999],[26.345680003000098,-27.385350003999974],[26.327239996000174,-27.4058],[26.324110001000065,-27.432929997999963],[26.316809999000043,-27.431450000999916],[26.309949998000093,-27.41831999599998],[26.29558,-27.415789995999887],[26.28623,-27.422190000999876],[26.264640002000135,-27.416439990999947],[26.252919998000095,-27.42950999899989],[26.242270001000065,-27.431429996999952],[26.23391999600011,-27.454220001999943],[26.21988000300007,-27.474390000999904],[26.22078,-27.483330002999935],[26.23119999900007,-27.495390000999976],[26.22898000000015,-27.51215],[26.201810001000126,-27.516750000999934],[26.186049998999977,-27.531540002999918],[26.17010999600012,-27.536110001999873],[26.153569998000137,-27.563959997999973],[26.140270000000157,-27.55761],[26.134010001999968,-27.558469996999975],[26.123790007000025,-27.566870000999984],[26.124499999000136,-27.580569998999863],[26.113270002000093,-27.593339997999976],[26.084250001000157,-27.595450000999847],[26.074919998000098,-27.620470003999912],[26.08619000300007,-27.648000000999957],[26.054690002000143,-27.669180001999905],[26.06782,-27.680780010999968],[26.092829996000148,-27.68237000399995],[26.09484000100008,-27.69006],[26.09223999900007,-27.6966000029999],[26.065919999000187,-27.718709995999916],[26.047690002000024,-27.72546000099993],[26.03485999000003,-27.736739995999926],[26.026190003000067,-27.734699996999893],[26.012689993000038,-27.722260002999917],[26.002620003000118,-27.706119996999973],[26.010709998000095,-27.68976999599994],[26.00796999700009,-27.660400002999893],[26.000839996000025,-27.647619997999925],[25.98061,-27.63710000099985],[25.981250005000163,-27.626800004999893],[25.968089997,-27.62497999699997],[25.9473199950001,-27.6329],[25.940270002999966,-27.614900000999967],[25.925470003000044,-27.60356000099995],[25.90965000300008,-27.610380000999953],[25.896039997,-27.60982999699985],[25.89832999900011,-27.62253],[25.875519997000026,-27.62816999799992],[25.852800003000084,-27.62115999899993],[25.845900001000075,-27.610209002999966],[25.859503999000026,-27.680407005999882],[25.83524599800012,-27.67055000199997],[25.894659998000122,-27.713227997999923],[25.8867169990001,-27.753445997999904],[25.938444003000086,-27.752499998999895],[25.969195,-27.78365799999989],[25.963983,-27.827486000999897],[26.013053544000172,-27.844030171999975],[26.00942333400019,-27.862802838999926],[26.00531763000015,-27.860702794999895],[26.000333998000087,-27.88099099899989],[25.99443799700009,-27.879911999999877],[25.996247998000058,-27.889172],[25.987805999000102,-27.88411999699997],[25.98656899100007,-27.8776700009999],[25.970258002000094,-27.881135002999883],[25.963668997000127,-27.873798997999984],[25.951705996000044,-27.88309899899997],[25.937742996000054,-27.860671003999926],[25.92025799700008,-27.859312995999915],[25.918141994000052,-27.85204700199995],[25.910211251000135,-27.870714873999873],[25.907410491000064,-27.87003176199994],[25.909036542000024,-27.865133025999967],[25.901640971000177,-27.861766808999903],[25.8907906500001,-27.89131580799983],[25.88483760200012,-27.921984181999903],[25.90384858600015,-27.947222420999935],[25.841001003000144,-27.969464002999814],[25.8540410010001,-27.98776400299988],[25.845060998000065,-27.992808002999936],[25.85356600200015,-28.0047410009999],[25.82035299800009,-28.018047000999957],[25.80187500100004,-27.98835700099994],[25.755687996000063,-28.0484359969999],[25.717046999000104,-27.998054998999976],[25.73653799800013,-27.93574400299991],[25.794200996000086,-27.93337900199998],[25.761362002000055,-27.881065],[25.686231998000153,-27.875894],[25.613964998000142,-27.859441998999955],[25.604308863000085,-27.870767343999944],[25.60645372800019,-27.942711361999898],[25.60347125700008,-27.953522822999957],[25.591343996000035,-27.947919997999918],[25.57184999700013,-28.012619996999888],[25.517469999000014,-27.98636000199997],[25.50683000000015,-27.959820001999958],[25.468829997000057,-27.96066999999988],[25.470369999000127,-27.95194999899985],[25.41945,-27.919060000999878],[25.4347399990001,-27.911459996999895],[25.397799996000174,-27.896000003999973],[25.34921000100013,-27.850240000999975],[25.323529997000094,-27.793790000999877],[25.333030002000157,-27.790500002999977],[25.340769996,-27.79264],[25.3485599980001,-27.771980001999907],[25.36402999700016,-27.750540000999933],[25.394509998000103,-27.728680003999898],[25.424029997,-27.71558000099992],[25.440440002,-27.71687],[25.469259999000087,-27.710589997999875],[25.479070004000107,-27.693699998999932],[25.487940002000187,-27.69195000299993],[25.4900439970001,-27.65679699599997],[25.48663699700012,-27.650366],[25.449849999000094,-27.653854995999893],[25.42795699900006,-27.600834002999875],[25.48233400500004,-27.55845500399988],[25.46087600200019,-27.530393999999887],[25.444033992000016,-27.519273999999882],[25.44989879500008,-27.509972562999963],[25.46404395700017,-27.51465279499996],[25.48343603100011,-27.462239161999946],[25.443586279000044,-27.393452612999965],[25.404489996,-27.396710000999917],[25.325819002,-27.30080299699989],[25.331427002000055,-27.295671],[25.330147001000114,-27.286562001999926],[25.33650399700008,-27.283800998999936],[25.333182135000072,-27.274014789999967],[25.318187998000155,-27.284244996999973],[25.29322599800014,-27.242988995999895],[25.293122002000075,-27.22574199899998],[25.30161300300017,-27.21867699799992],[25.302119001000108,-27.21395299699998],[25.298408054000106,-27.212297580999973]]]},"properties":{"area_code_id":"018","area_codes":["018"],"area_code_label":"018","prefix_1":"1","ward_count":208}},{"type":"Feature","geometry":{"type":"MultiPolygon","coordinates":[[[[18.440010003000054,-34.14978000199994],[18.431009996000114,-34.16104000099995],[18.433219997000094,-34.16601999799997],[18.426079998000034,-34.17809000299991],[18.426410003000058,-34.18820000099993],[18.432589999000186,-34.19281999899994],[18.433659998000167,-34.18816000099997],[18.436539998000057,-34.186350006999874],[18.435159999,-34.19082],[18.442900002000158,-34.19056999799989],[18.44207,-34.18782999599995],[18.4395,-34.188190002999875],[18.440550002,-34.18730000399995],[18.437609997000038,-34.186150002999966],[18.437789996000106,-34.18475],[18.442290000000128,-34.18762000199996],[18.44645999900007,-34.19417000399994],[18.454089997999972,-34.197860000999924],[18.4675,-34.225240001999964],[18.477219998000123,-34.23283],[18.474810001000094,-34.24519000099997],[18.477569998000092,-34.25468999699996],[18.466539997999973,-34.26724000399997],[18.474930003000054,-34.27860000099997],[18.466340002000152,-34.292770001999884],[18.46068999800019,-34.31051999799985],[18.46514000200017,-34.31556999799989],[18.46116999900005,-34.32092999899993],[18.471769998000184,-34.34037000099988],[18.487589997000043,-34.34778999699989],[18.497509998000055,-34.35762999699995],[18.48151999700019,-34.35401000199994],[18.472090004,-34.35826000299994],[18.472540003000063,-34.35455000099995],[18.45921999899997,-34.34435999999988],[18.456980004,-34.33839998899998],[18.428280001000076,-34.33124000099997],[18.415049998000086,-34.32110999799994],[18.414789997000184,-34.31665000299989],[18.40059,-34.30843999699994],[18.404880002000084,-34.30340999399988],[18.39681000300004,-34.288430001999984],[18.38880999100013,-34.27660000199995],[18.379459991000147,-34.27297999899997],[18.384259997000072,-34.26698000299996],[18.380330002000107,-34.2615499989999],[18.382760003000158,-34.25627999799997],[18.37825000200013,-34.253179997999894],[18.381099999000128,-34.251719997999885],[18.376520002000177,-34.24005999899998],[18.37866000000014,-34.23030999899987],[18.370419999000035,-34.21036000099997],[18.370440011000085,-34.195939995999936],[18.352569998000035,-34.17685000299997],[18.343420002000073,-34.17968000399992],[18.33796000300009,-34.17685000299997],[18.31833000300003,-34.14590999599989],[18.32269999800002,-34.13813000899995],[18.332259993000093,-34.13614999799995],[18.339110004000133,-34.127329998999926],[18.349949999000046,-34.12800999599989],[18.357410004000144,-34.10618999899998],[18.34972000000016,-34.09076000099998],[18.35521999900004,-34.087160002999894],[18.355229998000027,-34.07675999299994],[18.363949999000056,-34.07268999899992],[18.368770001000087,-34.06271000099997],[18.357340001000125,-34.04574999899995],[18.349329999000133,-34.04636000099998],[18.34848,-34.04720000899994],[18.349739997000086,-34.04947],[18.34941999800003,-34.05093],[18.348759998000105,-34.04778000099998],[18.34510000200015,-34.051590000999965],[18.348080000000152,-34.0542500009999],[18.348160002000043,-34.05253999699988],[18.350370003000023,-34.05140000299997],[18.348200003000045,-34.05554999799989],[18.340280001000053,-34.06159000299988],[18.32885000000016,-34.05824999799984],[18.32385999700017,-34.04862999899996],[18.307220001000076,-34.03950999799997],[18.317450002000157,-34.030170003999956],[18.31076000200011,-34.02770000199996],[18.332160003000183,-34.02320999699998],[18.33426999800008,-34.01158],[18.3414399990001,-34.00875999699997],[18.33899000100007,-34.00454999699997],[18.342940000000112,-34.00413999899996],[18.344250004000173,-33.99173],[18.34857,-33.98685999899993],[18.353629997999974,-33.987100003999956],[18.370940001000065,-33.97405],[18.372479995000106,-33.95957999599989],[18.377270002000046,-33.9584199979999],[18.374440009000068,-33.953009997999914],[18.378749999000036,-33.94926000299989],[18.37158000600016,-33.94205000099993],[18.37768999900004,-33.937539998999966],[18.37487000400006,-33.929219996999905],[18.377310003000048,-33.92210000299997],[18.39796000300015,-33.90637000299995],[18.398469999000042,-33.900549996999985],[18.412079998000024,-33.898800000999984],[18.418589999000176,-33.9025200019999],[18.420740002000173,-33.90124000099996],[18.434509996000145,-33.897600001999876],[18.417410004000146,-33.90878999799992],[18.430689998000105,-33.90371999299998],[18.433550002000118,-33.907220000999985],[18.425580001000128,-33.90969000299998],[18.440060002000166,-33.920380008999985],[18.43852999900014,-33.91598000399995],[18.44592,-33.9203],[18.440140004000057,-33.91401000699989],[18.44631000200019,-33.91552000699994],[18.435060001000068,-33.90857999599996],[18.437469998000097,-33.90682000099997],[18.437100001000147,-33.90876000299994],[18.448229998999977,-33.91618999799988],[18.45005999700004,-33.91959],[18.45499000300009,-33.915460001999975],[18.43888999799998,-33.90306],[18.454690001000188,-33.912239998999894],[18.466679997000142,-33.91177000399995],[18.48443,-33.89059000399993],[18.487740002000123,-33.87916000299998],[18.489129999000113,-33.85707999699997],[18.48589,-33.84276999699995],[18.473830002000113,-33.81812999699997],[18.45747000300014,-33.80004998999988],[18.43550000199997,-33.736009998999975],[18.44424999800009,-33.71917],[18.437959998000167,-33.69256000399997],[18.431910002000166,-33.67963999999989],[18.430800002000126,-33.68044999799997],[18.430609997000147,-33.67854999699995],[18.425999997000076,-33.678690003999975],[18.425310001000184,-33.67862],[18.424569999000084,-33.6784400009999],[18.42155,-33.677280001999975],[18.430580002000056,-33.67849],[18.428339998000183,-33.67401000099994],[18.426420001,-33.67551999999989],[18.423559996999984,-33.67657000199989],[18.423379998000087,-33.67648000299994],[18.428150001000176,-33.67408999399987],[18.426560000000165,-33.66940000099987],[18.395559996000088,-33.62336000099998],[18.377209997000136,-33.618509996999876],[18.36789,-33.59957999799991],[18.356689998000036,-33.59859999899993],[18.361620012000117,-33.59455000199995],[18.360480002000088,-33.58706000199982],[18.34304000600008,-33.57063000099993],[18.34131999700014,-33.55858999799989],[18.360390002000145,-33.54888],[18.359360004000166,-33.54227000099996],[18.369149995999976,-33.52529000199996],[18.383690003000027,-33.511669996999956],[18.3888199970001,-33.50891],[18.402459999000143,-33.51430499799994],[18.426163,-33.51118299799998],[18.439897997000173,-33.49790799899995],[18.481158003000075,-33.425922998999965],[18.539534999000125,-33.398492998999984],[18.52396999700011,-33.369026996999935],[18.509188996000034,-33.35201599899983],[18.510052999000038,-33.307947997999975],[18.490928997000083,-33.28459300199995],[18.54632900300004,-33.27514299599994],[18.55686100100013,-33.28420000799997],[18.542833001000133,-33.30628200099994],[18.543785000000128,-33.313406000999976],[18.597876,-33.29105799899992],[18.594671373999972,-33.27995847199992],[18.60447057800002,-33.27375453899998],[18.612564118000023,-33.281931689999965],[18.627842997000073,-33.27622900199998],[18.657061866000106,-33.290142285999934],[18.683623550000107,-33.29044328499998],[18.70466413600019,-33.363654041999894],[18.711502361000157,-33.41194678499983],[18.719704686000114,-33.42861717099987],[18.71970057800013,-33.44461447599997],[18.699063003000106,-33.45404300199988],[18.698124247000067,-33.46242625799994],[18.690637074000108,-33.46973768199996],[18.699904136000157,-33.47501891199994],[18.697539,-33.47886300099992],[18.690012,-33.4825],[18.683299003000172,-33.47882200299995],[18.671616997000115,-33.481991000999926],[18.673649001,-33.48520800399996],[18.610218348000103,-33.58511472499998],[18.61799,-33.58436000099988],[18.62208,-33.614549999999895],[18.627,-33.6245899999999],[18.64496000000014,-33.635739999999885],[18.65537000000012,-33.63406],[18.67085,-33.64742],[18.689739998000107,-33.6652300099999],[18.692669988999967,-33.68127000199996],[18.706900002999987,-33.68133999699995],[18.71187000200007,-33.67587000099991],[18.736730009999974,-33.687030001999915],[18.751999996999984,-33.67683000399995],[18.754150001000085,-33.664899996999964],[18.759799997000016,-33.66557499199996],[18.763220003000015,-33.6489200019999],[18.77814999600014,-33.649109999999894],[18.818249996000134,-33.595189998999956],[18.83631,-33.60440999799988],[18.83830999899999,-33.58973],[18.841869996000128,-33.58870000199988],[18.839310002000047,-33.57763000099993],[18.85588000299998,-33.56915000399994],[18.862300004000133,-33.5754100019999],[18.892779997000105,-33.57152],[18.899720000000116,-33.55106999599997],[18.938090001000035,-33.545999998999946],[18.931409999000152,-33.52514000499997],[18.939940003000174,-33.5214099989999],[18.93624999700006,-33.50666999599997],[18.939829999000153,-33.49938999799997],[18.933989997000083,-33.49171999899988],[18.93800999900003,-33.47007000399992],[18.94053999800019,-33.4658499979999],[18.954189989999975,-33.461949997999966],[18.948590001000184,-33.45576000299991],[18.959670001000177,-33.442420003999985],[18.95555,-33.429909997999914],[18.970009998000137,-33.42991999599997],[18.967309997000086,-33.42152999899997],[18.97691,-33.40762999699996],[18.982520003000047,-33.40667000199994],[18.978090003000148,-33.39957000399994],[18.992449995000072,-33.394390002999955],[18.988730002000068,-33.38891],[18.99313999800006,-33.38225000299991],[18.984679997000057,-33.37910000299996],[18.994029997000098,-33.36555000199991],[18.98573000000016,-33.36157999799997],[18.99293999400004,-33.35390000099994],[18.97917,-33.34166000299996],[18.98993000200005,-33.33160000299989],[18.98037,-33.32865],[18.97838999700008,-33.318450000999974],[18.98449,-33.3129799969999],[18.99583,-33.31375000199995],[18.99741000300014,-33.30763000199994],[18.98846000300017,-33.30532000299996],[18.98882000200001,-33.29895000199991],[18.97946000400009,-33.29683999899987],[18.98122999600014,-33.29241999699991],[18.973149999000157,-33.28857001099993],[18.975019997000118,-33.27808000099992],[18.96666000300013,-33.27458999899983],[18.96459,-33.26793000199996],[18.950859999000045,-33.26550999899996],[18.954729997000186,-33.25981000399986],[18.945739995999986,-33.25304000199998],[18.950729999000146,-33.24747],[18.9474,-33.239529992999906],[18.95644,-33.2336],[18.957010008999987,-33.22140000199988],[18.943450000999974,-33.20864000199998],[18.948229994000144,-33.20492000199994],[18.946839989000182,-33.20216000399995],[18.932180003999974,-33.20289],[18.938710001,-33.19505],[18.92268999700002,-33.18769999899996],[18.91816999700012,-33.17061001199983],[18.910120002000156,-33.16389999899991],[18.948937999,-33.152041001999976],[18.958626996000135,-33.12720000099995],[18.96863800200009,-33.1255709969999],[18.979241998000134,-33.136302000999876],[18.982722341000056,-33.06554403899992],[18.99332062400009,-33.02629041899996],[18.99339538100014,-33.01626237199997],[18.984794348000037,-33.01579223899989],[18.98741151100012,-32.99091142399993],[18.993486645000075,-32.9921548719999],[18.992562941000187,-32.96389898099994],[18.9435289970001,-32.937368005999815],[18.929734004000125,-32.939933002999965],[18.930599003,-32.93078699699993],[18.925056003000066,-32.92846000099996],[18.91584099900018,-32.90208799899989],[18.9483080010001,-32.902655],[18.92661300200018,-32.86785000799989],[18.92459999600004,-32.7894119959999],[18.874051997000038,-32.77609099599994],[18.853521002000093,-32.802769996999984],[18.852734999000177,-32.80009900199997],[18.8574069980001,-32.76782799899996],[18.864542002,-32.75422199699989],[18.860685003000185,-32.74832499899992],[18.86739663100002,-32.714748560999965],[18.906304,-32.715679],[18.914686,-32.723265],[18.954610002000095,-32.66998700099998],[18.955813002000184,-32.65249000099993],[18.94827600300016,-32.6442770029999],[18.94461500300008,-32.63055300199994],[18.957630998000127,-32.616684996999936],[18.96313,-32.61731999799997],[18.960669996000036,-32.63295999899992],[18.972979998000028,-32.67045999599992],[19.007160003000024,-32.71618999599991],[19.019059998000102,-32.77002000599998],[19.031419999000036,-32.77248000199995],[19.032860003000167,-32.778320002999976],[19.020569998000155,-32.778630002999876],[19.023870002000024,-32.797309998999935],[19.034750006000138,-32.785770001999936],[19.04107000099998,-32.824169997999945],[19.034100003000106,-32.82563999599989],[19.03567,-32.848870001999956],[19.06430998900015,-32.83455000399994],[19.05632999800008,-32.85934999799986],[19.068620003000092,-32.855329995999966],[19.082770000000153,-32.8561999989999],[19.081750000000113,-32.86673000199994],[19.098609997000096,-32.879119996999975],[19.150529999000184,-32.87211999699997],[19.18442999900003,-32.827070001999914],[19.170640000000105,-32.79583000199989],[19.171769995999966,-32.73682],[19.208640004000074,-32.73096000199996],[19.20480000100008,-32.71113998799996],[19.14299000000011,-32.62143999799997],[19.137599997000052,-32.6045999989999],[19.156379998999967,-32.604320000999905],[19.148579999000162,-32.58567999899998],[19.159169999000085,-32.57193000099994],[19.20259999800004,-32.57760000099995],[19.223100001000034,-32.57467000199989],[19.264700002999973,-32.588720001999945],[19.281180004000134,-32.58140000299994],[19.32005000200013,-32.57464],[19.341249999000183,-32.58305000099995],[19.35693,-32.616360003999944],[19.371200000000158,-32.60893999899997],[19.39611999700014,-32.60666000299989],[19.419019998000124,-32.62232],[19.437899998000148,-32.62585000199988],[19.441269997000177,-32.6381099969999],[19.45327999699998,-32.6256599969999],[19.452209998,-32.60775999599997],[19.46084999800007,-32.60764000199998],[19.475590001000114,-32.596920000999944],[19.484970004000047,-32.57995000099987],[19.486805003000086,-32.56543999599995],[19.49917000099998,-32.61208999699994],[19.528249996000113,-32.67323999799993],[19.58724000400008,-32.64778000299992],[19.60495,-32.6294599979999],[19.61199999700011,-32.56654999799997],[19.607119999000133,-32.5453800009999],[19.62647000200002,-32.502040000999955],[19.621850004000066,-32.47062000099987],[19.65487,-32.43878],[19.679740001000027,-32.46350999899994],[19.73024000200013,-32.44236],[19.707390001000192,-32.420309998999926],[19.73131000100011,-32.410129996999956],[19.736620004000088,-32.38551999999987],[19.764129995000133,-32.4111200079999],[19.802700001000062,-32.39370000199989],[19.81780001000004,-32.360719996999876],[19.849490004000188,-32.36623000199995],[19.873889995000127,-32.38320000199997],[19.937490003000107,-32.37727999799995],[19.9681700000001,-32.35050000199993],[20.00445,-32.32993000399995],[20.038619999000105,-32.29644000299993],[20.05361,-32.2523100009999],[20.085010002,-32.248260003999974],[20.096960003000106,-32.25023999899997],[20.11899000200009,-32.206970002999924],[20.13590999500019,-32.19231999799996],[20.151830002000167,-32.18651999499997],[20.180950001000042,-32.18448999799995],[20.166360001000044,-32.22749000399995],[20.240840003000017,-32.22418999599989],[20.249663042000066,-32.228676991999976],[20.274782043000187,-32.21403200799989],[20.31963912200007,-32.23144700599994],[20.325218036000138,-32.24037500899993],[20.38030099600013,-32.252581998999915],[20.413142998000012,-32.28971299699987],[20.420970003000036,-32.30119200699983],[20.422794997000096,-32.31741800299989],[20.440174998000032,-32.33388600599989],[20.483360004000076,-32.29812700399998],[20.525628998000116,-32.29385700699993],[20.598487999000156,-32.2956999999999],[20.599527,-32.349119],[20.605292003000045,-32.34879599599998],[20.677384083000106,-32.38637696899991],[20.677189590000125,-32.394373394999946],[20.760905004,-32.39951799499988],[20.772748,-32.40763800499985],[20.76623892000009,-32.42719097799994],[20.771159996000108,-32.449544996999975],[20.742013998000175,-32.502736988999914],[20.694141841000032,-32.52304800499991],[20.633843162000062,-32.528277989999935],[20.63308391700002,-32.5517830199999],[20.614688996000098,-32.59110995799989],[20.627954002000024,-32.60773799499992],[20.61513500400008,-32.628549],[20.611585003000073,-32.645111],[20.55606699500015,-32.64359800099993],[20.547586999000146,-32.65162499899992],[20.522081006000178,-32.65302300099995],[20.51056699700007,-32.647394],[20.498895003000143,-32.65076],[20.472036013000036,-32.68346799899996],[20.425910998000063,-32.67217899799988],[20.406912996000074,-32.69615200199996],[20.38276299800009,-32.676492992999954],[20.307497001,-32.68229100399998],[20.28983200400006,-32.716124998999874],[20.298950999000112,-32.76406000899988],[20.309196,-32.794971003999876],[20.299899996000022,-32.80495999899989],[20.34165000300004,-32.85780999599996],[20.357169993000014,-32.864079997999966],[20.363860001000035,-32.88594999399993],[20.36387999900012,-32.91081000399993],[20.38004999900005,-32.90185],[20.438599995,-32.940060003999974],[20.434680000000128,-32.97192000299998],[20.427819999000178,-32.97939999699997],[20.39496000300005,-32.993239993999964],[20.38375000300016,-33.03628],[20.334260002000065,-33.03579],[20.302549999000178,-33.067999992999944],[20.279050001000144,-33.06388999899997],[20.3184900010001,-33.1208899959999],[20.30644,-33.15933999899994],[20.25124999600007,-33.14990999699995],[20.202179999000123,-33.17010999799993],[20.146070001000112,-33.173494998999956],[20.120249001000104,-33.191586002999884],[20.086984003,-33.19327799599989],[20.013769998999976,-33.2387880039999],[19.997614999,-33.25906499799993],[19.98912000100006,-33.28722000699997],[19.972039997000138,-33.31677999099992],[19.955369998000094,-33.31769000199989],[19.934390002000043,-33.34799000399994],[19.908470001000126,-33.36269999599989],[19.829789997999967,-33.38098999799996],[19.819909998000185,-33.3769199969999],[19.754499999000075,-33.37264000199997],[19.668669999000144,-33.38186000099989],[19.580690002000097,-33.36452000399993],[19.567059999000037,-33.38200999799989],[19.549720002000186,-33.39526999599997],[19.537909998000032,-33.426440000999946],[19.52088000800012,-33.43743000099994],[19.477310003000184,-33.38962],[19.470119997000154,-33.387539991999915],[19.442605265000168,-33.36362227399991],[19.41451097700019,-33.37523945399994],[19.373118916000124,-33.35877387199997],[19.345688378000148,-33.35357431699998],[19.338725189000172,-33.35940369599996],[19.336183711000047,-33.355985228999884],[19.340398054000104,-33.35245486199989],[19.324716970999987,-33.34944856499993],[19.326206475000163,-33.31895137999993],[19.344854585000178,-33.31458056999992],[19.342413679000174,-33.31023744099991],[19.356237402999966,-33.30287104999991],[19.39578199700003,-33.31291199599997],[19.398106,-33.308214996999936],[19.401320999000063,-33.30914000199988],[19.429410002000054,-33.254420000999914],[19.4074199960001,-33.239440000999934],[19.37634999800008,-33.235519996999926],[19.37304000300003,-33.23833000199994],[19.360991,-33.21889800299988],[19.321883,-33.22466800099983],[19.315651002000152,-33.215678],[19.315525996000076,-33.19702299599987],[19.295172001000083,-33.2001],[19.297437004000187,-33.17731600299993],[19.293661004,-33.106187001999956],[19.275594002000105,-33.065573996999944],[19.20402999600003,-33.00833800099997],[19.18507600400011,-32.972563],[19.153710001000036,-32.98403999899995],[19.16553000300013,-33.03542001099987],[19.177360003000047,-33.06001000299989],[19.17299,-33.09192000199994],[19.14618,-33.10614000299995],[19.089559998000084,-33.114070003999984],[19.072419997000054,-33.1276599979999],[19.07402999400017,-33.131689998999946],[19.065740002999974,-33.14955999599994],[19.082360010000173,-33.16536],[19.079960003999986,-33.17961000299994],[19.05773000099998,-33.200140000999966],[19.075190001000124,-33.21311000299988],[19.077980001000014,-33.237120003999905],[19.063000002000024,-33.23129999899993],[19.06589,-33.266669996999894],[19.0576700040001,-33.26745000099987],[19.067797996000024,-33.29186499699989],[19.061720001000083,-33.29695000299989],[19.083950002999984,-33.3194700009999],[19.086350002000074,-33.43106999699995],[19.11132999600011,-33.50917000099997],[19.09952999899997,-33.52987],[19.107589999000027,-33.54418999799992],[19.104510003000087,-33.55859999699993],[19.10647000199998,-33.59008000099993],[19.10196,-33.60676000599989],[19.126820000000123,-33.63912000399995],[19.147490004000076,-33.65610000199996],[19.148750008000093,-33.702209997999944],[19.18398999800013,-33.71539000199988],[19.1881,-33.75386999899996],[19.214049006000153,-33.857067995999955],[19.243877001000158,-33.897460002999935],[19.26141299700015,-33.95625800099998],[19.252566994000176,-33.965365574999964],[19.273494621000054,-33.98499991399996],[19.277175528000043,-33.98234064899998],[19.288550954000186,-33.99291939699998],[19.28553434800017,-33.99676501399995],[19.292342357000052,-34.00726489199997],[19.288643291000085,-34.009445470999935],[19.289643622000142,-34.01754887199991],[19.297062414000095,-34.019693745999916],[19.289820666000082,-34.04433204399987],[19.294422998000186,-34.04510199899988],[19.290215998000065,-34.04456700399993],[19.28920008600005,-34.05108351899992],[19.28870542600015,-34.065976821999925],[19.293237589000057,-34.07287533699997],[19.287515565000035,-34.07870431399988],[19.265662671000086,-34.08261566899995],[19.263004322000086,-34.08839937299996],[19.288890995000145,-34.10529355699998],[19.2857477230001,-34.10664188999988],[19.29290265200018,-34.13431220399997],[19.282973998000045,-34.141215996999904],[19.251988996000136,-34.12397700299988],[19.235092,-34.12688099799993],[19.21657499900016,-34.117033999999876],[19.20006000100011,-34.13346299599988],[19.16136499900017,-34.15763600099996],[19.13577500300005,-34.141456001999984],[19.10061799900012,-34.12858899799994],[19.084974000999978,-34.117471],[19.068624001000046,-34.134562],[19.062095426000155,-34.13396855399998],[19.047001632000047,-34.15380155599996],[19.052255533,-34.15558880599997],[19.064607894,-34.17358154899989],[19.070858076000093,-34.17507988499989],[19.060530000000142,-34.17733],[19.03713871000008,-34.16509070799992],[19.022772526000153,-34.18642832799998],[19.009751398000105,-34.19193887999995],[19.00430382900015,-34.20500830199995],[19.00815123400008,-34.21541177499989],[18.99292744700017,-34.22348248399993],[18.99867937400012,-34.24063008299987],[18.98208164700003,-34.24850875099992],[18.974686003000045,-34.245781002999934],[18.963241133000054,-34.2498311089999],[18.947733600000106,-34.2454104009999],[18.945553463000124,-34.228060967999966],[18.956040000000144,-34.21054],[18.930709386,-34.20352786399991],[18.92024999800003,-34.21218999799987],[18.9139,-34.210869996999975],[18.908369998000126,-34.217040002999966],[18.899440010000035,-34.21686000299991],[18.900449996000077,-34.22747],[18.892930002000128,-34.234280001999934],[18.87534000100004,-34.22940000299991],[18.880229999000164,-34.24817999699991],[18.86768000000012,-34.25738],[18.865429999000014,-34.26411000099989],[18.85018,-34.27032999799985],[18.845815,-34.269590002999905],[18.85256000200019,-34.26361000299994],[18.85589000100009,-34.25280000299989],[18.85306,-34.23873999699998],[18.830259996000166,-34.217140000999905],[18.83374,-34.211699998999904],[18.818350010000074,-34.18999999599998],[18.830850002000147,-34.176159998999935],[18.85865999700013,-34.166030003999936],[18.85931999800016,-34.16544999699988],[18.85846000100014,-34.16512],[18.858039997,-34.16477999799997],[18.85783000300006,-34.16432000099991],[18.85787000300013,-34.162959997999906],[18.868020003000083,-34.15865],[18.85654000400018,-34.15200000099992],[18.858279994000043,-34.15227999799998],[18.859380003000012,-34.150140000999954],[18.85594,-34.14860999699994],[18.857199997000123,-34.15085999899992],[18.855570003000082,-34.15200000099992],[18.812950001000104,-34.10015000199991],[18.773449997,-34.08301999899993],[18.71418000100016,-34.07292999599997],[18.630790000000104,-34.07328999499998],[18.50307000300012,-34.09733999699995],[18.46909000100004,-34.10914001099991],[18.44753999599999,-34.13236000299992],[18.437720001000116,-34.13318999699993],[18.432109998000158,-34.14116999599992],[18.440010003000054,-34.14978000199994]]],[[[18.37161999099999,-33.79103000999993],[18.373129998000138,-33.79663999699994],[18.37724,-33.79601000699995],[18.37877000400016,-33.79745000299988],[18.37502000100011,-33.79650999699993],[18.37831999700012,-33.798480000999916],[18.375529997000058,-33.80172999799987],[18.38287999800002,-33.81243000199987],[18.380839998,-33.817629999999895],[18.370750004000058,-33.82018000299996],[18.360710000000154,-33.814399998999875],[18.356699995999975,-33.80176000099988],[18.362330004000057,-33.79033999899991],[18.37161999099999,-33.79103000999993]]],[[[19.49840506300012,-33.632720597999935],[19.488321919000043,-33.652455550999946],[19.454946314000097,-33.6392158029999],[19.462696304000076,-33.63282728699994],[19.487080768999988,-33.62439172699993],[19.49840506300012,-33.632720597999935]]]]},"properties":{"area_code_id":"021","area_codes":["021"],"area_code_label":"021","prefix_1":"2","ward_count":186}},{"type":"Feature","geometry":{"type":"MultiPolygon","coordinates":[[[[18.074680000000114,-33.41284],[18.083329998000124,-33.41861999699995],[18.089590004000115,-33.413540001999934],[18.098539996000056,-33.431499998999925],[18.08168,-33.432200000999956],[18.084799997000175,-33.42874000899991],[18.073839998999972,-33.41805000299996],[18.074680000000114,-33.41284]]],[[[18.156120000999977,-33.32055999599993],[18.127649997000162,-33.26914999799993],[18.084290001000056,-33.21588999699998],[18.006899997000062,-33.14908999299996],[17.99899999900009,-33.14921000299995],[17.99782001200009,-33.14577],[17.977220003000127,-33.14227999899998],[17.97067000200002,-33.13752000199992],[17.970429997000167,-33.13147999599994],[17.976510003000158,-33.12803000299988],[17.972769998000047,-33.11795999699996],[17.952129996999986,-33.106900001999975],[17.958279998000023,-33.10224000299996],[17.95787,-33.09596000099998],[17.966270004000137,-33.09950000199996],[17.97918000100009,-33.09130000199997],[17.979750002000117,-33.084019996999984],[17.973399989000086,-33.07586999599988],[17.97636999700012,-33.07218999699995],[17.97222000200003,-33.06774],[17.9951499980001,-33.07004000099988],[17.99515999600004,-33.07729000399996],[18.00466000100016,-33.0786700029999],[18.0016900010001,-33.08139999799994],[18.004530001000035,-33.08772000099998],[17.984819999000138,-33.08961000399995],[17.981960003000097,-33.09504999699993],[18.004740003,-33.09268000099996],[18.013440000000173,-33.09582000199998],[18.010089997000023,-33.100939997999944],[18.01347000200019,-33.121160003999876],[18.030689998000128,-33.12827999799987],[18.023320000000183,-33.141249992999974],[18.024960000000135,-33.14466999899997],[18.050030002000028,-33.15433999699985],[18.049379999000166,-33.1613899969999],[18.06471000000016,-33.17584000399984],[18.090390003000152,-33.19013999799995],[18.089740001000166,-33.19876000199997],[18.094799999000145,-33.20392999599983],[18.10787,-33.20212000299989],[18.122260002000132,-33.19332],[18.12391999800019,-33.18045001099995],[18.110250002000157,-33.17971000099993],[18.10675000200007,-33.182869998999934],[18.11004,-33.185349998999925],[18.102360002000125,-33.180940010999905],[18.105720004000148,-33.17903000399997],[18.102559998000174,-33.17688999799992],[18.083289997000122,-33.1720999989999],[18.081410001000165,-33.16717000099993],[18.084860002000084,-33.164809994999985],[18.088710003000017,-33.17002999699997],[18.089740001000166,-33.167120001999876],[18.096110003000035,-33.16846],[18.08956999900016,-33.16413999599996],[18.097829996000144,-33.15317000099992],[18.09329,-33.15135000099997],[18.0901,-33.142549997999936],[18.060540001,-33.1293700089999],[18.047990002000176,-33.11488999999989],[18.032220001000155,-33.105199996999886],[18.027909996000176,-33.08427999799994],[18.040389997999966,-33.06859999699992],[18.04282000000012,-33.050410000999875],[18.035959998000067,-33.04399999799995],[18.036970000000167,-33.03806998899995],[18.029809997000086,-33.0235299979999],[18.01047000000011,-33.00861000299983],[17.99744999100011,-33.00783],[17.98362,-33.03227000399994],[17.99603999700014,-32.99923999899994],[17.985870001000137,-32.995749996999905],[17.960549996999987,-32.99777999799994],[17.946139998000092,-33.006029996999985],[17.951099999000064,-33.0107599989999],[17.946809997,-33.01904],[17.959039997000104,-33.02694999599993],[17.9639,-33.02377000199988],[17.964879999000175,-33.02940000199993],[17.973489996000126,-33.03611999699996],[17.971669997000106,-33.04404999699989],[17.964340000000163,-33.04274000099997],[17.971489998000038,-33.03808000299995],[17.965800001000048,-33.03175000199997],[17.942869997000173,-33.025590001999944],[17.93368999800009,-33.031009998999934],[17.93863000200008,-33.03796999899998],[17.910429997000108,-33.05193999599993],[17.903370000000166,-33.046760003999964],[17.90155,-33.03996999799995],[17.893520002000116,-33.04112999599988],[17.897070001000145,-33.03594999499995],[17.88932000000011,-33.02688000099988],[17.896959997000124,-33.02914000099992],[17.901969997000037,-33.02475000099997],[17.900130001000036,-33.00898999899994],[17.886979999000175,-33.001210002999926],[17.879210002000093,-33.00632000099989],[17.872330004000162,-32.99977999699985],[17.87222,-32.990769999999884],[17.886300002000155,-32.978520003999904],[17.878699998000172,-32.97636000199998],[17.884400001000074,-32.97575],[17.887580003000096,-32.96502999899991],[17.881269998000164,-32.965069999999855],[17.884040002,-32.959790000999874],[17.878200000000163,-32.955519995999964],[17.885029999000153,-32.95158000299995],[17.886839992000034,-32.94217999599988],[17.878960007000103,-32.91920999899992],[17.86668,-32.91003999899988],[17.85875000699997,-32.91093999599991],[17.85669000300004,-32.905259997999906],[17.868390003,-32.89617999699993],[17.86318999800011,-32.89289999699997],[17.86414000999997,-32.88840000199997],[17.878730000000132,-32.88540999799994],[17.884660001999976,-32.870909998999934],[17.880419999000082,-32.86823000299995],[17.882949998000072,-32.86297000099995],[17.87922999800014,-32.850990003999925],[17.86629999600018,-32.84202999699994],[17.86007000100011,-32.84386000299992],[17.86173000499997,-32.83981999599996],[17.857050002000108,-32.840140002999874],[17.85547999800002,-32.83433001099996],[17.84940999800017,-32.83358000299995],[17.843919997000057,-32.824879997999915],[17.85115000400009,-32.82336999799992],[17.85409000100003,-32.81627],[17.85924999700012,-32.81937],[17.86773000200003,-32.812630000999945],[17.87118000300012,-32.81548999699987],[17.880779998000094,-32.81282999699994],[17.882700004000185,-32.802449998999975],[17.884909996999966,-32.807279998999945],[17.890020002000085,-32.80788000299992],[17.90315,-32.80012000399995],[17.907849999000177,-32.78641999699988],[17.906900001999986,-32.76789999699997],[17.90260000300009,-32.75590000299991],[17.894930004000116,-32.748820000999956],[17.895160002000125,-32.74225000299998],[17.90355999800005,-32.735669998999924],[17.912119996000058,-32.73496999799994],[17.92219000200015,-32.72556999899996],[17.92016000100017,-32.71427999699989],[17.93048000100015,-32.71981999699989],[17.93997999800007,-32.71528000099994],[17.940689997999982,-32.721070002999966],[17.948560001000033,-32.722330007999915],[17.961159998000085,-32.71478000299987],[17.96732999699998,-32.70044],[17.973250000000178,-32.70500000099997],[17.98171,-32.70401000299995],[17.977450001000136,-32.71041999799991],[17.97955999700008,-32.71514000199994],[17.974780004000138,-32.71842000199996],[17.978370003000066,-32.72521999799994],[18.014880004000133,-32.74006999699992],[18.010709997000163,-32.74275000099988],[18.01385999600012,-32.74971999899998],[18.041630006000105,-32.766439995999974],[18.05526000200001,-32.78417000299987],[18.078870003000134,-32.77659000399996],[18.091309997000053,-32.780760010999984],[18.095440004000068,-32.77773999599998],[18.099350002000108,-32.781],[18.111909997999987,-32.78042999099995],[18.138910004000024,-32.77325999699991],[18.16702000900017,-32.75423000099994],[18.19948000400018,-32.71438000299992],[18.243509999000025,-32.68155000199994],[18.284220002000154,-32.62547999699984],[18.309040001000028,-32.57681999799996],[18.324090003000038,-32.534840000999964],[18.332380003000083,-32.49335000399992],[18.33448999800015,-32.44294999899989],[18.39882999800011,-32.42551000299994],[18.458519998000043,-32.476430001999915],[18.492800001000035,-32.438339998999936],[18.500890004000155,-32.434020002999944],[18.51974999900017,-32.44954999899994],[18.54102999700018,-32.444080002999954],[18.558039998000083,-32.45242000099989],[18.571940001000087,-32.45411999799995],[18.57100000300011,-32.47691000399993],[18.575220001000048,-32.47995999699998],[18.59126999900019,-32.464839998999935],[18.642719998000075,-32.45601999899998],[18.657619996000108,-32.46127000299987],[18.67271,-32.46993],[18.66217999700018,-32.49094999699997],[18.685169999000095,-32.519129996999936],[18.70629000200006,-32.53670000099993],[18.70789000100001,-32.55759999599991],[18.72490000200014,-32.566489998999884],[18.768410002,-32.56527000299991],[18.80392999800017,-32.57202999899994],[18.79143998900014,-32.55944],[18.783139999000127,-32.52971999699997],[18.784739998000077,-32.52257],[18.827650003000144,-32.511329997999894],[18.84894,-32.52178999699993],[18.86732000100011,-32.53914999899996],[18.865479998000183,-32.54243000699989],[18.886179996000124,-32.55558999899995],[18.93096999800008,-32.6067900029999],[18.949889998,-32.59914],[18.961589998000136,-32.61520599799991],[18.94461500300008,-32.63055300199994],[18.94827600300016,-32.6442770029999],[18.955813002000184,-32.65249000099993],[18.954160003000084,-32.6709350029999],[18.914686,-32.723265],[18.906304,-32.715679],[18.86739663100002,-32.714748560999965],[18.860685003000185,-32.74832499899992],[18.864542002,-32.75422199699989],[18.8574069980001,-32.76782799899996],[18.852737999000055,-32.799647997999955],[18.853521002000093,-32.802769996999984],[18.874051997000038,-32.77609099599994],[18.92459999600004,-32.7894119959999],[18.92661300200018,-32.86785000799989],[18.9483080010001,-32.902655],[18.91584099900018,-32.90208799899989],[18.925056003000066,-32.92846000099996],[18.930599003,-32.93078699699993],[18.929734004000125,-32.939933002999965],[18.9435289970001,-32.937368005999815],[18.992716892000033,-32.96488189699994],[18.993486645000075,-32.9921548719999],[18.98741151100012,-32.99091142399993],[18.984794348000037,-33.01579223899989],[18.99339538100014,-33.01626237199997],[18.99332062400009,-33.02629041899996],[18.982722341000056,-33.06554403899992],[18.979241998000134,-33.136302000999876],[18.96863800200009,-33.1255709969999],[18.958626996000135,-33.12720000099995],[18.948937999,-33.152041001999976],[18.910120002000156,-33.16389999899991],[18.91816999700012,-33.17061001199983],[18.92268999700002,-33.18769999899996],[18.938710001,-33.19505],[18.932180003999974,-33.20289],[18.946839989000182,-33.20216000399995],[18.948229994000144,-33.20492000199994],[18.943450000999974,-33.20864000199998],[18.957010008999987,-33.22140000199988],[18.95644,-33.2336],[18.9474,-33.239529992999906],[18.950729999000146,-33.24747],[18.945739995999986,-33.25304000199998],[18.954729997000186,-33.25981000399986],[18.950859999000045,-33.26550999899996],[18.96459,-33.26793000199996],[18.96666000300013,-33.27458999899983],[18.975019997000118,-33.27808000099992],[18.973149999000157,-33.28857001099993],[18.98122999600014,-33.29241999699991],[18.97946000400009,-33.29683999899987],[18.98882000200001,-33.29895000199991],[18.98846000300017,-33.30532000299996],[18.99742000100008,-33.30770999599997],[18.99583,-33.31375000199995],[18.98449,-33.3129799969999],[18.97838999700008,-33.318450000999974],[18.98037,-33.32865],[18.98993000200005,-33.33160000299989],[18.97917,-33.34166000299996],[18.99293999400004,-33.35390000099994],[18.98573000000016,-33.36157999799997],[18.994029997000098,-33.36555000199991],[18.984679997000057,-33.37910000299996],[18.99313999800006,-33.38225000299991],[18.988730002000068,-33.38891],[18.992449995000072,-33.394390002999955],[18.978090003000148,-33.39957000399994],[18.982520003000047,-33.40667000199994],[18.97691,-33.40762999699996],[18.967309997000086,-33.42152999899997],[18.970009998000137,-33.42991999599997],[18.95555,-33.429909997999914],[18.959670001000177,-33.442420003999985],[18.948590001000184,-33.45576000299991],[18.954189989999975,-33.461949997999966],[18.94053999800019,-33.4658499979999],[18.93800999900003,-33.47007000399992],[18.933989997000083,-33.49171999899988],[18.939829999000153,-33.49938999799997],[18.93624999700006,-33.50666999599997],[18.939940003000174,-33.5214099989999],[18.931409999000152,-33.52514000499997],[18.938090001000035,-33.545999998999946],[18.899720000000116,-33.55106999599997],[18.892779997000105,-33.57152],[18.862300004000133,-33.5754100019999],[18.85588000299998,-33.56915000399994],[18.839310002000047,-33.57763000099993],[18.841869996000128,-33.58870000199988],[18.83830999899999,-33.58973],[18.83631,-33.60440999799988],[18.818249996000134,-33.595189998999956],[18.77814999600014,-33.649109999999894],[18.763220003000015,-33.6489200019999],[18.759799997000016,-33.66557499199996],[18.754150001000085,-33.664899996999964],[18.751999996999984,-33.67683000399995],[18.736730009999974,-33.687030001999915],[18.71187000200007,-33.67587000099991],[18.706900002999987,-33.68133999699995],[18.692669988999967,-33.68127000199996],[18.689739998000107,-33.6652300099999],[18.67085,-33.64742],[18.65537000000012,-33.63406],[18.64496000000014,-33.635739999999885],[18.627,-33.6245899999999],[18.62208,-33.614549999999895],[18.61799,-33.58436000099988],[18.610218348000103,-33.58511472499998],[18.673649001,-33.48520800399996],[18.671616997000115,-33.481991000999926],[18.683299003000172,-33.47882200299995],[18.690012,-33.4825],[18.697539,-33.47886300099992],[18.699904136000157,-33.47501891199994],[18.690637074000108,-33.46973768199996],[18.698124247000067,-33.46242625799994],[18.699063003000106,-33.45404300199988],[18.71970057800013,-33.44461447599997],[18.719704686000114,-33.42861717099987],[18.711502361000157,-33.41194678499983],[18.70466413600019,-33.363654041999894],[18.683623550000107,-33.29044328499998],[18.657061866000106,-33.290142285999934],[18.627842997000073,-33.27622900199998],[18.612564118000023,-33.281931689999965],[18.60447057800002,-33.27375453899998],[18.594671373999972,-33.27995847199992],[18.597876,-33.29105799899992],[18.543785000000128,-33.313406000999976],[18.542833001000133,-33.30628200099994],[18.55686100100013,-33.28420000799997],[18.54632900300004,-33.27514299599994],[18.490928997000083,-33.28459300199995],[18.510052999000038,-33.307947997999975],[18.509188996000034,-33.35201599899983],[18.52396999700011,-33.369026996999935],[18.539534999000125,-33.398492998999984],[18.481158003000075,-33.425922998999965],[18.439897997000173,-33.49790799899995],[18.426163,-33.51118299799998],[18.402459999000143,-33.51430499799994],[18.3888199970001,-33.50891],[18.383690003000027,-33.511669996999956],[18.369149995999976,-33.52529000199996],[18.359360004000166,-33.54227000099996],[18.360390002000145,-33.54888],[18.34131999700014,-33.55858999799989],[18.341929999000115,-33.57213000199994],[18.333190001000162,-33.56909999699997],[18.325950004,-33.57022000299992],[18.3245999990001,-33.57524999899994],[18.31968000000012,-33.574530000999914],[18.30761000299998,-33.565059997999924],[18.31217000400011,-33.56226],[18.308869998999967,-33.55468999899989],[18.311910002000047,-33.54091999699983],[18.318219999000178,-33.54014000099994],[18.31449000100008,-33.53221999899995],[18.325330004000023,-33.51667999699998],[18.312459999,-33.50683999699993],[18.316480001000116,-33.49729999999988],[18.310169989000087,-33.49633999699995],[18.307260002000078,-33.48129000199992],[18.265730004000034,-33.436649996999904],[18.229140002,-33.40580999699995],[18.162800003000086,-33.36873000399993],[18.15352999600003,-33.356169998999974],[18.147189997000055,-33.355080003999944],[18.14757,-33.34623999999985],[18.160160007000115,-33.34300000099989],[18.156120000999977,-33.32055999599993]]],[[[17.98601,-33.151050006999924],[17.984629993,-33.1545],[17.97908000299998,-33.152050002999886],[17.980399997000177,-33.15073000099994],[17.98601,-33.151050006999924]]],[[[17.99084,-33.14652999899988],[17.993530002,-33.14713000299997],[17.99131000300008,-33.14804999699987],[17.99084,-33.14652999899988]]],[[[18.021760002000065,-33.087760001999925],[18.026299998000184,-33.09176999799996],[18.019249999000124,-33.09455],[18.018080002000033,-33.08999999699989],[18.021760002000065,-33.087760001999925]]],[[[18.00645999600016,-33.08630999899992],[18.010659998,-33.08487000299988],[18.011049999000022,-33.08653999799998],[18.00645999600016,-33.08630999899992]]],[[[17.953820004000136,-33.08001000099995],[17.959619997000118,-33.08307999799996],[17.958769998000093,-33.08634000199993],[17.954800003000116,-33.08757000399993],[17.950590003000116,-33.08271000099995],[17.953820004000136,-33.08001000099995]]],[[[17.92376999700008,-33.05453000099982],[17.92836000000017,-33.05121],[17.92951000800008,-33.05306999999988],[17.92376999700008,-33.05453000099982]]],[[[19.059865539000157,-32.5272825429999],[19.063521798000068,-32.55636410699998],[19.0497692940001,-32.56720671399995],[19.007103171000153,-32.5663355989999],[19.006703472000027,-32.57019965599994],[19.01745499599997,-32.579802995999955],[19.014588877999984,-32.58046618299994],[19.021012433000067,-32.59933925899992],[19.01283322200004,-32.59933925899992],[19.00106900100019,-32.58085200099998],[18.98912400100005,-32.571295],[18.987844000999985,-32.551088],[18.98309999500009,-32.539871001999984],[18.98421033400018,-32.53626918699996],[18.987425304999988,-32.537619846999974],[18.987697659000162,-32.519055310999875],[18.993745218000072,-32.518031583999914],[18.996143691000157,-32.52154984499998],[19.036432547000175,-32.51730589899989],[19.038375369000164,-32.52104514599995],[19.059865539000157,-32.5272825429999]]]]},"properties":{"area_code_id":"022","area_codes":["022"],"area_code_label":"022","prefix_1":"2","ward_count":32}},{"type":"Feature","geometry":{"type":"Polygon","coordinates":[[[19.506300001,-33.97201999799995],[19.455799998000032,-33.99988],[19.426739996000094,-33.993179993999945],[19.361779996,-33.97154000499995],[19.348559999000145,-33.95520000299996],[19.335870002000092,-33.958239997999954],[19.325050003000058,-33.95207999799993],[19.312799002000077,-33.93497800299991],[19.310549997000066,-33.91373000199991],[19.297400003,-33.889679999999885],[19.278189999000062,-33.87945500199993],[19.25838999800004,-33.88311000199985],[19.26525,-33.900290003999885],[19.2438,-33.89744999699991],[19.214049006000153,-33.857067995999955],[19.1881,-33.75386999899996],[19.18398999800013,-33.71539000199988],[19.148750008000093,-33.702209997999944],[19.147490004000076,-33.65610000199996],[19.126820000000123,-33.63912000399995],[19.10196,-33.60676000599989],[19.10647000199998,-33.59008000099993],[19.104510003000087,-33.55859999699993],[19.107589999000027,-33.54418999799992],[19.09952999899997,-33.52987],[19.11132999600011,-33.50917000099997],[19.086350002000074,-33.43106999699995],[19.083950002999984,-33.3194700009999],[19.061720001000083,-33.29695000299989],[19.067797996000024,-33.29186499699989],[19.0576700040001,-33.26745000099987],[19.06589,-33.266669996999894],[19.063000002000024,-33.23129999899993],[19.077980001000014,-33.237120003999905],[19.078680003000045,-33.229150002999916],[19.075190001000124,-33.21311000299988],[19.05773000099998,-33.200140000999966],[19.079960003999986,-33.17961000299994],[19.082360010000173,-33.16536],[19.065740002999974,-33.14955999599994],[19.07402999400017,-33.131689998999946],[19.072419997000054,-33.1276599979999],[19.089559998000084,-33.114070003999984],[19.14618,-33.10614000299995],[19.17299,-33.09192000199994],[19.177360003000047,-33.06001000299989],[19.16553000300013,-33.03542001099987],[19.153710001000036,-32.98403999899995],[19.18507600400011,-32.972563],[19.20402999600003,-33.00833800099997],[19.275594002000105,-33.065573996999944],[19.293661004,-33.106187001999956],[19.297437004000187,-33.17731600299993],[19.295172001000083,-33.2001],[19.315525996000076,-33.19702299599987],[19.315651002000152,-33.215678],[19.321883,-33.22466800099983],[19.360991,-33.21889800299988],[19.37304000300003,-33.23833000199994],[19.37634999800008,-33.235519996999926],[19.4074199960001,-33.239440000999934],[19.429410002000054,-33.254420000999914],[19.401320999000063,-33.30914000199988],[19.398106,-33.308214996999936],[19.39578199700003,-33.31291199599997],[19.356237402999966,-33.30287104999991],[19.342413679000174,-33.31023744099991],[19.344854585000178,-33.31458056999992],[19.326206475000163,-33.31895137999993],[19.324716970999987,-33.34944856499993],[19.340398054000104,-33.35245486199989],[19.336183711000047,-33.355985228999884],[19.338725189000172,-33.35940369599996],[19.345688378000148,-33.35357431699998],[19.373118916000124,-33.35877387199997],[19.41451097700019,-33.37523945399994],[19.442605265000168,-33.36362227399991],[19.470119997000154,-33.387539991999915],[19.477310003000184,-33.38962],[19.52088000800012,-33.43743000099994],[19.537909998000032,-33.426440000999946],[19.549720002000186,-33.39526999599997],[19.567059999000037,-33.38200999799989],[19.580690002000097,-33.36452000399993],[19.668669999000144,-33.38186000099989],[19.754499999000075,-33.37264000199997],[19.819909998000185,-33.3769199969999],[19.829789997999967,-33.38098999799996],[19.908470001000126,-33.36269999599989],[19.934390002000043,-33.34799000399994],[19.955369998000094,-33.31769000199989],[19.972039997000138,-33.31677999099992],[19.98912000100006,-33.28722000699997],[19.997614999,-33.25906499799993],[20.013769998999976,-33.2387880039999],[20.086984003,-33.19327799599989],[20.120249001000104,-33.191586002999884],[20.146070001000112,-33.173494998999956],[20.202179999000123,-33.17010999799993],[20.25796999900018,-33.18844999099991],[20.24397999700011,-33.23648],[20.24711999800013,-33.24578999899995],[20.23562000200002,-33.26241999699988],[20.25118000100008,-33.29151000099995],[20.20350999900006,-33.30273999699989],[20.23945999700004,-33.30991998899998],[20.209170001000132,-33.37979999699991],[20.36803999900002,-33.36626999999987],[20.366290003000188,-33.38164000099994],[20.353740005000077,-33.39405999899992],[20.345600002000083,-33.39432],[20.348859997999966,-33.40486999899997],[20.335609990000023,-33.42564000099992],[20.38979000000012,-33.42405],[20.41669,-33.43552000099993],[20.427549999000064,-33.44891999799995],[20.38607999800007,-33.45917000399993],[20.33622,-33.48781999099998],[20.49801999700003,-33.463870002999954],[20.50166000400003,-33.49845999799993],[20.475629999000034,-33.51343999799997],[20.478199999000083,-33.52778000099994],[20.547599998000067,-33.51951999599993],[20.549369998000145,-33.528700002999926],[20.577130002000047,-33.52809999899995],[20.57435,-33.53876000299988],[20.50314999900013,-33.63701999899996],[20.53517199700019,-33.66071300199991],[20.503943000000106,-33.682042001999946],[20.46915200400008,-33.68195200199989],[20.472821,-33.72916899699982],[20.44788999900004,-33.77397000199994],[20.5144700030001,-33.8026199979999],[20.4805,-33.82276000199988],[20.468430003000094,-33.81828000199994],[20.46819999600018,-33.81342999799995],[20.45018000200008,-33.80681999899997],[20.426629997000134,-33.8109499979999],[20.44146000000012,-33.81976999699992],[20.43534999900004,-33.8264],[20.44175000399997,-33.837129998999956],[20.44248000000016,-33.857869998999945],[20.46825000300015,-33.880289998999956],[20.46991,-33.88969999599993],[20.43604000300013,-33.95774000799997],[20.32443000000012,-33.94957000299996],[20.234370004000027,-33.89786000299989],[20.222460002000105,-33.91281999799992],[20.283210002000033,-33.95739999799997],[20.280349999000066,-33.953750000999946],[20.296860002000187,-33.96398000199997],[20.32802,-33.9730500039999],[20.31780999600005,-33.99364999699998],[20.32415000300017,-34.00179999799997],[20.307109999000147,-34.005630001999975],[20.304050008,-34.014050001999976],[20.30714000200004,-34.02936999599996],[20.290759999000045,-34.04193999899991],[20.2834,-34.04019000299991],[20.27919,-34.03958000099988],[20.284010002000116,-34.04140999899994],[20.286469998000086,-34.051069998999935],[20.294539997000186,-34.0504],[20.298879997000085,-34.060329998999975],[20.285780002000024,-34.06502999799994],[20.28615,-34.07889999799994],[20.305659997000078,-34.077280002999885],[20.29133999900006,-34.091299999999876],[20.270130004000123,-34.090159996999944],[20.272660003000112,-34.10615999699996],[20.249670002000073,-34.10611999599996],[20.24675999900012,-34.11726000099992],[20.221800001000076,-34.11110000899998],[20.229969998000115,-34.0952],[20.20314000200011,-34.08842999799998],[20.197402001000057,-34.10047500299987],[20.18728000100009,-34.10200000399993],[20.1877799990001,-34.097400001999915],[20.137610000999985,-34.08235999799996],[20.149259994000147,-34.07664999699983],[20.202170001000013,-34.07856000399994],[20.20489999600005,-34.0654699989999],[20.200289997000084,-34.05295000299998],[20.19254298800007,-34.0462099959999],[20.19609000300005,-34.03999999699988],[20.17780999900009,-34.02983000099988],[20.1724,-34.03976999899987],[20.151679997000087,-34.04464],[20.141690000000153,-34.05921000099994],[20.080809999000053,-34.06458999799992],[20.032829998000068,-34.059650001999955],[20.008499998000104,-34.06390000999994],[20.010809997000024,-34.09155000199996],[20.007460002000073,-34.09391999899992],[19.98926999800011,-34.08549999899998],[19.986540003000073,-34.07817000199992],[19.90622000000019,-34.07615999699988],[19.885499996000192,-34.06616000199989],[19.810320001000093,-34.0554300039999],[19.755219997000154,-34.054410003999976],[19.734980003000032,-34.04116000399995],[19.71478000200017,-34.04898],[19.700139997,-34.046400001999984],[19.680660002000025,-34.009140000999935],[19.640619396000147,-34.00278517499987],[19.58983000000012,-34.01236000299991],[19.566240003000075,-34.00197999699998],[19.533299998000132,-33.96953],[19.506300001,-33.97201999799995]],[[19.48613799800006,-33.624724998999966],[19.462696304000076,-33.63282728699994],[19.454946314000097,-33.6392158029999],[19.488444903000072,-33.65247496999996],[19.49712498399998,-33.64210175799997],[19.494589407999968,-33.63799374599995],[19.49840506300012,-33.632720597999935],[19.48613799800006,-33.624724998999966]]]},"properties":{"area_code_id":"023","area_codes":["023"],"area_code_label":"023","prefix_1":"2","ward_count":40}},{"type":"Feature","geometry":{"type":"Polygon","coordinates":[[[18.67271,-32.46993],[18.642719998000075,-32.45601999899998],[18.59126999900019,-32.464839998999935],[18.575220001000048,-32.47995999699998],[18.57100000300011,-32.47691000399993],[18.571940001000087,-32.45411999799995],[18.558039998000083,-32.45242000099989],[18.54102999700018,-32.444080002999954],[18.51974999900017,-32.44954999899994],[18.500890004000155,-32.434020002999944],[18.492800001000035,-32.438339998999936],[18.458519998000043,-32.476430001999915],[18.39882999800011,-32.42551000299994],[18.33448999800015,-32.44294999899989],[18.32921999700011,-32.39011000199997],[18.315389998000057,-32.337219998999956],[18.313910001000067,-32.316979996999976],[18.33749,-32.313999998999975],[18.344660002000182,-32.28102999999987],[18.33637000200008,-32.24304000199993],[18.32401000200008,-32.20991],[18.325330004000023,-32.203219998999884],[18.31099999899999,-32.17626000299998],[18.31125000200018,-32.15986000299989],[18.300120003000018,-32.11362999799991],[18.30390000100016,-32.10531000399993],[18.299500003000105,-32.094009995999954],[18.31121999900006,-32.08783999799988],[18.3147400040001,-32.07400999899994],[18.293369998000117,-32.022510000999944],[18.292950001000122,-32.01195000299998],[18.282050001000073,-31.99495],[18.285749997000153,-31.983320003999893],[18.26542000400019,-31.939579996999953],[18.26535999900011,-31.93410000199998],[18.27491000200007,-31.929789995999954],[18.27262999800007,-31.912870002999966],[18.280029998000032,-31.908379996999884],[18.279130001000055,-31.894369998999935],[18.262789999000063,-31.85993999899995],[18.230150003,-31.81699000099991],[18.235390001000155,-31.81274],[18.228889999000046,-31.799909996999872],[18.232759996000084,-31.79506],[18.22104,-31.76054999899992],[18.225309997000124,-31.753959995999935],[18.222789996000074,-31.74432000099995],[18.151749998000184,-31.65542000299996],[18.146680001000163,-31.63881000899994],[18.133620007000104,-31.62500999699995],[18.12948000200015,-31.61068999799994],[18.114360004000048,-31.59840000099996],[18.11753999800004,-31.585109999999872],[18.105359997000107,-31.56766999699994],[18.066200003000063,-31.52740000299997],[18.042450002000066,-31.509760003999872],[18.032949998000106,-31.49313999599991],[18.008920000000103,-31.47338000399992],[17.98233999900009,-31.437119997999844],[17.948590004000096,-31.40610999699993],[17.927510002000133,-31.37450999799995],[17.900440001000106,-31.352060002999963],[17.899649999000076,-31.34379],[17.878450003000182,-31.319389988999887],[17.880209997000122,-31.3106199959999],[17.877109997000105,-31.30742999599994],[17.883219998000015,-31.301839996999888],[17.881240003000073,-31.28481000799991],[17.86318000000017,-31.257360003999963],[17.838790003000156,-31.234540003999825],[17.817520003000084,-31.22251999799994],[17.817080002000182,-31.21775000299988],[17.797310004000053,-31.20216000199997],[17.792819998000027,-31.191570000999945],[17.749649995000084,-31.14446000099997],[17.747400001000074,-31.136339998999972],[17.743289998000137,-31.135849993999898],[17.74619,-31.128480002999936],[17.73577999700018,-31.12274999799996],[17.736629997000023,-31.109640002999924],[17.723019997000108,-31.094800001999886],[17.72209000800018,-31.08543000799989],[17.71043999699998,-31.069739998999978],[17.703390010000135,-31.065299999999866],[17.706260005,-31.0569599989999],[17.693540003000066,-31.037119996999877],[17.69249999400006,-31.02932998999995],[17.68731,-31.026039995999895],[17.68924000700008,-31.01877000199994],[17.681999995000183,-31.002729997999893],[17.66179999900004,-30.98256],[17.655660001000058,-30.96567999699994],[17.63222000000013,-30.944140003999905],[17.62950000000012,-30.93634999699998],[17.610590003000027,-30.918160003999958],[17.60367000300016,-30.916210006999904],[17.60291,-30.907130000999928],[17.595140001000118,-30.89963999899993],[17.59579,-30.891079997999952],[17.591370001000143,-30.889169998999932],[17.574709997000127,-30.857509999999877],[17.576339999000027,-30.846120002999896],[17.55418999700015,-30.81662000199998],[17.55303000100008,-30.80695000299994],[17.53406000500007,-30.776969995999877],[17.53367999599999,-30.763420001999975],[17.52358999700016,-30.73555000199991],[17.495040000000188,-30.703399997999895],[17.483420004000095,-30.696299996999983],[17.47710999600008,-30.685480002999896],[17.470229995000068,-30.68283],[17.470799997000142,-30.671979997999983],[17.463889997000024,-30.664639998999917],[17.461799997000128,-30.650629997999886],[17.44927999500004,-30.64073],[17.445069996000143,-30.628179998999883],[17.431859997,-30.620419998999978],[17.443549998000094,-30.600999996999974],[17.442349996000132,-30.596300000999918],[17.410839999000075,-30.562020005999898],[17.413429997000094,-30.554940003999945],[17.405499995000184,-30.546109997999963],[17.405810000000145,-30.536900004999893],[17.36999,-30.498199994999823],[17.364080001,-30.48907],[17.366479998000102,-30.48612999999989],[17.355779998000116,-30.475860000999944],[17.359270009000113,-30.47337],[17.35700000000014,-30.467189995999888],[17.348719996,-30.45955],[17.353530004000106,-30.45431],[17.34402000000017,-30.45053],[17.342360007000025,-30.437740000999895],[17.33076000200009,-30.42572000399997],[17.322549994999974,-30.405229993999967],[17.30799000000013,-30.39118000299993],[17.307730002000085,-30.37758999399989],[17.28594000200019,-30.35878],[17.286720004000074,-30.35312],[17.27211999400015,-30.334499998999945],[17.27480000300011,-30.326179996999883],[17.270429994000096,-30.323180007999895],[17.27098000500007,-30.318040003999954],[17.275060001000156,-30.315300004999926],[17.268110003000118,-30.308349997999983],[17.27238999900004,-30.30462000499989],[17.271159998000144,-30.297530003999896],[17.267950000999974,-30.2974],[17.269130004000033,-30.287530000999936],[17.263850014000127,-30.27512000299987],[17.258790007000073,-30.272220001999983],[17.258230003999984,-30.256309993999878],[17.235109999000088,-30.224959998999964],[17.237109995000026,-30.21849999799997],[17.231080001000066,-30.212199997999903],[17.233349994000037,-30.201720006999892],[17.223169999,-30.18779999399993],[17.223419998000168,-30.165089997999928],[17.206209999000066,-30.14949000199988],[17.19907,-30.134380002999876],[17.19404,-30.135830002999967],[17.196090001000073,-30.125680006999914],[17.19234000100016,-30.124069995999946],[17.189310004,-30.11175000299994],[17.193040006000047,-30.10841000199997],[17.18852000200019,-30.10354999599997],[17.190650001000108,-30.10158999899994],[17.184859998000036,-30.10200999899996],[17.18231999900013,-30.09236000699991],[17.18584000100003,-30.086809994999896],[17.180900006000115,-30.0774400009999],[17.17820000500012,-30.047470001999955],[17.165720001000125,-30.033010001999912],[17.16662999000016,-30.02323],[17.158960003000175,-30.01107999999988],[17.162380001000145,-30.005080004999854],[17.157230006000077,-29.994230002999984],[17.158719997,-29.98258],[17.134690002000127,-29.94619999799994],[17.117930002000037,-29.932129998999983],[17.1195999950001,-29.927240001999962],[17.11728999500008,-29.915720009999973],[17.11255,-29.91451],[17.11183000300008,-29.89819999899987],[17.10690000000011,-29.88769],[17.10133999600015,-29.884920001999944],[17.105509997000127,-29.86847999799994],[17.090429997000115,-29.852430002999938],[17.088840001000165,-29.839880001999916],[17.074759987000107,-29.814440005999984],[17.081140000000175,-29.81124999999986],[17.080610004000164,-29.804880002999937],[17.074529996000024,-29.79893999799998],[17.076900002000173,-29.790490000999966],[17.05939000600017,-29.75526999399989],[17.059399998000117,-29.71329999699998],[17.05321000200007,-29.708849998999938],[17.057180003000042,-29.697820003999823],[17.05571000300006,-29.689390005999883],[17.0365,-29.64996],[17.034040006000055,-29.61652999699993],[16.998449998000183,-29.5712],[17.00690999500017,-29.56361000199996],[17.0062899940001,-29.55415000299996],[16.99798,-29.53986999599988],[16.999370002999967,-29.52376000399994],[16.992660003000083,-29.517839997999943],[16.99391000300011,-29.51042000099983],[16.984300002,-29.503190004999965],[16.9857299950001,-29.48965000199985],[16.977900007000073,-29.476470001999928],[16.979310001000044,-29.464730001999953],[16.974920000000168,-29.463290000999905],[16.96975000600014,-29.449810003999858],[16.97143000600005,-29.437800006999908],[16.95145000100007,-29.41027000199989],[16.946370003000027,-29.408529996999903],[16.940770001000146,-29.384459995999975],[16.941879998000047,-29.371889995999936],[16.935300002000076,-29.35982000099989],[16.911670000000186,-29.338420001999964],[16.909140001000026,-29.328140002999874],[16.87980000100015,-29.29692000299991],[16.877300001000037,-29.29184999699993],[16.88038000299997,-29.27904999799989],[16.872170005000157,-29.26648000599988],[16.86785000200001,-29.26614000299992],[16.867460000999984,-29.24705999599996],[16.853929996999966,-29.241060000999937],[16.854260001000114,-29.234710002999975],[16.84685999500016,-29.22732999699997],[16.84821,-29.221970001999978],[16.838270003000105,-29.211630004999904],[16.84463000000011,-29.20063000099998],[16.84318999900006,-29.185729993999928],[16.832730007000066,-29.169289997999954],[16.832019994000177,-29.16338999899989],[16.836799987000177,-29.161359996999977],[16.823410003,-29.134149995999962],[16.823529998000083,-29.124950002999924],[16.813610009000058,-29.110330001999955],[16.819240002000072,-29.098289996999938],[16.817439999000044,-29.093360001999883],[16.77958999600014,-29.058229998999877],[16.747930006,-29.042539998999928],[16.724930004000157,-29.006820002999973],[16.718190014000072,-29.002849993999916],[16.721170012000073,-28.978370000999917],[16.713310008000064,-28.976379996999924],[16.709159998000075,-28.966020000999947],[16.702709997000113,-28.96539000899986],[16.689,-28.925689996999893],[16.65823999899999,-28.901270001999876],[16.630309994000015,-28.889650013999983],[16.61660999700007,-28.877830000999893],[16.602569997000103,-28.87493],[16.604469997000137,-28.86778000099997],[16.600120003000086,-28.862770000999944],[16.597539997000126,-28.838759997999944],[16.584739998000032,-28.829989995999938],[16.58124999600011,-28.815089997999962],[16.58466000100009,-28.81122000099998],[16.58309000500003,-28.800199997999982],[16.578269997,-28.793959996999888],[16.573980001000166,-28.794359996999958],[16.57303000600018,-28.77163000099995],[16.561610002000123,-28.762000000999876],[16.571969998000043,-28.7453199979999],[16.57044,-28.7277099989999],[16.558989990000043,-28.716270003999966],[16.55394999800012,-28.71615],[16.551370001000066,-28.70989999899996],[16.535150004000172,-28.70609000099995],[16.53143001,-28.69583],[16.510300001000076,-28.676279994999902],[16.51243,-28.669400001999975],[16.506120001000113,-28.67131999199995],[16.50414999600008,-28.66535999599995],[16.451890000000105,-28.63209999399993],[16.455780004000076,-28.59211000199997],[16.465390005000188,-28.58298999799996],[16.46790999600006,-28.573220002999903],[16.48051000300012,-28.5653000019999],[16.53020000100014,-28.554459999999892],[16.595829999000046,-28.533880001999933],[16.612659996,-28.520310007999967],[16.62113,-28.500130002999924],[16.672430001000123,-28.47235],[16.68993999600019,-28.471109998999907],[16.696720002000177,-28.477310001999967],[16.700920001000156,-28.49684],[16.72477000200007,-28.49945000499997],[16.734100006,-28.494149998999944],[16.75021999800009,-28.463789998999914],[16.768930004000083,-28.453020001999903],[16.77682999800004,-28.440060000999893],[16.767120000999967,-28.40909999899992],[16.768959994000113,-28.396839995999926],[16.80843999900003,-28.36195],[16.788799997000012,-28.346069990999922],[16.77979000500011,-28.321639995999874],[16.76608,-28.31407999599992],[16.755019999000183,-28.302000001999886],[16.751919997000186,-28.290729999999883],[16.754490003,-28.272790004999933],[16.7602000010001,-28.26264000099991],[16.77639999800016,-28.25911],[16.802369998000074,-28.27542000099993],[16.815310000000125,-28.276099998999882],[16.82474000000019,-28.26902000499996],[16.825979993000033,-28.245099998999933],[16.806680002000178,-28.233469994999894],[16.803059996000172,-28.22202],[16.810779997000054,-28.21376000399988],[16.832900000000166,-28.21760000099988],[16.856060004000085,-28.211690002999944],[16.856850006000116,-28.20625000299998],[16.850949998999965,-28.19800999699993],[16.83022999800005,-28.1834600009999],[16.82677999400005,-28.17456000499982],[16.83127999800007,-28.166680001999907],[16.845430002000057,-28.165170003999947],[16.86364000200001,-28.173329995999893],[16.870729996000136,-28.182000000999892],[16.887929995000093,-28.17287999699988],[16.884119996000095,-28.150509994999936],[16.88950000699998,-28.13866],[16.889630002,-28.119310002999953],[16.881440003000137,-28.09767000599993],[16.88778,-28.085810002999892],[16.904579991,-28.07096000199988],[16.928720005,-28.069660002999967],[16.954500004000124,-28.075960002999977],[16.973809995000067,-28.058730004999973],[16.984550001000173,-28.06208000499987],[16.99100999400008,-28.070669996999982],[17.002029996999966,-28.075479996999945],[17.012200001000167,-28.067659999999876],[17.021520005000013,-28.052099993999946],[17.050970000000177,-28.04915000299991],[17.06689,-28.042569997999976],[17.072900002000154,-28.03452000099992],[17.08249999600008,-28.033070000999942],[17.125659995000035,-28.06743999199989],[17.13136000200012,-28.085530004999896],[17.138230003000047,-28.093060005999973],[17.166349992999983,-28.100300000999937],[17.17922999700005,-28.098820001999968],[17.19193,-28.10823000199997],[17.196389998000143,-28.12970000599995],[17.183200006,-28.18285],[17.18245000200011,-28.203429997999933],[17.195309999000017,-28.227660000999947],[17.21456,-28.247789983999894],[17.230869993000113,-28.250760006999883],[17.255390001000137,-28.237839995999877],[17.278059999,-28.245379995999883],[17.307630005000078,-28.224189996999883],[17.333269994000148,-28.22579],[17.35534999900011,-28.25159999899995],[17.36222,-28.2744],[17.370839999000168,-28.278460004999943],[17.382140000000106,-28.295599997999943],[17.37582000100008,-28.321440002999964],[17.404630005000115,-28.355059998999934],[17.414170000000126,-28.376319994999847],[17.41,-28.399580002999983],[17.39614000100005,-28.42795999899988],[17.384799994000105,-28.436959998999896],[17.34866999800016,-28.43903],[17.33897000000013,-28.452750003999938],[17.33312000000012,-28.47568],[17.340660000000128,-28.49601],[17.366449999000167,-28.510059998999907],[17.37733999900007,-28.536630000999878],[17.376260000000173,-28.56200999899994],[17.38022000100017,-28.568939998999895],[17.389129997,-28.57118000099996],[17.412809996000078,-28.56257999299993],[17.42966000100006,-28.56987000299995],[17.43262,-28.581139996999923],[17.424630001000082,-28.600100000999873],[17.431260004000023,-28.618499993999876],[17.425680001000103,-28.633160001999954],[17.426949992000118,-28.655139993999967],[17.41397000000012,-28.671169997999982],[17.417270002000123,-28.69607999899995],[17.41048999700007,-28.714499998999884],[17.418708995000088,-28.721981001999893],[17.349009001000013,-28.794456993999972],[17.46220699800017,-28.85452700299993],[17.457299993000106,-28.929079995999928],[17.46046,-29.027680005999912],[17.540589996000108,-29.33763],[17.565340003000074,-29.397860003999938],[17.581811990000062,-29.45475799899998],[17.593869993000055,-29.51972899799989],[17.747136995000176,-29.508430004999923],[17.742852999000092,-29.51885999899997],[17.817475989000172,-29.500217998999915],[17.845906999000135,-29.56333199599993],[17.866736664000086,-29.565764817999877],[17.85097114500013,-29.586258355999917],[17.854076776000113,-29.593517299999917],[17.8613731370001,-29.59654809699998],[17.861635058000047,-29.60593982299997],[17.856290911000087,-29.61088065699994],[17.86397900500009,-29.63482000199997],[17.881914000000165,-29.611096003999933],[17.892516995,-29.618947999999875],[17.894562005000125,-29.603963995999948],[17.935574998999982,-29.60161000599993],[17.92778060900008,-29.571392757999945],[17.990346003000127,-29.569279000999984],[17.990346003000127,-29.586495180999975],[18.023996803000102,-29.575961290999942],[18.056100003000154,-29.52619000699991],[18.159189994000087,-29.55788000499996],[18.173189994999973,-29.537430001999894],[18.163529995999966,-29.520790004999867],[18.166880004000063,-29.49993000199987],[18.12935000600004,-29.45689000599998],[18.119569995000063,-29.41112000199996],[18.238509997,-29.377970003999906],[18.282130003000134,-29.401280001999908],[18.287079997999967,-29.395099997999978],[18.330009998000037,-29.426630000999978],[18.38764000500015,-29.43234999899994],[18.43612000200011,-29.506030000999942],[18.459300004000113,-29.528150003999883],[18.520979992000093,-29.570029995999903],[18.548040007,-29.525999997999975],[18.594260002000055,-29.550580002999936],[18.62671000200004,-29.525870002999966],[18.630009996000013,-29.49433],[18.673200002999977,-29.50144],[18.776649517000067,-29.48357621799994],[18.78237915000011,-29.537809371999913],[18.770210266000106,-29.59387969999989],[18.72727012600012,-29.673349379999877],[18.761089325000114,-29.67564010599989],[18.799179077000076,-29.76052093499993],[18.808450699,-29.831670760999884],[18.86706924400005,-29.845760344999917],[18.8603992460001,-29.930709838999917],[18.863449097000114,-29.92856979399994],[18.863910675000113,-29.94523048399992],[18.85915947000018,-29.946609496999884],[18.908290863000047,-30.063850402999947],[19.011909485000103,-30.074069976999965],[19.010570526000038,-30.164569854999968],[19.091310501000066,-30.309659957999827],[19.083110653000176,-30.342430426999897],[19.13578,-30.37691999499998],[19.161179998000023,-30.320599993999963],[19.187160005000123,-30.298500005999983],[19.29813999900017,-30.25407999899994],[19.368379996000044,-30.29636],[19.46482000900005,-30.31793],[19.533789999000078,-30.316980004999948],[19.649410007000142,-30.37885999299982],[19.713130005000153,-30.384380006999947],[19.75471600100019,-30.393759],[19.806483000000128,-30.433481994999966],[19.855387996000047,-30.528278998999895],[19.887170998000045,-30.545705996999914],[19.879369992000136,-30.617585003999977],[19.92329700300013,-30.632602997999925],[19.99638600300011,-30.625687997999933],[20.00775500100002,-30.661606002999974],[20.05010500700007,-30.68845000099998],[20.06477699100003,-30.69334499799993],[20.044157003000123,-30.791414004999865],[20.02610899600012,-30.832178],[19.94251299700005,-30.76003699499995],[19.93269899500001,-30.84567799599995],[19.938178002000143,-30.91947100199991],[19.840198000000157,-30.925067995999825],[19.808010590000094,-30.935269875999893],[19.793478993000065,-30.95143499699998],[19.78535199900017,-31.007733998999868],[19.777471995999974,-30.99182899799996],[19.708124005000172,-31.023868006999976],[19.73064200900012,-31.04863299699997],[19.731617995000022,-31.059214000999816],[19.729078004000087,-31.097393998999962],[19.719200997000087,-31.12068299699996],[19.716721004000135,-31.149402003999967],[19.723398997000174,-31.177690003999828],[19.730430001000173,-31.179923998999925],[19.745691002000115,-31.23940100699997],[19.757481006999967,-31.260701001999905],[19.750815998000178,-31.28519100199992],[19.777019996999968,-31.344672002999914],[19.766506999,-31.355588001999934],[19.76400099800003,-31.367272002999982],[19.742920003999984,-31.386326003999898],[19.738043006000055,-31.367568],[19.72916999299997,-31.383012001999873],[19.733895004000033,-31.386482997999906],[19.73139899600011,-31.397381996999854],[19.752052999000114,-31.402301001999888],[19.785902273000033,-31.396211587999915],[19.790674415000183,-31.40918313799989],[19.833707879000087,-31.41546101899985],[19.843947001000117,-31.421350985999936],[19.850463,-31.431438992999972],[19.867989237000018,-31.433195601999955],[19.89866048300007,-31.452159904999974],[19.9090326970001,-31.447611982999945],[19.911161946000163,-31.45401501899994],[19.9151920810001,-31.44635999899998],[19.92829607600015,-31.44807000599991],[19.942129083999987,-31.43911896299994],[19.965192841000032,-31.416944042999887],[19.97773884200012,-31.42922796499994],[20.054319119000013,-31.414593955999976],[20.076324837000016,-31.40039403499992],[20.183842076000133,-31.353454978999935],[20.236039921000042,-31.31567198999994],[20.28354192300003,-31.314756960999887],[20.38348404300018,-31.355726036999954],[20.441976001000114,-31.336004997999908],[20.50610300000011,-31.330073],[20.546328998999968,-31.33150300099993],[20.59158000700006,-31.310629998999957],[20.55148000300005,-31.235439997999947],[20.579300004000174,-31.226289995999934],[20.63154000100019,-31.19267999899995],[20.626330000000166,-31.18789999799992],[20.55898999600015,-31.196039998999936],[20.54985000900018,-31.20273],[20.460529996000048,-31.17679999799998],[20.423089994000065,-31.178490004999958],[20.40307999800018,-31.18552000099993],[20.396789999000134,-31.150120000999948],[20.388980001000164,-31.154635004999875],[20.351190004000046,-31.090939996999907],[20.366464997000094,-31.04144999899995],[20.3786100050001,-31.026879995999934],[20.37446000300008,-31.00901999799993],[20.389879999000186,-30.95676499399991],[20.45932000200014,-30.898930002999975],[20.420480006000105,-30.898149999999816],[20.442189993000056,-30.880029995999962],[20.383159999000156,-30.815259997999874],[20.412129997000136,-30.758334995999974],[20.453929802,-30.765678068999932],[20.531519492000086,-30.70610269399998],[20.57328494,-30.78459416499993],[20.595207943,-30.78213497799993],[20.60949726800004,-30.736848842999905],[20.615560091000134,-30.65491338899983],[20.691008769000177,-30.640038010999945],[20.740634104000037,-30.611013125999875],[20.789986370000122,-30.588234641999975],[20.799292618000095,-30.636321930999884],[20.84632384700012,-30.625089740999897],[20.876040182999986,-30.62789900799993],[20.884781616000055,-30.612907682999946],[20.938535434000187,-30.61665292799995],[20.927230224000027,-30.565060727999878],[20.910101455000074,-30.519768485999975],[20.92542594300005,-30.50003415699996],[20.99684548800019,-30.493820613999958],[21.00134893800015,-30.465054819999978],[21.055962842000042,-30.485085638999976],[21.082062173000054,-30.40183734399983],[21.142617446000145,-30.426516879999895],[21.251485715000115,-30.39702336299996],[21.26521999900018,-30.47443999899997],[21.308110001000102,-30.54355999899991],[21.270914998000023,-30.58946999799997],[21.33642,-30.638319995999893],[21.38152000499997,-30.69923999699995],[21.42092000499997,-30.728590003999955],[21.48343999300016,-30.74608],[21.4476899980001,-30.7842],[21.465090006000025,-30.82044],[21.493310000000122,-30.82814000199994],[21.469610001000035,-30.87523999499996],[21.48420999500013,-30.89063000799996],[21.503409998000052,-30.888050001999886],[21.50197999700009,-30.914809995999974],[21.483099998,-30.94475999599996],[21.48583000600013,-30.95738000199998],[21.48303,-30.993860000999973],[21.525550000000123,-31.003480000999957],[21.509820001000094,-31.05722000499992],[21.567250000000172,-31.096920000999887],[21.58808999600018,-31.061920001999965],[21.67068999300011,-31.097599990999925],[21.68804999400004,-31.12701999499984],[21.702214997000056,-31.164755001999936],[21.693789999000046,-31.17011000599996],[21.62185999400009,-31.15135999399996],[21.608240002000116,-31.19730999899997],[21.614755002000038,-31.249900997999816],[21.66924000100005,-31.261849997999946],[21.72614000300007,-31.263840001999938],[21.762400003000153,-31.27140000099996],[21.747270003999972,-31.31582],[21.796019999000123,-31.316289997999945],[21.813700003000122,-31.33343],[21.822829999000078,-31.35351000099996],[21.814490005000096,-31.397769998999877],[21.88016000100015,-31.399520003999896],[21.92983,-31.41806],[21.937799992000066,-31.425880012999926],[21.932780007000133,-31.434239997999953],[21.84987999700013,-31.45643999799995],[21.86547999400011,-31.497320004999892],[21.919889996,-31.491159999999866],[21.944839995000166,-31.472590012999945],[21.953259993000188,-31.47073000399996],[21.96194999700009,-31.512200003999965],[21.987889999,-31.558099994999907],[22.00052999600001,-31.566199997999888],[22.011659995000173,-31.590449999999862],[21.949710001000085,-31.600979996999968],[21.932270002999985,-31.62432499399995],[21.928680004000057,-31.621269998999935],[21.915515003000166,-31.64571500099987],[21.94406000100014,-31.682239997999943],[21.985409989000175,-31.695850005999944],[21.986759994000067,-31.71990999899998],[22.049580002000027,-31.769979998999872],[22.11613999600013,-31.758419999999887],[22.183309999000016,-31.78155999699993],[22.1879000080001,-31.78137000399994],[22.20401,-31.764030001999913],[22.206280000000163,-31.792250002999936],[22.159860001000084,-31.80973999899993],[22.176880003,-31.820719997999902],[22.16659999899997,-31.893089998999983],[22.131500002000053,-31.884260000999916],[22.11587,-31.862630001999946],[22.07886000300016,-31.854889996999873],[22.08401999900002,-31.875870002999932],[22.100459997000144,-31.893040000999918],[22.101709996000068,-31.900529997999968],[22.1004,-31.924339997999937],[22.07133000300007,-31.939299996999978],[22.089230000999976,-31.97435],[22.09498000400015,-32.00105999899989],[22.074124995000034,-32.01791500199994],[22.09359,-32.04591999699994],[22.13395999700009,-32.064390000999936],[22.119950001000177,-32.07697000099995],[22.089650007000103,-32.14637999799993],[22.06956,-32.081449998999915],[22.01643999000015,-32.11425999499994],[21.999519996000117,-32.20595000299994],[21.99592000200016,-32.202980003999926],[21.971240001000126,-32.21642999699998],[21.93620500300017,-32.222880003999876],[21.924600006000162,-32.26196000099998],[21.907439999000076,-32.25279999899993],[21.901650004000032,-32.27091000299998],[21.874169997000138,-32.27656999599998],[21.855109998000103,-32.275509994999936],[21.780619997000088,-32.25093],[21.770249999000043,-32.238409996999906],[21.772999998000103,-32.22679],[21.746049997000057,-32.22523000299998],[21.73589,-32.20502000099998],[21.71137000600004,-32.224809996999966],[21.69164999500009,-32.24857000199995],[21.67377000200014,-32.24328999499983],[21.64457999800004,-32.20871000099993],[21.60650999800015,-32.20965998899993],[21.57859999800013,-32.22148999599989],[21.536010000000147,-32.22922000999989],[21.54900500100007,-32.29077499599998],[21.561809999000104,-32.314730001999976],[21.55036999800012,-32.32685999599988],[21.51908,-32.33702999899998],[21.475640003000137,-32.33145000199994],[21.443650001000037,-32.35484000399998],[21.429879999000093,-32.37518000299991],[21.40839999700006,-32.36877],[21.352839997000046,-32.39153999799987],[21.30150000700013,-32.37726999599994],[21.303010011000026,-32.402440001999935],[21.281520001000047,-32.43967999699987],[21.26947999700002,-32.45029000099987],[21.23109,-32.46314999799989],[21.19749000300004,-32.4997999979999],[21.182080000000155,-32.50868000299994],[21.140110002000142,-32.58976999399988],[21.156979997,-32.62893999399995],[21.094470002000037,-32.65302999999983],[21.060289996000108,-32.65550000199994],[21.037310001000094,-32.64909999799988],[20.962780000000123,-32.639299996999966],[20.84410000400004,-32.66243999499994],[20.82284999900014,-32.69454],[20.78984000200012,-32.71123000299997],[20.79220000000015,-32.735030011999925],[20.83034,-32.78457000199995],[20.8324300000001,-32.817370002999894],[20.79856,-32.89475],[20.744210000000123,-32.912889995999876],[20.73117000200017,-32.94499499499989],[20.650340002000064,-32.93227000099995],[20.621900000999972,-32.94314999899996],[20.59007000200006,-32.9429800129999],[20.592100003999974,-32.92646999899995],[20.56123,-32.88096999899989],[20.499299989000065,-32.941629992999935],[20.438599995,-32.940060003999974],[20.38004999900005,-32.90185],[20.36387999900012,-32.91081000399993],[20.363860001000035,-32.88594999399993],[20.357169993000014,-32.864079997999966],[20.34165000300004,-32.85780999599996],[20.299899996000022,-32.80495999899989],[20.309196,-32.794971003999876],[20.298950999000112,-32.76406000899988],[20.28983200400006,-32.716124998999874],[20.307497001,-32.68229100399998],[20.38276299800009,-32.676492992999954],[20.406912996000074,-32.69615200199996],[20.425910998000063,-32.67217899799988],[20.472036013000036,-32.68346799899996],[20.498895003000143,-32.65076],[20.51056699700007,-32.647394],[20.522081006000178,-32.65302300099995],[20.547586999000146,-32.65162499899992],[20.55606699500015,-32.64359800099993],[20.611585003000073,-32.645111],[20.61513500400008,-32.628549],[20.627954002000024,-32.60773799499992],[20.614688996000098,-32.59110995799989],[20.63308391700002,-32.5517830199999],[20.633843162000062,-32.528277989999935],[20.694141841000032,-32.52304800499991],[20.742013998000175,-32.502736988999914],[20.771159996000108,-32.449544996999975],[20.76623892000009,-32.42719097799994],[20.772748,-32.40763800499985],[20.760905004,-32.39951799499988],[20.677189590000125,-32.394373394999946],[20.677384083000106,-32.38637696899991],[20.605292003000045,-32.34879599599998],[20.599527,-32.349119],[20.598487999000156,-32.2956999999999],[20.525628998000116,-32.29385700699993],[20.483360004000076,-32.29812700399998],[20.440174998000032,-32.33388600599989],[20.422794997000096,-32.31741800299989],[20.420970003000036,-32.30119200699983],[20.413142998000012,-32.28971299699987],[20.38030099600013,-32.252581998999915],[20.325218036000138,-32.24037500899993],[20.31963912200007,-32.23144700599994],[20.274782043000187,-32.21403200799989],[20.249663042000066,-32.228676991999976],[20.240840003000017,-32.22418999599989],[20.166360001000044,-32.22749000399995],[20.180950001000042,-32.18448999799995],[20.151830002000167,-32.18651999499997],[20.13590999500019,-32.19231999799996],[20.11571000500004,-32.21102000099984],[20.096960003000106,-32.25023999899997],[20.085010002,-32.248260003999974],[20.05361,-32.2523100009999],[20.038619999000105,-32.29644000299993],[20.00445,-32.32993000399995],[19.9681700000001,-32.35050000199993],[19.937490003000107,-32.37727999799995],[19.873889995000127,-32.38320000199997],[19.849490004000188,-32.36623000199995],[19.81780001000004,-32.360719996999876],[19.802700001000062,-32.39370000199989],[19.764129995000133,-32.4111200079999],[19.736620004000088,-32.38551999999987],[19.73131000100011,-32.410129996999956],[19.707390001000192,-32.420309998999926],[19.73024000200013,-32.44236],[19.679740001000027,-32.46350999899994],[19.65487,-32.43878],[19.621850004000066,-32.47062000099987],[19.62647000200002,-32.502040000999955],[19.607119999000133,-32.5453800009999],[19.61199999700011,-32.56654999799997],[19.60495,-32.6294599979999],[19.58724000400008,-32.64778000299992],[19.528249996000113,-32.67323999799993],[19.49917000099998,-32.61208999699994],[19.486805003000086,-32.56543999599995],[19.484970004000047,-32.57995000099987],[19.475590001000114,-32.596920000999944],[19.46084999800007,-32.60764000199998],[19.452209998,-32.60775999599997],[19.45327999699998,-32.6256599969999],[19.441269997000177,-32.6381099969999],[19.437899998000148,-32.62585000199988],[19.419019998000124,-32.62232],[19.39611999700014,-32.60666000299989],[19.371200000000158,-32.60893999899997],[19.35693,-32.616360003999944],[19.341249999000183,-32.58305000099995],[19.32005000200013,-32.57464],[19.281180004000134,-32.58140000299994],[19.264700002999973,-32.588720001999945],[19.223100001000034,-32.57467000199989],[19.20259999800004,-32.57760000099995],[19.159169999000085,-32.57193000099994],[19.148579999000162,-32.58567999899998],[19.156379998999967,-32.604320000999905],[19.137599997000052,-32.6045999989999],[19.14299000000011,-32.62143999799997],[19.20480000100008,-32.71113998799996],[19.208640004000074,-32.73096000199996],[19.171769995999966,-32.73682],[19.170640000000105,-32.79583000199989],[19.18442999900003,-32.827070001999914],[19.150529999000184,-32.87211999699997],[19.12065000200016,-32.87792999599998],[19.108399997000106,-32.87581000299991],[19.098609997000096,-32.879119996999975],[19.081750000000113,-32.86673000199994],[19.082770000000153,-32.8561999989999],[19.068620003000092,-32.855329995999966],[19.05632999800008,-32.85934999799986],[19.06430998900015,-32.83455000399994],[19.03567,-32.848870001999956],[19.034100003000106,-32.82563999599989],[19.04107000099998,-32.824169997999945],[19.034750006000138,-32.785770001999936],[19.023870002000024,-32.797309998999935],[19.020569998000155,-32.778630002999876],[19.032860003000167,-32.778320002999976],[19.031419999000036,-32.77248000199995],[19.019059998000102,-32.77002000599998],[19.007160003000024,-32.71618999599991],[18.972979998000028,-32.67045999599992],[18.960669996000036,-32.63295999899992],[18.96313,-32.61731999799997],[18.949889998,-32.59914],[18.93096999800008,-32.6067900029999],[18.886179996000124,-32.55558999899995],[18.865479998000183,-32.54243000699989],[18.86732000100011,-32.53914999899996],[18.84894,-32.52178999699993],[18.827650003000144,-32.511329997999894],[18.784739998000077,-32.52257],[18.783139999000127,-32.52971999699997],[18.79143998900014,-32.55944],[18.80392999800017,-32.57202999899994],[18.768410002,-32.56527000299991],[18.72490000200014,-32.566489998999884],[18.70789000100001,-32.55759999599991],[18.70629000200006,-32.53670000099993],[18.685169999000095,-32.519129996999936],[18.66217999700018,-32.49094999699997],[18.67271,-32.46993]],[[18.987425304999988,-32.537619846999974],[18.98421033400018,-32.53626918699996],[18.98309999500009,-32.539871001999984],[18.987844000999985,-32.551088],[18.98912400100005,-32.571295],[19.00106900100019,-32.58085200099998],[19.01283322200004,-32.59933925899992],[19.021012433000067,-32.59933925899992],[19.014588877999984,-32.58046618299994],[19.01745499599997,-32.579802995999955],[19.006703472000027,-32.57019965599994],[19.007103171000153,-32.5663355989999],[19.049194729000078,-32.567354988999966],[19.06556000300003,-32.55191999799996],[19.059865539000157,-32.5272825429999],[19.038375369000164,-32.52104514599995],[19.036432547000175,-32.51730589899989],[18.996143691000157,-32.52154984499998],[18.993745218000072,-32.518031583999914],[18.987697659000162,-32.519055310999875],[18.987425304999988,-32.537619846999974]]]},"properties":{"area_code_id":"027","area_codes":["027"],"area_code_label":"027","prefix_1":"2","ward_count":33}},{"type":"Feature","geometry":{"type":"MultiPolygon","coordinates":[[[[19.409870002000105,-34.68816000299989],[19.417670001999966,-34.688910003999865],[19.412649996000084,-34.69046000399993],[19.409870002000105,-34.68816000299989]]],[[[19.418939997000166,-34.61049000199995],[19.403580002000183,-34.60619000199995],[19.38467,-34.61513000399998],[19.377409998000076,-34.612750001999984],[19.355699998000034,-34.61599000099994],[19.348010002000024,-34.62654999799997],[19.32409999900011,-34.62649000099998],[19.3164600020001,-34.62304],[19.30553,-34.633419997999965],[19.293430000000114,-34.63358999899998],[19.297530004000066,-34.63188000399998],[19.295569998000076,-34.62898999799995],[19.291129999000134,-34.631620002999966],[19.300640010000166,-34.622729999999876],[19.301589999000157,-34.616860003999875],[19.31100000400005,-34.61121999799997],[19.32824000300019,-34.60850999899998],[19.339200001,-34.58532000199989],[19.339019993000022,-34.58800000599996],[19.34499000300019,-34.58639999899998],[19.342499997,-34.57793],[19.354329989000064,-34.565719995999984],[19.3513,-34.56609999999989],[19.35263,-34.559729997999966],[19.37895999900013,-34.54395999699989],[19.368880002000026,-34.507930005999924],[19.348580003000052,-34.47145],[19.32165000100008,-34.43959],[19.288580004000096,-34.41459999899996],[19.27356000300017,-34.40875999799994],[19.25369999700007,-34.412860001999945],[19.24424000099998,-34.42287999299998],[19.236279998000157,-34.42292000099991],[19.225689998,-34.435749996999846],[19.218480003000025,-34.4381200009999],[19.203390000000184,-34.43560999799996],[19.20379000700018,-34.42833000099989],[19.193580003000022,-34.429549995999935],[19.181570003,-34.419910000999835],[19.172390004000135,-34.42047000399998],[19.170620004000057,-34.41606],[19.14223000100003,-34.423630000999935],[19.13549000200004,-34.41827999899988],[19.12062999699998,-34.41589999699994],[19.12299000300004,-34.41268000199989],[19.11742999900008,-34.404689996999934],[19.125190006000082,-34.399799998999924],[19.124299999000073,-34.39478000199995],[19.102589998000155,-34.37213001099997],[19.069070002000103,-34.35118999899993],[19.04240999900003,-34.34107000199998],[19.034870000000126,-34.3464599969999],[19.015280001000065,-34.347469998999884],[18.99870000200019,-34.34364000199997],[18.965449997000064,-34.36297000099995],[18.934519997000052,-34.355799998999885],[18.92413000100015,-34.35935999599985],[18.91128999900002,-34.35768000399992],[18.901030003000017,-34.36877999199987],[18.89653,-34.36785],[18.894139999000174,-34.37189999599991],[18.897230001000025,-34.37435000199997],[18.892899999000065,-34.37604000099998],[18.874410008999973,-34.369130000999974],[18.85883999600003,-34.37471999899992],[18.85712000300009,-34.38112000399997],[18.861910002,-34.38895000599996],[18.85504000200001,-34.39124000099997],[18.85247000200019,-34.38846999699996],[18.85510999800016,-34.38362000099994],[18.843260001000147,-34.37799999899988],[18.832050001000027,-34.38040999599997],[18.836059997000177,-34.3881],[18.826569998000025,-34.38831000199997],[18.826510001000145,-34.383589997999934],[18.821710004000067,-34.38206000199989],[18.826470000000143,-34.38056999899993],[18.827139999000053,-34.375760003999915],[18.818980001000057,-34.37311000999995],[18.818909997000162,-34.366250007999895],[18.815130000000124,-34.36427999599988],[18.817799998000055,-34.357340000999955],[18.809540001000073,-34.34866999799988],[18.829009998000117,-34.345550001999925],[18.831770004000077,-34.33891],[18.820319999000105,-34.33106000199996],[18.821479997000154,-34.325290002999964],[18.815560002000154,-34.31794000199994],[18.819070000000124,-34.311229997999874],[18.813480002,-34.31254999899994],[18.810590003000073,-34.30922999899997],[18.814969997000105,-34.3058500009999],[18.812810003000095,-34.29624999799995],[18.822700001000044,-34.29903],[18.82004999900016,-34.291170002999934],[18.830509999000185,-34.27436999599996],[18.865429999000014,-34.26411000099989],[18.86768000000012,-34.25738],[18.880229999000164,-34.24817999699991],[18.87534000100004,-34.22940000299991],[18.892930002000128,-34.234280001999934],[18.900449996000077,-34.22747],[18.899440010000035,-34.21686000299991],[18.908369998000126,-34.217040002999966],[18.9139,-34.210869996999975],[18.92024999800003,-34.21218999799987],[18.930709386,-34.20352786399991],[18.956040000000144,-34.21054],[18.945553463000124,-34.228060967999966],[18.947733600000106,-34.2454104009999],[18.963241133000054,-34.2498311089999],[18.974686003000045,-34.245781002999934],[18.98208164700003,-34.24850875099992],[18.99867937400012,-34.24063008299987],[18.99292744700017,-34.22348248399993],[19.00815123400008,-34.21541177499989],[19.00430382900015,-34.20500830199995],[19.009751398000105,-34.19193887999995],[19.022772526000153,-34.18642832799998],[19.03713871000008,-34.16509070799992],[19.060530000000142,-34.17733],[19.070858076000093,-34.17507988499989],[19.064607894,-34.17358154899989],[19.052255533,-34.15558880599997],[19.047001632000047,-34.15380155599996],[19.062095426000155,-34.13396855399998],[19.068624001000046,-34.134562],[19.084974000999978,-34.117471],[19.10061799900012,-34.12858899799994],[19.13577500300005,-34.141456001999984],[19.16136499900017,-34.15763600099996],[19.20006000100011,-34.13346299599988],[19.21657499900016,-34.117033999999876],[19.235092,-34.12688099799993],[19.251988996000136,-34.12397700299988],[19.282973998000045,-34.141215996999904],[19.29290265200018,-34.13431220399997],[19.2857477230001,-34.10664188999988],[19.288890995000145,-34.10529355699998],[19.262998335000077,-34.08784854399994],[19.265662671000086,-34.08261566899995],[19.287515565000035,-34.07870431399988],[19.293130634000022,-34.073242990999915],[19.28870542600015,-34.065976821999925],[19.28920008600005,-34.05108351899992],[19.290215998000065,-34.04456700399993],[19.294422998000186,-34.04510199899988],[19.289820666000082,-34.04433204399987],[19.297062414000095,-34.019693745999916],[19.289643622000142,-34.01754887199991],[19.288643291000085,-34.009445470999935],[19.292342357000052,-34.00726489199997],[19.28553434800017,-33.99676501399995],[19.288550954000186,-33.99291939699998],[19.277175528000043,-33.98234064899998],[19.273494621000054,-33.98499991399996],[19.252566994000176,-33.965365574999964],[19.26141299700015,-33.95625800099998],[19.243877001000158,-33.897460002999935],[19.26525,-33.900290003999885],[19.25838999800004,-33.88311000199985],[19.278189999000062,-33.87945500199993],[19.297400003,-33.889679999999885],[19.310549997000066,-33.91373000199991],[19.312799002000077,-33.93497800299991],[19.325050003000058,-33.95207999799993],[19.335870002000092,-33.958239997999954],[19.348559999000145,-33.95520000299996],[19.361779996,-33.97154000499995],[19.455799998000032,-33.99988],[19.506889998000077,-33.9717],[19.533299998000132,-33.96953],[19.566240003000075,-34.00197999699998],[19.58983000000012,-34.01236000299991],[19.640619396000147,-34.00278517499987],[19.680660002000025,-34.009140000999935],[19.700139997,-34.046400001999984],[19.71478000200017,-34.04898],[19.734980003000032,-34.04116000399995],[19.755219997000154,-34.054410003999976],[19.810320001000093,-34.0554300039999],[19.885499996000192,-34.06616000199989],[19.90622000000019,-34.07615999699988],[19.986540003000073,-34.07817000199992],[19.98926999800011,-34.08549999899998],[20.007460002000073,-34.09391999899992],[20.010809997000024,-34.09155000199996],[20.008499998000104,-34.06390000999994],[20.032829998000068,-34.059650001999955],[20.080809999000053,-34.06458999799992],[20.141690000000153,-34.05921000099994],[20.151679997000087,-34.04464],[20.1724,-34.03976999899987],[20.17780999900009,-34.02983000099988],[20.19609000300005,-34.03999999699988],[20.19254298800007,-34.0462099959999],[20.200289997000084,-34.05295000299998],[20.20489999600005,-34.0654699989999],[20.202170001000013,-34.07856000399994],[20.149259994000147,-34.07664999699983],[20.137610000999985,-34.08235999799996],[20.140520003000063,-34.08539000299993],[20.1877799990001,-34.097400001999915],[20.18728000100009,-34.10200000399993],[20.197402001000057,-34.10047500299987],[20.20314000200011,-34.08842999799998],[20.229969998000115,-34.0952],[20.221800001000076,-34.11110000899998],[20.24675999900012,-34.11726000099992],[20.249670002000073,-34.10611999599996],[20.272660003000112,-34.10615999699996],[20.270130004000123,-34.090159996999944],[20.29133999900006,-34.091299999999876],[20.305659997000078,-34.077280002999885],[20.28615,-34.07889999799994],[20.285780002000024,-34.06502999799994],[20.298879997000085,-34.060329998999975],[20.294539997000186,-34.0504],[20.286469998000086,-34.051069998999935],[20.284010002000116,-34.04140999899994],[20.27919,-34.03958000099988],[20.290759999000045,-34.04193999899991],[20.30714000200004,-34.02936999599996],[20.304050008,-34.014050001999976],[20.307109999000147,-34.005630001999975],[20.32415000300017,-34.00179999799997],[20.31780999600005,-33.99364999699998],[20.32802,-33.9730500039999],[20.296860002000187,-33.96398000199997],[20.280349999000066,-33.953750000999946],[20.283210002000033,-33.95739999799997],[20.222460002000105,-33.91281999799992],[20.234370004000027,-33.89786000299989],[20.32443000000012,-33.94957000299996],[20.43604000300013,-33.95774000799997],[20.46991,-33.88969999599993],[20.46825000300015,-33.880289998999956],[20.44248000000016,-33.857869998999945],[20.44175000399997,-33.837129998999956],[20.43534999900004,-33.8264],[20.44146000000012,-33.81976999699992],[20.426629997000134,-33.8109499979999],[20.45018000200008,-33.80681999899997],[20.46819999600018,-33.81342999799995],[20.468430003000094,-33.81828000199994],[20.4805,-33.82276000199988],[20.5144700030001,-33.8026199979999],[20.44788999900004,-33.77397000199994],[20.472821,-33.72916899699982],[20.46915200400008,-33.68195200199989],[20.503943000000106,-33.682042001999946],[20.53517199700019,-33.66071300199991],[20.50314999900013,-33.63701999899996],[20.57435,-33.53876000299988],[20.577130002000047,-33.52809999899995],[20.549369998000145,-33.528700002999926],[20.547599998000067,-33.51951999599993],[20.478199999000083,-33.52778000099994],[20.475629999000034,-33.51343999799997],[20.50166000400003,-33.49845999799993],[20.49801999700003,-33.463870002999954],[20.33622,-33.48781999099998],[20.38607999800007,-33.45917000399993],[20.427549999000064,-33.44891999799995],[20.41669,-33.43552000099993],[20.38979000000012,-33.42405],[20.335609990000023,-33.42564000099992],[20.348859997999966,-33.40486999899997],[20.345600002000083,-33.39432],[20.353740005000077,-33.39405999899992],[20.366290003000188,-33.38164000099994],[20.36803999900002,-33.36626999999987],[20.209170001000132,-33.37979999699991],[20.23945999700004,-33.30991998899998],[20.20350999900006,-33.30273999699989],[20.25118000100008,-33.29151000099995],[20.23562000200002,-33.26241999699988],[20.24711999800013,-33.24578999899995],[20.24397999700011,-33.23648],[20.25796999900018,-33.18844999099991],[20.202179999000123,-33.17010999799993],[20.25124999600007,-33.14990999699995],[20.30644,-33.15933999899994],[20.3184900010001,-33.1208899959999],[20.279050001000144,-33.06388999899997],[20.302549999000178,-33.067999992999944],[20.334260002000065,-33.03579],[20.38375000300016,-33.03628],[20.39496000300005,-32.993239993999964],[20.427819999000178,-32.97939999699997],[20.434680000000128,-32.97192000299998],[20.438599995,-32.940060003999974],[20.499299989000065,-32.941629992999935],[20.56123,-32.88096999899989],[20.592100003999974,-32.92646999899995],[20.59007000200006,-32.9429800129999],[20.621900000999972,-32.94314999899996],[20.650340002000064,-32.93227000099995],[20.73117000200017,-32.94499499499989],[20.744210000000123,-32.912889995999876],[20.79856,-32.89475],[20.8324300000001,-32.817370002999894],[20.83034,-32.78457000199995],[20.79220000000015,-32.735030011999925],[20.78984000200012,-32.71123000299997],[20.82284999900014,-32.69454],[20.84410000400004,-32.66243999499994],[20.962780000000123,-32.639299996999966],[21.037310001000094,-32.64909999799988],[21.060289996000108,-32.65550000199994],[21.094470002000037,-32.65302999999983],[21.156979997,-32.62893999399995],[21.140110002000142,-32.58976999399988],[21.182080000000155,-32.50868000299994],[21.188309998000136,-32.50304999499997],[21.187660001999973,-32.50984000299991],[21.19201999900008,-32.513859996999884],[21.22858999700003,-32.522960001999934],[21.236649997000086,-32.537010000999885],[21.250530003000108,-32.547910000999934],[21.263819996000052,-32.54768000299998],[21.289609995999967,-32.557750000999874],[21.30053999900008,-32.57498000199996],[21.29556000200006,-32.590949998999974],[21.30905999700019,-32.59837001099993],[21.32495999800011,-32.614190002999976],[21.337239997000154,-32.63941000199998],[21.352240001000098,-32.65772999899997],[21.42658000400013,-32.66712999799995],[21.42490000300012,-32.70588000199996],[21.432109997,-32.75672999699992],[21.428039996000166,-32.77558000199997],[21.4456100000001,-32.7919700029999],[21.428090003000136,-32.81694999699988],[21.430050001000097,-32.84901999899995],[21.478480002000026,-32.902299995999954],[21.481500000000153,-32.91132999799987],[21.47126999900007,-32.913570001999915],[21.45738999300005,-32.92748000199987],[21.39593000100018,-32.937919997999984],[21.425930001000097,-32.970200001999956],[21.442850002,-33.00051000199994],[21.45846,-33.011289998999985],[21.48464000200005,-33.01399999799992],[21.50716999800011,-33.04425999899996],[21.545769997000093,-33.0562399879999],[21.544140003000052,-33.07545999799987],[21.557279999000116,-33.08613999799991],[21.58142999900008,-33.08645999599992],[21.58532999900018,-33.09668999699994],[21.57819999800006,-33.10593000099988],[21.57782000300017,-33.11540000299988],[21.604419993000135,-33.14011999699994],[21.63726999800008,-33.141280002999906],[21.628939998000078,-33.162730009999905],[21.616740000000163,-33.17744000299996],[21.625720003000026,-33.1791899989999],[21.627829998000095,-33.19157000399997],[21.62224999800003,-33.19251999999989],[21.613540002000036,-33.21596999099995],[21.63730999900008,-33.21392000099996],[21.6429100040001,-33.2248600019999],[21.636729999000067,-33.24586000999989],[21.624029996000047,-33.24637999699996],[21.631769999000028,-33.2694],[21.63655999800011,-33.26967],[21.63239000699997,-33.28002000299995],[21.63642999000001,-33.30374000099994],[21.551010003000044,-33.340799997999966],[21.611550001000182,-33.33468999699994],[21.63556000300008,-33.358609998999896],[21.697110002000045,-33.35647000899996],[21.632550002000187,-33.37686],[21.611950001000025,-33.39679999999987],[21.680032000999972,-33.40477699899998],[21.672427067000115,-33.462608813999964],[21.665855387000136,-33.46848307299996],[21.64523630399998,-33.47095075599998],[21.64877775900004,-33.48187245199989],[21.641994157000056,-33.48671056899991],[21.661441,-33.51218199599998],[21.660449650000032,-33.53802850999995],[21.65404160700018,-33.54550529499994],[21.65864357800018,-33.547519988999966],[21.65959536200006,-33.558703455999876],[21.632418296000083,-33.54965570499991],[21.614111936000143,-33.56903246799982],[21.575435451000033,-33.58284827799986],[21.592970454000067,-33.60557883699994],[21.58035931100011,-33.61842792699997],[21.578561887999967,-33.66875576199993],[21.60015880300017,-33.669088844999976],[21.61632689099997,-33.653277078999906],[21.63253951900009,-33.655726788999914],[21.637082618000022,-33.66891068399997],[21.65382972800012,-33.689042848999975],[21.66224782300003,-33.68236182099997],[21.696648186000175,-33.67895695399989],[21.71403707700017,-33.68167523999989],[21.69835000300003,-33.69577999799998],[21.689639999,-33.714140003999944],[21.677379997000116,-33.72373],[21.674931967000077,-33.73676606799984],[21.65792476900009,-33.762809268999945],[21.665848374000177,-33.76608102799992],[21.68881255300016,-33.759771886999886],[21.695153816000186,-33.750146966999864],[21.68792620300019,-33.7379284349999],[21.690496021000172,-33.73188460399996],[21.70614638900014,-33.72848361399997],[21.7135048720001,-33.72926883699989],[21.71836492100016,-33.734979542999895],[21.715920025,-33.73907816499991],[21.722373530000084,-33.75115177599997],[21.748904520000053,-33.764530295999975],[21.744835642,-33.775648326999885],[21.730993126999977,-33.7894670469999],[21.74514140000008,-33.79907866799988],[21.743921926000098,-33.806865453999876],[21.755741898,-33.82137421699997],[21.740947600000027,-33.827406150999934],[21.735608089000095,-33.82026808499995],[21.715079289000073,-33.82365881699991],[21.703461571,-33.81907835499993],[21.70326526500014,-33.82619889199992],[21.71268198200005,-33.83496125699992],[21.702236148000168,-33.842623120999974],[21.69890999800009,-33.857940001999964],[21.684520003000046,-33.864839995999944],[21.673100001000023,-33.87732999799988],[21.662789999000154,-33.87979000099995],[21.676179997000133,-33.88245999899988],[21.673879996000153,-33.9015299969999],[21.664890002999982,-33.91428999699997],[21.65293000300005,-33.916440000999955],[21.65192000100012,-33.93293],[21.65813999800008,-33.93775000099987],[21.659729999000092,-33.94724],[21.65853,-33.963490001999844],[21.65268999800014,-33.98079999699996],[21.64076000800003,-33.996179996999956],[21.64023999800014,-34.00719000099991],[21.649220000000128,-34.01096999799995],[21.666429997000023,-34.00908000299995],[21.66617071799999,-34.02415792099998],[21.682398642000123,-34.03828596999995],[21.685045792000153,-34.06246724299996],[21.69471235300017,-34.06247913999988],[21.695830699000112,-34.05335985599987],[21.71351000200019,-34.04597999799995],[21.718300001000102,-34.03097000299988],[21.726159998000014,-34.02970000099998],[21.738479998000116,-34.03639999899991],[21.73417,-34.04317000099991],[21.71733,-34.05372],[21.71877000400019,-34.08008999899988],[21.734659998999973,-34.082120000999964],[21.764305883000077,-34.074553592999905],[21.771170628000107,-34.07786699299987],[21.771331242000088,-34.08229278999988],[21.764680648000137,-34.08576085499993],[21.751129618000107,-34.08319103699995],[21.748530057000096,-34.0999543399999],[21.743500003000065,-34.10231999399997],[21.73425000100019,-34.1026],[21.731339999000113,-34.09035000299997],[21.70459269900016,-34.09268071399998],[21.710618684000053,-34.102959984999984],[21.69882845400008,-34.11449442199989],[21.715300273000082,-34.1192949849999],[21.712431436000088,-34.12763816799992],[21.723346003000188,-34.129926440999895],[21.73604042800008,-34.148896693999916],[21.73395046800016,-34.15555743999994],[21.743871741000135,-34.15842071199995],[21.742359511000018,-34.17075732699993],[21.750212496000074,-34.1740647769999],[21.753139678000025,-34.18746260599994],[21.73901668700006,-34.193767986999944],[21.74039626500013,-34.20213389199995],[21.7542,-34.219549997999934],[21.753639997000107,-34.225089996999884],[21.76895000100012,-34.25755999899991],[21.78517999800016,-34.282289998999886],[21.79408,-34.286199996999926],[21.82784999900008,-34.28247999599989],[21.83391000100005,-34.29086000299998],[21.824280003000126,-34.29739],[21.828209998000148,-34.31244000299989],[21.854720004000114,-34.33354000199989],[21.87517,-34.33631999599987],[21.886599992000185,-34.34325999099991],[21.884089997000103,-34.353260001999956],[21.871440001000053,-34.362690002999955],[21.858720002000155,-34.362690002999955],[21.83543999700015,-34.3752800019999],[21.79789999800016,-34.38331999899998],[21.742000002000054,-34.3865899999999],[21.729510001,-34.39584000199994],[21.695809997000026,-34.39492999899994],[21.69187999500008,-34.39149000399988],[21.63378001200016,-34.381519995999895],[21.58080000100017,-34.36288000099995],[21.55116,-34.361150000999885],[21.535399997000013,-34.35625999599995],[21.492109997000057,-34.36635999699996],[21.45008999900017,-34.36754],[21.4229900040001,-34.37887000199993],[21.429189996000105,-34.39453999699998],[21.42407000100002,-34.390530000999945],[21.417439998000077,-34.39151],[21.4126,-34.39623000399996],[21.413130008000167,-34.40135999799986],[21.39990000400013,-34.40533000099998],[21.39572999700016,-34.410410003999914],[21.38236000300003,-34.41114999799987],[21.37232,-34.42309000299997],[21.354249990000085,-34.419389998999975],[21.343770001999985,-34.42722000099997],[21.338659997000036,-34.42656],[21.33274000100016,-34.43523000299996],[21.32008999700014,-34.431229996999946],[21.3109599980001,-34.43791999699988],[21.30084999900015,-34.439040002999946],[21.24647999900003,-34.419219996999914],[21.219979999000145,-34.41638999599991],[21.205640004000145,-34.40598000399996],[21.17947999900008,-34.39651000099991],[21.10207998900006,-34.37685999699988],[20.998970004000114,-34.364849996999965],[20.933209996000073,-34.36594],[20.90407999900009,-34.37254999899989],[20.88081,-34.382090004999895],[20.849820003,-34.403650007999886],[20.84846999900003,-34.408449997999924],[20.856579999000132,-34.421969996999906],[20.86967000300018,-34.42935999899993],[20.8692,-34.44926999599994],[20.87212000100004,-34.45088999199993],[20.86525000100005,-34.45890000199995],[20.869500002000052,-34.46591999799989],[20.85644999800013,-34.46475000099997],[20.84775000900015,-34.47487999699996],[20.838880002000167,-34.47025999899989],[20.820800002000055,-34.47201000299992],[20.78177000100004,-34.46100999699996],[20.737159999000085,-34.45580000099994],[20.730940002000125,-34.45118000299993],[20.72526000300013,-34.45497999699995],[20.695909998000047,-34.45053000099989],[20.683079994000025,-34.4531300029999],[20.64556000000016,-34.44986000199998],[20.566540002000067,-34.46152000099988],[20.530099997000093,-34.471120002999896],[20.476090004000184,-34.492329997999946],[20.44494000400016,-34.51075999899996],[20.427959997000016,-34.52618999699996],[20.413229993000016,-34.55458],[20.39940000100006,-34.57144000399995],[20.347669997000025,-34.59011000099997],[20.32908000900005,-34.610289997999985],[20.24652001000004,-34.645850001999975],[20.232839992000038,-34.6617800059999],[20.23566001100005,-34.6694499969999],[20.23195999899997,-34.67842000199994],[20.23625999900014,-34.6915599969999],[20.217110000000105,-34.687990001999935],[20.167619999000067,-34.69607999699997],[20.11958,-34.71435000299988],[20.079780001000074,-34.73651000199993],[20.05753000200002,-34.75724000399998],[20.04789999700006,-34.77467999899994],[20.048519997000028,-34.79232999699997],[20.05267,-34.79863000299997],[20.06414999900005,-34.80223000099994],[20.06383999900015,-34.805950001999975],[20.05329999800017,-34.81442999899997],[20.030699998000046,-34.814280001999975],[20.02759,-34.82479],[20.017089999000063,-34.82421999899998],[20.012319997000077,-34.82887],[20.014579996000123,-34.83162999699988],[20.006080003000022,-34.834080002999826],[19.98615000100017,-34.83280000199994],[19.973719997000046,-34.82456000199994],[19.96433999499999,-34.827139999999815],[19.967900000000157,-34.823620002999974],[19.959150004000037,-34.820930000999965],[19.955519995000145,-34.81485000299989],[19.942890003000173,-34.81623000199994],[19.922830001000023,-34.7963],[19.903419993000057,-34.78414000299995],[19.890059997000094,-34.782169998999905],[19.885680004000164,-34.77277],[19.872320000000173,-34.765909997999984],[19.850300007000158,-34.76886000199988],[19.823319998000045,-34.76217000199995],[19.798630000000173,-34.76807],[19.768130002000078,-34.76470999899988],[19.746810003000064,-34.771600002999946],[19.697879997000086,-34.762520001999974],[19.684579998000174,-34.76562000299987],[19.682470003000105,-34.77169000299995],[19.672370003000026,-34.77702999899998],[19.677759998000056,-34.78308000199996],[19.66508998900008,-34.785],[19.663030001000152,-34.78841999799994],[19.66426000300015,-34.78418000399995],[19.65120000100012,-34.78618000299997],[19.64642999800003,-34.78071999699995],[19.638420004000068,-34.78266999699997],[19.634720000000186,-34.78083000099997],[19.641130003,-34.77750999999989],[19.641480003000026,-34.769970000999876],[19.63219000099997,-34.755099997999935],[19.62577,-34.753099998999915],[19.611000002000083,-34.75744999799997],[19.60615999600003,-34.7512300009999],[19.60025999700008,-34.750799997999934],[19.60369000200012,-34.74639000199994],[19.596089998000082,-34.7468],[19.5993199990001,-34.7385900029999],[19.59744000200004,-34.7343800029999],[19.59236,-34.73427999699993],[19.59161999700018,-34.72580999799993],[19.573219999000116,-34.72826000399988],[19.569019997000055,-34.72553999899998],[19.57544999700002,-34.72114000099998],[19.566020003000176,-34.71971000299982],[19.56214999800011,-34.713719996999885],[19.550120001000153,-34.71215],[19.543939997000052,-34.70222000099989],[19.545579989000032,-34.6972299979999],[19.540070008000043,-34.69508000199994],[19.541329996,-34.69163999899996],[19.5301,-34.68972000199989],[19.532499999000095,-34.680749996999964],[19.52048000100018,-34.67129999899993],[19.494709997000086,-34.67209],[19.49699000200019,-34.667620006999925],[19.49137,-34.668679991999966],[19.488589998000066,-34.66363999799995],[19.475479997000093,-34.66569000399994],[19.47227000000015,-34.66080000699998],[19.45032000300006,-34.65562999599996],[19.43872000200014,-34.63096000199988],[19.418939997000166,-34.61049000199995]]],[[[19.419379997000135,-34.67792000399993],[19.423420004000036,-34.68024000099996],[19.414419997000095,-34.68674000399989],[19.411340001000156,-34.68517999699998],[19.419379997000135,-34.67792000399993]]]]},"properties":{"area_code_id":"028","area_codes":["028"],"area_code_label":"028","prefix_1":"2","ward_count":48}},{"type":"Feature","geometry":{"type":"Polygon","coordinates":[[[30.835024818000193,-30.12435256599997],[30.83356544300011,-30.12750319099996],[30.822478068000123,-30.12712656599996],[30.821146318000103,-30.123485815999913],[30.810715193000078,-30.1230520659999],[30.804479943,-30.118349940999963],[30.82866994300008,-30.081719939999914],[30.78182994300016,-30.02093993999989],[30.777739943000142,-30.02186006499994],[30.776819943000078,-30.01342993999998],[30.772650068000132,-30.01558006499988],[30.764469943000165,-30.01160993999997],[30.75348994300009,-30.01690006499996],[30.748399943000152,-30.011829939999927],[30.73471994300013,-30.013809939999817],[30.723089943000105,-30.035529939999947],[30.730459943000085,-30.046479939999927],[30.733609943000147,-30.045899939999913],[30.731790068000123,-30.049759939999888],[30.72777994300003,-30.04598006499998],[30.725339943000108,-30.048050064999984],[30.72185994300014,-30.0388300649999],[30.716679942999974,-30.035999939999954],[30.683649942999978,-30.030829939999933],[30.682719943000166,-30.02618993999988],[30.677459943000144,-30.024329939999916],[30.673439943000062,-30.02742993999982],[30.666629943000032,-30.025259939999955],[30.663334568000153,-30.016381814999875],[30.65333869300008,-30.021745939999903],[30.640404341000135,-30.02011787899994],[30.618120417000057,-30.033907660999944],[30.61155994600017,-30.033959748999905],[30.60669538500008,-30.047489447999965],[30.616517800000054,-30.049930774999837],[30.614978943000153,-30.061452064999912],[30.60463094300019,-30.061796064999953],[30.595145693000177,-30.052913564999983],[30.58321181800011,-30.058810439999945],[30.578117068000097,-30.058062439999958],[30.57607069300019,-30.053235939999922],[30.572048568000184,-30.059417314999962],[30.57093369300003,-30.05284081499991],[30.558899193000116,-30.053106314999923],[30.552927318000116,-30.048339064999936],[30.536888443000066,-30.06009243999995],[30.537607068000113,-30.042328939999948],[30.533101106000174,-30.031844998999816],[30.516128943000183,-30.02667193999997],[30.51328606800007,-30.034781939999903],[30.44718999500003,-30.039010548999897],[30.444263292000073,-30.04600468299998],[30.441510068000184,-30.034969939999826],[30.453340068000045,-30.01394006499993],[30.466640068,-30.019769939999833],[30.477969943000176,-30.018680064999955],[30.47150994300017,-29.994450064999967],[30.488839943000187,-29.980869939999877],[30.481779943000106,-29.96171993999991],[30.508479943,-29.971639939999932],[30.514269942999988,-29.967149939999956],[30.50657994300019,-29.962790064999922],[30.503059943000096,-29.96643993999993],[30.488599943000054,-29.938379939999948],[30.491789943000185,-29.940390024999886],[30.491779943000097,-29.93258006499991],[30.478159987000083,-29.92910995999995],[30.491599943000097,-29.920279939999887],[30.493019943000036,-29.89956006499989],[30.452909943000066,-29.888479939999968],[30.462351025000146,-29.877356693999957],[30.394650796000064,-29.867253956999946],[30.40917,-29.83868],[30.439329980000082,-29.815070015999936],[30.449139943000034,-29.81665993999991],[30.449499942999978,-29.81370993999991],[30.444909943000027,-29.80594006499996],[30.446989943000176,-29.803469939999957],[30.43960006800006,-29.79562006499998],[30.441199943000186,-29.790950064999947],[30.436999943000103,-29.79198993999995],[30.436119943000165,-29.80210993999998],[30.4307199430001,-29.80460006499993],[30.422789970000053,-29.794969970999944],[30.426539944000183,-29.792599938999956],[30.39975997100015,-29.761599970999953],[30.396440068000175,-29.764569939999944],[30.396509943000183,-29.758400064999876],[30.399539943000036,-29.748629939999944],[30.416470042000128,-29.744199944999934],[30.41723994300014,-29.73430993999989],[30.426299943000117,-29.736279939999918],[30.42451994300012,-29.7303199399999],[30.427690068000118,-29.728669939999975],[30.454479943000138,-29.730910064999875],[30.49765994300003,-29.719539939999947],[30.495359942999983,-29.705459939999912],[30.466039943,-29.672200064999913],[30.48319994299999,-29.646549939999943],[30.480979943000193,-29.640169939999964],[30.476109943000097,-29.639629939999963],[30.476209943000015,-29.630320064999978],[30.491969943000186,-29.625569939999878],[30.54387994299998,-29.62904006499997],[30.530729943000154,-29.582539939999833],[30.512720068000135,-29.583249939999973],[30.512759943000106,-29.567930064999928],[30.533049943000094,-29.561509939999894],[30.535769943000105,-29.557439939999938],[30.536479943000188,-29.568219939999892],[30.542270068000107,-29.57017993999989],[30.55579994300001,-29.553339939999944],[30.572419943000114,-29.54666993999996],[30.578089943000123,-29.548589939999943],[30.582429943000193,-29.55975993999988],[30.591199943000163,-29.551420064999945],[30.618059943,-29.549960064999937],[30.624639943000147,-29.552769939999905],[30.626839943000107,-29.564019939999923],[30.615609943000152,-29.57261993999998],[30.64559994300015,-29.584999939999875],[30.646319943000037,-29.597310064999874],[30.642739943000095,-29.601700064999932],[30.635710943000106,-29.60173093999998],[30.643869943000027,-29.615639939999937],[30.64286994300005,-29.623749939999925],[30.65173994300011,-29.621689939999953],[30.65476994300019,-29.625339939999947],[30.67375294300018,-29.619902064999962],[30.67412994300014,-29.604659939999976],[30.683959943000048,-29.60042006499998],[30.71721994300009,-29.60698993999989],[30.72851994300015,-29.60427993999997],[30.724659943000177,-29.60017993999992],[30.72876994300003,-29.5972599399999],[30.723679943000093,-29.58071993999988],[30.725709943000027,-29.56631993999997],[30.761029943000096,-29.566250064999963],[30.779579943000158,-29.575189939999916],[30.788449943000103,-29.572429939999893],[30.788799943000072,-29.565269939999894],[30.808519943000135,-29.598120064999932],[30.81435006800018,-29.62343993999997],[30.829179943000156,-29.62758993999995],[30.8254199430001,-29.61812993999996],[30.82931994300003,-29.615729939999937],[30.84582994300007,-29.627109939999855],[30.86248994300007,-29.617390064999938],[30.874619943000084,-29.617719939999972],[30.877509943000064,-29.599289939999892],[30.88249994300014,-29.59480006499996],[30.89393006800003,-29.59344993999997],[30.892649943000094,-29.587929939999924],[30.90702994300011,-29.58668993999993],[30.90049994300017,-29.59965993999998],[30.906999943000073,-29.603389939999943],[30.923815943000193,-29.59976906499992],[30.929838877000122,-29.607988633999923],[30.945290093000096,-29.606917092999936],[30.96227919200004,-29.645696620999843],[30.970391943000095,-29.645177939999826],[30.983538943000042,-29.652562064999984],[30.99033581800012,-29.650661064999895],[30.990866068000116,-29.661656064999875],[30.98350219300005,-29.663998189999973],[30.987059943000077,-29.67127793999998],[31.000887569000042,-29.672155136999947],[31.002107802000182,-29.66494420399988],[30.99809794300012,-29.658622064999918],[31.004483943000025,-29.658409939999956],[31.005714318000173,-29.652369689999944],[31.024677193000173,-29.653554564999865],[31.045248943,-29.66058893999997],[31.04046804500001,-29.668203735999953],[31.046700562000126,-29.666296098999908],[31.05384632300013,-29.677573003999953],[31.05888003200016,-29.671852110999907],[31.060206758000106,-29.676784807999923],[31.10712494300003,-29.67863493999988],[31.112843942999973,-29.683866939999973],[31.056799943000044,-29.776529939999932],[31.038879943000097,-29.821180064999908],[31.036819943000182,-29.834469939999963],[31.040809943000056,-29.854889939999907],[31.05163994300017,-29.86867993999988],[31.064009943000144,-29.865420064999967],[31.05964994300018,-29.879509939999934],[30.968519943000103,-29.982329939999886],[30.894909943000187,-30.04556993999995],[30.86324694300015,-30.09352994099993],[30.847696068000175,-30.13038094099994],[30.835024818000193,-30.12435256599997]]]},"properties":{"area_code_id":"031","area_codes":["031"],"area_code_label":"031","prefix_1":"3","ward_count":107}},{"type":"Feature","geometry":{"type":"Polygon","coordinates":[[[31.10712494300003,-29.67863493999988],[31.059866572000033,-29.676597705999882],[31.058420781000052,-29.671809587999917],[31.05384632300013,-29.677573003999953],[31.046700562000126,-29.666296098999908],[31.04046804500001,-29.668203735999953],[31.045248943,-29.66058893999997],[31.024677193000173,-29.653554564999865],[31.005714318000173,-29.652369689999944],[31.004483943000025,-29.658409939999956],[30.99809794300012,-29.658622064999918],[31.002107802000182,-29.66494420399988],[31.000887569000042,-29.672155136999947],[30.987059943000077,-29.67127793999998],[30.98350219300005,-29.663998189999973],[30.990866068000116,-29.661656064999875],[30.99033581800012,-29.650661064999895],[30.983538943000042,-29.652562064999984],[30.970391943000095,-29.645177939999826],[30.96227919200004,-29.645696620999843],[30.945290093000096,-29.606917092999936],[30.929838877000122,-29.607988633999923],[30.923815943000193,-29.59976906499992],[30.906999943000073,-29.603389939999943],[30.90049994300017,-29.59965993999998],[30.907389943000055,-29.586770064999882],[30.892649943000094,-29.587929939999924],[30.89393006800003,-29.59344993999997],[30.88249994300014,-29.59480006499996],[30.877509943000064,-29.599289939999892],[30.874619943000084,-29.617719939999972],[30.86248994300007,-29.617390064999938],[30.84582994300007,-29.627109939999855],[30.82931994300003,-29.615729939999937],[30.8254199430001,-29.61812993999996],[30.829179943000156,-29.62758993999995],[30.81435006800018,-29.62343993999997],[30.808519943000135,-29.598120064999932],[30.788799943000072,-29.565269939999894],[30.788449943000103,-29.572429939999893],[30.779579943000158,-29.575189939999916],[30.761029943000096,-29.566250064999963],[30.725709943000027,-29.56631993999997],[30.727179943000124,-29.57093993999996],[30.71309994300009,-29.571700064999902],[30.70361994300015,-29.56678993999998],[30.70597994299999,-29.535369939999953],[30.70995994300017,-29.527080064999836],[30.71866994300018,-29.530129939999938],[30.72260994300018,-29.52768993999996],[30.724449943000025,-29.502350064999916],[30.734489943000085,-29.495619939999983],[30.742729943000143,-29.480399939999927],[30.748559943000032,-29.464009939999983],[30.748089943000082,-29.453430939999976],[30.768129943000133,-29.455040064999935],[30.766180068000153,-29.487989939999977],[30.790309943000125,-29.476279939999984],[30.793549943000187,-29.44954993999994],[30.803425943000036,-29.44167693999998],[30.80718906800007,-29.452414939999983],[30.819102655,-29.45012449199993],[30.82327442200011,-29.45797343299995],[30.8396884390001,-29.46204761699994],[30.861402690999967,-29.45470643799996],[30.870827943,-29.44498906499996],[30.882709943000123,-29.451002939999967],[30.884670943000174,-29.46079493999997],[30.889251943000147,-29.456909064999877],[30.913752568000064,-29.465510439999946],[30.92963781800006,-29.47918756499996],[30.931769818000078,-29.483013689999893],[30.92841956799998,-29.48375131499995],[30.945816291000142,-29.496623869999894],[30.9584116690001,-29.49192743799989],[30.968426460000103,-29.50032169699989],[30.976520943000082,-29.493848939999964],[30.982950943000105,-29.475431939999908],[30.99931994300016,-29.45968706499997],[31.00658594300006,-29.457356939999897],[31.00319155600016,-29.44084394299989],[31.00785284500006,-29.43674208799996],[31.012731943000176,-29.438114939999934],[31.002273943000148,-29.42716606499988],[31.004311943,-29.40605593999993],[31.028048109000054,-29.36644898399993],[31.011240568000176,-29.362795189999872],[31.01140794300005,-29.366496939999934],[31.002685916000075,-29.367203160999907],[30.992627943000173,-29.361198064999883],[30.98467175400009,-29.37374803199998],[30.9723443580001,-29.375141525999936],[30.96046994300019,-29.370239939999976],[30.972034943000153,-29.357429564999904],[30.959846787000174,-29.354410580999968],[30.949037006000083,-29.360288985999887],[30.951861029000042,-29.363309240999968],[30.944097098000043,-29.36289118299993],[30.945044127000187,-29.366739020999944],[30.93983973400009,-29.366824338999834],[30.943866740000033,-29.370441818999893],[30.942487283,-29.375672320999968],[30.934292568000103,-29.373870564999947],[30.93507681800014,-29.36891468999994],[30.929728693000072,-29.365520689999983],[30.932789943000046,-29.357503939999958],[30.888378318000036,-29.36902556499996],[30.883667943000148,-29.37314793999991],[30.888539943000183,-29.37628006499989],[30.91948994300003,-29.38471993999991],[30.89690994300014,-29.40754993999991],[30.890339943000072,-29.40883993999995],[30.888391943000045,-29.41561293999996],[30.85006594300006,-29.403696939999975],[30.85425294300012,-29.390282939999963],[30.841853943000046,-29.395636939999918],[30.834538941,-29.393204164999872],[30.831456879000086,-29.4027453249999],[30.812217943000064,-29.40177793999993],[30.81442019299999,-29.36980843999993],[30.807655068000088,-29.371913189999873],[30.790228693000188,-29.355082689999904],[30.774874965000095,-29.350414410999917],[30.797138414000187,-29.311708229999965],[30.80313620600009,-29.312150172999907],[30.800295146000053,-29.307162534999975],[30.805798384000127,-29.308351570999946],[30.80555636800017,-29.30513170399996],[30.81257483600018,-29.304963344999976],[30.81465828000006,-29.300312425999948],[30.82353922100009,-29.299754735999898],[30.82267638100012,-29.296671660999948],[30.833198823000146,-29.297324051999965],[30.83635157599997,-29.289953949999983],[30.827759943000103,-29.265070064999975],[30.798789943000145,-29.24998993999992],[30.807279943000026,-29.228479939999943],[30.79369994300015,-29.20863493999991],[30.81246706800016,-29.20518006499998],[30.805181818000108,-29.200603814999965],[30.81074381800005,-29.194036564999976],[30.807466068000053,-29.186755439999956],[30.82078519300012,-29.175542189999874],[30.83491313999997,-29.17153477399995],[30.848590240000078,-29.1562192479999],[30.835804699000107,-29.13949160599998],[30.844327501000066,-29.136606961999973],[30.851019943000153,-29.14077493999997],[30.866849943000034,-29.13413006499991],[30.87658994300017,-29.12461993999989],[30.892649943000094,-29.125659939999878],[30.894389943000192,-29.12125993999996],[30.911048943000083,-29.114793939999913],[30.926144943000168,-29.117333939999924],[30.94056794300019,-29.109369939999965],[30.94804212100007,-29.120609594999905],[30.952394943000172,-29.121449939999877],[30.955761033000158,-29.13223230899996],[30.967807643000185,-29.132810829999926],[30.971104559000082,-29.127010361999965],[30.97966794100006,-29.12348930199994],[30.987207318000117,-29.091985189999946],[30.995314377000057,-29.102719774999912],[31.005063632000144,-29.10156496099995],[31.00854488900012,-29.10759118199985],[31.04878814800003,-29.108134784999947],[31.072509688000025,-29.092831728999954],[31.07612098500016,-29.08579971099988],[31.080967231000045,-29.086638483999934],[31.08103898100012,-29.110134450999965],[31.092131775000098,-29.120343290999983],[31.09662350500014,-29.116235164999978],[31.11313794300014,-29.12916993999994],[31.130669942999987,-29.132236064999972],[31.139750943000138,-29.13939006499993],[31.139901693000184,-29.12894231499996],[31.144618694000144,-29.12362718999998],[31.16088997000014,-29.122363811999833],[31.167300524000098,-29.139023346999977],[31.169961334000163,-29.13403480599993],[31.183698944000128,-29.129777064999928],[31.190841231000036,-29.110493483999903],[31.209539944000028,-29.09627293999995],[31.213389944000085,-29.105339939999908],[31.23397994400017,-29.109749939999915],[31.24821994400014,-29.12334993999997],[31.249449944000105,-29.147209939999982],[31.268609944000048,-29.140699939999934],[31.27891994400011,-29.117639939999947],[31.289629944000183,-29.11428993999988],[31.298389944000064,-29.141880064999896],[31.28458006900007,-29.163060064999968],[31.306739944000128,-29.174729939999906],[31.304889943999967,-29.157099939999966],[31.318329944000027,-29.150159939999924],[31.317279999000107,-29.144179996999867],[31.3256,-29.13852],[31.31808006900002,-29.128789939999933],[31.332310000000177,-29.13109],[31.3339,-29.12743],[31.325670000000173,-29.12057],[31.332989944000076,-29.121090064999976],[31.337729944000046,-29.116939939999952],[31.324109944000043,-29.11208993999992],[31.32447994400013,-29.10901993999994],[31.334099944000116,-29.108910064999975],[31.32772994400011,-29.102799939999898],[31.332439944000043,-29.099429939999936],[31.34622994400013,-29.101489939999965],[31.340729944000145,-29.09507993999995],[31.34712006900014,-29.093320064999887],[31.34034994400014,-29.086829939999973],[31.355909944000075,-29.087129939999897],[31.361519944000065,-29.09195993999998],[31.386969944000157,-29.067700064999883],[31.38562994400013,-29.058140064999975],[31.37884994400008,-29.062769939999896],[31.363289944000144,-29.059959939999942],[31.371920069000055,-29.055009939999934],[31.375769944000183,-29.038630064999893],[31.381083862000025,-29.032580310999947],[31.38474597900006,-29.036433117999934],[31.40420503600012,-29.03570069499989],[31.411519037000176,-29.044128235999892],[31.42585094400016,-29.045882939999956],[31.432186150000177,-29.052597842999887],[31.437819689000094,-29.04979178399998],[31.44385009400014,-29.059352144999934],[31.454159062000087,-29.055274286999918],[31.458681593000108,-29.057341728999916],[31.462848782000037,-29.04878122499997],[31.473261367000134,-29.059710716999916],[31.485706112000116,-29.058900139999935],[31.48711270200016,-29.06128418999998],[31.482320760000164,-29.06271462099994],[31.486004428000115,-29.067226953999977],[31.477949656000135,-29.07416254799989],[31.477818943999978,-29.082013064999956],[31.47841894400011,-29.08984493999992],[31.487373944000126,-29.10375893999992],[31.51471399900015,-29.088438371999928],[31.522955352000167,-29.09465444799997],[31.531865612000047,-29.091925488999948],[31.539548354000146,-29.096705762999875],[31.52337194400019,-29.111275939999928],[31.52285183300006,-29.11776003199992],[31.537185076000185,-29.120095283999888],[31.551566104000074,-29.116808499999877],[31.568732893000174,-29.126006582999878],[31.58236806900004,-29.121094939999978],[31.596486944000162,-29.130843939999977],[31.600686944000074,-29.135363939999877],[31.571289944000114,-29.168169939999814],[31.50024994400019,-29.230139939999958],[31.48911994400015,-29.235110064999958],[31.48211994400009,-29.247589939999955],[31.45219994400003,-29.268769939999913],[31.437759944,-29.292739939999933],[31.34006994400005,-29.382799939999984],[31.33423994400016,-29.39670993999988],[31.318019944000127,-29.40984006499997],[31.28532994400001,-29.45498993999996],[31.235659944000076,-29.50795993999992],[31.223519944000145,-29.53657993999991],[31.185754944000053,-29.57178493999993],[31.132589943000085,-29.64624993999996],[31.112843942999973,-29.683866939999973],[31.10712494300003,-29.67863493999988]]]},"properties":{"area_code_id":"032","area_codes":["032"],"area_code_label":"032","prefix_1":"3","ward_count":75}},{"type":"Feature","geometry":{"type":"MultiPolygon","coordinates":[[[[29.7800060670001,-30.036407314999906],[29.76773894200005,-30.045758814999942],[29.79109494200003,-30.056540064999922],[29.789009942000177,-30.06065006499989],[29.771509942000137,-30.061509939999894],[29.768629942000018,-30.069600064999975],[29.752859942000157,-30.076879939999912],[29.74854994200001,-30.073819939999964],[29.75188994200016,-30.06716993999987],[29.749220067000124,-30.06295993999987],[29.746239942000045,-30.069839939999895],[29.73411006700013,-30.07167993999991],[29.730819942000153,-30.08632993999987],[29.723660067000083,-30.079139939999948],[29.716189942000085,-30.08481993999993],[29.69761994200013,-30.075809939999942],[29.690619942000012,-30.083599939999942],[29.674969942000132,-30.080109939999943],[29.670539942,-30.071500064999952],[29.675459942000145,-30.068239939999955],[29.666039942,-30.06358006499994],[29.660600067000132,-30.065120064999917],[29.653740067000115,-30.047919939999815],[29.636579942000026,-30.03523006499995],[29.632069942000044,-30.033919939999976],[29.628399942000158,-30.03953993999994],[29.617659942000046,-30.03750993999995],[29.617569942000102,-30.042629939999983],[29.611226941999973,-30.04303306499986],[29.61001994200012,-30.038269939999907],[29.594759942000167,-30.04370993999993],[29.591609942000105,-30.03323993999993],[29.579289942,-30.03575993999982],[29.57638006700006,-30.03013993999997],[29.580139942000187,-30.026969939999958],[29.561829942000088,-30.016949939999904],[29.560749942000086,-30.010859939999875],[29.555329942000128,-30.013930064999897],[29.55618994200006,-30.021279939999886],[29.553369942000188,-30.022149939999906],[29.551709942000116,-30.011229939999964],[29.532559942000148,-30.00368993999996],[29.528650067000058,-30.00952993999988],[29.53675994200006,-30.01932993999992],[29.528379942000186,-30.017409939999936],[29.520619942000053,-30.00837993999994],[29.513329942000155,-30.006869939999888],[29.514189942000087,-30.001930064999897],[29.508909942000173,-30.002879939999957],[29.51109006700017,-29.994620064999935],[29.50594994200003,-29.988919939999903],[29.494869942000093,-29.990620064999973],[29.493109942000103,-29.983639939999932],[29.48580994200006,-29.98447993999997],[29.48620994200013,-29.980809939999972],[29.493479942000192,-29.97835993999996],[29.481179942000153,-29.978749939999886],[29.47951994200008,-29.972650064999925],[29.485199942000065,-29.969859939999935],[29.4794449420001,-29.964890064999963],[29.47003994200014,-29.966759939999918],[29.465929942000116,-29.96339993999993],[29.460509942000158,-29.96956993999993],[29.44215994200016,-29.970719939999924],[29.429289942000025,-29.977759939999885],[29.407710067000153,-29.966819939999937],[29.40427994200013,-29.959959939999976],[29.39300994200005,-29.956849939999927],[29.390839942000127,-29.951280064999878],[29.39567006700014,-29.946900064999966],[29.384320067000033,-29.94799993999993],[29.3768699420001,-29.938700064999978],[29.37267994200016,-29.944270064999955],[29.35836994200008,-29.939259939999943],[29.3539499420001,-29.94353006499989],[29.3511799420001,-29.939619939999943],[29.344519942000034,-29.94140993999997],[29.34427994200007,-29.945289939999952],[29.340360067000063,-29.940079939999976],[29.30515994200016,-29.94410993999992],[29.30619994200009,-29.94050993999997],[29.29347994200009,-29.936010064999948],[29.287169942000105,-29.942290064999895],[29.278139942000053,-29.94255993999991],[29.27913994200003,-29.939189939999892],[29.273010067000087,-29.93401993999987],[29.26606994200006,-29.935100064999972],[29.254619942000033,-29.926069939999877],[29.252349942000137,-29.918149939999978],[29.24480994200013,-29.920249939999962],[29.240549942000087,-29.91447993999998],[29.23294994200006,-29.915319939999904],[29.22021994200003,-29.905749939999907],[29.205899941999974,-29.904800064999904],[29.168824942000185,-29.912705064999955],[29.158219942000017,-29.905969939999977],[29.163560067,-29.89298993999995],[29.162609942000188,-29.88354993999991],[29.14887994200012,-29.883929939999916],[29.141409942000053,-29.877140064999878],[29.145399942000154,-29.868249939999828],[29.138769942000124,-29.86103006499991],[29.111939942000106,-29.854190064999955],[29.10122994200003,-29.846499939999944],[29.113679942000033,-29.841429939999955],[29.118299942000192,-29.833380064999915],[29.12880994200009,-29.83161993999994],[29.131579942000144,-29.825899939999886],[29.129450067,-29.81889993999988],[29.132509942000127,-29.814829939999925],[29.12365994200013,-29.807329939999875],[29.131089942000074,-29.773219939999876],[29.123589942000024,-29.76739993999996],[29.134799942000086,-29.765049939999983],[29.13383006700002,-29.761179939999863],[29.13995994200019,-29.759090064999953],[29.135969942000088,-29.739110064999977],[29.146039942000186,-29.740989939999906],[29.15157994200007,-29.733629939999958],[29.145239942000046,-29.71640993999989],[29.150669942000093,-29.708509939999942],[29.160699942000065,-29.70679006499995],[29.162429942000017,-29.677259939999885],[29.176169942,-29.67719993999998],[29.18276994200005,-29.668090064999944],[29.191079942000158,-29.670719939999913],[29.20014994200011,-29.659859939999933],[29.208559942000193,-29.659769939999933],[29.21798994200003,-29.64742993999988],[29.229579942000157,-29.646510064999973],[29.234969942000077,-29.639659939999945],[29.240249942000105,-29.64246006499991],[29.264649942000176,-29.63898993999993],[29.277329942,-29.644770064999932],[29.28229994200018,-29.642709939999975],[29.28712994200015,-29.627660064999873],[29.282679942000186,-29.62143993999996],[29.292410067000105,-29.61634006499986],[29.29313994200004,-29.608819939999876],[29.285169942000152,-29.584479939999937],[29.31633994200007,-29.58313993999991],[29.325129942000103,-29.56980006499998],[29.305639942000084,-29.554249939999977],[29.312669942000184,-29.545799939999938],[29.313009942000065,-29.536910064999972],[29.293239942000127,-29.51721993999996],[29.305130067000107,-29.517050064999864],[29.306900067000186,-29.510309939999956],[29.293319941999982,-29.49005006499982],[29.30713994200005,-29.482860064999898],[29.31599994200019,-29.488049939999883],[29.323779942000158,-29.486850064999885],[29.319659942000158,-29.477910064999946],[29.327780067000106,-29.470699939999975],[29.339429942000095,-29.472170064999943],[29.345899921000125,-29.465209949999974],[29.36311994199997,-29.470160064999902],[29.37308994200015,-29.46319993999998],[29.37710994200006,-29.454839939999943],[29.38756991200006,-29.455690064999942],[29.388539942000023,-29.451819939999893],[29.403370067000083,-29.444469939999976],[29.399619942000015,-29.435769939999886],[29.406639942000027,-29.420659939999894],[29.42261994200004,-29.41409993999997],[29.41853006700012,-29.40626993999996],[29.41951994200008,-29.396759939999924],[29.435859942000036,-29.396140064999884],[29.43639994200015,-29.386079939999945],[29.447030067000128,-29.376259939999898],[29.448939942000152,-29.368389939999872],[29.44163994200011,-29.3578199399999],[29.441719942000134,-29.345519939999974],[29.455459942000118,-29.341249939999955],[29.461779942000078,-29.34827993999994],[29.471659942000088,-29.344719939999948],[29.481179942000153,-29.34668006499993],[29.506799942000043,-29.339779939999914],[29.515249942000025,-29.326139939999962],[29.540059942000028,-29.35134006499993],[29.559089942000014,-29.337439939999967],[29.578629942000134,-29.33552006499997],[29.578599942000153,-29.299079939999842],[29.569829942000126,-29.29037993999998],[29.609740067000132,-29.248649939999893],[29.63033994200009,-29.268799939999838],[29.65521994200003,-29.25596993999983],[29.66612994200017,-29.254910064999876],[29.668109942000058,-29.25729993999994],[29.651079941999967,-29.262770064999984],[29.64591994200009,-29.270569939999916],[29.638709942000048,-29.27261006499998],[29.62795994200019,-29.285449939999978],[29.63102994200017,-29.28558006499992],[29.631779942000037,-29.291490064999948],[29.652099942000177,-29.29707993999989],[29.678929942000025,-29.295870064999974],[29.686669942000037,-29.298499939999886],[29.685689942000124,-29.302539939999974],[29.753790067000068,-29.28325993999988],[29.753459942000063,-29.242069939999908],[29.767989942000042,-29.220699939999975],[29.764799942000025,-29.217259939999963],[29.73057994200019,-29.227029939999852],[29.755719942000155,-29.206939939999984],[29.780579942000088,-29.19276993999995],[29.787039942000035,-29.197369939999874],[29.797159942000178,-29.188180064999983],[29.800059969000074,-29.217139941999903],[29.85485994200019,-29.218079939999882],[29.86846994500013,-29.19784006599997],[29.87313994200008,-29.183039939999958],[29.926899942000034,-29.121849939999947],[29.94976994200016,-29.13117993999998],[29.962329942,-29.099719939999943],[29.985739942,-29.086259939999877],[30.02583994200006,-29.089629939999895],[30.027989942000147,-29.05932006499995],[30.063349942000173,-29.056040064999877],[30.0503199420001,-29.0272399399999],[30.071779943000024,-29.011880063999854],[30.086179943000047,-28.966530063999926],[30.113049943000192,-28.978799938999884],[30.113501505000045,-28.973209183999984],[30.108380964000162,-28.967235218999917],[30.112526164000087,-28.96674754799983],[30.108868634000146,-28.960529747999885],[30.11398917600019,-28.95614071299991],[30.104601517000162,-28.954921535999915],[30.10338234000011,-28.949679077999974],[30.11142890499997,-28.922369523999976],[30.12203574000017,-28.91895582999996],[30.121309068000073,-28.90930893899997],[30.15112294300019,-28.89431006399991],[30.13653594300007,-28.886585063999973],[30.119991943000116,-28.836204938999913],[30.112560943000062,-28.79874993899989],[30.035466067000073,-28.799277313999937],[30.04981194200019,-28.76525606399997],[30.051036317000182,-28.741858563999926],[30.090269446000093,-28.71585706699983],[30.090531694000163,-28.70219390899996],[30.095906219000142,-28.697883845999968],[30.092161294000164,-28.690106383999932],[30.09713619400003,-28.685006407999936],[30.097285943000088,-28.660520063999968],[30.109388475000117,-28.649556666999956],[30.114782503000185,-28.63136876599998],[30.123011688000076,-28.624222309999936],[30.12297384600015,-28.61500315899991],[30.139958990000082,-28.619088905999945],[30.148692943000185,-28.61166293899987],[30.151470943000163,-28.59466893899986],[30.157105113000057,-28.59556794499997],[30.157760948000032,-28.580722229999935],[30.166417322000086,-28.57044303899994],[30.164937620000046,-28.563096756999983],[30.15893806800011,-28.56034743899994],[30.158112943000162,-28.547061063999934],[30.18448000000012,-28.53515],[30.202248182000176,-28.547035357999903],[30.208366725000076,-28.538261691999878],[30.222431852000057,-28.549452664999933],[30.242482757,-28.536233748999962],[30.246579943000086,-28.550239938999937],[30.222699943000123,-28.5666899389999],[30.22072994300015,-28.57331993899993],[30.22608994300009,-28.58722006399995],[30.236379943000088,-28.58958006399996],[30.233969942999977,-28.621189938999976],[30.250009943,-28.636470063999923],[30.24426994300012,-28.644819938999888],[30.25390994300011,-28.64588993899997],[30.2597899430001,-28.65241006399998],[30.27926594300004,-28.649966938999967],[30.347084943000084,-28.66778693899994],[30.353587943000093,-28.654971938999893],[30.37871794300014,-28.658747938999966],[30.38526894300003,-28.652530938999917],[30.41883669300006,-28.657968438999944],[30.436902193000037,-28.651583063999908],[30.45584956800019,-28.653606688999957],[30.478268347000153,-28.647163589999934],[30.487586090000093,-28.655101196999965],[30.50823500600012,-28.65619343999998],[30.522110438000084,-28.666760696999916],[30.52296074100019,-28.675710796999965],[30.54820854200011,-28.674476872999946],[30.56297594300014,-28.66507293899997],[30.563712497000154,-28.65463304999986],[30.568525227000066,-28.648572214999945],[30.58267194300015,-28.64356206399998],[30.589395068000158,-28.648334938999938],[30.601561943000092,-28.64705093899994],[30.621099943,-28.629919938999933],[30.629599943000017,-28.636359938999874],[30.633819943000162,-28.629429938999976],[30.64110994300006,-28.627230063999946],[30.650509943000145,-28.631539938999936],[30.66455994300003,-28.621869938999907],[30.66688006800007,-28.626299938999978],[30.659489943000096,-28.638309938999953],[30.66730994300019,-28.63876006399994],[30.671459943000173,-28.650290063999876],[30.68407994300003,-28.660759938999888],[30.681999943000108,-28.668689938999933],[30.668419943000174,-28.68549993899984],[30.651689943000065,-28.689109938999934],[30.635299943000064,-28.698929938999925],[30.624929942999984,-28.69899993899986],[30.62056994300019,-28.70983993899995],[30.649649943000043,-28.720290063999983],[30.653829943000062,-28.74055993899998],[30.665339943000106,-28.746880063999924],[30.69224994300015,-28.732449938999935],[30.714779943000167,-28.738479938999888],[30.71882994300006,-28.750239938999925],[30.729190068000094,-28.75672006399998],[30.729739943000027,-28.76091993899996],[30.721009943000126,-28.768439938999904],[30.69964994300011,-28.770990063999932],[30.69639994300013,-28.775990063999927],[30.69908994300016,-28.783179938999922],[30.727719943000068,-28.795039938999878],[30.737669943000128,-28.803759938999917],[30.743779943000163,-28.80379993899993],[30.747989943000107,-28.79681993899993],[30.739869943000087,-28.77460993899996],[30.745709943000122,-28.765769938999938],[30.76302859100008,-28.760908610999877],[30.77342049700019,-28.770199325999897],[30.787951813000063,-28.79428337999991],[30.775745943,-28.81576993899995],[30.780527943000095,-28.82908993899997],[30.821115943000166,-28.840445938999892],[30.86392406800013,-28.883971938999935],[30.924499943000114,-28.902849938999964],[30.919219943000087,-28.908489938999878],[30.931929943000114,-28.930359938999914],[30.94304794300001,-28.92427793899998],[30.948176068000066,-28.915819938999846],[30.95942794300015,-28.914240063999955],[30.962371943,-28.90831393899998],[30.974722443000132,-28.906521438999903],[30.981273943000076,-28.901456063999944],[30.99060706800003,-28.904598813999883],[31.002548568000066,-28.90114481399985],[31.007693943000106,-28.907188937999877],[31.00363749899998,-28.913496318999876],[31.017080000000135,-28.913459999999873],[31.010825568000087,-28.91653768899988],[30.994532943000024,-28.939267938999876],[30.99825694300017,-28.94589006399997],[30.992732943000135,-28.951859938999917],[30.994793693000133,-28.961995938999962],[30.968094943000153,-28.96153793899998],[30.947099943000126,-28.9698099389999],[30.980179943000167,-28.969889938999927],[31.001219942999967,-29.043309939999972],[31.00654094300006,-29.04295793999995],[31.00760219300014,-29.038609564999888],[31.020886193000024,-29.038128689999894],[31.024964693000186,-29.03195168999997],[31.028562443000112,-29.037176939999938],[31.035972068000092,-29.038542689999872],[31.047128693000104,-29.028332939999927],[31.076591193000183,-29.035809189999895],[31.053543199000103,-29.055971992999844],[31.046143731000143,-29.068097589999923],[31.048543057000074,-29.07336413799993],[31.039385208000056,-29.092152501999976],[31.038958699000034,-29.107284447999973],[31.00854488900012,-29.10759118199985],[31.005063632000144,-29.10156496099995],[30.995314377000057,-29.102719774999912],[30.987207318000117,-29.091985189999946],[30.97966794100006,-29.12348930199994],[30.971104559000082,-29.127010361999965],[30.967807643000185,-29.132810829999926],[30.955761033000158,-29.13223230899996],[30.952394943000172,-29.121449939999877],[30.94804212100007,-29.120609594999905],[30.94056794300019,-29.109369939999965],[30.926144943000168,-29.117333939999924],[30.911048943000083,-29.114793939999913],[30.894389943000192,-29.12125993999996],[30.892649943000094,-29.125659939999878],[30.87658994300017,-29.12461993999989],[30.866849943000034,-29.13413006499991],[30.851019943000153,-29.14077493999997],[30.844327501000066,-29.136606961999973],[30.835804699000107,-29.13949160599998],[30.848590240000078,-29.1562192479999],[30.83491313999997,-29.17153477399995],[30.82078519300012,-29.175542189999874],[30.807466068000053,-29.186755439999956],[30.81074381800005,-29.194036564999976],[30.805181818000108,-29.200603814999965],[30.81246706800016,-29.20518006499998],[30.79369994300015,-29.20863493999991],[30.807279943000026,-29.228479939999943],[30.798789943000145,-29.24998993999992],[30.827759943000103,-29.265070064999975],[30.83635157599997,-29.289953949999983],[30.833198823000146,-29.297324051999965],[30.82267638100012,-29.296671660999948],[30.82353922100009,-29.299754735999898],[30.81465828000006,-29.300312425999948],[30.81257483600018,-29.304963344999976],[30.80555636800017,-29.30513170399996],[30.805798384000127,-29.308351570999946],[30.800295146000053,-29.307162534999975],[30.80313620600009,-29.312150172999907],[30.797138414000187,-29.311708229999965],[30.774874965000095,-29.350414410999917],[30.790228693000188,-29.355082689999904],[30.807655068000088,-29.371913189999873],[30.81442019299999,-29.36980843999993],[30.812217943000064,-29.40177793999993],[30.831456879000086,-29.4027453249999],[30.834538941,-29.393204164999872],[30.841853943000046,-29.395636939999918],[30.85425294300012,-29.390282939999963],[30.85006594300006,-29.403696939999975],[30.888391943000045,-29.41561293999996],[30.890339943000072,-29.40883993999995],[30.89690994300014,-29.40754993999991],[30.91948994300003,-29.38471993999991],[30.888539943000183,-29.37628006499989],[30.883667943000148,-29.37314793999991],[30.888378318000036,-29.36902556499996],[30.932789943000046,-29.357503939999958],[30.929728693000072,-29.365520689999983],[30.93507681800014,-29.36891468999994],[30.934292568000103,-29.373870564999947],[30.942487283,-29.375672320999968],[30.943866740000033,-29.370441818999893],[30.93983973400009,-29.366824338999834],[30.945044127000187,-29.366739020999944],[30.944097098000043,-29.36289118299993],[30.951861029000042,-29.363309240999968],[30.949037006000083,-29.360288985999887],[30.959846787000174,-29.354410580999968],[30.972034943000153,-29.357429564999904],[30.96046994300019,-29.370239939999976],[30.9723443580001,-29.375141525999936],[30.98467175400009,-29.37374803199998],[30.992627943000173,-29.361198064999883],[31.002685916000075,-29.367203160999907],[31.01140794300005,-29.366496939999934],[31.011240568000176,-29.362795189999872],[31.028048109000054,-29.36644898399993],[31.004311943,-29.40605593999993],[31.002273943000148,-29.42716606499988],[31.012731943000176,-29.438114939999934],[31.00785284500006,-29.43674208799996],[31.00319155600016,-29.44084394299989],[31.00658594300006,-29.457356939999897],[30.99931994300016,-29.45968706499997],[30.982950943000105,-29.475431939999908],[30.974626547000184,-29.496999367999877],[30.96773331200012,-29.50033125799996],[30.9584116690001,-29.49192743799989],[30.945816291000142,-29.496623869999894],[30.92841956799998,-29.48375131499995],[30.931769818000078,-29.483013689999893],[30.92963781800006,-29.47918756499996],[30.913752568000064,-29.465510439999946],[30.889251943000147,-29.456909064999877],[30.884670943000174,-29.46079493999997],[30.882709943000123,-29.451002939999967],[30.870827943,-29.44498906499996],[30.861402690999967,-29.45470643799996],[30.8396884390001,-29.46204761699994],[30.82327442200011,-29.45797343299995],[30.819102655,-29.45012449199993],[30.80718906800007,-29.452414939999983],[30.803425943000036,-29.44167693999998],[30.793549943000187,-29.44954993999994],[30.790309943000125,-29.476279939999984],[30.766180068000153,-29.487989939999977],[30.768129943000133,-29.455040064999935],[30.748089943000082,-29.453430939999976],[30.748559943000032,-29.464009939999983],[30.742729943000143,-29.480399939999927],[30.734489943000085,-29.495619939999983],[30.724449943000025,-29.502350064999916],[30.72260994300018,-29.52768993999996],[30.71866994300018,-29.530129939999938],[30.709739943000045,-29.527229939999984],[30.703999943000156,-29.545459939999944],[30.704849943000113,-29.56849993999998],[30.70894994300005,-29.571469939999872],[30.727179943000124,-29.57093993999996],[30.723679943000093,-29.58071993999988],[30.728759943000114,-29.596870064999962],[30.724659943000177,-29.60017993999992],[30.72861994300007,-29.604180064999866],[30.71721994300009,-29.60698993999989],[30.683959943000048,-29.60042006499998],[30.67412994300014,-29.604659939999976],[30.67375294300018,-29.619902064999962],[30.655089943,-29.625339939999947],[30.65173994300011,-29.621689939999953],[30.64286994300005,-29.623749939999925],[30.643869943000027,-29.615639939999937],[30.635710943000106,-29.60173093999998],[30.642739943000095,-29.601700064999932],[30.646319943000037,-29.597310064999874],[30.64559994300015,-29.584999939999875],[30.615609943000152,-29.57261993999998],[30.626839943000107,-29.564019939999923],[30.624639943000147,-29.552769939999905],[30.618059943,-29.549960064999937],[30.591199943000163,-29.551420064999945],[30.582429943000193,-29.55975993999988],[30.578089943000123,-29.548589939999943],[30.572419943000114,-29.54666993999996],[30.55579994300001,-29.553339939999944],[30.542270068000107,-29.57017993999989],[30.536479943000188,-29.568219939999892],[30.535769943000105,-29.557439939999938],[30.533049943000094,-29.561509939999894],[30.512759943000106,-29.567930064999928],[30.512720068000135,-29.583249939999973],[30.530729943000154,-29.582539939999833],[30.54387994299998,-29.62904006499997],[30.491969943000186,-29.625569939999878],[30.476209943000015,-29.630320064999978],[30.476109943000097,-29.639629939999963],[30.480979943000193,-29.640169939999964],[30.48319994299999,-29.646549939999943],[30.466039943,-29.672200064999913],[30.495359942999983,-29.705459939999912],[30.49765994300003,-29.719539939999947],[30.454479943000138,-29.730910064999875],[30.427690068000118,-29.728669939999975],[30.42451994300012,-29.7303199399999],[30.426299943000117,-29.736279939999918],[30.41723994300014,-29.73430993999989],[30.416470042000128,-29.744199944999934],[30.399539943000036,-29.748629939999944],[30.396509943000183,-29.758400064999876],[30.396440068000175,-29.764569939999944],[30.39975997100015,-29.761599970999953],[30.426539944000183,-29.792599938999956],[30.422789970000053,-29.794969970999944],[30.4307199430001,-29.80460006499993],[30.436119943000165,-29.80210993999998],[30.436999943000103,-29.79198993999995],[30.441199943000186,-29.790950064999947],[30.43960006800006,-29.79562006499998],[30.446989943000176,-29.803469939999957],[30.444909943000027,-29.80594006499996],[30.449499942999978,-29.81370993999991],[30.449139943000034,-29.81665993999991],[30.439329980000082,-29.815070015999936],[30.40917,-29.83868],[30.394650796000064,-29.867253956999946],[30.462351025000146,-29.877356693999957],[30.452909943000066,-29.888479939999968],[30.493019943000036,-29.89956006499989],[30.491599943000097,-29.920279939999887],[30.478159987000083,-29.92910995999995],[30.491779943000097,-29.93258006499991],[30.491789943000185,-29.940390024999886],[30.488599943000054,-29.938379939999948],[30.503059943000096,-29.96643993999993],[30.50657994300019,-29.962790064999922],[30.514269942999988,-29.967149939999956],[30.508479943,-29.971639939999932],[30.481779943000106,-29.96171993999991],[30.488839943000187,-29.980869939999877],[30.47150994300017,-29.994450064999967],[30.477969943000176,-30.018680064999955],[30.466640068,-30.019769939999833],[30.453340068000045,-30.01394006499993],[30.444509943000128,-30.0296499399999],[30.43718994300019,-30.03222393999988],[30.435376943000108,-30.02411706499987],[30.412296943000058,-30.03349793999996],[30.40819606800011,-30.040678939999964],[30.39832694300003,-30.02689393999998],[30.356089943000143,-30.04718506499995],[30.356049943000016,-30.039600064999945],[30.350229943000045,-30.03621006499992],[30.347180068000057,-30.037709939999957],[30.348399943000175,-30.04687993999994],[30.344219943000155,-30.04913006499993],[30.337969943000132,-30.04678993999994],[30.329019943000162,-30.03216006499997],[30.322649943000158,-30.034800064999956],[30.321519943000112,-30.043289939999966],[30.317229943000086,-30.045930064999936],[30.31665994300016,-30.035910064999882],[30.310079943000176,-30.030470064999918],[30.31250994300018,-30.019249939999952],[30.301469943000086,-30.013829939999937],[30.287949943,-30.017799939999975],[30.281400068000153,-30.004280064999932],[30.27308006800007,-30.007229939999945],[30.276999943000135,-30.015390064999906],[30.27392006800011,-30.021909939999944],[30.262039943000104,-30.011489939999876],[30.251100068000085,-30.01416993999993],[30.242559943000174,-30.007820064999976],[30.234929943,-30.012289939999903],[30.221399943000165,-30.010849939999957],[30.21242994300019,-30.017339939999943],[30.196459943000036,-30.012219939999966],[30.189089943000056,-30.002830064999955],[30.1645099430001,-29.99878006499995],[30.1613799430001,-29.988629939999896],[30.15031994300017,-29.982169939999892],[30.125069943000142,-29.982009939999898],[30.10893994300011,-29.976970064999875],[30.102759943000024,-29.971689939999976],[30.113399943,-29.966899939999962],[30.1106999430001,-29.957140064999976],[30.119089943000063,-29.94885993999992],[30.104989943000135,-29.94605006499995],[30.10401994299997,-29.940269939999894],[30.096089943000038,-29.949349939999877],[30.086260068,-29.94580993999989],[30.09106994299998,-29.935199939999904],[30.0836599430001,-29.92336993999993],[30.101389943000186,-29.912680064999904],[30.088599943000077,-29.904039939999905],[30.07808994300018,-29.907869939999898],[30.07005994300016,-29.902639939999972],[30.067909943000075,-29.894979939999928],[30.061049942000125,-29.897409939999875],[30.060679942000036,-29.890239939999958],[30.066189942000108,-29.88543993999997],[30.063610067000127,-29.872480064999877],[30.068069943000182,-29.861329939999962],[30.064209942000105,-29.85921993999989],[30.06156994200012,-29.866439939999964],[30.055269942000052,-29.87019006499986],[30.036449942000047,-29.866659939999977],[30.036219942,-29.8474399399999],[30.049029942000175,-29.835059939999894],[30.045361357000104,-29.829961907999973],[30.010145947000126,-29.805499761999954],[30.00398517900004,-29.812568517999978],[29.992931707000082,-29.806192000999943],[29.99073780900011,-29.816339310999865],[29.98345592800007,-29.811974807999945],[29.976643427000113,-29.817155453999874],[29.96687033100011,-29.810043296999936],[29.961427173,-29.810665774999904],[29.9526194230001,-29.795733763999976],[29.958666283000184,-29.78231722299995],[29.956539927000108,-29.780378016999975],[29.940828875000136,-29.802469565999957],[29.927722093000114,-29.80517184699994],[29.90800411800018,-29.796747090999872],[29.90278741700007,-29.79255638899997],[29.902910247000136,-29.786068025999953],[29.91189858100006,-29.77984700099995],[29.90904456800007,-29.772354314999916],[29.91547512800014,-29.774745904999918],[29.91859575100017,-29.770592853999915],[29.9030986570001,-29.757401451999954],[29.911883499000055,-29.75179690899995],[29.910246148000056,-29.739975148999974],[29.892379715000118,-29.751158546999875],[29.884121451,-29.734986956999876],[29.87756116500009,-29.735664262999876],[29.8775145190001,-29.745457771999895],[29.863994453000032,-29.734217886999943],[29.858315048000065,-29.737595367999972],[29.836887010000055,-29.736755348999907],[29.84127481200005,-29.72629485999994],[29.8382904,-29.718657400999973],[29.823172708000072,-29.709834263999937],[29.827412771000184,-29.70320563799993],[29.809647891000054,-29.707804461999956],[29.797422765000192,-29.705121048999956],[29.787199478000105,-29.714572609999948],[29.786347431000024,-29.702861155999926],[29.772300968000025,-29.69540197799995],[29.772785671000065,-29.69150411399994],[29.768172942000035,-29.691763064999975],[29.78512088300016,-29.788651246999905],[29.765589067000064,-29.79439993999995],[29.767739942000105,-29.78386593999994],[29.757833067000092,-29.78142806499983],[29.738506942000072,-29.796787939999888],[29.73377394200014,-29.808373064999955],[29.727170942000043,-29.812788939999905],[29.726865942000188,-29.820862939999984],[29.712428942000088,-29.827474939999945],[29.703304942000102,-29.810456939999938],[29.665564942000174,-29.805488064999963],[29.658729942000036,-29.818099939999968],[29.64923994200018,-29.822709939999925],[29.64994994200009,-29.833189939999897],[29.64462994200011,-29.83574993999997],[29.651049942000157,-29.8380299399999],[29.651349942000138,-29.847609939999927],[29.657589942000016,-29.849689939999905],[29.645039942000096,-29.85728993999993],[29.646919942000068,-29.867959939999878],[29.653100067000082,-29.869689939999944],[29.655200067000123,-29.88166006499995],[29.638749942000118,-29.883149939999953],[29.632160067000143,-29.87773993999997],[29.63049994200003,-29.890449939999883],[29.635759942,-29.89910993999996],[29.667244946000096,-29.914116210999964],[29.682481692000067,-29.901602939999975],[29.702664817000027,-29.909799064999902],[29.701622067000073,-29.914941689999978],[29.706755442000144,-29.919478189999893],[29.71696269200004,-29.90324393999998],[29.731410817000096,-29.904157564999878],[29.728981770000132,-29.90884107399995],[29.73762270100019,-29.920194854999977],[29.728960692000157,-29.929285439999944],[29.741229942000132,-29.927824939999937],[29.75131794200007,-29.93167693999993],[29.735173067000176,-29.967034939999962],[29.71355094200004,-29.9931319399999],[29.716414002000135,-29.99585549099993],[29.712283798000158,-30.003695402999938],[29.71724565,-30.00505967899994],[29.719862069000044,-30.000574388999894],[29.733411381000053,-30.01631962499988],[29.73814896900018,-30.014899282999977],[29.741215567000097,-30.02178043999993],[29.76725144200003,-30.031385439999895],[29.773189942000045,-30.02963993999998],[29.774018817000126,-30.03362818999983],[29.77856281700008,-30.030946689999894],[29.7800060670001,-30.036407314999906]]],[[[29.811209067000107,-29.848396064999974],[29.8303598170001,-29.863797439999928],[29.83637119200006,-29.85836831499995],[29.84872856700008,-29.85578481499988],[29.85423044200013,-29.859700189999955],[29.85947673600009,-29.856977457999903],[29.865513129000135,-29.861566208999875],[29.872833281000055,-29.860391706999962],[29.87622494200008,-29.86704493999997],[29.862158067000166,-29.885817064999912],[29.860309539000127,-29.88128184699991],[29.849033614,-29.879822016999924],[29.837524195000128,-29.887675940999884],[29.813643192000143,-29.883216689999983],[29.79017010100017,-29.888396297999975],[29.792268567000065,-29.87904031499994],[29.78532842000004,-29.875546084999883],[29.792234768000185,-29.872754157999907],[29.797929763000013,-29.8586467369999],[29.803361041000187,-29.85847875999997],[29.811209067000107,-29.848396064999974]]]]},"properties":{"area_code_id":"033","area_codes":["033"],"area_code_label":"033","prefix_1":"3","ward_count":119}},{"type":"Feature","geometry":{"type":"MultiPolygon","coordinates":[[[[29.940004828000042,-28.620514358999912],[29.934288942000023,-28.63033706399989],[29.94499410600008,-28.63963150299992],[29.94260821900008,-28.652973758999963],[29.951272264000124,-28.655397071999914],[29.951384541000095,-28.660861220999948],[29.96423006700013,-28.66863993899989],[29.95790994200007,-28.6726600639999],[29.943000067000185,-28.670299938999847],[29.934509942000147,-28.674089938999884],[29.92885994200003,-28.682609938999974],[29.914409942000134,-28.678330063999965],[29.906419942000184,-28.683409938999944],[29.889659942000094,-28.681080063999957],[29.88517594200016,-28.672330063999937],[29.8925340670001,-28.671634938999887],[29.88846994200003,-28.649189063999984],[29.902659942000128,-28.633630938999943],[29.90188794200003,-28.625253938999947],[29.89700994200018,-28.62262593899993],[29.92514921200012,-28.61997340299996],[29.923454317000164,-28.611043063999944],[29.931483389000107,-28.605141387999936],[29.940004828000042,-28.620514358999912]]],[[[30.062759942000184,-28.30227993899996],[30.034199942000043,-28.271150063999983],[29.99118994200012,-28.253079938999917],[29.97679394200003,-28.239587938999932],[29.985940067000172,-28.220419938999896],[29.97813994200004,-28.20648006399989],[29.990429942000105,-28.184929938999915],[29.990426031000084,-28.184927073999972],[29.921596952000016,-28.196605806999912],[29.883143719000145,-28.19560475199995],[29.864101948000155,-28.21394607699989],[29.856441887000074,-28.20919510599998],[29.85498272800004,-28.213615128999948],[29.83861917400003,-28.210116297999946],[29.837180909000153,-28.21328895199997],[29.827073567000184,-28.215171733999966],[29.824969797,-28.210845522999875],[29.814084154000057,-28.215034868999908],[29.796765094000193,-28.20546882799988],[29.81029630600017,-28.191313956999977],[29.796564874000182,-28.19577716099991],[29.788702727000043,-28.17425055699988],[29.80400974000014,-28.167859799999917],[29.76498247900014,-28.158324047999884],[29.739809942000022,-28.1410500639999],[29.73868994200012,-28.130990063999946],[29.731210067000177,-28.127379938999923],[29.68513994200009,-28.121809938999945],[29.684500067000045,-28.12817993899995],[29.676950067000064,-28.128259938999975],[29.669479942000066,-28.134540063999964],[29.67089006700013,-28.138700063999977],[29.663289934000034,-28.14202004499998],[29.654130037000186,-28.138329967999823],[29.660619971000187,-28.126059965999957],[29.652589972000044,-28.09880996599992],[29.65547997699997,-28.090020025999877],[29.63181998300007,-28.06901997599988],[29.616861983000035,-28.046838015999867],[29.639389972000174,-28.01556996799991],[29.635879971000065,-27.99452996899987],[29.650839969000117,-27.96670996799992],[29.663559970000165,-27.957309967999947],[29.679749973000128,-27.95742996999985],[29.67323997300008,-27.94316003299997],[29.65764997800005,-27.937400023999885],[29.6632199660001,-27.93000004399994],[29.653799972000172,-27.923280031999923],[29.656719973000065,-27.918939967999904],[29.664069972000107,-27.921269963999976],[29.67170997000005,-27.91698996599996],[29.69034997100016,-27.89572996699991],[29.68271998299997,-27.888009970999974],[29.687240036000162,-27.877990032999946],[29.68503003899997,-27.867530031999877],[29.68960995900005,-27.864389957999947],[29.687099996000086,-27.858520047999946],[29.698969981000175,-27.85977002599998],[29.702799964000064,-27.856559955999955],[29.693149978000122,-27.839319978999924],[29.697029979000092,-27.82448003899998],[29.70949996900015,-27.815739966999956],[29.713399978000155,-27.8181300199999],[29.721709982999982,-27.811759974999973],[29.729259971000147,-27.8119799669999],[29.72830103600012,-27.80103596799995],[29.732242942000084,-27.79405606299997],[29.740738942000178,-27.781758937999882],[29.757423067000104,-27.775913937999974],[29.76390606700005,-27.755202937999968],[29.769539942,-27.751528062999967],[29.782157942000083,-27.747589937999976],[29.856198942000105,-27.76213593799997],[29.913275942000098,-27.76131606299998],[29.923088067000037,-27.74826793799997],[29.91671694200005,-27.74652906299997],[29.920987942000124,-27.74622106299995],[29.9203256510001,-27.730970729999967],[29.91210694200015,-27.73020393799993],[29.90807069000016,-27.72070171699994],[29.91545283000005,-27.71143560399986],[29.919501942000068,-27.711944937999874],[29.919168942000056,-27.70429393799992],[29.92494894200007,-27.705405937999956],[29.922773942000106,-27.70101393799996],[29.93611794200018,-27.696506937999914],[29.942988942000056,-27.708875937999892],[29.969204192000177,-27.719014437999874],[29.971323937000136,-27.707566062999945],[29.974487480000164,-27.706881171999953],[30.000366741000107,-27.743240699999944],[30.0125296060001,-27.73995211099998],[30.01592994200007,-27.745342937999965],[30.020114942000134,-27.742963062999934],[30.018636942000057,-27.722722937999947],[30.03790794200006,-27.715061062999894],[30.030265942000142,-27.68831993799995],[30.038999941999975,-27.677759937999895],[30.04761994200004,-27.68810993799997],[30.05016994200014,-27.698590062999983],[30.05777994200008,-27.700440062999917],[30.06115994200013,-27.70654993799991],[30.06651994200007,-27.702640062999876],[30.071959943000138,-27.70511006299995],[30.065139942000144,-27.70757993799998],[30.068620068000143,-27.712499937999894],[30.08059006800005,-27.70839006299991],[30.075829943000087,-27.718609937999872],[30.084229943000025,-27.72613993799996],[30.09305006800014,-27.718850062999934],[30.108299943000077,-27.717659937999883],[30.11611994300017,-27.707799937999937],[30.121339943000066,-27.71490993799989],[30.128909943000053,-27.714870062999978],[30.141429943,-27.723030062999953],[30.127136943000096,-27.65046706299995],[30.110510943000065,-27.6489839379999],[30.099867068000037,-27.640616937999937],[30.10086794300014,-27.603581937999877],[30.112739943000122,-27.592137062999825],[30.068822193000074,-27.565527937999946],[30.10712356800019,-27.504796312999872],[30.115426943000045,-27.517730937999943],[30.14496394300005,-27.53279393799994],[30.147157943000025,-27.529735937999874],[30.16705394300004,-27.533945937999874],[30.178978943000175,-27.520158937999895],[30.19453094300013,-27.521490937999886],[30.197948943000142,-27.518268062999937],[30.21165694300015,-27.52438393799997],[30.236024068000063,-27.548585937999974],[30.243013943000108,-27.544168937999927],[30.238620943000058,-27.540969937999932],[30.247427943000105,-27.534427937999965],[30.252530943000068,-27.519281937999892],[30.267622943,-27.511395062999895],[30.26642794300011,-27.503844062999974],[30.273797943000034,-27.50021293799989],[30.290682943000036,-27.500993937999965],[30.29954494300017,-27.50575906299997],[30.33400194300009,-27.502022937999982],[30.357062943000187,-27.46629793799997],[30.343166943000085,-27.45103993799995],[30.35579494300009,-27.405644062999897],[30.33930116300013,-27.40643142899995],[30.33789657,-27.40072793199994],[30.324233714,-27.397110040999905],[30.317721512000162,-27.416263577999814],[30.28274006800018,-27.411394937999944],[30.285620129000165,-27.38321286599995],[30.283743479000123,-27.37104939799997],[30.279806993000022,-27.368605978999938],[30.278729985000098,-27.332630014999893],[30.282489986000087,-27.314439981999953],[30.302219985000193,-27.31739498199994],[30.31752998400009,-27.301980020999963],[30.328374980000035,-27.299639980999928],[30.366709990000174,-27.31168998199996],[30.367609988000027,-27.26742997999986],[30.397619986999985,-27.273779978999983],[30.426449989000105,-27.269830018999926],[30.425979979000147,-27.31496001499994],[30.433459987000163,-27.32568001599998],[30.448269998000114,-27.32773993799998],[30.465939987000127,-27.326349983999876],[30.475049989000183,-27.31952998199995],[30.49741998500008,-27.31239998199993],[30.525679985000124,-27.315139976999887],[30.557719985000062,-27.32762001599997],[30.58705998500011,-27.323079981999967],[30.660619990999976,-27.287920009999937],[30.71775998600009,-27.283790016999887],[30.720699985000067,-27.29093002199994],[30.724909985000068,-27.28960001799993],[30.728259983000157,-27.299339977999978],[30.740349988000105,-27.294560017999913],[30.743269988000122,-27.30606998299993],[30.75079998800004,-27.298749982999936],[30.762739985,-27.30738998399994],[30.759959984000147,-27.313579983999944],[30.769029982000063,-27.319019974999946],[30.770999985000117,-27.32636998199996],[30.78439998900018,-27.324319982999953],[30.785499989000073,-27.31917001599993],[30.778629987999977,-27.314429982999968],[30.788929992000078,-27.31279998699989],[30.79715002200004,-27.326589981999916],[30.80414998300006,-27.32425998399998],[30.80878998300011,-27.328280018999976],[30.802179986000056,-27.33211998199988],[30.811379983000165,-27.332389976999934],[30.808249986000078,-27.338920015999975],[30.816079988000126,-27.340070017999892],[30.820479988000045,-27.33613001699996],[30.828169986000034,-27.34328997399996],[30.82334002200008,-27.345809982999924],[30.822339984999985,-27.35416001699997],[30.830189986000164,-27.350029982999956],[30.843709985000146,-27.352740015999927],[30.84487998800006,-27.346059983999908],[30.857589982000093,-27.343300015999887],[30.855889985000033,-27.336999979999973],[30.86130998400006,-27.339069983999934],[30.86481999,-27.331780016999915],[30.865909985000087,-27.312669980999885],[30.875200025000083,-27.31430998099995],[30.884099980000087,-27.308749983999917],[30.92215998800009,-27.305049981999844],[30.923279986000182,-27.330450017999908],[30.93932998600019,-27.346569980999902],[30.93818998400019,-27.356749982999872],[30.942439982999986,-27.36816001799997],[30.95537998400016,-27.359709982999902],[30.963109989000145,-27.36577998299998],[30.97736998900018,-27.358039982999912],[31.002550025000062,-27.358789983999884],[31.008429982000166,-27.348760015999915],[31.020549988000027,-27.36060998199997],[31.03089998700011,-27.346320017999915],[31.04403998700019,-27.35325998099995],[31.050759987,-27.343220017999954],[31.065189982000163,-27.338329982999824],[31.078829986000017,-27.343090015999962],[31.08395998100019,-27.33559002399994],[31.098779985000192,-27.32975998299986],[31.10095998800017,-27.335760020999885],[31.14086502400005,-27.362659979999933],[31.16586999200007,-27.36852001299991],[31.204769990000045,-27.31712001199992],[31.274329980000118,-27.24317002099997],[31.493689944000096,-27.31516006299995],[31.977759944000184,-27.317520062999904],[31.976791360000163,-27.254146111999944],[31.99184872700016,-27.250156440999888],[31.996306764000167,-27.241992323999966],[32.003020676000176,-27.242797992999897],[32.00347722200013,-27.24784685499992],[32.01432690300015,-27.252492881999956],[32.01690504500016,-27.258803958999977],[32.023978485999976,-27.256097985999872],[32.02563632900012,-27.248310018999973],[32.035825490000036,-27.25311565399994],[32.06314694400004,-27.2482954379999],[32.08237056900015,-27.25621181299988],[32.08413894400019,-27.230864937999968],[32.093599341000186,-27.23136908299989],[32.10556192000007,-27.22268294299994],[32.140194303000044,-27.237075576999928],[32.1382335080001,-27.268863486999976],[32.12372994400016,-27.283242937999944],[32.13764328899998,-27.29189209899988],[32.133923647000074,-27.30063174499992],[32.12485135000003,-27.307889582999962],[32.12492179300011,-27.31504068399994],[32.10434256899998,-27.31785335899997],[32.095256944000084,-27.328425062999884],[32.081259673000034,-27.32328645299998],[32.077103755999985,-27.33854461599998],[32.0650639270001,-27.343222341999876],[32.06418012200004,-27.33854983699996],[32.05556678300013,-27.337837846999946],[32.05358223600018,-27.345667516999924],[32.02224057500018,-27.347674202999883],[32.01121404700018,-27.350530379999952],[32.00691063900007,-27.356403536999892],[31.996062944000073,-27.352564937999887],[31.995627735000028,-27.344060572999865],[31.990369944000122,-27.343549937999967],[31.986729944,-27.350489937999896],[31.988529944000106,-27.360190062999948],[31.98511994400019,-27.369599937999908],[31.990879944000028,-27.373130062999962],[31.989099943999975,-27.382230062999838],[31.99102994400016,-27.38509006299995],[31.999789944000042,-27.383589937999886],[32.0047199440001,-27.401260062999825],[32.01023994400015,-27.45689993799988],[32.01499994400018,-27.46013006299995],[32.01351006900006,-27.475509937999846],[32.018179944,-27.505590062999943],[32.02931994400018,-27.52415993799991],[32.03145994400012,-27.542180062999932],[32.04493994400008,-27.553219937999984],[32.04265994400009,-27.555160062999903],[32.050139944000136,-27.583799937999856],[32.04161994400005,-27.594969937999906],[32.0373600690001,-27.587070062999885],[32.01116994400019,-27.593789937999873],[31.987879944000156,-27.57941993799983],[31.98028994400005,-27.59659993799994],[31.956809944000156,-27.593449937999935],[31.952519944000073,-27.618890062999924],[31.94406994400009,-27.617609937999873],[31.938799944000152,-27.605070062999914],[31.932509944,-27.602570062999916],[31.91792994400015,-27.616010062999976],[31.91640994400018,-27.626609937999888],[31.91113994400007,-27.630800062999924],[31.90590994400003,-27.62670006299993],[31.90593994400001,-27.615279937999958],[31.892609944000014,-27.619629937999946],[31.885189944,-27.60955993799996],[31.87365994400011,-27.62492993799998],[31.856299944000114,-27.61711993799986],[31.84602994400018,-27.624790062999978],[31.835069944000168,-27.626789937999888],[31.83837994400011,-27.640480062999927],[31.823489944000187,-27.64473006299994],[31.81427994400019,-27.63904993799997],[31.814639944000135,-27.624869937999904],[31.81817994400012,-27.619069937999882],[31.833179944000108,-27.61396993799997],[31.836719944000095,-27.596740062999913],[31.829509944,-27.584879937999972],[31.819159944000035,-27.580259937999983],[31.816839944000094,-27.590239937999968],[31.823649944000124,-27.60348993799994],[31.821069944000158,-27.609610062999934],[31.814259944000128,-27.610839937999913],[31.801559944000076,-27.593779937999955],[31.79475994400019,-27.597719937999898],[31.79073994400011,-27.606140062999884],[31.779079944000102,-27.612430062999863],[31.78472994400005,-27.619619937999914],[31.790000069000087,-27.61838993799995],[31.790309944000057,-27.611939937999978],[31.79547994400008,-27.612430062999863],[31.806329944000026,-27.622660062999955],[31.793259944000056,-27.631809937999947],[31.780409944000155,-27.62672006299988],[31.775049944000045,-27.628450062999946],[31.77589994400006,-27.636030062999964],[31.765409944,-27.651010062999944],[31.778699944000095,-27.665099937999912],[31.768329944000016,-27.673329937999938],[31.776049944000192,-27.67857006299988],[31.766599944000063,-27.68243993799996],[31.770829944000127,-27.686869937999973],[31.764929944000073,-27.69213993799991],[31.769879944000024,-27.703090062999877],[31.759769944000027,-27.70577006299993],[31.765100069000027,-27.71073993799996],[31.764949944000136,-27.722100062999914],[31.747099944000126,-27.71162006299994],[31.747919944000103,-27.703039937999904],[31.74101994400013,-27.702290062999964],[31.733299944000123,-27.706759937999948],[31.73664994400019,-27.710179937999953],[31.734469944000125,-27.719470062999903],[31.727659944000095,-27.72195006299995],[31.7270499440001,-27.729950062999933],[31.720809944000166,-27.735689937999894],[31.705639943999984,-27.73654993799994],[31.69681994400014,-27.741180062999945],[31.697169944000166,-27.745999937999954],[31.67566994400005,-27.74627006299994],[31.658799944000123,-27.761380062999933],[31.652219944000137,-27.748439937999876],[31.63319994400007,-27.767479937999894],[31.632999944000062,-27.774070062999897],[31.627769944000022,-27.77853006299989],[31.622309944000165,-27.76957006299989],[31.58836994400002,-27.77412006299994],[31.586489944000107,-27.77763993799988],[31.591729944000065,-27.781589937999854],[31.588909944000136,-27.786749937999957],[31.58117994400004,-27.783289937999825],[31.56438994400014,-27.79704993799993],[31.556729944000153,-27.793799937999893],[31.54604494400013,-27.799510062999957],[31.546229944000174,-27.81336993799988],[31.537959944000136,-27.831029937999915],[31.51669006900005,-27.833870062999836],[31.488839944000063,-27.85770993799997],[31.486999944000047,-27.868200062999904],[31.483379944000035,-27.86917993799989],[31.488279944000112,-27.870159937999972],[31.486809944000186,-27.886620062999953],[31.479779944000086,-27.888129937999906],[31.470619944000134,-27.903259937999906],[31.47687994400013,-27.904530062999925],[31.476599944000043,-27.912800062999906],[31.483309944000098,-27.90659006299984],[31.487179944000047,-27.914339937999955],[31.493479944000114,-27.911880062999842],[31.490029944000128,-27.919510062999905],[31.494369944000027,-27.925790062999965],[31.490109943999983,-27.9309099379999],[31.492009944000188,-27.933950062999827],[31.49806994400012,-27.930779937999887],[31.50501994400014,-27.934189937999975],[31.504469944000107,-27.942440062999935],[31.499949944000036,-27.94867993899993],[31.490039944000046,-27.947839938999948],[31.487279944000136,-27.96142993899997],[31.467068639000047,-27.967497950999928],[31.453858415000184,-27.981967274999874],[31.434848077000026,-27.97065601999992],[31.428345944,-27.950687938999977],[31.421557944000085,-27.947420938999926],[31.42242694400005,-27.935599937999825],[31.418190944000173,-27.936515937999957],[31.41813919400016,-27.93167718799998],[31.406920319000164,-27.93188843799993],[31.402772944000105,-27.92504631299994],[31.380152944000088,-27.94272493799997],[31.370596944000056,-27.939068937999878],[31.31857294400004,-27.946512938999945],[31.336698975000104,-27.909960169999977],[31.28901249800009,-27.9200283319999],[31.300388944000076,-27.8935129379999],[31.297224944000106,-27.85482593799992],[31.254417650000107,-27.84065546799991],[31.24950094400009,-27.85105206299994],[31.217810069000166,-27.839551937999943],[31.22259894400014,-27.824180062999915],[31.17882194400005,-27.808881062999887],[31.17660706900017,-27.833111937999888],[31.159647944000028,-27.86833506299996],[31.15388206900019,-27.909758937999925],[31.13119094300015,-27.938442937999866],[31.09238194300019,-27.927976937999972],[31.061141943000166,-27.906220937999933],[30.970139320999976,-27.873077227999943],[30.958485096,-27.91889807299998],[30.948424943000134,-28.01775606399997],[30.99093094300008,-28.028482938999957],[30.986909943000114,-28.056889938999973],[30.965249943000117,-28.090889938999908],[31.003359943000135,-28.108319938999955],[30.97131994299997,-28.1319599389999],[30.93809994300011,-28.149679938999952],[30.93585006799998,-28.155799938999962],[30.94252994300018,-28.167539938999937],[30.940129942999988,-28.171769938999887],[30.93190994300005,-28.168700063999893],[30.913469943000052,-28.169949938999935],[30.89541994300015,-28.159469938999962],[30.899809943000093,-28.15680993899997],[30.893919943000185,-28.14970006399983],[30.890209943000173,-28.15104993899996],[30.887079943000174,-28.145310063999943],[30.886180068000044,-28.150359938999884],[30.877699943000152,-28.147560063999947],[30.87691206800008,-28.142127313999936],[30.86530181800009,-28.143553438999902],[30.869319068000152,-28.167478422999977],[30.85576504300019,-28.153875024999934],[30.83795930100007,-28.156054987999937],[30.82225243400012,-28.17715771999997],[30.822552428000108,-28.181803041999956],[30.829407881,-28.186960830999908],[30.84470306800017,-28.188567438999883],[30.839391375000048,-28.194115890999967],[30.846736721000127,-28.198674456999925],[30.842365127000107,-28.204506215999913],[30.832862943000066,-28.207707938999874],[30.833419942999967,-28.222147938999967],[30.823988408000048,-28.225456031999954],[30.825693693,-28.232101563999947],[30.815500568000118,-28.23563818899987],[30.81417281800009,-28.24539656399986],[30.794743318000087,-28.255807438999966],[30.800812068000027,-28.283351438999944],[30.79098525600017,-28.292227647999937],[30.790467755000066,-28.30498941099995],[30.778630201999988,-28.31419961599994],[30.777465689000053,-28.319873441999903],[30.752994132000026,-28.324945474999936],[30.739476818000185,-28.335298188999957],[30.743135193000057,-28.34258093899996],[30.73153681800011,-28.352192938999906],[30.707128568000087,-28.36135106399996],[30.701421943000184,-28.370742563999954],[30.697004318000154,-28.372695938999925],[30.691723318000186,-28.368356063999954],[30.690690943000106,-28.34288493899993],[30.679182943000058,-28.347931938999977],[30.680071068000075,-28.355076938999957],[30.671559818,-28.360973438999963],[30.643837443000166,-28.35293131399993],[30.633700818000136,-28.35808356399997],[30.631718318000082,-28.355846813999904],[30.633060236000063,-28.349389180999935],[30.628452864000053,-28.339095432999898],[30.634534212000176,-28.31272153599997],[30.632666943000117,-28.304485063999948],[30.648145943000145,-28.29455881399997],[30.648327818000155,-28.276098813999965],[30.637165568000114,-28.26841081399988],[30.610385619000056,-28.269552947999898],[30.606962943000042,-28.274172938999982],[30.59183094300016,-28.276486938999938],[30.574166568000123,-28.269590563999884],[30.562675193000075,-28.26935531399988],[30.555327818000137,-28.27739206399997],[30.54163056800013,-28.281454938999957],[30.532490318000043,-28.29554443899997],[30.52682344300007,-28.296862688999965],[30.508949943000175,-28.283039938999934],[30.512910068,-28.278379938999876],[30.524689943000112,-28.280540063999922],[30.530349943000147,-28.274019938999913],[30.529789943000026,-28.268919938999943],[30.505729943000063,-28.262689938999927],[30.48092994300015,-28.26565006399983],[30.461239943000066,-28.261720063999974],[30.449159943000097,-28.28189006399998],[30.420379943000057,-28.28057993899995],[30.40964994300009,-28.29271993899988],[30.392639943000063,-28.275150063999888],[30.360879943000157,-28.294279938999978],[30.35194994300008,-28.266459938999958],[30.318699943000183,-28.27072993899992],[30.31925994300019,-28.29948006399991],[30.305709943000068,-28.332689938999977],[30.293239943,-28.325880063999875],[30.277609943000186,-28.36429006399993],[30.23359494300007,-28.40870993899989],[30.27137994300017,-28.44139006399996],[30.29379994300018,-28.448390063999966],[30.337770068000054,-28.47392006399997],[30.332259943000054,-28.48389006399998],[30.28997111800004,-28.464069608999978],[30.278847558000166,-28.477807895999888],[30.241631991000133,-28.47199176499987],[30.23243553600014,-28.499364690999926],[30.236969128000055,-28.51720153499997],[30.22651005700004,-28.511669841999947],[30.20767750000016,-28.509222078999926],[30.191213757000128,-28.51626363999992],[30.183013042000084,-28.51489594599991],[30.162882568000157,-28.524405438999963],[30.14966682500011,-28.52091940899993],[30.158241918000044,-28.495851590999962],[30.15142567900017,-28.4897966019999],[30.146394437000083,-28.49442534399992],[30.140698197000063,-28.486191607999956],[30.153166926000097,-28.482682862999923],[30.144539257000076,-28.47132532099988],[30.149013489000083,-28.468666436999968],[30.146675179000056,-28.462865172999955],[30.163613526000063,-28.456466201999945],[30.148884273000192,-28.438720112999874],[30.14860972300005,-28.43199558099991],[30.17571994300016,-28.432020938999983],[30.17255994300018,-28.42210993899988],[30.162659943000108,-28.422799938999958],[30.170419943000013,-28.41478993899989],[30.16224994300012,-28.388789938999878],[30.175019943000166,-28.38721006399993],[30.175369943000135,-28.37109006399993],[30.153039943000124,-28.360049938999964],[30.159659943000065,-28.345770063999964],[30.135639943,-28.340529938999907],[30.125119943000186,-28.34378993899992],[30.127949943000033,-28.349159938999946],[30.09893994300012,-28.367320063999898],[30.095879943000057,-28.36305993899998],[30.07547994300006,-28.357839938999973],[30.07854994300004,-28.34928006399997],[30.07151994300017,-28.35200993899997],[30.073699943000065,-28.345039938999946],[30.062759942000184,-28.30227993899996]]],[[[30.478268347000153,-28.647163589999934],[30.45584956800019,-28.653606688999957],[30.436902193000037,-28.651583063999908],[30.41883669300006,-28.657968438999944],[30.38526894300003,-28.652530938999917],[30.37871794300014,-28.658747938999966],[30.353587943000093,-28.654971938999893],[30.347084943000084,-28.66778693899994],[30.27926594300004,-28.649966938999967],[30.2597899430001,-28.65241006399998],[30.25390994300011,-28.64588993899997],[30.24398994300003,-28.644409938999956],[30.249979943000028,-28.63629006399998],[30.233969942999977,-28.621189938999976],[30.234980943000153,-28.607918938999887],[30.242817943000034,-28.60121893899992],[30.24334294300013,-28.58957306399992],[30.258032943000046,-28.596477063999885],[30.26207294300019,-28.586928938999904],[30.257224943000153,-28.575325063999912],[30.263851943000134,-28.57165693899998],[30.270272943000066,-28.58099393899994],[30.278899943000113,-28.58237393899998],[30.27861294300004,-28.599993063999932],[30.281459818000087,-28.60473531399998],[30.285014818000093,-28.60203806399994],[30.289261568000086,-28.604344563999973],[30.29534294300015,-28.614260063999893],[30.32022544300014,-28.60412031399983],[30.32253701500008,-28.609352201999968],[30.31758606800014,-28.623902063999935],[30.32473494300018,-28.63135393899995],[30.382987837000087,-28.62722970899995],[30.38316175000017,-28.62072951899995],[30.372549120000144,-28.608271899999977],[30.375860639000166,-28.599551566999878],[30.382506228000125,-28.60175094499988],[30.38681896899999,-28.58505846399987],[30.40025362300014,-28.573904287999937],[30.40581336100007,-28.55681698199993],[30.411203568000076,-28.556940063999946],[30.444493943000055,-28.532004938999933],[30.453825943000027,-28.540788938999924],[30.47534494300004,-28.531172063999918],[30.485204943000156,-28.52017193899991],[30.49062294300012,-28.554075938999915],[30.507186985000146,-28.554210359999956],[30.519835949000083,-28.544735937999917],[30.52693119300011,-28.549207813999885],[30.52628681800013,-28.553043813999977],[30.544256068000095,-28.553766813999914],[30.549987193000106,-28.560798813999895],[30.55910039800017,-28.56187715699997],[30.55597749700013,-28.55307971699989],[30.55967166,-28.551423055999976],[30.557843620000085,-28.537884138999914],[30.566343614000118,-28.53602505899994],[30.574173897000094,-28.538419341999884],[30.571704385000032,-28.545688453999958],[30.58393948000014,-28.561000401999877],[30.59789045100007,-28.551245707999954],[30.608213662000026,-28.549562796999965],[30.610236094000072,-28.56481443599995],[30.603299943000025,-28.565809938999905],[30.601689943,-28.569700063999903],[30.614079943000036,-28.595939938999948],[30.61520994300008,-28.626400063999938],[30.621259596000186,-28.630179815999952],[30.608705191000126,-28.64397809099995],[30.59476294300009,-28.64850593899996],[30.57834194300017,-28.644351938999876],[30.568525227000066,-28.648572214999945],[30.563712497000154,-28.65463304999986],[30.56297594300014,-28.66507293899997],[30.552641943000026,-28.673362938999958],[30.524801604000174,-28.67618416199997],[30.522110438000084,-28.666760696999916],[30.507890556000177,-28.655980690999968],[30.487586090000093,-28.655101196999965],[30.478268347000153,-28.647163589999934]]]]},"properties":{"area_code_id":"034","area_codes":["034"],"area_code_label":"034","prefix_1":"3","ward_count":125}},{"type":"Feature","geometry":{"type":"Polygon","coordinates":[[[31.37841994400003,-29.033989939999913],[31.374439944000073,-29.050839939999946],[31.363289944000144,-29.059959939999942],[31.37884994400008,-29.062769939999896],[31.38562994400013,-29.058140064999975],[31.386969944000157,-29.067700064999883],[31.361519944000065,-29.09195993999998],[31.355909944000075,-29.087129939999897],[31.34034994400014,-29.086829939999973],[31.34712006900014,-29.093320064999887],[31.340729944000145,-29.09507993999995],[31.34622994400013,-29.101489939999965],[31.332439944000043,-29.099429939999936],[31.32772994400011,-29.102799939999898],[31.334099944000116,-29.108910064999975],[31.32447994400013,-29.10901993999994],[31.324109944000043,-29.11208993999992],[31.337729944000046,-29.116939939999952],[31.332989944000076,-29.121090064999976],[31.325670000000173,-29.12057],[31.3339,-29.12743],[31.332310000000177,-29.13109],[31.31808006900002,-29.128789939999933],[31.3256,-29.13852],[31.317279999000107,-29.144179996999867],[31.318329944000027,-29.150159939999924],[31.304889943999967,-29.157099939999966],[31.30710994400016,-29.174649939999938],[31.294849944000077,-29.165649939999923],[31.28467994400006,-29.16339993999992],[31.284889944000042,-29.158189939999886],[31.298389944000064,-29.141880064999896],[31.288690069000154,-29.11397993999998],[31.279369944,-29.117125064999982],[31.27370994400013,-29.124299939999958],[31.268609944000048,-29.140699939999934],[31.249449944000105,-29.147209939999982],[31.24821994400014,-29.12334993999997],[31.23397994400017,-29.109749939999915],[31.213389944000085,-29.105339939999908],[31.209539944000028,-29.09627293999995],[31.190841231000036,-29.110493483999903],[31.183698944000128,-29.129777064999928],[31.169961334000163,-29.13403480599993],[31.167300524000098,-29.139023346999977],[31.159634044000143,-29.12188517499993],[31.142607694000162,-29.124931814999968],[31.139750943000138,-29.13939006499993],[31.130669942999987,-29.132236064999972],[31.11313794300014,-29.12916993999994],[31.09662350500014,-29.116235164999978],[31.092131775000098,-29.120343290999983],[31.08103898100012,-29.110134450999965],[31.080967231000045,-29.086638483999934],[31.07489508500015,-29.085971766999933],[31.072509688000025,-29.092831728999954],[31.04971087400014,-29.10791990399997],[31.038087943000107,-29.108387064999874],[31.039385208000056,-29.092152501999976],[31.048543057000074,-29.07336413799993],[31.046143731000143,-29.068097589999923],[31.053543199000103,-29.055971992999844],[31.076591193000183,-29.035809189999895],[31.047128693000104,-29.028332939999927],[31.035972068000092,-29.038542689999872],[31.028562443000112,-29.037176939999938],[31.024964693000186,-29.03195168999997],[31.020886193000024,-29.038128689999894],[31.00760219300014,-29.038609564999888],[31.00654094300006,-29.04295793999995],[31.001219942999967,-29.043309939999972],[30.980179943000167,-28.969889938999927],[30.947099943000126,-28.9698099389999],[30.968094943000153,-28.96153793899998],[30.994793693000133,-28.961995938999962],[30.992732943000135,-28.951859938999917],[30.99825694300017,-28.94589006399997],[30.994532943000024,-28.939267938999876],[31.010825568000087,-28.91653768899988],[31.017080000000135,-28.913459999999873],[31.0103361620001,-28.911793249999903],[31.007155104000162,-28.913898638999967],[31.00363749899998,-28.913496318999876],[31.007693943000106,-28.907188937999877],[31.002548568000066,-28.90114481399985],[30.99060706800003,-28.904598813999883],[30.981273943000076,-28.901456063999944],[30.974722443000132,-28.906521438999903],[30.962371943,-28.90831393899998],[30.95942794300015,-28.914240063999955],[30.948176068000066,-28.915819938999846],[30.94304794300001,-28.92427793899998],[30.931929943000114,-28.930359938999914],[30.919219943000087,-28.908489938999878],[30.924499943000114,-28.902849938999964],[30.86392406800013,-28.883971938999935],[30.821115943000166,-28.840445938999892],[30.780527943000095,-28.82908993899997],[30.775745943,-28.81576993899995],[30.787951813000063,-28.79428337999991],[30.77342049700019,-28.770199325999897],[30.76302859100008,-28.760908610999877],[30.745709943000122,-28.765769938999938],[30.739869943000087,-28.77460993899996],[30.747989943000107,-28.79681993899993],[30.743779943000163,-28.80379993899993],[30.737669943000128,-28.803759938999917],[30.727719943000068,-28.795039938999878],[30.698919943000078,-28.78302993899996],[30.69639994300013,-28.775990063999927],[30.69964994300011,-28.770990063999932],[30.721009943000126,-28.768439938999904],[30.729739943000027,-28.76091993899996],[30.729190068000094,-28.75672006399998],[30.71882994300006,-28.750239938999925],[30.714779943000167,-28.738479938999888],[30.69224994300015,-28.732449938999935],[30.6661299430001,-28.747120063999887],[30.653829943000062,-28.74055993899998],[30.649649943000043,-28.720290063999983],[30.620619943000065,-28.70997006399989],[30.624929942999984,-28.69899993899986],[30.63574994300012,-28.69878993899988],[30.651689943000065,-28.689109938999934],[30.670020068000156,-28.68449006399993],[30.684579943000017,-28.662380063999933],[30.671459943000173,-28.650290063999876],[30.66730994300019,-28.63876006399994],[30.659489943000096,-28.638309938999953],[30.66688006800007,-28.626299938999978],[30.66455994300003,-28.621869938999907],[30.650509943000145,-28.631539938999936],[30.64110994300006,-28.627230063999946],[30.633819943000162,-28.629429938999976],[30.629469943000117,-28.636379938999937],[30.61570994300007,-28.627280063999933],[30.614079943000036,-28.595939938999948],[30.601689943,-28.569700063999903],[30.603299943000025,-28.565809938999905],[30.610236094000072,-28.56481443599995],[30.608213662000026,-28.549562796999965],[30.59789045100007,-28.551245707999954],[30.58393948000014,-28.561000401999877],[30.571704385000032,-28.545688453999958],[30.574173897000094,-28.538419341999884],[30.566343614000118,-28.53602505899994],[30.557843620000085,-28.537884138999914],[30.55967166,-28.551423055999976],[30.55597749700013,-28.55307971699989],[30.55910039800017,-28.56187715699997],[30.549987193000106,-28.560798813999895],[30.544256068000095,-28.553766813999914],[30.52628681800013,-28.553043813999977],[30.52693119300011,-28.549207813999885],[30.519835949000083,-28.544735937999917],[30.507186985000146,-28.554210359999956],[30.49062294300012,-28.554075938999915],[30.485204943000156,-28.52017193899991],[30.47534494300004,-28.531172063999918],[30.453825943000027,-28.540788938999924],[30.444493943000055,-28.532004938999933],[30.411203568000076,-28.556940063999946],[30.40581336100007,-28.55681698199993],[30.40025362300014,-28.573904287999937],[30.38681896899999,-28.58505846399987],[30.382506228000125,-28.60175094499988],[30.375860639000166,-28.599551566999878],[30.372549120000144,-28.608271899999977],[30.38316175000017,-28.62072951899995],[30.382987837000087,-28.62722970899995],[30.32473494300018,-28.63135393899995],[30.31758606800014,-28.623902063999935],[30.32253701500008,-28.609352201999968],[30.32022544300014,-28.60412031399983],[30.29534294300015,-28.614260063999893],[30.289261568000086,-28.604344563999973],[30.285014818000093,-28.60203806399994],[30.281459818000087,-28.60473531399998],[30.27861294300004,-28.599993063999932],[30.278899943000113,-28.58237393899998],[30.270272943000066,-28.58099393899994],[30.263851943000134,-28.57165693899998],[30.257224943000153,-28.575325063999912],[30.26207294300019,-28.586928938999904],[30.258032943000046,-28.596477063999885],[30.24334294300013,-28.58957306399992],[30.242817943000034,-28.60121893899992],[30.234980943000153,-28.607918938999887],[30.236379943000088,-28.58958006399996],[30.22608994300009,-28.58722006399995],[30.22072994300015,-28.57331993899993],[30.222699943000123,-28.5666899389999],[30.246579943000086,-28.550239938999937],[30.232535943000187,-28.501852938999946],[30.241631991000133,-28.47199176499987],[30.278847558000166,-28.477807895999888],[30.28997111800004,-28.464069608999978],[30.332259943000054,-28.48389006399998],[30.337839943000063,-28.474059938999915],[30.29379994300018,-28.448390063999966],[30.27137994300017,-28.44139006399996],[30.23359494300007,-28.40870993899989],[30.277609943000186,-28.36429006399993],[30.293239943,-28.325880063999875],[30.305709943000068,-28.332689938999977],[30.31925994300019,-28.29948006399991],[30.318699943000183,-28.27072993899992],[30.35194994300008,-28.266459938999958],[30.360879943000157,-28.294279938999978],[30.392639943000063,-28.275150063999888],[30.40964994300009,-28.29271993899988],[30.420379943000057,-28.28057993899995],[30.449159943000097,-28.28189006399998],[30.461239943000066,-28.261720063999974],[30.48092994300015,-28.26565006399983],[30.505729943000063,-28.262689938999927],[30.529789943000026,-28.268919938999943],[30.530349943000147,-28.274019938999913],[30.524689943000112,-28.280540063999922],[30.512910068,-28.278379938999876],[30.508949943000175,-28.283039938999934],[30.52682344300007,-28.296862688999965],[30.532490318000043,-28.29554443899997],[30.54163056800013,-28.281454938999957],[30.555327818000137,-28.27739206399997],[30.562675193000075,-28.26935531399988],[30.574166568000123,-28.269590563999884],[30.59183094300016,-28.276486938999938],[30.606962943000042,-28.274172938999982],[30.610385619000056,-28.269552947999898],[30.637165568000114,-28.26841081399988],[30.648327818000155,-28.276098813999965],[30.648145943000145,-28.29455881399997],[30.632666943000117,-28.304485063999948],[30.634534212000176,-28.31272153599997],[30.628452864000053,-28.339095432999898],[30.633060236000063,-28.349389180999935],[30.631718318000082,-28.355846813999904],[30.633700818000136,-28.35808356399997],[30.643837443000166,-28.35293131399993],[30.671559818,-28.360973438999963],[30.680071068000075,-28.355076938999957],[30.679182943000058,-28.347931938999977],[30.690690943000106,-28.34288493899993],[30.691723318000186,-28.368356063999954],[30.697267943000043,-28.37264006399994],[30.707128568000087,-28.36135106399996],[30.73153681800011,-28.352192938999906],[30.743099568000048,-28.342612188999908],[30.739476818000185,-28.335298188999957],[30.752994132000026,-28.324945474999936],[30.777465689000053,-28.319873441999903],[30.778630201999988,-28.31419961599994],[30.790467755000066,-28.30498941099995],[30.79098525600017,-28.292227647999937],[30.800812068000027,-28.283351438999944],[30.794743318000087,-28.255807438999966],[30.81417281800009,-28.24539656399986],[30.815500568000118,-28.23563818899987],[30.825693693,-28.232101563999947],[30.823988408000048,-28.225456031999954],[30.833419942999967,-28.222147938999967],[30.832862943000066,-28.207707938999874],[30.842365127000107,-28.204506215999913],[30.846736721000127,-28.198674456999925],[30.839391375000048,-28.194115890999967],[30.84470306800017,-28.188567438999883],[30.829407881,-28.186960830999908],[30.822552428000108,-28.181803041999956],[30.82225243400012,-28.17715771999997],[30.83795930100007,-28.156054987999937],[30.85576504300019,-28.153875024999934],[30.869319068000152,-28.167478422999977],[30.86530181800009,-28.143553438999902],[30.87691206800008,-28.142127313999936],[30.877699943000152,-28.147560063999947],[30.886180068000044,-28.150359938999884],[30.887079943000174,-28.145310063999943],[30.890209943000173,-28.15104993899996],[30.893919943000185,-28.14970006399983],[30.899809943000093,-28.15680993899997],[30.89541994300015,-28.159469938999962],[30.913469943000052,-28.169949938999935],[30.93190994300005,-28.168700063999893],[30.940129942999988,-28.171769938999887],[30.94252994300018,-28.167539938999937],[30.93585006799998,-28.155799938999962],[30.93809994300011,-28.149679938999952],[30.97131994299997,-28.1319599389999],[31.003359943000135,-28.108319938999955],[30.965249943000117,-28.090889938999908],[30.986909943000114,-28.056889938999973],[30.99093094300008,-28.028482938999957],[30.948424943000134,-28.01775606399997],[30.958485096,-27.91889807299998],[30.970139320999976,-27.873077227999943],[31.061141943000166,-27.906220937999933],[31.09238194300019,-27.927976937999972],[31.13119094300015,-27.938442937999866],[31.15388206900019,-27.909758937999925],[31.159647944000028,-27.86833506299996],[31.17660706900017,-27.833111937999888],[31.17882194400005,-27.808881062999887],[31.22259894400014,-27.824180062999915],[31.217810069000166,-27.839551937999943],[31.24950094400009,-27.85105206299994],[31.254417650000107,-27.84065546799991],[31.297224944000106,-27.85482593799992],[31.300388944000076,-27.8935129379999],[31.28901249800009,-27.9200283319999],[31.336698975000104,-27.909960169999977],[31.31857294400004,-27.946512938999945],[31.370596944000056,-27.939068937999878],[31.380152944000088,-27.94272493799997],[31.402772944000105,-27.92504631299994],[31.406920319000164,-27.93188843799993],[31.41813919400016,-27.93167718799998],[31.418190944000173,-27.936515937999957],[31.42242694400005,-27.935599937999825],[31.421557944000085,-27.947420938999926],[31.428345944,-27.950687938999977],[31.434848077000026,-27.97065601999992],[31.453858415000184,-27.981967274999874],[31.467068639000047,-27.967497950999928],[31.487279944000136,-27.96142993899997],[31.490039944000046,-27.947839938999948],[31.499949944000036,-27.94867993899993],[31.504469944000107,-27.942440062999935],[31.50501994400014,-27.934189937999975],[31.49806994400012,-27.930779937999887],[31.492009944000188,-27.933950062999827],[31.490109943999983,-27.9309099379999],[31.494369944000027,-27.925790062999965],[31.490029944000128,-27.919510062999905],[31.493479944000114,-27.911880062999842],[31.487179944000047,-27.914339937999955],[31.483309944000098,-27.90659006299984],[31.476599944000043,-27.912800062999906],[31.47687994400013,-27.904530062999925],[31.470619944000134,-27.903259937999906],[31.479779944000086,-27.888129937999906],[31.486809944000186,-27.886620062999953],[31.488279944000112,-27.870159937999972],[31.483379944000035,-27.86917993799989],[31.486999944000047,-27.868200062999904],[31.488839944000063,-27.85770993799997],[31.51669006900005,-27.833870062999836],[31.537959944000136,-27.831029937999915],[31.546229944000174,-27.81336993799988],[31.54604494400013,-27.799510062999957],[31.556729944000153,-27.793799937999893],[31.56438994400014,-27.79704993799993],[31.58117994400004,-27.783289937999825],[31.588909944000136,-27.786749937999957],[31.591729944000065,-27.781589937999854],[31.586489944000107,-27.77763993799988],[31.58836994400002,-27.77412006299994],[31.622309944000165,-27.76957006299989],[31.627769944000022,-27.77853006299989],[31.632999944000062,-27.774070062999897],[31.63319994400007,-27.767479937999894],[31.652219944000137,-27.748439937999876],[31.658799944000123,-27.761380062999933],[31.67566994400005,-27.74627006299994],[31.697169944000166,-27.745999937999954],[31.69681994400014,-27.741180062999945],[31.705639943999984,-27.73654993799994],[31.720809944000166,-27.735689937999894],[31.7270499440001,-27.729950062999933],[31.727659944000095,-27.72195006299995],[31.734469944000125,-27.719470062999903],[31.73664994400019,-27.710179937999953],[31.733299944000123,-27.706759937999948],[31.74101994400013,-27.702290062999964],[31.747919944000103,-27.703039937999904],[31.747099944000126,-27.71162006299994],[31.764949944000136,-27.722100062999914],[31.765100069000027,-27.71073993799996],[31.759769944000027,-27.70577006299993],[31.769879944000024,-27.703090062999877],[31.764929944000073,-27.69213993799991],[31.770829944000127,-27.686869937999973],[31.766599944000063,-27.68243993799996],[31.776049944000192,-27.67857006299988],[31.768329944000016,-27.673329937999938],[31.778699944000095,-27.665099937999912],[31.765409944,-27.651010062999944],[31.77589994400006,-27.636030062999964],[31.775049944000045,-27.628450062999946],[31.780409944000155,-27.62672006299988],[31.793259944000056,-27.631809937999947],[31.806329944000026,-27.622660062999955],[31.79547994400008,-27.612430062999863],[31.790309944000057,-27.611939937999978],[31.790099944000076,-27.618249937999906],[31.78537994400017,-27.619619937999914],[31.779079944000102,-27.612430062999863],[31.79073994400011,-27.606140062999884],[31.79475994400019,-27.597719937999898],[31.801559944000076,-27.593779937999955],[31.814259944000128,-27.610839937999913],[31.821069944000158,-27.609610062999934],[31.823649944000124,-27.60348993799994],[31.816839944000094,-27.590239937999968],[31.819159944000035,-27.580259937999983],[31.829509944,-27.584879937999972],[31.836719944000095,-27.596740062999913],[31.833179944000108,-27.61396993799997],[31.81817994400012,-27.619069937999882],[31.814639944000135,-27.624869937999904],[31.81427994400019,-27.63904993799997],[31.823489944000187,-27.64473006299994],[31.83837994400011,-27.640480062999927],[31.835069944000168,-27.626789937999888],[31.84602994400018,-27.624790062999978],[31.856299944000114,-27.61711993799986],[31.87365994400011,-27.62492993799998],[31.885189944,-27.60955993799996],[31.892609944000014,-27.619629937999946],[31.90593994400001,-27.615279937999958],[31.90590994400003,-27.62670006299993],[31.91113994400007,-27.630800062999924],[31.91640994400018,-27.626609937999888],[31.91792994400015,-27.616010062999976],[31.932509944,-27.602570062999916],[31.938799944000152,-27.605070062999914],[31.94406994400009,-27.617609937999873],[31.952519944000073,-27.618890062999924],[31.956809944000156,-27.593449937999935],[31.98028994400005,-27.59659993799994],[31.987879944000156,-27.57941993799983],[32.01116994400019,-27.593789937999873],[32.0373600690001,-27.587070062999885],[32.04161994400005,-27.594969937999906],[32.050139944000136,-27.583799937999856],[32.04265994400009,-27.555160062999903],[32.04493994400008,-27.553219937999984],[32.03145994400012,-27.542180062999932],[32.02931994400018,-27.52415993799991],[32.018179944,-27.505590062999943],[32.01351006900006,-27.475509937999846],[32.01499994400018,-27.46013006299995],[32.01023994400015,-27.45689993799988],[32.0047199440001,-27.401260062999825],[31.999789944000042,-27.383589937999886],[31.99102994400016,-27.38509006299995],[31.989099943999975,-27.382230062999838],[31.990879944000028,-27.373130062999962],[31.98511994400019,-27.369599937999908],[31.988529944000106,-27.360190062999948],[31.986729944,-27.350489937999896],[31.990369944000122,-27.343549937999967],[31.995627735000028,-27.344060572999865],[31.996062944000073,-27.352564937999887],[32.00691063900007,-27.356403536999892],[32.01121404700018,-27.350530379999952],[32.02224057500018,-27.347674202999883],[32.05358223600018,-27.345667516999924],[32.05556678300013,-27.337837846999946],[32.06418012200004,-27.33854983699996],[32.0650639270001,-27.343222341999876],[32.077103755999985,-27.33854461599998],[32.081259673000034,-27.32328645299998],[32.095256944000084,-27.328425062999884],[32.10434256899998,-27.31785335899997],[32.12492179300011,-27.31504068399994],[32.12485135000003,-27.307889582999962],[32.133923647000074,-27.30063174499992],[32.1376505770001,-27.290804510999976],[32.12372994400016,-27.283242937999944],[32.1382335080001,-27.268863486999976],[32.14167636100012,-27.251411527999892],[32.140194303000044,-27.237075576999928],[32.10718506700016,-27.22246359899998],[32.093599341000186,-27.23136908299989],[32.08413894400019,-27.230864937999968],[32.08237056900015,-27.25621181299988],[32.06314694400004,-27.2482954379999],[32.035825490000036,-27.25311565399994],[32.02563632900012,-27.248310018999973],[32.023978485999976,-27.256097985999872],[32.01636793200004,-27.258750246999966],[32.01432690300015,-27.252492881999956],[32.00347722200013,-27.24784685499992],[32.003020676000176,-27.242797992999897],[31.996306764000167,-27.241992323999966],[31.99184872700016,-27.250156440999888],[31.976791360000163,-27.254146111999944],[31.97454994400016,-27.116409937999833],[31.98489994400012,-27.03862993799993],[31.984439944000087,-27.001209937999874],[32.000469943999974,-26.93805993799998],[31.99595994400005,-26.92414993799997],[32.015859944000056,-26.81988006199998],[32.011269944000105,-26.81022006199987],[32.030039944000066,-26.80599006199992],[32.045419944,-26.817020061999926],[32.05399994400011,-26.81837006199993],[32.071559944000114,-26.809699936999834],[32.10013994399998,-26.805100061999894],[32.12023994400005,-26.838820061999968],[32.140509944000144,-26.84082993699991],[32.14385994400004,-26.84860993699988],[32.15473994399997,-26.85590006199982],[32.182049944000084,-26.863140061999957],[32.20452006900007,-26.854810061999956],[32.2077999440001,-26.840380061999895],[32.219729945000154,-26.83283006199997],[32.24878994500011,-26.840500061999876],[32.256929945000024,-26.8485500619999],[32.280439945000126,-26.848789936999935],[32.308219945000076,-26.85647006199997],[32.32058994500005,-26.85265993699994],[32.331049945000075,-26.863919936999935],[32.34608994500013,-26.855139936999876],[32.346849945000145,-26.864050061999933],[32.68294994500013,-26.86813993699991],[32.77249994500016,-26.862750061999918],[32.857339945000035,-26.863959936999947],[32.89133394500004,-26.857862936999936],[32.944984945000044,-26.87197493799988],[32.93667294500011,-26.89574106299989],[32.92784094500013,-26.956705062999845],[32.93093494500016,-26.974547937999944],[32.918990945000075,-27.01329393799989],[32.922236945000066,-27.022572062999927],[32.90462494500002,-27.07160806299987],[32.90345394500008,-27.09000406299998],[32.894229945,-27.112731937999968],[32.896403945000145,-27.120758062999982],[32.882224945000075,-27.14461306299995],[32.88429294500014,-27.15186293799991],[32.86029394500002,-27.187926937999976],[32.85840994500012,-27.200369062999926],[32.861556945000075,-27.20432993799983],[32.847243945000116,-27.233142937999958],[32.846350945000154,-27.246375937999915],[32.82742707000011,-27.280105937999906],[32.82438294500008,-27.300560062999978],[32.805396945000155,-27.339095937999957],[32.80393594500009,-27.353385937999974],[32.79208394500017,-27.3751869379999],[32.766307945000165,-27.44771193799994],[32.75280794500014,-27.4673159379999],[32.732768945000146,-27.510556937999922],[32.72970994499997,-27.530117062999977],[32.73609494500016,-27.541222062999907],[32.735049945000014,-27.550849937999885],[32.71527894500019,-27.60402106299989],[32.70249894500006,-27.6709080629999],[32.679061945000115,-27.736476937999953],[32.65554394500009,-27.831862937999915],[32.645713945000125,-27.90169506299992],[32.64990194500007,-27.939664937999964],[32.61604694500005,-28.092563938999945],[32.614646945000175,-28.141686938999953],[32.59870194500019,-28.186021938999943],[32.57797194500006,-28.227538938999885],[32.482997945000136,-28.388292063999984],[32.4796139450001,-28.406114938999963],[32.4830359450001,-28.430257938999944],[32.4706079450001,-28.48533593899998],[32.414767945,-28.476392938999936],[32.399409945000116,-28.525349938999966],[32.3592499450001,-28.578739938999945],[32.31225994500005,-28.614449938999883],[32.28973994500012,-28.640559938999957],[32.22454994499998,-28.686279938999974],[32.194069944000034,-28.719370063999975],[32.15684994400016,-28.748520063999933],[32.12531994400007,-28.781279938999944],[32.09968994400009,-28.79988006399998],[32.08855994400005,-28.8146800639999],[32.02933994400007,-28.86539993899993],[32.00422994400009,-28.882210063999935],[31.94078994400013,-28.905489938999892],[31.91853994400003,-28.917469938999943],[31.842339944,-28.941509938999957],[31.820309944000144,-28.943629938999948],[31.765349944000036,-28.965429938999876],[31.741599944000143,-28.986189938999928],[31.711209944000075,-29.022479939999982],[31.637369944000113,-29.09021006499995],[31.600686944000074,-29.135363939999877],[31.58236806900004,-29.121094939999978],[31.568732893000174,-29.126006582999878],[31.551566104000074,-29.116808499999877],[31.537185076000185,-29.120095283999888],[31.52285183300006,-29.11776003199992],[31.52337194400019,-29.111275939999928],[31.539548354000146,-29.096705762999875],[31.531865612000047,-29.091925488999948],[31.522955352000167,-29.09465444799997],[31.51471399900015,-29.088438371999928],[31.487373944000126,-29.10375893999992],[31.47841894400011,-29.08984493999992],[31.477818943999978,-29.082013064999956],[31.477949656000135,-29.07416254799989],[31.486004428000115,-29.067226953999977],[31.482320760000164,-29.06271462099994],[31.48711270200016,-29.06128418999998],[31.485706112000116,-29.058900139999935],[31.473261367000134,-29.059710716999916],[31.462848782000037,-29.04878122499997],[31.458681593000108,-29.057341728999916],[31.454159062000087,-29.055274286999918],[31.44385009400014,-29.059352144999934],[31.437819689000094,-29.04979178399998],[31.432186150000177,-29.052597842999887],[31.42585094400016,-29.045882939999956],[31.411805722000167,-29.04426674699988],[31.40420503600012,-29.03570069499989],[31.37841994400003,-29.033989939999913]]]},"properties":{"area_code_id":"035","area_codes":["035"],"area_code_label":"035","prefix_1":"3","ward_count":236}},{"type":"Feature","geometry":{"type":"Polygon","coordinates":[[[29.609740067000132,-29.248649939999893],[29.569829942000126,-29.29037993999998],[29.578599942000153,-29.299079939999842],[29.578629942000134,-29.33552006499997],[29.559089942000014,-29.337439939999967],[29.540059942000028,-29.35134006499993],[29.515249942000025,-29.326139939999962],[29.506799942000043,-29.339779939999914],[29.461779942000078,-29.34827993999994],[29.455459942000118,-29.341249939999955],[29.45169994200006,-29.32096993999994],[29.438339942000084,-29.309339939999916],[29.44323994200016,-29.298679939999943],[29.435189942000022,-29.28001993999993],[29.43956994200005,-29.27977993999997],[29.439880067000047,-29.26912993999997],[29.434279942000046,-29.26284993999991],[29.41846994200006,-29.25807993999996],[29.418689942000128,-29.25210993999991],[29.42604994200019,-29.2497900649999],[29.421689942,-29.23839993999985],[29.406899942,-29.228770064999935],[29.4089299420001,-29.221920064999892],[29.41363994200009,-29.221209939999937],[29.408349942000086,-29.212290064999934],[29.381099942000162,-29.20141993999988],[29.362790067000162,-29.205089939999937],[29.344579942000053,-29.187489939999978],[29.348669942000072,-29.162699939999925],[29.343900067,-29.15348993999993],[29.35306994200016,-29.147590064999918],[29.35130994200017,-29.142280064999966],[29.357059942000035,-29.13519006499996],[29.356369942000185,-29.128159939999875],[29.338009941999985,-29.106889939999917],[29.326140067000154,-29.101269939999952],[29.312479942000095,-29.07932993999998],[29.279459942000017,-29.075609939999936],[29.26113994200017,-29.0894699399999],[29.254829942000185,-29.08950006499998],[29.252639942000144,-29.082239939999965],[29.227859942000123,-29.063090064999926],[29.229589942000075,-29.05681006499998],[29.225649942000018,-29.049359939999874],[29.211899942000116,-29.046089939999945],[29.21110994200012,-29.037159939999924],[29.2173099420001,-29.031139939999946],[29.215279942000166,-29.026059939999982],[29.201949942,-29.01543006399993],[29.185639942000023,-29.01326993899994],[29.17824994200015,-29.003270063999935],[29.159189942000182,-29.003070063999928],[29.15274994200007,-28.990189938999947],[29.149219942,-28.989660063999963],[29.151659942000094,-28.98778993899998],[29.140839942000127,-28.981719938999902],[29.13363994200006,-28.98508993899992],[29.12446994200019,-28.980289938999874],[29.123309942000105,-28.97041993899984],[29.130500067000014,-28.96903993899997],[29.126719942000193,-28.96392993899991],[29.108319942000094,-28.949299938999957],[29.10123994200012,-28.948140063999972],[29.093329942000082,-28.936709938999968],[29.073920067000188,-28.937650063999968],[29.077209942000138,-28.928470063999953],[29.072389942000143,-28.922659938999914],[29.07778994199998,-28.91805993899993],[29.041279942000187,-28.91506006399993],[29.037779942000157,-28.90545993899991],[29.029039942000168,-28.898219938999944],[29.029070067000077,-28.887979938999933],[29.018979941999987,-28.881909938999968],[29.01009994200018,-28.885949938999943],[29.012049942000033,-28.89734993899998],[28.994229942000175,-28.905169938999904],[28.990849941000192,-28.914260063999905],[28.979919941000162,-28.914449938999894],[28.97270994100012,-28.90693006399988],[28.974249941000153,-28.891199938999875],[28.963930066000103,-28.88704006399996],[28.96425006600009,-28.88212993899998],[28.957199941000056,-28.87676006399994],[28.96201994100005,-28.868759938999858],[28.948489941000048,-28.868939938999915],[28.939799941000103,-28.862409938999974],[28.943209941000134,-28.855059938999887],[28.9530399410001,-28.85340993899996],[28.94461006600011,-28.843029938999905],[28.947749941000097,-28.84086006399997],[28.948259941,-28.828609938999875],[28.937719941000125,-28.823639938999975],[28.939609941000185,-28.818369938999922],[28.93101994100016,-28.820319938999887],[28.9219699410001,-28.812789938999913],[28.9348200660001,-28.809429938999983],[28.936219941,-28.80481993899997],[28.948989941000036,-28.804359938999937],[28.947810065999988,-28.798049938999895],[28.932179941000072,-28.791920063999953],[28.938980066000056,-28.785350063999886],[28.945249941000043,-28.78723993899996],[28.944279941000048,-28.78356993899996],[28.93206994100018,-28.77491993899997],[28.914649941000164,-28.76948006399988],[28.911939941000128,-28.760260063999965],[28.904959941000072,-28.759150063999982],[28.893400066000083,-28.76639993899994],[28.88804994100019,-28.775039938999953],[28.87379994100013,-28.772460063999972],[28.868620002000057,-28.76059],[28.857600008000077,-28.755960003999974],[28.83043999900019,-28.76329],[28.81794,-28.77568999399989],[28.80803000500015,-28.771149996999952],[28.80039999900015,-28.742619995999974],[28.80332,-28.730040002999942],[28.8116500000001,-28.72030000199993],[28.80695,-28.71755000199994],[28.80619000200005,-28.70988000299991],[28.797377,-28.704450996999867],[28.819734003000065,-28.686630997999885],[28.829290000000185,-28.66031],[28.82482000000016,-28.65214],[28.81521000000015,-28.64623],[28.81581999900004,-28.63248699899998],[28.822726445000058,-28.624177809999935],[28.821659003000036,-28.620514996999816],[28.83017000000018,-28.61475],[28.829760000000135,-28.60824],[28.837768001000086,-28.605512000999965],[28.838949002000163,-28.590632995999954],[28.85057800100003,-28.596788998999955],[28.850590002000047,-28.603169995999963],[28.854394999000192,-28.59472799699995],[28.855365,-28.604325996999876],[28.861111004000122,-28.605006001999925],[28.862348004000182,-28.608896003999973],[28.885891998999966,-28.600812000999895],[28.884239001000026,-28.607456],[28.910780996000085,-28.605884997999908],[28.91144800300009,-28.610496002999867],[28.9049619970001,-28.612658],[28.907131997000022,-28.61432500199993],[28.922826002000136,-28.60953999799989],[28.917547000000184,-28.602216998999893],[28.946686996000153,-28.603649],[28.95462596300007,-28.608547961999875],[28.965959943000087,-28.605310026999916],[28.961279972000057,-28.597169968999935],[28.973990977000028,-28.574560038999948],[29.096319970000025,-28.545090033999884],[29.134999968000102,-28.566299966999964],[29.170979960000125,-28.53003005299996],[29.17870996800002,-28.54270994999996],[29.19640997400012,-28.545040024999935],[29.21624995700006,-28.519049953999968],[29.191499979000184,-28.493779977999964],[29.229011960000037,-28.45628596599994],[29.248749971000052,-28.42489996699993],[29.261509972000056,-28.43370003299998],[29.268539973000088,-28.43184996699995],[29.29009997000003,-28.43789003399985],[29.32262996900016,-28.423959968999952],[29.32010997300017,-28.40678996899993],[29.357450980000067,-28.387969022999926],[29.373410027999967,-28.371899976999885],[29.41430996800011,-28.37591001599992],[29.42770004700003,-28.339309966999963],[29.438059960000032,-28.332140034999952],[29.43757997299997,-28.32112996899997],[29.458749970000042,-28.310429968999983],[29.4792599700001,-28.290729969999973],[29.48292997100009,-28.272199966999892],[29.50992004400007,-28.26543993699994],[29.550589975000094,-28.247199981999927],[29.558679973000153,-28.258340033999843],[29.619765027000085,-28.241219959999967],[29.624419958000033,-28.224949966999816],[29.609559987000182,-28.215029969999875],[29.626339969000185,-28.185739969999815],[29.662849957000162,-28.177250025999967],[29.66325997200005,-28.142029968999964],[29.67089006700013,-28.138700063999977],[29.669479942000066,-28.134540063999964],[29.676950067000064,-28.128259938999975],[29.684500067000045,-28.12817993899995],[29.68513994200009,-28.121809938999945],[29.727599942000154,-28.12564993899997],[29.73868994200012,-28.130990063999946],[29.739809942000022,-28.1410500639999],[29.76498247900014,-28.158324047999884],[29.80400974000014,-28.167859799999917],[29.788702727000043,-28.17425055699988],[29.796564874000182,-28.19577716099991],[29.81029630600017,-28.191313956999977],[29.796765094000193,-28.20546882799988],[29.814084154000057,-28.215034868999908],[29.824969797,-28.210845522999875],[29.827073567000184,-28.215171733999966],[29.837180909000153,-28.21328895199997],[29.83861917400003,-28.210116297999946],[29.85498272800004,-28.213615128999948],[29.856441887000074,-28.20919510599998],[29.864101948000155,-28.21394607699989],[29.883143719000145,-28.19560475199995],[29.921596952000016,-28.196605806999912],[29.990426031000084,-28.184927073999972],[29.97813994200004,-28.20648006399989],[29.985940067000172,-28.220419938999896],[29.97679394200003,-28.239587938999932],[29.99118994200012,-28.253079938999917],[30.034199942000043,-28.271150063999983],[30.065409942000088,-28.305130063999968],[30.066990067000177,-28.32779993899993],[30.073699943000065,-28.345039938999946],[30.07151994300017,-28.35200993899997],[30.07857994300008,-28.3494200639999],[30.07547994300006,-28.357839938999973],[30.095879943000057,-28.36305993899998],[30.09893994300012,-28.367320063999898],[30.127949943000033,-28.349159938999946],[30.125119943000186,-28.34378993899992],[30.135639943,-28.340529938999907],[30.159659943000065,-28.345770063999964],[30.153039943000124,-28.360049938999964],[30.175369943000135,-28.37109006399993],[30.175019943000166,-28.38721006399993],[30.16224994300012,-28.388789938999878],[30.170419943000013,-28.41478993899989],[30.162659943000108,-28.422799938999958],[30.17255994300018,-28.42210993899988],[30.17571994300016,-28.432020938999983],[30.14860972300005,-28.43199558099991],[30.148884273000192,-28.438720112999874],[30.163613526000063,-28.456466201999945],[30.146675179000056,-28.462865172999955],[30.149013489000083,-28.468666436999968],[30.144539257000076,-28.47132532099988],[30.153166926000097,-28.482682862999923],[30.140724447000082,-28.4860341079999],[30.146394437000083,-28.49442534399992],[30.15142567900017,-28.4897966019999],[30.158329417000118,-28.49603534099998],[30.149787770000103,-28.52111292099994],[30.162882568000157,-28.524405438999963],[30.183013042000084,-28.51489594599991],[30.191213757000128,-28.51626363999992],[30.20767750000016,-28.509222078999926],[30.22651005700004,-28.511669841999947],[30.236969128000055,-28.51720153499997],[30.242482757,-28.536233748999962],[30.222431852000057,-28.549452664999933],[30.208366725000076,-28.538261691999878],[30.202248182000176,-28.547035357999903],[30.18448000000012,-28.53515],[30.158112943000162,-28.547061063999934],[30.15893806800011,-28.56034743899994],[30.164937620000046,-28.563096756999983],[30.166417322000086,-28.57044303899994],[30.157760948000032,-28.580722229999935],[30.157105113000057,-28.59556794499997],[30.151470943000163,-28.59466893899986],[30.148692943000185,-28.61166293899987],[30.139958990000082,-28.619088905999945],[30.12297384600015,-28.61500315899991],[30.123011688000076,-28.624222309999936],[30.114782503000185,-28.63136876599998],[30.109388475000117,-28.649556666999956],[30.097285943000088,-28.660520063999968],[30.09713619400003,-28.685006407999936],[30.092161294000164,-28.690106383999932],[30.095906219000142,-28.697883845999968],[30.090531694000163,-28.70219390899996],[30.090269446000093,-28.71585706699983],[30.051036317000182,-28.741858563999926],[30.04981194200019,-28.76525606399997],[30.035466067000073,-28.799277313999937],[30.112560943000062,-28.79874993899989],[30.119991943000116,-28.836204938999913],[30.13653594300007,-28.886585063999973],[30.15112294300019,-28.89431006399991],[30.121309068000073,-28.90930893899997],[30.12203574000017,-28.91895582999996],[30.11142890499997,-28.922369523999976],[30.10338234000011,-28.949679077999974],[30.104601517000162,-28.954921535999915],[30.11398917600019,-28.95614071299991],[30.108868634000146,-28.960529747999885],[30.112526164000087,-28.96674754799983],[30.108380964000162,-28.967235218999917],[30.113501505000045,-28.973209183999984],[30.113049943000192,-28.978799938999884],[30.086179943000047,-28.966530063999926],[30.071779943000024,-29.011880063999854],[30.0503199420001,-29.0272399399999],[30.063349942000173,-29.056040064999877],[30.027989942000147,-29.05932006499995],[30.02583994200006,-29.089629939999895],[29.985739942,-29.086259939999877],[29.962329942,-29.099719939999943],[29.94976994200016,-29.13117993999998],[29.926899942000034,-29.121849939999947],[29.87313994200008,-29.183039939999958],[29.86846994500013,-29.19784006599997],[29.85485994200019,-29.218079939999882],[29.800059969000074,-29.217139941999903],[29.797159942000178,-29.188180064999983],[29.787039942000035,-29.197369939999874],[29.780579942000088,-29.19276993999995],[29.73057994200019,-29.227029939999852],[29.764799942000025,-29.217259939999963],[29.767989942000042,-29.220699939999975],[29.753459942000063,-29.242069939999908],[29.753790067000068,-29.28325993999988],[29.685689942000124,-29.302539939999974],[29.686669942000037,-29.298499939999886],[29.678929942000025,-29.295870064999974],[29.661299942000028,-29.298070064999933],[29.631779942000037,-29.291490064999948],[29.63102994200017,-29.28558006499992],[29.62795994200019,-29.285449939999978],[29.638709942000048,-29.27261006499998],[29.64591994200009,-29.270569939999916],[29.651079941999967,-29.262770064999984],[29.668109942000058,-29.25729993999994],[29.66612994200017,-29.254910064999876],[29.65521994200003,-29.25596993999983],[29.63033994200009,-29.268799939999838],[29.609740067000132,-29.248649939999893]],[[29.93362594200005,-28.606432938999944],[29.923454317000164,-28.611043063999944],[29.92514921200012,-28.61997340299996],[29.896456942000043,-28.623333938999906],[29.90188794200003,-28.625253938999947],[29.902659942000128,-28.633630938999943],[29.88846994200003,-28.649189063999984],[29.8925340670001,-28.671634938999887],[29.88517594200016,-28.672330063999937],[29.89025994200017,-28.68145993899998],[29.906419942000184,-28.683409938999944],[29.914409942000134,-28.678330063999965],[29.92885994200003,-28.682609938999974],[29.934509942000147,-28.674089938999884],[29.943000067000185,-28.670299938999847],[29.95790994200007,-28.6726600639999],[29.964310067000156,-28.66852993899994],[29.951384541000095,-28.660861220999948],[29.951272264000124,-28.655397071999914],[29.94260821900008,-28.652973758999963],[29.94499410600008,-28.63963150299992],[29.934288942000023,-28.63033706399989],[29.93992710700013,-28.620232619999967],[29.93362594200005,-28.606432938999944]]]},"properties":{"area_code_id":"036","area_codes":["036"],"area_code_label":"036","prefix_1":"3","ward_count":65}},{"type":"Feature","geometry":{"type":"Polygon","coordinates":[[[29.200200003000077,-31.165939996999896],[29.16937000100006,-31.167630003999932],[29.148840004000192,-31.15511],[29.134630001000176,-31.152099998999915],[29.14242000300004,-31.13952999699984],[29.130659998000056,-31.097239999999886],[29.132860001000097,-31.09201],[29.121560000999978,-31.082910002999938],[29.103429794000135,-31.080219268999883],[29.094459998000104,-31.066979998999955],[29.06912040700007,-31.05270004299996],[29.061700821000045,-31.043079375999923],[29.064790002000166,-31.03759],[29.054475,-31.031585],[29.05669000100005,-31.026439997999944],[29.045330003000174,-31.02036999799998],[29.04190000000017,-31.00932999899993],[29.03184999700005,-31.009140000999935],[29.017129999000133,-31.00235000299989],[29.01325000300011,-31.006200003999936],[29.01441000200009,-31.019979987999932],[29.00294999900018,-31.01845999899996],[28.995689997000056,-31.02729000399995],[28.980409996000105,-31.02355999799994],[28.984050003000107,-31.037429997999936],[28.977659997000046,-31.041890000999956],[28.982600001000037,-31.054009995999934],[28.977209998000035,-31.06004000399986],[28.9630100010001,-31.062109997999983],[28.95610999900009,-31.07291],[28.952100003000112,-31.07102000499998],[28.95951000100007,-31.059180006999952],[28.95115999700016,-31.05461],[28.9463900020001,-31.04329000399997],[28.93278000300012,-31.053270001999977],[28.941780002000087,-31.060249997999904],[28.934449998000048,-31.072000003999904],[28.930149998000047,-31.07282],[28.93195000100019,-31.06675],[28.92551000400016,-31.053739996999866],[28.919329999000183,-31.053819998999984],[28.908330001000024,-31.057610001999876],[28.919619995000176,-31.065749996999955],[28.910280001000103,-31.07641999899994],[28.903829998000106,-31.077709997999932],[28.89646000000016,-31.07442999799997],[28.888920002000134,-31.06352999799998],[28.86944999700006,-31.053140000999974],[28.851369997000177,-31.05328999799991],[28.861090002000026,-31.04150000699991],[28.87542999700014,-31.049269995999964],[28.872180000000128,-31.033680002999915],[28.88591999900018,-31.03847000199994],[28.88782,-31.035590001999935],[28.870199997000157,-31.012619996999945],[28.874369996000098,-31.00307000099997],[28.86955000300003,-30.99863000299996],[28.868609996000146,-30.989630002999945],[28.861704999000153,-30.990682997999954],[28.858693002999985,-30.995435996999902],[28.847779997000146,-30.9863160029999],[28.841534003000106,-30.988212995999845],[28.84017199800013,-30.97651100199988],[28.817068002000042,-30.976028],[28.81370257300017,-31.000765311999942],[28.819579003000058,-31.014810000999944],[28.81846600300014,-31.02675200099992],[28.81035300300016,-31.02280899999988],[28.805874998000093,-31.0140530029999],[28.789772998000103,-31.008945997999945],[28.78546200300019,-30.99758900099988],[28.77037899700008,-30.99992499699988],[28.77875799900005,-31.004059000999973],[28.77906899600015,-31.008852997999895],[28.759664988999987,-31.01179000299993],[28.736992002000136,-30.993032997999933],[28.729994004000048,-30.99404100499993],[28.726616001000025,-31.003272996999954],[28.712626997000086,-30.995499001999974],[28.70800133000006,-30.982822787999964],[28.70975302200003,-30.976867035999874],[28.722855679000133,-30.964465055999938],[28.732738003000122,-30.945997],[28.741197747000058,-30.94933410599998],[28.745571438000184,-30.9470210959999],[28.744197001000032,-30.939995997999972],[28.720531000000108,-30.943585],[28.712077997000108,-30.93483600199994],[28.71522200400011,-30.92716399899996],[28.722025998000163,-30.92456200199996],[28.72526199900011,-30.9112710039999],[28.758752999000023,-30.906811000999937],[28.7618030000001,-30.903333997999937],[28.78901800300008,-30.90970499699995],[28.791127000000188,-30.914692996999975],[28.793650001000174,-30.90610000399988],[28.790360003000046,-30.895459996999932],[28.80230999800017,-30.894479997999895],[28.788500003000024,-30.88114999599992],[28.776659997000024,-30.883780001999924],[28.76887000300013,-30.88052999599995],[28.76490999800012,-30.889100000999917],[28.75834000800006,-30.88978999699998],[28.761600004000172,-30.880429997999954],[28.758135001000085,-30.868295998999884],[28.76120483600016,-30.874301402999947],[28.77253500200004,-30.872896],[28.767587002000084,-30.85764500399995],[28.774688395000112,-30.856885120999948],[28.777656493000052,-30.857924454999875],[28.774918248000063,-30.86269139999996],[28.78587122800019,-30.86815789699989],[28.79325099900018,-30.854083003999847],[28.80830100200012,-30.845562000999962],[28.811529,-30.840760997999894],[28.806555207000144,-30.83147422899998],[28.805876257000136,-30.816457318999937],[28.778366669000036,-30.811966971999937],[28.773383567000167,-30.80963142199994],[28.776699692000193,-30.807393928999886],[28.77662837800017,-30.804077802999984],[28.770700358000113,-30.80884696199996],[28.76796500300003,-30.80207499599993],[28.74742100100019,-30.805651007999927],[28.739039716000093,-30.79491618399993],[28.744644399000094,-30.783707710999977],[28.75479899400017,-30.779705002999947],[28.762252001000036,-30.76485699899996],[28.77148199900006,-30.75921799899993],[28.774166001000083,-30.75334599999985],[28.768980997000085,-30.74945299799998],[28.759899999000083,-30.746044002999895],[28.746196982000072,-30.75542628799991],[28.735642010000163,-30.751777170999958],[28.712553003000153,-30.75304899799994],[28.698700000000144,-30.743638002999944],[28.699375002000068,-30.728805000999955],[28.694449001000066,-30.72424199999989],[28.691745003000165,-30.712411998999926],[28.68058699700009,-30.702959000999897],[28.678501004000054,-30.69339299899997],[28.670946004000086,-30.688757001999875],[28.660063,-30.692093000999876],[28.651019002000112,-30.690122996999946],[28.645928447000188,-30.69578994999995],[28.641160985000056,-30.693034075999947],[28.64520427700012,-30.67028304999991],[28.634060093000187,-30.665917907999983],[28.63138393600019,-30.6557464789999],[28.648317996000117,-30.65051499899988],[28.667364997000163,-30.653939002999948],[28.671852999000066,-30.65128300099991],[28.671622003000152,-30.629068996999933],[28.676917003000028,-30.625804995999943],[28.669325003000154,-30.622688996999955],[28.688401998000018,-30.60796400299995],[28.699170003000063,-30.58256399699991],[28.682020003,-30.579701000999933],[28.679822003000027,-30.56946400199996],[28.671428998000067,-30.55920200399987],[28.65526799800017,-30.55926299799995],[28.631164996000166,-30.573687000999882],[28.631284001000154,-30.570166995999955],[28.62157599699998,-30.568417],[28.60881400200003,-30.574954002999903],[28.60367400200016,-30.566729003999967],[28.603625998000098,-30.553794996999898],[28.612938,-30.549769001999948],[28.61638005300017,-30.542121549999933],[28.607571850000113,-30.534202247999872],[28.549818166000136,-30.540182636999816],[28.56072000600011,-30.51835],[28.573290001000032,-30.522439996999935],[28.575860001000024,-30.515950000999965],[28.56475998900015,-30.510370000999956],[28.569840000000113,-30.49629000599998],[28.596439998000108,-30.492770001999872],[28.588030004000018,-30.487270002999878],[28.60853999699998,-30.477430002999938],[28.62315000700005,-30.47541999799995],[28.62345000100015,-30.479799999999898],[28.61091999900009,-30.486239996999927],[28.60845000500018,-30.490229996999915],[28.61996999700017,-30.485940002999882],[28.62850000900005,-30.47749000099992],[28.62761000200004,-30.472799998999903],[28.616029997000112,-30.472240003999957],[28.613870003000102,-30.46194],[28.607050002000108,-30.466130003999922],[28.600980010000058,-30.45737000099996],[28.587750006000135,-30.45401999799998],[28.584259997000117,-30.44469000199996],[28.575140003000115,-30.436880003999875],[28.540209997000147,-30.4515500039999],[28.533130003000167,-30.470130000999973],[28.528170003000128,-30.47016001199995],[28.52721,-30.466509998999925],[28.506181002000176,-30.46939200199995],[28.511009997000144,-30.456440008999948],[28.506489997000074,-30.443900000999975],[28.500300003000063,-30.43458000399994],[28.480633002000047,-30.422326000999874],[28.479696004000118,-30.410164998999903],[28.459205165000128,-30.390095387999963],[28.465389082000115,-30.369770913999957],[28.452741002000096,-30.35836100199998],[28.429081999000175,-30.35644800199998],[28.433645000000126,-30.353603],[28.432368000000167,-30.347826003999955],[28.43788900100003,-30.341802004999977],[28.44107500299998,-30.342965003999836],[28.441470997000067,-30.33778099699998],[28.449322999000174,-30.335444003999953],[28.4438320000001,-30.329449999999895],[28.44638099100007,-30.328814997999928],[28.441582005000043,-30.30984630599994],[28.419731141000057,-30.312975565999977],[28.421350990000064,-30.278764993999914],[28.333700000000135,-30.234740001999967],[28.34370000299998,-30.23337000199996],[28.347769996000068,-30.228859999999884],[28.343390003000138,-30.223829995999893],[28.347730003000038,-30.216920003999974],[28.345149997000078,-30.21276000299997],[28.36510000300018,-30.168620003999877],[28.382859989000053,-30.16882],[28.390170005000186,-30.16282000299998],[28.39980000300011,-30.14368000199994],[28.452220003000036,-30.15791000099989],[28.47251000400007,-30.155600009999887],[28.48133000300004,-30.14879],[28.499829999000042,-30.150990002999947],[28.531429998000135,-30.132889997999882],[28.53492,-30.125749998999936],[28.55059000300014,-30.120630003999963],[28.55371999800019,-30.123960001999876],[28.590689996000037,-30.12685000099998],[28.61862000100001,-30.135520002999897],[28.638359997000123,-30.131549991999975],[28.66760999700017,-30.140710001999878],[28.69031000200016,-30.124069998999914],[28.701620000000162,-30.1264699969999],[28.709020000000123,-30.1195999979999],[28.728879999000128,-30.112999996999974],[28.73964999900005,-30.115800003999937],[28.74982000200015,-30.10648000599997],[28.791170001000125,-30.109399998999834],[28.794980001000056,-30.100830001999952],[28.831289998000102,-30.09761],[28.838949999000192,-30.09208999599997],[28.854459999000085,-30.090489996999906],[28.859450002000187,-30.08731000299997],[28.85752999700003,-30.077560002999974],[28.86929000200007,-30.077859996999848],[28.87894000300014,-30.069820000999925],[28.903069999000024,-30.065910002999885],[28.921729998000046,-30.05307000099998],[28.936330002000147,-30.04916000299994],[28.94096999700008,-30.03641000099998],[28.957849996999983,-30.039140003999876],[28.96479,-30.033099997999898],[28.986970004000057,-30.030460002999973],[28.990759999000034,-30.020169996999982],[29.00421000299997,-30.00502000399996],[29.01101999800005,-30.004550000999984],[29.02022994200007,-29.996740064999983],[29.02921994200011,-29.997749939999892],[29.033269942,-29.986470064999878],[29.059549942,-29.977660064999952],[29.083809942000187,-29.95306993999992],[29.10371994200017,-29.96697993999993],[29.102469942000084,-29.95709993999992],[29.110979942000085,-29.935749939999937],[29.15541006700016,-29.925829939999915],[29.169419942,-29.91632006499998],[29.168929942000148,-29.91264993999988],[29.205899941999974,-29.904800064999904],[29.22021994200003,-29.905749939999907],[29.23294994200006,-29.915319939999904],[29.240549942000087,-29.91447993999998],[29.24480994200013,-29.920249939999962],[29.252349942000137,-29.918149939999978],[29.254619942000033,-29.926069939999877],[29.26606994200006,-29.935100064999972],[29.273010067000087,-29.93401993999987],[29.27913994200003,-29.939189939999892],[29.278139942000053,-29.94255993999991],[29.287169942000105,-29.942290064999895],[29.29347994200009,-29.936010064999948],[29.30619994200009,-29.94050993999997],[29.303929942000025,-29.942280064999977],[29.30515994200016,-29.94410993999992],[29.340360067000063,-29.940079939999976],[29.34427994200007,-29.945289939999952],[29.344519942000034,-29.94140993999997],[29.3511799420001,-29.939619939999943],[29.3539499420001,-29.94353006499989],[29.35836994200008,-29.939259939999943],[29.37267994200016,-29.944270064999955],[29.3768699420001,-29.938700064999978],[29.384320067000033,-29.94799993999993],[29.39567006700014,-29.946900064999966],[29.390839942000127,-29.951280064999878],[29.39300994200005,-29.956849939999927],[29.40427994200013,-29.959959939999976],[29.407710067000153,-29.966819939999937],[29.428709942000182,-29.97764006499989],[29.45429994200009,-29.967539939999824],[29.460509942000158,-29.96956993999993],[29.465929942000116,-29.96339993999993],[29.47003994200014,-29.966759939999918],[29.4794449420001,-29.964890064999963],[29.485199942000065,-29.969859939999935],[29.47951994200008,-29.972650064999925],[29.481179942000153,-29.978749939999886],[29.493479942000192,-29.97835993999996],[29.48620994200013,-29.980809939999972],[29.48580994200006,-29.98447993999997],[29.493109942000103,-29.983639939999932],[29.494869942000093,-29.990620064999973],[29.50594994200003,-29.988919939999903],[29.51109006700017,-29.994620064999935],[29.508909942000173,-30.002879939999957],[29.514189942000087,-30.001930064999897],[29.513329942000155,-30.006869939999888],[29.520619942000053,-30.00837993999994],[29.528809942,-30.01765006499994],[29.536829942000168,-30.01909993999982],[29.528729942000155,-30.009819939999886],[29.532559942000148,-30.00368993999996],[29.551709942000116,-30.011229939999964],[29.553369942000188,-30.022149939999906],[29.55618994200006,-30.021279939999886],[29.555329942000128,-30.013930064999897],[29.560749942000086,-30.010859939999875],[29.561829942000088,-30.016949939999904],[29.580139942000187,-30.026969939999958],[29.57638006700006,-30.03013993999997],[29.579289942,-30.03575993999982],[29.591609942000105,-30.03323993999993],[29.594949942000085,-30.043739939999966],[29.61001994200012,-30.038269939999907],[29.611226941999973,-30.04303306499986],[29.618029942000135,-30.04251993999992],[29.617509942000083,-30.037569939999912],[29.628399942000158,-30.03953993999994],[29.632879942000102,-30.03388993999988],[29.653309942000135,-30.047400064999977],[29.660600067000132,-30.065120064999917],[29.666039942,-30.06358006499994],[29.675459942000145,-30.068239939999955],[29.670539942,-30.071500064999952],[29.674819942000113,-30.080040064999935],[29.690619942000012,-30.083599939999942],[29.69761994200013,-30.075809939999942],[29.716189942000085,-30.08481993999993],[29.723660067000083,-30.079139939999948],[29.730819942000153,-30.08632993999987],[29.73411006700013,-30.07167993999991],[29.746239942000045,-30.069839939999895],[29.749220067000124,-30.06295993999987],[29.75188994200016,-30.06716993999987],[29.74854994200001,-30.073819939999964],[29.752859942000157,-30.076879939999912],[29.768629942000018,-30.069600064999975],[29.771329942000136,-30.061599939999894],[29.787939942000094,-30.061109939999938],[29.79109494200003,-30.056540064999922],[29.767631692000066,-30.045641689999968],[29.775062192000064,-30.036826689999884],[29.779928067000014,-30.03651456499989],[29.77856281700008,-30.030946689999894],[29.774018817000126,-30.03362818999983],[29.773189942000045,-30.02963993999998],[29.76725144200003,-30.031385439999895],[29.741215567000097,-30.02178043999993],[29.73814896900018,-30.014899282999977],[29.733411381000053,-30.01631962499988],[29.719862069000044,-30.000574388999894],[29.71724565,-30.00505967899994],[29.712283798000158,-30.003695402999938],[29.716414002000135,-29.99585549099993],[29.71355094200004,-29.9931319399999],[29.735173067000176,-29.967034939999962],[29.75131794200007,-29.93167693999993],[29.741229942000132,-29.927824939999937],[29.728960692000157,-29.929285439999944],[29.73762270100019,-29.920194854999977],[29.728981770000132,-29.90884107399995],[29.73026869199998,-29.90331056499997],[29.71696269200004,-29.90324393999998],[29.706685567000136,-29.919473564999976],[29.701622067000073,-29.914941689999978],[29.70360544200014,-29.910627189999957],[29.695162817000096,-29.9046151899999],[29.682481692000067,-29.901602939999975],[29.667244946000096,-29.914116210999964],[29.635759942,-29.89910993999996],[29.63049994200003,-29.890449939999883],[29.632160067000143,-29.87773993999997],[29.638749942000118,-29.883149939999953],[29.655200067000123,-29.88166006499995],[29.653100067000082,-29.869689939999944],[29.646919942000068,-29.867959939999878],[29.645039942000096,-29.85728993999993],[29.657589942000016,-29.849689939999905],[29.651349942000138,-29.847609939999927],[29.651049942000157,-29.8380299399999],[29.64462994200011,-29.83574993999997],[29.64994994200009,-29.833189939999897],[29.64923994200018,-29.822709939999925],[29.658729942000036,-29.818099939999968],[29.665564942000174,-29.805488064999963],[29.703304942000102,-29.810456939999938],[29.712428942000088,-29.827474939999945],[29.726865942000188,-29.820862939999984],[29.727170942000043,-29.812788939999905],[29.73377394200014,-29.808373064999955],[29.738506942000072,-29.796787939999888],[29.757833067000092,-29.78142806499983],[29.767739942000105,-29.78386593999994],[29.765589067000064,-29.79439993999995],[29.78512088300016,-29.788651246999905],[29.768172942000035,-29.691763064999975],[29.772785671000065,-29.69150411399994],[29.772300968000025,-29.69540197799995],[29.786347431000024,-29.702861155999926],[29.787199478000105,-29.714572609999948],[29.797422765000192,-29.705121048999956],[29.809647891000054,-29.707804461999956],[29.827412771000184,-29.70320563799993],[29.823172708000072,-29.709834263999937],[29.8382904,-29.718657400999973],[29.84127481200005,-29.72629485999994],[29.836887010000055,-29.736755348999907],[29.858315048000065,-29.737595367999972],[29.863994453000032,-29.734217886999943],[29.8775145190001,-29.745457771999895],[29.87756116500009,-29.735664262999876],[29.884121451,-29.734986956999876],[29.892379715000118,-29.751158546999875],[29.910246148000056,-29.739975148999974],[29.911883499000055,-29.75179690899995],[29.9030986570001,-29.757401451999954],[29.91859575100017,-29.770592853999915],[29.91547512800014,-29.774745904999918],[29.90904456800007,-29.772354314999916],[29.91189858100006,-29.77984700099995],[29.902910247000136,-29.786068025999953],[29.90278741700007,-29.79255638899997],[29.90800411800018,-29.796747090999872],[29.927722093000114,-29.80517184699994],[29.940828875000136,-29.802469565999957],[29.956539927000108,-29.780378016999975],[29.958666283000184,-29.78231722299995],[29.9526194230001,-29.795733763999976],[29.961427173,-29.810665774999904],[29.96687033100011,-29.810043296999936],[29.976643427000113,-29.817155453999874],[29.98345592800007,-29.811974807999945],[29.99073780900011,-29.816339310999865],[29.992931707000082,-29.806192000999943],[30.00398517900004,-29.812568517999978],[30.010145947000126,-29.805499761999954],[30.045361357000104,-29.829961907999973],[30.049029942000175,-29.835059939999894],[30.036219942,-29.8474399399999],[30.036449942000047,-29.866659939999977],[30.055269942000052,-29.87019006499986],[30.066899942000077,-29.85973993999994],[30.063610067000127,-29.872480064999877],[30.06620994200017,-29.88531993999993],[30.060679942000036,-29.890239939999958],[30.061049942000125,-29.897409939999875],[30.067909943000075,-29.894979939999928],[30.07005994300016,-29.902639939999972],[30.07808994300018,-29.907869939999898],[30.088599943000077,-29.904039939999905],[30.101389943000186,-29.912680064999904],[30.0836599430001,-29.92336993999993],[30.09106994299998,-29.935199939999904],[30.086469943000054,-29.946169939999947],[30.096089943000038,-29.949349939999877],[30.10401994299997,-29.940269939999894],[30.104989943000135,-29.94605006499995],[30.1190299430001,-29.948710064999943],[30.1106999430001,-29.957140064999976],[30.113499943000136,-29.96675006499993],[30.10301994300005,-29.972820064999894],[30.125069943000142,-29.982009939999898],[30.15031994300017,-29.982169939999892],[30.1613799430001,-29.988629939999896],[30.1645099430001,-29.99878006499995],[30.189089943000056,-30.002830064999955],[30.200819943,-30.014449939999906],[30.213409943000045,-30.017289939999955],[30.221399943000165,-30.010849939999957],[30.234929943,-30.012289939999903],[30.242559943000174,-30.007820064999976],[30.251100068000085,-30.01416993999993],[30.262039943000104,-30.011489939999876],[30.27392006800011,-30.021909939999944],[30.276999943000135,-30.015390064999906],[30.27308006800007,-30.007229939999945],[30.281400068000153,-30.004280064999932],[30.287949943,-30.017799939999975],[30.301469943000086,-30.013829939999937],[30.31250994300018,-30.019249939999952],[30.310079943000176,-30.030470064999918],[30.31665994300016,-30.035910064999882],[30.317229943000086,-30.045930064999936],[30.321519943000112,-30.043289939999966],[30.322649943000158,-30.034800064999956],[30.329019943000162,-30.03216006499997],[30.337969943000132,-30.04678993999994],[30.344219943000155,-30.04913006499993],[30.348489943000175,-30.046590064999975],[30.34769994300018,-30.037049939999974],[30.356049943000016,-30.039600064999945],[30.356089943000143,-30.04718506499995],[30.39832694300003,-30.02689393999998],[30.40819606800011,-30.040678939999964],[30.412296943000058,-30.03349793999996],[30.435376943000108,-30.02411706499987],[30.43718994300019,-30.03222393999988],[30.444509943000128,-30.0296499399999],[30.441510068000184,-30.034969939999826],[30.444263292000073,-30.04600468299998],[30.44718999500003,-30.039010548999897],[30.51328606800007,-30.034781939999903],[30.516128943000183,-30.02667193999997],[30.533101106000174,-30.031844998999816],[30.537607068000113,-30.042328939999948],[30.536888443000066,-30.06009243999995],[30.552927318000116,-30.048339064999936],[30.558899193000116,-30.053106314999923],[30.57093369300003,-30.05284081499991],[30.572048568000184,-30.059417314999962],[30.57607069300019,-30.053235939999922],[30.578117068000097,-30.058062439999958],[30.58321181800011,-30.058810439999945],[30.596038943000167,-30.053051064999977],[30.605280068000127,-30.062024939999958],[30.61662007700005,-30.058873719999838],[30.616460693000192,-30.049845114999925],[30.60669538500008,-30.047489447999965],[30.61155994600017,-30.033959748999905],[30.618120417000057,-30.033907660999944],[30.640404341000135,-30.02011787899994],[30.65333869300008,-30.021745939999903],[30.663334568000153,-30.016381814999875],[30.666629943000032,-30.025259939999955],[30.673439943000062,-30.02742993999982],[30.677459943000144,-30.024329939999916],[30.682719943000166,-30.02618993999988],[30.683649942999978,-30.030829939999933],[30.716679942999974,-30.035999939999954],[30.72185994300014,-30.0388300649999],[30.725339943000108,-30.048050064999984],[30.72777994300003,-30.04598006499998],[30.731790068000123,-30.049759939999888],[30.733609943000147,-30.045899939999913],[30.730459943000085,-30.046479939999927],[30.723089943000105,-30.035529939999947],[30.73471994300013,-30.013809939999817],[30.748399943000152,-30.011829939999927],[30.75348994300009,-30.01690006499996],[30.764539943000102,-30.01160993999997],[30.771069943000043,-30.015339939999933],[30.778199943,-30.013930064999897],[30.777739943000142,-30.02186006499994],[30.78182994300016,-30.02093993999989],[30.82834994300009,-30.08075006499996],[30.804479943,-30.118349940999963],[30.810715193000078,-30.1230520659999],[30.821146318000103,-30.123485815999913],[30.822383693000063,-30.127107690999935],[30.83356544300011,-30.12750319099996],[30.835285318000047,-30.12395631599992],[30.847696068000175,-30.13038094099994],[30.81943994300002,-30.171550065999952],[30.781780068000046,-30.250609940999936],[30.761409943000103,-30.273650065999902],[30.759819943000025,-30.28894994099994],[30.74693094300011,-30.30519606599995],[30.73567994300015,-30.338809940999965],[30.70237994300004,-30.376050065999948],[30.693249943000126,-30.395839940999906],[30.673689943000113,-30.420270065999944],[30.673829943000158,-30.42990006599996],[30.65467994300019,-30.45450994099997],[30.653579943000125,-30.46402994099998],[30.63431994300015,-30.48745006599995],[30.624744943000167,-30.512709940999912],[30.610959943000182,-30.524449940999887],[30.606079943000168,-30.539699940999924],[30.583969943000056,-30.560059940999906],[30.569129943000178,-30.59144994099995],[30.54746994300001,-30.614899940999976],[30.54467994300012,-30.62424994099996],[30.54724994300011,-30.627459940999927],[30.51902994300019,-30.657399940999937],[30.510159943000133,-30.676999940999963],[30.463379943,-30.732069940999907],[30.444279943000083,-30.766180065999947],[30.42421994299997,-30.787119940999844],[30.413049943000033,-30.805040065999947],[30.411629943000094,-30.81403994099992],[30.405889943000034,-30.818089940999982],[30.404499943000133,-30.828429940999968],[30.395169943000155,-30.835789940999973],[30.393819942999983,-30.843739940999967],[30.386339943000166,-30.853219940999907],[30.37216994300013,-30.86175994099989],[30.37037994300016,-30.870249940999884],[30.35807994300012,-30.878770065999902],[30.346949943000084,-30.89862994099991],[30.307699943000102,-30.93692994099996],[30.298269943000037,-30.962859940999977],[30.283649943000057,-30.97411994099997],[30.25513994300013,-31.01883006599985],[30.24711994300003,-31.02227994099991],[30.244410068000036,-31.029969940999877],[30.228269943000157,-31.043279940999923],[30.230589943000098,-31.05008994099984],[30.225849943000128,-31.060229940999932],[30.209599943000114,-31.07470994099998],[30.192329997000115,-31.08283000099982],[30.181620003000035,-31.100969997999982],[30.174249998000107,-31.10557999799994],[30.172190001000104,-31.11628000199994],[30.15846000800019,-31.127329998999983],[30.15518,-31.139290007999875],[30.12313000300003,-31.16291999799995],[30.126530005000177,-31.16725],[30.115870001000076,-31.18165],[30.09766999900006,-31.187609995999935],[30.102400009000064,-31.19206000099996],[30.096760003000043,-31.19353999799995],[30.085200003000182,-31.211089996999874],[30.06987000200013,-31.221499997999956],[30.06931999800014,-31.23714999699996],[30.048390000000154,-31.246730002999982],[30.037840001000063,-31.266990000999954],[30.01064,-31.287169997999968],[30.011920008000118,-31.293520003999845],[29.99548000100009,-31.308609998999884],[29.965279997000152,-31.32077000399994],[29.968540000000132,-31.327780001999884],[29.964450003000024,-31.329250000999934],[29.957959998000092,-31.34498999899995],[29.94191000000012,-31.35489000399997],[29.938580001000048,-31.362560002999942],[29.921449998000128,-31.370869998999865],[29.912459997000155,-31.38047000199998],[29.905189997000093,-31.381469996999897],[29.905099998000026,-31.39347999699993],[29.87467000300012,-31.407240000999877],[29.86857000100008,-31.42169999799995],[29.859549996999988,-31.429059996999968],[29.833659999000133,-31.44349999799988],[29.783289997000054,-31.443520002999946],[29.776319999000123,-31.448239998999952],[29.76998,-31.44510999599993],[29.769599997000114,-31.44908999699993],[29.764139998000132,-31.44944999599994],[29.76501000100012,-31.45275999899991],[29.759189996000032,-31.452390000999856],[29.74187000300003,-31.4660300029999],[29.7355599980001,-31.466409997999904],[29.73430000200011,-31.479080006999936],[29.729390000000137,-31.48310999899985],[29.721060000000136,-31.482499996999934],[29.721770000000106,-31.49564999899991],[29.715330002000144,-31.49851000299998],[29.691879996000182,-31.528089998999974],[29.68921999600019,-31.520840002999876],[29.67039000400007,-31.506919996999898],[29.657659998000156,-31.505330003999973],[29.655439999000066,-31.4971299959999],[29.652720002000137,-31.50078999899995],[29.643230002999985,-31.499880003999976],[29.648380002000067,-31.497060000999966],[29.640660003000164,-31.492029996999975],[29.645339998000054,-31.48639999699992],[29.629140003000032,-31.48767],[29.62570999800016,-31.476580001999935],[29.61555999900014,-31.478970002999972],[29.6113,-31.47109000099988],[29.61542999800014,-31.464469995999877],[29.608479997000188,-31.46467999899994],[29.6062999990001,-31.472180003999938],[29.60101000200018,-31.466109995999943],[29.591849999000146,-31.468359997999983],[29.59526999800005,-31.46359000299998],[29.592510000000175,-31.458219996999958],[29.599399996000045,-31.458429998999918],[29.59885,-31.44145],[29.59411999800011,-31.439269993999915],[29.594349996000176,-31.435110000999885],[29.590120000000127,-31.442919998999855],[29.579458001000148,-31.44283099699993],[29.570743003000075,-31.458066001999896],[29.565485993000152,-31.459244001999934],[29.563576999000134,-31.465811],[29.570620697000095,-31.47190833499991],[29.563914001000114,-31.485608000999946],[29.55152600100007,-31.487044996999828],[29.549220997000134,-31.483249997999962],[29.533806,-31.490335002999984],[29.522592321000104,-31.47800587399996],[29.52164100000016,-31.470378995999965],[29.5265600030001,-31.467637],[29.524798884000177,-31.460440660999836],[29.529002892,-31.45829678399997],[29.52680099700018,-31.44721801199995],[29.536502003000123,-31.446612],[29.540754996000032,-31.43910500399994],[29.53236100100014,-31.430993000999933],[29.528589996000107,-31.439410000999942],[29.5136479950001,-31.446515001999956],[29.510498003000066,-31.43386000299995],[29.50388000100014,-31.43796200099996],[29.49794199700017,-31.435185996999962],[29.494202,-31.416578],[29.48865999700007,-31.413540996999984],[29.47211000100009,-31.414500998999983],[29.472053578000157,-31.408473086999948],[29.466004823000162,-31.411986180999918],[29.469708,-31.42062699899998],[29.457428998000182,-31.413515],[29.45401400300011,-31.415806],[29.455726001000187,-31.424133],[29.449445001000072,-31.428823997999984],[29.434850000000154,-31.430594995999968],[29.429645000000107,-31.42428199899996],[29.42174669600007,-31.422762064999972],[29.420704998000076,-31.43471198799989],[29.415794996000045,-31.43410199399989],[29.412060552000128,-31.42290909999997],[29.38746376199998,-31.414470784999878],[29.38505178200012,-31.401647597999897],[29.37208833400007,-31.394753665999872],[29.378613999000095,-31.389663995999967],[29.355570999000065,-31.38690300099995],[29.344604002999972,-31.37684699899995],[29.345926,-31.371436001999882],[29.31835799600009,-31.3724699899999],[29.32678699700017,-31.34545100199989],[29.336128074999976,-31.349096216999953],[29.357750000000124,-31.348442002999946],[29.36263899900007,-31.34551000099998],[29.365565733000096,-31.3357921839999],[29.36186863200004,-31.32835384999987],[29.377800004000107,-31.32292],[29.368039998000143,-31.313009996999938],[29.372220003000052,-31.308380000999932],[29.371410005000143,-31.298270001999924],[29.362130001000082,-31.294209998999975],[29.35353000100008,-31.30223999699996],[29.34420999600019,-31.303529995999952],[29.315420002000167,-31.33178],[29.301680002000182,-31.33665999899995],[29.2957500010001,-31.356069998999942],[29.28517999700017,-31.365800001999958],[29.291370000000143,-31.369480001999875],[29.2890799970001,-31.372999997999955],[29.264579996000066,-31.38716999199994],[29.27116999100008,-31.395260002999976],[29.253170000000125,-31.40064],[29.242750001000104,-31.410780001999967],[29.2288,-31.39670999799995],[29.241020002000084,-31.381800001999977],[29.239799998000024,-31.376480001999937],[29.232449997,-31.373600001999876],[29.21289000000013,-31.37641999699997],[29.20423000400018,-31.371059996999975],[29.21107999900005,-31.364799998999956],[29.2314900020001,-31.36373],[29.230829994000032,-31.35066],[29.221790002000034,-31.347789997999882],[29.20455000200019,-31.34973000699989],[29.195860003000178,-31.340129996999963],[29.197049996000146,-31.33377000099989],[29.226930002000074,-31.318639995999945],[29.22685,-31.299060010999938],[29.20434,-31.295740002999935],[29.19850999700003,-31.281849997999984],[29.19056000000012,-31.275339997999936],[29.190110001000107,-31.26394],[29.181129998000074,-31.259069998999962],[29.169940003000136,-31.25880000799998],[29.172849989000042,-31.23469999899993],[29.169169998000086,-31.227730000999884],[29.176380000000165,-31.227290000999915],[29.179730003000145,-31.207809997999902],[29.193759998000075,-31.216420002999882],[29.195139997000126,-31.20536999799998],[29.20442000200012,-31.188640001999886],[29.199630002000106,-31.18909999899995],[29.187589992000085,-31.20341999799996],[29.1883,-31.190370001999952],[29.193290003000186,-31.186269997999887],[29.19652000400015,-31.189599996999902],[29.207600011000068,-31.17997],[29.20740000000012,-31.17216999999988],[29.200200003000077,-31.165939996999896]],[[29.87622494200008,-29.86704493999997],[29.860023016000184,-29.857004771999925],[29.85423044200013,-29.859700189999955],[29.848604816999966,-29.855792064999946],[29.83637119200006,-29.85836831499995],[29.8303598170001,-29.863797439999928],[29.811209067000107,-29.848396064999974],[29.803361041000187,-29.85847875999997],[29.797929763000013,-29.8586467369999],[29.792234768000185,-29.872754157999907],[29.78532842000004,-29.875871459999928],[29.791939317000185,-29.878367814999876],[29.789820785000188,-29.887824688999956],[29.79334570800006,-29.8895395159999],[29.798347289000105,-29.888221639999927],[29.793933196000182,-29.88661795799993],[29.813643192000143,-29.883216689999983],[29.838280350000105,-29.887556994999898],[29.849033614,-29.879822016999924],[29.860309539000127,-29.88128184699991],[29.862158067000166,-29.885817064999912],[29.87622494200008,-29.86704493999997]]]},"properties":{"area_code_id":"039","area_codes":["039"],"area_code_label":"039","prefix_1":"3","ward_count":278}},{"type":"Feature","geometry":{"type":"Polygon","coordinates":[[[27.17682999600015,-33.46901000299988],[27.15425999900009,-33.47967999699995],[27.14283999700001,-33.48782999699989],[27.14245000300008,-33.49533000299988],[27.1356,-33.496329998999954],[27.11641,-33.48439000199994],[27.078189997000038,-33.47001999699995],[27.069459997000138,-33.45740000299992],[27.06916000299998,-33.444430000999944],[27.055759998000156,-33.43731999599993],[27.043709998000054,-33.41212999999988],[27.035280000000114,-33.402569997999876],[27.026000003000092,-33.40088998999988],[27.02069000200015,-33.39550000299988],[27.01630000199998,-33.37925],[27.006049997000048,-33.368399998999905],[26.985259998000174,-33.35620000199998],[26.983639995000146,-33.34273999999988],[26.998559997000086,-33.33072000199985],[27.002570001000038,-33.32021000299994],[26.998519996000084,-33.31552000199986],[27.00333000000012,-33.295119996999915],[26.997539997000047,-33.28083000099991],[26.989060000000165,-33.27211999699989],[26.969259999000144,-33.26780999999988],[26.96908999700014,-33.26448000099998],[26.972639997000044,-33.25681000099996],[26.981430002000025,-33.25383000299996],[26.993969994000167,-33.26212000299995],[27.003890003000038,-33.263450002999946],[27.008829999,-33.25211000199994],[26.986719999000115,-33.23342],[26.966890003000174,-33.23807000099998],[26.95905999200005,-33.235220002999824],[26.962530006000122,-33.22806],[26.97918,-33.22079000799994],[26.95706999900017,-33.19177],[26.95297000400012,-33.17851000199994],[26.960009997000043,-33.17306999999988],[26.956189998000127,-33.1697],[26.943500001000018,-33.16536],[26.924300004000088,-33.16523999699996],[26.921510003000094,-33.16894000099995],[26.92574,-33.18661000299994],[26.921099997000113,-33.19141000099995],[26.927869999000166,-33.19496],[26.909089998000184,-33.202650002999974],[26.90145999900011,-33.200629999999876],[26.896660002000033,-33.194389998999895],[26.89902000000012,-33.18188999899991],[26.89061999600017,-33.17630000099996],[26.896239998000112,-33.171280002999936],[26.878159998000058,-33.170909997999956],[26.879409996000106,-33.189770000999886],[26.87279999800012,-33.19313000199992],[26.872579989000087,-33.20318000399993],[26.857109998000055,-33.20766000299989],[26.84247999900009,-33.20422999799996],[26.84004999800004,-33.19481000299993],[26.855309995000084,-33.19235999699998],[26.865690001000075,-33.181390001999944],[26.862090011000078,-33.17768],[26.846749997000074,-33.17842000199994],[26.83760000000018,-33.17462999799989],[26.83760000000018,-33.155079999999884],[26.83209000300019,-33.15496999599992],[26.82036000900007,-33.129720001999885],[26.824360007000053,-33.12387000199993],[26.834580002000052,-33.121409997999876],[26.84355999600018,-33.131689998999946],[26.852719999000044,-33.12614999899995],[26.858569999000167,-33.10056000299994],[26.876850002000026,-33.07748000099997],[26.873710001000177,-33.05366999599988],[26.865330002,-33.04506999699993],[26.858860002000085,-33.046240008999916],[26.855840003000083,-33.07441000399996],[26.849489998000024,-33.07973000299995],[26.83813999900019,-33.08091999599992],[26.82816000100007,-33.06782000099997],[26.82562000300004,-33.0396800019999],[26.81327000100015,-33.03588999799996],[26.784640002000174,-33.08551999799994],[26.776729998000064,-33.08883],[26.77171999800015,-33.08462999899996],[26.77264999800019,-33.076619996999966],[26.795379999000147,-33.047849998999936],[26.794870003000085,-33.02630000099998],[26.801780003000147,-33.00849000099993],[26.80200000400015,-32.99635000099988],[26.793219997000165,-32.99010999899997],[26.78105499700007,-32.998505],[26.772513997000033,-32.998640002999934],[26.773080001000153,-32.980341997999915],[26.76819499900006,-32.977120997999975],[26.747839,-32.98551500099995],[26.744908004000024,-32.99655400199998],[26.738176008000096,-32.999221],[26.749659,-32.97794899699994],[26.747786998000038,-32.95777400299994],[26.761720003999983,-32.94825700199988],[26.770005,-32.92865200199992],[26.764484997000068,-32.928092995999975],[26.751307003000022,-32.9388540029999],[26.742956001000096,-32.940799],[26.738471996000044,-32.93304399599998],[26.74257800000015,-32.91464300099989],[26.72916499700017,-32.90663999699996],[26.729520001000026,-32.920440998999936],[26.724464000000125,-32.92601000399992],[26.70961300400006,-32.918376],[26.69646600200008,-32.926284997999915],[26.70274200700004,-32.91022998899996],[26.71600199700009,-32.90180699699994],[26.715130996000084,-32.881999],[26.708337001000075,-32.88197499799992],[26.701395003000187,-32.897443001999875],[26.69657400300008,-32.90008299699991],[26.684738003000064,-32.89356400399993],[26.67887700700004,-32.8812450019999],[26.67278700300011,-32.880433997999944],[26.664607,-32.88645499699987],[26.656069998000135,-32.88397900199993],[26.662290992000067,-32.863351998999974],[26.658310001000075,-32.85909800099995],[26.637667997000108,-32.860893000999965],[26.634197999000094,-32.84835501099997],[26.645011,-32.85052999899989],[26.675702998000077,-32.83662800099984],[26.68156400100014,-32.82554899899992],[26.66961199600007,-32.821621],[26.679754998000135,-32.81007200199991],[26.680343000000107,-32.80097900299995],[26.69209999700007,-32.78918199799995],[26.684679003000156,-32.78367700399997],[26.67524936000018,-32.78781539399995],[26.674415845000055,-32.78294766699997],[26.664380324999968,-32.775262658999964],[26.658962477000046,-32.77964694699983],[26.654044739000142,-32.77849669699998],[26.65917282500004,-32.774023110999906],[26.653383004000034,-32.76916099899995],[26.65615999700003,-32.76614900299995],[26.65400655899998,-32.76153274199993],[26.645614617000035,-32.763242455999944],[26.650017489000163,-32.76019791699997],[26.649955,-32.7532829999999],[26.658586,-32.758084],[26.670530375999988,-32.754639787999906],[26.678824998000096,-32.757060001999946],[26.70364499699997,-32.777174000999935],[26.70381300300005,-32.76951000199989],[26.753100000000188,-32.74188800199988],[26.756515003000175,-32.73097200299998],[26.751121003000094,-32.72710799799995],[26.767233999000155,-32.721678001999976],[26.78594599200005,-32.72494399799996],[26.79147900100014,-32.722531000999936],[26.806356003000076,-32.701398996999956],[26.807504998000184,-32.67663700799989],[26.824040998000044,-32.674240001999976],[26.846090004000075,-32.65097400099995],[26.858588000000168,-32.64438500399996],[26.871559000000104,-32.644787995999934],[26.885829,-32.66616299699996],[26.883022003000065,-32.67997099699994],[26.891320760000042,-32.69205924399995],[26.89621274200016,-32.68116589399989],[26.91426826500009,-32.69588801799995],[26.920443409000143,-32.691194905999964],[26.93130100100018,-32.69958199799987],[26.938227998,-32.69633999599995],[26.957069002000026,-32.69694399699995],[26.960995996,-32.711008997999954],[26.982244005000098,-32.717928996999945],[26.98885400400019,-32.72630600399998],[26.994366004000085,-32.722797002999926],[27.000292997000145,-32.72454999899992],[27.009657998000023,-32.736660004999976],[27.01396999900004,-32.73093500199985],[27.031237001000193,-32.732073001999936],[27.03798,-32.75489699899998],[27.054885,-32.745135995999874],[27.061335004000114,-32.75150100299993],[27.07462699900009,-32.736727],[27.060966207000092,-32.712662731999956],[27.09697715700014,-32.703600653999956],[27.09535386100015,-32.69700321999994],[27.101139997000132,-32.69143199699994],[27.114463001000104,-32.69869600399994],[27.11489600300007,-32.71133600199994],[27.120949997000025,-32.70316899799991],[27.126518994000094,-32.71076098999998],[27.137414996000132,-32.71106900299998],[27.14353500300018,-32.707477997999945],[27.14408100200012,-32.69474100199989],[27.152570998000044,-32.68700699199991],[27.160724006000123,-32.6836296539999],[27.17631871000009,-32.69003020499997],[27.181198685000027,-32.68094212999995],[27.18611200400005,-32.6795130029999],[27.186416057000088,-32.689693714999976],[27.20365172200019,-32.693877475999955],[27.205682283000044,-32.699849246999975],[27.23154299900017,-32.715491],[27.259580001000188,-32.68957000199998],[27.275030003000097,-32.68431999799998],[27.28719999800012,-32.684880000999954],[27.29296998900014,-32.68103],[27.29325000200015,-32.67572999699996],[27.35458000100016,-32.67443999799991],[27.386011012000097,-32.6794497759999],[27.39818580499997,-32.66699178799996],[27.411796191000064,-32.6724733179999],[27.42411300100008,-32.670291000999896],[27.429538999000158,-32.66527599799991],[27.430949998000074,-32.64185799699993],[27.44529198200013,-32.64317066399997],[27.47588500100005,-32.62963],[27.479817045000118,-32.640856744999894],[27.492438147000087,-32.63815222299996],[27.50749686500012,-32.644041977999905],[27.489224700000193,-32.65159208499995],[27.47561686200015,-32.646694661999845],[27.461234762000117,-32.664893175999964],[27.460878660000162,-32.670428238999875],[27.46816,-32.67617299799997],[27.50601467300004,-32.67813160299994],[27.506019733000073,-32.673507047999976],[27.52383663400019,-32.67235058599988],[27.52526513300012,-32.66753890299992],[27.5537200010001,-32.68223999799994],[27.57771999600004,-32.66649999899994],[27.587920003000136,-32.66910000199994],[27.58742500000011,-32.711575001999904],[27.55781699700003,-32.7071450009999],[27.554075876000184,-32.72509753399993],[27.535630011000137,-32.739470000999916],[27.519200001000115,-32.74656000099992],[27.53649699800019,-32.79262500099992],[27.523650663000126,-32.79140958099998],[27.50591384000012,-32.79824417899988],[27.499352629000043,-32.805791230999944],[27.468807002000176,-32.80971],[27.468185997000035,-32.820628998999894],[27.47605999800004,-32.82844400099992],[27.46198004100006,-32.83043340499995],[27.46030861900016,-32.83602307999996],[27.470289999000045,-32.83313400199995],[27.470893003000185,-32.83948199699989],[27.45930800300016,-32.85072100199989],[27.45704800300001,-32.858502002999955],[27.441933997000035,-32.85938099799995],[27.44623999700019,-32.861785002999966],[27.429831559000036,-32.87779936199996],[27.428464005000023,-32.88267181699996],[27.432417218000182,-32.88544767099995],[27.427364110000042,-32.88838747099982],[27.420895247000146,-32.877596982999876],[27.401789001000054,-32.870453002999966],[27.40578400400011,-32.864349001999926],[27.394826001000183,-32.867595001999916],[27.396103999000047,-32.86425399899997],[27.41172966800019,-32.84633830599989],[27.42595672000016,-32.84975779799987],[27.429362761000107,-32.841386691999844],[27.43914200200004,-32.84327800099993],[27.456305174000136,-32.823449600999936],[27.455113338000103,-32.81932257599988],[27.44942800300015,-32.81328199899997],[27.424360003000118,-32.803389996999954],[27.4212600030001,-32.796010001999946],[27.41610999700015,-32.80068999699995],[27.385410003,-32.801399996999976],[27.38622000000015,-32.8139],[27.393580006000036,-32.81397999799998],[27.393237879000026,-32.82258072699983],[27.375914858000158,-32.82430412799994],[27.370063418000086,-32.80434184799992],[27.37981920800007,-32.78565712999989],[27.38432038500008,-32.756155608999904],[27.369978609000043,-32.75659523099995],[27.34787800000015,-32.73500900099998],[27.333899999000096,-32.73262999599996],[27.326059998,-32.73982000199993],[27.338490002000185,-32.7616300009999],[27.33048999900018,-32.772409997999944],[27.332380001000104,-32.78419],[27.322609997000143,-32.78835999899991],[27.34257000200006,-32.79455000099995],[27.3385400090001,-32.79425],[27.338429997000105,-32.79966999699991],[27.33041010000005,-32.80225179999991],[27.322969688000114,-32.811726274999955],[27.31824851200014,-32.804874680999944],[27.313666504000082,-32.809296099999926],[27.316232,-32.815395998999975],[27.31047299700009,-32.82654499699993],[27.325510999000187,-32.85440199899989],[27.313001152000083,-32.855516576999946],[27.301024387000098,-32.86762305399992],[27.301327049000065,-32.88357766099995],[27.291230185000074,-32.89634671199997],[27.30377935700011,-32.90181803299993],[27.314528023000037,-32.89651507699995],[27.319722002000162,-32.909246],[27.314310997,-32.92019800199989],[27.305493998000145,-32.926619],[27.299620004000133,-32.92187999699996],[27.2840599970001,-32.92623000399993],[27.28625000200003,-32.92965000299989],[27.258942449000017,-32.93184989999992],[27.25583963200006,-32.94340991599995],[27.239907556000105,-32.95529198399993],[27.24040129499997,-32.96507751699994],[27.229188084999976,-32.96770087299984],[27.242209685000034,-32.97643944299989],[27.244059716000095,-32.98556467599997],[27.240204377000055,-32.9892245879999],[27.253440128000136,-32.99413817499993],[27.262830493000024,-32.99156178299995],[27.274876514000084,-32.99532727999991],[27.27127163100016,-32.99795658499994],[27.27466831200013,-33.00451751199995],[27.278549171000122,-33.01122286899994],[27.289672042,-33.0156742769999],[27.29059282800017,-33.02308010899998],[27.29609033200012,-33.02419652399993],[27.31412952200003,-33.01550833899995],[27.329862969000033,-33.02303700599998],[27.335625591000053,-33.03226058899992],[27.310857632000193,-33.03731689399996],[27.316081034000035,-33.03901266799994],[27.316204678000133,-33.04615924199993],[27.320433274000038,-33.04615924199993],[27.316031577000103,-33.04972016499994],[27.319889243999967,-33.05394876099996],[27.315240261000156,-33.05530883499995],[27.319740872000125,-33.05978471799983],[27.310644677000084,-33.0600797059999],[27.30687662500003,-33.06765937299997],[27.303261032000137,-33.06302009099994],[27.29840394200005,-33.06639609899992],[27.29381899800012,-33.090968002999944],[27.31948499800012,-33.10692800199996],[27.31892500300006,-33.08649299899997],[27.326056998000126,-33.087779997999974],[27.332678998000063,-33.114883998999915],[27.320674001000157,-33.122311998999976],[27.32707099800018,-33.13212399899993],[27.332942997000146,-33.13058999699996],[27.344577996000112,-33.11345799899988],[27.349977997000053,-33.12138499899993],[27.359237008000093,-33.11851099899991],[27.373214455000095,-33.12416949199991],[27.37396144799999,-33.12727436099988],[27.36093197400004,-33.12839234899991],[27.36152001700009,-33.139401875999965],[27.372369998000124,-33.15345999599998],[27.38658,-33.15183000199994],[27.391080004000116,-33.156899998999904],[27.388949996000065,-33.162030000999835],[27.378359996000142,-33.1654199969999],[27.374889999000175,-33.180089995999936],[27.377249997000035,-33.18433999699994],[27.394730001000028,-33.18473999699984],[27.405789996000067,-33.193019997999954],[27.42473000100017,-33.193019997999954],[27.43261000200016,-33.20075000199995],[27.433530004000033,-33.209930000999975],[27.41596,-33.22221],[27.41331999700003,-33.23431],[27.43592000400008,-33.24008999599988],[27.441579999000055,-33.25730000099992],[27.455480001000126,-33.264069994999886],[27.4580699980001,-33.28139000399989],[27.46994999700013,-33.28490000199997],[27.48009999599998,-33.27200000299996],[27.491829999,-33.28203999799996],[27.48185000000018,-33.289820001999885],[27.48018999600015,-33.298709996999946],[27.43589000200012,-33.3170599959999],[27.41280999300011,-33.3397700079999],[27.35538000100007,-33.36387999899995],[27.33866000400019,-33.378959996999924],[27.324990000000128,-33.382920001999935],[27.266300003000026,-33.42173000299988],[27.237910001000103,-33.434949999999844],[27.215869996000038,-33.459729998999876],[27.17682999600015,-33.46901000299988]]]},"properties":{"area_code_id":"040","area_codes":["040"],"area_code_label":"040","prefix_1":"4","ward_count":32}},{"type":"Feature","geometry":{"type":"Polygon","coordinates":[[[25.407769996000127,-34.035779998999885],[25.35132000400006,-34.01557],[25.305539996999983,-33.993019998999955],[25.2214900030001,-33.97077],[25.220636784000135,-33.96561909899998],[25.22432363900009,-33.96302128399998],[25.220830002000127,-33.96114000299991],[25.22823000200009,-33.95127999899995],[25.22435999700008,-33.93942000399994],[25.21566,-33.93448999799995],[25.208684999000013,-33.921700002999955],[25.195660002000125,-33.92522],[25.192210001000035,-33.92176999799989],[25.201019994999967,-33.898570002999975],[25.21242000100017,-33.88382000199988],[25.263749997000104,-33.88679999999988],[25.21869999500018,-33.87635999699995],[25.246920004000174,-33.86310999699998],[25.225909997000088,-33.85202999699993],[25.22610000300017,-33.84841000299997],[25.261560001000134,-33.80206000299995],[25.27326999899998,-33.77337999699995],[25.29974000400017,-33.77084999699997],[25.305035004000047,-33.762004997999895],[25.28497999700005,-33.75334999699993],[25.301654096999982,-33.72631159999992],[25.29155490000005,-33.72216349799987],[25.282939283000132,-33.71099925699997],[25.26820859999998,-33.70566939799994],[25.266236277000132,-33.699407558999894],[25.263243598000088,-33.700868699999944],[25.253185598000073,-33.69098969899994],[25.240431503000025,-33.693125897999835],[25.249072798000157,-33.6836719989999],[25.273742010000092,-33.68934611899982],[25.26653471600008,-33.69711214399996],[25.300801697000168,-33.70385770399997],[25.30172292000009,-33.71229893499992],[25.292057,-33.71431390399994],[25.327329151000185,-33.72639639399989],[25.337227002000134,-33.71045650399998],[25.350328899000033,-33.71602270099993],[25.35208242400006,-33.70306321099997],[25.330619997000156,-33.68902000299994],[25.34784,-33.67091],[25.308059998000033,-33.63785000099995],[25.33623,-33.636669997999945],[25.339540002000035,-33.628779997999914],[25.321089997000172,-33.6215900009999],[25.346299998000177,-33.557070008999915],[25.404460002,-33.56172000099997],[25.42635000200005,-33.55898999799996],[25.437709999,-33.5530800009999],[25.50762399900003,-33.57177299499989],[25.49381999700006,-33.61159999599988],[25.555809997000097,-33.62810999899989],[25.55340999900011,-33.60511],[25.558010000000138,-33.59616],[25.63166000700005,-33.59162000299989],[25.62706999600016,-33.60888999699995],[25.64988200099998,-33.61340699699991],[25.645578003000026,-33.60684099699995],[25.648077003000026,-33.59490600399994],[25.673549989000037,-33.58857600199991],[25.673099998,-33.57838300199995],[25.665230003000147,-33.56978900299998],[25.683471003000022,-33.55228400699997],[25.679231998000034,-33.54236699899991],[25.683853001000045,-33.53248200299993],[25.69043,-33.5413],[25.70460999700009,-33.54223999799996],[25.70984999500007,-33.546210008999935],[25.727090003000058,-33.538169996999954],[25.731160004000117,-33.54299999699998],[25.767079999000032,-33.52522999699988],[25.777200004000065,-33.553660000999855],[25.83821599800018,-33.54437400299997],[25.838006004000192,-33.55581100199993],[25.834305002000065,-33.55999799699998],[25.815348999000037,-33.567623],[25.814611405000107,-33.59500542099988],[25.876223521000156,-33.59613591899989],[25.910909369000024,-33.58694565199994],[25.946188137000092,-33.59079963499988],[25.99955097900005,-33.58427750999988],[26.004887263000114,-33.573308480999856],[26.001329740000017,-33.567972196999904],[26.02326779800012,-33.56441467399992],[26.042537713000172,-33.555520866999984],[26.087303208000094,-33.56560051499997],[26.088192589000073,-33.57508724199994],[26.14349927600017,-33.58831850699994],[26.142318003000014,-33.591237996999894],[26.15959170600007,-33.610902570999826],[26.193257537000193,-33.61595408699998],[26.203984686000013,-33.627192052999874],[26.217947006000145,-33.6302569529999],[26.236336404000042,-33.62463796999998],[26.294399226,-33.62327579199996],[26.30631828000014,-33.62617041999994],[26.330837478000092,-33.64132464599993],[26.35974000100009,-33.64326999799988],[26.345950010000138,-33.68475500099993],[26.350110003000168,-33.6838800029999],[26.34776000400018,-33.6898399989999],[26.388249998000106,-33.70708999599998],[26.440219999000192,-33.69909999899994],[26.461520001000054,-33.70520000199991],[26.459329997000054,-33.71548000199988],[26.46556,-33.74433000099998],[26.462869998000087,-33.756590003999975],[26.528080001000035,-33.750329997999984],[26.530049997000106,-33.75414999599997],[26.497240001000023,-33.76569000099988],[26.48479999900013,-33.76561999799998],[26.468390001000046,-33.77337999699995],[26.380189997000173,-33.7594],[26.321880004000036,-33.767770000999974],[26.286429996000038,-33.7618300019999],[26.217580002000147,-33.73485000099993],[26.152180001000147,-33.7174300019999],[26.054780002000086,-33.7054499969999],[25.937130002000117,-33.710070001999895],[25.847249997000063,-33.722470003999945],[25.789400001000104,-33.743279998999924],[25.70396000200003,-33.79046000099993],[25.665320002000044,-33.821899996999946],[25.63664000400007,-33.86157000299994],[25.63095999800015,-33.86424999899998],[25.63293000200008,-33.8694499959999],[25.61335000100013,-33.91890999499998],[25.61251999900003,-33.948269997999944],[25.62443999900006,-33.95605000099994],[25.639329998999983,-33.955089998999824],[25.64086000200001,-33.958580000999916],[25.62696000000011,-33.96044000099988],[25.63684000000012,-33.961639999999875],[25.629409998000142,-33.96385000099997],[25.63567000300003,-33.96830999599996],[25.644480005000162,-33.96323999899994],[25.647560001000045,-33.97529999799991],[25.672000004000154,-33.983639995999965],[25.68710999700005,-34.000299996999956],[25.703979999000182,-34.03192],[25.659700001000033,-34.026529996999955],[25.64938999800006,-34.030170003999956],[25.64502000300007,-34.03825999899993],[25.62812999700003,-34.049389997999924],[25.608489999000028,-34.045110002999934],[25.5809299980001,-34.05075999899998],[25.570209998000053,-34.0456400029999],[25.468080004000058,-34.02936999599996],[25.440170003000162,-34.035429997999984],[25.407769996000127,-34.035779998999885]]]},"properties":{"area_code_id":"041","area_codes":["041"],"area_code_label":"041","prefix_1":"4","ward_count":61}},{"type":"Feature","geometry":{"type":"Polygon","coordinates":[[[24.908030003000192,-34.08691999799993],[24.88518,-34.11097999899994],[24.84286,-34.1416700019999],[24.83230000300017,-34.16787],[24.871440001000167,-34.19671999099984],[24.851040004000083,-34.19392999899992],[24.83988000200003,-34.19730999699988],[24.83391,-34.20508000199993],[24.837119997,-34.213860000999944],[24.794830000000104,-34.1974100029999],[24.786390003000122,-34.20034000199996],[24.76899000100019,-34.198470002999954],[24.733580002000167,-34.18616000199995],[24.722860001000072,-34.18762000199996],[24.714409999000054,-34.19370999899991],[24.69389999800012,-34.19024000099995],[24.685129997000047,-34.18382],[24.64642000900011,-34.17299000299988],[24.615490002000058,-34.17575999899992],[24.606440003000046,-34.18374999699995],[24.608660003000068,-34.19138000299995],[24.579330002000063,-34.185450001999925],[24.558810002000087,-34.17603999699992],[24.49125000000015,-34.167640000999825],[24.473489998000105,-34.16109],[24.446530001000042,-34.14494000299993],[24.427499997000098,-34.12732000099993],[24.401730002000136,-34.1171899979999],[24.381949997000163,-34.10308000099997],[24.31033998900017,-34.10184999899997],[24.29290000200018,-34.092759999999885],[24.249600003000182,-34.08299000399995],[24.244340001000182,-34.07817999999986],[24.23363999600008,-34.07778999899983],[24.221640003000118,-34.07179999999988],[24.215400001000035,-34.07309999699993],[24.193799996999985,-34.05997999799996],[24.193609999000103,-34.06603000199988],[24.18965000200012,-34.067050001999974],[24.12953999800004,-34.05802000799997],[24.119960000000162,-34.06246999699994],[24.07774999700007,-34.05278000199996],[23.962489997000148,-34.03945999899997],[23.902990003000127,-34.02687999799997],[23.892280001000188,-34.03290999699993],[23.846519999000122,-34.02709],[23.80353,-34.01653000199997],[23.76434000300003,-34.01202000099994],[23.751800003000028,-34.0052],[23.64480999900013,-33.98956999799998],[23.647890003000043,-33.98004999699998],[23.64590000200019,-33.962449997999954],[23.63458999600016,-33.95205000399989],[23.636969998000097,-33.934650000999966],[23.644740004000084,-33.93067],[23.63725000400018,-33.91329000099995],[23.63985999700003,-33.90971999799996],[23.656829997000102,-33.90692999799995],[23.65690999800006,-33.902229997999825],[23.64971000200012,-33.898949997999864],[23.647370001000013,-33.89278],[23.65586999400017,-33.886849998999935],[23.682980004000058,-33.884009999999876],[23.69426999799998,-33.86796999899991],[23.700680000000148,-33.86730999899993],[23.703728900000158,-33.8485562969999],[23.690490545000046,-33.84760177899989],[23.67774900000012,-33.852234999999894],[23.666089000000113,-33.832451999999876],[23.665616,-33.81401],[23.651400000000137,-33.804272],[23.649998000000153,-33.7970049999999],[23.635871000000122,-33.788355],[23.641408016000128,-33.7697939819999],[23.64684825300003,-33.76819213399989],[23.648635000000127,-33.76157699899994],[23.656691004000038,-33.759114001999876],[23.658168,-33.74054899799995],[23.685617953000076,-33.73684488099997],[23.682153325000115,-33.72442292299996],[23.675224069000024,-33.716733139999974],[23.664069658000187,-33.714282548999904],[23.657647421000036,-33.70760680299992],[23.662886614,-33.6983114599999],[23.652661737000187,-33.67498859999989],[23.65274630200014,-33.67118515799996],[23.670440004000056,-33.67255999799994],[23.674980000000176,-33.62587001199995],[23.619888997000146,-33.59148299699996],[23.616870003000088,-33.570239998999966],[23.64687000300006,-33.57831999599989],[23.722290003000182,-33.61748999699995],[23.76710999900007,-33.60922000199997],[23.804710003000025,-33.63462],[23.842809996000028,-33.65044999799994],[23.96203999900007,-33.6704899959999],[24.006879999000034,-33.687160002999974],[24.06074000300009,-33.698389998999914],[24.057160002000103,-33.72594000099997],[24.18768999600013,-33.764760000999956],[24.241320002000123,-33.74287999899997],[24.262919998000143,-33.744315],[24.290979996000146,-33.7119],[24.322810002000153,-33.72030000299998],[24.370555002000117,-33.70398999599996],[24.35522999699998,-33.73348],[24.422864998000023,-33.758689992999905],[24.473430001,-33.76521],[24.499620832000176,-33.77845492599994],[24.50526,-33.74406],[24.525310000000104,-33.72622],[24.536700000000167,-33.726499999999874],[24.53802000000013,-33.69612],[24.54622,-33.68942],[24.535320000000183,-33.66286],[24.56325,-33.63434],[24.59844,-33.65717],[24.67058,-33.63557999999989],[24.671100000000138,-33.63075],[24.71392,-33.6343],[24.73074000100013,-33.62038000199982],[24.68685999700017,-33.61267000299995],[24.63419000099998,-33.59682],[24.6461399960001,-33.57075000299989],[24.673050001999968,-33.57160000199997],[24.69224000100013,-33.539669997999965],[24.70185000200013,-33.51453000099997],[24.80440500300017,-33.53824],[24.80884999700004,-33.50686000199988],[24.798039996000114,-33.483420001999946],[24.816909997000096,-33.43898000099995],[24.84181999600014,-33.408800000999975],[24.84303000200009,-33.380710000999954],[24.806529999000134,-33.38706999699997],[24.798220004000086,-33.36707999699996],[24.793080004000046,-33.36610999699997],[24.79434,-33.320350001999884],[24.74519000200013,-33.3177200049999],[24.73164,-33.30600999899991],[24.72587799700017,-33.32554399899993],[24.701372004000177,-33.32279600199996],[24.68286800200019,-33.33278899899989],[24.676919002000034,-33.35949399699996],[24.619381998,-33.350286995999966],[24.622841277000134,-33.33547960299995],[24.556249003000175,-33.3260489999999],[24.484543003000056,-33.33513599799994],[24.45458199899997,-33.347932001999936],[24.401757004000046,-33.34083300099985],[24.400232003000042,-33.34762399599998],[24.367659838,-33.34335917699997],[24.35913509000011,-33.351554635999946],[24.345598083000084,-33.351977310999985],[24.339830762000133,-33.349880461999874],[24.341743,-33.335996],[24.272997,-33.343564],[24.276656000000116,-33.355328],[24.269128,-33.360712],[24.277654206000136,-33.37539078399993],[24.275587000000144,-33.38148299999989],[24.26122400000014,-33.393965],[24.238769427000022,-33.39818054799997],[24.234852485000147,-33.39686531799998],[24.220370000000116,-33.359555996999916],[24.20604799900019,-33.354913999999894],[24.154752999000095,-33.343893997999885],[24.154125004000093,-33.35889799899991],[24.135439000000133,-33.35814400099997],[24.122734002000186,-33.350000997999985],[24.083657001000176,-33.3482909949999],[23.9623,-33.33148500399989],[23.94337799700014,-33.308399001999874],[23.88809100300017,-33.30145400399988],[23.897085999000126,-33.330268],[23.81788099900018,-33.332314],[23.8216870010001,-33.31910499899993],[23.870892999000034,-33.253955000999895],[23.838771003000033,-33.24608700099992],[23.856858998000178,-33.21758899699995],[23.9049040000001,-33.20058900199996],[23.913578998000048,-33.20182699899982],[23.90432000300018,-33.22769499799989],[23.956521001000112,-33.234876002999954],[23.958452999000087,-33.224194],[23.971438003000117,-33.21444600299998],[23.98243599799997,-33.167278999999894],[23.94214800300017,-33.156647003999865],[23.949159996000105,-33.13559999699987],[23.95813000100003,-33.126859998999976],[23.98817999900018,-33.121480001999885],[23.988840000000152,-33.10870999499997],[24.042360002000123,-33.1245899999999],[24.153779998000118,-33.132789999999886],[24.15912000200018,-33.140670000999876],[24.198089998000114,-33.13633999899997],[24.258510002000094,-33.14195000199993],[24.258430001000136,-33.11697],[24.31111000200019,-33.11658999699995],[24.318640002000052,-33.10584000099993],[24.35251699800017,-33.10566000199992],[24.351852002000044,-33.08622099699994],[24.45214899700011,-33.093734000999916],[24.448864002,-33.057743994999896],[24.442527003000123,-33.05390499799995],[24.482197999,-33.01985500099994],[24.487505000000112,-33.024254998999936],[24.526678000000118,-32.99205600099998],[24.533263,-32.96723399999985],[24.59669599600005,-32.98290999499994],[24.63755000300017,-32.966399001999946],[24.61976800200017,-32.91944400299997],[24.654300701000068,-32.91076203799997],[24.66095791500004,-32.94252432399992],[24.65168411200017,-32.94966621799995],[24.655414952000115,-32.955102584999906],[24.658826006000083,-32.95371684499992],[24.660426806000032,-32.96002587799995],[24.68981800300014,-32.951786],[24.685048990000155,-32.94001402599997],[24.69839300300015,-32.937972996999974],[24.737930998000138,-32.94427300299992],[24.750795002000075,-32.95299599699996],[24.78956200200014,-32.94395700299998],[24.800592003000133,-32.95015400299991],[24.80375100300006,-32.94964199599991],[24.797326996000095,-32.94081599599997],[24.851543002000085,-32.93406999699994],[24.862877999000148,-32.93696600299995],[24.884327999000163,-32.92678600099998],[24.913629002000107,-32.923685002999946],[24.91657299700006,-32.934536998999874],[24.930683002000023,-32.945818],[24.96364300300013,-32.93860300299997],[25.009076999000058,-32.94272900399983],[25.00818799700005,-32.90858699599994],[25.016160001000117,-32.91490000099992],[25.03636000199998,-32.8955],[25.073590001000127,-32.89180000399989],[25.08741000200007,-32.87103000199994],[25.055989994000072,-32.84894999599993],[25.044099997000103,-32.83445000599994],[25.001530002000095,-32.84191000299995],[24.989019997000185,-32.83753000199994],[24.992540009000095,-32.80028999699988],[24.976760002,-32.78623999799993],[24.93397,-32.78151000399998],[24.933810000000108,-32.76366],[24.984620997000036,-32.74244499599996],[24.990091001000167,-32.70340199599991],[25.00606900100007,-32.709470998999905],[25.0178079960001,-32.686877],[25.038899002000107,-32.6855629989999],[25.07737500100012,-32.696523003999914],[25.08841500000011,-32.70504799699995],[25.111443000000122,-32.70321000399997],[25.119304999,-32.69977300099998],[25.110457,-32.68628299699998],[25.142235004000042,-32.67082700099985],[25.183194003000153,-32.6588489909999],[25.194625999000095,-32.62923],[25.218385000000126,-32.648054],[25.244943002000014,-32.645880001999956],[25.289015,-32.649328],[25.314923997000164,-32.663483000999975],[25.32696900200017,-32.633055998999964],[25.34500399800004,-32.66111499999988],[25.370861001000094,-32.67124800299996],[25.37855900000011,-32.65687499699993],[25.404597008000167,-32.65182799699994],[25.4192769980001,-32.63695899899989],[25.44148699600015,-32.63289899599994],[25.46609499800013,-32.63434598999987],[25.498218,-32.65795500199994],[25.496110997000073,-32.6630580019999],[25.50235000900011,-32.66655200099996],[25.496810999000104,-32.68575599699989],[25.522714003000146,-32.692857997999965],[25.539486002000103,-32.674185],[25.550435004000065,-32.676287],[25.55549699700009,-32.661743999999885],[25.57996599800009,-32.64452800299989],[25.57857,-32.623978997999984],[25.61133100300009,-32.593464],[25.630953,-32.59276098999993],[25.649364999,-32.607703996999874],[25.674321997000163,-32.61255499099997],[25.68914100300003,-32.6086049999999],[25.70691999600018,-32.623546003999934],[25.698635,-32.6372009989999],[25.721860003000074,-32.6646790019999],[25.739339002000065,-32.69648799799995],[25.713997995000057,-32.70841099799998],[25.711620004000054,-32.73421800199998],[25.73140200299997,-32.73598399699989],[25.749338996000063,-32.71872499899996],[25.777961000000175,-32.71472500099998],[25.803971,-32.726254998999934],[25.807055002000084,-32.73995700099982],[25.79697199700007,-32.73700500199993],[25.793007655000167,-32.74172877799998],[25.798632065000163,-32.74360180999986],[25.797395983000172,-32.74894533099996],[25.807299617000183,-32.74830685099994],[25.809216001000095,-32.75194899899992],[25.805332998000097,-32.780081002999964],[25.810534998000094,-32.77962300099989],[25.823519004000048,-32.763402003999886],[25.844530998000096,-32.772551002999876],[25.84421900300009,-32.776325],[25.82676399800016,-32.78341299699997],[25.823055001000114,-32.81573499699988],[25.812084998000103,-32.834359997999854],[25.7982579990001,-32.84631900099998],[25.803266003000033,-32.84892499699998],[25.818652003000125,-32.840209000999835],[25.822432998000068,-32.86770498999988],[25.799429998000164,-32.879882995999935],[25.79856199800014,-32.89642199699995],[25.80694100000011,-32.89922099799992],[25.82333400100009,-32.894919992999974],[25.833970003000104,-32.898485997999956],[25.825101999000026,-32.92424000299991],[25.828425997000068,-32.942563],[25.81511200200009,-32.953275994999956],[25.81705399900011,-32.96517800099997],[25.822398001000124,-32.971948002999966],[25.826145003000192,-32.99116599399997],[25.835092003000057,-32.99750900199996],[25.841544999000178,-32.99474100099991],[25.842468000999986,-32.984678997999936],[25.854081001000054,-32.965020997999886],[25.873709996000116,-32.97892899599998],[25.876592996000056,-32.98412999899995],[25.87556500100004,-33.007700996999915],[25.893075000000124,-33.00961500199992],[25.893375999000057,-33.028764002999935],[25.909707997999988,-33.036488995999946],[25.901653996999983,-33.0509],[25.911297999,-33.06307400099996],[25.91558599700005,-33.062519997999914],[25.917262998000183,-33.05313299799997],[25.924817,-33.05029200099989],[25.92417400400018,-33.03727499199988],[25.9348309990001,-33.03482399699993],[25.943998997000165,-33.03642800199998],[25.947199003000037,-33.04136900299994],[25.936486000000173,-33.059651998999925],[25.9371499990001,-33.065696999999886],[25.952835003000075,-33.06920399799998],[25.970627999000044,-33.04823000199991],[25.974991004000174,-33.06064099899987],[25.985818001000098,-33.060234998999874],[25.995291002999977,-33.06845399699995],[25.991407002000074,-33.082990995999864],[25.996761002000028,-33.091472995999936],[25.991860001000134,-33.09901000199994],[25.973740001000124,-33.096779996999885],[25.96258,-33.10997],[25.94818999800009,-33.17266000199987],[25.981949999000165,-33.179639997999914],[25.96878,-33.20042999599997],[25.983633997000027,-33.2045279969999],[25.986137999000107,-33.198389996999936],[26.05065199800015,-33.218313],[26.050271267000028,-33.215462155999944],[26.070710006000127,-33.216347001999964],[26.11966000000018,-33.22762999799994],[26.288468998000155,-33.24669700199996],[26.28539099700015,-33.25557600199994],[26.288276000000167,-33.26829800399997],[26.29473000200005,-33.26392599799988],[26.298741002999975,-33.27055999099997],[26.301892,-33.262800996999886],[26.30788000300015,-33.26471999699993],[26.31316199700018,-33.25931299799993],[26.309682001,-33.271148998999934],[26.31475300300019,-33.26754699799989],[26.32186699800002,-33.27398500099997],[26.327474000000166,-33.26935399899992],[26.333351003000132,-33.275950998999974],[26.356196002000047,-33.284274008999944],[26.357387001000063,-33.273592995999934],[26.380421998000088,-33.280051002999926],[26.419248706000076,-33.28397540299994],[26.41680352600008,-33.28937719299995],[26.42043535800019,-33.30486386999996],[26.431742002000078,-33.31452591099992],[26.464868520000095,-33.330932581999946],[26.482381998,-33.322744997999905],[26.503244003000134,-33.34687100399992],[26.543453002000035,-33.369555999999875],[26.54271699800006,-33.37987800399998],[26.513047999000037,-33.38283300199993],[26.507377999000084,-33.40459699899992],[26.53489199800009,-33.409739001999924],[26.532176996000146,-33.41742599799994],[26.52819499200001,-33.41743898799996],[26.530098999000074,-33.41320800999989],[26.506308000000104,-33.451052],[26.48863000300014,-33.44208399899992],[26.476385002000143,-33.458604],[26.463169002000143,-33.45924999699997],[26.434366001000058,-33.51251599799997],[26.437045000000126,-33.516899],[26.430626994000022,-33.52545800099983],[26.431042003000186,-33.531822001999956],[26.437541000000124,-33.5328709989999],[26.415459997000028,-33.54081],[26.414640001,-33.557550001999914],[26.381220003000124,-33.558340003999945],[26.37561,-33.60223],[26.34858000000014,-33.60387999799991],[26.343989996000175,-33.61025999799995],[26.352070001000186,-33.61101999699997],[26.331850004000046,-33.63316],[26.339430003000075,-33.63649999699982],[26.341905171000064,-33.64285709599989],[26.32249414000006,-33.63791920199998],[26.30631828000014,-33.62617041999994],[26.294399226,-33.62327579199996],[26.236336404000042,-33.62463796999998],[26.217947006000145,-33.6302569529999],[26.203984686000013,-33.627192052999874],[26.193257537000193,-33.61595408699998],[26.15959170600007,-33.610902570999826],[26.142318003000014,-33.591237996999894],[26.14349927600017,-33.58831850699994],[26.088192589000073,-33.57508724199994],[26.087303208000094,-33.56560051499997],[26.042537713000172,-33.555520866999984],[26.02326779800012,-33.56441467399992],[26.001329740000017,-33.567972196999904],[26.004887263000114,-33.573308480999856],[25.99955097900005,-33.58427750999988],[25.946188137000092,-33.59079963499988],[25.910909369000024,-33.58694565199994],[25.876223521000156,-33.59613591899989],[25.814611405000107,-33.59500542099988],[25.815348999000037,-33.567623],[25.834305002000065,-33.55999799699998],[25.838006004000192,-33.55581100199993],[25.83821599800018,-33.54437400299997],[25.777200004000065,-33.553660000999855],[25.767079999000032,-33.52522999699988],[25.731160004000117,-33.54299999699998],[25.727090003000058,-33.538169996999954],[25.70984999500007,-33.546210008999935],[25.70460999700009,-33.54223999799996],[25.69043,-33.5413],[25.683853001000045,-33.53248200299993],[25.679231998000034,-33.54236699899991],[25.683471003000022,-33.55228400699997],[25.665230003000147,-33.56978900299998],[25.673099998,-33.57838300199995],[25.673549989000037,-33.58857600199991],[25.648077003000026,-33.59490600399994],[25.645578003000026,-33.60684099699995],[25.64988200099998,-33.61340699699991],[25.62706999600016,-33.60888999699995],[25.63166000700005,-33.59162000299989],[25.558010000000138,-33.59616],[25.55340999900011,-33.60511],[25.555809997000097,-33.62810999899989],[25.49381999700006,-33.61159999599988],[25.50762399900003,-33.57177299499989],[25.437709999,-33.5530800009999],[25.42635000200005,-33.55898999799996],[25.404460002,-33.56172000099997],[25.346299998000177,-33.557070008999915],[25.321089997000172,-33.6215900009999],[25.339540002000035,-33.628779997999914],[25.33623,-33.636669997999945],[25.308059998000033,-33.63785000099995],[25.34784,-33.67091],[25.330619997000156,-33.68902000299994],[25.35208242400006,-33.70306321099997],[25.350328899000033,-33.71602270099993],[25.337227002000134,-33.71045650399998],[25.327329151000185,-33.72639639399989],[25.292057,-33.71431390399994],[25.30172292000009,-33.71229893499992],[25.300801697000168,-33.70385770399997],[25.26653471600008,-33.69711214399996],[25.273742010000092,-33.68934611899982],[25.249072798000157,-33.6836719989999],[25.240431503000025,-33.693125897999835],[25.253185598000073,-33.69098969899994],[25.263243598000088,-33.700868699999944],[25.266236277000132,-33.699407558999894],[25.26820859999998,-33.70566939799994],[25.282939283000132,-33.71099925699997],[25.29155490000005,-33.72216349799987],[25.301654096999982,-33.72631159999992],[25.28497999700005,-33.75334999699993],[25.305035004000047,-33.762004997999895],[25.29974000400017,-33.77084999699997],[25.27326999899998,-33.77337999699995],[25.261560001000134,-33.80206000299995],[25.22610000300017,-33.84841000299997],[25.225909997000088,-33.85202999699993],[25.246920004000174,-33.86310999699998],[25.21869999500018,-33.87635999699995],[25.263749997000104,-33.88679999999988],[25.21242000100017,-33.88382000199988],[25.20128000400007,-33.8981],[25.192830001,-33.91787999699994],[25.195660002000125,-33.92522],[25.208684999000013,-33.921700002999955],[25.21566,-33.93448999799995],[25.22435999700008,-33.93942000399994],[25.22823000200009,-33.95127999899995],[25.220830002000127,-33.96114000299991],[25.22432363900009,-33.96302128399998],[25.220636784000135,-33.96561909899998],[25.2214900030001,-33.97077],[25.154140002000076,-33.962809996999965],[25.10584000200015,-33.96270000099992],[25.03127999900005,-33.97037],[24.978010001000143,-33.984060000999875],[24.942269997000096,-34.00183999899991],[24.928449996000154,-34.01478999699998],[24.934040003,-34.033540003999974],[24.925090003000037,-34.05346999699992],[24.927270001000124,-34.06041],[24.922369998000136,-34.079800003999935],[24.908030003000192,-34.08691999799993]]]},"properties":{"area_code_id":"042","area_codes":["042"],"area_code_label":"042","prefix_1":"4","ward_count":33}},{"type":"Feature","geometry":{"type":"Polygon","coordinates":[[[27.666570003000118,-33.171600000999945],[27.644150003000163,-33.19279],[27.63405000200015,-33.19692999599994],[27.632730001000084,-33.201810002999935],[27.61499000300006,-33.20771000199994],[27.61100000400006,-33.21662000099997],[27.603109996000057,-33.22203000099995],[27.582279997000114,-33.22541999699996],[27.574839996000094,-33.23585000199989],[27.529470003000085,-33.255480001999956],[27.520470004000117,-33.26643000099995],[27.498850002999973,-33.28032000499991],[27.491829999,-33.28203999799996],[27.479750003000106,-33.27200000299996],[27.470550000000117,-33.28461999699988],[27.459600001000126,-33.282200001999854],[27.455480001000126,-33.264069994999886],[27.441579999000055,-33.25730000099992],[27.43592000400008,-33.24008999599988],[27.41276000200014,-33.23342999799996],[27.416180000000168,-33.22194999899989],[27.433530004000033,-33.209930000999975],[27.43046999600017,-33.196869998999944],[27.42393000100003,-33.19283999899989],[27.405789996000067,-33.193019997999954],[27.395160003000115,-33.184890001999975],[27.380249999000114,-33.18602999599989],[27.375609997000083,-33.18192000999994],[27.378889997000044,-33.164500002999944],[27.388949996000065,-33.162030000999835],[27.391080004000116,-33.156899998999904],[27.38658,-33.15183000199994],[27.372369998000124,-33.15345999599998],[27.36152001700009,-33.139401875999965],[27.36093197400004,-33.12839234899991],[27.37396144799999,-33.12727436099988],[27.373214455000095,-33.12416949199991],[27.359237008000093,-33.11851099899991],[27.349977997000053,-33.12138499899993],[27.344577996000112,-33.11345799899988],[27.332942997000146,-33.13058999699996],[27.32707099800018,-33.13212399899993],[27.320674001000157,-33.122311998999976],[27.332678998000063,-33.114883998999915],[27.326056998000126,-33.087779997999974],[27.31892500300006,-33.08649299899997],[27.31948499800012,-33.10692800199996],[27.29343699900005,-33.0903349969999],[27.29840394200005,-33.06639609899992],[27.303261032000137,-33.06302009099994],[27.30687662500003,-33.06765937299997],[27.310644677000084,-33.0600797059999],[27.319740872000125,-33.05978471799983],[27.315240261000156,-33.05530883499995],[27.319889243999967,-33.05394876099996],[27.316031577000103,-33.04972016499994],[27.320433274000038,-33.04615924199993],[27.316204678000133,-33.04615924199993],[27.316081034000035,-33.03901266799994],[27.310857632000193,-33.03731689399996],[27.33603038600006,-33.031295308999916],[27.328248396000106,-33.021265461999974],[27.3174397410001,-33.01568173999988],[27.30259105200014,-33.01890378099995],[27.29609033200012,-33.02419652399993],[27.29038381500004,-33.022961479999935],[27.289672042,-33.0156742769999],[27.278549171000122,-33.01122286899994],[27.27466831200013,-33.00451751199995],[27.27127163100016,-32.99795658499994],[27.274876514000084,-32.99532727999991],[27.262830493000024,-32.99156178299995],[27.253440128000136,-32.99413817499993],[27.240204377000055,-32.9892245879999],[27.244059716000095,-32.98556467599997],[27.242209685000034,-32.97643944299989],[27.229188084999976,-32.96770087299984],[27.24040129499997,-32.96507751699994],[27.239907556000105,-32.95529198399993],[27.25583963200006,-32.94340991599995],[27.258942449000017,-32.93184989999992],[27.28625000200003,-32.92965000299989],[27.2840599970001,-32.92623000399993],[27.299620004000133,-32.92187999699996],[27.305493998000145,-32.926619],[27.314310997,-32.92019800199989],[27.319722002000162,-32.909246],[27.314528023000037,-32.89651507699995],[27.30377935700011,-32.90181803299993],[27.291230185000074,-32.89634671199997],[27.301327049000065,-32.88357766099995],[27.301024387000098,-32.86762305399992],[27.313001152000083,-32.855516576999946],[27.325510999000187,-32.85440199899989],[27.31047299700009,-32.82654499699993],[27.316232,-32.815395998999975],[27.313666504000082,-32.809296099999926],[27.31824851200014,-32.804874680999944],[27.322969688000114,-32.811726274999955],[27.33041010000005,-32.80225179999991],[27.338429997000105,-32.79966999699991],[27.3385400090001,-32.79425],[27.34257000200006,-32.79455000099995],[27.322609997000143,-32.78835999899991],[27.332380001000104,-32.78419],[27.33048999900018,-32.772409997999944],[27.338490002000185,-32.7616300009999],[27.326059998,-32.73982000199993],[27.333899999000096,-32.73262999599996],[27.348464998,-32.735304],[27.369978609000043,-32.75659523099995],[27.38432038500008,-32.756155608999904],[27.37981920800007,-32.78565712999989],[27.370063418000086,-32.80434184799992],[27.37587916600006,-32.82428033299993],[27.393237879000026,-32.82258072699983],[27.393580006000036,-32.81397999799998],[27.38622000000015,-32.8139],[27.385410003,-32.801399996999976],[27.41610999700015,-32.80068999699995],[27.4212600030001,-32.796010001999946],[27.424360003000118,-32.803389996999954],[27.44942800300015,-32.81328199899997],[27.45533317999997,-32.81965757199998],[27.456305174000136,-32.823449600999936],[27.43914200200004,-32.84327800099993],[27.429362761000107,-32.841386691999844],[27.42595672000016,-32.84975779799987],[27.41172966800019,-32.84633830599989],[27.396640681000065,-32.862929572999974],[27.394826001000183,-32.867595001999916],[27.40578400400011,-32.864349001999926],[27.401789001000054,-32.870453002999966],[27.420895247000146,-32.877596982999876],[27.427364110000042,-32.88838747099982],[27.432417218000182,-32.88544767099995],[27.428464005000023,-32.88267181699996],[27.429831559000036,-32.87779936199996],[27.44623999700019,-32.861785002999966],[27.441933997000035,-32.85938099799995],[27.45704800300001,-32.858502002999955],[27.45930800300016,-32.85072100199989],[27.470893003000185,-32.83948199699989],[27.470289999000045,-32.83313400199995],[27.46030861900016,-32.83602307999996],[27.46198004100006,-32.83043340499995],[27.47605999800004,-32.82844400099992],[27.468185997000035,-32.820628998999894],[27.468807002000176,-32.80971],[27.499352629000043,-32.805791230999944],[27.50591384000012,-32.79824417899988],[27.523650663000126,-32.79140958099998],[27.526991,-32.79097399699998],[27.527800001000116,-32.791800998999975],[27.53190099400001,-32.791456998999934],[27.53329999200014,-32.79231299799994],[27.53603499800016,-32.79297599899991],[27.53649699800019,-32.79262500099992],[27.519200001000115,-32.74656000099992],[27.535630011000137,-32.739470000999916],[27.554075876000184,-32.72509753399993],[27.55781699700003,-32.7071450009999],[27.58742500000011,-32.711575001999904],[27.587920003000136,-32.66910000199994],[27.57771999600004,-32.66649999899994],[27.5537200010001,-32.68223999799994],[27.52526513300012,-32.66753890299992],[27.52383663400019,-32.67235058599988],[27.506019733000073,-32.673507047999976],[27.50601467300004,-32.67813160299994],[27.46816,-32.67617299799997],[27.460878660000162,-32.670428238999875],[27.461234762000117,-32.664893175999964],[27.47561686200015,-32.646694661999845],[27.489224700000193,-32.65159208499995],[27.50749686500012,-32.644041977999905],[27.492438147000087,-32.63815222299996],[27.479817045000118,-32.640856744999894],[27.47588500100005,-32.62963],[27.44529198200013,-32.64317066399997],[27.430949998000074,-32.64185799699993],[27.429538999000158,-32.66527599799991],[27.42411300100008,-32.670291000999896],[27.411796191000064,-32.6724733179999],[27.39818580499997,-32.66699178799996],[27.386011012000097,-32.6794497759999],[27.35458000100016,-32.67443999799991],[27.29325000200015,-32.67572999699996],[27.29296998900014,-32.68103],[27.28719999800012,-32.684880000999954],[27.275030003000097,-32.68431999799998],[27.259580001000188,-32.68957000199998],[27.23154299900017,-32.715491],[27.205682283000044,-32.699849246999975],[27.20365172200019,-32.693877475999955],[27.186416057000088,-32.689693714999976],[27.18413899900014,-32.657029],[27.170439139999985,-32.656881000999874],[27.175692041000048,-32.6419971709999],[27.13959099700014,-32.619632],[27.15351186700019,-32.57924183799997],[27.173972003000188,-32.582085002999975],[27.166731001000073,-32.57212899899997],[27.23643599700017,-32.57517],[27.27726699900012,-32.55773100999983],[27.33653400200012,-32.52187999699993],[27.402284003000148,-32.507829],[27.398575996000034,-32.499474997999926],[27.383405999000104,-32.48728700099991],[27.398319003000154,-32.481729997999935],[27.396097999000062,-32.46938900399988],[27.40259800100017,-32.4756159989999],[27.432558,-32.472639998999966],[27.453527998000027,-32.4778960029999],[27.46436400400006,-32.4747070009999],[27.47802000400003,-32.455009],[27.48322999900006,-32.458530001999975],[27.485880001000112,-32.454174002999935],[27.49807,-32.465131996999844],[27.502958002000184,-32.46364800299989],[27.499335989000087,-32.471753],[27.507837004000066,-32.46371700099991],[27.511321005000127,-32.46833699899997],[27.50953499800005,-32.47256701099997],[27.515846998000086,-32.46723800299992],[27.519123,-32.46954100399995],[27.538321003000192,-32.43210400299995],[27.551187999000035,-32.44409099799998],[27.590084263000108,-32.40929199899995],[27.60112791000006,-32.409525433999875],[27.62661872299998,-32.424863122999966],[27.648560996000185,-32.42076700299998],[27.67396599800003,-32.43012700099996],[27.6814839970001,-32.42337700399992],[27.69601900100014,-32.42145999899998],[27.7216410100001,-32.424958003999905],[27.736717002000148,-32.43916000299993],[27.748098998000046,-32.46014099699988],[27.758486002000097,-32.45901799899997],[27.76024900500005,-32.43475899999987],[27.7539089980001,-32.41556],[27.773940003000064,-32.418910002999894],[27.78632,-32.41481999699988],[27.79638999800011,-32.4036700019999],[27.81109000000015,-32.40957999899996],[27.814549999000178,-32.40665],[27.806730003000098,-32.397640002999935],[27.776780002000123,-32.39645000199988],[27.7662,-32.38563000299985],[27.769279996000023,-32.376849995999976],[27.783089999000026,-32.37415000399989],[27.8137,-32.38139000099994],[27.82922999700014,-32.39133999599994],[27.8266,-32.398459990999925],[27.832229999000162,-32.40665999899994],[27.840879997000172,-32.40930000199995],[27.85284999600003,-32.40663001199994],[27.859810004000167,-32.41405],[27.861259998000037,-32.40837000199991],[27.855130001000077,-32.399529997999934],[27.863749997000127,-32.38058001099989],[27.882455000000107,-32.38314899799991],[27.890889003000098,-32.37812099699994],[27.88446300200019,-32.37408300099992],[27.89134300000012,-32.36939399699992],[27.89980000000014,-32.38024999099986],[27.906723996000153,-32.382459001999905],[27.91869100300005,-32.37197400299988],[27.926277003000166,-32.37462399699996],[27.95945999700018,-32.36794100199995],[27.966095003000078,-32.352510995999864],[27.96367299700006,-32.34612999899991],[27.98055500100014,-32.341606997999975],[27.980453997000154,-32.33385999799998],[27.98758800400003,-32.32375599999989],[28.01075699900008,-32.34412799699993],[28.03722899900015,-32.35086600099993],[28.035316,-32.35914799699992],[28.044839998999976,-32.36922100299989],[28.036050999000054,-32.38523300399993],[28.072595,-32.38708700299998],[28.085574003000033,-32.38142700099996],[28.091567002000033,-32.38587500299997],[28.095998,-32.38238800099998],[28.107518605000166,-32.385861217999945],[28.109105,-32.37798099799994],[28.098800998000115,-32.37926400699996],[28.10731,-32.37408999899998],[28.12300800300011,-32.38245099899996],[28.123069006000094,-32.391881997999974],[28.139111001,-32.399551996999946],[28.131986003000065,-32.40827100099989],[28.141191999000057,-32.4203289969999],[28.14045300200013,-32.43544499799998],[28.134647,-32.43558099899991],[28.127845998999987,-32.428072],[28.11384100300012,-32.43166299699993],[28.122270004000086,-32.437021991999984],[28.121706003000043,-32.44561299899988],[28.136485000999983,-32.46039300199993],[28.140426878000085,-32.449753477999934],[28.19809099300005,-32.439529002999905],[28.20094099800002,-32.433450001999915],[28.196278997000036,-32.431847001999984],[28.200896002000036,-32.42111800099997],[28.206706000999986,-32.421878996999965],[28.20622500200011,-32.41358899799991],[28.237850998000056,-32.41623200199996],[28.25015800000017,-32.43410100199998],[28.255219004000026,-32.43525298899988],[28.26010588700018,-32.429350590999945],[28.297245886000155,-32.43327130499995],[28.295236002000138,-32.427191000999926],[28.299016,-32.42325601199997],[28.30252599800002,-32.42738999999989],[28.31034900200018,-32.42260699899998],[28.311571998000147,-32.427039998999874],[28.31979500300008,-32.419825998999954],[28.33224800300013,-32.424252001999946],[28.331597003000127,-32.427827997999884],[28.339265000000125,-32.433482996999885],[28.336502002000145,-32.4396459969999],[28.34757600100005,-32.44551800399995],[28.341913006000027,-32.45175600299996],[28.35019699700007,-32.460474998999985],[28.35909699800004,-32.457068995999975],[28.374197,-32.4428900019999],[28.37957299900006,-32.419329998999956],[28.396685999000056,-32.419255997999926],[28.413637997000023,-32.430425],[28.426387002000183,-32.42550800099997],[28.43661899799997,-32.42761300099994],[28.445446002999972,-32.41551000099997],[28.448643999000126,-32.41792500099996],[28.443326002000163,-32.42283200199995],[28.444297,-32.426550996999936],[28.451492999000095,-32.423923999999886],[28.468289,-32.42654399099996],[28.465380003000178,-32.432349992999946],[28.475105003000124,-32.44153699699996],[28.474330003000148,-32.44874099899988],[28.495627225000135,-32.4504822799999],[28.500398042000086,-32.46067080499995],[28.477595990999987,-32.46252600199995],[28.47549000200013,-32.47296400199991],[28.47179800100008,-32.47577300199998],[28.462686003000044,-32.473086],[28.463766000000135,-32.479630997999834],[28.45898500100003,-32.48338000399997],[28.46921999800003,-32.4822210019999],[28.469832002000032,-32.48818999899993],[28.465179002000127,-32.491572007999935],[28.472786003000124,-32.491553997999915],[28.47393300400006,-32.495667997999874],[28.478135998000027,-32.49197899799992],[28.481009,-32.49898799899995],[28.488833002000092,-32.50240499699987],[28.488811002000034,-32.51493599599996],[28.502753998000117,-32.52519099699998],[28.511470002000124,-32.52282199799998],[28.504414001999976,-32.532021003999944],[28.509740002000115,-32.53941500299993],[28.512453001000154,-32.54125899699994],[28.51683799799997,-32.53733900799995],[28.523845004000123,-32.54374399999983],[28.508267003000014,-32.549271998999984],[28.51340900600013,-32.55933499899993],[28.519556,-32.554621002999966],[28.527362000000153,-32.56108200299997],[28.524367001000087,-32.564954999999884],[28.528813000000127,-32.57269699799997],[28.52328100300008,-32.58399399699988],[28.527136997000127,-32.585165996999876],[28.518539990000136,-32.598190003999946],[28.509000000000185,-32.60449000299997],[28.48415998900009,-32.60919000999996],[28.473320001000047,-32.619700000999956],[28.4342,-32.631109996999896],[28.41696000100012,-32.65661000099993],[28.37450000200016,-32.69042999899989],[28.37358,-32.70487],[28.368710000000135,-32.707549995999955],[28.34390999700014,-32.70785999599991],[28.317570000000103,-32.724580001999925],[28.307850003000112,-32.72553999599995],[28.26896999900015,-32.758910003999915],[28.257369997000126,-32.759530003999885],[28.238820002000125,-32.770639997999865],[28.178550003000055,-32.78628999699998],[28.154010001000188,-32.797189996999975],[28.138420000000167,-32.80789999899997],[28.11724,-32.83053999999987],[28.121300002999988,-32.85179000299996],[28.109220000000164,-32.863039995999884],[28.107950005000134,-32.87293000299991],[28.100499998000032,-32.87927999999988],[28.096150007000062,-32.89306999899998],[28.091639998000062,-32.89263999599996],[28.07552000400017,-32.90742999799994],[28.08097000400005,-32.912060001999976],[28.056809998000176,-32.91915000199987],[28.032470000000103,-32.93458],[28.03459999900008,-32.94273000099997],[28.003700002000187,-32.95532999799997],[27.986020002000146,-32.969800001999886],[27.96077000100007,-32.97879000299997],[27.949199994000082,-32.99069999699998],[27.952070003000188,-32.99782999699988],[27.922610002000056,-33.01159999899994],[27.916450002000033,-33.02665000199988],[27.9255,-33.02838000199995],[27.913570002000085,-33.032810001999906],[27.904199998000024,-33.042169999999885],[27.88810000000018,-33.04515999699993],[27.83037999700008,-33.07469999899996],[27.824410003000082,-33.08634000199993],[27.805569996000088,-33.089159996999854],[27.783300000999986,-33.102219998999885],[27.76247000100011,-33.10523999799989],[27.728509989000088,-33.12100000799995],[27.713609999000084,-33.1392499939999],[27.7039,-33.143670003999944],[27.700220000000172,-33.15294999999986],[27.666570003000118,-33.171600000999945]]]},"properties":{"area_code_id":"043","area_codes":["043"],"area_code_label":"043","prefix_1":"4","ward_count":69}},{"type":"Feature","geometry":{"type":"Polygon","coordinates":[[[22.11081000200005,-34.20364999599991],[22.09591000400019,-34.20296000099995],[22.089010001000076,-34.20934000099987],[22.067300001000035,-34.205],[22.023579998000116,-34.20877],[21.964670009000088,-34.22480000199988],[21.92983000300012,-34.24704000199989],[21.91403999800002,-34.26766],[21.91176000200005,-34.28125999999986],[21.91499000300007,-34.29107999599995],[21.935560001000113,-34.29419000199988],[21.946280002000037,-34.300159995999934],[21.931109996000032,-34.30408000099982],[21.90809999900017,-34.319209988999944],[21.90406000000013,-34.33256000299991],[21.91438999900015,-34.33876000299989],[21.90353000000016,-34.34453000199994],[21.889799998000115,-34.34445999799988],[21.87517,-34.33631999599987],[21.85718,-34.33471999699992],[21.82762999900001,-34.311539997999944],[21.824280003000126,-34.29739],[21.83391000100005,-34.29086000299998],[21.82784999900008,-34.28247999599989],[21.79408,-34.286199996999926],[21.78517999800016,-34.282289998999886],[21.76895000100012,-34.25755999899991],[21.753639997000107,-34.225089996999884],[21.7542,-34.219549997999934],[21.74039626500013,-34.20213389199995],[21.73901668700006,-34.193767986999944],[21.753139678000025,-34.18746260599994],[21.750212496000074,-34.1740647769999],[21.742359511000018,-34.17075732699993],[21.743871741000135,-34.15842071199995],[21.73395046800016,-34.15555743999994],[21.73604042800008,-34.148896693999916],[21.723346003000188,-34.129926440999895],[21.712431436000088,-34.12763816799992],[21.715300273000082,-34.1192949849999],[21.69882845400008,-34.11449442199989],[21.710618684000053,-34.102959984999984],[21.70459269900016,-34.09268071399998],[21.731339999000113,-34.09035000299997],[21.73425000100019,-34.1026],[21.743500003000065,-34.10231999399997],[21.748530057000096,-34.0999543399999],[21.751129618000107,-34.08319103699995],[21.764680648000137,-34.08576085499993],[21.771331242000088,-34.08229278999988],[21.771170628000107,-34.07786699299987],[21.764305883000077,-34.074553592999905],[21.734659998999973,-34.082120000999964],[21.71877000400019,-34.08008999899988],[21.71733,-34.05372],[21.73417,-34.04317000099991],[21.738479998000116,-34.03639999899991],[21.726159998000014,-34.02970000099998],[21.718300001000102,-34.03097000299988],[21.71351000200019,-34.04597999799995],[21.695830699000112,-34.05335985599987],[21.69471235300017,-34.06247913999988],[21.685045792000153,-34.06246724299996],[21.682398642000123,-34.03828596999995],[21.66617071799999,-34.02415792099998],[21.666429997000023,-34.00908000299995],[21.649220000000128,-34.01096999799995],[21.64036999800004,-34.007530002999886],[21.64076000800003,-33.996179996999956],[21.65268999800014,-33.98079999699996],[21.65853,-33.963490001999844],[21.659729999000092,-33.94724],[21.65813999800008,-33.93775000099987],[21.65192000100012,-33.93293],[21.65293000300005,-33.916440000999955],[21.664890002999982,-33.91428999699997],[21.673879996000153,-33.9015299969999],[21.676179997000133,-33.88245999899988],[21.662789999000154,-33.87979000099995],[21.673100001000023,-33.87732999799988],[21.684520003000046,-33.864839995999944],[21.69890999800009,-33.857940001999964],[21.702236148000168,-33.842623120999974],[21.71268198200005,-33.83496125699992],[21.70326526500014,-33.82619889199992],[21.703461571,-33.81907835499993],[21.715079289000073,-33.82365881699991],[21.735608089000095,-33.82026808499995],[21.740947600000027,-33.827406150999934],[21.755741898,-33.82137421699997],[21.743921926000098,-33.806865453999876],[21.74514140000008,-33.79907866799988],[21.730993126999977,-33.7894670469999],[21.744835642,-33.775648326999885],[21.748904520000053,-33.764530295999975],[21.722373530000084,-33.75115177599997],[21.715920025,-33.73907816499991],[21.71836492100016,-33.734979542999895],[21.7135048720001,-33.72926883699989],[21.70614638900014,-33.72848361399997],[21.690496021000172,-33.73188460399996],[21.68792620300019,-33.7379284349999],[21.695153816000186,-33.750146966999864],[21.68881255300016,-33.759771886999886],[21.665848374000177,-33.76608102799992],[21.65792476900009,-33.762809268999945],[21.674931967000077,-33.73676606799984],[21.677379997000116,-33.72373],[21.689639999,-33.714140003999944],[21.69835000300003,-33.69577999799998],[21.71403707700017,-33.68167523999989],[21.696648186000175,-33.67895695399989],[21.66224782300003,-33.68236182099997],[21.65382972800012,-33.689042848999975],[21.637082618000022,-33.66891068399997],[21.63253951900009,-33.655726788999914],[21.61632689099997,-33.653277078999906],[21.60015880300017,-33.669088844999976],[21.578561887999967,-33.66875576199993],[21.58035931100011,-33.61842792699997],[21.592970454000067,-33.60557883699994],[21.575435451000033,-33.58284827799986],[21.614111936000143,-33.56903246799982],[21.632418296000083,-33.54965570499991],[21.65959536200006,-33.558703455999876],[21.65864357800018,-33.547519988999966],[21.65404160700018,-33.54550529499994],[21.660449650000032,-33.53802850999995],[21.661441,-33.51218199599998],[21.641994157000056,-33.48671056899991],[21.64877775900004,-33.48187245199989],[21.64523630399998,-33.47095075599998],[21.665855387000136,-33.46848307299996],[21.672427067000115,-33.462608813999964],[21.680032000999972,-33.40477699899998],[21.611950001000025,-33.39679999999987],[21.632550002000187,-33.37686],[21.697110002000045,-33.35647000899996],[21.63556000300008,-33.358609998999896],[21.611550001000182,-33.33468999699994],[21.551010003000044,-33.340799997999966],[21.63642999000001,-33.30374000099994],[21.63239000699997,-33.28002000299995],[21.63655999800011,-33.26967],[21.631769999000028,-33.2694],[21.624029996000047,-33.24637999699996],[21.636729999000067,-33.24586000999989],[21.6429100040001,-33.2248600019999],[21.63730999900008,-33.21392000099996],[21.613540002000036,-33.21596999099995],[21.62224999800003,-33.19251999999989],[21.627829998000095,-33.19157000399997],[21.625720003000026,-33.1791899989999],[21.616740000000163,-33.17744000299996],[21.628939998000078,-33.162730009999905],[21.63726999800008,-33.141280002999906],[21.604419993000135,-33.14011999699994],[21.57782000300017,-33.11540000299988],[21.57819999800006,-33.10593000099988],[21.58532999900018,-33.09668999699994],[21.58142999900008,-33.08645999599992],[21.557279999000116,-33.08613999799991],[21.544140003000052,-33.07545999799987],[21.545769997000093,-33.0562399879999],[21.50716999800011,-33.04425999899996],[21.48464000200005,-33.01399999799992],[21.45846,-33.011289998999985],[21.442850002,-33.00051000199994],[21.425930001000097,-32.970200001999956],[21.39593000100018,-32.937919997999984],[21.45738999300005,-32.92748000199987],[21.47126999900007,-32.913570001999915],[21.481500000000153,-32.91132999799987],[21.478480002000026,-32.902299995999954],[21.430050001000097,-32.84901999899995],[21.428090003000136,-32.81694999699988],[21.4456100000001,-32.7919700029999],[21.428039996000166,-32.77558000199997],[21.432109997,-32.75672999699992],[21.479760003000138,-32.78659999699994],[21.524730004000162,-32.759060000999966],[21.57713999800012,-32.75950999899993],[21.64895999900017,-32.72823999699989],[21.691180001000077,-32.71439000099997],[21.682800002000135,-32.68435999899992],[21.71776000200009,-32.64164999799988],[21.748420003000035,-32.6376400019999],[21.760430003000067,-32.65843999899988],[21.876459999000076,-32.625529995999955],[21.91438999900015,-32.619340001999944],[21.945939999000075,-32.60980000399991],[21.9937999980001,-32.57599000399995],[22.033419997000067,-32.55492999799998],[22.03659000099998,-32.599670000999936],[22.071850011000095,-32.64271999699997],[22.04311999800018,-32.6723800019999],[22.01196,-32.724199997999904],[22.03528615600004,-32.71916885599995],[22.068271784000046,-32.69771999999983],[22.14406,-32.62556],[22.19218,-32.6007699999999],[22.213760119000085,-32.58502651599997],[22.29702,-32.51116],[22.52684458800013,-32.37662670799989],[22.53675599900015,-32.38243700299995],[22.56182578000005,-32.36389798799985],[22.574359911000045,-32.36604786899983],[22.571174897000105,-32.37432184199997],[22.578053587000113,-32.37372601599998],[22.57419731500005,-32.382169390999934],[22.58964262300009,-32.38371526499998],[22.587425731000167,-32.39304677799987],[22.578288601,-32.39399856199992],[22.61902497300008,-32.411321037999926],[22.626448891999985,-32.41836424299987],[22.64643636400018,-32.42102923899995],[22.701259146000098,-32.439874569999915],[22.72638625400009,-32.47699416199998],[22.74634213200011,-32.493516384999964],[22.7437572500001,-32.50031366799993],[22.672633972000085,-32.47405276599994],[22.658044582000173,-32.45800443599995],[22.658774052000126,-32.44888606799998],[22.635066292000147,-32.45618076299996],[22.608075920000033,-32.45143921099992],[22.61851400400019,-32.502920003999975],[22.634276001000046,-32.523356003999936],[22.67167900100003,-32.603378],[22.631558997000127,-32.642353],[22.702825012000176,-32.69952800099992],[22.779198,-32.743358997999906],[22.76002799700018,-32.78602199999989],[22.794663994000075,-32.80777399599998],[22.760696000999985,-32.84240499799989],[22.796757998000146,-32.85790899699998],[22.76752099700019,-32.88951399899992],[22.793464002000064,-32.8985090029999],[22.76777000300018,-32.97846000599992],[22.800269999000022,-32.98533999599994],[22.83540000100004,-33.03773999999987],[22.877469998000038,-33.03101999699987],[22.872989998000094,-33.024409998999886],[22.91196000300016,-33.0145000039999],[22.93409,-33.021659998999894],[22.935210005000044,-33.0130400029999],[22.96925000400006,-32.99337000299988],[22.948750001,-32.95004000099988],[23.003680004000046,-32.89828000199998],[23.007439997,-32.872819998999944],[23.09800999800018,-32.873690008999915],[23.11642000200004,-32.85799000399993],[23.08932999700005,-32.799160000999905],[23.149329996,-32.766739997999935],[23.187469999000143,-32.76743000199991],[23.201100010000175,-32.78535500099997],[23.25041000300007,-32.78857999899998],[23.305169997000178,-32.80949999799992],[23.378620001000172,-32.825019995999924],[23.38075699800015,-32.87500100199986],[23.426916003000088,-32.92707700199992],[23.46556500400004,-32.95884299699986],[23.465984002000084,-33.017561000999876],[23.50306299900012,-33.012533996999935],[23.545342990000165,-33.02240399899995],[23.578788003000113,-33.02302099899998],[23.572865,-33.0540199969999],[23.580497001000083,-33.07584900199993],[23.586704,-33.07638900099994],[23.57950999600007,-33.081879998999966],[23.584059999000033,-33.08387],[23.521189997000192,-33.16691999799997],[23.502117141000042,-33.18326503299994],[23.538543156000117,-33.1964350799999],[23.535428804000162,-33.20187423099998],[23.513327687000185,-33.217844077999985],[23.455594452000184,-33.21644617899989],[23.46036128800006,-33.23484253199996],[23.441853103000028,-33.26886180599996],[23.484248678000142,-33.26088219499991],[23.484492154000066,-33.27663925299993],[23.49423973600011,-33.2740348509999],[23.498153361000163,-33.278053118999935],[23.507057299000053,-33.27504881799996],[23.506179895000116,-33.269461571999955],[23.55339,-33.255027],[23.609783,-33.248165],[23.619092,-33.252051],[23.63382600000017,-33.245266],[23.655405,-33.24515699999989],[23.709329,-33.234602],[23.73715500300017,-33.23606199899996],[23.755806001000053,-33.25120599899992],[23.718286997000064,-33.27135600099996],[23.761101002000032,-33.31066600799994],[23.76254,-33.33480999899996],[23.75532365300012,-33.34427801299995],[23.755226445000062,-33.38667774399994],[23.76775391000018,-33.3883145559999],[23.770279566000056,-33.39938701799997],[23.831444511000086,-33.407948451999914],[23.839181010000118,-33.42293461899993],[23.96048699800008,-33.4402419999999],[23.95082399800009,-33.48526599799993],[23.96966999700004,-33.50273899599995],[24.023607003000052,-33.50899600199995],[24.051542003,-33.52003999799996],[24.099408003000065,-33.52453599599994],[24.204680001000156,-33.549125996999976],[24.226381998000136,-33.551065000999984],[24.26029600100003,-33.571070000999896],[24.28222499700007,-33.573016003999896],[24.317025002000037,-33.58334600299992],[24.36293399599998,-33.60309599699997],[24.380032002000178,-33.593915997999886],[24.403876,-33.58927000299997],[24.492759002000128,-33.58836099699988],[24.548968,-33.59930600099989],[24.62430000300003,-33.60159300399994],[24.73074000100013,-33.62038000199982],[24.71392,-33.6343],[24.671100000000138,-33.63075],[24.67058,-33.63557999999989],[24.59844,-33.65717],[24.56325,-33.63434],[24.535320000000183,-33.66286],[24.54622,-33.68942],[24.53802000000013,-33.69612],[24.536700000000167,-33.726499999999874],[24.525310000000104,-33.72622],[24.50526,-33.74406],[24.499620832000176,-33.77845492599994],[24.473430001,-33.76521],[24.422864998000023,-33.758689992999905],[24.35522999699998,-33.73348],[24.370555002000117,-33.70398999599996],[24.322810002000153,-33.72030000299998],[24.290979996000146,-33.7119],[24.262919998000143,-33.744315],[24.241320002000123,-33.74287999899997],[24.18768999600013,-33.764760000999956],[24.057160002000103,-33.72594000099997],[24.06074000300009,-33.698389998999914],[24.006879999000034,-33.687160002999974],[23.96203999900007,-33.6704899959999],[23.842809996000028,-33.65044999799994],[23.804710003000025,-33.63462],[23.76710999900007,-33.60922000199997],[23.722290003000182,-33.61748999699995],[23.64687000300006,-33.57831999599989],[23.616870003000088,-33.570239998999966],[23.619888997000146,-33.59148299699996],[23.674980000000176,-33.62587001199995],[23.670440004000056,-33.67255999799994],[23.65274630200014,-33.67118515799996],[23.652661737000187,-33.67498859999989],[23.662886614,-33.6983114599999],[23.657647421000036,-33.70760680299992],[23.664069658000187,-33.714282548999904],[23.675224069000024,-33.716733139999974],[23.682153325000115,-33.72442292299996],[23.685617953000076,-33.73684488099997],[23.658168,-33.74054899799995],[23.656691004000038,-33.759114001999876],[23.648635000000127,-33.76157699899994],[23.64684825300003,-33.76819213399989],[23.641408016000128,-33.7697939819999],[23.635871000000122,-33.788355],[23.649998000000153,-33.7970049999999],[23.651400000000137,-33.804272],[23.665806000000146,-33.814306],[23.666089000000113,-33.832451999999876],[23.674110000000155,-33.84886399999988],[23.67917815300018,-33.85311477999994],[23.690490545000046,-33.84760177899989],[23.70323488500003,-33.848174557999926],[23.70335299900006,-33.86405199799992],[23.69426999799998,-33.86796999899991],[23.682980004000058,-33.884009999999876],[23.65586999400017,-33.886849998999935],[23.647370001000013,-33.89278],[23.64971000200012,-33.898949997999864],[23.65690999800006,-33.902229997999825],[23.656829997000102,-33.90692999799995],[23.63737999600005,-33.91299000699996],[23.644740004000084,-33.93067],[23.636969998000097,-33.934650000999966],[23.63458999600016,-33.95205000399989],[23.64590000200019,-33.962449997999954],[23.64702000000011,-33.98056],[23.555770002000088,-33.982869998999945],[23.54665000099999,-33.989110000999915],[23.536249998000073,-33.9896],[23.528229998000143,-34.000140001999966],[23.49693000100001,-34.00050999899992],[23.49326999800013,-34.00507999799993],[23.470409997000104,-34.00205000099987],[23.45218999800005,-34.00501000199995],[23.422650003000115,-34.014209996999966],[23.39657,-34.02979000099998],[23.378350001,-34.050019995999946],[23.38127000200012,-34.05341],[23.37827,-34.06028999799997],[23.381090003000054,-34.060750002999896],[23.37349999700018,-34.07305999699997],[23.3715099960001,-34.08607999799989],[23.37577000300007,-34.098359996999875],[23.397299996000072,-34.10069999899997],[23.412520008000115,-34.107070000999954],[23.406959996000126,-34.11141999899991],[23.390700004,-34.105280003999894],[23.390739997000026,-34.10819999699993],[23.38650999200007,-34.10892000299998],[23.387809998000023,-34.105370002999905],[23.38301,-34.10192000199993],[23.37046000200013,-34.10114999699988],[23.35827000300003,-34.10649999899994],[23.345030001,-34.100510000999975],[23.286390004000168,-34.101719997999965],[23.270490002000145,-34.099809998999945],[23.257500003000132,-34.09205999799997],[23.24355000200012,-34.094369996999944],[23.224789997000187,-34.08689000399994],[23.214779996000175,-34.091209999999876],[23.199119999,-34.08456000799998],[23.1725999950001,-34.08743000199996],[23.163809998000147,-34.08268000399994],[23.140069995999966,-34.08717999899994],[23.130309998000143,-34.08043000199996],[23.109560000000158,-34.08229000199992],[23.100619998000127,-34.07893000099983],[23.08634999900005,-34.08324998899997],[23.086330002000125,-34.08659999199995],[23.06383,-34.081810000999894],[23.05568,-34.085610002999886],[23.042420002000142,-34.08416999899998],[23.04122000200016,-34.079280001999905],[23.03366999800005,-34.079479997999954],[23.03175000000016,-34.076000001999944],[23.008560003000127,-34.071970000999954],[22.97883000200011,-34.07867999799993],[22.975100004000183,-34.08558000799991],[22.97896000300011,-34.09096999499991],[22.980030002000092,-34.09317999599989],[22.97982999800007,-34.094019996999975],[22.970259997000028,-34.08607000799998],[22.96009000200013,-34.0877599989999],[22.95350999800013,-34.079140002999964],[22.931850004000125,-34.07028000299982],[22.838349996000147,-34.04734],[22.796040003000144,-34.03106000299988],[22.77244000000013,-34.02696],[22.76486,-34.03182000099997],[22.764890002000186,-34.03753000099988],[22.72410999900012,-34.02221999899996],[22.66980000100017,-34.009149998999874],[22.5917700010001,-33.99687],[22.564380002,-33.99605000199995],[22.556969998000113,-33.997679998999956],[22.55337999699998,-34.004660000999934],[22.547860001000117,-34.003889996999874],[22.548459997000066,-34.00951999599994],[22.540330001000086,-34.01800000099996],[22.51214000200008,-34.02804999499995],[22.50808999700007,-34.03501000199992],[22.4983500030001,-34.03671999699992],[22.496230002000118,-34.04304999899995],[22.48896000300016,-34.045110002999934],[22.484299996000175,-34.05162000299998],[22.467169993000084,-34.04817000199989],[22.451149997000073,-34.05654000299984],[22.44112000800004,-34.05890999899998],[22.433859999,-34.055689988999916],[22.43266999700012,-34.05933000299996],[22.428149997000105,-34.05655000899998],[22.42450999900018,-34.06005000099998],[22.391369998000073,-34.05468000299993],[22.380630001000043,-34.06172000399988],[22.331239997000182,-34.052139997999916],[22.270870001000105,-34.05267999599994],[22.217229997000118,-34.06226000199996],[22.15952999800004,-34.084139995999976],[22.12594999600003,-34.11492999799998],[22.112980001999972,-34.14033000399996],[22.11127999700011,-34.15697999799994],[22.11316000100004,-34.165049996999926],[22.136539996000124,-34.174020008999946],[22.140460001000065,-34.17951000199997],[22.145640001000174,-34.17612999699992],[22.148179999000035,-34.18121999799996],[22.147310004000076,-34.175049999999885],[22.158090002000108,-34.18103],[22.160700002000056,-34.18780000199996],[22.153149998000117,-34.18731000199989],[22.144390003000126,-34.196629998999924],[22.140460001000065,-34.19418000199988],[22.11081000200005,-34.20364999599991]]]},"properties":{"area_code_id":"044","area_codes":["044"],"area_code_label":"044","prefix_1":"4","ward_count":82}},{"type":"Feature","geometry":{"type":"Polygon","coordinates":[[[26.678824998000096,-32.757060001999946],[26.658586,-32.758084],[26.650609,-32.753007],[26.645849995000162,-32.76458799899996],[26.629104,-32.772623000999886],[26.625666998000042,-32.77053600199997],[26.62877599899997,-32.76215600299997],[26.62569400000018,-32.75863600699989],[26.606972998000174,-32.76749600699998],[26.606057002000057,-32.756946],[26.601160997000022,-32.75423300099993],[26.602269902000046,-32.74625652699996],[26.58985293000012,-32.746372693999945],[26.58845892500011,-32.742952217999914],[26.586583,-32.749335],[26.560564996000096,-32.73414000399998],[26.561198003000186,-32.74973100199992],[26.545456009000077,-32.767471],[26.537783002000026,-32.767585001999976],[26.5269550000001,-32.729093003999935],[26.48569700400003,-32.72384399699996],[26.47021000100017,-32.70495300199991],[26.46010199700015,-32.71552899799997],[26.474478003000172,-32.74106000199987],[26.448988005,-32.73283],[26.451432999000133,-32.72418198899993],[26.443340004000163,-32.70768599699994],[26.47469,-32.689639997999905],[26.477950003000046,-32.663589996999974],[26.43600999900019,-32.65369800299993],[26.436421001999975,-32.64130299699997],[26.432878001000063,-32.637842],[26.417156891000104,-32.63806475499996],[26.39379200000019,-32.61720599599994],[26.382826002,-32.61568000599988],[26.37631999900003,-32.605960998999876],[26.36989000000011,-32.613884000999974],[26.340407002000177,-32.59833000299989],[26.34717800100003,-32.586479000999816],[26.350200003000168,-32.58775999899996],[26.35748399800002,-32.578236996999976],[26.343699003000154,-32.56152699799992],[26.327356998000084,-32.561662001999935],[26.33069800100003,-32.552963001999956],[26.296730998000044,-32.54932799799991],[26.27096400300013,-32.56759300099992],[26.264185998000016,-32.55787300299994],[26.22775100300015,-32.54649300199998],[26.241753007000113,-32.54020099899998],[26.220895000000155,-32.53807799699996],[26.214703002000135,-32.526206998999896],[26.20446699300004,-32.53512399599998],[26.175456998000072,-32.53945000899989],[26.168673001000172,-32.50908299599996],[26.15493799600017,-32.508517997999945],[26.145155002000024,-32.49353000299993],[26.14729400200008,-32.464291996999975],[26.16671900300014,-32.436708999999894],[26.17937599700008,-32.409535002999974],[26.189255,-32.415259997999954],[26.21797400100013,-32.4081680029999],[26.19853499700008,-32.40076800299994],[26.19269500300004,-32.387507],[26.18685899900015,-32.38937800299988],[26.186530000000175,-32.36877999699993],[26.23512000300019,-32.35396000099996],[26.30962000100004,-32.37600999599994],[26.346719999000186,-32.367849996999894],[26.37091999800009,-32.35696000299998],[26.404469997000035,-32.36394999699996],[26.42531000300005,-32.35414999899996],[26.458209999000076,-32.360789999999895],[26.474079998000036,-32.35707999799996],[26.498009998000043,-32.35951000699998],[26.507790000000114,-32.34554000099996],[26.534850003000088,-32.3304499969999],[26.53588000100001,-32.32063000199997],[26.531639998000117,-32.32144999799988],[26.527540002000023,-32.3150299969999],[26.529889994000087,-32.31145000399994],[26.525640001000113,-32.293640002999894],[26.531720000000178,-32.29361999899993],[26.542420004000178,-32.30345000799997],[26.546759996000105,-32.30199],[26.54314000200003,-32.298009997999884],[26.545869997000068,-32.29480000199993],[26.542140006000068,-32.29346000399994],[26.545509998000057,-32.291470002999915],[26.539420001,-32.287369998999964],[26.545360001000176,-32.28409999699994],[26.54439,-32.27713],[26.54971000000012,-32.27349999899997],[26.546330002000047,-32.272739999999885],[26.54598000100009,-32.26707000799996],[26.533160004000138,-32.26104000099997],[26.534569997000176,-32.25470000099995],[26.528430002000107,-32.25391998999987],[26.521899997000105,-32.23777000199988],[26.538130002000116,-32.2401499959999],[26.56082000200007,-32.23135999899995],[26.566919997000014,-32.19927999899994],[26.571299015000136,-32.19674447999995],[26.559851025000114,-32.17547244799982],[26.54619687400003,-32.176293080999926],[26.51016665100002,-32.14182794199996],[26.49479505100004,-32.14063116499989],[26.493085369000028,-32.150376353999945],[26.466069988000186,-32.1395700029999],[26.45148999600019,-32.14752999799998],[26.450490001000105,-32.15612998899991],[26.43747999800007,-32.15814000199998],[26.439689999000052,-32.16082999599996],[26.43438700300004,-32.166504001999954],[26.428528003,-32.13891199699992],[26.41837099700018,-32.132251001999975],[26.398643002000085,-32.12954399499995],[26.373067002000084,-32.11068199699997],[26.385952997,-32.072943],[26.38001899800014,-32.07262000199995],[26.364477001000182,-32.08876399799988],[26.339812999000117,-32.10282199999989],[26.350179001000186,-32.11629500099997],[26.361368,-32.122818],[26.349357002000147,-32.13085999899994],[26.317811000000177,-32.129284991999896],[26.31242200300005,-32.13620300299988],[26.273250997,-32.14436199699992],[26.26609400200016,-32.135851],[26.268479997000156,-32.11645200399994],[26.273593002000155,-32.11304800399989],[26.255752563999977,-32.052060412999936],[26.213427745000047,-32.00438493099995],[26.18379851700007,-31.961121013999957],[26.145778711000048,-31.96610291999997],[26.1349,-31.91404],[26.140710000000126,-31.90568],[26.14067,-31.87655],[26.14726000000013,-31.86006],[26.171212650000086,-31.871971124999902],[26.199006439000186,-31.875642002999882],[26.221031706000076,-31.85099467999993],[26.25538063400012,-31.86856245299998],[26.301988376,-31.80383326699996],[26.302713261,-31.788300011999922],[26.309133673000133,-31.781983153999875],[26.325391814,-31.780119163999927],[26.332170002000055,-31.771030001999975],[26.33196,-31.75244999699993],[26.321999998000024,-31.73024999699993],[26.329759997000053,-31.709909996999954],[26.32218500100015,-31.68804999199989],[26.33267,-31.688484996999932],[26.320330004000084,-31.679620000999876],[26.3192,-31.66171000299994],[26.30528999900008,-31.65871999899997],[26.30126999700019,-31.608350003999874],[26.260899997000024,-31.613609998999948],[26.2293899980001,-31.58758000199998],[26.20492000800016,-31.58357999599997],[26.175999997000133,-31.582580000999883],[26.17656,-31.588795002999973],[26.15864000300013,-31.59431000299992],[26.14674999800019,-31.59114],[26.120389997000075,-31.59588],[26.120040004000145,-31.60114000199991],[26.10959000200006,-31.59392000199989],[26.089319998000178,-31.605220001999953],[26.08260000300004,-31.59835000199996],[26.074609998000028,-31.57367000199997],[26.072829999000078,-31.53534999999988],[26.08941000600015,-31.52456499899995],[26.085949998000046,-31.520829996999908],[26.08793000100019,-31.51552000399994],[26.10504999800014,-31.504705],[26.104060001,-31.48311999699996],[26.127670010000145,-31.47102500099993],[26.1332450000001,-31.455540000999974],[26.118389998000055,-31.429870002999962],[26.11506999700009,-31.414140002999943],[26.131840002000047,-31.419229995999956],[26.04544,-31.33527000199996],[26.014190002000078,-31.326710002999903],[25.999229999000136,-31.33487000199989],[26.005529997,-31.38194],[26.001499989000024,-31.410449996999944],[25.987740001000134,-31.42369999699997],[25.991349997000043,-31.435420000999954],[25.96597000300011,-31.47678999599998],[25.923080003000166,-31.46749000299991],[25.920510003000174,-31.472180003999938],[25.856570002000183,-31.453659995999942],[25.82303000200011,-31.465879997999934],[25.815209998,-31.46275001099997],[25.81244000200013,-31.467069998999875],[25.81390000199997,-31.46223000099991],[25.76870000200006,-31.444140002999973],[25.733170001000076,-31.45508000399991],[25.723420001000193,-31.4731300009999],[25.706090002000053,-31.475119993999897],[25.69165999900008,-31.458140002999983],[25.665670003000116,-31.46099999899991],[25.651320002000034,-31.448790002999885],[25.648350002000143,-31.464930000999914],[25.63271999200009,-31.474079996999933],[25.63470000300009,-31.480019996999886],[25.61703000100016,-31.47393000099993],[25.589330002,-31.485310001999892],[25.581955001000097,-31.440860002999955],[25.591710004000106,-31.418869996999888],[25.583019997000065,-31.344859998999937],[25.56449999600011,-31.358469997999975],[25.512119997000013,-31.346009998999932],[25.463469996000015,-31.351959996999938],[25.44363000200019,-31.334309998999913],[25.47443000200002,-31.313250000999915],[25.49735999800015,-31.320309998999903],[25.51547,-31.31677999599998],[25.55752999900011,-31.27799000699997],[25.520650001000092,-31.268189992999964],[25.494089996000127,-31.24311],[25.497200003000103,-31.234590002999937],[25.479409998000165,-31.23725000199994],[25.470800001000157,-31.24498999699989],[25.474910003000048,-31.249189998999952],[25.4646,-31.256490000999918],[25.448430000000144,-31.25617000299991],[25.43260000100014,-31.236100001999944],[25.43978000100003,-31.230669997999883],[25.398790001000123,-31.211039997999933],[25.389830003000043,-31.21280000099995],[25.386210001000165,-31.21784000399998],[25.377820002000078,-31.198870002999968],[25.384560001000068,-31.150970000999962],[25.391859991000103,-31.13843999999989],[25.39816000200011,-31.13068],[25.415599999000108,-31.13440000199995],[25.44638999900019,-31.10020000199995],[25.45428999100011,-31.0793],[25.43884000500009,-31.06149],[25.453200002000074,-31.05421],[25.463779997000188,-31.054740001999903],[25.48675000100002,-31.036910003999935],[25.50160000000011,-31.007389996999905],[25.484840002,-31.006329996999966],[25.47502,-30.983879999999886],[25.510949998000115,-30.95571999999987],[25.50642000200014,-30.95034],[25.50832000200012,-30.942159997999966],[25.50461999900017,-30.93297999799995],[25.51404,-30.921459997999875],[25.517779999000084,-30.90151],[25.508429998000167,-30.89819999799994],[25.50063999800011,-30.888009996999983],[25.47128999900019,-30.86984000099983],[25.485169998000117,-30.84979999099994],[25.521629998000037,-30.83318000099996],[25.549330001000044,-30.790980003999948],[25.52485000200005,-30.79639999899996],[25.504979999000113,-30.78363],[25.486440003000155,-30.784549994999907],[25.480200002000117,-30.77891],[25.479899998000178,-30.759769996999978],[25.473879997000097,-30.743710001999943],[25.476379995000173,-30.728179995999938],[25.473930003000135,-30.72311999799996],[25.462349997,-30.722130001999915],[25.46653000499998,-30.709780000999956],[25.460229997000113,-30.68327999899998],[25.47187000100007,-30.672919995999962],[25.47130999799998,-30.666690000999893],[25.45849999900014,-30.65745],[25.45648000400007,-30.637000003999958],[25.46251000000018,-30.62810000199994],[25.467099997000105,-30.624210010999946],[25.468230009000138,-30.632629995999935],[25.475280006000048,-30.63496999399996],[25.525589989000082,-30.613879992999955],[25.5623400020001,-30.616329990999873],[25.573780001000102,-30.60954],[25.590130001000034,-30.591119997999897],[25.596690001000127,-30.590369996999925],[25.603089997000154,-30.59439],[25.616980002000048,-30.618869995999887],[25.6248000060001,-30.6243],[25.62295000400013,-30.63240000099995],[25.609360001000084,-30.64980000399987],[25.613719998000136,-30.65601000299995],[25.64167,-30.657719997999948],[25.675469994000025,-30.64010000299993],[25.68530999400008,-30.647100002999935],[25.679990002000068,-30.66667999699996],[25.69793000300018,-30.67859999699988],[25.74975000000012,-30.682460003999893],[25.76148000200004,-30.68864],[25.770579999000063,-30.68647999799998],[25.778559998000162,-30.67756],[25.781690001000072,-30.6469],[25.79304,-30.637100000999965],[25.84666,-30.633559999999875],[25.860629997000103,-30.612929995999934],[25.890979998000148,-30.610259998999936],[25.89199,-30.59679999699995],[25.874849998000116,-30.57279000299991],[25.871759996000037,-30.562200002999873],[25.88418000200005,-30.54462999899988],[25.8949900020001,-30.540649997999935],[25.90271,-30.54280000199992],[25.925380004000147,-30.56687],[25.923750002000077,-30.58221999699998],[25.930970002000095,-30.58503999999988],[25.939949997000156,-30.581989997999983],[25.942019999000024,-30.559219996999957],[25.96199799100009,-30.544332993999944],[25.932986008000114,-30.51727999299993],[25.91859299200007,-30.518315993999977],[25.922290991000068,-30.488402994999944],[25.946695412000054,-30.49247261499994],[25.957945313000153,-30.47114377899993],[25.977447280000035,-30.468588112999953],[25.97455856099998,-30.44276203399994],[25.964008045000128,-30.443891859999894],[25.97380998800014,-30.40812499599997],[26.03039100400008,-30.416872987999966],[26.03010901400006,-30.413861997999902],[26.07672300700017,-30.400224990999902],[26.11341200600009,-30.38038099199997],[26.115412011000103,-30.390221994999933],[26.120987007999986,-30.394143993999933],[26.12057199100002,-30.400947014999872],[26.115883007000036,-30.4083509969999],[26.117168989,-30.413870995999957],[26.107619986000145,-30.419744993999927],[26.110136991000104,-30.427254993999952],[26.115300004000176,-30.426127000999884],[26.142774998999982,-30.373236],[26.166057997000166,-30.3654119979999],[26.187913996000134,-30.351959001999887],[26.20219199900015,-30.334902999999883],[26.21441999700005,-30.343379996999886],[26.22323999600019,-30.365489996999884],[26.240580002000172,-30.3710999999999],[26.254970004000086,-30.387229991999845],[26.272867634000193,-30.368822244999933],[26.28946699900007,-30.363355999999897],[26.314670002000184,-30.336836003999963],[26.319014,-30.301862996999944],[26.327825988000143,-30.289253998999925],[26.323810997000066,-30.275618002999863],[26.32902400100005,-30.262185003999946],[26.385480999000038,-30.2383589989999],[26.362344001000054,-30.188986],[26.40248199900003,-30.17658200099993],[26.428578002000165,-30.18650800299997],[26.424476011000138,-30.17293000199993],[26.465660382000067,-30.165261507999844],[26.499427614000126,-30.17953416699993],[26.48958700500009,-30.18470799999983],[26.49849699700013,-30.22186800299994],[26.52472721200013,-30.22884675399996],[26.498007431000133,-30.240295768999943],[26.48882999900019,-30.265565000999914],[26.504286763000096,-30.29569030799985],[26.505976336000174,-30.306826137999906],[26.531556996,-30.311857995999958],[26.541194000000132,-30.305544001999976],[26.552391999000065,-30.312553002999834],[26.58264500200005,-30.292286995999973],[26.621396003000086,-30.31126899599991],[26.64662900100012,-30.290091995999887],[26.65909100200014,-30.293286001999945],[26.654438001000187,-30.28314600099992],[26.65711499700018,-30.266988998999977],[26.667062998000176,-30.26178099799995],[26.686363001000018,-30.265084991999913],[26.69062699800014,-30.27898800299988],[26.716283,-30.264180996999983],[26.746738999000115,-30.26602900399996],[26.754354004000163,-30.264341996999974],[26.75598999800019,-30.260307998999906],[26.789659999000094,-30.263405996999893],[26.780660000000182,-30.281729998999936],[26.776948003000086,-30.30241000099994],[26.794780003000085,-30.283698],[26.807758998000054,-30.280829003999884],[26.806325003000154,-30.283608997999977],[26.826136997,-30.30631900999998],[26.82409099700004,-30.32662899899998],[26.817490997000164,-30.33866000099988],[26.84051600400005,-30.354988998999943],[26.855403003000163,-30.359766],[26.845932003000087,-30.37171300199998],[26.857143998000026,-30.373834997999893],[26.84641199700019,-30.387574],[26.83490235000005,-30.390261058999897],[26.834329205000188,-30.405899665999925],[26.82481044600013,-30.408233832999883],[26.831542920000118,-30.413511351999944],[26.854651,-30.402798991999816],[26.854107003000024,-30.39259800399998],[26.874672996000186,-30.400005998999916],[26.884579001000134,-30.448776001999875],[26.897137003000182,-30.44818400999992],[26.917016998000065,-30.433543],[26.91230499699998,-30.40636199699992],[26.930054003000066,-30.404008996999835],[26.93057099700019,-30.410593995999932],[26.91811300900008,-30.41849400199993],[26.928126003000045,-30.425312996999935],[26.958257998000136,-30.40294100099993],[26.961323000000107,-30.39282800199993],[26.991319003000115,-30.37718899899994],[26.991514011000106,-30.373004995999963],[27.013255004000143,-30.36702099799993],[27.044337004000056,-30.33552],[27.06413800200005,-30.329986997999924],[27.05989100200003,-30.317291997999973],[27.041722,-30.30599199799991],[27.052519991000054,-30.29559000099988],[27.05370900300005,-30.28907399899998],[27.019376008000165,-30.265398997999966],[27.031172,-30.241031989999897],[27.032604001000152,-30.227298995999888],[27.067859998000188,-30.23086200199998],[27.05926800200018,-30.196516997999936],[27.063596998000037,-30.13947199699993],[27.07363799900014,-30.134889996999902],[27.051300003,-30.118687001999945],[27.045420001000025,-30.10887200199994],[27.031305001000135,-30.112698000999956],[26.991300012000067,-30.111849993999954],[26.998949987,-30.070009994999964],[27.02319998900009,-30.081309992999934],[27.066619993000188,-30.082609994999927],[27.065379987000085,-30.07578999499998],[27.089752988999976,-30.05342799199991],[27.122020003999978,-30.03681999899993],[27.091950000000168,-30.026769996999917],[27.130260004000036,-30.009339999999895],[27.15216000200013,-30.02605999699989],[27.16320000100012,-30.002219996999827],[27.191969999000037,-29.998099996999883],[27.21636000400008,-29.982970000999956],[27.22408000200005,-30.005759997999974],[27.21886999800006,-30.01003000299994],[27.234670002000144,-30.008270000999914],[27.253860001000135,-30.02605999699989],[27.269479997000076,-30.02603000299996],[27.265420002000155,-30.03322000099996],[27.268470004000108,-30.04301000099997],[27.29088999600009,-30.050280000999976],[27.29654,-30.056109995999975],[27.326890001000038,-30.14812000099988],[27.390030001000184,-30.14341000299993],[27.402099998000097,-30.139089998999964],[27.407310002000088,-30.14453000099985],[27.404459996000128,-30.14980999999989],[27.410069999000086,-30.15210000199994],[27.40909999900009,-30.155520000999957],[27.40139999700017,-30.15843000299992],[27.40169,-30.163679999999886],[27.392340000000104,-30.166969997999956],[27.389450002000046,-30.178020002999972],[27.380980003000104,-30.177469997999935],[27.386189999000067,-30.182649998999977],[27.38618,-30.193270000999917],[27.368230001000143,-30.19217],[27.375320001000034,-30.198490002999904],[27.373770001000082,-30.207090001999973],[27.36544000100008,-30.21795999999989],[27.370120004000114,-30.227369996999983],[27.366569997000113,-30.23724999699988],[27.370559997000043,-30.248589997999886],[27.36575999900009,-30.259150002999945],[27.37080000100019,-30.267159996999908],[27.366930004000153,-30.273839998999904],[27.373829998000133,-30.280640003999963],[27.379840001000105,-30.27420998899987],[27.382720001000052,-30.282290001999968],[27.389320002000147,-30.283459998999888],[27.384999998000126,-30.289449996999906],[27.389150000000143,-30.293389997999952],[27.379930001000105,-30.300169997999944],[27.383499996000182,-30.304289997999945],[27.393369998000026,-30.303600002999872],[27.395200004000117,-30.307680001999984],[27.38534,-30.31084999799998],[27.390749999000093,-30.322419996999884],[27.386880002000055,-30.32405999699995],[27.384149999000044,-30.31987000099997],[27.377220002000172,-30.324910002999957],[27.382699997000145,-30.33665000399992],[27.393750002000047,-30.339569996999955],[27.42026,-30.324139997999907],[27.438150002000043,-30.323199999999872],[27.453610003000165,-30.31358999899993],[27.468810003000158,-30.316469990999906],[27.475760004000108,-30.32298999799997],[27.474700003000066,-30.356150002999982],[27.48828999800014,-30.362909998999953],[27.48942000200003,-30.373409998999875],[27.502119997000193,-30.37180000199993],[27.50068000100009,-30.3781],[27.50689,-30.387589998999943],[27.533449997000048,-30.384070002999977],[27.538780002000067,-30.393120000999943],[27.553109999000128,-30.40115999699998],[27.57141999700019,-30.428629997999963],[27.56443000300004,-30.434450002999938],[27.567469999000025,-30.444929998999896],[27.592329998000025,-30.45033999799989],[27.603480001000037,-30.447679998999888],[27.597559998000065,-30.457320001999847],[27.603809998000088,-30.45845999599993],[27.615040002000057,-30.477660001999936],[27.615130002000058,-30.48817],[27.60708999800005,-30.49185999799988],[27.60969,-30.49561999899987],[27.61989999700006,-30.493679997999948],[27.624629999000092,-30.50695000199994],[27.645899999000164,-30.51968],[27.657289999000056,-30.519249996999974],[27.67261000100018,-30.535440001999973],[27.679619999000067,-30.53449999599991],[27.6903999970001,-30.540840002999914],[27.691629999000043,-30.548600001999944],[27.69726999700009,-30.553030002999947],[27.69429999700003,-30.558720006999977],[27.716430001000163,-30.56858000299991],[27.720699999000146,-30.57905000099987],[27.735030003000077,-30.590689995999924],[27.741910001,-30.60390000299992],[27.75892000200014,-30.606799998999975],[27.786999997000066,-30.618909996999946],[27.830360000999974,-30.613719997999965],[27.881199998,-30.61371],[27.88962999600011,-30.60524000099997],[27.89847999800014,-30.607239999999877],[27.9154899990001,-30.6013],[27.9224,-30.60920999599989],[27.920169995000037,-30.622020002999932],[27.933039999000187,-30.62749],[27.94052000100004,-30.644109998999966],[27.977520001000016,-30.65503000399997],[27.99165000200003,-30.650920001999907],[28.003749993000156,-30.65899000099995],[28.08457000200019,-30.65398000099998],[28.11357500100013,-30.675575002999892],[28.123830001999977,-30.65917999899989],[28.123570001000076,-30.649320002999957],[28.116329996000104,-30.6348],[28.118810004000125,-30.62266000799997],[28.110570004000124,-30.60868000399995],[28.113150002000054,-30.599870001999932],[28.15122999099998,-30.584010001999957],[28.153570001000162,-30.575839996999946],[28.16044,-30.57249000099995],[28.16354999900011,-30.556699995999907],[28.156959997000172,-30.544000000999915],[28.1684000030001,-30.528029995999873],[28.177069998000093,-30.525250001999893],[28.172339996000062,-30.508800003999966],[28.180820001000143,-30.50124000099993],[28.179730006000057,-30.491339995999965],[28.15493000300006,-30.471219996999935],[28.15635000300017,-30.465539997999883],[28.186130002000084,-30.43522],[28.197740002000046,-30.43299000299993],[28.206270006000068,-30.43721999899998],[28.21539,-30.430569999999875],[28.228289999000083,-30.43046000299995],[28.239249996000183,-30.4130699989999],[28.249730000000113,-30.419459996999876],[28.256950001000178,-30.41865],[28.253069997000125,-30.40452999699994],[28.258649998000067,-30.402290000999983],[28.27078,-30.370820002999835],[28.26985000000019,-30.35337999899997],[28.252860011000166,-30.342070000999968],[28.251549992000037,-30.33358000599992],[28.256820000000175,-30.3298],[28.252770003000023,-30.327779988999907],[28.256510000000105,-30.32444],[28.232949998000095,-30.315009998999983],[28.22824999800008,-30.30852000199991],[28.215359997000178,-30.306809998999938],[28.20691000300019,-30.290670000999967],[28.214590000000157,-30.286400003999972],[28.2230599990001,-30.27335999799982],[28.235879997000154,-30.265999998999973],[28.23643000100003,-30.259939996999947],[28.259730003000186,-30.25651999799993],[28.26404000100007,-30.252120000999923],[28.28682,-30.257549995999966],[28.303979998000102,-30.25599998799987],[28.310709999000153,-30.250769995999974],[28.313489993000132,-30.24067000399998],[28.325209997000115,-30.237149998999882],[28.33042999899999,-30.229709998999965],[28.33911000000012,-30.237930001999928],[28.421350990000064,-30.278764993999914],[28.419731141000057,-30.312975565999977],[28.441582005000043,-30.30984630599994],[28.44638099100007,-30.328814997999928],[28.4438320000001,-30.329449999999895],[28.449322999000174,-30.335444003999953],[28.441470997000067,-30.33778099699998],[28.44107500299998,-30.342965003999836],[28.43788900100003,-30.341802004999977],[28.432368000000167,-30.347826003999955],[28.433645000000126,-30.353603],[28.429081999000175,-30.35644800199998],[28.452741002000096,-30.35836100199998],[28.465389082000115,-30.369770913999957],[28.459205165000128,-30.390095387999963],[28.479696004000118,-30.410164998999903],[28.480633002000047,-30.422326000999874],[28.500300003000063,-30.43458000399994],[28.506489997000074,-30.443900000999975],[28.511009997000144,-30.456440008999948],[28.506181002000176,-30.46939200199995],[28.52721,-30.466509998999925],[28.528170003000128,-30.47016001199995],[28.533130003000167,-30.470130000999973],[28.540209997000147,-30.4515500039999],[28.575140003000115,-30.436880003999875],[28.584259997000117,-30.44469000199996],[28.587750006000135,-30.45401999799998],[28.600980010000058,-30.45737000099996],[28.607050002000108,-30.466130003999922],[28.613870003000102,-30.46194],[28.616029997000112,-30.472240003999957],[28.62761000200004,-30.472799998999903],[28.62850000900005,-30.47749000099992],[28.61996999700017,-30.485940002999882],[28.60845000500018,-30.490229996999915],[28.62345000100015,-30.479799999999898],[28.62315000700005,-30.47541999799995],[28.60853999699998,-30.477430002999938],[28.588030004000018,-30.487270002999878],[28.596439998000108,-30.492770001999872],[28.569840000000113,-30.49629000599998],[28.56475998900015,-30.510370000999956],[28.575860001000024,-30.515950000999965],[28.573290001000032,-30.522439996999935],[28.56072000600011,-30.51835],[28.549818166000136,-30.540182636999816],[28.607571850000113,-30.534202247999872],[28.61638005300017,-30.542121549999933],[28.612938,-30.549769001999948],[28.603625998000098,-30.553794996999898],[28.60367400200016,-30.566729003999967],[28.60881400200003,-30.574954002999903],[28.62157599699998,-30.568417],[28.631284001000154,-30.570166995999955],[28.631164996000166,-30.573687000999882],[28.65526799800017,-30.55926299799995],[28.671428998000067,-30.55920200399987],[28.679822003000027,-30.56946400199996],[28.682020003,-30.579701000999933],[28.699170003000063,-30.58256399699991],[28.688401998000018,-30.60796400299995],[28.669325003000154,-30.622688996999955],[28.676917003000028,-30.625804995999943],[28.671622003000152,-30.629068996999933],[28.671852999000066,-30.65128300099991],[28.667364997000163,-30.653939002999948],[28.648317996000117,-30.65051499899988],[28.63138393600019,-30.6557464789999],[28.634060093000187,-30.665917907999983],[28.64520427700012,-30.67028304999991],[28.641160985000056,-30.693034075999947],[28.645928447000188,-30.69578994999995],[28.651019002000112,-30.690122996999946],[28.660063,-30.692093000999876],[28.670946004000086,-30.688757001999875],[28.678501004000054,-30.69339299899997],[28.68058699700009,-30.702959000999897],[28.691745003000165,-30.712411998999926],[28.694449001000066,-30.72424199999989],[28.699375002000068,-30.728805000999955],[28.698700000000144,-30.743638002999944],[28.712553003000153,-30.75304899799994],[28.735642010000163,-30.751777170999958],[28.746196982000072,-30.75542628799991],[28.759899999000083,-30.746044002999895],[28.768980997000085,-30.74945299799998],[28.774166001000083,-30.75334599999985],[28.77148199900006,-30.75921799899993],[28.762252001000036,-30.76485699899996],[28.75479899400017,-30.779705002999947],[28.744644399000094,-30.783707710999977],[28.739039716000093,-30.79491618399993],[28.74742100100019,-30.805651007999927],[28.76796500300003,-30.80207499599993],[28.770700358000113,-30.80884696199996],[28.77662837800017,-30.804077802999984],[28.773383567000167,-30.80963142199994],[28.778366669000036,-30.811966971999937],[28.805876257000136,-30.816457318999937],[28.806555207000144,-30.83147422899998],[28.811529,-30.840760997999894],[28.80830100200012,-30.845562000999962],[28.79325099900018,-30.854083003999847],[28.78587122800019,-30.86815789699989],[28.774918248000063,-30.86269139999996],[28.777656493000052,-30.857924454999875],[28.774688395000112,-30.856885120999948],[28.767587002000084,-30.85764500399995],[28.77253500200004,-30.872896],[28.76120483600016,-30.874301402999947],[28.758135001000085,-30.868295998999884],[28.761600004000172,-30.880429997999954],[28.75834000800006,-30.88978999699998],[28.76490999800012,-30.889100000999917],[28.76887000300013,-30.88052999599995],[28.776659997000024,-30.883780001999924],[28.788500003000024,-30.88114999599992],[28.80215000300018,-30.892720002999965],[28.790360003000046,-30.895459996999932],[28.793650001000174,-30.90610000399988],[28.791127000000188,-30.914692996999975],[28.78901800300008,-30.90970499699995],[28.7618030000001,-30.903333997999937],[28.758752999000023,-30.906811000999937],[28.731839003000175,-30.90828000199997],[28.72526199900011,-30.9112710039999],[28.722025998000163,-30.92456200199996],[28.71199099800009,-30.933048],[28.71996900200014,-30.943442008999966],[28.736809002000086,-30.938593001999948],[28.744197001000032,-30.939995997999972],[28.745725394000146,-30.945656037999925],[28.741197747000058,-30.94933410599998],[28.736428001000093,-30.94489399799994],[28.73196447800018,-30.94666786499988],[28.722855679000133,-30.964465055999938],[28.70975302200003,-30.976867035999874],[28.70800133000006,-30.982822787999964],[28.712222002000033,-30.994892000999926],[28.726616001000025,-31.003272996999954],[28.729994004000048,-30.99404100499993],[28.736992002000136,-30.993032997999933],[28.75751899900007,-31.007075001999965],[28.76145348900019,-31.02030284199992],[28.756119232000174,-31.021946630999878],[28.75995474000007,-31.025846600999955],[28.754564998000035,-31.026813002999972],[28.74656999700011,-31.037891997999964],[28.737811,-31.03820499799997],[28.709206998000184,-31.024116010999933],[28.69960100300017,-31.038101001999962],[28.721849996000174,-31.052341996999928],[28.730885001000104,-31.06502500399995],[28.739342001000182,-31.09142499799998],[28.73602400400017,-31.106984995999937],[28.721839998,-31.108425997999973],[28.72442447700007,-31.12137686999995],[28.70865898800014,-31.142780998999967],[28.691774000000123,-31.141896992999932],[28.685905002000027,-31.151204006999933],[28.670898000000193,-31.155258001999982],[28.666870002000167,-31.169289999999876],[28.67652000400011,-31.16836999799989],[28.67761999700008,-31.16335],[28.687229998000078,-31.164959997999915],[28.68226999799998,-31.17926],[28.6934799980001,-31.19153999899993],[28.693360004000112,-31.196649995999962],[28.67874000300003,-31.19972000199988],[28.670799997000188,-31.184509995999917],[28.653490002000126,-31.194530002999954],[28.655189999000186,-31.201320000999942],[28.646660003000136,-31.20903999899997],[28.631566999000142,-31.21252900399992],[28.628770001000134,-31.19657600299996],[28.62056000300015,-31.199076996999963],[28.597685001000173,-31.196059000999924],[28.584770998000067,-31.201485996999963],[28.583961998000063,-31.19790799799995],[28.591903001000105,-31.19327599899998],[28.58619800300005,-31.17563699699997],[28.603238996000073,-31.170737001999896],[28.593307002000017,-31.161102000999904],[28.565099002000068,-31.16311599599993],[28.571981003000076,-31.159046002999958],[28.570757002000107,-31.154183],[28.55956600000019,-31.15342999899991],[28.55295699100003,-31.163551998999935],[28.545949002999976,-31.16660792999994],[28.536269621000088,-31.166575428999977],[28.52992850000004,-31.16165314699998],[28.5052020010001,-31.169388002999938],[28.49992200200012,-31.158798999999874],[28.47994599900011,-31.16079299899991],[28.457615998,-31.181396996999922],[28.45882499800007,-31.186361002999888],[28.438404,-31.194987],[28.43902600200005,-31.2094640009999],[28.431044998000118,-31.214207001999853],[28.438307999000017,-31.22326900099995],[28.42627200300018,-31.238068003999956],[28.430916003,-31.239792002999877],[28.438519996000082,-31.234113001999845],[28.445925997000074,-31.247955001999912],[28.479772,-31.266983002999893],[28.48059000100011,-31.271240001999956],[28.47412000900016,-31.269740000999946],[28.465269999000157,-31.280429998999978],[28.46597,-31.29876000099995],[28.451929999000185,-31.30349000399991],[28.459720001000107,-31.316679997999927],[28.47040000100003,-31.323580000999925],[28.495059997000112,-31.326320001999875],[28.49925999800007,-31.33262999899989],[28.499089997000112,-31.34848000099987],[28.490590004000182,-31.366789998999877],[28.48392,-31.374270008999872],[28.465099998000028,-31.381130009999936],[28.462540004000118,-31.38743999899998],[28.443980002000103,-31.386469997999825],[28.444880000000126,-31.396870000999968],[28.42906,-31.402819998999917],[28.42551999900013,-31.421209998999984],[28.40730999900012,-31.427719998999862],[28.39861000200017,-31.467869998999902],[28.382319999000117,-31.48055000499994],[28.365594998000176,-31.46390000299988],[28.352880002000063,-31.461399990999894],[28.3370200010001,-31.447659998999825],[28.33122,-31.44748],[28.322199997000098,-31.428469999999834],[28.29253161800017,-31.41413130099994],[28.282664739000097,-31.422601760999953],[28.275557,-31.421387997999886],[28.25665641300003,-31.429081147999966],[28.24912494900002,-31.425508981999883],[28.216694003000043,-31.45103000699993],[28.217972001000078,-31.466067002999978],[28.210302002000105,-31.47734500399997],[28.20714399899998,-31.48779600299997],[28.209551004000105,-31.491631001999906],[28.20248199700012,-31.501480002999926],[28.203159002000064,-31.542381989999967],[28.19917399800005,-31.548698002999856],[28.20203100100008,-31.554636996999932],[28.20496400100012,-31.553659997999887],[28.2035350000001,-31.561779995999927],[28.209775999000158,-31.56854699799993],[28.206124989000045,-31.57325299799993],[28.197220000000186,-31.56406199799983],[28.194099,-31.545201001999942],[28.190273,-31.54510599799994],[28.1878650000001,-31.556401001999916],[28.177712,-31.561680996999883],[28.167062000000158,-31.55740599899997],[28.166175001000056,-31.55295399599993],[28.162224146000085,-31.55664868399998],[28.162724,-31.547279000999936],[28.155502997000042,-31.545137997999973],[28.14169471600019,-31.543628653999974],[28.14706,-31.55231900299998],[28.136919001000024,-31.55113599899994],[28.125021998000193,-31.542923000999963],[28.10448692900013,-31.551241917999903],[28.102831238000192,-31.53925918699997],[28.086075881,-31.527767334999965],[28.08905600200012,-31.521637999999882],[28.105676999000025,-31.50946099899994],[28.12337200000013,-31.50933000099991],[28.136140000000125,-31.51453799899997],[28.138547000000187,-31.509185000999935],[28.130310990000112,-31.491935998999963],[28.117923009000037,-31.48921404399988],[28.111880492000182,-31.48097183899995],[28.102310997000018,-31.47755600299996],[28.103279003000182,-31.461178003999976],[28.094575,-31.478041996999934],[28.07526000300004,-31.466780002999883],[28.054570002000105,-31.46396999899997],[28.048439997000116,-31.50576999599997],[27.993129998000086,-31.525360002999946],[27.987289997000175,-31.532900001999963],[27.971819990000142,-31.537730001999876],[27.93626000200004,-31.53597999799996],[27.930839996000145,-31.528479999999888],[27.913109997000163,-31.53185999799996],[27.89390000100019,-31.550919996999937],[27.873860003000118,-31.537849996999967],[27.86050999800017,-31.53443999599989],[27.845950002,-31.54063999699997],[27.835090003,-31.536569995999912],[27.74692000100015,-31.556189996999876],[27.73383799900006,-31.56429699699993],[27.71596599900016,-31.554517002999944],[27.71929800100014,-31.545620990999964],[27.71554799800009,-31.535117000999946],[27.708131001000083,-31.52915399699998],[27.70122700100012,-31.517086002999974],[27.704501001000096,-31.511094998999965],[27.68874300100009,-31.489973000999953],[27.67930799600009,-31.49061299699997],[27.670429377000062,-31.497677087999875],[27.668808036000144,-31.506139700999938],[27.65369800400009,-31.502581998999972],[27.644448358000034,-31.49443440499988],[27.63333623400007,-31.495462565999958],[27.611891578000154,-31.485608427999978],[27.595928477000143,-31.490917700999887],[27.58971898400017,-31.489319672999898],[27.56913000300011,-31.452449998999953],[27.524412997000184,-31.459802001999947],[27.51635000000016,-31.46518],[27.51227,-31.4774],[27.496440000000177,-31.47839],[27.489810000000148,-31.48694],[27.48424,-31.47868],[27.47543000000013,-31.48038],[27.47268000000014,-31.48821],[27.46295000000015,-31.49002],[27.4544,-31.49891],[27.4364,-31.49646],[27.431460000000186,-31.51533],[27.441930000000184,-31.52962],[27.453494204000037,-31.520332010999937],[27.461415617000114,-31.506135533999952],[27.46676940400016,-31.505076673999895],[27.470415928000023,-31.509799903999976],[27.480915300000106,-31.511120504999838],[27.487518304000048,-31.52165556899996],[27.48506587300011,-31.531062370999962],[27.489035859000126,-31.53884470899993],[27.483486623000147,-31.55043819599996],[27.487929064000127,-31.56637666799992],[27.481266574000074,-31.571783993999873],[27.482256434000078,-31.58604907299997],[27.474689748000173,-31.588583198999856],[27.461811646000115,-31.582275701999947],[27.45224450700016,-31.592638055999885],[27.45248519800009,-31.59696553099991],[27.448945749000018,-31.59324167499983],[27.438702170000056,-31.59480617099996],[27.44099240100013,-31.591231029999904],[27.436988958000086,-31.588732595999943],[27.42967979400015,-31.591259045999834],[27.4367400000001,-31.60744999099984],[27.44268,-31.612276998999903],[27.408135998000034,-31.603258997999887],[27.382434003000185,-31.605028997999966],[27.368804000000125,-31.612959995999915],[27.333339996000177,-31.617401996999945],[27.302399998000112,-31.614617],[27.289168,-31.625359997999965],[27.278556,-31.62684199699993],[27.271302000000105,-31.63620099799988],[27.25071548800014,-31.6408567389999],[27.23906802100015,-31.603695770999877],[27.207116768000162,-31.600196102999973],[27.19835083800018,-31.610860166999885],[27.189315002,-31.632743998999956],[27.18445891800002,-31.633004308999887],[27.17298368400003,-31.624971649999964],[27.157842763000076,-31.623569121999935],[27.16313411400006,-31.620222181999964],[27.151976567000133,-31.604866287999926],[27.15575973900019,-31.598240155999974],[27.16394600400008,-31.597929997999984],[27.15323699900017,-31.588597998999944],[27.155087998000113,-31.58035199799997],[27.143414004000192,-31.571437011999933],[27.138382942000135,-31.560220183999945],[27.103673913000023,-31.550038868999934],[27.108282382000027,-31.539259737999885],[27.081778002000135,-31.55345700199996],[27.05444800000015,-31.580996997999932],[27.061023000999967,-31.58661600199997],[27.059503003000145,-31.615048],[27.04385199900014,-31.61413000099992],[27.0228029970001,-31.64685800099994],[27.011402002000125,-31.64126000699997],[27.008783000000108,-31.63197799999989],[27.003329002000044,-31.631804000999978],[27.001053004000028,-31.624205001999883],[26.98577900300006,-31.626267000999974],[26.9857950010001,-31.61732200399996],[26.981746002000023,-31.615704002999962],[26.98803600200017,-31.6060470029999],[26.973422002000177,-31.597480995999945],[26.972685000000126,-31.590259990999925],[26.93827099900011,-31.591210002999958],[26.92296100300007,-31.65584699699997],[26.927173702,-31.67513157099995],[26.94227729000005,-31.69174237999988],[26.973029998000072,-31.692011998999817],[26.975612088000048,-31.69702145699995],[27.00394434900005,-31.713165842999956],[27.034141172000034,-31.71321131999997],[27.033459015000176,-31.726399690999983],[27.0412356060001,-31.73499487199996],[27.037636997000163,-31.749308000999918],[27.045779002000188,-31.763767000999906],[27.03387999600011,-31.777934001999938],[27.037418002000095,-31.78828399799994],[27.025687003000144,-31.810387997999896],[26.994363003000103,-31.78842599899997],[26.972114002000126,-31.787288996999962],[26.966449994000072,-31.792000000999906],[26.980839996000043,-31.82716000499994],[26.977180001000193,-31.845830001999957],[26.960661263000134,-31.881013139999936],[26.950702998000168,-31.882154002999926],[26.941396996000037,-31.901815002999967],[26.952559695000048,-31.926913439999907],[26.958660474000055,-31.919052760999932],[26.96302115100019,-31.919109268999875],[26.96648370100013,-31.92151381799988],[26.96469200300004,-31.92778099599991],[26.981527997000057,-31.928700000999925],[26.995818001000032,-31.95453799699993],[27.015652002000024,-31.943943001999912],[27.011610632000156,-31.93214199299996],[27.017838669000014,-31.922506342999952],[27.014841772000125,-31.9178063519999],[27.019630576000054,-31.914558772999953],[27.017727744000183,-31.90697778599997],[27.012340461000065,-31.90272128799984],[26.99907908200015,-31.9019096749999],[26.993296357000133,-31.895221955999887],[27.001008997000042,-31.87566799599989],[27.013649993000058,-31.86038999799996],[27.02570000100019,-31.858540002999916],[27.073129998000127,-31.89401999799992],[27.07941999899998,-31.89493000199991],[27.081210003000137,-31.9014900009999],[27.105959999000163,-31.915559996999946],[27.111769998000113,-31.936519996999948],[27.147777001000122,-31.92858500199992],[27.169909998000094,-31.944420002999948],[27.177590003000034,-31.934140002999982],[27.20804000200019,-31.96216999799998],[27.228500004000182,-31.961820004999822],[27.23694999800017,-31.947069995999925],[27.254769997000153,-31.939079998999887],[27.26734,-31.94399],[27.27220300300013,-31.93332800199994],[27.282605783000065,-31.94456070299998],[27.2937297630001,-31.940819],[27.292343727000173,-31.935042858999907],[27.32247960100017,-31.941568530999916],[27.327607339000053,-31.939010609999855],[27.339064444000087,-31.949682492999898],[27.3299927490001,-31.95641041899995],[27.329445473000078,-31.961978356999964],[27.323693126000137,-31.961847486999943],[27.326245098000072,-31.96718342799994],[27.32145643200016,-31.974934522999945],[27.329879996999978,-31.97842],[27.333649996000076,-31.99721],[27.340949998000156,-31.98893999699993],[27.35352000100005,-31.992529996999963],[27.364423999,-31.98524999899996],[27.375209772000062,-31.997421818999953],[27.374206003999973,-32.00844700299996],[27.400525988000084,-31.99883400099992],[27.404581004000022,-32.01490000599989],[27.422293606000096,-32.01475125399992],[27.438681,-32.01279499099991],[27.435404,-31.995095998999886],[27.459011999000154,-31.99567699599993],[27.47538799600005,-32.030859],[27.489318997999987,-32.04301199799994],[27.513907004000146,-32.05749299799993],[27.533681,-32.052795997999965],[27.539651003000074,-32.05526099699995],[27.523251003000098,-32.06823900299992],[27.524863004000167,-32.08196499899998],[27.515640004000034,-32.087768],[27.512646999000083,-32.11012],[27.52290100300013,-32.0924249979999],[27.543815361000043,-32.10752753599985],[27.547827831000063,-32.09823820599996],[27.544457696000165,-32.0911944479999],[27.55122299700014,-32.08587099899995],[27.562325003000126,-32.08441000099998],[27.571146001000102,-32.094993002999956],[27.566809998000053,-32.113570000999914],[27.570500011000092,-32.11689999899994],[27.56873000300004,-32.12237000399995],[27.574389997000083,-32.12514999799998],[27.565160000000162,-32.12957999799988],[27.556020002000082,-32.12873],[27.540319996000107,-32.141250002999925],[27.542929997000158,-32.1496999979999],[27.55567000100018,-32.15553000099993],[27.55344000300005,-32.159290000999874],[27.560760002000052,-32.16298],[27.56620999600017,-32.17591000099998],[27.56053000300011,-32.175370001999966],[27.552040000000147,-32.18572999699995],[27.557830003,-32.18672000099997],[27.56325,-32.19440999799997],[27.571824725000113,-32.19030815899998],[27.599444318000167,-32.211104648999935],[27.600193849000107,-32.223525434999885],[27.59360274200003,-32.23834947699987],[27.59911119400016,-32.24999098999996],[27.631043561000183,-32.2503241149999],[27.63437480600004,-32.23699913299998],[27.641316884000105,-32.237439332999884],[27.647955580000144,-32.26150758099993],[27.645189456000082,-32.2828037569999],[27.661738608000178,-32.27930000099991],[27.683356011000058,-32.2658560459999],[27.686455259000184,-32.2746660009999],[27.674212932000046,-32.2887881019999],[27.67335037700019,-32.298401123999895],[27.684575485000096,-32.304641260999915],[27.692195708000042,-32.29884727299998],[27.69610992200012,-32.266736446999914],[27.703081743000098,-32.265731124999945],[27.71673390000018,-32.27941302499994],[27.701487504000056,-32.29130438199991],[27.70726959400008,-32.30162529399996],[27.705276795000145,-32.32418853299998],[27.70954792800012,-32.32940550099988],[27.727286810000066,-32.33068446099986],[27.741051992000166,-32.32325459399982],[27.742408284000135,-32.31173205499988],[27.747280231000104,-32.31031627499982],[27.75281247800018,-32.31470638099995],[27.75968999900016,-32.33671000299995],[27.75732000300019,-32.34467999599991],[27.748460003,-32.34816],[27.732219999000108,-32.33877999799989],[27.721569994000106,-32.33823000099994],[27.71072000000015,-32.35763000199995],[27.714340003000075,-32.36256999099993],[27.729899994000107,-32.367009996999855],[27.761190001000102,-32.415287],[27.761029998000083,-32.41830000099998],[27.7539089980001,-32.41556],[27.76024900500005,-32.43475899999987],[27.758486002000097,-32.45901799899997],[27.748098998000046,-32.46014099699988],[27.736717002000148,-32.43916000299993],[27.7216410100001,-32.424958003999905],[27.69601900100014,-32.42145999899998],[27.6814839970001,-32.42337700399992],[27.67396599800003,-32.43012700099996],[27.648560996000185,-32.42076700299998],[27.62661872299998,-32.424863122999966],[27.60112791000006,-32.409525433999875],[27.590084263000108,-32.40929199899995],[27.551187999000035,-32.44409099799998],[27.538321003000192,-32.43210400299995],[27.524675001000162,-32.45331699799988],[27.52691199600008,-32.45824299899988],[27.51943200200003,-32.46923400399987],[27.515846998000086,-32.46723800299992],[27.510480997000116,-32.47258399899994],[27.507947997000144,-32.46371799799982],[27.49886600200017,-32.47143999899998],[27.502958002000184,-32.46364800299989],[27.49807,-32.465131996999844],[27.485880001000112,-32.454174002999935],[27.48322999900006,-32.458530001999975],[27.47802000400003,-32.455009],[27.46436400400006,-32.4747070009999],[27.453527998000027,-32.4778960029999],[27.432558,-32.472639998999966],[27.40259800100017,-32.4756159989999],[27.396097999000062,-32.46938900399988],[27.398319003000154,-32.481729997999935],[27.383405999000104,-32.48728700099991],[27.398575996000034,-32.499474997999926],[27.402284003000148,-32.507829],[27.33653400200012,-32.52187999699993],[27.27726699900012,-32.55773100999983],[27.23643599700017,-32.57517],[27.166731001000073,-32.57212899899997],[27.173972003000188,-32.582085002999975],[27.15351186700019,-32.57924183799997],[27.13959099700014,-32.619632],[27.175692041000048,-32.6419971709999],[27.170439139999985,-32.656881000999874],[27.18413899900014,-32.657029],[27.18611200400005,-32.6795130029999],[27.181198685000027,-32.68094212999995],[27.17631871000009,-32.69003020499997],[27.160724006000123,-32.6836296539999],[27.152570998000044,-32.68700699199991],[27.14408100200012,-32.69474100199989],[27.144255001000033,-32.70595599799998],[27.137922561000153,-32.71095097999995],[27.126518994000094,-32.71076098999998],[27.120949997000025,-32.70316899799991],[27.11489600300007,-32.71133600199994],[27.114463001000104,-32.69869600399994],[27.101139997000132,-32.69143199699994],[27.09535386100015,-32.69700321999994],[27.09697715700014,-32.703600653999956],[27.060966207000092,-32.712662731999956],[27.07462699900009,-32.736727],[27.061335004000114,-32.75150100299993],[27.054885,-32.745135995999874],[27.03798,-32.75489699899998],[27.031237001000193,-32.732073001999936],[27.01396999900004,-32.73093500199985],[27.009657998000023,-32.736660004999976],[27.000292997000145,-32.72454999899992],[26.994366004000085,-32.722797002999926],[26.98885400400019,-32.72630600399998],[26.982244005000098,-32.717928996999945],[26.960995996,-32.711008997999954],[26.957069002000026,-32.69694399699995],[26.938227998,-32.69633999599995],[26.93130100100018,-32.69958199799987],[26.920443409000143,-32.691194905999964],[26.91426826500009,-32.69588801799995],[26.89621274200016,-32.68116589399989],[26.891320760000042,-32.69205924399995],[26.883022003000065,-32.67997099699994],[26.885829,-32.66616299699996],[26.871559000000104,-32.644787995999934],[26.858588000000168,-32.64438500399996],[26.846090004000075,-32.65097400099995],[26.824040998000044,-32.674240001999976],[26.807504998000184,-32.67663700799989],[26.806356003000076,-32.701398996999956],[26.79147900100014,-32.722531000999936],[26.78594599200005,-32.72494399799996],[26.767233999000155,-32.721678001999976],[26.751121003000094,-32.72710799799995],[26.756515003000175,-32.73097200299998],[26.753100000000188,-32.74188800199988],[26.70381300300005,-32.76951000199989],[26.70364499699997,-32.777174000999935],[26.678824998000096,-32.757060001999946]]]},"properties":{"area_code_id":"045","area_codes":["045"],"area_code_label":"045","prefix_1":"4","ward_count":107}},{"type":"Feature","geometry":{"type":"Polygon","coordinates":[[[26.62592000100011,-33.71907999999985],[26.591490001000125,-33.72381000199988],[26.55853999800007,-33.748260003999974],[26.54324999800008,-33.752629998999964],[26.530049997000106,-33.75414999599997],[26.528080001000035,-33.750329997999984],[26.462869998000087,-33.756590003999975],[26.46556,-33.74433000099998],[26.459329997000054,-33.71548000199988],[26.461520001000054,-33.70520000199991],[26.440219999000192,-33.69909999899994],[26.388249998000106,-33.70708999599998],[26.34776000400018,-33.6898399989999],[26.350110003000168,-33.6838800029999],[26.345950010000138,-33.68475500099993],[26.35974000100009,-33.64326999799988],[26.344970011000157,-33.643929998999965],[26.331850004000046,-33.63316],[26.352070001000186,-33.61101999699997],[26.343989996000175,-33.61025999799995],[26.34858000000014,-33.60387999799991],[26.37561,-33.60223],[26.381220003000124,-33.558340003999945],[26.414640001,-33.557550001999914],[26.415459997000028,-33.54081],[26.437541000000124,-33.5328709989999],[26.431042003000186,-33.531822001999956],[26.430626994000022,-33.52545800099983],[26.437045000000126,-33.516899],[26.434366001000058,-33.51251599799997],[26.463169002000143,-33.45924999699997],[26.476385002000143,-33.458604],[26.48863000300014,-33.44208399899992],[26.506308000000104,-33.451052],[26.534842997000055,-33.41043600399996],[26.507377999000084,-33.40459699899992],[26.513047999000037,-33.38283300199993],[26.54271699800006,-33.37987800399998],[26.543453002000035,-33.369555999999875],[26.503244003000134,-33.34687100399992],[26.482381998,-33.322744997999905],[26.464868520000095,-33.330932581999946],[26.431742002000078,-33.31452591099992],[26.42043535800019,-33.30486386999996],[26.41680352600008,-33.28937719299995],[26.419248706000076,-33.28397540299994],[26.380421998000088,-33.280051002999926],[26.357387001000063,-33.273592995999934],[26.356196002000047,-33.284274008999944],[26.333351003000132,-33.275950998999974],[26.327474000000166,-33.26935399899992],[26.32186699800002,-33.27398500099997],[26.31475300300019,-33.26754699799989],[26.309682001,-33.271148998999934],[26.31316199700018,-33.25931299799993],[26.30788000300015,-33.26471999699993],[26.301892,-33.262800996999886],[26.298741002999975,-33.27055999099997],[26.29473000200005,-33.26392599799988],[26.288276000000167,-33.26829800399997],[26.28539099700015,-33.25557600199994],[26.288468998000155,-33.24669700199996],[26.11966000000018,-33.22762999799994],[26.070710006000127,-33.216347001999964],[26.050271267000028,-33.215462155999944],[26.05065199800015,-33.218313],[25.986137999000107,-33.198389996999936],[25.983633997000027,-33.2045279969999],[25.96878,-33.20042999599997],[25.981949999000165,-33.179639997999914],[25.94818999800009,-33.17266000199987],[25.96258,-33.10997],[25.973740001000124,-33.096779996999885],[25.99058,-33.10004999899991],[25.997270001000118,-33.09109999899994],[26.005630003000135,-33.09045000399993],[26.014810002000047,-33.07594999799994],[26.02152999700013,-33.08192999799991],[26.03532000300015,-33.058690001999935],[26.0243400010001,-33.05273000599993],[26.093500003000088,-32.99375999599994],[26.096130001000063,-32.983090002999916],[26.134010001999968,-32.9659500009999],[26.13566999,-32.96016999699998],[26.24990999700003,-32.94383000199997],[26.274939998000036,-32.93697999899996],[26.28508,-32.89918999799994],[26.27475000100003,-32.88064000299994],[26.26894000200008,-32.8776],[26.262889998000105,-32.87968],[26.260790001000146,-32.89084000099996],[26.242649996000182,-32.88162000199998],[26.23614000300006,-32.87120001099987],[26.2194000020001,-32.87816000199996],[26.22574999900013,-32.85766999799995],[26.210320001000127,-32.86328999899996],[26.199219997000057,-32.850189995999926],[26.193260001000056,-32.86651000199993],[26.183230004000166,-32.86932000599984],[26.186650002000192,-32.858289997999975],[26.181489998000075,-32.84582999899993],[26.178429998000013,-32.844769998999936],[26.176190003000045,-32.85464999899989],[26.17035999900014,-32.85631000299992],[26.16564000300002,-32.84440000099994],[26.188990004000175,-32.812230000999875],[26.245739998000033,-32.81524000199988],[26.247329999000044,-32.81023000199997],[26.24041000000011,-32.79296],[26.208119998000086,-32.76957999699982],[26.203581997000015,-32.74689999599997],[26.211076002000027,-32.735350000999915],[26.21853399600019,-32.7334370019999],[26.21945399800012,-32.72305400399995],[26.229538000000105,-32.71851900199988],[26.235743004000142,-32.699912001999905],[26.240686,-32.704891001999954],[26.252240998000048,-32.699808995999945],[26.255019995000055,-32.70720100099993],[26.265920003000076,-32.71575799899989],[26.274579002,-32.71033999699995],[26.289924004000113,-32.71043100199995],[26.285862006000116,-32.69586199799994],[26.299228336000056,-32.68915380399983],[26.3060972990001,-32.69422476499989],[26.312868308000134,-32.69324041899989],[26.311448724000115,-32.68768260699994],[26.3208950020001,-32.6806089989999],[26.316779997000026,-32.67761900199997],[26.317814,-32.673680996999906],[26.33081900000019,-32.67339300399988],[26.323460996000108,-32.654648996999924],[26.326336001000072,-32.646373998999934],[26.333275996000054,-32.638949],[26.35652999600012,-32.63620599799992],[26.355436003000136,-32.624611006999885],[26.327151002000107,-32.607107998999936],[26.334344998000063,-32.59632400299995],[26.36989000000011,-32.613884000999974],[26.37631999900003,-32.605960998999876],[26.382826002,-32.61568000599988],[26.39379200000019,-32.61720599599994],[26.417156891000104,-32.63806475499996],[26.432878001000063,-32.637842],[26.436421001999975,-32.64130299699997],[26.43600999900019,-32.65369800299993],[26.477950003000046,-32.663589996999974],[26.47469,-32.689639997999905],[26.443340004000163,-32.70768599699994],[26.451432999000133,-32.72418198899993],[26.448988005,-32.73283],[26.474478003000172,-32.74106000199987],[26.46010199700015,-32.71552899799997],[26.47021000100017,-32.70495300199991],[26.48569700400003,-32.72384399699996],[26.5269550000001,-32.729093003999935],[26.537783002000026,-32.767585001999976],[26.545456009000077,-32.767471],[26.561198003000186,-32.74973100199992],[26.560564996000096,-32.73414000399998],[26.586583,-32.749335],[26.58845892500011,-32.742952217999914],[26.58985293000012,-32.746372693999945],[26.602269902000046,-32.74625652699996],[26.601160997000022,-32.75423300099993],[26.606057002000057,-32.756946],[26.606972998000174,-32.76749600699998],[26.615550999000163,-32.765932002999875],[26.624519,-32.75828100299992],[26.62877599899997,-32.76215600299997],[26.62574300200015,-32.770765002999894],[26.629659000000117,-32.77271099799998],[26.653908548000175,-32.761361223999984],[26.65615999700003,-32.76614900299995],[26.653383004000034,-32.76916099899995],[26.65917282500004,-32.774023110999906],[26.654444826000088,-32.778830102999905],[26.664380324999968,-32.775262658999964],[26.674415845000055,-32.78294766699997],[26.67524936000018,-32.78781539399995],[26.684679003000156,-32.78367700399997],[26.69209999700007,-32.78918199799995],[26.680343000000107,-32.80097900299995],[26.679754998000135,-32.81007200199991],[26.66961199600007,-32.821621],[26.68156400100014,-32.82554899899992],[26.675702998000077,-32.83662800099984],[26.645011,-32.85052999899989],[26.634197999000094,-32.84835501099997],[26.63629300100007,-32.85835799799992],[26.641581003000056,-32.86303400399993],[26.64694899900013,-32.857854002999886],[26.658310001000075,-32.85909800099995],[26.662290992000067,-32.863351998999974],[26.656069998000135,-32.88397900199993],[26.664607,-32.88645499699987],[26.67278700300011,-32.880433997999944],[26.67887700700004,-32.8812450019999],[26.684738003000064,-32.89356400399993],[26.69657400300008,-32.90008299699991],[26.701395003000187,-32.897443001999875],[26.708337001000075,-32.88197499799992],[26.715130996000084,-32.881999],[26.71600199700009,-32.90180699699994],[26.70274200700004,-32.91022998899996],[26.69646600200008,-32.926284997999915],[26.70961300400006,-32.918376],[26.724464000000125,-32.92601000399992],[26.729520001000026,-32.920440998999936],[26.72916499700017,-32.90663999699996],[26.74257800000015,-32.91464300099989],[26.738471996000044,-32.93304399599998],[26.742956001000096,-32.940799],[26.751307003000022,-32.9388540029999],[26.765634997000177,-32.92757699999987],[26.770253,-32.929015998999944],[26.761720003999983,-32.94825700199988],[26.747786998000038,-32.95777400299994],[26.749659,-32.97794899699994],[26.737785998000163,-32.9984679989999],[26.744391999000072,-32.997236991999955],[26.747839,-32.98551500099995],[26.769245001000115,-32.977083],[26.773080001000153,-32.980341997999915],[26.772513997000033,-32.998640002999934],[26.78105499700007,-32.998505],[26.793219997000165,-32.99010999899997],[26.80200000400015,-32.99635000099988],[26.801780003000147,-33.00849000099993],[26.794870003000085,-33.02630000099998],[26.795379999000147,-33.047849998999936],[26.77264999800019,-33.076619996999966],[26.77171999800015,-33.08462999899996],[26.776729998000064,-33.08883],[26.784640002000174,-33.08551999799994],[26.81327000100015,-33.03588999799996],[26.82562000300004,-33.0396800019999],[26.82816000100007,-33.06782000099997],[26.83783999700006,-33.080819990999885],[26.854830002000085,-33.07602999899996],[26.856659999000044,-33.049759997999956],[26.861260001000176,-33.04459000299994],[26.866899999000168,-33.046029998999984],[26.87510998900018,-33.057010000999924],[26.87629999800015,-33.079309990999946],[26.858569999000167,-33.10056000299994],[26.852719999000044,-33.12614999899995],[26.84355999600018,-33.131689998999946],[26.834580002000052,-33.121409997999876],[26.824360007000053,-33.12387000199993],[26.82036000900007,-33.129720001999885],[26.83209000300019,-33.15496999599992],[26.83760000000018,-33.155079999999884],[26.83760000000018,-33.17462999799989],[26.846749997000074,-33.17842000199994],[26.862090011000078,-33.17768],[26.865690001000075,-33.181390001999944],[26.855309995000084,-33.19235999699998],[26.84004999800004,-33.19481000299993],[26.84247999900009,-33.20422999799996],[26.857109998000055,-33.20766000299989],[26.872579989000087,-33.20318000399993],[26.87279999800012,-33.19313000199992],[26.879409996000106,-33.189770000999886],[26.8803100020001,-33.17617],[26.87651000000011,-33.171919998999954],[26.881730001000108,-33.16986000299994],[26.896239998000112,-33.171280002999936],[26.89061999600017,-33.17630000099996],[26.89902000000012,-33.18188999899991],[26.896660002000033,-33.194389998999895],[26.908570004000126,-33.202629998999896],[26.927869999000166,-33.19496],[26.921099997000113,-33.19141000099995],[26.92574,-33.18661000299994],[26.921510003000094,-33.16894000099995],[26.924300004000088,-33.16523999699996],[26.944269998000095,-33.16548000199998],[26.9599599980001,-33.172880001999886],[26.95297000400012,-33.17851000199994],[26.95706999900017,-33.19177],[26.97918,-33.22079000799994],[26.962530006000122,-33.22806],[26.95905999200005,-33.235220002999824],[26.966890003000174,-33.23807000099998],[26.986719999000115,-33.23342],[27.008829999,-33.25211000199994],[27.003890003000038,-33.263450002999946],[26.993969994000167,-33.26212000299995],[26.981430002000025,-33.25383000299996],[26.972639997000044,-33.25681000099996],[26.96908999700014,-33.26448000099998],[26.969259999000144,-33.26780999999988],[26.989060000000165,-33.27211999699989],[26.997539997000047,-33.28083000099991],[27.00333000000012,-33.295119996999915],[26.998519996000084,-33.31552000199986],[27.002570001000038,-33.32021000299994],[26.998559997000086,-33.33072000199985],[26.983639995000146,-33.34273999999988],[26.985259998000174,-33.35620000199998],[27.006049997000048,-33.368399998999905],[27.01630000199998,-33.37925],[27.02069000200015,-33.39550000299988],[27.026000003000092,-33.40088998999988],[27.035280000000114,-33.402569997999876],[27.043709998000054,-33.41212999999988],[27.055759998000156,-33.43731999599993],[27.06916000299998,-33.444430000999944],[27.069459997000138,-33.45740000299992],[27.07776499700003,-33.469670003999966],[27.135559999000066,-33.494490002999896],[27.132729998000116,-33.50066000099997],[27.135479998000108,-33.503869997999914],[27.124659999000016,-33.50865999699994],[27.112389998000083,-33.52475000399994],[27.058549998000103,-33.536280001999955],[27.043110002000162,-33.54595999899993],[27.042769999000143,-33.554339997999875],[27.01541000300017,-33.56190000099997],[27.00878,-33.57042999699996],[26.97045999800008,-33.57312999699991],[26.937229997000145,-33.58149],[26.918919999000025,-33.595480001999874],[26.90450000200019,-33.59925000199996],[26.889390002000027,-33.61435000399996],[26.866710001000058,-33.62633000099987],[26.824690003,-33.63235999199992],[26.742259997000076,-33.65292999799988],[26.723550007000085,-33.665559997999935],[26.704580000000192,-33.671889998999916],[26.69686000100012,-33.68190999799998],[26.683739994000177,-33.683239997999976],[26.666579996,-33.696619998999836],[26.662630005000096,-33.69454999599998],[26.64920999600008,-33.699149997999825],[26.631249999000033,-33.71052000099991],[26.62592000100011,-33.71907999999985]]]},"properties":{"area_code_id":"046","area_codes":["046"],"area_code_label":"046","prefix_1":"4","ward_count":26}},{"type":"Feature","geometry":{"type":"Polygon","coordinates":[[[28.34757600100005,-32.44551800399995],[28.336502002000145,-32.4396459969999],[28.339289002000157,-32.43356800099991],[28.331597003000127,-32.427827997999884],[28.33224800300013,-32.424252001999946],[28.31979500300008,-32.419825998999954],[28.311571998000147,-32.427039998999874],[28.31034900200018,-32.42260699899998],[28.30252599800002,-32.42738999999989],[28.299016,-32.42325601199997],[28.295236002000138,-32.427191000999926],[28.297245886000155,-32.43327130499995],[28.26010588700018,-32.429350590999945],[28.255219004000026,-32.43525298899988],[28.25015800000017,-32.43410100199998],[28.237850998000056,-32.41623200199996],[28.20622500200011,-32.41358899799991],[28.206706000999986,-32.421878996999965],[28.200896002000036,-32.42111800099997],[28.196278997000036,-32.431847001999984],[28.20094099800002,-32.433450001999915],[28.19809099300005,-32.439529002999905],[28.140426878000085,-32.449753477999934],[28.136485000999983,-32.46039300199993],[28.121706003000043,-32.44561299899988],[28.122270004000086,-32.437021991999984],[28.11384100300012,-32.43166299699993],[28.127845998999987,-32.428072],[28.134647,-32.43558099899991],[28.14045300200013,-32.43544499799998],[28.141191999000057,-32.4203289969999],[28.131986003000065,-32.40827100099989],[28.139111001,-32.399551996999946],[28.123069006000094,-32.391881997999974],[28.12300800300011,-32.38245099899996],[28.10731,-32.37408999899998],[28.098800998000115,-32.37926400699996],[28.109105,-32.37798099799994],[28.107518605000166,-32.385861217999945],[28.095998,-32.38238800099998],[28.091567002000033,-32.38587500299997],[28.085574003000033,-32.38142700099996],[28.072595,-32.38708700299998],[28.036050999000054,-32.38523300399993],[28.044839998999976,-32.36922100299989],[28.035316,-32.35914799699992],[28.03722899900015,-32.35086600099993],[28.01075699900008,-32.34412799699993],[27.98758800400003,-32.32375599999989],[27.980453997000154,-32.33385999799998],[27.98055500100014,-32.341606997999975],[27.96367299700006,-32.34612999899991],[27.966095003000078,-32.352510995999864],[27.95945999700018,-32.36794100199995],[27.926277003000166,-32.37462399699996],[27.91869100300005,-32.37197400299988],[27.906723996000153,-32.382459001999905],[27.89980000000014,-32.38024999099986],[27.89134300000012,-32.36939399699992],[27.88446300200019,-32.37408300099992],[27.890889003000098,-32.37812099699994],[27.882455000000107,-32.38314899799991],[27.863749997000127,-32.38058001099989],[27.855130001000077,-32.399529997999934],[27.861259998000037,-32.40837000199991],[27.859810004000167,-32.41405],[27.85284999600003,-32.40663001199994],[27.840879997000172,-32.40930000199995],[27.832229999000162,-32.40665999899994],[27.8266,-32.398459990999925],[27.82922999700014,-32.39133999599994],[27.8137,-32.38139000099994],[27.783089999000026,-32.37415000399989],[27.770300004000035,-32.37631999599995],[27.765930001000072,-32.37998999799993],[27.7662,-32.38563000299985],[27.776780002000123,-32.39645000199988],[27.806730003000098,-32.397640002999935],[27.814549999000178,-32.40665],[27.81109000000015,-32.40957999899996],[27.79638999800011,-32.4036700019999],[27.78632,-32.41481999699988],[27.76548000200006,-32.418539997999915],[27.75555000300011,-32.409],[27.729899994000107,-32.367009996999855],[27.710790004000046,-32.35851000299982],[27.721569994000106,-32.33823000099994],[27.732219999000108,-32.33877999799989],[27.748460003,-32.34816],[27.75732000300019,-32.34467999599991],[27.75968999900016,-32.33671000299995],[27.752735145000088,-32.31459930499989],[27.747280231000104,-32.31031627499982],[27.742408284000135,-32.31173205499988],[27.741051992000166,-32.32325459399982],[27.727286810000066,-32.33068446099986],[27.70954792800012,-32.32940550099988],[27.705276795000145,-32.32418853299998],[27.70726959400008,-32.30162529399996],[27.701487504000056,-32.29130438199991],[27.71673390000018,-32.27941302499994],[27.703081743000098,-32.265731124999945],[27.69610992200012,-32.266736446999914],[27.692195708000042,-32.29884727299998],[27.684575485000096,-32.304641260999915],[27.67335037700019,-32.298401123999895],[27.674212932000046,-32.2887881019999],[27.686455259000184,-32.2746660009999],[27.683356011000058,-32.2658560459999],[27.661738608000178,-32.27930000099991],[27.645189456000082,-32.2828037569999],[27.647955580000144,-32.26150758099993],[27.641316884000105,-32.237439332999884],[27.63437480600004,-32.23699913299998],[27.631043561000183,-32.2503241149999],[27.59911119400016,-32.24999098999996],[27.59360274200003,-32.23834947699987],[27.600193849000107,-32.223525434999885],[27.599444318000167,-32.211104648999935],[27.571824725000113,-32.19030815899998],[27.56325,-32.19440999799997],[27.557830003,-32.18672000099997],[27.552040000000147,-32.18572999699995],[27.56053000300011,-32.175370001999966],[27.56620999600017,-32.17591000099998],[27.560760002000052,-32.16298],[27.55344000300005,-32.159290000999874],[27.55567000100018,-32.15553000099993],[27.542929997000158,-32.1496999979999],[27.540319996000107,-32.141250002999925],[27.556020002000082,-32.12873],[27.565160000000162,-32.12957999799988],[27.574389997000083,-32.12514999799998],[27.56873000300004,-32.12237000399995],[27.570500011000092,-32.11689999899994],[27.566809998000053,-32.113570000999914],[27.571146001000102,-32.094993002999956],[27.562325003000126,-32.08441000099998],[27.55122299700014,-32.08587099899995],[27.544457696000165,-32.0911944479999],[27.547827831000063,-32.09823820599996],[27.543815361000043,-32.10752753599985],[27.52290100300013,-32.0924249979999],[27.512646999000083,-32.11012],[27.515640004000034,-32.087768],[27.524863004000167,-32.08196499899998],[27.523251003000098,-32.06823900299992],[27.539651003000074,-32.05526099699995],[27.533681,-32.052795997999965],[27.513907004000146,-32.05749299799993],[27.489318997999987,-32.04301199799994],[27.47538799600005,-32.030859],[27.459011999000154,-31.99567699599993],[27.435404,-31.995095998999886],[27.438681,-32.01279499099991],[27.422293606000096,-32.01475125399992],[27.404581004000022,-32.01490000599989],[27.400525988000084,-31.99883400099992],[27.374206003999973,-32.00844700299996],[27.375209772000062,-31.997421818999953],[27.364423999,-31.98524999899996],[27.35352000100005,-31.992529996999963],[27.340949998000156,-31.98893999699993],[27.333649996000076,-31.99721],[27.329879996999978,-31.97842],[27.32145643200016,-31.974934522999945],[27.326245098000072,-31.96718342799994],[27.323693126000137,-31.961847486999943],[27.329445473000078,-31.961978356999964],[27.3299927490001,-31.95641041899995],[27.339064444000087,-31.949682492999898],[27.327607339000053,-31.939010609999855],[27.32247960100017,-31.941568530999916],[27.292343727000173,-31.935042858999907],[27.2937297630001,-31.940819],[27.282605783000065,-31.94456070299998],[27.27220300300013,-31.93332800199994],[27.26734,-31.94399],[27.254769997000153,-31.939079998999887],[27.23694999800017,-31.947069995999925],[27.228500004000182,-31.961820004999822],[27.20804000200019,-31.96216999799998],[27.177590003000034,-31.934140002999982],[27.169909998000094,-31.944420002999948],[27.147777001000122,-31.92858500199992],[27.111769998000113,-31.936519996999948],[27.105959999000163,-31.915559996999946],[27.081210003000137,-31.9014900009999],[27.07941999899998,-31.89493000199991],[27.073129998000127,-31.89401999799992],[27.02570000100019,-31.858540002999916],[27.013649993000058,-31.86038999799996],[27.001008997000042,-31.87566799599989],[26.993296357000133,-31.895221955999887],[27.001240001000156,-31.902857998999934],[27.016054747000055,-31.904493664999848],[27.019630576000054,-31.914430336999885],[27.01488764200019,-31.91748526399988],[27.017838669000014,-31.922506342999952],[27.011796808999975,-31.93043699699996],[27.015652002000024,-31.943943001999912],[26.995818001000032,-31.95453799699993],[26.981527997000057,-31.928700000999925],[26.96469200300004,-31.92778099599991],[26.96648370100013,-31.92151381799988],[26.96302115100019,-31.919109268999875],[26.958660474000055,-31.919052760999932],[26.952559695000048,-31.926913439999907],[26.941396996000037,-31.901815002999967],[26.950702998000168,-31.882154002999926],[26.960661263000134,-31.881013139999936],[26.977180001000193,-31.845830001999957],[26.980839996000043,-31.82716000499994],[26.966449994000072,-31.792000000999906],[26.972114002000126,-31.787288996999962],[26.994363003000103,-31.78842599899997],[27.02628300100008,-31.81007799799994],[27.037418002000095,-31.78828399799994],[27.03387999600011,-31.777934001999938],[27.045779002000188,-31.763767000999906],[27.037636997000163,-31.749308000999918],[27.0412356060001,-31.73499487199996],[27.033459015000176,-31.726399690999983],[27.034141172000034,-31.71321131999997],[27.00394434900005,-31.713165842999956],[26.975612088000048,-31.69702145699995],[26.973029998000072,-31.692011998999817],[26.94227729000005,-31.69174237999988],[26.927173702,-31.67513157099995],[26.92296100300007,-31.65584699699997],[26.93827099900011,-31.591210002999958],[26.972685000000126,-31.590259990999925],[26.973422002000177,-31.597480995999945],[26.98803600200017,-31.6060470029999],[26.981746002000023,-31.615704002999962],[26.9857950010001,-31.61732200399996],[26.98577900300006,-31.626267000999974],[27.001053004000028,-31.624205001999883],[27.003329002000044,-31.631804000999978],[27.008783000000108,-31.63197799999989],[27.011402002000125,-31.64126000699997],[27.0228029970001,-31.64685800099994],[27.04385199900014,-31.61413000099992],[27.059503003000145,-31.615048],[27.061023000999967,-31.58661600199997],[27.05444800000015,-31.580996997999932],[27.081778002000135,-31.55345700199996],[27.108282382000027,-31.539259737999885],[27.103673913000023,-31.550038868999934],[27.138382942000135,-31.560220183999945],[27.143414004000192,-31.571437011999933],[27.155087998000113,-31.58035199799997],[27.15323699900017,-31.588597998999944],[27.16394600400008,-31.597929997999984],[27.15575973900019,-31.598240155999974],[27.151976567000133,-31.604866287999926],[27.16313411400006,-31.620222181999964],[27.157842763000076,-31.623569121999935],[27.17298368400003,-31.624971649999964],[27.18445891800002,-31.633004308999887],[27.189315002,-31.632743998999956],[27.19835083800018,-31.610860166999885],[27.207116768000162,-31.600196102999973],[27.23906802100015,-31.603695770999877],[27.25071548800014,-31.6408567389999],[27.271302000000105,-31.63620099799988],[27.278556,-31.62684199699993],[27.289168,-31.625359997999965],[27.302399998000112,-31.614617],[27.333339996000177,-31.617401996999945],[27.368804000000125,-31.612959995999915],[27.382434003000185,-31.605028997999966],[27.408135998000034,-31.603258997999887],[27.44268,-31.612276998999903],[27.4367400000001,-31.60744999099984],[27.42967979400015,-31.591259045999834],[27.436988958000086,-31.588732595999943],[27.44099240100013,-31.591231029999904],[27.438702170000056,-31.59480617099996],[27.448945749000018,-31.59324167499983],[27.45248519800009,-31.59696553099991],[27.45224450700016,-31.592638055999885],[27.461811646000115,-31.582275701999947],[27.474689748000173,-31.588583198999856],[27.482256434000078,-31.58604907299997],[27.481266574000074,-31.571783993999873],[27.487929064000127,-31.56637666799992],[27.483486623000147,-31.55043819599996],[27.489035859000126,-31.53884470899993],[27.48506587300011,-31.531062370999962],[27.487518304000048,-31.52165556899996],[27.480915300000106,-31.511120504999838],[27.470415928000023,-31.509799903999976],[27.46676940400016,-31.505076673999895],[27.461415617000114,-31.506135533999952],[27.453494204000037,-31.520332010999937],[27.441930000000184,-31.52962],[27.431460000000186,-31.51533],[27.4364,-31.49646],[27.4544,-31.49891],[27.46295000000015,-31.49002],[27.47268000000014,-31.48821],[27.47543000000013,-31.48038],[27.48424,-31.47868],[27.489810000000148,-31.48694],[27.496440000000177,-31.47839],[27.51227,-31.4774],[27.51635000000016,-31.46518],[27.524412997000184,-31.459802001999947],[27.56913000300011,-31.452449998999953],[27.58971898400017,-31.489319672999898],[27.595928477000143,-31.490917700999887],[27.611891578000154,-31.485608427999978],[27.63333623400007,-31.495462565999958],[27.644448358000034,-31.49443440499988],[27.65369800400009,-31.502581998999972],[27.668808036000144,-31.506139700999938],[27.670429377000062,-31.497677087999875],[27.67930799600009,-31.49061299699997],[27.68874300100009,-31.489973000999953],[27.704501001000096,-31.511094998999965],[27.70122700100012,-31.517086002999974],[27.708131001000083,-31.52915399699998],[27.71554799800009,-31.535117000999946],[27.71929800100014,-31.545620990999964],[27.71596599900016,-31.554517002999944],[27.73383799900006,-31.56429699699993],[27.74692000100015,-31.556189996999876],[27.835090003,-31.536569995999912],[27.845950002,-31.54063999699997],[27.86050999800017,-31.53443999599989],[27.873860003000118,-31.537849996999967],[27.89390000100019,-31.550919996999937],[27.913109997000163,-31.53185999799996],[27.930839996000145,-31.528479999999888],[27.93626000200004,-31.53597999799996],[27.971819990000142,-31.537730001999876],[27.987289997000175,-31.532900001999963],[27.993129998000086,-31.525360002999946],[28.048439997000116,-31.50576999599997],[28.054570002000105,-31.46396999899997],[28.07526000300004,-31.466780002999883],[28.094575,-31.478041996999934],[28.103279003000182,-31.461178003999976],[28.102310997000018,-31.47755600299996],[28.111880492000182,-31.48097183899995],[28.117923009000037,-31.48921404399988],[28.130310990000112,-31.491935998999963],[28.138547000000187,-31.509185000999935],[28.136140000000125,-31.51453799899997],[28.12337200000013,-31.50933000099991],[28.105676999000025,-31.50946099899994],[28.08905600200012,-31.521637999999882],[28.086075881,-31.527767334999965],[28.102831238000192,-31.53925918699997],[28.10448692900013,-31.551241917999903],[28.125021998000193,-31.542923000999963],[28.136919001000024,-31.55113599899994],[28.14706,-31.55231900299998],[28.14169471600019,-31.543628653999974],[28.155502997000042,-31.545137997999973],[28.162724,-31.547279000999936],[28.162224146000085,-31.55664868399998],[28.166175001000056,-31.55295399599993],[28.167062000000158,-31.55740599899997],[28.177712,-31.561680996999883],[28.1878650000001,-31.556401001999916],[28.190273,-31.54510599799994],[28.194099,-31.545201001999942],[28.197220000000186,-31.56406199799983],[28.206124989000045,-31.57325299799993],[28.209775999000158,-31.56854699799993],[28.2035350000001,-31.561779995999927],[28.20496400100012,-31.553659997999887],[28.20203100100008,-31.554636996999932],[28.19917399800005,-31.548698002999856],[28.203159002000064,-31.542381989999967],[28.20248199700012,-31.501480002999926],[28.209551004000105,-31.491631001999906],[28.20714399899998,-31.48779600299997],[28.210302002000105,-31.47734500399997],[28.217972001000078,-31.466067002999978],[28.216694003000043,-31.45103000699993],[28.24912494900002,-31.425508981999883],[28.25665641300003,-31.429081147999966],[28.275557,-31.421387997999886],[28.282664739000097,-31.422601760999953],[28.29253161800017,-31.41413130099994],[28.322199997000098,-31.428469999999834],[28.33122,-31.44748],[28.3370200010001,-31.447659998999825],[28.352880002000063,-31.461399990999894],[28.365594998000176,-31.46390000299988],[28.382319999000117,-31.48055000499994],[28.39861000200017,-31.467869998999902],[28.40730999900012,-31.427719998999862],[28.42551999900013,-31.421209998999984],[28.42906,-31.402819998999917],[28.444880000000126,-31.396870000999968],[28.443980002000103,-31.386469997999825],[28.462540004000118,-31.38743999899998],[28.465099998000028,-31.381130009999936],[28.48392,-31.374270008999872],[28.490590004000182,-31.366789998999877],[28.499089997000112,-31.34848000099987],[28.49925999800007,-31.33262999899989],[28.495059997000112,-31.326320001999875],[28.47040000100003,-31.323580000999925],[28.459720001000107,-31.316679997999927],[28.451929999000185,-31.30349000399991],[28.46597,-31.29876000099995],[28.465269999000157,-31.280429998999978],[28.47412000900016,-31.269740000999946],[28.48059000100011,-31.271240001999956],[28.479772,-31.266983002999893],[28.445925997000074,-31.247955001999912],[28.438519996000082,-31.234113001999845],[28.430916003,-31.239792002999877],[28.426323997000054,-31.2384979979999],[28.438307999000017,-31.22326900099995],[28.431044998000118,-31.214207001999853],[28.43902600200005,-31.2094640009999],[28.438404,-31.194987],[28.45882499800007,-31.186361002999888],[28.457615998,-31.181396996999922],[28.47994599900011,-31.16079299899991],[28.49992200200012,-31.158798999999874],[28.5052020010001,-31.169388002999938],[28.52992850000004,-31.16165314699998],[28.536269621000088,-31.166575428999977],[28.54454254600006,-31.16687011099998],[28.55295699100003,-31.163551998999935],[28.557793997000033,-31.154155997999965],[28.566404003000116,-31.15296299599993],[28.571981003000076,-31.159046002999958],[28.565099002000068,-31.16311599599993],[28.593307002000017,-31.161102000999904],[28.60319000300018,-31.170575003999886],[28.58619800300005,-31.17563699699997],[28.591903001000105,-31.19327599899998],[28.583961998000063,-31.19790799799995],[28.584770998000067,-31.201485996999963],[28.597685001000173,-31.196059000999924],[28.62056000300015,-31.199076996999963],[28.628770001000134,-31.19657600299996],[28.62930300100004,-31.21174801099994],[28.637032998000052,-31.212579002999973],[28.646660003000136,-31.20903999899997],[28.655189999000186,-31.201320000999942],[28.653490002000126,-31.194530002999954],[28.670799997000188,-31.184509995999917],[28.67874000300003,-31.19972000199988],[28.691979997000033,-31.198059997999906],[28.6934799980001,-31.19153999899993],[28.68226999799998,-31.17926],[28.687229998000078,-31.164959997999915],[28.67761999700008,-31.16335],[28.67652000400011,-31.16836999799989],[28.667100001000108,-31.16959000199995],[28.670898000000193,-31.155258001999982],[28.685905002000027,-31.151204006999933],[28.691774000000123,-31.141896992999932],[28.70865898800014,-31.142780998999967],[28.72442447700007,-31.12137686999995],[28.721839998,-31.108425997999973],[28.73602400400017,-31.106984995999937],[28.739342001000182,-31.09142499799998],[28.730885001000104,-31.06502500399995],[28.721849996000174,-31.052341996999928],[28.69960100300017,-31.038101001999962],[28.704116997000085,-31.027402002999963],[28.711453001999985,-31.0244309979999],[28.737811,-31.03820499799997],[28.74656999700011,-31.037891997999964],[28.754564998000035,-31.026813002999972],[28.75995474000007,-31.025846600999955],[28.755700227000034,-31.023316454999872],[28.76145348900019,-31.02030284199992],[28.759664988999987,-31.01179000299993],[28.77906899600015,-31.008852997999895],[28.77875799900005,-31.004059000999973],[28.770833999000104,-30.999363996999932],[28.783956999000168,-30.997515],[28.78879399699997,-30.999638998999956],[28.789772998000103,-31.008945997999945],[28.805874998000093,-31.0140530029999],[28.81035300300016,-31.02280899999988],[28.81846600300014,-31.02675200099992],[28.819579003000058,-31.014810000999944],[28.81370257300017,-30.99971698199994],[28.819508999000107,-30.974714995999875],[28.84017199800013,-30.97651100199988],[28.841534003000106,-30.988212995999845],[28.847779997000146,-30.9863160029999],[28.85872800100003,-30.992482003999896],[28.85802400200015,-30.995313001999932],[28.868609996000146,-30.989630002999945],[28.86955000300003,-30.99863000299996],[28.874369996000098,-31.00307000099997],[28.870199997000157,-31.012619996999945],[28.88791999800003,-31.03684],[28.872180000000128,-31.033680002999915],[28.87542999700014,-31.049269995999964],[28.861090002000026,-31.04150000699991],[28.851369997000177,-31.05328999799991],[28.86944999700006,-31.053140000999974],[28.888920002000134,-31.06352999799998],[28.900230000000136,-31.07697000299993],[28.910280001000103,-31.07641999899994],[28.919619995000176,-31.065749996999955],[28.908330001000024,-31.057610001999876],[28.923509997000167,-31.053180001999976],[28.931349997000098,-31.06454999799996],[28.930149998000047,-31.07282],[28.934449998000048,-31.072000003999904],[28.941780002000087,-31.060249997999904],[28.93278000300012,-31.053270001999977],[28.9463900020001,-31.04329000399997],[28.95115999700016,-31.05461],[28.95951000100007,-31.059180006999952],[28.95335000100016,-31.072699997999905],[28.95786000300012,-31.07175000199993],[28.96330999500003,-31.061939996999968],[28.977959998000074,-31.05962],[28.982600001000037,-31.054009995999934],[28.977639992000093,-31.04128999699992],[28.984050003000107,-31.037429997999936],[28.97893999700011,-31.025019997999948],[28.983220001000177,-31.022759997999913],[28.995689997000056,-31.02729000399995],[29.00294999900018,-31.01845999899996],[29.01441000200009,-31.019979987999932],[29.01325000300011,-31.006200003999936],[29.017669997000098,-31.00228999799998],[29.03184999700005,-31.009140000999935],[29.04190000000017,-31.00932999899993],[29.045330003000174,-31.02036999799998],[29.05669000100005,-31.026439997999944],[29.054475,-31.031585],[29.064790002000166,-31.03759],[29.061700821000045,-31.043079375999923],[29.06912040700007,-31.05270004299996],[29.094459998000104,-31.066979998999955],[29.103429794000135,-31.080219268999883],[29.121560000999978,-31.082910002999938],[29.132309996000117,-31.091439998999874],[29.1353,-31.12028],[29.14239999900019,-31.13897000199995],[29.135060004000138,-31.15259999699998],[29.148840004000192,-31.15511],[29.16937000100006,-31.167630003999932],[29.199929996000037,-31.16590000399998],[29.20740000000012,-31.17216999999988],[29.20394,-31.18422],[29.1883,-31.190370001999952],[29.187589992000085,-31.20341999799996],[29.199630002000106,-31.18909999899995],[29.20442000200012,-31.188640001999886],[29.195139997000126,-31.20536999799998],[29.193759998000075,-31.216420002999882],[29.179730003000145,-31.207809997999902],[29.176380000000165,-31.227290000999915],[29.169169998000086,-31.227730000999884],[29.172849989000042,-31.23469999899993],[29.169940003000136,-31.25880000799998],[29.181129998000074,-31.259069998999962],[29.190110001000107,-31.26394],[29.19056000000012,-31.275339997999936],[29.19850999700003,-31.281849997999984],[29.20434,-31.295740002999935],[29.22685,-31.299060010999938],[29.226930002000074,-31.318639995999945],[29.197049996000146,-31.33377000099989],[29.195860003000178,-31.340129996999963],[29.20455000200019,-31.34973000699989],[29.221790002000034,-31.347789997999882],[29.230829994000032,-31.35066],[29.2314900020001,-31.36373],[29.21107999900005,-31.364799998999956],[29.20423000400018,-31.371059996999975],[29.21289000000013,-31.37641999699997],[29.232449997,-31.373600001999876],[29.239799998000024,-31.376480001999937],[29.241020002000084,-31.381800001999977],[29.2288,-31.39670999799995],[29.241280002999986,-31.41004999699993],[29.24657,-31.410110001999954],[29.253170000000125,-31.40064],[29.27116999100008,-31.395260002999976],[29.264579996000066,-31.38716999199994],[29.28322999700015,-31.378760005999936],[29.29107999600012,-31.370339998999953],[29.28517999700017,-31.365800001999958],[29.2957500010001,-31.356069998999942],[29.301680002000182,-31.33665999899995],[29.315420002000167,-31.33178],[29.34420999600019,-31.303529995999952],[29.35353000100008,-31.30223999699996],[29.362480002000154,-31.29425],[29.371410005000143,-31.298270001999924],[29.372220003000052,-31.308380000999932],[29.368039998000143,-31.313009996999938],[29.377800004000107,-31.32292],[29.36186863200004,-31.32835384999987],[29.365565733000096,-31.3357921839999],[29.36263899900007,-31.34551000099998],[29.357750000000124,-31.348442002999946],[29.336128074999976,-31.349096216999953],[29.32678699700017,-31.34545100199989],[29.31835799600009,-31.3724699899999],[29.345926,-31.371436001999882],[29.344604002999972,-31.37684699899995],[29.355570999000065,-31.38690300099995],[29.378613999000095,-31.389663995999967],[29.37208833400007,-31.394753665999872],[29.38505178200012,-31.401647597999897],[29.38746376199998,-31.414470784999878],[29.412060552000128,-31.42290909999997],[29.415794996000045,-31.43410199399989],[29.420704998000076,-31.43471198799989],[29.42174669600007,-31.422762064999972],[29.429645000000107,-31.42428199899996],[29.434850000000154,-31.430594995999968],[29.449445001000072,-31.428823997999984],[29.455726001000187,-31.424133],[29.45401400300011,-31.415806],[29.457428998000182,-31.413515],[29.469708,-31.42062699899998],[29.466004823000162,-31.411986180999918],[29.472053578000157,-31.408473086999948],[29.47211000100009,-31.414500998999983],[29.48865999700007,-31.413540996999984],[29.494202,-31.416578],[29.49794199700017,-31.435185996999962],[29.50388000100014,-31.43796200099996],[29.510498003000066,-31.43386000299995],[29.5136479950001,-31.446515001999956],[29.528589996000107,-31.439410000999942],[29.53236100100014,-31.430993000999933],[29.540754996000032,-31.43910500399994],[29.536502003000123,-31.446612],[29.52680099700018,-31.44721801199995],[29.529002892,-31.45829678399997],[29.524798884000177,-31.460440660999836],[29.5265600030001,-31.467637],[29.52164100000016,-31.470378995999965],[29.522592321000104,-31.47800587399996],[29.533806,-31.490335002999984],[29.549220997000134,-31.483249997999962],[29.55152600100007,-31.487044996999828],[29.563914001000114,-31.485608000999946],[29.570620697000095,-31.47190833499991],[29.563576999000134,-31.465811],[29.565485993000152,-31.459244001999934],[29.570743003000075,-31.458066001999896],[29.579458001000148,-31.44283099699993],[29.590120000000127,-31.442919998999855],[29.594349996000176,-31.435110000999885],[29.59411999800011,-31.439269993999915],[29.59885,-31.44145],[29.599399996000045,-31.458429998999918],[29.592510000000175,-31.458219996999958],[29.59526999800005,-31.46359000299998],[29.591849999000146,-31.468359997999983],[29.60101000200018,-31.466109995999943],[29.6062999990001,-31.472180003999938],[29.608479997000188,-31.46467999899994],[29.61542999800014,-31.464469995999877],[29.6113,-31.47109000099988],[29.61555999900014,-31.478970002999972],[29.62570999800016,-31.476580001999935],[29.629140003000032,-31.48767],[29.645010002000106,-31.486190002999933],[29.640660003000164,-31.492029996999975],[29.648380002000067,-31.497060000999966],[29.643230002999985,-31.499880003999976],[29.652720002000137,-31.50078999899995],[29.655349999000066,-31.497079996999958],[29.658639997000137,-31.50611000699996],[29.67039000400007,-31.506919996999898],[29.68921999600019,-31.520840002999876],[29.690979999000092,-31.52819999499991],[29.68578000100007,-31.52777999899996],[29.68464999700018,-31.535219998999878],[29.67306000200017,-31.54687],[29.665480002000038,-31.551879991999954],[29.662160002000178,-31.54832000199991],[29.636540003000164,-31.563830001999975],[29.62577000300007,-31.58493999899997],[29.60756000300006,-31.59313999899996],[29.609329996000042,-31.595070001999943],[29.597139996000067,-31.603840002999902],[29.54910299800008,-31.628037998999957],[29.55356,-31.63575999999989],[29.54481000400017,-31.6425700019999],[29.52728000100018,-31.650290000999973],[29.519639995999967,-31.6486199979999],[29.514219999000147,-31.65574999899991],[29.50619,-31.65575999699996],[29.502089997000155,-31.66456999899998],[29.496200004000173,-31.66522000099991],[29.492909998000073,-31.670829995999952],[29.473119995,-31.67759999799989],[29.459310000000187,-31.676269997999896],[29.42226000100004,-31.6916899979999],[29.42457000000013,-31.696050002999982],[29.42065000400015,-31.695949996999957],[29.41238999900014,-31.70675999799988],[29.4115099980001,-31.714069997999957],[29.40350000400008,-31.719090003999895],[29.406660001000148,-31.72658000299998],[29.403009996000037,-31.734019995999972],[29.3567200010001,-31.758519996999894],[29.35646000000014,-31.783800008999947],[29.34497000300007,-31.794229997999935],[29.34767000300019,-31.803719996999916],[29.320399999000188,-31.81048],[29.301129998000135,-31.82631999599988],[29.272849999000186,-31.85878],[29.262629995999987,-31.863839998999936],[29.261760001000084,-31.88124000099998],[29.242400001000135,-31.89424999599987],[29.244910003000143,-31.89919999899996],[29.241749998000103,-31.90419000199995],[29.234150002000092,-31.908130002999883],[29.224380006000104,-31.925670003999983],[29.21449999800012,-31.931109997999954],[29.21679999800017,-31.93951999899997],[29.21298000000013,-31.945029996999892],[29.181799996999985,-31.95186000399997],[29.178190001000075,-31.959499999999878],[29.167900003000113,-31.965920000999972],[29.16715000200014,-31.971839995999915],[29.15325,-31.980349995999916],[29.15042999700006,-31.984639997999977],[29.153240002000132,-31.98719000099993],[29.13582001000009,-31.99591000299995],[29.137139996000087,-32.003199998999946],[29.131960003000017,-32.00532],[29.13016999900009,-32.0191],[29.12272000000013,-32.024469998999905],[29.124120003000087,-32.02767999499997],[29.111299997000174,-32.032589996999945],[29.115480003000187,-32.036709996999946],[29.106660003000115,-32.04044000299996],[29.09954000000016,-32.05508999899996],[29.08753999900017,-32.063989999999876],[29.088860001000114,-32.08028000299993],[29.077849996000168,-32.07798000199995],[29.06640999800004,-32.08866000199998],[29.070150002000048,-32.094219997999915],[29.067569996000145,-32.0982],[29.063569998000105,-32.09664999899991],[29.06125999200009,-32.10196999899989],[29.045539990000066,-32.106279996999945],[29.039429997000184,-32.114419998999836],[29.031330003,-32.11247999699998],[29.03108,-32.11889],[29.021000003999973,-32.12082000399994],[29.00777999900015,-32.13826999699984],[29.01127000100007,-32.140429998999934],[29.0080200110001,-32.147060001999876],[28.993150000000128,-32.15683999699996],[28.99657999699997,-32.1617300019999],[28.97410999700014,-32.17592],[28.975699998000152,-32.180420003999984],[28.962139999000044,-32.18621999699991],[28.96027999800009,-32.1932],[28.950190004000092,-32.199019997999926],[28.94623998900005,-32.20441000099993],[28.94993000300019,-32.210769995999954],[28.94334000100008,-32.21399999699992],[28.94303999900012,-32.21872000099995],[28.926020000000108,-32.226780001999884],[28.920520008000153,-32.2408200029999],[28.908129997,-32.245970000999876],[28.897809997000024,-32.2451600039999],[28.896990001000063,-32.25711999599997],[28.88253000300017,-32.273109989999966],[28.88485,-32.28041],[28.87414999600003,-32.28310000199991],[28.868720000000167,-32.28912000299994],[28.86509,-32.28757000299993],[28.855410003000145,-32.29841999599995],[28.831739997000113,-32.30548000099998],[28.82374000100009,-32.31794],[28.8158600000001,-32.32033],[28.81562000300005,-32.32916998899998],[28.784889999000086,-32.3427099999999],[28.772569998999984,-32.36059000399996],[28.75117999700018,-32.374269997999875],[28.751230004000092,-32.38277999799993],[28.74443,-32.39644000399994],[28.725230002000046,-32.401100001999964],[28.70982,-32.41567000399988],[28.704990000000123,-32.42628999899989],[28.69231000100018,-32.42982000899997],[28.69394999300016,-32.43222],[28.68495000200005,-32.43643999799997],[28.68558999900017,-32.44139],[28.659350000000188,-32.458019997999884],[28.653919996000184,-32.466799996999896],[28.657239997000147,-32.474059997999916],[28.650799999000014,-32.48323999699994],[28.637060000000133,-32.48347000299992],[28.606300001000136,-32.499610000999894],[28.60089000200003,-32.51623000099988],[28.582450003000133,-32.52306999799998],[28.571860003000154,-32.54185999799989],[28.55544,-32.55202000299988],[28.5515899990001,-32.572619995999844],[28.52328100300008,-32.58399399699988],[28.528813000000127,-32.57269699799997],[28.524367001000087,-32.564954999999884],[28.52726500200015,-32.56078999599998],[28.51938400400013,-32.554600001999916],[28.51340900600013,-32.55933499899993],[28.508267003000014,-32.549271998999984],[28.524014,-32.544093002999944],[28.51683799799997,-32.53733900799995],[28.511383002000173,-32.54110999699992],[28.504480000000115,-32.53259999799997],[28.511470002000124,-32.52282199799998],[28.502753998000117,-32.52519099699998],[28.488811002000034,-32.51493599599996],[28.48873700100006,-32.50229599799991],[28.481009,-32.49898799899995],[28.477825998000128,-32.49175100199989],[28.47393300400006,-32.495667997999874],[28.472786003000124,-32.491553997999915],[28.465179002000127,-32.491572007999935],[28.469832002000032,-32.48818999899993],[28.46921999800003,-32.4822210019999],[28.45898500100003,-32.48338000399997],[28.463766000000135,-32.479630997999834],[28.462686003000044,-32.473086],[28.47179800100008,-32.47577300199998],[28.47549000200013,-32.47296400199991],[28.477595990999987,-32.46252600199995],[28.500678003000075,-32.460412998999914],[28.49217714200006,-32.44786776399985],[28.48355193600014,-32.45153347699994],[28.474330003000148,-32.44874099899988],[28.475105003000124,-32.44153699699996],[28.465380003000178,-32.432349992999946],[28.467998997000166,-32.42629699699995],[28.451492999000095,-32.423923999999886],[28.444297,-32.426550996999936],[28.443326002000163,-32.42283200199995],[28.448643999000126,-32.41792500099996],[28.445446002999972,-32.41551000099997],[28.43661899799997,-32.42761300099994],[28.426387002000183,-32.42550800099997],[28.413637997000023,-32.430425],[28.39036499800011,-32.41756800199988],[28.37957299900006,-32.419329998999956],[28.374197,-32.4428900019999],[28.358241997000107,-32.45764300299987],[28.35019699700007,-32.460474998999985],[28.344808000000114,-32.45702199699991],[28.341996000000165,-32.45122199699989],[28.34757600100005,-32.44551800399995]]]},"properties":{"area_code_id":"047","area_codes":["047"],"area_code_label":"047","prefix_1":"4","ward_count":219}},{"type":"Feature","geometry":{"type":"Polygon","coordinates":[[[26.205249996000077,-32.74936000799994],[26.208119998000086,-32.76957999699982],[26.24041000000011,-32.79296],[26.247329999000044,-32.81023000199997],[26.245739998000033,-32.81524000199988],[26.188990004000175,-32.812230000999875],[26.16564000300002,-32.84440000099994],[26.16852000300014,-32.855610001999935],[26.175850008000054,-32.854990001999965],[26.180429997000033,-32.84463],[26.186650002000192,-32.858289997999975],[26.183230004000166,-32.86932000599984],[26.193260001000056,-32.86651000199993],[26.199219997000057,-32.850189995999926],[26.210320001000127,-32.86328999899996],[26.22574999900013,-32.85766999799995],[26.2194000020001,-32.87816000199996],[26.23614000300006,-32.87120001099987],[26.242649996000182,-32.88162000199998],[26.260790001000146,-32.89084000099996],[26.262889998000105,-32.87968],[26.26894000200008,-32.8776],[26.27475000100003,-32.88064000299994],[26.28508,-32.89918999799994],[26.274939998000036,-32.93697999899996],[26.24990999700003,-32.94383000199997],[26.13566999,-32.96016999699998],[26.134010001999968,-32.9659500009999],[26.096130001000063,-32.983090002999916],[26.093500003000088,-32.99375999599994],[26.0243400010001,-33.05273000599993],[26.03532000300015,-33.058690001999935],[26.02152999700013,-33.08192999799991],[26.014810002000047,-33.07594999799994],[26.005630003000135,-33.09045000399993],[25.996761002000028,-33.091472995999936],[25.99210500099997,-33.08693699699995],[25.995291002999977,-33.06845399699995],[25.985818001000098,-33.060234998999874],[25.974991004000174,-33.06064099899987],[25.97149299900019,-33.048426],[25.952835003000075,-33.06920399799998],[25.936873009000124,-33.06553399699993],[25.936486000000173,-33.059651998999925],[25.947125999000036,-33.041997995999964],[25.943669000000114,-33.03629700399995],[25.92445899600017,-33.03703900099998],[25.92600799900015,-33.0474129989999],[25.917262998000183,-33.05313299799997],[25.91558599700005,-33.062519997999914],[25.906638008000186,-33.060302998999816],[25.90166899899998,-33.05033399699994],[25.909707997999988,-33.036488995999946],[25.893375999000057,-33.028764002999935],[25.89509600100007,-33.014647],[25.89193300300019,-33.008131006999974],[25.8759599980001,-33.00837299899996],[25.87649100300007,-32.983629003999965],[25.860984003999988,-32.967782000999875],[25.852873996000085,-32.9662850009999],[25.839336003000028,-32.99683799699994],[25.826568008000095,-32.99187399899995],[25.81491100100004,-32.954523989999984],[25.828425997000068,-32.942563],[25.825101999000026,-32.92424000299991],[25.833970003000104,-32.898485997999956],[25.82333400100009,-32.894919992999974],[25.80694100000011,-32.89922099799992],[25.79827099700009,-32.89594200299996],[25.799429998000164,-32.879882995999935],[25.822432998000068,-32.86770498999988],[25.818652003000125,-32.840209000999835],[25.803266003000033,-32.84892499699998],[25.7982579990001,-32.84631900099998],[25.812084998000103,-32.834359997999854],[25.823055001000114,-32.81573499699988],[25.82676399800016,-32.78341299699997],[25.84421900300009,-32.776325],[25.844530998000096,-32.772551002999876],[25.823519004000048,-32.763402003999886],[25.810534998000094,-32.77962300099989],[25.805332998000097,-32.780081002999964],[25.809216001000095,-32.75194899899992],[25.807299617000183,-32.74830685099994],[25.797395983000172,-32.74894533099996],[25.798632065000163,-32.74360180999986],[25.793007655000167,-32.74172877799998],[25.79697199700007,-32.73700500199993],[25.807055002000084,-32.73995700099982],[25.803971,-32.726254998999934],[25.777961000000175,-32.71472500099998],[25.749338996000063,-32.71872499899996],[25.73140200299997,-32.73598399699989],[25.711620004000054,-32.73421800199998],[25.713997995000057,-32.70841099799998],[25.739339002000065,-32.69648799799995],[25.721860003000074,-32.6646790019999],[25.698635,-32.6372009989999],[25.70691999600018,-32.623546003999934],[25.68914100300003,-32.6086049999999],[25.674321997000163,-32.61255499099997],[25.649364999,-32.607703996999874],[25.630953,-32.59276098999993],[25.61133100300009,-32.593464],[25.58584,-32.5739219969999],[25.581494996000117,-32.56494399699994],[25.591879,-32.55619900299996],[25.633318009000106,-32.55359800299988],[25.642064997000148,-32.51991900099995],[25.659222992000082,-32.520219002999966],[25.644929996000144,-32.47968999799991],[25.62172000200019,-32.45678999599983],[25.604650004000177,-32.45184000199998],[25.591969989000063,-32.45861000399998],[25.574369999000055,-32.457799997999984],[25.54808000900016,-32.41043999599998],[25.534059996,-32.394469998999966],[25.512710003,-32.39839000399991],[25.4946,-32.412710001999926],[25.428675002000034,-32.41870999899987],[25.4202700030001,-32.42341999699994],[25.398729996000043,-32.413030000999925],[25.417429996000067,-32.3745100029999],[25.407709999000076,-32.374009996999916],[25.382919995000123,-32.3467],[25.36024000100008,-32.340779995999924],[25.35832000400012,-32.32352999899996],[25.36339999900008,-32.30667000299991],[25.30955000100016,-32.313329991999865],[25.27862999900009,-32.34555999799994],[25.23276999900014,-32.33857000299986],[25.21447999700007,-32.346789998999895],[25.21352000200011,-32.33668000099988],[25.186050001000183,-32.32378000199992],[25.16756000300012,-32.32870999999983],[25.128310002000035,-32.291099997999936],[25.078079998000078,-32.27349000099997],[25.055050004000066,-32.28005000099995],[25.045980001000032,-32.266610002999926],[25.02410999800003,-32.26426000299995],[25.0185000030001,-32.254619999999875],[25.00331499600003,-32.25036000099993],[24.98024999600011,-32.25886000199995],[24.949610000000177,-32.241180001999965],[24.922419997000134,-32.2397700009999],[24.904019999000013,-32.221940003999975],[24.915539999000032,-32.17211999799997],[24.924579999000116,-32.16753000299991],[24.938290004000066,-32.173589996999965],[24.937630003000038,-32.15796000299997],[24.95399000100008,-32.14025000799995],[24.951070000000186,-32.1227],[24.96711999900009,-32.10750999899989],[24.9549399980001,-32.069740001999946],[24.94788,-32.07181000399987],[24.938049999000157,-32.0532600009999],[24.950689997000097,-32.00726999999989],[24.943700003000117,-31.97994999599996],[24.934429997000166,-31.97132000199997],[24.924628190000135,-31.950501580999912],[24.931161050000128,-31.95248874999993],[24.936554931000103,-31.94248330699986],[24.970482853000135,-31.94211273499991],[24.994096522,-31.953374005999876],[25.034509453999988,-31.958706124999935],[25.073048938000056,-31.971861428999944],[25.131753657000104,-31.99927144199995],[25.1348140020001,-31.99220699899996],[25.112090998999975,-31.973127010999917],[25.130951002000018,-31.946892996999964],[25.13062500400008,-31.939590999999893],[25.158015003000116,-31.918547998999884],[25.159582996000097,-31.909033997999984],[25.183718002999967,-31.8810149979999],[25.18658900200012,-31.871912000999828],[25.214754999000093,-31.87840999999986],[25.22172399900012,-31.859415001999935],[25.241338001000088,-31.86491700299996],[25.308664997000108,-31.866800997999974],[25.329409999000063,-31.881569997999918],[25.334100001000138,-31.865838991999965],[25.379244998000047,-31.864748996999936],[25.439424000000145,-31.85523300099993],[25.439835003000155,-31.814823000999922],[25.424993,-31.799961997999958],[25.444061002000126,-31.788964002999876],[25.42559301099999,-31.766393997999955],[25.441609999000093,-31.75815],[25.42716999800001,-31.74109999799998],[25.404569998000056,-31.73093000199998],[25.38101000299997,-31.72704999899986],[25.36037000200008,-31.71446],[25.3718900020001,-31.701139995999938],[25.391989997000053,-31.690740001999984],[25.39951,-31.67669000199993],[25.41488000100003,-31.67424999499991],[25.45449000100018,-31.684599997999896],[25.47947000400012,-31.668969995999873],[25.49655999800018,-31.64298],[25.528329999000107,-31.613749997999832],[25.507390003000182,-31.575989998999887],[25.50582000600002,-31.548869998999976],[25.534480000000144,-31.53455],[25.547950000000128,-31.554340002999936],[25.617359997000108,-31.5772600009999],[25.616900000000157,-31.580140000999904],[25.642259998000043,-31.576479997999854],[25.61548000099998,-31.543389995999974],[25.56411000300011,-31.52684],[25.56691000100011,-31.518540002999885],[25.586570004000123,-31.51142],[25.578539998000053,-31.49116000199996],[25.61703000100016,-31.47393000099993],[25.63470000300009,-31.480019996999886],[25.63271999200009,-31.474079996999933],[25.648350002000143,-31.464930000999914],[25.651320002000034,-31.448790002999885],[25.665670003000116,-31.46099999899991],[25.69165999900008,-31.458140002999983],[25.706090002000053,-31.475119993999897],[25.723420001000193,-31.4731300009999],[25.733170001000076,-31.45508000399991],[25.76925999700012,-31.444140002999973],[25.81390000199997,-31.46223000099991],[25.81244000200013,-31.467069998999875],[25.815209998,-31.46275001099997],[25.82303000200011,-31.465879997999934],[25.856570002000183,-31.453659995999942],[25.920510003000174,-31.472180003999938],[25.923080003000166,-31.46749000299991],[25.96597000300011,-31.47678999599998],[25.991349997000043,-31.435420000999954],[25.987740001000134,-31.42369999699997],[26.001499989000024,-31.410449996999944],[26.005529997,-31.38194],[25.999229999000136,-31.33487000199989],[26.014190002000078,-31.326710002999903],[26.04544,-31.33527000199996],[26.131840002000047,-31.419229995999956],[26.11506999700009,-31.414140002999943],[26.118389998000055,-31.429870002999962],[26.1332450000001,-31.455540000999974],[26.127670010000145,-31.47102500099993],[26.104060001,-31.48311999699996],[26.10504999800014,-31.504705],[26.08793000100019,-31.51552000399994],[26.085949998000046,-31.520829996999908],[26.08941000600015,-31.52456499899995],[26.072829999000078,-31.53534999999988],[26.074609998000028,-31.57367000199997],[26.08260000300004,-31.59835000199996],[26.089319998000178,-31.605220001999953],[26.10959000200006,-31.59392000199989],[26.120040004000145,-31.60114000199991],[26.120389997000075,-31.59588],[26.14674999800019,-31.59114],[26.15864000300013,-31.59431000299992],[26.17656,-31.588795002999973],[26.175999997000133,-31.582580000999883],[26.20492000800016,-31.58357999599997],[26.2293899980001,-31.58758000199998],[26.260899997000024,-31.613609998999948],[26.30126999700019,-31.608350003999874],[26.30528999900008,-31.65871999899997],[26.3192,-31.66171000299994],[26.320330004000084,-31.679620000999876],[26.33267,-31.688484996999932],[26.32218500100015,-31.68804999199989],[26.329759997000053,-31.709909996999954],[26.321999998000024,-31.73024999699993],[26.33196,-31.75244999699993],[26.332170002000055,-31.771030001999975],[26.325391814,-31.780119163999927],[26.309133673000133,-31.781983153999875],[26.302713261,-31.788300011999922],[26.301988376,-31.80383326699996],[26.25538063400012,-31.86856245299998],[26.221031706000076,-31.85099467999993],[26.199006439000186,-31.875642002999882],[26.171212650000086,-31.871971124999902],[26.14726000000013,-31.86006],[26.14067,-31.87655],[26.140710000000126,-31.90568],[26.1349,-31.91404],[26.145778711000048,-31.96610291999997],[26.18379851700007,-31.961121013999957],[26.213427745000047,-32.00438493099995],[26.255752563999977,-32.052060412999936],[26.273593002000155,-32.11304800399989],[26.268479997000156,-32.11645200399994],[26.26609400200016,-32.135851],[26.273250997,-32.14436199699992],[26.31242200300005,-32.13620300299988],[26.317811000000177,-32.129284991999896],[26.349357002000147,-32.13085999899994],[26.361368,-32.122818],[26.350179001000186,-32.11629500099997],[26.339812999000117,-32.10282199999989],[26.364477001000182,-32.08876399799988],[26.38001899800014,-32.07262000199995],[26.385952997,-32.072943],[26.373067002000084,-32.11068199699997],[26.398643002000085,-32.12954399499995],[26.41837099700018,-32.132251001999975],[26.428528003,-32.13891199699992],[26.43438700300004,-32.166504001999954],[26.439689999000052,-32.16082999599996],[26.43747999800007,-32.15814000199998],[26.450490001000105,-32.15612998899991],[26.45148999600019,-32.14752999799998],[26.466069988000186,-32.1395700029999],[26.493085369000028,-32.150376353999945],[26.49479505100004,-32.14063116499989],[26.51016665100002,-32.14182794199996],[26.54619687400003,-32.176293080999926],[26.559851025000114,-32.17547244799982],[26.571299015000136,-32.19674447999995],[26.566919997000014,-32.19927999899994],[26.56082000200007,-32.23135999899995],[26.538130002000116,-32.2401499959999],[26.521899997000105,-32.23777000199988],[26.528430002000107,-32.25391998999987],[26.534569997000176,-32.25470000099995],[26.533160004000138,-32.26104000099997],[26.54598000100009,-32.26707000799996],[26.546330002000047,-32.272739999999885],[26.54971000000012,-32.27349999899997],[26.54439,-32.27713],[26.545360001000176,-32.28409999699994],[26.539420001,-32.287369998999964],[26.545509998000057,-32.291470002999915],[26.542140006000068,-32.29346000399994],[26.545869997000068,-32.29480000199993],[26.54314000200003,-32.298009997999884],[26.546759996000105,-32.30199],[26.542420004000178,-32.30345000799997],[26.531720000000178,-32.29361999899993],[26.525640001000113,-32.293640002999894],[26.529889994000087,-32.31145000399994],[26.527540002000023,-32.3150299969999],[26.531639998000117,-32.32144999799988],[26.53588000100001,-32.32063000199997],[26.534850003000088,-32.3304499969999],[26.507790000000114,-32.34554000099996],[26.498009998000043,-32.35951000699998],[26.474079998000036,-32.35707999799996],[26.458209999000076,-32.360789999999895],[26.42531000300005,-32.35414999899996],[26.404469997000035,-32.36394999699996],[26.37091999800009,-32.35696000299998],[26.346719999000186,-32.367849996999894],[26.30962000100004,-32.37600999599994],[26.23512000300019,-32.35396000099996],[26.186530000000175,-32.36877999699993],[26.18685899900015,-32.38937800299988],[26.19269500300004,-32.387507],[26.19853499700008,-32.40076800299994],[26.21797400100013,-32.4081680029999],[26.189255,-32.415259997999954],[26.17937599700008,-32.409535002999974],[26.16671900300014,-32.436708999999894],[26.14729400200008,-32.464291996999975],[26.145155002000024,-32.49353000299993],[26.15493799600017,-32.508517997999945],[26.168673001000172,-32.50908299599996],[26.175456998000072,-32.53945000899989],[26.20446699300004,-32.53512399599998],[26.214703002000135,-32.526206998999896],[26.220895000000155,-32.53807799699996],[26.241753007000113,-32.54020099899998],[26.22775100300015,-32.54649300199998],[26.264185998000016,-32.55787300299994],[26.27096400300013,-32.56759300099992],[26.296730998000044,-32.54932799799991],[26.33069800100003,-32.552963001999956],[26.327356998000084,-32.561662001999935],[26.343699003000154,-32.56152699799992],[26.35748399800002,-32.578236996999976],[26.350200003000168,-32.58775999899996],[26.34717800100003,-32.586479000999816],[26.340407002000177,-32.59833000299989],[26.334344998000063,-32.59632400299995],[26.329548998000064,-32.6007129969999],[26.327151002000107,-32.607107998999936],[26.355436003000136,-32.624611006999885],[26.35652999600012,-32.63620599799992],[26.333275996000054,-32.638949],[26.326336001000072,-32.646373998999934],[26.323460996000108,-32.654648996999924],[26.33081900000019,-32.67339300399988],[26.317814,-32.673680996999906],[26.316779997000026,-32.67761900199997],[26.3208950020001,-32.6806089989999],[26.311448724000115,-32.68768260699994],[26.312868308000134,-32.69324041899989],[26.3060972990001,-32.69422476499989],[26.299228336000056,-32.68915380399983],[26.285862006000116,-32.69586199799994],[26.289924004000113,-32.71043100199995],[26.274579002,-32.71033999699995],[26.265920003000076,-32.71575799899989],[26.255019995000055,-32.70720100099993],[26.252240998000048,-32.699808995999945],[26.240686,-32.704891001999954],[26.235743004000142,-32.699912001999905],[26.229538000000105,-32.71851900199988],[26.21945399800012,-32.72305400399995],[26.21853399600019,-32.7334370019999],[26.211076002000027,-32.735350000999915],[26.205249996000077,-32.74936000799994]]]},"properties":{"area_code_id":"048","area_codes":["048"],"area_code_label":"048","prefix_1":"4","ward_count":10}},{"type":"Feature","geometry":{"type":"Polygon","coordinates":[[[23.988189998,-33.121430002999944],[23.95813000100003,-33.126859998999976],[23.949159996000105,-33.13559999699987],[23.94214800300017,-33.156647003999865],[23.98243599799997,-33.167278999999894],[23.971438003000117,-33.21444600299998],[23.958452999000087,-33.224194],[23.956521001000112,-33.234876002999954],[23.90432000300018,-33.22769499799989],[23.913578998000048,-33.20182699899982],[23.9049040000001,-33.20058900199996],[23.856858998000178,-33.21758899699995],[23.838771003000033,-33.24608700099992],[23.870892999000034,-33.253955000999895],[23.8216870010001,-33.31910499899993],[23.81788099900018,-33.332314],[23.897085999000126,-33.330268],[23.88809100300017,-33.30145400399988],[23.94337799700014,-33.308399001999874],[23.9623,-33.33148500399989],[24.083657001000176,-33.3482909949999],[24.122734002000186,-33.350000997999985],[24.135439000000133,-33.35814400099997],[24.154125004000093,-33.35889799899991],[24.154752999000095,-33.343893997999885],[24.20604799900019,-33.354913999999894],[24.220370000000116,-33.359555996999916],[24.234852485000147,-33.39686531799998],[24.238769427000022,-33.39818054799997],[24.26122400000014,-33.393965],[24.275587000000144,-33.38148299999989],[24.277654206000136,-33.37539078399993],[24.269128,-33.360712],[24.276656000000116,-33.355328],[24.272997,-33.343564],[24.341743,-33.335996],[24.339830762000133,-33.349880461999874],[24.345598083000084,-33.351977310999985],[24.35913509000011,-33.351554635999946],[24.367659838,-33.34335917699997],[24.400232003000042,-33.34762399599998],[24.401757004000046,-33.34083300099985],[24.45458199899997,-33.347932001999936],[24.484543003000056,-33.33513599799994],[24.556249003000175,-33.3260489999999],[24.622841277000134,-33.33547960299995],[24.619381998,-33.350286995999966],[24.676919002000034,-33.35949399699996],[24.68286800200019,-33.33278899899989],[24.701372004000177,-33.32279600199996],[24.72587799700017,-33.32554399899993],[24.73164,-33.30600999899991],[24.74519000200013,-33.3177200049999],[24.79434,-33.320350001999884],[24.793080004000046,-33.36610999699997],[24.798220004000086,-33.36707999699996],[24.806529999000134,-33.38706999699997],[24.84303000200009,-33.380710000999954],[24.84181999600014,-33.408800000999975],[24.816909997000096,-33.43898000099995],[24.798039996000114,-33.483420001999946],[24.80884999700004,-33.50686000199988],[24.80440500300017,-33.53824],[24.70185000200013,-33.51453000099997],[24.69224000100013,-33.539669997999965],[24.673050001999968,-33.57160000199997],[24.6461399960001,-33.57075000299989],[24.63419000099998,-33.59682],[24.67421999900006,-33.609509996999975],[24.616876001000037,-33.600660002999916],[24.548968,-33.59930600099989],[24.510002001000146,-33.59036299899998],[24.474397009000086,-33.587926996999954],[24.39545099700007,-33.590331001999914],[24.36293399599998,-33.60309599699997],[24.317025002000037,-33.58334600299992],[24.28222499700007,-33.573016003999896],[24.26029600100003,-33.571070000999896],[24.226381998000136,-33.551065000999984],[24.204680001000156,-33.549125996999976],[24.099408003000065,-33.52453599599994],[24.051542003,-33.52003999799996],[24.023607003000052,-33.50899600199995],[23.96966999700004,-33.50273899599995],[23.95082399800009,-33.48526599799993],[23.96048699800008,-33.4402419999999],[23.839181010000118,-33.42293461899993],[23.831444511000086,-33.407948451999914],[23.770279566000056,-33.39938701799997],[23.76775391000018,-33.3883145559999],[23.755226445000062,-33.38667774399994],[23.75532365300012,-33.34427801299995],[23.76254,-33.33480999899996],[23.761101002000032,-33.31066600799994],[23.718286997000064,-33.27135600099996],[23.755806001000053,-33.25120599899992],[23.73715500300017,-33.23606199899996],[23.709329,-33.234602],[23.655405,-33.24515699999989],[23.63382600000017,-33.245266],[23.619092,-33.252051],[23.609783,-33.248165],[23.55339,-33.255027],[23.506179895000116,-33.269461571999955],[23.507057299000053,-33.27504881799996],[23.498153361000163,-33.278053118999935],[23.49423973600011,-33.2740348509999],[23.485959,-33.277227],[23.484492154000066,-33.27663925299993],[23.484248678000142,-33.26088219499991],[23.441853103000028,-33.26886180599996],[23.46036128800006,-33.23484253199996],[23.455594452000184,-33.21644617899989],[23.513327687000185,-33.217844077999985],[23.538543156000117,-33.1964350799999],[23.502117141000042,-33.18326503299994],[23.521189997000192,-33.16691999799997],[23.584059999000033,-33.08387],[23.57950999600007,-33.081879998999966],[23.586704,-33.07638900099994],[23.580497001000083,-33.07584900199993],[23.572865,-33.0540199969999],[23.578788003000113,-33.02302099899998],[23.545342990000165,-33.02240399899995],[23.50306299900012,-33.012533996999935],[23.465984002000084,-33.017561000999876],[23.46556500400004,-32.95884299699986],[23.426916003000088,-32.92707700199992],[23.38075699800015,-32.87500100199986],[23.378620001000172,-32.825019995999924],[23.305169997000178,-32.80949999799992],[23.25041000300007,-32.78857999899998],[23.201100010000175,-32.78535500099997],[23.187469999000143,-32.76743000199991],[23.149329996,-32.766739997999935],[23.08932999700005,-32.799160000999905],[23.11642000200004,-32.85799000399993],[23.09800999800018,-32.873690008999915],[23.007439997,-32.872819998999944],[23.003680004000046,-32.89828000199998],[22.948750001,-32.95004000099988],[22.96925000400006,-32.99337000299988],[22.935210005000044,-33.0130400029999],[22.93409,-33.021659998999894],[22.91196000300016,-33.0145000039999],[22.872989998000094,-33.024409998999886],[22.877469998000038,-33.03101999699987],[22.83540000100004,-33.03773999999987],[22.800269999000022,-32.98533999599994],[22.76777000300018,-32.97846000599992],[22.793464002000064,-32.8985090029999],[22.76752099700019,-32.88951399899992],[22.796757998000146,-32.85790899699998],[22.760696000999985,-32.84240499799989],[22.794663994000075,-32.80777399599998],[22.76002799700018,-32.78602199999989],[22.779198,-32.743358997999906],[22.702825012000176,-32.69952800099992],[22.631558997000127,-32.642353],[22.67167900100003,-32.603378],[22.634276001000046,-32.523356003999936],[22.61851400400019,-32.502920003999975],[22.608075920000033,-32.45143921099992],[22.635066292000147,-32.45618076299996],[22.658774052000126,-32.44888606799998],[22.658044582000173,-32.45800443599995],[22.672633972000085,-32.47405276599994],[22.7437572500001,-32.50031366799993],[22.74634213200011,-32.493516384999964],[22.72638625400009,-32.47699416199998],[22.701259146000098,-32.439874569999915],[22.64643636400018,-32.42102923899995],[22.626448891999985,-32.41836424299987],[22.61902497300008,-32.411321037999926],[22.578288601,-32.39399856199992],[22.587425731000167,-32.39304677799987],[22.58964262300009,-32.38371526499998],[22.57419731500005,-32.382169390999934],[22.578053587000113,-32.37372601599998],[22.571174897000105,-32.37432184199997],[22.574359911000045,-32.36604786899983],[22.56182578000005,-32.36389798799985],[22.53675599900015,-32.38243700299995],[22.52684458800013,-32.37662670799989],[22.29702,-32.51116],[22.213760119000085,-32.58502651599997],[22.19218,-32.6007699999999],[22.14406,-32.62556],[22.068271784000046,-32.69771999999983],[22.03528615600004,-32.71916885599995],[22.01196,-32.724199997999904],[22.04311999800018,-32.6723800019999],[22.071850011000095,-32.64271999699997],[22.03659000099998,-32.599670000999936],[22.033419997000067,-32.55492999799998],[21.9937999980001,-32.57599000399995],[21.945939999000075,-32.60980000399991],[21.91438999900015,-32.619340001999944],[21.876459999000076,-32.625529995999955],[21.760430003000067,-32.65843999899988],[21.748420003000035,-32.6376400019999],[21.71776000200009,-32.64164999799988],[21.682800002000135,-32.68435999899992],[21.691180001000077,-32.71439000099997],[21.64895999900017,-32.72823999699989],[21.57713999800012,-32.75950999899993],[21.524730004000162,-32.759060000999966],[21.479760003000138,-32.78659999699994],[21.432109997,-32.75672999699992],[21.42490000300012,-32.70588000199996],[21.42658000400013,-32.66712999799995],[21.352240001000098,-32.65772999899997],[21.337239997000154,-32.63941000199998],[21.32495999800011,-32.614190002999976],[21.30905999700019,-32.59837001099993],[21.29556000200006,-32.590949998999974],[21.30053999900008,-32.57498000199996],[21.289609995999967,-32.557750000999874],[21.263819996000052,-32.54768000299998],[21.250530003000108,-32.547910000999934],[21.236649997000086,-32.537010000999885],[21.22858999700003,-32.522960001999934],[21.192209997000134,-32.513939997999955],[21.187549998000122,-32.50706],[21.23109,-32.46314999799989],[21.26947999700002,-32.45029000099987],[21.281520001000047,-32.43967999699987],[21.303010011000026,-32.402440001999935],[21.30150000700013,-32.37726999599994],[21.352839997000046,-32.39153999799987],[21.40839999700006,-32.36877],[21.429879999000093,-32.37518000299991],[21.443650001000037,-32.35484000399998],[21.475640003000137,-32.33145000199994],[21.51908,-32.33702999899998],[21.55036999800012,-32.32685999599988],[21.561809999000104,-32.314730001999976],[21.54900500100007,-32.29077499599998],[21.536010000000147,-32.22922000999989],[21.57859999800013,-32.22148999599989],[21.60650999800015,-32.20965998899993],[21.64457999800004,-32.20871000099993],[21.67377000200014,-32.24328999499983],[21.69164999500009,-32.24857000199995],[21.71137000600004,-32.224809996999966],[21.73589,-32.20502000099998],[21.746049997000057,-32.22523000299998],[21.772999998000103,-32.22679],[21.770249999000043,-32.238409996999906],[21.780619997000088,-32.25093],[21.855109998000103,-32.275509994999936],[21.874169997000138,-32.27656999599998],[21.901650004000032,-32.27091000299998],[21.907439999000076,-32.25279999899993],[21.924600006000162,-32.26196000099998],[21.93620500300017,-32.222880003999876],[21.971240001000126,-32.21642999699998],[21.99592000200016,-32.202980003999926],[21.999519996000117,-32.20595000299994],[22.01643999000015,-32.11425999499994],[22.06956,-32.081449998999915],[22.089650007000103,-32.14637999799993],[22.119950001000177,-32.07697000099995],[22.13395999700009,-32.064390000999936],[22.09359,-32.04591999699994],[22.074124995000034,-32.01791500199994],[22.09498000400015,-32.00105999899989],[22.089230000999976,-31.97435],[22.07133000300007,-31.939299996999978],[22.1004,-31.924339997999937],[22.101709996000068,-31.900529997999968],[22.100459997000144,-31.893040000999918],[22.08401999900002,-31.875870002999932],[22.07886000300016,-31.854889996999873],[22.11587,-31.862630001999946],[22.131500002000053,-31.884260000999916],[22.16659999899997,-31.893089998999983],[22.176880003,-31.820719997999902],[22.159860001000084,-31.80973999899993],[22.206280000000163,-31.792250002999936],[22.20401,-31.764030001999913],[22.1879000080001,-31.78137000399994],[22.183309999000016,-31.78155999699993],[22.11613999600013,-31.758419999999887],[22.049580002000027,-31.769979998999872],[21.986759994000067,-31.71990999899998],[21.985409989000175,-31.695850005999944],[21.94406000100014,-31.682239997999943],[21.915515003000166,-31.64571500099987],[21.928680004000057,-31.621269998999935],[21.932270002999985,-31.62432499399995],[21.949710001000085,-31.600979996999968],[22.011659995000173,-31.590449999999862],[22.00052999600001,-31.566199997999888],[21.987889999,-31.558099994999907],[21.96194999700009,-31.512200003999965],[21.953259993000188,-31.47073000399996],[21.944839995000166,-31.472590012999945],[21.919889996,-31.491159999999866],[21.86547999400011,-31.497320004999892],[21.84987999700013,-31.45643999799995],[21.932780007000133,-31.434239997999953],[21.937799992000066,-31.425880012999926],[21.92983,-31.41806],[21.88016000100015,-31.399520003999896],[21.814490005000096,-31.397769998999877],[21.822829999000078,-31.35351000099996],[21.813700003000122,-31.33343],[21.796019999000123,-31.316289997999945],[21.747270003999972,-31.31582],[21.762400003000153,-31.27140000099996],[21.72614000300007,-31.263840001999938],[21.66924000100005,-31.261849997999946],[21.614755002000038,-31.249900997999816],[21.608240002000116,-31.19730999899997],[21.62185999400009,-31.15135999399996],[21.693789999000046,-31.17011000599996],[21.702214997000056,-31.164755001999936],[21.68804999400004,-31.12701999499984],[21.67068999300011,-31.097599990999925],[21.703360001000135,-31.078030001999934],[21.700109998000073,-31.0635100049999],[21.79516999900011,-31.060140005999983],[21.845950004000144,-31.06408999899992],[21.918259994000152,-31.043519999999887],[21.949669994000033,-31.012870002999932],[21.982689997000023,-31.03264000799993],[22.00321000499997,-31.012370005999912],[22.08220999600013,-31.051499998999873],[22.087510002000045,-31.10051999899997],[22.077040002000103,-31.134269997999922],[22.086300000000108,-31.148489998999935],[22.105239997000012,-31.15614998699988],[22.121429994000152,-31.148039991999894],[22.187479992000192,-31.168899995999936],[22.184270002000176,-31.193390011999952],[22.214509991000114,-31.21626000299989],[22.25198,-31.19003998799991],[22.26654999600015,-31.165830008999876],[22.318490004000125,-31.142939994999892],[22.443519997000124,-31.13095000499993],[22.48237000100005,-31.10871999799997],[22.497629994000135,-31.095800003999955],[22.5012179470001,-31.05833682699989],[22.462409981000064,-31.006840835999924],[22.51006265700005,-30.96780687599994],[22.517940003000092,-30.970360001999893],[22.524799997000116,-30.967740006999918],[22.529109992000144,-30.98522999399995],[22.573119999000085,-30.980370003999894],[22.58079000200013,-30.968680002999974],[22.665007002000152,-30.954175996999936],[22.690140002000078,-30.97549999799992],[22.752559993999967,-30.951440004999938],[22.739280005000126,-30.925829998999973],[22.78191000100003,-30.947620006999898],[22.89660999600011,-30.8797499989999],[22.891070000000184,-30.863719994999883],[22.89685000300011,-30.856329996999932],[22.988780004000034,-30.871500001999948],[22.986150001000112,-30.883199994999984],[23.056190006000122,-30.88226999899996],[23.109370006000063,-30.828209998999967],[23.10128999500006,-30.813439995999943],[23.098319996000043,-30.790190003999953],[23.06744999900019,-30.799329997999962],[23.055549998000117,-30.728529997999942],[23.01329200400005,-30.65879299799991],[23.064460002000146,-30.651169992999883],[23.067720005000126,-30.68659999199997],[23.09216,-30.679739989999973],[23.085180002000186,-30.650109993999934],[23.102859991000116,-30.65262000199988],[23.114839998000036,-30.624990000999844],[23.083859997000104,-30.618900001999975],[23.094329997000045,-30.56744999899996],[23.162300001000176,-30.588930001999984],[23.170180004000144,-30.554320003999976],[23.242530000999977,-30.54131999699996],[23.260238996,-30.53154700199991],[23.30495500100011,-30.587194004999958],[23.32514699700016,-30.594991002999905],[23.28181500400018,-30.648192002999963],[23.332801001000178,-30.653552997999952],[23.361118,-30.63436200299998],[23.410308001000146,-30.62363300499993],[23.414119999000036,-30.597377007999967],[23.43177799700004,-30.61605599799998],[23.495758009000042,-30.657263999999884],[23.515984997000146,-30.638365001999887],[23.534612997000067,-30.63138999699993],[23.543253995000043,-30.54941599899996],[23.55049699900019,-30.53988399499997],[23.568802148000145,-30.528363680999973],[23.55860551700016,-30.50146067999998],[23.579834313000163,-30.49553095699997],[23.600268855000024,-30.44186400599989],[23.597740002000137,-30.382949996999912],[23.69003000600003,-30.37662999799994],[23.69847999500007,-30.35790000199995],[23.784652000000165,-30.336542001999874],[23.790040010000098,-30.305829997999922],[23.81331000100016,-30.275740003999942],[23.904990004000126,-30.28071999699995],[23.956340003000037,-30.23662000199988],[23.842079997999974,-30.195130001999928],[23.939299997000035,-30.21026000099988],[23.94172000100008,-30.190389998999933],[23.925759994000032,-30.1441399979999],[23.945764998000186,-30.10453999799995],[23.96228,-30.11706],[23.992869999000106,-30.11265999999989],[24.005439274000082,-30.081122380999943],[24.015916317,-30.082669771999974],[24.039543339000033,-30.096781441999894],[24.029105012000116,-30.03684691899997],[24.029648031000022,-30.020761221999976],[24.05652,-30.003690001999928],[24.11359999600006,-30.01004000699993],[24.13638999800014,-30.000539993999894],[24.195893005000187,-30.002367995999975],[24.243940002000045,-29.975170010999932],[24.261409998999966,-29.98147000299997],[24.27203000200018,-29.97532998899993],[24.27881999000016,-29.96430000199996],[24.29058000500015,-29.96659999399992],[24.281959998000048,-29.93484],[24.298269999000127,-29.897170005999953],[24.377390002000084,-29.887780004999968],[24.402859997000064,-29.916239997999924],[24.423579997000104,-29.88643],[24.453640001,-29.86772000299993],[24.47002,-29.8117800039999],[24.4874999970001,-29.81300999599989],[24.502090001000113,-29.82127000099996],[24.501820002000045,-29.834660000999975],[24.507680002000143,-29.840159998999923],[24.5250600010001,-29.84540999699982],[24.539540001000034,-29.842299996999884],[24.547179998000047,-29.8450600029999],[24.564180003000047,-29.877720002999922],[24.606679998000118,-29.91069000199991],[24.644870002000175,-29.91136],[24.652700006000032,-29.89885000499993],[24.66504999900019,-29.901950005999936],[24.66786000400009,-29.909119997999937],[24.662820003000093,-29.942230003999896],[24.67285999700016,-29.974050003999878],[24.723740004000092,-29.992170002999956],[24.73195999700016,-29.991589992999934],[24.72632300300006,-29.999611005999952],[24.720529080000176,-30.044097398999895],[24.71689326300003,-30.03810115699997],[24.717506357000104,-30.087546561999886],[24.705112997000185,-30.058818],[24.695816,-30.07026799499988],[24.687680999000065,-30.06218799999988],[24.66617199600006,-30.07041299799988],[24.6683420010001,-30.077193002999877],[24.663846531000104,-30.076147919999926],[24.663000209000074,-30.086303785999917],[24.65530396600019,-30.092915677999883],[24.62405000500013,-30.100751643999956],[24.610403797000117,-30.118395343999907],[24.605632971999967,-30.13407598999987],[24.589714383000114,-30.13889440099996],[24.55019153400019,-30.128853077999906],[24.531667433000052,-30.134813622999957],[24.51804501400011,-30.173360896999952],[24.520900372000085,-30.17808412599993],[24.514261676000046,-30.206173657999898],[24.537516119000088,-30.19912398599996],[24.54766596200011,-30.201445976999878],[24.60848795900006,-30.24116900399997],[24.614472963000026,-30.25426698399997],[24.618783958000108,-30.287001964999945],[24.642485997,-30.298345020999932],[24.678345963000027,-30.296928961999924],[24.70508387700005,-30.289167002999932],[24.69047003700007,-30.274210981999886],[24.69003011799998,-30.26701296099992],[24.70508603800016,-30.26547503599994],[24.713964003000115,-30.23467397999991],[24.75403991999997,-30.224282040999924],[24.812429043000066,-30.221942034999927],[24.870891961000098,-30.22820999499993],[24.896120038,-30.22591301899996],[24.90828407800018,-30.22382195399996],[24.930914561000066,-30.20868930399996],[24.934970011000075,-30.218300003999957],[24.95518000800007,-30.227650000999972],[24.95532000100019,-30.23861999699983],[24.946760000999973,-30.246670000999927],[24.946879996000064,-30.25247000199994],[24.96320000300011,-30.267509997999923],[24.97611,-30.27331],[24.985510000000147,-30.28937000299993],[25.002749998000127,-30.293479997999953],[25.023259999000118,-30.28352000299998],[25.034420002000047,-30.286159997999903],[25.04713000900017,-30.316209995999884],[25.04240000200008,-30.33654000099989],[25.035470004000047,-30.34492],[25.038280001000146,-30.362270001999946],[25.06399999500013,-30.356919998999956],[25.096119999000166,-30.37315999499998],[25.113500002000137,-30.40922],[25.125600003000045,-30.420230002999915],[25.139910001000146,-30.424220002999903],[25.1577,-30.44261999899993],[25.16115999700014,-30.449529998999935],[25.153070002000163,-30.453200001999903],[25.152690000000177,-30.45928000099991],[25.18370000100009,-30.4840099999999],[25.18959000400008,-30.498410000999968],[25.209959989000026,-30.505090002999964],[25.235299997000027,-30.499929994999945],[25.243409998,-30.513579997999955],[25.254749998000023,-30.518970000999957],[25.278970001000175,-30.54405998899989],[25.283800001000145,-30.558999994999965],[25.305409997000083,-30.57654999499988],[25.32374999600006,-30.57241],[25.332819992,-30.55788999599997],[25.350379999000154,-30.564330003999885],[25.36358999900017,-30.558080002999873],[25.372300002000088,-30.55844],[25.399279999000157,-30.57308998999997],[25.41802000200005,-30.577689998999972],[25.42240000300012,-30.587919999999883],[25.45600000000013,-30.611229997999885],[25.467099997000105,-30.624210010999946],[25.45648000400007,-30.637000003999958],[25.45849999900014,-30.65745],[25.47130999799998,-30.666690000999893],[25.47187000100007,-30.672919995999962],[25.460229997000113,-30.68327999899998],[25.46653000499998,-30.709780000999956],[25.462349997,-30.722130001999915],[25.473930003000135,-30.72311999799996],[25.476379995000173,-30.728179995999938],[25.473879997000097,-30.743710001999943],[25.479899998000178,-30.759769996999978],[25.480200002000117,-30.77891],[25.486440003000155,-30.784549994999907],[25.504979999000113,-30.78363],[25.52485000200005,-30.79639999899996],[25.549330001000044,-30.790980003999948],[25.521629998000037,-30.83318000099996],[25.485169998000117,-30.84979999099994],[25.47128999900019,-30.86984000099983],[25.50063999800011,-30.888009996999983],[25.508429998000167,-30.89819999799994],[25.517779999000084,-30.90151],[25.51404,-30.921459997999875],[25.50461999900017,-30.93297999799995],[25.50832000200012,-30.942159997999966],[25.50642000200014,-30.95034],[25.510949998000115,-30.95571999999987],[25.47502,-30.983879999999886],[25.484840002,-31.006329996999966],[25.50160000000011,-31.007389996999905],[25.48675000100002,-31.036910003999935],[25.463779997000188,-31.054740001999903],[25.453200002000074,-31.05421],[25.43884000500009,-31.06149],[25.45428999100011,-31.0793],[25.44638999900019,-31.10020000199995],[25.415599999000108,-31.13440000199995],[25.39816000200011,-31.13068],[25.391859991000103,-31.13843999999989],[25.384560001000068,-31.150970000999962],[25.377820002000078,-31.198870002999968],[25.386210001000165,-31.21784000399998],[25.389830003000043,-31.21280000099995],[25.398790001000123,-31.211039997999933],[25.43978000100003,-31.230669997999883],[25.43260000100014,-31.236100001999944],[25.448430000000144,-31.25617000299991],[25.4646,-31.256490000999918],[25.474910003000048,-31.249189998999952],[25.470800001000157,-31.24498999699989],[25.479409998000165,-31.23725000199994],[25.497200003000103,-31.234590002999937],[25.494089996000127,-31.24311],[25.520650001000092,-31.268189992999964],[25.55752999900011,-31.27799000699997],[25.51547,-31.31677999599998],[25.49735999800015,-31.320309998999903],[25.47443000200002,-31.313250000999915],[25.44363000200019,-31.334309998999913],[25.463469996000015,-31.351959996999938],[25.512119997000013,-31.346009998999932],[25.56449999600011,-31.358469997999975],[25.583019997000065,-31.344859998999937],[25.591710004000106,-31.418869996999888],[25.581955001000097,-31.440860002999955],[25.589330002,-31.485310001999892],[25.578539998000053,-31.49116000199996],[25.586570004000123,-31.51142],[25.56691000100011,-31.518540002999885],[25.56411000300011,-31.52684],[25.61548000099998,-31.543389995999974],[25.642259998000043,-31.576479997999854],[25.616900000000157,-31.580140000999904],[25.617359997000108,-31.5772600009999],[25.547950000000128,-31.554340002999936],[25.534480000000144,-31.53455],[25.50582000600002,-31.548869998999976],[25.507390003000182,-31.575989998999887],[25.528329999000107,-31.613749997999832],[25.49655999800018,-31.64298],[25.47947000400012,-31.668969995999873],[25.45449000100018,-31.684599997999896],[25.41488000100003,-31.67424999499991],[25.39951,-31.67669000199993],[25.391989997000053,-31.690740001999984],[25.3718900020001,-31.701139995999938],[25.36037000200008,-31.71446],[25.38101000299997,-31.72704999899986],[25.404569998000056,-31.73093000199998],[25.42716999800001,-31.74109999799998],[25.441609999000093,-31.75815],[25.42559301099999,-31.766393997999955],[25.444061002000126,-31.788964002999876],[25.424993,-31.799961997999958],[25.439835003000155,-31.814823000999922],[25.439424000000145,-31.85523300099993],[25.379244998000047,-31.864748996999936],[25.334100001000138,-31.865838991999965],[25.329409999000063,-31.881569997999918],[25.308664997000108,-31.866800997999974],[25.241338001000088,-31.86491700299996],[25.22172399900012,-31.859415001999935],[25.214754999000093,-31.87840999999986],[25.18658900200012,-31.871912000999828],[25.183718002999967,-31.8810149979999],[25.159582996000097,-31.909033997999984],[25.158015003000116,-31.918547998999884],[25.13062500400008,-31.939590999999893],[25.130951002000018,-31.946892996999964],[25.112090998999975,-31.973127010999917],[25.1348140020001,-31.99220699899996],[25.131753657000104,-31.99927144199995],[25.073048938000056,-31.971861428999944],[25.034509453999988,-31.958706124999935],[24.994096522,-31.953374005999876],[24.970482853000135,-31.94211273499991],[24.936554931000103,-31.94248330699986],[24.931161050000128,-31.95248874999993],[24.924628190000135,-31.950501580999912],[24.934429997000166,-31.97132000199997],[24.943700003000117,-31.97994999599996],[24.950689997000097,-32.00726999999989],[24.938049999000157,-32.0532600009999],[24.94788,-32.07181000399987],[24.9549399980001,-32.069740001999946],[24.96711999900009,-32.10750999899989],[24.951070000000186,-32.1227],[24.95399000100008,-32.14025000799995],[24.937630003000038,-32.15796000299997],[24.938290004000066,-32.173589996999965],[24.924579999000116,-32.16753000299991],[24.915539999000032,-32.17211999799997],[24.904019999000013,-32.221940003999975],[24.922419997000134,-32.2397700009999],[24.949610000000177,-32.241180001999965],[24.98024999600011,-32.25886000199995],[25.00331499600003,-32.25036000099993],[25.0185000030001,-32.254619999999875],[25.02410999800003,-32.26426000299995],[25.045980001000032,-32.266610002999926],[25.055050004000066,-32.28005000099995],[25.078079998000078,-32.27349000099997],[25.128310002000035,-32.291099997999936],[25.16756000300012,-32.32870999999983],[25.186050001000183,-32.32378000199992],[25.21352000200011,-32.33668000099988],[25.21447999700007,-32.346789998999895],[25.23276999900014,-32.33857000299986],[25.27862999900009,-32.34555999799994],[25.30955000100016,-32.313329991999865],[25.36339999900008,-32.30667000299991],[25.35832000400012,-32.32352999899996],[25.36024000100008,-32.340779995999924],[25.382919995000123,-32.3467],[25.407709999000076,-32.374009996999916],[25.417429996000067,-32.3745100029999],[25.398680005000074,-32.41299999799986],[25.4202700030001,-32.42341999699994],[25.428675002000034,-32.41870999899987],[25.4946,-32.412710001999926],[25.512710003,-32.39839000399991],[25.534059996,-32.394469998999966],[25.54808000900016,-32.41043999599998],[25.574369999000055,-32.457799997999984],[25.591969989000063,-32.45861000399998],[25.604650004000177,-32.45184000199998],[25.62172000200019,-32.45678999599983],[25.644929996000144,-32.47968999799991],[25.659222992000082,-32.520219002999966],[25.642064997000148,-32.51991900099995],[25.633318009000106,-32.55359800299988],[25.591879,-32.55619900299996],[25.581494996000117,-32.56494399699994],[25.58584,-32.5739219969999],[25.61133100300009,-32.593464],[25.57857,-32.623978997999984],[25.57996599800009,-32.64452800299989],[25.55549699700009,-32.661743999999885],[25.550435004000065,-32.676287],[25.539486002000103,-32.674185],[25.522714003000146,-32.692857997999965],[25.496810999000104,-32.68575599699989],[25.50235000900011,-32.66655200099996],[25.496110997000073,-32.6630580019999],[25.498218,-32.65795500199994],[25.46609499800013,-32.63434598999987],[25.44148699600015,-32.63289899599994],[25.4192769980001,-32.63695899899989],[25.404597008000167,-32.65182799699994],[25.37855900000011,-32.65687499699993],[25.370861001000094,-32.67124800299996],[25.34500399800004,-32.66111499999988],[25.32696900200017,-32.633055998999964],[25.314923997000164,-32.663483000999975],[25.289015,-32.649328],[25.244943002000014,-32.645880001999956],[25.218385000000126,-32.648054],[25.194625999000095,-32.62923],[25.183194003000153,-32.6588489909999],[25.142235004000042,-32.67082700099985],[25.110457,-32.68628299699998],[25.119304999,-32.69977300099998],[25.111443000000122,-32.70321000399997],[25.08841500000011,-32.70504799699995],[25.07737500100012,-32.696523003999914],[25.038899002000107,-32.6855629989999],[25.0178079960001,-32.686877],[25.00606900100007,-32.709470998999905],[24.990091001000167,-32.70340199599991],[24.984620997000036,-32.74244499599996],[24.93381100199997,-32.763658996999936],[24.93397,-32.78151000399998],[24.976760002,-32.78623999799993],[24.992540009000095,-32.80028999699988],[24.989019997000185,-32.83753000199994],[25.001530002000095,-32.84191000299995],[25.044099997000103,-32.83445000599994],[25.055989994000072,-32.84894999599993],[25.08741000200007,-32.87103000199994],[25.073590001000127,-32.89180000399989],[25.03636000199998,-32.8955],[25.016160001000117,-32.91490000099992],[25.00818799700005,-32.90858699599994],[25.009076999000058,-32.94272900399983],[24.96364300300013,-32.93860300299997],[24.930683002000023,-32.945818],[24.91657299700006,-32.934536998999874],[24.913629002000107,-32.923685002999946],[24.884327999000163,-32.92678600099998],[24.862877999000148,-32.93696600299995],[24.851543002000085,-32.93406999699994],[24.797326996000095,-32.94081599599997],[24.80375100300006,-32.94964199599991],[24.800592003000133,-32.95015400299991],[24.78956200200014,-32.94395700299998],[24.750795002000075,-32.95299599699996],[24.737930998000138,-32.94427300299992],[24.69839300300015,-32.937972996999974],[24.685048990000155,-32.94001402599997],[24.68981800300014,-32.951786],[24.660426806000032,-32.96002587799995],[24.658826006000083,-32.95371684499992],[24.655414952000115,-32.955102584999906],[24.65168411200017,-32.94966621799995],[24.66095791500004,-32.94252432399992],[24.654300701000068,-32.91076203799997],[24.61976800200017,-32.91944400299997],[24.63755000300017,-32.966399001999946],[24.59669599600005,-32.98290999499994],[24.533263,-32.96723399999985],[24.526678000000118,-32.99205600099998],[24.487505000000112,-33.024254998999936],[24.482197999,-33.01985500099994],[24.442527003000123,-33.05390499799995],[24.448864002,-33.057743994999896],[24.45214899700011,-33.093734000999916],[24.351852002000044,-33.08622099699994],[24.35251699800017,-33.10566000199992],[24.318640002000052,-33.10584000099993],[24.31111000200019,-33.11658999699995],[24.258430001000136,-33.11697],[24.258510002000094,-33.14195000199993],[24.198089998000114,-33.13633999899997],[24.15912000200018,-33.140670000999876],[24.153779998000118,-33.132789999999886],[24.042360002000123,-33.1245899999999],[23.988840000000152,-33.10870999499997],[23.988189998,-33.121430002999944]]]},"properties":{"area_code_id":"049","area_codes":["049"],"area_code_label":"049","prefix_1":"4","ward_count":39}},{"type":"Feature","geometry":{"type":"Polygon","coordinates":[[[25.56607999900018,-30.614890002999914],[25.524580007000168,-30.614099992999968],[25.502239988000156,-30.625549996999894],[25.47114000700003,-30.63450999199989],[25.45600000000013,-30.611229997999885],[25.42240000300012,-30.587919999999883],[25.417729997000094,-30.577519996999968],[25.399279999000157,-30.57308998999997],[25.372300002000088,-30.55844],[25.36358999900017,-30.558080002999873],[25.350379999000154,-30.564330003999885],[25.33609000200005,-30.557429997999918],[25.329030002000138,-30.560139997999954],[25.32374999600006,-30.57241],[25.305409997000083,-30.57654999499988],[25.283800001000145,-30.558999994999965],[25.278970001000175,-30.54405998899989],[25.254749998000023,-30.518970000999957],[25.243409998,-30.513579997999955],[25.235299997000027,-30.499929994999945],[25.209959989000026,-30.505090002999964],[25.18959000400008,-30.498410000999968],[25.18370000100009,-30.4840099999999],[25.152690000000177,-30.45928000099991],[25.153070002000163,-30.453200001999903],[25.16115999700014,-30.449529998999935],[25.1577,-30.44261999899993],[25.139910001000146,-30.424220002999903],[25.125600003000045,-30.420230002999915],[25.113500002000137,-30.40922],[25.096119999000166,-30.37315999499998],[25.06399999500013,-30.356919998999956],[25.038280001000146,-30.362270001999946],[25.035470004000047,-30.34492],[25.04240000200008,-30.33654000099989],[25.04713000900017,-30.316209995999884],[25.034420002000047,-30.286159997999903],[25.023259999000118,-30.28352000299998],[25.002749998000127,-30.293479997999953],[24.986319995000088,-30.289969996999957],[24.97611,-30.27331],[24.96320000300011,-30.267509997999923],[24.946520000000135,-30.25180999899993],[24.946760000999973,-30.246670000999927],[24.95532000100019,-30.23861999699983],[24.95419999600017,-30.226069997999957],[24.934040005000043,-30.217539994999868],[24.92511000100012,-30.20067999899993],[24.910420004000116,-30.209649997999918],[24.900259991000155,-30.207019996999918],[24.89518000300012,-30.184209995999936],[24.881639999000186,-30.173280010999918],[24.880380001,-30.1589],[24.87114000000014,-30.13451000399988],[24.837590001000024,-30.117800002999957],[24.838489998000114,-30.09518999599993],[24.817810004000023,-30.082139998999935],[24.814130002000013,-30.06787999799991],[24.802249998000093,-30.059140001999936],[24.796160000000157,-30.0458599989999],[24.798487668,-30.034170146999884],[24.83592796300013,-30.034006118999912],[24.852600097999982,-30.027950286999953],[24.85811042800009,-30.029529571999888],[24.869150162000153,-30.025550841999973],[24.881311417000177,-30.01191711399997],[24.902522913000155,-29.976099240999872],[24.89360999800016,-29.96836999699991],[24.879230002000156,-29.938089998999942],[24.90242,-29.93870999899997],[24.898810003000108,-29.922910003999903],[24.938200004000066,-29.92195000099997],[24.93986,-29.916029997999885],[24.97557999900016,-29.91491],[24.973090001,-29.873650000999874],[24.96729,-29.84751],[24.998250003000066,-29.843759997999882],[24.969209997000178,-29.83124000199996],[24.96463,-29.81092999699996],[24.983770001000153,-29.81745000299992],[24.984510003000082,-29.802700001999938],[24.95576000200009,-29.78801999699988],[24.953770001,-29.647430002999897],[24.972879999000043,-29.625339998999948],[24.994880003000105,-29.624139998999965],[25.013330000000167,-29.635550002999878],[25.02808000100015,-29.62540000399997],[25.02590000300006,-29.616519998999934],[25.052590000000123,-29.60100000099993],[25.066959998000186,-29.5465299949999],[25.074520001000167,-29.5465],[25.088669998000057,-29.56107000199995],[25.097160001000077,-29.55799999599992],[25.09981000300013,-29.565179995999983],[25.164489998000022,-29.534310000999938],[25.178790000000163,-29.516940000999966],[25.177320001000112,-29.491039988999944],[25.194649993000155,-29.507959997999933],[25.187849996000182,-29.581440003999944],[25.206020004000038,-29.582709998999974],[25.20068,-29.62498],[25.226749997000127,-29.62240000199995],[25.24287999700016,-29.590639998999904],[25.282809996000026,-29.59746],[25.29063999900012,-29.59416000399989],[25.305629997000153,-29.62891000199994],[25.334260004000157,-29.663089998999965],[25.370020004000082,-29.641630001999886],[25.394339997000145,-29.63796],[25.406599992000167,-29.62447000399993],[25.399010002000125,-29.61811999799994],[25.400660000000187,-29.615379996999934],[25.410639998000136,-29.607619997999905],[25.41952000300006,-29.609129996999968],[25.43026999800003,-29.601530008999873],[25.4235600020001,-29.599270000999923],[25.42747000000014,-29.59551999799993],[25.460470002000136,-29.584669996999935],[25.44081999700012,-29.565640008999935],[25.447720000000174,-29.55593000199991],[25.44079000300013,-29.52387999599989],[25.44790999700018,-29.522939997999856],[25.452209997000182,-29.531659999999874],[25.461949999000126,-29.529849997999975],[25.46924000300004,-29.555859998999892],[25.479620001,-29.561939996999968],[25.48681999700017,-29.558749996999893],[25.496580003000133,-29.54188000299996],[25.50569999600009,-29.54176],[25.51516000000015,-29.536120009999934],[25.49651000700004,-29.519630003999964],[25.465700002000176,-29.472400001999972],[25.50252000200004,-29.48403999699991],[25.51459999700006,-29.474769998999932],[25.511070003000043,-29.45313000099992],[25.496580003000133,-29.45610000099998],[25.48999999900019,-29.434200002999944],[25.54578,-29.429460002999974],[25.540079997000134,-29.411960001999944],[25.514469997000162,-29.396549999999877],[25.52646,-29.34192999699991],[25.480219996000187,-29.360870001999842],[25.460899996000023,-29.34041],[25.463319999000134,-29.33306999699994],[25.458539998000163,-29.335019996999904],[25.451120002000152,-29.30695000099996],[25.46128,-29.30633999899993],[25.46699000900003,-29.30159],[25.458340002000114,-29.292169996999917],[25.458120002000044,-29.285209996999924],[25.477109998000117,-29.28200999899991],[25.48107000300007,-29.30731999799997],[25.49726999800015,-29.299800002999973],[25.5072899970001,-29.285339997999927],[25.517580011000064,-29.296189998999978],[25.573699692000105,-29.272084570999937],[25.539379836000023,-29.25632330299993],[25.562775905000024,-29.206280380999942],[25.611300003000167,-29.22368000199998],[25.68552000400001,-29.226730002999886],[25.706710002000023,-29.23890999599996],[25.741249998000058,-29.23428],[25.74370001200009,-29.189319996999984],[25.739699998000106,-29.188100001999942],[25.74431000600015,-29.176919995999924],[25.77162000300018,-29.16915999699995],[25.734660003999977,-29.14122999899996],[25.755180003000078,-29.134210002999964],[25.76237000100008,-29.116729998999972],[25.734360002000017,-29.11387000299993],[25.732559999000046,-29.102080003999845],[25.739429999000038,-29.080720003999886],[25.731340003000184,-29.077020007999977],[25.76091999900018,-29.025799998999958],[25.719359998000073,-29.006290000999968],[25.74720000400015,-28.977939999999876],[25.737450004000095,-28.960809995999966],[25.745260002000066,-28.906400002999874],[25.738440001000185,-28.903210002999913],[25.723330001000193,-28.90869999599994],[25.711890003000065,-28.905629997999938],[25.705400006,-28.90921999799997],[25.7044500020001,-28.905409997999982],[25.695850003000032,-28.906079996999893],[25.680579999000145,-28.895789998999874],[25.671959996,-28.90042000299991],[25.663219990000186,-28.8891700019999],[25.660389997000095,-28.892479996999953],[25.649730001000023,-28.887469996999926],[25.641000001000123,-28.89157999899993],[25.635950001000083,-28.885909998999978],[25.62956000300005,-28.88682999299982],[25.626607996000132,-28.89156799799997],[25.630308,-28.825615997999876],[25.596182000000113,-28.816965998999933],[25.61979399600017,-28.76422],[25.59328500400005,-28.739415999999892],[25.63953900300004,-28.745327001999954],[25.64277600200012,-28.736694],[25.579983002000063,-28.70683900199998],[25.5916120010001,-28.68518500099998],[25.53212499700004,-28.66824399799998],[25.5231420020001,-28.637326996999946],[25.480813002000048,-28.620842997999944],[25.42896300300015,-28.6278230019999],[25.35972999700016,-28.652166997999927],[25.36481801100018,-28.617392],[25.334133011000063,-28.595937994999872],[25.29014699100003,-28.593384998999852],[25.262878,-28.581806995999955],[25.27117099900005,-28.556194003999906],[25.284125003000042,-28.535849989999917],[25.309268001000078,-28.535795003999908],[25.34915199800008,-28.50459300199998],[25.35039799900005,-28.492584],[25.37688299700011,-28.497829997999872],[25.436872001000097,-28.497475999999892],[25.44444200300012,-28.45034000399994],[25.453746999000145,-28.443106],[25.535939003000124,-28.44916499599998],[25.55822600300013,-28.352171993999946],[25.566880996000123,-28.354540002999954],[25.587080000000185,-28.32458599699993],[25.5653019990001,-28.31379],[25.572413998000172,-28.288381998999967],[25.568165003000047,-28.288378000999955],[25.582944001000044,-28.249548002999973],[25.567208000000164,-28.232852],[25.500999989000093,-28.207445003999965],[25.503544997,-28.19866499699998],[25.57372899700016,-28.164772002999882],[25.59889499900015,-28.164505993999967],[25.632006003000072,-28.142300000999967],[25.64694999900007,-28.14260000299987],[25.707010004000153,-28.12781999899994],[25.733690003000106,-28.178230001999964],[25.687809998000148,-28.21423999699988],[25.74096000300017,-28.243339998999943],[25.75201999799998,-28.24044000299989],[25.76406,-28.253129999999885],[25.742380002000118,-28.29008000099992],[25.706810000000132,-28.27753000299998],[25.720370000000173,-28.32946000299995],[25.708310000999973,-28.333339998999918],[25.725739998,-28.34596000099998],[25.725439996999967,-28.369740002999947],[25.731310001,-28.370829998999966],[25.7649,-28.414820000999896],[25.806649999000058,-28.449309997999876],[25.824199998999973,-28.453789996999944],[25.84338999800019,-28.47992],[25.866069999000104,-28.488550001999954],[25.89011000300019,-28.49215],[25.901070000000118,-28.49792000599996],[25.898549999000068,-28.501189999999895],[25.94454999900006,-28.527129995999815],[25.954050003000077,-28.50916999899988],[25.995149999000034,-28.497389997999903],[25.999890000000107,-28.505939997999974],[26.033129999000153,-28.505799990999947],[26.0358299990001,-28.53048],[26.059499998000035,-28.509770001999982],[26.063399990000107,-28.541020000999936],[26.037869999000122,-28.548990001999982],[26.03356999900012,-28.58626999899991],[26.069320001000108,-28.581179997999925],[26.08128000199997,-28.58895000299998],[26.087329997000097,-28.578749996999875],[26.147899998000128,-28.55789999299992],[26.15321999800011,-28.539869999999837],[26.16633999700008,-28.54653999599998],[26.183510001000172,-28.523190003999957],[26.201069999000026,-28.530889997999964],[26.21855000300019,-28.50773000299995],[26.211839998000187,-28.506310002999953],[26.219069,-28.46884699799989],[26.245689999000092,-28.48971],[26.255100003999985,-28.486240002999978],[26.288040001000127,-28.46858999699998],[26.320170001000065,-28.41966999699997],[26.354739999000117,-28.405139995999946],[26.385549997000055,-28.394600002999937],[26.429569994000133,-28.435550001999957],[26.435810002999972,-28.435669995999945],[26.43011,-28.403439998999943],[26.42352999600007,-28.40424999699991],[26.402539994000108,-28.38757],[26.43299000000013,-28.37685999799993],[26.40977999900008,-28.374189999999885],[26.412799997000036,-28.361290000999873],[26.426330003000032,-28.363280001999954],[26.43482999600019,-28.369019996999953],[26.442210000000102,-28.337570002999882],[26.41849000200017,-28.333900001999893],[26.416760002000046,-28.34175000099998],[26.405659997999976,-28.336099996999963],[26.408070002999978,-28.325419996999926],[26.420034991000023,-28.326860000999943],[26.42315000100018,-28.31269999699998],[26.44797,-28.312969996999982],[26.538000002000047,-28.290990004999912],[26.54892999700013,-28.290229997999916],[26.54935000100005,-28.310940002999928],[26.58493999900014,-28.306520000999967],[26.584540000000175,-28.30098000099997],[26.601919998000028,-28.29846],[26.60966999900012,-28.305239991999883],[26.602539998,-28.330459998999913],[26.627049996999972,-28.33125999799995],[26.63938499799997,-28.358020988999954],[26.611867001000178,-28.352219000999924],[26.60314199600009,-28.376695],[26.61818699600002,-28.377900001999933],[26.61894400300008,-28.381010000999936],[26.637384001999976,-28.37961299799997],[26.647946999000112,-28.392105001999937],[26.65384500300013,-28.378245],[26.669529002000104,-28.385997002999943],[26.67954,-28.363537999999892],[26.691001998000104,-28.366523000999962],[26.701340001000062,-28.38915000299994],[26.69425488500019,-28.393382867999946],[26.68310552900016,-28.41117264899998],[26.686179800000048,-28.41207443499991],[26.683720383000036,-28.41654237499995],[26.689416427000083,-28.419118279999907],[26.687148315000172,-28.424151467999877],[26.698885793000045,-28.439304007999965],[26.706616045000146,-28.42933105799989],[26.69980303800014,-28.425024950999955],[26.700880905000076,-28.41656708499994],[26.708879275000186,-28.423275836999892],[26.710932643999968,-28.421355038999877],[26.717913001000113,-28.41046599599997],[26.721137677000115,-28.394613024999956],[26.732726997000157,-28.381221],[26.75641000200011,-28.390884],[26.761510999000052,-28.40162],[26.789473002000022,-28.398935000999984],[26.775948997000057,-28.382043995999936],[26.786167995000028,-28.386318996999933],[26.79022199700006,-28.384168002999957],[26.82602000300011,-28.40782399799997],[26.852437001000055,-28.44365799899998],[26.83508300000011,-28.480595001999916],[26.845790999000144,-28.492503000999932],[26.819784997000056,-28.539913998999907],[26.806207003000168,-28.54743300399997],[26.810502997000185,-28.551860003999877],[26.809038002000023,-28.560107998999854],[26.81474399700005,-28.55362800099988],[26.829844997000066,-28.55231899499995],[26.834580002000052,-28.565043],[26.84015599700018,-28.562516998999968],[26.844851001000166,-28.57427200099994],[26.849969999000052,-28.57711499999988],[26.85002500100012,-28.585262],[26.858947002000036,-28.59309],[26.848599001000082,-28.608364997999956],[26.859912997000094,-28.600673996999944],[26.87180499700014,-28.604111],[26.878574999000023,-28.615475002999972],[26.885962,-28.60795400299986],[26.884654000000182,-28.613767001999975],[26.889704997000024,-28.614611],[26.891055002000087,-28.62285600399997],[26.893715999000108,-28.625195988999963],[26.8921840000001,-28.61843099899994],[26.897575990000178,-28.620349998999927],[26.90346844600009,-28.631612065999946],[26.936460000000125,-28.613033],[26.928093,-28.605756002999897],[26.943869001,-28.56158900899993],[26.94697699700015,-28.567263996999884],[26.951023012000178,-28.56688700199993],[26.95941600200001,-28.55349700299996],[26.973884976000136,-28.542145602999938],[26.99906440500007,-28.53159042099992],[26.99616373500004,-28.521351368999944],[26.989243752000107,-28.521787007999933],[27.001374458000157,-28.483301643999937],[27.03113065400015,-28.47074440199998],[27.059659001000114,-28.449833997999974],[27.077600997000104,-28.45873900199996],[27.05589899900002,-28.480747000999884],[27.041356998000026,-28.523882001999937],[27.047434004000138,-28.52737000099995],[27.054711999000062,-28.521913002999895],[27.06380799800013,-28.532222],[27.09170400300013,-28.530402000999914],[27.107673003000173,-28.537073001999943],[27.124653001000183,-28.53282799599998],[27.133547002,-28.53808300399993],[27.14944700300009,-28.5331619989999],[27.150740002000077,-28.54766000199993],[27.15486000300018,-28.546290000999875],[27.15673000099997,-28.558290002999968],[27.172410002000163,-28.562299998999947],[27.197680000000105,-28.576579996999953],[27.212212100000045,-28.57798826399994],[27.212927800000102,-28.574166210999977],[27.231780127000036,-28.572429360999877],[27.258751125000174,-28.52065338899996],[27.271187403000113,-28.509724881999887],[27.246305987000028,-28.491172],[27.26216048000009,-28.479831676999936],[27.26339866400008,-28.47300811599996],[27.288969775000112,-28.457538326999895],[27.26590878700017,-28.377004906999957],[27.276829998000096,-28.2827799989999],[27.305769998000073,-28.262709997999934],[27.319650004000096,-28.26847999699993],[27.326239998000176,-28.22645999899987],[27.34386999900005,-28.226739995999935],[27.387869998999975,-28.21408000199989],[27.390809997000076,-28.239489998999886],[27.445190011000136,-28.238699996999912],[27.449689998000053,-28.24781],[27.456429998000146,-28.248009995999894],[27.460779996000156,-28.264730001999908],[27.46948000200007,-28.26346998899993],[27.470079997000028,-28.27320999899996],[27.48114999900008,-28.271780000999968],[27.48322999900006,-28.24877000299989],[27.503089998000064,-28.2490900009999],[27.50475999200006,-28.27081],[27.510740001000045,-28.27435000099996],[27.527170002000105,-28.266969996999876],[27.56950999800017,-28.284239998999908],[27.59578,-28.25949000399993],[27.605009996999968,-28.266369993999888],[27.616889996000168,-28.251149996999914],[27.611159999000108,-28.24146000299993],[27.596290003000036,-28.17598999899991],[27.62768000000017,-28.171129995999877],[27.64576,-28.19215000099996],[27.65985,-28.184120002999975],[27.661670000000186,-28.186179998999876],[27.656420004000097,-28.161610002999907],[27.66207,-28.162660004999907],[27.661379996000164,-28.14769000399997],[27.653760004000105,-28.12658999699994],[27.69322000000011,-28.123990002999847],[27.68901000000011,-28.096160002999966],[27.654970001000095,-28.05992999199998],[27.73722,-28.029250002999902],[27.74208000300007,-28.040879998999912],[27.75994000200012,-28.061910002999923],[27.81813999900004,-28.063669996999977],[27.80739000400007,-28.067879996999977],[27.79974000100009,-28.08112999699989],[27.79762000000011,-28.094030003999933],[27.766180004000034,-28.09883999899995],[27.77098999900005,-28.124989997999876],[27.75918000300004,-28.12981],[27.76209999600013,-28.150850000999924],[27.773839997000152,-28.148899993999976],[27.774329996000063,-28.152369990999944],[27.800580001000128,-28.15684],[27.796529996000174,-28.1992],[27.80902999600005,-28.20358000199991],[27.804390001000115,-28.214170001999946],[27.79017000099998,-28.21591],[27.781099990000143,-28.22366],[27.786099999000044,-28.23051000399994],[27.784559996999974,-28.24015999799991],[27.790020012000127,-28.25376999199989],[27.830580009000073,-28.283119993999946],[27.827229992000127,-28.323429989999852],[27.86576000500014,-28.31448001599989],[27.862780004000058,-28.323350002999973],[27.865429997000035,-28.33075999299996],[27.843889998000122,-28.345839997999974],[27.86050999800017,-28.361190002999933],[27.836030000999983,-28.41456999799982],[27.828770000000134,-28.41518999799996],[27.8085200000001,-28.458240001999968],[27.846040002000166,-28.47622000399997],[27.83388599800014,-28.55083700299997],[27.865949999000065,-28.5633699899999],[27.87289001000005,-28.570319998999935],[27.87738000800016,-28.564590000999942],[27.90135000000015,-28.555850002999875],[27.911360001000105,-28.564490002999946],[27.930029998000066,-28.55791999799993],[27.931579999000178,-28.57585999899993],[27.95302000000015,-28.58046],[27.95931999800007,-28.576990002999935],[27.9641400000001,-28.582660002999944],[27.97318,-28.579799998999874],[27.97837999700016,-28.56907999899994],[27.983169989000146,-28.570160003999945],[27.978209996000032,-28.57181999999989],[27.970950003000155,-28.58888],[28.001599997000085,-28.606619996999882],[28.008459999000138,-28.60513999299991],[28.014663993000056,-28.597500989999958],[28.02980999200014,-28.603649993999966],[28.029919997000093,-28.61642999099996],[28.039999990000183,-28.624859992999973],[28.04172999200017,-28.635430010999926],[28.037519993000046,-28.63970998999997],[28.046389991000183,-28.65316999299995],[28.045009990000096,-28.66025000899998],[28.034420000000182,-28.671150002999923],[28.053569999000047,-28.68908999599995],[28.052779997000073,-28.69779000199992],[28.058380002000035,-28.712769992999938],[28.056189998000036,-28.718830002999937],[28.059850001000086,-28.72500999899995],[28.0979200000001,-28.74950000199982],[28.101659989000154,-28.767149998999912],[28.09619999800003,-28.7778500039999],[28.097810004000053,-28.781919996999875],[28.08927000100016,-28.79298999799994],[28.08272000000011,-28.793209998999828],[28.086809998000092,-28.799780003999956],[28.077300002000186,-28.807320002999973],[28.07426999800009,-28.81553999099998],[28.059100000000115,-28.814399996999896],[28.050750004000065,-28.81805000199995],[28.050079997000125,-28.82998],[28.05454,-28.841419998999925],[28.051539997000134,-28.84414000399994],[28.047790002000113,-28.84169999599993],[28.040499997999973,-28.85055999699989],[28.03612999500018,-28.84991999199997],[28.02396000000016,-28.859369997999977],[28.025739999000052,-28.862410000999887],[28.02969999600009,-28.859779995999816],[28.02821000100016,-28.866729996999936],[28.032510001000162,-28.86759000199993],[28.03092999800009,-28.87210000399989],[28.034069999000053,-28.87416],[28.028589997000154,-28.87353000199994],[28.02888999800001,-28.879139996999925],[28.024660002000132,-28.87411999899996],[28.013050002,-28.87992],[28.004839996000157,-28.871580001999973],[27.999859999000137,-28.877420002999884],[27.995810003000088,-28.87198000199993],[27.987140000000124,-28.87698000299997],[27.992090002000054,-28.88045],[27.990590000999987,-28.88297999999986],[27.983959998000046,-28.87694000199997],[27.97004999700016,-28.874280001999978],[27.96175999800016,-28.859610002999943],[27.93835999900017,-28.848289998999917],[27.938510003000147,-28.852279997999915],[27.929790002000118,-28.85289998999997],[27.92744001,-28.861910003999924],[27.91872,-28.860280001999968],[27.915790001,-28.86621000299988],[27.920000001,-28.877459995999914],[27.908579999000153,-28.88159000299987],[27.893090003000168,-28.87924000299995],[27.887849998000092,-28.888410002999876],[27.90011999800015,-28.894109997999976],[27.89629000200017,-28.908549998999888],[27.88840000200014,-28.916730001999895],[27.88345999800015,-28.914849997999966],[27.868850004000137,-28.919769997999936],[27.854089997000187,-28.909690000999888],[27.851540001000046,-28.90300999899989],[27.839769998000122,-28.915260003999947],[27.829889998000112,-28.90354],[27.831460002000142,-28.91272999699987],[27.81628999700007,-28.921099996999885],[27.807790003000036,-28.916979996999885],[27.798259996000127,-28.918410002999906],[27.791819999000097,-28.91457],[27.79345,-28.90921999799997],[27.75403000500006,-28.897330000999943],[27.75692999400013,-28.91248000199988],[27.76673000800008,-28.917019997999944],[27.76558000000017,-28.924109997999892],[27.756880003000163,-28.934209998999904],[27.76194999900008,-28.938029988999972],[27.759959999000102,-28.94141000299993],[27.74825000100003,-28.94165999799992],[27.74351999900017,-28.935669998999913],[27.745919997000158,-28.94188999599993],[27.739269998000168,-28.937709998999935],[27.728229999,-28.95064],[27.723070003000146,-28.94935999899991],[27.725539997000055,-28.956379995999896],[27.721039993000034,-28.95761999599989],[27.720119999000133,-28.96303000299997],[27.725020003000168,-28.967380001999913],[27.722860001000186,-28.975630000999956],[27.716799999000045,-28.982419998999944],[27.707390002000125,-28.98237],[27.70957,-28.99060000199995],[27.716290003000097,-28.99158000099993],[27.71356,-29.01011],[27.705599997000093,-29.01158999699993],[27.68510000200007,-29.0036099969999],[27.68094000100018,-29.016419996999957],[27.68799,-29.023189997999964],[27.68155000300004,-29.02402],[27.68116999900002,-29.028419997999947],[27.670109996,-29.027290009999888],[27.675009999000167,-29.03328000099998],[27.673040003000096,-29.043990010999835],[27.65879,-29.048700000999872],[27.651190004000057,-29.041520000999924],[27.641360003000045,-29.04581000199994],[27.644590003000133,-29.05615999799994],[27.65263,-29.056289997999954],[27.652120012000125,-29.061410001999946],[27.659859999000048,-29.055719996999926],[27.667399997000075,-29.063569995999956],[27.674879999000098,-29.065140000999975],[27.675490001000128,-29.077280000999906],[27.665899996,-29.07784000399988],[27.660420001000034,-29.08629999599998],[27.649950004000175,-29.078340001999948],[27.641209998000136,-29.080870000999937],[27.63995999900004,-29.08545999599994],[27.64696,-29.08561999899996],[27.651220006000074,-29.09087000299985],[27.648360003000164,-29.095580000999973],[27.652360001000147,-29.101160001999915],[27.646290000000192,-29.11765000099996],[27.6326700030001,-29.11522999699997],[27.630929998000113,-29.11978999799993],[27.63583999900004,-29.12337999799996],[27.633050007000122,-29.131460002999972],[27.60136,-29.13706999899989],[27.61687999000003,-29.15231999699995],[27.61416999900007,-29.16418],[27.59635000100002,-29.171149997999976],[27.590590001000066,-29.166120001999843],[27.580599996000103,-29.16631999799995],[27.57482,-29.184810003999928],[27.567110000000184,-29.18763000599995],[27.56505000300018,-29.192480002999957],[27.55140000400013,-29.196160001999885],[27.540569999000127,-29.205950002999884],[27.535039997000126,-29.2175200019999],[27.525390004000087,-29.21700999799998],[27.514940002000174,-29.22441999599988],[27.524719997000147,-29.231679997999947],[27.522269999000116,-29.240749991999962],[27.530410001000064,-29.236959995999882],[27.54762998900003,-29.24636000299995],[27.540889997000136,-29.259880001999875],[27.52501,-29.26612000399996],[27.514500002000034,-29.28188999699995],[27.494880008000052,-29.28400999799993],[27.48930999800018,-29.30197000399994],[27.48461999600005,-29.30176000199998],[27.48074000100013,-29.29364000299995],[27.454590002000145,-29.29769],[27.456980002000023,-29.30536],[27.463649998000164,-29.307600002999948],[27.472340004999978,-29.320259997999983],[27.43628000300015,-29.334150001999944],[27.433829998000192,-29.352169996999976],[27.437689997000064,-29.364180003999877],[27.43230000200009,-29.372959994999974],[27.40604999699997,-29.364860001999944],[27.40754,-29.37515999799996],[27.421549999000092,-29.387619996999888],[27.42461000600008,-29.404120001999956],[27.418250003000082,-29.410959998999886],[27.403969997000047,-29.414029995999954],[27.395780003000084,-29.41122],[27.380090004000124,-29.440789996999968],[27.370469997000043,-29.44875],[27.35665000400013,-29.452669995999884],[27.35667000000018,-29.466579996999883],[27.36354999800011,-29.47857],[27.36129999600007,-29.485569992999956],[27.347260003000088,-29.48800000199992],[27.329439996000076,-29.480730001999973],[27.306360003000123,-29.496839997999928],[27.300189997000132,-29.512349997999934],[27.30523999700017,-29.53387000099997],[27.28909999900003,-29.53339999799988],[27.27685000300005,-29.526330001999952],[27.257299996000143,-29.53328000299996],[27.255940010000018,-29.54753999699983],[27.24389000100018,-29.554529998999953],[27.23144999900012,-29.55426999799994],[27.22688,-29.543650002999925],[27.22210999700019,-29.54451],[27.221699999,-29.54950999299996],[27.20675000300014,-29.557809998999915],[27.20849999900014,-29.56567999399988],[27.202659997000126,-29.568690001999983],[27.189510011000095,-29.5698699969999],[27.184969999000145,-29.565890003999925],[27.15416999900009,-29.560999998999932],[27.141080001999967,-29.57518999699994],[27.129960002000075,-29.573719997999945],[27.119399989000044,-29.57774],[27.114479997000103,-29.585239997999963],[27.103990003000092,-29.590320000999895],[27.106139999000163,-29.603009997999948],[27.09473000200012,-29.60459999899996],[27.085120001000178,-29.615059998999982],[27.07910999900008,-29.61169999699996],[27.07538000000011,-29.602110000999915],[27.066259998000135,-29.597259995999877],[27.065869997000107,-29.619520001999888],[27.057190004000176,-29.63712],[27.043280003000064,-29.629480002999912],[27.03389000200002,-29.613419998999916],[27.01801999600019,-29.61712000299991],[27.0281,-29.638819996999928],[27.0115899970001,-29.64855],[27.013309998000068,-29.66095000199988],[27.03850000200009,-29.676959998999962],[27.064380002000178,-29.70509999899997],[27.08800000200017,-29.719469996999976],[27.08334000300016,-29.72299000099997],[27.096579997000163,-29.729929995999896],[27.21636000400008,-29.982970000999956],[27.191969999000037,-29.998099996999883],[27.16320000100012,-30.002219996999827],[27.15216000200013,-30.02605999699989],[27.130260004000036,-30.009339999999895],[27.091950000000168,-30.026769996999917],[27.122020003999978,-30.03681999899993],[27.089752988999976,-30.05342799199991],[27.065379987000085,-30.07578999499998],[27.066619993000188,-30.082609994999927],[27.02319998900009,-30.081309992999934],[26.998949987,-30.070009994999964],[26.991300012000067,-30.111849993999954],[27.031305001000135,-30.112698000999956],[27.045420001000025,-30.10887200199994],[27.051300003,-30.118687001999945],[27.07363799900014,-30.134889996999902],[27.063596998000037,-30.13947199699993],[27.05926800200018,-30.196516997999936],[27.067859998000188,-30.23086200199998],[27.032604001000152,-30.227298995999888],[27.031172,-30.241031989999897],[27.019376008000165,-30.265398997999966],[27.05370900300005,-30.28907399899998],[27.052519991000054,-30.29559000099988],[27.041722,-30.30599199799991],[27.05989100200003,-30.317291997999973],[27.06413800200005,-30.329986997999924],[27.044337004000056,-30.33552],[27.013255004000143,-30.36702099799993],[26.991514011000106,-30.373004995999963],[26.991319003000115,-30.37718899899994],[26.961323000000107,-30.39282800199993],[26.958257998000136,-30.40294100099993],[26.928126003000045,-30.425312996999935],[26.91811300900008,-30.41849400199993],[26.93057099700019,-30.410593995999932],[26.930054003000066,-30.404008996999835],[26.91230499699998,-30.40636199699992],[26.917016998000065,-30.433543],[26.897137003000182,-30.44818400999992],[26.884579001000134,-30.448776001999875],[26.874672996000186,-30.400005998999916],[26.854107003000024,-30.39259800399998],[26.854651,-30.402798991999816],[26.831542920000118,-30.413511351999944],[26.82481044600013,-30.408233832999883],[26.834329205000188,-30.405899665999925],[26.83490235000005,-30.390261058999897],[26.84641199700019,-30.387574],[26.857143998000026,-30.373834997999893],[26.845932003000087,-30.37171300199998],[26.855403003000163,-30.359766],[26.84051600400005,-30.354988998999943],[26.817490997000164,-30.33866000099988],[26.82409099700004,-30.32662899899998],[26.826136997,-30.30631900999998],[26.806325003000154,-30.283608997999977],[26.807758998000054,-30.280829003999884],[26.794780003000085,-30.283698],[26.776948003000086,-30.30241000099994],[26.780660000000182,-30.281729998999936],[26.789659999000094,-30.263405996999893],[26.75598999800019,-30.260307998999906],[26.754354004000163,-30.264341996999974],[26.746738999000115,-30.26602900399996],[26.716283,-30.264180996999983],[26.69062699800014,-30.27898800299988],[26.686363001000018,-30.265084991999913],[26.667062998000176,-30.26178099799995],[26.65711499700018,-30.266988998999977],[26.654438001000187,-30.28314600099992],[26.65909100200014,-30.293286001999945],[26.64662900100012,-30.290091995999887],[26.621396003000086,-30.31126899599991],[26.58264500200005,-30.292286995999973],[26.554295997,-30.312051009999948],[26.540462998000066,-30.305517996999868],[26.535192997000024,-30.310868996999943],[26.5209009080001,-30.31120367199992],[26.505976336000174,-30.306826137999906],[26.504286763000096,-30.29569030799985],[26.48882999900019,-30.265565000999914],[26.498007431000133,-30.240295768999943],[26.52472721200013,-30.22884675399996],[26.49849699700013,-30.22186800299994],[26.48958700500009,-30.18470799999983],[26.499427614000126,-30.17953416699993],[26.465660382000067,-30.165261507999844],[26.424476011000138,-30.17293000199993],[26.428578002000165,-30.18650800299997],[26.40248199900003,-30.17658200099993],[26.362344001000054,-30.188986],[26.385480999000038,-30.2383589989999],[26.32902400100005,-30.262185003999946],[26.323810997000066,-30.275618002999863],[26.327825988000143,-30.289253998999925],[26.319014,-30.301862996999944],[26.314670002000184,-30.336836003999963],[26.28946699900007,-30.363355999999897],[26.272867634000193,-30.368822244999933],[26.254970004000086,-30.387229991999845],[26.240580002000172,-30.3710999999999],[26.22323999600019,-30.365489996999884],[26.21441999700005,-30.343379996999886],[26.20219199900015,-30.334902999999883],[26.187913996000134,-30.351959001999887],[26.166057997000166,-30.3654119979999],[26.142774998999982,-30.373236],[26.115300004000176,-30.426127000999884],[26.110136991000104,-30.427254993999952],[26.107619986000145,-30.419744993999927],[26.117168989,-30.413870995999957],[26.115883007000036,-30.4083509969999],[26.12057199100002,-30.400947014999872],[26.120987007999986,-30.394143993999933],[26.115412011000103,-30.390221994999933],[26.11341200600009,-30.38038099199997],[26.07672300700017,-30.400224990999902],[26.03010901400006,-30.413861997999902],[26.03039100400008,-30.416872987999966],[25.97380998800014,-30.40812499599997],[25.964008045000128,-30.443891859999894],[25.97455856099998,-30.44276203399994],[25.977447280000035,-30.468588112999953],[25.957945313000153,-30.47114377899993],[25.946695412000054,-30.49247261499994],[25.922290991000068,-30.488402994999944],[25.91859299200007,-30.518315993999977],[25.932986008000114,-30.51727999299993],[25.96199799100009,-30.544332993999944],[25.942019999000024,-30.559219996999957],[25.939949997000156,-30.581989997999983],[25.930970002000095,-30.58503999999988],[25.923750002000077,-30.58221999699998],[25.925380004000147,-30.56687],[25.90271,-30.54280000199992],[25.8949900020001,-30.540649997999935],[25.88418000200005,-30.54462999899988],[25.871759996000037,-30.562200002999873],[25.874849998000116,-30.57279000299991],[25.89199,-30.59679999699995],[25.890979998000148,-30.610259998999936],[25.860629997000103,-30.612929995999934],[25.84666,-30.633559999999875],[25.79304,-30.637100000999965],[25.781690001000072,-30.6469],[25.778559998000162,-30.67756],[25.770579999000063,-30.68647999799998],[25.76148000200004,-30.68864],[25.74975000000012,-30.682460003999893],[25.69793000300018,-30.67859999699988],[25.679990002000068,-30.66667999699996],[25.68530999400008,-30.647100002999935],[25.675469994000025,-30.64010000299993],[25.64167,-30.657719997999948],[25.613719998000136,-30.65601000299995],[25.609360001000084,-30.64980000399987],[25.62295000400013,-30.63240000099995],[25.6248000060001,-30.6243],[25.616980002000048,-30.618869995999887],[25.603089997000154,-30.59439],[25.596690001000127,-30.590369996999925],[25.589579996999987,-30.59155999899997],[25.56607999900018,-30.614890002999914]]]},"properties":{"area_code_id":"051","area_codes":["051"],"area_code_label":"051","prefix_1":"5","ward_count":92}},{"type":"Feature","geometry":{"type":"Polygon","coordinates":[[[24.469500004000167,-29.81397999899997],[24.453640001,-29.86772000299993],[24.423579997000104,-29.88643],[24.402859997000064,-29.916239997999924],[24.377390002000084,-29.887780004999968],[24.298269999000127,-29.897170005999953],[24.281959998000048,-29.93484],[24.29058000500015,-29.96659999399992],[24.27881999000016,-29.96430000199996],[24.27203000200018,-29.97532998899993],[24.261409998999966,-29.98147000299997],[24.243940002000045,-29.975170010999932],[24.217111003000184,-29.955627997999898],[24.206838002999973,-29.914634002999946],[24.24437100200015,-29.890931995999892],[24.23640799400016,-29.85889399599995],[24.21288200500004,-29.857836004999967],[24.171602989000178,-29.871089001999962],[24.13556800500004,-29.873296997999887],[24.132168991000015,-29.859878997999886],[24.112072991000105,-29.84029900199988],[24.080243998000128,-29.852460001999873],[24.073695992000125,-29.836219997999876],[24.07891100100005,-29.798007001999963],[24.052241996000134,-29.796579],[24.05401784700007,-29.79030393499994],[24.024259815000107,-29.782782006999923],[24.012231996000082,-29.789682998999922],[23.988473830000032,-29.76467763999989],[23.97096099600003,-29.75705146499996],[23.956850797000016,-29.738812900999903],[23.936601109000037,-29.734036052999897],[23.931877880000116,-29.737117458999933],[23.930807881000135,-29.727396372999976],[23.856780996999987,-29.75482500299995],[23.831663004000177,-29.770137001999956],[23.798372996000126,-29.757786001999875],[23.831295002000104,-29.71807999799995],[23.807556005000095,-29.67585500299998],[23.772253993000106,-29.647800993999965],[23.75929100000019,-29.646264004999978],[23.752707843,-29.544525002999933],[23.778192958000034,-29.467767957999968],[23.771756158000187,-29.430377009999916],[23.758427801000096,-29.408000195999932],[23.74905228200015,-29.412718479999967],[23.71807170000011,-29.41088630099989],[23.664450547000172,-29.422034072999907],[23.624225765000176,-29.424603893999915],[23.580122455000037,-29.419535636999967],[23.568820011000128,-29.417072892999954],[23.56113435500015,-29.410231946999943],[23.53668539300014,-29.374742288999926],[23.530657553000026,-29.371518058999982],[23.55392421400012,-29.362670624999964],[23.57733538499997,-29.345810725999968],[23.595295185000055,-29.320304110999928],[23.60644680400003,-29.31356817699998],[23.61531832600008,-29.283677988999898],[23.635657518000187,-29.273423109999896],[23.628292737000038,-29.26529646299997],[23.642460917999983,-29.255191609999883],[23.663031505,-29.23161363099996],[23.708864216000165,-29.24788030299993],[23.714224066000043,-29.241010066999877],[23.72140171700005,-29.21379647799995],[23.719959998000036,-29.196129996999957],[23.71265999700006,-29.191730004999897],[23.699350002000017,-29.16426000599995],[23.68871,-29.15442999699991],[23.692349997000065,-29.138400001999912],[23.701430002,-29.127070001999925],[23.704069997000033,-29.10657000099991],[23.690489996000053,-29.10444000299998],[23.635270001000038,-29.07258000299987],[23.642408,-29.060267993999958],[23.653591005000123,-29.052727001999926],[23.673157002000153,-29.056683002999875],[23.70531199800007,-29.055708],[23.731821002000117,-29.075378000999933],[23.771656439000026,-29.048110871999825],[23.770649472000116,-29.04110126699993],[23.76468972800012,-29.043170715999963],[23.732604400000127,-29.027957044999937],[23.725756517000093,-29.029084759999876],[23.731231176,-29.013118334999888],[23.69010418900001,-29.000635623999926],[23.66562300200013,-29.007266001999824],[23.654909003000114,-28.980481000999873],[23.60262900000015,-28.945060001999934],[23.672471996000127,-28.864561995999964],[23.683012002000055,-28.846651],[23.695608992000132,-28.837808001999917],[23.716680004000068,-28.835621004999894],[23.72799402800007,-28.850513600999875],[23.76661363000011,-28.829183978999936],[23.766032361999976,-28.79389398299992],[23.781337893000114,-28.779865974999893],[23.692960006000135,-28.736850001999983],[23.623760001000164,-28.708360001999893],[23.661319998000067,-28.64556],[23.706969999000023,-28.58772000099998],[23.543129,-28.51728800299992],[23.56819000300004,-28.449910000999978],[23.503469995000046,-28.415214997999897],[23.458320007,-28.40621000599998],[23.38872000100008,-28.371629989999917],[23.420059996000134,-28.29504000399993],[23.398839991000045,-28.28236],[23.369610963000127,-28.256222965999825],[23.332311996000158,-28.346245999999894],[23.29955395700017,-28.38252510699988],[23.230308149000052,-28.34343567399992],[23.14581861100004,-28.331628106999972],[23.172932003000028,-28.296178999999825],[23.11332999900003,-28.247360000999947],[23.104030002000172,-28.277989998999942],[23.089,-28.29482900399995],[23.088679216000116,-28.301454783999873],[23.074678953000046,-28.31015827899995],[23.070281868999984,-28.30393478499991],[23.081588010000132,-28.244691643999886],[23.08149418,-28.15142514899992],[23.076246371000025,-28.121450921999894],[23.081926010000018,-28.119967540999937],[23.07248683400013,-28.04650288399995],[23.1120056150001,-27.96279946599992],[23.085480007,-27.84482999799991],[23.10899999700007,-27.79605999699993],[23.16024999900003,-27.728569997999955],[23.28857000200003,-27.71421000299989],[23.27410000300017,-27.66133999799996],[23.264870004000045,-27.519079998999928],[23.307429994000188,-27.51467],[23.34329,-27.47764999799989],[23.372723996000047,-27.464460996999946],[23.341970003000142,-27.41519999899998],[23.3437899970001,-27.38696999699988],[23.355049999000073,-27.37616000199995],[23.327219997999975,-27.36745999799996],[23.313619998000036,-27.35191],[23.312091299000144,-27.344444454999916],[23.337341004000052,-27.35256499899998],[23.340146552000192,-27.34757744699988],[23.34449544100005,-27.349545042999978],[23.348275049000108,-27.345408836999866],[23.356379123000067,-27.34860749799992],[23.36241503000008,-27.344281841999873],[23.36697543500003,-27.345612725999956],[23.371089696000183,-27.353938381999967],[23.390964644000064,-27.363345068999934],[23.386874383000134,-27.34013978099989],[23.39997725700016,-27.336256857999956],[23.393711995000103,-27.29880999599993],[23.321711001000097,-27.243268996999973],[23.352892719000067,-27.207998346999943],[23.31839699900013,-27.181002958999954],[23.35332888000005,-27.14287400799992],[23.372951638000018,-27.16247367699998],[23.378996456000152,-27.160277462999886],[23.38487394200007,-27.147058346999927],[23.38885972999998,-27.153912824999964],[23.398530124000047,-27.15604202499992],[23.408302279999987,-27.169794261999982],[23.41610707600006,-27.17000843099993],[23.41521099800019,-27.163268996999875],[23.424080003000086,-27.16675899899991],[23.42084653900008,-27.17199936199995],[23.438949737000144,-27.193196263999937],[23.450204586000098,-27.199180605999913],[23.457617638999977,-27.19775969199992],[23.477857005000033,-27.178617002999943],[23.44988800100009,-27.151924997999913],[23.394376001000126,-27.059639002999972],[23.43378300000012,-27.02183299799998],[23.364375995000046,-26.988465000999895],[23.357245995000028,-26.978812001999927],[23.309219451,-26.976216375999968],[23.303336,-26.920557],[23.288064000000134,-26.894284999999854],[23.245724,-26.83904],[23.232784917000174,-26.812515458999883],[23.21838265100007,-26.81775630599992],[23.198188997999978,-26.838430002999928],[23.178850001000114,-26.830639996999935],[23.179786005000096,-26.82736399399994],[23.171414997000113,-26.830462994999948],[23.15695334500009,-26.79672047199989],[23.17522265000008,-26.78221468299995],[23.15599668699997,-26.744316908999906],[23.161361174000035,-26.732384899999943],[23.166285001000176,-26.73434500199994],[23.17236000100013,-26.724749000999907],[23.166184997000073,-26.720337000999905],[23.178705877000084,-26.67920432699998],[23.16680094900005,-26.644087525999907],[23.19563600800018,-26.59067300199996],[23.288741003999974,-26.644584006999935],[23.36849299800008,-26.683488000999944],[23.462959998000144,-26.53108999799997],[23.58375,-26.617149997999945],[23.64293168000006,-26.553124123999964],[23.708326481000142,-26.466344599999957],[23.73827797500013,-26.500529634999907],[23.744550998000022,-26.500857],[23.76117441200006,-26.473038396999982],[23.82535261600009,-26.43722299199993],[23.804871352000134,-26.389129550999883],[23.88846100000012,-26.34161500299996],[23.85565599900019,-26.280488996999907],[23.76726201800011,-26.23934722799993],[23.710296675999984,-26.171374735999905],[23.76109189300007,-26.143497049999894],[23.76174112500013,-26.149394237999957],[23.77409900400005,-26.14611599899996],[23.784182000000158,-26.134509996999896],[23.781853002,-26.132233000999975],[23.805391007000026,-26.133655276999946],[23.810369385,-26.12921635899994],[23.804923256000166,-26.125931391999927],[23.807462395000186,-26.124944924999852],[23.804249786000014,-26.119251692999967],[23.820922822000057,-26.116201746999934],[23.823403445000054,-26.111850490999814],[23.79416295400017,-26.08702927799993],[23.812106420000134,-26.056620566999925],[23.87979372400008,-26.06106521299995],[23.970840147000047,-26.061163430999898],[23.984684809000157,-26.017010341999935],[23.964877468000054,-25.975317510999957],[23.968837888000053,-25.95840494999993],[23.960103271000037,-25.904841870999917],[23.989651381000044,-25.909593713999982],[23.982988566000074,-25.87947338899994],[24.046270997000192,-25.88359799699998],[24.151050003000137,-25.839705997999943],[24.161281999000096,-25.859688001999928],[24.21507400300004,-25.842160001999957],[24.24758900000012,-25.81590999699995],[24.27174500100017,-25.84053999799994],[24.339513003000036,-25.88305499899991],[24.366528998999968,-25.842477],[24.371848504000013,-25.81453758599997],[24.461100331000182,-25.80050609899996],[24.465069998000104,-25.79017000399989],[24.667030001000057,-25.921250002999955],[24.63916,-25.934259997999845],[24.653879999000026,-25.95932000199997],[24.710060000000112,-26.011989996999944],[24.733850001000064,-26.03957000099996],[24.7624700020001,-26.093299996999974],[24.804080001999978,-26.158249998999963],[24.8170799990001,-26.19879],[24.76417999800003,-26.205250000999968],[24.690320004,-26.234190000999945],[24.635080001000063,-26.269699997999965],[24.658939997,-26.295820001999914],[24.677920003000168,-26.32911],[24.62778999700015,-26.351509995999947],[24.536130001000174,-26.401690000999963],[24.562199998999972,-26.453499998999973],[24.602179997,-26.51544999899994],[24.657379999000113,-26.48580999799998],[24.692810002000158,-26.548980000999848],[24.729249999000103,-26.59639999199993],[24.76133999800004,-26.58014],[24.753139998000165,-26.570409995999967],[24.76328999800012,-26.564879994999956],[24.77168000299997,-26.574829997999927],[24.76880000300008,-26.57629999699998],[24.77136000500019,-26.581270003999975],[24.75309999800004,-26.59073],[24.78025,-26.642580006999935],[24.89509985500007,-26.577333983999893],[24.894414699000038,-26.56141970399989],[24.914832221999973,-26.565807229999905],[24.9091229980001,-26.571242000999973],[24.946891696000137,-26.634233412999833],[24.97668758300017,-26.619844429999887],[25.00450381000013,-26.644132606999904],[24.970964099000184,-26.68343024099994],[24.995633846000032,-26.67243799299996],[25.02882090100013,-26.716966987999967],[25.150416571999983,-26.65148992899998],[25.178589177000163,-26.66221757699992],[25.147649998000077,-26.714019996999923],[25.133069998000053,-26.77183999799996],[25.120012125000073,-26.79724799199994],[25.126962795,-26.81211229399986],[25.148325249000095,-26.800580117999914],[25.19420360700019,-26.857585332999975],[25.25749,-26.802249995999887],[25.320779997000102,-26.886259996999968],[25.38267999800007,-26.86165999799988],[25.421539998000128,-26.920099999999877],[25.388810003000174,-26.929149997999957],[25.349139997000066,-26.9524400009999],[25.390820000000133,-27.00425999799984],[25.39911,-27.0377],[25.386929999000074,-27.040889999999877],[25.365439998,-27.063650002999964],[25.332909999000094,-27.03119],[25.324459997000133,-27.014259991999893],[25.292159996000066,-27.023965003999876],[25.260559997000144,-27.007309998999972],[25.22257999800013,-27.029270001999976],[25.26792899700007,-27.04414400299993],[25.270327001000055,-27.068314996999902],[25.286642003999987,-27.099821995999946],[25.30052999700007,-27.100462],[25.29075700100003,-27.11735899699994],[25.27969723600006,-27.12707902099993],[25.278776719000177,-27.165201139999965],[25.30939606600009,-27.177883300999895],[25.31081656900011,-27.18600652699996],[25.30133899800012,-27.194052],[25.29242123100005,-27.194651628999907],[25.294183907000104,-27.203124308999975],[25.301221499000064,-27.20861224899994],[25.298408054000106,-27.212297580999973],[25.302119001000108,-27.21395299699998],[25.300839000000167,-27.220480998999903],[25.293122002000075,-27.22574199899998],[25.29322599800014,-27.242988995999895],[25.318187998000155,-27.284244996999973],[25.333182135000072,-27.274014789999967],[25.33650399700008,-27.283800998999936],[25.330147001000114,-27.286562001999926],[25.331427002000055,-27.295671],[25.325819002,-27.30080299699989],[25.404489996,-27.396710000999917],[25.443586279000044,-27.393452612999965],[25.48343603100011,-27.462239161999946],[25.46404395700017,-27.51465279499996],[25.44989879500008,-27.509972562999963],[25.444033992000016,-27.519273999999882],[25.46087600200019,-27.530393999999887],[25.48233400500004,-27.55845500399988],[25.42795699900006,-27.600834002999875],[25.449849999000094,-27.653854995999893],[25.48663699700012,-27.650366],[25.4900439970001,-27.65679699599997],[25.487940002000187,-27.69195000299993],[25.479070004000107,-27.693699998999932],[25.469259999000087,-27.710589997999875],[25.440440002,-27.71687],[25.424029997,-27.71558000099992],[25.394509998000103,-27.728680003999898],[25.36402999700016,-27.750540000999933],[25.3485599980001,-27.771980001999907],[25.340769996,-27.79264],[25.333030002000157,-27.790500002999977],[25.323529997000094,-27.793790000999877],[25.34921000100013,-27.850240000999975],[25.397799996000174,-27.896000003999973],[25.4347399990001,-27.911459996999895],[25.41945,-27.919060000999878],[25.470369999000127,-27.95194999899985],[25.468829997000057,-27.96066999999988],[25.50683000000015,-27.959820001999958],[25.517469999000014,-27.98636000199997],[25.62607000100013,-28.03876999599987],[25.62886999900013,-28.053130003999968],[25.58638999600015,-28.105719996999937],[25.6378199990001,-28.119929999999897],[25.659690003000094,-28.13560000299998],[25.64694999900007,-28.14260000299987],[25.632006003000072,-28.142300000999967],[25.59889499900015,-28.164505993999967],[25.57372899700016,-28.164772002999882],[25.503544997,-28.19866499699998],[25.500999989000093,-28.207445003999965],[25.567208000000164,-28.232852],[25.582944001000044,-28.249548002999973],[25.568165003000047,-28.288378000999955],[25.572413998000172,-28.288381998999967],[25.5653019990001,-28.31379],[25.587080000000185,-28.32458599699993],[25.566880996000123,-28.354540002999954],[25.55822600300013,-28.352171993999946],[25.535939003000124,-28.44916499599998],[25.453746999000145,-28.443106],[25.44444200300012,-28.45034000399994],[25.436872001000097,-28.497475999999892],[25.37688299700011,-28.497829997999872],[25.35039799900005,-28.492584],[25.34915199800008,-28.50459300199998],[25.309268001000078,-28.535795003999908],[25.284125003000042,-28.535849989999917],[25.27117099900005,-28.556194003999906],[25.262878,-28.581806995999955],[25.29014699100003,-28.593384998999852],[25.334133011000063,-28.595937994999872],[25.36481801100018,-28.617392],[25.35972999700016,-28.652166997999927],[25.42896300300015,-28.6278230019999],[25.480813002000048,-28.620842997999944],[25.5231420020001,-28.637326996999946],[25.53212499700004,-28.66824399799998],[25.5916120010001,-28.68518500099998],[25.579983002000063,-28.70683900199998],[25.64277600200012,-28.736694],[25.63953900300004,-28.745327001999954],[25.59328500400005,-28.739415999999892],[25.61979399600017,-28.76422],[25.596182000000113,-28.816965998999933],[25.630308,-28.825615997999876],[25.626607996000132,-28.89156799799997],[25.62956000300005,-28.88682999299982],[25.635950001000083,-28.885909998999978],[25.641000001000123,-28.89157999899993],[25.649730001000023,-28.887469996999926],[25.660389997000095,-28.892479996999953],[25.663219990000186,-28.8891700019999],[25.671959996,-28.90042000299991],[25.680579999000145,-28.895789998999874],[25.695850003000032,-28.906079996999893],[25.7044500020001,-28.905409997999982],[25.705400006,-28.90921999799997],[25.711890003000065,-28.905629997999938],[25.723330001000193,-28.90869999599994],[25.738440001000185,-28.903210002999913],[25.745260002000066,-28.906400002999874],[25.737450004000095,-28.960809995999966],[25.74720000400015,-28.977939999999876],[25.719359998000073,-29.006290000999968],[25.76091999900018,-29.025799998999958],[25.731340003000184,-29.077020007999977],[25.739429999000038,-29.080720003999886],[25.732559999000046,-29.102080003999845],[25.734360002000017,-29.11387000299993],[25.76237000100008,-29.116729998999972],[25.755180003000078,-29.134210002999964],[25.734660003999977,-29.14122999899996],[25.77162000300018,-29.16915999699995],[25.74431000600015,-29.176919995999924],[25.739699998000106,-29.188100001999942],[25.74370001200009,-29.189319996999984],[25.741249998000058,-29.23428],[25.706710002000023,-29.23890999599996],[25.68552000400001,-29.226730002999886],[25.611300003000167,-29.22368000199998],[25.562775905000024,-29.206280380999942],[25.539379836000023,-29.25632330299993],[25.573699692000105,-29.272084570999937],[25.517580011000064,-29.296189998999978],[25.5072899970001,-29.285339997999927],[25.49726999800015,-29.299800002999973],[25.48107000300007,-29.30731999799997],[25.477109998000117,-29.28200999899991],[25.458120002000044,-29.285209996999924],[25.458340002000114,-29.292169996999917],[25.46699000900003,-29.30159],[25.46128,-29.30633999899993],[25.451120002000152,-29.30695000099996],[25.458539998000163,-29.335019996999904],[25.463319999000134,-29.33306999699994],[25.460899996000023,-29.34041],[25.480219996000187,-29.360870001999842],[25.52646,-29.34192999699991],[25.514469997000162,-29.396549999999877],[25.540079997000134,-29.411960001999944],[25.54578,-29.429460002999974],[25.48999999900019,-29.434200002999944],[25.496580003000133,-29.45610000099998],[25.511070003000043,-29.45313000099992],[25.51459999700006,-29.474769998999932],[25.50252000200004,-29.48403999699991],[25.465700002000176,-29.472400001999972],[25.49651000700004,-29.519630003999964],[25.51516000000015,-29.536120009999934],[25.50569999600009,-29.54176],[25.496580003000133,-29.54188000299996],[25.48681999700017,-29.558749996999893],[25.479620001,-29.561939996999968],[25.46924000300004,-29.555859998999892],[25.461949999000126,-29.529849997999975],[25.452209997000182,-29.531659999999874],[25.44790999700018,-29.522939997999856],[25.44079000300013,-29.52387999599989],[25.447720000000174,-29.55593000199991],[25.44081999700012,-29.565640008999935],[25.460470002000136,-29.584669996999935],[25.42747000000014,-29.59551999799993],[25.4235600020001,-29.599270000999923],[25.43026999800003,-29.601530008999873],[25.41952000300006,-29.609129996999968],[25.410639998000136,-29.607619997999905],[25.400660000000187,-29.615379996999934],[25.399010002000125,-29.61811999799994],[25.406599992000167,-29.62447000399993],[25.394339997000145,-29.63796],[25.370020004000082,-29.641630001999886],[25.334260004000157,-29.663089998999965],[25.305629997000153,-29.62891000199994],[25.29063999900012,-29.59416000399989],[25.282809996000026,-29.59746],[25.24287999700016,-29.590639998999904],[25.226749997000127,-29.62240000199995],[25.20068,-29.62498],[25.206020004000038,-29.582709998999974],[25.187849996000182,-29.581440003999944],[25.194649993000155,-29.507959997999933],[25.182489996000072,-29.49272999599998],[25.177320001000112,-29.491039988999944],[25.178790000000163,-29.516940000999966],[25.164489998000022,-29.534310000999938],[25.09981000300013,-29.565179995999983],[25.097160001000077,-29.55799999599992],[25.088669998000057,-29.56107000199995],[25.074520001000167,-29.5465],[25.066959998000186,-29.5465299949999],[25.052590000000123,-29.60100000099993],[25.02590000300006,-29.616519998999934],[25.02808000100015,-29.62540000399997],[25.013330000000167,-29.635550002999878],[24.994880003000105,-29.624139998999965],[24.972879999000043,-29.625339998999948],[24.953770001,-29.647430002999897],[24.95576000200009,-29.78801999699988],[24.984510003000082,-29.802700001999938],[24.983770001000153,-29.81745000299992],[24.96463,-29.81092999699996],[24.969209997000178,-29.83124000199996],[24.998250003000066,-29.843759997999882],[24.96729,-29.84751],[24.973090001,-29.873650000999874],[24.97557999900016,-29.91491],[24.93986,-29.916029997999885],[24.938200004000066,-29.92195000099997],[24.898810003000108,-29.922910003999903],[24.90242,-29.93870999899997],[24.879230002000156,-29.938089998999942],[24.89360999800016,-29.96836999699991],[24.902522913000155,-29.976099240999872],[24.881311417000177,-30.01191711399997],[24.869150162000153,-30.025550841999973],[24.85811042800009,-30.029529571999888],[24.852600097999982,-30.027950286999953],[24.83592796300013,-30.034006118999912],[24.798487668,-30.034170146999884],[24.79617999800007,-30.045459998999945],[24.801960001000168,-30.058780001999878],[24.814130002000013,-30.06787999799991],[24.817810004000023,-30.082139998999935],[24.838489998000114,-30.09518999599993],[24.837590001000024,-30.117800002999957],[24.87114000000014,-30.13451000399988],[24.880380001,-30.1589],[24.881639999000186,-30.173280010999918],[24.89518000300012,-30.184209995999936],[24.8999899960001,-30.206700000999945],[24.910420004000116,-30.209649997999918],[24.921320004000165,-30.200310010999942],[24.928810005,-30.204549995999855],[24.930914561000066,-30.20868930399996],[24.90828407800018,-30.22382195399996],[24.870891961000098,-30.22820999499993],[24.812429043000066,-30.221942034999927],[24.75403991999997,-30.224282040999924],[24.713964003000115,-30.23467397999991],[24.70508603800016,-30.26547503599994],[24.69003011799998,-30.26701296099992],[24.69047003700007,-30.274210981999886],[24.70508387700005,-30.289167002999932],[24.678345963000027,-30.296928961999924],[24.642485997,-30.298345020999932],[24.618783958000108,-30.287001964999945],[24.614472963000026,-30.25426698399997],[24.60848795900006,-30.24116900399997],[24.54766596200011,-30.201445976999878],[24.537516119000088,-30.19912398599996],[24.514261676000046,-30.206173657999898],[24.520900372000085,-30.17808412599993],[24.51804501400011,-30.173360896999952],[24.531667433000052,-30.134813622999957],[24.55019153400019,-30.128853077999906],[24.589714383000114,-30.13889440099996],[24.605632971999967,-30.13407598999987],[24.610403797000117,-30.118395343999907],[24.62405000500013,-30.100751643999956],[24.65530396600019,-30.092915677999883],[24.663000209000074,-30.086303785999917],[24.663846531000104,-30.076147919999926],[24.6683420010001,-30.077193002999877],[24.66617199600006,-30.07041299799988],[24.687680999000065,-30.06218799999988],[24.695816,-30.07026799499988],[24.705112997000185,-30.058818],[24.717506357000104,-30.087546561999886],[24.71689326300003,-30.03810115699997],[24.720529080000176,-30.044097398999895],[24.72632300300006,-29.999611005999952],[24.73195999700016,-29.991589992999934],[24.723740004000092,-29.992170002999956],[24.67285999700016,-29.974050003999878],[24.662820003000093,-29.942230003999896],[24.66786000400009,-29.909119997999937],[24.66504999900019,-29.901950005999936],[24.652700006000032,-29.89885000499993],[24.645260003000033,-29.91130000299995],[24.60722999800015,-29.910950000999946],[24.564180003000047,-29.877720002999922],[24.54696999700019,-29.844890001999943],[24.539540001000034,-29.842299996999884],[24.525339998000106,-29.845439997999904],[24.510340003000067,-29.841470003999973],[24.502410010000176,-29.83613],[24.503380004000178,-29.824050004999947],[24.497700005000127,-29.81605],[24.469500004000167,-29.81397999899997]]]},"properties":{"area_code_id":"053","area_codes":["053"],"area_code_label":"053","prefix_1":"5","ward_count":150}},{"type":"Feature","geometry":{"type":"Polygon","coordinates":[[[21.251700003999986,-30.39753],[21.142617446000145,-30.426516879999895],[21.082062173000054,-30.40183734399983],[21.055962842000042,-30.485085638999976],[21.00134893800015,-30.465054819999978],[20.99684548800019,-30.493820613999958],[20.92542594300005,-30.50003415699996],[20.910101455000074,-30.519768485999975],[20.927230224000027,-30.565060727999878],[20.938535434000187,-30.61665292799995],[20.884781616000055,-30.612907682999946],[20.876040182999986,-30.62789900799993],[20.84632384700012,-30.625089740999897],[20.799292618000095,-30.636321930999884],[20.789986370000122,-30.588234641999975],[20.740634104000037,-30.611013125999875],[20.691008769000177,-30.640038010999945],[20.615560091000134,-30.65491338899983],[20.60949726800004,-30.736848842999905],[20.595207943,-30.78213497799993],[20.57328494,-30.78459416499993],[20.531519492000086,-30.70610269399998],[20.453929802,-30.765678068999932],[20.412129997000136,-30.758334995999974],[20.383159999000156,-30.815259997999874],[20.442189993000056,-30.880029995999962],[20.420480006000105,-30.898149999999816],[20.45932000200014,-30.898930002999975],[20.389879999000186,-30.95676499399991],[20.37446000300008,-31.00901999799993],[20.3786100050001,-31.026879995999934],[20.366464997000094,-31.04144999899995],[20.351190004000046,-31.090939996999907],[20.388980001000164,-31.154635004999875],[20.396789999000134,-31.150120000999948],[20.40307999800018,-31.18552000099993],[20.423089994000065,-31.178490004999958],[20.460529996000048,-31.17679999799998],[20.54985000900018,-31.20273],[20.55898999600015,-31.196039998999936],[20.626330000000166,-31.18789999799992],[20.63154000100019,-31.19267999899995],[20.579300004000174,-31.226289995999934],[20.55148000300005,-31.235439997999947],[20.59158000700006,-31.310629998999957],[20.546328998999968,-31.33150300099993],[20.50610300000011,-31.330073],[20.441976001000114,-31.336004997999908],[20.38348404300018,-31.355726036999954],[20.28354192300003,-31.314756960999887],[20.236039921000042,-31.31567198999994],[20.183842076000133,-31.353454978999935],[20.076324837000016,-31.40039403499992],[20.054319119000013,-31.414593955999976],[19.97773884200012,-31.42922796499994],[19.965192841000032,-31.416944042999887],[19.942129083999987,-31.43911896299994],[19.92829607600015,-31.44807000599991],[19.9151920810001,-31.44635999899998],[19.911161946000163,-31.45401501899994],[19.9090326970001,-31.447611982999945],[19.89866048300007,-31.452159904999974],[19.867989237000018,-31.433195601999955],[19.850463,-31.431438992999972],[19.843947001000117,-31.421350985999936],[19.833707879000087,-31.41546101899985],[19.790674415000183,-31.40918313799989],[19.785902273000033,-31.396211587999915],[19.752052999000114,-31.402301001999888],[19.73139899600011,-31.397381996999854],[19.733895004000033,-31.386482997999906],[19.72916999299997,-31.383012001999873],[19.738043006000055,-31.367568],[19.742920003999984,-31.386326003999898],[19.76400099800003,-31.367272002999982],[19.766506999,-31.355588001999934],[19.777019996999968,-31.344672002999914],[19.750815998000178,-31.28519100199992],[19.757481006999967,-31.260701001999905],[19.745691002000115,-31.23940100699997],[19.730430001000173,-31.179923998999925],[19.723398997000174,-31.177690003999828],[19.716721004000135,-31.149402003999967],[19.719200997000087,-31.12068299699996],[19.729078004000087,-31.097393998999962],[19.731617995000022,-31.059214000999816],[19.73064200900012,-31.04863299699997],[19.708124005000172,-31.023868006999976],[19.777471995999974,-30.99182899799996],[19.78535199900017,-31.007733998999868],[19.793478993000065,-30.95143499699998],[19.808010590000094,-30.935269875999893],[19.840198000000157,-30.925067995999825],[19.938178002000143,-30.91947100199991],[19.93269899500001,-30.84567799599995],[19.94251299700005,-30.76003699499995],[20.02610899600012,-30.832178],[20.044157003000123,-30.791414004999865],[20.06477699100003,-30.69334499799993],[20.05010500700007,-30.68845000099998],[20.00775500100002,-30.661606002999974],[19.99638600300011,-30.625687997999933],[19.92329700300013,-30.632602997999925],[19.879369992000136,-30.617585003999977],[19.887170998000045,-30.545705996999914],[19.855387996000047,-30.528278998999895],[19.806483000000128,-30.433481994999966],[19.75471600100019,-30.393759],[19.713130005000153,-30.384380006999947],[19.649410007000142,-30.37885999299982],[19.533789999000078,-30.316980004999948],[19.46482000900005,-30.31793],[19.368379996000044,-30.29636],[19.29813999900017,-30.25407999899994],[19.187160005000123,-30.298500005999983],[19.161179998000023,-30.320599993999963],[19.13578,-30.37691999499998],[19.083110653000176,-30.342430426999897],[19.091310501000066,-30.309659957999827],[19.010570526000038,-30.164569854999968],[19.011909485000103,-30.074069976999965],[18.908290863000047,-30.063850402999947],[18.85915947000018,-29.946609496999884],[18.863910675000113,-29.94523048399992],[18.863449097000114,-29.92856979399994],[18.8603992460001,-29.930709838999917],[18.86706924400005,-29.845760344999917],[18.808450699,-29.831670760999884],[18.799179077000076,-29.76052093499993],[18.761089325000114,-29.67564010599989],[18.72727012600012,-29.673349379999877],[18.770210266000106,-29.59387969999989],[18.78237915000011,-29.537809371999913],[18.776649517000067,-29.48357621799994],[18.673200002999977,-29.50144],[18.630009996000013,-29.49433],[18.62671000200004,-29.525870002999966],[18.594260002000055,-29.550580002999936],[18.548040007,-29.525999997999975],[18.520979992000093,-29.570029995999903],[18.459300004000113,-29.528150003999883],[18.43612000200011,-29.506030000999942],[18.38764000500015,-29.43234999899994],[18.330009998000037,-29.426630000999978],[18.287079997999967,-29.395099997999978],[18.282130003000134,-29.401280001999908],[18.238509997,-29.377970003999906],[18.119569995000063,-29.41112000199996],[18.12935000600004,-29.45689000599998],[18.166880004000063,-29.49993000199987],[18.163529995999966,-29.520790004999867],[18.173189994999973,-29.537430001999894],[18.159189994000087,-29.55788000499996],[18.056100003000154,-29.52619000699991],[18.023996803000102,-29.575961290999942],[17.990346003000127,-29.586495180999975],[17.990346003000127,-29.569279000999984],[17.92778060900008,-29.571392757999945],[17.935574998999982,-29.60161000599993],[17.894562005000125,-29.603963995999948],[17.892516995,-29.618947999999875],[17.881914000000165,-29.611096003999933],[17.86397900500009,-29.63482000199997],[17.856290911000087,-29.61088065699994],[17.861635058000047,-29.60593982299997],[17.8613731370001,-29.59654809699998],[17.854076776000113,-29.593517299999917],[17.85097114500013,-29.586258355999917],[17.866736664000086,-29.565764817999877],[17.845906999000135,-29.56333199599993],[17.817475989000172,-29.500217998999915],[17.742852999000092,-29.51885999899997],[17.747136995000176,-29.508430004999923],[17.593869993000055,-29.51972899799989],[17.581811990000062,-29.45475799899998],[17.565340003000074,-29.397860003999938],[17.540589996000108,-29.33763],[17.46046,-29.027680005999912],[17.457299993000106,-28.929079995999928],[17.46220699800017,-28.85452700299993],[17.349009001000013,-28.794456993999972],[17.418708995000088,-28.721981001999893],[17.43099000600006,-28.721249997999905],[17.46235,-28.702159998999946],[17.473850001000073,-28.704620000999967],[17.49127,-28.693270001999963],[17.54199999800005,-28.701089998999976],[17.552909997000086,-28.69571999699997],[17.555389999000113,-28.68874999899998],[17.568379999000058,-28.68558999899983],[17.58978999700014,-28.688809995999975],[17.60234000600019,-28.699500003999958],[17.612429996000117,-28.72392999899995],[17.609190000000126,-28.74831000399996],[17.619549996000046,-28.764589997999963],[17.625009996000074,-28.76320000299995],[17.647450003000188,-28.77376],[17.666120002000127,-28.772149997999918],[17.682370005000053,-28.764189997999893],[17.69709000300014,-28.74676999899998],[17.70572000100009,-28.74454000399993],[17.72779000600019,-28.76098],[17.735770006000166,-28.756699995999952],[17.742610000000184,-28.74230000199998],[17.749510001000033,-28.739909996999927],[17.781409998000072,-28.75791000499993],[17.820779998999967,-28.75528000199995],[17.8287,-28.761010006999925],[17.880320005000158,-28.763890000999936],[17.90722000200003,-28.77243999399991],[17.91759999700008,-28.764090000999943],[17.926220004000186,-28.76952000199998],[17.935300001000144,-28.787470003999886],[17.944789999000022,-28.78916000399994],[17.96277000800012,-28.785019993999924],[17.974539998000125,-28.79387],[17.982090006000078,-28.806469998999887],[17.993519993000177,-28.809500002999926],[18.012439999000094,-28.828029998999966],[18.014670002000173,-28.83913999899994],[18.02637000300018,-28.84638000299998],[18.046069994000106,-28.874269992999928],[18.058760006000057,-28.87694000299996],[18.08312000300009,-28.870650003999913],[18.100730003000024,-28.8772999979999],[18.127810001000114,-28.89507999899996],[18.146749997000086,-28.89251000099995],[18.162050005000026,-28.897389997999937],[18.188029997000058,-28.916089995999982],[18.200690001,-28.91075],[18.219179999000062,-28.894329994999964],[18.253159997000182,-28.895940005999876],[18.263490003000072,-28.87938999799991],[18.300790002000156,-28.884609997999974],[18.350339998000095,-28.880670004999956],[18.367010001000153,-28.89336],[18.423469996999984,-28.90082000299998],[18.47107000300008,-28.883259993999957],[18.512180001,-28.889459996999904],[18.53797,-28.866059994999944],[18.567700000000173,-28.857019995999963],[18.604619998000146,-28.854510003999962],[18.627929996000034,-28.841090004999955],[18.660500000000184,-28.84420999699995],[18.688799999000025,-28.84219000299987],[18.73003,-28.831639996999968],[18.749880002,-28.83407000099993],[18.77919000300011,-28.84444999599998],[18.78716000200012,-28.84079],[18.813659998000162,-28.84666999899997],[18.82315000400007,-28.843120006999982],[18.844869998000036,-28.849110001999975],[18.855390005000118,-28.844369998999923],[18.904869995000126,-28.855530004999878],[18.935640004000106,-28.857239995999976],[18.961000003000095,-28.869509998999945],[18.97224001400008,-28.87053],[18.99304999499998,-28.887170004999973],[19.008890006000115,-28.929119993999905],[19.041990006,-28.93139000399998],[19.07359999900018,-28.958639994999942],[19.118920004000188,-28.96944999799996],[19.135589999000047,-28.960759993999943],[19.155059999,-28.96189999799992],[19.191379995999966,-28.94997999799989],[19.22396,-28.923439994999967],[19.232069994000142,-28.910179997999933],[19.245200005000186,-28.90252000199996],[19.285379998000167,-28.908180001999938],[19.296369993999974,-28.893340000999956],[19.296390002000066,-28.885419998999964],[19.283750004000126,-28.872619991999954],[19.26502999900009,-28.869639993999954],[19.242150001000084,-28.827700003999894],[19.239190010000016,-28.81259000499989],[19.25787000100013,-28.759660002999965],[19.267699993000065,-28.743930002999832],[19.30329000200004,-28.73182000199995],[19.318670007000094,-28.737369997999906],[19.33373999900016,-28.73607],[19.3509,-28.74298],[19.38716999900015,-28.733749999999873],[19.403649992999988,-28.736819994999962],[19.43111,-28.720290001999956],[19.44330999800013,-28.71815999599994],[19.46682000500016,-28.70609000099995],[19.47996999800006,-28.687579994999965],[19.491480007,-28.679610003999926],[19.495099996000135,-28.64242000799993],[19.502019996000172,-28.629330003999883],[19.50071999800008,-28.608129997999924],[19.503869997000038,-28.601000005999936],[19.536050000000103,-28.58713],[19.54319,-28.574379998999973],[19.547709995000048,-28.554010000999938],[19.546030003000112,-28.54396000099996],[19.565789993000124,-28.52767999799994],[19.585409995000077,-28.529300000999967],[19.59674000300015,-28.520910000999947],[19.62519998700003,-28.510929997999938],[19.66834000400013,-28.531090003999907],[19.673339997000028,-28.521910002999903],[19.69676999799998,-28.51758999999987],[19.71856999800019,-28.495649997999976],[19.738629999000068,-28.48574],[19.760219999000128,-28.488820002999944],[19.779520006000155,-28.501329996999914],[19.81324999700007,-28.50830000299993],[19.824640002000024,-28.502680000999817],[19.840980002000038,-28.4805499979999],[19.83998000100013,-28.47096999599995],[19.84760999700012,-28.459619989999965],[19.86432999900012,-28.456749994999882],[19.8770500010001,-28.442730002999895],[19.889010000000155,-28.440830003999906],[19.914369999000144,-28.44540998799988],[19.972370000000126,-28.42585],[19.99915999300015,-28.427819995999926],[19.998870004000025,-24.765860007999947],[20.029509993999966,-24.78818999499987],[20.038140000000112,-24.80944999899998],[20.065189999000097,-24.81409999699997],[20.066779994000115,-24.82851999899998],[20.090240003000133,-24.83282000199995],[20.087679996000134,-24.8520199969999],[20.109190007000052,-24.862390000999937],[20.115240000000142,-24.880019999999888],[20.12134999800014,-24.88483],[20.15023999100015,-24.879540001999885],[20.158099995000157,-24.883619997999972],[20.181750004000037,-24.911780002999876],[20.18947999600016,-24.910429997999984],[20.197520001000044,-24.89703999799991],[20.20355999500009,-24.89643999699996],[20.221959996000123,-24.919919995999976],[20.23309000300003,-24.913789997999913],[20.25933000100008,-24.92371000299994],[20.266200009999977,-24.929340003999926],[20.272589998000058,-24.947420009999973],[20.28649000300004,-24.95385000399989],[20.28607999500008,-24.969570003999934],[20.296510005000073,-24.980619996999906],[20.317609999000126,-24.98684],[20.328590011000188,-25.005860001999906],[20.34921,-25.009459999999876],[20.356609997000078,-25.024409996999964],[20.384170001000086,-25.03430000299994],[20.38559000200007,-25.050019994999957],[20.378830005,-25.06185999899992],[20.39237999900007,-25.076840002999916],[20.412650000999975,-25.08288999599995],[20.41571000400012,-25.089139988999875],[20.41066000500018,-25.10343000299997],[20.41979,-25.10459999799997],[20.4292200000001,-25.116339997999944],[20.423960001000182,-25.128210000999843],[20.431400005000114,-25.13583000599988],[20.427379998000106,-25.14788000099992],[20.43088999200006,-25.154289996999978],[20.444820004000178,-25.158189999999877],[20.45963999800017,-25.149920003999966],[20.468990001000066,-25.156890000999965],[20.467439996000167,-25.176060004999897],[20.461960006000083,-25.183690001999878],[20.44740000200011,-25.188690002999977],[20.444150006000143,-25.194180000999836],[20.446380001000023,-25.198970001999953],[20.4619000080001,-25.211570000999927],[20.47111,-25.228270002999977],[20.488880001000155,-25.22260999499997],[20.498920001999977,-25.22836],[20.487319997000043,-25.25307],[20.499659998000084,-25.27224999499998],[20.519030001999965,-25.27492999699996],[20.52812999800011,-25.287780001999863],[20.54592999900018,-25.286239996999882],[20.54267999500007,-25.292759995999972],[20.517330003000097,-25.30649],[20.513900006000085,-25.317139992999955],[20.521729994999987,-25.324720007999872],[20.54093000600011,-25.31822],[20.546979998000097,-25.320560005999937],[20.5480899960001,-25.328749997999978],[20.539229998000167,-25.344779992999918],[20.561550002000047,-25.38948998999996],[20.566039999,-25.394800002999943],[20.57783000400002,-25.396439995999913],[20.591799999000102,-25.38999000299998],[20.60160000000019,-25.39467999999988],[20.605350001000033,-25.404249993999883],[20.59827999900017,-25.42164000199989],[20.60121999900008,-25.42740000599997],[20.608179997000036,-25.4296899979999],[20.625490000000127,-25.42160000299998],[20.63098000600013,-25.42531000599996],[20.63366000000019,-25.431520000999967],[20.615969996000047,-25.445300001999897],[20.622539992999975,-25.461820002999957],[20.644119992000014,-25.462670002999857],[20.659699997000132,-25.446069996999938],[20.66676999900011,-25.445949992999942],[20.674379989000045,-25.453240002999962],[20.66765000600003,-25.469620000999896],[20.6412,-25.47034999699997],[20.636240005000047,-25.47349999699992],[20.634450010000023,-25.47872999699996],[20.643449994000036,-25.497990005999952],[20.62883,-25.51276000199988],[20.62917999500013,-25.525010013999974],[20.63294999500016,-25.530020006999962],[20.64800999600004,-25.531769995999923],[20.669960006,-25.54979000399993],[20.698189999000135,-25.59511000099991],[20.69064,-25.603070000999935],[20.66536999700014,-25.60402000399995],[20.652280001000065,-25.626310008999894],[20.651769996000098,-25.63745999899993],[20.662009989000126,-25.638540005999914],[20.672600001000035,-25.629789995999886],[20.68788000100011,-25.635459995999895],[20.687270000000183,-25.651869992999934],[20.674680001000013,-25.67176000099994],[20.67789000700003,-25.690360002999967],[20.707780001000117,-25.707550001999948],[20.718099999000117,-25.71872],[20.730750004000072,-25.747939987999928],[20.73173999800008,-25.771650001999888],[20.75408000100009,-25.7725000019999],[20.763460003000148,-25.780440001999978],[20.762180004000186,-25.790950000999942],[20.744410002000166,-25.80460999899998],[20.739299997000046,-25.82266999799998],[20.75348000000014,-25.826209997999968],[20.77287000300015,-25.804840006999882],[20.782859998000106,-25.800699996999924],[20.788230001000045,-25.803110000999936],[20.790079994000052,-25.808289994999882],[20.785850012000026,-25.82002000299991],[20.789390003999983,-25.83385999399991],[20.781450004000135,-25.848829997999815],[20.782730003000097,-25.85497000399988],[20.786740001000055,-25.86060000499998],[20.804220006000094,-25.86207999599992],[20.81313000200015,-25.869749998999964],[20.812149999000155,-25.8902599999999],[20.79808000000014,-25.899559996999983],[20.802860002000045,-25.92096999499995],[20.84039,-25.95604],[20.840160001000072,-25.961620002999894],[20.83134000200016,-25.972179998999934],[20.828519998000047,-25.988450001999922],[20.815350005000084,-26.0059],[20.831930004000128,-26.02273000499997],[20.836069989000066,-26.036129996999875],[20.832860000000153,-26.046969998999884],[20.818670006000048,-26.058580003999964],[20.827279997000062,-26.072640002999947],[20.841810002000102,-26.080440000999886],[20.838880002000167,-26.089490006999938],[20.82070000000016,-26.101110002999917],[20.82091000000014,-26.10547999599993],[20.84074000300012,-26.12381],[20.857689996000033,-26.123839998999983],[20.863279998,-26.13267999699991],[20.84382999700017,-26.16214],[20.819319997000093,-26.18231999799997],[20.815180003000023,-26.19236999799989],[20.816050002000168,-26.214879993999944],[20.807700001,-26.22946999699991],[20.805269998000142,-26.245000003999962],[20.792790002000118,-26.258739998999943],[20.79045000400015,-26.27122000199995],[20.759389998000074,-26.28652000199986],[20.744030001000056,-26.317809998999962],[20.719870002999983,-26.33375999799989],[20.712230007000073,-26.350929997999913],[20.69726000300011,-26.36909],[20.6986,-26.383179997999946],[20.69344000500007,-26.397700003999887],[20.676839999000038,-26.397920002999967],[20.64980000000014,-26.43293000199992],[20.625690000000134,-26.43482000199998],[20.617419996000137,-26.443730005999896],[20.61176999600019,-26.49919],[20.604829996999968,-26.51467],[20.610180001000174,-26.53562],[20.610029998000073,-26.559940006999852],[20.63045001100005,-26.58252000899995],[20.6326,-26.591779998999982],[20.633710006000058,-26.617329998999935],[20.629150004000053,-26.64280999399989],[20.635280002000115,-26.665270000999897],[20.616999996000175,-26.67717000199997],[20.614469997000185,-26.68692999699988],[20.620929998000122,-26.713509997999893],[20.63453999799998,-26.72562],[20.62573999800003,-26.74928],[20.637659999000107,-26.76749999999987],[20.62236000000013,-26.786880003999954],[20.636780001000147,-26.79435999799989],[20.650409992000164,-26.809520002999932],[20.6426300010001,-26.822869996999884],[20.645390000000134,-26.828980003999902],[20.682699999000135,-26.84055000199993],[20.685130002,-26.84800000599995],[20.676109995000047,-26.861010004999912],[20.686990003000176,-26.901839996999968],[20.68536999300005,-26.90738000199991],[20.697359999000014,-26.89963999299988],[20.708240008000075,-26.875399998999967],[20.714980006000133,-26.87014],[20.728589998000018,-26.86637],[20.763510000999986,-26.866350000999887],[20.78663000600011,-26.84170998999997],[20.816339999000093,-26.84166],[20.82070000000016,-26.819270006999943],[20.844360009000127,-26.818619999999896],[20.88523,-26.79726999899998],[20.89812000400019,-26.796299995999902],[20.909720001000096,-26.797679998999968],[20.94661000000019,-26.813889995999943],[20.962030003000166,-26.80685000099993],[20.97195,-26.80731],[20.98599000000013,-26.825210003999814],[21.010929998999984,-26.84666000099992],[21.041470001,-26.846709998999984],[21.060080002000177,-26.851649993999956],[21.078940002000138,-26.848520001999873],[21.115589994000118,-26.859489998999948],[21.134170004,-26.87375999799997],[21.1549100040001,-26.867279996999912],[21.176940003000027,-26.86661999799992],[21.193229997000174,-26.852719992999937],[21.221669998000095,-26.843799997999895],[21.245199996000053,-26.84622000199994],[21.26859000600001,-26.837539996999908],[21.288479999,-26.84899],[21.299159999000153,-26.84941999899985],[21.31718999800006,-26.84121000099998],[21.332669999000018,-26.825579997999967],[21.37612000400003,-26.83057999899995],[21.40494999800012,-26.822099994999974],[21.44009000000011,-26.82714999399991],[21.461890000000153,-26.84074000299995],[21.48536999900017,-26.841380001999937],[21.525379999,-26.861840004999863],[21.54091999700006,-26.84312],[21.561489996000034,-26.850049998999907],[21.575570002000063,-26.83990000299997],[21.603089999000076,-26.845120003999966],[21.626880002000178,-26.86664999699991],[21.66270999400018,-26.86463999399996],[21.677459999000178,-26.853970001999983],[21.69469999600011,-26.86126999499993],[21.76384000400003,-26.812139998999953],[21.77178000400005,-26.80286000199993],[21.78099000500015,-26.802319997999916],[21.783549995000044,-26.785550006999983],[21.793119997000133,-26.770790010999974],[21.78467,-26.75031000099989],[21.7873099950001,-26.722219992999896],[21.77064,-26.704510005999907],[21.76920000700005,-26.695689998999967],[21.78739,-26.676060003999964],[21.8083400000001,-26.67035999799998],[21.824060000000145,-26.659729995999896],[21.883149999000125,-26.670710000999975],[21.92662999400011,-26.664739996999913],[21.948980005000067,-26.670000003999917],[21.984529999000188,-26.650330002999908],[22.001089990000025,-26.647930006999957],[22.017449998000075,-26.636530001999972],[22.0513800060001,-26.63348999799996],[22.069229996000104,-26.608419995999895],[22.079049997000027,-26.57920999099997],[22.098460000000102,-26.5705999999999],[22.108600004000152,-26.54883],[22.132609999000124,-26.544810000999973],[22.135199996000097,-26.523540005999905],[22.163479996000035,-26.508329993999894],[22.1655399980001,-26.499770000999945],[22.159239998000032,-26.491459998999915],[22.160140004000084,-26.48332999699994],[22.182259999,-26.4691900009999],[22.185459997000123,-26.460350002999974],[22.181530003000034,-26.43919999499991],[22.20024,-26.424780000999874],[22.198859997000056,-26.41426000299998],[22.190540003000137,-26.399990003999903],[22.19478000100014,-26.394049998999947],[22.238669997000045,-26.370559999999898],[22.237720001000127,-26.357929994999893],[22.24233000099997,-26.34994000399996],[22.285309991000076,-26.339970000999983],[22.30688999900019,-26.344080003999977],[22.32593,-26.32225999699989],[22.339240004000146,-26.320360005999873],[22.35183999400016,-26.32739000099997],[22.362950002000105,-26.32552999199993],[22.367190000000107,-26.31465],[22.36311000400002,-26.285779997999896],[22.38618999400012,-26.285029994999945],[22.402709996000056,-26.272870002999923],[22.405969999000035,-26.264400006999892],[22.398800001000097,-26.248129995999932],[22.415060004000168,-26.23797],[22.42006000500004,-26.224419997999973],[22.45413000000019,-26.227900000999966],[22.47173,-26.200569996999945],[22.51215000000019,-26.215379998999936],[22.52881999500005,-26.22667],[22.555179996000163,-26.223449994999896],[22.56341000200007,-26.205989997999893],[22.577739999000073,-26.19162000199998],[22.57811000100014,-26.14257999499995],[22.58755,-26.141559993999977],[22.599000003000015,-26.151969996999924],[22.604570006000188,-26.14961999799982],[22.608179996000104,-26.128550002999873],[22.62861,-26.123280004999913],[22.63684999900005,-26.116329998999902],[22.629130001000078,-26.102639998999962],[22.629819996000037,-26.09668000299996],[22.673080010000035,-26.073669996999968],[22.671740004000185,-26.043219998999973],[22.66383999800007,-26.025369996999927],[22.666210002000014,-26.017270002999908],[22.678769999000167,-26.01308999799994],[22.71009999800009,-26.020229996999944],[22.724859998000113,-26.015110000999982],[22.729440003000093,-25.97544000299996],[22.723900003000153,-25.950089995999917],[22.728560002000165,-25.93894999899993],[22.748389998000107,-25.922720000999902],[22.749239996000085,-25.917999989999885],[22.744899996000186,-25.91342],[22.71815999900008,-25.90562000099993],[22.71202999400009,-25.892959997999924],[22.71734001100009,-25.88748000399994],[22.738090001000103,-25.881770001999882],[22.741249999000047,-25.875949996999907],[22.734879997000064,-25.862320001999876],[22.736010001000125,-25.856529998999974],[22.77194000200012,-25.84113000399998],[22.78173001000016,-25.824409997999965],[22.77677000200009,-25.814669996999953],[22.751129999000057,-25.806199997999897],[22.734580003000076,-25.793659997999896],[22.738540000000114,-25.78779000199995],[22.75932999900016,-25.78865999699991],[22.76341999600004,-25.780989996999892],[22.76932000300019,-25.732840001999875],[22.79991999800012,-25.72311999699997],[22.821480002000158,-25.690470003999963],[22.821509997000078,-25.677439995999976],[22.830210002000058,-25.65777000299994],[22.808270011000047,-25.650900002999947],[22.800419996000073,-25.63276999699991],[22.83056000300013,-25.62090000399985],[22.84777,-25.62141],[22.853369997000073,-25.615169997999942],[22.84737999800012,-25.605620001999966],[22.814070004000087,-25.582419998999853],[22.826679999000078,-25.57231],[22.84014000100018,-25.54466999799996],[22.853489999000033,-25.533509996999896],[22.85202,-25.52104],[22.86035,-25.50699999099993],[22.84768,-25.496610002999887],[22.846369996000078,-25.490169997999942],[22.863750003000064,-25.479619997999976],[22.8941200000001,-25.48865999799989],[22.90044000299997,-25.48684999699998],[22.90074999500007,-25.481280009999978],[22.888059998000188,-25.477129999999818],[22.88574000100016,-25.46839000199998],[22.89856999600005,-25.45514000199995],[22.909949998,-25.422310000999914],[22.9190699990001,-25.41224000299991],[22.969999996000126,-25.38114000199994],[22.976450007999972,-25.370670011999948],[22.972659996000118,-25.347209998999972],[22.97794000300007,-25.339859997999895],[23.003330003000144,-25.339930001999903],[23.011320008000155,-25.33586],[23.013310001000036,-25.329030001999968],[23.006120003000035,-25.30408999999986],[23.010340009000174,-25.297229998999967],[23.030789997000056,-25.31292999599998],[23.05156,-25.290820003999954],[23.058420001000172,-25.28994000299997],[23.062030005000054,-25.303380007999976],[23.054440000000113,-25.318609994999974],[23.059750001000054,-25.325970001999906],[23.078689998000186,-25.331969998999966],[23.087909997000168,-25.325000000999978],[23.088360004000037,-25.3135799989999],[23.10739000000018,-25.30418],[23.113600007,-25.30356],[23.134540003000097,-25.31742000199995],[23.147960004000026,-25.303249999999878],[23.16554999600004,-25.303929996999955],[23.173069998000187,-25.289749996999944],[23.187540002000162,-25.278979997999954],[23.212019998000073,-25.273420000999977],[23.23456000100009,-25.28078999899998],[23.247559998000042,-25.275389997999923],[23.259980004000056,-25.27967999899988],[23.278049997000153,-25.27409999899993],[23.295010007000087,-25.294089997999947],[23.30396000000013,-25.291119997999886],[23.31125000300017,-25.281830002999982],[23.324079991000133,-25.292420002999904],[23.35554999800013,-25.28513999699993],[23.36223,-25.28778000099993],[23.36841000400011,-25.303429998999945],[23.403539998000156,-25.307239998999876],[23.414299999000036,-25.31579999799993],[23.423469999000076,-25.309180000999902],[23.442229997000084,-25.276969999999835],[23.465789999000094,-25.27675],[23.468049999000016,-25.28016999899984],[23.458139996000114,-25.297740002999888],[23.464549998999985,-25.301039998999897],[23.47837,-25.298460000999967],[23.48288000200006,-25.31043],[23.494320000000187,-25.317950001999975],[23.500439999000037,-25.331849995999903],[23.49617999300017,-25.351569995999967],[23.524050001000035,-25.340079998999954],[23.534089996000034,-25.352499995999892],[23.55958999300009,-25.35465999799993],[23.557270003000156,-25.371740002999957],[23.567449997999972,-25.369899998999927],[23.58440000100012,-25.375619997999877],[23.584360001000164,-25.39159000299992],[23.589310003000094,-25.39646000399989],[23.598769999000183,-25.39511],[23.606560001000048,-25.38166000399997],[23.616000000000156,-25.38392000399989],[23.620259999000098,-25.389889997999944],[23.611520001000144,-25.40351000299995],[23.632740002000048,-25.410950003999858],[23.63745999800011,-25.43157999899995],[23.65402,-25.430640000999915],[23.659450004000064,-25.415440000999922],[23.66837000100014,-25.416090003999955],[23.676480001000016,-25.427419997999948],[23.667800000000113,-25.435319995999976],[23.666699999000116,-25.44199999799997],[23.679639999000187,-25.44739000899989],[23.68955000200009,-25.44368999699992],[23.69629999900019,-25.445610001999967],[23.70187000100009,-25.45117999699994],[23.7025000000001,-25.46237],[23.722160002000123,-25.4462],[23.728969997000036,-25.44636000299994],[23.733860002000085,-25.45854000399993],[23.758029998000097,-25.46874000199989],[23.751410002,-25.48159000299995],[23.76353999600019,-25.489939998999944],[23.76293000200019,-25.503210002999936],[23.77635999299997,-25.503669999999886],[23.785530002000144,-25.512470002999976],[23.804369992000034,-25.508419998999898],[23.820080004000147,-25.512030002999893],[23.82120000200007,-25.51714],[23.804890002000093,-25.53318000099995],[23.809169998000186,-25.545940000999963],[23.8204900020001,-25.550639999999817],[23.83060000100005,-25.541460001999894],[23.83636000100006,-25.541860000999975],[23.84346999700017,-25.55250999899988],[23.83808000200014,-25.561710001999927],[23.839690000000132,-25.56788999799994],[23.88023999899997,-25.57745],[23.882830003000038,-25.594949992999886],[23.90703000200017,-25.605499999999893],[23.90337999700006,-25.626810000999967],[23.918520000000115,-25.629529997999953],[23.928549997,-25.63819999999987],[23.948489996999967,-25.637660009999934],[23.95216999700017,-25.63341000099996],[23.950810002000026,-25.62282999899992],[23.96096000200015,-25.623289995999983],[23.96605000300019,-25.61532000299991],[23.97202000500016,-25.614779996999914],[23.98380999600016,-25.62163],[24.003710004000027,-25.620219997999982],[24.012010001000135,-25.62449000399988],[24.012270002000037,-25.628670000999875],[24.002979999000104,-25.63455000299996],[24.005239999000025,-25.651329997999937],[24.0258,-25.64467999099992],[24.02993999600011,-25.63427000599995],[24.051450001000035,-25.65095000199983],[24.060729997000124,-25.651639997999894],[24.067210003000184,-25.648380001999897],[24.064250002000165,-25.635220001999926],[24.067740004000086,-25.630960002999927],[24.077580003000037,-25.63080000799988],[24.080839999000148,-25.640990000999977],[24.08583000200008,-25.643370002999973],[24.09288000900017,-25.635199997999962],[24.10434000400005,-25.630359999999882],[24.138610009000047,-25.62805999899996],[24.140579997000145,-25.61418999899996],[24.157109997000077,-25.608159999999828],[24.163079999,-25.615159991999917],[24.156859994000058,-25.625399998999967],[24.15944999900006,-25.630120002999945],[24.17078999900008,-25.63107999799996],[24.184460003000083,-25.62123],[24.1917700030001,-25.620359996999923],[24.207359997000026,-25.632189996999955],[24.215069997000057,-25.644239997999932],[24.2268300020001,-25.643979996999974],[24.22647000300003,-25.65584],[24.23660999599997,-25.6699499959999],[24.25161000000014,-25.67458],[24.247290004000092,-25.684810000999903],[24.260720003000074,-25.691900000999908],[24.260889997000106,-25.707270002999962],[24.270200004000117,-25.706709999999873],[24.278659997000148,-25.696700006999947],[24.288409996000098,-25.69425999899994],[24.291040001000056,-25.706780002999892],[24.278290007000066,-25.714320001999965],[24.285339998000097,-25.726420000999894],[24.30079000100011,-25.71424],[24.324909999000056,-25.710129997999957],[24.327990002000092,-25.71414000199991],[24.32259000100015,-25.722600002999854],[24.324880012000165,-25.732490000999974],[24.33939,-25.745629996999867],[24.35020000100019,-25.749990001999947],[24.354909998000096,-25.757080001999896],[24.37448000100005,-25.763950001999888],[24.381589990000123,-25.76449],[24.391549999000063,-25.75479998999998],[24.401820001000033,-25.762229999999875],[24.405379999000047,-25.74710000399989],[24.42598999800009,-25.751479996999933],[24.432409999000072,-25.745809996999924],[24.43288000200016,-25.734040001999972],[24.44136999700015,-25.74087],[24.44667999800015,-25.73357000599998],[24.45866000300009,-25.74313],[24.467369999000084,-25.73753000299996],[24.471880000999988,-25.74720000199983],[24.544349997000097,-25.772039996999922],[24.569400003000112,-25.772689999999898],[24.608899999000016,-25.80065],[24.64025000300012,-25.807579996999948],[24.664259989000016,-25.81832000199995],[24.675729998000065,-25.81794999699997],[24.682689997000125,-25.823860001999947],[24.69654999900007,-25.811320000999956],[24.729020009000067,-25.804000002999942],[24.748139997000067,-25.814089996999826],[24.76171000300019,-25.810979998999983],[24.778359997000052,-25.819749999999885],[24.787500003000105,-25.81749],[24.793959997000115,-25.825119997999934],[24.807196637,-25.818821804999914],[24.804118803999984,-25.86097994399995],[24.80713558700012,-25.88541588299995],[24.69526458400003,-25.90973573399998],[24.692277999000112,-25.90187200099996],[24.68743700400006,-25.90233199799991],[24.68495700300008,-25.898211996999976],[24.691068002000065,-25.864733996999973],[24.683517997000024,-25.840626],[24.629295999000078,-25.85609500199996],[24.59722400200002,-25.876814996999883],[24.465069998000104,-25.79017000399989],[24.461100331000182,-25.80050609899996],[24.371848504000013,-25.81453758599997],[24.366528998999968,-25.842477],[24.339513003000036,-25.88305499899991],[24.27174500100017,-25.84053999799994],[24.24758900000012,-25.81590999699995],[24.21507400300004,-25.842160001999957],[24.161281999000096,-25.859688001999928],[24.151050003000137,-25.839705997999943],[24.046270997000192,-25.88359799699998],[23.982988566000074,-25.87947338899994],[23.989651381000044,-25.909593713999982],[23.960103271000037,-25.904841870999917],[23.968837888000053,-25.95840494999993],[23.964877468000054,-25.975317510999957],[23.984684809000157,-26.017010341999935],[23.970840147000047,-26.061163430999898],[23.87979372400008,-26.06106521299995],[23.812106420000134,-26.056620566999925],[23.79416295400017,-26.08702927799993],[23.823403445000054,-26.111850490999814],[23.820922822000057,-26.116201746999934],[23.804249786000014,-26.119251692999967],[23.807462395000186,-26.124944924999852],[23.804923256000166,-26.125931391999927],[23.810369385,-26.12921635899994],[23.805391007000026,-26.133655276999946],[23.781853002,-26.132233000999975],[23.784182000000158,-26.134509996999896],[23.77409900400005,-26.14611599899996],[23.76174112500013,-26.149394237999957],[23.76109189300007,-26.143497049999894],[23.710296675999984,-26.171374735999905],[23.76726201800011,-26.23934722799993],[23.85565599900019,-26.280488996999907],[23.88846100000012,-26.34161500299996],[23.804871352000134,-26.389129550999883],[23.82535261600009,-26.43722299199993],[23.76117441200006,-26.473038396999982],[23.744550998000022,-26.500857],[23.73827797500013,-26.500529634999907],[23.708326481000142,-26.466344599999957],[23.64293168000006,-26.553124123999964],[23.58375,-26.617149997999945],[23.462959998000144,-26.53108999799997],[23.36849299800008,-26.683488000999944],[23.288741003999974,-26.644584006999935],[23.19563600800018,-26.59067300199996],[23.16680094900005,-26.644087525999907],[23.178705877000084,-26.67920432699998],[23.166184997000073,-26.720337000999905],[23.17236000100013,-26.724749000999907],[23.166285001000176,-26.73434500199994],[23.161361174000035,-26.732384899999943],[23.155982857000083,-26.74568587199991],[23.17522265000008,-26.78221468299995],[23.15695334500009,-26.79672047199989],[23.171414997000113,-26.830462994999948],[23.179786005000096,-26.82736399399994],[23.178850001000114,-26.830639996999935],[23.198188997999978,-26.838430002999928],[23.21838265100007,-26.81775630599992],[23.232784917000174,-26.812515458999883],[23.245724,-26.83904],[23.288064000000134,-26.894284999999854],[23.303336,-26.920557],[23.309219451,-26.976216375999968],[23.357245995000028,-26.978812001999927],[23.364375995000046,-26.988465000999895],[23.43378300000012,-27.02183299799998],[23.394376001000126,-27.059639002999972],[23.44988800100009,-27.151924997999913],[23.477857005000033,-27.178617002999943],[23.457617638999977,-27.19775969199992],[23.450204586000098,-27.199180605999913],[23.438949737000144,-27.193196263999937],[23.42084653900008,-27.17199936199995],[23.424080003000086,-27.16675899899991],[23.41521099800019,-27.163268996999875],[23.41610707600006,-27.17000843099993],[23.408302279999987,-27.169794261999982],[23.398530124000047,-27.15604202499992],[23.38885972999998,-27.153912824999964],[23.38487394200007,-27.147058346999927],[23.378996456000152,-27.160277462999886],[23.372951638000018,-27.16247367699998],[23.35332888000005,-27.14287400799992],[23.31839699900013,-27.181002958999954],[23.352892719000067,-27.207998346999943],[23.321711001000097,-27.243268996999973],[23.393711995000103,-27.29880999599993],[23.39997725700016,-27.336256857999956],[23.386874383000134,-27.34013978099989],[23.390964644000064,-27.363345068999934],[23.371089696000183,-27.353938381999967],[23.36697543500003,-27.345612725999956],[23.36241503000008,-27.344281841999873],[23.356379123000067,-27.34860749799992],[23.348275049000108,-27.345408836999866],[23.34449544100005,-27.349545042999978],[23.340146552000192,-27.34757744699988],[23.337341004000052,-27.35256499899998],[23.312091299000144,-27.344444454999916],[23.313619998000036,-27.35191],[23.327219997999975,-27.36745999799996],[23.355049999000073,-27.37616000199995],[23.3437899970001,-27.38696999699988],[23.341970003000142,-27.41519999899998],[23.372723996000047,-27.464460996999946],[23.34329,-27.47764999799989],[23.307429994000188,-27.51467],[23.264870004000045,-27.519079998999928],[23.27410000300017,-27.66133999799996],[23.28857000200003,-27.71421000299989],[23.16024999900003,-27.728569997999955],[23.10899999700007,-27.79605999699993],[23.085480007,-27.84482999799991],[23.1120056150001,-27.96279946599992],[23.07248683400013,-28.04650288399995],[23.081926010000018,-28.119967540999937],[23.076246371000025,-28.121450921999894],[23.08149418,-28.15142514899992],[23.081588010000132,-28.244691643999886],[23.070281868999984,-28.30393478499991],[23.074678953000046,-28.31015827899995],[23.088679216000116,-28.301454783999873],[23.089,-28.29482900399995],[23.104030002000172,-28.277989998999942],[23.11332999900003,-28.247360000999947],[23.172932003000028,-28.296178999999825],[23.14581861100004,-28.331628106999972],[23.230308149000052,-28.34343567399992],[23.29955395700017,-28.38252510699988],[23.332311996000158,-28.346245999999894],[23.369610963000127,-28.256222965999825],[23.398839991000045,-28.28236],[23.420059996000134,-28.29504000399993],[23.38872000100008,-28.371629989999917],[23.458320007,-28.40621000599998],[23.503469995000046,-28.415214997999897],[23.56819000300004,-28.449910000999978],[23.543129,-28.51728800299992],[23.706969999000023,-28.58772000099998],[23.661319998000067,-28.64556],[23.623760001000164,-28.708360001999893],[23.692960006000135,-28.736850001999983],[23.781337893000114,-28.779865974999893],[23.766032361999976,-28.79389398299992],[23.76661363000011,-28.829183978999936],[23.72799402800007,-28.850513600999875],[23.716680004000068,-28.835621004999894],[23.695608992000132,-28.837808001999917],[23.683012002000055,-28.846651],[23.672471996000127,-28.864561995999964],[23.60262900000015,-28.945060001999934],[23.654909003000114,-28.980481000999873],[23.66562300200013,-29.007266001999824],[23.69010418900001,-29.000635623999926],[23.731231176,-29.013118334999888],[23.725756517000093,-29.029084759999876],[23.732604400000127,-29.027957044999937],[23.76468972800012,-29.043170715999963],[23.770649472000116,-29.04110126699993],[23.771656439000026,-29.048110871999825],[23.731821002000117,-29.075378000999933],[23.70531199800007,-29.055708],[23.673157002000153,-29.056683002999875],[23.653591005000123,-29.052727001999926],[23.642408,-29.060267993999958],[23.635270001000038,-29.07258000299987],[23.690489996000053,-29.10444000299998],[23.704069997000033,-29.10657000099991],[23.701430002,-29.127070001999925],[23.692349997000065,-29.138400001999912],[23.68871,-29.15442999699991],[23.699350002000017,-29.16426000599995],[23.71265999700006,-29.191730004999897],[23.719959998000036,-29.196129996999957],[23.72140171700005,-29.21379647799995],[23.714224066000043,-29.241010066999877],[23.708864216000165,-29.24788030299993],[23.663031505,-29.23161363099996],[23.642460917999983,-29.255191609999883],[23.628292737000038,-29.26529646299997],[23.635657518000187,-29.273423109999896],[23.61531832600008,-29.283677988999898],[23.60644680400003,-29.31356817699998],[23.595295185000055,-29.320304110999928],[23.57733538499997,-29.345810725999968],[23.55392421400012,-29.362670624999964],[23.53068163300003,-29.37160636999988],[23.53668539300014,-29.374742288999926],[23.56113435500015,-29.410231946999943],[23.568820011000128,-29.417072892999954],[23.580122455000037,-29.419535636999967],[23.624225765000176,-29.424603893999915],[23.664450547000172,-29.422034072999907],[23.71807170000011,-29.41088630099989],[23.74905228200015,-29.412718479999967],[23.758427801000096,-29.408000195999932],[23.771756158000187,-29.430377009999916],[23.778192958000034,-29.467767957999968],[23.752707843,-29.544525002999933],[23.75929100000019,-29.646264004999978],[23.772253993000106,-29.647800993999965],[23.807556005000095,-29.67585500299998],[23.831295002000104,-29.71807999799995],[23.798372996000126,-29.757786001999875],[23.831663004000177,-29.770137001999956],[23.856780996999987,-29.75482500299995],[23.930807881000135,-29.727396372999976],[23.931877880000116,-29.737117458999933],[23.936601109000037,-29.734036052999897],[23.956850797000016,-29.738812900999903],[23.97096099600003,-29.75705146499996],[23.988473830000032,-29.76467763999989],[24.012231996000082,-29.789682998999922],[24.024259815000107,-29.782782006999923],[24.05401784700007,-29.79030393499994],[24.052241996000134,-29.796579],[24.07891100100005,-29.798007001999963],[24.073695992000125,-29.836219997999876],[24.080243998000128,-29.852460001999873],[24.112072991000105,-29.84029900199988],[24.132168991000015,-29.859878997999886],[24.13556800500004,-29.873296997999887],[24.171602989000178,-29.871089001999962],[24.21288200500004,-29.857836004999967],[24.23640799400016,-29.85889399599995],[24.24437100200015,-29.890931995999892],[24.206838002999973,-29.914634002999946],[24.217111003000184,-29.955627997999898],[24.243940002000045,-29.975170010999932],[24.195893005000187,-30.002367995999975],[24.13638999800014,-30.000539993999894],[24.11359999600006,-30.01004000699993],[24.05652,-30.003690001999928],[24.029648031000022,-30.020761221999976],[24.029105012000116,-30.03684691899997],[24.039543339000033,-30.096781441999894],[24.015916317,-30.082669771999974],[24.005439274000082,-30.081122380999943],[23.992869999000106,-30.11265999999989],[23.96228,-30.11706],[23.945764998000186,-30.10453999799995],[23.925759994000032,-30.1441399979999],[23.94172000100008,-30.190389998999933],[23.939299997000035,-30.21026000099988],[23.842079997999974,-30.195130001999928],[23.956340003000037,-30.23662000199988],[23.904990004000126,-30.28071999699995],[23.81331000100016,-30.275740003999942],[23.790040010000098,-30.305829997999922],[23.784652000000165,-30.336542001999874],[23.69847999500007,-30.35790000199995],[23.69003000600003,-30.37662999799994],[23.597740002000137,-30.382949996999912],[23.600268855000024,-30.44186400599989],[23.579834313000163,-30.49553095699997],[23.55860551700016,-30.50146067999998],[23.568802148000145,-30.528363680999973],[23.55049699900019,-30.53988399499997],[23.543253995000043,-30.54941599899996],[23.534612997000067,-30.63138999699993],[23.515984997000146,-30.638365001999887],[23.495758009000042,-30.657263999999884],[23.43177799700004,-30.61605599799998],[23.414119999000036,-30.597377007999967],[23.410308001000146,-30.62363300499993],[23.361118,-30.63436200299998],[23.332801001000178,-30.653552997999952],[23.28181500400018,-30.648192002999963],[23.32514699700016,-30.594991002999905],[23.30495500100011,-30.587194004999958],[23.260238996,-30.53154700199991],[23.242530000999977,-30.54131999699996],[23.170180004000144,-30.554320003999976],[23.162300001000176,-30.588930001999984],[23.094329997000045,-30.56744999899996],[23.083859997000104,-30.618900001999975],[23.114839998000036,-30.624990000999844],[23.102859991000116,-30.65262000199988],[23.085180002000186,-30.650109993999934],[23.09216,-30.679739989999973],[23.067720005000126,-30.68659999199997],[23.064460002000146,-30.651169992999883],[23.01329200400005,-30.65879299799991],[23.055549998000117,-30.728529997999942],[23.06744999900019,-30.799329997999962],[23.098319996000043,-30.790190003999953],[23.10128999500006,-30.813439995999943],[23.109370006000063,-30.828209998999967],[23.056190006000122,-30.88226999899996],[22.986150001000112,-30.883199994999984],[22.988780004000034,-30.871500001999948],[22.89685000300011,-30.856329996999932],[22.891070000000184,-30.863719994999883],[22.89660999600011,-30.8797499989999],[22.78191000100003,-30.947620006999898],[22.739280005000126,-30.925829998999973],[22.752559993999967,-30.951440004999938],[22.690140002000078,-30.97549999799992],[22.665007002000152,-30.954175996999936],[22.58079000200013,-30.968680002999974],[22.573119999000085,-30.980370003999894],[22.529109992000144,-30.98522999399995],[22.524799997000116,-30.967740006999918],[22.517940003000092,-30.970360001999893],[22.51006265700005,-30.96780687599994],[22.462409981000064,-31.006840835999924],[22.5012179470001,-31.05833682699989],[22.497629994000135,-31.095800003999955],[22.48237000100005,-31.10871999799997],[22.443519997000124,-31.13095000499993],[22.318490004000125,-31.142939994999892],[22.26654999600015,-31.165830008999876],[22.25198,-31.19003998799991],[22.214509991000114,-31.21626000299989],[22.184270002000176,-31.193390011999952],[22.187479992000192,-31.168899995999936],[22.121429994000152,-31.148039991999894],[22.105239997000012,-31.15614998699988],[22.086300000000108,-31.148489998999935],[22.077040002000103,-31.134269997999922],[22.087510002000045,-31.10051999899997],[22.08220999600013,-31.051499998999873],[22.00321000499997,-31.012370005999912],[21.982689997000023,-31.03264000799993],[21.949669994000033,-31.012870002999932],[21.918259994000152,-31.043519999999887],[21.845950004000144,-31.06408999899992],[21.79516999900011,-31.060140005999983],[21.700109998000073,-31.0635100049999],[21.703360001000135,-31.078030001999934],[21.67068999300011,-31.097599990999925],[21.58808999600018,-31.061920001999965],[21.567250000000172,-31.096920000999887],[21.509820001000094,-31.05722000499992],[21.525550000000123,-31.003480000999957],[21.48303,-30.993860000999973],[21.48583000600013,-30.95738000199998],[21.483099998,-30.94475999599996],[21.50197999700009,-30.914809995999974],[21.503409998000052,-30.888050001999886],[21.48420999500013,-30.89063000799996],[21.469610001000035,-30.87523999499996],[21.493310000000122,-30.82814000199994],[21.465090006000025,-30.82044],[21.4476899980001,-30.7842],[21.48343999300016,-30.74608],[21.42092000499997,-30.728590003999955],[21.38152000499997,-30.69923999699995],[21.33642,-30.638319995999893],[21.270914998000023,-30.58946999799997],[21.308110001000102,-30.54355999899991],[21.26521999900018,-30.47443999899997],[21.251700003999986,-30.39753]]]},"properties":{"area_code_id":"054","area_codes":["054"],"area_code_label":"054","prefix_1":"5","ward_count":81}},{"type":"Feature","geometry":{"type":"Polygon","coordinates":[[[26.414640001,-28.092130002999852],[26.41039999900005,-28.097220003999894],[26.41640000299998,-28.0965899979999],[26.41715000400012,-28.101059998999915],[26.409500001000026,-28.10576999599982],[26.41975999700003,-28.110300001999974],[26.417610001000128,-28.11786999599991],[26.40830000200009,-28.123919998999895],[26.42262000000011,-28.126099997999972],[26.412010004000138,-28.13070999799993],[26.41473999900012,-28.13841999799996],[26.423339998000188,-28.154459997999936],[26.44609000300005,-28.166390003999823],[26.43945000200017,-28.16924000099982],[26.445949997000184,-28.175700002999974],[26.44229999900017,-28.183590002999892],[26.456229989000065,-28.193719997999892],[26.45568,-28.202820002999943],[26.46277,-28.208069998999974],[26.461459996000144,-28.21245],[26.468189997000025,-28.213439997999956],[26.456579997000063,-28.22379999899988],[26.455909998000152,-28.218489997999882],[26.443779996000103,-28.224419998999906],[26.44358000000011,-28.231410000999972],[26.436350002000154,-28.235639997999954],[26.41698000300005,-28.22982],[26.411029997000128,-28.24537999899991],[26.42025999500015,-28.24750999899993],[26.42306999900012,-28.255740000999936],[26.44151999600018,-28.25077000199991],[26.445499998000173,-28.26242000299993],[26.4270400100001,-28.267349992999982],[26.424989997000182,-28.261350011999923],[26.408589997000036,-28.259540002999984],[26.406220001000065,-28.274049998999942],[26.395949999000095,-28.291729998999926],[26.405439998000077,-28.292049996999936],[26.407140003000166,-28.31253000399994],[26.42315000100018,-28.31269999699998],[26.420034991000023,-28.326860000999943],[26.408070002999978,-28.325419996999926],[26.405659997999976,-28.336099996999963],[26.416760002000046,-28.34175000099998],[26.41849000200017,-28.333900001999893],[26.442210000000102,-28.337570002999882],[26.43482999600019,-28.369019996999953],[26.426330003000032,-28.363280001999954],[26.412799997000036,-28.361290000999873],[26.40977999900008,-28.374189999999885],[26.43299000000013,-28.37685999799993],[26.402539994000108,-28.38757],[26.42352999600007,-28.40424999699991],[26.43011,-28.403439998999943],[26.435810002999972,-28.435669995999945],[26.429569994000133,-28.435550001999957],[26.385549997000055,-28.394600002999937],[26.354739999000117,-28.405139995999946],[26.320170001000065,-28.41966999699997],[26.288040001000127,-28.46858999699998],[26.255100003999985,-28.486240002999978],[26.245689999000092,-28.48971],[26.219069,-28.46884699799989],[26.211839998000187,-28.506310002999953],[26.21855000300019,-28.50773000299995],[26.201069999000026,-28.530889997999964],[26.183510001000172,-28.523190003999957],[26.16633999700008,-28.54653999599998],[26.15321999800011,-28.539869999999837],[26.147899998000128,-28.55789999299992],[26.087329997000097,-28.578749996999875],[26.08128000199997,-28.58895000299998],[26.069320001000108,-28.581179997999925],[26.03356999900012,-28.58626999899991],[26.037869999000122,-28.548990001999982],[26.063399990000107,-28.541020000999936],[26.059499998000035,-28.509770001999982],[26.0358299990001,-28.53048],[26.033129999000153,-28.505799990999947],[25.999890000000107,-28.505939997999974],[25.995149999000034,-28.497389997999903],[25.954050003000077,-28.50916999899988],[25.94454999900006,-28.527129995999815],[25.898549999000068,-28.501189999999895],[25.901070000000118,-28.49792000599996],[25.89011000300019,-28.49215],[25.866069999000104,-28.488550001999954],[25.84338999800019,-28.47992],[25.824199998999973,-28.453789996999944],[25.806649999000058,-28.449309997999876],[25.7649,-28.414820000999896],[25.731310001,-28.370829998999966],[25.725439996999967,-28.369740002999947],[25.725739998,-28.34596000099998],[25.708310000999973,-28.333339998999918],[25.720370000000173,-28.32946000299995],[25.706810000000132,-28.27753000299998],[25.742380002000118,-28.29008000099992],[25.76406,-28.253129999999885],[25.75201999799998,-28.24044000299989],[25.74096000300017,-28.243339998999943],[25.687809998000148,-28.21423999699988],[25.733690003000106,-28.178230001999964],[25.707010004000153,-28.12781999899994],[25.64694999900007,-28.14260000299987],[25.659690003000094,-28.13560000299998],[25.6378199990001,-28.119929999999897],[25.58638999600015,-28.105719996999937],[25.62886999900013,-28.053130003999968],[25.62607000100013,-28.03876999599987],[25.57184999700013,-28.012619996999888],[25.591343996000035,-27.947919997999918],[25.60347125700008,-27.953522822999957],[25.60645372800019,-27.942711361999898],[25.604308863000085,-27.870767343999944],[25.613964998000142,-27.859441998999955],[25.686231998000153,-27.875894],[25.761362002000055,-27.881065],[25.794200996000086,-27.93337900199998],[25.73653799800013,-27.93574400299991],[25.717046999000104,-27.998054998999976],[25.755687996000063,-28.0484359969999],[25.80187500100004,-27.98835700099994],[25.82035299800009,-28.018047000999957],[25.85356600200015,-28.0047410009999],[25.845060998000065,-27.992808002999936],[25.8540410010001,-27.98776400299988],[25.841001003000144,-27.969464002999814],[25.90384858600015,-27.947222420999935],[25.88483760200012,-27.921984181999903],[25.8907906500001,-27.89131580799983],[25.901640971000177,-27.861766808999903],[25.909036542000024,-27.865133025999967],[25.907410491000064,-27.87003176199994],[25.910211251000135,-27.870714873999873],[25.918141994000052,-27.85204700199995],[25.92025799700008,-27.859312995999915],[25.937742996000054,-27.860671003999926],[25.951705996000044,-27.88309899899997],[25.963668997000127,-27.873798997999984],[25.970258002000094,-27.881135002999883],[25.98656899100007,-27.8776700009999],[25.988565000000108,-27.885014001999934],[25.99680500100004,-27.888902],[25.99443799700009,-27.879911999999877],[26.000333998000087,-27.88099099899989],[26.00531763000015,-27.860702794999895],[26.00942333400019,-27.862802838999926],[26.013053544000172,-27.844030171999975],[25.963983,-27.827486000999897],[25.969195,-27.78365799999989],[25.938444003000086,-27.752499998999895],[25.8867169990001,-27.753445997999904],[25.894659998000122,-27.713227997999923],[25.83524599800012,-27.67055000199997],[25.859503999000026,-27.680407005999882],[25.845900001000075,-27.610209002999966],[25.852800003000084,-27.62115999899993],[25.875519997000026,-27.62816999799992],[25.89832999900011,-27.62253],[25.896039997,-27.60982999699985],[25.90965000300008,-27.610380000999953],[25.925470003000044,-27.60356000099995],[25.940270002999966,-27.614900000999967],[25.9473199950001,-27.6329],[25.968089997,-27.62497999699997],[25.981250005000163,-27.626800004999893],[25.98061,-27.63710000099985],[26.000839996000025,-27.647619997999925],[26.00796999700009,-27.660400002999893],[26.010709998000095,-27.68976999599994],[26.002620003000118,-27.706119996999973],[26.012689993000038,-27.722260002999917],[26.026190003000067,-27.734699996999893],[26.03485999000003,-27.736739995999926],[26.047690002000024,-27.72546000099993],[26.065919999000187,-27.718709995999916],[26.09223999900007,-27.6966000029999],[26.09484000100008,-27.69006],[26.092829996000148,-27.68237000399995],[26.06782,-27.680780010999968],[26.054690002000143,-27.669180001999905],[26.08619000300007,-27.648000000999957],[26.074919998000098,-27.620470003999912],[26.084250001000157,-27.595450000999847],[26.113270002000093,-27.593339997999976],[26.124499999000136,-27.580569998999863],[26.123790007000025,-27.566870000999984],[26.134010001999968,-27.558469996999975],[26.140270000000157,-27.55761],[26.153569998000137,-27.563959997999973],[26.17010999600012,-27.536110001999873],[26.186049998999977,-27.531540002999918],[26.201810001000126,-27.516750000999934],[26.22898000000015,-27.51215],[26.23119999900007,-27.495390000999976],[26.22078,-27.483330002999935],[26.21988000300007,-27.474390000999904],[26.23391999600011,-27.454220001999943],[26.242270001000065,-27.431429996999952],[26.252919998000095,-27.42950999899989],[26.264640002000135,-27.416439990999947],[26.28623,-27.422190000999876],[26.29558,-27.415789995999887],[26.309949998000093,-27.41831999599998],[26.316809999000043,-27.431450000999916],[26.324110001000065,-27.432929997999963],[26.327239996000174,-27.4058],[26.345680003000098,-27.385350003999974],[26.36156000000011,-27.3892600019999],[26.37242,-27.383760002999963],[26.42309000400013,-27.40686999899998],[26.451360004000094,-27.385829996999973],[26.505830002000152,-27.398419995999916],[26.51257999900008,-27.393300000999943],[26.51284,-27.384790000999885],[26.49950999900011,-27.379709997999953],[26.48473000300004,-27.379910001999974],[26.459229999000115,-27.363499996999963],[26.446259997000084,-27.34928000399998],[26.455540001000145,-27.337389998999925],[26.458230003000153,-27.326229996999928],[26.47549999800009,-27.30831000099994],[26.484830001000148,-27.309069998999917],[26.479120000000137,-27.318930002999934],[26.48080999900003,-27.323179995999965],[26.49339,-27.319110002999935],[26.48847000000012,-27.286150000999953],[26.49736000300004,-27.268900003999875],[26.48885000300004,-27.250570000999915],[26.476800003000108,-27.244649997999943],[26.463889998000127,-27.229759997999906],[26.43769999800014,-27.20995998899997],[26.432850002000123,-27.19012000999993],[26.419950002000178,-27.171770002999892],[26.42705000100011,-27.151249994999944],[26.44074000100005,-27.149999997999885],[26.459210003000067,-27.157990002999895],[26.47309000100006,-27.15415],[26.48285999700005,-27.13171000299991],[26.50291999900014,-27.13074000299997],[26.521619999,-27.10439],[26.56221999700017,-27.159820000999957],[26.55610999600009,-27.159770001999902],[26.57541,-27.183319997999888],[26.635249997000074,-27.17157],[26.645169998000085,-27.19093],[26.683074001000023,-27.1902600009999],[26.670680997000147,-27.172660999999835],[26.725499999000135,-27.151464003999934],[26.72873699800016,-27.166715997999972],[26.78056499800016,-27.15360499899998],[26.844602003000148,-27.15809799699997],[26.87723700400005,-27.12508699899996],[26.822074999,-27.109737998999947],[26.82750300000015,-27.067852996999875],[26.81022953900009,-27.06537855199997],[26.79682799800014,-27.05036199799997],[26.81195500200016,-27.050171001999956],[26.88058799600003,-27.03063100199995],[26.856271003000188,-26.981817000999968],[26.844414998000047,-26.97950099299993],[26.840798004000078,-26.94299499799996],[26.84973000200017,-26.938830001999918],[26.859019997000075,-26.921010001999946],[26.867749997000146,-26.919460002999983],[26.875080002000118,-26.924570000999893],[26.87481000300005,-26.93006000099996],[26.87978000100003,-26.93446999699995],[26.89613999200003,-26.935060002999933],[26.907610001000023,-26.94451999899991],[26.90904999700018,-26.96132999599996],[26.92042999800003,-26.973319998999955],[26.924999997000043,-26.956979996999962],[26.920159999000134,-26.90600000099988],[26.927209998000023,-26.887070002999906],[26.939529998000125,-26.87169000299997],[26.95077000100008,-26.87454000899993],[26.94722001000008,-26.89200999899998],[26.95665000300005,-26.90064999899988],[27.013929998000037,-26.932050001999926],[27.02819,-26.93592],[27.03998999700019,-26.938219999999887],[27.073420002000148,-26.934779996999964],[27.08677999800011,-26.93853],[27.094889998000042,-26.931],[27.113019996000162,-26.92631999699995],[27.143470003000118,-26.94190999799997],[27.15368999800006,-26.937039996999886],[27.16470000200013,-26.92412000199988],[27.17641,-26.924880000999963],[27.182870002000186,-26.93042],[27.183209996000073,-26.950289996999913],[27.174010001000113,-26.968470002999936],[27.190050002000078,-26.977489998999886],[27.206490001000077,-26.98035000199991],[27.212129999000126,-26.97624],[27.211090003000038,-26.96237999799996],[27.21752000200013,-26.946060000999978],[27.22946999700008,-26.93897000899989],[27.241569996000123,-26.918710002999887],[27.262100002000068,-26.90822],[27.270390001000067,-26.891510000999915],[27.28981999700011,-26.879360002999874],[27.30216000900009,-26.854699998999934],[27.332799998000098,-26.854209998999977],[27.340220002000137,-26.860909997999897],[27.340750002000107,-26.8719899969999],[27.368360001999974,-26.89174],[27.370890001000134,-26.904249996999965],[27.384209996000095,-26.90037000199993],[27.40032999800019,-26.92222000099997],[27.414289998000072,-26.925660011999867],[27.44002,-26.899490000999947],[27.444189999000173,-26.90038],[27.45522,-26.890580000999876],[27.476040001000058,-26.883490000999927],[27.487460003000137,-26.849370000999954],[27.511149999000054,-26.837840002999883],[27.510839999000154,-26.82552000299995],[27.518210004000025,-26.810219996999876],[27.505900002000033,-26.794820001999938],[27.509389996000152,-26.785780001999967],[27.519510001000185,-26.781859996999913],[27.53782,-26.785139996999874],[27.55572000000012,-26.773219996999956],[27.570860003000064,-26.7809400029999],[27.580740003000074,-26.77492000199993],[27.582589997000184,-26.768900000999906],[27.569900000000132,-26.754559997999934],[27.56997000300015,-26.7470799969999],[27.594180007999967,-26.73704000099991],[27.606720000000166,-26.74126999699996],[27.61049,-26.73260000299996],[27.631870004000064,-26.73274000099991],[27.635780002000104,-26.75150999699997],[27.62839,-26.766029998999954],[27.63230999600006,-26.771919999999852],[27.643079996000154,-26.768479996999872],[27.666209996000077,-26.77356],[27.67563,-26.771539996999934],[27.68778999600005,-26.76185000199996],[27.71630600100019,-26.761677],[27.70206000400003,-26.76694999299997],[27.69407599900012,-26.808898000999932],[27.68046999800015,-26.828969987999983],[27.710459999000193,-26.842270002999953],[27.740459990000033,-26.88226998899995],[27.75037999300008,-26.903259988999935],[27.772700003000125,-26.924949995999896],[27.782640000000185,-26.95972999699984],[27.80267000000015,-26.997190001999968],[27.83532000100007,-27.007529998999928],[27.868919999000127,-26.98137000199995],[27.87339299600012,-26.938421009999956],[27.92860998900011,-26.96601099199995],[27.940049997000187,-27.003069995999965],[27.95535000300015,-27.00898999999987],[27.97367,-27.042430001999946],[27.99556,-27.043930002999957],[28.024440002000063,-27.038339996999923],[28.02966000300006,-27.02440000099989],[28.046633004000114,-27.012724003999892],[28.061610003000055,-27.03615],[28.06083,-27.043530003999933],[28.06699999800003,-27.046230003999938],[28.062529997000127,-27.058030001999896],[28.07257999900014,-27.067849996999882],[28.07145000300011,-27.080429997999943],[28.076929997000036,-27.086109995999948],[28.077589998000178,-27.097280003999913],[28.104349999000192,-27.08603999299993],[28.126750003000097,-27.137859997999954],[28.16198000200012,-27.144149997999932],[28.18424,-27.16353000299989],[28.23888999700017,-27.18543000099993],[28.264239997000118,-27.18622000299996],[28.267990000000168,-27.190369996999948],[28.263749997000048,-27.189630010999906],[28.262319999000056,-27.194659998999896],[28.28708000100005,-27.204120002999957],[28.252619998000114,-27.246050000999958],[28.264,-27.256240000999924],[28.227359999000043,-27.28761000199995],[28.259139997000034,-27.327909997999825],[28.26351,-27.34682],[28.289880000000153,-27.356139997999946],[28.283350002000077,-27.35954],[28.27963000200009,-27.36918000299994],[28.28362000200019,-27.371419998999954],[28.27971000400015,-27.389629998999965],[28.28523999700019,-27.40063999599994],[28.28084,-27.40579000199989],[28.28343000400008,-27.415109998999924],[28.26677000400008,-27.418230003999952],[28.250660000000153,-27.479120002999935],[28.250889999000037,-27.49779],[28.228190000999973,-27.490089997999974],[28.22740999800004,-27.49779],[28.216189999000107,-27.49027999599997],[28.210230003000106,-27.49819],[28.194630004000146,-27.49538000299998],[28.188689996000164,-27.481780002999926],[28.165660002000152,-27.499450003999925],[28.15503999900011,-27.49889000199994],[28.13775000100003,-27.520749998999975],[28.130530008000108,-27.519069997999964],[28.104836998000053,-27.533283000999916],[28.06145,-27.57524000099994],[28.056870003000085,-27.56421999899993],[28.007781996000062,-27.563804],[28.014279996000027,-27.582510000999946],[28.005820003000167,-27.581170002999954],[27.98253,-27.61207],[27.991210001000127,-27.62195],[27.988600000000133,-27.632209995999972],[27.948109998000177,-27.635509999999897],[27.919770003000167,-27.642609998999944],[27.88191999600008,-27.63849999699994],[27.88282000200013,-27.656950001999917],[27.83808999700011,-27.672621998999944],[27.841470003000154,-27.72054000099996],[27.86284000100011,-27.789520003999883],[27.802780004,-27.786219998999968],[27.74175999700003,-27.80637000099989],[27.714239997000163,-27.807720005999954],[27.68059000000011,-27.80141000099991],[27.6477259990001,-27.83075099699994],[27.644470001000172,-27.82689900199989],[27.64899300100012,-27.823806996999963],[27.63791900200016,-27.8155879979999],[27.632529997000063,-27.802246003999983],[27.621151001000044,-27.801665995999883],[27.616590002000066,-27.795554997999886],[27.607244,-27.794552001999932],[27.601985993000085,-27.779293002999964],[27.594889003000105,-27.7776930039999],[27.59177199800007,-27.781566998999892],[27.582319,-27.778130003999934],[27.590419999000176,-27.75360000099988],[27.566809998000053,-27.738040001999934],[27.585710002000155,-27.713490001999844],[27.639429999000072,-27.68155999899983],[27.625064989000066,-27.657728001999885],[27.57681,-27.61854],[27.547280004000072,-27.614810000999967],[27.47857,-27.631209992999914],[27.42671000300004,-27.630959997999923],[27.432030003000023,-27.62771000099997],[27.433990000999984,-27.61569000299994],[27.468640001000097,-27.61943999799996],[27.465040003000126,-27.60750000099995],[27.46767,-27.605879997999978],[27.43597499900011,-27.570466000999886],[27.453239998000186,-27.521180000999948],[27.4437,-27.51219999899996],[27.43413999800009,-27.492359996999937],[27.443420002000153,-27.482919996999954],[27.423319999,-27.469579996999983],[27.39696400400004,-27.458696992999876],[27.378759996000042,-27.479409997999937],[27.393939999000054,-27.497380001999886],[27.384159997000154,-27.506640001999926],[27.37055000600003,-27.486300002999883],[27.364770002000114,-27.494640000999937],[27.334879998000076,-27.484639997999977],[27.311070001000076,-27.488239995999947],[27.30341,-27.508829998999943],[27.29001000300019,-27.509160002999977],[27.283324,-27.547671],[27.292661002000045,-27.585433001999945],[27.26090199700019,-27.59939100699995],[27.260060999000018,-27.582792998999935],[27.217329996000046,-27.588692],[27.22268399600017,-27.605135997999867],[27.21718399700012,-27.61699],[27.234432668000068,-27.61326109299995],[27.236220000000174,-27.620299999999872],[27.244222990000083,-27.622690002999946],[27.238459000000148,-27.630677997999953],[27.238619003000167,-27.64315100199991],[27.247309193000092,-27.6473670769999],[27.25258,-27.662959999999885],[27.236303004000092,-27.65971500199987],[27.237627003000114,-27.66370200199998],[27.234168001000114,-27.664859],[27.239776339000173,-27.676340478999975],[27.231270115000143,-27.68070185099998],[27.23106,-27.68638],[27.23899,-27.69002],[27.236869367000168,-27.699921134999897],[27.256052998000143,-27.707492],[27.183880390000127,-27.737886208999896],[27.17788782000008,-27.74667300799996],[27.17646,-27.76157],[27.167857780000134,-27.770179108999912],[27.159672001000047,-27.792649998999877],[27.14840699900003,-27.76546600399996],[27.132003001999976,-27.768626998999935],[27.120436003000123,-27.75231300199988],[27.135758998000085,-27.73927700199988],[27.134162995999986,-27.735973996999974],[27.096568003000073,-27.69841400199988],[27.05263900400007,-27.61629299899994],[27.022398002000045,-27.59166700299994],[27.01632999700007,-27.598240000999965],[26.9765799970001,-27.570450001999973],[26.96631000300016,-27.56253999799992],[26.96326000200014,-27.549249997999937],[26.94527000200003,-27.5594899969999],[26.933530001000065,-27.55778999999984],[26.950050003,-27.52250000299989],[26.922733997000137,-27.516071000999887],[26.922860000000185,-27.52278],[26.88941999700006,-27.522649999999885],[26.870359998000026,-27.53378999699993],[26.88540000300003,-27.575869999999895],[26.873909997,-27.589619996999943],[26.857710002000147,-27.58600000299998],[26.846580003000042,-27.62357000399993],[26.836630000000184,-27.6229600019999],[26.798800005000146,-27.651999998999884],[26.789579998000136,-27.665289999999857],[26.741930001000128,-27.69363000299984],[26.69200999700007,-27.677049996999983],[26.68458000200002,-27.682560001999946],[26.636299999000073,-27.65908000099995],[26.59798100300003,-27.699806001999946],[26.56087999100015,-27.724080001999937],[26.522880004000058,-27.732770000999892],[26.54446000400003,-27.746399995999923],[26.515220003000024,-27.78697],[26.555709997000122,-27.79053000499988],[26.55937999800011,-27.79716],[26.55191000300016,-27.83310999799994],[26.51200900100008,-27.826236000999927],[26.513099004000082,-27.816588998999976],[26.477668003000133,-27.81026199799993],[26.481104998000035,-27.820513000999938],[26.447886001000143,-27.81400200299987],[26.439196999000103,-27.775503995999884],[26.443877002000136,-27.758395002999976],[26.45435500300016,-27.75603099899996],[26.45471200200012,-27.75104299899988],[26.41499499700012,-27.735402998999973],[26.396442999000044,-27.711308000999963],[26.391464997000128,-27.723060001999954],[26.336003995999988,-27.70983500199992],[26.324919991000115,-27.70106500099996],[26.316601003000187,-27.712198996999973],[26.330886004000035,-27.720524999999895],[26.301991,-27.77555500099993],[26.343529002000025,-27.8003740019999],[26.337819001000184,-27.808129995999934],[26.352414999000132,-27.829534998999975],[26.339822997000056,-27.833868001999917],[26.368717003000143,-27.870267997999974],[26.37010900300004,-27.893003001999887],[26.356233631000066,-27.88405455899988],[26.346345245000066,-27.89422546999998],[26.34290308300018,-27.908907324999973],[26.35483699700012,-27.910983003999945],[26.40822099800016,-27.966886996999904],[26.454390998,-27.970776998999895],[26.470049,-27.945864],[26.46756145600017,-27.934084926999958],[26.480502363000028,-27.929952372999878],[26.49106000400019,-27.91284000299993],[26.528089999000144,-27.91971000299992],[26.55977,-27.93917000199997],[26.505480001000024,-27.952089996999973],[26.509679995000113,-27.993220003999966],[26.49121000100007,-28.036570000999916],[26.50647999600011,-28.04136000099993],[26.49587,-28.052570000999935],[26.49116000200013,-28.098369995999917],[26.482920002000128,-28.09581000199995],[26.4811199990001,-28.0861000029999],[26.47263000400011,-28.078289996999956],[26.463150003000067,-28.08333999799987],[26.457040001999985,-28.0783799969999],[26.456359997000163,-28.04588999899994],[26.445610002000024,-28.03945800499997],[26.44512000200018,-28.08151],[26.440979998000103,-28.08327999999989],[26.438660001000073,-28.07915000199995],[26.42108999700008,-28.094329997999978],[26.414640001,-28.092130002999852]]]},"properties":{"area_code_id":"056","area_codes":["056"],"area_code_label":"056","prefix_1":"5","ward_count":50}},{"type":"Feature","geometry":{"type":"Polygon","coordinates":[[[26.70378,-28.416569],[26.69980303800014,-28.425024950999955],[26.706616045000146,-28.42933105799989],[26.699498018000156,-28.439457062999907],[26.687148315000172,-28.424151467999877],[26.689416427000083,-28.419118279999907],[26.683720383000036,-28.41654237499995],[26.68982793500004,-28.398752593999973],[26.701340001000062,-28.38915000299994],[26.691001998000104,-28.366523000999962],[26.67954,-28.363537999999892],[26.669529002000104,-28.385997002999943],[26.65384500300013,-28.378245],[26.647946999000112,-28.392105001999937],[26.637384001999976,-28.37961299799997],[26.61894400300008,-28.381010000999936],[26.61818699600002,-28.377900001999933],[26.60314199600009,-28.376695],[26.611867001000178,-28.352219000999924],[26.63938499799997,-28.358020988999954],[26.627049996999972,-28.33125999799995],[26.602539998,-28.330459998999913],[26.60966999900012,-28.305239991999883],[26.601919998000028,-28.29846],[26.584540000000175,-28.30098000099997],[26.58493999900014,-28.306520000999967],[26.54935000100005,-28.310940002999928],[26.54892999700013,-28.290229997999916],[26.538000002000047,-28.290990004999912],[26.44797,-28.312969996999982],[26.407140003000166,-28.31253000399994],[26.405439998000077,-28.292049996999936],[26.395949999000095,-28.291729998999926],[26.406220001000065,-28.274049998999942],[26.408589997000036,-28.259540002999984],[26.424989997000182,-28.261350011999923],[26.4270400100001,-28.267349992999982],[26.445499998000173,-28.26242000299993],[26.44151999600018,-28.25077000199991],[26.42306999900012,-28.255740000999936],[26.42025999500015,-28.24750999899993],[26.411029997000128,-28.24537999899991],[26.41698000300005,-28.22982],[26.436350002000154,-28.235639997999954],[26.44358000000011,-28.231410000999972],[26.443779996000103,-28.224419998999906],[26.455909998000152,-28.218489997999882],[26.456579997000063,-28.22379999899988],[26.468189997000025,-28.214419996999936],[26.461459996000144,-28.21245],[26.46277,-28.208069998999974],[26.45568,-28.202820002999943],[26.455580010000176,-28.192850002999933],[26.44229999900017,-28.183590002999892],[26.445949997000184,-28.175700002999974],[26.43945000200017,-28.16924000099982],[26.44609000300005,-28.166390003999823],[26.423339998000188,-28.154459997999936],[26.41519999600007,-28.139370001999964],[26.412010004000138,-28.13070999799993],[26.42262000000011,-28.126099997999972],[26.40830000200009,-28.123919998999895],[26.417610001000128,-28.11786999599991],[26.41981000400017,-28.109839996999938],[26.40999999899998,-28.106609996999964],[26.417219999000167,-28.100650000999963],[26.41640000299998,-28.0965899979999],[26.409980002,-28.095089995999956],[26.414640001,-28.092130002999852],[26.42108999700008,-28.094329997999978],[26.438660001000073,-28.07915000199995],[26.440979998000103,-28.08327999999989],[26.44512000200018,-28.08151],[26.445610002000024,-28.03945800499997],[26.456359997000163,-28.04588999899994],[26.457040001999985,-28.0783799969999],[26.463150003000067,-28.08333999799987],[26.47263000400011,-28.078289996999956],[26.4811199990001,-28.0861000029999],[26.482920002000128,-28.09581000199995],[26.49116000200013,-28.098369995999917],[26.49587,-28.052570000999935],[26.50647999600011,-28.04136000099993],[26.49121000100007,-28.036570000999916],[26.509679995000113,-27.993220003999966],[26.505480001000024,-27.952089996999973],[26.55977,-27.93917000199997],[26.528089999000144,-27.91971000299992],[26.49106000400019,-27.91284000299993],[26.480502363000028,-27.929952372999878],[26.46756145600017,-27.934084926999958],[26.470049,-27.945864],[26.454390998,-27.970776998999895],[26.40822099800016,-27.966886996999904],[26.35483699700012,-27.910983003999945],[26.34290308300018,-27.908907324999973],[26.346345245000066,-27.89422546999998],[26.356233631000066,-27.88405455899988],[26.37010900300004,-27.893003001999887],[26.368717003000143,-27.870267997999974],[26.339822997000056,-27.833868001999917],[26.352414999000132,-27.829534998999975],[26.337819001000184,-27.808129995999934],[26.343529002000025,-27.8003740019999],[26.301991,-27.77555500099993],[26.330886004000035,-27.720524999999895],[26.316601003000187,-27.712198996999973],[26.324919991000115,-27.70106500099996],[26.336003995999988,-27.70983500199992],[26.391464997000128,-27.723060001999954],[26.396442999000044,-27.711308000999963],[26.41499499700012,-27.735402998999973],[26.45471200200012,-27.75104299899988],[26.45435500300016,-27.75603099899996],[26.443877002000136,-27.758395002999976],[26.439196999000103,-27.775503995999884],[26.447886001000143,-27.81400200299987],[26.481104998000035,-27.820513000999938],[26.477668003000133,-27.81026199799993],[26.513099004000082,-27.816588998999976],[26.51200900100008,-27.826236000999927],[26.55191000300016,-27.83310999799994],[26.55937999800011,-27.79716],[26.555709997000122,-27.79053000499988],[26.515220003000024,-27.78697],[26.54446000400003,-27.746399995999923],[26.522880004000058,-27.732770000999892],[26.56087999100015,-27.724080001999937],[26.59798100300003,-27.699806001999946],[26.636299999000073,-27.65908000099995],[26.68458000200002,-27.682560001999946],[26.69200999700007,-27.677049996999983],[26.741930001000128,-27.69363000299984],[26.789579998000136,-27.665289999999857],[26.798800005000146,-27.651999998999884],[26.836630000000184,-27.6229600019999],[26.846580003000042,-27.62357000399993],[26.857710002000147,-27.58600000299998],[26.873909997,-27.589619996999943],[26.88540000300003,-27.575869999999895],[26.870359998000026,-27.53378999699993],[26.88941999700006,-27.522649999999885],[26.922860000000185,-27.52278],[26.922733997000137,-27.516071000999887],[26.950050003,-27.52250000299989],[26.933530001000065,-27.55778999999984],[26.94527000200003,-27.5594899969999],[26.96326000200014,-27.549249997999937],[26.96631000300016,-27.56253999799992],[26.9765799970001,-27.570450001999973],[27.01632999700007,-27.598240000999965],[27.022398002000045,-27.59166700299994],[27.05263900400007,-27.61629299899994],[27.096568003000073,-27.69841400199988],[27.134162995999986,-27.735973996999974],[27.135758998000085,-27.73927700199988],[27.120436003000123,-27.75231300199988],[27.132003001999976,-27.768626998999935],[27.14840699900003,-27.76546600399996],[27.159672001000047,-27.792649998999877],[27.167857780000134,-27.770179108999912],[27.17646,-27.76157],[27.17788782000008,-27.74667300799996],[27.183880390000127,-27.737886208999896],[27.256052998000143,-27.707492],[27.236869367000168,-27.699921134999897],[27.23899,-27.69002],[27.23106,-27.68638],[27.231270115000143,-27.68070185099998],[27.239776339000173,-27.676340478999975],[27.234168001000114,-27.664859],[27.237627003000114,-27.66370200199998],[27.236303004000092,-27.65971500199987],[27.25258,-27.662959999999885],[27.247309193000092,-27.6473670769999],[27.238619003000167,-27.64315100199991],[27.238459000000148,-27.630677997999953],[27.244222990000083,-27.622690002999946],[27.236220000000174,-27.620299999999872],[27.234432668000068,-27.61326109299995],[27.21718399700012,-27.61699],[27.22268399600017,-27.605135997999867],[27.217329996000046,-27.588692],[27.260060999000018,-27.582792998999935],[27.26090199700019,-27.59939100699995],[27.292661002000045,-27.585433001999945],[27.283324,-27.547671],[27.29001000300019,-27.509160002999977],[27.30341,-27.508829998999943],[27.311070001000076,-27.488239995999947],[27.334879998000076,-27.484639997999977],[27.364770002000114,-27.494640000999937],[27.37055000600003,-27.486300002999883],[27.384159997000154,-27.506640001999926],[27.393939999000054,-27.497380001999886],[27.378759996000042,-27.479409997999937],[27.39696400400004,-27.458696992999876],[27.423319999,-27.469579996999983],[27.443420002000153,-27.482919996999954],[27.43413999800009,-27.492359996999937],[27.4437,-27.51219999899996],[27.453239998000186,-27.521180000999948],[27.43597499900011,-27.570466000999886],[27.46767,-27.605879997999978],[27.465040003000126,-27.60750000099995],[27.468640001000097,-27.61943999799996],[27.433990000999984,-27.61569000299994],[27.432030003000023,-27.62771000099997],[27.42671000300004,-27.630959997999923],[27.47857,-27.631209992999914],[27.547280004000072,-27.614810000999967],[27.57681,-27.61854],[27.625064989000066,-27.657728001999885],[27.639429999000072,-27.68155999899983],[27.585710002000155,-27.713490001999844],[27.566809998000053,-27.738040001999934],[27.590419999000176,-27.75360000099988],[27.582319,-27.778130003999934],[27.59177199800007,-27.781566998999892],[27.594889003000105,-27.7776930039999],[27.601985993000085,-27.779293002999964],[27.607244,-27.794552001999932],[27.616590002000066,-27.795554997999886],[27.621151001000044,-27.801665995999883],[27.632529997000063,-27.802246003999983],[27.63791900200016,-27.8155879979999],[27.64899300100012,-27.823806996999963],[27.644470001000172,-27.82689900199989],[27.6477259990001,-27.83075099699994],[27.68059000000011,-27.80141000099991],[27.714239997000163,-27.807720005999954],[27.74175999700003,-27.80637000099989],[27.802780004,-27.786219998999968],[27.86284000100011,-27.789520003999883],[27.86410999600014,-27.853110002999983],[27.87259999900016,-27.933779998999967],[27.82297999700006,-27.933689998999967],[27.81078,-27.95026000799993],[27.800029997000138,-27.944329997999887],[27.798460000000148,-27.9346500019999],[27.788300002000085,-27.930800000999966],[27.791680000000156,-27.91891000399994],[27.786239998000156,-27.91318999599997],[27.77751999600008,-27.910219996999956],[27.766050003000032,-27.914919995999924],[27.76497999600008,-27.90905],[27.75861000200007,-27.904780002999928],[27.75282999799998,-27.91273999799995],[27.75413000300017,-27.918330003999984],[27.73771999800016,-27.928170003999867],[27.727259998000136,-27.959100003999936],[27.718059995000033,-27.956209997999963],[27.70474,-27.983610002999967],[27.718700000000126,-27.984829998999942],[27.695370004000154,-28.002639998999882],[27.70345999900013,-28.04039],[27.654970001000095,-28.05992999199998],[27.68901000000011,-28.096160002999966],[27.69322000000011,-28.123990002999847],[27.653760004000105,-28.12658999699994],[27.661379996000164,-28.14769000399997],[27.66207,-28.162660004999907],[27.656420004000097,-28.161610002999907],[27.661670000000186,-28.186179998999876],[27.65985,-28.184120002999975],[27.64576,-28.19215000099996],[27.62768000000017,-28.171129995999877],[27.596290003000036,-28.17598999899991],[27.611159999000108,-28.24146000299993],[27.616889996000168,-28.251149996999914],[27.605009996999968,-28.266369993999888],[27.59578,-28.25949000399993],[27.56950999800017,-28.284239998999908],[27.527170002000105,-28.266969996999876],[27.510740001000045,-28.27435000099996],[27.50475999200006,-28.27081],[27.503089998000064,-28.2490900009999],[27.48322999900006,-28.24877000299989],[27.48114999900008,-28.271780000999968],[27.470079997000028,-28.27320999899996],[27.46948000200007,-28.26346998899993],[27.460779996000156,-28.264730001999908],[27.456429998000146,-28.248009995999894],[27.449689998000053,-28.24781],[27.445190011000136,-28.238699996999912],[27.390809997000076,-28.239489998999886],[27.387869998999975,-28.21408000199989],[27.34386999900005,-28.226739995999935],[27.326239998000176,-28.22645999899987],[27.319650004000096,-28.26847999699993],[27.305769998000073,-28.262709997999934],[27.276829998000096,-28.2827799989999],[27.26590878700017,-28.377004906999957],[27.288969775000112,-28.457538326999895],[27.26339866400008,-28.47300811599996],[27.26216048000009,-28.479831676999936],[27.246305987000028,-28.491172],[27.271187403000113,-28.509724881999887],[27.258751125000174,-28.52065338899996],[27.231780127000036,-28.572429360999877],[27.212927800000102,-28.574166210999977],[27.212212100000045,-28.57798826399994],[27.197680000000105,-28.576579996999953],[27.172410002000163,-28.562299998999947],[27.15673000099997,-28.558290002999968],[27.15486000300018,-28.546290000999875],[27.150740002000077,-28.54766000199993],[27.14944700300009,-28.5331619989999],[27.133547002,-28.53808300399993],[27.124653001000183,-28.53282799599998],[27.107673003000173,-28.537073001999943],[27.09170400300013,-28.530402000999914],[27.06380799800013,-28.532222],[27.054711999000062,-28.521913002999895],[27.047434004000138,-28.52737000099995],[27.041356998000026,-28.523882001999937],[27.05589899900002,-28.480747000999884],[27.077600997000104,-28.45873900199996],[27.059659001000114,-28.449833997999974],[27.03113065400015,-28.47074440199998],[27.001374458000157,-28.483301643999937],[26.989243752000107,-28.521787007999933],[26.99616373500004,-28.521351368999944],[26.99906440500007,-28.53159042099992],[26.973884976000136,-28.542145602999938],[26.95941600200001,-28.55349700299996],[26.951023012000178,-28.56688700199993],[26.94697699700015,-28.567263996999884],[26.943869001,-28.56158900899993],[26.928093,-28.605756002999897],[26.936460000000125,-28.613033],[26.90346844600009,-28.631612065999946],[26.897575990000178,-28.620349998999927],[26.8921840000001,-28.61843099899994],[26.893715999000108,-28.625195988999963],[26.891055002000087,-28.62285600399997],[26.889704997000024,-28.614611],[26.884654000000182,-28.613767001999975],[26.885962,-28.60795400299986],[26.878574999000023,-28.615475002999972],[26.87180499700014,-28.604111],[26.859912997000094,-28.600673996999944],[26.852202997000063,-28.607989000999908],[26.848599001000082,-28.608364997999956],[26.858947002000036,-28.59309],[26.85002500100012,-28.585262],[26.849969999000052,-28.57711499999988],[26.844851001000166,-28.57427200099994],[26.84015599700018,-28.562516998999968],[26.834580002000052,-28.565043],[26.829844997000066,-28.55231899499995],[26.81474399700005,-28.55362800099988],[26.809038002000023,-28.560107998999854],[26.810502997000185,-28.551860003999877],[26.806207003000168,-28.54743300399997],[26.819784997000056,-28.539913998999907],[26.845790999000144,-28.492503000999932],[26.83508300000011,-28.480595001999916],[26.852437001000055,-28.44365799899998],[26.82602000300011,-28.40782399799997],[26.79022199700006,-28.384168002999957],[26.786167995000028,-28.386318996999933],[26.775948997000057,-28.382043995999936],[26.789473002000022,-28.398935000999984],[26.761510999000052,-28.40162],[26.75641000200011,-28.390884],[26.732726997000157,-28.381221],[26.721137677000115,-28.394613024999956],[26.71152504800017,-28.420686194999973],[26.708879275000186,-28.423275836999892],[26.70378,-28.416569]]]},"properties":{"area_code_id":"057","area_codes":["057"],"area_code_label":"057","prefix_1":"5","ward_count":47}},{"type":"Feature","geometry":{"type":"Polygon","coordinates":[[[28.365889997000124,-28.665430003999973],[28.370269998000083,-28.67041000099988],[28.372039991000065,-28.6837199979999],[28.35949999800016,-28.68852000299995],[28.349590004000163,-28.703439997999965],[28.34940999600019,-28.69905999599996],[28.3441199990001,-28.699359997999977],[28.34213999700006,-28.69380999999987],[28.325760002000038,-28.70028],[28.328850004000117,-28.705800002999922],[28.310520001000043,-28.70054999899986],[28.304930002000162,-28.692380001999936],[28.301759999000183,-28.70622999799997],[28.297130003000063,-28.70771000299993],[28.29593000300008,-28.703410002999874],[28.29494999600007,-28.707739996999862],[28.281660004,-28.71494000099989],[28.268290001000025,-28.706080000999975],[28.260490002000097,-28.709210003999885],[28.257560003000037,-28.700270001999968],[28.24331999700007,-28.702589998999883],[28.241380004000064,-28.69673999899993],[28.233519999000123,-28.695099998999922],[28.228829997,-28.702329997999982],[28.213830001000076,-28.70240999899994],[28.21032000300005,-28.70729999699995],[28.19616,-28.711210002999906],[28.190539998000133,-28.705590000999962],[28.190220000000124,-28.69682999899993],[28.183390001000134,-28.693739996999966],[28.184000003000165,-28.708799997999904],[28.167,-28.70546000099995],[28.166169998000044,-28.712749996999946],[28.159780000000183,-28.715180005999855],[28.162369996000052,-28.717900002999954],[28.1553,-28.719079997999927],[28.16071,-28.722499996999943],[28.15960999800012,-28.72576],[28.15527999600016,-28.723909997999897],[28.157900003000123,-28.730630000999838],[28.1505100010001,-28.722690001999865],[28.143330001000038,-28.729359997999893],[28.142660002000127,-28.738020001999928],[28.138389997000047,-28.734329996999975],[28.13003000300006,-28.741130000999874],[28.130880001000037,-28.745770002999905],[28.119279999000184,-28.74141999699998],[28.119769999000084,-28.75784],[28.113789999000176,-28.757700000999876],[28.101659989000154,-28.767149998999912],[28.0979200000001,-28.74950000199982],[28.059850001000086,-28.72500999899995],[28.056189998000036,-28.718830002999937],[28.058380002000035,-28.712769992999938],[28.052779997000073,-28.69779000199992],[28.053569999000047,-28.68908999599995],[28.034420000000182,-28.671150002999923],[28.045009990000096,-28.66025000899998],[28.046389991000183,-28.65316999299995],[28.037519993000046,-28.63970998999997],[28.04172999200017,-28.635430010999926],[28.039999990000183,-28.624859992999973],[28.029919997000093,-28.61642999099996],[28.02980999200014,-28.603649993999966],[28.014663993000056,-28.597500989999958],[28.008459999000138,-28.60513999299991],[28.001599997000085,-28.606619996999882],[27.970950003000155,-28.58888],[27.978209996000032,-28.57181999999989],[27.983169989000146,-28.570160003999945],[27.97837999700016,-28.56907999899994],[27.97318,-28.579799998999874],[27.9641400000001,-28.582660002999944],[27.95931999800007,-28.576990002999935],[27.95302000000015,-28.58046],[27.931579999000178,-28.57585999899993],[27.930029998000066,-28.55791999799993],[27.911360001000105,-28.564490002999946],[27.90135000000015,-28.555850002999875],[27.87738000800016,-28.564590000999942],[27.87289001000005,-28.570319998999935],[27.865949999000065,-28.5633699899999],[27.83388599800014,-28.55083700299997],[27.846040002000166,-28.47622000399997],[27.8085200000001,-28.458240001999968],[27.828770000000134,-28.41518999799996],[27.836030000999983,-28.41456999799982],[27.86050999800017,-28.361190002999933],[27.843889998000122,-28.345839997999974],[27.865429997000035,-28.33075999299996],[27.862780004000058,-28.323350002999973],[27.86576000500014,-28.31448001599989],[27.827229992000127,-28.323429989999852],[27.830580009000073,-28.283119993999946],[27.790020012000127,-28.25376999199989],[27.784559996999974,-28.24015999799991],[27.786099999000044,-28.23051000399994],[27.781099990000143,-28.22366],[27.79017000099998,-28.21591],[27.804390001000115,-28.214170001999946],[27.80902999600005,-28.20358000199991],[27.796529996000174,-28.1992],[27.800580001000128,-28.15684],[27.774329996000063,-28.152369990999944],[27.773839997000152,-28.148899993999976],[27.76209999600013,-28.150850000999924],[27.75918000300004,-28.12981],[27.77098999900005,-28.124989997999876],[27.766180004000034,-28.09883999899995],[27.79762000000011,-28.094030003999933],[27.79974000100009,-28.08112999699989],[27.80739000400007,-28.067879996999977],[27.81813999900004,-28.063669996999977],[27.75994000200012,-28.061910002999923],[27.74208000300007,-28.040879998999912],[27.73722,-28.029250002999902],[27.70345999900013,-28.04039],[27.695370004000154,-28.002639998999882],[27.718700000000126,-27.984829998999942],[27.70474,-27.983610002999967],[27.718059995000033,-27.956209997999963],[27.727259998000136,-27.959100003999936],[27.73771999800016,-27.928170003999867],[27.75413000300017,-27.918330003999984],[27.75282999799998,-27.91273999799995],[27.758470004000174,-27.904830001999983],[27.76497999600008,-27.90905],[27.766050003000032,-27.914919995999924],[27.77751999600008,-27.910219996999956],[27.786239998000156,-27.91318999599997],[27.791680000000156,-27.91891000399994],[27.788300002000085,-27.930800000999966],[27.798460000000148,-27.9346500019999],[27.800029997000138,-27.944329997999887],[27.81078,-27.95026000799993],[27.82297999700006,-27.933689998999967],[27.87259999900016,-27.933779998999967],[27.86410999600014,-27.853110002999983],[27.86284000100011,-27.789520003999883],[27.841470003000154,-27.72054000099996],[27.83808999700011,-27.672621998999944],[27.88282000200013,-27.656950001999917],[27.88191999600008,-27.63849999699994],[27.919770003000167,-27.642609998999944],[27.948109998000177,-27.635509999999897],[27.988600000000133,-27.632209995999972],[27.991210001000127,-27.62195],[27.98253,-27.61207],[28.005820003000167,-27.581170002999954],[28.014279996000027,-27.582510000999946],[28.007781996000062,-27.563804],[28.056870003000085,-27.56421999899993],[28.06145,-27.57524000099994],[28.104836998000053,-27.533283000999916],[28.130530008000108,-27.519069997999964],[28.13775000100003,-27.520749998999975],[28.15503999900011,-27.49889000199994],[28.165660002000152,-27.499450003999925],[28.188689996000164,-27.481780002999926],[28.194630004000146,-27.49538000299998],[28.210230003000106,-27.49819],[28.216189999000107,-27.49027999599997],[28.22740999800004,-27.49779],[28.228190000999973,-27.490089997999974],[28.250889999000037,-27.49779],[28.250660000000153,-27.479120002999935],[28.26677000400008,-27.418230003999952],[28.28343000400008,-27.415109998999924],[28.28084,-27.40579000199989],[28.28523999700019,-27.40063999599994],[28.27971000400015,-27.389629998999965],[28.28362000200019,-27.371419998999954],[28.27963000200009,-27.36918000299994],[28.283350002000077,-27.35954],[28.28983999900015,-27.35586999799989],[28.26351,-27.34682],[28.259139997000034,-27.327909997999825],[28.227359999000043,-27.28761000199995],[28.264,-27.256240000999924],[28.252619998000114,-27.246050000999958],[28.28708000100005,-27.204120002999957],[28.262319999000056,-27.194659998999896],[28.263749997000048,-27.189630010999906],[28.267990000000168,-27.190369996999948],[28.264239997000118,-27.18622000299996],[28.23888999700017,-27.18543000099993],[28.18424,-27.16353000299989],[28.16198000200012,-27.144149997999932],[28.126750003000097,-27.137859997999954],[28.104349999000192,-27.08603999299993],[28.077589998000178,-27.097280003999913],[28.076929997000036,-27.086109995999948],[28.07145000300011,-27.080429997999943],[28.07257999900014,-27.067849996999882],[28.062529997000127,-27.058030001999896],[28.06699999800003,-27.046230003999938],[28.06083,-27.043530003999933],[28.061610003000055,-27.03615],[28.046633004000114,-27.012724003999892],[28.02966000300006,-27.02440000099989],[28.024440002000063,-27.038339996999923],[27.99556,-27.043930002999957],[27.97367,-27.042430001999946],[27.95535000300015,-27.00898999999987],[27.940049997000187,-27.003069995999965],[27.92860998900011,-26.96601099199995],[27.944574993000174,-26.918924991999916],[28.01330566400003,-26.919128417999957],[28.025695801000154,-26.93310546899994],[28.025695801000154,-26.97052001999998],[28.065124512000125,-26.9647827149999],[28.06652832000009,-26.972473144999924],[28.072459046000176,-26.97159974599998],[28.06461899800007,-26.933291],[28.102767004000043,-26.924653001999957],[28.113686834000077,-26.905367176999903],[28.10897061100019,-26.906040922999978],[28.13071,-26.888090002999945],[28.142909997000118,-26.88983000099995],[28.15455999800008,-26.884110000999954],[28.16871000300017,-26.8900199979999],[28.17133000200016,-26.883710000999884],[28.167819996000162,-26.86799],[28.15379000100006,-26.850960001999965],[28.15724000200015,-26.84637999699993],[28.16606000200005,-26.845389999999895],[28.173450004000074,-26.84674000399997],[28.178740001000165,-26.853580000999955],[28.185649993000084,-26.874050008999973],[28.185849997000105,-26.89174],[28.193159997000066,-26.89622999699992],[28.20298,-26.911599997999872],[28.21498000200006,-26.91162000299994],[28.22510999700006,-26.923250006999922],[28.23082999600001,-26.922939998999937],[28.240199993000033,-26.915449990999832],[28.229809997000075,-26.90658999099992],[28.22744,-26.89390999999989],[28.23538999700014,-26.88136000199995],[28.248409998000113,-26.88406000099991],[28.24346499900014,-26.873693001999925],[28.261910001000047,-26.87524000299993],[28.263330001000156,-26.86646000299993],[28.28430999700015,-26.86438000299995],[28.28352000400008,-26.877069991999917],[28.309550000000172,-26.879429996999875],[28.325010001000066,-26.84107000299997],[28.318329999000184,-26.8118],[28.321609999000145,-26.81172999699993],[28.319410004000076,-26.79266999699996],[28.34345000000019,-26.78546000299997],[28.34259000300017,-26.779090000999872],[28.34911000200009,-26.777869996999925],[28.34819999900003,-26.77290998899997],[28.40685000200017,-26.761710001999973],[28.393969999000035,-26.71675],[28.382960003000164,-26.71753000299998],[28.400099997000098,-26.655045],[28.443829998000126,-26.65443000299996],[28.44310000100006,-26.639169996999897],[28.490280004000113,-26.63533000299998],[28.498158002000025,-26.64945500199991],[28.490151,-26.656910002999894],[28.52065699900004,-26.651853004999907],[28.52170400100016,-26.66583000099996],[28.52707000200013,-26.667883996999933],[28.52503400000012,-26.670825995999962],[28.5444400020001,-26.67811399699991],[28.54296100200014,-26.68505799899998],[28.509669999000096,-26.717989999999872],[28.577223004000075,-26.72334399899995],[28.60104500200009,-26.750606997999967],[28.588586001000124,-26.783756000999972],[28.62586599900004,-26.785915003999946],[28.633064008000076,-26.803571002999945],[28.649432002000083,-26.806080000999884],[28.667370389999974,-26.793396993999977],[28.659049998000057,-26.807683],[28.695391003,-26.816874998999936],[28.695293997000135,-26.837134996999964],[28.644065003000037,-26.84596600899988],[28.64910199700006,-26.86667800099997],[28.622975003000136,-26.876111001999902],[28.581695997000054,-26.87943100299998],[28.569080999000107,-26.89937599899997],[28.57328199800014,-26.902014995999934],[28.57063699100007,-26.915068997999924],[28.57981,-26.9157719989999],[28.581353002000014,-26.93281000099995],[28.62163000200013,-26.93588599899988],[28.635770998000055,-26.95710500299998],[28.646320000000173,-26.952770004999934],[28.682399998000108,-26.97491],[28.699980001000085,-26.975650001999895],[28.706220002000123,-26.968709999999874],[28.710910003000095,-26.96919],[28.736490001000107,-27.00170000299994],[28.743689997000047,-27.00339000299988],[28.75524,-26.997429998999962],[28.770679996000013,-27.002990001999933],[28.77682,-27.00904999699992],[28.773830004000104,-27.01896],[28.795020002000058,-27.028929999999832],[28.80132999900019,-27.012549995999905],[28.804889996000156,-27.01152999699997],[28.81400999800013,-27.04257],[28.82588999700016,-27.037009996999927],[28.83895999700013,-27.041619996999884],[28.857869999000116,-27.02492001099995],[28.869879999000148,-27.031599997999933],[28.87989000000016,-27.055230001999973],[28.88860000300008,-27.059270000999902],[28.90045,-27.048060001999943],[28.89620999699997,-27.042669998999884],[28.898029997000094,-27.029620002999877],[28.88534999799998,-27.024819996999952],[28.893560004,-27.01340000199997],[28.907540000000154,-27.020139994999965],[28.92039,-27.011079997999957],[28.93457000000018,-27.015360000999976],[28.954349997000122,-27.01173999899993],[28.96753000100017,-26.99145999599989],[29.015141792000065,-27.009956936999913],[29.001684089000094,-27.05058728399996],[28.996519089000117,-27.07966041599991],[29.005529404000185,-27.10969924899996],[28.997959137000066,-27.146600722999892],[29.00564974399998,-27.166900962999932],[29.002399445000094,-27.16703033399989],[29.00404930100018,-27.180240630999833],[28.997280121000188,-27.182279586999982],[28.97874069200003,-27.206310271999882],[28.98200035100018,-27.215490340999963],[28.99424934400014,-27.217649459999905],[28.981920040000034,-27.235745657999928],[29.006290436000086,-27.248790740999937],[29.002689362000183,-27.261060714999928],[28.978839874000073,-27.25411033599994],[28.967390060000014,-27.257310866999887],[28.96430015600015,-27.261940001999903],[28.967029572000058,-27.280010222999977],[28.937362671000074,-27.28768539399988],[28.916881561000082,-27.34579467799989],[28.922864570000115,-27.376171711999916],[28.969483998999976,-27.373527998999975],[29.01280700200016,-27.382229998999833],[29.0189400000001,-27.42827999699989],[29.10341899900004,-27.41333999899996],[29.10276900400015,-27.417246996999893],[29.11493400400002,-27.418389998999885],[29.11777400300008,-27.409466003999967],[29.149392011000145,-27.417878],[29.166974998000057,-27.416873001999875],[29.18209600100016,-27.408565000999943],[29.183600998000088,-27.415662995999924],[29.190763004000075,-27.415150996999955],[29.189280996000036,-27.406097998999883],[29.197935,-27.40418199899989],[29.20633000100014,-27.390057998999964],[29.283019886999966,-27.37578844099994],[29.28122999800013,-27.39119500099997],[29.29361600400017,-27.404194997999923],[29.28886046400015,-27.419990774999917],[29.30472004600017,-27.412552942999923],[29.347760331000188,-27.413118331999897],[29.353272880000077,-27.415167869999948],[29.352619869000137,-27.43367709099988],[29.39394000200008,-27.429491997999946],[29.42583599700015,-27.450498995999965],[29.414984643000082,-27.489836276999938],[29.42773778000003,-27.497528464999903],[29.4560776780001,-27.49993043199987],[29.474040327000125,-27.50846439099996],[29.502525002000027,-27.505536002999975],[29.494947995000018,-27.524076997999828],[29.498201000000165,-27.53086200099989],[29.48576600100006,-27.529389998999932],[29.509997,-27.571954000999824],[29.450831998000183,-27.60697999899992],[29.445749003000174,-27.624430997999923],[29.45965,-27.67279],[29.401292702000035,-27.65764022299993],[29.40464146200003,-27.71094183599996],[29.407722879000175,-27.72429464099997],[29.415084041000114,-27.73353889099991],[29.440420134000078,-27.749117164999973],[29.454115319000152,-27.752883339999983],[29.45702554600018,-27.749630733999822],[29.50273322700008,-27.75510880799993],[29.50872487000015,-27.750144302999956],[29.52909645800014,-27.74774764599988],[29.542576001000157,-27.740715002999934],[29.56749899800019,-27.754571995999925],[29.571047002000114,-27.78344299799994],[29.622553999000104,-27.823003996999944],[29.63369408800014,-27.8107135329999],[29.627503976000128,-27.805581212999982],[29.649883490000093,-27.803969492999954],[29.65249946300014,-27.811650708999935],[29.664290578000077,-27.820697617999826],[29.695378001000165,-27.79961200899993],[29.72830103600012,-27.80103596799995],[29.73125997000011,-27.80807996599998],[29.729259971000147,-27.8119799669999],[29.721709982999982,-27.811759974999973],[29.713399978000155,-27.8181300199999],[29.70949996900015,-27.815739966999956],[29.697029979000092,-27.82448003899998],[29.693149978000122,-27.839319978999924],[29.702799964000064,-27.856559955999955],[29.698969981000175,-27.85977002599998],[29.687099996000086,-27.858520047999946],[29.68960995900005,-27.864389957999947],[29.68503003899997,-27.867530031999877],[29.687240036000162,-27.877990032999946],[29.68271998299997,-27.888009970999974],[29.69034997100016,-27.89572996699991],[29.67170997000005,-27.91698996599996],[29.664069972000107,-27.921269963999976],[29.656719973000065,-27.918939967999904],[29.653799972000172,-27.923280031999923],[29.6632199660001,-27.93000004399994],[29.65764997800005,-27.937400023999885],[29.67323997300008,-27.94316003299997],[29.679749973000128,-27.95742996999985],[29.663559970000165,-27.957309967999947],[29.650839969000117,-27.96670996799992],[29.635879971000065,-27.99452996899987],[29.639389972000174,-28.01556996799991],[29.616861983000035,-28.046838015999867],[29.63181998300007,-28.06901997599988],[29.65547997699997,-28.090020025999877],[29.652589972000044,-28.09880996599992],[29.660619971000187,-28.126059965999957],[29.654130037000186,-28.138329967999823],[29.663289934000034,-28.14202004499998],[29.662849957000162,-28.177250025999967],[29.626339969000185,-28.185739969999815],[29.609559987000182,-28.215029969999875],[29.624419958000033,-28.224949966999816],[29.619765027000085,-28.241219959999967],[29.558679973000153,-28.258340033999843],[29.550589975000094,-28.247199981999927],[29.50992004400007,-28.26543993699994],[29.48292997100009,-28.272199966999892],[29.4792599700001,-28.290729969999973],[29.458749970000042,-28.310429968999983],[29.43757997299997,-28.32112996899997],[29.438059960000032,-28.332140034999952],[29.42770004700003,-28.339309966999963],[29.41430996800011,-28.37591001599992],[29.373410027999967,-28.371899976999885],[29.357450980000067,-28.387969022999926],[29.32010997300017,-28.40678996899993],[29.32262996900016,-28.423959968999952],[29.29009997000003,-28.43789003399985],[29.268539973000088,-28.43184996699995],[29.261509972000056,-28.43370003299998],[29.248749971000052,-28.42489996699993],[29.229011960000037,-28.45628596599994],[29.191499979000184,-28.493779977999964],[29.21624995700006,-28.519049953999968],[29.19640997400012,-28.545040024999935],[29.17870996800002,-28.54270994999996],[29.170979960000125,-28.53003005299996],[29.134999968000102,-28.566299966999964],[29.096319970000025,-28.545090033999884],[28.973990977000028,-28.574560038999948],[28.961279972000057,-28.597169968999935],[28.965959943000087,-28.605310026999916],[28.95462596300007,-28.608547961999875],[28.946686996000153,-28.603649],[28.917547000000184,-28.602216998999893],[28.922826002000136,-28.60953999799989],[28.907131997000022,-28.61432500199993],[28.9049619970001,-28.612658],[28.91144800300009,-28.610496002999867],[28.910780996000085,-28.605884997999908],[28.884239001000026,-28.607456],[28.885891998999966,-28.600812000999895],[28.862348004000182,-28.608896003999973],[28.861111004000122,-28.605006001999925],[28.855365,-28.604325996999876],[28.854394999000192,-28.59472799699995],[28.850590002000047,-28.603169995999963],[28.85057800100003,-28.596788998999955],[28.838949002000163,-28.590632995999954],[28.837768001000086,-28.605512000999965],[28.829760000000135,-28.60824],[28.83017000000018,-28.61475],[28.821659003000036,-28.620514996999816],[28.822726445000058,-28.624177809999935],[28.81562965200004,-28.633489890999897],[28.81521000000015,-28.64623],[28.82482000000016,-28.65214],[28.829290000000185,-28.66031],[28.82822699800016,-28.66942199799996],[28.819734003000065,-28.686630997999885],[28.797377,-28.704450996999867],[28.792169997000087,-28.698699996999892],[28.777830002000087,-28.700809999999876],[28.753470000000164,-28.683769996999956],[28.72613999800018,-28.6877099969999],[28.724210002000177,-28.681629998999938],[28.704720001000055,-28.671430000999976],[28.708109997000065,-28.663760000999957],[28.706379997000113,-28.652300005999905],[28.694750001000102,-28.64436],[28.69605999600003,-28.638209997999923],[28.70092998900003,-28.63658000399988],[28.6976899980001,-28.62619999799989],[28.703619999000182,-28.618099996999945],[28.68588000200009,-28.599100010999848],[28.68175000400015,-28.58960999599998],[28.651370001000146,-28.5708],[28.638820002000102,-28.5778],[28.636640004000185,-28.57558999899993],[28.632430004000014,-28.58259],[28.62199999900008,-28.58064],[28.6127800000001,-28.597479998999916],[28.607419999000058,-28.595430001999944],[28.604009999000027,-28.600649994999912],[28.59393000300014,-28.602390000999947],[28.590700002000176,-28.608410001999914],[28.57834999900018,-28.603779997999936],[28.57567001000018,-28.610229991999972],[28.572490017000064,-28.607340018999935],[28.56697998800007,-28.610409984999933],[28.555740017000062,-28.602380018999895],[28.54851001900016,-28.60960001899997],[28.540289983000037,-28.602519985999947],[28.530289988000106,-28.610319984999933],[28.52410001800007,-28.601159982999945],[28.517909983000152,-28.602889990999984],[28.520330018000095,-28.608879988999888],[28.506119984000122,-28.614839984999946],[28.507529985000133,-28.618129982999903],[28.501450019000174,-28.61311998399998],[28.502560018000054,-28.60783001899989],[28.489620019000142,-28.606149985999878],[28.486129985,-28.612480018999975],[28.47242002000013,-28.605329989999973],[28.469929982000167,-28.609539989999973],[28.459249982000017,-28.610759985999948],[28.46121002000001,-28.61348998899996],[28.456470019000164,-28.611759988999893],[28.453629988000102,-28.61928998999997],[28.449319983000066,-28.616499989999966],[28.446550018000153,-28.6194599829999],[28.445130019000146,-28.615379983999958],[28.442639989000156,-28.620129989999953],[28.43009998800011,-28.620129989999953],[28.41948998400011,-28.62770998999997],[28.40805998400009,-28.62214001899997],[28.400939989000108,-28.625079984999957],[28.40277998500011,-28.644349985999895],[28.390749989000028,-28.644019988999958],[28.388879982000162,-28.653669990999845],[28.372020018000114,-28.665920018999827],[28.365889997000124,-28.665430003999973]]]},"properties":{"area_code_id":"058","area_codes":["058"],"area_code_label":"058","prefix_1":"5","ward_count":79}}]}