{"type":"FeatureCollection","features":[{"type":"Feature","properties":{"province_id":"ZA2","province":"Eastern Cape"},"geometry":{"type":"Polygon","coordinates":[[[29.021869972000047,-30.004429968999887],[28.85769,-30.077470003999906],[28.854459999000085,-30.090489996999906],[28.74982000200015,-30.10648000599997],[28.66760999700017,-30.140710001999878],[28.55059000300014,-30.120630003999963],[28.47251000400007,-30.155600009999887],[28.39980000300011,-30.14368000199994],[28.382859989000053,-30.16882],[28.36510000300018,-30.168620003999877],[28.34584999900011,-30.23206999699994],[28.303189997000175,-30.256230002999928],[28.23643000100003,-30.259939996999947],[28.20686000400002,-30.29095999699996],[28.256510000000105,-30.32444],[28.252860011000166,-30.342070000999968],[28.26985000000019,-30.35337999899997],[28.25775,-30.417369998999902],[28.186130002000084,-30.43522],[28.15635000300017,-30.465539997999883],[28.179730006000057,-30.491339995999965],[28.177069998000093,-30.525250001999893],[28.156959997000172,-30.544000000999915],[28.15122999099998,-30.584010001999957],[28.113150002000054,-30.599870001999932],[28.123830001999977,-30.65917999899989],[28.11357500100013,-30.675575002999892],[28.08457000200019,-30.65398000099998],[28.003749993000156,-30.65899000099995],[27.94052000100004,-30.644109998999966],[27.9154899990001,-30.6013],[27.795470004000038,-30.619110000999967],[27.741910001,-30.60390000299992],[27.6903999970001,-30.540840002999914],[27.60969,-30.49561999899987],[27.60371000000015,-30.448020000999975],[27.56731000300016,-30.444799990999968],[27.553109999000128,-30.40115999699998],[27.48942000200003,-30.373409998999875],[27.475450004000038,-30.322099998999875],[27.458689998000068,-30.31323],[27.393009999000185,-30.339760001999935],[27.348909993000177,-30.330770000999962],[27.36637999900006,-30.338669998999933],[27.372099991000084,-30.374550000999875],[27.396739998000157,-30.361059996999984],[27.403800003000185,-30.391629997999928],[27.376889998000024,-30.408840002999966],[27.338900000000137,-30.398290002999943],[27.324220003000107,-30.42316000099987],[27.368720001000042,-30.437009996999905],[27.339619998000046,-30.45064999799996],[27.300579999000092,-30.443659995999894],[27.29595000200004,-30.46158000099996],[27.328359999000156,-30.48343],[27.298430003000192,-30.49463000199995],[27.29751999900003,-30.512199997999915],[27.251119992000042,-30.50251000399993],[27.239450003000172,-30.48062000399989],[27.22968999700015,-30.50957000099993],[27.21277000400005,-30.487000003999924],[27.18638,-30.524630001999867],[27.13046,-30.51015],[27.13802000300018,-30.53221999199991],[27.106050007000135,-30.55832],[27.08525000200018,-30.52805000099994],[27.005670001000055,-30.537279997999974],[27.000380004000135,-30.553419995999946],[27.041510002999985,-30.581469995999896],[27.03367000200012,-30.60067000199996],[26.94789999900013,-30.60764],[26.929330000000107,-30.62450000399997],[26.94881000300012,-30.65860999699987],[26.87873999700014,-30.65961000099992],[26.863560002000156,-30.684129997999946],[26.844259997999984,-30.682589995999876],[26.805269997000096,-30.63936999899994],[26.703089997000063,-30.686900001999902],[26.675320001999978,-30.66751999699983],[26.62945000400009,-30.693879997999943],[26.62901000300019,-30.66174],[26.5578799970001,-30.66407000399994],[26.483360002000097,-30.629640003999896],[26.489430003000052,-30.593829996999943],[26.44912,-30.56933000399988],[26.417929999000137,-30.566349997999964],[26.35602,-30.594969998999943],[26.280169990000047,-30.589640000999907],[26.263069997000173,-30.54303],[26.19734,-30.531569996999963],[26.194109999000034,-30.50376000199998],[26.16255999900011,-30.483489996999936],[26.130089997000084,-30.500080001999947],[26.148670003000177,-30.517469998999957],[26.142089999000177,-30.540220002999888],[26.09740000300019,-30.51647000299988],[25.977010010000072,-30.538159995999877],[25.943809996000027,-30.5569],[25.930970002000095,-30.58503999999988],[25.90318000300016,-30.543219997999927],[25.88561,-30.543820000999858],[25.871759996000037,-30.562200002999873],[25.890979998000148,-30.610259998999936],[25.860629997000103,-30.612929995999934],[25.84666,-30.633559999999875],[25.79304,-30.637100000999965],[25.76419999900014,-30.68850999899996],[25.693230004000043,-30.67610999799996],[25.675469994000025,-30.64010000299993],[25.613719998000136,-30.65601000299995],[25.6248000060001,-30.6243],[25.596690001000127,-30.590369996999925],[25.5623400020001,-30.616329990999873],[25.525589989000082,-30.613879992999955],[25.474620007000055,-30.635039991999975],[25.467099997000105,-30.624210010999946],[25.462349997,-30.722130001999915],[25.476379995000173,-30.728179995999938],[25.480200002000117,-30.77891],[25.549330001000044,-30.790980003999948],[25.47128999900019,-30.86984000099983],[25.517779999000084,-30.90151],[25.510949998000115,-30.95571999999987],[25.47502,-30.983879999999886],[25.484840002,-31.006329996999966],[25.50160000000011,-31.007389996999905],[25.48675000100002,-31.036910003999935],[25.43884000500009,-31.06149],[25.45428999100011,-31.0793],[25.44638999900019,-31.10020000199995],[25.384560001000068,-31.150970000999962],[25.386210001000165,-31.21784000399998],[25.354419997000093,-31.23599999399994],[25.29058000400005,-31.21347999699998],[25.26821999700013,-31.22082000299997],[25.210969998000166,-31.19210999799992],[25.204819999000165,-31.2151],[25.170479998000076,-31.23917999899993],[25.155200001000082,-31.23115000099989],[25.152699999,-31.24311999199989],[25.0844,-31.26233000299993],[25.073460001,-31.25326999699996],[25.05847000400007,-31.2693799999999],[25.005620000000135,-31.263099998999962],[24.960469998000065,-31.28551],[24.933589998000173,-31.320380001999922],[24.898849997000184,-31.31370000099986],[24.852990005000038,-31.328209989999948],[24.86285998900007,-31.37361],[24.82549999100013,-31.35650999799998],[24.788679998000134,-31.389460002999954],[24.71060999600013,-31.409509997999976],[24.664990001000035,-31.383660009999915],[24.5961,-31.39918],[24.56719000100003,-31.41864000099997],[24.55885000100011,-31.481839995999906],[24.519439999000156,-31.497899998999912],[24.533030001000157,-31.50978],[24.50391000200011,-31.5684199989999],[24.522960003000094,-31.603689997999936],[24.51412999600018,-31.704970000999936],[24.441250003,-31.712609997999948],[24.412620001999983,-31.688509996999983],[24.423289999000076,-31.711639995999974],[24.340689997000084,-31.71383],[24.28502000100019,-31.765179995999915],[24.16158999600009,-31.740149993999978],[24.147409995000032,-31.76727999799988],[24.15433001100007,-31.798309996999933],[24.18369999600003,-31.813279998999974],[24.15483000100005,-31.822480001999963],[24.153320001000168,-31.85491000299993],[24.123609997000074,-31.847169999999892],[24.10538000000014,-31.906850001999942],[24.16419999700014,-31.902410002999943],[24.22241000000014,-31.955640000999892],[24.18302999700012,-31.995939996999937],[24.189399999000102,-32.01224999699991],[24.140870001000167,-32.0117099979999],[24.128609998000172,-32.04125000099998],[24.141069997000045,-32.0513599919999],[24.10285000100015,-32.06988999899994],[24.097880002000068,-32.110774996999965],[24.109674997000127,-32.084289998999964],[24.135439997000105,-32.097859996999944],[24.135529997000106,-32.12314000099997],[24.100129996000078,-32.163999999999874],[24.038030000000163,-32.15813000399993],[24.044050001000073,-32.18189999999987],[24.03052999400012,-32.19347999799993],[23.961149999000156,-32.20652000399991],[23.892299997000066,-32.25494999599994],[23.85108000700012,-32.24252],[23.76622999800003,-32.17872999699995],[23.670450002000166,-32.23767000399994],[23.64887000200008,-32.29801999599994],[23.678369996000185,-32.32910999899997],[23.665149999000164,-32.34422999799983],[23.448959998000134,-32.323269997999944],[23.409850002000155,-32.38919999899997],[23.333050004000086,-32.35113999799995],[23.30732999900016,-32.39592000199991],[23.221610003000137,-32.42504],[23.247540002,-32.46532999799996],[23.244470004,-32.51322999899992],[23.288155001000064,-32.55120999799993],[23.307289998000158,-32.611620002999985],[23.30130999800008,-32.6517899989999],[23.26957,-32.67147999599996],[23.332859998000174,-32.703610003999984],[23.353500000000167,-32.72943999599994],[23.35160000700006,-32.76379000299994],[23.397736997000038,-32.76348000299993],[23.378620001000172,-32.825019995999924],[23.201100010000175,-32.78535500099997],[23.187469999000143,-32.76743000199991],[23.149329996,-32.766739997999935],[23.08932999700005,-32.799160000999905],[23.11642000200004,-32.85799000399993],[23.09800999800018,-32.873690008999915],[23.007439997,-32.872819998999944],[23.003680004000046,-32.89828000199998],[22.948750001,-32.95004000099988],[22.96925000400006,-32.99337000299988],[22.93409,-33.021659998999894],[22.95784999800003,-33.04505999899982],[22.9553100010001,-33.073140000999956],[22.892269998000188,-33.14163000399998],[22.877199998000094,-33.18693000199994],[22.84022000300007,-33.22021000099994],[22.790259991000084,-33.3073099959999],[22.77392999500006,-33.30902999799997],[22.77338999600005,-33.326259998999944],[22.739269996000075,-33.323980002999974],[22.735740001000124,-33.39476999799996],[22.784499998,-33.41553000199991],[22.77443000000011,-33.41974000199991],[22.934780003000185,-33.429140000999894],[23.134800004000056,-33.38762000099996],[23.297124998000186,-33.38864000099983],[23.36407000300011,-33.46175000199986],[23.354879999000048,-33.441169996999975],[23.49561999800011,-33.44344001099995],[23.603999999000166,-33.49640000199997],[23.596199999000135,-33.5725200039999],[23.616769997000176,-33.569579997999824],[23.619888997000146,-33.59148299699996],[23.674980000000176,-33.62587001199995],[23.670440004000056,-33.67255999799994],[23.585900003000063,-33.672749995999936],[23.55652000300006,-33.65154000099989],[23.541270004000125,-33.69954],[23.43994000200007,-33.7173900009999],[23.43007,-33.76175999799989],[23.395039996000094,-33.79263999899996],[23.489059998000187,-33.80752999899988],[23.48798999899998,-33.791489998999964],[23.51882000100005,-33.782120002999875],[23.557349997000188,-33.79340999599992],[23.561949998000046,-33.828939997999896],[23.70329999900008,-33.864060000999984],[23.647370001000013,-33.89278],[23.656829997000102,-33.90692999799995],[23.63737999600005,-33.91299000699996],[23.64480999900013,-33.98956999799998],[24.119960000000162,-34.06246999699994],[24.193799996999985,-34.05997999799996],[24.31033998900017,-34.10184999899997],[24.381949997000163,-34.10308000099997],[24.49125000000015,-34.167640000999825],[24.608660003000068,-34.19138000299995],[24.615490002000058,-34.17575999899992],[24.64642000900011,-34.17299000299988],[24.837119997,-34.213860000999944],[24.83988000200003,-34.19730999699988],[24.871440001000167,-34.19671999099984],[24.83230000300017,-34.16787],[24.84286,-34.1416700019999],[24.922369998000136,-34.079800003999935],[24.935079999000095,-34.00729999699996],[24.988770002000024,-33.98021],[25.197539999000185,-33.96682000099992],[25.407769996000127,-34.035779998999885],[25.468080004000058,-34.02936999599996],[25.62812999700003,-34.049389997999924],[25.652920000999984,-34.02803999699995],[25.7044500020001,-34.03041000099984],[25.672000004000154,-33.983639995999965],[25.61251999900003,-33.948269997999944],[25.63103000100017,-33.86412999699991],[25.70396000200003,-33.79046000099993],[25.82276000200011,-33.73024999899991],[26.07876000100015,-33.70675000199998],[26.29425999800003,-33.76348],[26.468390001000046,-33.77337999699995],[26.62592000100011,-33.71907999999985],[26.742259997000076,-33.65292999799988],[26.866710001000058,-33.62633000099987],[26.937229997000145,-33.58149],[27.008399996000037,-33.57059],[27.058549998000103,-33.536280001999955],[27.112389998000083,-33.52475000399994],[27.15611999900017,-33.47850000199992],[27.21561000300011,-33.45988000299997],[27.528150001000085,-33.256259996999916],[27.603109996000057,-33.22203000099995],[27.728509989000088,-33.12100000799995],[27.9255,-33.02838000199995],[27.922610002000056,-33.01159999899994],[27.96077000100007,-32.97879000299997],[28.08097000400005,-32.912060001999976],[28.139179999000078,-32.80726000299995],[28.37358,-32.70487],[28.4342,-32.631109996999896],[28.5515899990001,-32.572619995999844],[28.606300001000136,-32.499610000999894],[28.650799999000014,-32.48323999699994],[28.659350000000188,-32.458019997999884],[28.74443,-32.39644000399994],[28.784889999000086,-32.3427099999999],[28.88485,-32.28041],[28.897809997000024,-32.2451600039999],[28.94303999900012,-32.21872000099995],[29.021000003999973,-32.12082000399994],[29.088860001000114,-32.08028000299993],[29.13582001000009,-31.99591000299995],[29.181799996999985,-31.95186000399997],[29.21298000000013,-31.945029996999892],[29.301129998000135,-31.82631999599988],[29.34767000300019,-31.803719996999916],[29.3567200010001,-31.758519996999894],[29.403009996000037,-31.734019995999972],[29.42226000100004,-31.6916899979999],[29.493500003000122,-31.670559996999884],[29.62577000300007,-31.58493999899997],[29.695130001000052,-31.526459996999904],[29.73826999700009,-31.464400000999944],[29.770110001000035,-31.445049998999878],[29.834459999000103,-31.44325000299989],[29.905099998000026,-31.39347999699993],[29.965279997000152,-31.32077000399994],[30.06931999800014,-31.23714999699996],[30.19465997300017,-31.080519970999887],[30.163369974000148,-31.049919967999983],[30.17002996200017,-31.025379958999906],[30.140769961000103,-31.022849962999942],[30.135439970999983,-31.009000035999975],[30.156419971000048,-30.975899969999887],[30.134479974000044,-30.963789968999947],[30.14638996400015,-30.92236996099996],[30.120069983000178,-30.91010997999996],[30.119479979000175,-30.88801997999991],[30.070319971000174,-30.874699969999938],[30.093209966000074,-30.87804996999995],[30.094769969000083,-30.862289974999953],[30.03897997300004,-30.844559969999978],[30.022069972000054,-30.856789971999888],[30.007709971000168,-30.825749964999886],[30.000299972,-30.837549971999977],[29.96475997000016,-30.83234996999994],[29.972429987,-30.80225998399993],[29.932259971000065,-30.807159970999976],[29.955209972000148,-30.789749971999925],[29.949239981000062,-30.770819979999942],[29.9223499630001,-30.768670047999876],[29.929329942000038,-30.791979940999965],[29.908009942000092,-30.798219940999957],[29.91470994200006,-30.771029940999938],[29.886689941999975,-30.78469006599994],[29.892559965000146,-30.758889974999818],[29.85190997000018,-30.761690037999927],[29.847679980000123,-30.736489977999952],[29.82992996900009,-30.74390996099993],[29.825119969000184,-30.720579968999914],[29.80797997500008,-30.72963996699997],[29.812949985000046,-30.699449975999926],[29.80033997100014,-30.708880034999822],[29.78057997100018,-30.695399969999926],[29.786090048000176,-30.71004996199997],[29.759149973000035,-30.71920997099994],[29.752529971000115,-30.706970034999983],[29.740649970000106,-30.723360034999928],[29.733599973000025,-30.707420034999984],[29.700779961000023,-30.705339961999925],[29.673709969000015,-30.669219969999972],[29.651519979000057,-30.68584002199998],[29.599509973000124,-30.68951996999988],[29.587629972000116,-30.658980035999946],[29.524289970000154,-30.641160035999974],[29.512359972000183,-30.61821998299996],[29.401340040000093,-30.639439970999945],[29.345639975000097,-30.67172996799991],[29.322499979000042,-30.644479977999936],[29.26132997600007,-30.621159976999934],[29.204559971000037,-30.620179969999924],[29.182949972000188,-30.641349969999965],[29.18527997100017,-30.61853997099996],[29.135250001000088,-30.605139977999954],[29.146039939000104,-30.595239968999977],[29.115259999000102,-30.57962002399995],[29.173840036000172,-30.55174996999989],[29.165119972000014,-30.538039966999975],[29.152769955000053,-30.5546099579999],[29.140170016000127,-30.53382989199997],[29.150359971000114,-30.51038996699998],[29.177309972000046,-30.51572996899995],[29.196769982000035,-30.43439003499992],[29.28243995100013,-30.395730026999956],[29.277090061000138,-30.376249987999984],[29.30500997600018,-30.379859949999968],[29.291859980000027,-30.34563997999993],[29.301859965000062,-30.320119956999918],[29.236839971000165,-30.266889968999976],[29.25471997000011,-30.304829968999968],[29.135979965000104,-30.261230038999884],[29.122429972000134,-30.221950036999885],[29.132279972000106,-30.214939968999943],[29.112419974000034,-30.209589967999932],[29.12210997000011,-30.192019966999965],[29.102549972000133,-30.17709997099996],[29.12037997100009,-30.160389970999915],[29.110439973000098,-30.153769968999825],[29.121189964000052,-30.098779955999873],[29.021869972000047,-30.004429968999887]]]}},{"type":"Feature","properties":{"province_id":"ZA4","province":"Free State"},"geometry":{"type":"Polygon","coordinates":[[[27.977039999000112,-26.67141000199996],[27.944200000000137,-26.67381000099988],[27.925599990000023,-26.70377],[27.8935199980001,-26.71068],[27.88002000299997,-26.746189996999817],[27.782439996000164,-26.75078999899995],[27.768150000000162,-26.765210002999936],[27.769809996,-26.799290009999936],[27.728250004000188,-26.76084999799997],[27.63277000100004,-26.77205],[27.63340999800016,-26.73369999599987],[27.592209996000065,-26.73757000099988],[27.569829997000113,-26.74729999699997],[27.575600003000034,-26.778719995999893],[27.509389996000152,-26.785780001999967],[27.511149999000054,-26.837840002999883],[27.41858999699997,-26.92386000099998],[27.370890001000134,-26.904249996999965],[27.332799998000098,-26.854209998999977],[27.30589,-26.853369998999824],[27.21752000200013,-26.946060000999978],[27.20702000200015,-26.98023],[27.174010001000113,-26.968470002999936],[27.17641,-26.924880000999963],[27.143470003000118,-26.94190999799997],[27.113019996000162,-26.92631999699995],[27.02819,-26.93592],[26.956099999,-26.900249998999925],[26.940390003000118,-26.871470002999956],[26.920159999000134,-26.90600000099988],[26.920050003000085,-26.973480001999917],[26.907610001000023,-26.94451999899991],[26.863489998000034,-26.918890001999955],[26.830580004000183,-26.94933999299991],[26.81141999900018,-26.95129000099996],[26.805020002000106,-26.931979998999907],[26.715480000000184,-26.973919993999914],[26.688719991000028,-27.0179999959999],[26.668749996000145,-26.994620001999976],[26.61928999800017,-27.003390001999946],[26.581820003000075,-27.05312],[26.593750009000075,-27.079279996999958],[26.583550002000152,-27.108020000999943],[26.528650002000177,-27.091000001999873],[26.47309000100006,-27.15415],[26.428950002000192,-27.15024000199992],[26.4201099980001,-27.168400003999977],[26.43769999800014,-27.20995998899997],[26.49720999800013,-27.267779997999867],[26.49339,-27.319110002999935],[26.47549999800009,-27.30831000099994],[26.44641000100006,-27.349690001999875],[26.51284,-27.384790000999885],[26.510440002,-27.396170001999906],[26.451900002000173,-27.38575000399993],[26.42309000400013,-27.40686999899998],[26.345680003000098,-27.385350003999974],[26.324110001000065,-27.432929997999963],[26.29558,-27.415789995999887],[26.242270001000065,-27.431429996999952],[26.21988000300007,-27.474390000999904],[26.22898000000015,-27.51215],[26.17010999600012,-27.536110001999873],[26.153569998000137,-27.563959997999973],[26.134010001999968,-27.558469996999975],[26.113270002000093,-27.593339997999976],[26.08448,-27.595090001999893],[26.074919998000098,-27.620470003999912],[26.08619000300007,-27.648000000999957],[26.054690002000143,-27.669180001999905],[26.09452000300007,-27.691709997999965],[26.035450003999983,-27.736580000999936],[26.003179998000178,-27.70805],[26.00796999700009,-27.660400002999893],[25.98188000300007,-27.627199996999877],[25.9473199950001,-27.6329],[25.924309996999966,-27.60346000299984],[25.89574000300007,-27.609980008999912],[25.89131000300017,-27.626060001999974],[25.858070004000126,-27.623779997999975],[25.830170001000113,-27.56619000299986],[25.67885,-27.62963999599998],[25.664750001000073,-27.6938500039999],[25.590740003000064,-27.655170002999967],[25.55583000200005,-27.686659997999982],[25.48086000100011,-27.692530001999955],[25.469259999000087,-27.710589997999875],[25.394509998000103,-27.728680003999898],[25.340420004,-27.792959998999947],[25.270950002000177,-27.799410001999888],[25.23839000000015,-27.83438999899994],[25.254129998000053,-27.865080001999956],[25.197710000000143,-27.88854999699987],[25.160620000000108,-27.92705999599997],[25.133530002999976,-27.925269998999966],[25.130960003000155,-27.95057],[25.09060000200003,-27.984029998999915],[25.1074400010001,-28.011920003999876],[25.073869998000134,-28.06591],[25.02808,-28.07348000199994],[24.964569994000044,-28.250739998999904],[24.926679998000054,-28.24689999499998],[24.90534999800002,-28.274780001999943],[24.87048999500007,-28.270379998999942],[24.890329997000094,-28.31023000099998],[24.937619989000098,-28.324919989999955],[24.886779999,-28.464980000999958],[24.846890001000133,-28.50376999799994],[24.867819998000016,-28.51705999799998],[24.82772999600013,-28.62695999699997],[24.90184,-28.64803000099994],[24.34662,-29.65592999599994],[24.351040001000058,-29.70856],[24.411229998000124,-29.79039000199998],[24.439960004000113,-29.81538000099988],[24.49533,-29.814859997999918],[24.507680002000143,-29.840159998999923],[24.54696999700019,-29.844890001999943],[24.607929998000145,-29.91126000299994],[24.66504999900019,-29.901950005999936],[24.676640004000035,-29.976779997999984],[24.793970003000084,-29.99897999799998],[24.808049996000022,-30.023010001999864],[24.79782001,-30.051569997999934],[24.838489998000114,-30.09518999599993],[24.837590001000024,-30.117800002999957],[24.87114000000014,-30.13451000399988],[24.8999899960001,-30.206700000999945],[24.92511000100012,-30.20067999899993],[24.95419999600017,-30.226069997999957],[24.946520000000135,-30.25180999899993],[24.986319995000088,-30.289969996999957],[25.034980005000136,-30.28687000899987],[25.04713000900017,-30.316209995999884],[25.038620003,-30.362660003999963],[25.095059999,-30.372219997999935],[25.18959000400008,-30.498410000999968],[25.235299997000027,-30.499929994999945],[25.30419999800006,-30.57581],[25.333650001000024,-30.55766999599996],[25.3747399990001,-30.559129995999967],[25.41866,-30.578169997999908],[25.47114000700003,-30.63450999199989],[25.56403000100005,-30.6157700039999],[25.596690001000127,-30.590369996999925],[25.6248000060001,-30.6243],[25.613719998000136,-30.65601000299995],[25.675469994000025,-30.64010000299993],[25.693230004000043,-30.67610999799996],[25.76419999900014,-30.68850999899996],[25.79304,-30.637100000999965],[25.84666,-30.633559999999875],[25.860629997000103,-30.612929995999934],[25.890979998000148,-30.610259998999936],[25.871759996000037,-30.562200002999873],[25.88561,-30.543820000999858],[25.90318000300016,-30.543219997999927],[25.930970002000095,-30.58503999999988],[25.943809996000027,-30.5569],[25.977010010000072,-30.538159995999877],[26.09740000300019,-30.51647000299988],[26.142089999000177,-30.540220002999888],[26.148670003000177,-30.517469998999957],[26.130089997000084,-30.500080001999947],[26.16255999900011,-30.483489996999936],[26.194109999000034,-30.50376000199998],[26.19734,-30.531569996999963],[26.263069997000173,-30.54303],[26.280169990000047,-30.589640000999907],[26.35602,-30.594969998999943],[26.417929999000137,-30.566349997999964],[26.44912,-30.56933000399988],[26.489430003000052,-30.593829996999943],[26.483360002000097,-30.629640003999896],[26.5578799970001,-30.66407000399994],[26.62901000300019,-30.66174],[26.62945000400009,-30.693879997999943],[26.675320001999978,-30.66751999699983],[26.703089997000063,-30.686900001999902],[26.805269997000096,-30.63936999899994],[26.856640003000166,-30.684720003999928],[26.875499998000066,-30.678920002999973],[26.879409996000106,-30.659420002999923],[26.94881000300012,-30.65860999699987],[26.929330000000107,-30.62450000399997],[26.949449999000137,-30.606889998999975],[27.033230002000153,-30.601110001999928],[27.041510002999985,-30.581469995999896],[27.000380004000135,-30.553419995999946],[27.005670001000055,-30.537279997999974],[27.08525000200018,-30.52805000099994],[27.106050007000135,-30.55832],[27.13802000300018,-30.53221999199991],[27.13046,-30.51015],[27.18638,-30.524630001999867],[27.21277000400005,-30.487000003999924],[27.22968999700015,-30.50957000099993],[27.239450003000172,-30.48062000399989],[27.251119992000042,-30.50251000399993],[27.299410002000172,-30.51077],[27.298430003000192,-30.49463000199995],[27.328359999000156,-30.48343],[27.29595000200004,-30.46158000099996],[27.300579999000092,-30.443659995999894],[27.339619998000046,-30.45064999799996],[27.368720001000042,-30.437009996999905],[27.324220003000107,-30.42316000099987],[27.338900000000137,-30.398290002999943],[27.376889998000024,-30.408840002999966],[27.403800003000185,-30.391629997999928],[27.396739998000157,-30.361059996999984],[27.372099991000084,-30.374550000999875],[27.36637999900006,-30.338669998999933],[27.348909993000177,-30.330770000999962],[27.391649997000115,-30.320739995999816],[27.394739998999967,-30.30534999899993],[27.379900006000184,-30.299840000999893],[27.389689999000097,-30.283980000999918],[27.36689000300015,-30.27366],[27.368170004000092,-30.19264000299995],[27.386069996000174,-30.19339000399998],[27.381099998000025,-30.177260003999947],[27.410319994000076,-30.152619995999885],[27.402099998000097,-30.139089998999964],[27.326890001000038,-30.14812000099988],[27.29654,-30.056109995999975],[27.268470004000108,-30.04301000099997],[27.269479997000076,-30.02603000299996],[27.21886999800006,-30.01003000299994],[27.096579997000163,-29.729929995999896],[27.013309998000068,-29.66095000199988],[27.0281,-29.638819996999928],[27.01801999600019,-29.61712000299991],[27.03389000200002,-29.613419998999916],[27.057190004000176,-29.63712],[27.066259998000135,-29.597259995999877],[27.085120001000178,-29.615059998999982],[27.15416999900009,-29.560999998999932],[27.202659997000126,-29.568690001999983],[27.22210999700019,-29.54451],[27.24389000100018,-29.554529998999953],[27.27685000300005,-29.526330001999952],[27.30523999700017,-29.53387000099997],[27.306360003000123,-29.496839997999928],[27.329439996000076,-29.480730001999973],[27.36129999600007,-29.485569992999956],[27.35665000400013,-29.452669995999884],[27.395780003000084,-29.41122],[27.42461000600008,-29.404120001999956],[27.40604999699997,-29.364860001999944],[27.43230000200009,-29.372959994999974],[27.43628000300015,-29.334150001999944],[27.472340004999978,-29.320259997999983],[27.454590002000145,-29.29769],[27.48930999800018,-29.30197000399994],[27.494880008000052,-29.28400999799993],[27.540889997000136,-29.259880001999875],[27.54762998900003,-29.24636000299995],[27.514940002000174,-29.22441999599988],[27.57482,-29.184810003999928],[27.580599996000103,-29.16631999799995],[27.61416999900007,-29.16418],[27.60136,-29.13706999899989],[27.646290000000192,-29.11765000099996],[27.641209998000136,-29.080870000999937],[27.675490001000128,-29.077280000999906],[27.641360003000045,-29.04581000199994],[27.673040003000096,-29.043990010999835],[27.68510000200007,-29.0036099969999],[27.71356,-29.01011],[27.707390002000125,-28.98237],[27.722860001000186,-28.975630000999956],[27.723070003000146,-28.94935999899991],[27.76194999900008,-28.938029988999972],[27.754289998,-28.897129996999922],[27.81628999700007,-28.921099996999885],[27.829889998000112,-28.90354],[27.88840000200014,-28.916730001999895],[27.893090003000168,-28.87924000299995],[27.920000001,-28.877459995999914],[27.91872,-28.860280001999968],[27.93835999900017,-28.848289998999917],[27.990590000999987,-28.88297999999986],[27.995810003000088,-28.87198000199993],[28.02888999800001,-28.879139996999925],[28.02396000000016,-28.859369997999977],[28.05454,-28.841419998999925],[28.050750004000065,-28.81805000199995],[28.07488999800006,-28.814990001999888],[28.119080004000068,-28.741589997999938],[28.157690001000162,-28.730800001999967],[28.183099997000113,-28.69386999699998],[28.196439997000027,-28.711239996999893],[28.233519999000123,-28.695099998999922],[28.28119,-28.71493000299995],[28.304930002000162,-28.692380001999936],[28.349590004000163,-28.703439997999965],[28.372039991000065,-28.6837199979999],[28.365889997000124,-28.665430003999973],[28.40277998500011,-28.644349985999895],[28.401869989000147,-28.624299988999894],[28.47242002000013,-28.605329989999973],[28.507099983000103,-28.61813998999986],[28.52410001800007,-28.601159982999945],[28.590700002000176,-28.608410001999914],[28.651370001000146,-28.5708],[28.703619999000182,-28.618099996999945],[28.704720001000055,-28.671430000999976],[28.80619000200005,-28.70988000299991],[28.808450001000097,-28.771530000999974],[28.857600008000077,-28.755960003999974],[28.873626972000125,-28.770711899999924],[28.892110036000133,-28.74489996799997],[28.897199972000124,-28.690870033999886],[28.942769955000188,-28.650900028999956],[28.973990977000028,-28.574560038999948],[29.096319970000025,-28.545090033999884],[29.134999968000102,-28.566299966999964],[29.170979960000125,-28.53003005299996],[29.19640997400012,-28.545040024999935],[29.21624995700006,-28.519049953999968],[29.191499979000184,-28.493779977999964],[29.248749971000052,-28.42489996699993],[29.29009997000003,-28.43789003399985],[29.373410027999967,-28.371899976999885],[29.41430996800011,-28.37591001599992],[29.43757997299997,-28.32112996899997],[29.48292997100009,-28.272199966999892],[29.619765027000085,-28.241219959999967],[29.624419958000033,-28.224949966999816],[29.609559987000182,-28.215029969999875],[29.626339969000185,-28.185739969999815],[29.662849957000162,-28.177250025999967],[29.663289934000034,-28.14202004499998],[29.65547997699997,-28.090020025999877],[29.616861983000035,-28.046838015999867],[29.650839969000117,-27.96670996799992],[29.679749973000128,-27.95742996999985],[29.653799972000172,-27.923280031999923],[29.69034997100016,-27.89572996699991],[29.697029979000092,-27.82448003899998],[29.73125997000011,-27.80807996599998],[29.71084999100009,-27.795619958999964],[29.70349997200009,-27.76671003399997],[29.708990037000035,-27.698499965999815],[29.670119979,-27.67012997699993],[29.671169982000094,-27.650540021999973],[29.73480997000007,-27.60709996799983],[29.785129954000126,-27.59674003999993],[29.758359972000108,-27.52711003299987],[29.709249970000144,-27.513579965999952],[29.73192993100008,-27.48792995799994],[29.70316998100003,-27.471999970999946],[29.708370034000154,-27.461769985999865],[29.757179999000073,-27.44111],[29.727470003000178,-27.431519995999963],[29.700729998000043,-27.44879999599982],[29.701179997000054,-27.494100001999925],[29.61891000200012,-27.506020001999957],[29.60071,-27.470059997999954],[29.54646000200006,-27.431119996999882],[29.552029996000158,-27.39875],[29.52714001000004,-27.39410999799992],[29.502940003000163,-27.358179995999876],[29.48276999700016,-27.360039996999944],[29.486370003000104,-27.327369998999927],[29.46937999800008,-27.32480999699993],[29.463669997000068,-27.287719996999897],[29.42817999600004,-27.253869996999924],[29.390869996000106,-27.24272999899995],[29.34271000300015,-27.248469995999983],[29.33116,-27.263429998999925],[29.335069990000136,-27.207360000999984],[29.308969998000123,-27.21619999799998],[29.286390003000122,-27.190319997999893],[29.2682099970001,-27.19829999799998],[29.260440000000187,-27.181339995999906],[29.246290002000023,-27.191969996999887],[29.223870002000012,-27.14470000299997],[29.15945,-27.1431100019999],[29.116940003000025,-27.172390002999975],[29.104010001000063,-27.13034000199991],[29.05573999700016,-27.081339999999898],[29.07424999900013,-27.063470002999964],[29.053320001000145,-27.033689995999964],[29.05554999900005,-27.007950001999973],[29.038840000000107,-27.00481999999988],[29.03124000300005,-27.02895999499998],[28.96953000000019,-26.99161],[28.954349997000122,-27.01173999899993],[28.893560004,-27.01340000199997],[28.88534999799998,-27.024819996999952],[28.90045,-27.048060001999943],[28.88860000300008,-27.059270000999902],[28.857869999000116,-27.02492001099995],[28.81400999800013,-27.04257],[28.804889996000156,-27.01152999699997],[28.795020002000058,-27.028929999999832],[28.770679996000013,-27.002990001999933],[28.736490001000107,-27.00170000299994],[28.710910003000095,-26.96919],[28.68337999800019,-26.97518],[28.645520001000136,-26.952700001999915],[28.60503999700012,-26.99320999899993],[28.653480004000187,-26.995259997999824],[28.644429998000135,-27.020310002999906],[28.608290002,-27.008220009999945],[28.608889936000082,-27.020700005999913],[28.533750003000137,-27.066860016999954],[28.54954999900002,-27.041280001999894],[28.50358002500019,-27.008029980999936],[28.509610002000045,-26.986609999999814],[28.47765000400011,-26.950189997999928],[28.467550003000156,-26.98275999799995],[28.436639945000024,-26.964550007999947],[28.451350000000105,-26.981330000999947],[28.41848999600012,-27.012979997999935],[28.429050002000054,-26.98917000199998],[28.392779998000037,-26.93166999899995],[28.32453,-26.948959996999918],[28.33012999700003,-26.923940001999938],[28.301690003000033,-26.94089999499988],[28.281500000000108,-26.90606999599993],[28.262570002000018,-26.914770001999955],[28.23653999700008,-26.881109998999875],[28.227310000000102,-26.89723000099997],[28.240259998000113,-26.916360002999966],[28.225859998000033,-26.92369],[28.185039999000026,-26.89072],[28.171370003000163,-26.845770002999927],[28.15376999700004,-26.850579998999876],[28.16871000300017,-26.8900199979999],[28.119130003000066,-26.889280011999972],[28.114810006000084,-26.84437999799991],[28.01460000200018,-26.793599997999877],[28.028440000000103,-26.780450003999874],[28.006680000000188,-26.76842999799993],[27.992040003000056,-26.727529997999966],[27.99977,-26.69667000099986],[27.977039999000112,-26.67141000199996]]]}},{"type":"Feature","properties":{"province_id":"ZA7","province":"Gauteng"},"geometry":{"type":"Polygon","coordinates":[[[28.784560003000138,-25.228659993999884],[28.744588997000164,-25.10961200099996],[28.615870002000122,-25.151629996999873],[28.655329998000127,-25.2135299979999],[28.679060002000142,-25.211959992999937],[28.671220001999984,-25.247729998999887],[28.659309999000186,-25.234780000999933],[28.63263,-25.27997000299996],[28.594810004000067,-25.249429995999947],[28.513280004000137,-25.256149998999888],[28.50116,-25.26545],[28.503590001000134,-25.30883999899993],[28.38260000500003,-25.32115],[28.379160998000145,-25.292055996999977],[28.298160001000042,-25.310370001999956],[28.29806000399998,-25.33933999599992],[28.228330000000142,-25.35419000299993],[28.201479999000128,-25.323710001999814],[28.17675000900016,-25.32859],[28.176669999000126,-25.365869998999983],[28.110729999000114,-25.378899996999962],[28.10802000000018,-25.367006998999955],[28.04473000400003,-25.401739994999957],[28.000409996000087,-25.35942000299997],[27.970759997000073,-25.36294998999989],[27.945639996000068,-25.406700002999912],[27.969720000999985,-25.43911],[27.991657,-25.424517001999902],[28.035950004000085,-25.470589996999934],[28.007510002000117,-25.484089997999945],[27.992439995000154,-25.51803],[28.052400002000127,-25.5358],[28.04951000500006,-25.55955999699995],[27.981460001000073,-25.542750000999888],[27.957630001000098,-25.59261999699993],[27.980560012000126,-25.6328000069999],[27.95226999900018,-25.653629998999975],[27.94819,-25.695210003999932],[27.979470001000095,-25.75145000099991],[27.949330003000114,-25.75974999899995],[27.96016999700015,-25.815989996999974],[27.925829997000108,-25.824109995999947],[27.939530003000186,-25.83677999699995],[27.90054000200007,-25.84083000199996],[27.89820000100019,-25.859740003999946],[27.882600001000128,-25.86187000299998],[27.8916800020001,-25.822909996999954],[27.858739996999986,-25.818819998999857],[27.83147,-25.860172997999882],[27.74454999700015,-25.894620002999943],[27.74270000300004,-25.85023999899994],[27.68493000000018,-25.87540000099989],[27.663920002000168,-25.839969996999912],[27.647139999000103,-25.840570000999833],[27.643549999000072,-25.79591999799993],[27.54739999800006,-25.851399997999977],[27.46194700100017,-25.8676060009999],[27.457009997000057,-25.981849997999973],[27.449810001000117,-26.01625000399997],[27.433990000999984,-26.022510000999944],[27.41944000400008,-26.11749999599988],[27.36172,-26.115669998999977],[27.35825999300016,-26.15461],[27.29140999800012,-26.144620003999933],[27.330071,-26.28181499899995],[27.187952,-26.377862998999944],[27.22484999900007,-26.44397],[27.231421002000104,-26.50548099599996],[27.15634000000017,-26.524309998999854],[27.182637003000025,-26.574619995999967],[27.22835999700004,-26.571050000999833],[27.241869998000084,-26.63646],[27.344220000000178,-26.61313000399997],[27.338639999000065,-26.571729997999967],[27.36583000200011,-26.573830002999898],[27.378349998000033,-26.610679997999966],[27.425759001000188,-26.649468],[27.454829998000093,-26.63033000199988],[27.569090002000053,-26.647160003999943],[27.574159999000074,-26.715839996999875],[27.602839997000046,-26.692439996999894],[27.602240001000098,-26.722850002999905],[27.581410002000155,-26.731000002999963],[27.63340999800016,-26.73369999599987],[27.63131999900014,-26.771429999999896],[27.726490046000038,-26.760410014999877],[27.768209997000042,-26.799290009999936],[27.782439996000164,-26.75078999899995],[27.88002000299997,-26.746189996999817],[27.89316999700003,-26.710949998999922],[27.973470004000035,-26.669379999999876],[27.99955999800011,-26.696019998999873],[27.992040003000056,-26.727529997999966],[28.006879996,-26.768850001999965],[28.028440000000103,-26.780450003999874],[28.01506999700007,-26.7941799969999],[28.114810006000084,-26.84437999799991],[28.121120003000044,-26.890260010999953],[28.16871000300017,-26.8900199979999],[28.15376999700004,-26.850579998999876],[28.173450004000074,-26.84674000399997],[28.185039999000026,-26.89072],[28.22650000200008,-26.923829997999974],[28.24019000200019,-26.91663000199992],[28.22734001000009,-26.894420003999983],[28.248409998000113,-26.88406000099991],[28.24346499900014,-26.873693001999925],[28.28430999700015,-26.86438000299995],[28.28352000400008,-26.877069991999917],[28.309550000000172,-26.879429996999875],[28.325010001000066,-26.84107000299997],[28.319410004000076,-26.79266999699996],[28.40685000200017,-26.761710001999973],[28.393969999000035,-26.71675],[28.382960003000164,-26.71753000299998],[28.400099997000098,-26.655045],[28.490280004000113,-26.63533000299998],[28.4860099980001,-26.60960999799994],[28.50758999800007,-26.60384],[28.505440003000047,-26.58966000099997],[28.52783999899998,-26.59063999899996],[28.527659999000036,-26.502209995999976],[28.586649997000166,-26.52003000299993],[28.584909999000104,-26.53856000199994],[28.63815000300019,-26.547309998999935],[28.641620001000035,-26.507569995999972],[28.763910003000035,-26.518009998999958],[28.76592,-26.471449997999855],[28.789930001000187,-26.426450002999957],[28.86128999800019,-26.398569995999935],[28.838440003000073,-26.34075000199988],[28.81780000100008,-26.34572000099996],[28.805080002000068,-26.306590001999894],[28.710120010000026,-26.341240000999903],[28.62690000200007,-26.292439996999917],[28.622290003000103,-26.248379997999905],[28.530539999000098,-26.225309994999975],[28.534290002000148,-26.17224000099992],[28.490500004000182,-26.126392000999942],[28.515820001000066,-26.08124999599994],[28.503054997000106,-26.063800002999926],[28.538629996000054,-26.04781000199995],[28.578939997000134,-26.059590002999926],[28.590949997000166,-26.00247999299995],[28.63226000400016,-25.970779996999852],[28.71084000100018,-25.990589995999983],[28.762410002000024,-25.98306000399998],[28.77385999800009,-26.013659997999923],[28.867350000000158,-26.00705],[28.88504999600002,-25.974399997999967],[28.8868,-25.87142999599996],[28.938179996000088,-25.888640000999885],[28.950449,-25.837352997999915],[28.93816999900008,-25.82328499599987],[28.981310002000157,-25.742540001999885],[28.95067299800013,-25.728273002999913],[28.96883000000014,-25.67330999799998],[29.064620001000037,-25.64241999899997],[29.064199989000087,-25.62065999799995],[29.039999998000155,-25.61755],[29.034289998000077,-25.56339000899993],[29.098420003000115,-25.537730001999932],[29.080009998000037,-25.494630007999945],[29.058739998000135,-25.527230002999886],[29.01372999700004,-25.513180002999945],[29.019020001000058,-25.527789997999946],[28.986931,-25.540199],[29.0077600030001,-25.57416000099994],[28.94654,-25.599799996999934],[28.915160001000118,-25.558],[28.910090004000097,-25.52445999799994],[28.858223998000028,-25.56906499799993],[28.87408000100004,-25.52706],[28.851780002999988,-25.50181],[28.79705400100005,-25.542044995999902],[28.808540001000097,-25.57324999699989],[28.84311,-25.56644000299997],[28.85838000400014,-25.634809995999944],[28.871950002000062,-25.64162999699988],[28.86930000000018,-25.658119994999936],[28.841569998000125,-25.654460000999904],[28.836010003000126,-25.63736999799994],[28.811500004000095,-25.643029999999897],[28.81003000400017,-25.659119997999937],[28.84695000400012,-25.68242000099997],[28.757220003000043,-25.705879996999954],[28.766310002000125,-25.646979998999882],[28.723870000000147,-25.63177000099995],[28.7088,-25.68282],[28.67270193700017,-25.665031808999913],[28.62667000400006,-25.531149997999933],[28.632059999000035,-25.48841000199991],[28.615400000000136,-25.467860000999906],[28.629470002000062,-25.459369997999943],[28.6197899980001,-25.41138999599991],[28.638939996999966,-25.393980003999957],[28.62257999800005,-25.333649998999874],[28.695630002000144,-25.294460002999926],[28.739590001000067,-25.288530000999913],[28.73242999900009,-25.26917],[28.763849990000153,-25.22109000099988],[28.784560003000138,-25.228659993999884]]]}},{"type":"Feature","properties":{"province_id":"ZA5","province":"KwaZulu-Natal"},"geometry":{"type":"Polygon","coordinates":[[[32.12023994400005,-26.838820061999968],[32.09734994400009,-26.80443006199988],[32.05399994400011,-26.81837006199993],[32.011269944000105,-26.81022006199987],[31.97454994400016,-27.116409937999833],[31.977759944000184,-27.317520062999904],[31.493689944000096,-27.31516006299995],[31.274329980000118,-27.24317002099997],[31.16586999200007,-27.36852001299991],[31.098779985000192,-27.32975998299986],[31.020549988000027,-27.36060998199997],[31.008429982000166,-27.348760015999915],[30.942679988000066,-27.36819997999993],[30.922849985000028,-27.305130015999964],[30.865909985000087,-27.312669980999885],[30.857589982000093,-27.343300015999887],[30.822449982000137,-27.354179983999927],[30.828169986000034,-27.34328997399996],[30.788929992000078,-27.31279998699989],[30.770999985000117,-27.32636998199996],[30.71793998600009,-27.283819982999887],[30.660619990999976,-27.287920009999937],[30.58705998500011,-27.323079981999967],[30.49741998500008,-27.31239998199993],[30.448269998000114,-27.32773993799998],[30.425979979000147,-27.31496001499994],[30.426449989000105,-27.269830018999926],[30.367609988000027,-27.26742997999986],[30.366709990000174,-27.31168998199996],[30.328374980000035,-27.299639980999928],[30.282489986000087,-27.314439981999953],[30.279930016000037,-27.368589975999953],[30.23466998800012,-27.380739967999887],[30.19807998400006,-27.35518002299989],[30.143415026000014,-27.413394024999945],[30.08681998500009,-27.368499981999946],[30.016241986000125,-27.39758901999994],[29.917219986000077,-27.354409982999982],[29.89882002600018,-27.385810014999947],[29.840189999000074,-27.37898998099996],[29.79623998800008,-27.457699981999895],[29.758679986000118,-27.442570014999944],[29.708370034000154,-27.461769985999865],[29.70316998100003,-27.471999970999946],[29.73192993100008,-27.48792995799994],[29.709249970000144,-27.513579965999952],[29.758359972000108,-27.52711003299987],[29.785129954000126,-27.59674003999993],[29.73480997000007,-27.60709996799983],[29.671169982000094,-27.650540021999973],[29.670119979,-27.67012997699993],[29.708990037000035,-27.698499965999815],[29.70349997200009,-27.76671003399997],[29.71084999100009,-27.795619958999964],[29.73125997000011,-27.80807996599998],[29.697029979000092,-27.82448003899998],[29.69034997100016,-27.89572996699991],[29.653799972000172,-27.923280031999923],[29.679749973000128,-27.95742996999985],[29.650839969000117,-27.96670996799992],[29.616861983000035,-28.046838015999867],[29.65547997699997,-28.090020025999877],[29.662849957000162,-28.177250025999967],[29.626339969000185,-28.185739969999815],[29.609559987000182,-28.215029969999875],[29.624419958000033,-28.224949966999816],[29.619765027000085,-28.241219959999967],[29.48292997100009,-28.272199966999892],[29.43757997299997,-28.32112996899997],[29.41430996800011,-28.37591001599992],[29.373410027999967,-28.371899976999885],[29.29009997000003,-28.43789003399985],[29.248749971000052,-28.42489996699993],[29.191499979000184,-28.493779977999964],[29.21624995700006,-28.519049953999968],[29.19640997400012,-28.545040024999935],[29.170979960000125,-28.53003005299996],[29.134999968000102,-28.566299966999964],[29.096319970000025,-28.545090033999884],[28.973990977000028,-28.574560038999948],[28.942769955000188,-28.650900028999956],[28.897199972000124,-28.690870033999886],[28.892110036000133,-28.74489996799997],[28.87352994100013,-28.771199938999928],[28.90638006600011,-28.75904006399992],[28.94381006599997,-28.782659938999814],[28.932179941000072,-28.791920063999953],[28.949019941000188,-28.80431993899998],[28.9219699410001,-28.812789938999913],[28.948259941,-28.828609938999875],[28.9530399410001,-28.85340993899996],[28.939799941000103,-28.862409938999974],[28.96201994100005,-28.868759938999858],[28.98019994100008,-28.914669938999907],[29.018979941999987,-28.881909938999968],[29.041279942000187,-28.91506006399993],[29.07778994199998,-28.91805993899993],[29.073920067000188,-28.937650063999968],[29.126719942000193,-28.96392993899991],[29.12446994200019,-28.980289938999874],[29.215279942000166,-29.026059939999982],[29.211899942000116,-29.046089939999945],[29.254829942000185,-29.08950006499998],[29.312479942000095,-29.07932993999998],[29.356369942000185,-29.128159939999875],[29.344579942000053,-29.187489939999978],[29.408349942000086,-29.212290064999934],[29.455709942000055,-29.336259939999934],[29.403370067000083,-29.444469939999976],[29.293319941999982,-29.49005006499982],[29.306900067000186,-29.510309939999956],[29.293239942000127,-29.51721993999996],[29.313009942000065,-29.536910064999972],[29.305639942000084,-29.554249939999977],[29.325129942000103,-29.56980006499998],[29.285169942000152,-29.584479939999937],[29.28229994200018,-29.642709939999975],[29.234969942000077,-29.639659939999945],[29.15971994200015,-29.68255993999992],[29.15157994200007,-29.733629939999958],[29.123589942000024,-29.76739993999996],[29.131579942000144,-29.825899939999886],[29.10114994200012,-29.84687993999995],[29.16287994200013,-29.883819939999967],[29.169589942000016,-29.916069939999886],[29.108989942000107,-29.936969939999983],[29.10371994200017,-29.96697993999993],[29.083809942000187,-29.95306993999992],[29.01473997200003,-30.00179996999998],[29.04494997800009,-30.01296998199996],[29.121189964000052,-30.098779955999873],[29.110439973000098,-30.153769968999825],[29.12037997100009,-30.160389970999915],[29.102549972000133,-30.17709997099996],[29.12210997000011,-30.192019966999965],[29.112419974000034,-30.209589967999932],[29.132279972000106,-30.214939968999943],[29.122429972000134,-30.221950036999885],[29.135979965000104,-30.261230038999884],[29.25471997000011,-30.304829968999968],[29.236839971000165,-30.266889968999976],[29.301859965000062,-30.320119956999918],[29.291859980000027,-30.34563997999993],[29.30500997600018,-30.379859949999968],[29.277090061000138,-30.376249987999984],[29.28243995100013,-30.395730026999956],[29.196769982000035,-30.43439003499992],[29.177309972000046,-30.51572996899995],[29.150359971000114,-30.51038996699998],[29.140170016000127,-30.53382989199997],[29.152769955000053,-30.5546099579999],[29.165119972000014,-30.538039966999975],[29.173840036000172,-30.55174996999989],[29.115259999000102,-30.57962002399995],[29.146039939000104,-30.595239968999977],[29.135250001000088,-30.605139977999954],[29.18527997100017,-30.61853997099996],[29.182949972000188,-30.641349969999965],[29.204559971000037,-30.620179969999924],[29.26132997600007,-30.621159976999934],[29.322499979000042,-30.644479977999936],[29.345639975000097,-30.67172996799991],[29.401340040000093,-30.639439970999945],[29.512359972000183,-30.61821998299996],[29.524289970000154,-30.641160035999974],[29.587629972000116,-30.658980035999946],[29.599509973000124,-30.68951996999988],[29.651519979000057,-30.68584002199998],[29.673709969000015,-30.669219969999972],[29.700779961000023,-30.705339961999925],[29.733599973000025,-30.707420034999984],[29.740649970000106,-30.723360034999928],[29.752529971000115,-30.706970034999983],[29.759149973000035,-30.71920997099994],[29.786090048000176,-30.71004996199997],[29.78057997100018,-30.695399969999926],[29.80033997100014,-30.708880034999822],[29.812949985000046,-30.699449975999926],[29.80797997500008,-30.72963996699997],[29.825119969000184,-30.720579968999914],[29.82992996900009,-30.74390996099993],[29.847679980000123,-30.736489977999952],[29.85190997000018,-30.761690037999927],[29.892559965000146,-30.758889974999818],[29.886689941999975,-30.78469006599994],[29.91470994200006,-30.771029940999938],[29.908009942000092,-30.798219940999957],[29.929329942000038,-30.791979940999965],[29.9223499630001,-30.768670047999876],[29.949239981000062,-30.770819979999942],[29.955209972000148,-30.789749971999925],[29.932259971000065,-30.807159970999976],[29.972429987,-30.80225998399993],[29.96475997000016,-30.83234996999994],[30.000299972,-30.837549971999977],[30.007709971000168,-30.825749964999886],[30.022069972000054,-30.856789971999888],[30.03897997300004,-30.844559969999978],[30.094769969000083,-30.862289974999953],[30.09310497200005,-30.878089968999973],[30.070449972000176,-30.871349969999983],[30.075659983000037,-30.882239977999973],[30.119479979000175,-30.88801997999991],[30.120069983000178,-30.91010997999996],[30.14638996400015,-30.92236996099996],[30.134479974000044,-30.963789968999947],[30.156419971000048,-30.975899969999887],[30.141249973000015,-30.9873999699999],[30.139760039000066,-31.02199996899992],[30.169529984,-31.024859978999984],[30.169839976000105,-31.05983996899994],[30.193989943000133,-31.082629940999936],[30.2089299430001,-31.075139940999918],[30.393819942999983,-30.843739940999967],[30.624744943000167,-30.512709940999912],[30.884879943000044,-30.058439939999914],[31.05964994300018,-29.879509939999934],[31.064009943000144,-29.865420064999967],[31.046689943000047,-29.865410064999935],[31.036819943000182,-29.834469939999963],[31.059919943000125,-29.770999939999967],[31.185754944000053,-29.57178493999993],[31.34006994400005,-29.382799939999984],[31.758129944000018,-28.97028993899994],[32.012789944000076,-28.87700993899989],[32.3592499450001,-28.578739938999945],[32.414767945,-28.476392938999936],[32.4706079450001,-28.48533593899998],[32.482997945000136,-28.388292063999984],[32.614646945000175,-28.141686938999953],[32.65554394500009,-27.831862937999915],[32.735049945000014,-27.550849937999885],[32.732768945000146,-27.510556937999922],[32.896403945000145,-27.120758062999982],[32.944984945000044,-26.87197493799988],[32.89133394500004,-26.857862936999936],[32.331049945000075,-26.863919936999935],[32.219729945000154,-26.83283006199997],[32.182049944000084,-26.863140061999957],[32.12023994400005,-26.838820061999968]]]}},{"type":"Feature","properties":{"province_id":"ZA9","province":"Limpopo"},"geometry":{"type":"Polygon","coordinates":[[[29.655229942000176,-22.125080056999934],[29.61023994200002,-22.155690057999948],[29.580220068000074,-22.140900057999943],[29.539249943000073,-22.15266005799998],[29.526489942000126,-22.17823005799994],[29.46411994200008,-22.16612005799982],[29.333779943000025,-22.204820057999882],[29.320619942000178,-22.18700005799991],[29.25772994200014,-22.193390057999977],[29.218899942,-22.178100057999927],[29.15002994200006,-22.215890057999957],[29.035919942000078,-22.21658005799992],[28.966579942000124,-22.307540057999915],[28.971449941000117,-22.37698005799996],[28.918510003000165,-22.460569997999983],[28.856080002000056,-22.451190002999965],[28.829730000000154,-22.46462000299988],[28.83105000100005,-22.488250000999983],[28.738080002000117,-22.504299998999954],[28.641260002000024,-22.558030002999885],[28.564089998000043,-22.561000001999957],[28.514350002000185,-22.58924],[28.47979000099997,-22.570970001999967],[28.344010002000175,-22.572909997999886],[28.32568999900002,-22.59712999599998],[28.277680001000135,-22.615479998999888],[28.246260002000042,-22.656569997999952],[28.18260999900008,-22.68857000099996],[28.14512999900012,-22.77482],[28.04142,-22.833080000999928],[28.051319997000064,-22.88462999899997],[28.039510001000053,-22.910270001999947],[27.93543000000011,-22.962590003999935],[27.935979996000185,-23.05168],[27.881100000000117,-23.090509996999856],[27.81406,-23.10647000399996],[27.80948001000013,-23.134499998999956],[27.766739999000094,-23.133870000999934],[27.785139997000044,-23.17078000099997],[27.74161999800009,-23.230410003999964],[27.713990002000173,-23.22861000099988],[27.689300003000028,-23.196229998999854],[27.649499997000134,-23.225699997999982],[27.60247999799998,-23.21621],[27.601210003000176,-23.24717000199996],[27.572940003000042,-23.265309998999953],[27.567060001000073,-23.34112],[27.528649999000095,-23.3852699979999],[27.441979998000193,-23.38466999399992],[27.421840002000067,-23.426529996999875],[27.401219997000055,-23.41303000199997],[27.408380000000136,-23.389089995999882],[27.37723999800005,-23.398999998999955],[27.37426,-23.42709],[27.349539999000058,-23.425989989999948],[27.356639998000162,-23.399979989999963],[27.336999999000057,-23.400390003999973],[27.30252,-23.46296000399991],[27.258610000000147,-23.472280000999945],[27.233319998000184,-23.495909998999934],[27.22612000099997,-23.48508000199996],[27.192409999000063,-23.49807999899997],[27.21087000300014,-23.526030000999924],[27.201000001000068,-23.53433999699996],[27.135699998000177,-23.52319000199998],[27.15478000100012,-23.56916999699996],[27.117229996000162,-23.562209996999968],[27.099719990000153,-23.602940003999947],[27.059389999000075,-23.612579998999934],[27.081149998000058,-23.643310002999954],[27.070670002000156,-23.67062999899997],[27.037960004000183,-23.682660002999967],[27.036550002000013,-23.656509995999897],[27.010339998000177,-23.637960000999954],[26.995690003000107,-23.652419998999903],[27.002149997000117,-23.688520000999972],[26.97107000000011,-23.702759998999966],[26.949059998999985,-23.81388999899991],[26.9588,-23.830379998999888],[26.93230000000017,-23.851119998999877],[26.95521999500005,-23.873989997999956],[26.92778999900014,-23.922390000999883],[26.93219000200014,-23.955369999999846],[26.91462999900017,-23.971419998999977],[26.88482000300013,-24.089469997999913],[26.860200000000134,-24.106560000999878],[26.8791299990001,-24.16010999699995],[26.86448000400003,-24.17913000299984],[26.883270003000177,-24.18965],[26.859319999000036,-24.22314000199998],[26.865889997000068,-24.251039996999964],[26.785830003000115,-24.30657000299982],[26.733360004000076,-24.30414000199994],[26.706030002000034,-24.32041999899991],[26.66860999800008,-24.35365],[26.663729999,-24.38116999899995],[26.587590001000024,-24.41063],[26.55964999700018,-24.45361000099996],[26.510300003000054,-24.488040000999945],[26.471580001,-24.58823999899994],[26.407649999000057,-24.64894],[26.427559997,-24.658179995999944],[26.418199998000148,-24.72901],[26.43189999700013,-24.77904],[26.45949,-24.790489996999895],[26.458280002000095,-24.809470001999955],[26.566450002000124,-24.819899998999972],[26.62201000300007,-24.809860003999972],[26.69930000100004,-24.867290003999983],[26.705090004000112,-24.8569700029999],[26.751259996000158,-24.88295999899998],[26.779540003000136,-24.83769000299992],[26.94265000300004,-24.77626999599994],[26.980720002000055,-24.77576999799993],[26.975909998000134,-24.720670001999963],[27.02632999900004,-24.71863000199994],[27.04121999900019,-24.88697000299993],[27.1011500030001,-24.9000400029999],[27.15404999700013,-24.978960002999884],[27.183419999000137,-24.948520001999952],[27.226092002000087,-24.963937001999966],[27.2034680000001,-25.033182997999972],[27.23167999800006,-25.036109996999926],[27.223550999000054,-25.06740499899996],[27.271940001000075,-25.036719998999956],[27.3136,-25.04208999699989],[27.336950000000115,-25.087819996999883],[27.48175000200007,-25.067069999999887],[27.542770002000168,-25.097980002999975],[27.594040002000156,-25.029440000999955],[27.59749000300002,-24.98487],[27.62859999400007,-24.973709998999936],[27.687299997000082,-24.994349999999883],[27.788909996000086,-24.966520000999935],[27.94646999800017,-25.001219999999876],[27.95495000300008,-24.97016999799996],[27.983559998000032,-24.957849997999915],[28.036980002000064,-24.985349992999943],[28.120010004000108,-24.979469990999974],[28.1251709980001,-25.00478100299989],[28.259759997000174,-25.0504499999999],[28.21499,-25.128149995999934],[28.173820001000024,-25.12001000999993],[28.15393,-25.08678000099991],[28.08385000400017,-25.100369995999927],[28.09434999600012,-25.14847],[28.128970002000187,-25.145689989999937],[28.135719999000116,-25.20563999799998],[28.21118999800018,-25.19806999699989],[28.246270001000084,-25.212855003999948],[28.298160001000042,-25.310370001999956],[28.379160998000145,-25.292055996999977],[28.38260000500003,-25.32115],[28.503590001000134,-25.30883999899993],[28.50116,-25.26545],[28.513280004000137,-25.256149998999888],[28.594810004000067,-25.249429995999947],[28.63263,-25.27997000299996],[28.659309999000186,-25.234780000999933],[28.671220001999984,-25.247729998999887],[28.679940004000116,-25.220250000999954],[28.655329998000127,-25.2135299979999],[28.615870002000122,-25.151629996999873],[28.651569996000035,-25.142899996999915],[28.648909997000146,-25.112920001999953],[28.596110001000056,-25.142579998999906],[28.536609999000177,-25.15241999899996],[28.53205999700009,-25.16978999899993],[28.451430001000062,-25.20332999899989],[28.386879999000143,-25.213389998999958],[28.411020001000168,-25.20483],[28.379259999000055,-25.155299998999965],[28.442970001000106,-25.128989988999876],[28.49523999600018,-25.131779996999967],[28.4737399980001,-25.08931999899994],[28.63428999600012,-25.058240001999934],[28.61907,-25.030800003999957],[28.60572000200017,-25.003439998999966],[28.713779997000074,-24.95362000199998],[28.759379997000053,-24.911350000999903],[28.837390001000074,-24.91601],[28.846390000000156,-24.93325999699988],[28.92406997400002,-24.901529977999928],[28.94175997000019,-24.93364003099998],[28.891619982000066,-24.95548002199996],[28.91029997000004,-25.00708996599991],[28.934919971000113,-25.000010034999946],[28.971709970000063,-25.070179966999888],[29.018809971000053,-25.054899965999937],[29.07066396000016,-25.06546604199997],[29.088289967000037,-25.103620030999878],[29.128429972000106,-25.113039965999917],[29.08686997100017,-25.136540030999925],[29.089839961000052,-25.148450041999922],[29.04250998100008,-25.140500019999934],[29.031839971000124,-25.250889965999875],[29.038444972000093,-25.27645996599989],[29.090169969000158,-25.289399965999962],[29.095889973000055,-25.321180031999916],[29.166959960000042,-25.30336004199995],[29.16411997000006,-25.354480029999934],[29.131269971000165,-25.390240029999973],[29.195699971000067,-25.370280030999936],[29.207338979000156,-25.41457202099997],[29.24303997000004,-25.40358996599997],[29.264433960000076,-25.37546304199998],[29.342129973000112,-25.37307003199993],[29.349959970000043,-25.40464003399984],[29.51882997900003,-25.422790021999845],[29.522629961,-25.40504003999996],[29.612789973000076,-25.400610029999882],[29.673859972000116,-25.372160028999872],[29.770239972000184,-25.4015300289999],[29.79318996800015,-25.362059965999947],[29.820289970000147,-25.358869966999976],[29.840299972000025,-25.38632003099997],[29.887799971999982,-25.364339963999953],[29.887919962000183,-25.338579954999943],[30.006234971000026,-25.34033003099995],[30.00540997100012,-25.14438003099997],[29.978949982000074,-25.092119981999872],[30.02983999700018,-25.08457],[30.02987,-25.0641300019999],[30.090239997000083,-25.108109997999975],[30.090849999000113,-25.125500002999956],[30.144389997000133,-25.123789998999882],[30.148509997000133,-25.032350003999966],[30.19865999900003,-25.03636],[30.172069999000144,-24.98916999899984],[30.191979989000117,-24.855470008999873],[30.29729,-24.867740001999948],[30.308029997,-24.885049996999953],[30.310899999000185,-24.872920002999876],[30.352880004000042,-24.883449997999946],[30.354170003000092,-24.84927999899992],[30.39645999200002,-24.871229995999954],[30.389739997000106,-24.849440001999938],[30.425070003000144,-24.85486],[30.451539992000107,-24.91200000399988],[30.494219999000165,-24.953270000999964],[30.496309997000083,-24.914720000999978],[30.562880002999975,-24.89646000099998],[30.581169997000018,-24.916909996999948],[30.579969997000035,-24.887370001999898],[30.608365003000074,-24.87241299899995],[30.618660004,-24.844240004999904],[30.634880004000024,-24.852770000999953],[30.656200003000038,-24.81169000099993],[30.66422000300014,-24.774609999999882],[30.63371999700007,-24.758499995999898],[30.636610004000147,-24.73407999699998],[30.67856999600008,-24.735809996999876],[30.720100002000095,-24.70523800899997],[30.67924000300019,-24.623670001999983],[30.70154999900012,-24.586410000999933],[30.730319997000038,-24.60872999599991],[30.73017999900003,-24.4985],[30.758979999000132,-24.460219998999946],[30.87170999900019,-24.538500002999967],[30.954330011000025,-24.52128],[30.959319999000115,-24.582070000999977],[31.226180011000054,-24.55601000199988],[31.253660002000117,-24.499120000999937],[31.20324000100004,-24.426459990999945],[31.15995000000015,-24.437409997999907],[31.159969998,-24.37557000199996],[31.242029998000135,-24.365430000999936],[31.20005999900019,-24.304949991999877],[31.056020005,-24.32188999699997],[31.049939998000127,-24.187319996999975],[31.107269999000096,-24.145730000999947],[31.096149999000033,-24.117360002999874],[31.115100002000077,-24.119209988999955],[31.120569998,-24.09026],[31.06343000200019,-24.091459998999937],[31.072139998000182,-24.083330002999958],[31.14708000400003,-24.069680002999974],[31.19339000400015,-24.03104000299993],[31.234700001000135,-24.057569996999916],[31.257249994000176,-24.101050003999887],[31.29345000400008,-24.074390000999927],[31.320620009000038,-24.082599998999967],[31.379110002000118,-24.052250005999895],[31.39901999900019,-24.06755000399994],[31.431199997000192,-24.052350003999948],[31.44762000100002,-24.019920002999925],[31.529089996000096,-24.056669999999883],[31.568240000000173,-24.03306999699987],[31.59814000199998,-24.05631999899998],[31.620889999000042,-24.02325000199994],[31.6593,-24.014089998999907],[31.679980003000082,-24.056650002999902],[31.701910004000126,-24.05991999699995],[31.73581000300004,-24.04608],[31.73490999800009,-24.01134],[31.769969996000043,-23.983190001999958],[31.812539999000023,-23.999310003999938],[31.824970003000146,-23.986160001999963],[31.883834663000073,-23.984594453999932],[31.8807200010001,-23.955050001999837],[31.769180003000145,-23.8878],[31.697390004000056,-23.721889992999934],[31.690549999000154,-23.629440002999957],[31.561020000000156,-23.481959996999876],[31.55073000100009,-23.41028000199998],[31.563599990000114,-23.19822999799993],[31.309370000000115,-22.422010006999926],[31.269040001000178,-22.367980001999967],[31.213099997000143,-22.36869000099989],[31.163599998000166,-22.328649998999936],[31.088439999000173,-22.34903999599993],[30.999679999000136,-22.31641998999993],[30.98089,-22.327610009999887],[30.930069999000068,-22.30125],[30.83536000300012,-22.291959998999914],[30.708629897000037,-22.317110010999954],[30.66326,-22.310959998999977],[30.631679943,-22.336290057999975],[30.594749943000124,-22.31973005799989],[30.55280994400016,-22.33164005799989],[30.489389944000152,-22.316350057999955],[30.38224994400008,-22.350880057999973],[30.290239944000064,-22.35625005799983],[30.23113994300013,-22.29586005799996],[30.126169943000036,-22.311050057999978],[30.05805994200017,-22.257130057999973],[30.02562994200008,-22.253630057999885],[30.017599942,-22.22894005799992],[29.969889942000066,-22.22417005799997],[29.925719942000114,-22.18993005799996],[29.884529942000142,-22.19456005799998],[29.773589942000115,-22.141420057999937],[29.67263994300015,-22.138810056999944],[29.655229942000176,-22.125080056999934]]]}},{"type":"Feature","properties":{"province_id":"ZA8","province":"Mpumalanga"},"geometry":{"type":"Polygon","coordinates":[[[31.80952000000019,-23.99884],[31.769969996000043,-23.983190001999958],[31.73490999800009,-24.01134],[31.73581000300004,-24.04608],[31.701910004000126,-24.05991999699995],[31.679980003000082,-24.056650002999902],[31.6593,-24.014089998999907],[31.620889999000042,-24.02325000199994],[31.59814000199998,-24.05631999899998],[31.568240000000173,-24.03306999699987],[31.529089996000096,-24.056669999999883],[31.44762000100002,-24.019920002999925],[31.431199997000192,-24.052350003999948],[31.39901999900019,-24.06755000399994],[31.379110002000118,-24.052250005999895],[31.320620009000038,-24.082599998999967],[31.29345000400008,-24.074390000999927],[31.257249994000176,-24.101050003999887],[31.234700001000135,-24.057569996999916],[31.19339000400015,-24.03104000299993],[31.14708000400003,-24.069680002999974],[31.071869998000068,-24.08352999899995],[31.06343000200019,-24.091459998999937],[31.120569998,-24.09026],[31.115100002000077,-24.119209988999955],[31.096149999000033,-24.117360002999874],[31.107269999000096,-24.145730000999947],[31.049939998000127,-24.187319996999975],[31.056020005,-24.32188999699997],[31.20005999900019,-24.304949991999877],[31.242029998000135,-24.365430000999936],[31.159969998,-24.37557000199996],[31.15995000000015,-24.437409997999907],[31.20324000100004,-24.426459990999945],[31.253660002000117,-24.499120000999937],[31.226180011000054,-24.55601000199988],[30.959319999000115,-24.582070000999977],[30.954330011000025,-24.52128],[30.87170999900019,-24.538500002999967],[30.758979999000132,-24.460219998999946],[30.73017999900003,-24.4985],[30.730319997000038,-24.60872999599991],[30.70154999900012,-24.586410000999933],[30.67924000300019,-24.623670001999983],[30.720100002000095,-24.70523800899997],[30.67856999600008,-24.735809996999876],[30.636610004000147,-24.73407999699998],[30.63371999700007,-24.758499995999898],[30.66422000300014,-24.774609999999882],[30.656200003000038,-24.81169000099993],[30.634880004000024,-24.852770000999953],[30.618660004,-24.844240004999904],[30.608365003000074,-24.87241299899995],[30.579969997000035,-24.887370001999898],[30.581169997000018,-24.916909996999948],[30.562880002999975,-24.89646000099998],[30.496309997000083,-24.914720000999978],[30.494219999000165,-24.953270000999964],[30.451539992000107,-24.91200000399988],[30.425070003000144,-24.85486],[30.389739997000106,-24.849440001999938],[30.39645999200002,-24.871229995999954],[30.354170003000092,-24.84927999899992],[30.352880004000042,-24.883449997999946],[30.310899999000185,-24.872920002999876],[30.308029997,-24.885049996999953],[30.29729,-24.867740001999948],[30.191979989000117,-24.855470008999873],[30.172069999000144,-24.98916999899984],[30.19865999900003,-25.03636],[30.148509997000133,-25.032350003999966],[30.144389997000133,-25.123789998999882],[30.090849999000113,-25.125500002999956],[30.090239997000083,-25.108109997999975],[30.02987,-25.0641300019999],[30.02983999700018,-25.08457],[29.978949982000074,-25.092119981999872],[30.00540997100012,-25.14438003099997],[30.00620997100009,-25.340340029999822],[29.887919962000183,-25.338579954999943],[29.887799971999982,-25.364339963999953],[29.840299972000025,-25.38632003099997],[29.820289970000147,-25.358869966999976],[29.79318996800015,-25.362059965999947],[29.770239972000184,-25.4015300289999],[29.673859972000116,-25.372160028999872],[29.612789973000076,-25.400610029999882],[29.522629961,-25.40504003999996],[29.51882997900003,-25.422790021999845],[29.349959970000043,-25.40464003399984],[29.342129973000112,-25.37307003199993],[29.264433960000076,-25.37546304199998],[29.24303997000004,-25.40358996599997],[29.207338979000156,-25.41457202099997],[29.195699971000067,-25.370280030999936],[29.131269971000165,-25.390240029999973],[29.16411997000006,-25.354480029999934],[29.166959960000042,-25.30336004199995],[29.095889973000055,-25.321180031999916],[29.090169969000158,-25.289399965999962],[29.038444972000093,-25.27645996599989],[29.031839971000124,-25.250889965999875],[29.04250998100008,-25.140500019999934],[29.089839961000052,-25.148450041999922],[29.08686997100017,-25.136540030999925],[29.128429972000106,-25.113039965999917],[29.088289967000037,-25.103620030999878],[29.07066396000016,-25.06546604199997],[29.018809971000053,-25.054899965999937],[28.971709970000063,-25.070179966999888],[28.934919971000113,-25.000010034999946],[28.91029997000004,-25.00708996599991],[28.891619982000066,-24.95548002199996],[28.94175997000019,-24.93364003099998],[28.92406997400002,-24.901529977999928],[28.846390000000156,-24.93325999699988],[28.837390001000074,-24.91601],[28.759379997000053,-24.911350000999903],[28.713779997000074,-24.95362000199998],[28.60572000200017,-25.003439998999966],[28.63428999600012,-25.058240001999934],[28.4737399980001,-25.08931999899994],[28.49523999600018,-25.131779996999967],[28.442970001000106,-25.128989988999876],[28.379259999000055,-25.155299998999965],[28.411020001000168,-25.20483],[28.386879999000143,-25.213389998999958],[28.461599997000064,-25.20147999699998],[28.53205999700009,-25.16978999899993],[28.536609999000177,-25.15241999899996],[28.596110001000056,-25.142579998999906],[28.648909997000146,-25.112920001999953],[28.651569996000035,-25.142899996999915],[28.744588997000164,-25.10961200099996],[28.784560003000138,-25.228659993999884],[28.763849990000153,-25.22109000099988],[28.73242999900009,-25.26917],[28.739590001000067,-25.288530000999913],[28.695630002000144,-25.294460002999926],[28.62257999800005,-25.333649998999874],[28.638939996999966,-25.393980003999957],[28.6197899980001,-25.41138999599991],[28.62667000400006,-25.531149997999933],[28.68377999700016,-25.67538],[28.7088,-25.68282],[28.723870000000147,-25.63177000099995],[28.766310002000125,-25.646979998999882],[28.757220003000043,-25.705879996999954],[28.84695000400012,-25.68242000099997],[28.81003000400017,-25.659119997999937],[28.811500004000095,-25.643029999999897],[28.836010003000126,-25.63736999799994],[28.841569998000125,-25.654460000999904],[28.86930000000018,-25.658119994999936],[28.871950002000062,-25.64162999699988],[28.85838000400014,-25.634809995999944],[28.84311,-25.56644000299997],[28.808540001000097,-25.57324999699989],[28.79705400100005,-25.542044995999902],[28.851780002999988,-25.50181],[28.87408000100004,-25.52706],[28.858223998000028,-25.56906499799993],[28.910090004000097,-25.52445999799994],[28.915160001000118,-25.558],[28.94654,-25.599799996999934],[29.0077600030001,-25.57416000099994],[28.986931,-25.540199],[29.019020001000058,-25.527789997999946],[29.01372999700004,-25.513180002999945],[29.058739998000135,-25.527230002999886],[29.080009998000037,-25.494630007999945],[29.098420003000115,-25.537730001999932],[29.034289998000077,-25.56339000899993],[29.039999998000155,-25.61755],[29.064199989000087,-25.62065999799995],[29.064620001000037,-25.64241999899997],[28.96883000000014,-25.67330999799998],[28.95067299800013,-25.728273002999913],[28.981310002000157,-25.742540001999885],[28.93816999900008,-25.82328499599987],[28.950449,-25.837352997999915],[28.938179996000088,-25.888640000999885],[28.8868,-25.87142999599996],[28.88504999600002,-25.974399997999967],[28.867350000000158,-26.00705],[28.77385999800009,-26.013659997999923],[28.762410002000024,-25.98306000399998],[28.71084000100018,-25.990589995999983],[28.63226000400016,-25.970779996999852],[28.590949997000166,-26.00247999299995],[28.578939997000134,-26.059590002999926],[28.538629996000054,-26.04781000199995],[28.503054997000106,-26.063800002999926],[28.515820001000066,-26.08124999599994],[28.490500004000182,-26.126392000999942],[28.534290002000148,-26.17224000099992],[28.530539999000098,-26.225309994999975],[28.622290003000103,-26.248379997999905],[28.62690000200007,-26.292439996999917],[28.710120010000026,-26.341240000999903],[28.805080002000068,-26.306590001999894],[28.81780000100008,-26.34572000099996],[28.838440003000073,-26.34075000199988],[28.86128999800019,-26.398569995999935],[28.789930001000187,-26.426450002999957],[28.76592,-26.471449997999855],[28.763910003000035,-26.518009998999958],[28.641620001000035,-26.507569995999972],[28.63815000300019,-26.547309998999935],[28.584909999000104,-26.53856000199994],[28.586649997000166,-26.52003000299993],[28.527659999000036,-26.502209995999976],[28.52783999899998,-26.59063999899996],[28.505440003000047,-26.58966000099997],[28.50758999800007,-26.60384],[28.4860099980001,-26.60960999799994],[28.490280004000113,-26.63533000299998],[28.400099997000098,-26.655045],[28.382960003000164,-26.71753000299998],[28.393969999000035,-26.71675],[28.40685000200017,-26.761710001999973],[28.319410004000076,-26.79266999699996],[28.325010001000066,-26.84107000299997],[28.309550000000172,-26.879429996999875],[28.28352000400008,-26.877069991999917],[28.28430999700015,-26.86438000299995],[28.24346499900014,-26.873693001999925],[28.262279998000054,-26.9146],[28.281500000000108,-26.90606999599993],[28.302220004000105,-26.941000001999896],[28.32988000200004,-26.923760002999927],[28.324820003000184,-26.949030000999926],[28.35289,-26.931600002999915],[28.396830003000048,-26.933929998999872],[28.429050002000054,-26.98917000199998],[28.41848999600012,-27.012979997999935],[28.451350000000105,-26.981330000999947],[28.436639945000024,-26.964550007999947],[28.467550003000156,-26.98275999799995],[28.477869996000038,-26.950289996999913],[28.509610002000045,-26.986609999999814],[28.50358002500019,-27.008029980999936],[28.54954999900002,-27.041280001999894],[28.53439,-27.06695999699997],[28.608889936000082,-27.020700005999913],[28.608290002,-27.008220009999945],[28.644429998000135,-27.020310002999906],[28.653480004000187,-26.995259997999824],[28.60503999700012,-26.99320999899993],[28.645520001000136,-26.952700001999915],[28.68337999800019,-26.97518],[28.710910003000095,-26.96919],[28.736490001000107,-27.00170000299994],[28.770679996000013,-27.002990001999933],[28.795020002000058,-27.028929999999832],[28.804889996000156,-27.01152999699997],[28.81400999800013,-27.04257],[28.857869999000116,-27.02492001099995],[28.88860000300008,-27.059270000999902],[28.90045,-27.048060001999943],[28.88534999799998,-27.024819996999952],[28.893560004,-27.01340000199997],[28.954349997000122,-27.01173999899993],[28.96953000000019,-26.99161],[29.03124000300005,-27.02895999499998],[29.05045,-27.005709998999976],[29.07423000200015,-27.063179998999942],[29.05573999700016,-27.081339999999898],[29.104010001000063,-27.13034000199991],[29.116940003000025,-27.172390002999975],[29.15945,-27.1431100019999],[29.223870002000012,-27.14470000299997],[29.246290002000023,-27.191969996999887],[29.260440000000187,-27.181339995999906],[29.2682099970001,-27.19829999799998],[29.286390003000122,-27.190319997999893],[29.308969998000123,-27.21619999799998],[29.335069990000136,-27.207360000999984],[29.33116,-27.263429998999925],[29.34271000300015,-27.248469995999983],[29.390869996000106,-27.24272999899995],[29.42817999600004,-27.253869996999924],[29.463669997000068,-27.287719996999897],[29.46937999800008,-27.32480999699993],[29.486370003000104,-27.327369998999927],[29.48276999700016,-27.360039996999944],[29.502940003000163,-27.358179995999876],[29.52714001000004,-27.39410999799992],[29.552029996000158,-27.39875],[29.54646000200006,-27.431119996999882],[29.60071,-27.470059997999954],[29.61922000200019,-27.50615000199997],[29.70143,-27.49394999599997],[29.69913999700003,-27.45077000099991],[29.722600002000036,-27.43234],[29.79623998800008,-27.457699981999895],[29.840189999000074,-27.37898998099996],[29.89882002600018,-27.385810014999947],[29.917219986000077,-27.354409982999982],[30.016241986000125,-27.39758901999994],[30.08681998500009,-27.368499981999946],[30.143415026000014,-27.413394024999945],[30.19807998400006,-27.35518002299989],[30.23466998800012,-27.380739967999887],[30.279930016000037,-27.368589975999953],[30.282489986000087,-27.314439981999953],[30.328374980000035,-27.299639980999928],[30.366709990000174,-27.31168998199996],[30.367609988000027,-27.26742997999986],[30.426449989000105,-27.269830018999926],[30.425979979000147,-27.31496001499994],[30.448269998000114,-27.32773993799998],[30.49741998500008,-27.31239998199993],[30.58705998500011,-27.323079981999967],[30.660619990999976,-27.287920009999937],[30.71775998600009,-27.283790016999887],[30.770999985000117,-27.32636998199996],[30.788929992000078,-27.31279998699989],[30.828169986000034,-27.34328997399996],[30.822339984999985,-27.35416001699997],[30.857589982000093,-27.343300015999887],[30.865909985000087,-27.312669980999885],[30.92215998800009,-27.305049981999844],[30.942439982999986,-27.36816001799997],[31.008429982000166,-27.348760015999915],[31.020549988000027,-27.36060998199997],[31.098779985000192,-27.32975998299986],[31.16586999200007,-27.36852001299991],[31.274790003000078,-27.242890002999957],[31.150550002000102,-27.202080002999935],[31.061329997000087,-27.09629000599989],[30.984759997000026,-27.03698000199995],[30.95832600300008,-26.99212899799994],[30.976519997000025,-26.953429997999933],[30.973559995000073,-26.908210001999976],[30.907420000000116,-26.859929998999917],[30.89191,-26.785060003999945],[30.887284999000087,-26.803584998999952],[30.82179000300016,-26.8418],[30.8028099980001,-26.824529997999946],[30.79181000000017,-26.569109998999977],[30.80506000000014,-26.46667099499996],[30.831010003000074,-26.411170000999903],[30.89186000100011,-26.32082000099996],[30.961437996000086,-26.261732],[31.112750002000098,-25.98256999599994],[31.12657000300004,-25.92114999699993],[31.263569997000047,-25.80963000299994],[31.315939998000147,-25.743040000999883],[31.41629999900016,-25.71876],[31.86786000300009,-25.99960000199991],[31.973690001000136,-25.95320000299995],[31.930549997000128,-25.84076999699994],[32.00609900000018,-25.64519399999989],[31.977400003000128,-25.474689999999896],[32.01527999600006,-25.382499995999922],[32.031979997000064,-25.183095],[31.99827000300013,-24.689740001999894],[32.01309999800014,-24.45459],[31.987129998000057,-24.3022],[31.90801000300013,-24.182429998999964],[31.883834663000073,-23.984594453999932],[31.80952000000019,-23.99884]]]}},{"type":"Feature","properties":{"province_id":"ZA6","province":"North West"},"geometry":{"type":"Polygon","coordinates":[[[26.41890000000018,-24.65506998999996],[26.393280001000164,-24.636629998999922],[26.00741000200003,-24.724280005999958],[25.96440999700019,-24.74944],[25.848280003000013,-24.755020000999934],[25.842409998999983,-24.79034],[25.863180001000046,-24.808479996999836],[25.888769997000168,-24.88246000099997],[25.872559996000177,-24.905259996999973],[25.88182000400019,-24.91423999899996],[25.860760006000135,-24.924259997999968],[25.7291,-25.25688000299988],[25.69981999800018,-25.29100000299991],[25.659759998000084,-25.474389997999936],[25.580900004000114,-25.638770000999955],[25.334130003000155,-25.77101999699994],[25.121390003000045,-25.76374999799998],[25.104330002999973,-25.741149997999912],[25.03746000400008,-25.722210000999894],[24.912799998000082,-25.78441000399988],[24.896929999000122,-25.81076999699991],[24.813169993000088,-25.810319997999898],[24.794730002000165,-25.825249998999936],[24.729020009000067,-25.804000002999942],[24.681849997000086,-25.823659997999926],[24.44667999800015,-25.73357000599998],[24.37494999600017,-25.76405],[24.324880012000165,-25.732490000999974],[24.324909999000056,-25.710129997999957],[24.285339998000097,-25.726420000999894],[24.288409996000098,-25.69425999899994],[24.260889997000106,-25.707270002999962],[24.2268300020001,-25.643979996999974],[24.1917700030001,-25.620359996999923],[24.15944999900006,-25.630120002999945],[24.157109997000077,-25.608159999999828],[24.08583000200008,-25.643370002999973],[24.067740004000086,-25.630960002999927],[24.05859,-25.651869995999903],[24.02993999600011,-25.63427000599995],[24.005239999000025,-25.651329997999937],[24.012010001000135,-25.62449000399988],[23.97258999000013,-25.61485],[23.946189995999987,-25.638410001999944],[23.90451000100012,-25.627520000999937],[23.90703000200017,-25.605499999999893],[23.882830003000038,-25.594949992999886],[23.88023999899997,-25.57745],[23.839690000000132,-25.56788999799994],[23.83516000100002,-25.54107999799993],[23.808520003000126,-25.545159997999974],[23.82095999699999,-25.512899997999853],[23.76293000200019,-25.503210002999936],[23.758029998000097,-25.46874000199989],[23.728969997000036,-25.44636000299994],[23.7025000000001,-25.46237],[23.69629999900019,-25.445610001999967],[23.666699999000116,-25.44199999799997],[23.66837000100014,-25.416090003999955],[23.63745999800011,-25.43157999899995],[23.632740002000048,-25.410950003999858],[23.611520001000144,-25.40351000299995],[23.616000000000156,-25.38392000399989],[23.589310003000094,-25.39646000399989],[23.58440000100012,-25.375619997999877],[23.557270003000156,-25.371740002999957],[23.55958999300009,-25.35465999799993],[23.524050001000035,-25.340079998999954],[23.49617999300017,-25.351569995999967],[23.494320000000187,-25.317950001999975],[23.458139996000114,-25.297740002999888],[23.466930001000094,-25.277119996999886],[23.442229997000084,-25.276969999999835],[23.414299999000036,-25.31579999799993],[23.36841000400011,-25.303429998999945],[23.35554999800013,-25.28513999699993],[23.295010007000087,-25.294089997999947],[23.278049997000153,-25.27409999899993],[23.212019998000073,-25.273420000999977],[23.134540003000097,-25.31742000199995],[23.10739000000018,-25.30418],[23.078689998000186,-25.331969998999966],[23.054440000000113,-25.318609994999974],[23.058420001000172,-25.28994000299997],[23.03143000200015,-25.312829997999927],[23.008729996000113,-25.297729995999873],[23.011320008000155,-25.33586],[22.97794000300007,-25.339859997999895],[22.969999996000126,-25.38114000199994],[22.909949998,-25.422310000999914],[22.88574000100016,-25.46839000199998],[22.90044000299997,-25.48684999699998],[22.846369996000078,-25.490169997999942],[22.86035,-25.50699999099993],[22.853489999000033,-25.533509996999896],[22.814070004000087,-25.582419998999853],[22.853369997000073,-25.615169997999942],[22.800419996000073,-25.63276999699991],[22.830210002000058,-25.65777000299994],[22.821480002000158,-25.690470003999963],[22.79991999800012,-25.72311999699997],[22.76932000300019,-25.732840001999875],[22.75932999900016,-25.78865999699991],[22.734580003000076,-25.793659997999896],[22.78173001000016,-25.824409997999965],[22.736010001000125,-25.856529998999974],[22.738090001000103,-25.881770001999882],[22.71202999400009,-25.892959997999924],[22.749239996000085,-25.917999989999885],[22.723900003000153,-25.950089995999917],[22.725290000000143,-26.01445999899994],[22.668839999000113,-26.014199997999924],[22.673080010000035,-26.073669996999968],[22.629459997000026,-26.09721000299993],[22.630699999000115,-26.122579998999925],[22.702940002000105,-26.11985000599998],[22.708790002000057,-26.41091000199998],[22.803159997000023,-26.453680000999952],[22.84842999700004,-26.37587999699997],[22.90705999900007,-26.14592000199991],[22.98114999900008,-26.15255999999988],[22.98704,-26.089979995999897],[23.06480000300013,-26.099059994999948],[23.088140003000035,-26.043569999999875],[23.086910001000035,-25.982559995999907],[23.38735999800008,-26.00616],[23.35388199700003,-26.089478005999922],[23.232149997000192,-26.052690002999952],[23.215819999000132,-26.115730003999886],[23.251920003000123,-26.113830003999908],[23.310979995000025,-26.14185],[23.22174000400014,-26.27127000099989],[23.282050003000165,-26.339470002999917],[23.2664100020001,-26.48539999899998],[23.462959998000144,-26.53108999799997],[23.58375,-26.617149997999945],[23.48713000300006,-26.739709004999952],[23.760720002000085,-26.840935000999878],[23.853230004000068,-26.890140002999885],[23.869500001000063,-26.856749997999884],[23.9168899980001,-26.857870003999892],[23.97037000100005,-26.894200001999934],[24.026019999000084,-26.99928999699995],[24.03745000000015,-27.053699998999946],[23.976049996000086,-27.07935000099991],[23.89646999400003,-27.25265999899983],[24.063919998000017,-27.353169998999874],[24.086270001000173,-27.35349000399998],[24.057510003000175,-27.42942],[24.049220001000094,-27.55863999899998],[24.050610001,-27.602729996999983],[24.11862000400015,-27.621739997999953],[24.09333999600011,-27.70491000599992],[24.11100000100015,-27.738980000999902],[24.405280001000108,-27.681180001999905],[24.44676,-27.702850003999913],[24.40883999900018,-27.761099996999974],[24.452560002000098,-27.78254],[24.42736999699997,-27.840540000999965],[24.409870003000094,-27.842749998999864],[24.36045999400011,-27.910670002999893],[24.392579998000144,-27.9415499939999],[24.40994999800006,-27.923300001999962],[24.467289999,-27.980569998999897],[24.444549998000127,-28.031910003999883],[24.534620004000033,-28.092109999999877],[24.563680005000037,-28.07003999799997],[24.559459999000126,-28.038789998999903],[24.608939999000143,-28.0272599999999],[24.628330003000087,-27.999530000999982],[24.628809998000065,-27.93533999699997],[24.60711000300006,-27.898429997999926],[24.630060002000107,-27.902930001999948],[24.65831,-27.852670002999957],[24.696810001000074,-27.847570003999977],[24.688060002000043,-27.836500002999912],[24.69932000300014,-27.8282899969999],[24.65866999700006,-27.790939992999938],[24.693729998000094,-27.73565],[24.67837000200018,-27.666470001999983],[24.692299998000067,-27.64521999899995],[24.762060005000023,-27.63324],[24.75677999800007,-27.60959],[24.784329998000146,-27.604639996999936],[24.80117,-27.70177999699996],[24.999720001000185,-27.680830003999915],[25.047909998000137,-27.69973999599989],[24.846920004000026,-27.91118999799994],[24.86152999899997,-27.90832000399996],[24.85744000200009,-27.92532999599996],[24.829840000000104,-27.93129],[24.950604004000184,-28.1132089969999],[24.974820001000182,-28.08044],[25.07315,-28.06674000299995],[25.1074400010001,-28.011920003999876],[25.09060000200003,-27.984029998999915],[25.130960003000155,-27.95057],[25.131959999000117,-27.926969996999958],[25.160620000000108,-27.92705999599997],[25.197710000000143,-27.88854999699987],[25.252099997000073,-27.867020003999983],[25.23839000000015,-27.83438999899994],[25.275070002000177,-27.796319999999866],[25.340420004,-27.792959998999947],[25.394509998000103,-27.728680003999898],[25.469259999000087,-27.710589997999875],[25.48086000100011,-27.692530001999955],[25.55583000200005,-27.686659997999982],[25.590740003000064,-27.655170002999967],[25.664750001000073,-27.6938500039999],[25.67885,-27.62963999599998],[25.82737000200018,-27.56673000199993],[25.858070004000126,-27.623779997999975],[25.89131000300017,-27.626060001999974],[25.89574000300007,-27.609980008999912],[25.924309996999966,-27.60346000299984],[25.9473199950001,-27.6329],[25.98188000300007,-27.627199996999877],[26.00796999700009,-27.660400002999893],[26.003179998000178,-27.70805],[26.035450003999983,-27.736580000999936],[26.09452000300007,-27.691709997999965],[26.054690002000143,-27.669180001999905],[26.08619000300007,-27.648000000999957],[26.074919998000098,-27.620470003999912],[26.08448,-27.595090001999893],[26.113270002000093,-27.593339997999976],[26.134010001999968,-27.558469996999975],[26.153569998000137,-27.563959997999973],[26.17010999600012,-27.536110001999873],[26.22898000000015,-27.51215],[26.21988000300007,-27.474390000999904],[26.242270001000065,-27.431429996999952],[26.29558,-27.415789995999887],[26.324110001000065,-27.432929997999963],[26.345680003000098,-27.385350003999974],[26.42309000400013,-27.40686999899998],[26.451900002000173,-27.38575000399993],[26.510440002,-27.396170001999906],[26.51284,-27.384790000999885],[26.44641000100006,-27.349690001999875],[26.47549999800009,-27.30831000099994],[26.49339,-27.319110002999935],[26.49720999800013,-27.267779997999867],[26.43769999800014,-27.20995998899997],[26.4201099980001,-27.168400003999977],[26.428950002000192,-27.15024000199992],[26.47309000100006,-27.15415],[26.528650002000177,-27.091000001999873],[26.583550002000152,-27.108020000999943],[26.593750009000075,-27.079279996999958],[26.581390000000113,-27.054379996999955],[26.618950003,-27.003589996999892],[26.668749996000145,-26.994620001999976],[26.688719991000028,-27.0179999959999],[26.715480000000184,-26.973919993999914],[26.805020002000106,-26.931979998999907],[26.81141999900018,-26.95129000099996],[26.830580004000183,-26.94933999299991],[26.863489998000034,-26.918890001999955],[26.907610001000023,-26.94451999899991],[26.920050003000085,-26.973480001999917],[26.920159999000134,-26.90600000099988],[26.940390003000118,-26.871470002999956],[26.956099999,-26.900249998999925],[27.02819,-26.93592],[27.113019996000162,-26.92631999699995],[27.143470003000118,-26.94190999799997],[27.17641,-26.924880000999963],[27.174010001000113,-26.968470002999936],[27.20702000200015,-26.98023],[27.21752000200013,-26.946060000999978],[27.30216000900009,-26.854699998999934],[27.332799998000098,-26.854209998999977],[27.370890001000134,-26.904249996999965],[27.414289998000072,-26.925660011999867],[27.476040001000058,-26.883490000999927],[27.487460003000137,-26.849370000999954],[27.511149999000054,-26.837840002999883],[27.509389996000152,-26.785780001999967],[27.580740003000074,-26.77492000199993],[27.56968999800017,-26.74776999999989],[27.602240001000098,-26.722850002999905],[27.602839997000046,-26.692439996999894],[27.574159999000074,-26.715839996999875],[27.569090002000053,-26.647160003999943],[27.454829998000093,-26.63033000199988],[27.425759001000188,-26.649468],[27.378349998000033,-26.610679997999966],[27.36583000200011,-26.573830002999898],[27.338639999000065,-26.571729997999967],[27.344220000000178,-26.61313000399997],[27.241869998000084,-26.63646],[27.22835999700004,-26.571050000999833],[27.182637003000025,-26.574619995999967],[27.16710000100005,-26.55142999899988],[27.15634000000017,-26.524309998999854],[27.231421002000104,-26.50548099599996],[27.22484999900007,-26.44397],[27.187952,-26.377862998999944],[27.330071,-26.28181499899995],[27.29140999800012,-26.144620003999933],[27.35825999300016,-26.15461],[27.36172,-26.115669998999977],[27.41944000400008,-26.11749999599988],[27.433990000999984,-26.022510000999944],[27.449810001000117,-26.01625000399997],[27.457009997000057,-25.981849997999973],[27.46194700100017,-25.8676060009999],[27.54739999800006,-25.851399997999977],[27.643549999000072,-25.79591999799993],[27.647139999000103,-25.840570000999833],[27.663920002000168,-25.839969996999912],[27.68493000000018,-25.87540000099989],[27.74270000300004,-25.85023999899994],[27.74454999700015,-25.894620002999943],[27.83147,-25.860172997999882],[27.858739996999986,-25.818819998999857],[27.8916800020001,-25.822909996999954],[27.882600001000128,-25.86187000299998],[27.89820000100019,-25.859740003999946],[27.90054000200007,-25.84083000199996],[27.939530003000186,-25.83677999699995],[27.925829997000108,-25.824109995999947],[27.96016999700015,-25.815989996999974],[27.949330003000114,-25.75974999899995],[27.979470001000095,-25.75145000099991],[27.94819,-25.695210003999932],[27.95226999900018,-25.653629998999975],[27.980560012000126,-25.6328000069999],[27.957630001000098,-25.59261999699993],[27.981460001000073,-25.542750000999888],[28.04951000500006,-25.55955999699995],[28.052400002000127,-25.5358],[27.992439995000154,-25.51803],[28.007510002000117,-25.484089997999945],[28.035950004000085,-25.470589996999934],[27.991657,-25.424517001999902],[27.969720000999985,-25.43911],[27.945639996000068,-25.406700002999912],[27.970759997000073,-25.36294998999989],[28.000409996000087,-25.35942000299997],[28.04473000400003,-25.401739994999957],[28.10802000000018,-25.367006998999955],[28.110729999000114,-25.378899996999962],[28.176669999000126,-25.365869998999983],[28.17675000900016,-25.32859],[28.201479999000128,-25.323710001999814],[28.228330000000142,-25.35419000299993],[28.29806000399998,-25.33933999599992],[28.298229996000032,-25.29322000299993],[28.246270001000084,-25.212855003999948],[28.21118999800018,-25.19806999699989],[28.135719999000116,-25.20563999799998],[28.128970002000187,-25.145689989999937],[28.09434999600012,-25.14847],[28.08385000400017,-25.100369995999927],[28.15393,-25.08678000099991],[28.173820001000024,-25.12001000999993],[28.21499,-25.128149995999934],[28.259759997000174,-25.0504499999999],[28.1251709980001,-25.00478100299989],[28.120010004000108,-24.979469990999974],[28.036980002000064,-24.985349992999943],[27.983559998000032,-24.957849997999915],[27.95495000300008,-24.97016999799996],[27.94646999800017,-25.001219999999876],[27.788909996000086,-24.966520000999935],[27.687299997000082,-24.994349999999883],[27.62859999400007,-24.973709998999936],[27.59749000300002,-24.98487],[27.594040002000156,-25.029440000999955],[27.542770002000168,-25.097980002999975],[27.48175000200007,-25.067069999999887],[27.336950000000115,-25.087819996999883],[27.3136,-25.04208999699989],[27.271940001000075,-25.036719998999956],[27.223550999000054,-25.06740499899996],[27.23167999800006,-25.036109996999926],[27.2034680000001,-25.033182997999972],[27.226092002000087,-24.963937001999966],[27.183419999000137,-24.948520001999952],[27.15404999700013,-24.978960002999884],[27.1011500030001,-24.9000400029999],[27.04121999900019,-24.88697000299993],[27.02632999900004,-24.71863000199994],[26.975909998000134,-24.720670001999963],[26.980720002000055,-24.77576999799993],[26.94265000300004,-24.77626999599994],[26.779540003000136,-24.83769000299992],[26.751259996000158,-24.88295999899998],[26.705090004000112,-24.8569700029999],[26.69930000100004,-24.867290003999983],[26.62201000300007,-24.809860003999972],[26.566450002000124,-24.819899998999972],[26.458280002000095,-24.809470001999955],[26.45949,-24.790489996999895],[26.42600999600012,-24.77120999799996],[26.41890000000018,-24.65506998999996]]]}},{"type":"Feature","properties":{"province_id":"ZA3","province":"Nothern Cape"},"geometry":{"type":"Polygon","coordinates":[[[20.090240003000133,-24.83282000199995],[19.998870004000025,-24.765860007999947],[19.99915999300015,-28.427819995999926],[19.8770500010001,-28.442730002999895],[19.81324999700007,-28.50830000299993],[19.738629999000068,-28.48574],[19.66834000400013,-28.531090003999907],[19.62519998700003,-28.510929997999938],[19.565789993000124,-28.52767999799994],[19.546030003000112,-28.54396000099996],[19.536050000000103,-28.58713],[19.503869997000038,-28.601000005999936],[19.491480007,-28.679610003999926],[19.46682000500016,-28.70609000099995],[19.403649992999988,-28.736819994999962],[19.268829998,-28.742680002999975],[19.23924000000011,-28.81301000499991],[19.256370002000097,-28.857749999999896],[19.29581999100003,-28.894429998999897],[19.282790001000023,-28.909250000999975],[19.244990005000034,-28.902599998999904],[19.196660003000147,-28.947019998999963],[19.155059999,-28.96189999799992],[19.097850000000165,-28.96576999499996],[19.041990006,-28.93139000399998],[19.009119997000028,-28.929249996999943],[18.99304999499998,-28.887170004999973],[18.935640004000106,-28.857239995999976],[18.73003,-28.831639996999968],[18.627929996000034,-28.841090004999955],[18.53797,-28.866059994999944],[18.512180001,-28.889459996999904],[18.47107000300008,-28.883259993999957],[18.423469996999984,-28.90082000299998],[18.350339998000095,-28.880670004999956],[18.263490003000072,-28.87938999799991],[18.253159997000182,-28.895940005999876],[18.219179999000062,-28.894329994999964],[18.188439997000046,-28.91615000199988],[18.08312000300009,-28.870650003999913],[18.046069994000106,-28.874269992999928],[17.993519993000177,-28.809500002999926],[17.96277000800012,-28.785019993999924],[17.935300001000144,-28.787470003999886],[17.91759999700008,-28.764090000999943],[17.781409998000072,-28.75791000499993],[17.749510001000033,-28.739909996999927],[17.731390005000037,-28.760050003999936],[17.704300008000132,-28.74471999699989],[17.64707000100003,-28.773689994999984],[17.616110000000162,-28.760670003999962],[17.598860003000084,-28.694649996999942],[17.568379999000058,-28.68558999899983],[17.54199999800005,-28.701089998999976],[17.49127,-28.693270001999963],[17.418249996000043,-28.721639998999933],[17.431770000000142,-28.574219996999886],[17.38022000100017,-28.568939998999895],[17.366449999000167,-28.510059998999907],[17.333100001,-28.47553999799993],[17.34866999800016,-28.43903],[17.384799994000105,-28.436959998999896],[17.41,-28.399580002999983],[17.414170000000126,-28.376319994999847],[17.37582000100008,-28.321440002999964],[17.382140000000106,-28.295599997999943],[17.333269994000148,-28.22579],[17.21456,-28.247789983999894],[17.18245000200011,-28.203429997999933],[17.19193,-28.10823000199997],[17.138230003000047,-28.093060005999973],[17.07882,-28.032790003999878],[17.021520005000013,-28.052099993999946],[17.00307000500004,-28.075229998999873],[16.97357000400001,-28.05873999599993],[16.954500004000124,-28.075960002999977],[16.90477,-28.07088999599995],[16.885919991000094,-28.088069995999945],[16.887929995000093,-28.17287999699988],[16.870729996000136,-28.182000000999892],[16.83127999800007,-28.166680001999907],[16.856060004000085,-28.211690002999944],[16.803059996000172,-28.22202],[16.825979993000033,-28.245099998999933],[16.82474000000019,-28.26902000499996],[16.802369998000074,-28.27542000099993],[16.77639999800016,-28.25911],[16.754490003,-28.272790004999933],[16.755019999000183,-28.302000001999886],[16.80842999900011,-28.36238999899996],[16.769179994000183,-28.39638999699997],[16.776539993000142,-28.44174000099997],[16.733990002000155,-28.49426000299991],[16.702190001000076,-28.49764000199997],[16.69444000100009,-28.47425999899997],[16.672430001000123,-28.47235],[16.62113,-28.500130002999924],[16.602290000000153,-28.53050000299993],[16.48082999900015,-28.56513],[16.455709998000145,-28.592300001999945],[16.451890000000105,-28.63209999399993],[16.57044,-28.7277099989999],[16.561610002000123,-28.762000000999876],[16.602569997000103,-28.87493],[16.689,-28.925689996999893],[16.747930006,-29.042539998999928],[16.817439999000044,-29.093360001999883],[16.838270003000105,-29.211630004999904],[16.97143000600005,-29.437800006999908],[17.0062899940001,-29.55415000299996],[16.998449998000183,-29.5712],[17.034040006000055,-29.61652999699993],[17.05571000300006,-29.689390005999883],[17.074759987000107,-29.814440005999984],[17.105509997000127,-29.86847999799994],[17.117930002000037,-29.932129998999983],[17.158719997,-29.98258],[17.19404,-30.135830002999967],[17.223419998000168,-30.165089997999928],[17.269130004000033,-30.287530000999936],[17.27211999400015,-30.334499998999945],[17.442349996000132,-30.596300000999918],[17.431859997,-30.620419998999978],[17.470229995000068,-30.68283],[17.52358999700016,-30.73555000199991],[17.60367000300016,-30.916210006999904],[17.681999995000183,-31.002729997999893],[17.749649995000084,-31.14446000099997],[17.834419999000033,-31.17652],[17.811320001000126,-31.09253999999987],[17.926409998999986,-31.011390002999917],[17.87792000200011,-30.94865000099992],[17.880299998,-30.923939998999913],[17.993379999000126,-30.918740003999915],[18.006479003000038,-30.791239995999945],[18.08092,-30.784840007999946],[18.16918000400011,-30.848559998999917],[18.20583000400012,-30.831329998999934],[18.195240002,-30.81602000199996],[18.264169999000046,-30.81831999399992],[18.371039999000175,-30.659629996999968],[18.371150003000025,-30.59209],[18.413759999000035,-30.52735],[18.38055000300011,-30.459639996999954],[18.52225000200019,-30.606499995999968],[18.483619995000026,-30.521909994999874],[18.502150001000018,-30.4444200019999],[18.570120003000113,-30.430259997999883],[18.65514954100007,-30.556709298999976],[18.758710861000168,-30.567869185999882],[18.795869998000114,-30.624860003999913],[18.79450035100001,-30.66761970499988],[18.862970352,-30.717119216999947],[18.95190000500014,-30.74474000099991],[18.96047,-30.86611],[18.875390009000057,-30.88706],[18.984490001000154,-30.945810002999963],[18.911770010000055,-30.978929996999966],[18.903470002000063,-31.0417799949999],[18.947600004000094,-31.112910003999957],[18.944460003000074,-31.237319997999975],[18.966419997000173,-31.284490002999917],[19.0130100020001,-31.305680002999907],[18.980130002000067,-31.355239989999973],[19.030879999000092,-31.389539993999904],[19.042989999000042,-31.42497],[19.006180005000147,-31.511999996999975],[19.085420003000138,-31.526930000999982],[19.05179000100003,-31.572679996999966],[19.08539999700008,-31.572049989999925],[19.090520001000016,-31.597779999999887],[19.070509998000034,-31.624050002999923],[19.073720002000073,-31.66687],[19.054900001000135,-31.67027],[19.09465999600019,-31.75021000099997],[19.06655000300003,-31.765989998999885],[19.087209999000095,-31.793590000999927],[19.03029000400005,-31.83380999399992],[19.02619999900014,-31.876609996999946],[19.141790002000107,-31.91207000299994],[19.156050002000143,-31.899670003999972],[19.199679999000068,-31.904770001999964],[19.21071000000012,-31.948039996999967],[19.28967999600013,-31.86303999799992],[19.26484000100004,-31.965739993999875],[19.277510003000145,-31.979709997999976],[19.289870003000146,-31.965105000999927],[19.323349997000037,-31.98480000099994],[19.329779998000163,-32.01257999899997],[19.36296999600006,-32.042840001999934],[19.395849996000095,-32.01511000299996],[19.42591000100009,-32.03129999599997],[19.48627000000016,-32.076380001999894],[19.48853,-32.1212],[19.507500002000086,-32.08609000399997],[19.515190004999965,-32.1152],[19.475220004000164,-32.14628998799992],[19.501389998000093,-32.17986999899995],[19.49194999800011,-32.25172000099991],[19.40908000200011,-32.29007999799995],[19.430200004000028,-32.36570999899993],[19.51636,-32.48587000099991],[19.49497,-32.49893999999989],[19.486805003000086,-32.56543999599995],[19.528249996000113,-32.67323999799993],[19.60495,-32.6294599979999],[19.621850004000066,-32.47062000099987],[19.65487,-32.43878],[19.679740001000027,-32.46350999899994],[19.73024000200013,-32.44236],[19.707390001000192,-32.420309998999926],[19.73131000100011,-32.410129996999956],[19.736620004000088,-32.38551999999987],[19.764129995000133,-32.4111200079999],[19.802700001000062,-32.39370000199989],[19.81780001000004,-32.360719996999876],[19.873889995000127,-32.38320000199997],[19.937490003000107,-32.37727999799995],[20.038619999000105,-32.29644000299993],[20.05361,-32.2523100009999],[20.096960003000106,-32.25023999899997],[20.13590999500019,-32.19231999799996],[20.180950001000042,-32.18448999799995],[20.166360001000044,-32.22749000399995],[20.240840003000017,-32.22418999599989],[20.254169998000123,-32.31084999899991],[20.216030005000164,-32.30315999499993],[20.16352000400019,-32.35102000599994],[20.170450002000166,-32.38086999699982],[20.132020001000058,-32.421120002999885],[20.07964000100003,-32.3973099989999],[20.141190001999973,-32.643739995999965],[20.19172,-32.68576],[20.187609997000038,-32.752670002999935],[20.219040002999975,-32.78473999499988],[20.299899996000022,-32.80495999899989],[20.357169993000014,-32.864079997999966],[20.36387999900012,-32.91081000399993],[20.38004999900005,-32.90185],[20.438599995,-32.940060003999974],[20.499299989000065,-32.941629992999935],[20.56123,-32.88096999899989],[20.59007000200006,-32.9429800129999],[20.650340002000064,-32.93227000099995],[20.73117000200017,-32.94499499499989],[20.744210000000123,-32.912889995999876],[20.79856,-32.89475],[20.8324300000001,-32.817370002999894],[20.83034,-32.78457000199995],[20.78984000200012,-32.71123000299997],[20.84410000400004,-32.66243999499994],[20.962780000000123,-32.639299996999966],[21.094470002000037,-32.65302999999983],[21.156979997,-32.62893999399995],[21.140110002000142,-32.58976999399988],[21.182080000000155,-32.50868000299994],[21.281520001000047,-32.43967999699987],[21.30150000700013,-32.37726999599994],[21.352839997000046,-32.39153999799987],[21.40839999700006,-32.36877],[21.429879999000093,-32.37518000299991],[21.475640003000137,-32.33145000199994],[21.55036999800012,-32.32685999599988],[21.561809999000104,-32.314730001999976],[21.536010000000147,-32.22922000999989],[21.64457999800004,-32.20871000099993],[21.69164999500009,-32.24857000199995],[21.73589,-32.20502000099998],[21.746049997000057,-32.22523000299998],[21.772999998000103,-32.22679],[21.780619997000088,-32.25093],[21.874169997000138,-32.27656999599998],[21.901650004000032,-32.27091000299998],[21.907439999000076,-32.25279999899993],[21.924600006000162,-32.26196000099998],[21.93620500300017,-32.222880003999876],[21.999519996000117,-32.20595000299994],[22.01643999000015,-32.11425999499994],[22.06956,-32.081449998999915],[22.089650007000103,-32.14637999799993],[22.13395999700009,-32.064390000999936],[22.09359,-32.04591999699994],[22.074124995000034,-32.01791500199994],[22.09498000400015,-32.00105999899989],[22.07133000300007,-31.939299996999978],[22.1004,-31.924339997999937],[22.101709996000068,-31.900529997999968],[22.07886000300016,-31.854889996999873],[22.16659999899997,-31.893089998999983],[22.176880003,-31.820719997999902],[22.159860001000084,-31.80973999899993],[22.206280000000163,-31.792250002999936],[22.20401,-31.764030001999913],[22.26010000200006,-31.662470000999917],[22.27292000000017,-31.59254000099986],[22.312290002000168,-31.58346000199998],[22.495760001000065,-31.670339995999882],[22.564814990000116,-31.67791999499991],[22.566139996000175,-31.71317],[22.619070003000104,-31.724650000999873],[22.578340001000186,-31.80551000099996],[22.614919997000072,-31.822870002999878],[22.735100005000106,-31.799379995999914],[22.77688000000012,-31.85691],[22.858970002000035,-31.81829],[22.87471999900015,-31.861640002999877],[22.901950001000046,-31.875769997999896],[22.975830002,-31.860829998999918],[23.067390000000103,-31.89073999599998],[23.052589999000077,-31.939780000999917],[23.09848999100018,-31.97770000199995],[23.230369999000175,-31.87569000299993],[23.22503000400002,-31.854039997999905],[23.26235999700009,-31.81539000099997],[23.263440003000085,-31.77834000099989],[23.30242,-31.730149998999934],[23.345110011000088,-31.710889997999914],[23.407089997000128,-31.7138],[23.416450005000115,-31.67222000299995],[23.52388999900012,-31.705329997999968],[23.574530000000152,-31.689169996999965],[23.619140001000176,-31.649430002999964],[23.639480001000038,-31.66009999599987],[23.71516000400004,-31.647050003999937],[23.756489996000028,-31.695710001999885],[23.84155000200019,-31.715060000999983],[23.8476200020001,-31.729219996999973],[23.808520002000023,-31.763659997999923],[23.837150003000033,-31.767909997999936],[23.829350004000105,-31.78026999799988],[23.894040005000136,-31.836779997999884],[23.94865999900003,-31.773330000999977],[23.963060001000088,-31.7066700069999],[24.046840002000067,-31.70669000099997],[24.02851999700016,-31.730170000999976],[24.070940001999986,-31.807089996999935],[24.152459995000072,-31.788609997999913],[24.16158999600009,-31.740149993999978],[24.28502000100019,-31.765179995999915],[24.340689997000084,-31.71383],[24.423289999000076,-31.711639995999974],[24.412620001999983,-31.688509996999983],[24.441250003,-31.712609997999948],[24.51412999600018,-31.704970000999936],[24.522960003000094,-31.603689997999936],[24.50391000200011,-31.5684199989999],[24.533030001000157,-31.50978],[24.519439999000156,-31.497899998999912],[24.55885000100011,-31.481839995999906],[24.56719000100003,-31.41864000099997],[24.5961,-31.39918],[24.664990001000035,-31.383660009999915],[24.71060999600013,-31.409509997999976],[24.788679998000134,-31.389460002999954],[24.82549999100013,-31.35650999799998],[24.86285998900007,-31.37361],[24.852990005000038,-31.328209989999948],[24.898849997000184,-31.31370000099986],[24.933589998000173,-31.320380001999922],[24.960469998000065,-31.28551],[25.005620000000135,-31.263099998999962],[25.05847000400007,-31.2693799999999],[25.073460001,-31.25326999699996],[25.0844,-31.26233000299993],[25.152699999,-31.24311999199989],[25.155200001000082,-31.23115000099989],[25.170479998000076,-31.23917999899993],[25.204819999000165,-31.2151],[25.210969998000166,-31.19210999799992],[25.26821999700013,-31.22082000299997],[25.29058000400005,-31.21347999699998],[25.354419997000093,-31.23599999399994],[25.386210001000165,-31.21784000399998],[25.384560001000068,-31.150970000999962],[25.44638999900019,-31.10020000199995],[25.45428999100011,-31.0793],[25.43884000500009,-31.06149],[25.48675000100002,-31.036910003999935],[25.50160000000011,-31.007389996999905],[25.484840002,-31.006329996999966],[25.47502,-30.983879999999886],[25.510949998000115,-30.95571999999987],[25.517779999000084,-30.90151],[25.47128999900019,-30.86984000099983],[25.549330001000044,-30.790980003999948],[25.480200002000117,-30.77891],[25.476379995000173,-30.728179995999938],[25.462349997,-30.722130001999915],[25.466270007000162,-30.62274999699997],[25.3747399990001,-30.559129995999967],[25.333650001000024,-30.55766999599996],[25.305409997000083,-30.57654999499988],[25.235299997000027,-30.499929994999945],[25.18959000400008,-30.498410000999968],[25.096119999000166,-30.37315999499998],[25.06399999500013,-30.356919998999956],[25.038280001000146,-30.362270001999946],[25.04713000900017,-30.316209995999884],[25.034420002000047,-30.286159997999903],[24.986319995000088,-30.289969996999957],[24.946520000000135,-30.25180999899993],[24.95419999600017,-30.226069997999957],[24.92511000100012,-30.20067999899993],[24.8999899960001,-30.206700000999945],[24.87114000000014,-30.13451000399988],[24.837590001000024,-30.117800002999957],[24.838489998000114,-30.09518999599993],[24.79782001,-30.051569997999934],[24.808049996000022,-30.023010001999864],[24.793970003000084,-29.99897999799998],[24.674449999000103,-29.975570001999984],[24.66504999900019,-29.901950005999936],[24.607929998000145,-29.91126000299994],[24.54696999700019,-29.844890001999943],[24.50262000300006,-29.83644999699993],[24.497700005000127,-29.81605],[24.438879998000118,-29.81476000099991],[24.348660001000155,-29.701989997999874],[24.34662,-29.65592999599994],[24.90184,-28.64803000099994],[24.82772999600013,-28.62695999699997],[24.867819998000016,-28.51705999799998],[24.846890001000133,-28.50376999799994],[24.886779999,-28.464980000999958],[24.937619989000098,-28.324919989999955],[24.890329997000094,-28.31023000099998],[24.87048999500007,-28.270379998999942],[24.90534999800002,-28.274780001999943],[24.926679998000054,-28.24689999499998],[24.964569994000044,-28.250739998999904],[25.02808,-28.07348000199994],[24.97338999700014,-28.081029999999885],[24.950604004000184,-28.1132089969999],[24.829840000000104,-27.93129],[24.85744000200009,-27.92532999599996],[24.86152999899997,-27.90832000399996],[24.846920004000026,-27.91118999799994],[25.047909998000137,-27.69973999599989],[24.999720001000185,-27.680830003999915],[24.80117,-27.70177999699996],[24.784329998000146,-27.604639996999936],[24.75677999800007,-27.60959],[24.762060005000023,-27.63324],[24.692299998000067,-27.64521999899995],[24.672730003000083,-27.68555999399996],[24.693729998000094,-27.73565],[24.65866999700006,-27.790939992999938],[24.69932000300014,-27.8282899969999],[24.688060002000043,-27.836500002999912],[24.696810001000074,-27.847570003999977],[24.65831,-27.852670002999957],[24.630060002000107,-27.902930001999948],[24.60711000300006,-27.898429997999926],[24.628809998000065,-27.93533999699997],[24.628330003000087,-27.999530000999982],[24.608939999000143,-28.0272599999999],[24.559459999000126,-28.038789998999903],[24.563680005000037,-28.07003999799997],[24.534620004000033,-28.092109999999877],[24.444549998000127,-28.031910003999883],[24.467289999,-27.980569998999897],[24.40994999800006,-27.923300001999962],[24.392579998000144,-27.9415499939999],[24.36045999400011,-27.910670002999893],[24.409870003000094,-27.842749998999864],[24.42736999699997,-27.840540000999965],[24.452560002000098,-27.78254],[24.40883999900018,-27.761099996999974],[24.44676,-27.702850003999913],[24.405280001000108,-27.681180001999905],[24.11100000100015,-27.738980000999902],[24.09333999600011,-27.70491000599992],[24.11862000400015,-27.621739997999953],[24.050610001,-27.602729996999983],[24.05219000500017,-27.462749997999936],[24.086270001000173,-27.35349000399998],[24.063919998000017,-27.353169998999874],[23.89646999400003,-27.25265999899983],[23.976049996000086,-27.07935000099991],[24.03745000000015,-27.053699998999946],[24.026019999000084,-26.99928999699995],[23.97037000100005,-26.894200001999934],[23.9168899980001,-26.857870003999892],[23.869500001000063,-26.856749997999884],[23.853230004000068,-26.890140002999885],[23.760720002000085,-26.840935000999878],[23.48713000300006,-26.739709004999952],[23.58375,-26.617149997999945],[23.462959998000144,-26.53108999799997],[23.2664100020001,-26.48539999899998],[23.282050003000165,-26.339470002999917],[23.22174000400014,-26.27127000099989],[23.310979995000025,-26.14185],[23.251920003000123,-26.113830003999908],[23.215819999000132,-26.115730003999886],[23.232149997000192,-26.052690002999952],[23.35388199700003,-26.089478005999922],[23.38735999800008,-26.00616],[23.320549997000114,-25.992839995999873],[23.086910001000035,-25.982559995999907],[23.088140003000035,-26.043569999999875],[23.06480000300013,-26.099059994999948],[22.98704,-26.089979995999897],[22.98114999900008,-26.15255999999988],[22.90705999900007,-26.14592000199991],[22.84842999700004,-26.37587999699997],[22.803159997000023,-26.453680000999952],[22.708790002000057,-26.41091000199998],[22.702940002000105,-26.11985000599998],[22.61791000100004,-26.124079997999957],[22.59953999800001,-26.152009994999958],[22.578559999000106,-26.14204],[22.577739999000073,-26.19162000199998],[22.551599997000153,-26.225509995999914],[22.47424000000018,-26.19971000499993],[22.45413000000019,-26.227900000999966],[22.420699996000167,-26.22395999899993],[22.398800001000097,-26.248129995999932],[22.40291000400009,-26.272700001999908],[22.36296000200008,-26.285959998999886],[22.362950002000105,-26.32552999199993],[22.247250005000126,-26.347040002999847],[22.238240004999966,-26.370960000999958],[22.193240004000188,-26.39527000899983],[22.20024,-26.424780000999874],[22.181530003000034,-26.43919999499991],[22.182259999,-26.4691900009999],[22.160140004000084,-26.48332999699994],[22.163479996000035,-26.508329993999894],[22.079049997000027,-26.57920999099997],[22.051480002000176,-26.633420000999934],[21.948980005000067,-26.670000003999917],[21.823310004000064,-26.65984],[21.771979997000187,-26.68914000099994],[21.793119997000133,-26.770790010999974],[21.78099000500015,-26.802319997999916],[21.694839999000067,-26.861240003999967],[21.626880002000178,-26.86664999699991],[21.575570002000063,-26.83990000299997],[21.54091999700006,-26.84312],[21.525379999,-26.861840004999863],[21.40494999800012,-26.822099994999974],[21.332669999000018,-26.825579997999967],[21.299159999000153,-26.84941999899985],[21.221669998000095,-26.843799997999895],[21.134170004,-26.87375999799997],[21.078940002000138,-26.848520001999873],[21.010929998999984,-26.84666000099992],[20.97195,-26.80731],[20.94661000000019,-26.813889995999943],[20.89812000400019,-26.796299995999902],[20.82070000000016,-26.819270006999943],[20.816339999000093,-26.84166],[20.78663000600011,-26.84170998999997],[20.763510000999986,-26.866350000999887],[20.714980006000133,-26.87014],[20.68536999300005,-26.90738000199991],[20.682699999000135,-26.84055000199993],[20.645390000000134,-26.828980003999902],[20.650409992000164,-26.809520002999932],[20.62236000000013,-26.786880003999954],[20.637659999000107,-26.76749999999987],[20.614469997000185,-26.68692999699988],[20.635280002000115,-26.665270000999897],[20.6326,-26.591779998999982],[20.610029998000073,-26.559940006999852],[20.604829996999968,-26.51467],[20.617419996000137,-26.443730005999896],[20.69344000500007,-26.397700003999887],[20.719870002999983,-26.33375999799989],[20.79045000400015,-26.27122000199995],[20.819319997000093,-26.18231999799997],[20.863279998,-26.13267999699991],[20.820880002000138,-26.10529999499994],[20.841810002000102,-26.080440000999886],[20.818670006000048,-26.058580003999964],[20.836069989000066,-26.036129996999875],[20.815350005000084,-26.0059],[20.840380001000028,-25.955879997999887],[20.802860002000045,-25.92096999499995],[20.81313000200015,-25.869749998999964],[20.782730003000097,-25.85497000399988],[20.78866,-25.80366000399988],[20.739299997000046,-25.82266999799998],[20.763460003000148,-25.780440001999978],[20.73173999800008,-25.771650001999888],[20.718099999000117,-25.71872],[20.67789000700003,-25.690360002999967],[20.68788000100011,-25.635459995999895],[20.651769996000098,-25.63745999899993],[20.66536999700014,-25.60402000399995],[20.698189999000135,-25.59511000099991],[20.669960006,-25.54979000399993],[20.62917999500013,-25.525010013999974],[20.643449994000036,-25.497990005999952],[20.636240005000047,-25.47349999699992],[20.66765000600003,-25.469620000999896],[20.674379989000045,-25.453240002999962],[20.622539992999975,-25.461820002999957],[20.615969996000047,-25.445300001999897],[20.63098000600013,-25.42531000599996],[20.60121999900008,-25.42740000599997],[20.60160000000019,-25.39467999999988],[20.561550002000047,-25.38948998999996],[20.539229998000167,-25.344779992999918],[20.546979998000097,-25.320560005999937],[20.513900006000085,-25.317139992999955],[20.54592999900018,-25.286239996999882],[20.499659998000084,-25.27224999499998],[20.487319997000043,-25.25307],[20.498920001999977,-25.22836],[20.47111,-25.228270002999977],[20.446380001000023,-25.198970001999953],[20.468990001000066,-25.156890000999965],[20.43088999200006,-25.154289996999978],[20.412650000999975,-25.08288999599995],[20.378830005,-25.06185999899992],[20.38424999800003,-25.034409998999877],[20.296510005000073,-24.980619996999906],[20.25946000400012,-24.923789999999883],[20.221959996000123,-24.919919995999976],[20.20355999500009,-24.89643999699996],[20.181750004000037,-24.911780002999876],[20.15023999100015,-24.879540001999885],[20.121440003000032,-24.884880005999946],[20.087679996000134,-24.8520199969999],[20.090240003000133,-24.83282000199995]]]}},{"type":"Feature","properties":{"province_id":"ZA1","province":"Western Cape"},"geometry":{"type":"MultiPolygon","coordinates":[[[[18.795869998000114,-30.624860003999913],[18.758710861000168,-30.567869185999882],[18.65514954100007,-30.556709298999976],[18.570120003000113,-30.430259997999883],[18.502150001000018,-30.4444200019999],[18.483619995000026,-30.521909994999874],[18.52225000200019,-30.606499995999968],[18.38055000300011,-30.459639996999954],[18.413759999000035,-30.52735],[18.371150003000025,-30.59209],[18.371039999000175,-30.659629996999968],[18.264169999000046,-30.81831999399992],[18.195240002,-30.81602000199996],[18.20583000400012,-30.831329998999934],[18.16918000400011,-30.848559998999917],[18.08092,-30.784840007999946],[18.006479003000038,-30.791239995999945],[17.993379999000126,-30.918740003999915],[17.880299998,-30.923939998999913],[17.87792000200011,-30.94865000099992],[17.926409998999986,-31.011390002999917],[17.811320001000126,-31.09253999999987],[17.834419999000033,-31.17652],[17.774940004000143,-31.156290003999857],[17.757350002000123,-31.152080002999924],[17.86339000200013,-31.257640000999857],[17.900440001000106,-31.352060002999963],[18.111100000000135,-31.5749799969999],[18.151749998000184,-31.65542000299996],[18.222789996000074,-31.74432000099995],[18.230150003,-31.81699000099991],[18.280079997000144,-31.898170000999926],[18.26542000400019,-31.939579996999953],[18.314049992000037,-32.07098000199994],[18.300120003000018,-32.11362999799991],[18.34467999800006,-32.2814200009999],[18.33749,-32.313999998999975],[18.313910001000067,-32.316979996999976],[18.33479999800005,-32.46428000399993],[18.304510002000086,-32.58656999799996],[18.246799997000096,-32.67814999199993],[18.138910004000024,-32.77325999699991],[18.05526000200001,-32.78417000299987],[18.014880004000133,-32.74006999699992],[17.978569999000058,-32.72543],[17.982050003000097,-32.70459000299991],[17.96739000200006,-32.700409996999895],[17.948560001000033,-32.722330007999915],[17.92115999600003,-32.713509991999956],[17.895179998000174,-32.74219999699994],[17.90155,-32.802019996999945],[17.843840003000025,-32.82545999699994],[17.882879995000053,-32.86253999099989],[17.85669000300004,-32.905259997999906],[17.884140000000116,-32.93016999699995],[17.886300002000155,-32.978520003999904],[17.871490011,-32.992760000999965],[17.903190000000166,-33.01501],[17.893269999000154,-33.04076999699993],[17.91062000300002,-33.051950002999945],[17.946859988000142,-33.025500001999944],[17.97077999800007,-33.04483999799993],[17.94608999900015,-33.007079998999984],[17.968180003000157,-32.99621000199994],[17.99643999700004,-32.999909997999964],[17.983489999000028,-33.03221999699997],[17.99744999100011,-33.00783],[18.030100000000175,-33.023860001999935],[18.04282000000012,-33.050410000999875],[18.032220001000155,-33.105199996999886],[18.090530002000094,-33.1430500109999],[18.09617,-33.16819000099997],[18.084699999000065,-33.17380000399987],[18.12391999800019,-33.18045001099995],[18.12299999600009,-33.19221],[18.094799999000145,-33.20392999599983],[18.024960000000135,-33.14466999899997],[18.013440000000173,-33.09582000199998],[17.981960003000097,-33.09504999699993],[18.004530001000035,-33.08772000099998],[17.99474999800009,-33.06989000399989],[17.97222000200003,-33.06774],[17.97918000100009,-33.09130000199997],[17.951920003000055,-33.10585999799997],[17.972769998000047,-33.11795999699996],[17.970220003,-33.13699000199995],[18.00497999900017,-33.14804999699987],[18.015439999000023,-33.155459994999944],[18.106490001000168,-33.24069999799991],[18.157400002000088,-33.323410001999946],[18.146900001000063,-33.35475],[18.23876000900009,-33.41340000299988],[18.307260002000078,-33.48129000199992],[18.32536000600004,-33.517019998999956],[18.307614998000133,-33.56510999699998],[18.355020003000163,-33.57856000099997],[18.356689998000036,-33.59859999899993],[18.395559996000088,-33.62336000099998],[18.437959998000167,-33.69256000399997],[18.445969999000056,-33.77201000399987],[18.488699997000083,-33.851910002999944],[18.484590003000164,-33.890190003999976],[18.46593999400011,-33.91201000799998],[18.43895000300006,-33.90300000299993],[18.45499000300009,-33.915460001999975],[18.43737,-33.9067899989999],[18.44592,-33.9203],[18.417410004000146,-33.90878999799992],[18.434509996000145,-33.897600001999876],[18.398469999000042,-33.900549996999985],[18.377310003000048,-33.92210000299997],[18.370940001000065,-33.97405],[18.307220001000076,-34.03950999799997],[18.340280001000053,-34.06159000299988],[18.357340001000125,-34.04574999899995],[18.368770001000087,-34.06271000099997],[18.34972000000016,-34.09076000099998],[18.349949999000046,-34.12800999599989],[18.31856000200014,-34.147200002999966],[18.368950001000087,-34.19315000399996],[18.379459991000147,-34.27297999899997],[18.421689998999966,-34.32675000399996],[18.472090004,-34.35826000299994],[18.498100004000037,-34.357340000999955],[18.46069999600013,-34.31919999899992],[18.47716000000014,-34.232669996999846],[18.425159997000037,-34.18466999899988],[18.433399997000038,-34.1379299969999],[18.468429993000143,-34.109529995999935],[18.630790000000104,-34.07328999499998],[18.773449997,-34.08301999899993],[18.812950001000104,-34.10015000199991],[18.868099997000172,-34.15905],[18.818350010000074,-34.18999999599998],[18.85593000200015,-34.25235000399988],[18.811909997000043,-34.298769998999944],[18.831770004000077,-34.33891],[18.809540001000073,-34.34866999799988],[18.826030000000117,-34.38805000099984],[18.843260001000147,-34.37799999899988],[18.861910002,-34.38895000599996],[18.85883999600003,-34.37471999899992],[18.892899999000065,-34.37604000099998],[18.91128999900002,-34.35768000399992],[18.965449997000064,-34.36297000099995],[19.04240999900003,-34.34107000199998],[19.102589998000155,-34.37213001099997],[19.124299999000073,-34.39478000199995],[19.12062999699998,-34.41589999699994],[19.14223000100003,-34.423630000999935],[19.170620004000057,-34.41606],[19.218480003000025,-34.4381200009999],[19.275380003000123,-34.40905000099991],[19.341150001000074,-34.46133000299989],[19.37887000700016,-34.54277000399992],[19.293430000000114,-34.63358999899998],[19.411640003000116,-34.60736999699998],[19.45032000300006,-34.65562999599996],[19.52048000100018,-34.67129999899993],[19.550120001000153,-34.71215],[19.59161999700018,-34.72580999799993],[19.60025999700008,-34.750799997999934],[19.63219000099997,-34.755099997999935],[19.638420004000068,-34.78266999699997],[19.663030001000152,-34.78841999799994],[19.697879997000086,-34.762520001999974],[19.872320000000173,-34.765909997999984],[19.942890003000173,-34.81623000199994],[20.005839998000113,-34.834099998999875],[20.06383999900015,-34.805950001999975],[20.04789999700006,-34.77467999899994],[20.079780001000074,-34.73651000199993],[20.167619999000067,-34.69607999699997],[20.23625999900014,-34.6915599969999],[20.232839992000038,-34.6617800059999],[20.24697999900019,-34.64547999699994],[20.39940000100006,-34.57144000399995],[20.44494000400016,-34.51075999899996],[20.530099997000093,-34.471120002999896],[20.65534000200006,-34.449670003999984],[20.84775000900015,-34.47487999699996],[20.87212000100004,-34.45088999199993],[20.85183000000012,-34.400779997999905],[20.933209996000073,-34.36594],[21.10207998900006,-34.37685999699988],[21.29947,-34.43905999899988],[21.37232,-34.42309000299997],[21.429189996000105,-34.39453999699998],[21.43196999900016,-34.37259999799994],[21.52259999600011,-34.35709999599993],[21.696119997000096,-34.39499000399985],[21.83543999700015,-34.3752800019999],[21.91438999900015,-34.33876000299989],[21.90809999900017,-34.319209988999944],[21.945570002000068,-34.30146000199994],[21.91499000300007,-34.29107999599995],[21.91224000300008,-34.27368000099983],[21.95666999800011,-34.22896000299994],[22.160700002000056,-34.18780000199996],[22.11271999300004,-34.16473999699997],[22.12429,-34.117619999999874],[22.15952999800004,-34.084139995999976],[22.22785999000007,-34.05961999899995],[22.484299996000175,-34.05162000299998],[22.58027000300018,-33.99559999799993],[22.764890002000186,-34.03753000099988],[22.796040003000144,-34.03106000299988],[22.97982999800007,-34.094019996999975],[22.97883000200011,-34.07867999799993],[23.008560003000127,-34.071970000999954],[23.406920003000096,-34.111429996999846],[23.375520000000108,-34.09816000099994],[23.3715099960001,-34.07872000699996],[23.384460002000083,-34.04006000199996],[23.412359997000124,-34.01933999899995],[23.556490000000167,-33.98273000099988],[23.647890003000043,-33.98004999699998],[23.63737999600005,-33.91299000699996],[23.656829997000102,-33.90692999799995],[23.647370001000013,-33.89278],[23.70329999900008,-33.864060000999984],[23.561949998000046,-33.828939997999896],[23.557349997000188,-33.79340999599992],[23.51882000100005,-33.782120002999875],[23.48798999899998,-33.791489998999964],[23.489059998000187,-33.80752999899988],[23.395039996000094,-33.79263999899996],[23.43007,-33.76175999799989],[23.43994000200007,-33.7173900009999],[23.541270004000125,-33.69954],[23.55652000300006,-33.65154000099989],[23.585900003000063,-33.672749995999936],[23.670440004000056,-33.67255999799994],[23.674980000000176,-33.62587001199995],[23.619888997000146,-33.59148299699996],[23.616769997000176,-33.569579997999824],[23.596199999000135,-33.5725200039999],[23.603999999000166,-33.49640000199997],[23.49561999800011,-33.44344001099995],[23.354879999000048,-33.441169996999975],[23.36407000300011,-33.46175000199986],[23.297124998000186,-33.38864000099983],[23.134800004000056,-33.38762000099996],[22.934780003000185,-33.429140000999894],[22.77443000000011,-33.41974000199991],[22.784499998,-33.41553000199991],[22.735740001000124,-33.39476999799996],[22.739269996000075,-33.323980002999974],[22.77338999600005,-33.326259998999944],[22.77392999500006,-33.30902999799997],[22.790259991000084,-33.3073099959999],[22.84022000300007,-33.22021000099994],[22.877199998000094,-33.18693000199994],[22.892269998000188,-33.14163000399998],[22.9553100010001,-33.073140000999956],[22.95784999800003,-33.04505999899982],[22.93409,-33.021659998999894],[22.96925000400006,-32.99337000299988],[22.948750001,-32.95004000099988],[23.003680004000046,-32.89828000199998],[23.007439997,-32.872819998999944],[23.09800999800018,-32.873690008999915],[23.11642000200004,-32.85799000399993],[23.08932999700005,-32.799160000999905],[23.149329996,-32.766739997999935],[23.187469999000143,-32.76743000199991],[23.201100010000175,-32.78535500099997],[23.378620001000172,-32.825019995999924],[23.397736997000038,-32.76348000299993],[23.35160000700006,-32.76379000299994],[23.353500000000167,-32.72943999599994],[23.332859998000174,-32.703610003999984],[23.26957,-32.67147999599996],[23.30130999800008,-32.6517899989999],[23.307289998000158,-32.611620002999985],[23.288155001000064,-32.55120999799993],[23.244470004,-32.51322999899992],[23.247540002,-32.46532999799996],[23.221610003000137,-32.42504],[23.30732999900016,-32.39592000199991],[23.333050004000086,-32.35113999799995],[23.409850002000155,-32.38919999899997],[23.448959998000134,-32.323269997999944],[23.665149999000164,-32.34422999799983],[23.678369996000185,-32.32910999899997],[23.64887000200008,-32.29801999599994],[23.670450002000166,-32.23767000399994],[23.76622999800003,-32.17872999699995],[23.85108000700012,-32.24252],[23.892299997000066,-32.25494999599994],[23.961149999000156,-32.20652000399991],[24.03052999400012,-32.19347999799993],[24.044050001000073,-32.18189999999987],[24.038030000000163,-32.15813000399993],[24.100129996000078,-32.163999999999874],[24.13036000200003,-32.131959992999896],[24.135439997000105,-32.097859996999944],[24.109674997000127,-32.084289998999964],[24.097880002000068,-32.110774996999965],[24.10285000100015,-32.06988999899994],[24.141069997000045,-32.0513599919999],[24.128609998000172,-32.04125000099998],[24.140870001000167,-32.0117099979999],[24.189399999000102,-32.01224999699991],[24.18302999700012,-31.995939996999937],[24.22241000000014,-31.955640000999892],[24.16419999700014,-31.902410002999943],[24.10538000000014,-31.906850001999942],[24.123609997000074,-31.847169999999892],[24.153320001000168,-31.85491000299993],[24.15483000100005,-31.822480001999963],[24.18369999600003,-31.813279998999974],[24.152459995000072,-31.788609997999913],[24.070940001999986,-31.807089996999935],[24.02851999700016,-31.730170000999976],[24.046840002000067,-31.70669000099997],[23.963060001000088,-31.7066700069999],[23.94865999900003,-31.773330000999977],[23.894040005000136,-31.836779997999884],[23.829350004000105,-31.78026999799988],[23.837150003000033,-31.767909997999936],[23.808520002000023,-31.763659997999923],[23.8476200020001,-31.729219996999973],[23.84155000200019,-31.715060000999983],[23.756489996000028,-31.695710001999885],[23.71516000400004,-31.647050003999937],[23.639480001000038,-31.66009999599987],[23.619140001000176,-31.649430002999964],[23.574530000000152,-31.689169996999965],[23.52388999900012,-31.705329997999968],[23.416450005000115,-31.67222000299995],[23.407089997000128,-31.7138],[23.345110011000088,-31.710889997999914],[23.30242,-31.730149998999934],[23.263440003000085,-31.77834000099989],[23.26235999700009,-31.81539000099997],[23.22503000400002,-31.854039997999905],[23.230369999000175,-31.87569000299993],[23.09848999100018,-31.97770000199995],[23.052589999000077,-31.939780000999917],[23.067390000000103,-31.89073999599998],[22.975830002,-31.860829998999918],[22.901950001000046,-31.875769997999896],[22.87471999900015,-31.861640002999877],[22.858970002000035,-31.81829],[22.77688000000012,-31.85691],[22.735100005000106,-31.799379995999914],[22.614919997000072,-31.822870002999878],[22.578340001000186,-31.80551000099996],[22.619070003000104,-31.724650000999873],[22.566139996000175,-31.71317],[22.564814990000116,-31.67791999499991],[22.495760001000065,-31.670339995999882],[22.312290002000168,-31.58346000199998],[22.27292000000017,-31.59254000099986],[22.26010000200006,-31.662470000999917],[22.20401,-31.764030001999913],[22.206280000000163,-31.792250002999936],[22.159860001000084,-31.80973999899993],[22.176880003,-31.820719997999902],[22.16659999899997,-31.893089998999983],[22.07886000300016,-31.854889996999873],[22.101709996000068,-31.900529997999968],[22.1004,-31.924339997999937],[22.07133000300007,-31.939299996999978],[22.09498000400015,-32.00105999899989],[22.074124995000034,-32.01791500199994],[22.09359,-32.04591999699994],[22.13395999700009,-32.064390000999936],[22.089650007000103,-32.14637999799993],[22.06956,-32.081449998999915],[22.01643999000015,-32.11425999499994],[21.999519996000117,-32.20595000299994],[21.93620500300017,-32.222880003999876],[21.924600006000162,-32.26196000099998],[21.907439999000076,-32.25279999899993],[21.901650004000032,-32.27091000299998],[21.874169997000138,-32.27656999599998],[21.780619997000088,-32.25093],[21.772999998000103,-32.22679],[21.746049997000057,-32.22523000299998],[21.73589,-32.20502000099998],[21.69164999500009,-32.24857000199995],[21.64457999800004,-32.20871000099993],[21.536010000000147,-32.22922000999989],[21.561809999000104,-32.314730001999976],[21.55036999800012,-32.32685999599988],[21.475640003000137,-32.33145000199994],[21.429879999000093,-32.37518000299991],[21.40839999700006,-32.36877],[21.352839997000046,-32.39153999799987],[21.30150000700013,-32.37726999599994],[21.281520001000047,-32.43967999699987],[21.182080000000155,-32.50868000299994],[21.140110002000142,-32.58976999399988],[21.156979997,-32.62893999399995],[21.094470002000037,-32.65302999999983],[20.962780000000123,-32.639299996999966],[20.84410000400004,-32.66243999499994],[20.78984000200012,-32.71123000299997],[20.83034,-32.78457000199995],[20.8324300000001,-32.817370002999894],[20.79856,-32.89475],[20.744210000000123,-32.912889995999876],[20.73117000200017,-32.94499499499989],[20.650340002000064,-32.93227000099995],[20.59007000200006,-32.9429800129999],[20.56123,-32.88096999899989],[20.499299989000065,-32.941629992999935],[20.438599995,-32.940060003999974],[20.38004999900005,-32.90185],[20.36387999900012,-32.91081000399993],[20.357169993000014,-32.864079997999966],[20.299899996000022,-32.80495999899989],[20.219040002999975,-32.78473999499988],[20.187609997000038,-32.752670002999935],[20.19172,-32.68576],[20.141190001999973,-32.643739995999965],[20.114722997000115,-32.570225001999916],[20.122789998000087,-32.55698000399997],[20.09681,-32.50295999699989],[20.07964000100003,-32.3973099989999],[20.132020001000058,-32.421120002999885],[20.170450002000166,-32.38086999699982],[20.16352000400019,-32.35102000599994],[20.216030005000164,-32.30315999499993],[20.254169998000123,-32.31084999899991],[20.240840003000017,-32.22418999599989],[20.166360001000044,-32.22749000399995],[20.180950001000042,-32.18448999799995],[20.13590999500019,-32.19231999799996],[20.096960003000106,-32.25023999899997],[20.05361,-32.2523100009999],[20.038619999000105,-32.29644000299993],[19.937490003000107,-32.37727999799995],[19.873889995000127,-32.38320000199997],[19.81780001000004,-32.360719996999876],[19.802700001000062,-32.39370000199989],[19.764129995000133,-32.4111200079999],[19.736620004000088,-32.38551999999987],[19.73131000100011,-32.410129996999956],[19.707390001000192,-32.420309998999926],[19.73024000200013,-32.44236],[19.679740001000027,-32.46350999899994],[19.65487,-32.43878],[19.621850004000066,-32.47062000099987],[19.60495,-32.6294599979999],[19.528249996000113,-32.67323999799993],[19.486805003000086,-32.56543999599995],[19.49497,-32.49893999999989],[19.51636,-32.48587000099991],[19.430200004000028,-32.36570999899993],[19.40908000200011,-32.29007999799995],[19.49194999800011,-32.25172000099991],[19.501389998000093,-32.17986999899995],[19.475220004000164,-32.14628998799992],[19.515190004999965,-32.1152],[19.507500002000086,-32.08609000399997],[19.48853,-32.1212],[19.48627000000016,-32.076380001999894],[19.42591000100009,-32.03129999599997],[19.395849996000095,-32.01511000299996],[19.36296999600006,-32.042840001999934],[19.329779998000163,-32.01257999899997],[19.323349997000037,-31.98480000099994],[19.289870003000146,-31.965105000999927],[19.277510003000145,-31.979709997999976],[19.26484000100004,-31.965739993999875],[19.28967999600013,-31.86303999799992],[19.21071000000012,-31.948039996999967],[19.199679999000068,-31.904770001999964],[19.156050002000143,-31.899670003999972],[19.141790002000107,-31.91207000299994],[19.02619999900014,-31.876609996999946],[19.03029000400005,-31.83380999399992],[19.087209999000095,-31.793590000999927],[19.06655000300003,-31.765989998999885],[19.09465999600019,-31.75021000099997],[19.054900001000135,-31.67027],[19.073720002000073,-31.66687],[19.070509998000034,-31.624050002999923],[19.090520001000016,-31.597779999999887],[19.08539999700008,-31.572049989999925],[19.05179000100003,-31.572679996999966],[19.085420003000138,-31.526930000999982],[19.006180005000147,-31.511999996999975],[19.042989999000042,-31.42497],[19.030879999000092,-31.389539993999904],[18.980130002000067,-31.355239989999973],[19.0130100020001,-31.305680002999907],[18.966419997000173,-31.284490002999917],[18.944460003000074,-31.237319997999975],[18.947600004000094,-31.112910003999957],[18.903470002000063,-31.0417799949999],[18.911770010000055,-30.978929996999966],[18.984490001000154,-30.945810002999963],[18.875390009000057,-30.88706],[18.96047,-30.86611],[18.95190000500014,-30.74474000099991],[18.862970352,-30.717119216999947],[18.79450035100001,-30.66761970499988],[18.795869998000114,-30.624860003999913]]],[[[18.368980003000047,-33.78984000099996],[18.356699995999975,-33.80176000099988],[18.370750004000058,-33.82018000299996],[18.38287999800002,-33.81243000199987],[18.368980003000047,-33.78984000099996]]],[[[18.074270002000162,-33.41262],[18.08168,-33.432200000999956],[18.098539996000056,-33.431499998999925],[18.089590004000115,-33.413540001999934],[18.074270002000162,-33.41262]]],[[[17.959619997000118,-33.08307999799996],[17.954460000000154,-33.08741000099991],[17.958769998000093,-33.08634000199993],[17.959619997000118,-33.08307999799996]]],[[[19.423420004000036,-34.68024000099996],[19.418190004,-34.68036001099995],[19.411340001000156,-34.68517999699998],[19.423420004000036,-34.68024000099996]]],[[[18.026500002000034,-33.09087999799988],[18.01778,-33.09308999899997],[18.023760001000085,-33.094559997999966],[18.026500002000034,-33.09087999799988]]],[[[17.92836000000017,-33.05121],[17.92376999700008,-33.05453000099982],[17.92951000800008,-33.05306999999988],[17.92836000000017,-33.05121]]],[[[17.98521999899998,-33.15438999599996],[17.980290001000128,-33.15074999699982],[17.97908000299998,-33.152050002999886],[17.98521999899998,-33.15438999599996]]],[[[18.010659998,-33.08487000299988],[18.00645999600016,-33.08630999899992],[18.011049999000022,-33.08653999799998],[18.010659998,-33.08487000299988]]],[[[19.415299997999966,-34.69004999799995],[19.414890000000185,-34.689169996999965],[19.409870002000105,-34.68816000299989],[19.415299997999966,-34.69004999799995]]],[[[17.99379000300013,-33.14677000399996],[17.99084,-33.14652999899988],[17.99131000300008,-33.14804999699987],[17.99379000300013,-33.14677000399996]]]]}}]}