{"type":"FeatureCollection","features":[{"type":"Feature","properties":{"area_code_id":"02","area_code":"02","province_ids":["EC17","EC23"],"provinces":["Pichincha","Santo Domingo de los Tsáchilas"]},"geometry":{"type":"Polygon","coordinates":[[[-78.935675,-0.345414],[-78.932921,-0.36089],[-78.956372,-0.36271],[-78.96863,-0.382363],[-78.964783,-0.400901],[-78.973303,-0.408592],[-78.985041,-0.409584],[-78.990659,-0.414868],[-79.011516,-0.417978],[-79.014707,-0.422568],[-79.014718,-0.449505],[-79.030561,-0.469505],[-79.031592,-0.483464],[-79.056653,-0.50371],[-79.059927,-0.513098],[-79.069966,-0.523414],[-79.080543,-0.528188],[-79.095223,-0.524817],[-79.095384,-0.524811],[-79.10097,-0.525037],[-79.112965,-0.541821],[-79.119152,-0.54133],[-79.136876,-0.549522],[-79.152156,-0.57624],[-79.160484,-0.586399],[-79.186668,-0.600897],[-79.194891,-0.611618],[-79.201629,-0.628302],[-79.215373,-0.640036],[-79.235464,-0.643375],[-79.253031,-0.657164],[-79.265307,-0.663437],[-79.272196,-0.676239],[-79.277933,-0.679185],[-79.294192,-0.699543],[-79.306507,-0.694852],[-79.324779,-0.698731],[-79.332412,-0.693591],[-79.349007,-0.69061],[-79.361871,-0.677672],[-79.359725,-0.671117],[-79.370278,-0.66026],[-79.348411,-0.622905],[-79.353161,-0.603458],[-79.364545,-0.586507],[-79.362259,-0.573451],[-79.350566,-0.571514],[-79.355712,-0.559865],[-79.345017,-0.555125],[-79.34733,-0.544226],[-79.372774,-0.540252],[-79.377154,-0.545631],[-79.406188,-0.543109],[-79.416684,-0.538571],[-79.433583,-0.545677],[-79.440021,-0.544554],[-79.452237,-0.550027],[-79.478523,-0.544551],[-79.483346,-0.543425],[-79.466004,-0.528667],[-79.464322,-0.515994],[-79.459665,-0.512245],[-79.461144,-0.496605],[-79.457133,-0.48725],[-79.463117,-0.468116],[-79.459078,-0.460413],[-79.449425,-0.456007],[-79.438344,-0.441492],[-79.429131,-0.438664],[-79.421749,-0.429236],[-79.422202,-0.421608],[-79.410756,-0.410686],[-79.410756,-0.261663],[-79.410283,-0.243943],[-79.413888,-0.232935],[-79.409938,-0.220119],[-79.412743,-0.214544],[-79.407088,-0.201497],[-79.407875,-0.198477],[-79.409728,-0.191358],[-79.419271,-0.181804],[-79.441537,-0.176157],[-79.455897,-0.178304],[-79.461527,-0.172026],[-79.486362,-0.171344],[-79.492722,-0.167567],[-79.508709,-0.168759],[-79.524422,-0.157644],[-79.528348,-0.138944],[-79.539149,-0.134759],[-79.543482,-0.124596],[-79.546785,-0.102935],[-79.564423,-0.091057],[-79.585633,-0.07067],[-79.595106,-0.066703],[-79.608983,-0.053461],[-79.608199,-0.046071],[-79.615334,-0.034922],[-79.605762,-0.021465],[-79.57993,-0.018348],[-79.552376,-0.02515],[-79.515703,-0.026476],[-79.471582,-0.031018],[-79.448641,-0.039681],[-79.436296,-0.033342],[-79.447188,-0.026585],[-79.452659,-0.016964],[-79.455929,-0.001879],[-79.446563,0.004666],[-79.424477,0.004817],[-79.428853,0.023413],[-79.405592,0.018769],[-79.406947,0.025887],[-79.36798,0.022421],[-79.371493,0.032811],[-79.367018,0.043448],[-79.365895,0.056572],[-79.354735,0.067419],[-79.354727,0.075801],[-79.354712,0.075902],[-79.348096,0.096653],[-79.334364,0.111051],[-79.33076,0.118639],[-79.331596,0.137925],[-79.324909,0.156203],[-79.313948,0.157891],[-79.304102,0.173231],[-79.304483,0.179652],[-79.328633,0.209073],[-79.338287,0.21384],[-79.347274,0.211452],[-79.35333,0.227753],[-79.363007,0.236782],[-79.359845,0.247522],[-79.351642,0.246305],[-79.318995,0.254652],[-79.295752,0.267719],[-79.29143,0.2822],[-79.28185,0.285581],[-79.279023,0.29231],[-79.279023,0.309239],[-79.273044,0.322334],[-79.267469,0.317873],[-79.23397,0.326653],[-79.214249,0.319464],[-79.205333,0.322275],[-79.178755,0.312416],[-79.160693,0.317561],[-79.149875,0.316296],[-79.141576,0.321613],[-79.133423,0.320866],[-79.113649,0.305314],[-79.099958,0.305273],[-79.084635,0.300088],[-79.068218,0.309081],[-79.059312,0.307203],[-79.056476,0.293572],[-79.031122,0.292529],[-79.031443,0.283035],[-79.017638,0.276986],[-79.014337,0.268913],[-79.016991,0.25242],[-79.016533,0.237762],[-79.007719,0.224232],[-78.988485,0.212486],[-78.988312,0.212497],[-78.978301,0.211778],[-78.971451,0.220018],[-78.963762,0.217237],[-78.946248,0.203747],[-78.940592,0.205789],[-78.928695,0.218944],[-78.909332,0.21337],[-78.8808,0.22229],[-78.869497,0.233808],[-78.833603,0.241462],[-78.81115,0.230533],[-78.777034,0.243348],[-78.764877,0.238115],[-78.753867,0.240131],[-78.735034,0.226748],[-78.718436,0.21962],[-78.700767,0.217069],[-78.68861,0.223006],[-78.674735,0.210485],[-78.666172,0.215058],[-78.649537,0.214813],[-78.635454,0.207372],[-78.624985,0.21804],[-78.612212,0.219671],[-78.605313,0.21666],[-78.605261,0.216675],[-78.596747,0.223613],[-78.575613,0.225294],[-78.565529,0.221694],[-78.562177,0.207874],[-78.542675,0.206468],[-78.542643,0.20645],[-78.524151,0.213355],[-78.519281,0.228014],[-78.510159,0.226571],[-78.510159,0.243835],[-78.488381,0.268053],[-78.475224,0.2661],[-78.46635,0.259676],[-78.463521,0.249542],[-78.457266,0.244497],[-78.445599,0.209278],[-78.432585,0.196099],[-78.415746,0.216693],[-78.40236,0.240674],[-78.385883,0.247711],[-78.376531,0.256556],[-78.356297,0.243652],[-78.35398,0.230467],[-78.343878,0.23027],[-78.350905,0.210441],[-78.356823,0.217203],[-78.363436,0.208921],[-78.358165,0.202593],[-78.366532,0.178326],[-78.375825,0.167335],[-78.368444,0.162754],[-78.35498,0.17486],[-78.343233,0.191415],[-78.339332,0.203855],[-78.332951,0.202125],[-78.330681,0.191425],[-78.306929,0.182991],[-78.300046,0.172595],[-78.302161,0.155703],[-78.285147,0.151168],[-78.289948,0.134668],[-78.28291,0.12868],[-78.276899,0.13539],[-78.266821,0.137773],[-78.242558,0.122652],[-78.228959,0.122073],[-78.222422,0.128504],[-78.22223,0.12843],[-78.217705,0.125832],[-78.201635,0.12787],[-78.192709,0.133828],[-78.176609,0.137168],[-78.176596,0.137169],[-78.164281,0.141843],[-78.155519,0.141129],[-78.146343,0.149235],[-78.107741,0.158489],[-78.097009,0.173489],[-78.092327,0.186325],[-78.078546,0.189108],[-78.045308,0.190837],[-78.037874,0.182942],[-78.031384,0.188245],[-78.001886,0.172038],[-77.984241,0.173511],[-77.967236,0.168742],[-77.965199,0.157903],[-77.970625,0.146806],[-77.977252,0.110964],[-77.962257,0.112846],[-77.945914,0.099287],[-77.936727,0.103847],[-77.918244,0.081763],[-77.894682,0.084529],[-77.880697,0.075828],[-77.880391,0.07572],[-77.858309,0.059004],[-77.857806,0.032928],[-77.85447,0.024303],[-77.839828,0.027273],[-77.844293,0.021603],[-77.844507,0.004933],[-77.85255,-0.00388],[-77.87018,-0.008318],[-77.908288,-0.027697],[-77.92224,-0.030272],[-77.943387,-0.053054],[-77.934674,-0.071084],[-77.938004,-0.08508],[-77.930974,-0.090325],[-77.935756,-0.099911],[-77.954895,-0.095048],[-77.972812,-0.120083],[-77.985285,-0.117575],[-77.995464,-0.11116],[-78.00258,-0.127327],[-78.009088,-0.129771],[-78.018894,-0.141043],[-78.040243,-0.138298],[-78.057387,-0.146026],[-78.054238,-0.161346],[-78.062217,-0.174795],[-78.062231,-0.175101],[-78.062296,-0.175093],[-78.062324,-0.175084],[-78.063953,-0.175079],[-78.064368,-0.175251],[-78.070367,-0.183038],[-78.087951,-0.187406],[-78.090568,-0.180369],[-78.101868,-0.190892],[-78.10651,-0.182077],[-78.124757,-0.180926],[-78.130836,-0.175507],[-78.130945,-0.174588],[-78.131947,-0.167483],[-78.156781,-0.175023],[-78.156902,-0.175417],[-78.158401,-0.182553],[-78.174241,-0.194867],[-78.183221,-0.192918],[-78.189875,-0.197632],[-78.192575,-0.209804],[-78.185374,-0.215836],[-78.185725,-0.236757],[-78.189485,-0.240627],[-78.185938,-0.262704],[-78.191535,-0.275051],[-78.187826,-0.286517],[-78.192028,-0.293793],[-78.191104,-0.316372],[-78.192902,-0.324885],[-78.207263,-0.34025],[-78.206756,-0.344714],[-78.22136,-0.363267],[-78.222312,-0.36326],[-78.233248,-0.379194],[-78.243083,-0.383869],[-78.248302,-0.400802],[-78.255163,-0.408752],[-78.248467,-0.42601],[-78.248167,-0.42629],[-78.238527,-0.435018],[-78.23531,-0.450282],[-78.239357,-0.460887],[-78.247319,-0.461429],[-78.251589,-0.476016],[-78.250874,-0.487098],[-78.254798,-0.498905],[-78.27065,-0.514831],[-78.266043,-0.528406],[-78.279242,-0.562289],[-78.288117,-0.579046],[-78.308218,-0.577495],[-78.320532,-0.584238],[-78.323035,-0.607229],[-78.323255,-0.60766],[-78.326629,-0.613638],[-78.321244,-0.628087],[-78.332191,-0.657741],[-78.341477,-0.660125],[-78.361736,-0.674974],[-78.368904,-0.6736],[-78.395075,-0.676671],[-78.371187,-0.672653],[-78.363522,-0.661791],[-78.375035,-0.640003],[-78.388818,-0.626479],[-78.407714,-0.620116],[-78.416283,-0.60763],[-78.42696,-0.603363],[-78.433603,-0.605399],[-78.451086,-0.6207],[-78.464445,-0.609733],[-78.474986,-0.614218],[-78.48161,-0.633231],[-78.491952,-0.631878],[-78.516251,-0.634583],[-78.533295,-0.624978],[-78.544405,-0.631448],[-78.557044,-0.631266],[-78.558952,-0.614147],[-78.599732,-0.607804],[-78.605138,-0.603693],[-78.605162,-0.603686],[-78.607409,-0.602676],[-78.607428,-0.602653],[-78.618103,-0.606537],[-78.63912,-0.619338],[-78.641402,-0.632646],[-78.64812,-0.642809],[-78.657095,-0.636778],[-78.66402,-0.6477],[-78.691104,-0.659435],[-78.715135,-0.660991],[-78.720367,-0.649228],[-78.735399,-0.63736],[-78.739131,-0.621965],[-78.728332,-0.588978],[-78.733421,-0.559656],[-78.748193,-0.553581],[-78.748247,-0.553535],[-78.755001,-0.54774],[-78.770726,-0.545292],[-78.778457,-0.538469],[-78.790203,-0.54281],[-78.811166,-0.537383],[-78.834242,-0.521035],[-78.832969,-0.499492],[-78.836191,-0.495673],[-78.838445,-0.477788],[-78.85132,-0.468154],[-78.851427,-0.468154],[-78.85775,-0.462019],[-78.863789,-0.440462],[-78.861514,-0.433945],[-78.871733,-0.42632],[-78.871739,-0.425941],[-78.875529,-0.414263],[-78.882223,-0.416108],[-78.916254,-0.36815],[-78.906954,-0.36137],[-78.914029,-0.354311],[-78.914816,-0.346404],[-78.925528,-0.337155],[-78.941253,-0.331492],[-78.935675,-0.345414]]]}},{"type":"Feature","properties":{"area_code_id":"03","area_code":"03","province_ids":["EC18","EC05","EC06","EC02","EC16"],"provinces":["Tungurahua","Cotopaxi","Chimborazo","Bolívar","Pastaza"]},"geometry":{"type":"Polygon","coordinates":[[[-78.364683,-1.533027],[-78.376392,-1.535704],[-78.373565,-1.546546],[-78.376383,-1.557678],[-78.370408,-1.575019],[-78.373396,-1.598966],[-78.363926,-1.606465],[-78.366625,-1.614233],[-78.363834,-1.644916],[-78.376905,-1.65442],[-78.409686,-1.665454],[-78.40914,-1.674579],[-78.417782,-1.68533],[-78.432218,-1.685412],[-78.443161,-1.704431],[-78.451406,-1.732083],[-78.46759,-1.751909],[-78.45726,-1.762717],[-78.45711,-1.762617],[-78.446012,-1.761979],[-78.44009,-1.770928],[-78.437758,-1.792277],[-78.42033,-1.804991],[-78.421358,-1.827411],[-78.409321,-1.844871],[-78.397505,-1.853997],[-78.403411,-1.863288],[-78.403646,-1.87868],[-78.42009,-1.884414],[-78.420023,-1.894924],[-78.430397,-1.898519],[-78.433055,-1.908824],[-78.443177,-1.910911],[-78.457362,-1.921573],[-78.460658,-1.942359],[-78.460628,-1.942598],[-78.46359,-1.949856],[-78.482583,-1.952558],[-78.489068,-1.958429],[-78.484817,-1.992023],[-78.475044,-2.002227],[-78.459172,-1.992247],[-78.441556,-2.012797],[-78.44719,-2.016617],[-78.452948,-2.044471],[-78.452069,-2.065008],[-78.439258,-2.076087],[-78.434833,-2.090695],[-78.445963,-2.102217],[-78.45016,-2.117971],[-78.468939,-2.120016],[-78.484748,-2.129597],[-78.492209,-2.124923],[-78.50534,-2.127014],[-78.513116,-2.132792],[-78.516559,-2.154613],[-78.504254,-2.158706],[-78.504501,-2.171951],[-78.497898,-2.197533],[-78.501222,-2.205985],[-78.48739,-2.216567],[-78.499353,-2.230115],[-78.50519,-2.246531],[-78.514551,-2.240296],[-78.523562,-2.243063],[-78.534537,-2.240621],[-78.541381,-2.257238],[-78.537141,-2.265753],[-78.537086,-2.278816],[-78.54739,-2.291927],[-78.545802,-2.300303],[-78.555854,-2.307018],[-78.574882,-2.304772],[-78.585095,-2.311178],[-78.587156,-2.318799],[-78.581576,-2.328572],[-78.560733,-2.326684],[-78.554451,-2.334347],[-78.545795,-2.335522],[-78.55191,-2.346085],[-78.560148,-2.349446],[-78.563524,-2.362716],[-78.574151,-2.374136],[-78.580636,-2.397638],[-78.597036,-2.408736],[-78.602324,-2.415256],[-78.617965,-2.450425],[-78.625639,-2.454178],[-78.645309,-2.436608],[-78.663236,-2.434094],[-78.669398,-2.441167],[-78.667268,-2.451315],[-78.696401,-2.449452],[-78.706634,-2.443431],[-78.716467,-2.426498],[-78.728437,-2.429737],[-78.737695,-2.421257],[-78.721619,-2.416628],[-78.713145,-2.407901],[-78.718291,-2.396328],[-78.705026,-2.380839],[-78.695909,-2.356832],[-78.683687,-2.338547],[-78.693184,-2.332619],[-78.712208,-2.334459],[-78.719524,-2.32625],[-78.716321,-2.315099],[-78.72701,-2.316551],[-78.740221,-2.329053],[-78.752804,-2.32494],[-78.760298,-2.331733],[-78.758718,-2.341246],[-78.765382,-2.353112],[-78.781144,-2.356636],[-78.790422,-2.367952],[-78.789126,-2.373638],[-78.805057,-2.384762],[-78.805209,-2.384781],[-78.813814,-2.377028],[-78.828758,-2.380338],[-78.842238,-2.393488],[-78.8503,-2.39643],[-78.88421,-2.392767],[-78.896873,-2.404024],[-78.90218,-2.40224],[-78.908322,-2.416713],[-78.933095,-2.403739],[-78.950083,-2.401213],[-78.974306,-2.39204],[-78.97421,-2.38068],[-78.99333,-2.376004],[-78.993384,-2.375984],[-79.010002,-2.375368],[-79.018357,-2.364887],[-79.028489,-2.358512],[-79.04483,-2.339067],[-79.050717,-2.322997],[-79.063465,-2.314677],[-79.062035,-2.300397],[-79.090939,-2.283158],[-79.092476,-2.267964],[-79.100242,-2.254703],[-79.129493,-2.243414],[-79.133793,-2.236654],[-79.134731,-2.219579],[-79.14295,-2.212582],[-79.155519,-2.211709],[-79.169055,-2.215058],[-79.224018,-2.210764],[-79.243009,-2.219394],[-79.25288,-2.217979],[-79.248467,-2.200435],[-79.240883,-2.195884],[-79.221983,-2.199364],[-79.206281,-2.19664],[-79.19357,-2.191431],[-79.16406,-2.203921],[-79.15166,-2.201333],[-79.127108,-2.203061],[-79.126608,-2.191599],[-79.13215,-2.174743],[-79.121368,-2.167083],[-79.121105,-2.16698],[-79.11665,-2.162657],[-79.110194,-2.144648],[-79.121068,-2.141027],[-79.121215,-2.140699],[-79.121189,-2.13927],[-79.121015,-2.138113],[-79.121248,-2.137579],[-79.121571,-2.135359],[-79.12113,-2.134801],[-79.120234,-2.121716],[-79.121418,-2.120429],[-79.127291,-2.117729],[-79.147576,-2.122212],[-79.162091,-2.121995],[-79.175535,-2.145872],[-79.187929,-2.141686],[-79.194786,-2.131172],[-79.2003,-2.133257],[-79.218974,-2.124938],[-79.228263,-2.117675],[-79.23156,-2.108165],[-79.214641,-2.113207],[-79.205444,-2.108494],[-79.209347,-2.094332],[-79.188053,-2.076943],[-79.226624,-2.076564],[-79.24028,-2.061682],[-79.247599,-2.048297],[-79.253611,-2.04605],[-79.264677,-2.033642],[-79.265093,-2.020504],[-79.271162,-2.002206],[-79.25888,-2.005],[-79.246504,-2.001464],[-79.240159,-1.991171],[-79.240159,-1.981712],[-79.256028,-1.978149],[-79.256028,-1.941038],[-79.246213,-1.916166],[-79.246213,-1.857975],[-79.231548,-1.84938],[-79.230406,-1.840438],[-79.235621,-1.829419],[-79.245377,-1.824193],[-79.248745,-1.816618],[-79.239099,-1.805551],[-79.248979,-1.787462],[-79.247048,-1.772499],[-79.234993,-1.769802],[-79.230681,-1.758482],[-79.238323,-1.756733],[-79.231785,-1.743608],[-79.234859,-1.73271],[-79.246218,-1.726084],[-79.262945,-1.708712],[-79.260911,-1.697885],[-79.269587,-1.691976],[-79.269545,-1.676875],[-79.26976,-1.675811],[-79.278041,-1.666601],[-79.291321,-1.668948],[-79.28855,-1.651329],[-79.309281,-1.655347],[-79.319544,-1.659705],[-79.319944,-1.647644],[-79.347969,-1.644923],[-79.355654,-1.637736],[-79.344586,-1.630681],[-79.31675,-1.627582],[-79.31675,-1.620763],[-79.302691,-1.601752],[-79.294718,-1.599296],[-79.279332,-1.610698],[-79.272293,-1.599592],[-79.270745,-1.588489],[-79.253828,-1.569868],[-79.247923,-1.560166],[-79.244779,-1.545024],[-79.263168,-1.538813],[-79.267177,-1.542464],[-79.284094,-1.527037],[-79.291078,-1.524286],[-79.305194,-1.525608],[-79.311643,-1.515882],[-79.322036,-1.512236],[-79.31767,-1.494892],[-79.333136,-1.463487],[-79.338142,-1.460863],[-79.347153,-1.471721],[-79.355474,-1.46281],[-79.355705,-1.454913],[-79.341184,-1.452483],[-79.33201,-1.445863],[-79.336466,-1.43639],[-79.326299,-1.412972],[-79.32803,-1.397767],[-79.323821,-1.39195],[-79.307985,-1.390839],[-79.298603,-1.395678],[-79.288869,-1.393635],[-79.290231,-1.368856],[-79.297014,-1.355603],[-79.280259,-1.353834],[-79.273682,-1.337736],[-79.270984,-1.335354],[-79.272743,-1.328865],[-79.282536,-1.328085],[-79.293674,-1.33346],[-79.305691,-1.326748],[-79.316274,-1.325853],[-79.320558,-1.313837],[-79.332688,-1.296423],[-79.338853,-1.293163],[-79.359568,-1.304995],[-79.362507,-1.322814],[-79.368958,-1.327913],[-79.379721,-1.326796],[-79.390288,-1.319197],[-79.383326,-1.305849],[-79.370509,-1.302067],[-79.355604,-1.275847],[-79.348845,-1.27133],[-79.34797,-1.26082],[-79.340421,-1.251581],[-79.334721,-1.226665],[-79.307266,-1.207134],[-79.288815,-1.205571],[-79.286736,-1.178957],[-79.299442,-1.177065],[-79.29704,-1.168534],[-79.315032,-1.166657],[-79.339031,-1.132901],[-79.329954,-1.113871],[-79.332727,-1.107875],[-79.324054,-1.100799],[-79.320396,-1.081096],[-79.314338,-1.077547],[-79.313937,-1.0661],[-79.308372,-1.054161],[-79.314084,-1.038432],[-79.300403,-1.015307],[-79.294828,-1.010671],[-79.293291,-1.00009],[-79.293291,-0.98801],[-79.319581,-0.998036],[-79.319803,-0.998177],[-79.320352,-0.99809],[-79.320262,-0.997691],[-79.315555,-0.958827],[-79.306293,-0.949046],[-79.306292,-0.928761],[-79.301387,-0.927868],[-79.295863,-0.91481],[-79.287064,-0.908586],[-79.287064,-0.89077],[-79.264994,-0.880666],[-79.249469,-0.881454],[-79.241269,-0.874838],[-79.239296,-0.850717],[-79.234277,-0.833681],[-79.223142,-0.82798],[-79.223249,-0.817371],[-79.21857,-0.80959],[-79.195379,-0.806405],[-79.186834,-0.799198],[-79.186773,-0.778036],[-79.186763,-0.774534],[-79.186731,-0.764174],[-79.173646,-0.758299],[-79.171997,-0.750719],[-79.158703,-0.738321],[-79.151953,-0.721853],[-79.139238,-0.712772],[-79.128907,-0.649367],[-79.121858,-0.641701],[-79.099824,-0.606047],[-79.095283,-0.593376],[-79.095261,-0.593357],[-79.09292,-0.582018],[-79.084102,-0.570176],[-79.093075,-0.553706],[-79.093157,-0.553652],[-79.095254,-0.552474],[-79.095325,-0.552425],[-79.112965,-0.541821],[-79.10097,-0.525037],[-79.095384,-0.524811],[-79.095223,-0.524817],[-79.080543,-0.528188],[-79.069966,-0.523414],[-79.059927,-0.513098],[-79.056653,-0.50371],[-79.031592,-0.483464],[-79.030561,-0.469505],[-79.014718,-0.449505],[-79.014707,-0.422568],[-79.011516,-0.417978],[-78.990659,-0.414868],[-78.985041,-0.409584],[-78.973303,-0.408592],[-78.964783,-0.400901],[-78.96863,-0.382363],[-78.956372,-0.36271],[-78.932921,-0.36089],[-78.935675,-0.345414],[-78.941253,-0.331492],[-78.925528,-0.337155],[-78.914816,-0.346404],[-78.914029,-0.354311],[-78.906954,-0.36137],[-78.916254,-0.36815],[-78.882223,-0.416108],[-78.875529,-0.414263],[-78.871739,-0.425941],[-78.871733,-0.42632],[-78.861514,-0.433945],[-78.863789,-0.440462],[-78.85775,-0.462019],[-78.851427,-0.468154],[-78.85132,-0.468154],[-78.838445,-0.477788],[-78.836191,-0.495673],[-78.832969,-0.499492],[-78.834242,-0.521035],[-78.811166,-0.537383],[-78.790203,-0.54281],[-78.778457,-0.538469],[-78.770726,-0.545292],[-78.755001,-0.54774],[-78.748247,-0.553535],[-78.748193,-0.553581],[-78.733421,-0.559656],[-78.728332,-0.588978],[-78.739131,-0.621965],[-78.735399,-0.63736],[-78.720367,-0.649228],[-78.715135,-0.660991],[-78.691104,-0.659435],[-78.66402,-0.6477],[-78.657095,-0.636778],[-78.64812,-0.642809],[-78.641402,-0.632646],[-78.63912,-0.619338],[-78.618103,-0.606537],[-78.607428,-0.602653],[-78.607409,-0.602676],[-78.605162,-0.603686],[-78.605138,-0.603693],[-78.599732,-0.607804],[-78.558952,-0.614147],[-78.557044,-0.631266],[-78.544405,-0.631448],[-78.533295,-0.624978],[-78.516251,-0.634583],[-78.491952,-0.631878],[-78.48161,-0.633231],[-78.474986,-0.614218],[-78.464445,-0.609733],[-78.451086,-0.6207],[-78.433603,-0.605399],[-78.42696,-0.603363],[-78.416283,-0.60763],[-78.407714,-0.620116],[-78.388818,-0.626479],[-78.375035,-0.640003],[-78.363522,-0.661791],[-78.371187,-0.672653],[-78.395075,-0.676671],[-78.397376,-0.690294],[-78.395744,-0.700721],[-78.411096,-0.724122],[-78.401806,-0.732006],[-78.392907,-0.74752],[-78.39179,-0.758408],[-78.397971,-0.768087],[-78.396333,-0.775312],[-78.396199,-0.775551],[-78.393827,-0.798537],[-78.388738,-0.804291],[-78.393152,-0.832941],[-78.400982,-0.846912],[-78.399075,-0.857566],[-78.404327,-0.872771],[-78.427067,-0.877768],[-78.418216,-0.902754],[-78.409325,-0.91324],[-78.429923,-0.93788],[-78.42949,-0.945658],[-78.419866,-0.951809],[-78.412914,-0.950744],[-78.407204,-0.960419],[-78.395998,-0.962822],[-78.392106,-0.985939],[-78.3955,-0.994543],[-78.37845,-1.00514],[-78.36045,-0.999325],[-78.350222,-1.009991],[-78.350909,-1.016037],[-78.343045,-1.028067],[-78.33045,-1.037153],[-78.327738,-1.046313],[-78.333071,-1.056973],[-78.332979,-1.072818],[-78.342445,-1.094274],[-78.337593,-1.116095],[-78.340255,-1.138871],[-78.354821,-1.155964],[-78.348815,-1.173583],[-78.339851,-1.165239],[-78.322594,-1.164478],[-78.317743,-1.149763],[-78.310797,-1.142889],[-78.28307,-1.140967],[-78.274586,-1.144323],[-78.264641,-1.140779],[-78.264422,-1.156873],[-78.246076,-1.15418],[-78.237803,-1.146327],[-78.219139,-1.141629],[-78.207953,-1.145977],[-78.198213,-1.157237],[-78.187144,-1.163334],[-78.188073,-1.182753],[-78.169495,-1.187665],[-78.153398,-1.179672],[-78.147712,-1.184544],[-78.135182,-1.182235],[-78.129662,-1.191372],[-78.115096,-1.194479],[-78.118611,-1.211597],[-78.123757,-1.223069],[-78.110704,-1.233473],[-78.097069,-1.225851],[-78.09168,-1.232677],[-78.082748,-1.229782],[-78.075289,-1.237438],[-78.051877,-1.248616],[-78.043982,-1.243311],[-78.019033,-1.233463],[-78.015408,-1.224572],[-77.96695,-1.224135],[-77.963569,-1.211611],[-77.946257,-1.205465],[-77.944204,-1.223565],[-77.918768,-1.226894],[-77.912063,-1.236907],[-77.898593,-1.244332],[-77.880961,-1.242688],[-77.888989,-1.229695],[-77.888777,-1.22111],[-77.882315,-1.207063],[-77.850467,-1.207043],[-77.841274,-1.218178],[-77.832081,-1.218178],[-77.824312,-1.204019],[-77.806387,-1.202974],[-77.780704,-1.183254],[-77.7672,-1.178173],[-77.754342,-1.178247],[-77.740967,-1.162058],[-77.732509,-1.159975],[-77.730159,-1.177288],[-77.725942,-1.177948],[-77.725689,-1.177977],[-77.721325,-1.179968],[-77.699595,-1.147796],[-77.685283,-1.139303],[-77.66411,-1.146281],[-77.655419,-1.132251],[-77.645158,-1.133998],[-77.63823,-1.147223],[-77.62841,-1.142731],[-77.613867,-1.147634],[-77.610805,-1.138216],[-77.602734,-1.136766],[-77.59583,-1.124193],[-77.562284,-1.158405],[-77.542116,-1.144323],[-77.535259,-1.133461],[-77.521437,-1.122152],[-77.50147,-1.11868],[-77.474375,-1.101613],[-77.460586,-1.101451],[-77.445615,-1.094405],[-77.452177,-1.082661],[-77.441419,-1.077831],[-77.436002,-1.085047],[-77.427926,-1.080233],[-77.413242,-1.084041],[-77.404996,-1.078871],[-77.401492,-1.090371],[-77.389832,-1.085974],[-77.383669,-1.094762],[-77.373871,-1.090961],[-77.351292,-1.102714],[-77.350819,-1.070161],[-77.332104,-1.069275],[-77.320192,-1.072343],[-77.297717,-1.06001],[-77.267794,-1.057018],[-77.260084,-1.052273],[-77.248054,-1.055328],[-77.236475,-1.05243],[-77.230648,-1.041606],[-77.229234,-1.025834],[-77.20514,-1.026005],[-77.193179,-1.021146],[-77.188279,-1.023797],[-77.166419,-1.018017],[-77.155754,-1.021663],[-77.137076,-1.019064],[-77.105422,-1.007913],[-77.098031,-1.014184],[-77.087158,-1.014324],[-77.062281,-1.004201],[-77.059965,-1.008314],[-77.069586,-1.019334],[-77.091049,-1.023974],[-77.083387,-1.051786],[-77.074415,-1.054955],[-77.076259,-1.064963],[-77.067535,-1.077949],[-77.06736,-1.085533],[-77.03623,-1.099611],[-77.031271,-1.096962],[-76.996212,-1.096768],[-76.974721,-1.103409],[-76.962561,-1.115635],[-76.949403,-1.122044],[-76.933091,-1.119732],[-76.917416,-1.121692],[-76.891445,-1.131005],[-76.889444,-1.140126],[-76.881586,-1.14534],[-76.88121,-1.14544],[-76.881128,-1.14601],[-76.881238,-1.146035],[-76.881229,-1.147072],[-76.881071,-1.147112],[-76.869093,-1.157545],[-76.853188,-1.163058],[-76.838148,-1.156851],[-76.832383,-1.140167],[-76.832432,-1.114384],[-76.817597,-1.109466],[-76.802455,-1.110795],[-76.787911,-1.097072],[-76.773651,-1.090615],[-76.768634,-1.095128],[-76.753485,-1.09552],[-76.727019,-1.103868],[-76.722257,-1.098177],[-76.720539,-1.082254],[-76.708483,-1.082534],[-76.687229,-1.077502],[-76.680337,-1.068674],[-76.667695,-1.06851],[-76.652858,-1.056811],[-76.64888,-1.061309],[-76.63296,-1.061533],[-76.617406,-1.066237],[-76.612702,-1.071123],[-76.599756,-1.06995],[-76.576798,-1.063228],[-76.561224,-1.062458],[-76.546661,-1.06853],[-76.537496,-1.054445],[-76.528228,-1.053308],[-76.514223,-1.070708],[-76.518428,-1.08693],[-76.513769,-1.09564],[-76.524552,-1.107123],[-76.522103,-1.131769],[-76.525513,-1.149268],[-76.527404,-1.196698],[-76.520459,-1.195727],[-76.518032,-1.207288],[-76.508869,-1.207847],[-76.502013,-1.217555],[-76.493909,-1.220182],[-76.485053,-1.230272],[-76.47155,-1.25732],[-76.463161,-1.258028],[-76.456306,-1.252418],[-76.451211,-1.271361],[-76.437399,-1.265926],[-76.419359,-1.272098],[-76.40635,-1.258606],[-76.40484,-1.257541],[-76.395672,-1.254357],[-76.391957,-1.267277],[-76.379252,-1.269521],[-76.357413,-1.279764],[-76.366859,-1.287667],[-76.345476,-1.293516],[-76.327608,-1.30617],[-76.318227,-1.302717],[-76.311501,-1.307409],[-76.295518,-1.310431],[-76.275091,-1.304721],[-76.266977,-1.295807],[-76.250105,-1.303445],[-76.249309,-1.288916],[-76.235351,-1.300387],[-76.219747,-1.286433],[-76.211278,-1.296704],[-76.202927,-1.29822],[-76.189795,-1.289978],[-76.178192,-1.288417],[-76.176398,-1.300245],[-76.166585,-1.29465],[-76.157126,-1.300464],[-76.151974,-1.285413],[-76.142525,-1.284646],[-76.136896,-1.276044],[-76.113212,-1.272541],[-76.11125,-1.279042],[-76.09018,-1.281428],[-76.088765,-1.29056],[-76.076622,-1.292844],[-76.071617,-1.280102],[-76.0639,-1.281296],[-76.061419,-1.292709],[-76.06434,-1.303626],[-76.057352,-1.307711],[-76.0502,-1.297381],[-76.040124,-1.310074],[-76.016455,-1.309626],[-76.008931,-1.315033],[-75.997674,-1.315539],[-75.998752,-1.330177],[-75.988801,-1.337373],[-75.973834,-1.338079],[-75.958444,-1.353105],[-75.948569,-1.357748],[-75.940789,-1.349949],[-75.935308,-1.360575],[-75.921117,-1.352791],[-75.911601,-1.359579],[-75.893761,-1.348913],[-75.888011,-1.3403],[-75.878761,-1.356916],[-75.866037,-1.35575],[-75.855384,-1.36105],[-75.846248,-1.354885],[-75.841261,-1.363374],[-75.845574,-1.373765],[-75.821878,-1.383398],[-75.801145,-1.402966],[-75.785665,-1.403539],[-75.778974,-1.395252],[-75.771266,-1.405312],[-75.7587,-1.413823],[-75.750241,-1.404967],[-75.739302,-1.417343],[-75.739346,-1.434504],[-75.726674,-1.439065],[-75.716041,-1.452001],[-75.698631,-1.451708],[-75.699014,-1.465253],[-75.675266,-1.467949],[-75.664973,-1.486478],[-75.657195,-1.476181],[-75.64111,-1.49556],[-75.622677,-1.50202],[-75.610283,-1.493446],[-75.601233,-1.49794],[-75.59463,-1.51477],[-75.595572,-1.525022],[-75.588879,-1.527293],[-75.595836,-1.54036],[-75.585389,-1.549704],[-75.755989,-1.763848],[-75.870412,-1.907525],[-75.944046,-2.000003],[-76.043253,-2.12462],[-76.250004,-2.28767],[-76.341678,-2.359971],[-76.519223,-2.500002],[-76.633571,-2.590189],[-76.692112,-2.609971],[-76.712719,-2.595406],[-76.723908,-2.58524],[-76.73772,-2.553867],[-76.747959,-2.561778],[-76.756974,-2.563181],[-76.773384,-2.553388],[-76.78024,-2.552605],[-76.793779,-2.568137],[-76.800268,-2.570695],[-76.814008,-2.561192],[-76.815362,-2.546126],[-76.83014,-2.543918],[-76.842884,-2.555849],[-76.860425,-2.56006],[-76.868662,-2.556613],[-76.877936,-2.562875],[-76.878184,-2.563118],[-76.886473,-2.565517],[-76.897622,-2.553555],[-76.913221,-2.564242],[-76.932689,-2.545036],[-76.939604,-2.554513],[-76.949488,-2.548277],[-76.96529,-2.514748],[-76.965975,-2.514124],[-76.974924,-2.510892],[-76.983284,-2.513748],[-76.98556,-2.514579],[-76.996956,-2.51465],[-76.997422,-2.51372],[-76.998864,-2.507993],[-76.994546,-2.487277],[-77.005821,-2.456365],[-77.02309,-2.457563],[-77.032265,-2.449746],[-77.034439,-2.437072],[-77.041003,-2.420937],[-77.049461,-2.414836],[-77.048844,-2.406524],[-77.058704,-2.395914],[-77.081494,-2.376421],[-77.081725,-2.361959],[-77.086799,-2.34456],[-77.103172,-2.33725],[-77.114589,-2.315669],[-77.128569,-2.314722],[-77.133938,-2.304796],[-77.145914,-2.299127],[-77.16617,-2.302352],[-77.183003,-2.284771],[-77.184237,-2.275794],[-77.201241,-2.265497],[-77.208166,-2.268668],[-77.216181,-2.263387],[-77.235585,-2.261312],[-77.236054,-2.249824],[-77.243548,-2.248745],[-77.258495,-2.235073],[-77.264196,-2.234228],[-77.272224,-2.214422],[-77.278211,-2.212718],[-77.284982,-2.201938],[-77.305502,-2.18588],[-77.316273,-2.187012],[-77.323863,-2.178371],[-77.333908,-2.17311],[-77.343228,-2.17313],[-77.351335,-2.160394],[-77.362366,-2.165049],[-77.372472,-2.159131],[-77.385771,-2.158775],[-77.394378,-2.150762],[-77.406373,-2.149776],[-77.428527,-2.136294],[-77.428166,-2.126788],[-77.434963,-2.121977],[-77.449476,-2.119247],[-77.466925,-2.109124],[-77.48698,-2.104799],[-77.496933,-2.098965],[-77.501039,-2.089327],[-77.51363,-2.082223],[-77.520758,-2.085379],[-77.539022,-2.074524],[-77.549463,-2.073077],[-77.557929,-2.078902],[-77.570457,-2.079302],[-77.590358,-2.068987],[-77.595867,-2.058282],[-77.621444,-2.042601],[-77.640671,-2.04809],[-77.663752,-2.051257],[-77.672589,-2.050344],[-77.680656,-2.043335],[-77.688949,-2.030089],[-77.699114,-2.024411],[-77.714396,-2.026315],[-77.728221,-2.011488],[-77.731869,-1.985232],[-77.740657,-1.980536],[-77.750357,-1.985569],[-77.764752,-1.97577],[-77.774976,-1.973159],[-77.784557,-1.959034],[-77.793999,-1.955238],[-77.794472,-1.934561],[-77.809821,-1.93214],[-77.822891,-1.923214],[-77.823287,-1.922677],[-77.824321,-1.920588],[-77.824703,-1.919537],[-77.82459,-1.903487],[-77.824519,-1.903033],[-77.824557,-1.902077],[-77.824641,-1.901564],[-77.82819,-1.896181],[-77.82778,-1.880166],[-77.827578,-1.879796],[-77.827362,-1.868239],[-77.832171,-1.860454],[-77.832196,-1.860215],[-77.854575,-1.84073],[-77.846329,-1.837316],[-77.856354,-1.817745],[-77.856996,-1.809084],[-77.856854,-1.808768],[-77.857926,-1.798803],[-77.865026,-1.797453],[-77.869752,-1.783823],[-77.86504,-1.772328],[-77.885209,-1.762079],[-77.886498,-1.749719],[-77.880136,-1.744417],[-77.883037,-1.731228],[-77.882448,-1.707379],[-77.889058,-1.69127],[-77.905154,-1.687725],[-77.916633,-1.670062],[-77.916182,-1.662884],[-77.922751,-1.654557],[-77.938917,-1.657355],[-77.946567,-1.662893],[-77.961202,-1.661118],[-77.98775,-1.676305],[-78.011773,-1.677809],[-78.021562,-1.670537],[-78.031263,-1.654961],[-78.031623,-1.633748],[-78.03863,-1.627232],[-78.044775,-1.60008],[-78.058304,-1.57781],[-78.058365,-1.543864],[-78.065462,-1.526958],[-78.085131,-1.49829],[-78.100282,-1.483727],[-78.103027,-1.475449],[-78.114902,-1.462282],[-78.128671,-1.450868],[-78.149883,-1.453486],[-78.164922,-1.448437],[-78.177949,-1.448685],[-78.192465,-1.455477],[-78.196736,-1.474758],[-78.211107,-1.471962],[-78.221609,-1.476084],[-78.223133,-1.48721],[-78.236925,-1.493113],[-78.267307,-1.502508],[-78.277393,-1.496441],[-78.278648,-1.483103],[-78.297612,-1.480039],[-78.306368,-1.484867],[-78.319027,-1.498421],[-78.345192,-1.503554],[-78.345238,-1.514184],[-78.35073,-1.523135],[-78.357409,-1.520868],[-78.364683,-1.533027]]]}},{"type":"Feature","properties":{"area_code_id":"04","area_code":"04","province_ids":["EC09","EC24"],"provinces":["Guayas","Santa Elena"]},"geometry":{"type":"Polygon","coordinates":[[[-80.604948,-2.468662],[-80.626439,-2.44747],[-80.660016,-2.418418],[-80.683471,-2.402838],[-80.694283,-2.405574],[-80.709242,-2.395243],[-80.722215,-2.390472],[-80.744222,-2.393258],[-80.752664,-2.388561],[-80.777973,-2.388198],[-80.788084,-2.382068],[-80.801761,-2.378475],[-80.826858,-2.355718],[-80.849362,-2.337388],[-80.867737,-2.325433],[-80.882004,-2.32304],[-80.899904,-2.32865],[-80.896551,-2.313274],[-80.913494,-2.294135],[-80.917818,-2.281332],[-80.925587,-2.271129],[-80.976172,-2.219264],[-81.001849,-2.1962],[-81.001732,-2.184668],[-80.988164,-2.185054],[-80.984083,-2.196811],[-80.971168,-2.205593],[-80.956371,-2.20179],[-80.949049,-2.205001],[-80.944772,-2.216286],[-80.930091,-2.220934],[-80.907287,-2.219971],[-80.874386,-2.204664],[-80.871502,-2.199807],[-80.855013,-2.196744],[-80.839659,-2.185564],[-80.817182,-2.157007],[-80.806592,-2.159183],[-80.78938,-2.151319],[-80.763351,-2.127737],[-80.756121,-2.118451],[-80.747023,-2.100436],[-80.735609,-2.059671],[-80.735993,-2.024498],[-80.749668,-2.012023],[-80.749603,-2.005041],[-80.762937,-1.97635],[-80.751997,-1.968867],[-80.743571,-1.970203],[-80.729914,-1.954833],[-80.726386,-1.926264],[-80.73469,-1.884497],[-80.744367,-1.859399],[-80.75454,-1.824604],[-80.759741,-1.817242],[-80.758078,-1.805979],[-80.771312,-1.756054],[-80.782217,-1.733695],[-80.795389,-1.715465],[-80.802536,-1.711574],[-80.784497,-1.699757],[-80.758946,-1.676655],[-80.743526,-1.67711],[-80.730869,-1.685858],[-80.713332,-1.676026],[-80.69585,-1.671788],[-80.678268,-1.674445],[-80.674821,-1.675987],[-80.665101,-1.67847],[-80.664676,-1.678465],[-80.653898,-1.673376],[-80.636901,-1.688864],[-80.634261,-1.698627],[-80.619822,-1.707433],[-80.617391,-1.718232],[-80.620613,-1.725121],[-80.61175,-1.738049],[-80.610398,-1.75696],[-80.587296,-1.784546],[-80.554509,-1.781962],[-80.557715,-1.810046],[-80.564206,-1.819484],[-80.565845,-1.839434],[-80.534523,-1.878101],[-80.53453,-1.882283],[-80.520869,-1.900323],[-80.516501,-1.902477],[-80.519378,-1.916502],[-80.506406,-1.925493],[-80.484338,-1.922792],[-80.471468,-1.928452],[-80.464175,-1.947319],[-80.455389,-1.940694],[-80.440419,-1.943139],[-80.430044,-1.921455],[-80.433365,-1.914339],[-80.429937,-1.895391],[-80.422666,-1.89294],[-80.420788,-1.879231],[-80.433083,-1.885636],[-80.43911,-1.858946],[-80.427572,-1.85451],[-80.431853,-1.845346],[-80.428204,-1.836465],[-80.411213,-1.836505],[-80.407485,-1.831486],[-80.416909,-1.813944],[-80.425774,-1.808422],[-80.419146,-1.786314],[-80.40545,-1.774528],[-80.387904,-1.767771],[-80.382579,-1.751783],[-80.362446,-1.739463],[-80.351174,-1.72314],[-80.333888,-1.722943],[-80.334201,-1.705618],[-80.319305,-1.6858],[-80.295834,-1.708333],[-80.289937,-1.710103],[-80.280809,-1.70317],[-80.29512,-1.693739],[-80.299925,-1.68715],[-80.288352,-1.67914],[-80.264787,-1.678299],[-80.244771,-1.687858],[-80.244662,-1.687937],[-80.239341,-1.69356],[-80.230506,-1.688333],[-80.226128,-1.693796],[-80.21208,-1.69359],[-80.208146,-1.67393],[-80.218458,-1.663779],[-80.224157,-1.649119],[-80.219071,-1.637622],[-80.226051,-1.627646],[-80.223631,-1.616151],[-80.241222,-1.616151],[-80.246124,-1.616151],[-80.252593,-1.616151],[-80.277027,-1.580897],[-80.280389,-1.573028],[-80.262882,-1.565253],[-80.244866,-1.566365],[-80.244744,-1.566372],[-80.235409,-1.574319],[-80.220213,-1.574319],[-80.192698,-1.55082],[-80.175545,-1.528304],[-80.197772,-1.514595],[-80.20591,-1.496655],[-80.204134,-1.482332],[-80.192936,-1.471825],[-80.199223,-1.464263],[-80.193815,-1.454446],[-80.198056,-1.44884],[-80.192128,-1.435246],[-80.195452,-1.422018],[-80.182426,-1.417215],[-80.169772,-1.416106],[-80.153962,-1.408043],[-80.144864,-1.407211],[-80.142157,-1.380713],[-80.1536,-1.366306],[-80.1531,-1.364881],[-80.13754,-1.324122],[-80.109759,-1.322828],[-80.102064,-1.328677],[-80.089972,-1.323088],[-80.068196,-1.297039],[-80.050877,-1.286319],[-80.047171,-1.287366],[-80.036516,-1.268494],[-80.036856,-1.253589],[-80.020454,-1.242726],[-80.015653,-1.218567],[-80.010801,-1.204953],[-79.993505,-1.193668],[-79.986303,-1.176357],[-79.974852,-1.175733],[-79.963264,-1.185398],[-79.950369,-1.178846],[-79.949624,-1.167986],[-79.970213,-1.168617],[-79.9646,-1.156637],[-79.963752,-1.140236],[-79.955207,-1.138591],[-79.946045,-1.15361],[-79.940401,-1.155726],[-79.927654,-1.146465],[-79.908718,-1.139454],[-79.903621,-1.126655],[-79.887274,-1.116537],[-79.874597,-1.103921],[-79.861511,-1.100021],[-79.854605,-1.089628],[-79.844038,-1.082542],[-79.835129,-1.059896],[-79.835793,-1.054646],[-79.834732,-1.052443],[-79.825131,-1.04925],[-79.824237,-1.04955],[-79.81276,-1.045861],[-79.812423,-1.033354],[-79.80483,-1.031944],[-79.800196,-1.022807],[-79.804539,-1.010201],[-79.797442,-1.004101],[-79.8005,-0.989549],[-79.795251,-0.980837],[-79.782073,-0.981942],[-79.772764,-0.976039],[-79.774575,-0.96494],[-79.77083,-0.94674],[-79.753733,-0.930499],[-79.752277,-0.923245],[-79.737113,-0.900141],[-79.737216,-0.891626],[-79.730229,-0.883792],[-79.718238,-0.886557],[-79.710754,-0.882869],[-79.700341,-0.886181],[-79.704099,-0.904302],[-79.68927,-0.895382],[-79.685173,-0.903307],[-79.670598,-0.891341],[-79.662922,-0.903373],[-79.652749,-0.896468],[-79.644006,-0.881187],[-79.629629,-0.87737],[-79.619408,-0.859667],[-79.607607,-0.853268],[-79.600734,-0.857727],[-79.593851,-0.851292],[-79.57668,-0.844413],[-79.560517,-0.85186],[-79.553889,-0.848611],[-79.535047,-0.847884],[-79.523263,-0.860072],[-79.51817,-0.851119],[-79.507129,-0.85811],[-79.513381,-0.877242],[-79.522864,-0.897064],[-79.525032,-0.911915],[-79.530126,-0.923547],[-79.545264,-0.933569],[-79.547245,-0.941003],[-79.541547,-0.948997],[-79.545646,-0.956978],[-79.560953,-0.964108],[-79.530581,-0.964108],[-79.52463,-0.971689],[-79.541027,-0.978065],[-79.549165,-0.975932],[-79.561361,-0.984691],[-79.571068,-0.998605],[-79.577909,-1.028212],[-79.574264,-1.043868],[-79.587427,-1.058768],[-79.588175,-1.067785],[-79.59724,-1.072003],[-79.617142,-1.064282],[-79.625,-1.080392],[-79.640458,-1.094295],[-79.64291,-1.104139],[-79.652295,-1.118231],[-79.662265,-1.121816],[-79.67135,-1.114062],[-79.677118,-1.122767],[-79.689764,-1.153384],[-79.71672,-1.155077],[-79.716065,-1.173217],[-79.721273,-1.183184],[-79.73665,-1.180389],[-79.748998,-1.196763],[-79.747579,-1.218767],[-79.75838,-1.236379],[-79.752208,-1.244359],[-79.76423,-1.259926],[-79.766707,-1.270244],[-79.773285,-1.270628],[-79.778926,-1.279168],[-79.776443,-1.290952],[-79.78815,-1.292949],[-79.795047,-1.320502],[-79.804776,-1.335814],[-79.804766,-1.335922],[-79.802769,-1.339864],[-79.813149,-1.35507],[-79.820204,-1.359355],[-79.834806,-1.375041],[-79.835065,-1.375334],[-79.848063,-1.386715],[-79.854509,-1.406123],[-79.847892,-1.410226],[-79.859752,-1.41915],[-79.868202,-1.435436],[-79.864715,-1.450351],[-79.871526,-1.458269],[-79.868115,-1.476427],[-79.873385,-1.497581],[-79.869853,-1.503606],[-79.876069,-1.514456],[-79.87201,-1.520313],[-79.868698,-1.548534],[-79.871536,-1.554865],[-79.863812,-1.564476],[-79.85443,-1.565626],[-79.855549,-1.58006],[-79.864401,-1.583606],[-79.871316,-1.601857],[-79.856258,-1.631378],[-79.862969,-1.643691],[-79.852741,-1.644179],[-79.83765,-1.654824],[-79.855333,-1.66483],[-79.851249,-1.671512],[-79.835933,-1.674245],[-79.831947,-1.673731],[-79.834065,-1.682505],[-79.834737,-1.682446],[-79.835231,-1.69105],[-79.834666,-1.691468],[-79.824512,-1.708448],[-79.814447,-1.707688],[-79.801006,-1.712934],[-79.794019,-1.71946],[-79.778375,-1.720614],[-79.763223,-1.72964],[-79.749783,-1.733405],[-79.74338,-1.746107],[-79.748822,-1.783188],[-79.730375,-1.809098],[-79.727794,-1.836775],[-79.727858,-1.836844],[-79.727805,-1.849974],[-79.716979,-1.850624],[-79.698807,-1.868878],[-79.686802,-1.867725],[-79.683114,-1.88158],[-79.675446,-1.886414],[-79.670998,-1.909998],[-79.660165,-1.915429],[-79.656374,-1.923138],[-79.648194,-1.921926],[-79.648198,-1.899161],[-79.637861,-1.898939],[-79.628079,-1.909596],[-79.619974,-1.912955],[-79.612407,-1.905324],[-79.598395,-1.907912],[-79.58073,-1.905215],[-79.569303,-1.897852],[-79.562688,-1.899039],[-79.55599,-1.885637],[-79.541452,-1.882346],[-79.524778,-1.884875],[-79.522462,-1.880439],[-79.493061,-1.886576],[-79.485449,-1.893168],[-79.480178,-1.90617],[-79.48012,-1.906324],[-79.4555,-1.916722],[-79.453759,-1.925325],[-79.439715,-1.939484],[-79.418098,-1.93863],[-79.408543,-1.942351],[-79.409409,-1.953943],[-79.409641,-1.954278],[-79.39984,-1.96672],[-79.390822,-1.965854],[-79.368713,-1.971146],[-79.364696,-1.985022],[-79.358919,-1.989049],[-79.352549,-2.009036],[-79.344913,-2.012701],[-79.33885,-2.022138],[-79.338574,-2.032639],[-79.318362,-2.059287],[-79.318218,-2.081521],[-79.30413,-2.08684],[-79.299285,-2.094055],[-79.284772,-2.097299],[-79.271403,-2.104498],[-79.27246,-2.113198],[-79.263575,-2.114305],[-79.256648,-2.121304],[-79.245903,-2.125115],[-79.23156,-2.108165],[-79.228263,-2.117675],[-79.218974,-2.124938],[-79.2003,-2.133257],[-79.194786,-2.131172],[-79.187929,-2.141686],[-79.175535,-2.145872],[-79.162091,-2.121995],[-79.147576,-2.122212],[-79.127291,-2.117729],[-79.121418,-2.120429],[-79.120234,-2.121716],[-79.12113,-2.134801],[-79.121571,-2.135359],[-79.121248,-2.137579],[-79.121015,-2.138113],[-79.121189,-2.13927],[-79.121215,-2.140699],[-79.121068,-2.141027],[-79.110194,-2.144648],[-79.11665,-2.162657],[-79.121105,-2.16698],[-79.121368,-2.167083],[-79.13215,-2.174743],[-79.126608,-2.191599],[-79.127108,-2.203061],[-79.15166,-2.201333],[-79.16406,-2.203921],[-79.19357,-2.191431],[-79.206281,-2.19664],[-79.221983,-2.199364],[-79.240883,-2.195884],[-79.248467,-2.200435],[-79.25288,-2.217979],[-79.243009,-2.219394],[-79.224018,-2.210764],[-79.169055,-2.215058],[-79.155519,-2.211709],[-79.14295,-2.212582],[-79.14295,-2.23478],[-79.147267,-2.237085],[-79.150969,-2.252765],[-79.157326,-2.25863],[-79.172914,-2.284977],[-79.175369,-2.303799],[-79.197907,-2.310291],[-79.201924,-2.31849],[-79.193258,-2.322563],[-79.199619,-2.334839],[-79.224558,-2.353817],[-79.230015,-2.345761],[-79.246099,-2.349801],[-79.255917,-2.358393],[-79.25727,-2.368332],[-79.26477,-2.37466],[-79.26373,-2.389489],[-79.274977,-2.388083],[-79.287593,-2.395852],[-79.306328,-2.401024],[-79.33181,-2.385106],[-79.335965,-2.37153],[-79.367239,-2.360346],[-79.38299,-2.357384],[-79.393336,-2.358752],[-79.401755,-2.343096],[-79.41602,-2.335886],[-79.420049,-2.359554],[-79.430647,-2.359262],[-79.433626,-2.373333],[-79.427418,-2.380859],[-79.419059,-2.378867],[-79.448122,-2.42007],[-79.425254,-2.430624],[-79.43627,-2.43868],[-79.466572,-2.448652],[-79.464307,-2.456058],[-79.476954,-2.464501],[-79.489475,-2.466455],[-79.503523,-2.480435],[-79.512842,-2.486444],[-79.524195,-2.487855],[-79.522339,-2.505353],[-79.506217,-2.499879],[-79.488476,-2.510949],[-79.500938,-2.525963],[-79.516785,-2.527253],[-79.516769,-2.527288],[-79.515011,-2.538229],[-79.497327,-2.532523],[-79.489884,-2.527434],[-79.489842,-2.527207],[-79.467453,-2.50466],[-79.455692,-2.499116],[-79.434228,-2.502847],[-79.418803,-2.49799],[-79.395136,-2.497087],[-79.380495,-2.526779],[-79.380266,-2.527689],[-79.379187,-2.529654],[-79.391702,-2.529654],[-79.397492,-2.516905],[-79.411678,-2.520628],[-79.428287,-2.518039],[-79.428286,-2.553096],[-79.424998,-2.555767],[-79.424998,-2.606785],[-79.427861,-2.606292],[-79.42897,-2.605457],[-79.441406,-2.603771],[-79.452309,-2.607572],[-79.473098,-2.607572],[-79.47319,-2.618347],[-79.467388,-2.624875],[-79.464457,-2.64524],[-79.46004,-2.657386],[-79.486969,-2.677846],[-79.488303,-2.692982],[-79.502941,-2.767744],[-79.557887,-2.78977],[-79.616936,-2.813814],[-79.631038,-2.823753],[-79.637776,-2.815507],[-79.646624,-2.819296],[-79.657189,-2.818312],[-79.670316,-2.82485],[-79.647195,-2.842706],[-79.623035,-2.854618],[-79.602375,-2.859016],[-79.597575,-2.871975],[-79.591406,-2.877027],[-79.56875,-2.875864],[-79.550771,-2.881038],[-79.550771,-2.889545],[-79.561216,-2.895556],[-79.594928,-2.895556],[-79.585752,-2.901824],[-79.593597,-2.918049],[-79.608073,-2.920865],[-79.626116,-2.938529],[-79.633817,-2.948994],[-79.646064,-2.956158],[-79.636837,-2.979561],[-79.651391,-2.98862],[-79.660141,-2.97481],[-79.669946,-2.971505],[-79.702213,-2.976491],[-79.709454,-2.973124],[-79.725867,-2.979212],[-79.727776,-2.985859],[-79.715937,-2.994604],[-79.713546,-3.015245],[-79.725618,-3.014669],[-79.734052,-3.009989],[-79.739563,-3.029561],[-79.745446,-3.0298],[-79.745401,-3.045162],[-79.760281,-3.063407],[-79.763773,-3.06226],[-79.775372,-3.064303],[-79.81553,-3.049959],[-79.825266,-3.055316],[-79.833536,-3.052605],[-79.833646,-3.052758],[-79.840432,-3.053948],[-79.840562,-3.053869],[-79.855331,-3.048493],[-79.870808,-3.059886],[-79.869829,-3.04874],[-79.845956,-2.999675],[-79.850704,-2.976933],[-79.853477,-2.973873],[-79.854015,-2.940994],[-79.852087,-2.89051],[-79.853079,-2.879133],[-79.840722,-2.875827],[-79.831073,-2.860848],[-79.819422,-2.827301],[-79.816552,-2.792127],[-79.80872,-2.789017],[-79.797368,-2.753196],[-79.793051,-2.735472],[-79.793385,-2.715356],[-79.790444,-2.688507],[-79.794448,-2.668503],[-79.785408,-2.660064],[-79.786837,-2.644684],[-79.801638,-2.638014],[-79.803644,-2.619039],[-79.799482,-2.597797],[-79.794975,-2.589607],[-79.793267,-2.569408],[-79.784352,-2.543087],[-79.768991,-2.53343],[-79.769477,-2.5243],[-79.778508,-2.521107],[-79.809229,-2.547543],[-79.814519,-2.589474],[-79.819441,-2.618197],[-79.817121,-2.656294],[-79.82034,-2.674486],[-79.828901,-2.680812],[-79.847982,-2.68172],[-79.877927,-2.673601],[-79.891505,-2.665929],[-79.903654,-2.684477],[-79.911761,-2.68918],[-79.950111,-2.677133],[-79.979753,-2.698472],[-79.967606,-2.711804],[-79.951097,-2.715616],[-79.919294,-2.731047],[-79.899906,-2.744326],[-79.906478,-2.768311],[-79.931284,-2.792648],[-79.96598,-2.793756],[-79.979095,-2.804505],[-79.993071,-2.808922],[-80.002142,-2.816565],[-80.008938,-2.833486],[-80.022771,-2.847302],[-80.037998,-2.874714],[-80.041181,-2.887454],[-80.051247,-2.899602],[-80.058119,-2.913058],[-80.063597,-2.913732],[-80.065619,-2.928054],[-80.085289,-2.93604],[-80.093911,-2.933468],[-80.097596,-2.971446],[-80.107251,-2.982237],[-80.114176,-2.99791],[-80.123921,-3.008746],[-80.124235,-3.020488],[-80.139818,-3.02297],[-80.154054,-3.021977],[-80.169282,-3.017638],[-80.170678,-3.027617],[-80.192687,-3.041167],[-80.211463,-3.034577],[-80.23764,-3.032949],[-80.262542,-3.022938],[-80.267733,-3.015968],[-80.269709,-3.001327],[-80.262078,-2.955955],[-80.262708,-2.928771],[-80.260817,-2.903033],[-80.262976,-2.862028],[-80.258572,-2.854037],[-80.257408,-2.831276],[-80.25238,-2.828875],[-80.234956,-2.783288],[-80.221209,-2.770334],[-80.2175,-2.760498],[-80.219304,-2.739114],[-80.203153,-2.730184],[-80.194156,-2.731273],[-80.182751,-2.72634],[-80.196497,-2.70584],[-80.106223,-2.626557],[-80.068075,-2.588257],[-80.061806,-2.580263],[-80.06598,-2.568136],[-80.051373,-2.554945],[-80.035515,-2.556878],[-80.023471,-2.545743],[-80.017699,-2.530894],[-80.016367,-2.507265],[-80.035755,-2.499917],[-80.032006,-2.472414],[-80.022268,-2.444329],[-80.025981,-2.434825],[-80.021328,-2.426608],[-80.008508,-2.432071],[-80.009086,-2.420084],[-80.015293,-2.416986],[-80.011429,-2.405968],[-80.011643,-2.391151],[-80.005318,-2.384437],[-80.004135,-2.36928],[-79.999171,-2.362754],[-79.984991,-2.367247],[-79.974162,-2.359806],[-79.952212,-2.333449],[-79.944473,-2.329219],[-79.938513,-2.314569],[-79.916983,-2.317022],[-79.908458,-2.30532],[-79.936248,-2.300348],[-79.948832,-2.308345],[-79.960648,-2.321071],[-79.969133,-2.33599],[-79.978939,-2.343524],[-79.988712,-2.345702],[-80.013519,-2.342349],[-80.02942,-2.363243],[-80.029768,-2.380169],[-80.032819,-2.389976],[-80.041476,-2.39532],[-80.049694,-2.406519],[-80.054025,-2.431633],[-80.066955,-2.461829],[-80.078377,-2.474483],[-80.083814,-2.491462],[-80.096394,-2.509228],[-80.107146,-2.528884],[-80.145517,-2.569274],[-80.15928,-2.566741],[-80.173095,-2.596476],[-80.197523,-2.600047],[-80.213655,-2.608217],[-80.220255,-2.627173],[-80.230171,-2.63675],[-80.23904,-2.638275],[-80.250828,-2.646261],[-80.258217,-2.639237],[-80.253434,-2.667928],[-80.253613,-2.683271],[-80.247348,-2.689772],[-80.24123,-2.706735],[-80.243252,-2.722226],[-80.249032,-2.738453],[-80.258426,-2.742957],[-80.280739,-2.734576],[-80.313787,-2.715526],[-80.325707,-2.70366],[-80.364464,-2.674007],[-80.385996,-2.645748],[-80.397983,-2.637566],[-80.409705,-2.644606],[-80.43579,-2.64109],[-80.444485,-2.630306],[-80.45036,-2.628843],[-80.48547,-2.584981],[-80.50256,-2.565519],[-80.510415,-2.560402],[-80.528584,-2.540668],[-80.563552,-2.506768],[-80.604948,-2.468662]]]}},{"type":"Feature","properties":{"area_code_id":"05","area_code":"05","province_ids":["EC13","EC12","EC20"],"provinces":["Manabí","Los Ríos","Galápagos"]},"geometry":{"type":"MultiPolygon","coordinates":[[[[-79.093157,-0.553652],[-79.093075,-0.553706],[-79.084102,-0.570176],[-79.09292,-0.582018],[-79.095261,-0.593357],[-79.095283,-0.593376],[-79.099824,-0.606047],[-79.121858,-0.641701],[-79.128907,-0.649367],[-79.139238,-0.712772],[-79.151953,-0.721853],[-79.158703,-0.738321],[-79.171997,-0.750719],[-79.173646,-0.758299],[-79.186731,-0.764174],[-79.186763,-0.774534],[-79.186773,-0.778036],[-79.186834,-0.799198],[-79.195379,-0.806405],[-79.21857,-0.80959],[-79.223249,-0.817371],[-79.223142,-0.82798],[-79.234277,-0.833681],[-79.239296,-0.850717],[-79.241269,-0.874838],[-79.249469,-0.881454],[-79.264994,-0.880666],[-79.287064,-0.89077],[-79.287064,-0.908586],[-79.295863,-0.91481],[-79.301387,-0.927868],[-79.306292,-0.928761],[-79.306293,-0.949046],[-79.315555,-0.958827],[-79.320262,-0.997691],[-79.320352,-0.99809],[-79.319803,-0.998177],[-79.319581,-0.998036],[-79.293291,-0.98801],[-79.293291,-1.00009],[-79.294828,-1.010671],[-79.300403,-1.015307],[-79.314084,-1.038432],[-79.308372,-1.054161],[-79.313937,-1.0661],[-79.314338,-1.077547],[-79.320396,-1.081096],[-79.324054,-1.100799],[-79.332727,-1.107875],[-79.329954,-1.113871],[-79.339031,-1.132901],[-79.315032,-1.166657],[-79.29704,-1.168534],[-79.299442,-1.177065],[-79.286736,-1.178957],[-79.288815,-1.205571],[-79.307266,-1.207134],[-79.334721,-1.226665],[-79.340421,-1.251581],[-79.34797,-1.26082],[-79.348845,-1.27133],[-79.355604,-1.275847],[-79.370509,-1.302067],[-79.383326,-1.305849],[-79.390288,-1.319197],[-79.379721,-1.326796],[-79.368958,-1.327913],[-79.362507,-1.322814],[-79.359568,-1.304995],[-79.338853,-1.293163],[-79.332688,-1.296423],[-79.320558,-1.313837],[-79.316274,-1.325853],[-79.305691,-1.326748],[-79.293674,-1.33346],[-79.282536,-1.328085],[-79.272743,-1.328865],[-79.270984,-1.335354],[-79.273682,-1.337736],[-79.280259,-1.353834],[-79.297014,-1.355603],[-79.290231,-1.368856],[-79.288869,-1.393635],[-79.298603,-1.395678],[-79.307985,-1.390839],[-79.323821,-1.39195],[-79.32803,-1.397767],[-79.326299,-1.412972],[-79.336466,-1.43639],[-79.33201,-1.445863],[-79.341184,-1.452483],[-79.355705,-1.454913],[-79.355474,-1.46281],[-79.347153,-1.471721],[-79.338142,-1.460863],[-79.333136,-1.463487],[-79.31767,-1.494892],[-79.322036,-1.512236],[-79.311643,-1.515882],[-79.305194,-1.525608],[-79.291078,-1.524286],[-79.284094,-1.527037],[-79.267177,-1.542464],[-79.263168,-1.538813],[-79.244779,-1.545024],[-79.247923,-1.560166],[-79.253828,-1.569868],[-79.270745,-1.588489],[-79.272293,-1.599592],[-79.279332,-1.610698],[-79.294718,-1.599296],[-79.302691,-1.601752],[-79.31675,-1.620763],[-79.31675,-1.627582],[-79.344586,-1.630681],[-79.355654,-1.637736],[-79.347969,-1.644923],[-79.319944,-1.647644],[-79.319544,-1.659705],[-79.309281,-1.655347],[-79.28855,-1.651329],[-79.291321,-1.668948],[-79.278041,-1.666601],[-79.26976,-1.675811],[-79.269545,-1.676875],[-79.269587,-1.691976],[-79.260911,-1.697885],[-79.262945,-1.708712],[-79.246218,-1.726084],[-79.234859,-1.73271],[-79.231785,-1.743608],[-79.238323,-1.756733],[-79.230681,-1.758482],[-79.234993,-1.769802],[-79.247048,-1.772499],[-79.248979,-1.787462],[-79.239099,-1.805551],[-79.248745,-1.816618],[-79.245377,-1.824193],[-79.235621,-1.829419],[-79.230406,-1.840438],[-79.231548,-1.84938],[-79.246213,-1.857975],[-79.246213,-1.916166],[-79.256028,-1.941038],[-79.256028,-1.978149],[-79.240159,-1.981712],[-79.240159,-1.991171],[-79.246504,-2.001464],[-79.25888,-2.005],[-79.271162,-2.002206],[-79.265093,-2.020504],[-79.264677,-2.033642],[-79.253611,-2.04605],[-79.247599,-2.048297],[-79.24028,-2.061682],[-79.226624,-2.076564],[-79.188053,-2.076943],[-79.209347,-2.094332],[-79.205444,-2.108494],[-79.214641,-2.113207],[-79.23156,-2.108165],[-79.245903,-2.125115],[-79.256648,-2.121304],[-79.263575,-2.114305],[-79.27246,-2.113198],[-79.271403,-2.104498],[-79.284772,-2.097299],[-79.299285,-2.094055],[-79.30413,-2.08684],[-79.318218,-2.081521],[-79.318362,-2.059287],[-79.338574,-2.032639],[-79.33885,-2.022138],[-79.344913,-2.012701],[-79.352549,-2.009036],[-79.358919,-1.989049],[-79.364696,-1.985022],[-79.368713,-1.971146],[-79.390822,-1.965854],[-79.39984,-1.96672],[-79.409641,-1.954278],[-79.409409,-1.953943],[-79.408543,-1.942351],[-79.418098,-1.93863],[-79.439715,-1.939484],[-79.453759,-1.925325],[-79.4555,-1.916722],[-79.48012,-1.906324],[-79.480178,-1.90617],[-79.485449,-1.893168],[-79.493061,-1.886576],[-79.522462,-1.880439],[-79.524778,-1.884875],[-79.541452,-1.882346],[-79.55599,-1.885637],[-79.562688,-1.899039],[-79.569303,-1.897852],[-79.58073,-1.905215],[-79.598395,-1.907912],[-79.612407,-1.905324],[-79.619974,-1.912955],[-79.628079,-1.909596],[-79.637861,-1.898939],[-79.648198,-1.899161],[-79.648194,-1.921926],[-79.656374,-1.923138],[-79.660165,-1.915429],[-79.670998,-1.909998],[-79.675446,-1.886414],[-79.683114,-1.88158],[-79.686802,-1.867725],[-79.698807,-1.868878],[-79.716979,-1.850624],[-79.727805,-1.849974],[-79.727858,-1.836844],[-79.727794,-1.836775],[-79.730375,-1.809098],[-79.748822,-1.783188],[-79.74338,-1.746107],[-79.749783,-1.733405],[-79.763223,-1.72964],[-79.778375,-1.720614],[-79.794019,-1.71946],[-79.801006,-1.712934],[-79.814447,-1.707688],[-79.824512,-1.708448],[-79.834666,-1.691468],[-79.835231,-1.69105],[-79.834737,-1.682446],[-79.834065,-1.682505],[-79.831947,-1.673731],[-79.835933,-1.674245],[-79.851249,-1.671512],[-79.855333,-1.66483],[-79.83765,-1.654824],[-79.852741,-1.644179],[-79.862969,-1.643691],[-79.856258,-1.631378],[-79.871316,-1.601857],[-79.864401,-1.583606],[-79.855549,-1.58006],[-79.85443,-1.565626],[-79.863812,-1.564476],[-79.871536,-1.554865],[-79.868698,-1.548534],[-79.87201,-1.520313],[-79.876069,-1.514456],[-79.869853,-1.503606],[-79.873385,-1.497581],[-79.868115,-1.476427],[-79.871526,-1.458269],[-79.864715,-1.450351],[-79.868202,-1.435436],[-79.859752,-1.41915],[-79.847892,-1.410226],[-79.854509,-1.406123],[-79.848063,-1.386715],[-79.835065,-1.375334],[-79.834806,-1.375041],[-79.820204,-1.359355],[-79.813149,-1.35507],[-79.802769,-1.339864],[-79.804766,-1.335922],[-79.804776,-1.335814],[-79.795047,-1.320502],[-79.78815,-1.292949],[-79.776443,-1.290952],[-79.778926,-1.279168],[-79.773285,-1.270628],[-79.766707,-1.270244],[-79.76423,-1.259926],[-79.752208,-1.244359],[-79.75838,-1.236379],[-79.747579,-1.218767],[-79.748998,-1.196763],[-79.73665,-1.180389],[-79.721273,-1.183184],[-79.716065,-1.173217],[-79.71672,-1.155077],[-79.689764,-1.153384],[-79.677118,-1.122767],[-79.67135,-1.114062],[-79.662265,-1.121816],[-79.652295,-1.118231],[-79.64291,-1.104139],[-79.640458,-1.094295],[-79.625,-1.080392],[-79.617142,-1.064282],[-79.59724,-1.072003],[-79.588175,-1.067785],[-79.587427,-1.058768],[-79.574264,-1.043868],[-79.577909,-1.028212],[-79.571068,-0.998605],[-79.561361,-0.984691],[-79.549165,-0.975932],[-79.541027,-0.978065],[-79.52463,-0.971689],[-79.530581,-0.964108],[-79.560953,-0.964108],[-79.545646,-0.956978],[-79.541547,-0.948997],[-79.547245,-0.941003],[-79.545264,-0.933569],[-79.530126,-0.923547],[-79.525032,-0.911915],[-79.522864,-0.897064],[-79.513381,-0.877242],[-79.507129,-0.85811],[-79.51817,-0.851119],[-79.523263,-0.860072],[-79.535047,-0.847884],[-79.553889,-0.848611],[-79.560517,-0.85186],[-79.57668,-0.844413],[-79.593851,-0.851292],[-79.600734,-0.857727],[-79.607607,-0.853268],[-79.619408,-0.859667],[-79.629629,-0.87737],[-79.644006,-0.881187],[-79.652749,-0.896468],[-79.662922,-0.903373],[-79.670598,-0.891341],[-79.685173,-0.903307],[-79.68927,-0.895382],[-79.704099,-0.904302],[-79.700341,-0.886181],[-79.710754,-0.882869],[-79.718238,-0.886557],[-79.730229,-0.883792],[-79.737216,-0.891626],[-79.737113,-0.900141],[-79.752277,-0.923245],[-79.753733,-0.930499],[-79.77083,-0.94674],[-79.774575,-0.96494],[-79.772764,-0.976039],[-79.782073,-0.981942],[-79.795251,-0.980837],[-79.8005,-0.989549],[-79.797442,-1.004101],[-79.804539,-1.010201],[-79.800196,-1.022807],[-79.80483,-1.031944],[-79.812423,-1.033354],[-79.81276,-1.045861],[-79.824237,-1.04955],[-79.825131,-1.04925],[-79.834732,-1.052443],[-79.835793,-1.054646],[-79.835129,-1.059896],[-79.844038,-1.082542],[-79.854605,-1.089628],[-79.861511,-1.100021],[-79.874597,-1.103921],[-79.887274,-1.116537],[-79.903621,-1.126655],[-79.908718,-1.139454],[-79.927654,-1.146465],[-79.940401,-1.155726],[-79.946045,-1.15361],[-79.955207,-1.138591],[-79.963752,-1.140236],[-79.9646,-1.156637],[-79.970213,-1.168617],[-79.949624,-1.167986],[-79.950369,-1.178846],[-79.963264,-1.185398],[-79.974852,-1.175733],[-79.986303,-1.176357],[-79.993505,-1.193668],[-80.010801,-1.204953],[-80.015653,-1.218567],[-80.020454,-1.242726],[-80.036856,-1.253589],[-80.036516,-1.268494],[-80.047171,-1.287366],[-80.050877,-1.286319],[-80.068196,-1.297039],[-80.089972,-1.323088],[-80.102064,-1.328677],[-80.109759,-1.322828],[-80.13754,-1.324122],[-80.1531,-1.364881],[-80.1536,-1.366306],[-80.142157,-1.380713],[-80.144864,-1.407211],[-80.153962,-1.408043],[-80.169772,-1.416106],[-80.182426,-1.417215],[-80.195452,-1.422018],[-80.192128,-1.435246],[-80.198056,-1.44884],[-80.193815,-1.454446],[-80.199223,-1.464263],[-80.192936,-1.471825],[-80.204134,-1.482332],[-80.20591,-1.496655],[-80.197772,-1.514595],[-80.175545,-1.528304],[-80.192698,-1.55082],[-80.220213,-1.574319],[-80.235409,-1.574319],[-80.244744,-1.566372],[-80.244866,-1.566365],[-80.262882,-1.565253],[-80.280389,-1.573028],[-80.277027,-1.580897],[-80.252593,-1.616151],[-80.246124,-1.616151],[-80.241222,-1.616151],[-80.223631,-1.616151],[-80.226051,-1.627646],[-80.219071,-1.637622],[-80.224157,-1.649119],[-80.218458,-1.663779],[-80.208146,-1.67393],[-80.21208,-1.69359],[-80.226128,-1.693796],[-80.230506,-1.688333],[-80.239341,-1.69356],[-80.244662,-1.687937],[-80.244771,-1.687858],[-80.264787,-1.678299],[-80.288352,-1.67914],[-80.299925,-1.68715],[-80.29512,-1.693739],[-80.280809,-1.70317],[-80.289937,-1.710103],[-80.295834,-1.708333],[-80.319305,-1.6858],[-80.334201,-1.705618],[-80.333888,-1.722943],[-80.351174,-1.72314],[-80.362446,-1.739463],[-80.382579,-1.751783],[-80.387904,-1.767771],[-80.40545,-1.774528],[-80.419146,-1.786314],[-80.425774,-1.808422],[-80.416909,-1.813944],[-80.407485,-1.831486],[-80.411213,-1.836505],[-80.428204,-1.836465],[-80.431853,-1.845346],[-80.427572,-1.85451],[-80.43911,-1.858946],[-80.433083,-1.885636],[-80.420788,-1.879231],[-80.422666,-1.89294],[-80.429937,-1.895391],[-80.433365,-1.914339],[-80.430044,-1.921455],[-80.440419,-1.943139],[-80.455389,-1.940694],[-80.464175,-1.947319],[-80.471468,-1.928452],[-80.484338,-1.922792],[-80.506406,-1.925493],[-80.519378,-1.916502],[-80.516501,-1.902477],[-80.520869,-1.900323],[-80.53453,-1.882283],[-80.534523,-1.878101],[-80.565845,-1.839434],[-80.564206,-1.819484],[-80.557715,-1.810046],[-80.554509,-1.781962],[-80.587296,-1.784546],[-80.610398,-1.75696],[-80.61175,-1.738049],[-80.620613,-1.725121],[-80.617391,-1.718232],[-80.619822,-1.707433],[-80.634261,-1.698627],[-80.636901,-1.688864],[-80.653898,-1.673376],[-80.664676,-1.678465],[-80.665101,-1.67847],[-80.674821,-1.675987],[-80.669381,-1.667635],[-80.648402,-1.659436],[-80.640949,-1.647487],[-80.637166,-1.626821],[-80.630267,-1.616157],[-80.612105,-1.604061],[-80.617298,-1.592232],[-80.612412,-1.580067],[-80.628307,-1.566563],[-80.621419,-1.540652],[-80.623489,-1.531375],[-80.632506,-1.524859],[-80.634807,-1.506774],[-80.651158,-1.490247],[-80.66072,-1.473941],[-80.658555,-1.467178],[-80.664545,-1.45911],[-80.682878,-1.461047],[-80.6893,-1.453718],[-80.705359,-1.466146],[-80.703816,-1.478052],[-80.708593,-1.496263],[-80.70408,-1.499833],[-80.703192,-1.51809],[-80.691111,-1.535751],[-80.677257,-1.552139],[-80.676928,-1.562719],[-80.682015,-1.5843],[-80.676172,-1.593764],[-80.675102,-1.615282],[-80.667805,-1.636045],[-80.669696,-1.656126],[-80.678268,-1.674445],[-80.69585,-1.671788],[-80.713332,-1.676026],[-80.730869,-1.685858],[-80.743526,-1.67711],[-80.758946,-1.676655],[-80.784497,-1.699757],[-80.802536,-1.711574],[-80.811347,-1.69339],[-80.811287,-1.683958],[-80.821706,-1.6578],[-80.83693,-1.630566],[-80.843669,-1.626982],[-80.843529,-1.613979],[-80.852216,-1.601056],[-80.841093,-1.582762],[-80.840845,-1.569279],[-80.835127,-1.561205],[-80.820102,-1.562789],[-80.813233,-1.557675],[-80.811141,-1.545814],[-80.812814,-1.530138],[-80.81773,-1.515355],[-80.810673,-1.511079],[-80.802711,-1.495899],[-80.793003,-1.493896],[-80.792332,-1.478913],[-80.780102,-1.484758],[-80.767275,-1.475246],[-80.763288,-1.458409],[-80.767068,-1.437382],[-80.754473,-1.429843],[-80.751588,-1.420155],[-80.759728,-1.388563],[-80.747841,-1.37821],[-80.739333,-1.366821],[-80.741823,-1.349303],[-80.759853,-1.31437],[-80.782019,-1.286386],[-80.790695,-1.27833],[-80.818291,-1.246209],[-80.826026,-1.2336],[-80.835785,-1.223602],[-80.851604,-1.202728],[-80.855594,-1.192423],[-80.880633,-1.148216],[-80.886512,-1.126616],[-80.895649,-1.104752],[-80.901993,-1.080836],[-80.912547,-1.058679],[-80.907219,-1.056869],[-80.899694,-1.035606],[-80.892761,-1.035633],[-80.872952,-1.017612],[-80.862076,-0.997756],[-80.842495,-0.979519],[-80.830725,-0.959942],[-80.817841,-0.953839],[-80.80424,-0.960206],[-80.784386,-0.957162],[-80.764037,-0.943537],[-80.744331,-0.943644],[-80.727807,-0.937539],[-80.71664,-0.949726],[-80.706061,-0.94998],[-80.683364,-0.943563],[-80.665232,-0.929063],[-80.65447,-0.929184],[-80.651956,-0.940289],[-80.630977,-0.947055],[-80.61877,-0.944624],[-80.585424,-0.928411],[-80.559502,-0.901239],[-80.543824,-0.877785],[-80.527537,-0.828233],[-80.522551,-0.800291],[-80.505394,-0.734278],[-80.496905,-0.72008],[-80.483251,-0.68427],[-80.469684,-0.63892],[-80.455118,-0.620855],[-80.452392,-0.61103],[-80.430117,-0.602553],[-80.415825,-0.593907],[-80.414419,-0.60915],[-80.408414,-0.608595],[-80.411218,-0.585286],[-80.425101,-0.569604],[-80.436105,-0.563986],[-80.44106,-0.530428],[-80.453418,-0.47605],[-80.461997,-0.452039],[-80.477627,-0.439514],[-80.484544,-0.415866],[-80.493168,-0.398955],[-80.492944,-0.384304],[-80.488317,-0.365871],[-80.47619,-0.36884],[-80.45472,-0.355817],[-80.438416,-0.34076],[-80.427007,-0.333389],[-80.416138,-0.314217],[-80.403129,-0.305885],[-80.394713,-0.284735],[-80.383663,-0.241823],[-80.373737,-0.226946],[-80.357208,-0.219576],[-80.338523,-0.201353],[-80.326088,-0.172934],[-80.308398,-0.188825],[-80.293374,-0.185779],[-80.269297,-0.165043],[-80.265214,-0.165316],[-80.237501,-0.141214],[-80.202466,-0.107345],[-80.185398,-0.088444],[-80.177673,-0.07619],[-80.159841,-0.067237],[-80.130197,-0.031966],[-80.124133,-0.017813],[-80.102933,0.008957],[-80.096375,0.012574],[-80.088694,0.04884],[-80.074167,0.045884],[-80.068084,0.050401],[-80.060021,0.06576],[-80.041623,0.122546],[-80.03158,0.177485],[-80.030505,0.204975],[-80.03493,0.259015],[-80.035155,0.298355],[-80.036592,0.321461],[-80.042072,0.353973],[-80.042072,0.364192],[-80.030022,0.373885],[-80.005818,0.35704],[-79.994858,0.343707],[-79.988572,0.303777],[-79.987979,0.292504],[-79.980778,0.273066],[-79.971109,0.263351],[-79.967401,0.261742],[-79.955419,0.259616],[-79.94538,0.26192],[-79.931745,0.254035],[-79.918629,0.275905],[-79.904309,0.275815],[-79.903881,0.276137],[-79.906061,0.282845],[-79.900336,0.298038],[-79.89467,0.302098],[-79.895254,0.312566],[-79.885502,0.322143],[-79.876378,0.316714],[-79.864262,0.314678],[-79.838073,0.324107],[-79.825029,0.318576],[-79.824962,0.318659],[-79.810605,0.322194],[-79.817158,0.331872],[-79.808341,0.350523],[-79.805207,0.363046],[-79.779467,0.377092],[-79.762301,0.381806],[-79.748176,0.379702],[-79.735828,0.372391],[-79.728721,0.375051],[-79.716769,0.365923],[-79.710779,0.348642],[-79.70564,0.343681],[-79.720669,0.325621],[-79.722526,0.318913],[-79.716526,0.305735],[-79.718082,0.292769],[-79.697493,0.289517],[-79.686541,0.274196],[-79.673284,0.275833],[-79.665848,0.264536],[-79.666032,0.255496],[-79.684861,0.229917],[-79.685927,0.216126],[-79.693802,0.219275],[-79.704968,0.210568],[-79.710097,0.184779],[-79.707767,0.179871],[-79.694816,0.175764],[-79.677027,0.16367],[-79.675303,0.17],[-79.665332,0.178078],[-79.655528,0.171554],[-79.652038,0.160472],[-79.65733,0.152997],[-79.640559,0.152405],[-79.627731,0.157754],[-79.608922,0.131377],[-79.599314,0.130841],[-79.598506,0.122714],[-79.569358,0.114552],[-79.580239,0.106907],[-79.59191,0.085608],[-79.602828,0.082339],[-79.604401,0.075584],[-79.597205,0.063925],[-79.616437,0.056907],[-79.623767,0.043657],[-79.622969,0.013844],[-79.612026,0.009314],[-79.612396,-0.008067],[-79.605762,-0.021465],[-79.615334,-0.034922],[-79.608199,-0.046071],[-79.608983,-0.053461],[-79.595106,-0.066703],[-79.585633,-0.07067],[-79.564423,-0.091057],[-79.546785,-0.102935],[-79.543482,-0.124596],[-79.539149,-0.134759],[-79.528348,-0.138944],[-79.524422,-0.157644],[-79.508709,-0.168759],[-79.492722,-0.167567],[-79.486362,-0.171344],[-79.461527,-0.172026],[-79.455897,-0.178304],[-79.441537,-0.176157],[-79.419271,-0.181804],[-79.409728,-0.191358],[-79.407875,-0.198477],[-79.407088,-0.201497],[-79.412743,-0.214544],[-79.409938,-0.220119],[-79.413888,-0.232935],[-79.410283,-0.243943],[-79.410756,-0.261663],[-79.410756,-0.410686],[-79.422202,-0.421608],[-79.421749,-0.429236],[-79.429131,-0.438664],[-79.438344,-0.441492],[-79.449425,-0.456007],[-79.459078,-0.460413],[-79.463117,-0.468116],[-79.457133,-0.48725],[-79.461144,-0.496605],[-79.459665,-0.512245],[-79.464322,-0.515994],[-79.466004,-0.528667],[-79.483346,-0.543425],[-79.478523,-0.544551],[-79.452237,-0.550027],[-79.440021,-0.544554],[-79.433583,-0.545677],[-79.416684,-0.538571],[-79.406188,-0.543109],[-79.377154,-0.545631],[-79.372774,-0.540252],[-79.34733,-0.544226],[-79.345017,-0.555125],[-79.355712,-0.559865],[-79.350566,-0.571514],[-79.362259,-0.573451],[-79.364545,-0.586507],[-79.353161,-0.603458],[-79.348411,-0.622905],[-79.370278,-0.66026],[-79.359725,-0.671117],[-79.361871,-0.677672],[-79.349007,-0.69061],[-79.332412,-0.693591],[-79.324779,-0.698731],[-79.306507,-0.694852],[-79.294192,-0.699543],[-79.277933,-0.679185],[-79.272196,-0.676239],[-79.265307,-0.663437],[-79.253031,-0.657164],[-79.235464,-0.643375],[-79.215373,-0.640036],[-79.201629,-0.628302],[-79.194891,-0.611618],[-79.186668,-0.600897],[-79.160484,-0.586399],[-79.152156,-0.57624],[-79.136876,-0.549522],[-79.119152,-0.54133],[-79.112965,-0.541821],[-79.095325,-0.552425],[-79.095254,-0.552474],[-79.093157,-0.553652]]],[[[-90.393754,-1.246148],[-90.380398,-1.248454],[-90.371099,-1.260198],[-90.358684,-1.26367],[-90.356674,-1.27782],[-90.361097,-1.292788],[-90.375541,-1.308377],[-90.387271,-1.332792],[-90.399646,-1.344218],[-90.413247,-1.347676],[-90.433439,-1.360168],[-90.45475,-1.359878],[-90.467252,-1.34988],[-90.498069,-1.338293],[-90.49823,-1.332523],[-90.508582,-1.325013],[-90.511231,-1.315722],[-90.494806,-1.295896],[-90.496093,-1.287745],[-90.489907,-1.282408],[-90.487797,-1.251633],[-90.475014,-1.230603],[-90.465265,-1.231644],[-90.454962,-1.239632],[-90.438037,-1.226205],[-90.425738,-1.22018],[-90.41719,-1.235371],[-90.41139,-1.235022],[-90.393754,-1.246148]]],[[[-81.069971,-1.283334],[-81.084777,-1.273002],[-81.073473,-1.259912],[-81.057341,-1.272824],[-81.056401,-1.286828],[-81.069971,-1.283334]]],[[[-89.299519,-0.697461],[-89.284069,-0.703947],[-89.272892,-0.702832],[-89.260194,-0.692625],[-89.252142,-0.699005],[-89.252923,-0.712145],[-89.241483,-0.713487],[-89.243432,-0.724768],[-89.250701,-0.728896],[-89.255301,-0.740714],[-89.274573,-0.7545],[-89.284146,-0.779217],[-89.306142,-0.791594],[-89.308658,-0.802431],[-89.325241,-0.816804],[-89.339506,-0.818982],[-89.349212,-0.825705],[-89.358757,-0.827209],[-89.362693,-0.840156],[-89.361685,-0.853335],[-89.369766,-0.857074],[-89.375392,-0.872415],[-89.395605,-0.897684],[-89.396053,-0.906675],[-89.401884,-0.91841],[-89.416909,-0.924807],[-89.429426,-0.925816],[-89.431887,-0.932585],[-89.449345,-0.937216],[-89.474326,-0.936346],[-89.501281,-0.942553],[-89.522993,-0.95563],[-89.560515,-0.952102],[-89.581356,-0.94299],[-89.607563,-0.933925],[-89.615094,-0.924253],[-89.626921,-0.919396],[-89.621437,-0.901081],[-89.603269,-0.882917],[-89.582446,-0.873488],[-89.570568,-0.860119],[-89.54317,-0.846548],[-89.540703,-0.839683],[-89.541387,-0.817749],[-89.531112,-0.817459],[-89.523807,-0.822181],[-89.503094,-0.821842],[-89.495968,-0.817462],[-89.48465,-0.817708],[-89.468113,-0.801921],[-89.472593,-0.78533],[-89.463209,-0.779435],[-89.457792,-0.767198],[-89.464733,-0.760537],[-89.446895,-0.747734],[-89.440137,-0.746004],[-89.435983,-0.73664],[-89.410652,-0.724116],[-89.402981,-0.715267],[-89.382171,-0.712962],[-89.361577,-0.701115],[-89.363692,-0.693743],[-89.350425,-0.686623],[-89.336098,-0.690498],[-89.304009,-0.689985],[-89.299519,-0.697461]]],[[[-90.236338,-0.522926],[-90.227075,-0.533558],[-90.212529,-0.542714],[-90.20272,-0.545582],[-90.191372,-0.555717],[-90.182531,-0.559192],[-90.169192,-0.572237],[-90.171972,-0.586043],[-90.184124,-0.607757],[-90.177676,-0.631183],[-90.187001,-0.660161],[-90.178844,-0.667928],[-90.196237,-0.681165],[-90.196463,-0.695461],[-90.208282,-0.70231],[-90.219529,-0.69368],[-90.232426,-0.716821],[-90.235834,-0.742047],[-90.24202,-0.746068],[-90.285598,-0.746781],[-90.302738,-0.744114],[-90.308937,-0.75051],[-90.315221,-0.767045],[-90.331192,-0.76107],[-90.350052,-0.763405],[-90.354588,-0.774144],[-90.366499,-0.773675],[-90.374564,-0.763961],[-90.383881,-0.76945],[-90.406093,-0.772312],[-90.411253,-0.763431],[-90.444464,-0.746938],[-90.45099,-0.746474],[-90.467466,-0.721497],[-90.47382,-0.723527],[-90.483501,-0.716243],[-90.490438,-0.716604],[-90.502131,-0.70817],[-90.514105,-0.709364],[-90.523146,-0.705732],[-90.537374,-0.690354],[-90.536121,-0.678668],[-90.54661,-0.649718],[-90.543473,-0.636866],[-90.548772,-0.624181],[-90.537815,-0.605926],[-90.537921,-0.595708],[-90.531015,-0.579717],[-90.535682,-0.566022],[-90.525988,-0.558228],[-90.51777,-0.55698],[-90.508819,-0.531541],[-90.489683,-0.529543],[-90.486797,-0.524234],[-90.470012,-0.522097],[-90.450751,-0.510751],[-90.429953,-0.512701],[-90.414476,-0.504017],[-90.391629,-0.508218],[-90.391137,-0.51252],[-90.372812,-0.509246],[-90.35913,-0.511721],[-90.36212,-0.500023],[-90.355489,-0.493486],[-90.348084,-0.496021],[-90.336627,-0.492915],[-90.314674,-0.49711],[-90.302925,-0.491215],[-90.297215,-0.496853],[-90.284857,-0.488677],[-90.265365,-0.489223],[-90.250387,-0.482382],[-90.246569,-0.49791],[-90.23808,-0.513886],[-90.236338,-0.522926]]],[[[-90.247712,-0.464675],[-90.270973,-0.48156],[-90.293578,-0.484125],[-90.298219,-0.4618],[-90.292751,-0.450914],[-90.281148,-0.4418],[-90.287779,-0.437714],[-90.28469,-0.429026],[-90.288313,-0.414449],[-90.276694,-0.411043],[-90.271469,-0.423517],[-90.251927,-0.453624],[-90.247712,-0.464675]]],[[[-91.318934,0.138559],[-91.310829,0.130272],[-91.303062,0.114613],[-91.302918,0.101224],[-91.293881,0.07626],[-91.276377,0.052036],[-91.274179,0.043823],[-91.24085,0.016093],[-91.23806,0.006411],[-91.22188,0.000254],[-91.211755,-0.020152],[-91.198859,-0.021753],[-91.194044,-0.043082],[-91.195332,-0.050702],[-91.189923,-0.061368],[-91.186411,-0.081382],[-91.184976,-0.106522],[-91.188886,-0.119063],[-91.188133,-0.136588],[-91.193426,-0.150543],[-91.19004,-0.157507],[-91.189546,-0.172917],[-91.184096,-0.190013],[-91.185023,-0.197593],[-91.1764,-0.220759],[-91.166391,-0.22754],[-91.155252,-0.244333],[-91.121667,-0.269769],[-91.110328,-0.285618],[-91.110485,-0.294924],[-91.100541,-0.297943],[-91.094771,-0.316983],[-91.083701,-0.32094],[-91.058127,-0.33996],[-91.044296,-0.343796],[-91.016287,-0.368872],[-90.999057,-0.382333],[-90.981204,-0.410679],[-90.96193,-0.426717],[-90.95237,-0.42174],[-90.94703,-0.427569],[-90.954731,-0.434684],[-90.952255,-0.445433],[-90.956238,-0.451596],[-90.945759,-0.459964],[-90.942172,-0.473907],[-90.946927,-0.491617],[-90.942806,-0.502938],[-90.947161,-0.510891],[-90.951176,-0.536534],[-90.949125,-0.541606],[-90.957151,-0.561298],[-90.966418,-0.562242],[-90.970182,-0.573705],[-90.959347,-0.573815],[-90.952582,-0.580697],[-90.960428,-0.6032],[-90.952226,-0.618293],[-90.935065,-0.626144],[-90.919509,-0.622692],[-90.902332,-0.613254],[-90.891778,-0.616291],[-90.892877,-0.623235],[-90.881443,-0.628199],[-90.883212,-0.64092],[-90.873807,-0.65033],[-90.862398,-0.652231],[-90.858283,-0.662696],[-90.860348,-0.672402],[-90.850575,-0.676593],[-90.847069,-0.683757],[-90.852255,-0.704052],[-90.82642,-0.706225],[-90.819228,-0.727069],[-90.806425,-0.725149],[-90.805141,-0.732491],[-90.814555,-0.737307],[-90.797475,-0.743926],[-90.791654,-0.740081],[-90.781526,-0.756678],[-90.781205,-0.764218],[-90.792223,-0.769777],[-90.800665,-0.785005],[-90.82349,-0.788797],[-90.830729,-0.823095],[-90.829193,-0.828787],[-90.840288,-0.835664],[-90.838279,-0.8592],[-90.845918,-0.86419],[-90.844265,-0.878442],[-90.852096,-0.884346],[-90.846397,-0.908914],[-90.85918,-0.918236],[-90.881132,-0.914542],[-90.887903,-0.919526],[-90.89815,-0.943653],[-90.906077,-0.954325],[-90.941953,-0.965423],[-90.953119,-0.960377],[-90.985014,-0.95674],[-91.005553,-0.973941],[-91.008317,-0.980782],[-91.018975,-0.989274],[-91.032623,-0.989343],[-91.048932,-0.998303],[-91.060403,-1.000513],[-91.061172,-1.011278],[-91.071479,-1.005486],[-91.080424,-1.005726],[-91.103439,-1.014686],[-91.123156,-1.017406],[-91.138981,-1.030767],[-91.149502,-1.034735],[-91.162117,-1.03502],[-91.167855,-1.04428],[-91.177621,-1.050305],[-91.182746,-1.044195],[-91.214284,-1.045399],[-91.224498,-1.034488],[-91.245625,-1.029976],[-91.249471,-1.026395],[-91.269632,-1.025284],[-91.299997,-1.017232],[-91.329204,-1.015544],[-91.334844,-1.01811],[-91.348973,-1.014747],[-91.380239,-1.022401],[-91.402645,-1.017412],[-91.406982,-1.011906],[-91.42072,-1.011832],[-91.427578,-1.004033],[-91.442286,-0.99959],[-91.447225,-0.989288],[-91.447717,-0.95706],[-91.455717,-0.94906],[-91.470802,-0.947419],[-91.484057,-0.941536],[-91.503275,-0.924377],[-91.512381,-0.907421],[-91.511951,-0.889605],[-91.500799,-0.863906],[-91.486847,-0.84582],[-91.481143,-0.843803],[-91.471264,-0.83146],[-91.45508,-0.821082],[-91.439901,-0.803011],[-91.433689,-0.787124],[-91.425919,-0.786128],[-91.411015,-0.775965],[-91.404434,-0.766919],[-91.38493,-0.762827],[-91.370045,-0.751566],[-91.368236,-0.741723],[-91.35827,-0.737944],[-91.347944,-0.723385],[-91.327899,-0.712052],[-91.329586,-0.69931],[-91.320534,-0.690853],[-91.315283,-0.693137],[-91.272318,-0.693706],[-91.265841,-0.687805],[-91.24972,-0.686796],[-91.245761,-0.675237],[-91.217752,-0.666325],[-91.210727,-0.668256],[-91.200944,-0.679143],[-91.189422,-0.679872],[-91.183377,-0.688275],[-91.171109,-0.688162],[-91.165156,-0.679318],[-91.152328,-0.676037],[-91.146129,-0.66835],[-91.142839,-0.654467],[-91.122403,-0.652202],[-91.117113,-0.639168],[-91.108988,-0.635513],[-91.099035,-0.642168],[-91.091961,-0.638948],[-91.07362,-0.610545],[-91.08876,-0.586157],[-91.09603,-0.58714],[-91.101674,-0.570779],[-91.111997,-0.567698],[-91.131585,-0.556445],[-91.141338,-0.548405],[-91.174816,-0.512246],[-91.207585,-0.492237],[-91.224751,-0.46863],[-91.227802,-0.449137],[-91.227614,-0.413568],[-91.223837,-0.397652],[-91.236627,-0.39714],[-91.240191,-0.388698],[-91.269649,-0.375671],[-91.280504,-0.357954],[-91.323015,-0.341629],[-91.334766,-0.333486],[-91.338393,-0.324304],[-91.346809,-0.319385],[-91.36279,-0.291165],[-91.366151,-0.273241],[-91.378511,-0.267948],[-91.385897,-0.260869],[-91.386739,-0.245625],[-91.391542,-0.234359],[-91.391275,-0.213964],[-91.38129,-0.205597],[-91.385489,-0.192104],[-91.390234,-0.189409],[-91.398529,-0.170699],[-91.403751,-0.166072],[-91.406814,-0.134485],[-91.403056,-0.117747],[-91.407117,-0.107077],[-91.404796,-0.095383],[-91.408956,-0.066444],[-91.406043,-0.059733],[-91.41198,-0.040572],[-91.418797,-0.030932],[-91.436461,-0.018218],[-91.452659,-0.014588],[-91.472255,-0.015042],[-91.515626,-0.038397],[-91.534611,-0.039618],[-91.553736,-0.048213],[-91.568023,-0.048074],[-91.574721,-0.029961],[-91.594322,-0.01117],[-91.587416,0.006123],[-91.578197,0.007382],[-91.561159,0.019507],[-91.535298,0.027751],[-91.522049,0.036454],[-91.517109,0.046771],[-91.508703,0.052598],[-91.499044,0.073343],[-91.491088,0.079008],[-91.495076,0.085655],[-91.490156,0.094808],[-91.473527,0.108195],[-91.465547,0.106292],[-91.446702,0.110404],[-91.44259,0.107613],[-91.415006,0.120242],[-91.392654,0.12409],[-91.386071,0.134265],[-91.37899,0.135797],[-91.367349,0.149258],[-91.3623,0.160715],[-91.348837,0.159652],[-91.34051,0.164535],[-91.32989,0.148627],[-91.328717,0.141989],[-91.318934,0.138559]]]]}},{"type":"Feature","properties":{"area_code_id":"06","area_code":"06","province_ids":["EC08","EC04","EC10","EC21","EC22","EC15"],"provinces":["Esmeraldas","Carchi","Imbabura","Sucumbíos","Orellana","Napo"]},"geometry":{"type":"Polygon","coordinates":[[[-75.272347,-0.674182],[-75.261436,-0.687773],[-75.250448,-0.692457],[-75.24886,-0.698189],[-75.264142,-0.704603],[-75.276985,-0.718448],[-75.269512,-0.751604],[-75.261711,-0.754388],[-75.254126,-0.764939],[-75.257667,-0.772577],[-75.26787,-0.778352],[-75.269026,-0.785789],[-75.24306,-0.797111],[-75.241381,-0.811569],[-75.251773,-0.831836],[-75.243771,-0.850861],[-75.232726,-0.854588],[-75.222667,-0.865058],[-75.223522,-0.888821],[-75.22123,-0.905696],[-75.231346,-0.920908],[-75.234185,-0.931248],[-75.225061,-0.945011],[-75.211908,-0.955115],[-75.198986,-0.959507],[-75.187147,-0.9728],[-75.199847,-0.979102],[-75.209491,-0.974949],[-75.221183,-0.978324],[-75.229722,-0.974283],[-75.246673,-0.978822],[-75.258736,-0.971558],[-75.279476,-0.974378],[-75.291393,-0.986557],[-75.306399,-0.98763],[-75.321266,-0.972639],[-75.331038,-0.97299],[-75.342263,-0.961305],[-75.345428,-0.948299],[-75.363356,-0.936697],[-75.366586,-0.928645],[-75.376328,-0.921824],[-75.388359,-0.926002],[-75.387116,-0.931502],[-75.4505,-1.163306],[-75.555894,-1.549447],[-75.557692,-1.560842],[-75.566201,-1.561314],[-75.577557,-1.547712],[-75.585389,-1.549704],[-75.595836,-1.54036],[-75.588879,-1.527293],[-75.595572,-1.525022],[-75.59463,-1.51477],[-75.601233,-1.49794],[-75.610283,-1.493446],[-75.622677,-1.50202],[-75.64111,-1.49556],[-75.657195,-1.476181],[-75.664973,-1.486478],[-75.675266,-1.467949],[-75.699014,-1.465253],[-75.698631,-1.451708],[-75.716041,-1.452001],[-75.726674,-1.439065],[-75.739346,-1.434504],[-75.739302,-1.417343],[-75.750241,-1.404967],[-75.7587,-1.413823],[-75.771266,-1.405312],[-75.778974,-1.395252],[-75.785665,-1.403539],[-75.801145,-1.402966],[-75.821878,-1.383398],[-75.845574,-1.373765],[-75.841261,-1.363374],[-75.846248,-1.354885],[-75.855384,-1.36105],[-75.866037,-1.35575],[-75.878761,-1.356916],[-75.888011,-1.3403],[-75.893761,-1.348913],[-75.911601,-1.359579],[-75.921117,-1.352791],[-75.935308,-1.360575],[-75.940789,-1.349949],[-75.948569,-1.357748],[-75.958444,-1.353105],[-75.973834,-1.338079],[-75.988801,-1.337373],[-75.998752,-1.330177],[-75.997674,-1.315539],[-76.008931,-1.315033],[-76.016455,-1.309626],[-76.040124,-1.310074],[-76.0502,-1.297381],[-76.057352,-1.307711],[-76.06434,-1.303626],[-76.061419,-1.292709],[-76.0639,-1.281296],[-76.071617,-1.280102],[-76.076622,-1.292844],[-76.088765,-1.29056],[-76.09018,-1.281428],[-76.11125,-1.279042],[-76.113212,-1.272541],[-76.136896,-1.276044],[-76.142525,-1.284646],[-76.151974,-1.285413],[-76.157126,-1.300464],[-76.166585,-1.29465],[-76.176398,-1.300245],[-76.178192,-1.288417],[-76.189795,-1.289978],[-76.202927,-1.29822],[-76.211278,-1.296704],[-76.219747,-1.286433],[-76.235351,-1.300387],[-76.249309,-1.288916],[-76.250105,-1.303445],[-76.266977,-1.295807],[-76.275091,-1.304721],[-76.295518,-1.310431],[-76.311501,-1.307409],[-76.318227,-1.302717],[-76.327608,-1.30617],[-76.345476,-1.293516],[-76.366859,-1.287667],[-76.357413,-1.279764],[-76.379252,-1.269521],[-76.391957,-1.267277],[-76.395672,-1.254357],[-76.40484,-1.257541],[-76.40635,-1.258606],[-76.419359,-1.272098],[-76.437399,-1.265926],[-76.451211,-1.271361],[-76.456306,-1.252418],[-76.463161,-1.258028],[-76.47155,-1.25732],[-76.485053,-1.230272],[-76.493909,-1.220182],[-76.502013,-1.217555],[-76.508869,-1.207847],[-76.518032,-1.207288],[-76.520459,-1.195727],[-76.527404,-1.196698],[-76.525513,-1.149268],[-76.522103,-1.131769],[-76.524552,-1.107123],[-76.513769,-1.09564],[-76.518428,-1.08693],[-76.514223,-1.070708],[-76.528228,-1.053308],[-76.537496,-1.054445],[-76.546661,-1.06853],[-76.561224,-1.062458],[-76.576798,-1.063228],[-76.599756,-1.06995],[-76.612702,-1.071123],[-76.617406,-1.066237],[-76.63296,-1.061533],[-76.64888,-1.061309],[-76.652858,-1.056811],[-76.667695,-1.06851],[-76.680337,-1.068674],[-76.687229,-1.077502],[-76.708483,-1.082534],[-76.720539,-1.082254],[-76.722257,-1.098177],[-76.727019,-1.103868],[-76.753485,-1.09552],[-76.768634,-1.095128],[-76.773651,-1.090615],[-76.787911,-1.097072],[-76.802455,-1.110795],[-76.817597,-1.109466],[-76.832432,-1.114384],[-76.832383,-1.140167],[-76.838148,-1.156851],[-76.853188,-1.163058],[-76.869093,-1.157545],[-76.881071,-1.147112],[-76.881229,-1.147072],[-76.881238,-1.146035],[-76.881128,-1.14601],[-76.88121,-1.14544],[-76.881586,-1.14534],[-76.889444,-1.140126],[-76.891445,-1.131005],[-76.917416,-1.121692],[-76.933091,-1.119732],[-76.949403,-1.122044],[-76.962561,-1.115635],[-76.974721,-1.103409],[-76.996212,-1.096768],[-77.031271,-1.096962],[-77.03623,-1.099611],[-77.06736,-1.085533],[-77.067535,-1.077949],[-77.076259,-1.064963],[-77.074415,-1.054955],[-77.083387,-1.051786],[-77.091049,-1.023974],[-77.069586,-1.019334],[-77.059965,-1.008314],[-77.062281,-1.004201],[-77.087158,-1.014324],[-77.098031,-1.014184],[-77.105422,-1.007913],[-77.137076,-1.019064],[-77.155754,-1.021663],[-77.166419,-1.018017],[-77.188279,-1.023797],[-77.193179,-1.021146],[-77.20514,-1.026005],[-77.229234,-1.025834],[-77.230648,-1.041606],[-77.236475,-1.05243],[-77.248054,-1.055328],[-77.260084,-1.052273],[-77.267794,-1.057018],[-77.297717,-1.06001],[-77.320192,-1.072343],[-77.332104,-1.069275],[-77.350819,-1.070161],[-77.351292,-1.102714],[-77.373871,-1.090961],[-77.383669,-1.094762],[-77.389832,-1.085974],[-77.401492,-1.090371],[-77.404996,-1.078871],[-77.413242,-1.084041],[-77.427926,-1.080233],[-77.436002,-1.085047],[-77.441419,-1.077831],[-77.452177,-1.082661],[-77.445615,-1.094405],[-77.460586,-1.101451],[-77.474375,-1.101613],[-77.50147,-1.11868],[-77.521437,-1.122152],[-77.535259,-1.133461],[-77.542116,-1.144323],[-77.562284,-1.158405],[-77.59583,-1.124193],[-77.602734,-1.136766],[-77.610805,-1.138216],[-77.613867,-1.147634],[-77.62841,-1.142731],[-77.63823,-1.147223],[-77.645158,-1.133998],[-77.655419,-1.132251],[-77.66411,-1.146281],[-77.685283,-1.139303],[-77.699595,-1.147796],[-77.721325,-1.179968],[-77.725689,-1.177977],[-77.725942,-1.177948],[-77.730159,-1.177288],[-77.732509,-1.159975],[-77.740967,-1.162058],[-77.754342,-1.178247],[-77.7672,-1.178173],[-77.780704,-1.183254],[-77.806387,-1.202974],[-77.824312,-1.204019],[-77.832081,-1.218178],[-77.841274,-1.218178],[-77.850467,-1.207043],[-77.882315,-1.207063],[-77.888777,-1.22111],[-77.888989,-1.229695],[-77.880961,-1.242688],[-77.898593,-1.244332],[-77.912063,-1.236907],[-77.918768,-1.226894],[-77.944204,-1.223565],[-77.946257,-1.205465],[-77.963569,-1.211611],[-77.96695,-1.224135],[-78.015408,-1.224572],[-78.019033,-1.233463],[-78.043982,-1.243311],[-78.051877,-1.248616],[-78.075289,-1.237438],[-78.082748,-1.229782],[-78.09168,-1.232677],[-78.097069,-1.225851],[-78.110704,-1.233473],[-78.123757,-1.223069],[-78.118611,-1.211597],[-78.115096,-1.194479],[-78.129662,-1.191372],[-78.135182,-1.182235],[-78.147712,-1.184544],[-78.153398,-1.179672],[-78.169495,-1.187665],[-78.188073,-1.182753],[-78.187144,-1.163334],[-78.198213,-1.157237],[-78.207953,-1.145977],[-78.219139,-1.141629],[-78.237803,-1.146327],[-78.246076,-1.15418],[-78.264422,-1.156873],[-78.264641,-1.140779],[-78.274586,-1.144323],[-78.28307,-1.140967],[-78.310797,-1.142889],[-78.317743,-1.149763],[-78.322594,-1.164478],[-78.339851,-1.165239],[-78.348815,-1.173583],[-78.354821,-1.155964],[-78.340255,-1.138871],[-78.337593,-1.116095],[-78.342445,-1.094274],[-78.332979,-1.072818],[-78.333071,-1.056973],[-78.327738,-1.046313],[-78.33045,-1.037153],[-78.343045,-1.028067],[-78.350909,-1.016037],[-78.350222,-1.009991],[-78.36045,-0.999325],[-78.37845,-1.00514],[-78.3955,-0.994543],[-78.392106,-0.985939],[-78.395998,-0.962822],[-78.407204,-0.960419],[-78.412914,-0.950744],[-78.419866,-0.951809],[-78.42949,-0.945658],[-78.429923,-0.93788],[-78.409325,-0.91324],[-78.418216,-0.902754],[-78.427067,-0.877768],[-78.404327,-0.872771],[-78.399075,-0.857566],[-78.400982,-0.846912],[-78.393152,-0.832941],[-78.388738,-0.804291],[-78.393827,-0.798537],[-78.396199,-0.775551],[-78.396333,-0.775312],[-78.397971,-0.768087],[-78.39179,-0.758408],[-78.392907,-0.74752],[-78.401806,-0.732006],[-78.411096,-0.724122],[-78.395744,-0.700721],[-78.397376,-0.690294],[-78.395075,-0.676671],[-78.368904,-0.6736],[-78.361736,-0.674974],[-78.341477,-0.660125],[-78.332191,-0.657741],[-78.321244,-0.628087],[-78.326629,-0.613638],[-78.323255,-0.60766],[-78.323035,-0.607229],[-78.320532,-0.584238],[-78.308218,-0.577495],[-78.288117,-0.579046],[-78.279242,-0.562289],[-78.266043,-0.528406],[-78.27065,-0.514831],[-78.254798,-0.498905],[-78.250874,-0.487098],[-78.251589,-0.476016],[-78.247319,-0.461429],[-78.239357,-0.460887],[-78.23531,-0.450282],[-78.238527,-0.435018],[-78.248167,-0.42629],[-78.248467,-0.42601],[-78.255163,-0.408752],[-78.248302,-0.400802],[-78.243083,-0.383869],[-78.233248,-0.379194],[-78.222312,-0.36326],[-78.22136,-0.363267],[-78.206756,-0.344714],[-78.207263,-0.34025],[-78.192902,-0.324885],[-78.191104,-0.316372],[-78.192028,-0.293793],[-78.187826,-0.286517],[-78.191535,-0.275051],[-78.185938,-0.262704],[-78.189485,-0.240627],[-78.185725,-0.236757],[-78.185374,-0.215836],[-78.192575,-0.209804],[-78.189875,-0.197632],[-78.183221,-0.192918],[-78.174241,-0.194867],[-78.158401,-0.182553],[-78.156902,-0.175417],[-78.156781,-0.175023],[-78.131947,-0.167483],[-78.130945,-0.174588],[-78.130836,-0.175507],[-78.124757,-0.180926],[-78.10651,-0.182077],[-78.101868,-0.190892],[-78.090568,-0.180369],[-78.087951,-0.187406],[-78.070367,-0.183038],[-78.064368,-0.175251],[-78.063953,-0.175079],[-78.062324,-0.175084],[-78.062296,-0.175093],[-78.062231,-0.175101],[-78.062217,-0.174795],[-78.054238,-0.161346],[-78.057387,-0.146026],[-78.040243,-0.138298],[-78.018894,-0.141043],[-78.009088,-0.129771],[-78.00258,-0.127327],[-77.995464,-0.11116],[-77.985285,-0.117575],[-77.972812,-0.120083],[-77.954895,-0.095048],[-77.935756,-0.099911],[-77.930974,-0.090325],[-77.938004,-0.08508],[-77.934674,-0.071084],[-77.943387,-0.053054],[-77.92224,-0.030272],[-77.908288,-0.027697],[-77.87018,-0.008318],[-77.85255,-0.00388],[-77.844507,0.004933],[-77.844293,0.021603],[-77.839828,0.027273],[-77.85447,0.024303],[-77.857806,0.032928],[-77.858309,0.059004],[-77.880391,0.07572],[-77.880697,0.075828],[-77.894682,0.084529],[-77.918244,0.081763],[-77.936727,0.103847],[-77.945914,0.099287],[-77.962257,0.112846],[-77.977252,0.110964],[-77.970625,0.146806],[-77.965199,0.157903],[-77.967236,0.168742],[-77.984241,0.173511],[-78.001886,0.172038],[-78.031384,0.188245],[-78.037874,0.182942],[-78.045308,0.190837],[-78.078546,0.189108],[-78.092327,0.186325],[-78.097009,0.173489],[-78.107741,0.158489],[-78.146343,0.149235],[-78.155519,0.141129],[-78.164281,0.141843],[-78.176596,0.137169],[-78.176609,0.137168],[-78.192709,0.133828],[-78.201635,0.12787],[-78.217705,0.125832],[-78.22223,0.12843],[-78.222422,0.128504],[-78.228959,0.122073],[-78.242558,0.122652],[-78.266821,0.137773],[-78.276899,0.13539],[-78.28291,0.12868],[-78.289948,0.134668],[-78.285147,0.151168],[-78.302161,0.155703],[-78.300046,0.172595],[-78.306929,0.182991],[-78.330681,0.191425],[-78.332951,0.202125],[-78.339332,0.203855],[-78.343233,0.191415],[-78.35498,0.17486],[-78.368444,0.162754],[-78.375825,0.167335],[-78.366532,0.178326],[-78.358165,0.202593],[-78.363436,0.208921],[-78.356823,0.217203],[-78.350905,0.210441],[-78.343878,0.23027],[-78.35398,0.230467],[-78.356297,0.243652],[-78.376531,0.256556],[-78.385883,0.247711],[-78.40236,0.240674],[-78.415746,0.216693],[-78.432585,0.196099],[-78.445599,0.209278],[-78.457266,0.244497],[-78.463521,0.249542],[-78.46635,0.259676],[-78.475224,0.2661],[-78.488381,0.268053],[-78.510159,0.243835],[-78.510159,0.226571],[-78.519281,0.228014],[-78.524151,0.213355],[-78.542643,0.20645],[-78.542675,0.206468],[-78.562177,0.207874],[-78.565529,0.221694],[-78.575613,0.225294],[-78.596747,0.223613],[-78.605261,0.216675],[-78.605313,0.21666],[-78.612212,0.219671],[-78.624985,0.21804],[-78.635454,0.207372],[-78.649537,0.214813],[-78.666172,0.215058],[-78.674735,0.210485],[-78.68861,0.223006],[-78.700767,0.217069],[-78.718436,0.21962],[-78.735034,0.226748],[-78.753867,0.240131],[-78.764877,0.238115],[-78.777034,0.243348],[-78.81115,0.230533],[-78.833603,0.241462],[-78.869497,0.233808],[-78.8808,0.22229],[-78.909332,0.21337],[-78.928695,0.218944],[-78.940592,0.205789],[-78.946248,0.203747],[-78.963762,0.217237],[-78.971451,0.220018],[-78.978301,0.211778],[-78.988312,0.212497],[-78.988485,0.212486],[-79.007719,0.224232],[-79.016533,0.237762],[-79.016991,0.25242],[-79.014337,0.268913],[-79.017638,0.276986],[-79.031443,0.283035],[-79.031122,0.292529],[-79.056476,0.293572],[-79.059312,0.307203],[-79.068218,0.309081],[-79.084635,0.300088],[-79.099958,0.305273],[-79.113649,0.305314],[-79.133423,0.320866],[-79.141576,0.321613],[-79.149875,0.316296],[-79.160693,0.317561],[-79.178755,0.312416],[-79.205333,0.322275],[-79.214249,0.319464],[-79.23397,0.326653],[-79.267469,0.317873],[-79.273044,0.322334],[-79.279023,0.309239],[-79.279023,0.29231],[-79.28185,0.285581],[-79.29143,0.2822],[-79.295752,0.267719],[-79.318995,0.254652],[-79.351642,0.246305],[-79.359845,0.247522],[-79.363007,0.236782],[-79.35333,0.227753],[-79.347274,0.211452],[-79.338287,0.21384],[-79.328633,0.209073],[-79.304483,0.179652],[-79.304102,0.173231],[-79.313948,0.157891],[-79.324909,0.156203],[-79.331596,0.137925],[-79.33076,0.118639],[-79.334364,0.111051],[-79.348096,0.096653],[-79.354712,0.075902],[-79.354727,0.075801],[-79.354735,0.067419],[-79.365895,0.056572],[-79.367018,0.043448],[-79.371493,0.032811],[-79.36798,0.022421],[-79.406947,0.025887],[-79.405592,0.018769],[-79.428853,0.023413],[-79.424477,0.004817],[-79.446563,0.004666],[-79.455929,-0.001879],[-79.452659,-0.016964],[-79.447188,-0.026585],[-79.436296,-0.033342],[-79.448641,-0.039681],[-79.471582,-0.031018],[-79.515703,-0.026476],[-79.552376,-0.02515],[-79.57993,-0.018348],[-79.605762,-0.021465],[-79.612396,-0.008067],[-79.612026,0.009314],[-79.622969,0.013844],[-79.623767,0.043657],[-79.616437,0.056907],[-79.597205,0.063925],[-79.604401,0.075584],[-79.602828,0.082339],[-79.59191,0.085608],[-79.580239,0.106907],[-79.569358,0.114552],[-79.598506,0.122714],[-79.599314,0.130841],[-79.608922,0.131377],[-79.627731,0.157754],[-79.640559,0.152405],[-79.65733,0.152997],[-79.652038,0.160472],[-79.655528,0.171554],[-79.665332,0.178078],[-79.675303,0.17],[-79.677027,0.16367],[-79.694816,0.175764],[-79.707767,0.179871],[-79.710097,0.184779],[-79.704968,0.210568],[-79.693802,0.219275],[-79.685927,0.216126],[-79.684861,0.229917],[-79.666032,0.255496],[-79.665848,0.264536],[-79.673284,0.275833],[-79.686541,0.274196],[-79.697493,0.289517],[-79.718082,0.292769],[-79.716526,0.305735],[-79.722526,0.318913],[-79.720669,0.325621],[-79.70564,0.343681],[-79.710779,0.348642],[-79.716769,0.365923],[-79.728721,0.375051],[-79.735828,0.372391],[-79.748176,0.379702],[-79.762301,0.381806],[-79.779467,0.377092],[-79.805207,0.363046],[-79.808341,0.350523],[-79.817158,0.331872],[-79.810605,0.322194],[-79.824962,0.318659],[-79.825029,0.318576],[-79.838073,0.324107],[-79.864262,0.314678],[-79.876378,0.316714],[-79.885502,0.322143],[-79.895254,0.312566],[-79.89467,0.302098],[-79.900336,0.298038],[-79.906061,0.282845],[-79.903881,0.276137],[-79.904309,0.275815],[-79.918629,0.275905],[-79.931745,0.254035],[-79.94538,0.26192],[-79.955419,0.259616],[-79.967401,0.261742],[-79.971109,0.263351],[-79.980778,0.273066],[-79.987979,0.292504],[-79.988572,0.303777],[-79.994858,0.343707],[-80.005818,0.35704],[-80.030022,0.373885],[-80.02613,0.378862],[-80.039119,0.401639],[-80.034088,0.402543],[-80.025249,0.417415],[-80.048012,0.418279],[-80.053447,0.414978],[-80.061038,0.423162],[-80.060993,0.447353],[-80.050391,0.460481],[-80.055373,0.466133],[-80.04182,0.49523],[-80.031169,0.509702],[-80.018858,0.512097],[-80.011262,0.53159],[-80.009732,0.550089],[-80.002341,0.552344],[-80.003013,0.565868],[-80.014111,0.576642],[-80.026962,0.605034],[-80.037305,0.620181],[-80.037092,0.632872],[-80.044842,0.631839],[-80.059764,0.643161],[-80.06841,0.653047],[-80.086853,0.650098],[-80.092339,0.658249],[-80.100468,0.681002],[-80.102172,0.695385],[-80.095745,0.708456],[-80.094799,0.719944],[-80.099941,0.738292],[-80.0996,0.752421],[-80.093197,0.772603],[-80.080451,0.792654],[-80.073916,0.796685],[-80.060222,0.815714],[-80.047297,0.81801],[-80.015684,0.818975],[-79.992994,0.816696],[-79.979402,0.818116],[-79.947835,0.82911],[-79.915201,0.854776],[-79.905474,0.852693],[-79.881565,0.871546],[-79.866651,0.864757],[-79.807272,0.895982],[-79.793196,0.909209],[-79.779135,0.927776],[-79.762796,0.940543],[-79.748652,0.957016],[-79.738063,0.964445],[-79.70945,0.968393],[-79.67496,0.982699],[-79.651992,0.99412],[-79.646693,0.990974],[-79.627106,0.989519],[-79.616991,0.991801],[-79.609354,0.98512],[-79.580512,0.9873],[-79.559551,0.995582],[-79.553743,0.993718],[-79.476941,1.039213],[-79.415955,1.076406],[-79.392731,1.083147],[-79.383468,1.071509],[-79.368036,1.069623],[-79.33298,1.072335],[-79.303336,1.082294],[-79.294743,1.077741],[-79.275274,1.081502],[-79.25949,1.087208],[-79.250513,1.072905],[-79.230965,1.077116],[-79.181307,1.09222],[-79.176977,1.090622],[-79.154005,1.102843],[-79.129099,1.123243],[-79.091075,1.167949],[-79.063795,1.210938],[-79.051116,1.22173],[-79.048049,1.240429],[-79.025266,1.253432],[-79.008814,1.269785],[-79.000728,1.270683],[-78.983055,1.281566],[-78.976587,1.296885],[-78.955819,1.317121],[-78.936442,1.338623],[-78.914498,1.368305],[-78.906046,1.376344],[-78.898728,1.372721],[-78.886008,1.383107],[-78.891204,1.398979],[-78.883418,1.414052],[-78.881395,1.426105],[-78.882817,1.446358],[-78.868686,1.469581],[-78.835367,1.44201],[-78.824564,1.440662],[-78.817306,1.432189],[-78.802233,1.428219],[-78.796098,1.410966],[-78.782575,1.405685],[-78.779481,1.392121],[-78.767742,1.390716],[-78.758877,1.393864],[-78.747035,1.378868],[-78.731723,1.368451],[-78.72081,1.369301],[-78.709689,1.358694],[-78.702807,1.339552],[-78.685091,1.33312],[-78.675128,1.322597],[-78.662746,1.320896],[-78.662482,1.313609],[-78.653853,1.293352],[-78.646552,1.289387],[-78.649298,1.277074],[-78.64135,1.268516],[-78.627448,1.261889],[-78.625066,1.254084],[-78.614431,1.246328],[-78.604492,1.246874],[-78.59344,1.238608],[-78.580417,1.24241],[-78.543147,1.243368],[-78.539508,1.229761],[-78.520866,1.213845],[-78.508756,1.188937],[-78.506328,1.196503],[-78.495534,1.197679],[-78.488992,1.185587],[-78.478606,1.193171],[-78.463372,1.176195],[-78.455334,1.175908],[-78.437862,1.190893],[-78.432129,1.189366],[-78.425926,1.177391],[-78.437975,1.157111],[-78.430646,1.140117],[-78.418509,1.13832],[-78.418338,1.159808],[-78.407493,1.160096],[-78.395097,1.152375],[-78.382732,1.159167],[-78.381018,1.170093],[-78.374713,1.17441],[-78.351705,1.182013],[-78.327518,1.185611],[-78.324024,1.19578],[-78.314183,1.190652],[-78.308322,1.17958],[-78.294633,1.168331],[-78.298162,1.156438],[-78.290891,1.133452],[-78.28336,1.120635],[-78.281984,1.111066],[-78.265198,1.111678],[-78.26539,1.100526],[-78.253288,1.092625],[-78.251889,1.080303],[-78.261751,1.082538],[-78.279998,1.06848],[-78.282118,1.057422],[-78.266878,1.043363],[-78.243503,1.029304],[-78.23802,1.018678],[-78.230479,1.012907],[-78.209216,1.004847],[-78.195114,0.98475],[-78.191233,0.960627],[-78.19923,0.953907],[-78.185481,0.937841],[-78.177251,0.936979],[-78.154105,0.924031],[-78.145541,0.926273],[-78.134771,0.935876],[-78.121226,0.935891],[-78.107263,0.927883],[-78.104831,0.91115],[-78.08928,0.897217],[-78.071535,0.897232],[-78.066321,0.889603],[-78.054341,0.888544],[-78.042255,0.880343],[-78.03415,0.880384],[-78.016049,0.870079],[-78.001663,0.858862],[-77.989745,0.856826],[-77.974383,0.833529],[-77.966111,0.824356],[-77.944213,0.821997],[-77.936134,0.816308],[-77.891329,0.810406],[-77.866984,0.801549],[-77.839793,0.804076],[-77.819717,0.807838],[-77.8044,0.830819],[-77.784445,0.833914],[-77.76434,0.841913],[-77.747012,0.833072],[-77.736903,0.836988],[-77.720848,0.849945],[-77.709207,0.848488],[-77.697592,0.840124],[-77.693389,0.832819],[-77.676678,0.822738],[-77.663705,0.811849],[-77.674581,0.801176],[-77.6765,0.790973],[-77.664779,0.784892],[-77.68263,0.775614],[-77.688202,0.769283],[-77.696039,0.750011],[-77.6964,0.740191],[-77.686011,0.739868],[-77.67293,0.734989],[-77.663596,0.721481],[-77.662774,0.705929],[-77.640111,0.70284],[-77.607813,0.686177],[-77.605372,0.678894],[-77.588249,0.673015],[-77.578235,0.660379],[-77.5584,0.649338],[-77.531596,0.652319],[-77.519473,0.657676],[-77.506738,0.655527],[-77.49124,0.661768],[-77.48302,0.655613],[-77.479023,0.640653],[-77.479847,0.613901],[-77.486718,0.600057],[-77.488014,0.587455],[-77.503013,0.575214],[-77.510354,0.565639],[-77.511818,0.550476],[-77.521509,0.531923],[-77.522908,0.519893],[-77.51853,0.510424],[-77.516339,0.494582],[-77.524862,0.476554],[-77.52545,0.468083],[-77.518766,0.451855],[-77.520395,0.420772],[-77.529477,0.406055],[-77.45884,0.427099],[-77.445595,0.427031],[-77.434078,0.435917],[-77.422987,0.437811],[-77.421341,0.422197],[-77.407597,0.407193],[-77.382089,0.38528],[-77.373759,0.40053],[-77.350267,0.391172],[-77.34116,0.391188],[-77.313773,0.380946],[-77.308752,0.372208],[-77.287831,0.363263],[-77.269645,0.364385],[-77.265089,0.370102],[-77.243558,0.362278],[-77.220049,0.363323],[-77.20142,0.368661],[-77.198748,0.374766],[-77.185918,0.381246],[-77.179803,0.390521],[-77.166907,0.389669],[-77.150389,0.376361],[-77.135369,0.374909],[-77.13046,0.37932],[-77.112787,0.370963],[-77.10705,0.357123],[-77.107389,0.347834],[-77.09594,0.32674],[-77.08229,0.317698],[-77.08019,0.311935],[-77.089744,0.302452],[-77.078713,0.28647],[-77.072462,0.289512],[-77.055118,0.28414],[-77.045288,0.291159],[-77.03174,0.278185],[-77.026563,0.277333],[-77.016985,0.289048],[-77.003657,0.29671],[-76.997794,0.295091],[-76.996305,0.279684],[-76.985246,0.268214],[-76.967221,0.27351],[-76.957793,0.268851],[-76.944317,0.269625],[-76.936581,0.276829],[-76.92948,0.26926],[-76.93523,0.261572],[-76.912878,0.248302],[-76.904113,0.245801],[-76.887498,0.246466],[-76.880819,0.25211],[-76.858292,0.245855],[-76.847489,0.239201],[-76.838949,0.241805],[-76.821491,0.255633],[-76.798284,0.264228],[-76.7855,0.262382],[-76.767227,0.24581],[-76.7538,0.249604],[-76.76391,0.265978],[-76.752807,0.274647],[-76.742597,0.27784],[-76.731602,0.288127],[-76.711337,0.268778],[-76.701008,0.278257],[-76.678687,0.269618],[-76.656219,0.27078],[-76.656412,0.253687],[-76.65027,0.251427],[-76.636803,0.261974],[-76.629704,0.2633],[-76.617235,0.252295],[-76.608068,0.233732],[-76.595858,0.228102],[-76.584706,0.218922],[-76.568232,0.243788],[-76.535149,0.259323],[-76.524389,0.252769],[-76.512974,0.24051],[-76.503839,0.236359],[-76.486395,0.241669],[-76.474179,0.239156],[-76.451555,0.238482],[-76.445007,0.240624],[-76.44576,0.254089],[-76.428064,0.255884],[-76.42421,0.248652],[-76.429194,0.241807],[-76.422917,0.234302],[-76.412059,0.241614],[-76.411698,0.333334],[-76.412035,0.379929],[-76.3971,0.382088],[-76.374822,0.394004],[-76.363848,0.391733],[-76.355108,0.379525],[-76.341779,0.381603],[-76.333841,0.389709],[-76.331185,0.415108],[-76.314054,0.434487],[-76.305392,0.424238],[-76.293721,0.422055],[-76.279107,0.436826],[-76.263269,0.428921],[-76.259108,0.42347],[-76.261954,0.406291],[-76.25209,0.401398],[-76.24105,0.404865],[-76.232096,0.400635],[-76.228345,0.376288],[-76.208,0.386106],[-76.198004,0.374042],[-76.175108,0.371985],[-76.167768,0.375061],[-76.16106,0.389128],[-76.146402,0.378303],[-76.132371,0.372077],[-76.118171,0.341276],[-76.121132,0.324691],[-76.109245,0.313424],[-76.095662,0.319227],[-76.088002,0.333334],[-76.080073,0.337032],[-76.062776,0.336542],[-76.053677,0.333334],[-76.046442,0.311942],[-76.033777,0.304221],[-76.015251,0.302702],[-76.004843,0.295979],[-75.997685,0.282406],[-75.99591,0.2653],[-75.98662,0.264057],[-75.989263,0.25355],[-76.00302,0.255147],[-76.002284,0.247382],[-75.990144,0.242924],[-75.976645,0.24289],[-75.959875,0.23458],[-75.953088,0.221007],[-75.959211,0.211002],[-75.953664,0.201538],[-75.938075,0.200271],[-75.927154,0.188889],[-75.914528,0.171109],[-75.900156,0.16398],[-75.896528,0.154004],[-75.905452,0.144572],[-75.901692,0.13607],[-75.890313,0.141483],[-75.881349,0.134631],[-75.878845,0.11933],[-75.870617,0.120592],[-75.869117,0.128498],[-75.859351,0.135141],[-75.849806,0.128542],[-75.839011,0.103793],[-75.824459,0.090309],[-75.814119,0.077272],[-75.811521,0.05402],[-75.801933,0.050297],[-75.787556,0.056036],[-75.771538,0.041729],[-75.748002,0.036225],[-75.711635,0.038922],[-75.690811,0.037089],[-75.681453,0.040311],[-75.664694,0.040803],[-75.654071,0.031542],[-75.647089,0.030096],[-75.642075,0.045307],[-75.63251,0.042423],[-75.629261,0.028142],[-75.600071,0.014746],[-75.586742,0.01736],[-75.58019,0.011654],[-75.579322,7e-06],[-75.583299,-0.014029],[-75.573407,-0.025531],[-75.551122,-0.023667],[-75.540718,-0.027271],[-75.523241,-0.026469],[-75.512734,-0.034921],[-75.506803,-0.045947],[-75.49148,-0.049226],[-75.467993,-0.050665],[-75.445866,-0.07229],[-75.429806,-0.08311],[-75.420903,-0.083675],[-75.411127,-0.091128],[-75.388536,-0.099307],[-75.364679,-0.0897],[-75.352462,-0.091764],[-75.337928,-0.101346],[-75.326814,-0.105316],[-75.307524,-0.104758],[-75.295732,-0.107775],[-75.286951,-0.117158],[-75.276094,-0.123506],[-75.264823,-0.119856],[-75.260168,-0.127821],[-75.274759,-0.132998],[-75.285364,-0.144049],[-75.306552,-0.156256],[-75.322358,-0.160002],[-75.341148,-0.15679],[-75.349834,-0.163929],[-75.35675,-0.162162],[-75.357093,-0.149626],[-75.365068,-0.146946],[-75.369093,-0.160953],[-75.378278,-0.16657],[-75.400728,-0.166651],[-75.403497,-0.170696],[-75.4191,-0.164622],[-75.427839,-0.155271],[-75.441405,-0.155382],[-75.449901,-0.150556],[-75.461513,-0.15144],[-75.466028,-0.141529],[-75.484833,-0.13033],[-75.496862,-0.131955],[-75.516302,-0.114995],[-75.534815,-0.118664],[-75.549771,-0.128261],[-75.565004,-0.131405],[-75.57946,-0.120275],[-75.595989,-0.120402],[-75.601406,-0.109632],[-75.610482,-0.113509],[-75.6102,-0.193019],[-75.590268,-0.190508],[-75.57898,-0.17793],[-75.570144,-0.184886],[-75.538247,-0.175718],[-75.513705,-0.197182],[-75.510732,-0.208454],[-75.501966,-0.221156],[-75.48276,-0.236366],[-75.478866,-0.268645],[-75.469147,-0.281518],[-75.473712,-0.295243],[-75.464585,-0.299852],[-75.466142,-0.311438],[-75.453707,-0.332391],[-75.443156,-0.3424],[-75.442439,-0.352328],[-75.426203,-0.370738],[-75.424089,-0.382154],[-75.41416,-0.394596],[-75.402598,-0.400694],[-75.388439,-0.417277],[-75.390203,-0.426956],[-75.385519,-0.436267],[-75.375747,-0.438009],[-75.369686,-0.444717],[-75.356122,-0.446822],[-75.349249,-0.463564],[-75.336776,-0.460197],[-75.316325,-0.463518],[-75.310085,-0.479296],[-75.312623,-0.494568],[-75.300921,-0.492314],[-75.296453,-0.504453],[-75.285199,-0.498921],[-75.266653,-0.508466],[-75.272697,-0.517795],[-75.261143,-0.528396],[-75.251749,-0.518832],[-75.243497,-0.527186],[-75.239736,-0.54293],[-75.230793,-0.54959],[-75.227947,-0.575035],[-75.237129,-0.583512],[-75.239293,-0.602145],[-75.223456,-0.624213],[-75.23421,-0.633512],[-75.237525,-0.643522],[-75.246089,-0.638849],[-75.257635,-0.643703],[-75.262773,-0.655021],[-75.271744,-0.661922],[-75.272347,-0.674182]]]}},{"type":"Feature","properties":{"area_code_id":"07","area_code":"07","province_ids":["EC07","EC01","EC03","EC11","EC14","EC19"],"provinces":["El Oro","Azuay","Cañar","Loja","Morona Santiago","Zamora Chinchipe"]},"geometry":{"type":"Polygon","coordinates":[[[-78.369068,-3.53949],[-78.379958,-3.551421],[-78.388273,-3.55535],[-78.388259,-3.575484],[-78.393531,-3.581395],[-78.392299,-3.603571],[-78.397737,-3.624442],[-78.387058,-3.6412],[-78.402042,-3.651851],[-78.39475,-3.659756],[-78.398795,-3.671239],[-78.393628,-3.67417],[-78.399872,-3.690216],[-78.422109,-3.689586],[-78.423316,-3.701232],[-78.418302,-3.705364],[-78.417466,-3.72577],[-78.409016,-3.734279],[-78.406071,-3.744554],[-78.417288,-3.767152],[-78.408265,-3.774849],[-78.411712,-3.78874],[-78.428951,-3.807304],[-78.432864,-3.818213],[-78.457479,-3.828268],[-78.46565,-3.845109],[-78.473355,-3.853526],[-78.478914,-3.868516],[-78.485587,-3.896005],[-78.479723,-3.897598],[-78.478265,-3.912379],[-78.490116,-3.936019],[-78.494963,-3.933268],[-78.523989,-3.937322],[-78.528925,-3.950056],[-78.542691,-3.96511],[-78.54145,-3.972094],[-78.5607,-3.985218],[-78.566635,-3.993287],[-78.562474,-4.001558],[-78.564995,-4.023854],[-78.570407,-4.03786],[-78.568334,-4.046582],[-78.55764,-4.050438],[-78.549254,-4.05814],[-78.541411,-4.074961],[-78.557528,-4.088408],[-78.562,-4.101228],[-78.568799,-4.103139],[-78.582649,-4.135981],[-78.580906,-4.150644],[-78.575781,-4.162634],[-78.578744,-4.178688],[-78.577739,-4.196598],[-78.603875,-4.214927],[-78.608682,-4.227222],[-78.607908,-4.238926],[-78.601217,-4.252726],[-78.605154,-4.263641],[-78.6109,-4.264801],[-78.613901,-4.289972],[-78.639502,-4.305017],[-78.64648,-4.322336],[-78.641703,-4.333343],[-78.648774,-4.342116],[-78.651208,-4.361944],[-78.641865,-4.370316],[-78.636703,-4.389646],[-78.641743,-4.397407],[-78.633175,-4.415113],[-78.608663,-4.41371],[-78.602216,-4.410147],[-78.598929,-4.423655],[-78.603652,-4.431929],[-78.62018,-4.437233],[-78.628521,-4.459521],[-78.635417,-4.465192],[-78.638874,-4.496221],[-78.634628,-4.501191],[-78.647006,-4.508406],[-78.660674,-4.527735],[-78.663078,-4.538425],[-78.656297,-4.56202],[-78.662871,-4.570784],[-78.660401,-4.585928],[-78.667387,-4.593579],[-78.674774,-4.592225],[-78.697654,-4.610874],[-78.705635,-4.623217],[-78.714336,-4.628286],[-78.735455,-4.625494],[-78.748776,-4.631796],[-78.765646,-4.630591],[-78.77591,-4.642163],[-78.783552,-4.638932],[-78.803947,-4.636851],[-78.810685,-4.642406],[-78.840932,-4.653629],[-78.860632,-4.673727],[-78.862916,-4.690113],[-78.874913,-4.704376],[-78.880638,-4.707151],[-78.89117,-4.721276],[-78.889433,-4.730855],[-78.888757,-4.761338],[-78.897075,-4.773239],[-78.91487,-4.780509],[-78.911625,-4.791773],[-78.90292,-4.795213],[-78.89192,-4.807086],[-78.896426,-4.813664],[-78.898492,-4.832604],[-78.911558,-4.842856],[-78.911157,-4.855895],[-78.907068,-4.862331],[-78.88985,-4.872556],[-78.892657,-4.887463],[-78.920933,-4.892919],[-78.93418,-4.893419],[-78.945992,-4.897919],[-78.954359,-4.893195],[-78.974353,-4.896409],[-78.985931,-4.935448],[-78.991035,-4.963011],[-79.001977,-4.982825],[-79.011784,-5.011112],[-79.026584,-5.015159],[-79.035104,-5.012935],[-79.048913,-4.998648],[-79.051151,-4.990888],[-79.061021,-4.986055],[-79.071651,-4.988835],[-79.073746,-4.97093],[-79.097696,-4.973658],[-79.100485,-4.978242],[-79.1152,-4.977739],[-79.151211,-4.963329],[-79.163423,-4.964754],[-79.179885,-4.960257],[-79.212275,-4.967005],[-79.2227,-4.964001],[-79.262032,-4.967767],[-79.28795,-4.942848],[-79.29958,-4.921334],[-79.301036,-4.909099],[-79.305734,-4.902981],[-79.320151,-4.900645],[-79.329324,-4.893369],[-79.331974,-4.885326],[-79.343687,-4.886497],[-79.352059,-4.88026],[-79.353287,-4.871014],[-79.361593,-4.851835],[-79.361266,-4.844001],[-79.374023,-4.831822],[-79.390948,-4.83316],[-79.39627,-4.825222],[-79.427661,-4.747295],[-79.432721,-4.734313],[-79.446268,-4.720605],[-79.457513,-4.701353],[-79.458203,-4.682444],[-79.463044,-4.654947],[-79.469601,-4.641116],[-79.486059,-4.628104],[-79.490533,-4.589681],[-79.494418,-4.581091],[-79.479024,-4.569929],[-79.483099,-4.554908],[-79.484717,-4.536793],[-79.48915,-4.527417],[-79.505735,-4.516923],[-79.521423,-4.526163],[-79.544203,-4.525872],[-79.55003,-4.513903],[-79.562822,-4.509033],[-79.570491,-4.501754],[-79.580663,-4.49824],[-79.579789,-4.488576],[-79.589372,-4.476871],[-79.597435,-4.460688],[-79.60817,-4.457339],[-79.616688,-4.446015],[-79.644844,-4.433683],[-79.655134,-4.434136],[-79.662909,-4.441683],[-79.688017,-4.452721],[-79.689017,-4.458284],[-79.701194,-4.464344],[-79.708195,-4.472096],[-79.719965,-4.468085],[-79.750786,-4.483677],[-79.780506,-4.489376],[-79.792386,-4.493777],[-79.798765,-4.488679],[-79.811001,-4.491054],[-79.839421,-4.468107],[-79.852951,-4.45191],[-79.853527,-4.435666],[-79.862257,-4.427319],[-79.870711,-4.413873],[-79.883505,-4.410563],[-79.887763,-4.404681],[-79.911842,-4.390076],[-79.921586,-4.386946],[-79.928724,-4.393736],[-79.945407,-4.397835],[-79.96257,-4.395199],[-79.977091,-4.379626],[-79.98827,-4.381109],[-80.008935,-4.368757],[-80.014092,-4.357358],[-80.034806,-4.348962],[-80.040592,-4.335713],[-80.054856,-4.327297],[-80.060992,-4.310998],[-80.083642,-4.30195],[-80.097224,-4.294442],[-80.107446,-4.297787],[-80.117298,-4.294847],[-80.135868,-4.296472],[-80.141518,-4.285896],[-80.157024,-4.30436],[-80.166568,-4.300187],[-80.170273,-4.289499],[-80.179438,-4.300936],[-80.185657,-4.316664],[-80.185908,-4.334654],[-80.198551,-4.337147],[-80.204713,-4.349638],[-80.21961,-4.354967],[-80.217135,-4.364751],[-80.223768,-4.379353],[-80.231463,-4.372462],[-80.236641,-4.386889],[-80.248433,-4.393113],[-80.248672,-4.4003],[-80.257675,-4.403062],[-80.266353,-4.411463],[-80.27453,-4.404003],[-80.286392,-4.409714],[-80.287647,-4.417906],[-80.295601,-4.426304],[-80.29064,-4.434158],[-80.303363,-4.441584],[-80.312752,-4.452405],[-80.323216,-4.454144],[-80.33101,-4.465181],[-80.357048,-4.47332],[-80.362387,-4.479498],[-80.381663,-4.47733],[-80.387832,-4.486807],[-80.397592,-4.479651],[-80.401889,-4.470194],[-80.419559,-4.460078],[-80.438386,-4.456408],[-80.449652,-4.442739],[-80.448874,-4.432898],[-80.453449,-4.406984],[-80.44911,-4.392411],[-80.453205,-4.382008],[-80.442473,-4.36485],[-80.43545,-4.361842],[-80.429415,-4.351718],[-80.426722,-4.335795],[-80.412333,-4.316867],[-80.385289,-4.291149],[-80.367736,-4.282208],[-80.367754,-4.27008],[-80.352649,-4.25831],[-80.329375,-4.222994],[-80.312132,-4.208886],[-80.312924,-4.197638],[-80.329689,-4.214531],[-80.340005,-4.208562],[-80.35505,-4.218502],[-80.371893,-4.197499],[-80.383058,-4.207399],[-80.387832,-4.202032],[-80.409054,-4.217416],[-80.419211,-4.202252],[-80.434883,-4.196086],[-80.449143,-4.208849],[-80.449071,-4.129054],[-80.456714,-4.123727],[-80.476917,-4.102779],[-80.48505,-4.079598],[-80.475343,-4.081236],[-80.471951,-4.0725],[-80.476798,-4.067439],[-80.466977,-4.034031],[-80.450907,-4.030951],[-80.454492,-4.015918],[-80.447069,-4.016499],[-80.44653,-3.996882],[-80.430166,-3.98945],[-80.412617,-3.991464],[-80.398575,-3.981214],[-80.389119,-3.989267],[-80.37502,-3.989304],[-80.366638,-3.981757],[-80.353625,-3.994561],[-80.338864,-3.992314],[-80.329423,-4.000354],[-80.324193,-4.011027],[-80.307396,-4.012626],[-80.3003,-4.017094],[-80.288585,-4.011068],[-80.272462,-4.007905],[-80.262817,-3.999991],[-80.25409,-3.979584],[-80.241811,-3.968338],[-80.240664,-3.95639],[-80.222688,-3.951522],[-80.215389,-3.955707],[-80.198686,-3.946026],[-80.187686,-3.936304],[-80.185533,-3.927961],[-80.164455,-3.921779],[-80.158147,-3.912879],[-80.140729,-3.912946],[-80.139192,-3.907384],[-80.126787,-3.894777],[-80.127675,-3.888668],[-80.135,-3.88896],[-80.158837,-3.870113],[-80.153053,-3.848379],[-80.160275,-3.841481],[-80.16302,-3.828045],[-80.159552,-3.808778],[-80.172424,-3.791088],[-80.182249,-3.785627],[-80.192378,-3.748915],[-80.180373,-3.735595],[-80.185272,-3.715724],[-80.194048,-3.708471],[-80.199572,-3.687922],[-80.191365,-3.676257],[-80.185839,-3.64516],[-80.187733,-3.630207],[-80.197745,-3.621988],[-80.191082,-3.613376],[-80.192015,-3.597801],[-80.199958,-3.592041],[-80.213911,-3.588578],[-80.218041,-3.572631],[-80.211191,-3.566994],[-80.206819,-3.533541],[-80.214988,-3.522377],[-80.218499,-3.499216],[-80.228128,-3.502226],[-80.232721,-3.490106],[-80.243796,-3.483678],[-80.239764,-3.476748],[-80.243138,-3.466628],[-80.231876,-3.451468],[-80.221798,-3.445999],[-80.221595,-3.435587],[-80.259687,-3.411519],[-80.277453,-3.415174],[-80.298004,-3.403412],[-80.302415,-3.395648],[-80.313685,-3.392125],[-80.283504,-3.347268],[-80.272878,-3.326024],[-80.251794,-3.334127],[-80.238681,-3.332191],[-80.23612,-3.337245],[-80.211007,-3.337424],[-80.205397,-3.340812],[-80.191248,-3.339498],[-80.162138,-3.340722],[-80.151,-3.33485],[-80.136761,-3.334223],[-80.131626,-3.337685],[-80.119606,-3.333412],[-80.109904,-3.322846],[-80.088344,-3.306146],[-80.080482,-3.302213],[-80.066126,-3.287497],[-80.055695,-3.263844],[-80.042395,-3.223035],[-80.030627,-3.209627],[-80.025908,-3.212961],[-80.021687,-3.241496],[-80.011714,-3.261283],[-80.001236,-3.262522],[-79.999861,-3.232867],[-79.994155,-3.224512],[-79.97902,-3.213579],[-79.970573,-3.200898],[-79.955796,-3.192497],[-79.952878,-3.185909],[-79.937783,-3.17986],[-79.936488,-3.170958],[-79.926426,-3.162879],[-79.918116,-3.167484],[-79.907558,-3.16049],[-79.900503,-3.126761],[-79.902346,-3.102377],[-79.892287,-3.075827],[-79.879169,-3.074475],[-79.870808,-3.059886],[-79.855331,-3.048493],[-79.840562,-3.053869],[-79.840432,-3.053948],[-79.833646,-3.052758],[-79.833536,-3.052605],[-79.825266,-3.055316],[-79.81553,-3.049959],[-79.775372,-3.064303],[-79.763773,-3.06226],[-79.760281,-3.063407],[-79.745401,-3.045162],[-79.745446,-3.0298],[-79.739563,-3.029561],[-79.734052,-3.009989],[-79.725618,-3.014669],[-79.713546,-3.015245],[-79.715937,-2.994604],[-79.727776,-2.985859],[-79.725867,-2.979212],[-79.709454,-2.973124],[-79.702213,-2.976491],[-79.669946,-2.971505],[-79.660141,-2.97481],[-79.651391,-2.98862],[-79.636837,-2.979561],[-79.646064,-2.956158],[-79.633817,-2.948994],[-79.626116,-2.938529],[-79.608073,-2.920865],[-79.593597,-2.918049],[-79.585752,-2.901824],[-79.594928,-2.895556],[-79.561216,-2.895556],[-79.550771,-2.889545],[-79.550771,-2.881038],[-79.56875,-2.875864],[-79.591406,-2.877027],[-79.597575,-2.871975],[-79.602375,-2.859016],[-79.623035,-2.854618],[-79.647195,-2.842706],[-79.670316,-2.82485],[-79.657189,-2.818312],[-79.646624,-2.819296],[-79.637776,-2.815507],[-79.631038,-2.823753],[-79.616936,-2.813814],[-79.557887,-2.78977],[-79.502941,-2.767744],[-79.488303,-2.692982],[-79.486969,-2.677846],[-79.46004,-2.657386],[-79.464457,-2.64524],[-79.467388,-2.624875],[-79.47319,-2.618347],[-79.473098,-2.607572],[-79.452309,-2.607572],[-79.441406,-2.603771],[-79.42897,-2.605457],[-79.427861,-2.606292],[-79.424998,-2.606785],[-79.424998,-2.555767],[-79.428286,-2.553096],[-79.428287,-2.518039],[-79.411678,-2.520628],[-79.397492,-2.516905],[-79.391702,-2.529654],[-79.379187,-2.529654],[-79.380266,-2.527689],[-79.380495,-2.526779],[-79.395136,-2.497087],[-79.418803,-2.49799],[-79.434228,-2.502847],[-79.455692,-2.499116],[-79.467453,-2.50466],[-79.489842,-2.527207],[-79.489884,-2.527434],[-79.497327,-2.532523],[-79.515011,-2.538229],[-79.516769,-2.527288],[-79.516785,-2.527253],[-79.500938,-2.525963],[-79.488476,-2.510949],[-79.506217,-2.499879],[-79.522339,-2.505353],[-79.524195,-2.487855],[-79.512842,-2.486444],[-79.503523,-2.480435],[-79.489475,-2.466455],[-79.476954,-2.464501],[-79.464307,-2.456058],[-79.466572,-2.448652],[-79.43627,-2.43868],[-79.425254,-2.430624],[-79.448122,-2.42007],[-79.419059,-2.378867],[-79.427418,-2.380859],[-79.433626,-2.373333],[-79.430647,-2.359262],[-79.420049,-2.359554],[-79.41602,-2.335886],[-79.401755,-2.343096],[-79.393336,-2.358752],[-79.38299,-2.357384],[-79.367239,-2.360346],[-79.335965,-2.37153],[-79.33181,-2.385106],[-79.306328,-2.401024],[-79.287593,-2.395852],[-79.274977,-2.388083],[-79.26373,-2.389489],[-79.26477,-2.37466],[-79.25727,-2.368332],[-79.255917,-2.358393],[-79.246099,-2.349801],[-79.230015,-2.345761],[-79.224558,-2.353817],[-79.199619,-2.334839],[-79.193258,-2.322563],[-79.201924,-2.31849],[-79.197907,-2.310291],[-79.175369,-2.303799],[-79.172914,-2.284977],[-79.157326,-2.25863],[-79.150969,-2.252765],[-79.147267,-2.237085],[-79.14295,-2.23478],[-79.14295,-2.212582],[-79.134731,-2.219579],[-79.133793,-2.236654],[-79.129493,-2.243414],[-79.100242,-2.254703],[-79.092476,-2.267964],[-79.090939,-2.283158],[-79.062035,-2.300397],[-79.063465,-2.314677],[-79.050717,-2.322997],[-79.04483,-2.339067],[-79.028489,-2.358512],[-79.018357,-2.364887],[-79.010002,-2.375368],[-78.993384,-2.375984],[-78.99333,-2.376004],[-78.97421,-2.38068],[-78.974306,-2.39204],[-78.950083,-2.401213],[-78.933095,-2.403739],[-78.908322,-2.416713],[-78.90218,-2.40224],[-78.896873,-2.404024],[-78.88421,-2.392767],[-78.8503,-2.39643],[-78.842238,-2.393488],[-78.828758,-2.380338],[-78.813814,-2.377028],[-78.805209,-2.384781],[-78.805057,-2.384762],[-78.789126,-2.373638],[-78.790422,-2.367952],[-78.781144,-2.356636],[-78.765382,-2.353112],[-78.758718,-2.341246],[-78.760298,-2.331733],[-78.752804,-2.32494],[-78.740221,-2.329053],[-78.72701,-2.316551],[-78.716321,-2.315099],[-78.719524,-2.32625],[-78.712208,-2.334459],[-78.693184,-2.332619],[-78.683687,-2.338547],[-78.695909,-2.356832],[-78.705026,-2.380839],[-78.718291,-2.396328],[-78.713145,-2.407901],[-78.721619,-2.416628],[-78.737695,-2.421257],[-78.728437,-2.429737],[-78.716467,-2.426498],[-78.706634,-2.443431],[-78.696401,-2.449452],[-78.667268,-2.451315],[-78.669398,-2.441167],[-78.663236,-2.434094],[-78.645309,-2.436608],[-78.625639,-2.454178],[-78.617965,-2.450425],[-78.602324,-2.415256],[-78.597036,-2.408736],[-78.580636,-2.397638],[-78.574151,-2.374136],[-78.563524,-2.362716],[-78.560148,-2.349446],[-78.55191,-2.346085],[-78.545795,-2.335522],[-78.554451,-2.334347],[-78.560733,-2.326684],[-78.581576,-2.328572],[-78.587156,-2.318799],[-78.585095,-2.311178],[-78.574882,-2.304772],[-78.555854,-2.307018],[-78.545802,-2.300303],[-78.54739,-2.291927],[-78.537086,-2.278816],[-78.537141,-2.265753],[-78.541381,-2.257238],[-78.534537,-2.240621],[-78.523562,-2.243063],[-78.514551,-2.240296],[-78.50519,-2.246531],[-78.499353,-2.230115],[-78.48739,-2.216567],[-78.501222,-2.205985],[-78.497898,-2.197533],[-78.504501,-2.171951],[-78.504254,-2.158706],[-78.516559,-2.154613],[-78.513116,-2.132792],[-78.50534,-2.127014],[-78.492209,-2.124923],[-78.484748,-2.129597],[-78.468939,-2.120016],[-78.45016,-2.117971],[-78.445963,-2.102217],[-78.434833,-2.090695],[-78.439258,-2.076087],[-78.452069,-2.065008],[-78.452948,-2.044471],[-78.44719,-2.016617],[-78.441556,-2.012797],[-78.459172,-1.992247],[-78.475044,-2.002227],[-78.484817,-1.992023],[-78.489068,-1.958429],[-78.482583,-1.952558],[-78.46359,-1.949856],[-78.460628,-1.942598],[-78.460658,-1.942359],[-78.457362,-1.921573],[-78.443177,-1.910911],[-78.433055,-1.908824],[-78.430397,-1.898519],[-78.420023,-1.894924],[-78.42009,-1.884414],[-78.403646,-1.87868],[-78.403411,-1.863288],[-78.397505,-1.853997],[-78.409321,-1.844871],[-78.421358,-1.827411],[-78.42033,-1.804991],[-78.437758,-1.792277],[-78.44009,-1.770928],[-78.446012,-1.761979],[-78.45711,-1.762617],[-78.45726,-1.762717],[-78.46759,-1.751909],[-78.451406,-1.732083],[-78.443161,-1.704431],[-78.432218,-1.685412],[-78.417782,-1.68533],[-78.40914,-1.674579],[-78.409686,-1.665454],[-78.376905,-1.65442],[-78.363834,-1.644916],[-78.366625,-1.614233],[-78.363926,-1.606465],[-78.373396,-1.598966],[-78.370408,-1.575019],[-78.376383,-1.557678],[-78.373565,-1.546546],[-78.376392,-1.535704],[-78.364683,-1.533027],[-78.357409,-1.520868],[-78.35073,-1.523135],[-78.345238,-1.514184],[-78.345192,-1.503554],[-78.319027,-1.498421],[-78.306368,-1.484867],[-78.297612,-1.480039],[-78.278648,-1.483103],[-78.277393,-1.496441],[-78.267307,-1.502508],[-78.236925,-1.493113],[-78.223133,-1.48721],[-78.221609,-1.476084],[-78.211107,-1.471962],[-78.196736,-1.474758],[-78.192465,-1.455477],[-78.177949,-1.448685],[-78.164922,-1.448437],[-78.149883,-1.453486],[-78.128671,-1.450868],[-78.114902,-1.462282],[-78.103027,-1.475449],[-78.100282,-1.483727],[-78.085131,-1.49829],[-78.065462,-1.526958],[-78.058365,-1.543864],[-78.058304,-1.57781],[-78.044775,-1.60008],[-78.03863,-1.627232],[-78.031623,-1.633748],[-78.031263,-1.654961],[-78.021562,-1.670537],[-78.011773,-1.677809],[-77.98775,-1.676305],[-77.961202,-1.661118],[-77.946567,-1.662893],[-77.938917,-1.657355],[-77.922751,-1.654557],[-77.916182,-1.662884],[-77.916633,-1.670062],[-77.905154,-1.687725],[-77.889058,-1.69127],[-77.882448,-1.707379],[-77.883037,-1.731228],[-77.880136,-1.744417],[-77.886498,-1.749719],[-77.885209,-1.762079],[-77.86504,-1.772328],[-77.869752,-1.783823],[-77.865026,-1.797453],[-77.857926,-1.798803],[-77.856854,-1.808768],[-77.856996,-1.809084],[-77.856354,-1.817745],[-77.846329,-1.837316],[-77.854575,-1.84073],[-77.832196,-1.860215],[-77.832171,-1.860454],[-77.827362,-1.868239],[-77.827578,-1.879796],[-77.82778,-1.880166],[-77.82819,-1.896181],[-77.824641,-1.901564],[-77.824557,-1.902077],[-77.824519,-1.903033],[-77.82459,-1.903487],[-77.824703,-1.919537],[-77.824321,-1.920588],[-77.823287,-1.922677],[-77.822891,-1.923214],[-77.809821,-1.93214],[-77.794472,-1.934561],[-77.793999,-1.955238],[-77.784557,-1.959034],[-77.774976,-1.973159],[-77.764752,-1.97577],[-77.750357,-1.985569],[-77.740657,-1.980536],[-77.731869,-1.985232],[-77.728221,-2.011488],[-77.714396,-2.026315],[-77.699114,-2.024411],[-77.688949,-2.030089],[-77.680656,-2.043335],[-77.672589,-2.050344],[-77.663752,-2.051257],[-77.640671,-2.04809],[-77.621444,-2.042601],[-77.595867,-2.058282],[-77.590358,-2.068987],[-77.570457,-2.079302],[-77.557929,-2.078902],[-77.549463,-2.073077],[-77.539022,-2.074524],[-77.520758,-2.085379],[-77.51363,-2.082223],[-77.501039,-2.089327],[-77.496933,-2.098965],[-77.48698,-2.104799],[-77.466925,-2.109124],[-77.449476,-2.119247],[-77.434963,-2.121977],[-77.428166,-2.126788],[-77.428527,-2.136294],[-77.406373,-2.149776],[-77.394378,-2.150762],[-77.385771,-2.158775],[-77.372472,-2.159131],[-77.362366,-2.165049],[-77.351335,-2.160394],[-77.343228,-2.17313],[-77.333908,-2.17311],[-77.323863,-2.178371],[-77.316273,-2.187012],[-77.305502,-2.18588],[-77.284982,-2.201938],[-77.278211,-2.212718],[-77.272224,-2.214422],[-77.264196,-2.234228],[-77.258495,-2.235073],[-77.243548,-2.248745],[-77.236054,-2.249824],[-77.235585,-2.261312],[-77.216181,-2.263387],[-77.208166,-2.268668],[-77.201241,-2.265497],[-77.184237,-2.275794],[-77.183003,-2.284771],[-77.16617,-2.302352],[-77.145914,-2.299127],[-77.133938,-2.304796],[-77.128569,-2.314722],[-77.114589,-2.315669],[-77.103172,-2.33725],[-77.086799,-2.34456],[-77.081725,-2.361959],[-77.081494,-2.376421],[-77.058704,-2.395914],[-77.048844,-2.406524],[-77.049461,-2.414836],[-77.041003,-2.420937],[-77.034439,-2.437072],[-77.032265,-2.449746],[-77.02309,-2.457563],[-77.005821,-2.456365],[-76.994546,-2.487277],[-76.998864,-2.507993],[-76.997422,-2.51372],[-76.996956,-2.51465],[-76.98556,-2.514579],[-76.983284,-2.513748],[-76.974924,-2.510892],[-76.965975,-2.514124],[-76.96529,-2.514748],[-76.949488,-2.548277],[-76.939604,-2.554513],[-76.932689,-2.545036],[-76.913221,-2.564242],[-76.897622,-2.553555],[-76.886473,-2.565517],[-76.878184,-2.563118],[-76.877936,-2.562875],[-76.868662,-2.556613],[-76.860425,-2.56006],[-76.842884,-2.555849],[-76.83014,-2.543918],[-76.815362,-2.546126],[-76.814008,-2.561192],[-76.800268,-2.570695],[-76.793779,-2.568137],[-76.78024,-2.552605],[-76.773384,-2.553388],[-76.756974,-2.563181],[-76.747959,-2.561778],[-76.73772,-2.553867],[-76.723908,-2.58524],[-76.712719,-2.595406],[-76.692112,-2.609971],[-76.924163,-2.688372],[-77.125515,-2.756377],[-77.347448,-2.831305],[-77.500003,-2.882792],[-77.611217,-2.920316],[-77.844497,-2.998997],[-77.839939,-3.008052],[-77.940388,-3.065609],[-77.947577,-3.074833],[-77.951776,-3.090694],[-77.961484,-3.095151],[-77.970415,-3.117294],[-77.983102,-3.11963],[-77.984369,-3.129359],[-77.996758,-3.147195],[-78.00875,-3.156439],[-78.010328,-3.17414],[-78.018995,-3.185332],[-78.036475,-3.190098],[-78.041037,-3.206822],[-78.054131,-3.207097],[-78.064423,-3.22555],[-78.086722,-3.23033],[-78.091986,-3.23555],[-78.095939,-3.253642],[-78.107668,-3.263101],[-78.108087,-3.277231],[-78.113035,-3.285711],[-78.127756,-3.299005],[-78.14291,-3.326433],[-78.168378,-3.345098],[-78.177364,-3.355338],[-78.192412,-3.361191],[-78.193802,-3.366295],[-78.187053,-3.397774],[-78.180702,-3.408573],[-78.168437,-3.409429],[-78.154683,-3.421662],[-78.152608,-3.44259],[-78.147631,-3.447978],[-78.146992,-3.478523],[-78.162902,-3.481369],[-78.170055,-3.490718],[-78.18072,-3.491677],[-78.192508,-3.500567],[-78.200646,-3.495676],[-78.206123,-3.505584],[-78.216442,-3.509399],[-78.22654,-3.501171],[-78.226425,-3.491696],[-78.236773,-3.462087],[-78.237041,-3.445059],[-78.243895,-3.439642],[-78.241366,-3.40916],[-78.246896,-3.402196],[-78.267062,-3.405313],[-78.290461,-3.395608],[-78.298374,-3.399059],[-78.317255,-3.396081],[-78.341036,-3.382],[-78.347663,-3.396043],[-78.355673,-3.4037],[-78.350966,-3.417111],[-78.342367,-3.426564],[-78.345412,-3.449881],[-78.358371,-3.472862],[-78.353378,-3.481469],[-78.355008,-3.495152],[-78.366153,-3.512157],[-78.365142,-3.529274],[-78.369068,-3.53949]]]}}]}