{
"type": "FeatureCollection",
"name": "area-code-prefixes-2",
"crs": { "type": "name", "properties": { "name": "urn:ogc:def:crs:OGC:1.3:CRS84" } },
"features": [
{ "type": "Feature", "properties": { "area_code_prefix": "20" }, "geometry": { "type": "MultiPolygon", "coordinates": [ [ [ [ 107.080139, 20.837921 ], [ 107.089302, 20.831808 ], [ 107.086807, 20.829584 ], [ 107.081253, 20.830694 ], [ 107.078476, 20.834305 ], [ 107.073753, 20.835699 ], [ 107.076248, 20.839581 ], [ 107.080139, 20.837921 ] ] ], [ [ [ 107.099861, 20.849581 ], [ 107.100693, 20.845972 ], [ 107.104858, 20.842361 ], [ 107.105698, 20.83536 ], [ 107.109306, 20.835421 ], [ 107.106529, 20.829306 ], [ 107.101807, 20.829041 ], [ 107.097359, 20.831528 ], [ 107.095703, 20.834579 ], [ 107.100975, 20.837917 ], [ 107.099312, 20.84153 ], [ 107.093193, 20.844378 ], [ 107.093178, 20.83931 ], [ 107.092087, 20.836248 ], [ 107.085693, 20.837641 ], [ 107.083473, 20.84292 ], [ 107.09153, 20.844307 ], [ 107.09153, 20.846251 ], [ 107.08847, 20.850971 ], [ 107.091248, 20.85347 ], [ 107.092087, 20.857361 ], [ 107.090973, 20.86125 ], [ 107.094582, 20.862358 ], [ 107.093178, 20.86014 ], [ 107.092918, 20.85321 ], [ 107.09597, 20.85486 ], [ 107.095695, 20.858473 ], [ 107.09903, 20.858473 ], [ 107.101524, 20.855696 ], [ 107.103203, 20.851252 ], [ 107.099861, 20.849581 ] ] ], [ [ [ 106.914169, 20.856112 ], [ 106.917503, 20.859444 ], [ 106.92083, 20.85778 ], [ 106.91861, 20.853334 ], [ 106.913887, 20.849991 ], [ 106.911942, 20.845831 ], [ 106.911072, 20.841352 ], [ 106.908333, 20.84222 ], [ 106.910553, 20.847219 ], [ 106.910278, 20.848888 ], [ 106.914169, 20.856112 ] ] ], [ [ [ 107.055969, 20.85375 ], [ 107.054306, 20.854584 ], [ 107.052361, 20.853195 ], [ 107.049576, 20.85375 ], [ 107.049309, 20.85236 ], [ 107.045135, 20.851528 ], [ 107.043198, 20.857361 ], [ 107.047638, 20.857084 ], [ 107.056808, 20.85486 ], [ 107.05764, 20.847639 ], [ 107.05542, 20.84597 ], [ 107.049583, 20.849859 ], [ 107.05014, 20.852921 ], [ 107.053749, 20.850151 ], [ 107.055969, 20.85375 ] ] ], [ [ [ 107.118752, 20.85264 ], [ 107.119026, 20.849581 ], [ 107.114586, 20.849583 ], [ 107.11264, 20.854031 ], [ 107.109863, 20.85681 ], [ 107.113472, 20.856251 ], [ 107.118752, 20.85264 ] ] ], [ [ [ 106.895554, 20.843889 ], [ 106.886391, 20.844181 ], [ 106.880554, 20.84639 ], [ 106.87722, 20.849722 ], [ 106.876114, 20.853613 ], [ 106.881943, 20.860001 ], [ 106.884453, 20.861931 ], [ 106.883888, 20.865555 ], [ 106.886948, 20.869665 ], [ 106.88472, 20.871944 ], [ 106.887497, 20.874722 ], [ 106.889999, 20.874998 ], [ 106.894173, 20.87112 ], [ 106.89473, 20.868891 ], [ 106.89473, 20.86611 ], [ 106.899445, 20.855556 ], [ 106.898056, 20.852777 ], [ 106.899719, 20.848888 ], [ 106.898056, 20.844721 ], [ 106.894997, 20.848055 ], [ 106.893608, 20.84639 ], [ 106.895554, 20.843889 ] ] ], [ [ [ 107.083473, 20.861528 ], [ 107.087906, 20.860418 ], [ 107.088196, 20.857918 ], [ 107.08403, 20.857361 ], [ 107.083473, 20.861528 ] ] ], [ [ [ 107.08403, 20.862638 ], [ 107.082642, 20.865419 ], [ 107.084862, 20.866806 ], [ 107.08847, 20.865971 ], [ 107.086525, 20.862362 ], [ 107.08403, 20.862638 ] ] ], [ [ [ 107.063828, 20.859581 ], [ 107.064583, 20.862089 ], [ 107.063469, 20.86875 ], [ 107.060692, 20.869862 ], [ 107.057907, 20.873751 ], [ 107.060692, 20.874861 ], [ 107.060974, 20.870138 ], [ 107.065971, 20.873751 ], [ 107.067917, 20.872084 ], [ 107.065208, 20.869583 ], [ 107.070686, 20.863468 ], [ 107.070969, 20.861528 ], [ 107.06736, 20.856606 ], [ 107.063828, 20.859581 ] ] ], [ [ [ 106.881172, 20.87035 ], [ 106.882172, 20.868002 ], [ 106.879997, 20.865831 ], [ 106.876663, 20.86972 ], [ 106.881172, 20.87035 ] ] ], [ [ [ 107.019577, 20.871531 ], [ 107.016533, 20.86875 ], [ 107.012642, 20.86903 ], [ 107.011803, 20.86569 ], [ 107.008186, 20.864862 ], [ 107.007362, 20.868473 ], [ 107.007919, 20.874319 ], [ 107.010406, 20.876249 ], [ 107.012917, 20.877642 ], [ 107.015419, 20.875422 ], [ 107.013191, 20.872921 ], [ 107.016533, 20.87096 ], [ 107.019028, 20.873751 ], [ 107.024857, 20.874319 ], [ 107.024307, 20.869583 ], [ 107.019577, 20.871531 ] ] ], [ [ [ 107.109306, 20.87208 ], [ 107.112915, 20.874306 ], [ 107.112915, 20.870417 ], [ 107.109306, 20.87208 ] ] ], [ [ [ 106.929726, 20.867777 ], [ 106.928337, 20.869722 ], [ 106.935791, 20.877151 ], [ 106.939674, 20.876066 ], [ 106.934166, 20.86944 ], [ 106.929726, 20.867777 ] ] ], [ [ [ 107.045692, 20.86515 ], [ 107.042915, 20.869305 ], [ 107.03875, 20.867916 ], [ 107.037086, 20.872641 ], [ 107.037918, 20.876249 ], [ 107.034859, 20.87681 ], [ 107.033188, 20.87125 ], [ 107.033188, 20.87709 ], [ 107.030128, 20.880421 ], [ 107.032639, 20.882641 ], [ 107.039024, 20.880974 ], [ 107.042358, 20.873472 ], [ 107.044586, 20.86986 ], [ 107.047638, 20.86764 ], [ 107.045692, 20.86515 ] ] ], [ [ [ 106.820831, 20.849991 ], [ 106.827774, 20.848055 ], [ 106.830002, 20.846111 ], [ 106.830559, 20.843056 ], [ 106.827019, 20.841421 ], [ 106.823326, 20.841671 ], [ 106.820831, 20.844181 ], [ 106.808327, 20.84639 ], [ 106.804169, 20.848055 ], [ 106.800041, 20.847567 ], [ 106.794655, 20.848543 ], [ 106.790558, 20.84444 ], [ 106.786942, 20.843611 ], [ 106.782501, 20.84111 ], [ 106.777779, 20.84306 ], [ 106.768608, 20.85083 ], [ 106.759445, 20.868889 ], [ 106.757225, 20.875278 ], [ 106.7575, 20.88361 ], [ 106.760002, 20.887777 ], [ 106.764442, 20.892502 ], [ 106.770493, 20.90259 ], [ 106.773888, 20.906942 ], [ 106.779724, 20.905556 ], [ 106.784103, 20.906113 ], [ 106.785835, 20.904444 ], [ 106.784447, 20.895 ], [ 106.786942, 20.891941 ], [ 106.790001, 20.891392 ], [ 106.793335, 20.889166 ], [ 106.792778, 20.883888 ], [ 106.793892, 20.881111 ], [ 106.799446, 20.877783 ], [ 106.806389, 20.874445 ], [ 106.81472, 20.869171 ], [ 106.82, 20.864445 ], [ 106.820557, 20.862499 ], [ 106.816666, 20.858889 ], [ 106.816109, 20.854166 ], [ 106.817223, 20.851942 ], [ 106.820831, 20.849991 ] ] ], [ [ [ 106.84333, 20.81889 ], [ 106.84111, 20.819166 ], [ 106.838333, 20.822781 ], [ 106.835831, 20.82361 ], [ 106.830276, 20.830473 ], [ 106.830276, 20.834167 ], [ 106.832779, 20.842501 ], [ 106.832222, 20.846668 ], [ 106.828613, 20.850283 ], [ 106.824165, 20.852221 ], [ 106.818611, 20.853331 ], [ 106.818047, 20.855831 ], [ 106.822502, 20.861666 ], [ 106.821953, 20.865829 ], [ 106.816391, 20.87056 ], [ 106.813606, 20.871941 ], [ 106.806946, 20.876944 ], [ 106.799721, 20.879168 ], [ 106.794998, 20.883329 ], [ 106.79528, 20.888056 ], [ 106.793053, 20.891945 ], [ 106.788887, 20.892778 ], [ 106.785835, 20.895555 ], [ 106.787224, 20.901112 ], [ 106.786667, 20.911945 ], [ 106.782501, 20.916109 ], [ 106.778053, 20.923334 ], [ 106.776947, 20.926666 ], [ 106.776833, 20.931593 ], [ 106.786377, 20.93111 ], [ 106.789444, 20.931944 ], [ 106.804443, 20.932503 ], [ 106.809166, 20.928329 ], [ 106.814911, 20.924454 ], [ 106.818047, 20.92333 ], [ 106.825836, 20.922501 ], [ 106.829445, 20.918888 ], [ 106.83046, 20.91375 ], [ 106.831947, 20.91111 ], [ 106.835556, 20.908335 ], [ 106.84417, 20.903893 ], [ 106.847504, 20.899445 ], [ 106.844719, 20.893612 ], [ 106.84362, 20.889158 ], [ 106.845558, 20.88139 ], [ 106.849167, 20.87693 ], [ 106.849998, 20.872221 ], [ 106.853058, 20.8675 ], [ 106.853615, 20.864166 ], [ 106.859169, 20.85972 ], [ 106.863327, 20.858061 ], [ 106.864998, 20.853889 ], [ 106.868317, 20.845369 ], [ 106.868683, 20.83795 ], [ 106.869537, 20.835251 ], [ 106.868332, 20.831671 ], [ 106.860283, 20.827499 ], [ 106.849716, 20.822781 ], [ 106.84333, 20.81889 ] ] ], [ [ [ 106.996666, 20.869171 ], [ 106.993401, 20.87105 ], [ 106.990509, 20.86916 ], [ 106.988197, 20.870852 ], [ 106.980316, 20.870331 ], [ 106.979256, 20.871176 ], [ 106.984306, 20.875891 ], [ 106.980606, 20.88183 ], [ 106.98024, 20.885506 ], [ 106.986984, 20.885668 ], [ 106.98719, 20.887491 ], [ 106.991966, 20.889635 ], [ 106.997406, 20.886202 ], [ 106.99324, 20.88463 ], [ 106.989006, 20.885391 ], [ 106.988678, 20.880171 ], [ 106.986031, 20.878351 ], [ 106.988029, 20.876253 ], [ 106.993492, 20.877541 ], [ 106.996391, 20.875278 ], [ 106.996666, 20.869171 ] ] ], [ [ [ 106.957817, 20.887407 ], [ 106.9561, 20.884287 ], [ 106.954071, 20.884609 ], [ 106.954933, 20.889261 ], [ 106.957817, 20.887407 ] ] ], [ [ [ 106.967003, 20.88423 ], [ 106.963463, 20.885172 ], [ 106.964111, 20.890862 ], [ 106.966957, 20.89278 ], [ 106.968102, 20.888231 ], [ 106.967003, 20.88423 ] ] ], [ [ [ 107.011528, 20.891533 ], [ 107.010139, 20.886259 ], [ 107.007637, 20.88653 ], [ 107.003471, 20.883472 ], [ 107.002083, 20.891253 ], [ 107.006813, 20.890423 ], [ 107.010139, 20.89403 ], [ 107.011528, 20.891533 ] ] ], [ [ [ 107.106247, 20.895416 ], [ 107.109581, 20.894861 ], [ 107.109581, 20.890417 ], [ 107.106529, 20.890692 ], [ 107.106247, 20.895416 ] ] ], [ [ [ 107.016533, 20.89986 ], [ 107.015137, 20.895695 ], [ 107.011803, 20.895969 ], [ 107.015137, 20.902082 ], [ 107.016533, 20.89986 ] ] ], [ [ [ 107.106529, 20.904579 ], [ 107.109581, 20.910141 ], [ 107.109863, 20.904306 ], [ 107.106529, 20.904579 ] ] ], [ [ [ 107.019302, 20.910139 ], [ 107.022087, 20.909309 ], [ 107.024582, 20.90432 ], [ 107.020973, 20.902082 ], [ 107.01403, 20.908472 ], [ 107.017082, 20.909586 ], [ 107.017639, 20.913195 ], [ 107.019302, 20.910139 ] ] ], [ [ [ 106.784996, 20.91139 ], [ 106.784447, 20.907778 ], [ 106.778343, 20.90694 ], [ 106.774719, 20.91111 ], [ 106.77417, 20.91333 ], [ 106.775558, 20.917782 ], [ 106.77861, 20.91917 ], [ 106.784721, 20.9125 ], [ 106.784996, 20.91139 ] ] ], [ [ [ 107.111252, 20.912916 ], [ 107.105698, 20.914028 ], [ 107.104576, 20.917643 ], [ 107.110138, 20.91958 ], [ 107.111526, 20.918194 ], [ 107.111252, 20.912916 ] ] ], [ [ [ 106.933891, 20.9175 ], [ 106.938057, 20.92 ], [ 106.940552, 20.919167 ], [ 106.941109, 20.915833 ], [ 106.949081, 20.912691 ], [ 106.946159, 20.911207 ], [ 106.948082, 20.906942 ], [ 106.943611, 20.90806 ], [ 106.935837, 20.908611 ], [ 106.932686, 20.90778 ], [ 106.926941, 20.907778 ], [ 106.921669, 20.90917 ], [ 106.909447, 20.906666 ], [ 106.90667, 20.90806 ], [ 106.901947, 20.903893 ], [ 106.897499, 20.902498 ], [ 106.895546, 20.907501 ], [ 106.896667, 20.9125 ], [ 106.901947, 20.913889 ], [ 106.906921, 20.916931 ], [ 106.913063, 20.914721 ], [ 106.915833, 20.917219 ], [ 106.908333, 20.919724 ], [ 106.903893, 20.919445 ], [ 106.90139, 20.915556 ], [ 106.899437, 20.9175 ], [ 106.895554, 20.916389 ], [ 106.891937, 20.92028 ], [ 106.892181, 20.927351 ], [ 106.893608, 20.931944 ], [ 106.887192, 20.93248 ], [ 106.885277, 20.93639 ], [ 106.888336, 20.942499 ], [ 106.888336, 20.950556 ], [ 106.89222, 20.953058 ], [ 106.896942, 20.951668 ], [ 106.903343, 20.95389 ], [ 106.907219, 20.952499 ], [ 106.912216, 20.95056 ], [ 106.916656, 20.94722 ], [ 106.917778, 20.944166 ], [ 106.929443, 20.935556 ], [ 106.929955, 20.931683 ], [ 106.933052, 20.92333 ], [ 106.929733, 20.916389 ], [ 106.933891, 20.9175 ] ] ], [ [ [ 106.974716, 20.93222 ], [ 106.973053, 20.935835 ], [ 106.98111, 20.939171 ], [ 106.984436, 20.938061 ], [ 106.987778, 20.935278 ], [ 106.991943, 20.939171 ], [ 106.99472, 20.936666 ], [ 106.995552, 20.932777 ], [ 106.990593, 20.925211 ], [ 106.989761, 20.919785 ], [ 106.987221, 20.918613 ], [ 106.98098, 20.923389 ], [ 106.981667, 20.926668 ], [ 106.978889, 20.929998 ], [ 106.974716, 20.93222 ] ] ], [ [ [ 106.940002, 20.933613 ], [ 106.933609, 20.938612 ], [ 106.928337, 20.94083 ], [ 106.925003, 20.943609 ], [ 106.924446, 20.9475 ], [ 106.927223, 20.954721 ], [ 106.93222, 20.954445 ], [ 106.933609, 20.952499 ], [ 106.935555, 20.950277 ], [ 106.942497, 20.945829 ], [ 106.950546, 20.941668 ], [ 106.951668, 20.93889 ], [ 106.948059, 20.9375 ], [ 106.941948, 20.933331 ], [ 106.940002, 20.933613 ] ] ], [ [ [ 106.94722, 20.950001 ], [ 106.951668, 20.948889 ], [ 106.955002, 20.949446 ], [ 106.959167, 20.94722 ], [ 106.959999, 20.944445 ], [ 106.956108, 20.942221 ], [ 106.951942, 20.942223 ], [ 106.949165, 20.944445 ], [ 106.945, 20.945829 ], [ 106.942223, 20.948891 ], [ 106.94722, 20.950001 ] ] ], [ [ [ 106.902222, 20.95722 ], [ 106.895912, 20.958311 ], [ 106.894447, 20.964445 ], [ 106.898056, 20.965561 ], [ 106.90361, 20.963333 ], [ 106.914719, 20.963333 ], [ 106.917778, 20.961941 ], [ 106.919167, 20.958611 ], [ 106.918335, 20.953888 ], [ 106.916893, 20.95285 ], [ 106.907532, 20.954132 ], [ 106.902222, 20.95722 ] ] ], [ [ [ 106.8825, 20.96666 ], [ 106.882225, 20.969999 ], [ 106.883888, 20.972778 ], [ 106.887154, 20.971882 ], [ 106.886429, 20.968073 ], [ 106.8825, 20.96666 ] ] ], [ [ [ 106.882233, 20.972219 ], [ 106.878334, 20.970278 ], [ 106.876389, 20.974445 ], [ 106.872223, 20.977501 ], [ 106.87722, 20.978058 ], [ 106.882225, 20.975555 ], [ 106.882233, 20.972219 ] ] ], [ [ [ 107.069901, 20.974028 ], [ 107.068474, 20.977083 ], [ 107.068748, 20.980972 ], [ 107.072083, 20.980972 ], [ 107.075142, 20.979311 ], [ 107.072914, 20.971527 ], [ 107.069901, 20.974028 ] ] ], [ [ [ 106.752502, 21.01639 ], [ 106.757523, 21.015211 ], [ 106.7575, 21.012781 ], [ 106.75222, 21.01417 ], [ 106.752502, 21.01639 ] ] ], [ [ [ 106.491753, 21.228149 ], [ 106.489227, 21.231543 ], [ 106.485474, 21.22888 ], [ 106.479378, 21.228706 ], [ 106.473892, 21.230385 ], [ 106.466087, 21.226444 ], [ 106.461746, 21.227364 ], [ 106.457527, 21.229704 ], [ 106.45488, 21.232967 ], [ 106.451874, 21.230839 ], [ 106.445778, 21.231491 ], [ 106.44281, 21.229286 ], [ 106.435143, 21.22851 ], [ 106.430489, 21.231453 ], [ 106.423485, 21.230875 ], [ 106.421829, 21.223734 ], [ 106.416939, 21.223475 ], [ 106.41214, 21.207987 ], [ 106.410393, 21.208395 ], [ 106.406639, 21.206217 ], [ 106.40049, 21.204676 ], [ 106.398003, 21.202822 ], [ 106.392624, 21.203148 ], [ 106.390968, 21.200258 ], [ 106.384865, 21.196674 ], [ 106.381706, 21.196026 ], [ 106.376724, 21.196741 ], [ 106.373398, 21.195551 ], [ 106.373016, 21.189972 ], [ 106.366676, 21.181387 ], [ 106.363716, 21.179314 ], [ 106.36441, 21.174513 ], [ 106.361404, 21.171877 ], [ 106.355522, 21.173252 ], [ 106.351616, 21.171598 ], [ 106.347679, 21.173315 ], [ 106.34359, 21.172262 ], [ 106.346809, 21.168266 ], [ 106.345016, 21.166592 ], [ 106.340271, 21.172762 ], [ 106.335693, 21.17259 ], [ 106.331696, 21.174717 ], [ 106.330139, 21.181479 ], [ 106.327637, 21.181501 ], [ 106.32235, 21.185354 ], [ 106.324127, 21.192184 ], [ 106.31282, 21.193085 ], [ 106.309769, 21.189548 ], [ 106.308762, 21.185604 ], [ 106.308937, 21.180056 ], [ 106.311501, 21.173126 ], [ 106.316055, 21.166889 ], [ 106.319382, 21.161289 ], [ 106.322464, 21.153021 ], [ 106.3218, 21.147268 ], [ 106.316643, 21.135611 ], [ 106.311935, 21.130386 ], [ 106.308899, 21.128317 ], [ 106.304588, 21.126989 ], [ 106.298546, 21.122089 ], [ 106.294006, 21.127096 ], [ 106.289238, 21.13022 ], [ 106.28241, 21.132078 ], [ 106.273972, 21.131201 ], [ 106.271584, 21.133102 ], [ 106.266624, 21.144053 ], [ 106.261475, 21.148802 ], [ 106.256935, 21.150694 ], [ 106.255287, 21.153637 ], [ 106.254944, 21.159241 ], [ 106.25737, 21.165319 ], [ 106.25367, 21.170738 ], [ 106.251137, 21.171568 ], [ 106.246048, 21.170715 ], [ 106.241341, 21.168709 ], [ 106.227661, 21.159204 ], [ 106.225082, 21.158701 ], [ 106.21492, 21.158773 ], [ 106.213264, 21.161558 ], [ 106.215683, 21.166645 ], [ 106.221092, 21.172468 ], [ 106.220108, 21.175356 ], [ 106.217384, 21.176474 ], [ 106.211296, 21.176151 ], [ 106.205803, 21.17742 ], [ 106.199013, 21.180923 ], [ 106.19545, 21.181944 ], [ 106.187027, 21.180302 ], [ 106.184814, 21.176392 ], [ 106.178116, 21.176699 ], [ 106.170799, 21.180649 ], [ 106.166283, 21.188166 ], [ 106.162216, 21.19314 ], [ 106.153633, 21.206676 ], [ 106.150864, 21.209522 ], [ 106.14608, 21.212486 ], [ 106.13401, 21.216364 ], [ 106.130547, 21.216333 ], [ 106.127686, 21.214573 ], [ 106.12368, 21.209784 ], [ 106.124092, 21.201172 ], [ 106.122452, 21.198669 ], [ 106.119179, 21.198299 ], [ 106.114281, 21.200687 ], [ 106.102531, 21.202099 ], [ 106.092102, 21.204521 ], [ 106.085373, 21.208332 ], [ 106.084923, 21.211451 ], [ 106.086174, 21.215473 ], [ 106.082298, 21.219687 ], [ 106.078362, 21.21979 ], [ 106.073372, 21.21752 ], [ 106.066483, 21.223581 ], [ 106.060776, 21.226051 ], [ 106.054306, 21.227768 ], [ 106.048805, 21.224607 ], [ 106.046173, 21.219992 ], [ 106.042236, 21.215725 ], [ 106.042137, 21.210123 ], [ 106.046455, 21.204445 ], [ 106.044373, 21.201944 ], [ 106.040466, 21.202126 ], [ 106.038132, 21.204601 ], [ 106.035072, 21.210352 ], [ 106.034096, 21.213917 ], [ 106.033829, 21.220644 ], [ 106.03418, 21.230011 ], [ 106.032776, 21.233709 ], [ 106.032982, 21.238628 ], [ 106.035278, 21.243771 ], [ 106.034515, 21.246496 ], [ 106.026062, 21.252674 ], [ 106.020966, 21.255087 ], [ 106.00898, 21.259607 ], [ 106.001289, 21.258738 ], [ 105.997826, 21.259647 ], [ 105.99556, 21.262854 ], [ 105.992325, 21.263815 ], [ 105.986198, 21.254351 ], [ 105.986893, 21.249374 ], [ 105.991386, 21.240843 ], [ 105.98996, 21.236088 ], [ 105.982086, 21.233124 ], [ 105.979103, 21.228901 ], [ 105.977898, 21.224564 ], [ 105.975876, 21.223267 ], [ 105.970772, 21.224108 ], [ 105.967262, 21.225645 ], [ 105.96405, 21.230427 ], [ 105.96064, 21.230656 ], [ 105.957214, 21.227221 ], [ 105.955544, 21.228748 ], [ 105.95401, 21.233101 ], [ 105.951477, 21.23513 ], [ 105.947784, 21.23489 ], [ 105.942581, 21.232983 ], [ 105.940239, 21.23357 ], [ 105.936066, 21.236944 ], [ 105.93515, 21.240091 ], [ 105.937256, 21.243505 ], [ 105.938461, 21.246748 ], [ 105.933044, 21.253748 ], [ 105.928169, 21.262703 ], [ 105.922424, 21.270174 ], [ 105.921806, 21.276602 ], [ 105.922707, 21.28792 ], [ 105.925179, 21.289885 ], [ 105.929916, 21.291491 ], [ 105.929741, 21.295176 ], [ 105.922012, 21.294111 ], [ 105.917694, 21.294298 ], [ 105.915398, 21.295799 ], [ 105.915375, 21.29834 ], [ 105.917198, 21.304682 ], [ 105.915283, 21.305672 ], [ 105.90831, 21.301788 ], [ 105.902023, 21.303112 ], [ 105.897728, 21.306438 ], [ 105.896782, 21.310617 ], [ 105.898521, 21.316233 ], [ 105.898865, 21.324961 ], [ 105.89756, 21.327126 ], [ 105.891632, 21.326473 ], [ 105.889999, 21.325497 ], [ 105.883484, 21.327526 ], [ 105.876915, 21.327724 ], [ 105.870209, 21.329901 ], [ 105.866302, 21.328125 ], [ 105.865173, 21.333422 ], [ 105.861595, 21.338434 ], [ 105.8573, 21.338873 ], [ 105.854996, 21.343031 ], [ 105.855339, 21.34753 ], [ 105.851761, 21.349098 ], [ 105.853638, 21.353525 ], [ 105.850822, 21.355713 ], [ 105.852386, 21.359528 ], [ 105.8535, 21.369631 ], [ 105.856827, 21.365988 ], [ 105.858673, 21.367872 ], [ 105.856804, 21.370497 ], [ 105.857941, 21.374025 ], [ 105.85482, 21.376692 ], [ 105.848877, 21.374557 ], [ 105.846344, 21.377718 ], [ 105.837967, 21.377443 ], [ 105.834969, 21.37406 ], [ 105.831688, 21.373264 ], [ 105.828079, 21.376392 ], [ 105.82383, 21.377468 ], [ 105.814087, 21.383394 ], [ 105.812172, 21.381224 ], [ 105.80304, 21.38463 ], [ 105.800018, 21.385221 ], [ 105.796364, 21.382605 ], [ 105.793961, 21.379578 ], [ 105.789604, 21.377838 ], [ 105.787056, 21.374981 ], [ 105.785812, 21.363651 ], [ 105.783928, 21.359701 ], [ 105.778526, 21.360043 ], [ 105.774628, 21.361275 ], [ 105.773529, 21.365482 ], [ 105.774323, 21.367235 ], [ 105.771896, 21.371038 ], [ 105.769577, 21.370916 ], [ 105.76828, 21.37488 ], [ 105.758957, 21.378572 ], [ 105.76265, 21.387379 ], [ 105.765274, 21.38937 ], [ 105.762367, 21.400789 ], [ 105.755653, 21.408855 ], [ 105.754822, 21.410967 ], [ 105.749626, 21.414738 ], [ 105.745773, 21.416372 ], [ 105.738777, 21.414785 ], [ 105.734726, 21.411108 ], [ 105.730141, 21.409233 ], [ 105.727791, 21.409828 ], [ 105.722054, 21.413807 ], [ 105.720695, 21.416542 ], [ 105.723061, 21.420256 ], [ 105.724709, 21.427868 ], [ 105.723961, 21.433193 ], [ 105.720245, 21.432596 ], [ 105.714401, 21.430058 ], [ 105.711548, 21.43082 ], [ 105.706322, 21.43601 ], [ 105.703728, 21.44087 ], [ 105.700348, 21.440773 ], [ 105.696777, 21.439173 ], [ 105.688522, 21.442745 ], [ 105.685875, 21.444609 ], [ 105.681587, 21.449553 ], [ 105.677208, 21.456409 ], [ 105.673241, 21.458426 ], [ 105.668877, 21.458126 ], [ 105.665733, 21.460293 ], [ 105.659096, 21.459517 ], [ 105.651939, 21.457663 ], [ 105.645294, 21.464155 ], [ 105.64447, 21.468748 ], [ 105.640602, 21.472435 ], [ 105.635918, 21.475166 ], [ 105.630722, 21.480072 ], [ 105.632027, 21.488358 ], [ 105.634338, 21.493168 ], [ 105.631844, 21.495111 ], [ 105.624893, 21.496595 ], [ 105.62204, 21.499037 ], [ 105.618187, 21.498631 ], [ 105.61657, 21.502478 ], [ 105.611275, 21.505428 ], [ 105.610428, 21.512297 ], [ 105.605804, 21.518278 ], [ 105.606232, 21.52397 ], [ 105.603287, 21.528915 ], [ 105.599564, 21.532036 ], [ 105.59433, 21.533928 ], [ 105.587601, 21.53414 ], [ 105.582817, 21.535912 ], [ 105.58223, 21.540318 ], [ 105.577316, 21.543951 ], [ 105.568825, 21.553171 ], [ 105.566315, 21.554226 ], [ 105.563293, 21.557571 ], [ 105.558395, 21.567438 ], [ 105.555176, 21.571566 ], [ 105.550415, 21.57336 ], [ 105.541733, 21.573984 ], [ 105.538673, 21.57069 ], [ 105.536766, 21.565111 ], [ 105.533615, 21.562944 ], [ 105.528992, 21.556982 ], [ 105.528603, 21.553026 ], [ 105.526756, 21.547283 ], [ 105.524239, 21.544865 ], [ 105.522141, 21.537785 ], [ 105.518127, 21.534433 ], [ 105.512947, 21.535826 ], [ 105.505798, 21.5319 ], [ 105.50354, 21.528028 ], [ 105.501381, 21.5287 ], [ 105.49939, 21.526327 ], [ 105.496407, 21.525412 ], [ 105.493835, 21.528498 ], [ 105.489853, 21.522293 ], [ 105.488708, 21.518969 ], [ 105.485664, 21.517679 ], [ 105.477966, 21.520676 ], [ 105.47261, 21.523861 ], [ 105.472176, 21.5208 ], [ 105.467415, 21.517719 ], [ 105.462616, 21.516438 ], [ 105.457893, 21.518723 ], [ 105.454926, 21.515823 ], [ 105.456001, 21.51388 ], [ 105.454674, 21.510998 ], [ 105.446007, 21.510094 ], [ 105.443695, 21.509127 ], [ 105.439484, 21.510036 ], [ 105.433006, 21.506784 ], [ 105.428917, 21.505941 ], [ 105.426758, 21.504208 ], [ 105.42292, 21.498531 ], [ 105.421379, 21.499161 ], [ 105.418701, 21.503647 ], [ 105.417686, 21.508205 ], [ 105.414818, 21.509155 ], [ 105.412308, 21.512217 ], [ 105.409744, 21.512959 ], [ 105.405365, 21.512083 ], [ 105.400642, 21.513847 ], [ 105.396187, 21.51055 ], [ 105.388237, 21.512218 ], [ 105.386513, 21.518908 ], [ 105.380089, 21.522985 ], [ 105.374191, 21.523197 ], [ 105.371109, 21.52463 ], [ 105.367409, 21.52441 ], [ 105.363243, 21.522732 ], [ 105.361023, 21.519711 ], [ 105.353424, 21.518255 ], [ 105.347961, 21.51951 ], [ 105.343155, 21.518372 ], [ 105.343315, 21.516159 ], [ 105.337296, 21.512087 ], [ 105.336136, 21.508711 ], [ 105.338669, 21.506178 ], [ 105.336281, 21.504566 ], [ 105.332222, 21.504574 ], [ 105.329666, 21.506111 ], [ 105.324066, 21.507158 ], [ 105.322731, 21.510296 ], [ 105.316261, 21.510962 ], [ 105.312309, 21.50979 ], [ 105.308006, 21.507298 ], [ 105.303581, 21.507738 ], [ 105.300629, 21.509382 ], [ 105.297318, 21.514019 ], [ 105.295639, 21.521448 ], [ 105.297974, 21.531498 ], [ 105.292549, 21.53657 ], [ 105.280693, 21.541296 ], [ 105.273544, 21.541691 ], [ 105.269341, 21.544056 ], [ 105.26741, 21.547729 ], [ 105.272469, 21.552917 ], [ 105.271439, 21.554346 ], [ 105.273941, 21.55764 ], [ 105.272598, 21.561916 ], [ 105.270523, 21.563562 ], [ 105.26239, 21.566698 ], [ 105.261467, 21.570414 ], [ 105.254112, 21.578276 ], [ 105.249649, 21.584579 ], [ 105.248718, 21.592993 ], [ 105.245232, 21.597713 ], [ 105.248444, 21.599964 ], [ 105.249344, 21.60268 ], [ 105.252502, 21.604519 ], [ 105.250389, 21.611309 ], [ 105.246254, 21.615503 ], [ 105.234894, 21.617046 ], [ 105.232353, 21.618658 ], [ 105.225418, 21.629765 ], [ 105.232742, 21.635517 ], [ 105.236748, 21.640961 ], [ 105.238869, 21.646774 ], [ 105.238022, 21.65106 ], [ 105.234657, 21.658876 ], [ 105.229141, 21.660172 ], [ 105.220444, 21.660315 ], [ 105.217964, 21.662352 ], [ 105.207642, 21.661282 ], [ 105.201073, 21.664486 ], [ 105.198502, 21.668192 ], [ 105.194588, 21.669121 ], [ 105.192276, 21.671934 ], [ 105.192764, 21.67531 ], [ 105.191025, 21.677162 ], [ 105.184662, 21.677614 ], [ 105.178513, 21.682356 ], [ 105.178345, 21.686018 ], [ 105.168365, 21.686298 ], [ 105.164001, 21.688259 ], [ 105.156044, 21.681679 ], [ 105.155731, 21.687557 ], [ 105.152573, 21.689487 ], [ 105.149582, 21.693783 ], [ 105.150299, 21.698126 ], [ 105.144295, 21.700796 ], [ 105.142899, 21.698544 ], [ 105.138496, 21.698378 ], [ 105.132919, 21.696821 ], [ 105.131187, 21.697481 ], [ 105.126358, 21.703184 ], [ 105.122841, 21.704712 ], [ 105.115486, 21.705212 ], [ 105.11171, 21.706812 ], [ 105.108391, 21.706228 ], [ 105.105537, 21.712282 ], [ 105.103546, 21.713131 ], [ 105.100952, 21.71776 ], [ 105.098816, 21.716921 ], [ 105.094482, 21.718994 ], [ 105.090431, 21.719763 ], [ 105.085472, 21.718418 ], [ 105.084167, 21.722582 ], [ 105.080963, 21.724133 ], [ 105.077469, 21.721893 ], [ 105.075706, 21.722782 ], [ 105.073135, 21.729048 ], [ 105.076103, 21.733595 ], [ 105.075417, 21.735777 ], [ 105.068352, 21.738939 ], [ 105.065987, 21.742432 ], [ 105.057312, 21.745436 ], [ 105.057335, 21.749437 ], [ 105.060219, 21.748793 ], [ 105.067955, 21.751604 ], [ 105.073296, 21.757687 ], [ 105.073334, 21.760759 ], [ 105.080101, 21.770868 ], [ 105.071922, 21.77832 ], [ 105.07058, 21.780365 ], [ 105.073936, 21.783066 ], [ 105.075981, 21.786131 ], [ 105.078941, 21.786591 ], [ 105.081909, 21.791697 ], [ 105.084595, 21.801649 ], [ 105.088058, 21.807417 ], [ 105.095604, 21.811434 ], [ 105.099525, 21.812189 ], [ 105.097237, 21.817825 ], [ 105.091484, 21.821712 ], [ 105.087784, 21.828501 ], [ 105.076393, 21.830383 ], [ 105.066299, 21.841852 ], [ 105.060707, 21.850073 ], [ 105.057571, 21.858536 ], [ 105.051506, 21.859055 ], [ 105.043488, 21.864859 ], [ 105.041641, 21.872284 ], [ 105.040382, 21.873837 ], [ 105.041824, 21.877979 ], [ 105.040604, 21.880018 ], [ 105.041603, 21.882917 ], [ 105.040535, 21.885887 ], [ 105.036797, 21.888134 ], [ 105.036209, 21.891415 ], [ 105.030144, 21.892658 ], [ 105.02504, 21.891933 ], [ 105.021492, 21.894663 ], [ 105.017647, 21.894283 ], [ 105.01284, 21.900154 ], [ 105.01458, 21.90271 ], [ 105.013466, 21.907337 ], [ 105.017723, 21.910961 ], [ 105.021271, 21.917383 ], [ 105.021011, 21.921528 ], [ 105.022125, 21.92444 ], [ 105.018967, 21.926016 ], [ 105.01796, 21.929298 ], [ 105.018394, 21.935863 ], [ 105.01387, 21.935863 ], [ 105.008934, 21.937389 ], [ 105.003128, 21.934692 ], [ 104.998375, 21.929253 ], [ 104.994972, 21.929148 ], [ 104.988899, 21.931383 ], [ 104.988106, 21.934296 ], [ 104.985695, 21.936575 ], [ 104.986092, 21.941343 ], [ 104.988556, 21.945448 ], [ 104.989723, 21.949909 ], [ 104.992416, 21.95363 ], [ 104.994514, 21.961929 ], [ 104.993835, 21.967636 ], [ 104.991623, 21.97109 ], [ 104.994003, 21.977909 ], [ 104.996864, 21.982502 ], [ 104.998878, 21.988785 ], [ 104.99604, 21.992542 ], [ 104.993515, 21.993996 ], [ 104.98893, 22.003178 ], [ 104.99263, 22.0114 ], [ 104.995583, 22.015587 ], [ 104.991737, 22.018389 ], [ 104.991447, 22.0205 ], [ 104.993454, 22.023939 ], [ 104.993881, 22.027884 ], [ 104.992889, 22.032181 ], [ 104.994759, 22.038853 ], [ 104.996902, 22.043011 ], [ 104.996033, 22.044138 ], [ 104.989838, 22.045374 ], [ 104.982933, 22.042461 ], [ 104.980057, 22.042948 ], [ 104.978012, 22.041286 ], [ 104.97113, 22.040304 ], [ 104.968414, 22.03591 ], [ 104.966812, 22.031467 ], [ 104.961029, 22.029448 ], [ 104.957916, 22.033863 ], [ 104.955215, 22.035126 ], [ 104.949295, 22.03446 ], [ 104.945709, 22.035795 ], [ 104.94178, 22.042879 ], [ 104.939796, 22.044355 ], [ 104.940865, 22.051514 ], [ 104.938049, 22.055754 ], [ 104.93441, 22.058462 ], [ 104.927818, 22.061691 ], [ 104.919937, 22.060587 ], [ 104.91729, 22.058884 ], [ 104.911926, 22.065477 ], [ 104.907127, 22.063251 ], [ 104.902138, 22.063995 ], [ 104.895691, 22.071337 ], [ 104.891106, 22.072737 ], [ 104.886284, 22.071144 ], [ 104.881065, 22.072477 ], [ 104.880463, 22.074871 ], [ 104.87265, 22.081041 ], [ 104.872498, 22.084801 ], [ 104.870422, 22.08651 ], [ 104.870842, 22.091574 ], [ 104.86409, 22.096699 ], [ 104.863808, 22.100185 ], [ 104.864815, 22.106703 ], [ 104.864151, 22.112089 ], [ 104.862442, 22.118196 ], [ 104.859764, 22.12228 ], [ 104.858841, 22.12904 ], [ 104.86084, 22.132936 ], [ 104.859039, 22.135799 ], [ 104.862747, 22.141897 ], [ 104.861488, 22.14753 ], [ 104.859016, 22.148233 ], [ 104.857109, 22.154148 ], [ 104.853195, 22.157497 ], [ 104.854149, 22.16263 ], [ 104.853157, 22.16419 ], [ 104.85463, 22.170366 ], [ 104.851974, 22.171509 ], [ 104.849716, 22.175585 ], [ 104.849854, 22.178562 ], [ 104.848198, 22.180611 ], [ 104.848137, 22.185297 ], [ 104.853767, 22.189789 ], [ 104.854424, 22.194607 ], [ 104.856209, 22.198704 ], [ 104.859238, 22.196869 ], [ 104.863457, 22.202515 ], [ 104.874504, 22.201277 ], [ 104.87545, 22.196964 ], [ 104.87365, 22.195927 ], [ 104.875969, 22.192442 ], [ 104.878342, 22.186178 ], [ 104.881241, 22.184822 ], [ 104.88369, 22.186527 ], [ 104.886124, 22.185144 ], [ 104.888664, 22.186077 ], [ 104.892746, 22.182995 ], [ 104.895966, 22.186979 ], [ 104.893822, 22.190145 ], [ 104.898125, 22.199606 ], [ 104.899689, 22.204763 ], [ 104.902969, 22.205217 ], [ 104.90239, 22.211327 ], [ 104.904678, 22.213963 ], [ 104.908646, 22.21133 ], [ 104.910622, 22.212023 ], [ 104.913124, 22.216213 ], [ 104.910919, 22.221428 ], [ 104.912575, 22.225855 ], [ 104.910316, 22.227077 ], [ 104.911514, 22.230852 ], [ 104.91114, 22.235989 ], [ 104.913467, 22.238964 ], [ 104.917442, 22.241068 ], [ 104.916267, 22.246298 ], [ 104.913895, 22.248798 ], [ 104.909111, 22.250055 ], [ 104.90731, 22.25205 ], [ 104.906532, 22.257971 ], [ 104.903336, 22.261881 ], [ 104.895721, 22.267952 ], [ 104.89212, 22.269417 ], [ 104.891586, 22.27404 ], [ 104.894638, 22.276333 ], [ 104.901665, 22.275139 ], [ 104.905518, 22.27593 ], [ 104.906799, 22.279655 ], [ 104.910484, 22.282896 ], [ 104.910309, 22.286142 ], [ 104.911766, 22.289017 ], [ 104.91481, 22.290791 ], [ 104.918953, 22.289383 ], [ 104.921158, 22.290928 ], [ 104.919838, 22.293242 ], [ 104.91555, 22.296021 ], [ 104.914459, 22.298122 ], [ 104.917259, 22.303312 ], [ 104.915665, 22.306515 ], [ 104.912804, 22.308323 ], [ 104.910332, 22.312649 ], [ 104.906242, 22.313232 ], [ 104.899956, 22.315863 ], [ 104.895981, 22.31642 ], [ 104.894608, 22.320171 ], [ 104.890831, 22.324617 ], [ 104.895317, 22.328026 ], [ 104.896629, 22.330313 ], [ 104.895645, 22.338161 ], [ 104.899323, 22.343658 ], [ 104.899284, 22.34948 ], [ 104.906731, 22.350918 ], [ 104.910133, 22.345287 ], [ 104.910919, 22.340591 ], [ 104.914398, 22.336363 ], [ 104.920891, 22.332741 ], [ 104.927628, 22.333403 ], [ 104.932053, 22.332336 ], [ 104.937859, 22.333399 ], [ 104.94059, 22.328621 ], [ 104.949913, 22.321026 ], [ 104.954185, 22.320925 ], [ 104.960533, 22.318916 ], [ 104.968651, 22.319607 ], [ 104.973053, 22.321367 ], [ 104.979004, 22.325274 ], [ 104.982513, 22.324278 ], [ 104.983887, 22.320934 ], [ 104.988014, 22.316368 ], [ 104.992424, 22.315254 ], [ 104.995758, 22.302027 ], [ 105.006088, 22.29899 ], [ 105.007675, 22.295704 ], [ 105.007675, 22.291376 ], [ 105.004425, 22.286263 ], [ 105.004288, 22.283903 ], [ 105.007393, 22.282066 ], [ 105.007111, 22.27774 ], [ 105.00972, 22.26759 ], [ 105.014877, 22.268066 ], [ 105.016449, 22.269527 ], [ 105.019836, 22.2763 ], [ 105.025986, 22.279512 ], [ 105.028816, 22.282537 ], [ 105.033585, 22.285254 ], [ 105.042038, 22.287516 ], [ 105.045837, 22.287865 ], [ 105.047913, 22.289936 ], [ 105.048645, 22.295528 ], [ 105.048004, 22.301975 ], [ 105.046089, 22.305014 ], [ 105.044464, 22.311567 ], [ 105.049034, 22.31378 ], [ 105.059158, 22.312908 ], [ 105.058136, 22.316872 ], [ 105.058327, 22.322399 ], [ 105.059799, 22.325991 ], [ 105.060127, 22.330736 ], [ 105.05632, 22.334406 ], [ 105.051559, 22.335552 ], [ 105.049385, 22.338671 ], [ 105.047943, 22.344822 ], [ 105.044556, 22.349815 ], [ 105.040039, 22.35121 ], [ 105.040596, 22.35338 ], [ 105.044899, 22.356798 ], [ 105.047569, 22.357632 ], [ 105.053978, 22.356428 ], [ 105.056725, 22.357653 ], [ 105.065918, 22.355474 ], [ 105.075523, 22.352453 ], [ 105.079765, 22.352518 ], [ 105.082504, 22.354124 ], [ 105.086205, 22.359608 ], [ 105.085487, 22.362818 ], [ 105.079475, 22.37347 ], [ 105.075386, 22.376995 ], [ 105.072044, 22.382479 ], [ 105.072784, 22.387581 ], [ 105.074921, 22.390099 ], [ 105.074699, 22.393806 ], [ 105.076347, 22.395844 ], [ 105.082153, 22.396425 ], [ 105.088943, 22.395044 ], [ 105.091019, 22.39724 ], [ 105.091377, 22.402138 ], [ 105.095573, 22.404158 ], [ 105.098717, 22.413019 ], [ 105.100113, 22.415398 ], [ 105.099037, 22.421471 ], [ 105.096886, 22.424553 ], [ 105.095406, 22.42951 ], [ 105.08934, 22.433531 ], [ 105.086128, 22.439425 ], [ 105.090988, 22.441093 ], [ 105.096489, 22.444372 ], [ 105.099998, 22.444895 ], [ 105.10524, 22.45055 ], [ 105.111305, 22.45216 ], [ 105.116776, 22.456202 ], [ 105.11647, 22.460775 ], [ 105.110748, 22.464764 ], [ 105.110497, 22.471622 ], [ 105.109077, 22.47385 ], [ 105.111137, 22.480738 ], [ 105.111397, 22.484489 ], [ 105.10656, 22.490894 ], [ 105.109436, 22.49918 ], [ 105.114952, 22.505814 ], [ 105.120842, 22.517496 ], [ 105.126572, 22.535263 ], [ 105.124779, 22.541597 ], [ 105.124916, 22.545803 ], [ 105.120163, 22.553476 ], [ 105.11937, 22.557018 ], [ 105.120308, 22.563847 ], [ 105.11927, 22.567793 ], [ 105.113037, 22.575167 ], [ 105.116554, 22.578218 ], [ 105.121765, 22.580364 ], [ 105.121513, 22.583179 ], [ 105.132362, 22.589067 ], [ 105.133232, 22.593399 ], [ 105.129204, 22.594749 ], [ 105.125969, 22.604445 ], [ 105.130768, 22.609371 ], [ 105.138412, 22.613369 ], [ 105.139809, 22.622223 ], [ 105.142181, 22.625687 ], [ 105.149353, 22.62167 ], [ 105.15123, 22.619038 ], [ 105.158432, 22.621786 ], [ 105.156395, 22.627161 ], [ 105.152908, 22.629391 ], [ 105.155945, 22.632275 ], [ 105.14846, 22.642225 ], [ 105.146828, 22.646881 ], [ 105.14695, 22.650511 ], [ 105.139191, 22.656195 ], [ 105.139091, 22.662655 ], [ 105.138191, 22.664804 ], [ 105.134811, 22.665844 ], [ 105.129555, 22.670128 ], [ 105.134628, 22.672359 ], [ 105.133904, 22.675179 ], [ 105.138397, 22.687889 ], [ 105.141823, 22.69095 ], [ 105.148819, 22.694529 ], [ 105.155319, 22.693481 ], [ 105.161247, 22.690809 ], [ 105.169823, 22.688625 ], [ 105.173172, 22.683537 ], [ 105.179276, 22.682028 ], [ 105.181961, 22.682533 ], [ 105.190941, 22.678398 ], [ 105.199249, 22.677162 ], [ 105.204651, 22.67783 ], [ 105.209038, 22.671972 ], [ 105.211105, 22.666634 ], [ 105.214798, 22.663263 ], [ 105.218697, 22.661308 ], [ 105.223022, 22.662876 ], [ 105.229935, 22.664183 ], [ 105.231522, 22.66251 ], [ 105.241051, 22.656427 ], [ 105.243462, 22.648994 ], [ 105.246277, 22.651903 ], [ 105.250259, 22.653667 ], [ 105.264755, 22.648729 ], [ 105.270325, 22.648466 ], [ 105.278549, 22.644094 ], [ 105.28334, 22.638718 ], [ 105.281425, 22.634733 ], [ 105.283485, 22.631403 ], [ 105.286346, 22.62941 ], [ 105.287666, 22.625498 ], [ 105.285667, 22.622826 ], [ 105.285873, 22.616913 ], [ 105.289375, 22.613581 ], [ 105.29174, 22.614021 ], [ 105.301193, 22.612804 ], [ 105.310913, 22.613232 ], [ 105.310646, 22.608271 ], [ 105.315178, 22.604422 ], [ 105.31736, 22.605103 ], [ 105.313972, 22.609703 ], [ 105.316093, 22.616251 ], [ 105.31636, 22.619678 ], [ 105.318352, 22.62439 ], [ 105.322639, 22.625614 ], [ 105.322098, 22.628702 ], [ 105.324905, 22.630438 ], [ 105.324249, 22.637159 ], [ 105.328468, 22.6401 ], [ 105.331703, 22.640352 ], [ 105.336906, 22.639006 ], [ 105.342079, 22.640947 ], [ 105.351158, 22.639351 ], [ 105.361763, 22.638947 ], [ 105.362602, 22.635962 ], [ 105.367027, 22.634306 ], [ 105.371086, 22.633953 ], [ 105.381989, 22.629246 ], [ 105.384384, 22.627525 ], [ 105.394363, 22.630417 ], [ 105.396423, 22.62825 ], [ 105.402519, 22.624371 ], [ 105.404945, 22.619221 ], [ 105.409103, 22.615026 ], [ 105.409241, 22.612061 ], [ 105.417282, 22.610769 ], [ 105.421097, 22.608879 ], [ 105.429771, 22.608994 ], [ 105.433205, 22.606268 ], [ 105.435997, 22.608717 ], [ 105.441406, 22.610231 ], [ 105.441238, 22.605434 ], [ 105.444893, 22.607256 ], [ 105.444527, 22.609945 ], [ 105.447807, 22.61091 ], [ 105.452652, 22.608564 ], [ 105.459045, 22.609211 ], [ 105.463776, 22.613989 ], [ 105.469147, 22.616253 ], [ 105.473389, 22.616543 ], [ 105.475914, 22.620514 ], [ 105.482353, 22.619804 ], [ 105.486267, 22.618353 ], [ 105.491524, 22.62396 ], [ 105.49408, 22.625154 ], [ 105.496483, 22.628927 ], [ 105.498016, 22.634089 ], [ 105.495583, 22.641848 ], [ 105.493622, 22.650692 ], [ 105.495216, 22.655968 ], [ 105.494804, 22.658871 ], [ 105.488609, 22.666916 ], [ 105.485985, 22.675709 ], [ 105.48642, 22.679811 ], [ 105.488678, 22.687464 ], [ 105.491615, 22.690121 ], [ 105.495804, 22.689894 ], [ 105.498558, 22.691877 ], [ 105.497704, 22.696245 ], [ 105.49025, 22.702412 ], [ 105.487, 22.706711 ], [ 105.485077, 22.714794 ], [ 105.482033, 22.721626 ], [ 105.479111, 22.725922 ], [ 105.477684, 22.73003 ], [ 105.476952, 22.736856 ], [ 105.47538, 22.739683 ], [ 105.473076, 22.750591 ], [ 105.47303, 22.753647 ], [ 105.467033, 22.753689 ], [ 105.466988, 22.755583 ], [ 105.460938, 22.756824 ], [ 105.452332, 22.75724 ], [ 105.450531, 22.758604 ], [ 105.4459, 22.765127 ], [ 105.444672, 22.769106 ], [ 105.44014, 22.773117 ], [ 105.431122, 22.775911 ], [ 105.425171, 22.776791 ], [ 105.422363, 22.782602 ], [ 105.420456, 22.784437 ], [ 105.415543, 22.784973 ], [ 105.412758, 22.786419 ], [ 105.406677, 22.792341 ], [ 105.39994, 22.793171 ], [ 105.3965, 22.796314 ], [ 105.388718, 22.808386 ], [ 105.386635, 22.810064 ], [ 105.381752, 22.811579 ], [ 105.371231, 22.81214 ], [ 105.362442, 22.816446 ], [ 105.352478, 22.817019 ], [ 105.347961, 22.815617 ], [ 105.343819, 22.817692 ], [ 105.343155, 22.825171 ], [ 105.340202, 22.828131 ], [ 105.336479, 22.828871 ], [ 105.334221, 22.830652 ], [ 105.330444, 22.831392 ], [ 105.325508, 22.835402 ], [ 105.319756, 22.8374 ], [ 105.317337, 22.839235 ], [ 105.312073, 22.846905 ], [ 105.308243, 22.851149 ], [ 105.303978, 22.851862 ], [ 105.300034, 22.85438 ], [ 105.29705, 22.854813 ], [ 105.283745, 22.854855 ], [ 105.27272, 22.860441 ], [ 105.270973, 22.862484 ], [ 105.271477, 22.875631 ], [ 105.272324, 22.876884 ], [ 105.281837, 22.875536 ], [ 105.28862, 22.87636 ], [ 105.291977, 22.875648 ], [ 105.297615, 22.872814 ], [ 105.304619, 22.873638 ], [ 105.306488, 22.87468 ], [ 105.305511, 22.881662 ], [ 105.306519, 22.88796 ], [ 105.305206, 22.894157 ], [ 105.305611, 22.89834 ], [ 105.311302, 22.907034 ], [ 105.311089, 22.911688 ], [ 105.315979, 22.913691 ], [ 105.3218, 22.913523 ], [ 105.32383, 22.914513 ], [ 105.326645, 22.920387 ], [ 105.330544, 22.922577 ], [ 105.33477, 22.930227 ], [ 105.336189, 22.931479 ], [ 105.347633, 22.932526 ], [ 105.358597, 22.935167 ], [ 105.364288, 22.939468 ], [ 105.36026, 22.945829 ], [ 105.360497, 22.948498 ], [ 105.366066, 22.962027 ], [ 105.365959, 22.964273 ], [ 105.360359, 22.970587 ], [ 105.361763, 22.978294 ], [ 105.369682, 22.98267 ], [ 105.375153, 22.988956 ], [ 105.382103, 22.988104 ], [ 105.393501, 22.990717 ], [ 105.399155, 22.990231 ], [ 105.405006, 22.993692 ], [ 105.411171, 22.993729 ], [ 105.414398, 22.99597 ], [ 105.417297, 23.000301 ], [ 105.423645, 22.997852 ], [ 105.42794, 22.997528 ], [ 105.434143, 23.000883 ], [ 105.441376, 23.000759 ], [ 105.446594, 22.998419 ], [ 105.450157, 22.998512 ], [ 105.452766, 23.00091 ], [ 105.45871, 23.003557 ], [ 105.461617, 23.002216 ], [ 105.464386, 23.002993 ], [ 105.468185, 23.006641 ], [ 105.473694, 23.006077 ], [ 105.487923, 23.008677 ], [ 105.490417, 23.015388 ], [ 105.490105, 23.020573 ], [ 105.491348, 23.025805 ], [ 105.493706, 23.029041 ], [ 105.494545, 23.032957 ], [ 105.497002, 23.036966 ], [ 105.502968, 23.04118 ], [ 105.504356, 23.047779 ], [ 105.507729, 23.051039 ], [ 105.507141, 23.0581 ], [ 105.511574, 23.064011 ], [ 105.513031, 23.068071 ], [ 105.519409, 23.074841 ], [ 105.519501, 23.078459 ], [ 105.517136, 23.083179 ], [ 105.523476, 23.095587 ], [ 105.52417, 23.099834 ], [ 105.527184, 23.103395 ], [ 105.528168, 23.107662 ], [ 105.530792, 23.109535 ], [ 105.536896, 23.1084 ], [ 105.54467, 23.108191 ], [ 105.55101, 23.109318 ], [ 105.554626, 23.114286 ], [ 105.557861, 23.11673 ], [ 105.564407, 23.118378 ], [ 105.564789, 23.114111 ], [ 105.567139, 23.11145 ], [ 105.567459, 23.108419 ], [ 105.571587, 23.10556 ], [ 105.569168, 23.10264 ], [ 105.571007, 23.098051 ], [ 105.570953, 23.09304 ], [ 105.564697, 23.089748 ], [ 105.564667, 23.086521 ], [ 105.568329, 23.08386 ], [ 105.569183, 23.07534 ], [ 105.572006, 23.07239 ], [ 105.577332, 23.06893 ], [ 105.582222, 23.069099 ], [ 105.590492, 23.072781 ], [ 105.590889, 23.07552 ], [ 105.595428, 23.076571 ], [ 105.605812, 23.077 ], [ 105.610863, 23.071609 ], [ 105.616188, 23.06879 ], [ 105.61972, 23.06885 ], [ 105.625992, 23.071932 ], [ 105.630386, 23.07913 ], [ 105.637466, 23.081461 ], [ 105.644653, 23.08193 ], [ 105.649406, 23.079771 ], [ 105.649986, 23.076832 ], [ 105.65271, 23.074671 ], [ 105.660248, 23.07465 ], [ 105.669647, 23.070223 ], [ 105.676643, 23.063751 ], [ 105.68071, 23.064331 ], [ 105.689423, 23.062441 ], [ 105.698631, 23.06212 ], [ 105.702827, 23.063782 ], [ 105.71167, 23.06258 ], [ 105.709106, 23.069139 ], [ 105.711517, 23.07011 ], [ 105.715996, 23.064621 ], [ 105.7258, 23.064011 ], [ 105.728416, 23.06263 ], [ 105.734039, 23.062321 ], [ 105.734703, 23.056829 ], [ 105.729866, 23.05372 ], [ 105.729446, 23.04767 ], [ 105.733116, 23.044121 ], [ 105.732117, 23.040899 ], [ 105.735336, 23.039131 ], [ 105.738136, 23.03315 ], [ 105.740883, 23.031971 ], [ 105.747482, 23.034691 ], [ 105.751228, 23.034479 ], [ 105.75351, 23.032681 ], [ 105.758217, 23.03149 ], [ 105.761292, 23.032091 ], [ 105.764076, 23.02664 ], [ 105.772133, 23.025209 ], [ 105.775116, 23.023533 ], [ 105.780006, 23.022438 ], [ 105.783707, 23.017241 ], [ 105.787773, 23.0084 ], [ 105.795441, 22.999269 ], [ 105.804039, 22.993071 ], [ 105.805618, 22.9949 ], [ 105.808731, 22.994289 ], [ 105.812599, 22.996271 ], [ 105.816139, 22.996401 ], [ 105.81945, 22.99439 ], [ 105.823662, 22.996799 ], [ 105.825607, 22.996429 ], [ 105.835938, 22.988359 ], [ 105.838791, 22.98233 ], [ 105.839188, 22.97967 ], [ 105.84404, 22.97596 ], [ 105.84832, 22.97785 ], [ 105.850357, 22.97366 ], [ 105.854698, 22.969971 ], [ 105.85424, 22.9653 ], [ 105.856232, 22.960985 ], [ 105.855927, 22.95694 ], [ 105.864098, 22.952721 ], [ 105.862297, 22.948481 ], [ 105.862793, 22.944971 ], [ 105.861809, 22.94047 ], [ 105.867508, 22.938101 ], [ 105.872337, 22.93264 ], [ 105.870201, 22.92523 ], [ 105.876793, 22.92909 ], [ 105.880112, 22.92906 ], [ 105.884369, 22.92753 ], [ 105.887527, 22.931841 ], [ 105.887978, 22.935921 ], [ 105.89019, 22.93832 ], [ 105.894783, 22.939781 ], [ 105.898483, 22.94491 ], [ 105.901611, 22.94664 ], [ 105.907959, 22.94626 ], [ 105.914253, 22.950211 ], [ 105.91877, 22.95542 ], [ 105.921837, 22.950493 ], [ 105.92923, 22.950178 ], [ 105.930237, 22.94743 ], [ 105.933151, 22.946581 ], [ 105.937965, 22.943098 ], [ 105.939262, 22.938751 ], [ 105.944847, 22.939671 ], [ 105.947548, 22.93857 ], [ 105.95504, 22.939091 ], [ 105.957558, 22.950331 ], [ 105.963066, 22.950041 ], [ 105.975449, 22.947639 ], [ 105.981262, 22.946091 ], [ 105.98497, 22.94257 ], [ 105.992119, 22.93918 ], [ 105.993813, 22.941601 ], [ 105.998177, 22.941151 ], [ 106.001862, 22.94665 ], [ 106.002213, 22.954142 ], [ 105.999527, 22.959051 ], [ 106.003586, 22.96266 ], [ 106.005753, 22.962961 ], [ 106.008087, 22.967621 ], [ 106.00425, 22.972441 ], [ 106.004539, 22.97504 ], [ 106.000183, 22.97934 ], [ 106.002548, 22.985981 ], [ 106.001343, 22.989849 ], [ 106.002762, 22.99202 ], [ 106.007553, 22.99136 ], [ 106.012619, 22.99267 ], [ 106.018532, 22.99032 ], [ 106.021591, 22.991951 ], [ 106.024361, 22.991091 ], [ 106.027931, 22.993231 ], [ 106.030891, 22.99115 ], [ 106.039307, 22.99362 ], [ 106.040398, 22.990391 ], [ 106.043938, 22.989943 ], [ 106.048546, 22.99518 ], [ 106.050682, 22.9937 ], [ 106.054977, 22.99324 ], [ 106.056717, 22.990231 ], [ 106.060127, 22.99194 ], [ 106.063667, 22.991159 ], [ 106.073883, 22.99802 ], [ 106.080391, 22.998293 ], [ 106.08419, 23.00032 ], [ 106.089989, 22.997976 ], [ 106.092033, 22.998522 ], [ 106.096291, 22.992668 ], [ 106.099586, 22.99295 ], [ 106.101799, 22.988781 ], [ 106.104546, 22.986155 ], [ 106.108513, 22.990051 ], [ 106.113411, 22.98781 ], [ 106.115952, 22.988819 ], [ 106.119713, 22.987011 ], [ 106.128853, 22.989611 ], [ 106.131508, 22.989681 ], [ 106.131058, 22.99341 ], [ 106.134758, 22.99555 ], [ 106.139977, 22.994329 ], [ 106.145218, 22.996021 ], [ 106.147293, 22.99246 ], [ 106.156616, 22.989941 ], [ 106.159668, 22.99021 ], [ 106.160103, 22.98719 ], [ 106.164627, 22.985262 ], [ 106.170326, 22.98477 ], [ 106.174202, 22.982531 ], [ 106.177528, 22.983931 ], [ 106.181061, 22.98315 ], [ 106.187767, 22.988041 ], [ 106.190918, 22.98716 ], [ 106.196938, 22.99008 ], [ 106.200287, 22.987019 ], [ 106.202972, 22.982311 ], [ 106.205727, 22.980721 ], [ 106.206299, 22.9778 ], [ 106.210617, 22.97296 ], [ 106.211807, 22.97015 ], [ 106.216759, 22.96966 ], [ 106.217537, 22.96529 ], [ 106.224358, 22.963831 ], [ 106.223518, 22.960531 ], [ 106.224586, 22.957291 ], [ 106.229271, 22.956911 ], [ 106.235771, 22.95318 ], [ 106.236641, 22.946951 ], [ 106.243103, 22.940941 ], [ 106.245987, 22.939751 ], [ 106.246193, 22.93186 ], [ 106.247963, 22.926851 ], [ 106.251747, 22.922022 ], [ 106.256111, 22.92156 ], [ 106.2593, 22.919291 ], [ 106.263519, 22.911604 ], [ 106.26741, 22.91205 ], [ 106.270592, 22.90893 ], [ 106.269287, 22.905691 ], [ 106.270592, 22.9021 ], [ 106.2742, 22.899981 ], [ 106.276237, 22.897051 ], [ 106.273567, 22.89291 ], [ 106.27404, 22.88925 ], [ 106.27774, 22.8862 ], [ 106.273628, 22.88274 ], [ 106.271767, 22.8766 ], [ 106.274406, 22.87274 ], [ 106.276588, 22.871971 ], [ 106.278671, 22.868832 ], [ 106.281548, 22.87001 ], [ 106.286713, 22.867628 ], [ 106.290489, 22.869341 ], [ 106.290436, 22.87392 ], [ 106.293686, 22.87464 ], [ 106.298363, 22.87385 ], [ 106.305359, 22.869032 ], [ 106.308411, 22.864672 ], [ 106.310997, 22.863981 ], [ 106.315628, 22.868521 ], [ 106.319626, 22.87047 ], [ 106.320831, 22.87421 ], [ 106.323677, 22.87702 ], [ 106.331688, 22.870188 ], [ 106.334846, 22.865501 ], [ 106.340317, 22.86344 ], [ 106.346451, 22.856131 ], [ 106.351326, 22.855921 ], [ 106.35775, 22.86035 ], [ 106.35936, 22.863171 ], [ 106.363487, 22.867451 ], [ 106.361786, 22.87146 ], [ 106.364258, 22.875509 ], [ 106.36422, 22.879511 ], [ 106.368217, 22.88163 ], [ 106.36972, 22.88427 ], [ 106.377533, 22.88394 ], [ 106.380516, 22.88299 ], [ 106.384399, 22.884281 ], [ 106.386879, 22.882408 ], [ 106.390327, 22.88336 ], [ 106.394112, 22.88006 ], [ 106.401009, 22.881041 ], [ 106.404007, 22.88015 ], [ 106.405777, 22.875561 ], [ 106.408401, 22.87635 ], [ 106.409546, 22.881081 ], [ 106.408417, 22.886341 ], [ 106.418427, 22.892019 ], [ 106.424377, 22.891581 ], [ 106.428299, 22.886461 ], [ 106.433876, 22.889469 ], [ 106.440552, 22.89011 ], [ 106.443291, 22.89183 ], [ 106.443687, 22.895821 ], [ 106.44648, 22.8997 ], [ 106.446342, 22.902788 ], [ 106.448341, 22.903761 ], [ 106.452171, 22.90295 ], [ 106.454376, 22.903921 ], [ 106.455849, 22.90048 ], [ 106.459923, 22.89584 ], [ 106.463348, 22.89588 ], [ 106.464508, 22.90111 ], [ 106.469803, 22.90037 ], [ 106.47213, 22.902411 ], [ 106.471268, 22.90576 ], [ 106.473747, 22.909561 ], [ 106.479218, 22.9079 ], [ 106.480186, 22.904882 ], [ 106.483177, 22.903591 ], [ 106.494087, 22.907841 ], [ 106.495911, 22.905163 ], [ 106.499367, 22.906691 ], [ 106.501396, 22.910959 ], [ 106.500923, 22.913771 ], [ 106.502831, 22.91588 ], [ 106.498596, 22.918381 ], [ 106.502548, 22.92326 ], [ 106.500237, 22.925591 ], [ 106.500153, 22.93017 ], [ 106.498947, 22.93227 ], [ 106.502586, 22.934921 ], [ 106.503937, 22.932121 ], [ 106.506447, 22.931271 ], [ 106.507408, 22.93494 ], [ 106.51236, 22.94635 ], [ 106.519028, 22.94652 ], [ 106.52137, 22.948191 ], [ 106.525726, 22.94776 ], [ 106.52903, 22.943321 ], [ 106.529297, 22.940531 ], [ 106.536873, 22.941231 ], [ 106.541153, 22.942329 ], [ 106.540993, 22.93461 ], [ 106.544357, 22.92873 ], [ 106.548622, 22.92849 ], [ 106.548561, 22.9258 ], [ 106.551147, 22.92396 ], [ 106.559769, 22.923031 ], [ 106.56472, 22.919182 ], [ 106.566902, 22.91888 ], [ 106.571281, 22.9242 ], [ 106.578217, 22.926151 ], [ 106.579773, 22.924824 ], [ 106.582817, 22.92671 ], [ 106.585876, 22.930971 ], [ 106.591278, 22.932859 ], [ 106.597412, 22.933121 ], [ 106.602959, 22.92676 ], [ 106.605133, 22.926189 ], [ 106.604919, 22.921171 ], [ 106.608696, 22.91922 ], [ 106.611229, 22.914791 ], [ 106.609093, 22.912401 ], [ 106.610336, 22.90885 ], [ 106.612831, 22.90737 ], [ 106.613319, 22.90431 ], [ 106.615517, 22.90189 ], [ 106.621681, 22.901121 ], [ 106.631111, 22.89109 ], [ 106.62896, 22.88743 ], [ 106.636513, 22.88723 ], [ 106.638542, 22.885321 ], [ 106.639648, 22.88026 ], [ 106.636917, 22.87748 ], [ 106.638489, 22.875351 ], [ 106.643631, 22.875 ], [ 106.648193, 22.867453 ], [ 106.653122, 22.87052 ], [ 106.657265, 22.869099 ], [ 106.658592, 22.871161 ], [ 106.662422, 22.87233 ], [ 106.666367, 22.875931 ], [ 106.66552, 22.880251 ], [ 106.667061, 22.881969 ], [ 106.66507, 22.8873 ], [ 106.669731, 22.89266 ], [ 106.673317, 22.89086 ], [ 106.675568, 22.89225 ], [ 106.680077, 22.886923 ], [ 106.684021, 22.891399 ], [ 106.690483, 22.89094 ], [ 106.693207, 22.893091 ], [ 106.697891, 22.88879 ], [ 106.701988, 22.887987 ], [ 106.707832, 22.88896 ], [ 106.712952, 22.885731 ], [ 106.713043, 22.880699 ], [ 106.716858, 22.878191 ], [ 106.718918, 22.87326 ], [ 106.715958, 22.870571 ], [ 106.710716, 22.869848 ], [ 106.70874, 22.86698 ], [ 106.709167, 22.86483 ], [ 106.723663, 22.855221 ], [ 106.727173, 22.85144 ], [ 106.734978, 22.847561 ], [ 106.738083, 22.844931 ], [ 106.74157, 22.84375 ], [ 106.744377, 22.837749 ], [ 106.748413, 22.83672 ], [ 106.753647, 22.8309 ], [ 106.757637, 22.830551 ], [ 106.759232, 22.8288 ], [ 106.767227, 22.825911 ], [ 106.766899, 22.818541 ], [ 106.763977, 22.811272 ], [ 106.767387, 22.81135 ], [ 106.773041, 22.81636 ], [ 106.780411, 22.815401 ], [ 106.784309, 22.81139 ], [ 106.785713, 22.814131 ], [ 106.794022, 22.816113 ], [ 106.798286, 22.818321 ], [ 106.801628, 22.818081 ], [ 106.80751, 22.82007 ], [ 106.81665, 22.8197 ], [ 106.821777, 22.81694 ], [ 106.822601, 22.81271 ], [ 106.827812, 22.812363 ], [ 106.829887, 22.80802 ], [ 106.837883, 22.80234 ], [ 106.839462, 22.797831 ], [ 106.836288, 22.79446 ], [ 106.833199, 22.78903 ], [ 106.827461, 22.78754 ], [ 106.824356, 22.788071 ], [ 106.821762, 22.78273 ], [ 106.823708, 22.7784 ], [ 106.817619, 22.77154 ], [ 106.813667, 22.77002 ], [ 106.802422, 22.767241 ], [ 106.796623, 22.769272 ], [ 106.794579, 22.76792 ], [ 106.793747, 22.762171 ], [ 106.79216, 22.759743 ], [ 106.787918, 22.75738 ], [ 106.788208, 22.753571 ], [ 106.786751, 22.752029 ], [ 106.780441, 22.751421 ], [ 106.777191, 22.749411 ], [ 106.777763, 22.747459 ], [ 106.775208, 22.74456 ], [ 106.767937, 22.74444 ], [ 106.764793, 22.74114 ], [ 106.7696, 22.737381 ], [ 106.764999, 22.733398 ], [ 106.765053, 22.72929 ], [ 106.770027, 22.7223 ], [ 106.768936, 22.714771 ], [ 106.771553, 22.714251 ], [ 106.778366, 22.710272 ], [ 106.780678, 22.70624 ], [ 106.772186, 22.70397 ], [ 106.765823, 22.701191 ], [ 106.760887, 22.69792 ], [ 106.760483, 22.695169 ], [ 106.753708, 22.695721 ], [ 106.752571, 22.69212 ], [ 106.75621, 22.690126 ], [ 106.757126, 22.68786 ], [ 106.760887, 22.68548 ], [ 106.760483, 22.681671 ], [ 106.758278, 22.679531 ], [ 106.757973, 22.67552 ], [ 106.756508, 22.673681 ], [ 106.750343, 22.66958 ], [ 106.743187, 22.670589 ], [ 106.741226, 22.66975 ], [ 106.739632, 22.66477 ], [ 106.736938, 22.66283 ], [ 106.739777, 22.657619 ], [ 106.738113, 22.65484 ], [ 106.733978, 22.653801 ], [ 106.731537, 22.644781 ], [ 106.732536, 22.640699 ], [ 106.729416, 22.63777 ], [ 106.727432, 22.63418 ], [ 106.729149, 22.62995 ], [ 106.724762, 22.62252 ], [ 106.724106, 22.618299 ], [ 106.731041, 22.610838 ], [ 106.731216, 22.605921 ], [ 106.72908, 22.596142 ], [ 106.732452, 22.593941 ], [ 106.733353, 22.590549 ], [ 106.724152, 22.58713 ], [ 106.710266, 22.5786 ], [ 106.708244, 22.57782 ], [ 106.696907, 22.583179 ], [ 106.689262, 22.57852 ], [ 106.681236, 22.571371 ], [ 106.675919, 22.572929 ], [ 106.67244, 22.575411 ], [ 106.666893, 22.57773 ], [ 106.662537, 22.575941 ], [ 106.656776, 22.576193 ], [ 106.653061, 22.57515 ], [ 106.647827, 22.577959 ], [ 106.644493, 22.584141 ], [ 106.639343, 22.58522 ], [ 106.637932, 22.58869 ], [ 106.633957, 22.590752 ], [ 106.63353, 22.594513 ], [ 106.631157, 22.599211 ], [ 106.632332, 22.601151 ], [ 106.629631, 22.60503 ], [ 106.626717, 22.604021 ], [ 106.624077, 22.60541 ], [ 106.621147, 22.604021 ], [ 106.610428, 22.60379 ], [ 106.605957, 22.59709 ], [ 106.606148, 22.592941 ], [ 106.604149, 22.59071 ], [ 106.604317, 22.58815 ], [ 106.608047, 22.58551 ], [ 106.608162, 22.5804 ], [ 106.601486, 22.57571 ], [ 106.601227, 22.571529 ], [ 106.603813, 22.564171 ], [ 106.600273, 22.551991 ], [ 106.59127, 22.54958 ], [ 106.591553, 22.545471 ], [ 106.590057, 22.537901 ], [ 106.590828, 22.53557 ], [ 106.58683, 22.526991 ], [ 106.586342, 22.524271 ], [ 106.582306, 22.519711 ], [ 106.58242, 22.512899 ], [ 106.581108, 22.497841 ], [ 106.582863, 22.493999 ], [ 106.581947, 22.490801 ], [ 106.583313, 22.485331 ], [ 106.582611, 22.48278 ], [ 106.584351, 22.476675 ], [ 106.582581, 22.47381 ], [ 106.579407, 22.472878 ], [ 106.576607, 22.468693 ], [ 106.573647, 22.47168 ], [ 106.568497, 22.468811 ], [ 106.566116, 22.46891 ], [ 106.562576, 22.462801 ], [ 106.565407, 22.458691 ], [ 106.56057, 22.4555 ], [ 106.560287, 22.451839 ], [ 106.558563, 22.44837 ], [ 106.559357, 22.446781 ], [ 106.564331, 22.44615 ], [ 106.567436, 22.44005 ], [ 106.568863, 22.432371 ], [ 106.564003, 22.423201 ], [ 106.560928, 22.422127 ], [ 106.564568, 22.418741 ], [ 106.566147, 22.413219 ], [ 106.568207, 22.411539 ], [ 106.571213, 22.403921 ], [ 106.576233, 22.398731 ], [ 106.584167, 22.39525 ], [ 106.585182, 22.393581 ], [ 106.5858, 22.385983 ], [ 106.587837, 22.383461 ], [ 106.587677, 22.379459 ], [ 106.58503, 22.375811 ], [ 106.578949, 22.371422 ], [ 106.571671, 22.369461 ], [ 106.572037, 22.365789 ], [ 106.574562, 22.359591 ], [ 106.569046, 22.35803 ], [ 106.560997, 22.350611 ], [ 106.562553, 22.347919 ], [ 106.570992, 22.34181 ], [ 106.574287, 22.346031 ], [ 106.577568, 22.345119 ], [ 106.578857, 22.341223 ], [ 106.581482, 22.339081 ], [ 106.583527, 22.339621 ], [ 106.588806, 22.34428 ], [ 106.591187, 22.34123 ], [ 106.595619, 22.33947 ], [ 106.601547, 22.338461 ], [ 106.610451, 22.338751 ], [ 106.613007, 22.340193 ], [ 106.62056, 22.33353 ], [ 106.629898, 22.337561 ], [ 106.633087, 22.337709 ], [ 106.635239, 22.340311 ], [ 106.650673, 22.33931 ], [ 106.654846, 22.338011 ], [ 106.656075, 22.335531 ], [ 106.65992, 22.33465 ], [ 106.657021, 22.327951 ], [ 106.660431, 22.320391 ], [ 106.667297, 22.312441 ], [ 106.668221, 22.309061 ], [ 106.666458, 22.301041 ], [ 106.672157, 22.29759 ], [ 106.671806, 22.295841 ], [ 106.666481, 22.2913 ], [ 106.666397, 22.289051 ], [ 106.669273, 22.28639 ], [ 106.6754, 22.287401 ], [ 106.67823, 22.29047 ], [ 106.683632, 22.28779 ], [ 106.685623, 22.283279 ], [ 106.690399, 22.27939 ], [ 106.69175, 22.276611 ], [ 106.690163, 22.271641 ], [ 106.686127, 22.26955 ], [ 106.684807, 22.265341 ], [ 106.686951, 22.26181 ], [ 106.690353, 22.25926 ], [ 106.689407, 22.252623 ], [ 106.692497, 22.247301 ], [ 106.692146, 22.24299 ], [ 106.694817, 22.240681 ], [ 106.695587, 22.23686 ], [ 106.700012, 22.23152 ], [ 106.70282, 22.22698 ], [ 106.702721, 22.220341 ], [ 106.699677, 22.219061 ], [ 106.697937, 22.215391 ], [ 106.697731, 22.208281 ], [ 106.696701, 22.20635 ], [ 106.691826, 22.202539 ], [ 106.685791, 22.20211 ], [ 106.68103, 22.203451 ], [ 106.680077, 22.196211 ], [ 106.674675, 22.187061 ], [ 106.670036, 22.186121 ], [ 106.672112, 22.181761 ], [ 106.675682, 22.179832 ], [ 106.676056, 22.17716 ], [ 106.678482, 22.175541 ], [ 106.678902, 22.17005 ], [ 106.683456, 22.16872 ], [ 106.686058, 22.164982 ], [ 106.692451, 22.16238 ], [ 106.69606, 22.161791 ], [ 106.702553, 22.163731 ], [ 106.704727, 22.16209 ], [ 106.706032, 22.155741 ], [ 106.701233, 22.155771 ], [ 106.697273, 22.153761 ], [ 106.695869, 22.149206 ], [ 106.696213, 22.145851 ], [ 106.694901, 22.142241 ], [ 106.690971, 22.13928 ], [ 106.691551, 22.13546 ], [ 106.693977, 22.133751 ], [ 106.694267, 22.12855 ], [ 106.692238, 22.12171 ], [ 106.693062, 22.11796 ], [ 106.694931, 22.116781 ], [ 106.695053, 22.110991 ], [ 106.699661, 22.10574 ], [ 106.705597, 22.102991 ], [ 106.708687, 22.103559 ], [ 106.710007, 22.100113 ], [ 106.712967, 22.096479 ], [ 106.711182, 22.093609 ], [ 106.711227, 22.08881 ], [ 106.708687, 22.08704 ], [ 106.707512, 22.071091 ], [ 106.710907, 22.06785 ], [ 106.71019, 22.06419 ], [ 106.706993, 22.064449 ], [ 106.707039, 22.05975 ], [ 106.704399, 22.056841 ], [ 106.697693, 22.053391 ], [ 106.698982, 22.047649 ], [ 106.697044, 22.04493 ], [ 106.697746, 22.04269 ], [ 106.705307, 22.03812 ], [ 106.705788, 22.03223 ], [ 106.707878, 22.02931 ], [ 106.707542, 22.0242 ], [ 106.705353, 22.02109 ], [ 106.700539, 22.01808 ], [ 106.699829, 22.0151 ], [ 106.696198, 22.01392 ], [ 106.688683, 22.00696 ], [ 106.684868, 22.004631 ], [ 106.684563, 21.999821 ], [ 106.683327, 21.996161 ], [ 106.683853, 21.99041 ], [ 106.685196, 21.988161 ], [ 106.686287, 21.97887 ], [ 106.690727, 21.976431 ], [ 106.691628, 21.973179 ], [ 106.697922, 21.97164 ], [ 106.699837, 21.967455 ], [ 106.70298, 21.96682 ], [ 106.705917, 21.97006 ], [ 106.707443, 21.97533 ], [ 106.712761, 21.972992 ], [ 106.719467, 21.974001 ], [ 106.722008, 21.977449 ], [ 106.723061, 21.981421 ], [ 106.72805, 21.98667 ], [ 106.729179, 21.992559 ], [ 106.735077, 22.000721 ], [ 106.737411, 22.002691 ], [ 106.736649, 22.00651 ], [ 106.739273, 22.00828 ], [ 106.750771, 22.008881 ], [ 106.757217, 22.012709 ], [ 106.763268, 22.011801 ], [ 106.769028, 22.012569 ], [ 106.776466, 22.00841 ], [ 106.778969, 22.00493 ], [ 106.78492, 22.00436 ], [ 106.786163, 21.99901 ], [ 106.788803, 21.992601 ], [ 106.795433, 21.992319 ], [ 106.798241, 21.98951 ], [ 106.801987, 21.988823 ], [ 106.804062, 21.986021 ], [ 106.80407, 21.982965 ], [ 106.806419, 21.981611 ], [ 106.804443, 21.977598 ], [ 106.805542, 21.975891 ], [ 106.81147, 21.9734 ], [ 106.82, 21.973301 ], [ 106.822906, 21.974701 ], [ 106.832741, 21.974421 ], [ 106.832085, 21.980734 ], [ 106.834518, 21.983419 ], [ 106.841072, 21.983049 ], [ 106.845253, 21.979441 ], [ 106.847969, 21.9797 ], [ 106.851387, 21.982382 ], [ 106.855789, 21.980841 ], [ 106.861656, 21.98316 ], [ 106.862099, 21.981091 ], [ 106.86731, 21.982361 ], [ 106.869148, 21.98048 ], [ 106.873978, 21.979851 ], [ 106.879242, 21.981352 ], [ 106.882149, 21.97978 ], [ 106.88607, 21.979401 ], [ 106.889587, 21.976271 ], [ 106.897263, 21.9753 ], [ 106.900383, 21.97241 ], [ 106.905266, 21.971189 ], [ 106.912163, 21.975342 ], [ 106.918503, 21.973471 ], [ 106.919701, 21.96932 ], [ 106.923088, 21.96413 ], [ 106.923347, 21.958467 ], [ 106.921738, 21.953371 ], [ 106.923912, 21.948891 ], [ 106.929108, 21.941151 ], [ 106.929886, 21.933941 ], [ 106.928848, 21.931511 ], [ 106.933456, 21.929823 ], [ 106.942207, 21.932121 ], [ 106.951897, 21.933331 ], [ 106.953178, 21.932079 ], [ 106.953789, 21.927322 ], [ 106.952988, 21.92481 ], [ 106.957176, 21.922901 ], [ 106.960457, 21.919481 ], [ 106.963089, 21.91997 ], [ 106.964958, 21.922461 ], [ 106.972008, 21.92264 ], [ 106.979332, 21.92671 ], [ 106.98098, 21.930971 ], [ 106.984367, 21.935881 ], [ 106.98362, 21.93828 ], [ 106.988373, 21.941851 ], [ 106.987556, 21.94516 ], [ 106.990067, 21.950621 ], [ 106.994301, 21.953138 ], [ 107.000443, 21.943541 ], [ 107.005852, 21.946053 ], [ 107.008873, 21.944851 ], [ 107.017998, 21.945169 ], [ 107.020836, 21.943281 ], [ 107.024109, 21.94392 ], [ 107.02285, 21.93932 ], [ 107.029442, 21.935951 ], [ 107.033516, 21.936981 ], [ 107.037582, 21.93288 ], [ 107.03862, 21.93049 ], [ 107.046608, 21.928951 ], [ 107.051758, 21.930351 ], [ 107.056076, 21.92984 ], [ 107.059853, 21.931259 ], [ 107.060966, 21.929411 ], [ 107.060898, 21.91975 ], [ 107.061607, 21.916611 ], [ 107.063782, 21.91391 ], [ 107.064903, 21.908953 ], [ 107.062416, 21.90494 ], [ 107.058472, 21.902081 ], [ 107.061867, 21.8958 ], [ 107.062134, 21.89282 ], [ 107.058327, 21.89127 ], [ 107.055099, 21.884911 ], [ 107.048843, 21.879791 ], [ 107.039253, 21.878 ], [ 107.03183, 21.869699 ], [ 107.02343, 21.86339 ], [ 107.026939, 21.85885 ], [ 107.039948, 21.85437 ], [ 107.037872, 21.85013 ], [ 107.031517, 21.841452 ], [ 107.026253, 21.83502 ], [ 107.024467, 21.83069 ], [ 107.020927, 21.82568 ], [ 107.024567, 21.819839 ], [ 107.029236, 21.817511 ], [ 107.039497, 21.817091 ], [ 107.041832, 21.81592 ], [ 107.047508, 21.815161 ], [ 107.049767, 21.81278 ], [ 107.060829, 21.809431 ], [ 107.067978, 21.80822 ], [ 107.075256, 21.80797 ], [ 107.078117, 21.80978 ], [ 107.084976, 21.809441 ], [ 107.086166, 21.805111 ], [ 107.089211, 21.8025 ], [ 107.090446, 21.79981 ], [ 107.095123, 21.799 ], [ 107.099892, 21.79446 ], [ 107.104607, 21.795031 ], [ 107.108513, 21.79303 ], [ 107.113289, 21.792341 ], [ 107.11348, 21.789221 ], [ 107.117508, 21.786661 ], [ 107.120956, 21.782949 ], [ 107.121933, 21.779871 ], [ 107.128357, 21.77622 ], [ 107.132896, 21.77552 ], [ 107.135742, 21.77108 ], [ 107.134529, 21.76878 ], [ 107.137253, 21.767061 ], [ 107.140213, 21.76251 ], [ 107.145477, 21.762268 ], [ 107.148323, 21.759741 ], [ 107.152733, 21.759241 ], [ 107.159958, 21.756521 ], [ 107.161919, 21.754499 ], [ 107.162689, 21.75058 ], [ 107.167542, 21.749901 ], [ 107.169487, 21.75255 ], [ 107.172256, 21.752211 ], [ 107.175186, 21.748041 ], [ 107.184166, 21.746531 ], [ 107.190109, 21.74147 ], [ 107.192978, 21.734701 ], [ 107.204056, 21.729031 ], [ 107.20768, 21.72279 ], [ 107.210579, 21.720991 ], [ 107.214272, 21.72131 ], [ 107.217056, 21.717831 ], [ 107.223328, 21.71652 ], [ 107.223587, 21.713909 ], [ 107.228722, 21.712921 ], [ 107.232353, 21.710192 ], [ 107.231613, 21.7071 ], [ 107.237183, 21.70713 ], [ 107.241119, 21.7045 ], [ 107.245079, 21.705408 ], [ 107.24733, 21.703541 ], [ 107.250076, 21.71619 ], [ 107.254349, 21.717861 ], [ 107.254379, 21.720001 ], [ 107.259171, 21.72444 ], [ 107.261276, 21.723801 ], [ 107.263718, 21.72633 ], [ 107.263962, 21.728651 ], [ 107.271187, 21.730671 ], [ 107.275093, 21.732491 ], [ 107.280403, 21.73358 ], [ 107.282249, 21.73226 ], [ 107.287537, 21.73167 ], [ 107.287437, 21.73609 ], [ 107.295151, 21.73959 ], [ 107.297836, 21.74226 ], [ 107.302872, 21.740751 ], [ 107.305809, 21.736601 ], [ 107.306198, 21.732981 ], [ 107.308586, 21.7299 ], [ 107.312668, 21.729931 ], [ 107.315796, 21.724751 ], [ 107.322357, 21.725088 ], [ 107.320183, 21.717043 ], [ 107.320297, 21.713381 ], [ 107.323647, 21.709831 ], [ 107.323967, 21.705101 ], [ 107.326988, 21.704531 ], [ 107.33493, 21.69759 ], [ 107.335892, 21.691551 ], [ 107.338753, 21.68709 ], [ 107.34446, 21.68786 ], [ 107.344566, 21.684971 ], [ 107.348007, 21.682913 ], [ 107.348808, 21.67988 ], [ 107.345268, 21.677629 ], [ 107.347168, 21.674341 ], [ 107.350571, 21.673149 ], [ 107.3545, 21.66991 ], [ 107.357666, 21.66964 ], [ 107.356598, 21.666361 ], [ 107.360207, 21.663231 ], [ 107.358543, 21.66021 ], [ 107.359337, 21.653601 ], [ 107.360687, 21.651739 ], [ 107.360687, 21.645531 ], [ 107.363747, 21.64015 ], [ 107.362991, 21.635443 ], [ 107.354607, 21.630569 ], [ 107.354942, 21.62569 ], [ 107.356476, 21.621861 ], [ 107.359573, 21.620531 ], [ 107.360497, 21.616751 ], [ 107.359299, 21.61347 ], [ 107.360893, 21.610769 ], [ 107.357529, 21.60467 ], [ 107.361877, 21.600468 ], [ 107.361946, 21.599201 ], [ 107.382347, 21.595428 ], [ 107.385139, 21.59927 ], [ 107.390823, 21.60351 ], [ 107.394028, 21.60865 ], [ 107.397438, 21.60981 ], [ 107.394608, 21.6154 ], [ 107.397881, 21.61916 ], [ 107.406303, 21.622181 ], [ 107.408051, 21.623569 ], [ 107.409103, 21.62748 ], [ 107.416359, 21.632101 ], [ 107.41584, 21.63662 ], [ 107.416878, 21.63953 ], [ 107.423058, 21.643061 ], [ 107.428589, 21.647141 ], [ 107.431366, 21.650051 ], [ 107.437248, 21.65045 ], [ 107.440308, 21.65377 ], [ 107.444786, 21.654371 ], [ 107.449142, 21.657221 ], [ 107.45388, 21.65807 ], [ 107.460419, 21.661991 ], [ 107.467262, 21.664671 ], [ 107.47187, 21.662788 ], [ 107.476509, 21.662411 ], [ 107.482086, 21.65752 ], [ 107.483452, 21.654079 ], [ 107.487122, 21.64942 ], [ 107.488441, 21.64246 ], [ 107.490562, 21.639709 ], [ 107.495171, 21.63726 ], [ 107.497787, 21.63467 ], [ 107.493011, 21.62389 ], [ 107.494484, 21.620098 ], [ 107.497437, 21.617651 ], [ 107.497131, 21.611391 ], [ 107.495956, 21.606241 ], [ 107.492897, 21.60504 ], [ 107.488297, 21.601511 ], [ 107.488426, 21.59967 ], [ 107.49791, 21.594938 ], [ 107.502388, 21.59524 ], [ 107.506973, 21.59753 ], [ 107.513168, 21.59712 ], [ 107.519203, 21.593361 ], [ 107.522476, 21.590403 ], [ 107.525917, 21.58922 ], [ 107.530762, 21.590101 ], [ 107.535759, 21.593281 ], [ 107.53907, 21.592739 ], [ 107.542908, 21.58913 ], [ 107.545258, 21.59053 ], [ 107.54921, 21.598711 ], [ 107.555786, 21.60701 ], [ 107.557213, 21.61162 ], [ 107.560959, 21.6134 ], [ 107.566879, 21.61183 ], [ 107.569229, 21.612581 ], [ 107.572998, 21.61615 ], [ 107.580742, 21.61713 ], [ 107.585129, 21.61128 ], [ 107.589249, 21.60866 ], [ 107.5961, 21.6073 ], [ 107.603592, 21.606819 ], [ 107.612183, 21.609411 ], [ 107.623062, 21.60898 ], [ 107.63472, 21.609171 ], [ 107.64666, 21.608681 ], [ 107.653069, 21.60898 ], [ 107.660332, 21.610111 ], [ 107.664818, 21.613781 ], [ 107.669258, 21.613798 ], [ 107.675728, 21.609701 ], [ 107.677963, 21.60955 ], [ 107.687637, 21.61203 ], [ 107.691681, 21.614811 ], [ 107.699417, 21.61578 ], [ 107.710602, 21.61965 ], [ 107.715637, 21.621931 ], [ 107.720947, 21.627251 ], [ 107.725121, 21.629801 ], [ 107.728981, 21.629641 ], [ 107.733406, 21.630741 ], [ 107.742867, 21.63789 ], [ 107.749519, 21.642321 ], [ 107.753242, 21.64295 ], [ 107.756271, 21.641399 ], [ 107.763451, 21.64253 ], [ 107.766228, 21.644081 ], [ 107.771477, 21.644461 ], [ 107.77359, 21.648321 ], [ 107.778976, 21.64871 ], [ 107.780518, 21.650131 ], [ 107.780563, 21.65501 ], [ 107.781799, 21.655661 ], [ 107.789116, 21.654371 ], [ 107.798523, 21.654119 ], [ 107.808182, 21.65855 ], [ 107.811348, 21.657682 ], [ 107.815529, 21.65822 ], [ 107.820831, 21.65403 ], [ 107.82988, 21.651001 ], [ 107.833908, 21.643751 ], [ 107.841331, 21.64106 ], [ 107.844749, 21.642441 ], [ 107.845413, 21.64838 ], [ 107.847099, 21.650091 ], [ 107.851501, 21.650631 ], [ 107.857269, 21.65402 ], [ 107.860046, 21.649872 ], [ 107.867378, 21.649031 ], [ 107.870003, 21.647751 ], [ 107.871857, 21.642073 ], [ 107.87645, 21.641281 ], [ 107.878799, 21.638048 ], [ 107.877731, 21.63397 ], [ 107.878967, 21.630251 ], [ 107.882797, 21.629261 ], [ 107.888107, 21.626101 ], [ 107.886047, 21.62171 ], [ 107.886452, 21.619749 ], [ 107.890137, 21.617851 ], [ 107.888809, 21.61351 ], [ 107.884323, 21.6122 ], [ 107.88414, 21.60811 ], [ 107.886497, 21.60677 ], [ 107.891159, 21.606783 ], [ 107.893669, 21.60284 ], [ 107.890823, 21.599918 ], [ 107.892273, 21.59738 ], [ 107.896721, 21.59647 ], [ 107.898773, 21.594761 ], [ 107.899086, 21.59067 ], [ 107.902817, 21.58884 ], [ 107.905563, 21.591591 ], [ 107.908699, 21.589573 ], [ 107.915207, 21.587601 ], [ 107.921913, 21.589432 ], [ 107.92498, 21.589291 ], [ 107.924217, 21.58604 ], [ 107.930527, 21.57897 ], [ 107.93985, 21.57333 ], [ 107.942177, 21.570688 ], [ 107.942886, 21.566311 ], [ 107.951607, 21.541981 ], [ 107.953796, 21.538471 ], [ 107.958336, 21.53713 ], [ 107.963242, 21.537621 ], [ 107.967659, 21.53615 ], [ 107.970833, 21.54026 ], [ 107.976906, 21.541073 ], [ 107.98056, 21.544821 ], [ 107.985352, 21.544161 ], [ 107.992706, 21.54669 ], [ 107.99469, 21.546711 ], [ 108.002853, 21.549923 ], [ 108.024139, 21.551519 ], [ 108.02906, 21.556511 ], [ 108.037903, 21.556921 ], [ 108.050476, 21.55567 ], [ 108.050476, 21.55257 ], [ 108.058411, 21.540977 ], [ 108.062607, 21.5385 ], [ 108.070236, 21.53816 ], [ 108.071213, 21.534027 ], [ 108.061531, 21.533751 ], [ 108.054581, 21.537083 ], [ 108.05014, 21.544306 ], [ 108.045418, 21.545416 ], [ 108.041527, 21.544584 ], [ 108.037361, 21.545694 ], [ 108.03653, 21.540419 ], [ 108.047363, 21.534027 ], [ 108.048752, 21.530972 ], [ 108.04847, 21.525417 ], [ 108.043747, 21.524303 ], [ 108.039864, 21.525972 ], [ 108.03875, 21.529861 ], [ 108.029861, 21.533194 ], [ 108.028473, 21.530416 ], [ 108.031807, 21.529306 ], [ 108.036804, 21.524586 ], [ 108.039864, 21.519028 ], [ 108.037918, 21.515417 ], [ 108.029861, 21.51375 ], [ 108.024582, 21.51375 ], [ 108.019028, 21.515417 ], [ 108.015694, 21.518194 ], [ 108.01403, 21.515139 ], [ 108.018471, 21.512362 ], [ 108.018753, 21.510139 ], [ 108.023476, 21.509304 ], [ 108.035698, 21.509861 ], [ 108.037918, 21.51375 ], [ 108.042641, 21.510414 ], [ 108.045692, 21.509583 ], [ 108.044029, 21.505695 ], [ 108.034309, 21.502361 ], [ 108.035141, 21.499308 ], [ 108.029305, 21.498472 ], [ 108.028748, 21.496529 ], [ 108.024025, 21.494028 ], [ 108.020416, 21.494028 ], [ 108.016251, 21.492359 ], [ 108.02153, 21.487362 ], [ 108.028198, 21.486528 ], [ 108.037361, 21.490417 ], [ 108.040695, 21.493195 ], [ 108.044304, 21.49375 ], [ 108.048195, 21.495693 ], [ 108.056252, 21.494862 ], [ 108.063194, 21.495693 ], [ 108.067642, 21.494581 ], [ 108.070694, 21.492083 ], [ 108.075974, 21.489305 ], [ 108.074585, 21.482916 ], [ 108.067917, 21.483192 ], [ 108.065414, 21.485138 ], [ 108.052361, 21.485149 ], [ 108.041527, 21.482916 ], [ 108.038193, 21.48292 ], [ 108.029602, 21.480143 ], [ 108.025139, 21.479313 ], [ 108.020142, 21.477083 ], [ 108.007919, 21.47015 ], [ 108.001526, 21.465694 ], [ 107.996803, 21.461529 ], [ 107.983192, 21.44681 ], [ 107.977638, 21.437922 ], [ 107.973198, 21.438194 ], [ 107.969582, 21.433201 ], [ 107.964859, 21.43458 ], [ 107.966248, 21.437084 ], [ 107.965973, 21.44153 ], [ 107.967636, 21.442921 ], [ 107.967087, 21.448473 ], [ 107.97097, 21.450418 ], [ 107.975418, 21.455139 ], [ 107.976517, 21.45792 ], [ 107.980972, 21.462084 ], [ 107.986252, 21.464861 ], [ 107.987358, 21.46764 ], [ 107.987068, 21.471741 ], [ 107.984581, 21.473289 ], [ 107.982918, 21.481806 ], [ 107.987915, 21.484028 ], [ 107.987358, 21.48625 ], [ 107.982086, 21.48653 ], [ 107.979584, 21.488472 ], [ 107.977081, 21.485149 ], [ 107.973747, 21.484861 ], [ 107.972916, 21.482082 ], [ 107.975983, 21.481251 ], [ 107.981262, 21.47625 ], [ 107.980972, 21.47403 ], [ 107.983749, 21.472641 ], [ 107.983749, 21.46903 ], [ 107.981262, 21.466532 ], [ 107.977638, 21.465422 ], [ 107.977081, 21.474861 ], [ 107.975693, 21.479029 ], [ 107.96653, 21.479019 ], [ 107.964027, 21.483471 ], [ 107.962364, 21.483475 ], [ 107.962082, 21.47875 ], [ 107.96653, 21.477077 ], [ 107.971527, 21.477638 ], [ 107.973747, 21.475695 ], [ 107.972916, 21.466249 ], [ 107.96653, 21.46236 ], [ 107.96347, 21.462919 ], [ 107.963196, 21.465694 ], [ 107.960419, 21.467081 ], [ 107.954308, 21.45347 ], [ 107.953476, 21.447639 ], [ 107.95153, 21.44458 ], [ 107.947639, 21.44486 ], [ 107.94384, 21.447639 ], [ 107.942093, 21.451813 ], [ 107.93792, 21.450417 ], [ 107.942917, 21.445421 ], [ 107.945137, 21.440971 ], [ 107.942642, 21.437361 ], [ 107.935959, 21.436529 ], [ 107.93264, 21.437639 ], [ 107.924858, 21.442364 ], [ 107.918747, 21.44458 ], [ 107.914581, 21.448471 ], [ 107.914581, 21.455141 ], [ 107.915703, 21.46014 ], [ 107.913193, 21.460421 ], [ 107.909576, 21.466249 ], [ 107.917076, 21.472641 ], [ 107.919029, 21.47875 ], [ 107.92292, 21.479029 ], [ 107.925697, 21.480694 ], [ 107.929306, 21.48097 ], [ 107.932083, 21.483471 ], [ 107.930695, 21.485697 ], [ 107.931252, 21.489309 ], [ 107.925972, 21.488468 ], [ 107.922638, 21.486528 ], [ 107.914856, 21.486801 ], [ 107.914856, 21.489309 ], [ 107.90847, 21.490961 ], [ 107.90403, 21.497089 ], [ 107.907639, 21.500139 ], [ 107.907639, 21.502361 ], [ 107.912079, 21.505701 ], [ 107.910698, 21.513472 ], [ 107.904305, 21.505972 ], [ 107.901802, 21.515139 ], [ 107.896248, 21.51903 ], [ 107.893753, 21.51597 ], [ 107.894302, 21.51236 ], [ 107.88736, 21.504578 ], [ 107.882919, 21.506533 ], [ 107.884308, 21.500971 ], [ 107.880692, 21.49819 ], [ 107.877083, 21.494032 ], [ 107.876808, 21.491249 ], [ 107.873749, 21.490417 ], [ 107.869026, 21.491249 ], [ 107.866531, 21.492916 ], [ 107.866531, 21.495701 ], [ 107.86264, 21.49542 ], [ 107.859306, 21.49958 ], [ 107.859863, 21.503195 ], [ 107.856796, 21.504578 ], [ 107.854309, 21.512083 ], [ 107.854309, 21.515694 ], [ 107.858192, 21.518202 ], [ 107.853203, 21.519861 ], [ 107.850693, 21.51903 ], [ 107.850975, 21.515417 ], [ 107.848473, 21.51125 ], [ 107.848198, 21.506811 ], [ 107.849297, 21.499031 ], [ 107.847916, 21.492359 ], [ 107.845139, 21.488472 ], [ 107.845139, 21.485971 ], [ 107.839027, 21.475695 ], [ 107.833473, 21.475695 ], [ 107.832359, 21.476801 ], [ 107.832077, 21.48181 ], [ 107.832642, 21.489031 ], [ 107.829582, 21.49736 ], [ 107.828751, 21.502918 ], [ 107.829308, 21.511801 ], [ 107.831528, 21.518202 ], [ 107.829308, 21.521805 ], [ 107.827362, 21.515694 ], [ 107.823753, 21.51264 ], [ 107.821526, 21.498751 ], [ 107.821533, 21.492922 ], [ 107.820137, 21.490973 ], [ 107.820419, 21.486801 ], [ 107.818466, 21.483471 ], [ 107.815407, 21.48209 ], [ 107.81208, 21.48514 ], [ 107.809029, 21.491528 ], [ 107.809029, 21.496531 ], [ 107.80764, 21.500694 ], [ 107.804863, 21.50264 ], [ 107.80542, 21.49437 ], [ 107.802361, 21.49625 ], [ 107.799858, 21.501251 ], [ 107.797081, 21.500971 ], [ 107.789856, 21.50708 ], [ 107.788475, 21.504862 ], [ 107.785141, 21.50514 ], [ 107.779861, 21.507917 ], [ 107.777916, 21.50626 ], [ 107.78125, 21.504028 ], [ 107.78653, 21.502918 ], [ 107.791527, 21.50013 ], [ 107.793472, 21.500139 ], [ 107.795418, 21.497089 ], [ 107.79847, 21.495701 ], [ 107.800972, 21.492922 ], [ 107.802361, 21.487362 ], [ 107.800972, 21.483191 ], [ 107.802635, 21.480972 ], [ 107.80014, 21.474583 ], [ 107.795967, 21.472641 ], [ 107.791252, 21.472641 ], [ 107.791817, 21.467081 ], [ 107.78875, 21.465694 ], [ 107.787636, 21.462084 ], [ 107.788475, 21.457361 ], [ 107.785416, 21.457361 ], [ 107.78347, 21.454033 ], [ 107.78125, 21.45347 ], [ 107.780693, 21.447361 ], [ 107.77652, 21.44681 ], [ 107.773193, 21.44347 ], [ 107.768196, 21.442081 ], [ 107.769302, 21.437916 ], [ 107.767365, 21.435139 ], [ 107.762917, 21.433472 ], [ 107.761528, 21.430973 ], [ 107.76152, 21.42514 ], [ 107.758469, 21.418472 ], [ 107.759033, 21.41375 ], [ 107.755974, 21.412083 ], [ 107.754303, 21.407921 ], [ 107.754303, 21.40403 ], [ 107.752083, 21.403749 ], [ 107.749031, 21.399033 ], [ 107.744308, 21.39986 ], [ 107.739861, 21.397638 ], [ 107.735695, 21.396805 ], [ 107.730423, 21.397638 ], [ 107.72403, 21.393751 ], [ 107.721252, 21.400417 ], [ 107.71875, 21.399582 ], [ 107.721252, 21.394583 ], [ 107.717087, 21.39292 ], [ 107.714302, 21.388193 ], [ 107.707085, 21.386806 ], [ 107.70153, 21.38903 ], [ 107.698196, 21.393751 ], [ 107.694031, 21.40431 ], [ 107.69458, 21.393751 ], [ 107.695694, 21.391525 ], [ 107.695427, 21.387642 ], [ 107.689026, 21.385695 ], [ 107.687637, 21.38125 ], [ 107.68264, 21.380695 ], [ 107.681252, 21.384859 ], [ 107.679581, 21.38625 ], [ 107.677917, 21.393194 ], [ 107.673187, 21.393471 ], [ 107.669304, 21.39625 ], [ 107.669029, 21.392641 ], [ 107.673187, 21.391531 ], [ 107.67514, 21.38875 ], [ 107.676247, 21.380701 ], [ 107.672363, 21.374861 ], [ 107.669861, 21.37347 ], [ 107.668472, 21.368471 ], [ 107.664024, 21.366808 ], [ 107.657082, 21.368195 ], [ 107.653473, 21.370419 ], [ 107.650131, 21.37097 ], [ 107.642639, 21.377081 ], [ 107.63958, 21.377914 ], [ 107.64875, 21.365141 ], [ 107.648476, 21.362082 ], [ 107.649857, 21.35931 ], [ 107.649307, 21.35375 ], [ 107.647087, 21.352921 ], [ 107.647362, 21.347082 ], [ 107.644028, 21.341806 ], [ 107.642082, 21.341808 ], [ 107.638191, 21.33625 ], [ 107.635139, 21.334305 ], [ 107.630417, 21.329584 ], [ 107.629593, 21.32375 ], [ 107.627357, 21.322081 ], [ 107.62014, 21.327362 ], [ 107.619308, 21.32431 ], [ 107.62014, 21.320974 ], [ 107.623192, 21.319311 ], [ 107.623192, 21.31514 ], [ 107.620972, 21.311527 ], [ 107.614861, 21.310972 ], [ 107.615417, 21.309303 ], [ 107.619858, 21.306528 ], [ 107.616806, 21.303749 ], [ 107.615967, 21.30125 ], [ 107.613197, 21.299307 ], [ 107.609306, 21.299862 ], [ 107.609581, 21.295971 ], [ 107.606804, 21.295692 ], [ 107.606796, 21.292351 ], [ 107.599304, 21.289305 ], [ 107.592636, 21.289862 ], [ 107.589584, 21.285418 ], [ 107.587639, 21.285973 ], [ 107.585976, 21.282085 ], [ 107.578186, 21.28264 ], [ 107.575417, 21.283751 ], [ 107.572639, 21.287083 ], [ 107.572914, 21.29347 ], [ 107.569862, 21.299301 ], [ 107.568466, 21.297359 ], [ 107.570419, 21.290138 ], [ 107.568748, 21.285971 ], [ 107.561806, 21.289028 ], [ 107.558197, 21.292917 ], [ 107.556252, 21.299583 ], [ 107.552643, 21.30625 ], [ 107.548195, 21.310972 ], [ 107.546806, 21.314859 ], [ 107.545967, 21.32181 ], [ 107.540138, 21.328472 ], [ 107.538193, 21.32597 ], [ 107.542076, 21.322081 ], [ 107.543747, 21.319033 ], [ 107.544861, 21.309586 ], [ 107.53653, 21.30986 ], [ 107.534859, 21.311527 ], [ 107.534859, 21.315971 ], [ 107.532356, 21.31514 ], [ 107.532639, 21.311251 ], [ 107.530136, 21.306805 ], [ 107.534859, 21.307364 ], [ 107.543198, 21.304583 ], [ 107.548195, 21.299583 ], [ 107.550415, 21.292917 ], [ 107.547081, 21.29236 ], [ 107.547287, 21.290138 ], [ 107.536766, 21.289862 ], [ 107.532913, 21.290972 ], [ 107.520973, 21.291805 ], [ 107.517639, 21.292643 ], [ 107.515976, 21.295975 ], [ 107.516251, 21.299862 ], [ 107.512917, 21.300972 ], [ 107.513474, 21.295139 ], [ 107.509865, 21.295975 ], [ 107.50708, 21.293194 ], [ 107.499031, 21.291805 ], [ 107.489586, 21.297085 ], [ 107.490417, 21.29347 ], [ 107.49292, 21.291533 ], [ 107.492081, 21.289577 ], [ 107.48764, 21.288195 ], [ 107.484863, 21.29125 ], [ 107.480698, 21.293192 ], [ 107.480141, 21.294861 ], [ 107.474297, 21.29792 ], [ 107.470413, 21.30125 ], [ 107.466805, 21.306528 ], [ 107.466248, 21.302641 ], [ 107.467087, 21.296806 ], [ 107.456253, 21.29764 ], [ 107.452919, 21.298481 ], [ 107.448753, 21.300972 ], [ 107.44014, 21.303194 ], [ 107.44458, 21.298197 ], [ 107.445137, 21.29542 ], [ 107.448196, 21.294861 ], [ 107.452637, 21.289862 ], [ 107.453476, 21.284309 ], [ 107.451248, 21.281803 ], [ 107.439026, 21.280693 ], [ 107.433472, 21.278194 ], [ 107.427086, 21.277082 ], [ 107.422081, 21.27264 ], [ 107.422081, 21.269306 ], [ 107.417076, 21.27264 ], [ 107.412918, 21.272638 ], [ 107.409859, 21.278749 ], [ 107.407364, 21.285973 ], [ 107.407639, 21.292084 ], [ 107.406807, 21.295141 ], [ 107.401802, 21.29875 ], [ 107.400406, 21.305073 ], [ 107.395691, 21.306805 ], [ 107.392365, 21.306805 ], [ 107.391251, 21.304583 ], [ 107.385139, 21.30792 ], [ 107.382362, 21.306805 ], [ 107.383751, 21.303471 ], [ 107.382362, 21.301529 ], [ 107.388748, 21.295416 ], [ 107.392082, 21.295141 ], [ 107.393196, 21.290419 ], [ 107.39653, 21.288473 ], [ 107.396248, 21.285973 ], [ 107.393471, 21.282639 ], [ 107.38903, 21.284306 ], [ 107.384865, 21.288195 ], [ 107.384308, 21.29125 ], [ 107.379585, 21.290417 ], [ 107.373466, 21.292643 ], [ 107.370972, 21.297361 ], [ 107.368469, 21.299307 ], [ 107.364357, 21.300158 ], [ 107.363197, 21.296806 ], [ 107.36792, 21.297085 ], [ 107.373466, 21.290703 ], [ 107.376236, 21.290419 ], [ 107.38208, 21.285694 ], [ 107.383011, 21.282639 ], [ 107.387085, 21.282364 ], [ 107.382919, 21.277922 ], [ 107.380966, 21.277922 ], [ 107.379593, 21.274031 ], [ 107.375137, 21.273472 ], [ 107.372086, 21.275972 ], [ 107.365135, 21.279306 ], [ 107.365967, 21.27486 ], [ 107.370697, 21.27014 ], [ 107.370697, 21.26597 ], [ 107.376808, 21.264305 ], [ 107.379303, 21.266809 ], [ 107.384033, 21.266809 ], [ 107.383186, 21.262638 ], [ 107.376236, 21.257921 ], [ 107.375969, 21.252916 ], [ 107.373749, 21.243473 ], [ 107.373749, 21.238195 ], [ 107.377083, 21.240143 ], [ 107.375694, 21.245972 ], [ 107.375969, 21.249584 ], [ 107.378746, 21.25375 ], [ 107.384857, 21.259861 ], [ 107.387917, 21.26042 ], [ 107.385971, 21.255138 ], [ 107.384308, 21.253469 ], [ 107.380142, 21.24625 ], [ 107.377083, 21.239033 ], [ 107.377357, 21.233234 ], [ 107.376526, 21.23069 ], [ 107.37014, 21.223471 ], [ 107.37236, 21.221807 ], [ 107.374863, 21.22403 ], [ 107.374863, 21.226805 ], [ 107.37986, 21.230417 ], [ 107.380692, 21.235432 ], [ 107.384583, 21.241804 ], [ 107.384583, 21.245701 ], [ 107.389862, 21.250416 ], [ 107.393471, 21.25514 ], [ 107.405418, 21.255421 ], [ 107.410423, 21.256243 ], [ 107.409309, 21.25292 ], [ 107.417641, 21.25514 ], [ 107.425972, 21.25514 ], [ 107.428467, 21.257641 ], [ 107.434593, 21.259861 ], [ 107.436249, 21.25264 ], [ 107.436813, 21.244581 ], [ 107.438751, 21.24403 ], [ 107.438751, 21.239311 ], [ 107.435143, 21.235416 ], [ 107.431808, 21.234308 ], [ 107.420418, 21.223194 ], [ 107.417076, 21.222639 ], [ 107.417076, 21.21542 ], [ 107.412918, 21.212643 ], [ 107.406807, 21.21126 ], [ 107.407082, 21.209305 ], [ 107.410973, 21.209583 ], [ 107.405975, 21.200417 ], [ 107.397919, 21.19375 ], [ 107.390137, 21.186531 ], [ 107.383751, 21.18347 ], [ 107.378471, 21.18486 ], [ 107.380142, 21.180416 ], [ 107.390137, 21.179861 ], [ 107.395142, 21.181805 ], [ 107.396805, 21.180973 ], [ 107.396797, 21.177361 ], [ 107.392357, 21.17403 ], [ 107.389862, 21.167919 ], [ 107.38958, 21.160139 ], [ 107.38736, 21.155418 ], [ 107.387917, 21.14986 ], [ 107.386803, 21.144028 ], [ 107.390976, 21.13542 ], [ 107.390419, 21.127081 ], [ 107.388748, 21.126251 ], [ 107.384583, 21.12014 ], [ 107.385696, 21.113201 ], [ 107.383469, 21.11125 ], [ 107.383469, 21.108749 ], [ 107.37542, 21.100418 ], [ 107.374031, 21.097361 ], [ 107.370697, 21.095421 ], [ 107.375137, 21.088188 ], [ 107.377357, 21.087084 ], [ 107.376236, 21.08403 ], [ 107.372917, 21.082916 ], [ 107.368752, 21.083471 ], [ 107.365135, 21.082361 ], [ 107.361809, 21.077084 ], [ 107.358192, 21.077084 ], [ 107.361809, 21.070421 ], [ 107.365417, 21.06986 ], [ 107.366531, 21.06764 ], [ 107.368469, 21.05319 ], [ 107.363472, 21.041811 ], [ 107.365135, 21.036806 ], [ 107.368195, 21.034306 ], [ 107.372086, 21.029585 ], [ 107.372917, 21.023199 ], [ 107.369026, 21.021805 ], [ 107.365692, 21.015696 ], [ 107.364296, 21.010969 ], [ 107.359863, 21.00736 ], [ 107.359581, 21.00597 ], [ 107.354309, 21.002916 ], [ 107.350693, 21.004307 ], [ 107.347916, 20.99847 ], [ 107.340973, 20.99542 ], [ 107.339584, 21.000975 ], [ 107.333748, 21.001251 ], [ 107.332077, 20.99765 ], [ 107.327637, 20.994305 ], [ 107.325966, 20.996529 ], [ 107.317917, 20.99847 ], [ 107.310143, 20.99847 ], [ 107.300697, 21.00153 ], [ 107.29924, 20.999027 ], [ 107.295418, 20.996529 ], [ 107.291527, 20.99542 ], [ 107.276787, 20.996529 ], [ 107.272636, 20.99765 ], [ 107.256531, 20.994583 ], [ 107.254585, 20.993473 ], [ 107.247917, 20.993195 ], [ 107.240974, 20.991528 ], [ 107.240677, 20.98736 ], [ 107.23597, 20.987921 ], [ 107.235687, 20.983191 ], [ 107.232361, 20.982639 ], [ 107.22625, 20.977362 ], [ 107.225418, 20.97431 ], [ 107.220139, 20.97403 ], [ 107.218262, 20.971809 ], [ 107.215973, 20.966249 ], [ 107.219307, 20.964861 ], [ 107.217087, 20.958195 ], [ 107.215141, 20.955694 ], [ 107.21653, 20.953472 ], [ 107.215698, 20.95042 ], [ 107.210991, 20.950701 ], [ 107.205406, 20.94903 ], [ 107.204308, 20.955973 ], [ 107.207916, 20.960138 ], [ 107.207642, 20.963751 ], [ 107.204308, 20.962641 ], [ 107.200417, 20.95347 ], [ 107.198753, 20.953472 ], [ 107.197365, 20.949306 ], [ 107.194305, 20.948475 ], [ 107.198196, 20.944311 ], [ 107.199585, 20.939028 ], [ 107.19986, 20.93458 ], [ 107.185417, 20.93347 ], [ 107.174858, 20.93375 ], [ 107.17292, 20.931805 ], [ 107.16597, 20.931532 ], [ 107.166252, 20.928747 ], [ 107.164017, 20.927151 ], [ 107.158195, 20.927084 ], [ 107.156807, 20.92458 ], [ 107.151802, 20.92347 ], [ 107.151253, 20.927641 ], [ 107.14875, 20.927641 ], [ 107.144577, 20.93347 ], [ 107.144302, 20.936251 ], [ 107.148193, 20.937641 ], [ 107.145973, 20.943199 ], [ 107.141808, 20.94125 ], [ 107.13903, 20.938471 ], [ 107.133469, 20.937361 ], [ 107.132919, 20.941528 ], [ 107.12458, 20.940695 ], [ 107.119583, 20.939583 ], [ 107.11097, 20.939861 ], [ 107.105972, 20.942917 ], [ 107.102638, 20.943752 ], [ 107.100693, 20.94681 ], [ 107.094307, 20.94681 ], [ 107.092918, 20.95014 ], [ 107.086807, 20.950701 ], [ 107.080971, 20.947639 ], [ 107.080139, 20.94458 ], [ 107.07653, 20.945143 ], [ 107.073196, 20.948406 ], [ 107.06958, 20.94875 ], [ 107.068748, 20.952639 ], [ 107.066238, 20.956812 ], [ 107.067642, 20.96014 ], [ 107.070969, 20.96097 ], [ 107.072639, 20.967361 ], [ 107.075691, 20.970417 ], [ 107.076813, 20.979031 ], [ 107.079308, 20.983194 ], [ 107.085136, 20.989031 ], [ 107.090408, 20.99152 ], [ 107.092918, 20.994028 ], [ 107.100975, 20.998753 ], [ 107.10125, 21.00292 ], [ 107.104309, 21.007641 ], [ 107.108192, 21.011532 ], [ 107.119858, 21.01265 ], [ 107.130142, 21.015972 ], [ 107.12986, 21.022362 ], [ 107.127083, 21.02125 ], [ 107.123474, 21.016806 ], [ 107.119858, 21.01486 ], [ 107.114586, 21.015696 ], [ 107.111809, 21.014303 ], [ 107.109024, 21.015972 ], [ 107.10347, 21.014311 ], [ 107.099861, 21.01125 ], [ 107.096527, 21.00458 ], [ 107.09153, 21.000692 ], [ 107.08847, 20.99708 ], [ 107.080696, 20.992361 ], [ 107.081238, 21.00042 ], [ 107.082642, 21.001528 ], [ 107.082916, 21.007641 ], [ 107.080139, 21.008194 ], [ 107.080406, 21.004301 ], [ 107.076805, 20.994305 ], [ 107.07653, 20.989305 ], [ 107.068466, 20.98875 ], [ 107.05542, 20.984859 ], [ 107.054031, 20.989311 ], [ 107.049026, 20.99264 ], [ 107.050415, 20.994583 ], [ 107.057915, 20.998194 ], [ 107.05986, 21.000141 ], [ 107.059586, 21.003197 ], [ 107.061531, 21.006811 ], [ 107.061249, 21.012081 ], [ 107.058197, 21.013201 ], [ 107.058472, 21.009031 ], [ 107.05542, 21.002081 ], [ 107.052643, 21.000141 ], [ 107.046249, 20.99375 ], [ 107.044586, 20.996248 ], [ 107.046249, 20.99847 ], [ 107.046806, 21.010695 ], [ 107.042641, 21.01597 ], [ 107.039322, 21.01903 ], [ 107.035973, 21.025143 ], [ 107.033188, 21.024311 ], [ 107.037918, 21.018194 ], [ 107.039024, 21.014029 ], [ 107.041252, 21.01265 ], [ 107.035698, 21.00959 ], [ 107.028748, 21.009312 ], [ 107.02597, 21.012081 ], [ 107.023483, 21.00486 ], [ 107.018471, 21.003471 ], [ 107.016533, 21.00069 ], [ 107.013191, 21.001251 ], [ 107.010406, 21.00458 ], [ 107.009308, 21.008751 ], [ 107.004303, 21.011528 ], [ 107.012917, 20.99708 ], [ 107.017899, 20.99708 ], [ 107.037636, 20.999031 ], [ 107.04097, 20.99375 ], [ 107.041252, 20.987082 ], [ 107.036247, 20.990973 ], [ 107.02903, 20.993473 ], [ 107.021805, 20.991528 ], [ 107.019859, 20.98958 ], [ 107.01458, 20.990417 ], [ 107.010406, 20.994581 ], [ 107.009857, 20.997923 ], [ 107.007637, 21.00264 ], [ 107.003746, 21.00736 ], [ 107.001251, 21.006811 ], [ 107.006531, 21.000975 ], [ 107.009033, 20.996811 ], [ 107.009857, 20.992081 ], [ 107.012917, 20.98958 ], [ 107.022087, 20.989031 ], [ 107.025696, 20.990696 ], [ 107.034302, 20.989586 ], [ 107.037086, 20.98597 ], [ 107.043472, 20.980417 ], [ 107.049026, 20.980421 ], [ 107.051796, 20.972361 ], [ 107.058197, 20.964861 ], [ 107.063469, 20.963472 ], [ 107.064308, 20.96125 ], [ 107.061531, 20.958178 ], [ 107.052917, 20.955973 ], [ 107.050423, 20.952641 ], [ 107.046806, 20.95237 ], [ 107.042068, 20.948471 ], [ 107.038193, 20.94875 ], [ 107.036247, 20.947084 ], [ 107.032913, 20.947084 ], [ 107.030983, 20.94486 ], [ 107.026802, 20.94486 ], [ 107.02153, 20.94986 ], [ 107.019028, 20.949583 ], [ 107.008751, 20.954308 ], [ 107.007919, 20.956532 ], [ 107.004593, 20.956532 ], [ 106.999573, 20.95826 ], [ 106.996849, 20.960623 ], [ 106.991386, 20.959442 ], [ 106.988335, 20.956667 ], [ 106.984726, 20.956141 ], [ 106.981377, 20.953987 ], [ 106.978165, 20.954054 ], [ 106.97007, 20.95064 ], [ 106.958885, 20.950556 ], [ 106.955826, 20.95167 ], [ 106.948326, 20.95167 ], [ 106.942223, 20.950001 ], [ 106.936111, 20.951111 ], [ 106.933609, 20.954441 ], [ 106.930832, 20.956112 ], [ 106.926392, 20.955833 ], [ 106.925278, 20.958611 ], [ 106.918892, 20.967222 ], [ 106.912498, 20.968334 ], [ 106.908333, 20.966667 ], [ 106.89917, 20.968889 ], [ 106.894836, 20.970881 ], [ 106.888885, 20.975555 ], [ 106.884842, 20.981602 ], [ 106.879166, 20.979168 ], [ 106.877502, 20.980831 ], [ 106.879173, 20.983608 ], [ 106.876663, 20.986113 ], [ 106.873886, 20.985277 ], [ 106.876106, 20.981388 ], [ 106.874329, 20.979721 ], [ 106.86972, 20.984442 ], [ 106.868614, 20.982498 ], [ 106.86972, 20.977501 ], [ 106.874168, 20.97389 ], [ 106.87278, 20.971392 ], [ 106.878052, 20.96389 ], [ 106.881767, 20.96172 ], [ 106.884918, 20.962061 ], [ 106.890198, 20.965158 ], [ 106.890266, 20.960003 ], [ 106.887222, 20.955278 ], [ 106.888046, 20.95167 ], [ 106.885826, 20.94972 ], [ 106.883057, 20.951389 ], [ 106.883606, 20.955551 ], [ 106.879173, 20.958611 ], [ 106.876106, 20.95722 ], [ 106.87722, 20.95472 ], [ 106.88028, 20.955555 ], [ 106.882225, 20.954166 ], [ 106.88028, 20.951391 ], [ 106.882774, 20.948055 ], [ 106.885834, 20.948336 ], [ 106.886108, 20.941389 ], [ 106.882233, 20.941111 ], [ 106.882233, 20.93889 ], [ 106.878609, 20.93611 ], [ 106.875557, 20.940001 ], [ 106.872223, 20.935556 ], [ 106.876389, 20.933613 ], [ 106.879166, 20.935835 ], [ 106.882233, 20.93639 ], [ 106.883888, 20.93222 ], [ 106.881668, 20.930834 ], [ 106.881386, 20.925278 ], [ 106.885277, 20.92028 ], [ 106.89167, 20.91361 ], [ 106.889168, 20.910557 ], [ 106.888847, 20.90337 ], [ 106.881111, 20.895561 ], [ 106.881111, 20.892778 ], [ 106.876106, 20.893028 ], [ 106.877777, 20.898331 ], [ 106.876183, 20.90336 ], [ 106.876114, 20.909166 ], [ 106.878052, 20.91 ], [ 106.875832, 20.913891 ], [ 106.876328, 20.91688 ], [ 106.879723, 20.921667 ], [ 106.878326, 20.927778 ], [ 106.874168, 20.926945 ], [ 106.871948, 20.92444 ], [ 106.873337, 20.911671 ], [ 106.870834, 20.902779 ], [ 106.872223, 20.891945 ], [ 106.875832, 20.88722 ], [ 106.872223, 20.886671 ], [ 106.868614, 20.880556 ], [ 106.870277, 20.878056 ], [ 106.870277, 20.873056 ], [ 106.863609, 20.871944 ], [ 106.857224, 20.869446 ], [ 106.853333, 20.873333 ], [ 106.852783, 20.879169 ], [ 106.849167, 20.881666 ], [ 106.847496, 20.890282 ], [ 106.850563, 20.89889 ], [ 106.848053, 20.904442 ], [ 106.843887, 20.908611 ], [ 106.839722, 20.910278 ], [ 106.835556, 20.91361 ], [ 106.832222, 20.92111 ], [ 106.828613, 20.924444 ], [ 106.825279, 20.925833 ], [ 106.819168, 20.925831 ], [ 106.814163, 20.928055 ], [ 106.806664, 20.933334 ], [ 106.80278, 20.934725 ], [ 106.79409, 20.93519 ], [ 106.792946, 20.934444 ], [ 106.782776, 20.933889 ], [ 106.778603, 20.93564 ], [ 106.773888, 20.941668 ], [ 106.773056, 20.95389 ], [ 106.773331, 20.960831 ], [ 106.772499, 20.969166 ], [ 106.77417, 20.97278 ], [ 106.776039, 20.973822 ], [ 106.788063, 20.97616 ], [ 106.79583, 20.975561 ], [ 106.794197, 20.978333 ], [ 106.790558, 20.97945 ], [ 106.793327, 20.98251 ], [ 106.793327, 20.985003 ], [ 106.795555, 20.986942 ], [ 106.79863, 20.991993 ], [ 106.79528, 20.997499 ], [ 106.791946, 20.99749 ], [ 106.793892, 20.988611 ], [ 106.788788, 20.982346 ], [ 106.786942, 20.98778 ], [ 106.786819, 20.998133 ], [ 106.785553, 21.004168 ], [ 106.78334, 21.003891 ], [ 106.784241, 20.99955 ], [ 106.78167, 20.997499 ], [ 106.779167, 20.998331 ], [ 106.778793, 21.000956 ], [ 106.780716, 21.009802 ], [ 106.77861, 21.009998 ], [ 106.773911, 21.007368 ], [ 106.775085, 21.00131 ], [ 106.771667, 20.996389 ], [ 106.770279, 20.991678 ], [ 106.773613, 20.989445 ], [ 106.780563, 20.996672 ], [ 106.781937, 20.989441 ], [ 106.78611, 20.987501 ], [ 106.785553, 20.980831 ], [ 106.781113, 20.978333 ], [ 106.777222, 20.978333 ], [ 106.774719, 20.97694 ], [ 106.770836, 20.977221 ], [ 106.768341, 20.982779 ], [ 106.763054, 20.988056 ], [ 106.756943, 20.997223 ], [ 106.753891, 20.997782 ], [ 106.750275, 21.000553 ], [ 106.743332, 21.001945 ], [ 106.735558, 21.001945 ], [ 106.737778, 21.006941 ], [ 106.740547, 21.00444 ], [ 106.750267, 21.00362 ], [ 106.753891, 21.00111 ], [ 106.756386, 21.001114 ], [ 106.757225, 21.004444 ], [ 106.761665, 21.000002 ], [ 106.758369, 20.999327 ], [ 106.759369, 20.99662 ], [ 106.763054, 21.000002 ], [ 106.766579, 21.00061 ], [ 106.766388, 21.004168 ], [ 106.760559, 21.009171 ], [ 106.761948, 21.01556 ], [ 106.761108, 21.019167 ], [ 106.762779, 21.021667 ], [ 106.756668, 21.021391 ], [ 106.755836, 21.02389 ], [ 106.751953, 21.024172 ], [ 106.748337, 21.0275 ], [ 106.746666, 21.031389 ], [ 106.741669, 21.0275 ], [ 106.744446, 21.024166 ], [ 106.746666, 21.025555 ], [ 106.749168, 21.024431 ], [ 106.748337, 21.020281 ], [ 106.745003, 21.02 ], [ 106.742767, 21.01639 ], [ 106.743057, 21.014166 ], [ 106.74028, 21.012777 ], [ 106.736389, 21.008888 ], [ 106.731941, 21.005833 ], [ 106.727501, 21.007221 ], [ 106.726097, 21.00444 ], [ 106.728058, 20.99861 ], [ 106.720833, 20.998329 ], [ 106.713058, 20.998924 ], [ 106.706039, 20.999746 ], [ 106.700325, 21.001867 ], [ 106.686462, 21.00526 ], [ 106.674568, 21.010912 ], [ 106.657257, 21.017668 ], [ 106.651489, 21.019539 ], [ 106.646919, 21.0196 ], [ 106.643921, 21.018396 ], [ 106.637917, 21.012941 ], [ 106.633072, 21.011826 ], [ 106.625458, 21.011864 ], [ 106.621368, 21.013632 ], [ 106.617973, 21.017721 ], [ 106.614395, 21.02058 ], [ 106.610718, 21.021355 ], [ 106.607635, 21.025959 ], [ 106.607132, 21.031237 ], [ 106.601776, 21.037664 ], [ 106.595207, 21.041191 ], [ 106.591972, 21.044577 ], [ 106.580406, 21.05324 ], [ 106.575356, 21.057446 ], [ 106.572586, 21.057077 ], [ 106.568298, 21.05349 ], [ 106.565514, 21.053591 ], [ 106.562981, 21.055574 ], [ 106.559082, 21.05633 ], [ 106.552727, 21.05298 ], [ 106.543999, 21.054668 ], [ 106.536858, 21.052271 ], [ 106.531319, 21.04777 ], [ 106.523102, 21.049929 ], [ 106.515663, 21.046503 ], [ 106.514397, 21.048901 ], [ 106.516205, 21.05196 ], [ 106.515083, 21.060511 ], [ 106.511597, 21.058319 ], [ 106.507591, 21.059269 ], [ 106.502815, 21.056953 ], [ 106.499443, 21.057465 ], [ 106.495537, 21.062323 ], [ 106.486343, 21.06819 ], [ 106.474907, 21.069521 ], [ 106.466331, 21.066776 ], [ 106.457794, 21.065096 ], [ 106.454041, 21.065775 ], [ 106.453438, 21.06992 ], [ 106.447159, 21.069721 ], [ 106.445602, 21.075109 ], [ 106.440285, 21.078215 ], [ 106.439995, 21.080357 ], [ 106.443443, 21.084175 ], [ 106.444229, 21.088219 ], [ 106.448967, 21.092669 ], [ 106.4496, 21.096418 ], [ 106.443192, 21.100521 ], [ 106.43895, 21.106037 ], [ 106.438461, 21.107807 ], [ 106.441574, 21.111135 ], [ 106.440018, 21.114662 ], [ 106.445045, 21.118481 ], [ 106.455559, 21.117661 ], [ 106.458519, 21.11586 ], [ 106.463936, 21.116508 ], [ 106.464996, 21.117863 ], [ 106.469955, 21.118053 ], [ 106.474937, 21.124157 ], [ 106.480423, 21.128508 ], [ 106.482887, 21.128487 ], [ 106.483498, 21.131632 ], [ 106.481354, 21.134874 ], [ 106.483406, 21.138483 ], [ 106.482819, 21.144815 ], [ 106.478806, 21.145678 ], [ 106.480896, 21.154757 ], [ 106.482704, 21.160185 ], [ 106.489281, 21.166616 ], [ 106.488075, 21.171038 ], [ 106.48584, 21.173439 ], [ 106.488777, 21.177904 ], [ 106.488724, 21.180883 ], [ 106.495117, 21.184673 ], [ 106.494843, 21.192392 ], [ 106.493622, 21.198656 ], [ 106.494591, 21.199965 ], [ 106.499405, 21.200989 ], [ 106.499901, 21.203268 ], [ 106.497513, 21.211203 ], [ 106.499313, 21.214239 ], [ 106.499168, 21.218161 ], [ 106.501144, 21.224541 ], [ 106.498497, 21.227135 ], [ 106.491753, 21.228149 ] ] ], [ [ [ 107.151253, 20.743195 ], [ 107.155418, 20.738758 ], [ 107.151253, 20.738194 ], [ 107.149017, 20.739311 ], [ 107.151253, 20.743195 ] ] ], [ [ [ 107.135971, 20.737917 ], [ 107.133469, 20.73764 ], [ 107.129303, 20.740973 ], [ 107.129028, 20.74542 ], [ 107.126808, 20.74542 ], [ 107.124313, 20.757643 ], [ 107.12236, 20.76236 ], [ 107.128471, 20.766251 ], [ 107.131813, 20.76375 ], [ 107.138748, 20.766251 ], [ 107.142906, 20.768471 ], [ 107.143196, 20.773203 ], [ 107.146248, 20.770969 ], [ 107.143471, 20.76486 ], [ 107.145142, 20.760416 ], [ 107.143471, 20.755972 ], [ 107.143196, 20.749027 ], [ 107.140976, 20.744864 ], [ 107.142365, 20.740973 ], [ 107.137642, 20.740417 ], [ 107.135971, 20.737917 ] ] ], [ [ [ 107.149857, 20.759569 ], [ 107.152641, 20.757084 ], [ 107.153191, 20.752918 ], [ 107.145142, 20.753191 ], [ 107.145142, 20.757362 ], [ 107.14653, 20.76181 ], [ 107.150139, 20.762362 ], [ 107.149857, 20.759569 ] ] ], [ [ [ 107.187637, 20.774027 ], [ 107.186531, 20.771252 ], [ 107.183197, 20.771252 ], [ 107.180969, 20.773474 ], [ 107.183197, 20.775141 ], [ 107.186249, 20.776251 ], [ 107.187637, 20.774027 ] ] ], [ [ [ 107.134583, 20.787081 ], [ 107.140137, 20.787361 ], [ 107.142639, 20.78319 ], [ 107.138191, 20.78347 ], [ 107.137642, 20.780416 ], [ 107.134857, 20.778749 ], [ 107.137085, 20.773474 ], [ 107.133469, 20.77264 ], [ 107.133469, 20.770691 ], [ 107.129585, 20.769306 ], [ 107.128197, 20.77042 ], [ 107.124031, 20.768749 ], [ 107.122086, 20.775972 ], [ 107.119308, 20.779306 ], [ 107.118752, 20.784584 ], [ 107.116531, 20.78875 ], [ 107.118469, 20.793194 ], [ 107.118187, 20.797642 ], [ 107.114586, 20.799303 ], [ 107.113472, 20.804583 ], [ 107.113472, 20.810143 ], [ 107.114861, 20.816807 ], [ 107.120415, 20.812084 ], [ 107.123749, 20.814859 ], [ 107.124863, 20.812641 ], [ 107.124031, 20.807638 ], [ 107.128197, 20.805695 ], [ 107.130974, 20.799583 ], [ 107.135971, 20.79792 ], [ 107.135422, 20.79291 ], [ 107.137077, 20.79236 ], [ 107.134583, 20.787081 ] ] ], [ [ [ 107.173752, 20.79431 ], [ 107.175415, 20.799583 ], [ 107.177628, 20.793751 ], [ 107.173752, 20.79431 ] ] ], [ [ [ 107.188469, 20.810085 ], [ 107.189026, 20.80625 ], [ 107.185143, 20.80514 ], [ 107.18486, 20.808201 ], [ 107.188469, 20.810085 ] ] ], [ [ [ 107.167358, 20.807638 ], [ 107.164856, 20.814041 ], [ 107.166809, 20.816528 ], [ 107.165413, 20.820972 ], [ 107.16967, 20.819859 ], [ 107.172363, 20.820141 ], [ 107.173187, 20.81764 ], [ 107.170418, 20.81097 ], [ 107.174309, 20.807638 ], [ 107.173195, 20.804308 ], [ 107.169296, 20.804029 ], [ 107.171532, 20.807638 ], [ 107.167358, 20.807638 ] ] ], [ [ [ 107.174591, 20.81653 ], [ 107.178749, 20.815695 ], [ 107.174858, 20.812639 ], [ 107.174591, 20.81653 ] ] ], [ [ [ 107.183197, 20.81958 ], [ 107.177917, 20.817921 ], [ 107.174583, 20.818472 ], [ 107.172638, 20.82181 ], [ 107.17347, 20.82431 ], [ 107.178749, 20.823195 ], [ 107.183197, 20.81958 ] ] ], [ [ [ 107.137642, 20.83153 ], [ 107.138474, 20.834862 ], [ 107.141525, 20.833195 ], [ 107.142082, 20.830971 ], [ 107.138191, 20.827917 ], [ 107.137642, 20.83153 ] ] ], [ [ [ 107.220413, 20.833195 ], [ 107.225136, 20.83264 ], [ 107.220413, 20.830694 ], [ 107.220413, 20.833195 ] ] ], [ [ [ 107.257919, 20.84042 ], [ 107.259857, 20.838753 ], [ 107.263748, 20.836811 ], [ 107.260696, 20.834583 ], [ 107.260139, 20.830694 ], [ 107.256248, 20.831806 ], [ 107.258186, 20.835699 ], [ 107.254028, 20.83931 ], [ 107.257919, 20.84042 ] ] ], [ [ [ 107.163193, 20.82708 ], [ 107.162651, 20.830141 ], [ 107.159302, 20.83264 ], [ 107.159302, 20.834583 ], [ 107.165138, 20.835421 ], [ 107.164581, 20.837921 ], [ 107.158752, 20.836805 ], [ 107.158195, 20.839581 ], [ 107.166252, 20.844959 ], [ 107.172325, 20.840139 ], [ 107.174026, 20.83375 ], [ 107.175415, 20.831528 ], [ 107.172081, 20.827641 ], [ 107.170692, 20.830416 ], [ 107.166809, 20.829861 ], [ 107.167084, 20.827084 ], [ 107.163193, 20.82708 ] ] ], [ [ [ 107.116249, 20.84292 ], [ 107.117638, 20.840981 ], [ 107.125137, 20.839031 ], [ 107.12458, 20.834305 ], [ 107.119026, 20.833191 ], [ 107.116531, 20.835138 ], [ 107.11792, 20.837643 ], [ 107.113846, 20.839027 ], [ 107.112915, 20.840694 ], [ 107.116249, 20.84292 ] ] ], [ [ [ 107.212639, 20.836811 ], [ 107.210136, 20.834583 ], [ 107.205696, 20.83597 ], [ 107.203186, 20.838753 ], [ 107.205696, 20.84264 ], [ 107.208473, 20.841249 ], [ 107.212639, 20.836811 ] ] ], [ [ [ 107.178474, 20.841249 ], [ 107.175415, 20.845972 ], [ 107.17347, 20.845694 ], [ 107.172081, 20.854584 ], [ 107.175697, 20.853195 ], [ 107.182083, 20.848471 ], [ 107.184593, 20.847918 ], [ 107.184303, 20.844584 ], [ 107.187363, 20.844021 ], [ 107.187363, 20.840414 ], [ 107.184029, 20.839863 ], [ 107.182358, 20.842361 ], [ 107.178474, 20.841249 ] ] ], [ [ [ 107.248749, 20.85153 ], [ 107.252914, 20.852364 ], [ 107.255417, 20.850695 ], [ 107.255966, 20.847918 ], [ 107.252914, 20.845972 ], [ 107.253197, 20.84236 ], [ 107.250687, 20.84236 ], [ 107.248749, 20.844584 ], [ 107.245697, 20.84514 ], [ 107.243195, 20.847637 ], [ 107.248749, 20.85153 ] ] ], [ [ [ 107.131248, 20.86014 ], [ 107.131813, 20.864033 ], [ 107.136253, 20.860971 ], [ 107.131248, 20.86014 ] ] ], [ [ [ 107.166252, 20.866529 ], [ 107.168747, 20.862358 ], [ 107.160973, 20.864305 ], [ 107.161804, 20.867085 ], [ 107.166252, 20.866529 ] ] ], [ [ [ 107.262077, 20.863752 ], [ 107.259865, 20.861528 ], [ 107.258186, 20.86515 ], [ 107.255142, 20.866253 ], [ 107.256248, 20.86903 ], [ 107.26181, 20.86792 ], [ 107.262077, 20.863752 ] ] ], [ [ [ 107.197639, 20.864033 ], [ 107.190971, 20.867361 ], [ 107.196251, 20.868195 ], [ 107.197639, 20.864033 ] ] ], [ [ [ 107.265694, 20.868195 ], [ 107.263191, 20.869583 ], [ 107.258469, 20.87014 ], [ 107.257637, 20.873472 ], [ 107.263191, 20.872921 ], [ 107.267639, 20.871531 ], [ 107.267906, 20.869301 ], [ 107.272919, 20.865141 ], [ 107.274307, 20.860971 ], [ 107.271805, 20.859861 ], [ 107.26458, 20.859583 ], [ 107.267906, 20.864033 ], [ 107.265694, 20.868195 ] ] ], [ [ [ 107.22847, 20.869862 ], [ 107.229027, 20.86569 ], [ 107.232086, 20.862089 ], [ 107.225677, 20.862089 ], [ 107.227364, 20.865141 ], [ 107.225967, 20.86903 ], [ 107.22097, 20.869305 ], [ 107.220413, 20.870972 ], [ 107.22847, 20.869862 ] ] ], [ [ [ 107.150711, 20.861528 ], [ 107.148483, 20.864311 ], [ 107.149582, 20.867085 ], [ 107.144302, 20.86903 ], [ 107.138748, 20.868195 ], [ 107.136528, 20.870695 ], [ 107.139313, 20.87709 ], [ 107.141907, 20.875139 ], [ 107.141518, 20.872921 ], [ 107.146805, 20.873194 ], [ 107.147919, 20.87014 ], [ 107.152359, 20.866253 ], [ 107.153198, 20.86347 ], [ 107.150711, 20.861528 ] ] ], [ [ [ 107.238197, 20.86792 ], [ 107.233749, 20.871805 ], [ 107.233749, 20.874861 ], [ 107.230141, 20.87681 ], [ 107.233475, 20.878752 ], [ 107.234871, 20.87709 ], [ 107.236252, 20.875139 ], [ 107.240677, 20.874029 ], [ 107.240135, 20.86875 ], [ 107.245972, 20.869305 ], [ 107.246246, 20.866529 ], [ 107.242638, 20.864305 ], [ 107.240677, 20.86458 ], [ 107.238197, 20.86792 ] ] ], [ [ [ 107.200142, 20.890139 ], [ 107.204582, 20.885973 ], [ 107.201248, 20.883472 ], [ 107.202919, 20.881811 ], [ 107.206253, 20.882639 ], [ 107.208748, 20.878473 ], [ 107.208748, 20.875139 ], [ 107.21347, 20.874029 ], [ 107.214027, 20.871529 ], [ 107.217361, 20.87014 ], [ 107.222359, 20.862358 ], [ 107.226807, 20.858194 ], [ 107.223198, 20.85708 ], [ 107.218483, 20.857361 ], [ 107.217636, 20.860418 ], [ 107.219856, 20.862358 ], [ 107.218483, 20.864862 ], [ 107.215973, 20.863752 ], [ 107.213753, 20.865971 ], [ 107.212082, 20.858749 ], [ 107.205971, 20.864305 ], [ 107.201248, 20.86515 ], [ 107.199028, 20.871811 ], [ 107.190697, 20.872917 ], [ 107.189857, 20.87014 ], [ 107.186531, 20.87014 ], [ 107.183472, 20.87208 ], [ 107.182083, 20.87458 ], [ 107.181526, 20.87903 ], [ 107.183472, 20.883751 ], [ 107.181808, 20.884581 ], [ 107.184303, 20.88653 ], [ 107.18486, 20.88097 ], [ 107.186249, 20.88097 ], [ 107.188751, 20.885973 ], [ 107.190414, 20.883196 ], [ 107.196251, 20.884583 ], [ 107.198761, 20.886259 ], [ 107.200142, 20.890139 ] ] ], [ [ [ 107.131805, 20.875694 ], [ 107.134308, 20.87681 ], [ 107.135696, 20.873751 ], [ 107.133469, 20.872917 ], [ 107.131805, 20.875694 ] ] ], [ [ [ 107.21875, 20.871805 ], [ 107.214302, 20.87319 ], [ 107.214859, 20.879581 ], [ 107.217918, 20.881811 ], [ 107.219582, 20.879581 ], [ 107.220413, 20.874029 ], [ 107.21875, 20.871805 ] ] ], [ [ [ 107.169586, 20.875422 ], [ 107.167076, 20.87792 ], [ 107.170135, 20.882086 ], [ 107.174858, 20.881531 ], [ 107.175972, 20.878189 ], [ 107.169586, 20.875422 ] ] ], [ [ [ 107.210419, 20.886259 ], [ 107.212082, 20.882086 ], [ 107.208473, 20.884861 ], [ 107.210419, 20.886259 ] ] ], [ [ [ 107.128197, 20.89292 ], [ 107.12458, 20.89097 ], [ 107.123192, 20.89431 ], [ 107.126541, 20.894861 ], [ 107.128197, 20.89292 ] ] ], [ [ [ 107.156525, 20.890417 ], [ 107.15403, 20.89625 ], [ 107.157639, 20.894585 ], [ 107.163193, 20.894585 ], [ 107.164017, 20.891809 ], [ 107.156525, 20.890417 ] ] ], [ [ [ 107.167358, 20.901531 ], [ 107.168457, 20.897921 ], [ 107.162918, 20.898472 ], [ 107.164856, 20.904032 ], [ 107.167358, 20.901531 ] ] ], [ [ [ 107.152641, 20.913473 ], [ 107.154861, 20.910141 ], [ 107.151802, 20.908195 ], [ 107.148193, 20.910418 ], [ 107.146248, 20.913195 ], [ 107.14875, 20.914305 ], [ 107.152641, 20.913473 ] ] ], [ [ [ 107.26236, 20.91264 ], [ 107.263748, 20.909309 ], [ 107.257919, 20.91069 ], [ 107.258469, 20.9132 ], [ 107.26236, 20.91264 ] ] ], [ [ [ 107.137085, 20.932364 ], [ 107.13903, 20.931805 ], [ 107.13903, 20.928194 ], [ 107.133469, 20.929859 ], [ 107.133751, 20.927641 ], [ 107.128197, 20.927361 ], [ 107.131248, 20.930971 ], [ 107.134033, 20.93264 ], [ 107.137085, 20.932364 ] ] ], [ [ [ 107.232361, 20.96681 ], [ 107.232086, 20.964581 ], [ 107.227913, 20.96431 ], [ 107.228203, 20.96681 ], [ 107.234581, 20.969305 ], [ 107.23542, 20.967361 ], [ 107.232361, 20.96681 ] ] ], [ [ [ 107.231529, 20.97403 ], [ 107.230972, 20.969858 ], [ 107.224297, 20.971533 ], [ 107.226807, 20.974861 ], [ 107.231529, 20.97403 ] ] ], [ [ [ 107.268196, 20.982084 ], [ 107.269302, 20.979311 ], [ 107.267082, 20.97736 ], [ 107.264305, 20.981251 ], [ 107.268196, 20.982084 ] ] ], [ [ [ 107.390976, 20.75486 ], [ 107.392082, 20.758471 ], [ 107.395416, 20.759581 ], [ 107.396797, 20.75708 ], [ 107.399307, 20.756531 ], [ 107.399864, 20.751806 ], [ 107.392639, 20.746531 ], [ 107.387917, 20.74486 ], [ 107.385406, 20.74514 ], [ 107.386803, 20.750141 ], [ 107.386528, 20.75264 ], [ 107.390976, 20.75486 ] ] ], [ [ [ 107.387077, 20.78792 ], [ 107.382919, 20.788191 ], [ 107.382919, 20.790972 ], [ 107.386528, 20.79014 ], [ 107.387077, 20.78792 ] ] ], [ [ [ 107.335693, 20.811531 ], [ 107.332642, 20.808748 ], [ 107.331253, 20.811253 ], [ 107.333473, 20.81292 ], [ 107.335693, 20.811531 ] ] ], [ [ [ 107.273483, 20.825701 ], [ 107.27375, 20.82181 ], [ 107.275696, 20.819311 ], [ 107.273193, 20.817083 ], [ 107.272362, 20.822359 ], [ 107.270416, 20.825701 ], [ 107.275139, 20.82736 ], [ 107.273483, 20.825701 ] ] ], [ [ [ 107.333473, 20.854311 ], [ 107.340973, 20.85321 ], [ 107.342636, 20.856251 ], [ 107.345139, 20.85486 ], [ 107.347641, 20.851252 ], [ 107.346527, 20.847918 ], [ 107.344307, 20.846251 ], [ 107.347076, 20.840981 ], [ 107.34626, 20.839031 ], [ 107.348198, 20.832081 ], [ 107.349297, 20.832081 ], [ 107.352364, 20.837641 ], [ 107.355133, 20.83847 ], [ 107.357361, 20.849312 ], [ 107.360687, 20.846251 ], [ 107.36042, 20.84181 ], [ 107.363472, 20.835421 ], [ 107.361526, 20.829861 ], [ 107.364586, 20.826811 ], [ 107.36792, 20.82653 ], [ 107.370407, 20.830141 ], [ 107.371529, 20.82542 ], [ 107.377357, 20.82486 ], [ 107.379593, 20.830141 ], [ 107.383751, 20.829584 ], [ 107.383469, 20.82625 ], [ 107.380966, 20.824032 ], [ 107.38208, 20.81958 ], [ 107.380417, 20.81514 ], [ 107.380692, 20.805971 ], [ 107.38208, 20.80097 ], [ 107.384857, 20.797642 ], [ 107.384583, 20.794584 ], [ 107.380142, 20.793194 ], [ 107.377907, 20.79681 ], [ 107.374031, 20.800692 ], [ 107.369026, 20.801811 ], [ 107.369583, 20.804308 ], [ 107.366806, 20.806805 ], [ 107.356247, 20.807917 ], [ 107.349861, 20.807917 ], [ 107.347359, 20.802917 ], [ 107.344307, 20.803751 ], [ 107.342918, 20.80625 ], [ 107.342918, 20.815695 ], [ 107.34153, 20.819584 ], [ 107.342361, 20.831251 ], [ 107.337906, 20.837082 ], [ 107.337639, 20.84153 ], [ 107.333191, 20.849859 ], [ 107.333473, 20.854311 ] ] ], [ [ [ 107.305138, 20.83597 ], [ 107.300957, 20.836531 ], [ 107.300957, 20.83931 ], [ 107.305969, 20.83847 ], [ 107.307083, 20.839863 ], [ 107.308197, 20.837641 ], [ 107.305138, 20.83597 ] ] ], [ [ [ 107.386803, 20.848194 ], [ 107.391243, 20.846531 ], [ 107.387917, 20.84347 ], [ 107.384583, 20.846251 ], [ 107.386803, 20.848194 ] ] ], [ [ [ 107.289024, 20.83736 ], [ 107.284859, 20.83847 ], [ 107.28125, 20.83736 ], [ 107.282364, 20.834862 ], [ 107.275139, 20.835138 ], [ 107.270973, 20.834305 ], [ 107.270981, 20.841249 ], [ 107.270142, 20.845694 ], [ 107.272362, 20.84819 ], [ 107.273476, 20.855972 ], [ 107.278748, 20.85153 ], [ 107.282913, 20.852917 ], [ 107.284027, 20.858749 ], [ 107.286804, 20.859583 ], [ 107.290413, 20.857641 ], [ 107.291809, 20.85569 ], [ 107.287918, 20.85375 ], [ 107.287086, 20.846807 ], [ 107.292915, 20.848194 ], [ 107.296249, 20.844028 ], [ 107.294861, 20.841806 ], [ 107.291252, 20.840981 ], [ 107.289024, 20.83736 ] ] ], [ [ [ 107.265419, 20.850691 ], [ 107.266525, 20.85486 ], [ 107.27153, 20.854031 ], [ 107.270691, 20.849859 ], [ 107.268753, 20.848194 ], [ 107.265419, 20.850691 ] ] ], [ [ [ 107.27903, 20.87014 ], [ 107.282921, 20.86875 ], [ 107.282639, 20.867085 ], [ 107.286804, 20.867085 ], [ 107.285973, 20.864305 ], [ 107.282921, 20.86125 ], [ 107.279297, 20.86125 ], [ 107.279297, 20.864033 ], [ 107.276527, 20.867081 ], [ 107.27903, 20.87014 ] ] ], [ [ [ 107.322639, 20.86515 ], [ 107.318748, 20.86458 ], [ 107.317085, 20.867361 ], [ 107.322639, 20.86681 ], [ 107.322639, 20.86515 ] ] ], [ [ [ 107.300957, 20.868471 ], [ 107.299309, 20.872641 ], [ 107.294586, 20.872921 ], [ 107.295975, 20.877359 ], [ 107.298195, 20.877359 ], [ 107.300423, 20.874861 ], [ 107.300697, 20.872917 ], [ 107.306252, 20.875694 ], [ 107.308472, 20.87014 ], [ 107.311813, 20.87042 ], [ 107.311531, 20.867361 ], [ 107.305969, 20.865971 ], [ 107.303192, 20.869583 ], [ 107.300957, 20.868471 ] ] ], [ [ [ 107.351807, 20.891809 ], [ 107.36264, 20.88847 ], [ 107.364029, 20.89097 ], [ 107.369026, 20.889858 ], [ 107.375137, 20.89403 ], [ 107.375694, 20.891527 ], [ 107.380142, 20.88932 ], [ 107.387085, 20.89097 ], [ 107.387077, 20.885971 ], [ 107.38903, 20.884029 ], [ 107.394028, 20.884861 ], [ 107.393753, 20.87958 ], [ 107.395416, 20.879581 ], [ 107.395416, 20.872917 ], [ 107.391243, 20.87681 ], [ 107.387917, 20.875139 ], [ 107.387077, 20.872641 ], [ 107.391808, 20.866529 ], [ 107.391533, 20.863752 ], [ 107.386528, 20.864305 ], [ 107.381531, 20.865971 ], [ 107.380417, 20.863468 ], [ 107.374863, 20.861528 ], [ 107.372917, 20.858194 ], [ 107.362358, 20.857918 ], [ 107.358749, 20.85931 ], [ 107.355698, 20.856531 ], [ 107.350975, 20.860138 ], [ 107.347641, 20.863752 ], [ 107.344307, 20.869305 ], [ 107.344582, 20.873751 ], [ 107.340973, 20.880974 ], [ 107.337639, 20.878752 ], [ 107.338196, 20.872917 ], [ 107.334862, 20.871531 ], [ 107.332077, 20.875139 ], [ 107.329308, 20.875422 ], [ 107.327919, 20.879305 ], [ 107.330139, 20.883472 ], [ 107.328476, 20.887081 ], [ 107.328751, 20.89431 ], [ 107.33403, 20.896801 ], [ 107.337914, 20.896807 ], [ 107.337639, 20.893471 ], [ 107.341805, 20.890694 ], [ 107.347641, 20.885418 ], [ 107.342918, 20.89097 ], [ 107.342087, 20.896807 ], [ 107.344856, 20.899311 ], [ 107.349297, 20.89875 ], [ 107.353752, 20.895971 ], [ 107.354309, 20.893749 ], [ 107.351807, 20.891809 ] ] ], [ [ [ 107.393471, 20.89403 ], [ 107.391525, 20.89097 ], [ 107.38903, 20.891253 ], [ 107.389862, 20.89514 ], [ 107.393471, 20.89403 ] ] ], [ [ [ 107.324303, 20.88431 ], [ 107.323196, 20.882086 ], [ 107.320137, 20.882086 ], [ 107.320969, 20.878752 ], [ 107.324303, 20.87709 ], [ 107.32486, 20.872921 ], [ 107.323196, 20.87125 ], [ 107.319313, 20.872641 ], [ 107.310417, 20.880196 ], [ 107.303474, 20.888472 ], [ 107.298767, 20.892363 ], [ 107.295692, 20.900141 ], [ 107.290413, 20.906811 ], [ 107.292358, 20.907921 ], [ 107.299026, 20.903749 ], [ 107.300957, 20.90097 ], [ 107.303749, 20.900972 ], [ 107.307083, 20.896807 ], [ 107.309029, 20.900139 ], [ 107.308472, 20.905695 ], [ 107.30542, 20.90707 ], [ 107.308472, 20.910973 ], [ 107.308472, 20.919027 ], [ 107.310974, 20.918194 ], [ 107.311806, 20.915138 ], [ 107.314026, 20.914583 ], [ 107.314857, 20.909861 ], [ 107.31958, 20.901531 ], [ 107.31958, 20.89542 ], [ 107.32209, 20.887081 ], [ 107.324303, 20.88431 ] ] ], [ [ [ 107.291527, 20.904032 ], [ 107.289307, 20.901806 ], [ 107.284584, 20.905695 ], [ 107.289581, 20.905695 ], [ 107.291527, 20.904032 ] ] ], [ [ [ 107.342918, 20.904306 ], [ 107.34153, 20.902082 ], [ 107.33847, 20.904581 ], [ 107.340416, 20.905973 ], [ 107.342918, 20.904306 ] ] ], [ [ [ 107.304581, 20.917921 ], [ 107.306252, 20.912361 ], [ 107.303467, 20.911261 ], [ 107.300957, 20.91375 ], [ 107.304581, 20.917921 ] ] ], [ [ [ 107.37236, 20.915138 ], [ 107.369308, 20.912918 ], [ 107.363747, 20.914028 ], [ 107.371246, 20.91736 ], [ 107.37236, 20.915138 ] ] ], [ [ [ 107.340416, 20.91375 ], [ 107.332642, 20.917084 ], [ 107.327637, 20.91736 ], [ 107.320969, 20.9193 ], [ 107.319862, 20.922085 ], [ 107.310692, 20.922638 ], [ 107.313187, 20.926811 ], [ 107.316528, 20.928194 ], [ 107.320419, 20.928194 ], [ 107.32486, 20.926811 ], [ 107.329308, 20.92458 ], [ 107.34153, 20.922361 ], [ 107.344856, 20.920691 ], [ 107.348473, 20.91736 ], [ 107.349297, 20.914301 ], [ 107.344025, 20.914583 ], [ 107.340416, 20.91375 ] ] ], [ [ [ 107.27375, 20.93737 ], [ 107.272919, 20.941528 ], [ 107.278198, 20.93792 ], [ 107.27375, 20.93737 ] ] ], [ [ [ 107.288483, 20.945143 ], [ 107.292358, 20.94486 ], [ 107.295135, 20.943472 ], [ 107.297638, 20.937918 ], [ 107.291527, 20.93903 ], [ 107.291527, 20.935139 ], [ 107.284027, 20.938749 ], [ 107.284027, 20.942362 ], [ 107.288483, 20.94208 ], [ 107.288483, 20.945143 ] ] ], [ [ [ 107.384583, 20.940971 ], [ 107.382362, 20.938194 ], [ 107.379585, 20.939583 ], [ 107.384583, 20.94681 ], [ 107.388191, 20.946806 ], [ 107.390976, 20.94903 ], [ 107.392639, 20.94792 ], [ 107.392906, 20.943468 ], [ 107.395142, 20.942921 ], [ 107.395691, 20.937918 ], [ 107.392639, 20.936806 ], [ 107.388748, 20.940695 ], [ 107.384583, 20.940971 ] ] ], [ [ [ 107.372643, 20.939583 ], [ 107.369026, 20.935972 ], [ 107.366806, 20.93236 ], [ 107.363472, 20.931532 ], [ 107.362076, 20.929031 ], [ 107.354576, 20.926811 ], [ 107.350693, 20.924583 ], [ 107.33625, 20.92625 ], [ 107.335983, 20.927917 ], [ 107.331253, 20.927917 ], [ 107.316528, 20.931528 ], [ 107.311249, 20.934029 ], [ 107.309593, 20.93681 ], [ 107.31208, 20.942638 ], [ 107.314583, 20.943199 ], [ 107.319031, 20.94014 ], [ 107.325417, 20.942638 ], [ 107.333191, 20.944584 ], [ 107.338196, 20.944584 ], [ 107.341248, 20.942362 ], [ 107.34153, 20.93903 ], [ 107.34597, 20.940432 ], [ 107.348473, 20.942638 ], [ 107.353195, 20.942083 ], [ 107.357918, 20.945692 ], [ 107.364586, 20.947639 ], [ 107.368195, 20.950697 ], [ 107.371803, 20.957642 ], [ 107.374031, 20.958178 ], [ 107.37542, 20.960974 ], [ 107.37986, 20.96097 ], [ 107.386528, 20.963751 ], [ 107.386528, 20.96154 ], [ 107.391243, 20.96236 ], [ 107.390137, 20.959028 ], [ 107.385971, 20.955416 ], [ 107.385139, 20.950417 ], [ 107.383186, 20.94931 ], [ 107.376808, 20.942083 ], [ 107.372643, 20.939583 ] ] ], [ [ [ 107.325966, 20.947639 ], [ 107.324577, 20.949581 ], [ 107.331253, 20.949581 ], [ 107.334862, 20.95042 ], [ 107.334862, 20.947639 ], [ 107.325966, 20.947639 ] ] ], [ [ [ 107.304863, 20.950972 ], [ 107.296516, 20.956532 ], [ 107.298752, 20.95792 ], [ 107.302361, 20.956812 ], [ 107.306526, 20.953751 ], [ 107.304863, 20.950972 ] ] ], [ [ [ 107.290703, 20.956812 ], [ 107.287361, 20.954306 ], [ 107.282356, 20.95458 ], [ 107.284027, 20.957359 ], [ 107.290703, 20.956812 ] ] ], [ [ [ 107.306808, 20.97097 ], [ 107.309029, 20.969584 ], [ 107.310143, 20.964861 ], [ 107.314857, 20.96125 ], [ 107.313187, 20.957081 ], [ 107.304863, 20.959303 ], [ 107.304863, 20.962086 ], [ 107.299309, 20.96154 ], [ 107.304306, 20.969028 ], [ 107.306808, 20.97097 ] ] ], [ [ [ 107.373749, 20.976801 ], [ 107.374306, 20.978472 ], [ 107.378746, 20.977921 ], [ 107.379028, 20.97625 ], [ 107.377083, 20.974581 ], [ 107.373749, 20.976801 ] ] ], [ [ [ 107.320969, 20.982916 ], [ 107.322639, 20.979305 ], [ 107.318748, 20.97958 ], [ 107.31736, 20.98208 ], [ 107.320969, 20.982916 ] ] ], [ [ [ 107.385696, 20.982639 ], [ 107.385971, 20.980141 ], [ 107.38237, 20.97958 ], [ 107.380974, 20.983194 ], [ 107.385696, 20.982639 ] ] ], [ [ [ 107.280136, 20.986252 ], [ 107.280136, 20.983194 ], [ 107.274307, 20.983471 ], [ 107.274017, 20.98653 ], [ 107.280136, 20.986252 ] ] ], [ [ [ 107.291252, 20.994028 ], [ 107.295692, 20.996248 ], [ 107.302643, 20.996248 ], [ 107.302635, 20.991808 ], [ 107.297363, 20.99181 ], [ 107.299026, 20.989031 ], [ 107.294029, 20.984583 ], [ 107.287636, 20.981806 ], [ 107.285141, 20.98848 ], [ 107.28875, 20.987082 ], [ 107.292641, 20.990417 ], [ 107.291252, 20.994028 ] ] ], [ [ [ 107.341248, 20.99181 ], [ 107.345413, 20.992083 ], [ 107.346527, 20.990141 ], [ 107.344017, 20.98819 ], [ 107.340973, 20.987917 ], [ 107.341248, 20.99181 ] ] ], [ [ [ 107.378754, 20.994583 ], [ 107.377083, 20.997923 ], [ 107.38237, 20.99708 ], [ 107.378754, 20.994583 ] ] ], [ [ [ 107.384865, 21.00375 ], [ 107.382637, 21.001251 ], [ 107.380142, 21.003197 ], [ 107.37986, 21.00736 ], [ 107.387642, 21.007641 ], [ 107.382919, 21.00625 ], [ 107.384865, 21.00375 ] ] ], [ [ [ 107.376808, 21.036249 ], [ 107.37542, 21.03347 ], [ 107.371246, 21.035139 ], [ 107.371803, 21.04236 ], [ 107.373474, 21.04236 ], [ 107.376236, 21.039591 ], [ 107.376808, 21.036249 ] ] ], [ [ [ 107.373474, 21.04236 ], [ 107.37236, 21.043751 ], [ 107.372093, 21.050138 ], [ 107.375969, 21.05514 ], [ 107.379028, 21.051533 ], [ 107.378754, 21.043472 ], [ 107.376808, 21.041529 ], [ 107.373474, 21.04236 ] ] ], [ [ [ 107.379028, 21.079582 ], [ 107.376808, 21.07847 ], [ 107.374313, 21.08153 ], [ 107.378197, 21.082081 ], [ 107.379028, 21.079582 ] ] ], [ [ [ 107.387085, 21.265417 ], [ 107.392082, 21.268475 ], [ 107.394112, 21.266533 ], [ 107.390686, 21.262918 ], [ 107.38736, 21.262918 ], [ 107.387085, 21.265417 ] ] ], [ [ [ 107.390419, 21.27264 ], [ 107.385696, 21.269861 ], [ 107.384583, 21.272083 ], [ 107.391243, 21.275419 ], [ 107.390419, 21.27264 ] ] ], [ [ [ 107.451248, 20.72319 ], [ 107.455414, 20.727362 ], [ 107.458191, 20.72736 ], [ 107.459862, 20.732084 ], [ 107.462906, 20.732632 ], [ 107.465698, 20.735971 ], [ 107.465141, 20.737921 ], [ 107.473198, 20.741528 ], [ 107.472084, 20.737362 ], [ 107.469856, 20.729031 ], [ 107.465141, 20.724583 ], [ 107.458473, 20.717081 ], [ 107.455139, 20.715969 ], [ 107.449577, 20.715969 ], [ 107.445137, 20.717638 ], [ 107.447906, 20.72431 ], [ 107.451248, 20.72319 ] ] ], [ [ [ 107.478462, 20.768471 ], [ 107.478462, 20.77042 ], [ 107.481796, 20.77264 ], [ 107.486252, 20.770416 ], [ 107.489586, 20.775139 ], [ 107.489304, 20.778194 ], [ 107.493759, 20.777639 ], [ 107.493752, 20.775417 ], [ 107.490417, 20.772081 ], [ 107.490417, 20.766806 ], [ 107.488747, 20.763191 ], [ 107.480972, 20.756248 ], [ 107.47403, 20.758471 ], [ 107.471802, 20.761528 ], [ 107.473473, 20.765699 ], [ 107.478462, 20.768471 ] ] ], [ [ [ 107.430969, 20.78653 ], [ 107.431808, 20.791811 ], [ 107.434303, 20.788471 ], [ 107.430969, 20.78653 ] ] ], [ [ [ 107.41153, 20.772364 ], [ 107.409576, 20.769312 ], [ 107.406525, 20.777639 ], [ 107.399864, 20.778194 ], [ 107.399864, 20.784863 ], [ 107.39875, 20.802086 ], [ 107.400139, 20.80208 ], [ 107.403473, 20.807917 ], [ 107.405693, 20.809311 ], [ 107.410423, 20.807638 ], [ 107.419861, 20.801811 ], [ 107.422638, 20.798473 ], [ 107.421516, 20.79458 ], [ 107.418472, 20.788473 ], [ 107.41597, 20.77931 ], [ 107.416527, 20.774031 ], [ 107.41153, 20.772364 ] ] ], [ [ [ 107.410416, 20.852081 ], [ 107.414864, 20.857084 ], [ 107.417358, 20.855696 ], [ 107.416252, 20.850142 ], [ 107.411797, 20.848471 ], [ 107.410416, 20.852081 ] ] ], [ [ [ 107.458748, 20.873194 ], [ 107.459297, 20.875422 ], [ 107.462906, 20.875422 ], [ 107.464027, 20.87319 ], [ 107.468483, 20.865419 ], [ 107.467087, 20.863194 ], [ 107.463196, 20.866529 ], [ 107.462364, 20.86347 ], [ 107.459305, 20.862083 ], [ 107.458748, 20.866529 ], [ 107.462639, 20.869305 ], [ 107.458748, 20.873194 ] ] ], [ [ [ 107.518753, 20.89431 ], [ 107.519577, 20.88932 ], [ 107.519302, 20.883472 ], [ 107.505142, 20.875422 ], [ 107.50042, 20.869583 ], [ 107.49736, 20.86875 ], [ 107.494858, 20.864862 ], [ 107.492081, 20.856527 ], [ 107.494308, 20.854584 ], [ 107.493187, 20.847918 ], [ 107.488747, 20.837921 ], [ 107.484306, 20.829584 ], [ 107.482635, 20.821251 ], [ 107.479576, 20.81736 ], [ 107.474861, 20.81625 ], [ 107.469864, 20.813749 ], [ 107.469017, 20.820141 ], [ 107.471252, 20.82181 ], [ 107.470703, 20.82431 ], [ 107.474304, 20.833471 ], [ 107.477638, 20.835138 ], [ 107.480423, 20.83931 ], [ 107.480423, 20.842081 ], [ 107.483192, 20.851252 ], [ 107.483749, 20.85931 ], [ 107.486252, 20.859861 ], [ 107.489029, 20.864305 ], [ 107.485138, 20.873751 ], [ 107.481247, 20.875694 ], [ 107.477913, 20.875694 ], [ 107.474304, 20.883472 ], [ 107.475136, 20.887362 ], [ 107.478462, 20.88932 ], [ 107.483749, 20.88847 ], [ 107.490143, 20.885139 ], [ 107.492363, 20.887362 ], [ 107.49514, 20.886806 ], [ 107.507919, 20.887083 ], [ 107.511253, 20.889305 ], [ 107.513191, 20.89319 ], [ 107.512077, 20.899311 ], [ 107.513191, 20.900139 ], [ 107.515419, 20.906811 ], [ 107.517082, 20.90847 ], [ 107.519577, 20.91736 ], [ 107.524017, 20.92292 ], [ 107.528473, 20.92514 ], [ 107.526802, 20.917082 ], [ 107.530693, 20.916813 ], [ 107.534302, 20.92181 ], [ 107.535141, 20.924583 ], [ 107.539017, 20.929581 ], [ 107.538483, 20.933201 ], [ 107.536247, 20.93375 ], [ 107.53653, 20.938473 ], [ 107.540413, 20.941528 ], [ 107.544296, 20.94792 ], [ 107.547928, 20.951811 ], [ 107.552917, 20.962086 ], [ 107.554581, 20.962921 ], [ 107.554031, 20.967361 ], [ 107.557083, 20.969305 ], [ 107.559586, 20.968472 ], [ 107.55986, 20.964582 ], [ 107.552917, 20.957359 ], [ 107.551247, 20.952084 ], [ 107.551247, 20.945141 ], [ 107.555138, 20.94125 ], [ 107.559029, 20.942921 ], [ 107.555969, 20.935417 ], [ 107.561249, 20.934029 ], [ 107.557915, 20.931805 ], [ 107.54847, 20.92403 ], [ 107.544296, 20.92403 ], [ 107.539581, 20.919031 ], [ 107.537361, 20.915138 ], [ 107.534027, 20.9132 ], [ 107.532913, 20.909031 ], [ 107.52903, 20.908751 ], [ 107.526253, 20.90653 ], [ 107.520973, 20.89986 ], [ 107.518753, 20.89431 ] ] ], [ [ [ 107.468193, 20.896807 ], [ 107.46875, 20.894028 ], [ 107.471527, 20.890694 ], [ 107.469307, 20.889029 ], [ 107.466797, 20.892363 ], [ 107.462639, 20.89542 ], [ 107.462639, 20.89764 ], [ 107.465973, 20.898201 ], [ 107.468193, 20.896807 ] ] ], [ [ [ 107.477913, 20.894306 ], [ 107.476517, 20.89653 ], [ 107.479027, 20.89986 ], [ 107.486252, 20.902361 ], [ 107.491806, 20.90181 ], [ 107.492638, 20.90486 ], [ 107.494858, 20.907082 ], [ 107.499306, 20.908472 ], [ 107.501526, 20.910694 ], [ 107.504028, 20.910694 ], [ 107.510139, 20.91264 ], [ 107.513748, 20.914583 ], [ 107.518196, 20.914862 ], [ 107.517357, 20.91181 ], [ 107.508469, 20.896528 ], [ 107.505417, 20.89542 ], [ 107.503746, 20.892363 ], [ 107.49958, 20.894585 ], [ 107.49292, 20.89403 ], [ 107.486809, 20.896807 ], [ 107.481796, 20.89403 ], [ 107.477913, 20.894306 ] ] ], [ [ [ 107.435692, 20.93569 ], [ 107.425697, 20.925417 ], [ 107.42347, 20.92506 ], [ 107.422363, 20.921528 ], [ 107.419304, 20.919027 ], [ 107.414024, 20.919306 ], [ 107.412636, 20.916813 ], [ 107.40847, 20.915701 ], [ 107.404587, 20.912083 ], [ 107.402359, 20.91375 ], [ 107.397636, 20.912083 ], [ 107.396248, 20.910141 ], [ 107.391808, 20.909309 ], [ 107.38903, 20.907082 ], [ 107.38237, 20.905142 ], [ 107.379593, 20.905142 ], [ 107.371246, 20.902922 ], [ 107.371246, 20.901806 ], [ 107.377083, 20.89875 ], [ 107.376526, 20.896807 ], [ 107.372917, 20.896528 ], [ 107.369583, 20.898472 ], [ 107.367081, 20.897083 ], [ 107.361809, 20.899311 ], [ 107.359863, 20.898201 ], [ 107.353195, 20.898195 ], [ 107.353752, 20.901531 ], [ 107.344307, 20.905138 ], [ 107.352356, 20.90597 ], [ 107.359024, 20.908195 ], [ 107.368195, 20.909306 ], [ 107.372643, 20.911251 ], [ 107.380692, 20.913471 ], [ 107.384583, 20.916248 ], [ 107.39431, 20.916241 ], [ 107.407913, 20.921528 ], [ 107.41375, 20.926811 ], [ 107.417084, 20.933571 ], [ 107.418472, 20.938751 ], [ 107.420967, 20.94208 ], [ 107.419586, 20.947363 ], [ 107.422363, 20.948195 ], [ 107.425972, 20.94681 ], [ 107.428467, 20.95153 ], [ 107.43486, 20.959305 ], [ 107.440407, 20.96208 ], [ 107.445969, 20.96764 ], [ 107.451248, 20.970139 ], [ 107.454308, 20.968472 ], [ 107.453194, 20.960417 ], [ 107.450966, 20.957642 ], [ 107.450691, 20.950701 ], [ 107.449028, 20.946529 ], [ 107.443466, 20.941528 ], [ 107.443474, 20.94014 ], [ 107.435692, 20.93569 ] ] ], [ [ [ 107.395416, 20.953472 ], [ 107.395142, 20.95097 ], [ 107.392082, 20.95097 ], [ 107.392365, 20.955416 ], [ 107.395416, 20.953472 ] ] ], [ [ [ 107.458748, 20.94125 ], [ 107.45208, 20.93737 ], [ 107.450691, 20.934029 ], [ 107.445969, 20.931805 ], [ 107.442642, 20.933201 ], [ 107.450966, 20.940691 ], [ 107.454033, 20.945421 ], [ 107.457642, 20.949028 ], [ 107.457642, 20.955973 ], [ 107.46125, 20.957916 ], [ 107.461807, 20.961811 ], [ 107.464859, 20.965694 ], [ 107.468193, 20.96653 ], [ 107.467636, 20.969028 ], [ 107.470139, 20.972361 ], [ 107.470413, 20.97514 ], [ 107.475136, 20.977921 ], [ 107.479858, 20.975973 ], [ 107.481796, 20.96764 ], [ 107.479027, 20.966249 ], [ 107.477081, 20.960695 ], [ 107.474297, 20.957642 ], [ 107.474304, 20.955416 ], [ 107.465973, 20.947084 ], [ 107.462082, 20.945421 ], [ 107.458748, 20.94125 ] ] ], [ [ [ 107.43486, 20.96431 ], [ 107.431252, 20.96125 ], [ 107.428749, 20.963196 ], [ 107.431526, 20.965973 ], [ 107.43486, 20.96431 ] ] ], [ [ [ 107.397362, 20.903194 ], [ 107.40403, 20.903194 ], [ 107.411797, 20.90764 ], [ 107.415138, 20.90847 ], [ 107.417641, 20.91375 ], [ 107.420975, 20.916248 ], [ 107.424583, 20.915695 ], [ 107.429306, 20.917643 ], [ 107.433746, 20.917643 ], [ 107.433479, 20.92181 ], [ 107.437363, 20.921806 ], [ 107.439857, 20.92514 ], [ 107.443466, 20.92625 ], [ 107.445419, 20.930141 ], [ 107.448196, 20.929581 ], [ 107.453194, 20.932081 ], [ 107.457359, 20.93681 ], [ 107.464027, 20.93903 ], [ 107.467087, 20.942638 ], [ 107.471527, 20.945421 ], [ 107.474586, 20.94486 ], [ 107.475983, 20.94792 ], [ 107.482086, 20.954029 ], [ 107.482361, 20.95792 ], [ 107.484863, 20.960417 ], [ 107.487923, 20.968191 ], [ 107.487358, 20.973751 ], [ 107.490135, 20.976807 ], [ 107.490143, 20.979216 ], [ 107.483192, 20.97403 ], [ 107.481247, 20.977079 ], [ 107.477638, 20.985695 ], [ 107.480972, 20.985695 ], [ 107.482086, 20.983194 ], [ 107.48597, 20.983191 ], [ 107.48597, 20.989311 ], [ 107.490417, 20.989031 ], [ 107.490974, 20.994862 ], [ 107.49736, 21.000139 ], [ 107.502907, 21.010422 ], [ 107.505417, 21.012081 ], [ 107.506531, 21.015141 ], [ 107.511253, 21.017361 ], [ 107.510139, 21.010416 ], [ 107.507637, 21.009031 ], [ 107.507919, 21.001806 ], [ 107.512077, 21.008751 ], [ 107.514572, 21.010969 ], [ 107.514572, 21.016251 ], [ 107.517082, 21.020695 ], [ 107.524582, 21.026253 ], [ 107.524864, 21.029585 ], [ 107.529305, 21.032084 ], [ 107.532639, 21.038195 ], [ 107.537361, 21.040701 ], [ 107.536797, 21.03264 ], [ 107.540138, 21.03236 ], [ 107.541801, 21.037359 ], [ 107.54097, 21.041811 ], [ 107.547363, 21.04125 ], [ 107.546249, 21.035694 ], [ 107.544586, 21.032921 ], [ 107.544868, 21.028473 ], [ 107.543747, 21.023748 ], [ 107.55014, 21.02931 ], [ 107.550972, 21.034307 ], [ 107.549576, 21.037922 ], [ 107.549858, 21.042639 ], [ 107.552643, 21.044031 ], [ 107.55542, 21.040417 ], [ 107.557907, 21.044861 ], [ 107.560143, 21.040421 ], [ 107.560417, 21.036249 ], [ 107.557083, 21.033472 ], [ 107.555969, 21.028473 ], [ 107.551247, 21.028475 ], [ 107.552086, 21.023199 ], [ 107.54792, 21.022083 ], [ 107.545418, 21.019308 ], [ 107.544586, 21.013201 ], [ 107.545967, 21.006521 ], [ 107.542915, 21.00264 ], [ 107.545418, 21.000141 ], [ 107.548187, 20.994289 ], [ 107.548752, 20.990973 ], [ 107.545692, 20.98542 ], [ 107.545143, 20.98181 ], [ 107.541801, 20.98181 ], [ 107.538742, 20.977921 ], [ 107.537086, 20.968472 ], [ 107.534576, 20.965139 ], [ 107.534027, 20.960701 ], [ 107.532082, 20.958195 ], [ 107.532364, 20.954861 ], [ 107.52903, 20.947639 ], [ 107.527084, 20.945417 ], [ 107.526527, 20.940432 ], [ 107.523193, 20.939308 ], [ 107.522362, 20.937084 ], [ 107.522919, 20.930422 ], [ 107.520699, 20.927917 ], [ 107.517357, 20.920691 ], [ 107.514862, 20.920692 ], [ 107.506813, 20.91486 ], [ 107.501251, 20.914862 ], [ 107.494858, 20.914028 ], [ 107.489586, 20.912361 ], [ 107.484581, 20.91264 ], [ 107.480972, 20.909637 ], [ 107.473473, 20.909861 ], [ 107.467445, 20.908472 ], [ 107.462082, 20.905142 ], [ 107.455406, 20.90653 ], [ 107.450417, 20.905695 ], [ 107.449577, 20.901531 ], [ 107.452362, 20.900421 ], [ 107.449028, 20.892363 ], [ 107.443474, 20.89097 ], [ 107.439255, 20.886806 ], [ 107.430687, 20.883471 ], [ 107.427635, 20.884027 ], [ 107.427086, 20.887362 ], [ 107.422081, 20.887638 ], [ 107.420692, 20.889584 ], [ 107.415138, 20.891527 ], [ 107.418198, 20.894861 ], [ 107.418472, 20.897083 ], [ 107.42347, 20.89736 ], [ 107.427361, 20.899584 ], [ 107.429581, 20.89958 ], [ 107.43792, 20.90486 ], [ 107.436249, 20.907921 ], [ 107.430695, 20.905973 ], [ 107.427643, 20.904032 ], [ 107.420135, 20.903473 ], [ 107.410416, 20.89986 ], [ 107.407913, 20.897083 ], [ 107.406807, 20.892918 ], [ 107.401527, 20.89292 ], [ 107.397919, 20.890417 ], [ 107.394585, 20.892639 ], [ 107.394859, 20.899311 ], [ 107.394028, 20.901531 ], [ 107.397362, 20.903194 ] ] ], [ [ [ 107.407639, 20.981251 ], [ 107.407913, 20.97736 ], [ 107.402916, 20.975971 ], [ 107.402359, 20.97986 ], [ 107.407639, 20.981251 ] ] ], [ [ [ 107.44458, 20.97654 ], [ 107.435966, 20.97625 ], [ 107.435692, 20.980141 ], [ 107.436813, 20.984032 ], [ 107.440697, 20.983194 ], [ 107.443466, 20.980421 ], [ 107.44458, 20.97654 ] ] ], [ [ [ 107.47403, 20.978195 ], [ 107.47097, 20.975971 ], [ 107.465698, 20.97736 ], [ 107.466522, 20.980421 ], [ 107.470695, 20.984583 ], [ 107.473747, 20.982922 ], [ 107.47403, 20.978195 ] ] ], [ [ [ 107.426529, 20.997084 ], [ 107.427086, 20.992916 ], [ 107.424309, 20.992916 ], [ 107.421806, 20.99736 ], [ 107.426529, 20.997084 ] ] ], [ [ [ 107.449028, 21.010416 ], [ 107.455971, 21.017084 ], [ 107.459862, 21.015972 ], [ 107.457642, 21.010416 ], [ 107.451523, 21.009312 ], [ 107.449028, 21.010416 ] ] ], [ [ [ 107.436531, 21.015139 ], [ 107.437637, 21.01903 ], [ 107.439857, 21.019581 ], [ 107.443748, 21.024311 ], [ 107.446808, 21.025694 ], [ 107.447365, 21.022083 ], [ 107.454033, 21.023199 ], [ 107.455696, 21.022083 ], [ 107.446526, 21.013193 ], [ 107.445419, 21.007921 ], [ 107.438187, 21.01125 ], [ 107.436531, 21.015139 ] ] ], [ [ [ 107.494308, 21.033194 ], [ 107.491531, 21.03042 ], [ 107.490417, 21.027084 ], [ 107.487915, 21.02597 ], [ 107.48597, 21.03125 ], [ 107.489029, 21.03236 ], [ 107.489029, 21.035694 ], [ 107.493187, 21.034861 ], [ 107.494308, 21.033194 ] ] ], [ [ [ 107.428467, 21.03347 ], [ 107.427635, 21.032362 ], [ 107.421516, 21.031811 ], [ 107.424309, 21.035139 ], [ 107.428467, 21.03347 ] ] ], [ [ [ 107.489586, 21.040421 ], [ 107.490143, 21.036531 ], [ 107.487358, 21.036531 ], [ 107.486526, 21.039591 ], [ 107.489586, 21.040421 ] ] ], [ [ [ 107.445686, 21.046808 ], [ 107.439583, 21.042917 ], [ 107.44014, 21.047916 ], [ 107.445419, 21.049305 ], [ 107.445686, 21.046808 ] ] ], [ [ [ 107.54097, 21.05653 ], [ 107.540703, 21.053471 ], [ 107.537361, 21.05431 ], [ 107.537636, 21.058201 ], [ 107.54097, 21.05653 ] ] ], [ [ [ 107.547363, 21.05875 ], [ 107.552361, 21.064028 ], [ 107.55542, 21.069311 ], [ 107.557083, 21.066805 ], [ 107.556808, 21.058472 ], [ 107.559303, 21.055971 ], [ 107.559029, 21.052919 ], [ 107.55542, 21.049583 ], [ 107.548187, 21.05431 ], [ 107.551247, 21.055695 ], [ 107.550423, 21.05792 ], [ 107.547363, 21.05875 ] ] ], [ [ [ 107.543198, 21.062084 ], [ 107.544861, 21.057638 ], [ 107.54097, 21.059031 ], [ 107.543198, 21.062084 ] ] ], [ [ [ 107.516251, 21.062922 ], [ 107.513748, 21.061529 ], [ 107.51236, 21.064859 ], [ 107.516251, 21.067081 ], [ 107.516251, 21.062922 ] ] ], [ [ [ 107.515419, 21.072083 ], [ 107.50708, 21.070421 ], [ 107.503746, 21.06764 ], [ 107.498749, 21.067917 ], [ 107.496803, 21.072639 ], [ 107.509033, 21.075418 ], [ 107.512917, 21.074583 ], [ 107.515419, 21.072083 ] ] ], [ [ [ 107.517082, 21.045973 ], [ 107.515976, 21.044031 ], [ 107.512642, 21.044031 ], [ 107.511253, 21.04236 ], [ 107.505417, 21.04014 ], [ 107.506248, 21.037359 ], [ 107.501526, 21.034306 ], [ 107.496246, 21.035139 ], [ 107.496246, 21.03875 ], [ 107.493469, 21.04097 ], [ 107.497917, 21.042639 ], [ 107.49736, 21.047083 ], [ 107.500969, 21.04875 ], [ 107.503471, 21.051821 ], [ 107.507919, 21.051615 ], [ 107.507362, 21.05431 ], [ 107.510139, 21.05625 ], [ 107.513748, 21.05625 ], [ 107.519302, 21.05958 ], [ 107.520142, 21.062361 ], [ 107.524025, 21.064306 ], [ 107.526253, 21.06736 ], [ 107.52597, 21.069311 ], [ 107.522362, 21.072081 ], [ 107.524017, 21.07375 ], [ 107.527916, 21.072081 ], [ 107.531525, 21.073195 ], [ 107.525406, 21.077642 ], [ 107.525139, 21.08153 ], [ 107.527916, 21.084307 ], [ 107.525696, 21.090422 ], [ 107.534576, 21.089312 ], [ 107.535973, 21.094311 ], [ 107.53875, 21.095972 ], [ 107.538193, 21.09931 ], [ 107.543747, 21.098194 ], [ 107.544861, 21.105417 ], [ 107.546516, 21.11014 ], [ 107.549026, 21.11375 ], [ 107.554031, 21.118471 ], [ 107.561249, 21.111807 ], [ 107.565971, 21.112638 ], [ 107.570137, 21.115971 ], [ 107.570694, 21.118195 ], [ 107.578194, 21.119305 ], [ 107.580696, 21.117359 ], [ 107.581253, 21.10681 ], [ 107.580696, 21.101528 ], [ 107.579025, 21.10014 ], [ 107.57486, 21.093193 ], [ 107.574577, 21.089312 ], [ 107.570969, 21.083471 ], [ 107.568192, 21.081806 ], [ 107.564583, 21.084583 ], [ 107.562363, 21.08375 ], [ 107.562363, 21.079309 ], [ 107.559593, 21.074301 ], [ 107.555695, 21.072918 ], [ 107.551247, 21.072639 ], [ 107.547363, 21.070696 ], [ 107.544586, 21.067081 ], [ 107.537086, 21.064583 ], [ 107.536804, 21.06212 ], [ 107.532913, 21.057083 ], [ 107.533195, 21.052917 ], [ 107.532082, 21.05125 ], [ 107.528198, 21.050694 ], [ 107.528198, 21.047916 ], [ 107.522919, 21.044031 ], [ 107.517082, 21.045973 ] ] ], [ [ [ 107.490692, 21.089861 ], [ 107.495407, 21.088751 ], [ 107.490692, 21.0846 ], [ 107.490692, 21.089861 ] ] ], [ [ [ 107.395691, 21.110697 ], [ 107.395973, 21.108192 ], [ 107.391808, 21.104029 ], [ 107.390686, 21.106531 ], [ 107.395691, 21.110697 ] ] ], [ [ [ 107.410423, 21.13875 ], [ 107.409576, 21.135691 ], [ 107.404587, 21.132921 ], [ 107.404305, 21.130417 ], [ 107.40065, 21.12875 ], [ 107.395973, 21.127916 ], [ 107.393753, 21.13236 ], [ 107.389862, 21.148211 ], [ 107.392357, 21.157358 ], [ 107.391533, 21.160419 ], [ 107.391808, 21.16736 ], [ 107.394302, 21.17375 ], [ 107.39875, 21.175421 ], [ 107.399017, 21.181528 ], [ 107.404297, 21.18096 ], [ 107.408195, 21.179583 ], [ 107.409859, 21.176531 ], [ 107.408752, 21.168188 ], [ 107.409309, 21.164301 ], [ 107.40847, 21.159309 ], [ 107.40847, 21.15069 ], [ 107.410423, 21.14653 ], [ 107.410423, 21.13875 ] ] ], [ [ [ 107.384865, 21.040695 ], [ 107.381248, 21.041803 ], [ 107.380692, 21.046808 ], [ 107.38237, 21.050423 ], [ 107.38237, 21.05431 ], [ 107.377907, 21.060419 ], [ 107.378197, 21.062639 ], [ 107.381248, 21.063749 ], [ 107.380966, 21.06653 ], [ 107.376526, 21.062916 ], [ 107.373192, 21.065142 ], [ 107.368752, 21.069571 ], [ 107.367363, 21.075701 ], [ 107.373749, 21.078753 ], [ 107.378471, 21.07736 ], [ 107.381531, 21.079306 ], [ 107.381248, 21.082361 ], [ 107.385696, 21.087931 ], [ 107.381248, 21.090139 ], [ 107.380974, 21.092363 ], [ 107.386528, 21.096251 ], [ 107.390419, 21.097918 ], [ 107.394585, 21.101528 ], [ 107.396248, 21.105421 ], [ 107.39875, 21.107639 ], [ 107.40097, 21.11264 ], [ 107.400696, 21.117083 ], [ 107.408752, 21.12431 ], [ 107.409576, 21.126808 ], [ 107.415138, 21.130972 ], [ 107.417641, 21.135139 ], [ 107.419029, 21.140141 ], [ 107.417641, 21.145971 ], [ 107.416, 21.148682 ], [ 107.414024, 21.155972 ], [ 107.414581, 21.161806 ], [ 107.414864, 21.173471 ], [ 107.413475, 21.18014 ], [ 107.414307, 21.18432 ], [ 107.417076, 21.18792 ], [ 107.425972, 21.19486 ], [ 107.431808, 21.195972 ], [ 107.432907, 21.194031 ], [ 107.437637, 21.19042 ], [ 107.439026, 21.18681 ], [ 107.439026, 21.18125 ], [ 107.441528, 21.176525 ], [ 107.440697, 21.188192 ], [ 107.435417, 21.197359 ], [ 107.435692, 21.20042 ], [ 107.438469, 21.20319 ], [ 107.441246, 21.209028 ], [ 107.442917, 21.2082 ], [ 107.442093, 21.202921 ], [ 107.442642, 21.191528 ], [ 107.444305, 21.192083 ], [ 107.443748, 21.202085 ], [ 107.446533, 21.19932 ], [ 107.450142, 21.198471 ], [ 107.451248, 21.195694 ], [ 107.456528, 21.194031 ], [ 107.462357, 21.194031 ], [ 107.462906, 21.195421 ], [ 107.454865, 21.196806 ], [ 107.450691, 21.19986 ], [ 107.446251, 21.20542 ], [ 107.444305, 21.215139 ], [ 107.447365, 21.223473 ], [ 107.449577, 21.221807 ], [ 107.44986, 21.229303 ], [ 107.45153, 21.235971 ], [ 107.45153, 21.244862 ], [ 107.453194, 21.24736 ], [ 107.454582, 21.254301 ], [ 107.453751, 21.264584 ], [ 107.455406, 21.27014 ], [ 107.458473, 21.275141 ], [ 107.465141, 21.272921 ], [ 107.47403, 21.272083 ], [ 107.478203, 21.268751 ], [ 107.484024, 21.260695 ], [ 107.484306, 21.259027 ], [ 107.491806, 21.254581 ], [ 107.494026, 21.25264 ], [ 107.497917, 21.246811 ], [ 107.502357, 21.24542 ], [ 107.506531, 21.239861 ], [ 107.509026, 21.23847 ], [ 107.509865, 21.235416 ], [ 107.512642, 21.235971 ], [ 107.518471, 21.232084 ], [ 107.518753, 21.226805 ], [ 107.52375, 21.227081 ], [ 107.528198, 21.222361 ], [ 107.527641, 21.219311 ], [ 107.531517, 21.216249 ], [ 107.532913, 21.213753 ], [ 107.533752, 21.20653 ], [ 107.535973, 21.205973 ], [ 107.534302, 21.199863 ], [ 107.538193, 21.200972 ], [ 107.540413, 21.197359 ], [ 107.539581, 21.19486 ], [ 107.543472, 21.19264 ], [ 107.544029, 21.197359 ], [ 107.552086, 21.197639 ], [ 107.554031, 21.20042 ], [ 107.556808, 21.199581 ], [ 107.561531, 21.202641 ], [ 107.566803, 21.203751 ], [ 107.572365, 21.201529 ], [ 107.572365, 21.204584 ], [ 107.580971, 21.207083 ], [ 107.583473, 21.206251 ], [ 107.594307, 21.215139 ], [ 107.595139, 21.217361 ], [ 107.599022, 21.219311 ], [ 107.60347, 21.218197 ], [ 107.605698, 21.219311 ], [ 107.611526, 21.218472 ], [ 107.61042, 21.214306 ], [ 107.605972, 21.205139 ], [ 107.605972, 21.204027 ], [ 107.599586, 21.201811 ], [ 107.593193, 21.188471 ], [ 107.58625, 21.184032 ], [ 107.584297, 21.178471 ], [ 107.581253, 21.17625 ], [ 107.575417, 21.175974 ], [ 107.573196, 21.174582 ], [ 107.573753, 21.170691 ], [ 107.570686, 21.165701 ], [ 107.567093, 21.165421 ], [ 107.564857, 21.16292 ], [ 107.564857, 21.160151 ], [ 107.556526, 21.154028 ], [ 107.552635, 21.153473 ], [ 107.551796, 21.15098 ], [ 107.543472, 21.14542 ], [ 107.543198, 21.141529 ], [ 107.536575, 21.148195 ], [ 107.536797, 21.152639 ], [ 107.539024, 21.155416 ], [ 107.538193, 21.157923 ], [ 107.533752, 21.15736 ], [ 107.533195, 21.14986 ], [ 107.524582, 21.149586 ], [ 107.529861, 21.145971 ], [ 107.53347, 21.147081 ], [ 107.537086, 21.14625 ], [ 107.539017, 21.144312 ], [ 107.538742, 21.141529 ], [ 107.534309, 21.139038 ], [ 107.532639, 21.135691 ], [ 107.528198, 21.134029 ], [ 107.522087, 21.130138 ], [ 107.519028, 21.129862 ], [ 107.514313, 21.12569 ], [ 107.508186, 21.12236 ], [ 107.50708, 21.12764 ], [ 107.504303, 21.12542 ], [ 107.506531, 21.121529 ], [ 107.499863, 21.115417 ], [ 107.493469, 21.112083 ], [ 107.48764, 21.108192 ], [ 107.482918, 21.103195 ], [ 107.479858, 21.101805 ], [ 107.475136, 21.09708 ], [ 107.472076, 21.09514 ], [ 107.471252, 21.089029 ], [ 107.467361, 21.085972 ], [ 107.466805, 21.084028 ], [ 107.460693, 21.084869 ], [ 107.457642, 21.084307 ], [ 107.457359, 21.087931 ], [ 107.455139, 21.090973 ], [ 107.452637, 21.091532 ], [ 107.449028, 21.085884 ], [ 107.446808, 21.080692 ], [ 107.442085, 21.077917 ], [ 107.439857, 21.077923 ], [ 107.427917, 21.06847 ], [ 107.426529, 21.068474 ], [ 107.418472, 21.059311 ], [ 107.414307, 21.053192 ], [ 107.412086, 21.052919 ], [ 107.408752, 21.049862 ], [ 107.40097, 21.049862 ], [ 107.395973, 21.048759 ], [ 107.38958, 21.045141 ], [ 107.389862, 21.042921 ], [ 107.384865, 21.040695 ] ] ], [ [ [ 107.407913, 21.183748 ], [ 107.410141, 21.18931 ], [ 107.415695, 21.192917 ], [ 107.41597, 21.19125 ], [ 107.409859, 21.18347 ], [ 107.407913, 21.183748 ] ] ], [ [ [ 107.407082, 21.18486 ], [ 107.397636, 21.184582 ], [ 107.397919, 21.187641 ], [ 107.400696, 21.19125 ], [ 107.409309, 21.19486 ], [ 107.407913, 21.19014 ], [ 107.407082, 21.18486 ] ] ], [ [ [ 107.574028, 21.259029 ], [ 107.571533, 21.25736 ], [ 107.565697, 21.258472 ], [ 107.560966, 21.255701 ], [ 107.560143, 21.253469 ], [ 107.552361, 21.254028 ], [ 107.550697, 21.255417 ], [ 107.55014, 21.259308 ], [ 107.545692, 21.255974 ], [ 107.535973, 21.259027 ], [ 107.535423, 21.264313 ], [ 107.537918, 21.266809 ], [ 107.55542, 21.27486 ], [ 107.562363, 21.275694 ], [ 107.56958, 21.277361 ], [ 107.571533, 21.276251 ], [ 107.572914, 21.272917 ], [ 107.579239, 21.270109 ], [ 107.581528, 21.266806 ], [ 107.585976, 21.26597 ], [ 107.587357, 21.260971 ], [ 107.577637, 21.26153 ], [ 107.57708, 21.259029 ], [ 107.574028, 21.259029 ] ] ], [ [ [ 107.543472, 21.272921 ], [ 107.535698, 21.267641 ], [ 107.534302, 21.265417 ], [ 107.530136, 21.263748 ], [ 107.526802, 21.26597 ], [ 107.524017, 21.27264 ], [ 107.522087, 21.275419 ], [ 107.522087, 21.279581 ], [ 107.52597, 21.28097 ], [ 107.532356, 21.285419 ], [ 107.53653, 21.283751 ], [ 107.543472, 21.28264 ], [ 107.549026, 21.28097 ], [ 107.551529, 21.284031 ], [ 107.554306, 21.284031 ], [ 107.555969, 21.278194 ], [ 107.550697, 21.276812 ], [ 107.547638, 21.274305 ], [ 107.543472, 21.272921 ] ] ], [ [ [ 107.404587, 21.279581 ], [ 107.40847, 21.275694 ], [ 107.40847, 21.274029 ], [ 107.400139, 21.27487 ], [ 107.39653, 21.277349 ], [ 107.400414, 21.279581 ], [ 107.404587, 21.279581 ] ] ], [ [ [ 107.50708, 21.280416 ], [ 107.503471, 21.282639 ], [ 107.502632, 21.286251 ], [ 107.505699, 21.286251 ], [ 107.507919, 21.284586 ], [ 107.509308, 21.281811 ], [ 107.50708, 21.280416 ] ] ], [ [ [ 107.520699, 21.28681 ], [ 107.524017, 21.28458 ], [ 107.520416, 21.28153 ], [ 107.516525, 21.281803 ], [ 107.511253, 21.284306 ], [ 107.509308, 21.28875 ], [ 107.513748, 21.287361 ], [ 107.520699, 21.28681 ] ] ], [ [ [ 107.790413, 20.97348 ], [ 107.78653, 20.97208 ], [ 107.78347, 20.974581 ], [ 107.785416, 20.978195 ], [ 107.790413, 20.979311 ], [ 107.790413, 20.97625 ], [ 107.790413, 20.97348 ] ] ], [ [ [ 107.758186, 20.954861 ], [ 107.755142, 20.955973 ], [ 107.752083, 20.95458 ], [ 107.748192, 20.950701 ], [ 107.749031, 20.947639 ], [ 107.745407, 20.94458 ], [ 107.739861, 20.944033 ], [ 107.741806, 20.94681 ], [ 107.742363, 20.95014 ], [ 107.745689, 20.952091 ], [ 107.746536, 20.956532 ], [ 107.749031, 20.959305 ], [ 107.753471, 20.959303 ], [ 107.752914, 20.962086 ], [ 107.756248, 20.966759 ], [ 107.761253, 20.96735 ], [ 107.762917, 20.968748 ], [ 107.76236, 20.972643 ], [ 107.75708, 20.980972 ], [ 107.753197, 20.98431 ], [ 107.744308, 20.989586 ], [ 107.739304, 20.991528 ], [ 107.73542, 20.990417 ], [ 107.734863, 20.992361 ], [ 107.737076, 20.99542 ], [ 107.73764, 21.00042 ], [ 107.730698, 21.004028 ], [ 107.732918, 21.006521 ], [ 107.734016, 21.011532 ], [ 107.740692, 21.019861 ], [ 107.743752, 21.022638 ], [ 107.749031, 21.024033 ], [ 107.748466, 21.017361 ], [ 107.752083, 21.01375 ], [ 107.762085, 21.013474 ], [ 107.761803, 21.009583 ], [ 107.766525, 21.004028 ], [ 107.774857, 20.99597 ], [ 107.77903, 20.994862 ], [ 107.779587, 20.992361 ], [ 107.784576, 20.99264 ], [ 107.787361, 20.98875 ], [ 107.784027, 20.985142 ], [ 107.784302, 20.982639 ], [ 107.779587, 20.980688 ], [ 107.779587, 20.98431 ], [ 107.780983, 20.98819 ], [ 107.777641, 20.988201 ], [ 107.77153, 20.993473 ], [ 107.766251, 20.992083 ], [ 107.765976, 20.98875 ], [ 107.771797, 20.989311 ], [ 107.770973, 20.984583 ], [ 107.775139, 20.983471 ], [ 107.778191, 20.980421 ], [ 107.776802, 20.97764 ], [ 107.78125, 20.972643 ], [ 107.780693, 20.968748 ], [ 107.771797, 20.965139 ], [ 107.770691, 20.96236 ], [ 107.76458, 20.959864 ], [ 107.765137, 20.956249 ], [ 107.762077, 20.956532 ], [ 107.758186, 20.954861 ] ] ], [ [ [ 107.803192, 20.983749 ], [ 107.79792, 20.983471 ], [ 107.79763, 20.98653 ], [ 107.801804, 20.988192 ], [ 107.803192, 20.983749 ] ] ], [ [ [ 107.808746, 21.006529 ], [ 107.813469, 21.006521 ], [ 107.816238, 21.010441 ], [ 107.813469, 21.013201 ], [ 107.817917, 21.016859 ], [ 107.819031, 21.023748 ], [ 107.822365, 21.025694 ], [ 107.822357, 21.02931 ], [ 107.824303, 21.030697 ], [ 107.82962, 21.030138 ], [ 107.831802, 21.03208 ], [ 107.830971, 21.037359 ], [ 107.83374, 21.036249 ], [ 107.83625, 21.037642 ], [ 107.835136, 21.043196 ], [ 107.840691, 21.044031 ], [ 107.84153, 21.040417 ], [ 107.846527, 21.038469 ], [ 107.852081, 21.042631 ], [ 107.854866, 21.046249 ], [ 107.857086, 21.043472 ], [ 107.860138, 21.043196 ], [ 107.861252, 21.040421 ], [ 107.86042, 21.033194 ], [ 107.862923, 21.03042 ], [ 107.863472, 21.02459 ], [ 107.862076, 21.02347 ], [ 107.858749, 21.02681 ], [ 107.856529, 21.024033 ], [ 107.853203, 21.02459 ], [ 107.850136, 21.019583 ], [ 107.846527, 21.02014 ], [ 107.840416, 21.014862 ], [ 107.840691, 21.010695 ], [ 107.837639, 21.010971 ], [ 107.83403, 21.00625 ], [ 107.835419, 21.000975 ], [ 107.829582, 20.99847 ], [ 107.829582, 20.99542 ], [ 107.825974, 20.994305 ], [ 107.821251, 20.994583 ], [ 107.819313, 20.990419 ], [ 107.822639, 20.985971 ], [ 107.822083, 20.982916 ], [ 107.813751, 20.983194 ], [ 107.811531, 20.982361 ], [ 107.80986, 20.97847 ], [ 107.806808, 20.976807 ], [ 107.804031, 20.978201 ], [ 107.803192, 20.982082 ], [ 107.80764, 20.982639 ], [ 107.808472, 20.987082 ], [ 107.808197, 20.990141 ], [ 107.805695, 20.990417 ], [ 107.803192, 20.99542 ], [ 107.810143, 20.99847 ], [ 107.809029, 21.001251 ], [ 107.805969, 21.00375 ], [ 107.808746, 21.006529 ] ] ], [ [ [ 107.822357, 21.03153 ], [ 107.81958, 21.032362 ], [ 107.818748, 21.037642 ], [ 107.821533, 21.03875 ], [ 107.82457, 21.037642 ], [ 107.82457, 21.03319 ], [ 107.822357, 21.03153 ] ] ], [ [ [ 107.765686, 21.033751 ], [ 107.763191, 21.044031 ], [ 107.771797, 21.04458 ], [ 107.774307, 21.045973 ], [ 107.77626, 21.050131 ], [ 107.779297, 21.050423 ], [ 107.779587, 21.046806 ], [ 107.778748, 21.04125 ], [ 107.780418, 21.039305 ], [ 107.784302, 21.03875 ], [ 107.779587, 21.035418 ], [ 107.775139, 21.035694 ], [ 107.774857, 21.03347 ], [ 107.770691, 21.032921 ], [ 107.765686, 21.033751 ] ] ], [ [ [ 107.615967, 21.085701 ], [ 107.614029, 21.080139 ], [ 107.611526, 21.076529 ], [ 107.609863, 21.070696 ], [ 107.609863, 21.065969 ], [ 107.607643, 21.05958 ], [ 107.604027, 21.055695 ], [ 107.599861, 21.049305 ], [ 107.600693, 21.041811 ], [ 107.597923, 21.030691 ], [ 107.590141, 21.026253 ], [ 107.58847, 21.023199 ], [ 107.587082, 21.014311 ], [ 107.587082, 21.010691 ], [ 107.585419, 21.006529 ], [ 107.584587, 20.998192 ], [ 107.582642, 20.996811 ], [ 107.580978, 20.989031 ], [ 107.578476, 20.987364 ], [ 107.57708, 20.979305 ], [ 107.574577, 20.975691 ], [ 107.570137, 20.971533 ], [ 107.56736, 20.971533 ], [ 107.56514, 20.969584 ], [ 107.56208, 20.971252 ], [ 107.564026, 20.983194 ], [ 107.570969, 20.984583 ], [ 107.574028, 20.988192 ], [ 107.572357, 20.992361 ], [ 107.566803, 20.992916 ], [ 107.565697, 20.99958 ], [ 107.569862, 21.005972 ], [ 107.571251, 21.009306 ], [ 107.570969, 21.013201 ], [ 107.572639, 21.016251 ], [ 107.573196, 21.020971 ], [ 107.575142, 21.023199 ], [ 107.57708, 21.02792 ], [ 107.580414, 21.027914 ], [ 107.58625, 21.03458 ], [ 107.58625, 21.03875 ], [ 107.584038, 21.039591 ], [ 107.584297, 21.047918 ], [ 107.585976, 21.050138 ], [ 107.586807, 21.057083 ], [ 107.585419, 21.06431 ], [ 107.587639, 21.072361 ], [ 107.592087, 21.07708 ], [ 107.599586, 21.088472 ], [ 107.602356, 21.089029 ], [ 107.606529, 21.09374 ], [ 107.609016, 21.097919 ], [ 107.61097, 21.097918 ], [ 107.616531, 21.105139 ], [ 107.615692, 21.107363 ], [ 107.621246, 21.115973 ], [ 107.625687, 21.119581 ], [ 107.628197, 21.124041 ], [ 107.630974, 21.123196 ], [ 107.62986, 21.118471 ], [ 107.627907, 21.116531 ], [ 107.621803, 21.10125 ], [ 107.620415, 21.100695 ], [ 107.619583, 21.09458 ], [ 107.616249, 21.090973 ], [ 107.615967, 21.085701 ] ] ], [ [ [ 107.863197, 21.052361 ], [ 107.860695, 21.054585 ], [ 107.862358, 21.05736 ], [ 107.86264, 21.060972 ], [ 107.865692, 21.059584 ], [ 107.866806, 21.055691 ], [ 107.863197, 21.052361 ] ] ], [ [ [ 107.570419, 21.063763 ], [ 107.570137, 21.06764 ], [ 107.573471, 21.068201 ], [ 107.57486, 21.067364 ], [ 107.575417, 21.06208 ], [ 107.570419, 21.063763 ] ] ], [ [ [ 107.769028, 21.06847 ], [ 107.775139, 21.076248 ], [ 107.777077, 21.07403 ], [ 107.776253, 21.069571 ], [ 107.772919, 21.065693 ], [ 107.769028, 21.06847 ] ] ], [ [ [ 107.571526, 21.080975 ], [ 107.574852, 21.08403 ], [ 107.576813, 21.08403 ], [ 107.577362, 21.088751 ], [ 107.579582, 21.087931 ], [ 107.583473, 21.091528 ], [ 107.582916, 21.097086 ], [ 107.585693, 21.101528 ], [ 107.587906, 21.101528 ], [ 107.587914, 21.097918 ], [ 107.58847, 21.094582 ], [ 107.584862, 21.093752 ], [ 107.584587, 21.08736 ], [ 107.585693, 21.08597 ], [ 107.579033, 21.081251 ], [ 107.574852, 21.07597 ], [ 107.572639, 21.075701 ], [ 107.571526, 21.080975 ] ] ], [ [ [ 107.81208, 21.111811 ], [ 107.815407, 21.116812 ], [ 107.81958, 21.115417 ], [ 107.820969, 21.11319 ], [ 107.820969, 21.109581 ], [ 107.816803, 21.10931 ], [ 107.806816, 21.103201 ], [ 107.802917, 21.102083 ], [ 107.801804, 21.105694 ], [ 107.811531, 21.108471 ], [ 107.81208, 21.111811 ] ] ], [ [ [ 107.611526, 21.124041 ], [ 107.607918, 21.11764 ], [ 107.606247, 21.119864 ], [ 107.602638, 21.121531 ], [ 107.605698, 21.124027 ], [ 107.607643, 21.127918 ], [ 107.612358, 21.127083 ], [ 107.611526, 21.124041 ] ] ], [ [ [ 107.55542, 21.12319 ], [ 107.555687, 21.127918 ], [ 107.560417, 21.130972 ], [ 107.560417, 21.134029 ], [ 107.564583, 21.13764 ], [ 107.569038, 21.138201 ], [ 107.568466, 21.135139 ], [ 107.572639, 21.134863 ], [ 107.575142, 21.137362 ], [ 107.578476, 21.13875 ], [ 107.582359, 21.13764 ], [ 107.582916, 21.134581 ], [ 107.578476, 21.130138 ], [ 107.577637, 21.126806 ], [ 107.570137, 21.123196 ], [ 107.56514, 21.118469 ], [ 107.558472, 21.119305 ], [ 107.55542, 21.12319 ] ] ], [ [ [ 107.642639, 21.132639 ], [ 107.643471, 21.138201 ], [ 107.645142, 21.140141 ], [ 107.648476, 21.140694 ], [ 107.649033, 21.13792 ], [ 107.645142, 21.132639 ], [ 107.642639, 21.132639 ] ] ], [ [ [ 107.84903, 21.133753 ], [ 107.845139, 21.13681 ], [ 107.84597, 21.141251 ], [ 107.849586, 21.141529 ], [ 107.850983, 21.13792 ], [ 107.850975, 21.134863 ], [ 107.84903, 21.133753 ] ] ], [ [ [ 107.870972, 21.140972 ], [ 107.868195, 21.13875 ], [ 107.865417, 21.142361 ], [ 107.864296, 21.14764 ], [ 107.867638, 21.147921 ], [ 107.870697, 21.14625 ], [ 107.870972, 21.140972 ] ] ], [ [ [ 107.585983, 21.149031 ], [ 107.58625, 21.145971 ], [ 107.584297, 21.142639 ], [ 107.581253, 21.141527 ], [ 107.581253, 21.14986 ], [ 107.585136, 21.152639 ], [ 107.589027, 21.150696 ], [ 107.585983, 21.149031 ] ] ], [ [ [ 107.868187, 21.16736 ], [ 107.867363, 21.16375 ], [ 107.867081, 21.160151 ], [ 107.856247, 21.152361 ], [ 107.852638, 21.154581 ], [ 107.852364, 21.156805 ], [ 107.856247, 21.159582 ], [ 107.860138, 21.160971 ], [ 107.861809, 21.164862 ], [ 107.868187, 21.16736 ] ] ], [ [ [ 107.666252, 21.16625 ], [ 107.664581, 21.16264 ], [ 107.666252, 21.152361 ], [ 107.665695, 21.144028 ], [ 107.657356, 21.13736 ], [ 107.653748, 21.140141 ], [ 107.654297, 21.14319 ], [ 107.653473, 21.150421 ], [ 107.655136, 21.153473 ], [ 107.655693, 21.159033 ], [ 107.657639, 21.161249 ], [ 107.65847, 21.16625 ], [ 107.657364, 21.174582 ], [ 107.659302, 21.180695 ], [ 107.662361, 21.185692 ], [ 107.66153, 21.18819 ], [ 107.664856, 21.196529 ], [ 107.668472, 21.201803 ], [ 107.669861, 21.208471 ], [ 107.674576, 21.212082 ], [ 107.676529, 21.21542 ], [ 107.680138, 21.216249 ], [ 107.682358, 21.214863 ], [ 107.680969, 21.210703 ], [ 107.675415, 21.204584 ], [ 107.67514, 21.19932 ], [ 107.673187, 21.192921 ], [ 107.673195, 21.185139 ], [ 107.666809, 21.172361 ], [ 107.666252, 21.16625 ] ] ], [ [ [ 108.019028, 21.188751 ], [ 108.011803, 21.19042 ], [ 108.012917, 21.192917 ], [ 108.016808, 21.196529 ], [ 108.019302, 21.195141 ], [ 108.022087, 21.191807 ], [ 108.019028, 21.188751 ] ] ], [ [ [ 107.577919, 21.213194 ], [ 107.587906, 21.21681 ], [ 107.58625, 21.213753 ], [ 107.576805, 21.208195 ], [ 107.569862, 21.20875 ], [ 107.577919, 21.213194 ] ] ], [ [ [ 107.591797, 21.22958 ], [ 107.59597, 21.233473 ], [ 107.600098, 21.232372 ], [ 107.593193, 21.22624 ], [ 107.58625, 21.224859 ], [ 107.583748, 21.223194 ], [ 107.579865, 21.223194 ], [ 107.580971, 21.226805 ], [ 107.58403, 21.226528 ], [ 107.586525, 21.229303 ], [ 107.591797, 21.22958 ] ] ], [ [ [ 107.694862, 21.23181 ], [ 107.691803, 21.22625 ], [ 107.686806, 21.222084 ], [ 107.684303, 21.222361 ], [ 107.686531, 21.22653 ], [ 107.689308, 21.227917 ], [ 107.690407, 21.232361 ], [ 107.692917, 21.234583 ], [ 107.694862, 21.23181 ] ] ], [ [ [ 107.634308, 21.23625 ], [ 107.634865, 21.233473 ], [ 107.631813, 21.232361 ], [ 107.627914, 21.234028 ], [ 107.627914, 21.237083 ], [ 107.635406, 21.240143 ], [ 107.638191, 21.239582 ], [ 107.634308, 21.23625 ] ] ], [ [ [ 107.947914, 21.234583 ], [ 107.947083, 21.23847 ], [ 107.952637, 21.242085 ], [ 107.956253, 21.243193 ], [ 107.957642, 21.24542 ], [ 107.961525, 21.245417 ], [ 107.96875, 21.249311 ], [ 107.97403, 21.250431 ], [ 107.975983, 21.247641 ], [ 107.978752, 21.240143 ], [ 107.979515, 21.233749 ], [ 107.976517, 21.22986 ], [ 107.968475, 21.230696 ], [ 107.963753, 21.22958 ], [ 107.955971, 21.22986 ], [ 107.953751, 21.232641 ], [ 107.947914, 21.234583 ] ] ], [ [ [ 107.624863, 21.245701 ], [ 107.622643, 21.242914 ], [ 107.61792, 21.240419 ], [ 107.614861, 21.237362 ], [ 107.615692, 21.23403 ], [ 107.608749, 21.232918 ], [ 107.608749, 21.23514 ], [ 107.605415, 21.236528 ], [ 107.604858, 21.240974 ], [ 107.592636, 21.23597 ], [ 107.592636, 21.239861 ], [ 107.598747, 21.243193 ], [ 107.601524, 21.243193 ], [ 107.605972, 21.24597 ], [ 107.606247, 21.247641 ], [ 107.611809, 21.248751 ], [ 107.61792, 21.250971 ], [ 107.620148, 21.25514 ], [ 107.625961, 21.25486 ], [ 107.631248, 21.256531 ], [ 107.631531, 21.259861 ], [ 107.637642, 21.260971 ], [ 107.642914, 21.260973 ], [ 107.640137, 21.258472 ], [ 107.628471, 21.252361 ], [ 107.633186, 21.250971 ], [ 107.634308, 21.252361 ], [ 107.63958, 21.253195 ], [ 107.630417, 21.247084 ], [ 107.624863, 21.245701 ] ] ], [ [ [ 107.678749, 21.25931 ], [ 107.67514, 21.256243 ], [ 107.674026, 21.25931 ], [ 107.678192, 21.26125 ], [ 107.678749, 21.25931 ] ] ], [ [ [ 107.644028, 21.266806 ], [ 107.642082, 21.27014 ], [ 107.643471, 21.272362 ], [ 107.648193, 21.274031 ], [ 107.64875, 21.270971 ], [ 107.64875, 21.267639 ], [ 107.644028, 21.266806 ] ] ], [ [ [ 107.650414, 21.275972 ], [ 107.65403, 21.277349 ], [ 107.657082, 21.28125 ], [ 107.660973, 21.282364 ], [ 107.664024, 21.284586 ], [ 107.666527, 21.28319 ], [ 107.669029, 21.280416 ], [ 107.666527, 21.277349 ], [ 107.662636, 21.276812 ], [ 107.660698, 21.274311 ], [ 107.655418, 21.270969 ], [ 107.650696, 21.269585 ], [ 107.650414, 21.275972 ] ] ], [ [ [ 107.657356, 21.269861 ], [ 107.66375, 21.27486 ], [ 107.670692, 21.277639 ], [ 107.670967, 21.28125 ], [ 107.667641, 21.285419 ], [ 107.672638, 21.289289 ], [ 107.672638, 21.290703 ], [ 107.681808, 21.291533 ], [ 107.682358, 21.29431 ], [ 107.687637, 21.29653 ], [ 107.691803, 21.296806 ], [ 107.697914, 21.300694 ], [ 107.701248, 21.299028 ], [ 107.698753, 21.292917 ], [ 107.694862, 21.29236 ], [ 107.687363, 21.286539 ], [ 107.68264, 21.283751 ], [ 107.67514, 21.280416 ], [ 107.672081, 21.276251 ], [ 107.662918, 21.270697 ], [ 107.657356, 21.269861 ] ] ], [ [ [ 107.75486, 21.282917 ], [ 107.751251, 21.28319 ], [ 107.750687, 21.287918 ], [ 107.754585, 21.292084 ], [ 107.757362, 21.291805 ], [ 107.766533, 21.29653 ], [ 107.772362, 21.29653 ], [ 107.778748, 21.295416 ], [ 107.782356, 21.29653 ], [ 107.788193, 21.296806 ], [ 107.789307, 21.298197 ], [ 107.794029, 21.296806 ], [ 107.795967, 21.29458 ], [ 107.792076, 21.292643 ], [ 107.779587, 21.292917 ], [ 107.775696, 21.293753 ], [ 107.771805, 21.290695 ], [ 107.767906, 21.290138 ], [ 107.761803, 21.286251 ], [ 107.75486, 21.282917 ] ] ], [ [ [ 107.797363, 21.33264 ], [ 107.78653, 21.32736 ], [ 107.779861, 21.32542 ], [ 107.778473, 21.322639 ], [ 107.770142, 21.3221 ], [ 107.764862, 21.318195 ], [ 107.760139, 21.316528 ], [ 107.758469, 21.317083 ], [ 107.748749, 21.31181 ], [ 107.747643, 21.30847 ], [ 107.74514, 21.306858 ], [ 107.739861, 21.307081 ], [ 107.738197, 21.305416 ], [ 107.731804, 21.302084 ], [ 107.732918, 21.30986 ], [ 107.730141, 21.311251 ], [ 107.727081, 21.310972 ], [ 107.722916, 21.308472 ], [ 107.719582, 21.304581 ], [ 107.715698, 21.302917 ], [ 107.711525, 21.303194 ], [ 107.705696, 21.300694 ], [ 107.705696, 21.302917 ], [ 107.710693, 21.30514 ], [ 107.714302, 21.30792 ], [ 107.720703, 21.310141 ], [ 107.72541, 21.313751 ], [ 107.727356, 21.31403 ], [ 107.730972, 21.317362 ], [ 107.742081, 21.324583 ], [ 107.747917, 21.327362 ], [ 107.754028, 21.329306 ], [ 107.755142, 21.330694 ], [ 107.761253, 21.331806 ], [ 107.763474, 21.333195 ], [ 107.767639, 21.331806 ], [ 107.769585, 21.335974 ], [ 107.787086, 21.34597 ], [ 107.789017, 21.346533 ], [ 107.794586, 21.35125 ], [ 107.79792, 21.352921 ], [ 107.803192, 21.35347 ], [ 107.807358, 21.356529 ], [ 107.812363, 21.356806 ], [ 107.814026, 21.358473 ], [ 107.817917, 21.357084 ], [ 107.819862, 21.353195 ], [ 107.810692, 21.343748 ], [ 107.808197, 21.346251 ], [ 107.805138, 21.345423 ], [ 107.805969, 21.341249 ], [ 107.798752, 21.33597 ], [ 107.797363, 21.33264 ] ] ], [ [ [ 107.723198, 21.34959 ], [ 107.727638, 21.35014 ], [ 107.725967, 21.346251 ], [ 107.723198, 21.34959 ] ] ], [ [ [ 107.748466, 21.37236 ], [ 107.755974, 21.373194 ], [ 107.758476, 21.371532 ], [ 107.762085, 21.365973 ], [ 107.75708, 21.363474 ], [ 107.755417, 21.36132 ], [ 107.74958, 21.360416 ], [ 107.745697, 21.36125 ], [ 107.743187, 21.36375 ], [ 107.743469, 21.369305 ], [ 107.748466, 21.37236 ] ] ], [ [ [ 107.861252, 21.34959 ], [ 107.858749, 21.346533 ], [ 107.856529, 21.346821 ], [ 107.85125, 21.340971 ], [ 107.844856, 21.33847 ], [ 107.84153, 21.34347 ], [ 107.840416, 21.346821 ], [ 107.843193, 21.347361 ], [ 107.844582, 21.351807 ], [ 107.849304, 21.358473 ], [ 107.852364, 21.355972 ], [ 107.857933, 21.355141 ], [ 107.854027, 21.359306 ], [ 107.854027, 21.360971 ], [ 107.858749, 21.36347 ], [ 107.86097, 21.36763 ], [ 107.851807, 21.36764 ], [ 107.850136, 21.369583 ], [ 107.846252, 21.369583 ], [ 107.841248, 21.365417 ], [ 107.835693, 21.36375 ], [ 107.827919, 21.364304 ], [ 107.83847, 21.370138 ], [ 107.839302, 21.372643 ], [ 107.842636, 21.37347 ], [ 107.847084, 21.377361 ], [ 107.854309, 21.376249 ], [ 107.856247, 21.37903 ], [ 107.859016, 21.37903 ], [ 107.862915, 21.38125 ], [ 107.867081, 21.37875 ], [ 107.869858, 21.379583 ], [ 107.87291, 21.38236 ], [ 107.884026, 21.382917 ], [ 107.886528, 21.383751 ], [ 107.891525, 21.382084 ], [ 107.903191, 21.381809 ], [ 107.915146, 21.384312 ], [ 107.919586, 21.3857 ], [ 107.924858, 21.38625 ], [ 107.927643, 21.388201 ], [ 107.93042, 21.388193 ], [ 107.933746, 21.390141 ], [ 107.943748, 21.39292 ], [ 107.950417, 21.393471 ], [ 107.956528, 21.395695 ], [ 107.963196, 21.396805 ], [ 107.980698, 21.398203 ], [ 108.004028, 21.39875 ], [ 108.002914, 21.395695 ], [ 108.000473, 21.393749 ], [ 108.00042, 21.389862 ], [ 107.998749, 21.388741 ], [ 107.987907, 21.38792 ], [ 107.984581, 21.384581 ], [ 107.980141, 21.3857 ], [ 107.973198, 21.37986 ], [ 107.968475, 21.379862 ], [ 107.964027, 21.376806 ], [ 107.962906, 21.37431 ], [ 107.958191, 21.371532 ], [ 107.950966, 21.36153 ], [ 107.952637, 21.359032 ], [ 107.948753, 21.356251 ], [ 107.94458, 21.355141 ], [ 107.937637, 21.355141 ], [ 107.930687, 21.357639 ], [ 107.927917, 21.359859 ], [ 107.928749, 21.362082 ], [ 107.923752, 21.36264 ], [ 107.919586, 21.36153 ], [ 107.912918, 21.359516 ], [ 107.913483, 21.357361 ], [ 107.908752, 21.356529 ], [ 107.903198, 21.359583 ], [ 107.898476, 21.357916 ], [ 107.884583, 21.358473 ], [ 107.878746, 21.357639 ], [ 107.861252, 21.34959 ] ] ], [ [ [ 107.76236, 21.383751 ], [ 107.763474, 21.386806 ], [ 107.767357, 21.38792 ], [ 107.767906, 21.386532 ], [ 107.764862, 21.381531 ], [ 107.76236, 21.383751 ] ] ], [ [ [ 107.924858, 21.41514 ], [ 107.921806, 21.41819 ], [ 107.916527, 21.421808 ], [ 107.914024, 21.418196 ], [ 107.910698, 21.419861 ], [ 107.909859, 21.429583 ], [ 107.910973, 21.433472 ], [ 107.915695, 21.440971 ], [ 107.924026, 21.439861 ], [ 107.928749, 21.436529 ], [ 107.931526, 21.431801 ], [ 107.937637, 21.429583 ], [ 107.944031, 21.423471 ], [ 107.943192, 21.41847 ], [ 107.937363, 21.41486 ], [ 107.928467, 21.41375 ], [ 107.924858, 21.41514 ] ] ], [ [ [ 108.039581, 21.539307 ], [ 108.037636, 21.544306 ], [ 108.041252, 21.543472 ], [ 108.044861, 21.541809 ], [ 108.044304, 21.539307 ], [ 108.039581, 21.539307 ] ] ] ] } },
{ "type": "Feature", "properties": { "area_code_prefix": "21" }, "geometry": { "type": "MultiPolygon", "coordinates": [ [ [ [ 104.847427, 20.650328 ], [ 104.840073, 20.646133 ], [ 104.836334, 20.64327 ], [ 104.82663, 20.639521 ], [ 104.819855, 20.635883 ], [ 104.816818, 20.631151 ], [ 104.815422, 20.63266 ], [ 104.811264, 20.631859 ], [ 104.80938, 20.62727 ], [ 104.805252, 20.622152 ], [ 104.801323, 20.618834 ], [ 104.798637, 20.618397 ], [ 104.798409, 20.608728 ], [ 104.800766, 20.602621 ], [ 104.799637, 20.59416 ], [ 104.801933, 20.588118 ], [ 104.801651, 20.583147 ], [ 104.798729, 20.581331 ], [ 104.790878, 20.580919 ], [ 104.783028, 20.581717 ], [ 104.779747, 20.579699 ], [ 104.778038, 20.575129 ], [ 104.775902, 20.573246 ], [ 104.772186, 20.573509 ], [ 104.770042, 20.575254 ], [ 104.766251, 20.581629 ], [ 104.76268, 20.58243 ], [ 104.758545, 20.580946 ], [ 104.755272, 20.575167 ], [ 104.75042, 20.573547 ], [ 104.742287, 20.573133 ], [ 104.739708, 20.574875 ], [ 104.732635, 20.581915 ], [ 104.729057, 20.586744 ], [ 104.724037, 20.597481 ], [ 104.722885, 20.602715 ], [ 104.718964, 20.602642 ], [ 104.71553, 20.60465 ], [ 104.708115, 20.60128 ], [ 104.69912, 20.602205 ], [ 104.697266, 20.601665 ], [ 104.694992, 20.596422 ], [ 104.692139, 20.595076 ], [ 104.686287, 20.594395 ], [ 104.685425, 20.596004 ], [ 104.686409, 20.602318 ], [ 104.685471, 20.609903 ], [ 104.672874, 20.621296 ], [ 104.664452, 20.622623 ], [ 104.661011, 20.628927 ], [ 104.659081, 20.630335 ], [ 104.658211, 20.635706 ], [ 104.656631, 20.637852 ], [ 104.65049, 20.639181 ], [ 104.647766, 20.643206 ], [ 104.63945, 20.652748 ], [ 104.640808, 20.657358 ], [ 104.640793, 20.662462 ], [ 104.638779, 20.669441 ], [ 104.637199, 20.671452 ], [ 104.627129, 20.672438 ], [ 104.612991, 20.671467 ], [ 104.605713, 20.67024 ], [ 104.603142, 20.670504 ], [ 104.597565, 20.67358 ], [ 104.592918, 20.674173 ], [ 104.589767, 20.677389 ], [ 104.5849, 20.680601 ], [ 104.586731, 20.691483 ], [ 104.582634, 20.699732 ], [ 104.578484, 20.703348 ], [ 104.568314, 20.710842 ], [ 104.564445, 20.715803 ], [ 104.560371, 20.715458 ], [ 104.556503, 20.718536 ], [ 104.551216, 20.719194 ], [ 104.543655, 20.715414 ], [ 104.534805, 20.712032 ], [ 104.529533, 20.708124 ], [ 104.525917, 20.699989 ], [ 104.523064, 20.698908 ], [ 104.520485, 20.700243 ], [ 104.514473, 20.705463 ], [ 104.507317, 20.709068 ], [ 104.509026, 20.711491 ], [ 104.505447, 20.712957 ], [ 104.502167, 20.711874 ], [ 104.498589, 20.7124 ], [ 104.492928, 20.718361 ], [ 104.49234, 20.721985 ], [ 104.489906, 20.724796 ], [ 104.488167, 20.730568 ], [ 104.488914, 20.743664 ], [ 104.488045, 20.74675 ], [ 104.485313, 20.750635 ], [ 104.483925, 20.759562 ], [ 104.4842, 20.763725 ], [ 104.48233, 20.767078 ], [ 104.477608, 20.768675 ], [ 104.471161, 20.773087 ], [ 104.469421, 20.778587 ], [ 104.466713, 20.777773 ], [ 104.458206, 20.777679 ], [ 104.452621, 20.780348 ], [ 104.449738, 20.786921 ], [ 104.449715, 20.794575 ], [ 104.448273, 20.797121 ], [ 104.445129, 20.797647 ], [ 104.43956, 20.796152 ], [ 104.432556, 20.795591 ], [ 104.427002, 20.790068 ], [ 104.4189, 20.796419 ], [ 104.413025, 20.799891 ], [ 104.406265, 20.810207 ], [ 104.399612, 20.812939 ], [ 104.395721, 20.81937 ], [ 104.39328, 20.821646 ], [ 104.383392, 20.827116 ], [ 104.380684, 20.825495 ], [ 104.380707, 20.820793 ], [ 104.378853, 20.819176 ], [ 104.373558, 20.821306 ], [ 104.370041, 20.823776 ], [ 104.36673, 20.829674 ], [ 104.360558, 20.835424 ], [ 104.353249, 20.838888 ], [ 104.352097, 20.841303 ], [ 104.347862, 20.844442 ], [ 104.347984, 20.849277 ], [ 104.342117, 20.849926 ], [ 104.336655, 20.856216 ], [ 104.33593, 20.859438 ], [ 104.332504, 20.856468 ], [ 104.329506, 20.855652 ], [ 104.327354, 20.85833 ], [ 104.329765, 20.863173 ], [ 104.333107, 20.866343 ], [ 104.334801, 20.871048 ], [ 104.332756, 20.880978 ], [ 104.326927, 20.888809 ], [ 104.324203, 20.890814 ], [ 104.315437, 20.899374 ], [ 104.311836, 20.90406 ], [ 104.303169, 20.907719 ], [ 104.297012, 20.908768 ], [ 104.294136, 20.912649 ], [ 104.293961, 20.919228 ], [ 104.291512, 20.922844 ], [ 104.285637, 20.9247 ], [ 104.280487, 20.925079 ], [ 104.273003, 20.919609 ], [ 104.265854, 20.917431 ], [ 104.263435, 20.915138 ], [ 104.263893, 20.909098 ], [ 104.260201, 20.903576 ], [ 104.258224, 20.898867 ], [ 104.256798, 20.898323 ], [ 104.249489, 20.901245 ], [ 104.239998, 20.910336 ], [ 104.236877, 20.91885 ], [ 104.240868, 20.922895 ], [ 104.242981, 20.928276 ], [ 104.241814, 20.933105 ], [ 104.234589, 20.933811 ], [ 104.23172, 20.934874 ], [ 104.229095, 20.937696 ], [ 104.225113, 20.939007 ], [ 104.219971, 20.938713 ], [ 104.214958, 20.939362 ], [ 104.213074, 20.943113 ], [ 104.209213, 20.94323 ], [ 104.206345, 20.944962 ], [ 104.197113, 20.944853 ], [ 104.195107, 20.945782 ], [ 104.191788, 20.951406 ], [ 104.190331, 20.956236 ], [ 104.182037, 20.954851 ], [ 104.159645, 20.954676 ], [ 104.149925, 20.953016 ], [ 104.140938, 20.948137 ], [ 104.137932, 20.947315 ], [ 104.130775, 20.948219 ], [ 104.127365, 20.95673 ], [ 104.126183, 20.963036 ], [ 104.124733, 20.966116 ], [ 104.120842, 20.970528 ], [ 104.114899, 20.971371 ], [ 104.106422, 20.976698 ], [ 104.103134, 20.976276 ], [ 104.098862, 20.972361 ], [ 104.096878, 20.968992 ], [ 104.094032, 20.967365 ], [ 104.091759, 20.963728 ], [ 104.078125, 20.959023 ], [ 104.071541, 20.959658 ], [ 104.066422, 20.95426 ], [ 104.052994, 20.950155 ], [ 104.057846, 20.941254 ], [ 104.057861, 20.93924 ], [ 104.05545, 20.935198 ], [ 104.049904, 20.92993 ], [ 104.048851, 20.927439 ], [ 104.050011, 20.924761 ], [ 104.050201, 20.916838 ], [ 104.047806, 20.911858 ], [ 104.042824, 20.907801 ], [ 104.039459, 20.907579 ], [ 104.032913, 20.902979 ], [ 104.028343, 20.901876 ], [ 104.023888, 20.904404 ], [ 104.006226, 20.904503 ], [ 103.996933, 20.90324 ], [ 103.992035, 20.908449 ], [ 103.984596, 20.909077 ], [ 103.979736, 20.907839 ], [ 103.977875, 20.90917 ], [ 103.978134, 20.91226 ], [ 103.974197, 20.912842 ], [ 103.972221, 20.9088 ], [ 103.967972, 20.902733 ], [ 103.965546, 20.901777 ], [ 103.960571, 20.897451 ], [ 103.955147, 20.896612 ], [ 103.946869, 20.893473 ], [ 103.94458, 20.893726 ], [ 103.941902, 20.898611 ], [ 103.937302, 20.900999 ], [ 103.929146, 20.90189 ], [ 103.926147, 20.900797 ], [ 103.917862, 20.89967 ], [ 103.9049, 20.901669 ], [ 103.900742, 20.903387 ], [ 103.897339, 20.89974 ], [ 103.889076, 20.89539 ], [ 103.88636, 20.89497 ], [ 103.88282, 20.889843 ], [ 103.873924, 20.884212 ], [ 103.871094, 20.880836 ], [ 103.869827, 20.877069 ], [ 103.866425, 20.873421 ], [ 103.861725, 20.871376 ], [ 103.85833, 20.865849 ], [ 103.854561, 20.863474 ], [ 103.852158, 20.859428 ], [ 103.849014, 20.859943 ], [ 103.846695, 20.863152 ], [ 103.842262, 20.863256 ], [ 103.83593, 20.868448 ], [ 103.833351, 20.869774 ], [ 103.828201, 20.86974 ], [ 103.818169, 20.863562 ], [ 103.812874, 20.864061 ], [ 103.814674, 20.8536 ], [ 103.806824, 20.85207 ], [ 103.800842, 20.848133 ], [ 103.805252, 20.842457 ], [ 103.807755, 20.833344 ], [ 103.809799, 20.827852 ], [ 103.808479, 20.822809 ], [ 103.804932, 20.820099 ], [ 103.796944, 20.817894 ], [ 103.793396, 20.813976 ], [ 103.782738, 20.806515 ], [ 103.779701, 20.801727 ], [ 103.781891, 20.796371 ], [ 103.78035, 20.792065 ], [ 103.780807, 20.788843 ], [ 103.785545, 20.786057 ], [ 103.787003, 20.782442 ], [ 103.789673, 20.77944 ], [ 103.78717, 20.771097 ], [ 103.782928, 20.764757 ], [ 103.784386, 20.761543 ], [ 103.78434, 20.75812 ], [ 103.787094, 20.753441 ], [ 103.789391, 20.75198 ], [ 103.790146, 20.746748 ], [ 103.784897, 20.742414 ], [ 103.777924, 20.739141 ], [ 103.772385, 20.734404 ], [ 103.769821, 20.733849 ], [ 103.763145, 20.737358 ], [ 103.757469, 20.73329 ], [ 103.756203, 20.730728 ], [ 103.749191, 20.732424 ], [ 103.744057, 20.731312 ], [ 103.739326, 20.732887 ], [ 103.73262, 20.731497 ], [ 103.730095, 20.726376 ], [ 103.73127, 20.722088 ], [ 103.729004, 20.72019 ], [ 103.73558, 20.71104 ], [ 103.735611, 20.707685 ], [ 103.733376, 20.701357 ], [ 103.734985, 20.696535 ], [ 103.734657, 20.692841 ], [ 103.741417, 20.687786 ], [ 103.744919, 20.678682 ], [ 103.744087, 20.675722 ], [ 103.738403, 20.671921 ], [ 103.734016, 20.667322 ], [ 103.729019, 20.666883 ], [ 103.721893, 20.665087 ], [ 103.715881, 20.667322 ], [ 103.711029, 20.666483 ], [ 103.706909, 20.664436 ], [ 103.690666, 20.660419 ], [ 103.681885, 20.660286 ], [ 103.679863, 20.662823 ], [ 103.674683, 20.666809 ], [ 103.672012, 20.678068 ], [ 103.673767, 20.682312 ], [ 103.669281, 20.68832 ], [ 103.666908, 20.698505 ], [ 103.663773, 20.697945 ], [ 103.65638, 20.694395 ], [ 103.651489, 20.697983 ], [ 103.647903, 20.699566 ], [ 103.64695, 20.702444 ], [ 103.639435, 20.711784 ], [ 103.638107, 20.716743 ], [ 103.636375, 20.718475 ], [ 103.632378, 20.718845 ], [ 103.614502, 20.728304 ], [ 103.608765, 20.730673 ], [ 103.608162, 20.734831 ], [ 103.605835, 20.738707 ], [ 103.600868, 20.74276 ], [ 103.593712, 20.744045 ], [ 103.588409, 20.746552 ], [ 103.583969, 20.747189 ], [ 103.575989, 20.745108 ], [ 103.572273, 20.745346 ], [ 103.567894, 20.747391 ], [ 103.563171, 20.748425 ], [ 103.559196, 20.745707 ], [ 103.554359, 20.743786 ], [ 103.5495, 20.743879 ], [ 103.545891, 20.747339 ], [ 103.540878, 20.74864 ], [ 103.536697, 20.752363 ], [ 103.530228, 20.749556 ], [ 103.521667, 20.748274 ], [ 103.508759, 20.753265 ], [ 103.50544, 20.756861 ], [ 103.502663, 20.763281 ], [ 103.50238, 20.77006 ], [ 103.500916, 20.773806 ], [ 103.496597, 20.776857 ], [ 103.492096, 20.783529 ], [ 103.48764, 20.786177 ], [ 103.482483, 20.794521 ], [ 103.48246, 20.797207 ], [ 103.484474, 20.809845 ], [ 103.477791, 20.813614 ], [ 103.473724, 20.819754 ], [ 103.468262, 20.822792 ], [ 103.466515, 20.826267 ], [ 103.462372, 20.826229 ], [ 103.458115, 20.822836 ], [ 103.451416, 20.821163 ], [ 103.450233, 20.818132 ], [ 103.444443, 20.811234 ], [ 103.44194, 20.803961 ], [ 103.440475, 20.79401 ], [ 103.43705, 20.793577 ], [ 103.431313, 20.795809 ], [ 103.423752, 20.794127 ], [ 103.420464, 20.794098 ], [ 103.413368, 20.796112 ], [ 103.409966, 20.793665 ], [ 103.407181, 20.78706 ], [ 103.399651, 20.782963 ], [ 103.396477, 20.785349 ], [ 103.393326, 20.785992 ], [ 103.389343, 20.784208 ], [ 103.38195, 20.787697 ], [ 103.376457, 20.793686 ], [ 103.373726, 20.795004 ], [ 103.366486, 20.803659 ], [ 103.364883, 20.80633 ], [ 103.361664, 20.806635 ], [ 103.350136, 20.802631 ], [ 103.340042, 20.810322 ], [ 103.334312, 20.81134 ], [ 103.329651, 20.813375 ], [ 103.322159, 20.818403 ], [ 103.31514, 20.819813 ], [ 103.308846, 20.820152 ], [ 103.305145, 20.819309 ], [ 103.298531, 20.822735 ], [ 103.298607, 20.828777 ], [ 103.293747, 20.83497 ], [ 103.289856, 20.837751 ], [ 103.287148, 20.837322 ], [ 103.282928, 20.830702 ], [ 103.279251, 20.827442 ], [ 103.273125, 20.825769 ], [ 103.270576, 20.82373 ], [ 103.264511, 20.822798 ], [ 103.260071, 20.823423 ], [ 103.256767, 20.82527 ], [ 103.247543, 20.831888 ], [ 103.244537, 20.832125 ], [ 103.242226, 20.833981 ], [ 103.236465, 20.833822 ], [ 103.23246, 20.838177 ], [ 103.232056, 20.841997 ], [ 103.227463, 20.843966 ], [ 103.227402, 20.848797 ], [ 103.225937, 20.851601 ], [ 103.229294, 20.858349 ], [ 103.229332, 20.861099 ], [ 103.232567, 20.865698 ], [ 103.234932, 20.870825 ], [ 103.234474, 20.873505 ], [ 103.229141, 20.877342 ], [ 103.223106, 20.886072 ], [ 103.214912, 20.889748 ], [ 103.214027, 20.892019 ], [ 103.216408, 20.894781 ], [ 103.221115, 20.895794 ], [ 103.218735, 20.896345 ], [ 103.2174, 20.899754 ], [ 103.21376, 20.901592 ], [ 103.203537, 20.902859 ], [ 103.197899, 20.904751 ], [ 103.192093, 20.903805 ], [ 103.188484, 20.904774 ], [ 103.182922, 20.909025 ], [ 103.176468, 20.910578 ], [ 103.17382, 20.913797 ], [ 103.167297, 20.9149 ], [ 103.166924, 20.910641 ], [ 103.162338, 20.906729 ], [ 103.159508, 20.905413 ], [ 103.150475, 20.904861 ], [ 103.14106, 20.907686 ], [ 103.134186, 20.9072 ], [ 103.133484, 20.910297 ], [ 103.130646, 20.912119 ], [ 103.127808, 20.910822 ], [ 103.121719, 20.904268 ], [ 103.122177, 20.898081 ], [ 103.120193, 20.896494 ], [ 103.11599, 20.897278 ], [ 103.113823, 20.90019 ], [ 103.113152, 20.904663 ], [ 103.114128, 20.913019 ], [ 103.109474, 20.91884 ], [ 103.109642, 20.926828 ], [ 103.106773, 20.933683 ], [ 103.10424, 20.935116 ], [ 103.096283, 20.935366 ], [ 103.092201, 20.937668 ], [ 103.088722, 20.942156 ], [ 103.087601, 20.950907 ], [ 103.088287, 20.960356 ], [ 103.08754, 20.967253 ], [ 103.085938, 20.970261 ], [ 103.082298, 20.973001 ], [ 103.079964, 20.978456 ], [ 103.075081, 20.982201 ], [ 103.072319, 20.987066 ], [ 103.07103, 20.993227 ], [ 103.062996, 21.001478 ], [ 103.060562, 21.005709 ], [ 103.059418, 21.013355 ], [ 103.053635, 21.023127 ], [ 103.04908, 21.029331 ], [ 103.046234, 21.034258 ], [ 103.041649, 21.039301 ], [ 103.041885, 21.046446 ], [ 103.038467, 21.050661 ], [ 103.036087, 21.057997 ], [ 103.032722, 21.058994 ], [ 103.027634, 21.058941 ], [ 103.019196, 21.064241 ], [ 103.010201, 21.063128 ], [ 103.007187, 21.061171 ], [ 103.003098, 21.060526 ], [ 102.998421, 21.062578 ], [ 102.99604, 21.062126 ], [ 102.989372, 21.062906 ], [ 102.981949, 21.066027 ], [ 102.976952, 21.066389 ], [ 102.971344, 21.070976 ], [ 102.968025, 21.076057 ], [ 102.964058, 21.080519 ], [ 102.964378, 21.083454 ], [ 102.969131, 21.089933 ], [ 102.97007, 21.094984 ], [ 102.968307, 21.101309 ], [ 102.962975, 21.113928 ], [ 102.958221, 21.117184 ], [ 102.95549, 21.120285 ], [ 102.950775, 21.123529 ], [ 102.944298, 21.12648 ], [ 102.942619, 21.129211 ], [ 102.943176, 21.132713 ], [ 102.95211, 21.139585 ], [ 102.951508, 21.141813 ], [ 102.948036, 21.143238 ], [ 102.943512, 21.149466 ], [ 102.940804, 21.154278 ], [ 102.940025, 21.15752 ], [ 102.931801, 21.162554 ], [ 102.929916, 21.162621 ], [ 102.928017, 21.158815 ], [ 102.925827, 21.157085 ], [ 102.920547, 21.162123 ], [ 102.915314, 21.162695 ], [ 102.907906, 21.16637 ], [ 102.908249, 21.173445 ], [ 102.912064, 21.177189 ], [ 102.912697, 21.182451 ], [ 102.908333, 21.189568 ], [ 102.908295, 21.192005 ], [ 102.911758, 21.196753 ], [ 102.914917, 21.204548 ], [ 102.913681, 21.206627 ], [ 102.913918, 21.219282 ], [ 102.911736, 21.222021 ], [ 102.911354, 21.22504 ], [ 102.915504, 21.227747 ], [ 102.915367, 21.230028 ], [ 102.912148, 21.231764 ], [ 102.906387, 21.232683 ], [ 102.902657, 21.236015 ], [ 102.897598, 21.244045 ], [ 102.894676, 21.246029 ], [ 102.887894, 21.24851 ], [ 102.880943, 21.252516 ], [ 102.871468, 21.253519 ], [ 102.868507, 21.256861 ], [ 102.865868, 21.255829 ], [ 102.862381, 21.256643 ], [ 102.858482, 21.253122 ], [ 102.853043, 21.252354 ], [ 102.846771, 21.248112 ], [ 102.835342, 21.247503 ], [ 102.830872, 21.24638 ], [ 102.826904, 21.24769 ], [ 102.827484, 21.251513 ], [ 102.825562, 21.253502 ], [ 102.819466, 21.251657 ], [ 102.818283, 21.253569 ], [ 102.820915, 21.25601 ], [ 102.821129, 21.258196 ], [ 102.815186, 21.262587 ], [ 102.814682, 21.266235 ], [ 102.821594, 21.267941 ], [ 102.821342, 21.272085 ], [ 102.825493, 21.273586 ], [ 102.830978, 21.277538 ], [ 102.838493, 21.279718 ], [ 102.838577, 21.283066 ], [ 102.843094, 21.28384 ], [ 102.84594, 21.291782 ], [ 102.848534, 21.292229 ], [ 102.851448, 21.289991 ], [ 102.854668, 21.292294 ], [ 102.85537, 21.298029 ], [ 102.856514, 21.298965 ], [ 102.863022, 21.298643 ], [ 102.868614, 21.30068 ], [ 102.874382, 21.300577 ], [ 102.880775, 21.301947 ], [ 102.886078, 21.300837 ], [ 102.889526, 21.301069 ], [ 102.89415, 21.303633 ], [ 102.899628, 21.304047 ], [ 102.902519, 21.316221 ], [ 102.901634, 21.318918 ], [ 102.896927, 21.326694 ], [ 102.892746, 21.331985 ], [ 102.89386, 21.33802 ], [ 102.895935, 21.342051 ], [ 102.895584, 21.346579 ], [ 102.896317, 21.352741 ], [ 102.898697, 21.355141 ], [ 102.896835, 21.359371 ], [ 102.897827, 21.361996 ], [ 102.900368, 21.36331 ], [ 102.900879, 21.366783 ], [ 102.898224, 21.369152 ], [ 102.901299, 21.374994 ], [ 102.901108, 21.377125 ], [ 102.898003, 21.383154 ], [ 102.898056, 21.385036 ], [ 102.906136, 21.39135 ], [ 102.910721, 21.393124 ], [ 102.911865, 21.399551 ], [ 102.917458, 21.404961 ], [ 102.921684, 21.407417 ], [ 102.920044, 21.412313 ], [ 102.920967, 21.419298 ], [ 102.924126, 21.422983 ], [ 102.925163, 21.430645 ], [ 102.931961, 21.442839 ], [ 102.936066, 21.445835 ], [ 102.937164, 21.448212 ], [ 102.942703, 21.454651 ], [ 102.941803, 21.45787 ], [ 102.938278, 21.458389 ], [ 102.929039, 21.456921 ], [ 102.922272, 21.451702 ], [ 102.921806, 21.449656 ], [ 102.916183, 21.444401 ], [ 102.915413, 21.437073 ], [ 102.906334, 21.433327 ], [ 102.906479, 21.429844 ], [ 102.903419, 21.429575 ], [ 102.90274, 21.433617 ], [ 102.901123, 21.434755 ], [ 102.895271, 21.432169 ], [ 102.890831, 21.426397 ], [ 102.882919, 21.423971 ], [ 102.877266, 21.423241 ], [ 102.872948, 21.426613 ], [ 102.873695, 21.429842 ], [ 102.88076, 21.436146 ], [ 102.881477, 21.438732 ], [ 102.880249, 21.44186 ], [ 102.880508, 21.445415 ], [ 102.885422, 21.446531 ], [ 102.888695, 21.449234 ], [ 102.888702, 21.457186 ], [ 102.887138, 21.462093 ], [ 102.890816, 21.464617 ], [ 102.89286, 21.470045 ], [ 102.889183, 21.475456 ], [ 102.889694, 21.476341 ], [ 102.896683, 21.477322 ], [ 102.905159, 21.476465 ], [ 102.909851, 21.47965 ], [ 102.909882, 21.48596 ], [ 102.913376, 21.487284 ], [ 102.915642, 21.490664 ], [ 102.916344, 21.495031 ], [ 102.915283, 21.501532 ], [ 102.916039, 21.503365 ], [ 102.919609, 21.505043 ], [ 102.920532, 21.508396 ], [ 102.927605, 21.514498 ], [ 102.932243, 21.515621 ], [ 102.934662, 21.517735 ], [ 102.933556, 21.52298 ], [ 102.93985, 21.525204 ], [ 102.942818, 21.527124 ], [ 102.944916, 21.533007 ], [ 102.94754, 21.536211 ], [ 102.955711, 21.540373 ], [ 102.963142, 21.547127 ], [ 102.961037, 21.550941 ], [ 102.962067, 21.55625 ], [ 102.966904, 21.560373 ], [ 102.968636, 21.564693 ], [ 102.971092, 21.567963 ], [ 102.979546, 21.571854 ], [ 102.98793, 21.578659 ], [ 102.990044, 21.581438 ], [ 102.994827, 21.584215 ], [ 102.996628, 21.588293 ], [ 102.993347, 21.598818 ], [ 102.992462, 21.603252 ], [ 102.988144, 21.606417 ], [ 102.987137, 21.608505 ], [ 102.987648, 21.612951 ], [ 102.990456, 21.616304 ], [ 102.989662, 21.619396 ], [ 102.991463, 21.623711 ], [ 102.98777, 21.626907 ], [ 102.988411, 21.630659 ], [ 102.985596, 21.634832 ], [ 102.989281, 21.636972 ], [ 102.98806, 21.641281 ], [ 102.989365, 21.643608 ], [ 102.987503, 21.645618 ], [ 102.983559, 21.644852 ], [ 102.982018, 21.651028 ], [ 102.98455, 21.652893 ], [ 102.984238, 21.657705 ], [ 102.987373, 21.660524 ], [ 102.987495, 21.665945 ], [ 102.989967, 21.673248 ], [ 102.991585, 21.680346 ], [ 102.990822, 21.685022 ], [ 102.981735, 21.690048 ], [ 102.980766, 21.697414 ], [ 102.982033, 21.70006 ], [ 102.98703, 21.702436 ], [ 102.990822, 21.707335 ], [ 102.990829, 21.715015 ], [ 102.989639, 21.719765 ], [ 102.986809, 21.726053 ], [ 102.982574, 21.729403 ], [ 102.978333, 21.734571 ], [ 102.975662, 21.736494 ], [ 102.974419, 21.745373 ], [ 102.969734, 21.745731 ], [ 102.967049, 21.743765 ], [ 102.963737, 21.73904 ], [ 102.958214, 21.733259 ], [ 102.955544, 21.72909 ], [ 102.950638, 21.728346 ], [ 102.945732, 21.726452 ], [ 102.941032, 21.726469 ], [ 102.937271, 21.724529 ], [ 102.925255, 21.723597 ], [ 102.920151, 21.72176 ], [ 102.9161, 21.721474 ], [ 102.909584, 21.717876 ], [ 102.903336, 21.718113 ], [ 102.896271, 21.713491 ], [ 102.889511, 21.712366 ], [ 102.885788, 21.70989 ], [ 102.88163, 21.703587 ], [ 102.879898, 21.702841 ], [ 102.872887, 21.709133 ], [ 102.87001, 21.713953 ], [ 102.863853, 21.716555 ], [ 102.859772, 21.719816 ], [ 102.858986, 21.722 ], [ 102.860664, 21.730757 ], [ 102.857414, 21.740118 ], [ 102.857407, 21.744417 ], [ 102.859253, 21.7491 ], [ 102.862503, 21.753527 ], [ 102.862534, 21.759102 ], [ 102.863571, 21.764261 ], [ 102.861969, 21.766558 ], [ 102.858154, 21.767635 ], [ 102.859818, 21.772869 ], [ 102.860558, 21.783504 ], [ 102.85704, 21.786795 ], [ 102.861404, 21.796268 ], [ 102.8591, 21.802401 ], [ 102.857506, 21.812363 ], [ 102.859871, 21.81638 ], [ 102.859116, 21.822208 ], [ 102.856239, 21.82473 ], [ 102.855324, 21.829842 ], [ 102.855263, 21.839357 ], [ 102.853027, 21.842363 ], [ 102.846413, 21.846354 ], [ 102.842133, 21.845177 ], [ 102.837578, 21.84581 ], [ 102.831444, 21.843264 ], [ 102.824539, 21.842722 ], [ 102.820915, 21.840179 ], [ 102.820107, 21.832939 ], [ 102.814156, 21.826237 ], [ 102.813843, 21.820423 ], [ 102.818497, 21.813835 ], [ 102.822342, 21.805237 ], [ 102.825424, 21.799864 ], [ 102.82428, 21.793844 ], [ 102.821297, 21.789379 ], [ 102.820503, 21.78315 ], [ 102.823051, 21.777813 ], [ 102.822388, 21.769787 ], [ 102.823402, 21.758142 ], [ 102.825279, 21.755072 ], [ 102.826889, 21.742443 ], [ 102.828468, 21.737844 ], [ 102.827698, 21.735039 ], [ 102.82209, 21.732229 ], [ 102.817238, 21.731705 ], [ 102.813148, 21.726229 ], [ 102.81324, 21.721502 ], [ 102.811768, 21.7185 ], [ 102.805809, 21.716248 ], [ 102.801781, 21.70956 ], [ 102.799416, 21.707691 ], [ 102.795135, 21.706676 ], [ 102.789566, 21.706791 ], [ 102.783813, 21.701237 ], [ 102.77684, 21.69142 ], [ 102.772133, 21.686548 ], [ 102.770508, 21.681065 ], [ 102.767662, 21.679747 ], [ 102.76535, 21.675825 ], [ 102.756645, 21.673531 ], [ 102.753777, 21.669275 ], [ 102.752167, 21.664686 ], [ 102.747108, 21.662666 ], [ 102.743065, 21.659651 ], [ 102.740021, 21.658638 ], [ 102.736374, 21.659813 ], [ 102.73172, 21.663914 ], [ 102.726501, 21.663963 ], [ 102.721207, 21.662832 ], [ 102.712074, 21.664089 ], [ 102.702637, 21.662432 ], [ 102.698677, 21.663538 ], [ 102.692909, 21.662153 ], [ 102.691505, 21.659298 ], [ 102.685349, 21.655251 ], [ 102.679161, 21.656502 ], [ 102.677521, 21.663195 ], [ 102.671921, 21.672098 ], [ 102.670349, 21.676069 ], [ 102.666206, 21.682199 ], [ 102.669502, 21.684866 ], [ 102.66996, 21.687382 ], [ 102.668274, 21.689857 ], [ 102.667328, 21.695772 ], [ 102.6642, 21.69919 ], [ 102.662987, 21.709749 ], [ 102.660408, 21.7162 ], [ 102.655937, 21.72142 ], [ 102.65406, 21.727818 ], [ 102.649376, 21.731468 ], [ 102.651543, 21.736612 ], [ 102.650879, 21.7407 ], [ 102.651901, 21.746695 ], [ 102.651642, 21.761347 ], [ 102.653091, 21.766792 ], [ 102.659042, 21.774086 ], [ 102.662415, 21.78347 ], [ 102.665756, 21.790964 ], [ 102.665344, 21.793283 ], [ 102.660797, 21.801451 ], [ 102.652718, 21.808273 ], [ 102.651352, 21.810734 ], [ 102.653358, 21.819092 ], [ 102.653244, 21.828432 ], [ 102.652184, 21.831764 ], [ 102.648071, 21.838642 ], [ 102.645416, 21.848988 ], [ 102.649033, 21.857925 ], [ 102.647903, 21.859945 ], [ 102.63932, 21.860985 ], [ 102.635544, 21.863333 ], [ 102.633362, 21.867485 ], [ 102.63044, 21.86945 ], [ 102.620399, 21.872482 ], [ 102.616455, 21.875616 ], [ 102.615578, 21.877895 ], [ 102.617714, 21.882498 ], [ 102.619682, 21.892776 ], [ 102.620743, 21.895678 ], [ 102.625107, 21.899008 ], [ 102.625359, 21.900969 ], [ 102.62056, 21.91267 ], [ 102.617393, 21.918001 ], [ 102.611214, 21.922199 ], [ 102.607582, 21.922705 ], [ 102.588387, 21.928637 ], [ 102.58374, 21.933224 ], [ 102.572159, 21.936502 ], [ 102.569359, 21.938351 ], [ 102.567177, 21.942074 ], [ 102.55909, 21.94523 ], [ 102.552826, 21.951046 ], [ 102.546616, 21.953762 ], [ 102.542969, 21.957495 ], [ 102.526817, 21.965 ], [ 102.520676, 21.965471 ], [ 102.517876, 21.966864 ], [ 102.513878, 21.970795 ], [ 102.509529, 21.973469 ], [ 102.507645, 21.977346 ], [ 102.502678, 21.980368 ], [ 102.498055, 21.985954 ], [ 102.496414, 21.990322 ], [ 102.491394, 21.99544 ], [ 102.490929, 21.999386 ], [ 102.492592, 22.006496 ], [ 102.496101, 22.009201 ], [ 102.497803, 22.013119 ], [ 102.510109, 22.014851 ], [ 102.512466, 22.015871 ], [ 102.522964, 22.02309 ], [ 102.524178, 22.024715 ], [ 102.523445, 22.030491 ], [ 102.52037, 22.034021 ], [ 102.514023, 22.037163 ], [ 102.509254, 22.034853 ], [ 102.504776, 22.036758 ], [ 102.500092, 22.034878 ], [ 102.49659, 22.037395 ], [ 102.489059, 22.041454 ], [ 102.481644, 22.051205 ], [ 102.476944, 22.056751 ], [ 102.475563, 22.060526 ], [ 102.465584, 22.064665 ], [ 102.463631, 22.067486 ], [ 102.460304, 22.06951 ], [ 102.451263, 22.072977 ], [ 102.447136, 22.072836 ], [ 102.445541, 22.074127 ], [ 102.446686, 22.078035 ], [ 102.449303, 22.079227 ], [ 102.450394, 22.083849 ], [ 102.444138, 22.088741 ], [ 102.44294, 22.092876 ], [ 102.444344, 22.101522 ], [ 102.441093, 22.107685 ], [ 102.437737, 22.11231 ], [ 102.43705, 22.116205 ], [ 102.430397, 22.11484 ], [ 102.42733, 22.115391 ], [ 102.422218, 22.119469 ], [ 102.415985, 22.123457 ], [ 102.412209, 22.127216 ], [ 102.408394, 22.126099 ], [ 102.398605, 22.126236 ], [ 102.392799, 22.127405 ], [ 102.388435, 22.130663 ], [ 102.388771, 22.141552 ], [ 102.387413, 22.148552 ], [ 102.385529, 22.152506 ], [ 102.379875, 22.154333 ], [ 102.371819, 22.159882 ], [ 102.368637, 22.163576 ], [ 102.363297, 22.165937 ], [ 102.351578, 22.162811 ], [ 102.339752, 22.166372 ], [ 102.339539, 22.183681 ], [ 102.338867, 22.186846 ], [ 102.335251, 22.193905 ], [ 102.327705, 22.198673 ], [ 102.324142, 22.203743 ], [ 102.319122, 22.20509 ], [ 102.31707, 22.207411 ], [ 102.313087, 22.206377 ], [ 102.309868, 22.201769 ], [ 102.306206, 22.200859 ], [ 102.300285, 22.204319 ], [ 102.288918, 22.206354 ], [ 102.283127, 22.204779 ], [ 102.283028, 22.209024 ], [ 102.28083, 22.212069 ], [ 102.281769, 22.219332 ], [ 102.280991, 22.22163 ], [ 102.275742, 22.225199 ], [ 102.276695, 22.233612 ], [ 102.276283, 22.236219 ], [ 102.270958, 22.236895 ], [ 102.26561, 22.234272 ], [ 102.263298, 22.236034 ], [ 102.258842, 22.235819 ], [ 102.247643, 22.237274 ], [ 102.244194, 22.239529 ], [ 102.242607, 22.246956 ], [ 102.245003, 22.252365 ], [ 102.24482, 22.254448 ], [ 102.240852, 22.261209 ], [ 102.23642, 22.26511 ], [ 102.237617, 22.267591 ], [ 102.234245, 22.273451 ], [ 102.236572, 22.276472 ], [ 102.237762, 22.280436 ], [ 102.235565, 22.28463 ], [ 102.231804, 22.284756 ], [ 102.228706, 22.286194 ], [ 102.221161, 22.286659 ], [ 102.21489, 22.287756 ], [ 102.21315, 22.290705 ], [ 102.210129, 22.291639 ], [ 102.203545, 22.29727 ], [ 102.197845, 22.299133 ], [ 102.193748, 22.302649 ], [ 102.189919, 22.302803 ], [ 102.182076, 22.305904 ], [ 102.18161, 22.313528 ], [ 102.184952, 22.322193 ], [ 102.187424, 22.324543 ], [ 102.192635, 22.327244 ], [ 102.195976, 22.332273 ], [ 102.199516, 22.335648 ], [ 102.197891, 22.338842 ], [ 102.194435, 22.340218 ], [ 102.188156, 22.340469 ], [ 102.183807, 22.338722 ], [ 102.180496, 22.340574 ], [ 102.171776, 22.350828 ], [ 102.16861, 22.360649 ], [ 102.168999, 22.362682 ], [ 102.174812, 22.370768 ], [ 102.17308, 22.375599 ], [ 102.167389, 22.37838 ], [ 102.16275, 22.385042 ], [ 102.155716, 22.388773 ], [ 102.151917, 22.392084 ], [ 102.148232, 22.39768 ], [ 102.145248, 22.39884 ], [ 102.145859, 22.40613 ], [ 102.148102, 22.40745 ], [ 102.153053, 22.414721 ], [ 102.153938, 22.423851 ], [ 102.157242, 22.42602 ], [ 102.159126, 22.429541 ], [ 102.16346, 22.430731 ], [ 102.17411, 22.432381 ], [ 102.181961, 22.432819 ], [ 102.187363, 22.43449 ], [ 102.195076, 22.432751 ], [ 102.206581, 22.428791 ], [ 102.211838, 22.43119 ], [ 102.222519, 22.4259 ], [ 102.225929, 22.42734 ], [ 102.233818, 22.42778 ], [ 102.23632, 22.429218 ], [ 102.243233, 22.425411 ], [ 102.247093, 22.420521 ], [ 102.25145, 22.41992 ], [ 102.253647, 22.41725 ], [ 102.260147, 22.414131 ], [ 102.263168, 22.41449 ], [ 102.266319, 22.418631 ], [ 102.266327, 22.421068 ], [ 102.268959, 22.42424 ], [ 102.267006, 22.4263 ], [ 102.266518, 22.43152 ], [ 102.262497, 22.43832 ], [ 102.260551, 22.43965 ], [ 102.255508, 22.450701 ], [ 102.249191, 22.45709 ], [ 102.249397, 22.46104 ], [ 102.258972, 22.465549 ], [ 102.262238, 22.465191 ], [ 102.264473, 22.467751 ], [ 102.263229, 22.47006 ], [ 102.26622, 22.47797 ], [ 102.270943, 22.480282 ], [ 102.270187, 22.484291 ], [ 102.271637, 22.48769 ], [ 102.274406, 22.500071 ], [ 102.280357, 22.50565 ], [ 102.281502, 22.507971 ], [ 102.288391, 22.514841 ], [ 102.291847, 22.522503 ], [ 102.299339, 22.53018 ], [ 102.300346, 22.532619 ], [ 102.30603, 22.537951 ], [ 102.31044, 22.541191 ], [ 102.318443, 22.549232 ], [ 102.321053, 22.557661 ], [ 102.326004, 22.558617 ], [ 102.332466, 22.55909 ], [ 102.340042, 22.561901 ], [ 102.345016, 22.563091 ], [ 102.354012, 22.567381 ], [ 102.354103, 22.569811 ], [ 102.352188, 22.57403 ], [ 102.349129, 22.57616 ], [ 102.34462, 22.58494 ], [ 102.345207, 22.589081 ], [ 102.34716, 22.590212 ], [ 102.352028, 22.590431 ], [ 102.354103, 22.592411 ], [ 102.364761, 22.592371 ], [ 102.3713, 22.594563 ], [ 102.376198, 22.60037 ], [ 102.382683, 22.606571 ], [ 102.386673, 22.612413 ], [ 102.389183, 22.61957 ], [ 102.39669, 22.62628 ], [ 102.400276, 22.631941 ], [ 102.40432, 22.634439 ], [ 102.414841, 22.63525 ], [ 102.417191, 22.636631 ], [ 102.416969, 22.640633 ], [ 102.411407, 22.64381 ], [ 102.404686, 22.64345 ], [ 102.400299, 22.648041 ], [ 102.399086, 22.654581 ], [ 102.397636, 22.65699 ], [ 102.391319, 22.66217 ], [ 102.385948, 22.67149 ], [ 102.383003, 22.68103 ], [ 102.384598, 22.684681 ], [ 102.393127, 22.690071 ], [ 102.395477, 22.69017 ], [ 102.400436, 22.687071 ], [ 102.409973, 22.685011 ], [ 102.414169, 22.687893 ], [ 102.4151, 22.689831 ], [ 102.419693, 22.692341 ], [ 102.422958, 22.69195 ], [ 102.425491, 22.693571 ], [ 102.429016, 22.697969 ], [ 102.436371, 22.70229 ], [ 102.437599, 22.71044 ], [ 102.441696, 22.716011 ], [ 102.441589, 22.72003 ], [ 102.445427, 22.725971 ], [ 102.453972, 22.731609 ], [ 102.456978, 22.73267 ], [ 102.455437, 22.737801 ], [ 102.451416, 22.742743 ], [ 102.453026, 22.747721 ], [ 102.452278, 22.75309 ], [ 102.454002, 22.756731 ], [ 102.463768, 22.767731 ], [ 102.467697, 22.770241 ], [ 102.477913, 22.77025 ], [ 102.480682, 22.77327 ], [ 102.480309, 22.77717 ], [ 102.482956, 22.779951 ], [ 102.489616, 22.779261 ], [ 102.499702, 22.78026 ], [ 102.505676, 22.777514 ], [ 102.509651, 22.778122 ], [ 102.512321, 22.776001 ], [ 102.518646, 22.76825 ], [ 102.526222, 22.76343 ], [ 102.529793, 22.762781 ], [ 102.53698, 22.75736 ], [ 102.542511, 22.749451 ], [ 102.546501, 22.74688 ], [ 102.54995, 22.746479 ], [ 102.548981, 22.740858 ], [ 102.552116, 22.734501 ], [ 102.555336, 22.731291 ], [ 102.559288, 22.73028 ], [ 102.56546, 22.723263 ], [ 102.566933, 22.714911 ], [ 102.569366, 22.711081 ], [ 102.568512, 22.707541 ], [ 102.569496, 22.704411 ], [ 102.573013, 22.706301 ], [ 102.579826, 22.705961 ], [ 102.585716, 22.707661 ], [ 102.586441, 22.718121 ], [ 102.587807, 22.72216 ], [ 102.590508, 22.72513 ], [ 102.59417, 22.72654 ], [ 102.596352, 22.72938 ], [ 102.601807, 22.733011 ], [ 102.606796, 22.733011 ], [ 102.611603, 22.7297 ], [ 102.617233, 22.723631 ], [ 102.620811, 22.721518 ], [ 102.625648, 22.715191 ], [ 102.631119, 22.710569 ], [ 102.638283, 22.70612 ], [ 102.644012, 22.700911 ], [ 102.648109, 22.699541 ], [ 102.65358, 22.694571 ], [ 102.65535, 22.69096 ], [ 102.657333, 22.690401 ], [ 102.659767, 22.693001 ], [ 102.672829, 22.697531 ], [ 102.682106, 22.69956 ], [ 102.686798, 22.702091 ], [ 102.690468, 22.702648 ], [ 102.699738, 22.697151 ], [ 102.703026, 22.697222 ], [ 102.708771, 22.691151 ], [ 102.710327, 22.684999 ], [ 102.710388, 22.68087 ], [ 102.71315, 22.680811 ], [ 102.717918, 22.67836 ], [ 102.724327, 22.67911 ], [ 102.725868, 22.673681 ], [ 102.733177, 22.668131 ], [ 102.737267, 22.666641 ], [ 102.740013, 22.66791 ], [ 102.751122, 22.66758 ], [ 102.755058, 22.6616 ], [ 102.754066, 22.65926 ], [ 102.760811, 22.650431 ], [ 102.764679, 22.64748 ], [ 102.772957, 22.647181 ], [ 102.777733, 22.64571 ], [ 102.784706, 22.644781 ], [ 102.786758, 22.642979 ], [ 102.782379, 22.636711 ], [ 102.785973, 22.62804 ], [ 102.787979, 22.62639 ], [ 102.792068, 22.62587 ], [ 102.799873, 22.623251 ], [ 102.806267, 22.624981 ], [ 102.809166, 22.6248 ], [ 102.816177, 22.62241 ], [ 102.820557, 22.62639 ], [ 102.824883, 22.62709 ], [ 102.831528, 22.62372 ], [ 102.843811, 22.62035 ], [ 102.845016, 22.618799 ], [ 102.844177, 22.615011 ], [ 102.847878, 22.612551 ], [ 102.861061, 22.611851 ], [ 102.863586, 22.61034 ], [ 102.863007, 22.60644 ], [ 102.864937, 22.60223 ], [ 102.870697, 22.59774 ], [ 102.873993, 22.597691 ], [ 102.876526, 22.59543 ], [ 102.879288, 22.58918 ], [ 102.877518, 22.585373 ], [ 102.874268, 22.583601 ], [ 102.872673, 22.5781 ], [ 102.873367, 22.575691 ], [ 102.878998, 22.57119 ], [ 102.882576, 22.56933 ], [ 102.882286, 22.56385 ], [ 102.879448, 22.561239 ], [ 102.87989, 22.559061 ], [ 102.886696, 22.553989 ], [ 102.888329, 22.55171 ], [ 102.892693, 22.550591 ], [ 102.896767, 22.544241 ], [ 102.892746, 22.541231 ], [ 102.891487, 22.538061 ], [ 102.892197, 22.535521 ], [ 102.896889, 22.531248 ], [ 102.901428, 22.528191 ], [ 102.909142, 22.52483 ], [ 102.908661, 22.52142 ], [ 102.91098, 22.51746 ], [ 102.910522, 22.51392 ], [ 102.911636, 22.51055 ], [ 102.915359, 22.50868 ], [ 102.921829, 22.50773 ], [ 102.923477, 22.504 ], [ 102.922867, 22.50119 ], [ 102.92453, 22.496441 ], [ 102.925491, 22.490011 ], [ 102.929886, 22.483681 ], [ 102.935982, 22.485691 ], [ 102.942963, 22.48502 ], [ 102.949783, 22.48218 ], [ 102.955109, 22.485401 ], [ 102.957993, 22.484529 ], [ 102.964752, 22.47806 ], [ 102.973503, 22.479549 ], [ 102.981003, 22.47913 ], [ 102.984711, 22.480061 ], [ 102.987602, 22.479309 ], [ 102.988716, 22.474821 ], [ 102.992897, 22.472 ], [ 102.993217, 22.466791 ], [ 102.996567, 22.46167 ], [ 103.004402, 22.45919 ], [ 103.007027, 22.4594 ], [ 103.014801, 22.452341 ], [ 103.020416, 22.450838 ], [ 103.024551, 22.446211 ], [ 103.031998, 22.44385 ], [ 103.035713, 22.44599 ], [ 103.045036, 22.446501 ], [ 103.047127, 22.445511 ], [ 103.053192, 22.446899 ], [ 103.057472, 22.451811 ], [ 103.066032, 22.44762 ], [ 103.072227, 22.447458 ], [ 103.077507, 22.44973 ], [ 103.080177, 22.45249 ], [ 103.080566, 22.46118 ], [ 103.078812, 22.46627 ], [ 103.078857, 22.46965 ], [ 103.07148, 22.47599 ], [ 103.071121, 22.47817 ], [ 103.073807, 22.48262 ], [ 103.07399, 22.485401 ], [ 103.072052, 22.487591 ], [ 103.07238, 22.491701 ], [ 103.075958, 22.494329 ], [ 103.077789, 22.498774 ], [ 103.077736, 22.50182 ], [ 103.079559, 22.50716 ], [ 103.084267, 22.51194 ], [ 103.092003, 22.512501 ], [ 103.0979, 22.516201 ], [ 103.102493, 22.516951 ], [ 103.108856, 22.516102 ], [ 103.118362, 22.518902 ], [ 103.122932, 22.52562 ], [ 103.129089, 22.528339 ], [ 103.131706, 22.53042 ], [ 103.133507, 22.534931 ], [ 103.137833, 22.54006 ], [ 103.145569, 22.54365 ], [ 103.149757, 22.542931 ], [ 103.15564, 22.53896 ], [ 103.158432, 22.54056 ], [ 103.159958, 22.54344 ], [ 103.16304, 22.545761 ], [ 103.168907, 22.54767 ], [ 103.175987, 22.5539 ], [ 103.181526, 22.55654 ], [ 103.182747, 22.559141 ], [ 103.17514, 22.56711 ], [ 103.172859, 22.57131 ], [ 103.168602, 22.57653 ], [ 103.164253, 22.579651 ], [ 103.159256, 22.58865 ], [ 103.157837, 22.592661 ], [ 103.159828, 22.596991 ], [ 103.162102, 22.59663 ], [ 103.162056, 22.601393 ], [ 103.165573, 22.60774 ], [ 103.165092, 22.610611 ], [ 103.169373, 22.619841 ], [ 103.171677, 22.620871 ], [ 103.175217, 22.625643 ], [ 103.175957, 22.62981 ], [ 103.180611, 22.62871 ], [ 103.18354, 22.629883 ], [ 103.183983, 22.635201 ], [ 103.182869, 22.638491 ], [ 103.184853, 22.64325 ], [ 103.193626, 22.64937 ], [ 103.197647, 22.649118 ], [ 103.202606, 22.64629 ], [ 103.207573, 22.64533 ], [ 103.21344, 22.646391 ], [ 103.217468, 22.645281 ], [ 103.221329, 22.645599 ], [ 103.227661, 22.647543 ], [ 103.229652, 22.650711 ], [ 103.231926, 22.657478 ], [ 103.235786, 22.6591 ], [ 103.236603, 22.66398 ], [ 103.243698, 22.667681 ], [ 103.249527, 22.669008 ], [ 103.251328, 22.672241 ], [ 103.257378, 22.67248 ], [ 103.26178, 22.66976 ], [ 103.266212, 22.673651 ], [ 103.269829, 22.673151 ], [ 103.273712, 22.676151 ], [ 103.279549, 22.679081 ], [ 103.282707, 22.685141 ], [ 103.282547, 22.689751 ], [ 103.281128, 22.695021 ], [ 103.281242, 22.69952 ], [ 103.282608, 22.702351 ], [ 103.287613, 22.70727 ], [ 103.288002, 22.709841 ], [ 103.286179, 22.712053 ], [ 103.286301, 22.71727 ], [ 103.287811, 22.71986 ], [ 103.287231, 22.724871 ], [ 103.285263, 22.728701 ], [ 103.286041, 22.73757 ], [ 103.290749, 22.7439 ], [ 103.297256, 22.74935 ], [ 103.304863, 22.760839 ], [ 103.308197, 22.76177 ], [ 103.310471, 22.766216 ], [ 103.309692, 22.7691 ], [ 103.314247, 22.777231 ], [ 103.317291, 22.780849 ], [ 103.319901, 22.78883 ], [ 103.318588, 22.799601 ], [ 103.319229, 22.80858 ], [ 103.321808, 22.81686 ], [ 103.3293, 22.811251 ], [ 103.332451, 22.807961 ], [ 103.338768, 22.806011 ], [ 103.346283, 22.805401 ], [ 103.354576, 22.80234 ], [ 103.358673, 22.802702 ], [ 103.363281, 22.800631 ], [ 103.367889, 22.800381 ], [ 103.371971, 22.798681 ], [ 103.375786, 22.795872 ], [ 103.379066, 22.794771 ], [ 103.380913, 22.79184 ], [ 103.387466, 22.78721 ], [ 103.387863, 22.784161 ], [ 103.392052, 22.78087 ], [ 103.399086, 22.78072 ], [ 103.404472, 22.77949 ], [ 103.40696, 22.77766 ], [ 103.413399, 22.77496 ], [ 103.415222, 22.772409 ], [ 103.416229, 22.765501 ], [ 103.417793, 22.763071 ], [ 103.421211, 22.761841 ], [ 103.427803, 22.76339 ], [ 103.432678, 22.763121 ], [ 103.437531, 22.76055 ], [ 103.441673, 22.750959 ], [ 103.442146, 22.74296 ], [ 103.444092, 22.73908 ], [ 103.438301, 22.738621 ], [ 103.428932, 22.734371 ], [ 103.429176, 22.721519 ], [ 103.42646, 22.716223 ], [ 103.426842, 22.713421 ], [ 103.431808, 22.70965 ], [ 103.432053, 22.70612 ], [ 103.441338, 22.697611 ], [ 103.445267, 22.694941 ], [ 103.447197, 22.689091 ], [ 103.449699, 22.68861 ], [ 103.456123, 22.684601 ], [ 103.461327, 22.67803 ], [ 103.461319, 22.67535 ], [ 103.457993, 22.66877 ], [ 103.458267, 22.665371 ], [ 103.456551, 22.660883 ], [ 103.462448, 22.65494 ], [ 103.464943, 22.653721 ], [ 103.464928, 22.649111 ], [ 103.467293, 22.6462 ], [ 103.475029, 22.642191 ], [ 103.478958, 22.63685 ], [ 103.482239, 22.635641 ], [ 103.482498, 22.63298 ], [ 103.484726, 22.62957 ], [ 103.485237, 22.626051 ], [ 103.489143, 22.619143 ], [ 103.494019, 22.618521 ], [ 103.497963, 22.615608 ], [ 103.504608, 22.61479 ], [ 103.507896, 22.615391 ], [ 103.509598, 22.613211 ], [ 103.507721, 22.605431 ], [ 103.513023, 22.601419 ], [ 103.525566, 22.594242 ], [ 103.531471, 22.59263 ], [ 103.531601, 22.594933 ], [ 103.536377, 22.601101 ], [ 103.539703, 22.604071 ], [ 103.543121, 22.609371 ], [ 103.547127, 22.613359 ], [ 103.545906, 22.61817 ], [ 103.551567, 22.62414 ], [ 103.552261, 22.62952 ], [ 103.553673, 22.6327 ], [ 103.55294, 22.635321 ], [ 103.557442, 22.637648 ], [ 103.561607, 22.638012 ], [ 103.571198, 22.641911 ], [ 103.572357, 22.64641 ], [ 103.575073, 22.651251 ], [ 103.577637, 22.659691 ], [ 103.579979, 22.66271 ], [ 103.578667, 22.66913 ], [ 103.57412, 22.6721 ], [ 103.572891, 22.675253 ], [ 103.569023, 22.676441 ], [ 103.568359, 22.68054 ], [ 103.565857, 22.684441 ], [ 103.56485, 22.688 ], [ 103.566353, 22.695061 ], [ 103.564636, 22.69911 ], [ 103.566368, 22.704861 ], [ 103.569908, 22.707581 ], [ 103.576286, 22.71727 ], [ 103.576508, 22.72003 ], [ 103.579773, 22.72304 ], [ 103.582939, 22.722643 ], [ 103.582809, 22.727211 ], [ 103.586182, 22.73114 ], [ 103.592033, 22.734411 ], [ 103.594521, 22.739491 ], [ 103.5989, 22.74301 ], [ 103.599327, 22.748091 ], [ 103.603271, 22.750431 ], [ 103.604729, 22.755211 ], [ 103.608231, 22.755301 ], [ 103.609818, 22.76012 ], [ 103.608231, 22.763191 ], [ 103.61039, 22.767761 ], [ 103.614693, 22.771002 ], [ 103.618286, 22.771271 ], [ 103.620003, 22.77335 ], [ 103.619301, 22.777748 ], [ 103.617821, 22.77923 ], [ 103.617569, 22.78371 ], [ 103.622856, 22.78857 ], [ 103.629433, 22.787781 ], [ 103.632156, 22.785311 ], [ 103.635788, 22.784679 ], [ 103.635193, 22.791229 ], [ 103.639381, 22.79118 ], [ 103.638458, 22.793989 ], [ 103.64241, 22.79459 ], [ 103.642776, 22.791451 ], [ 103.646477, 22.793228 ], [ 103.651253, 22.789261 ], [ 103.654991, 22.789383 ], [ 103.659607, 22.78768 ], [ 103.662987, 22.784271 ], [ 103.665649, 22.77713 ], [ 103.666023, 22.771521 ], [ 103.668381, 22.767212 ], [ 103.670967, 22.766863 ], [ 103.67868, 22.763781 ], [ 103.682701, 22.758801 ], [ 103.684952, 22.751911 ], [ 103.690483, 22.747511 ], [ 103.693977, 22.745689 ], [ 103.69976, 22.745041 ], [ 103.703117, 22.743351 ], [ 103.709259, 22.737013 ], [ 103.719162, 22.72858 ], [ 103.725456, 22.723751 ], [ 103.729683, 22.71818 ], [ 103.739586, 22.70974 ], [ 103.736603, 22.706131 ], [ 103.736313, 22.701912 ], [ 103.739578, 22.69887 ], [ 103.743614, 22.697985 ], [ 103.747467, 22.695051 ], [ 103.749397, 22.688992 ], [ 103.752373, 22.68755 ], [ 103.757973, 22.687189 ], [ 103.765083, 22.68996 ], [ 103.777367, 22.677361 ], [ 103.780167, 22.672371 ], [ 103.78614, 22.665291 ], [ 103.7929, 22.660841 ], [ 103.799507, 22.653591 ], [ 103.803116, 22.65057 ], [ 103.804863, 22.64505 ], [ 103.812187, 22.639009 ], [ 103.817078, 22.630753 ], [ 103.823608, 22.61639 ], [ 103.825966, 22.6143 ], [ 103.831779, 22.611471 ], [ 103.838493, 22.60578 ], [ 103.84201, 22.60161 ], [ 103.844589, 22.596258 ], [ 103.848488, 22.592331 ], [ 103.85215, 22.590031 ], [ 103.860107, 22.58671 ], [ 103.86441, 22.58227 ], [ 103.869896, 22.57449 ], [ 103.87455, 22.56646 ], [ 103.878799, 22.563169 ], [ 103.884293, 22.56378 ], [ 103.884872, 22.568439 ], [ 103.887283, 22.569 ], [ 103.893707, 22.56505 ], [ 103.902542, 22.55456 ], [ 103.914322, 22.543278 ], [ 103.914886, 22.53812 ], [ 103.914368, 22.53364 ], [ 103.920456, 22.53281 ], [ 103.922562, 22.537083 ], [ 103.926361, 22.5378 ], [ 103.928978, 22.53471 ], [ 103.931541, 22.52849 ], [ 103.935471, 22.52622 ], [ 103.944496, 22.525311 ], [ 103.947937, 22.522369 ], [ 103.951607, 22.513901 ], [ 103.954353, 22.51125 ], [ 103.962036, 22.50672 ], [ 103.970009, 22.510868 ], [ 103.974236, 22.506306 ], [ 103.978653, 22.50655 ], [ 103.980896, 22.50782 ], [ 103.982552, 22.51199 ], [ 103.988693, 22.51454 ], [ 103.990257, 22.51866 ], [ 104.000977, 22.518301 ], [ 104.0037, 22.51687 ], [ 104.011597, 22.522369 ], [ 104.010071, 22.528591 ], [ 104.010307, 22.53125 ], [ 104.007263, 22.536411 ], [ 104.00631, 22.540411 ], [ 104.010086, 22.543961 ], [ 104.015007, 22.543371 ], [ 104.012466, 22.547121 ], [ 104.015121, 22.550171 ], [ 104.014076, 22.553591 ], [ 104.010132, 22.55896 ], [ 104.011261, 22.56212 ], [ 104.016228, 22.564381 ], [ 104.015152, 22.568501 ], [ 104.009941, 22.569771 ], [ 104.007187, 22.57148 ], [ 104.00602, 22.57653 ], [ 104.009521, 22.578569 ], [ 104.013672, 22.57925 ], [ 104.014458, 22.5909 ], [ 104.018677, 22.59446 ], [ 104.019066, 22.59922 ], [ 104.021683, 22.60537 ], [ 104.023537, 22.6078 ], [ 104.025169, 22.614441 ], [ 104.023651, 22.619471 ], [ 104.025146, 22.62607 ], [ 104.028297, 22.63448 ], [ 104.028267, 22.638491 ], [ 104.030312, 22.641081 ], [ 104.030937, 22.64455 ], [ 104.030006, 22.650681 ], [ 104.031281, 22.653151 ], [ 104.020607, 22.659191 ], [ 104.022377, 22.663891 ], [ 104.024109, 22.6651 ], [ 104.023163, 22.67132 ], [ 104.020653, 22.67543 ], [ 104.022758, 22.679871 ], [ 104.028816, 22.682093 ], [ 104.030258, 22.68375 ], [ 104.028793, 22.689528 ], [ 104.03289, 22.698193 ], [ 104.033882, 22.704969 ], [ 104.038132, 22.71574 ], [ 104.038353, 22.722509 ], [ 104.040459, 22.72629 ], [ 104.044228, 22.730249 ], [ 104.045029, 22.733212 ], [ 104.051613, 22.73844 ], [ 104.054482, 22.74272 ], [ 104.060158, 22.74922 ], [ 104.064568, 22.75606 ], [ 104.073837, 22.76034 ], [ 104.07795, 22.76132 ], [ 104.077316, 22.76486 ], [ 104.081177, 22.766069 ], [ 104.084038, 22.76907 ], [ 104.087906, 22.77063 ], [ 104.093826, 22.788528 ], [ 104.099136, 22.79353 ], [ 104.100967, 22.79776 ], [ 104.104073, 22.80098 ], [ 104.1082, 22.801981 ], [ 104.113792, 22.811098 ], [ 104.122551, 22.812891 ], [ 104.129417, 22.811371 ], [ 104.133087, 22.805281 ], [ 104.138878, 22.8057 ], [ 104.147659, 22.810102 ], [ 104.15229, 22.809971 ], [ 104.15593, 22.814381 ], [ 104.161606, 22.815691 ], [ 104.163063, 22.819889 ], [ 104.167183, 22.82098 ], [ 104.16922, 22.819429 ], [ 104.174133, 22.819651 ], [ 104.178032, 22.82329 ], [ 104.183739, 22.82616 ], [ 104.186943, 22.824833 ], [ 104.19059, 22.82781 ], [ 104.194077, 22.82847 ], [ 104.196739, 22.826361 ], [ 104.201393, 22.82646 ], [ 104.211983, 22.82865 ], [ 104.216652, 22.83075 ], [ 104.221123, 22.827629 ], [ 104.226837, 22.83194 ], [ 104.23233, 22.83758 ], [ 104.238327, 22.841282 ], [ 104.240128, 22.844 ], [ 104.242462, 22.84411 ], [ 104.250549, 22.83847 ], [ 104.253708, 22.84244 ], [ 104.258308, 22.84407 ], [ 104.261436, 22.841131 ], [ 104.264702, 22.841711 ], [ 104.269638, 22.837601 ], [ 104.273392, 22.83876 ], [ 104.275558, 22.83782 ], [ 104.270271, 22.829411 ], [ 104.269081, 22.8251 ], [ 104.265572, 22.818211 ], [ 104.266876, 22.814383 ], [ 104.264862, 22.807631 ], [ 104.260841, 22.79793 ], [ 104.259186, 22.791691 ], [ 104.254951, 22.782381 ], [ 104.254372, 22.775341 ], [ 104.25634, 22.771 ], [ 104.25589, 22.767521 ], [ 104.258598, 22.76272 ], [ 104.265602, 22.755711 ], [ 104.267746, 22.752001 ], [ 104.268036, 22.74292 ], [ 104.269829, 22.739931 ], [ 104.277771, 22.740129 ], [ 104.290382, 22.7341 ], [ 104.296379, 22.73015 ], [ 104.30072, 22.728161 ], [ 104.308998, 22.72908 ], [ 104.312157, 22.73016 ], [ 104.317787, 22.730471 ], [ 104.324059, 22.728331 ], [ 104.326027, 22.72603 ], [ 104.330498, 22.724348 ], [ 104.336113, 22.720831 ], [ 104.339546, 22.71471 ], [ 104.341125, 22.708944 ], [ 104.34742, 22.703671 ], [ 104.351646, 22.69408 ], [ 104.35627, 22.691669 ], [ 104.362816, 22.691669 ], [ 104.366943, 22.69412 ], [ 104.370926, 22.69525 ], [ 104.374519, 22.692831 ], [ 104.37812, 22.69351 ], [ 104.384682, 22.702961 ], [ 104.387367, 22.704189 ], [ 104.391876, 22.704309 ], [ 104.398949, 22.702265 ], [ 104.401131, 22.70846 ], [ 104.404472, 22.710911 ], [ 104.403831, 22.71312 ], [ 104.40667, 22.72167 ], [ 104.409622, 22.72633 ], [ 104.412582, 22.72723 ], [ 104.421387, 22.73616 ], [ 104.424149, 22.73807 ], [ 104.433403, 22.742531 ], [ 104.440033, 22.74437 ], [ 104.455429, 22.75028 ], [ 104.457458, 22.752188 ], [ 104.46048, 22.752211 ], [ 104.463348, 22.75425 ], [ 104.470093, 22.756901 ], [ 104.472229, 22.759281 ], [ 104.480522, 22.765612 ], [ 104.483986, 22.76965 ], [ 104.486633, 22.77062 ], [ 104.491768, 22.777031 ], [ 104.496597, 22.77813 ], [ 104.498726, 22.7824 ], [ 104.498688, 22.78594 ], [ 104.501511, 22.787479 ], [ 104.507629, 22.78849 ], [ 104.509422, 22.793741 ], [ 104.514091, 22.794241 ], [ 104.516983, 22.795971 ], [ 104.520233, 22.80168 ], [ 104.518387, 22.804781 ], [ 104.523956, 22.806833 ], [ 104.524109, 22.810011 ], [ 104.526237, 22.815651 ], [ 104.528397, 22.818413 ], [ 104.534439, 22.822281 ], [ 104.536903, 22.826351 ], [ 104.541893, 22.825161 ], [ 104.545456, 22.83107 ], [ 104.545372, 22.837631 ], [ 104.547241, 22.839508 ], [ 104.554268, 22.84181 ], [ 104.563988, 22.846071 ], [ 104.568977, 22.84642 ], [ 104.577187, 22.852711 ], [ 104.581741, 22.851561 ], [ 104.589508, 22.85228 ], [ 104.596176, 22.84655 ], [ 104.597893, 22.839941 ], [ 104.600723, 22.83473 ], [ 104.602829, 22.833193 ], [ 104.60273, 22.82719 ], [ 104.599648, 22.826561 ], [ 104.597656, 22.823889 ], [ 104.596809, 22.81806 ], [ 104.598457, 22.816339 ], [ 104.603233, 22.8183 ], [ 104.610153, 22.819031 ], [ 104.612495, 22.817106 ], [ 104.615753, 22.81885 ], [ 104.616867, 22.824461 ], [ 104.619537, 22.823511 ], [ 104.622971, 22.83082 ], [ 104.617981, 22.833391 ], [ 104.61721, 22.836 ], [ 104.619141, 22.84207 ], [ 104.62397, 22.846189 ], [ 104.627899, 22.837511 ], [ 104.636093, 22.833872 ], [ 104.639519, 22.834261 ], [ 104.642509, 22.836231 ], [ 104.652916, 22.834538 ], [ 104.657272, 22.83246 ], [ 104.663513, 22.827791 ], [ 104.668617, 22.82291 ], [ 104.672226, 22.81765 ], [ 104.677437, 22.81966 ], [ 104.681808, 22.820341 ], [ 104.691719, 22.82375 ], [ 104.700737, 22.826071 ], [ 104.709381, 22.824091 ], [ 104.713516, 22.821609 ], [ 104.715706, 22.822111 ], [ 104.722237, 22.82024 ], [ 104.731667, 22.82288 ], [ 104.734123, 22.826521 ], [ 104.735153, 22.832031 ], [ 104.733437, 22.83408 ], [ 104.732063, 22.84197 ], [ 104.725113, 22.848289 ], [ 104.724762, 22.850428 ], [ 104.732307, 22.857071 ], [ 104.738693, 22.858971 ], [ 104.74794, 22.858101 ], [ 104.752357, 22.856932 ], [ 104.756012, 22.85862 ], [ 104.760811, 22.86731 ], [ 104.76339, 22.86941 ], [ 104.763962, 22.876131 ], [ 104.765648, 22.883011 ], [ 104.765602, 22.8859 ], [ 104.769218, 22.888359 ], [ 104.769928, 22.89418 ], [ 104.77314, 22.89835 ], [ 104.774338, 22.901461 ], [ 104.778671, 22.905411 ], [ 104.782036, 22.90621 ], [ 104.784142, 22.904779 ], [ 104.788841, 22.90476 ], [ 104.792984, 22.907177 ], [ 104.796898, 22.911091 ], [ 104.80098, 22.911551 ], [ 104.803757, 22.914261 ], [ 104.806976, 22.9146 ], [ 104.807938, 22.917028 ], [ 104.812859, 22.92074 ], [ 104.816246, 22.921011 ], [ 104.8209, 22.92347 ], [ 104.831093, 22.924591 ], [ 104.837791, 22.921831 ], [ 104.840111, 22.921877 ], [ 104.840561, 22.92551 ], [ 104.847809, 22.93475 ], [ 104.861603, 22.947268 ], [ 104.85762, 22.950941 ], [ 104.857246, 22.954033 ], [ 104.855003, 22.9547 ], [ 104.854446, 22.958179 ], [ 104.850479, 22.96405 ], [ 104.851906, 22.967951 ], [ 104.84687, 22.970119 ], [ 104.843208, 22.974211 ], [ 104.837906, 22.97315 ], [ 104.836487, 22.97427 ], [ 104.831749, 22.98188 ], [ 104.82933, 22.982151 ], [ 104.830017, 22.985731 ], [ 104.833153, 22.988388 ], [ 104.835983, 22.993551 ], [ 104.831657, 22.996031 ], [ 104.82943, 22.998932 ], [ 104.831032, 23.002251 ], [ 104.82975, 23.015661 ], [ 104.828293, 23.019621 ], [ 104.828346, 23.02562 ], [ 104.826256, 23.0277 ], [ 104.825287, 23.031931 ], [ 104.821007, 23.03384 ], [ 104.820061, 23.0368 ], [ 104.821121, 23.04174 ], [ 104.820831, 23.05537 ], [ 104.819611, 23.05702 ], [ 104.814056, 23.058041 ], [ 104.813667, 23.06168 ], [ 104.81514, 23.06864 ], [ 104.811951, 23.07168 ], [ 104.816513, 23.07424 ], [ 104.815422, 23.080139 ], [ 104.807373, 23.08127 ], [ 104.805328, 23.084711 ], [ 104.805473, 23.09174 ], [ 104.804413, 23.098989 ], [ 104.802376, 23.104151 ], [ 104.801338, 23.114429 ], [ 104.800377, 23.118601 ], [ 104.800987, 23.122471 ], [ 104.795708, 23.12636 ], [ 104.795738, 23.129169 ], [ 104.799751, 23.12846 ], [ 104.804703, 23.13055 ], [ 104.807091, 23.128651 ], [ 104.809639, 23.130491 ], [ 104.8125, 23.130522 ], [ 104.816002, 23.13261 ], [ 104.822693, 23.134281 ], [ 104.828629, 23.13489 ], [ 104.83165, 23.13427 ], [ 104.835228, 23.131283 ], [ 104.839531, 23.12981 ], [ 104.846016, 23.13228 ], [ 104.853493, 23.13246 ], [ 104.859528, 23.13015 ], [ 104.860809, 23.125061 ], [ 104.862747, 23.123371 ], [ 104.867317, 23.126051 ], [ 104.872429, 23.1262 ], [ 104.872208, 23.128851 ], [ 104.875381, 23.131491 ], [ 104.877838, 23.137381 ], [ 104.881783, 23.144739 ], [ 104.880142, 23.14867 ], [ 104.880531, 23.152399 ], [ 104.882286, 23.15398 ], [ 104.882362, 23.15946 ], [ 104.881073, 23.161753 ], [ 104.881256, 23.16601 ], [ 104.886223, 23.169071 ], [ 104.889183, 23.174351 ], [ 104.897263, 23.17971 ], [ 104.90023, 23.17901 ], [ 104.906769, 23.17981 ], [ 104.913017, 23.184271 ], [ 104.91642, 23.185091 ], [ 104.927353, 23.181681 ], [ 104.931931, 23.178541 ], [ 104.93631, 23.178591 ], [ 104.940971, 23.17572 ], [ 104.944221, 23.17239 ], [ 104.947731, 23.172031 ], [ 104.951607, 23.174601 ], [ 104.956001, 23.181499 ], [ 104.957611, 23.187191 ], [ 104.957199, 23.19256 ], [ 104.958717, 23.197651 ], [ 104.95916, 23.20495 ], [ 104.963493, 23.20504 ], [ 104.974579, 23.20673 ], [ 104.981613, 23.20932 ], [ 104.984276, 23.210979 ], [ 104.986023, 23.209261 ], [ 104.986427, 23.205721 ], [ 104.988617, 23.203421 ], [ 104.99427, 23.203279 ], [ 104.999283, 23.206369 ], [ 105.001373, 23.214701 ], [ 105.004768, 23.218361 ], [ 105.008202, 23.219721 ], [ 105.0158, 23.219181 ], [ 105.024658, 23.220739 ], [ 105.03038, 23.224861 ], [ 105.031441, 23.22798 ], [ 105.038376, 23.234591 ], [ 105.044228, 23.236731 ], [ 105.048546, 23.241739 ], [ 105.048866, 23.244793 ], [ 105.052597, 23.249538 ], [ 105.056503, 23.25153 ], [ 105.059311, 23.250418 ], [ 105.061172, 23.252291 ], [ 105.06189, 23.257351 ], [ 105.067619, 23.25758 ], [ 105.071983, 23.2619 ], [ 105.077309, 23.263451 ], [ 105.07859, 23.26631 ], [ 105.081177, 23.26685 ], [ 105.083557, 23.269541 ], [ 105.089432, 23.27087 ], [ 105.092323, 23.26763 ], [ 105.096893, 23.26758 ], [ 105.098923, 23.265471 ], [ 105.098167, 23.26255 ], [ 105.102226, 23.26116 ], [ 105.104057, 23.257643 ], [ 105.10434, 23.25415 ], [ 105.100807, 23.250851 ], [ 105.106163, 23.24987 ], [ 105.108856, 23.24683 ], [ 105.113747, 23.247272 ], [ 105.11657, 23.250151 ], [ 105.121002, 23.25131 ], [ 105.126686, 23.254519 ], [ 105.12764, 23.258831 ], [ 105.131042, 23.257931 ], [ 105.138008, 23.25972 ], [ 105.14286, 23.262899 ], [ 105.147087, 23.26272 ], [ 105.151108, 23.26598 ], [ 105.154716, 23.26626 ], [ 105.159698, 23.27212 ], [ 105.163513, 23.273701 ], [ 105.16658, 23.27803 ], [ 105.167671, 23.282761 ], [ 105.172058, 23.283121 ], [ 105.172653, 23.28853 ], [ 105.179283, 23.288639 ], [ 105.181686, 23.2871 ], [ 105.181938, 23.283821 ], [ 105.18367, 23.28228 ], [ 105.184288, 23.277349 ], [ 105.191132, 23.27994 ], [ 105.198616, 23.279951 ], [ 105.200943, 23.272881 ], [ 105.205223, 23.27108 ], [ 105.209297, 23.271271 ], [ 105.212257, 23.26725 ], [ 105.21434, 23.266651 ], [ 105.218117, 23.26889 ], [ 105.22316, 23.269701 ], [ 105.229141, 23.274321 ], [ 105.229866, 23.27943 ], [ 105.228096, 23.286032 ], [ 105.231216, 23.28793 ], [ 105.23494, 23.286011 ], [ 105.239838, 23.28957 ], [ 105.24118, 23.293951 ], [ 105.249207, 23.29751 ], [ 105.250183, 23.299433 ], [ 105.250168, 23.30899 ], [ 105.255096, 23.311131 ], [ 105.257889, 23.313961 ], [ 105.258308, 23.319401 ], [ 105.254997, 23.32185 ], [ 105.254646, 23.32737 ], [ 105.251106, 23.33075 ], [ 105.250587, 23.33337 ], [ 105.256256, 23.34144 ], [ 105.258583, 23.343113 ], [ 105.266182, 23.34268 ], [ 105.271919, 23.339907 ], [ 105.274063, 23.339849 ], [ 105.282646, 23.342091 ], [ 105.284157, 23.343601 ], [ 105.285912, 23.34977 ], [ 105.287697, 23.352551 ], [ 105.287361, 23.357691 ], [ 105.292709, 23.361 ], [ 105.29821, 23.368231 ], [ 105.298973, 23.37303 ], [ 105.301933, 23.376122 ], [ 105.296242, 23.378071 ], [ 105.291252, 23.376551 ], [ 105.288681, 23.37705 ], [ 105.28537, 23.38076 ], [ 105.28566, 23.38262 ], [ 105.296097, 23.38615 ], [ 105.302696, 23.38534 ], [ 105.307419, 23.381901 ], [ 105.312698, 23.38303 ], [ 105.321228, 23.391621 ], [ 105.324471, 23.392691 ], [ 105.329193, 23.38818 ], [ 105.331833, 23.382763 ], [ 105.335442, 23.38039 ], [ 105.347816, 23.370298 ], [ 105.349983, 23.367331 ], [ 105.350792, 23.362711 ], [ 105.349907, 23.35647 ], [ 105.351593, 23.352001 ], [ 105.35141, 23.34705 ], [ 105.352562, 23.34411 ], [ 105.359932, 23.3356 ], [ 105.362442, 23.330721 ], [ 105.368156, 23.325001 ], [ 105.370087, 23.319691 ], [ 105.376106, 23.316481 ], [ 105.380493, 23.313101 ], [ 105.384216, 23.316391 ], [ 105.389648, 23.312721 ], [ 105.400948, 23.29924 ], [ 105.405716, 23.293051 ], [ 105.410599, 23.287901 ], [ 105.419838, 23.29269 ], [ 105.424858, 23.29451 ], [ 105.427437, 23.30007 ], [ 105.429619, 23.302351 ], [ 105.433548, 23.302881 ], [ 105.438301, 23.302031 ], [ 105.443382, 23.297331 ], [ 105.446571, 23.29286 ], [ 105.447487, 23.285921 ], [ 105.449623, 23.28393 ], [ 105.451866, 23.27722 ], [ 105.458649, 23.271601 ], [ 105.468697, 23.259642 ], [ 105.470932, 23.258871 ], [ 105.48111, 23.25934 ], [ 105.483437, 23.25663 ], [ 105.483543, 23.253691 ], [ 105.477982, 23.24795 ], [ 105.481537, 23.24366 ], [ 105.488663, 23.239731 ], [ 105.492416, 23.233101 ], [ 105.490967, 23.223619 ], [ 105.491722, 23.219931 ], [ 105.494431, 23.21711 ], [ 105.494896, 23.21422 ], [ 105.501503, 23.20636 ], [ 105.501434, 23.200443 ], [ 105.513138, 23.1954 ], [ 105.516357, 23.195683 ], [ 105.522263, 23.19133 ], [ 105.531113, 23.19289 ], [ 105.543167, 23.19348 ], [ 105.548309, 23.189369 ], [ 105.553101, 23.187281 ], [ 105.556099, 23.184511 ], [ 105.556053, 23.17993 ], [ 105.557953, 23.178141 ], [ 105.558403, 23.173531 ], [ 105.566017, 23.169001 ], [ 105.571152, 23.161591 ], [ 105.577232, 23.16194 ], [ 105.582947, 23.158503 ], [ 105.585281, 23.15029 ], [ 105.590981, 23.148121 ], [ 105.591522, 23.144901 ], [ 105.586853, 23.14061 ], [ 105.585083, 23.13723 ], [ 105.581108, 23.133551 ], [ 105.578903, 23.132801 ], [ 105.569862, 23.122271 ], [ 105.564407, 23.118378 ], [ 105.557861, 23.11673 ], [ 105.554626, 23.114286 ], [ 105.55101, 23.109318 ], [ 105.54467, 23.108191 ], [ 105.536896, 23.1084 ], [ 105.530792, 23.109535 ], [ 105.528168, 23.107662 ], [ 105.527184, 23.103395 ], [ 105.52417, 23.099834 ], [ 105.523476, 23.095587 ], [ 105.517136, 23.083179 ], [ 105.519501, 23.078459 ], [ 105.519409, 23.074841 ], [ 105.513031, 23.068071 ], [ 105.511574, 23.064011 ], [ 105.507141, 23.0581 ], [ 105.507729, 23.051039 ], [ 105.504356, 23.047779 ], [ 105.502968, 23.04118 ], [ 105.497002, 23.036966 ], [ 105.494545, 23.032957 ], [ 105.493706, 23.029041 ], [ 105.491348, 23.025805 ], [ 105.490105, 23.020573 ], [ 105.490417, 23.015388 ], [ 105.487923, 23.008677 ], [ 105.473694, 23.006077 ], [ 105.468185, 23.006641 ], [ 105.464386, 23.002993 ], [ 105.461617, 23.002216 ], [ 105.45871, 23.003557 ], [ 105.452766, 23.00091 ], [ 105.450157, 22.998512 ], [ 105.446594, 22.998419 ], [ 105.441376, 23.000759 ], [ 105.434143, 23.000883 ], [ 105.42794, 22.997528 ], [ 105.423645, 22.997852 ], [ 105.417297, 23.000301 ], [ 105.414398, 22.99597 ], [ 105.411171, 22.993729 ], [ 105.405006, 22.993692 ], [ 105.399155, 22.990231 ], [ 105.393501, 22.990717 ], [ 105.382103, 22.988104 ], [ 105.375153, 22.988956 ], [ 105.369682, 22.98267 ], [ 105.361763, 22.978294 ], [ 105.360359, 22.970587 ], [ 105.365959, 22.964273 ], [ 105.366066, 22.962027 ], [ 105.360497, 22.948498 ], [ 105.36026, 22.945829 ], [ 105.364288, 22.939468 ], [ 105.358597, 22.935167 ], [ 105.347633, 22.932526 ], [ 105.336189, 22.931479 ], [ 105.33477, 22.930227 ], [ 105.330544, 22.922577 ], [ 105.326645, 22.920387 ], [ 105.32383, 22.914513 ], [ 105.3218, 22.913523 ], [ 105.315979, 22.913691 ], [ 105.311089, 22.911688 ], [ 105.311302, 22.907034 ], [ 105.305611, 22.89834 ], [ 105.305206, 22.894157 ], [ 105.306519, 22.88796 ], [ 105.305511, 22.881662 ], [ 105.306488, 22.87468 ], [ 105.304619, 22.873638 ], [ 105.297615, 22.872814 ], [ 105.291977, 22.875648 ], [ 105.28862, 22.87636 ], [ 105.281837, 22.875536 ], [ 105.272324, 22.876884 ], [ 105.271477, 22.875631 ], [ 105.270973, 22.862484 ], [ 105.27272, 22.860441 ], [ 105.283745, 22.854855 ], [ 105.29705, 22.854813 ], [ 105.300034, 22.85438 ], [ 105.303978, 22.851862 ], [ 105.308243, 22.851149 ], [ 105.312073, 22.846905 ], [ 105.317337, 22.839235 ], [ 105.319756, 22.8374 ], [ 105.325508, 22.835402 ], [ 105.330444, 22.831392 ], [ 105.334221, 22.830652 ], [ 105.336479, 22.828871 ], [ 105.340202, 22.828131 ], [ 105.343155, 22.825171 ], [ 105.343819, 22.817692 ], [ 105.347961, 22.815617 ], [ 105.352478, 22.817019 ], [ 105.362442, 22.816446 ], [ 105.371231, 22.81214 ], [ 105.381752, 22.811579 ], [ 105.386635, 22.810064 ], [ 105.388718, 22.808386 ], [ 105.3965, 22.796314 ], [ 105.39994, 22.793171 ], [ 105.406677, 22.792341 ], [ 105.412758, 22.786419 ], [ 105.415543, 22.784973 ], [ 105.420456, 22.784437 ], [ 105.422363, 22.782602 ], [ 105.425171, 22.776791 ], [ 105.431122, 22.775911 ], [ 105.44014, 22.773117 ], [ 105.444672, 22.769106 ], [ 105.4459, 22.765127 ], [ 105.450531, 22.758604 ], [ 105.452332, 22.75724 ], [ 105.460938, 22.756824 ], [ 105.466988, 22.755583 ], [ 105.467033, 22.753689 ], [ 105.47303, 22.753647 ], [ 105.473076, 22.750591 ], [ 105.47538, 22.739683 ], [ 105.476952, 22.736856 ], [ 105.477684, 22.73003 ], [ 105.479111, 22.725922 ], [ 105.482033, 22.721626 ], [ 105.485077, 22.714794 ], [ 105.487, 22.706711 ], [ 105.49025, 22.702412 ], [ 105.497704, 22.696245 ], [ 105.498558, 22.691877 ], [ 105.495804, 22.689894 ], [ 105.491615, 22.690121 ], [ 105.488678, 22.687464 ], [ 105.48642, 22.679811 ], [ 105.485985, 22.675709 ], [ 105.488609, 22.666916 ], [ 105.494804, 22.658871 ], [ 105.495216, 22.655968 ], [ 105.493622, 22.650692 ], [ 105.495583, 22.641848 ], [ 105.498016, 22.634089 ], [ 105.496483, 22.628927 ], [ 105.49408, 22.625154 ], [ 105.491524, 22.62396 ], [ 105.486267, 22.618353 ], [ 105.482353, 22.619804 ], [ 105.475914, 22.620514 ], [ 105.473389, 22.616543 ], [ 105.469147, 22.616253 ], [ 105.463776, 22.613989 ], [ 105.459045, 22.609211 ], [ 105.452652, 22.608564 ], [ 105.447807, 22.61091 ], [ 105.444527, 22.609945 ], [ 105.444893, 22.607256 ], [ 105.441238, 22.605434 ], [ 105.441406, 22.610231 ], [ 105.435997, 22.608717 ], [ 105.433205, 22.606268 ], [ 105.429771, 22.608994 ], [ 105.421097, 22.608879 ], [ 105.417282, 22.610769 ], [ 105.409241, 22.612061 ], [ 105.409103, 22.615026 ], [ 105.404945, 22.619221 ], [ 105.402519, 22.624371 ], [ 105.396423, 22.62825 ], [ 105.394363, 22.630417 ], [ 105.384384, 22.627525 ], [ 105.381989, 22.629246 ], [ 105.371086, 22.633953 ], [ 105.367027, 22.634306 ], [ 105.362602, 22.635962 ], [ 105.361763, 22.638947 ], [ 105.351158, 22.639351 ], [ 105.342079, 22.640947 ], [ 105.336906, 22.639006 ], [ 105.331703, 22.640352 ], [ 105.328468, 22.6401 ], [ 105.324249, 22.637159 ], [ 105.324905, 22.630438 ], [ 105.322098, 22.628702 ], [ 105.322639, 22.625614 ], [ 105.318352, 22.62439 ], [ 105.31636, 22.619678 ], [ 105.316093, 22.616251 ], [ 105.313972, 22.609703 ], [ 105.31736, 22.605103 ], [ 105.315178, 22.604422 ], [ 105.310646, 22.608271 ], [ 105.310913, 22.613232 ], [ 105.301193, 22.612804 ], [ 105.29174, 22.614021 ], [ 105.289375, 22.613581 ], [ 105.285873, 22.616913 ], [ 105.285667, 22.622826 ], [ 105.287666, 22.625498 ], [ 105.286346, 22.62941 ], [ 105.283485, 22.631403 ], [ 105.281425, 22.634733 ], [ 105.28334, 22.638718 ], [ 105.278549, 22.644094 ], [ 105.270325, 22.648466 ], [ 105.264755, 22.648729 ], [ 105.250259, 22.653667 ], [ 105.246277, 22.651903 ], [ 105.243462, 22.648994 ], [ 105.241051, 22.656427 ], [ 105.231522, 22.66251 ], [ 105.229935, 22.664183 ], [ 105.223022, 22.662876 ], [ 105.218697, 22.661308 ], [ 105.214798, 22.663263 ], [ 105.211105, 22.666634 ], [ 105.209038, 22.671972 ], [ 105.204651, 22.67783 ], [ 105.199249, 22.677162 ], [ 105.190941, 22.678398 ], [ 105.181961, 22.682533 ], [ 105.179276, 22.682028 ], [ 105.173172, 22.683537 ], [ 105.169823, 22.688625 ], [ 105.161247, 22.690809 ], [ 105.155319, 22.693481 ], [ 105.148819, 22.694529 ], [ 105.141823, 22.69095 ], [ 105.138397, 22.687889 ], [ 105.133904, 22.675179 ], [ 105.134628, 22.672359 ], [ 105.129555, 22.670128 ], [ 105.134811, 22.665844 ], [ 105.138191, 22.664804 ], [ 105.139091, 22.662655 ], [ 105.139191, 22.656195 ], [ 105.14695, 22.650511 ], [ 105.146828, 22.646881 ], [ 105.14846, 22.642225 ], [ 105.155945, 22.632275 ], [ 105.152908, 22.629391 ], [ 105.156395, 22.627161 ], [ 105.158432, 22.621786 ], [ 105.15123, 22.619038 ], [ 105.149353, 22.62167 ], [ 105.142181, 22.625687 ], [ 105.139809, 22.622223 ], [ 105.138412, 22.613369 ], [ 105.130768, 22.609371 ], [ 105.125969, 22.604445 ], [ 105.129204, 22.594749 ], [ 105.133232, 22.593399 ], [ 105.132362, 22.589067 ], [ 105.121513, 22.583179 ], [ 105.121765, 22.580364 ], [ 105.116554, 22.578218 ], [ 105.113037, 22.575167 ], [ 105.11927, 22.567793 ], [ 105.120308, 22.563847 ], [ 105.11937, 22.557018 ], [ 105.120163, 22.553476 ], [ 105.124916, 22.545803 ], [ 105.124779, 22.541597 ], [ 105.126572, 22.535263 ], [ 105.120842, 22.517496 ], [ 105.114952, 22.505814 ], [ 105.109436, 22.49918 ], [ 105.10656, 22.490894 ], [ 105.111397, 22.484489 ], [ 105.111137, 22.480738 ], [ 105.109077, 22.47385 ], [ 105.110497, 22.471622 ], [ 105.110748, 22.464764 ], [ 105.11647, 22.460775 ], [ 105.116776, 22.456202 ], [ 105.111305, 22.45216 ], [ 105.10524, 22.45055 ], [ 105.099998, 22.444895 ], [ 105.096489, 22.444372 ], [ 105.090988, 22.441093 ], [ 105.086128, 22.439425 ], [ 105.08934, 22.433531 ], [ 105.095406, 22.42951 ], [ 105.096886, 22.424553 ], [ 105.099037, 22.421471 ], [ 105.100113, 22.415398 ], [ 105.098717, 22.413019 ], [ 105.095573, 22.404158 ], [ 105.091377, 22.402138 ], [ 105.091019, 22.39724 ], [ 105.088943, 22.395044 ], [ 105.082153, 22.396425 ], [ 105.076347, 22.395844 ], [ 105.074699, 22.393806 ], [ 105.074921, 22.390099 ], [ 105.072784, 22.387581 ], [ 105.072044, 22.382479 ], [ 105.075386, 22.376995 ], [ 105.079475, 22.37347 ], [ 105.085487, 22.362818 ], [ 105.086205, 22.359608 ], [ 105.082504, 22.354124 ], [ 105.079765, 22.352518 ], [ 105.075523, 22.352453 ], [ 105.065918, 22.355474 ], [ 105.056725, 22.357653 ], [ 105.053978, 22.356428 ], [ 105.047569, 22.357632 ], [ 105.044899, 22.356798 ], [ 105.040596, 22.35338 ], [ 105.040039, 22.35121 ], [ 105.044556, 22.349815 ], [ 105.047943, 22.344822 ], [ 105.049385, 22.338671 ], [ 105.051559, 22.335552 ], [ 105.05632, 22.334406 ], [ 105.060127, 22.330736 ], [ 105.059799, 22.325991 ], [ 105.058327, 22.322399 ], [ 105.058136, 22.316872 ], [ 105.059158, 22.312908 ], [ 105.049034, 22.31378 ], [ 105.044464, 22.311567 ], [ 105.046089, 22.305014 ], [ 105.048004, 22.301975 ], [ 105.048645, 22.295528 ], [ 105.047913, 22.289936 ], [ 105.045837, 22.287865 ], [ 105.042038, 22.287516 ], [ 105.033585, 22.285254 ], [ 105.028816, 22.282537 ], [ 105.025986, 22.279512 ], [ 105.019836, 22.2763 ], [ 105.016449, 22.269527 ], [ 105.014877, 22.268066 ], [ 105.00972, 22.26759 ], [ 105.007111, 22.27774 ], [ 105.007393, 22.282066 ], [ 105.004288, 22.283903 ], [ 105.004425, 22.286263 ], [ 105.007675, 22.291376 ], [ 105.007675, 22.295704 ], [ 105.006088, 22.29899 ], [ 104.995758, 22.302027 ], [ 104.992424, 22.315254 ], [ 104.988014, 22.316368 ], [ 104.983887, 22.320934 ], [ 104.982513, 22.324278 ], [ 104.979004, 22.325274 ], [ 104.973053, 22.321367 ], [ 104.968651, 22.319607 ], [ 104.960533, 22.318916 ], [ 104.954185, 22.320925 ], [ 104.949913, 22.321026 ], [ 104.94059, 22.328621 ], [ 104.937859, 22.333399 ], [ 104.932053, 22.332336 ], [ 104.927628, 22.333403 ], [ 104.920891, 22.332741 ], [ 104.914398, 22.336363 ], [ 104.910919, 22.340591 ], [ 104.910133, 22.345287 ], [ 104.906731, 22.350918 ], [ 104.899284, 22.34948 ], [ 104.899323, 22.343658 ], [ 104.895645, 22.338161 ], [ 104.896629, 22.330313 ], [ 104.895317, 22.328026 ], [ 104.890831, 22.324617 ], [ 104.894608, 22.320171 ], [ 104.895981, 22.31642 ], [ 104.899956, 22.315863 ], [ 104.906242, 22.313232 ], [ 104.910332, 22.312649 ], [ 104.912804, 22.308323 ], [ 104.915665, 22.306515 ], [ 104.917259, 22.303312 ], [ 104.914459, 22.298122 ], [ 104.91555, 22.296021 ], [ 104.919838, 22.293242 ], [ 104.921158, 22.290928 ], [ 104.918953, 22.289383 ], [ 104.91481, 22.290791 ], [ 104.911766, 22.289017 ], [ 104.910309, 22.286142 ], [ 104.910484, 22.282896 ], [ 104.906799, 22.279655 ], [ 104.905518, 22.27593 ], [ 104.901665, 22.275139 ], [ 104.894638, 22.276333 ], [ 104.891586, 22.27404 ], [ 104.89212, 22.269417 ], [ 104.895721, 22.267952 ], [ 104.903336, 22.261881 ], [ 104.906532, 22.257971 ], [ 104.90731, 22.25205 ], [ 104.909111, 22.250055 ], [ 104.913895, 22.248798 ], [ 104.916267, 22.246298 ], [ 104.917442, 22.241068 ], [ 104.913467, 22.238964 ], [ 104.91114, 22.235989 ], [ 104.911514, 22.230852 ], [ 104.910316, 22.227077 ], [ 104.912575, 22.225855 ], [ 104.910919, 22.221428 ], [ 104.913124, 22.216213 ], [ 104.910622, 22.212023 ], [ 104.908646, 22.21133 ], [ 104.904678, 22.213963 ], [ 104.90239, 22.211327 ], [ 104.902969, 22.205217 ], [ 104.899689, 22.204763 ], [ 104.898125, 22.199606 ], [ 104.893822, 22.190145 ], [ 104.895966, 22.186979 ], [ 104.892746, 22.182995 ], [ 104.888664, 22.186077 ], [ 104.886124, 22.185144 ], [ 104.88369, 22.186527 ], [ 104.881241, 22.184822 ], [ 104.878342, 22.186178 ], [ 104.875969, 22.192442 ], [ 104.87365, 22.195927 ], [ 104.87545, 22.196964 ], [ 104.874504, 22.201277 ], [ 104.863457, 22.202515 ], [ 104.859238, 22.196869 ], [ 104.856209, 22.198704 ], [ 104.854424, 22.194607 ], [ 104.853767, 22.189789 ], [ 104.848137, 22.185297 ], [ 104.848198, 22.180611 ], [ 104.849854, 22.178562 ], [ 104.849716, 22.175585 ], [ 104.851974, 22.171509 ], [ 104.85463, 22.170366 ], [ 104.853157, 22.16419 ], [ 104.854149, 22.16263 ], [ 104.853195, 22.157497 ], [ 104.857109, 22.154148 ], [ 104.859016, 22.148233 ], [ 104.861488, 22.14753 ], [ 104.862747, 22.141897 ], [ 104.859039, 22.135799 ], [ 104.86084, 22.132936 ], [ 104.858841, 22.12904 ], [ 104.859764, 22.12228 ], [ 104.862442, 22.118196 ], [ 104.864151, 22.112089 ], [ 104.864815, 22.106703 ], [ 104.863808, 22.100185 ], [ 104.86409, 22.096699 ], [ 104.870842, 22.091574 ], [ 104.870422, 22.08651 ], [ 104.872498, 22.084801 ], [ 104.87265, 22.081041 ], [ 104.880463, 22.074871 ], [ 104.881065, 22.072477 ], [ 104.886284, 22.071144 ], [ 104.891106, 22.072737 ], [ 104.895691, 22.071337 ], [ 104.902138, 22.063995 ], [ 104.907127, 22.063251 ], [ 104.911926, 22.065477 ], [ 104.91729, 22.058884 ], [ 104.919937, 22.060587 ], [ 104.927818, 22.061691 ], [ 104.93441, 22.058462 ], [ 104.938049, 22.055754 ], [ 104.940865, 22.051514 ], [ 104.939796, 22.044355 ], [ 104.94178, 22.042879 ], [ 104.945709, 22.035795 ], [ 104.949295, 22.03446 ], [ 104.955215, 22.035126 ], [ 104.957916, 22.033863 ], [ 104.961029, 22.029448 ], [ 104.966812, 22.031467 ], [ 104.968414, 22.03591 ], [ 104.97113, 22.040304 ], [ 104.978012, 22.041286 ], [ 104.980057, 22.042948 ], [ 104.982933, 22.042461 ], [ 104.989838, 22.045374 ], [ 104.996033, 22.044138 ], [ 104.996902, 22.043011 ], [ 104.994759, 22.038853 ], [ 104.992889, 22.032181 ], [ 104.993881, 22.027884 ], [ 104.993454, 22.023939 ], [ 104.991447, 22.0205 ], [ 104.991737, 22.018389 ], [ 104.995583, 22.015587 ], [ 104.99263, 22.0114 ], [ 104.98893, 22.003178 ], [ 104.993515, 21.993996 ], [ 104.99604, 21.992542 ], [ 104.998878, 21.988785 ], [ 104.996864, 21.982502 ], [ 104.994003, 21.977909 ], [ 104.991623, 21.97109 ], [ 104.993835, 21.967636 ], [ 104.994514, 21.961929 ], [ 104.992416, 21.95363 ], [ 104.989723, 21.949909 ], [ 104.988556, 21.945448 ], [ 104.986092, 21.941343 ], [ 104.985695, 21.936575 ], [ 104.988106, 21.934296 ], [ 104.988899, 21.931383 ], [ 104.994972, 21.929148 ], [ 104.998375, 21.929253 ], [ 105.003128, 21.934692 ], [ 105.008934, 21.937389 ], [ 105.01387, 21.935863 ], [ 105.018394, 21.935863 ], [ 105.01796, 21.929298 ], [ 105.018967, 21.926016 ], [ 105.022125, 21.92444 ], [ 105.021011, 21.921528 ], [ 105.021271, 21.917383 ], [ 105.017723, 21.910961 ], [ 105.013466, 21.907337 ], [ 105.01458, 21.90271 ], [ 105.01284, 21.900154 ], [ 105.017647, 21.894283 ], [ 105.021492, 21.894663 ], [ 105.02504, 21.891933 ], [ 105.030144, 21.892658 ], [ 105.036209, 21.891415 ], [ 105.036797, 21.888134 ], [ 105.040535, 21.885887 ], [ 105.041603, 21.882917 ], [ 105.040604, 21.880018 ], [ 105.041824, 21.877979 ], [ 105.040382, 21.873837 ], [ 105.041641, 21.872284 ], [ 105.043488, 21.864859 ], [ 105.051506, 21.859055 ], [ 105.057571, 21.858536 ], [ 105.060707, 21.850073 ], [ 105.066299, 21.841852 ], [ 105.076393, 21.830383 ], [ 105.087784, 21.828501 ], [ 105.091484, 21.821712 ], [ 105.097237, 21.817825 ], [ 105.099525, 21.812189 ], [ 105.095604, 21.811434 ], [ 105.088058, 21.807417 ], [ 105.084595, 21.801649 ], [ 105.081909, 21.791697 ], [ 105.078941, 21.786591 ], [ 105.075981, 21.786131 ], [ 105.073936, 21.783066 ], [ 105.07058, 21.780365 ], [ 105.071922, 21.77832 ], [ 105.080101, 21.770868 ], [ 105.073334, 21.760759 ], [ 105.073296, 21.757687 ], [ 105.067955, 21.751604 ], [ 105.060219, 21.748793 ], [ 105.057335, 21.749437 ], [ 105.057312, 21.745436 ], [ 105.065987, 21.742432 ], [ 105.068352, 21.738939 ], [ 105.075417, 21.735777 ], [ 105.076103, 21.733595 ], [ 105.073135, 21.729048 ], [ 105.075706, 21.722782 ], [ 105.077469, 21.721893 ], [ 105.080963, 21.724133 ], [ 105.084167, 21.722582 ], [ 105.085472, 21.718418 ], [ 105.090431, 21.719763 ], [ 105.094482, 21.718994 ], [ 105.098816, 21.716921 ], [ 105.100952, 21.71776 ], [ 105.103546, 21.713131 ], [ 105.105537, 21.712282 ], [ 105.108391, 21.706228 ], [ 105.11171, 21.706812 ], [ 105.115486, 21.705212 ], [ 105.122841, 21.704712 ], [ 105.126358, 21.703184 ], [ 105.131187, 21.697481 ], [ 105.132919, 21.696821 ], [ 105.138496, 21.698378 ], [ 105.142899, 21.698544 ], [ 105.144295, 21.700796 ], [ 105.150299, 21.698126 ], [ 105.149582, 21.693783 ], [ 105.152573, 21.689487 ], [ 105.155731, 21.687557 ], [ 105.156044, 21.681679 ], [ 105.164001, 21.688259 ], [ 105.168365, 21.686298 ], [ 105.178345, 21.686018 ], [ 105.178513, 21.682356 ], [ 105.184662, 21.677614 ], [ 105.191025, 21.677162 ], [ 105.192764, 21.67531 ], [ 105.192276, 21.671934 ], [ 105.194588, 21.669121 ], [ 105.198502, 21.668192 ], [ 105.201073, 21.664486 ], [ 105.207642, 21.661282 ], [ 105.217964, 21.662352 ], [ 105.220444, 21.660315 ], [ 105.229141, 21.660172 ], [ 105.234657, 21.658876 ], [ 105.238022, 21.65106 ], [ 105.238869, 21.646774 ], [ 105.236748, 21.640961 ], [ 105.232742, 21.635517 ], [ 105.225418, 21.629765 ], [ 105.232353, 21.618658 ], [ 105.234894, 21.617046 ], [ 105.246254, 21.615503 ], [ 105.250389, 21.611309 ], [ 105.252502, 21.604519 ], [ 105.249344, 21.60268 ], [ 105.248444, 21.599964 ], [ 105.245232, 21.597713 ], [ 105.248718, 21.592993 ], [ 105.249649, 21.584579 ], [ 105.254112, 21.578276 ], [ 105.261467, 21.570414 ], [ 105.26239, 21.566698 ], [ 105.270523, 21.563562 ], [ 105.272598, 21.561916 ], [ 105.273941, 21.55764 ], [ 105.271439, 21.554346 ], [ 105.272469, 21.552917 ], [ 105.26741, 21.547729 ], [ 105.269341, 21.544056 ], [ 105.273544, 21.541691 ], [ 105.280693, 21.541296 ], [ 105.292549, 21.53657 ], [ 105.297974, 21.531498 ], [ 105.295639, 21.521448 ], [ 105.297318, 21.514019 ], [ 105.300629, 21.509382 ], [ 105.303581, 21.507738 ], [ 105.308006, 21.507298 ], [ 105.312309, 21.50979 ], [ 105.316261, 21.510962 ], [ 105.322731, 21.510296 ], [ 105.324066, 21.507158 ], [ 105.329666, 21.506111 ], [ 105.332222, 21.504574 ], [ 105.336281, 21.504566 ], [ 105.338669, 21.506178 ], [ 105.336136, 21.508711 ], [ 105.337296, 21.512087 ], [ 105.343315, 21.516159 ], [ 105.343155, 21.518372 ], [ 105.347961, 21.51951 ], [ 105.353424, 21.518255 ], [ 105.361023, 21.519711 ], [ 105.363243, 21.522732 ], [ 105.367409, 21.52441 ], [ 105.371109, 21.52463 ], [ 105.374191, 21.523197 ], [ 105.380089, 21.522985 ], [ 105.386513, 21.518908 ], [ 105.388237, 21.512218 ], [ 105.396187, 21.51055 ], [ 105.400642, 21.513847 ], [ 105.405365, 21.512083 ], [ 105.409744, 21.512959 ], [ 105.412308, 21.512217 ], [ 105.414818, 21.509155 ], [ 105.417686, 21.508205 ], [ 105.418701, 21.503647 ], [ 105.421379, 21.499161 ], [ 105.42292, 21.498531 ], [ 105.426758, 21.504208 ], [ 105.428917, 21.505941 ], [ 105.433006, 21.506784 ], [ 105.439484, 21.510036 ], [ 105.443695, 21.509127 ], [ 105.446007, 21.510094 ], [ 105.454674, 21.510998 ], [ 105.456001, 21.51388 ], [ 105.454926, 21.515823 ], [ 105.457893, 21.518723 ], [ 105.462616, 21.516438 ], [ 105.467415, 21.517719 ], [ 105.472176, 21.5208 ], [ 105.47261, 21.523861 ], [ 105.477966, 21.520676 ], [ 105.485664, 21.517679 ], [ 105.488708, 21.518969 ], [ 105.489853, 21.522293 ], [ 105.493835, 21.528498 ], [ 105.496407, 21.525412 ], [ 105.49939, 21.526327 ], [ 105.501381, 21.5287 ], [ 105.50354, 21.528028 ], [ 105.505798, 21.5319 ], [ 105.512947, 21.535826 ], [ 105.518127, 21.534433 ], [ 105.522141, 21.537785 ], [ 105.524239, 21.544865 ], [ 105.526756, 21.547283 ], [ 105.528603, 21.553026 ], [ 105.528992, 21.556982 ], [ 105.533615, 21.562944 ], [ 105.536766, 21.565111 ], [ 105.538673, 21.57069 ], [ 105.541733, 21.573984 ], [ 105.550415, 21.57336 ], [ 105.555176, 21.571566 ], [ 105.558395, 21.567438 ], [ 105.563293, 21.557571 ], [ 105.566315, 21.554226 ], [ 105.568825, 21.553171 ], [ 105.577316, 21.543951 ], [ 105.58223, 21.540318 ], [ 105.582817, 21.535912 ], [ 105.587601, 21.53414 ], [ 105.59433, 21.533928 ], [ 105.599564, 21.532036 ], [ 105.603287, 21.528915 ], [ 105.606232, 21.52397 ], [ 105.605804, 21.518278 ], [ 105.610428, 21.512297 ], [ 105.611275, 21.505428 ], [ 105.61657, 21.502478 ], [ 105.618187, 21.498631 ], [ 105.62204, 21.499037 ], [ 105.624893, 21.496595 ], [ 105.631844, 21.495111 ], [ 105.634338, 21.493168 ], [ 105.632027, 21.488358 ], [ 105.630722, 21.480072 ], [ 105.635918, 21.475166 ], [ 105.640602, 21.472435 ], [ 105.64447, 21.468748 ], [ 105.645294, 21.464155 ], [ 105.651939, 21.457663 ], [ 105.659096, 21.459517 ], [ 105.665733, 21.460293 ], [ 105.668877, 21.458126 ], [ 105.673241, 21.458426 ], [ 105.677208, 21.456409 ], [ 105.681587, 21.449553 ], [ 105.685875, 21.444609 ], [ 105.688522, 21.442745 ], [ 105.696777, 21.439173 ], [ 105.700348, 21.440773 ], [ 105.703728, 21.44087 ], [ 105.706322, 21.43601 ], [ 105.711548, 21.43082 ], [ 105.714401, 21.430058 ], [ 105.720245, 21.432596 ], [ 105.723961, 21.433193 ], [ 105.724709, 21.427868 ], [ 105.723061, 21.420256 ], [ 105.720695, 21.416542 ], [ 105.722054, 21.413807 ], [ 105.727791, 21.409828 ], [ 105.730141, 21.409233 ], [ 105.734726, 21.411108 ], [ 105.738777, 21.414785 ], [ 105.745773, 21.416372 ], [ 105.749626, 21.414738 ], [ 105.754822, 21.410967 ], [ 105.755653, 21.408855 ], [ 105.762367, 21.400789 ], [ 105.765274, 21.38937 ], [ 105.76265, 21.387379 ], [ 105.758957, 21.378572 ], [ 105.76828, 21.37488 ], [ 105.769577, 21.370916 ], [ 105.771896, 21.371038 ], [ 105.774323, 21.367235 ], [ 105.773529, 21.365482 ], [ 105.774628, 21.361275 ], [ 105.778526, 21.360043 ], [ 105.783928, 21.359701 ], [ 105.785652, 21.354967 ], [ 105.782295, 21.353853 ], [ 105.784843, 21.347851 ], [ 105.784424, 21.343008 ], [ 105.782501, 21.34297 ], [ 105.779175, 21.339228 ], [ 105.776382, 21.337942 ], [ 105.77198, 21.328632 ], [ 105.771706, 21.325802 ], [ 105.767937, 21.319895 ], [ 105.761765, 21.313633 ], [ 105.756325, 21.300739 ], [ 105.752388, 21.297005 ], [ 105.748596, 21.296232 ], [ 105.742859, 21.293009 ], [ 105.737366, 21.288052 ], [ 105.734238, 21.28376 ], [ 105.7351, 21.279608 ], [ 105.732727, 21.279331 ], [ 105.73185, 21.275368 ], [ 105.728714, 21.275932 ], [ 105.72551, 21.271387 ], [ 105.72821, 21.268724 ], [ 105.722427, 21.266272 ], [ 105.723923, 21.257729 ], [ 105.722717, 21.25132 ], [ 105.728317, 21.249226 ], [ 105.726273, 21.243574 ], [ 105.727005, 21.241007 ], [ 105.731499, 21.242298 ], [ 105.734894, 21.24103 ], [ 105.736794, 21.236443 ], [ 105.732857, 21.235991 ], [ 105.731026, 21.231661 ], [ 105.723503, 21.225496 ], [ 105.727989, 21.220646 ], [ 105.730141, 21.213823 ], [ 105.726631, 21.200357 ], [ 105.734444, 21.197845 ], [ 105.73835, 21.19928 ], [ 105.746201, 21.200071 ], [ 105.750008, 21.195398 ], [ 105.749969, 21.193951 ], [ 105.755157, 21.191105 ], [ 105.753952, 21.189692 ], [ 105.755089, 21.18486 ], [ 105.7509, 21.18259 ], [ 105.744041, 21.185814 ], [ 105.733765, 21.184301 ], [ 105.728699, 21.186855 ], [ 105.726852, 21.185835 ], [ 105.723511, 21.191854 ], [ 105.718208, 21.198784 ], [ 105.710243, 21.204342 ], [ 105.704849, 21.201382 ], [ 105.705162, 21.198431 ], [ 105.70076, 21.198118 ], [ 105.700615, 21.194395 ], [ 105.702316, 21.192169 ], [ 105.694946, 21.19207 ], [ 105.691299, 21.190573 ], [ 105.689034, 21.18697 ], [ 105.683388, 21.182577 ], [ 105.67614, 21.189411 ], [ 105.675194, 21.185917 ], [ 105.671318, 21.181786 ], [ 105.66671, 21.174759 ], [ 105.664619, 21.173153 ], [ 105.664299, 21.166725 ], [ 105.669983, 21.152664 ], [ 105.672401, 21.147827 ], [ 105.66188, 21.148384 ], [ 105.652061, 21.152296 ], [ 105.631004, 21.158821 ], [ 105.631363, 21.164165 ], [ 105.630486, 21.168846 ], [ 105.625679, 21.173464 ], [ 105.622116, 21.17536 ], [ 105.608887, 21.172874 ], [ 105.599564, 21.169863 ], [ 105.575569, 21.16419 ], [ 105.57431, 21.161764 ], [ 105.566261, 21.159365 ], [ 105.557243, 21.158016 ], [ 105.527092, 21.155712 ], [ 105.515762, 21.156389 ], [ 105.497726, 21.159046 ], [ 105.491447, 21.161079 ], [ 105.482903, 21.165651 ], [ 105.471252, 21.174347 ], [ 105.468796, 21.176785 ], [ 105.469078, 21.181993 ], [ 105.467911, 21.185682 ], [ 105.465919, 21.200689 ], [ 105.463966, 21.200888 ], [ 105.463219, 21.207352 ], [ 105.460884, 21.212957 ], [ 105.461609, 21.214283 ], [ 105.459564, 21.222198 ], [ 105.455719, 21.228338 ], [ 105.449997, 21.238937 ], [ 105.446075, 21.24345 ], [ 105.444794, 21.247139 ], [ 105.443443, 21.2554 ], [ 105.442741, 21.265039 ], [ 105.440865, 21.275076 ], [ 105.43792, 21.284048 ], [ 105.433197, 21.288168 ], [ 105.405632, 21.300951 ], [ 105.399658, 21.303318 ], [ 105.394615, 21.304016 ], [ 105.390244, 21.303076 ], [ 105.384895, 21.300463 ], [ 105.375359, 21.294403 ], [ 105.372742, 21.29435 ], [ 105.368034, 21.313335 ], [ 105.362968, 21.310884 ], [ 105.354385, 21.30246 ], [ 105.354187, 21.294666 ], [ 105.357346, 21.289055 ], [ 105.354996, 21.280828 ], [ 105.353203, 21.263832 ], [ 105.353836, 21.251686 ], [ 105.351707, 21.246984 ], [ 105.35141, 21.242073 ], [ 105.346886, 21.227259 ], [ 105.338249, 21.209684 ], [ 105.343391, 21.208389 ], [ 105.339493, 21.203768 ], [ 105.336441, 21.20199 ], [ 105.329842, 21.203512 ], [ 105.322021, 21.20188 ], [ 105.302917, 21.191723 ], [ 105.302521, 21.18989 ], [ 105.295174, 21.175398 ], [ 105.292213, 21.171787 ], [ 105.286598, 21.166574 ], [ 105.286591, 21.164257 ], [ 105.289459, 21.155275 ], [ 105.297058, 21.144972 ], [ 105.307739, 21.133316 ], [ 105.312927, 21.123743 ], [ 105.319107, 21.113749 ], [ 105.319504, 21.10931 ], [ 105.316978, 21.095953 ], [ 105.314285, 21.090073 ], [ 105.311592, 21.085918 ], [ 105.300644, 21.071289 ], [ 105.293724, 21.056126 ], [ 105.293396, 21.053553 ], [ 105.295212, 21.040092 ], [ 105.296707, 21.03583 ], [ 105.301605, 21.028873 ], [ 105.304054, 21.022202 ], [ 105.305481, 21.020811 ], [ 105.314644, 21.015284 ], [ 105.316727, 21.012362 ], [ 105.321175, 21.015205 ], [ 105.322968, 21.017506 ], [ 105.324036, 21.021704 ], [ 105.327309, 21.019697 ], [ 105.325951, 21.016808 ], [ 105.325928, 21.011845 ], [ 105.326889, 21.009356 ], [ 105.333153, 21.008106 ], [ 105.333794, 21.010551 ], [ 105.338356, 21.01372 ], [ 105.341324, 21.01293 ], [ 105.347183, 21.014093 ], [ 105.350746, 21.008818 ], [ 105.354179, 21.007683 ], [ 105.365654, 21.012852 ], [ 105.373489, 21.013748 ], [ 105.379272, 21.019907 ], [ 105.386642, 21.024408 ], [ 105.38604, 21.017853 ], [ 105.391502, 21.014559 ], [ 105.397087, 21.015083 ], [ 105.400497, 21.013777 ], [ 105.406097, 21.016973 ], [ 105.409698, 21.018091 ], [ 105.412354, 21.014311 ], [ 105.416824, 21.01161 ], [ 105.418938, 21.012903 ], [ 105.42968, 21.015106 ], [ 105.434425, 21.017319 ], [ 105.44223, 21.014555 ], [ 105.445786, 21.015329 ], [ 105.449814, 21.014563 ], [ 105.452156, 21.012671 ], [ 105.456146, 21.012266 ], [ 105.457886, 21.013502 ], [ 105.463181, 21.011496 ], [ 105.466164, 21.009434 ], [ 105.46804, 21.005922 ], [ 105.474297, 21.003067 ], [ 105.476204, 21.000523 ], [ 105.481148, 20.996487 ], [ 105.488739, 20.993 ], [ 105.494156, 20.993443 ], [ 105.498291, 20.989107 ], [ 105.497795, 20.985498 ], [ 105.499413, 20.981459 ], [ 105.502632, 20.978691 ], [ 105.50193, 20.971334 ], [ 105.499565, 20.967724 ], [ 105.492088, 20.964025 ], [ 105.490257, 20.962002 ], [ 105.490791, 20.956615 ], [ 105.486771, 20.952883 ], [ 105.484428, 20.946516 ], [ 105.477577, 20.948408 ], [ 105.469803, 20.948742 ], [ 105.465256, 20.945868 ], [ 105.460892, 20.946854 ], [ 105.460609, 20.94442 ], [ 105.46257, 20.940145 ], [ 105.460281, 20.938755 ], [ 105.457962, 20.933512 ], [ 105.459839, 20.93117 ], [ 105.457794, 20.920691 ], [ 105.453964, 20.914751 ], [ 105.45507, 20.912197 ], [ 105.45092, 20.905725 ], [ 105.449554, 20.900854 ], [ 105.447083, 20.897327 ], [ 105.451492, 20.893591 ], [ 105.454697, 20.892681 ], [ 105.463036, 20.886555 ], [ 105.459702, 20.884613 ], [ 105.461197, 20.881405 ], [ 105.465332, 20.87907 ], [ 105.465324, 20.876534 ], [ 105.469826, 20.867987 ], [ 105.476692, 20.859722 ], [ 105.483604, 20.853952 ], [ 105.486855, 20.854254 ], [ 105.490349, 20.848764 ], [ 105.493393, 20.849453 ], [ 105.499237, 20.843229 ], [ 105.503983, 20.840818 ], [ 105.514015, 20.840393 ], [ 105.514458, 20.833311 ], [ 105.512665, 20.82884 ], [ 105.517189, 20.823334 ], [ 105.525681, 20.819279 ], [ 105.533318, 20.81798 ], [ 105.53997, 20.818781 ], [ 105.542267, 20.816936 ], [ 105.545204, 20.811405 ], [ 105.551033, 20.808777 ], [ 105.552216, 20.806602 ], [ 105.555336, 20.805595 ], [ 105.555992, 20.800756 ], [ 105.554665, 20.795719 ], [ 105.551903, 20.790888 ], [ 105.552544, 20.785542 ], [ 105.561539, 20.777145 ], [ 105.570068, 20.777939 ], [ 105.573753, 20.775339 ], [ 105.571266, 20.773396 ], [ 105.571815, 20.766727 ], [ 105.567505, 20.763794 ], [ 105.569115, 20.761589 ], [ 105.566818, 20.754372 ], [ 105.567268, 20.750141 ], [ 105.573624, 20.74906 ], [ 105.580101, 20.745983 ], [ 105.58548, 20.739475 ], [ 105.585289, 20.737448 ], [ 105.580345, 20.731327 ], [ 105.58223, 20.728441 ], [ 105.588516, 20.721432 ], [ 105.59539, 20.720411 ], [ 105.604553, 20.718367 ], [ 105.610535, 20.721455 ], [ 105.613953, 20.719334 ], [ 105.621353, 20.717783 ], [ 105.622398, 20.724939 ], [ 105.621658, 20.730883 ], [ 105.634224, 20.731701 ], [ 105.633659, 20.729197 ], [ 105.635559, 20.724682 ], [ 105.639191, 20.721397 ], [ 105.645615, 20.711197 ], [ 105.641396, 20.704031 ], [ 105.637993, 20.701019 ], [ 105.636787, 20.694395 ], [ 105.637825, 20.692619 ], [ 105.64666, 20.690605 ], [ 105.648697, 20.690809 ], [ 105.651207, 20.687004 ], [ 105.651375, 20.683758 ], [ 105.656036, 20.674833 ], [ 105.661026, 20.671913 ], [ 105.658195, 20.662634 ], [ 105.663681, 20.660866 ], [ 105.664215, 20.657589 ], [ 105.677185, 20.655388 ], [ 105.680138, 20.65284 ], [ 105.677948, 20.647367 ], [ 105.679398, 20.64296 ], [ 105.681519, 20.640224 ], [ 105.685822, 20.638048 ], [ 105.682831, 20.635244 ], [ 105.684029, 20.633133 ], [ 105.677345, 20.628511 ], [ 105.673218, 20.629122 ], [ 105.671394, 20.63205 ], [ 105.66787, 20.629358 ], [ 105.664963, 20.630312 ], [ 105.662819, 20.628263 ], [ 105.666077, 20.622765 ], [ 105.664658, 20.621466 ], [ 105.665611, 20.617138 ], [ 105.67012, 20.616222 ], [ 105.676018, 20.61618 ], [ 105.681198, 20.617491 ], [ 105.685692, 20.616125 ], [ 105.689911, 20.621445 ], [ 105.694679, 20.620049 ], [ 105.697945, 20.621899 ], [ 105.700493, 20.621487 ], [ 105.703293, 20.615759 ], [ 105.702927, 20.610723 ], [ 105.704536, 20.60907 ], [ 105.7033, 20.602785 ], [ 105.70755, 20.598827 ], [ 105.710258, 20.599199 ], [ 105.71946, 20.596584 ], [ 105.722107, 20.597912 ], [ 105.725731, 20.60364 ], [ 105.727196, 20.604328 ], [ 105.73024, 20.600904 ], [ 105.7351, 20.598846 ], [ 105.740913, 20.59971 ], [ 105.744347, 20.597038 ], [ 105.746269, 20.592957 ], [ 105.75161, 20.589655 ], [ 105.754173, 20.585468 ], [ 105.764084, 20.576008 ], [ 105.766396, 20.571733 ], [ 105.767967, 20.565201 ], [ 105.772804, 20.549772 ], [ 105.782867, 20.539242 ], [ 105.785187, 20.532036 ], [ 105.789413, 20.524092 ], [ 105.791321, 20.521748 ], [ 105.794418, 20.511827 ], [ 105.799484, 20.51325 ], [ 105.802452, 20.508978 ], [ 105.802994, 20.503881 ], [ 105.805962, 20.499205 ], [ 105.809006, 20.501616 ], [ 105.818977, 20.505909 ], [ 105.818398, 20.499912 ], [ 105.819824, 20.493649 ], [ 105.824165, 20.48901 ], [ 105.827263, 20.488356 ], [ 105.83194, 20.485394 ], [ 105.835411, 20.484457 ], [ 105.836899, 20.480869 ], [ 105.841187, 20.48107 ], [ 105.843185, 20.47814 ], [ 105.851395, 20.478014 ], [ 105.850647, 20.466667 ], [ 105.852173, 20.446804 ], [ 105.853683, 20.438768 ], [ 105.853584, 20.432079 ], [ 105.856445, 20.426739 ], [ 105.860153, 20.422937 ], [ 105.86142, 20.419579 ], [ 105.857277, 20.418108 ], [ 105.852997, 20.419062 ], [ 105.84774, 20.422304 ], [ 105.841705, 20.420265 ], [ 105.837921, 20.420488 ], [ 105.835716, 20.416338 ], [ 105.832367, 20.414747 ], [ 105.828667, 20.416805 ], [ 105.821777, 20.418482 ], [ 105.817902, 20.424267 ], [ 105.813889, 20.4251 ], [ 105.806992, 20.429655 ], [ 105.799042, 20.438068 ], [ 105.79303, 20.447664 ], [ 105.791588, 20.454838 ], [ 105.787384, 20.453867 ], [ 105.788078, 20.448072 ], [ 105.781258, 20.436722 ], [ 105.774086, 20.435616 ], [ 105.773079, 20.441534 ], [ 105.771843, 20.442698 ], [ 105.761658, 20.440283 ], [ 105.759529, 20.442028 ], [ 105.754707, 20.442011 ], [ 105.750641, 20.439045 ], [ 105.756416, 20.417236 ], [ 105.7584, 20.413601 ], [ 105.752556, 20.413679 ], [ 105.751442, 20.406622 ], [ 105.75518, 20.400066 ], [ 105.752472, 20.399553 ], [ 105.754227, 20.394503 ], [ 105.753662, 20.389685 ], [ 105.756371, 20.387239 ], [ 105.756508, 20.384117 ], [ 105.758972, 20.377943 ], [ 105.756226, 20.372309 ], [ 105.756111, 20.367336 ], [ 105.745476, 20.366629 ], [ 105.744148, 20.371601 ], [ 105.745193, 20.380213 ], [ 105.744835, 20.382578 ], [ 105.741188, 20.384432 ], [ 105.736916, 20.384228 ], [ 105.729706, 20.386274 ], [ 105.729698, 20.392321 ], [ 105.731522, 20.398521 ], [ 105.724907, 20.402081 ], [ 105.718323, 20.408136 ], [ 105.710365, 20.408829 ], [ 105.705185, 20.412142 ], [ 105.700272, 20.409962 ], [ 105.69677, 20.411959 ], [ 105.691422, 20.411974 ], [ 105.684647, 20.410521 ], [ 105.68412, 20.407188 ], [ 105.687714, 20.402613 ], [ 105.691307, 20.403805 ], [ 105.693817, 20.40275 ], [ 105.696159, 20.397734 ], [ 105.694412, 20.393227 ], [ 105.695953, 20.389359 ], [ 105.694351, 20.385836 ], [ 105.698303, 20.384201 ], [ 105.699493, 20.381104 ], [ 105.703133, 20.378998 ], [ 105.703377, 20.374357 ], [ 105.709229, 20.36701 ], [ 105.711479, 20.365118 ], [ 105.708855, 20.361204 ], [ 105.713234, 20.357393 ], [ 105.714767, 20.353254 ], [ 105.717087, 20.352526 ], [ 105.718224, 20.348572 ], [ 105.72229, 20.344685 ], [ 105.723351, 20.342251 ], [ 105.728851, 20.339216 ], [ 105.727867, 20.335915 ], [ 105.723831, 20.329666 ], [ 105.71785, 20.327154 ], [ 105.708878, 20.324305 ], [ 105.700119, 20.320822 ], [ 105.695183, 20.312405 ], [ 105.691193, 20.310225 ], [ 105.687614, 20.306328 ], [ 105.682976, 20.305494 ], [ 105.676697, 20.306154 ], [ 105.673531, 20.308622 ], [ 105.670448, 20.309246 ], [ 105.665215, 20.314009 ], [ 105.664146, 20.316874 ], [ 105.659584, 20.320908 ], [ 105.651848, 20.325752 ], [ 105.648628, 20.328779 ], [ 105.646324, 20.332518 ], [ 105.64328, 20.334412 ], [ 105.641869, 20.338535 ], [ 105.638351, 20.339399 ], [ 105.633369, 20.34425 ], [ 105.627769, 20.346657 ], [ 105.624207, 20.349031 ], [ 105.621925, 20.347557 ], [ 105.617485, 20.349249 ], [ 105.607109, 20.357712 ], [ 105.604736, 20.361042 ], [ 105.598381, 20.364248 ], [ 105.592102, 20.365257 ], [ 105.581009, 20.369825 ], [ 105.571342, 20.360443 ], [ 105.56308, 20.35833 ], [ 105.555984, 20.358654 ], [ 105.552734, 20.360916 ], [ 105.545006, 20.362534 ], [ 105.54203, 20.362288 ], [ 105.539528, 20.368534 ], [ 105.534386, 20.370007 ], [ 105.532181, 20.371605 ], [ 105.526535, 20.370739 ], [ 105.523705, 20.367538 ], [ 105.523628, 20.363478 ], [ 105.521439, 20.360355 ], [ 105.505241, 20.360289 ], [ 105.50106, 20.361242 ], [ 105.49263, 20.365028 ], [ 105.485718, 20.36895 ], [ 105.47641, 20.375319 ], [ 105.468018, 20.375481 ], [ 105.463692, 20.37612 ], [ 105.45919, 20.375463 ], [ 105.454109, 20.378561 ], [ 105.441551, 20.381664 ], [ 105.433945, 20.385328 ], [ 105.429214, 20.384176 ], [ 105.414207, 20.375578 ], [ 105.405411, 20.372923 ], [ 105.399239, 20.375662 ], [ 105.385017, 20.378811 ], [ 105.379395, 20.38162 ], [ 105.376686, 20.38443 ], [ 105.370903, 20.384474 ], [ 105.368088, 20.385601 ], [ 105.365234, 20.389744 ], [ 105.360329, 20.390244 ], [ 105.35675, 20.391998 ], [ 105.350876, 20.389626 ], [ 105.344635, 20.390968 ], [ 105.341827, 20.396612 ], [ 105.336113, 20.398445 ], [ 105.332069, 20.401154 ], [ 105.328194, 20.402124 ], [ 105.32515, 20.404966 ], [ 105.316216, 20.408127 ], [ 105.315369, 20.409845 ], [ 105.305992, 20.41651 ], [ 105.302208, 20.421318 ], [ 105.299644, 20.416639 ], [ 105.294357, 20.417158 ], [ 105.289474, 20.419544 ], [ 105.281601, 20.42436 ], [ 105.278175, 20.430202 ], [ 105.275757, 20.431713 ], [ 105.273491, 20.429367 ], [ 105.266762, 20.429798 ], [ 105.260895, 20.431944 ], [ 105.257401, 20.434216 ], [ 105.260048, 20.43734 ], [ 105.263329, 20.444733 ], [ 105.263519, 20.44948 ], [ 105.266472, 20.455179 ], [ 105.263428, 20.455076 ], [ 105.261353, 20.456762 ], [ 105.262726, 20.460115 ], [ 105.26059, 20.466063 ], [ 105.251709, 20.470524 ], [ 105.245056, 20.472803 ], [ 105.238739, 20.479498 ], [ 105.24205, 20.483839 ], [ 105.243652, 20.488455 ], [ 105.23967, 20.493301 ], [ 105.234863, 20.494164 ], [ 105.229668, 20.497498 ], [ 105.229187, 20.504499 ], [ 105.222328, 20.505171 ], [ 105.2146, 20.509426 ], [ 105.211433, 20.512352 ], [ 105.211205, 20.514589 ], [ 105.200592, 20.518642 ], [ 105.194847, 20.51753 ], [ 105.187866, 20.518269 ], [ 105.183578, 20.521309 ], [ 105.180473, 20.520468 ], [ 105.179276, 20.515888 ], [ 105.173798, 20.516731 ], [ 105.169441, 20.515205 ], [ 105.165413, 20.521008 ], [ 105.160477, 20.522701 ], [ 105.161583, 20.528542 ], [ 105.160728, 20.534481 ], [ 105.158669, 20.536949 ], [ 105.154495, 20.538939 ], [ 105.151436, 20.543491 ], [ 105.147141, 20.544514 ], [ 105.143585, 20.543289 ], [ 105.137146, 20.546459 ], [ 105.13369, 20.553205 ], [ 105.128021, 20.558289 ], [ 105.122864, 20.558668 ], [ 105.12088, 20.562208 ], [ 105.117981, 20.563066 ], [ 105.11261, 20.562681 ], [ 105.109726, 20.564932 ], [ 105.104454, 20.573187 ], [ 105.097473, 20.570719 ], [ 105.093369, 20.568142 ], [ 105.085754, 20.577328 ], [ 105.078178, 20.578793 ], [ 105.072021, 20.575575 ], [ 105.067352, 20.574289 ], [ 105.062271, 20.574156 ], [ 105.052727, 20.570501 ], [ 105.05201, 20.561132 ], [ 105.043922, 20.557667 ], [ 105.041733, 20.560062 ], [ 105.033669, 20.55872 ], [ 105.029617, 20.560284 ], [ 105.025734, 20.558983 ], [ 105.022522, 20.559299 ], [ 105.019913, 20.562359 ], [ 105.01532, 20.565559 ], [ 105.01281, 20.569319 ], [ 105.003975, 20.574518 ], [ 104.997009, 20.576216 ], [ 104.995178, 20.578178 ], [ 104.991425, 20.5763 ], [ 104.986237, 20.576235 ], [ 104.982124, 20.573748 ], [ 104.979424, 20.576075 ], [ 104.981522, 20.581675 ], [ 104.983704, 20.585136 ], [ 104.983208, 20.589888 ], [ 104.980003, 20.591637 ], [ 104.972771, 20.598053 ], [ 104.969749, 20.604389 ], [ 104.966263, 20.607151 ], [ 104.962364, 20.607904 ], [ 104.960381, 20.613798 ], [ 104.960167, 20.618368 ], [ 104.962273, 20.622366 ], [ 104.959808, 20.6283 ], [ 104.953323, 20.635986 ], [ 104.94915, 20.643053 ], [ 104.944122, 20.645748 ], [ 104.938431, 20.646315 ], [ 104.93203, 20.648685 ], [ 104.926773, 20.65316 ], [ 104.922371, 20.655479 ], [ 104.914963, 20.66173 ], [ 104.902336, 20.668613 ], [ 104.894089, 20.670799 ], [ 104.88913, 20.670576 ], [ 104.882072, 20.667391 ], [ 104.877922, 20.6647 ], [ 104.871605, 20.663446 ], [ 104.866943, 20.661663 ], [ 104.858917, 20.661774 ], [ 104.852234, 20.664143 ], [ 104.848106, 20.655064 ], [ 104.845634, 20.652348 ], [ 104.847427, 20.650328 ] ] ], [ [ [ 105.633224, 20.781246 ], [ 105.631485, 20.782354 ], [ 105.632278, 20.788204 ], [ 105.628143, 20.789728 ], [ 105.625801, 20.786419 ], [ 105.621353, 20.786341 ], [ 105.622231, 20.795555 ], [ 105.621338, 20.797754 ], [ 105.621017, 20.807463 ], [ 105.614555, 20.816166 ], [ 105.614151, 20.819321 ], [ 105.616997, 20.83028 ], [ 105.618881, 20.831713 ], [ 105.625633, 20.832392 ], [ 105.631599, 20.831854 ], [ 105.631348, 20.838276 ], [ 105.635269, 20.839033 ], [ 105.635696, 20.831024 ], [ 105.641212, 20.828278 ], [ 105.639885, 20.824966 ], [ 105.637283, 20.824883 ], [ 105.634674, 20.822229 ], [ 105.628159, 20.820087 ], [ 105.628098, 20.816628 ], [ 105.631302, 20.813763 ], [ 105.629898, 20.81102 ], [ 105.632324, 20.806919 ], [ 105.631744, 20.803205 ], [ 105.633568, 20.802137 ], [ 105.632225, 20.796059 ], [ 105.632942, 20.792871 ], [ 105.636826, 20.792952 ], [ 105.647606, 20.792564 ], [ 105.647675, 20.78426 ], [ 105.642342, 20.782597 ], [ 105.633224, 20.781246 ] ] ], [ [ [ 105.555267, 20.927073 ], [ 105.55986, 20.924623 ], [ 105.562149, 20.926558 ], [ 105.57132, 20.927385 ], [ 105.574577, 20.929251 ], [ 105.580742, 20.928339 ], [ 105.58078, 20.924299 ], [ 105.583824, 20.922029 ], [ 105.578339, 20.916153 ], [ 105.57415, 20.913605 ], [ 105.571892, 20.913874 ], [ 105.566299, 20.910786 ], [ 105.559189, 20.90922 ], [ 105.554306, 20.905151 ], [ 105.555252, 20.89813 ], [ 105.558914, 20.892212 ], [ 105.559227, 20.890255 ], [ 105.556602, 20.887806 ], [ 105.544807, 20.882378 ], [ 105.543114, 20.885361 ], [ 105.537437, 20.889223 ], [ 105.529709, 20.897375 ], [ 105.530182, 20.901398 ], [ 105.528778, 20.90337 ], [ 105.527863, 20.909349 ], [ 105.52652, 20.911366 ], [ 105.524567, 20.918329 ], [ 105.532272, 20.922827 ], [ 105.538002, 20.927347 ], [ 105.545441, 20.922138 ], [ 105.551521, 20.92716 ], [ 105.555267, 20.927073 ] ] ], [ [ [ 105.73455, 21.153757 ], [ 105.742218, 21.14933 ], [ 105.745552, 21.146526 ], [ 105.749634, 21.138899 ], [ 105.746529, 21.137365 ], [ 105.745087, 21.133783 ], [ 105.74131, 21.132753 ], [ 105.739807, 21.129223 ], [ 105.736427, 21.126968 ], [ 105.734734, 21.121784 ], [ 105.731071, 21.12269 ], [ 105.724625, 21.132078 ], [ 105.718689, 21.134594 ], [ 105.720375, 21.141779 ], [ 105.721703, 21.15086 ], [ 105.722969, 21.154104 ], [ 105.726807, 21.155443 ], [ 105.728653, 21.155615 ], [ 105.733185, 21.153028 ], [ 105.73455, 21.153757 ] ] ] ] } },
{ "type": "Feature", "properties": { "area_code_prefix": "22" }, "geometry": { "type": "MultiPolygon", "coordinates": [ [ [ [ 105.571342, 20.360443 ], [ 105.581009, 20.369825 ], [ 105.592102, 20.365257 ], [ 105.598381, 20.364248 ], [ 105.604736, 20.361042 ], [ 105.607109, 20.357712 ], [ 105.617485, 20.349249 ], [ 105.621925, 20.347557 ], [ 105.624207, 20.349031 ], [ 105.627769, 20.346657 ], [ 105.633369, 20.34425 ], [ 105.638351, 20.339399 ], [ 105.641869, 20.338535 ], [ 105.64328, 20.334412 ], [ 105.646324, 20.332518 ], [ 105.648628, 20.328779 ], [ 105.651848, 20.325752 ], [ 105.659584, 20.320908 ], [ 105.664146, 20.316874 ], [ 105.665215, 20.314009 ], [ 105.670448, 20.309246 ], [ 105.673531, 20.308622 ], [ 105.676697, 20.306154 ], [ 105.682976, 20.305494 ], [ 105.687614, 20.306328 ], [ 105.691193, 20.310225 ], [ 105.695183, 20.312405 ], [ 105.700119, 20.320822 ], [ 105.708878, 20.324305 ], [ 105.71785, 20.327154 ], [ 105.723831, 20.329666 ], [ 105.727867, 20.335915 ], [ 105.728851, 20.339216 ], [ 105.723351, 20.342251 ], [ 105.72229, 20.344685 ], [ 105.718224, 20.348572 ], [ 105.717087, 20.352526 ], [ 105.714767, 20.353254 ], [ 105.713234, 20.357393 ], [ 105.708855, 20.361204 ], [ 105.711479, 20.365118 ], [ 105.709229, 20.36701 ], [ 105.703377, 20.374357 ], [ 105.703133, 20.378998 ], [ 105.699493, 20.381104 ], [ 105.698303, 20.384201 ], [ 105.694351, 20.385836 ], [ 105.695953, 20.389359 ], [ 105.694412, 20.393227 ], [ 105.696159, 20.397734 ], [ 105.693817, 20.40275 ], [ 105.691307, 20.403805 ], [ 105.687714, 20.402613 ], [ 105.68412, 20.407188 ], [ 105.684647, 20.410521 ], [ 105.691422, 20.411974 ], [ 105.69677, 20.411959 ], [ 105.700272, 20.409962 ], [ 105.705185, 20.412142 ], [ 105.710365, 20.408829 ], [ 105.718323, 20.408136 ], [ 105.724907, 20.402081 ], [ 105.731522, 20.398521 ], [ 105.729698, 20.392321 ], [ 105.729706, 20.386274 ], [ 105.736916, 20.384228 ], [ 105.741188, 20.384432 ], [ 105.744835, 20.382578 ], [ 105.745193, 20.380213 ], [ 105.744148, 20.371601 ], [ 105.745476, 20.366629 ], [ 105.756111, 20.367336 ], [ 105.756226, 20.372309 ], [ 105.758972, 20.377943 ], [ 105.756508, 20.384117 ], [ 105.756371, 20.387239 ], [ 105.753662, 20.389685 ], [ 105.754227, 20.394503 ], [ 105.752472, 20.399553 ], [ 105.75518, 20.400066 ], [ 105.751442, 20.406622 ], [ 105.752556, 20.413679 ], [ 105.7584, 20.413601 ], [ 105.756416, 20.417236 ], [ 105.750641, 20.439045 ], [ 105.754707, 20.442011 ], [ 105.759529, 20.442028 ], [ 105.761658, 20.440283 ], [ 105.771843, 20.442698 ], [ 105.773079, 20.441534 ], [ 105.774086, 20.435616 ], [ 105.781258, 20.436722 ], [ 105.788078, 20.448072 ], [ 105.787384, 20.453867 ], [ 105.791588, 20.454838 ], [ 105.79303, 20.447664 ], [ 105.799042, 20.438068 ], [ 105.806992, 20.429655 ], [ 105.813889, 20.4251 ], [ 105.817902, 20.424267 ], [ 105.821777, 20.418482 ], [ 105.828667, 20.416805 ], [ 105.832367, 20.414747 ], [ 105.835716, 20.416338 ], [ 105.837921, 20.420488 ], [ 105.841705, 20.420265 ], [ 105.84774, 20.422304 ], [ 105.852997, 20.419062 ], [ 105.857277, 20.418108 ], [ 105.86142, 20.419579 ], [ 105.860153, 20.422937 ], [ 105.856445, 20.426739 ], [ 105.853584, 20.432079 ], [ 105.853683, 20.438768 ], [ 105.852173, 20.446804 ], [ 105.850647, 20.466667 ], [ 105.851395, 20.478014 ], [ 105.843185, 20.47814 ], [ 105.841187, 20.48107 ], [ 105.836899, 20.480869 ], [ 105.835411, 20.484457 ], [ 105.83194, 20.485394 ], [ 105.827263, 20.488356 ], [ 105.824165, 20.48901 ], [ 105.819824, 20.493649 ], [ 105.818398, 20.499912 ], [ 105.818977, 20.505909 ], [ 105.809006, 20.501616 ], [ 105.805962, 20.499205 ], [ 105.802994, 20.503881 ], [ 105.802452, 20.508978 ], [ 105.799484, 20.51325 ], [ 105.794418, 20.511827 ], [ 105.791321, 20.521748 ], [ 105.789413, 20.524092 ], [ 105.785187, 20.532036 ], [ 105.782867, 20.539242 ], [ 105.772804, 20.549772 ], [ 105.767967, 20.565201 ], [ 105.776405, 20.564646 ], [ 105.778549, 20.566275 ], [ 105.781418, 20.564985 ], [ 105.784927, 20.566687 ], [ 105.794182, 20.567614 ], [ 105.798698, 20.58176 ], [ 105.800781, 20.58399 ], [ 105.800018, 20.587997 ], [ 105.800781, 20.593769 ], [ 105.804688, 20.59959 ], [ 105.810898, 20.604572 ], [ 105.807976, 20.605619 ], [ 105.804993, 20.608994 ], [ 105.805389, 20.611509 ], [ 105.8144, 20.618904 ], [ 105.81266, 20.621799 ], [ 105.812813, 20.624624 ], [ 105.811005, 20.627928 ], [ 105.814072, 20.634436 ], [ 105.823418, 20.640802 ], [ 105.829887, 20.643778 ], [ 105.832367, 20.645823 ], [ 105.83297, 20.64949 ], [ 105.825577, 20.65357 ], [ 105.818886, 20.66053 ], [ 105.821686, 20.664692 ], [ 105.827126, 20.663912 ], [ 105.830154, 20.661598 ], [ 105.833885, 20.661467 ], [ 105.839264, 20.659557 ], [ 105.839447, 20.656834 ], [ 105.84243, 20.656096 ], [ 105.850822, 20.649721 ], [ 105.854156, 20.646311 ], [ 105.857208, 20.645041 ], [ 105.866936, 20.64525 ], [ 105.874107, 20.643274 ], [ 105.879196, 20.64336 ], [ 105.885025, 20.645416 ], [ 105.891815, 20.649031 ], [ 105.895332, 20.651974 ], [ 105.895401, 20.669443 ], [ 105.901772, 20.665176 ], [ 105.904663, 20.665216 ], [ 105.90686, 20.668907 ], [ 105.914619, 20.673046 ], [ 105.918823, 20.675997 ], [ 105.931625, 20.680241 ], [ 105.937958, 20.680641 ], [ 105.942413, 20.682074 ], [ 105.944778, 20.679789 ], [ 105.945961, 20.676481 ], [ 105.945877, 20.666582 ], [ 105.942513, 20.663851 ], [ 105.942764, 20.658085 ], [ 105.944214, 20.654964 ], [ 105.948387, 20.65307 ], [ 105.957703, 20.650442 ], [ 105.955956, 20.655308 ], [ 105.956657, 20.65815 ], [ 105.959953, 20.661573 ], [ 105.965141, 20.664431 ], [ 105.976532, 20.665615 ], [ 105.977844, 20.669447 ], [ 105.977676, 20.673708 ], [ 105.984047, 20.68062 ], [ 105.987717, 20.682367 ], [ 105.99382, 20.681137 ], [ 105.991066, 20.67823 ], [ 105.993881, 20.67664 ], [ 105.997009, 20.677958 ], [ 105.993034, 20.683138 ], [ 105.991028, 20.689709 ], [ 105.997322, 20.692444 ], [ 105.994904, 20.697441 ], [ 106.001656, 20.702005 ], [ 106.002159, 20.704496 ], [ 105.993454, 20.70439 ], [ 105.98745, 20.703751 ], [ 105.981819, 20.70034 ], [ 105.975838, 20.699516 ], [ 105.972427, 20.700634 ], [ 105.964638, 20.721333 ], [ 105.963509, 20.726198 ], [ 105.964172, 20.728769 ], [ 105.968857, 20.734426 ], [ 105.967567, 20.740679 ], [ 105.966629, 20.750948 ], [ 105.966934, 20.760794 ], [ 105.967705, 20.76996 ], [ 105.963303, 20.776869 ], [ 105.959564, 20.779295 ], [ 105.953178, 20.781204 ], [ 105.936897, 20.783813 ], [ 105.928505, 20.786736 ], [ 105.922165, 20.792248 ], [ 105.918221, 20.798197 ], [ 105.914413, 20.807446 ], [ 105.910225, 20.820433 ], [ 105.910126, 20.829176 ], [ 105.912025, 20.835238 ], [ 105.916115, 20.842253 ], [ 105.922173, 20.846155 ], [ 105.93087, 20.849985 ], [ 105.932541, 20.851679 ], [ 105.934883, 20.856928 ], [ 105.935471, 20.862465 ], [ 105.934769, 20.866867 ], [ 105.931633, 20.872749 ], [ 105.92775, 20.875612 ], [ 105.923615, 20.876781 ], [ 105.919685, 20.880468 ], [ 105.908905, 20.886852 ], [ 105.897812, 20.891907 ], [ 105.895485, 20.894073 ], [ 105.894691, 20.899073 ], [ 105.898407, 20.905367 ], [ 105.907066, 20.911507 ], [ 105.911713, 20.916935 ], [ 105.91227, 20.920956 ], [ 105.910309, 20.924477 ], [ 105.907722, 20.926468 ], [ 105.914337, 20.937218 ], [ 105.904213, 20.945425 ], [ 105.903702, 20.954134 ], [ 105.906898, 20.961269 ], [ 105.912666, 20.972441 ], [ 105.914986, 20.975639 ], [ 105.924095, 20.975142 ], [ 105.929787, 20.972834 ], [ 105.931267, 20.973938 ], [ 105.937912, 20.96785 ], [ 105.947884, 20.969465 ], [ 105.947845, 20.967655 ], [ 105.954475, 20.96862 ], [ 105.954247, 20.96627 ], [ 105.958557, 20.965988 ], [ 105.96389, 20.96328 ], [ 105.964005, 20.972769 ], [ 105.961639, 20.974085 ], [ 105.961594, 20.982382 ], [ 105.963341, 20.984245 ], [ 105.960808, 20.988033 ], [ 105.961281, 20.98978 ], [ 105.965866, 20.991245 ], [ 105.968269, 20.988716 ], [ 105.97171, 20.989708 ], [ 105.970573, 20.995237 ], [ 105.976784, 20.999073 ], [ 105.981529, 20.996897 ], [ 105.985397, 20.996603 ], [ 105.988922, 20.997963 ], [ 105.990982, 21.001162 ], [ 105.993546, 21.001539 ], [ 105.998642, 20.999399 ], [ 106.000496, 21.000162 ], [ 105.997993, 21.006706 ], [ 106.006744, 21.008371 ], [ 106.003998, 21.014053 ], [ 106.002945, 21.019442 ], [ 106.006241, 21.024664 ], [ 106.006195, 21.028725 ], [ 106.011497, 21.029926 ], [ 106.017914, 21.038216 ], [ 106.019333, 21.041342 ], [ 106.019157, 21.047634 ], [ 106.013527, 21.050846 ], [ 106.013046, 21.055861 ], [ 106.008492, 21.055981 ], [ 106.006248, 21.057842 ], [ 106.00898, 21.062004 ], [ 106.005531, 21.06312 ], [ 106.000229, 21.069952 ], [ 105.998383, 21.074522 ], [ 105.992607, 21.069012 ], [ 105.985634, 21.070189 ], [ 105.976158, 21.070534 ], [ 105.967316, 21.072409 ], [ 105.967766, 21.073629 ], [ 105.963028, 21.0776 ], [ 105.961197, 21.07799 ], [ 105.958893, 21.088804 ], [ 105.957062, 21.091356 ], [ 105.952698, 21.089684 ], [ 105.944969, 21.085184 ], [ 105.939568, 21.083792 ], [ 105.939972, 21.088432 ], [ 105.937363, 21.091295 ], [ 105.934753, 21.097033 ], [ 105.935654, 21.101128 ], [ 105.933197, 21.10413 ], [ 105.933723, 21.10598 ], [ 105.930748, 21.108471 ], [ 105.930046, 21.111353 ], [ 105.920616, 21.116873 ], [ 105.920784, 21.119408 ], [ 105.915092, 21.118912 ], [ 105.913834, 21.12545 ], [ 105.918571, 21.130047 ], [ 105.917244, 21.132177 ], [ 105.92112, 21.13538 ], [ 105.925797, 21.140644 ], [ 105.925293, 21.146683 ], [ 105.922462, 21.147648 ], [ 105.921097, 21.152212 ], [ 105.918945, 21.155233 ], [ 105.920143, 21.159346 ], [ 105.916946, 21.166447 ], [ 105.916626, 21.171734 ], [ 105.92067, 21.173944 ], [ 105.919724, 21.178078 ], [ 105.923019, 21.182858 ], [ 105.914879, 21.187435 ], [ 105.912903, 21.191698 ], [ 105.906441, 21.192427 ], [ 105.906319, 21.196909 ], [ 105.909187, 21.200867 ], [ 105.912674, 21.202623 ], [ 105.909752, 21.207689 ], [ 105.915123, 21.208712 ], [ 105.91494, 21.215212 ], [ 105.913467, 21.219248 ], [ 105.908745, 21.224804 ], [ 105.90567, 21.222475 ], [ 105.903397, 21.224812 ], [ 105.906303, 21.228573 ], [ 105.905937, 21.23221 ], [ 105.912766, 21.232372 ], [ 105.918694, 21.231277 ], [ 105.920578, 21.234859 ], [ 105.926201, 21.238155 ], [ 105.929962, 21.243065 ], [ 105.932915, 21.245287 ], [ 105.937256, 21.243505 ], [ 105.93515, 21.240091 ], [ 105.936066, 21.236944 ], [ 105.940239, 21.23357 ], [ 105.942581, 21.232983 ], [ 105.947784, 21.23489 ], [ 105.951477, 21.23513 ], [ 105.95401, 21.233101 ], [ 105.955544, 21.228748 ], [ 105.957214, 21.227221 ], [ 105.96064, 21.230656 ], [ 105.96405, 21.230427 ], [ 105.967262, 21.225645 ], [ 105.970772, 21.224108 ], [ 105.975876, 21.223267 ], [ 105.977898, 21.224564 ], [ 105.979103, 21.228901 ], [ 105.982086, 21.233124 ], [ 105.98996, 21.236088 ], [ 105.991386, 21.240843 ], [ 105.986893, 21.249374 ], [ 105.986198, 21.254351 ], [ 105.992325, 21.263815 ], [ 105.99556, 21.262854 ], [ 105.997826, 21.259647 ], [ 106.001289, 21.258738 ], [ 106.00898, 21.259607 ], [ 106.020966, 21.255087 ], [ 106.026062, 21.252674 ], [ 106.034515, 21.246496 ], [ 106.035278, 21.243771 ], [ 106.032982, 21.238628 ], [ 106.032776, 21.233709 ], [ 106.03418, 21.230011 ], [ 106.033829, 21.220644 ], [ 106.034096, 21.213917 ], [ 106.035072, 21.210352 ], [ 106.038132, 21.204601 ], [ 106.040466, 21.202126 ], [ 106.044373, 21.201944 ], [ 106.046455, 21.204445 ], [ 106.042137, 21.210123 ], [ 106.042236, 21.215725 ], [ 106.046173, 21.219992 ], [ 106.048805, 21.224607 ], [ 106.054306, 21.227768 ], [ 106.060776, 21.226051 ], [ 106.066483, 21.223581 ], [ 106.073372, 21.21752 ], [ 106.078362, 21.21979 ], [ 106.082298, 21.219687 ], [ 106.086174, 21.215473 ], [ 106.084923, 21.211451 ], [ 106.085373, 21.208332 ], [ 106.092102, 21.204521 ], [ 106.102531, 21.202099 ], [ 106.114281, 21.200687 ], [ 106.119179, 21.198299 ], [ 106.122452, 21.198669 ], [ 106.124092, 21.201172 ], [ 106.12368, 21.209784 ], [ 106.127686, 21.214573 ], [ 106.130547, 21.216333 ], [ 106.13401, 21.216364 ], [ 106.14608, 21.212486 ], [ 106.150864, 21.209522 ], [ 106.153633, 21.206676 ], [ 106.162216, 21.19314 ], [ 106.166283, 21.188166 ], [ 106.170799, 21.180649 ], [ 106.178116, 21.176699 ], [ 106.184814, 21.176392 ], [ 106.187027, 21.180302 ], [ 106.19545, 21.181944 ], [ 106.199013, 21.180923 ], [ 106.205803, 21.17742 ], [ 106.211296, 21.176151 ], [ 106.217384, 21.176474 ], [ 106.220108, 21.175356 ], [ 106.221092, 21.172468 ], [ 106.215683, 21.166645 ], [ 106.213264, 21.161558 ], [ 106.21492, 21.158773 ], [ 106.225082, 21.158701 ], [ 106.227661, 21.159204 ], [ 106.241341, 21.168709 ], [ 106.246048, 21.170715 ], [ 106.251137, 21.171568 ], [ 106.25367, 21.170738 ], [ 106.25737, 21.165319 ], [ 106.254944, 21.159241 ], [ 106.255287, 21.153637 ], [ 106.256935, 21.150694 ], [ 106.261475, 21.148802 ], [ 106.266624, 21.144053 ], [ 106.271584, 21.133102 ], [ 106.273972, 21.131201 ], [ 106.28241, 21.132078 ], [ 106.289238, 21.13022 ], [ 106.294006, 21.127096 ], [ 106.298546, 21.122089 ], [ 106.304588, 21.126989 ], [ 106.308899, 21.128317 ], [ 106.311935, 21.130386 ], [ 106.316643, 21.135611 ], [ 106.3218, 21.147268 ], [ 106.322464, 21.153021 ], [ 106.319382, 21.161289 ], [ 106.316055, 21.166889 ], [ 106.311501, 21.173126 ], [ 106.308937, 21.180056 ], [ 106.308762, 21.185604 ], [ 106.309769, 21.189548 ], [ 106.31282, 21.193085 ], [ 106.324127, 21.192184 ], [ 106.32235, 21.185354 ], [ 106.327637, 21.181501 ], [ 106.330139, 21.181479 ], [ 106.331696, 21.174717 ], [ 106.335693, 21.17259 ], [ 106.340271, 21.172762 ], [ 106.345016, 21.166592 ], [ 106.346809, 21.168266 ], [ 106.34359, 21.172262 ], [ 106.347679, 21.173315 ], [ 106.351616, 21.171598 ], [ 106.355522, 21.173252 ], [ 106.361404, 21.171877 ], [ 106.36441, 21.174513 ], [ 106.363716, 21.179314 ], [ 106.366676, 21.181387 ], [ 106.373016, 21.189972 ], [ 106.373398, 21.195551 ], [ 106.376724, 21.196741 ], [ 106.381706, 21.196026 ], [ 106.384865, 21.196674 ], [ 106.390968, 21.200258 ], [ 106.392624, 21.203148 ], [ 106.398003, 21.202822 ], [ 106.40049, 21.204676 ], [ 106.406639, 21.206217 ], [ 106.410393, 21.208395 ], [ 106.41214, 21.207987 ], [ 106.416939, 21.223475 ], [ 106.421829, 21.223734 ], [ 106.423485, 21.230875 ], [ 106.430489, 21.231453 ], [ 106.435143, 21.22851 ], [ 106.44281, 21.229286 ], [ 106.445778, 21.231491 ], [ 106.451874, 21.230839 ], [ 106.45488, 21.232967 ], [ 106.457527, 21.229704 ], [ 106.461746, 21.227364 ], [ 106.466087, 21.226444 ], [ 106.473892, 21.230385 ], [ 106.479378, 21.228706 ], [ 106.485474, 21.22888 ], [ 106.489227, 21.231543 ], [ 106.491753, 21.228149 ], [ 106.498497, 21.227135 ], [ 106.501144, 21.224541 ], [ 106.499168, 21.218161 ], [ 106.499313, 21.214239 ], [ 106.497513, 21.211203 ], [ 106.499901, 21.203268 ], [ 106.499405, 21.200989 ], [ 106.494591, 21.199965 ], [ 106.493622, 21.198656 ], [ 106.494843, 21.192392 ], [ 106.495117, 21.184673 ], [ 106.488724, 21.180883 ], [ 106.488777, 21.177904 ], [ 106.48584, 21.173439 ], [ 106.488075, 21.171038 ], [ 106.489281, 21.166616 ], [ 106.482704, 21.160185 ], [ 106.480896, 21.154757 ], [ 106.478806, 21.145678 ], [ 106.482819, 21.144815 ], [ 106.483406, 21.138483 ], [ 106.481354, 21.134874 ], [ 106.483498, 21.131632 ], [ 106.482887, 21.128487 ], [ 106.480423, 21.128508 ], [ 106.474937, 21.124157 ], [ 106.469955, 21.118053 ], [ 106.464996, 21.117863 ], [ 106.463936, 21.116508 ], [ 106.458519, 21.11586 ], [ 106.455559, 21.117661 ], [ 106.445045, 21.118481 ], [ 106.440018, 21.114662 ], [ 106.441574, 21.111135 ], [ 106.438461, 21.107807 ], [ 106.43895, 21.106037 ], [ 106.443192, 21.100521 ], [ 106.4496, 21.096418 ], [ 106.448967, 21.092669 ], [ 106.444229, 21.088219 ], [ 106.443443, 21.084175 ], [ 106.439995, 21.080357 ], [ 106.440285, 21.078215 ], [ 106.445602, 21.075109 ], [ 106.447159, 21.069721 ], [ 106.453438, 21.06992 ], [ 106.454041, 21.065775 ], [ 106.457794, 21.065096 ], [ 106.466331, 21.066776 ], [ 106.474907, 21.069521 ], [ 106.486343, 21.06819 ], [ 106.495537, 21.062323 ], [ 106.499443, 21.057465 ], [ 106.502815, 21.056953 ], [ 106.507591, 21.059269 ], [ 106.511597, 21.058319 ], [ 106.515083, 21.060511 ], [ 106.516205, 21.05196 ], [ 106.514397, 21.048901 ], [ 106.515663, 21.046503 ], [ 106.523102, 21.049929 ], [ 106.531319, 21.04777 ], [ 106.536858, 21.052271 ], [ 106.543999, 21.054668 ], [ 106.552727, 21.05298 ], [ 106.559082, 21.05633 ], [ 106.562981, 21.055574 ], [ 106.565514, 21.053591 ], [ 106.568298, 21.05349 ], [ 106.572586, 21.057077 ], [ 106.575356, 21.057446 ], [ 106.580406, 21.05324 ], [ 106.591972, 21.044577 ], [ 106.595207, 21.041191 ], [ 106.601776, 21.037664 ], [ 106.607132, 21.031237 ], [ 106.607635, 21.025959 ], [ 106.610718, 21.021355 ], [ 106.614395, 21.02058 ], [ 106.617973, 21.017721 ], [ 106.621368, 21.013632 ], [ 106.625458, 21.011864 ], [ 106.633072, 21.011826 ], [ 106.637917, 21.012941 ], [ 106.643921, 21.018396 ], [ 106.646919, 21.0196 ], [ 106.651489, 21.019539 ], [ 106.657257, 21.017668 ], [ 106.674568, 21.010912 ], [ 106.686462, 21.00526 ], [ 106.700325, 21.001867 ], [ 106.706039, 20.999746 ], [ 106.713058, 20.998924 ], [ 106.715561, 20.997166 ], [ 106.721107, 20.995556 ], [ 106.72934, 20.994459 ], [ 106.732986, 20.996214 ], [ 106.74044, 20.996111 ], [ 106.745003, 20.995001 ], [ 106.753334, 20.990833 ], [ 106.758057, 20.98583 ], [ 106.760826, 20.98111 ], [ 106.764999, 20.968889 ], [ 106.764168, 20.965281 ], [ 106.765556, 20.960278 ], [ 106.764442, 20.95278 ], [ 106.765266, 20.950001 ], [ 106.763885, 20.946945 ], [ 106.764038, 20.943092 ], [ 106.765831, 20.939444 ], [ 106.764717, 20.9314 ], [ 106.763611, 20.927778 ], [ 106.764725, 20.916109 ], [ 106.763611, 20.908611 ], [ 106.761391, 20.903061 ], [ 106.7575, 20.896667 ], [ 106.755547, 20.89472 ], [ 106.750069, 20.885 ], [ 106.750137, 20.879869 ], [ 106.745277, 20.878613 ], [ 106.74028, 20.875555 ], [ 106.736946, 20.878056 ], [ 106.736389, 20.883057 ], [ 106.734444, 20.885555 ], [ 106.729721, 20.886391 ], [ 106.723167, 20.880001 ], [ 106.719666, 20.880871 ], [ 106.718323, 20.884178 ], [ 106.714897, 20.887484 ], [ 106.710556, 20.886944 ], [ 106.70533, 20.882961 ], [ 106.701744, 20.875584 ], [ 106.707184, 20.877024 ], [ 106.711937, 20.874998 ], [ 106.718613, 20.869722 ], [ 106.722221, 20.865555 ], [ 106.72361, 20.865555 ], [ 106.73111, 20.858891 ], [ 106.742226, 20.854725 ], [ 106.750275, 20.850555 ], [ 106.759552, 20.848013 ], [ 106.764999, 20.845833 ], [ 106.777496, 20.833611 ], [ 106.785004, 20.828335 ], [ 106.789169, 20.826113 ], [ 106.794998, 20.826391 ], [ 106.798317, 20.82333 ], [ 106.801941, 20.82472 ], [ 106.807632, 20.82472 ], [ 106.807655, 20.821365 ], [ 106.809723, 20.818331 ], [ 106.805557, 20.813053 ], [ 106.798058, 20.808889 ], [ 106.796112, 20.809723 ], [ 106.79361, 20.806671 ], [ 106.78334, 20.80722 ], [ 106.779999, 20.809999 ], [ 106.775833, 20.815281 ], [ 106.766937, 20.819441 ], [ 106.762497, 20.824171 ], [ 106.757599, 20.82143 ], [ 106.761391, 20.811666 ], [ 106.766937, 20.805561 ], [ 106.769997, 20.799723 ], [ 106.768608, 20.794998 ], [ 106.766457, 20.79368 ], [ 106.766388, 20.790001 ], [ 106.761391, 20.786114 ], [ 106.761108, 20.783892 ], [ 106.7575, 20.778994 ], [ 106.752716, 20.77589 ], [ 106.752792, 20.773998 ], [ 106.756401, 20.772779 ], [ 106.760002, 20.768902 ], [ 106.761665, 20.76972 ], [ 106.766388, 20.76333 ], [ 106.771667, 20.76111 ], [ 106.776657, 20.754721 ], [ 106.777496, 20.75083 ], [ 106.782776, 20.743059 ], [ 106.784721, 20.737223 ], [ 106.787216, 20.73222 ], [ 106.789169, 20.72611 ], [ 106.794167, 20.722778 ], [ 106.796669, 20.723333 ], [ 106.802223, 20.720278 ], [ 106.798607, 20.717503 ], [ 106.801392, 20.712776 ], [ 106.797775, 20.713055 ], [ 106.792778, 20.705833 ], [ 106.791115, 20.701666 ], [ 106.798615, 20.695278 ], [ 106.798889, 20.693331 ], [ 106.79528, 20.688608 ], [ 106.796112, 20.684721 ], [ 106.800552, 20.683331 ], [ 106.806389, 20.679724 ], [ 106.809723, 20.675831 ], [ 106.804733, 20.672781 ], [ 106.80114, 20.675863 ], [ 106.803886, 20.677778 ], [ 106.799446, 20.681946 ], [ 106.797424, 20.680834 ], [ 106.793053, 20.68417 ], [ 106.790833, 20.688334 ], [ 106.793053, 20.690552 ], [ 106.790283, 20.69417 ], [ 106.786392, 20.694445 ], [ 106.784157, 20.69611 ], [ 106.784447, 20.700556 ], [ 106.779999, 20.70306 ], [ 106.777222, 20.701666 ], [ 106.773277, 20.704504 ], [ 106.773491, 20.707809 ], [ 106.770546, 20.7075 ], [ 106.767502, 20.710554 ], [ 106.764168, 20.71139 ], [ 106.757774, 20.708336 ], [ 106.75528, 20.705553 ], [ 106.750557, 20.70417 ], [ 106.748337, 20.701391 ], [ 106.745712, 20.70118 ], [ 106.739998, 20.695833 ], [ 106.737503, 20.695833 ], [ 106.729164, 20.686945 ], [ 106.724167, 20.68417 ], [ 106.717216, 20.68194 ], [ 106.713608, 20.683331 ], [ 106.706947, 20.683611 ], [ 106.70195, 20.685055 ], [ 106.697998, 20.68247 ], [ 106.704521, 20.672098 ], [ 106.70417, 20.66917 ], [ 106.699448, 20.66083 ], [ 106.696663, 20.656944 ], [ 106.687767, 20.64806 ], [ 106.690277, 20.647499 ], [ 106.696663, 20.654722 ], [ 106.697502, 20.6525 ], [ 106.694725, 20.650002 ], [ 106.696121, 20.646667 ], [ 106.691666, 20.645 ], [ 106.688606, 20.6425 ], [ 106.685547, 20.64167 ], [ 106.684448, 20.638891 ], [ 106.675827, 20.631941 ], [ 106.67028, 20.628059 ], [ 106.666656, 20.627501 ], [ 106.663887, 20.623892 ], [ 106.658058, 20.620001 ], [ 106.655556, 20.616945 ], [ 106.650818, 20.61944 ], [ 106.64444, 20.62414 ], [ 106.643318, 20.62208 ], [ 106.64521, 20.61965 ], [ 106.644173, 20.61861 ], [ 106.648613, 20.61278 ], [ 106.648056, 20.60778 ], [ 106.640266, 20.602221 ], [ 106.635834, 20.600834 ], [ 106.631668, 20.595282 ], [ 106.62722, 20.595282 ], [ 106.625343, 20.590736 ], [ 106.621292, 20.586891 ], [ 106.617226, 20.586945 ], [ 106.610558, 20.583334 ], [ 106.609726, 20.578611 ], [ 106.605003, 20.57139 ], [ 106.598892, 20.566111 ], [ 106.596664, 20.566387 ], [ 106.594719, 20.56056 ], [ 106.590553, 20.556391 ], [ 106.589447, 20.55361 ], [ 106.586113, 20.553333 ], [ 106.580826, 20.558613 ], [ 106.580002, 20.557503 ], [ 106.585556, 20.55139 ], [ 106.585281, 20.550001 ], [ 106.590279, 20.54056 ], [ 106.588608, 20.538055 ], [ 106.584732, 20.53639 ], [ 106.58667, 20.533333 ], [ 106.584999, 20.528608 ], [ 106.581673, 20.523331 ], [ 106.580818, 20.516541 ], [ 106.582497, 20.512222 ], [ 106.588608, 20.50639 ], [ 106.59333, 20.503613 ], [ 106.599442, 20.496111 ], [ 106.602501, 20.49556 ], [ 106.603889, 20.4925 ], [ 106.606392, 20.478056 ], [ 106.604446, 20.473051 ], [ 106.605835, 20.47139 ], [ 106.604446, 20.46777 ], [ 106.599983, 20.471941 ], [ 106.597504, 20.467777 ], [ 106.593056, 20.468611 ], [ 106.595276, 20.458061 ], [ 106.589157, 20.460831 ], [ 106.588058, 20.459999 ], [ 106.593056, 20.455 ], [ 106.59771, 20.44632 ], [ 106.599167, 20.439444 ], [ 106.596672, 20.435001 ], [ 106.599442, 20.42972 ], [ 106.595558, 20.423889 ], [ 106.591667, 20.416111 ], [ 106.592499, 20.415001 ], [ 106.590012, 20.410271 ], [ 106.590828, 20.40806 ], [ 106.586937, 20.40111 ], [ 106.583893, 20.39249 ], [ 106.583885, 20.388889 ], [ 106.580002, 20.373056 ], [ 106.576668, 20.36722 ], [ 106.572502, 20.366388 ], [ 106.570267, 20.368608 ], [ 106.571945, 20.371113 ], [ 106.569443, 20.374451 ], [ 106.570267, 20.37833 ], [ 106.563332, 20.38389 ], [ 106.562767, 20.381941 ], [ 106.56778, 20.378611 ], [ 106.56778, 20.37361 ], [ 106.57, 20.36611 ], [ 106.57222, 20.36306 ], [ 106.578056, 20.36417 ], [ 106.580002, 20.35972 ], [ 106.57972, 20.352221 ], [ 106.580276, 20.34639 ], [ 106.583336, 20.346945 ], [ 106.585556, 20.345001 ], [ 106.588333, 20.3375 ], [ 106.588333, 20.335001 ], [ 106.591393, 20.33139 ], [ 106.593887, 20.323891 ], [ 106.598892, 20.31889 ], [ 106.594719, 20.307222 ], [ 106.591942, 20.30221 ], [ 106.59111, 20.297781 ], [ 106.588058, 20.291666 ], [ 106.584442, 20.288055 ], [ 106.581108, 20.283333 ], [ 106.575279, 20.278332 ], [ 106.569168, 20.277222 ], [ 106.560745, 20.285269 ], [ 106.559319, 20.284267 ], [ 106.55899, 20.282579 ], [ 106.564316, 20.27541 ], [ 106.564171, 20.274393 ], [ 106.557961, 20.27055 ], [ 106.552322, 20.268261 ], [ 106.549316, 20.266102 ], [ 106.545555, 20.259445 ], [ 106.546112, 20.258051 ], [ 106.544441, 20.252501 ], [ 106.547226, 20.247498 ], [ 106.546387, 20.241388 ], [ 106.543892, 20.234718 ], [ 106.540276, 20.229723 ], [ 106.534447, 20.225281 ], [ 106.530281, 20.223333 ], [ 106.52639, 20.224724 ], [ 106.522499, 20.221392 ], [ 106.520554, 20.226389 ], [ 106.523613, 20.229445 ], [ 106.521667, 20.231112 ], [ 106.518059, 20.228054 ], [ 106.516388, 20.228611 ], [ 106.50972, 20.224722 ], [ 106.50222, 20.221945 ], [ 106.500259, 20.21917 ], [ 106.486389, 20.218891 ], [ 106.483612, 20.219723 ], [ 106.480553, 20.21722 ], [ 106.47583, 20.217222 ], [ 106.468613, 20.21611 ], [ 106.463058, 20.21611 ], [ 106.453888, 20.214722 ], [ 106.450279, 20.213333 ], [ 106.445518, 20.213575 ], [ 106.433052, 20.210003 ], [ 106.428337, 20.20639 ], [ 106.421944, 20.205555 ], [ 106.415833, 20.206112 ], [ 106.408531, 20.204041 ], [ 106.399445, 20.199167 ], [ 106.39167, 20.195555 ], [ 106.375832, 20.18667 ], [ 106.36499, 20.182219 ], [ 106.359177, 20.181391 ], [ 106.355003, 20.178333 ], [ 106.357941, 20.17482 ], [ 106.347778, 20.163055 ], [ 106.342216, 20.157501 ], [ 106.341667, 20.155556 ], [ 106.330826, 20.145281 ], [ 106.326668, 20.142771 ], [ 106.324165, 20.142778 ], [ 106.323334, 20.137775 ], [ 106.313889, 20.128334 ], [ 106.310837, 20.122499 ], [ 106.297783, 20.110559 ], [ 106.292221, 20.106388 ], [ 106.283333, 20.09528 ], [ 106.282219, 20.09222 ], [ 106.279442, 20.08889 ], [ 106.26667, 20.077223 ], [ 106.259163, 20.06889 ], [ 106.257774, 20.066668 ], [ 106.242775, 20.05139 ], [ 106.234726, 20.041945 ], [ 106.229721, 20.036945 ], [ 106.218887, 20.023611 ], [ 106.208885, 20.013334 ], [ 106.198334, 19.999443 ], [ 106.195, 20.000834 ], [ 106.196991, 20.005703 ], [ 106.194557, 20.005657 ], [ 106.190552, 20.00111 ], [ 106.188614, 19.994722 ], [ 106.183052, 19.98778 ], [ 106.181343, 19.983326 ], [ 106.179634, 19.975716 ], [ 106.177933, 19.973351 ], [ 106.175163, 19.972811 ], [ 106.17337, 19.970501 ], [ 106.165688, 19.965454 ], [ 106.163696, 19.963289 ], [ 106.158714, 19.96126 ], [ 106.151596, 19.962749 ], [ 106.144203, 19.962749 ], [ 106.137939, 19.958139 ], [ 106.131958, 19.95192 ], [ 106.131813, 19.949211 ], [ 106.129387, 19.947041 ], [ 106.129539, 19.944069 ], [ 106.126976, 19.941221 ], [ 106.129112, 19.938787 ], [ 106.131386, 19.940411 ], [ 106.135941, 19.940828 ], [ 106.139206, 19.930799 ], [ 106.144058, 19.933372 ], [ 106.145477, 19.937433 ], [ 106.147758, 19.937569 ], [ 106.149323, 19.93486 ], [ 106.147888, 19.929583 ], [ 106.143341, 19.92511 ], [ 106.143204, 19.92173 ], [ 106.141212, 19.920105 ], [ 106.133667, 19.92227 ], [ 106.131386, 19.92498 ], [ 106.127831, 19.922541 ], [ 106.12114, 19.92214 ], [ 106.119293, 19.919834 ], [ 106.119148, 19.91361 ], [ 106.112503, 19.91111 ], [ 106.109726, 19.9125 ], [ 106.105003, 19.909447 ], [ 106.101669, 19.91139 ], [ 106.094482, 19.912342 ], [ 106.087898, 19.912889 ], [ 106.080826, 19.91667 ], [ 106.078056, 19.91361 ], [ 106.073608, 19.913328 ], [ 106.071945, 19.915001 ], [ 106.068886, 19.914167 ], [ 106.060013, 19.920483 ], [ 106.058807, 19.923731 ], [ 106.055031, 19.927589 ], [ 106.047493, 19.932461 ], [ 106.041664, 19.940277 ], [ 106.043335, 19.942499 ], [ 106.040833, 19.945555 ], [ 106.044724, 19.948055 ], [ 106.040833, 19.953333 ], [ 106.038612, 19.95278 ], [ 106.033058, 19.95722 ], [ 106.03083, 19.960833 ], [ 106.025154, 19.959442 ], [ 106.023804, 19.972853 ], [ 106.023338, 19.985073 ], [ 106.025208, 19.990746 ], [ 106.029091, 19.996572 ], [ 106.033447, 20.000151 ], [ 106.038261, 20.001394 ], [ 106.044235, 20.001272 ], [ 106.050827, 20.003841 ], [ 106.052979, 20.006227 ], [ 106.060951, 20.019381 ], [ 106.065468, 20.033663 ], [ 106.065445, 20.037247 ], [ 106.070305, 20.048306 ], [ 106.072334, 20.05097 ], [ 106.074554, 20.059938 ], [ 106.074516, 20.063244 ], [ 106.071136, 20.066923 ], [ 106.051163, 20.063944 ], [ 106.038582, 20.061808 ], [ 106.03479, 20.059952 ], [ 106.031448, 20.060949 ], [ 106.028595, 20.059797 ], [ 106.02272, 20.059246 ], [ 106.016563, 20.060404 ], [ 106.013748, 20.0637 ], [ 106.007439, 20.066565 ], [ 105.999565, 20.066824 ], [ 105.99614, 20.068378 ], [ 105.993614, 20.066896 ], [ 105.990921, 20.06876 ], [ 105.982025, 20.068178 ], [ 105.977776, 20.066193 ], [ 105.974983, 20.067616 ], [ 105.970741, 20.066011 ], [ 105.96035, 20.065935 ], [ 105.958168, 20.067093 ], [ 105.950806, 20.074526 ], [ 105.946198, 20.074551 ], [ 105.941895, 20.080162 ], [ 105.940239, 20.084089 ], [ 105.935966, 20.085741 ], [ 105.929382, 20.090397 ], [ 105.923508, 20.102304 ], [ 105.916321, 20.105764 ], [ 105.909935, 20.105244 ], [ 105.906914, 20.106567 ], [ 105.904907, 20.10939 ], [ 105.898865, 20.113392 ], [ 105.895111, 20.117481 ], [ 105.891342, 20.119612 ], [ 105.882408, 20.120211 ], [ 105.87896, 20.122187 ], [ 105.873161, 20.122215 ], [ 105.868439, 20.124601 ], [ 105.854515, 20.13678 ], [ 105.851646, 20.138704 ], [ 105.844421, 20.140347 ], [ 105.84124, 20.142523 ], [ 105.834808, 20.143156 ], [ 105.832123, 20.1492 ], [ 105.829956, 20.151524 ], [ 105.821762, 20.153069 ], [ 105.816559, 20.154951 ], [ 105.81115, 20.158594 ], [ 105.808228, 20.158911 ], [ 105.805153, 20.161638 ], [ 105.799736, 20.163723 ], [ 105.79705, 20.166998 ], [ 105.792633, 20.170214 ], [ 105.783325, 20.171534 ], [ 105.781334, 20.172968 ], [ 105.777, 20.172163 ], [ 105.771965, 20.176964 ], [ 105.770531, 20.176279 ], [ 105.765617, 20.177816 ], [ 105.758148, 20.178608 ], [ 105.74025, 20.185476 ], [ 105.740631, 20.190123 ], [ 105.737167, 20.194386 ], [ 105.732635, 20.194807 ], [ 105.72982, 20.199606 ], [ 105.72583, 20.201075 ], [ 105.713058, 20.208864 ], [ 105.708771, 20.212585 ], [ 105.703262, 20.215433 ], [ 105.699638, 20.218918 ], [ 105.692818, 20.221575 ], [ 105.695442, 20.225286 ], [ 105.693512, 20.23086 ], [ 105.688828, 20.231995 ], [ 105.686539, 20.234077 ], [ 105.68261, 20.235107 ], [ 105.678207, 20.241997 ], [ 105.678215, 20.246822 ], [ 105.674263, 20.248365 ], [ 105.670357, 20.24785 ], [ 105.668327, 20.250854 ], [ 105.669907, 20.253559 ], [ 105.667381, 20.25666 ], [ 105.650505, 20.271803 ], [ 105.648155, 20.274551 ], [ 105.64064, 20.277887 ], [ 105.634682, 20.277624 ], [ 105.628311, 20.279099 ], [ 105.62384, 20.281937 ], [ 105.620514, 20.281963 ], [ 105.612671, 20.288649 ], [ 105.610062, 20.291681 ], [ 105.61055, 20.296692 ], [ 105.60289, 20.308105 ], [ 105.598457, 20.3123 ], [ 105.592865, 20.314161 ], [ 105.586739, 20.312052 ], [ 105.578468, 20.312063 ], [ 105.571182, 20.317402 ], [ 105.568657, 20.317616 ], [ 105.565086, 20.315807 ], [ 105.562172, 20.319084 ], [ 105.564133, 20.324898 ], [ 105.562012, 20.327036 ], [ 105.556519, 20.329494 ], [ 105.552559, 20.328711 ], [ 105.548019, 20.335062 ], [ 105.54937, 20.34708 ], [ 105.543839, 20.353376 ], [ 105.54203, 20.362288 ], [ 105.545006, 20.362534 ], [ 105.552734, 20.360916 ], [ 105.555984, 20.358654 ], [ 105.56308, 20.35833 ], [ 105.571342, 20.360443 ] ] ], [ [ [ 106.493332, 20.19278 ], [ 106.495003, 20.191669 ], [ 106.501945, 20.192223 ], [ 106.503609, 20.189444 ], [ 106.497498, 20.189444 ], [ 106.493332, 20.19278 ] ] ], [ [ [ 106.546387, 20.213333 ], [ 106.549721, 20.21167 ], [ 106.547501, 20.208891 ], [ 106.544724, 20.209167 ], [ 106.546387, 20.213333 ] ] ], [ [ [ 106.580826, 20.246111 ], [ 106.584061, 20.242823 ], [ 106.586945, 20.236944 ], [ 106.586113, 20.233612 ], [ 106.587219, 20.23111 ], [ 106.584999, 20.223612 ], [ 106.582779, 20.219721 ], [ 106.572502, 20.210003 ], [ 106.569168, 20.209723 ], [ 106.565277, 20.207218 ], [ 106.5625, 20.207781 ], [ 106.559166, 20.20639 ], [ 106.558327, 20.208891 ], [ 106.555, 20.21139 ], [ 106.555275, 20.215279 ], [ 106.550835, 20.212778 ], [ 106.550278, 20.215561 ], [ 106.545563, 20.21611 ], [ 106.547226, 20.222778 ], [ 106.545563, 20.22583 ], [ 106.54583, 20.229445 ], [ 106.544441, 20.230833 ], [ 106.546387, 20.234718 ], [ 106.548615, 20.245558 ], [ 106.546112, 20.251944 ], [ 106.546112, 20.255995 ], [ 106.548889, 20.263613 ], [ 106.551132, 20.26667 ], [ 106.553337, 20.26722 ], [ 106.563599, 20.27194 ], [ 106.565552, 20.27417 ], [ 106.569733, 20.271391 ], [ 106.580833, 20.259169 ], [ 106.578056, 20.255001 ], [ 106.573608, 20.256111 ], [ 106.571663, 20.253889 ], [ 106.574448, 20.24889 ], [ 106.580826, 20.246111 ] ] ], [ [ [ 106.598892, 20.285276 ], [ 106.59861, 20.281391 ], [ 106.603889, 20.285276 ], [ 106.603333, 20.287779 ], [ 106.599709, 20.290291 ], [ 106.601669, 20.293333 ], [ 106.608055, 20.291945 ], [ 106.609436, 20.28944 ], [ 106.606392, 20.287498 ], [ 106.60611, 20.283331 ], [ 106.604156, 20.280001 ], [ 106.605827, 20.274719 ], [ 106.599998, 20.26029 ], [ 106.596962, 20.25528 ], [ 106.593613, 20.251671 ], [ 106.589996, 20.251944 ], [ 106.586388, 20.257776 ], [ 106.584442, 20.262218 ], [ 106.577774, 20.272497 ], [ 106.579437, 20.278332 ], [ 106.584442, 20.28639 ], [ 106.589447, 20.291389 ], [ 106.592499, 20.295555 ], [ 106.59333, 20.30221 ], [ 106.597496, 20.31111 ], [ 106.598053, 20.315001 ], [ 106.600563, 20.31389 ], [ 106.598892, 20.31028 ], [ 106.601936, 20.30806 ], [ 106.599167, 20.30389 ], [ 106.600281, 20.300001 ], [ 106.598892, 20.298334 ], [ 106.59861, 20.294167 ], [ 106.596664, 20.291945 ], [ 106.596962, 20.288328 ], [ 106.598892, 20.285276 ] ] ], [ [ [ 106.608612, 20.427219 ], [ 106.60611, 20.424723 ], [ 106.599167, 20.417223 ], [ 106.596962, 20.422791 ], [ 106.601112, 20.426666 ], [ 106.605003, 20.431665 ], [ 106.608612, 20.427219 ] ] ], [ [ [ 106.604721, 20.440836 ], [ 106.60611, 20.445 ], [ 106.609169, 20.441668 ], [ 106.609169, 20.434732 ], [ 106.606857, 20.4363 ], [ 106.603058, 20.436392 ], [ 106.60083, 20.438334 ], [ 106.604721, 20.440836 ] ] ], [ [ [ 106.658714, 20.616779 ], [ 106.664719, 20.618891 ], [ 106.665474, 20.616331 ], [ 106.664444, 20.614445 ], [ 106.658714, 20.616779 ] ] ], [ [ [ 106.702766, 20.665003 ], [ 106.705559, 20.665279 ], [ 106.705276, 20.661671 ], [ 106.703888, 20.660278 ], [ 106.701668, 20.653889 ], [ 106.697502, 20.65583 ], [ 106.701393, 20.66083 ], [ 106.702766, 20.665003 ] ] ], [ [ [ 107.040977, 20.702372 ], [ 107.037918, 20.70875 ], [ 107.042923, 20.70764 ], [ 107.040977, 20.702372 ] ] ], [ [ [ 107.022087, 20.716249 ], [ 107.022919, 20.71236 ], [ 107.027084, 20.710972 ], [ 107.022087, 20.708191 ], [ 107.018196, 20.709583 ], [ 107.017899, 20.713751 ], [ 107.015419, 20.716249 ], [ 107.022087, 20.716249 ] ] ], [ [ [ 107.027359, 20.72014 ], [ 107.030418, 20.720972 ], [ 107.032082, 20.71903 ], [ 107.029297, 20.71736 ], [ 107.027359, 20.72014 ] ] ], [ [ [ 107.01535, 20.71792 ], [ 107.010696, 20.718752 ], [ 107.010971, 20.723473 ], [ 107.014313, 20.721531 ], [ 107.01535, 20.71792 ] ] ], [ [ [ 107.064583, 20.756248 ], [ 107.064308, 20.754028 ], [ 107.056252, 20.756805 ], [ 107.058197, 20.759306 ], [ 107.064583, 20.756248 ] ] ], [ [ [ 106.837105, 20.768499 ], [ 106.834999, 20.770142 ], [ 106.837517, 20.772787 ], [ 106.840019, 20.772844 ], [ 106.840096, 20.768276 ], [ 106.837105, 20.768499 ] ] ], [ [ [ 106.907501, 20.786667 ], [ 106.905281, 20.79167 ], [ 106.908333, 20.795561 ], [ 106.915001, 20.782778 ], [ 106.917221, 20.778891 ], [ 106.919441, 20.771112 ], [ 106.913063, 20.778891 ], [ 106.911392, 20.785002 ], [ 106.907501, 20.786667 ] ] ], [ [ [ 107.020142, 20.731527 ], [ 107.024033, 20.729858 ], [ 107.02375, 20.73514 ], [ 107.027084, 20.735971 ], [ 107.029861, 20.73403 ], [ 107.035973, 20.73542 ], [ 107.027557, 20.740137 ], [ 107.023483, 20.740141 ], [ 107.019508, 20.737917 ], [ 107.013191, 20.73764 ], [ 107.012085, 20.740973 ], [ 107.006813, 20.74625 ], [ 107.005692, 20.748751 ], [ 107.000893, 20.750416 ], [ 106.997414, 20.74869 ], [ 106.997299, 20.745186 ], [ 106.999207, 20.741041 ], [ 106.993858, 20.739639 ], [ 106.995293, 20.742878 ], [ 106.992508, 20.745035 ], [ 106.993027, 20.738716 ], [ 106.983887, 20.743328 ], [ 106.978844, 20.750551 ], [ 106.972778, 20.751665 ], [ 106.968056, 20.756666 ], [ 106.96965, 20.75956 ], [ 106.973053, 20.758331 ], [ 106.974998, 20.763611 ], [ 106.971664, 20.7675 ], [ 106.969749, 20.767962 ], [ 106.968613, 20.772779 ], [ 106.966942, 20.775278 ], [ 106.962219, 20.777779 ], [ 106.961723, 20.781443 ], [ 106.955833, 20.788239 ], [ 106.953506, 20.789398 ], [ 106.951393, 20.79278 ], [ 106.946953, 20.79417 ], [ 106.929726, 20.794445 ], [ 106.917221, 20.79944 ], [ 106.917221, 20.801945 ], [ 106.919998, 20.804722 ], [ 106.913887, 20.816669 ], [ 106.91111, 20.819166 ], [ 106.905411, 20.826254 ], [ 106.90889, 20.831667 ], [ 106.909721, 20.834444 ], [ 106.918053, 20.843611 ], [ 106.91861, 20.845278 ], [ 106.924156, 20.850283 ], [ 106.926941, 20.851667 ], [ 106.928886, 20.849722 ], [ 106.93222, 20.85111 ], [ 106.936943, 20.85528 ], [ 106.940002, 20.853056 ], [ 106.942093, 20.84594 ], [ 106.945114, 20.844616 ], [ 106.945663, 20.841082 ], [ 106.949295, 20.83954 ], [ 106.95108, 20.84602 ], [ 106.946518, 20.845209 ], [ 106.947273, 20.84815 ], [ 106.95015, 20.850508 ], [ 106.950813, 20.857161 ], [ 106.947502, 20.860834 ], [ 106.944168, 20.860834 ], [ 106.942497, 20.863892 ], [ 106.946716, 20.86672 ], [ 106.9515, 20.86759 ], [ 106.948982, 20.877001 ], [ 106.952217, 20.878613 ], [ 106.954025, 20.874519 ], [ 106.956383, 20.872498 ], [ 106.954292, 20.869545 ], [ 106.954826, 20.859356 ], [ 106.955917, 20.856022 ], [ 106.963272, 20.853849 ], [ 106.96656, 20.855471 ], [ 106.971817, 20.855459 ], [ 106.972969, 20.85384 ], [ 106.98333, 20.855831 ], [ 106.985428, 20.857691 ], [ 106.993607, 20.861668 ], [ 106.997498, 20.861111 ], [ 107.001251, 20.862089 ], [ 107.00486, 20.858473 ], [ 107.003471, 20.857361 ], [ 107.00486, 20.853195 ], [ 107.006996, 20.85153 ], [ 107.009308, 20.857084 ], [ 107.009026, 20.860971 ], [ 107.014305, 20.860695 ], [ 107.019302, 20.861805 ], [ 107.024582, 20.858194 ], [ 107.024582, 20.862362 ], [ 107.028473, 20.862089 ], [ 107.030418, 20.86014 ], [ 107.032913, 20.862089 ], [ 107.037361, 20.860695 ], [ 107.037086, 20.856251 ], [ 107.040138, 20.854311 ], [ 107.041252, 20.850416 ], [ 107.043747, 20.84819 ], [ 107.046806, 20.847918 ], [ 107.047081, 20.840139 ], [ 107.044586, 20.836248 ], [ 107.044861, 20.831808 ], [ 107.043434, 20.827412 ], [ 107.044029, 20.82431 ], [ 107.04686, 20.81847 ], [ 107.050201, 20.822081 ], [ 107.047081, 20.824032 ], [ 107.047363, 20.829041 ], [ 107.046249, 20.831249 ], [ 107.048195, 20.834862 ], [ 107.05014, 20.835138 ], [ 107.051262, 20.831251 ], [ 107.056526, 20.83069 ], [ 107.057083, 20.832916 ], [ 107.060692, 20.833471 ], [ 107.061249, 20.828472 ], [ 107.058746, 20.825701 ], [ 107.059303, 20.822916 ], [ 107.065697, 20.821527 ], [ 107.06958, 20.81431 ], [ 107.073196, 20.816807 ], [ 107.072365, 20.821251 ], [ 107.075691, 20.824305 ], [ 107.082642, 20.82181 ], [ 107.085983, 20.81736 ], [ 107.090141, 20.81736 ], [ 107.091621, 20.811253 ], [ 107.096527, 20.810423 ], [ 107.104576, 20.80625 ], [ 107.107124, 20.800461 ], [ 107.110138, 20.796249 ], [ 107.109863, 20.789917 ], [ 107.105698, 20.793194 ], [ 107.099586, 20.792639 ], [ 107.092087, 20.79903 ], [ 107.088196, 20.799301 ], [ 107.087906, 20.802361 ], [ 107.084305, 20.803196 ], [ 107.084862, 20.79847 ], [ 107.086533, 20.796249 ], [ 107.090691, 20.794861 ], [ 107.095703, 20.791811 ], [ 107.09597, 20.784863 ], [ 107.099304, 20.782917 ], [ 107.099312, 20.779581 ], [ 107.095413, 20.777361 ], [ 107.094307, 20.77986 ], [ 107.089577, 20.77903 ], [ 107.089584, 20.777082 ], [ 107.084862, 20.777081 ], [ 107.083748, 20.780695 ], [ 107.085976, 20.782084 ], [ 107.085632, 20.785692 ], [ 107.081238, 20.78681 ], [ 107.081802, 20.781248 ], [ 107.077919, 20.781528 ], [ 107.078178, 20.784863 ], [ 107.076248, 20.78764 ], [ 107.076248, 20.790421 ], [ 107.072914, 20.792084 ], [ 107.068192, 20.797079 ], [ 107.065414, 20.802361 ], [ 107.065697, 20.80542 ], [ 107.063202, 20.806528 ], [ 107.063469, 20.813751 ], [ 107.057358, 20.813751 ], [ 107.054031, 20.811253 ], [ 107.062325, 20.805376 ], [ 107.06208, 20.802917 ], [ 107.065414, 20.799864 ], [ 107.064026, 20.797359 ], [ 107.064857, 20.794584 ], [ 107.070694, 20.792084 ], [ 107.072083, 20.78653 ], [ 107.075142, 20.784863 ], [ 107.070137, 20.782917 ], [ 107.065697, 20.784033 ], [ 107.065971, 20.781248 ], [ 107.072578, 20.781528 ], [ 107.073662, 20.777681 ], [ 107.06736, 20.776251 ], [ 107.062363, 20.781528 ], [ 107.058472, 20.775139 ], [ 107.053467, 20.77487 ], [ 107.05172, 20.77375 ], [ 107.045967, 20.774031 ], [ 107.04792, 20.770695 ], [ 107.056252, 20.77042 ], [ 107.056808, 20.765505 ], [ 107.051529, 20.765972 ], [ 107.046806, 20.764311 ], [ 107.045692, 20.759863 ], [ 107.048752, 20.75931 ], [ 107.049858, 20.754583 ], [ 107.054031, 20.754583 ], [ 107.058472, 20.751806 ], [ 107.06292, 20.7507 ], [ 107.072083, 20.746531 ], [ 107.073471, 20.744032 ], [ 107.072083, 20.738472 ], [ 107.068474, 20.732639 ], [ 107.06958, 20.727362 ], [ 107.063194, 20.726526 ], [ 107.061249, 20.729031 ], [ 107.06292, 20.732084 ], [ 107.059029, 20.734585 ], [ 107.05764, 20.727921 ], [ 107.059593, 20.726528 ], [ 107.059303, 20.71903 ], [ 107.054863, 20.71903 ], [ 107.052361, 20.717081 ], [ 107.052635, 20.712084 ], [ 107.044861, 20.71125 ], [ 107.045135, 20.715416 ], [ 107.046524, 20.718473 ], [ 107.049858, 20.718752 ], [ 107.050652, 20.722038 ], [ 107.04847, 20.724583 ], [ 107.044029, 20.725418 ], [ 107.040138, 20.723749 ], [ 107.040138, 20.729309 ], [ 107.033752, 20.730421 ], [ 107.035141, 20.721251 ], [ 107.030693, 20.723194 ], [ 107.028748, 20.726528 ], [ 107.024857, 20.724861 ], [ 107.024323, 20.72208 ], [ 107.017082, 20.726526 ], [ 107.014305, 20.732639 ], [ 107.015976, 20.73431 ], [ 107.020142, 20.734306 ], [ 107.020142, 20.731527 ] ] ], [ [ [ 106.848343, 20.793888 ], [ 106.84861, 20.797783 ], [ 106.84639, 20.805 ], [ 106.844719, 20.807777 ], [ 106.845558, 20.809719 ], [ 106.842224, 20.815556 ], [ 106.84333, 20.817778 ], [ 106.84861, 20.821112 ], [ 106.869156, 20.83083 ], [ 106.87056, 20.831951 ], [ 106.875557, 20.82889 ], [ 106.881668, 20.822498 ], [ 106.881729, 20.819662 ], [ 106.886391, 20.816669 ], [ 106.889999, 20.815559 ], [ 106.892776, 20.813053 ], [ 106.89473, 20.809172 ], [ 106.900002, 20.805555 ], [ 106.904999, 20.805277 ], [ 106.904999, 20.802221 ], [ 106.899719, 20.797503 ], [ 106.894173, 20.796389 ], [ 106.89167, 20.79472 ], [ 106.885002, 20.79278 ], [ 106.8825, 20.79278 ], [ 106.879448, 20.79611 ], [ 106.875832, 20.795561 ], [ 106.87278, 20.792776 ], [ 106.864166, 20.790554 ], [ 106.858063, 20.789713 ], [ 106.855835, 20.790833 ], [ 106.851669, 20.790279 ], [ 106.848343, 20.793888 ] ] ], [ [ [ 106.987518, 20.864288 ], [ 106.98291, 20.86289 ], [ 106.981979, 20.866335 ], [ 106.98745, 20.86585 ], [ 106.987518, 20.864288 ] ] ], [ [ [ 106.974121, 20.86232 ], [ 106.97155, 20.85969 ], [ 106.969048, 20.862051 ], [ 106.965698, 20.858339 ], [ 106.961617, 20.860031 ], [ 106.958405, 20.857265 ], [ 106.955902, 20.85841 ], [ 106.955971, 20.862328 ], [ 106.957756, 20.864283 ], [ 106.957298, 20.867119 ], [ 106.962776, 20.872301 ], [ 106.963158, 20.875156 ], [ 106.965797, 20.87509 ], [ 106.964867, 20.871311 ], [ 106.969009, 20.872753 ], [ 106.97496, 20.871103 ], [ 106.974121, 20.86232 ] ] ], [ [ [ 106.709679, 20.88485 ], [ 106.716393, 20.885279 ], [ 106.718582, 20.880205 ], [ 106.723083, 20.878654 ], [ 106.727432, 20.88188 ], [ 106.729218, 20.88493 ], [ 106.734001, 20.884592 ], [ 106.735291, 20.882074 ], [ 106.735291, 20.878059 ], [ 106.738609, 20.874166 ], [ 106.744164, 20.875555 ], [ 106.746666, 20.877783 ], [ 106.749825, 20.877499 ], [ 106.75528, 20.861666 ], [ 106.75972, 20.852777 ], [ 106.760223, 20.849543 ], [ 106.755836, 20.850555 ], [ 106.742767, 20.855831 ], [ 106.730827, 20.861389 ], [ 106.72361, 20.867781 ], [ 106.716324, 20.874445 ], [ 106.711388, 20.87722 ], [ 106.705597, 20.87952 ], [ 106.706673, 20.8825 ], [ 106.709679, 20.88485 ] ] ], [ [ [ 107.728195, 20.128195 ], [ 107.723473, 20.125694 ], [ 107.717087, 20.12653 ], [ 107.715691, 20.129583 ], [ 107.719856, 20.13542 ], [ 107.725136, 20.13625 ], [ 107.72541, 20.137638 ], [ 107.731537, 20.141251 ], [ 107.734581, 20.144583 ], [ 107.739304, 20.147362 ], [ 107.741531, 20.147362 ], [ 107.741531, 20.142639 ], [ 107.740417, 20.140417 ], [ 107.738197, 20.13625 ], [ 107.73597, 20.134583 ], [ 107.736526, 20.130417 ], [ 107.733192, 20.125694 ], [ 107.72847, 20.125416 ], [ 107.728195, 20.128195 ] ] ], [ [ [ 107.14653, 20.613194 ], [ 107.148476, 20.617083 ], [ 107.151253, 20.614305 ], [ 107.15097, 20.612362 ], [ 107.14653, 20.613194 ] ] ], [ [ [ 107.167358, 20.61764 ], [ 107.170975, 20.615973 ], [ 107.167076, 20.61375 ], [ 107.167358, 20.61764 ] ] ], [ [ [ 107.136253, 20.624306 ], [ 107.138191, 20.621241 ], [ 107.142914, 20.619305 ], [ 107.141525, 20.615417 ], [ 107.135971, 20.619301 ], [ 107.136253, 20.624306 ] ] ], [ [ [ 107.153198, 20.62542 ], [ 107.154305, 20.628195 ], [ 107.157913, 20.62764 ], [ 107.161797, 20.62875 ], [ 107.162086, 20.624031 ], [ 107.160423, 20.619581 ], [ 107.154587, 20.622358 ], [ 107.153198, 20.62542 ] ] ], [ [ [ 107.063194, 20.712084 ], [ 107.06514, 20.716532 ], [ 107.067093, 20.71431 ], [ 107.066238, 20.710421 ], [ 107.063194, 20.712084 ] ] ], [ [ [ 107.066528, 20.721809 ], [ 107.065697, 20.718195 ], [ 107.063751, 20.717649 ], [ 107.06208, 20.721809 ], [ 107.064583, 20.723194 ], [ 107.066528, 20.721809 ] ] ], [ [ [ 107.085419, 20.731253 ], [ 107.082642, 20.730692 ], [ 107.081802, 20.73403 ], [ 107.083191, 20.735971 ], [ 107.085419, 20.731253 ] ] ], [ [ [ 107.072083, 20.757921 ], [ 107.074028, 20.758192 ], [ 107.078178, 20.756531 ], [ 107.081802, 20.752918 ], [ 107.082916, 20.749031 ], [ 107.081253, 20.747084 ], [ 107.075691, 20.750971 ], [ 107.072083, 20.757921 ] ] ], [ [ [ 107.082092, 20.765415 ], [ 107.083748, 20.763197 ], [ 107.087082, 20.762083 ], [ 107.089302, 20.756805 ], [ 107.085976, 20.756527 ], [ 107.083191, 20.758753 ], [ 107.082092, 20.765415 ] ] ], [ [ [ 107.094856, 20.766529 ], [ 107.092361, 20.763197 ], [ 107.08625, 20.763849 ], [ 107.083473, 20.767916 ], [ 107.085983, 20.77264 ], [ 107.095139, 20.77347 ], [ 107.101517, 20.772921 ], [ 107.099861, 20.766529 ], [ 107.098198, 20.76458 ], [ 107.094856, 20.766529 ] ] ], [ [ [ 107.068748, 20.771252 ], [ 107.068748, 20.77449 ], [ 107.075142, 20.774031 ], [ 107.075417, 20.771805 ], [ 107.068748, 20.771252 ] ] ], [ [ [ 107.066254, 20.822359 ], [ 107.066238, 20.825981 ], [ 107.073196, 20.828196 ], [ 107.075142, 20.82542 ], [ 107.070419, 20.82375 ], [ 107.066254, 20.822359 ] ] ] ] } },
{ "type": "Feature", "properties": { "area_code_prefix": "23" }, "geometry": { "type": "MultiPolygon", "coordinates": [ [ [ [ 107.018227, 17.145653 ], [ 107.020317, 17.14324 ], [ 107.025566, 17.14036 ], [ 107.036423, 17.132221 ], [ 107.042587, 17.12923 ], [ 107.047012, 17.124401 ], [ 107.053596, 17.122419 ], [ 107.063538, 17.115402 ], [ 107.065659, 17.11479 ], [ 107.073021, 17.109558 ], [ 107.093971, 17.099899 ], [ 107.09581, 17.100985 ], [ 107.098991, 17.09704 ], [ 107.105293, 17.093151 ], [ 107.112534, 17.086184 ], [ 107.11647, 17.08614 ], [ 107.117996, 17.084291 ], [ 107.114571, 17.081877 ], [ 107.116058, 17.074181 ], [ 107.112663, 17.07214 ], [ 107.113403, 17.061701 ], [ 107.115891, 17.058323 ], [ 107.11367, 17.05191 ], [ 107.115303, 17.046329 ], [ 107.117416, 17.044901 ], [ 107.110924, 17.041584 ], [ 107.10965, 17.034706 ], [ 107.110542, 17.029873 ], [ 107.113892, 17.026388 ], [ 107.110878, 17.024454 ], [ 107.110718, 17.020412 ], [ 107.112419, 17.017962 ], [ 107.111832, 17.014648 ], [ 107.114853, 17.008051 ], [ 107.122498, 16.993061 ], [ 107.127777, 16.98333 ], [ 107.132225, 16.977777 ], [ 107.135559, 16.971666 ], [ 107.139206, 16.968113 ], [ 107.145126, 16.960451 ], [ 107.146385, 16.956944 ], [ 107.153618, 16.950281 ], [ 107.157776, 16.9443 ], [ 107.163757, 16.936802 ], [ 107.166115, 16.934723 ], [ 107.174156, 16.92444 ], [ 107.178703, 16.922161 ], [ 107.182503, 16.91778 ], [ 107.190918, 16.909357 ], [ 107.190773, 16.90597 ], [ 107.193611, 16.90333 ], [ 107.198601, 16.903061 ], [ 107.200836, 16.899721 ], [ 107.216393, 16.881666 ], [ 107.223053, 16.87639 ], [ 107.229446, 16.86944 ], [ 107.237503, 16.86223 ], [ 107.241112, 16.860001 ], [ 107.246941, 16.853331 ], [ 107.254448, 16.84667 ], [ 107.2575, 16.845001 ], [ 107.26223, 16.839956 ], [ 107.265274, 16.838612 ], [ 107.267502, 16.835279 ], [ 107.273613, 16.83139 ], [ 107.279442, 16.826672 ], [ 107.285553, 16.820278 ], [ 107.286667, 16.82 ], [ 107.292778, 16.813889 ], [ 107.304176, 16.805281 ], [ 107.305, 16.803888 ], [ 107.316391, 16.795 ], [ 107.32, 16.793056 ], [ 107.32, 16.791389 ], [ 107.324448, 16.788893 ], [ 107.338608, 16.77807 ], [ 107.34333, 16.772499 ], [ 107.347221, 16.771667 ], [ 107.355003, 16.764999 ], [ 107.357498, 16.76417 ], [ 107.363052, 16.758329 ], [ 107.367226, 16.756945 ], [ 107.372498, 16.75194 ], [ 107.37722, 16.75028 ], [ 107.384453, 16.745279 ], [ 107.38707, 16.742371 ], [ 107.391945, 16.737499 ], [ 107.396111, 16.736391 ], [ 107.399719, 16.73222 ], [ 107.402779, 16.73111 ], [ 107.410278, 16.72611 ], [ 107.415833, 16.720274 ], [ 107.425049, 16.714062 ], [ 107.436386, 16.704168 ], [ 107.443947, 16.699093 ], [ 107.447052, 16.696224 ], [ 107.457199, 16.68914 ], [ 107.459999, 16.686388 ], [ 107.467781, 16.680834 ], [ 107.471664, 16.676945 ], [ 107.476936, 16.673611 ], [ 107.492226, 16.660557 ], [ 107.504997, 16.650833 ], [ 107.509163, 16.648611 ], [ 107.514168, 16.643612 ], [ 107.518059, 16.64167 ], [ 107.521942, 16.637781 ], [ 107.528893, 16.634171 ], [ 107.538902, 16.626108 ], [ 107.547501, 16.620556 ], [ 107.558609, 16.612211 ], [ 107.561943, 16.610556 ], [ 107.566948, 16.606388 ], [ 107.570831, 16.604445 ], [ 107.59417, 16.58889 ], [ 107.600281, 16.586391 ], [ 107.60083, 16.584997 ], [ 107.605827, 16.582781 ], [ 107.613327, 16.57667 ], [ 107.618057, 16.571112 ], [ 107.615547, 16.569721 ], [ 107.612503, 16.572498 ], [ 107.605553, 16.576391 ], [ 107.603889, 16.57333 ], [ 107.607216, 16.573059 ], [ 107.609726, 16.569721 ], [ 107.608047, 16.566669 ], [ 107.604721, 16.56889 ], [ 107.603058, 16.571671 ], [ 107.598343, 16.576391 ], [ 107.59417, 16.581671 ], [ 107.589722, 16.584167 ], [ 107.584442, 16.585833 ], [ 107.579445, 16.590555 ], [ 107.574448, 16.593611 ], [ 107.565277, 16.596941 ], [ 107.56028, 16.599449 ], [ 107.558052, 16.601671 ], [ 107.547501, 16.60778 ], [ 107.533333, 16.614166 ], [ 107.531387, 16.616671 ], [ 107.519165, 16.623056 ], [ 107.512222, 16.624166 ], [ 107.504997, 16.628056 ], [ 107.501106, 16.631941 ], [ 107.49472, 16.636667 ], [ 107.480278, 16.642223 ], [ 107.476112, 16.643053 ], [ 107.471107, 16.646111 ], [ 107.467377, 16.650961 ], [ 107.461388, 16.65111 ], [ 107.460281, 16.653893 ], [ 107.456108, 16.65778 ], [ 107.445259, 16.657223 ], [ 107.443336, 16.65778 ], [ 107.439163, 16.652498 ], [ 107.433609, 16.653608 ], [ 107.43026, 16.652498 ], [ 107.42778, 16.655281 ], [ 107.429169, 16.65806 ], [ 107.425827, 16.664181 ], [ 107.423058, 16.663055 ], [ 107.425003, 16.658056 ], [ 107.424721, 16.651112 ], [ 107.426392, 16.649166 ], [ 107.430832, 16.647221 ], [ 107.433891, 16.644442 ], [ 107.433891, 16.639723 ], [ 107.437767, 16.637501 ], [ 107.454453, 16.637781 ], [ 107.458885, 16.634167 ], [ 107.457222, 16.631111 ], [ 107.461388, 16.628059 ], [ 107.463608, 16.625278 ], [ 107.467499, 16.623331 ], [ 107.470276, 16.61861 ], [ 107.478333, 16.618891 ], [ 107.484169, 16.613609 ], [ 107.486946, 16.612223 ], [ 107.489998, 16.60861 ], [ 107.491943, 16.60334 ], [ 107.495552, 16.599167 ], [ 107.502502, 16.598055 ], [ 107.515274, 16.601667 ], [ 107.516937, 16.602779 ], [ 107.524437, 16.599998 ], [ 107.52417, 16.596945 ], [ 107.534157, 16.59194 ], [ 107.539169, 16.587782 ], [ 107.54583, 16.585556 ], [ 107.544724, 16.583055 ], [ 107.547501, 16.58194 ], [ 107.550842, 16.576113 ], [ 107.56028, 16.575277 ], [ 107.560555, 16.57 ], [ 107.566948, 16.57 ], [ 107.57917, 16.573055 ], [ 107.578888, 16.57472 ], [ 107.584717, 16.57946 ], [ 107.588333, 16.57946 ], [ 107.589722, 16.568611 ], [ 107.59111, 16.565001 ], [ 107.598053, 16.566111 ], [ 107.60083, 16.56222 ], [ 107.606667, 16.55806 ], [ 107.609444, 16.559723 ], [ 107.613052, 16.558056 ], [ 107.612503, 16.55472 ], [ 107.616386, 16.5525 ], [ 107.618889, 16.553333 ], [ 107.624168, 16.55167 ], [ 107.6259, 16.545807 ], [ 107.627556, 16.545589 ], [ 107.636383, 16.548405 ], [ 107.638611, 16.55139 ], [ 107.644165, 16.553333 ], [ 107.646385, 16.55139 ], [ 107.646942, 16.543331 ], [ 107.642502, 16.541111 ], [ 107.638885, 16.5375 ], [ 107.633888, 16.537781 ], [ 107.631111, 16.534166 ], [ 107.627777, 16.533333 ], [ 107.628891, 16.526945 ], [ 107.628891, 16.521931 ], [ 107.626953, 16.519718 ], [ 107.626945, 16.515833 ], [ 107.629723, 16.514721 ], [ 107.631386, 16.507219 ], [ 107.635826, 16.508329 ], [ 107.638062, 16.514441 ], [ 107.64917, 16.518333 ], [ 107.653069, 16.517431 ], [ 107.653038, 16.514999 ], [ 107.650002, 16.509724 ], [ 107.644447, 16.507502 ], [ 107.645279, 16.498051 ], [ 107.647224, 16.496944 ], [ 107.647781, 16.488333 ], [ 107.653336, 16.491112 ], [ 107.660553, 16.496666 ], [ 107.663055, 16.5 ], [ 107.666664, 16.502501 ], [ 107.66861, 16.506109 ], [ 107.677498, 16.513889 ], [ 107.681664, 16.518333 ], [ 107.684418, 16.515541 ], [ 107.688614, 16.508614 ], [ 107.689171, 16.506392 ], [ 107.691948, 16.504721 ], [ 107.694717, 16.50111 ], [ 107.696663, 16.49556 ], [ 107.701668, 16.491671 ], [ 107.70639, 16.491388 ], [ 107.709442, 16.49 ], [ 107.713333, 16.484722 ], [ 107.71833, 16.480556 ], [ 107.724304, 16.473471 ], [ 107.728607, 16.466379 ], [ 107.734169, 16.462776 ], [ 107.74028, 16.46056 ], [ 107.741943, 16.46139 ], [ 107.745674, 16.456535 ], [ 107.75222, 16.454445 ], [ 107.754723, 16.452221 ], [ 107.75528, 16.44833 ], [ 107.757774, 16.445555 ], [ 107.758057, 16.443056 ], [ 107.761101, 16.437513 ], [ 107.761559, 16.434959 ], [ 107.765228, 16.43059 ], [ 107.771111, 16.426392 ], [ 107.774437, 16.424999 ], [ 107.779724, 16.420555 ], [ 107.78167, 16.41778 ], [ 107.788055, 16.413334 ], [ 107.787216, 16.411388 ], [ 107.794724, 16.403889 ], [ 107.797501, 16.40222 ], [ 107.800827, 16.39583 ], [ 107.804405, 16.390858 ], [ 107.809448, 16.385559 ], [ 107.813057, 16.383888 ], [ 107.815536, 16.381111 ], [ 107.820557, 16.37944 ], [ 107.825836, 16.37472 ], [ 107.828056, 16.371111 ], [ 107.827499, 16.369167 ], [ 107.830437, 16.36595 ], [ 107.830856, 16.361172 ], [ 107.833611, 16.35778 ], [ 107.833885, 16.350277 ], [ 107.82917, 16.350555 ], [ 107.822502, 16.35778 ], [ 107.819725, 16.35861 ], [ 107.816666, 16.361944 ], [ 107.809448, 16.367781 ], [ 107.803612, 16.37389 ], [ 107.798607, 16.37833 ], [ 107.791389, 16.381945 ], [ 107.78833, 16.382776 ], [ 107.788612, 16.386108 ], [ 107.782776, 16.38666 ], [ 107.781113, 16.388613 ], [ 107.778053, 16.388613 ], [ 107.781113, 16.384167 ], [ 107.779167, 16.377781 ], [ 107.775833, 16.37472 ], [ 107.775833, 16.366671 ], [ 107.772781, 16.364445 ], [ 107.776665, 16.360556 ], [ 107.775558, 16.359171 ], [ 107.778893, 16.353054 ], [ 107.775002, 16.349171 ], [ 107.773331, 16.349171 ], [ 107.770096, 16.345331 ], [ 107.781937, 16.349171 ], [ 107.786392, 16.347778 ], [ 107.788612, 16.349445 ], [ 107.792778, 16.346945 ], [ 107.793892, 16.340279 ], [ 107.79583, 16.333891 ], [ 107.790642, 16.33127 ], [ 107.789375, 16.329632 ], [ 107.791267, 16.321369 ], [ 107.793892, 16.316669 ], [ 107.79361, 16.313889 ], [ 107.801941, 16.305555 ], [ 107.80278, 16.303055 ], [ 107.805832, 16.30028 ], [ 107.81028, 16.298891 ], [ 107.813057, 16.29417 ], [ 107.816948, 16.290001 ], [ 107.819725, 16.289444 ], [ 107.827499, 16.289722 ], [ 107.830276, 16.289167 ], [ 107.837219, 16.289722 ], [ 107.843887, 16.28639 ], [ 107.849716, 16.28861 ], [ 107.852219, 16.291672 ], [ 107.858055, 16.296944 ], [ 107.861664, 16.297222 ], [ 107.860558, 16.291945 ], [ 107.861115, 16.289722 ], [ 107.858887, 16.285833 ], [ 107.859726, 16.28347 ], [ 107.864998, 16.277222 ], [ 107.866943, 16.276386 ], [ 107.871391, 16.277781 ], [ 107.876663, 16.27611 ], [ 107.877037, 16.278965 ], [ 107.880547, 16.279169 ], [ 107.881943, 16.276388 ], [ 107.886673, 16.275723 ], [ 107.896667, 16.28056 ], [ 107.900558, 16.284445 ], [ 107.90361, 16.283333 ], [ 107.906944, 16.285278 ], [ 107.908058, 16.288761 ], [ 107.913612, 16.291666 ], [ 107.915833, 16.29722 ], [ 107.916115, 16.299999 ], [ 107.914436, 16.301941 ], [ 107.915558, 16.304449 ], [ 107.91861, 16.306671 ], [ 107.921387, 16.310831 ], [ 107.9207, 16.316111 ], [ 107.922852, 16.317816 ], [ 107.922501, 16.323055 ], [ 107.923607, 16.32444 ], [ 107.923332, 16.329166 ], [ 107.920555, 16.332499 ], [ 107.92028, 16.335831 ], [ 107.918335, 16.340279 ], [ 107.919716, 16.344999 ], [ 107.916656, 16.349171 ], [ 107.917778, 16.352501 ], [ 107.920723, 16.353952 ], [ 107.925827, 16.35111 ], [ 107.928047, 16.347488 ], [ 107.934448, 16.341671 ], [ 107.942497, 16.34 ], [ 107.945, 16.342222 ], [ 107.944725, 16.346945 ], [ 107.946953, 16.34778 ], [ 107.952225, 16.343056 ], [ 107.955559, 16.343887 ], [ 107.955002, 16.34 ], [ 107.960968, 16.330971 ], [ 107.967766, 16.323893 ], [ 107.975693, 16.319445 ], [ 107.975555, 16.316387 ], [ 107.979698, 16.316669 ], [ 107.986656, 16.315001 ], [ 108.0, 16.3125 ], [ 108.003609, 16.31222 ], [ 108.010826, 16.31389 ], [ 108.020004, 16.318825 ], [ 108.023338, 16.322222 ], [ 108.026665, 16.327778 ], [ 108.01722, 16.334444 ], [ 108.015831, 16.337778 ], [ 108.017502, 16.341944 ], [ 108.020836, 16.344723 ], [ 108.023338, 16.343891 ], [ 108.026382, 16.33889 ], [ 108.029167, 16.336111 ], [ 108.034157, 16.336111 ], [ 108.034996, 16.33 ], [ 108.037216, 16.327499 ], [ 108.040276, 16.320278 ], [ 108.041664, 16.313889 ], [ 108.037498, 16.311666 ], [ 108.038055, 16.308613 ], [ 108.043892, 16.298056 ], [ 108.044998, 16.296944 ], [ 108.055, 16.280277 ], [ 108.058891, 16.275831 ], [ 108.06028, 16.272501 ], [ 108.06472, 16.266945 ], [ 108.068054, 16.260555 ], [ 108.077774, 16.247499 ], [ 108.080002, 16.243061 ], [ 108.084442, 16.238056 ], [ 108.088333, 16.230833 ], [ 108.090279, 16.225555 ], [ 108.086647, 16.226377 ], [ 108.080002, 16.23361 ], [ 108.078056, 16.239719 ], [ 108.075279, 16.244722 ], [ 108.070557, 16.24972 ], [ 108.068886, 16.252499 ], [ 108.066109, 16.250834 ], [ 108.068886, 16.246664 ], [ 108.065056, 16.245781 ], [ 108.064491, 16.24831 ], [ 108.059296, 16.260122 ], [ 108.053612, 16.26333 ], [ 108.046112, 16.26417 ], [ 108.044441, 16.261944 ], [ 108.043892, 16.258329 ], [ 108.038887, 16.260561 ], [ 108.035553, 16.25778 ], [ 108.035278, 16.246111 ], [ 108.038887, 16.237497 ], [ 108.040833, 16.228889 ], [ 108.044724, 16.229445 ], [ 108.049316, 16.227758 ], [ 108.049446, 16.22361 ], [ 108.051392, 16.221666 ], [ 108.055267, 16.22056 ], [ 108.05825, 16.21706 ], [ 108.060547, 16.21806 ], [ 108.063889, 16.2225 ], [ 108.068886, 16.22361 ], [ 108.071106, 16.225559 ], [ 108.074722, 16.225834 ], [ 108.080833, 16.224445 ], [ 108.087379, 16.221361 ], [ 108.091393, 16.222219 ], [ 108.092506, 16.224859 ], [ 108.092171, 16.22864 ], [ 108.100563, 16.223888 ], [ 108.106667, 16.219166 ], [ 108.110001, 16.219723 ], [ 108.113892, 16.21583 ], [ 108.119446, 16.212778 ], [ 108.123611, 16.216391 ], [ 108.126945, 16.215834 ], [ 108.134727, 16.217781 ], [ 108.136108, 16.215059 ], [ 108.140274, 16.212778 ], [ 108.142708, 16.213537 ], [ 108.144447, 16.21917 ], [ 108.14917, 16.22139 ], [ 108.152771, 16.21917 ], [ 108.15583, 16.215834 ], [ 108.159721, 16.215834 ], [ 108.160278, 16.214167 ], [ 108.166107, 16.21056 ], [ 108.17028, 16.209169 ], [ 108.173607, 16.211672 ], [ 108.181656, 16.213116 ], [ 108.183876, 16.215761 ], [ 108.189453, 16.212219 ], [ 108.194328, 16.210623 ], [ 108.193611, 16.204166 ], [ 108.194717, 16.199438 ], [ 108.186111, 16.200834 ], [ 108.184448, 16.199167 ], [ 108.17865, 16.200239 ], [ 108.173615, 16.193611 ], [ 108.163887, 16.19278 ], [ 108.159546, 16.190285 ], [ 108.15667, 16.190559 ], [ 108.153893, 16.18722 ], [ 108.153343, 16.183331 ], [ 108.154327, 16.172022 ], [ 108.150856, 16.167509 ], [ 108.15361, 16.165279 ], [ 108.154533, 16.16247 ], [ 108.151703, 16.160624 ], [ 108.148888, 16.160555 ], [ 108.143608, 16.165131 ], [ 108.139999, 16.16361 ], [ 108.136665, 16.157675 ], [ 108.136948, 16.1525 ], [ 108.139793, 16.145411 ], [ 108.136948, 16.141666 ], [ 108.13028, 16.140556 ], [ 108.126389, 16.1425 ], [ 108.123337, 16.139441 ], [ 108.122963, 16.132111 ], [ 108.125, 16.121944 ], [ 108.128609, 16.121389 ], [ 108.133606, 16.1189 ], [ 108.131111, 16.11417 ], [ 108.133331, 16.110001 ], [ 108.14167, 16.100834 ], [ 108.150833, 16.091944 ], [ 108.160835, 16.084999 ], [ 108.165001, 16.083061 ], [ 108.16861, 16.079166 ], [ 108.170967, 16.07947 ], [ 108.181107, 16.075281 ], [ 108.191391, 16.073055 ], [ 108.198936, 16.073103 ], [ 108.203056, 16.074165 ], [ 108.207497, 16.077223 ], [ 108.211395, 16.081463 ], [ 108.213615, 16.085278 ], [ 108.214722, 16.090561 ], [ 108.218613, 16.089998 ], [ 108.217499, 16.08639 ], [ 108.222504, 16.085554 ], [ 108.22744, 16.086685 ], [ 108.227089, 16.089651 ], [ 108.224236, 16.091871 ], [ 108.223892, 16.09639 ], [ 108.225563, 16.09779 ], [ 108.23333, 16.097221 ], [ 108.235001, 16.09528 ], [ 108.231392, 16.09296 ], [ 108.230553, 16.089722 ], [ 108.232216, 16.0886 ], [ 108.236107, 16.090561 ], [ 108.2425, 16.09667 ], [ 108.243683, 16.1007 ], [ 108.242775, 16.105556 ], [ 108.240837, 16.110559 ], [ 108.237503, 16.113611 ], [ 108.229164, 16.117222 ], [ 108.226112, 16.116388 ], [ 108.219719, 16.120003 ], [ 108.217499, 16.115829 ], [ 108.214722, 16.118334 ], [ 108.212776, 16.122499 ], [ 108.214996, 16.12528 ], [ 108.219719, 16.123335 ], [ 108.221657, 16.125 ], [ 108.220276, 16.128887 ], [ 108.221107, 16.130838 ], [ 108.229156, 16.13806 ], [ 108.229156, 16.141109 ], [ 108.231117, 16.146109 ], [ 108.229721, 16.148882 ], [ 108.232216, 16.15028 ], [ 108.234436, 16.14806 ], [ 108.237503, 16.150555 ], [ 108.239723, 16.149723 ], [ 108.241386, 16.15222 ], [ 108.247223, 16.155834 ], [ 108.256386, 16.154444 ], [ 108.261391, 16.150278 ], [ 108.262497, 16.146667 ], [ 108.265808, 16.142622 ], [ 108.269997, 16.139444 ], [ 108.271111, 16.135 ], [ 108.275276, 16.133329 ], [ 108.27916, 16.136671 ], [ 108.283058, 16.13806 ], [ 108.28833, 16.136944 ], [ 108.293053, 16.134453 ], [ 108.300552, 16.12528 ], [ 108.306076, 16.123301 ], [ 108.309456, 16.12417 ], [ 108.31028, 16.132502 ], [ 108.312225, 16.135834 ], [ 108.312225, 16.141388 ], [ 108.316948, 16.145082 ], [ 108.321114, 16.143612 ], [ 108.324997, 16.139709 ], [ 108.327774, 16.134445 ], [ 108.329445, 16.133055 ], [ 108.330559, 16.128056 ], [ 108.334717, 16.125 ], [ 108.338058, 16.121113 ], [ 108.338058, 16.117498 ], [ 108.333336, 16.118059 ], [ 108.327637, 16.115561 ], [ 108.321106, 16.116671 ], [ 108.315552, 16.112221 ], [ 108.312225, 16.112223 ], [ 108.309723, 16.10944 ], [ 108.309166, 16.104445 ], [ 108.31028, 16.098333 ], [ 108.306946, 16.095833 ], [ 108.304443, 16.095835 ], [ 108.300552, 16.099171 ], [ 108.300827, 16.10194 ], [ 108.29808, 16.105141 ], [ 108.291389, 16.10556 ], [ 108.285843, 16.103331 ], [ 108.280563, 16.0975 ], [ 108.270889, 16.098341 ], [ 108.267776, 16.094999 ], [ 108.264717, 16.09889 ], [ 108.263336, 16.102501 ], [ 108.256248, 16.10013 ], [ 108.253326, 16.097219 ], [ 108.251663, 16.09194 ], [ 108.248337, 16.085831 ], [ 108.246391, 16.07583 ], [ 108.246391, 16.065556 ], [ 108.24778, 16.054171 ], [ 108.250557, 16.046391 ], [ 108.250557, 16.04389 ], [ 108.25428, 16.037031 ], [ 108.257332, 16.029449 ], [ 108.263931, 16.015261 ], [ 108.267883, 16.00775 ], [ 108.274986, 15.99206 ], [ 108.286743, 15.970386 ], [ 108.288864, 15.96735 ], [ 108.29287, 15.959779 ], [ 108.300026, 15.952041 ], [ 108.30098, 15.94901 ], [ 108.309357, 15.940128 ], [ 108.320557, 15.92961 ], [ 108.320892, 15.928413 ], [ 108.330421, 15.920607 ], [ 108.34153, 15.913118 ], [ 108.350861, 15.90773 ], [ 108.357391, 15.90334 ], [ 108.367775, 15.897223 ], [ 108.37278, 15.893333 ], [ 108.380547, 15.889989 ], [ 108.385834, 15.888332 ], [ 108.389999, 15.885556 ], [ 108.390549, 15.8825 ], [ 108.389999, 15.876668 ], [ 108.386948, 15.878334 ], [ 108.384331, 15.878142 ], [ 108.380692, 15.87595 ], [ 108.381386, 15.874443 ], [ 108.377502, 15.871111 ], [ 108.372421, 15.869721 ], [ 108.376503, 15.8623 ], [ 108.379967, 15.863189 ], [ 108.388336, 15.867501 ], [ 108.394165, 15.871111 ], [ 108.398613, 15.872501 ], [ 108.40139, 15.87195 ], [ 108.402832, 15.857186 ], [ 108.404259, 15.849819 ], [ 108.409996, 15.825487 ], [ 108.413521, 15.816084 ], [ 108.414291, 15.812211 ], [ 108.416527, 15.808761 ], [ 108.417175, 15.805274 ], [ 108.423019, 15.793229 ], [ 108.426514, 15.788281 ], [ 108.428688, 15.782327 ], [ 108.432495, 15.775278 ], [ 108.436363, 15.769391 ], [ 108.440613, 15.76447 ], [ 108.445259, 15.75666 ], [ 108.459274, 15.729723 ], [ 108.4674, 15.71871 ], [ 108.471062, 15.711731 ], [ 108.480835, 15.698371 ], [ 108.482788, 15.69415 ], [ 108.486046, 15.689899 ], [ 108.495338, 15.67341 ], [ 108.503853, 15.662331 ], [ 108.504227, 15.660902 ], [ 108.513046, 15.646965 ], [ 108.517273, 15.641354 ], [ 108.52697, 15.626182 ], [ 108.537247, 15.61126 ], [ 108.548859, 15.59702 ], [ 108.551712, 15.592551 ], [ 108.556534, 15.586684 ], [ 108.563057, 15.577777 ], [ 108.565826, 15.572501 ], [ 108.569443, 15.569171 ], [ 108.575279, 15.560556 ], [ 108.580833, 15.554444 ], [ 108.583611, 15.55278 ], [ 108.592331, 15.543811 ], [ 108.592781, 15.541389 ], [ 108.599716, 15.534171 ], [ 108.607498, 15.525282 ], [ 108.611557, 15.521763 ], [ 108.613838, 15.518463 ], [ 108.624565, 15.51006 ], [ 108.633301, 15.505041 ], [ 108.647232, 15.498598 ], [ 108.648438, 15.494691 ], [ 108.645363, 15.493768 ], [ 108.639442, 15.495886 ], [ 108.627037, 15.505791 ], [ 108.617828, 15.507742 ], [ 108.614532, 15.509861 ], [ 108.609421, 15.517321 ], [ 108.604393, 15.521879 ], [ 108.598328, 15.523352 ], [ 108.594917, 15.527101 ], [ 108.592583, 15.534832 ], [ 108.588013, 15.540399 ], [ 108.586708, 15.544162 ], [ 108.582207, 15.550197 ], [ 108.576248, 15.552319 ], [ 108.572037, 15.556401 ], [ 108.569817, 15.559679 ], [ 108.569427, 15.562562 ], [ 108.566879, 15.565461 ], [ 108.56546, 15.569217 ], [ 108.562943, 15.56952 ], [ 108.559097, 15.57213 ], [ 108.559372, 15.576401 ], [ 108.556679, 15.57785 ], [ 108.552811, 15.581841 ], [ 108.548988, 15.587252 ], [ 108.548027, 15.59679 ], [ 108.544922, 15.59766 ], [ 108.541206, 15.603493 ], [ 108.537575, 15.603675 ], [ 108.534157, 15.60698 ], [ 108.532066, 15.611208 ], [ 108.527847, 15.617111 ], [ 108.525047, 15.61882 ], [ 108.521027, 15.62377 ], [ 108.518867, 15.628381 ], [ 108.518532, 15.632274 ], [ 108.511459, 15.638541 ], [ 108.508781, 15.643902 ], [ 108.508713, 15.648123 ], [ 108.504593, 15.649301 ], [ 108.49765, 15.655742 ], [ 108.494926, 15.661941 ], [ 108.495125, 15.663863 ], [ 108.49015, 15.668428 ], [ 108.488396, 15.67194 ], [ 108.485573, 15.67467 ], [ 108.482384, 15.674978 ], [ 108.48175, 15.679058 ], [ 108.478157, 15.682675 ], [ 108.474571, 15.689279 ], [ 108.466431, 15.694303 ], [ 108.46463, 15.703301 ], [ 108.461273, 15.704841 ], [ 108.456963, 15.703921 ], [ 108.452263, 15.707344 ], [ 108.450073, 15.706052 ], [ 108.452469, 15.702011 ], [ 108.456711, 15.701124 ], [ 108.462753, 15.702913 ], [ 108.463913, 15.701901 ], [ 108.461639, 15.697329 ], [ 108.46212, 15.69469 ], [ 108.469513, 15.689601 ], [ 108.471443, 15.687322 ], [ 108.472298, 15.683841 ], [ 108.470993, 15.680416 ], [ 108.472076, 15.67738 ], [ 108.475616, 15.678112 ], [ 108.475273, 15.674303 ], [ 108.477097, 15.671919 ], [ 108.481216, 15.671931 ], [ 108.481888, 15.66949 ], [ 108.48571, 15.667876 ], [ 108.489563, 15.66275 ], [ 108.490112, 15.656232 ], [ 108.493507, 15.65558 ], [ 108.493683, 15.653141 ], [ 108.498367, 15.649853 ], [ 108.502068, 15.644627 ], [ 108.504883, 15.637429 ], [ 108.507347, 15.635389 ], [ 108.515457, 15.632397 ], [ 108.51693, 15.630991 ], [ 108.51757, 15.619447 ], [ 108.520897, 15.61449 ], [ 108.524925, 15.612933 ], [ 108.528168, 15.61002 ], [ 108.529068, 15.606371 ], [ 108.532387, 15.602419 ], [ 108.538727, 15.599732 ], [ 108.540878, 15.599985 ], [ 108.544449, 15.597036 ], [ 108.544731, 15.59086 ], [ 108.550552, 15.58379 ], [ 108.551826, 15.578801 ], [ 108.556236, 15.570801 ], [ 108.561546, 15.567811 ], [ 108.566917, 15.563002 ], [ 108.569229, 15.556711 ], [ 108.574043, 15.55143 ], [ 108.581329, 15.548201 ], [ 108.584267, 15.546111 ], [ 108.587807, 15.538722 ], [ 108.591942, 15.533893 ], [ 108.593063, 15.52917 ], [ 108.587463, 15.525451 ], [ 108.579018, 15.532224 ], [ 108.576691, 15.529681 ], [ 108.581818, 15.52571 ], [ 108.585938, 15.523452 ], [ 108.588333, 15.518891 ], [ 108.580292, 15.513613 ], [ 108.577774, 15.511388 ], [ 108.576393, 15.50722 ], [ 108.577957, 15.502372 ], [ 108.585281, 15.490833 ], [ 108.58667, 15.483601 ], [ 108.586479, 15.480529 ], [ 108.595291, 15.4727 ], [ 108.598076, 15.471449 ], [ 108.601982, 15.472547 ], [ 108.604462, 15.475 ], [ 108.606392, 15.480561 ], [ 108.609444, 15.483334 ], [ 108.610558, 15.480556 ], [ 108.616112, 15.476944 ], [ 108.621666, 15.477792 ], [ 108.628052, 15.47528 ], [ 108.62722, 15.470831 ], [ 108.628891, 15.468055 ], [ 108.627777, 15.461389 ], [ 108.625557, 15.463059 ], [ 108.622681, 15.461311 ], [ 108.623978, 15.459171 ], [ 108.622353, 15.456931 ], [ 108.623421, 15.4534 ], [ 108.627296, 15.452249 ], [ 108.627266, 15.450301 ], [ 108.631416, 15.44752 ], [ 108.633926, 15.447586 ], [ 108.638443, 15.44187 ], [ 108.641533, 15.43937 ], [ 108.643387, 15.44087 ], [ 108.650238, 15.441102 ], [ 108.651871, 15.437857 ], [ 108.655121, 15.43558 ], [ 108.661972, 15.434048 ], [ 108.664528, 15.43163 ], [ 108.670349, 15.443862 ], [ 108.673782, 15.438433 ], [ 108.676506, 15.437738 ], [ 108.679871, 15.443201 ], [ 108.676903, 15.44551 ], [ 108.681107, 15.449095 ], [ 108.676109, 15.461111 ], [ 108.668633, 15.460933 ], [ 108.668053, 15.462161 ], [ 108.677078, 15.467501 ], [ 108.678162, 15.47162 ], [ 108.684563, 15.47412 ], [ 108.683998, 15.476044 ], [ 108.686211, 15.480711 ], [ 108.683716, 15.48356 ], [ 108.687805, 15.486261 ], [ 108.689705, 15.485532 ], [ 108.692642, 15.481864 ], [ 108.690315, 15.475936 ], [ 108.694473, 15.47378 ], [ 108.697319, 15.470036 ], [ 108.698181, 15.464411 ], [ 108.701569, 15.456846 ], [ 108.699532, 15.455871 ], [ 108.697746, 15.451871 ], [ 108.697502, 15.447308 ], [ 108.695763, 15.444509 ], [ 108.696609, 15.440692 ], [ 108.701759, 15.433699 ], [ 108.703949, 15.432081 ], [ 108.712486, 15.42288 ], [ 108.726021, 15.40934 ], [ 108.727364, 15.408818 ], [ 108.736107, 15.399171 ], [ 108.738052, 15.398235 ], [ 108.735107, 15.39272 ], [ 108.726204, 15.381331 ], [ 108.726517, 15.377226 ], [ 108.719917, 15.373631 ], [ 108.712257, 15.370763 ], [ 108.706741, 15.371115 ], [ 108.700783, 15.372707 ], [ 108.697647, 15.370086 ], [ 108.694633, 15.370095 ], [ 108.691101, 15.368153 ], [ 108.686584, 15.368719 ], [ 108.678452, 15.366167 ], [ 108.674873, 15.36776 ], [ 108.671173, 15.364182 ], [ 108.665092, 15.365701 ], [ 108.661461, 15.369626 ], [ 108.658379, 15.365586 ], [ 108.654755, 15.367187 ], [ 108.647743, 15.36624 ], [ 108.641212, 15.367915 ], [ 108.639381, 15.363888 ], [ 108.633339, 15.362368 ], [ 108.631248, 15.358739 ], [ 108.625496, 15.357147 ], [ 108.621094, 15.354989 ], [ 108.616508, 15.354496 ], [ 108.614349, 15.352892 ], [ 108.610626, 15.353346 ], [ 108.601334, 15.351708 ], [ 108.601776, 15.346164 ], [ 108.600739, 15.345426 ], [ 108.587891, 15.343299 ], [ 108.58065, 15.344638 ], [ 108.573036, 15.341846 ], [ 108.570137, 15.339747 ], [ 108.559174, 15.333926 ], [ 108.552795, 15.336075 ], [ 108.549347, 15.334547 ], [ 108.543953, 15.335129 ], [ 108.541039, 15.330182 ], [ 108.536491, 15.32834 ], [ 108.53392, 15.329955 ], [ 108.530716, 15.325207 ], [ 108.526115, 15.320653 ], [ 108.52034, 15.322275 ], [ 108.512062, 15.323018 ], [ 108.505226, 15.326713 ], [ 108.499794, 15.324194 ], [ 108.497437, 15.318422 ], [ 108.493965, 15.314126 ], [ 108.489326, 15.311469 ], [ 108.486465, 15.308329 ], [ 108.484291, 15.307602 ], [ 108.47921, 15.308264 ], [ 108.47718, 15.310863 ], [ 108.475113, 15.309755 ], [ 108.4655, 15.309694 ], [ 108.463326, 15.308695 ], [ 108.452919, 15.310334 ], [ 108.450882, 15.309868 ], [ 108.447701, 15.311963 ], [ 108.440063, 15.31187 ], [ 108.437004, 15.313069 ], [ 108.435387, 15.317286 ], [ 108.434715, 15.323517 ], [ 108.433601, 15.325237 ], [ 108.428139, 15.325021 ], [ 108.426964, 15.319843 ], [ 108.424515, 15.314278 ], [ 108.418045, 15.307601 ], [ 108.415619, 15.306131 ], [ 108.406189, 15.309756 ], [ 108.402611, 15.308569 ], [ 108.403313, 15.30072 ], [ 108.392616, 15.297837 ], [ 108.388466, 15.300756 ], [ 108.380539, 15.303201 ], [ 108.378288, 15.302744 ], [ 108.364685, 15.295922 ], [ 108.36393, 15.294197 ], [ 108.353882, 15.296319 ], [ 108.351639, 15.295491 ], [ 108.341057, 15.297741 ], [ 108.337395, 15.29639 ], [ 108.328865, 15.299775 ], [ 108.321854, 15.301006 ], [ 108.318962, 15.300757 ], [ 108.314224, 15.29759 ], [ 108.310379, 15.291086 ], [ 108.300133, 15.283695 ], [ 108.300011, 15.278171 ], [ 108.302856, 15.276947 ], [ 108.304733, 15.274323 ], [ 108.305756, 15.267984 ], [ 108.302307, 15.257537 ], [ 108.299667, 15.255262 ], [ 108.293343, 15.252631 ], [ 108.290977, 15.247236 ], [ 108.287445, 15.2447 ], [ 108.281578, 15.24384 ], [ 108.28125, 15.242366 ], [ 108.28492, 15.235608 ], [ 108.288635, 15.234029 ], [ 108.289635, 15.232084 ], [ 108.286247, 15.227722 ], [ 108.293968, 15.228688 ], [ 108.300583, 15.225895 ], [ 108.306328, 15.225851 ], [ 108.308037, 15.222079 ], [ 108.306625, 15.215743 ], [ 108.30426, 15.209417 ], [ 108.299461, 15.206314 ], [ 108.297318, 15.203921 ], [ 108.289558, 15.202249 ], [ 108.288696, 15.201256 ], [ 108.293983, 15.194513 ], [ 108.297981, 15.194373 ], [ 108.302094, 15.19255 ], [ 108.303429, 15.187386 ], [ 108.301003, 15.185527 ], [ 108.299805, 15.181631 ], [ 108.303162, 15.178209 ], [ 108.30558, 15.173858 ], [ 108.30439, 15.171318 ], [ 108.297424, 15.169962 ], [ 108.293617, 15.166513 ], [ 108.291046, 15.161824 ], [ 108.289101, 15.160733 ], [ 108.289627, 15.157748 ], [ 108.283951, 15.153787 ], [ 108.283302, 15.148571 ], [ 108.281044, 15.144388 ], [ 108.276382, 15.143317 ], [ 108.27861, 15.139915 ], [ 108.274452, 15.136873 ], [ 108.275017, 15.131132 ], [ 108.273201, 15.128991 ], [ 108.270546, 15.129383 ], [ 108.268364, 15.126619 ], [ 108.263748, 15.124075 ], [ 108.262306, 15.119927 ], [ 108.257492, 15.115611 ], [ 108.257149, 15.111244 ], [ 108.259514, 15.105826 ], [ 108.258804, 15.10193 ], [ 108.259529, 15.09759 ], [ 108.256096, 15.093352 ], [ 108.256653, 15.090413 ], [ 108.251343, 15.084624 ], [ 108.244598, 15.083564 ], [ 108.240913, 15.080639 ], [ 108.235672, 15.078809 ], [ 108.235954, 15.075183 ], [ 108.240051, 15.068841 ], [ 108.241699, 15.064852 ], [ 108.237549, 15.049143 ], [ 108.23761, 15.046494 ], [ 108.242836, 15.041841 ], [ 108.242378, 15.03733 ], [ 108.238739, 15.031144 ], [ 108.237732, 15.032073 ], [ 108.228622, 15.032029 ], [ 108.225563, 15.029704 ], [ 108.222458, 15.030716 ], [ 108.219864, 15.029766 ], [ 108.215385, 15.032786 ], [ 108.212303, 15.032035 ], [ 108.209778, 15.033092 ], [ 108.207985, 15.037457 ], [ 108.198936, 15.044163 ], [ 108.19381, 15.040615 ], [ 108.191383, 15.045868 ], [ 108.191422, 15.048791 ], [ 108.18631, 15.052703 ], [ 108.183838, 15.055748 ], [ 108.178337, 15.058548 ], [ 108.176422, 15.060361 ], [ 108.169662, 15.062057 ], [ 108.166023, 15.05995 ], [ 108.161865, 15.061222 ], [ 108.157974, 15.058162 ], [ 108.155197, 15.053647 ], [ 108.148491, 15.049926 ], [ 108.148315, 15.046718 ], [ 108.146545, 15.043772 ], [ 108.151276, 15.037702 ], [ 108.149399, 15.033778 ], [ 108.152359, 15.027235 ], [ 108.148773, 15.022523 ], [ 108.149063, 15.018365 ], [ 108.151741, 15.008793 ], [ 108.14962, 15.001878 ], [ 108.154831, 14.997895 ], [ 108.156929, 14.991282 ], [ 108.158913, 14.979302 ], [ 108.162636, 14.974553 ], [ 108.157501, 14.971407 ], [ 108.154686, 14.967565 ], [ 108.148811, 14.962483 ], [ 108.137482, 14.961793 ], [ 108.132843, 14.958594 ], [ 108.12867, 14.95872 ], [ 108.126564, 14.960146 ], [ 108.122231, 14.960315 ], [ 108.117668, 14.959282 ], [ 108.10675, 14.951435 ], [ 108.09446, 14.952873 ], [ 108.087715, 14.951502 ], [ 108.086037, 14.956239 ], [ 108.086723, 14.962637 ], [ 108.082275, 14.966518 ], [ 108.073563, 14.968654 ], [ 108.068573, 14.967056 ], [ 108.062897, 14.968654 ], [ 108.056694, 14.977562 ], [ 108.047203, 14.991966 ], [ 108.026627, 14.997968 ], [ 108.024033, 14.997912 ], [ 108.016914, 15.001961 ], [ 108.015167, 15.000517 ], [ 108.008217, 14.997369 ], [ 108.006599, 14.999963 ], [ 108.002907, 15.002012 ], [ 107.994553, 15.000445 ], [ 107.990349, 14.998323 ], [ 107.986351, 15.001312 ], [ 107.982849, 15.006268 ], [ 107.982712, 15.009249 ], [ 107.978432, 15.009863 ], [ 107.973373, 15.012178 ], [ 107.969704, 15.014756 ], [ 107.9692, 15.01646 ], [ 107.964478, 15.021227 ], [ 107.962463, 15.027812 ], [ 107.959381, 15.032912 ], [ 107.958321, 15.038121 ], [ 107.958611, 15.043885 ], [ 107.95298, 15.048362 ], [ 107.951164, 15.053509 ], [ 107.954582, 15.058306 ], [ 107.957024, 15.059055 ], [ 107.959007, 15.061663 ], [ 107.964058, 15.065522 ], [ 107.967812, 15.065671 ], [ 107.975227, 15.068873 ], [ 107.976044, 15.071549 ], [ 107.974937, 15.074281 ], [ 107.978249, 15.079266 ], [ 107.975578, 15.083049 ], [ 107.975151, 15.085541 ], [ 107.979591, 15.085434 ], [ 107.983498, 15.087756 ], [ 107.98288, 15.092065 ], [ 107.988235, 15.095483 ], [ 107.987473, 15.098784 ], [ 107.990601, 15.102878 ], [ 107.992821, 15.110316 ], [ 107.995422, 15.114655 ], [ 107.999962, 15.117741 ], [ 108.000717, 15.120771 ], [ 107.998428, 15.123239 ], [ 107.998016, 15.127702 ], [ 108.000748, 15.130567 ], [ 108.000923, 15.135579 ], [ 108.002983, 15.138382 ], [ 108.00309, 15.142285 ], [ 108.001381, 15.147532 ], [ 107.999809, 15.149544 ], [ 107.99942, 15.156156 ], [ 107.99398, 15.157413 ], [ 107.992188, 15.15677 ], [ 107.98616, 15.159255 ], [ 107.982101, 15.16449 ], [ 107.981789, 15.166401 ], [ 107.978226, 15.166514 ], [ 107.968826, 15.169039 ], [ 107.964806, 15.169513 ], [ 107.962173, 15.172313 ], [ 107.957047, 15.173919 ], [ 107.949982, 15.175196 ], [ 107.949135, 15.17952 ], [ 107.949326, 15.184175 ], [ 107.946404, 15.18807 ], [ 107.944435, 15.187853 ], [ 107.940987, 15.190362 ], [ 107.937752, 15.190463 ], [ 107.933167, 15.195186 ], [ 107.933563, 15.200546 ], [ 107.930664, 15.203178 ], [ 107.930534, 15.206694 ], [ 107.927521, 15.209642 ], [ 107.920341, 15.21025 ], [ 107.914001, 15.212037 ], [ 107.910698, 15.207506 ], [ 107.905952, 15.20629 ], [ 107.903168, 15.206561 ], [ 107.898224, 15.20411 ], [ 107.896194, 15.200302 ], [ 107.890923, 15.193042 ], [ 107.886108, 15.19572 ], [ 107.882469, 15.196513 ], [ 107.879295, 15.20172 ], [ 107.874535, 15.206226 ], [ 107.871948, 15.21015 ], [ 107.861458, 15.210687 ], [ 107.856567, 15.209046 ], [ 107.854523, 15.210161 ], [ 107.850487, 15.209703 ], [ 107.847382, 15.206694 ], [ 107.840546, 15.208353 ], [ 107.837105, 15.207316 ], [ 107.82782, 15.209629 ], [ 107.824989, 15.212651 ], [ 107.818466, 15.216395 ], [ 107.814384, 15.213425 ], [ 107.808411, 15.212182 ], [ 107.802124, 15.214035 ], [ 107.79734, 15.216844 ], [ 107.792458, 15.217387 ], [ 107.787621, 15.218871 ], [ 107.778275, 15.217977 ], [ 107.770576, 15.222929 ], [ 107.770836, 15.229804 ], [ 107.75843, 15.235438 ], [ 107.754219, 15.236298 ], [ 107.751526, 15.233185 ], [ 107.746696, 15.230332 ], [ 107.742821, 15.230723 ], [ 107.738129, 15.229333 ], [ 107.734245, 15.231306 ], [ 107.733635, 15.235853 ], [ 107.737709, 15.23566 ], [ 107.735298, 15.242439 ], [ 107.734657, 15.248339 ], [ 107.733376, 15.252918 ], [ 107.73156, 15.255734 ], [ 107.732277, 15.26146 ], [ 107.729637, 15.263571 ], [ 107.728905, 15.267269 ], [ 107.729813, 15.27185 ], [ 107.728569, 15.277827 ], [ 107.729141, 15.28258 ], [ 107.726608, 15.289108 ], [ 107.729507, 15.295453 ], [ 107.729591, 15.300121 ], [ 107.727043, 15.303024 ], [ 107.731216, 15.306024 ], [ 107.729668, 15.308313 ], [ 107.71476, 15.307734 ], [ 107.709633, 15.305993 ], [ 107.707191, 15.303424 ], [ 107.703384, 15.308976 ], [ 107.692528, 15.317551 ], [ 107.690826, 15.325078 ], [ 107.685944, 15.327372 ], [ 107.681076, 15.333308 ], [ 107.678505, 15.334581 ], [ 107.678902, 15.339295 ], [ 107.676582, 15.343552 ], [ 107.673363, 15.343295 ], [ 107.669815, 15.344703 ], [ 107.662476, 15.354357 ], [ 107.662048, 15.358374 ], [ 107.663994, 15.361936 ], [ 107.662621, 15.367757 ], [ 107.659363, 15.372093 ], [ 107.660843, 15.378894 ], [ 107.661201, 15.384835 ], [ 107.659302, 15.389008 ], [ 107.65522, 15.393316 ], [ 107.65416, 15.397614 ], [ 107.644875, 15.404563 ], [ 107.638588, 15.412351 ], [ 107.637756, 15.415371 ], [ 107.631584, 15.417533 ], [ 107.629044, 15.415583 ], [ 107.624054, 15.414702 ], [ 107.618896, 15.417289 ], [ 107.610191, 15.416894 ], [ 107.607903, 15.419213 ], [ 107.603668, 15.420969 ], [ 107.601738, 15.42017 ], [ 107.599831, 15.415339 ], [ 107.593956, 15.413041 ], [ 107.591309, 15.413524 ], [ 107.587921, 15.412342 ], [ 107.581596, 15.407006 ], [ 107.575104, 15.400701 ], [ 107.573975, 15.398131 ], [ 107.570557, 15.397591 ], [ 107.567421, 15.395714 ], [ 107.561584, 15.394111 ], [ 107.554291, 15.396709 ], [ 107.550262, 15.399794 ], [ 107.544525, 15.40536 ], [ 107.539948, 15.406843 ], [ 107.535202, 15.404093 ], [ 107.532921, 15.406439 ], [ 107.529831, 15.405637 ], [ 107.528229, 15.408174 ], [ 107.524475, 15.411095 ], [ 107.520607, 15.412633 ], [ 107.517097, 15.417417 ], [ 107.518631, 15.421479 ], [ 107.518173, 15.423585 ], [ 107.521782, 15.427769 ], [ 107.52253, 15.432725 ], [ 107.525749, 15.436873 ], [ 107.526184, 15.442252 ], [ 107.521584, 15.445995 ], [ 107.522926, 15.449859 ], [ 107.521492, 15.451999 ], [ 107.52198, 15.455959 ], [ 107.519554, 15.458874 ], [ 107.515106, 15.459904 ], [ 107.516647, 15.463072 ], [ 107.514442, 15.465445 ], [ 107.512787, 15.47299 ], [ 107.509132, 15.474266 ], [ 107.499916, 15.474832 ], [ 107.494766, 15.478328 ], [ 107.488083, 15.478801 ], [ 107.481468, 15.476951 ], [ 107.477623, 15.478126 ], [ 107.477226, 15.481425 ], [ 107.480873, 15.483015 ], [ 107.482178, 15.486554 ], [ 107.479698, 15.49134 ], [ 107.477142, 15.49137 ], [ 107.475761, 15.4936 ], [ 107.470566, 15.496525 ], [ 107.468498, 15.498627 ], [ 107.465752, 15.497816 ], [ 107.460403, 15.498824 ], [ 107.454544, 15.503104 ], [ 107.450928, 15.503701 ], [ 107.443794, 15.502499 ], [ 107.440002, 15.50342 ], [ 107.433456, 15.503548 ], [ 107.42942, 15.499696 ], [ 107.431221, 15.492224 ], [ 107.42984, 15.489924 ], [ 107.427284, 15.489954 ], [ 107.423096, 15.492836 ], [ 107.418503, 15.490518 ], [ 107.415291, 15.490898 ], [ 107.413925, 15.494674 ], [ 107.41011, 15.491771 ], [ 107.407761, 15.493346 ], [ 107.401466, 15.49229 ], [ 107.395828, 15.492772 ], [ 107.39415, 15.494684 ], [ 107.388359, 15.4953 ], [ 107.385307, 15.492616 ], [ 107.381477, 15.494151 ], [ 107.381462, 15.497524 ], [ 107.378456, 15.501358 ], [ 107.380074, 15.504174 ], [ 107.380005, 15.508522 ], [ 107.377556, 15.512095 ], [ 107.378502, 15.517414 ], [ 107.375305, 15.521735 ], [ 107.374557, 15.52534 ], [ 107.375336, 15.529483 ], [ 107.370239, 15.53784 ], [ 107.368858, 15.541852 ], [ 107.364845, 15.547326 ], [ 107.364929, 15.554667 ], [ 107.363976, 15.558109 ], [ 107.366249, 15.560918 ], [ 107.364632, 15.56575 ], [ 107.364677, 15.5699 ], [ 107.359276, 15.571909 ], [ 107.356354, 15.569848 ], [ 107.352486, 15.569177 ], [ 107.349266, 15.572729 ], [ 107.344986, 15.572915 ], [ 107.342773, 15.57582 ], [ 107.344673, 15.580635 ], [ 107.348351, 15.587552 ], [ 107.353424, 15.588788 ], [ 107.353302, 15.592557 ], [ 107.350647, 15.599185 ], [ 107.348351, 15.602343 ], [ 107.342377, 15.603645 ], [ 107.34343, 15.613774 ], [ 107.338692, 15.616571 ], [ 107.335037, 15.621948 ], [ 107.324341, 15.623217 ], [ 107.316513, 15.626348 ], [ 107.309967, 15.62507 ], [ 107.304382, 15.625785 ], [ 107.301414, 15.624221 ], [ 107.290482, 15.623923 ], [ 107.284332, 15.627592 ], [ 107.282715, 15.630715 ], [ 107.278137, 15.632436 ], [ 107.275383, 15.635654 ], [ 107.276352, 15.638089 ], [ 107.274063, 15.644545 ], [ 107.277626, 15.650343 ], [ 107.276741, 15.652907 ], [ 107.273071, 15.655173 ], [ 107.266869, 15.65367 ], [ 107.265022, 15.65407 ], [ 107.263573, 15.658757 ], [ 107.264442, 15.663118 ], [ 107.268425, 15.671855 ], [ 107.274147, 15.679196 ], [ 107.275536, 15.684643 ], [ 107.27282, 15.68798 ], [ 107.273827, 15.691934 ], [ 107.276543, 15.695875 ], [ 107.274902, 15.704132 ], [ 107.276222, 15.707255 ], [ 107.272324, 15.70708 ], [ 107.26693, 15.710361 ], [ 107.265991, 15.713079 ], [ 107.266685, 15.720006 ], [ 107.261986, 15.720243 ], [ 107.259048, 15.721788 ], [ 107.254898, 15.72134 ], [ 107.252327, 15.722371 ], [ 107.247864, 15.728195 ], [ 107.248505, 15.730693 ], [ 107.250977, 15.731551 ], [ 107.253708, 15.735366 ], [ 107.253899, 15.738477 ], [ 107.249832, 15.744005 ], [ 107.247444, 15.745244 ], [ 107.239418, 15.744828 ], [ 107.236748, 15.743833 ], [ 107.221695, 15.742378 ], [ 107.217628, 15.73929 ], [ 107.212646, 15.738902 ], [ 107.212456, 15.743502 ], [ 107.211182, 15.749889 ], [ 107.210976, 15.757283 ], [ 107.216225, 15.760032 ], [ 107.218102, 15.77001 ], [ 107.219223, 15.772798 ], [ 107.21875, 15.777126 ], [ 107.223503, 15.781953 ], [ 107.228966, 15.78406 ], [ 107.22673, 15.789179 ], [ 107.227592, 15.791605 ], [ 107.225983, 15.794392 ], [ 107.225487, 15.800718 ], [ 107.227829, 15.803357 ], [ 107.22094, 15.811984 ], [ 107.22036, 15.814513 ], [ 107.216736, 15.821361 ], [ 107.214592, 15.824101 ], [ 107.210464, 15.826138 ], [ 107.21563, 15.829854 ], [ 107.218567, 15.829052 ], [ 107.220276, 15.83083 ], [ 107.22123, 15.836004 ], [ 107.223778, 15.83595 ], [ 107.228325, 15.838533 ], [ 107.231361, 15.838499 ], [ 107.231918, 15.842072 ], [ 107.233978, 15.843959 ], [ 107.238937, 15.842169 ], [ 107.24614, 15.837547 ], [ 107.249542, 15.839476 ], [ 107.25106, 15.842238 ], [ 107.256248, 15.848385 ], [ 107.260788, 15.850507 ], [ 107.267197, 15.85146 ], [ 107.270142, 15.854335 ], [ 107.269974, 15.858493 ], [ 107.27459, 15.861664 ], [ 107.277397, 15.858147 ], [ 107.280823, 15.857861 ], [ 107.2855, 15.860145 ], [ 107.288094, 15.864773 ], [ 107.294655, 15.865961 ], [ 107.297943, 15.868539 ], [ 107.301704, 15.864881 ], [ 107.307259, 15.867312 ], [ 107.312881, 15.868044 ], [ 107.313622, 15.872485 ], [ 107.316628, 15.876039 ], [ 107.317307, 15.880669 ], [ 107.324913, 15.881172 ], [ 107.328308, 15.886905 ], [ 107.335045, 15.888607 ], [ 107.339088, 15.891024 ], [ 107.342339, 15.891532 ], [ 107.346443, 15.893741 ], [ 107.351562, 15.894018 ], [ 107.356529, 15.891855 ], [ 107.364258, 15.892131 ], [ 107.368713, 15.8935 ], [ 107.370132, 15.891045 ], [ 107.37355, 15.888451 ], [ 107.382622, 15.884825 ], [ 107.386238, 15.887484 ], [ 107.392654, 15.88724 ], [ 107.396797, 15.890055 ], [ 107.401131, 15.897362 ], [ 107.404457, 15.898781 ], [ 107.405632, 15.903404 ], [ 107.408592, 15.909035 ], [ 107.411186, 15.911158 ], [ 107.414917, 15.912117 ], [ 107.417953, 15.920912 ], [ 107.417953, 15.924356 ], [ 107.419357, 15.926602 ], [ 107.422302, 15.926438 ], [ 107.427406, 15.930981 ], [ 107.427917, 15.933604 ], [ 107.426376, 15.936646 ], [ 107.429764, 15.9449 ], [ 107.431648, 15.954695 ], [ 107.433334, 15.956906 ], [ 107.433533, 15.960505 ], [ 107.43766, 15.96434 ], [ 107.439766, 15.970031 ], [ 107.446487, 15.982741 ], [ 107.442238, 15.988823 ], [ 107.443069, 15.990299 ], [ 107.447769, 15.988883 ], [ 107.451462, 15.990556 ], [ 107.452972, 15.997954 ], [ 107.454559, 15.99983 ], [ 107.454552, 16.005136 ], [ 107.456902, 16.009281 ], [ 107.459465, 16.011017 ], [ 107.46331, 16.016268 ], [ 107.464279, 16.022352 ], [ 107.466194, 16.025106 ], [ 107.462601, 16.028416 ], [ 107.457191, 16.02939 ], [ 107.456062, 16.03359 ], [ 107.452698, 16.037016 ], [ 107.446426, 16.038309 ], [ 107.446396, 16.043167 ], [ 107.445145, 16.054159 ], [ 107.448418, 16.058586 ], [ 107.448265, 16.061831 ], [ 107.453041, 16.067055 ], [ 107.459503, 16.071316 ], [ 107.460114, 16.073248 ], [ 107.45536, 16.083216 ], [ 107.45163, 16.085556 ], [ 107.45211, 16.087227 ], [ 107.445244, 16.091198 ], [ 107.444481, 16.085974 ], [ 107.442291, 16.082962 ], [ 107.43924, 16.082165 ], [ 107.434044, 16.083488 ], [ 107.431213, 16.079912 ], [ 107.426292, 16.078014 ], [ 107.42205, 16.079306 ], [ 107.420509, 16.07843 ], [ 107.416832, 16.081638 ], [ 107.411018, 16.084593 ], [ 107.402534, 16.07814 ], [ 107.402039, 16.071461 ], [ 107.399704, 16.069166 ], [ 107.399414, 16.063454 ], [ 107.398132, 16.062517 ], [ 107.390938, 16.063749 ], [ 107.387665, 16.06263 ], [ 107.383514, 16.068041 ], [ 107.376808, 16.074186 ], [ 107.372787, 16.071005 ], [ 107.368942, 16.063931 ], [ 107.364944, 16.061323 ], [ 107.360947, 16.06159 ], [ 107.35717, 16.063444 ], [ 107.350143, 16.06175 ], [ 107.345169, 16.062286 ], [ 107.342384, 16.058281 ], [ 107.337875, 16.05558 ], [ 107.333252, 16.05662 ], [ 107.329765, 16.059011 ], [ 107.328316, 16.062271 ], [ 107.328331, 16.066189 ], [ 107.324173, 16.070171 ], [ 107.318291, 16.070066 ], [ 107.313652, 16.074142 ], [ 107.312744, 16.078485 ], [ 107.310295, 16.07873 ], [ 107.30632, 16.08182 ], [ 107.301857, 16.08979 ], [ 107.30146, 16.092733 ], [ 107.29361, 16.100445 ], [ 107.29261, 16.10486 ], [ 107.289902, 16.107586 ], [ 107.288956, 16.111712 ], [ 107.284492, 16.115232 ], [ 107.283195, 16.118736 ], [ 107.277878, 16.116074 ], [ 107.270317, 16.116127 ], [ 107.266151, 16.119001 ], [ 107.26442, 16.129423 ], [ 107.261711, 16.13698 ], [ 107.256554, 16.136362 ], [ 107.254639, 16.135077 ], [ 107.246498, 16.142166 ], [ 107.245735, 16.145647 ], [ 107.241554, 16.147665 ], [ 107.234932, 16.146244 ], [ 107.224098, 16.141426 ], [ 107.223282, 16.137524 ], [ 107.219582, 16.141125 ], [ 107.212936, 16.141363 ], [ 107.206512, 16.145527 ], [ 107.201569, 16.145205 ], [ 107.19754, 16.143978 ], [ 107.187386, 16.149284 ], [ 107.18531, 16.152258 ], [ 107.182991, 16.152067 ], [ 107.177048, 16.15694 ], [ 107.174736, 16.158007 ], [ 107.171692, 16.163904 ], [ 107.168961, 16.166706 ], [ 107.165604, 16.166096 ], [ 107.159607, 16.167753 ], [ 107.156219, 16.171497 ], [ 107.156548, 16.176567 ], [ 107.153091, 16.184662 ], [ 107.150047, 16.186829 ], [ 107.147278, 16.19297 ], [ 107.148575, 16.194338 ], [ 107.148529, 16.199736 ], [ 107.146049, 16.202059 ], [ 107.146973, 16.208834 ], [ 107.146217, 16.21118 ], [ 107.143311, 16.213877 ], [ 107.146042, 16.221678 ], [ 107.150475, 16.22576 ], [ 107.153824, 16.230694 ], [ 107.15374, 16.233145 ], [ 107.148537, 16.235764 ], [ 107.148186, 16.238569 ], [ 107.15097, 16.240372 ], [ 107.153572, 16.246857 ], [ 107.15258, 16.25135 ], [ 107.155693, 16.256706 ], [ 107.152451, 16.259052 ], [ 107.151169, 16.262512 ], [ 107.147789, 16.264301 ], [ 107.144287, 16.27091 ], [ 107.133568, 16.278088 ], [ 107.123589, 16.285475 ], [ 107.116486, 16.289791 ], [ 107.110138, 16.294538 ], [ 107.094795, 16.305174 ], [ 107.090652, 16.307688 ], [ 107.085175, 16.312275 ], [ 107.080399, 16.312145 ], [ 107.07589, 16.309511 ], [ 107.071655, 16.304417 ], [ 107.069145, 16.303934 ], [ 107.06073, 16.305035 ], [ 107.051491, 16.304773 ], [ 107.048485, 16.302271 ], [ 107.045753, 16.294497 ], [ 107.043518, 16.295464 ], [ 107.040245, 16.301394 ], [ 107.035553, 16.305304 ], [ 107.027267, 16.310509 ], [ 107.024734, 16.309891 ], [ 107.021317, 16.304138 ], [ 107.019577, 16.3029 ], [ 107.015228, 16.303591 ], [ 107.014946, 16.308451 ], [ 107.007278, 16.312897 ], [ 107.003929, 16.313334 ], [ 106.993851, 16.307869 ], [ 106.990509, 16.309084 ], [ 106.986488, 16.306389 ], [ 106.981895, 16.304543 ], [ 106.978073, 16.3041 ], [ 106.970116, 16.301865 ], [ 106.963646, 16.301979 ], [ 106.959702, 16.304243 ], [ 106.958885, 16.309942 ], [ 106.960564, 16.314465 ], [ 106.964294, 16.319897 ], [ 106.96711, 16.3363 ], [ 106.965225, 16.337248 ], [ 106.966927, 16.347151 ], [ 106.963516, 16.354841 ], [ 106.951477, 16.358727 ], [ 106.941223, 16.36348 ], [ 106.92836, 16.366726 ], [ 106.923065, 16.36903 ], [ 106.917267, 16.374521 ], [ 106.914398, 16.379732 ], [ 106.907936, 16.382181 ], [ 106.897217, 16.391081 ], [ 106.895233, 16.402245 ], [ 106.891716, 16.407442 ], [ 106.891197, 16.409607 ], [ 106.894264, 16.41309 ], [ 106.893723, 16.416725 ], [ 106.894585, 16.41979 ], [ 106.897385, 16.422182 ], [ 106.897667, 16.425989 ], [ 106.891022, 16.426668 ], [ 106.886215, 16.421526 ], [ 106.881424, 16.423738 ], [ 106.873543, 16.426064 ], [ 106.871124, 16.429298 ], [ 106.870766, 16.43508 ], [ 106.876007, 16.439653 ], [ 106.878502, 16.444338 ], [ 106.882881, 16.447933 ], [ 106.886986, 16.449392 ], [ 106.887398, 16.453051 ], [ 106.885902, 16.455429 ], [ 106.886314, 16.461937 ], [ 106.883041, 16.467518 ], [ 106.877975, 16.468513 ], [ 106.876137, 16.471582 ], [ 106.876083, 16.4755 ], [ 106.878624, 16.47821 ], [ 106.877327, 16.482927 ], [ 106.87854, 16.48489 ], [ 106.886101, 16.491022 ], [ 106.887634, 16.502926 ], [ 106.886597, 16.505901 ], [ 106.886841, 16.509768 ], [ 106.8899, 16.511566 ], [ 106.886047, 16.521887 ], [ 106.880836, 16.52347 ], [ 106.87825, 16.525146 ], [ 106.876175, 16.531073 ], [ 106.866463, 16.534552 ], [ 106.862808, 16.53791 ], [ 106.862251, 16.541082 ], [ 106.850304, 16.543673 ], [ 106.842613, 16.547993 ], [ 106.836296, 16.549543 ], [ 106.830574, 16.549053 ], [ 106.829277, 16.546415 ], [ 106.830124, 16.542526 ], [ 106.828667, 16.537416 ], [ 106.823975, 16.531256 ], [ 106.823738, 16.527781 ], [ 106.828018, 16.522003 ], [ 106.825058, 16.514484 ], [ 106.822891, 16.512968 ], [ 106.822289, 16.508783 ], [ 106.818947, 16.504492 ], [ 106.818443, 16.501116 ], [ 106.819687, 16.499075 ], [ 106.814728, 16.492849 ], [ 106.806198, 16.478563 ], [ 106.804909, 16.475435 ], [ 106.804428, 16.470478 ], [ 106.80127, 16.463799 ], [ 106.79615, 16.475412 ], [ 106.78566, 16.472979 ], [ 106.780136, 16.470249 ], [ 106.773087, 16.469688 ], [ 106.769943, 16.466507 ], [ 106.773453, 16.463299 ], [ 106.774895, 16.459133 ], [ 106.772362, 16.453505 ], [ 106.772682, 16.447302 ], [ 106.774658, 16.442917 ], [ 106.772285, 16.438597 ], [ 106.771645, 16.432545 ], [ 106.763092, 16.425373 ], [ 106.757446, 16.423809 ], [ 106.745308, 16.423761 ], [ 106.744911, 16.415972 ], [ 106.739754, 16.410904 ], [ 106.737503, 16.412348 ], [ 106.737244, 16.418526 ], [ 106.735329, 16.420397 ], [ 106.733498, 16.424963 ], [ 106.735626, 16.436502 ], [ 106.732826, 16.439787 ], [ 106.727974, 16.438169 ], [ 106.724602, 16.436028 ], [ 106.72348, 16.433496 ], [ 106.729095, 16.42992 ], [ 106.727806, 16.425941 ], [ 106.725388, 16.424986 ], [ 106.718323, 16.431288 ], [ 106.714912, 16.433023 ], [ 106.701241, 16.435799 ], [ 106.694656, 16.439833 ], [ 106.689491, 16.438774 ], [ 106.686317, 16.440248 ], [ 106.685921, 16.442778 ], [ 106.687759, 16.445541 ], [ 106.690216, 16.446466 ], [ 106.691589, 16.450609 ], [ 106.684402, 16.457436 ], [ 106.682266, 16.457695 ], [ 106.677849, 16.451937 ], [ 106.675156, 16.452656 ], [ 106.673729, 16.45594 ], [ 106.672958, 16.461493 ], [ 106.673996, 16.47221 ], [ 106.673447, 16.475494 ], [ 106.668808, 16.476408 ], [ 106.662643, 16.472685 ], [ 106.660149, 16.474817 ], [ 106.661041, 16.482576 ], [ 106.663239, 16.487387 ], [ 106.659233, 16.491316 ], [ 106.659233, 16.493221 ], [ 106.662224, 16.495495 ], [ 106.663071, 16.501019 ], [ 106.664665, 16.502729 ], [ 106.663025, 16.505323 ], [ 106.659958, 16.506306 ], [ 106.653679, 16.509943 ], [ 106.652107, 16.511683 ], [ 106.652382, 16.51865 ], [ 106.646614, 16.522415 ], [ 106.647354, 16.534781 ], [ 106.647179, 16.540665 ], [ 106.65451, 16.547611 ], [ 106.65873, 16.5536 ], [ 106.66391, 16.557388 ], [ 106.671921, 16.560326 ], [ 106.671638, 16.562561 ], [ 106.663269, 16.570501 ], [ 106.661682, 16.573587 ], [ 106.661743, 16.576777 ], [ 106.666389, 16.582766 ], [ 106.661934, 16.583908 ], [ 106.657364, 16.5816 ], [ 106.652878, 16.584454 ], [ 106.647896, 16.593779 ], [ 106.643768, 16.593773 ], [ 106.638992, 16.591858 ], [ 106.632652, 16.591387 ], [ 106.630302, 16.589476 ], [ 106.631081, 16.58448 ], [ 106.629921, 16.582245 ], [ 106.626633, 16.583124 ], [ 106.624458, 16.587988 ], [ 106.623558, 16.594032 ], [ 106.625008, 16.602121 ], [ 106.616455, 16.605656 ], [ 106.609512, 16.607187 ], [ 106.597176, 16.606211 ], [ 106.58725, 16.600767 ], [ 106.585197, 16.60129 ], [ 106.582512, 16.604965 ], [ 106.581497, 16.609596 ], [ 106.584419, 16.614237 ], [ 106.590263, 16.617338 ], [ 106.58976, 16.623526 ], [ 106.587669, 16.625448 ], [ 106.577637, 16.631285 ], [ 106.57579, 16.634026 ], [ 106.571022, 16.637217 ], [ 106.566086, 16.639021 ], [ 106.564217, 16.64299 ], [ 106.564407, 16.647474 ], [ 106.566109, 16.651501 ], [ 106.566162, 16.658228 ], [ 106.563965, 16.662046 ], [ 106.565117, 16.667324 ], [ 106.55957, 16.668831 ], [ 106.553902, 16.688953 ], [ 106.55378, 16.690845 ], [ 106.550751, 16.694426 ], [ 106.550766, 16.798248 ], [ 106.550774, 16.865242 ], [ 106.538124, 16.871283 ], [ 106.53038, 16.886438 ], [ 106.518661, 16.889847 ], [ 106.513741, 16.895969 ], [ 106.517357, 16.899624 ], [ 106.519279, 16.903734 ], [ 106.515617, 16.910257 ], [ 106.516029, 16.914644 ], [ 106.518852, 16.91902 ], [ 106.518738, 16.921789 ], [ 106.523079, 16.921116 ], [ 106.52298, 16.924562 ], [ 106.529564, 16.9261 ], [ 106.534439, 16.924456 ], [ 106.542595, 16.926649 ], [ 106.546967, 16.925856 ], [ 106.547371, 16.928665 ], [ 106.54863, 16.997149 ], [ 106.548813, 16.998564 ], [ 106.548714, 17.005247 ], [ 106.546768, 17.005783 ], [ 106.543968, 17.003271 ], [ 106.542664, 16.994837 ], [ 106.536591, 16.993313 ], [ 106.532669, 16.983444 ], [ 106.530243, 16.978958 ], [ 106.522217, 16.974833 ], [ 106.514755, 16.971603 ], [ 106.509338, 16.972679 ], [ 106.505234, 16.974653 ], [ 106.50206, 16.978064 ], [ 106.496086, 16.981113 ], [ 106.487404, 16.9821 ], [ 106.478821, 16.9821 ], [ 106.471169, 16.983534 ], [ 106.464821, 16.987659 ], [ 106.462204, 16.993402 ], [ 106.461815, 16.99811 ], [ 106.460335, 17.000759 ], [ 106.456604, 17.00058 ], [ 106.45063, 16.997349 ], [ 106.441673, 16.994835 ], [ 106.437752, 16.996267 ], [ 106.433876, 17.002478 ], [ 106.42907, 17.004608 ], [ 106.426826, 17.007839 ], [ 106.42701, 17.018246 ], [ 106.423454, 17.027039 ], [ 106.422333, 17.032959 ], [ 106.414398, 17.037712 ], [ 106.405426, 17.04686 ], [ 106.401505, 17.053318 ], [ 106.401878, 17.055292 ], [ 106.405792, 17.061934 ], [ 106.408409, 17.065165 ], [ 106.412514, 17.068216 ], [ 106.413727, 17.074408 ], [ 106.415443, 17.078768 ], [ 106.409615, 17.081224 ], [ 106.407372, 17.088581 ], [ 106.39373, 17.098267 ], [ 106.389801, 17.103647 ], [ 106.381393, 17.105257 ], [ 106.375229, 17.108843 ], [ 106.37252, 17.11198 ], [ 106.371765, 17.119158 ], [ 106.369331, 17.124899 ], [ 106.365036, 17.129919 ], [ 106.355507, 17.13422 ], [ 106.355309, 17.142117 ], [ 106.35157, 17.146957 ], [ 106.34568, 17.148121 ], [ 106.345871, 17.149736 ], [ 106.350166, 17.15243 ], [ 106.355202, 17.157997 ], [ 106.353897, 17.15979 ], [ 106.350159, 17.161043 ], [ 106.34436, 17.166422 ], [ 106.338943, 17.167315 ], [ 106.337074, 17.16857 ], [ 106.331085, 17.178255 ], [ 106.327347, 17.179869 ], [ 106.325752, 17.182827 ], [ 106.325005, 17.188568 ], [ 106.321259, 17.191975 ], [ 106.321838, 17.193789 ], [ 106.326111, 17.197002 ], [ 106.325554, 17.199514 ], [ 106.319572, 17.201124 ], [ 106.316574, 17.203814 ], [ 106.306297, 17.206316 ], [ 106.303673, 17.208826 ], [ 106.306847, 17.213675 ], [ 106.30703, 17.21834 ], [ 106.311516, 17.217806 ], [ 106.314507, 17.219782 ], [ 106.319923, 17.218172 ], [ 106.323853, 17.215664 ], [ 106.328049, 17.221498 ], [ 106.328613, 17.224909 ], [ 106.333656, 17.227245 ], [ 106.332718, 17.23155 ], [ 106.333458, 17.2355 ], [ 106.32991, 17.234959 ], [ 106.322243, 17.237823 ], [ 106.3172, 17.236383 ], [ 106.31308, 17.239071 ], [ 106.306915, 17.239244 ], [ 106.307655, 17.2414 ], [ 106.312141, 17.242121 ], [ 106.317001, 17.245535 ], [ 106.317375, 17.248405 ], [ 106.315872, 17.251097 ], [ 106.309608, 17.251539 ], [ 106.307358, 17.257458 ], [ 106.304184, 17.257994 ], [ 106.305481, 17.266607 ], [ 106.30735, 17.270737 ], [ 106.307152, 17.277555 ], [ 106.304703, 17.292448 ], [ 106.303223, 17.295338 ], [ 106.29966, 17.293879 ], [ 106.296288, 17.29567 ], [ 106.285255, 17.296734 ], [ 106.277222, 17.295649 ], [ 106.274788, 17.294569 ], [ 106.27433, 17.286585 ], [ 106.279953, 17.276541 ], [ 106.279587, 17.270798 ], [ 106.276787, 17.264694 ], [ 106.274734, 17.262178 ], [ 106.268761, 17.260019 ], [ 106.264648, 17.256247 ], [ 106.260353, 17.25355 ], [ 106.253067, 17.252106 ], [ 106.250641, 17.249769 ], [ 106.250641, 17.245642 ], [ 106.247841, 17.244741 ], [ 106.245033, 17.249582 ], [ 106.239426, 17.249037 ], [ 106.235123, 17.25029 ], [ 106.222305, 17.26059 ], [ 106.208076, 17.27026 ], [ 106.200409, 17.273298 ], [ 106.194237, 17.278133 ], [ 106.178505, 17.292645 ], [ 106.172165, 17.29705 ], [ 106.164185, 17.299528 ], [ 106.162125, 17.304192 ], [ 106.151459, 17.309017 ], [ 106.147156, 17.308113 ], [ 106.145287, 17.309187 ], [ 106.142281, 17.315639 ], [ 106.135902, 17.324602 ], [ 106.134956, 17.332315 ], [ 106.131577, 17.336975 ], [ 106.113045, 17.347706 ], [ 106.110046, 17.350033 ], [ 106.109848, 17.353262 ], [ 106.098244, 17.357006 ], [ 106.090904, 17.361832 ], [ 106.03067, 17.431549 ], [ 105.971886, 17.499598 ], [ 105.916603, 17.563469 ], [ 105.861229, 17.627439 ], [ 105.853683, 17.626606 ], [ 105.846924, 17.626583 ], [ 105.843636, 17.627314 ], [ 105.842728, 17.632948 ], [ 105.840523, 17.634705 ], [ 105.835861, 17.640612 ], [ 105.831032, 17.640409 ], [ 105.829865, 17.642811 ], [ 105.83062, 17.647625 ], [ 105.825577, 17.652235 ], [ 105.817261, 17.655724 ], [ 105.813187, 17.660151 ], [ 105.805855, 17.656054 ], [ 105.803131, 17.661224 ], [ 105.795784, 17.66268 ], [ 105.793266, 17.663965 ], [ 105.792641, 17.667433 ], [ 105.790253, 17.670694 ], [ 105.782867, 17.670748 ], [ 105.779266, 17.675022 ], [ 105.775963, 17.674067 ], [ 105.767654, 17.674274 ], [ 105.762405, 17.670729 ], [ 105.757401, 17.668938 ], [ 105.75087, 17.668077 ], [ 105.749557, 17.669533 ], [ 105.748024, 17.684914 ], [ 105.74588, 17.701908 ], [ 105.74308, 17.720467 ], [ 105.742325, 17.722448 ], [ 105.736244, 17.719822 ], [ 105.733665, 17.71981 ], [ 105.729439, 17.721785 ], [ 105.728065, 17.72473 ], [ 105.72747, 17.729395 ], [ 105.727654, 17.736189 ], [ 105.729576, 17.739765 ], [ 105.729485, 17.744705 ], [ 105.72345, 17.748114 ], [ 105.720573, 17.751328 ], [ 105.720093, 17.755398 ], [ 105.714691, 17.75738 ], [ 105.712143, 17.756298 ], [ 105.70726, 17.759108 ], [ 105.700424, 17.761791 ], [ 105.697449, 17.767128 ], [ 105.693367, 17.769175 ], [ 105.691353, 17.773293 ], [ 105.690819, 17.776918 ], [ 105.688087, 17.780727 ], [ 105.687592, 17.784775 ], [ 105.676735, 17.792639 ], [ 105.675049, 17.795458 ], [ 105.675735, 17.802872 ], [ 105.679092, 17.809189 ], [ 105.683601, 17.819675 ], [ 105.682648, 17.826969 ], [ 105.682777, 17.833464 ], [ 105.677338, 17.835047 ], [ 105.675163, 17.839468 ], [ 105.674461, 17.8447 ], [ 105.670692, 17.848656 ], [ 105.665245, 17.851383 ], [ 105.65995, 17.856632 ], [ 105.649185, 17.861361 ], [ 105.642082, 17.861025 ], [ 105.635841, 17.86245 ], [ 105.622948, 17.870796 ], [ 105.619057, 17.874102 ], [ 105.610268, 17.875132 ], [ 105.6073, 17.877104 ], [ 105.607391, 17.882721 ], [ 105.60936, 17.887924 ], [ 105.607887, 17.894718 ], [ 105.608116, 17.897087 ], [ 105.610619, 17.900805 ], [ 105.616425, 17.905567 ], [ 105.61834, 17.914326 ], [ 105.62072, 17.917393 ], [ 105.622604, 17.923971 ], [ 105.622055, 17.929585 ], [ 105.623222, 17.935396 ], [ 105.622955, 17.941813 ], [ 105.627052, 17.945309 ], [ 105.62735, 17.949818 ], [ 105.629242, 17.953875 ], [ 105.633545, 17.957409 ], [ 105.63485, 17.960508 ], [ 105.641792, 17.962601 ], [ 105.642479, 17.96887 ], [ 105.641426, 17.971388 ], [ 105.643364, 17.975788 ], [ 105.642387, 17.978992 ], [ 105.642838, 17.992628 ], [ 105.641747, 17.993814 ], [ 105.636452, 17.992153 ], [ 105.632088, 17.992262 ], [ 105.620956, 18.000328 ], [ 105.615479, 18.007021 ], [ 105.615005, 18.009985 ], [ 105.612595, 18.012028 ], [ 105.604065, 18.009838 ], [ 105.597443, 18.002361 ], [ 105.593903, 18.00506 ], [ 105.593475, 18.00841 ], [ 105.589027, 18.009514 ], [ 105.586075, 18.011703 ], [ 105.583534, 18.010557 ], [ 105.580536, 18.01413 ], [ 105.583191, 18.019497 ], [ 105.580605, 18.022587 ], [ 105.578758, 18.026724 ], [ 105.581261, 18.029741 ], [ 105.581573, 18.034555 ], [ 105.584114, 18.037865 ], [ 105.584572, 18.042356 ], [ 105.581619, 18.0483 ], [ 105.581711, 18.055199 ], [ 105.579628, 18.061962 ], [ 105.574852, 18.061445 ], [ 105.572845, 18.06295 ], [ 105.571899, 18.066702 ], [ 105.575829, 18.068672 ], [ 105.572731, 18.072906 ], [ 105.572464, 18.076263 ], [ 105.570236, 18.081118 ], [ 105.57045, 18.084108 ], [ 105.568108, 18.086136 ], [ 105.562744, 18.082104 ], [ 105.55883, 18.080894 ], [ 105.553894, 18.080914 ], [ 105.550621, 18.082321 ], [ 105.54464, 18.080889 ], [ 105.53949, 18.082066 ], [ 105.538063, 18.094297 ], [ 105.538895, 18.097841 ], [ 105.537933, 18.102627 ], [ 105.538773, 18.105951 ], [ 105.535545, 18.108868 ], [ 105.534996, 18.115149 ], [ 105.532471, 18.117119 ], [ 105.527184, 18.119049 ], [ 105.524818, 18.123505 ], [ 105.522049, 18.12569 ], [ 105.51741, 18.126154 ], [ 105.512306, 18.124516 ], [ 105.510643, 18.119938 ], [ 105.508347, 18.12278 ], [ 105.505127, 18.124554 ], [ 105.50309, 18.129517 ], [ 105.502647, 18.133944 ], [ 105.505753, 18.134897 ], [ 105.50351, 18.137684 ], [ 105.503502, 18.140911 ], [ 105.505768, 18.14535 ], [ 105.511833, 18.148867 ], [ 105.509033, 18.154417 ], [ 105.510056, 18.159727 ], [ 105.507706, 18.164972 ], [ 105.507271, 18.168274 ], [ 105.503952, 18.173128 ], [ 105.505508, 18.175274 ], [ 105.504517, 18.179106 ], [ 105.500725, 18.188473 ], [ 105.496826, 18.18655 ], [ 105.497353, 18.184744 ], [ 105.493385, 18.18021 ], [ 105.492966, 18.176655 ], [ 105.48851, 18.176044 ], [ 105.486458, 18.181244 ], [ 105.48629, 18.185759 ], [ 105.488464, 18.192188 ], [ 105.492302, 18.197178 ], [ 105.493034, 18.200506 ], [ 105.48967, 18.201979 ], [ 105.485001, 18.200632 ], [ 105.48204, 18.197012 ], [ 105.479462, 18.196207 ], [ 105.475189, 18.19882 ], [ 105.469414, 18.199484 ], [ 105.466743, 18.201981 ], [ 105.461197, 18.203293 ], [ 105.459404, 18.205837 ], [ 105.452286, 18.203285 ], [ 105.447716, 18.203014 ], [ 105.442078, 18.204552 ], [ 105.441307, 18.202068 ], [ 105.445816, 18.199659 ], [ 105.445984, 18.194353 ], [ 105.442688, 18.191889 ], [ 105.440895, 18.188747 ], [ 105.440353, 18.184881 ], [ 105.437607, 18.180498 ], [ 105.43071, 18.17931 ], [ 105.425575, 18.183779 ], [ 105.421173, 18.183996 ], [ 105.418915, 18.182421 ], [ 105.418259, 18.179697 ], [ 105.414719, 18.175158 ], [ 105.413315, 18.169294 ], [ 105.414619, 18.165932 ], [ 105.411491, 18.156569 ], [ 105.408325, 18.154158 ], [ 105.403519, 18.157248 ], [ 105.403221, 18.159031 ], [ 105.398323, 18.160509 ], [ 105.395294, 18.159449 ], [ 105.391533, 18.159733 ], [ 105.3908, 18.16153 ], [ 105.386452, 18.164993 ], [ 105.383278, 18.169941 ], [ 105.375687, 18.165613 ], [ 105.376129, 18.161848 ], [ 105.374237, 18.160788 ], [ 105.366692, 18.161291 ], [ 105.362961, 18.164032 ], [ 105.361275, 18.170372 ], [ 105.352837, 18.182896 ], [ 105.349648, 18.184513 ], [ 105.342575, 18.182543 ], [ 105.33651, 18.183783 ], [ 105.337654, 18.189114 ], [ 105.336998, 18.191269 ], [ 105.328186, 18.192003 ], [ 105.318893, 18.201487 ], [ 105.322784, 18.207504 ], [ 105.324883, 18.208668 ], [ 105.324379, 18.21471 ], [ 105.324867, 18.220552 ], [ 105.322769, 18.223171 ], [ 105.322601, 18.228083 ], [ 105.324745, 18.232994 ], [ 105.324364, 18.237803 ], [ 105.327438, 18.241053 ], [ 105.329239, 18.250294 ], [ 105.330635, 18.252806 ], [ 105.33004, 18.255913 ], [ 105.327995, 18.258368 ], [ 105.329323, 18.262411 ], [ 105.327957, 18.264713 ], [ 105.321404, 18.264832 ], [ 105.319969, 18.26656 ], [ 105.31591, 18.264519 ], [ 105.311844, 18.264711 ], [ 105.309784, 18.26627 ], [ 105.304535, 18.256926 ], [ 105.30619, 18.253618 ], [ 105.305222, 18.249111 ], [ 105.302292, 18.243864 ], [ 105.301781, 18.23872 ], [ 105.299812, 18.236601 ], [ 105.29599, 18.240599 ], [ 105.295074, 18.246004 ], [ 105.298637, 18.254946 ], [ 105.296295, 18.256334 ], [ 105.29129, 18.255142 ], [ 105.287262, 18.255295 ], [ 105.286713, 18.259008 ], [ 105.281067, 18.260868 ], [ 105.280396, 18.257605 ], [ 105.276405, 18.254091 ], [ 105.274162, 18.254622 ], [ 105.271683, 18.25948 ], [ 105.269073, 18.259813 ], [ 105.266609, 18.258024 ], [ 105.260803, 18.25832 ], [ 105.2547, 18.255178 ], [ 105.255295, 18.26458 ], [ 105.25769, 18.266966 ], [ 105.254967, 18.274162 ], [ 105.252884, 18.275188 ], [ 105.250145, 18.2819 ], [ 105.248245, 18.283644 ], [ 105.245155, 18.288942 ], [ 105.244125, 18.293016 ], [ 105.242043, 18.296743 ], [ 105.235847, 18.29789 ], [ 105.230217, 18.302929 ], [ 105.224228, 18.303045 ], [ 105.219559, 18.304157 ], [ 105.216911, 18.302994 ], [ 105.214973, 18.307463 ], [ 105.207848, 18.314404 ], [ 105.201797, 18.315439 ], [ 105.191544, 18.319118 ], [ 105.190178, 18.321733 ], [ 105.1847, 18.324837 ], [ 105.18367, 18.330299 ], [ 105.186371, 18.337009 ], [ 105.186623, 18.340136 ], [ 105.189606, 18.346289 ], [ 105.188065, 18.350151 ], [ 105.18837, 18.352915 ], [ 105.18528, 18.356852 ], [ 105.185158, 18.361031 ], [ 105.182816, 18.361988 ], [ 105.181335, 18.367044 ], [ 105.178474, 18.369595 ], [ 105.178322, 18.372593 ], [ 105.18103, 18.375849 ], [ 105.181732, 18.381901 ], [ 105.18396, 18.386391 ], [ 105.180351, 18.38868 ], [ 105.170639, 18.392323 ], [ 105.166008, 18.390791 ], [ 105.164635, 18.387196 ], [ 105.157303, 18.386629 ], [ 105.151039, 18.387955 ], [ 105.150169, 18.391935 ], [ 105.146393, 18.39621 ], [ 105.144707, 18.400715 ], [ 105.146683, 18.403683 ], [ 105.142998, 18.406754 ], [ 105.137367, 18.408119 ], [ 105.136261, 18.411419 ], [ 105.139816, 18.413376 ], [ 105.139244, 18.417852 ], [ 105.134117, 18.416012 ], [ 105.129669, 18.415413 ], [ 105.120049, 18.419292 ], [ 105.120125, 18.423153 ], [ 105.118004, 18.427792 ], [ 105.118225, 18.43115 ], [ 105.116829, 18.43313 ], [ 105.109192, 18.434786 ], [ 105.105942, 18.440355 ], [ 105.105705, 18.443129 ], [ 105.102798, 18.447735 ], [ 105.107178, 18.456629 ], [ 105.10482, 18.4583 ], [ 105.104858, 18.462185 ], [ 105.107796, 18.464666 ], [ 105.106689, 18.476 ], [ 105.109177, 18.47965 ], [ 105.108986, 18.485945 ], [ 105.112129, 18.489876 ], [ 105.112877, 18.492496 ], [ 105.110107, 18.49338 ], [ 105.112389, 18.496786 ], [ 105.109406, 18.502453 ], [ 105.111389, 18.510496 ], [ 105.110321, 18.512405 ], [ 105.113541, 18.514774 ], [ 105.114861, 18.519552 ], [ 105.117767, 18.521069 ], [ 105.119347, 18.52433 ], [ 105.115372, 18.526575 ], [ 105.114159, 18.532616 ], [ 105.115143, 18.534359 ], [ 105.114449, 18.538929 ], [ 105.121262, 18.540905 ], [ 105.12838, 18.548756 ], [ 105.127304, 18.552391 ], [ 105.127846, 18.556198 ], [ 105.131989, 18.559326 ], [ 105.135002, 18.559629 ], [ 105.139473, 18.562216 ], [ 105.138519, 18.564814 ], [ 105.133263, 18.570313 ], [ 105.135101, 18.582018 ], [ 105.137794, 18.58349 ], [ 105.135269, 18.586243 ], [ 105.13401, 18.590776 ], [ 105.135277, 18.593168 ], [ 105.145126, 18.600403 ], [ 105.149544, 18.605297 ], [ 105.156113, 18.607237 ], [ 105.157906, 18.612947 ], [ 105.160347, 18.613607 ], [ 105.169952, 18.609129 ], [ 105.173836, 18.605602 ], [ 105.176636, 18.605988 ], [ 105.179916, 18.60284 ], [ 105.185532, 18.602337 ], [ 105.186714, 18.604464 ], [ 105.191292, 18.606485 ], [ 105.191772, 18.610788 ], [ 105.190613, 18.617048 ], [ 105.191223, 18.621052 ], [ 105.188637, 18.626013 ], [ 105.191566, 18.630869 ], [ 105.193085, 18.635025 ], [ 105.19751, 18.640438 ], [ 105.19648, 18.64418 ], [ 105.193581, 18.649654 ], [ 105.188164, 18.649319 ], [ 105.185158, 18.653135 ], [ 105.18409, 18.658316 ], [ 105.180832, 18.660522 ], [ 105.176086, 18.660162 ], [ 105.168495, 18.657053 ], [ 105.165977, 18.659204 ], [ 105.161713, 18.66819 ], [ 105.157593, 18.673153 ], [ 105.154427, 18.675447 ], [ 105.151459, 18.679058 ], [ 105.148705, 18.680231 ], [ 105.142838, 18.680786 ], [ 105.138306, 18.685692 ], [ 105.13633, 18.686749 ], [ 105.135086, 18.690205 ], [ 105.139343, 18.692122 ], [ 105.138794, 18.69492 ], [ 105.140175, 18.699232 ], [ 105.144333, 18.70229 ], [ 105.144394, 18.704681 ], [ 105.13829, 18.707533 ], [ 105.136215, 18.709751 ], [ 105.133224, 18.716812 ], [ 105.121986, 18.71456 ], [ 105.115028, 18.715166 ], [ 105.10891, 18.71117 ], [ 105.105843, 18.706394 ], [ 105.099907, 18.705568 ], [ 105.094391, 18.70645 ], [ 105.086411, 18.709377 ], [ 105.082222, 18.709576 ], [ 105.074669, 18.706127 ], [ 105.071686, 18.70602 ], [ 105.06913, 18.708166 ], [ 105.064835, 18.709728 ], [ 105.055733, 18.707975 ], [ 105.051155, 18.708847 ], [ 105.052979, 18.712606 ], [ 105.054207, 18.718653 ], [ 105.057167, 18.722359 ], [ 105.059975, 18.723595 ], [ 105.05896, 18.726311 ], [ 105.055832, 18.728823 ], [ 105.051132, 18.730539 ], [ 105.045311, 18.728874 ], [ 105.039581, 18.726017 ], [ 105.03672, 18.727285 ], [ 105.034264, 18.733465 ], [ 105.030289, 18.730253 ], [ 105.022606, 18.731871 ], [ 105.019539, 18.734114 ], [ 105.0177, 18.738111 ], [ 105.017899, 18.741913 ], [ 105.022209, 18.747047 ], [ 105.020615, 18.749105 ], [ 105.017075, 18.745712 ], [ 105.014725, 18.746492 ], [ 105.00808, 18.742495 ], [ 104.99678, 18.737741 ], [ 104.994888, 18.738325 ], [ 104.991203, 18.742413 ], [ 104.987625, 18.742704 ], [ 104.980995, 18.738325 ], [ 104.977524, 18.738653 ], [ 104.971687, 18.740807 ], [ 104.96299, 18.741047 ], [ 104.956047, 18.739391 ], [ 104.94931, 18.739878 ], [ 104.941521, 18.738514 ], [ 104.940147, 18.739388 ], [ 104.941139, 18.744621 ], [ 104.939384, 18.750214 ], [ 104.936539, 18.754494 ], [ 104.933594, 18.756828 ], [ 104.938011, 18.76082 ], [ 104.939377, 18.765686 ], [ 104.93663, 18.771767 ], [ 104.929253, 18.77578 ], [ 104.924629, 18.779596 ], [ 104.92347, 18.782125 ], [ 104.916481, 18.785759 ], [ 104.912209, 18.7869 ], [ 104.906075, 18.785709 ], [ 104.896721, 18.786394 ], [ 104.890617, 18.783958 ], [ 104.879875, 18.783585 ], [ 104.873352, 18.78463 ], [ 104.869423, 18.78005 ], [ 104.861458, 18.778198 ], [ 104.858322, 18.773363 ], [ 104.851768, 18.775951 ], [ 104.844818, 18.782661 ], [ 104.841431, 18.784046 ], [ 104.829437, 18.783644 ], [ 104.819191, 18.781576 ], [ 104.809334, 18.781168 ], [ 104.804687, 18.778658 ], [ 104.799744, 18.779827 ], [ 104.793839, 18.783092 ], [ 104.789337, 18.787703 ], [ 104.787079, 18.791431 ], [ 104.783806, 18.80007 ], [ 104.78125, 18.800737 ], [ 104.776054, 18.800228 ], [ 104.76812, 18.796696 ], [ 104.762398, 18.792074 ], [ 104.75808, 18.79257 ], [ 104.751579, 18.797663 ], [ 104.746284, 18.800089 ], [ 104.738258, 18.801085 ], [ 104.735802, 18.807707 ], [ 104.736259, 18.813791 ], [ 104.725845, 18.816965 ], [ 104.720825, 18.817209 ], [ 104.719269, 18.822784 ], [ 104.714676, 18.8284 ], [ 104.713249, 18.834688 ], [ 104.709106, 18.835438 ], [ 104.705406, 18.833166 ], [ 104.703194, 18.837273 ], [ 104.696671, 18.837683 ], [ 104.691963, 18.833269 ], [ 104.685608, 18.835106 ], [ 104.678375, 18.8361 ], [ 104.671402, 18.840366 ], [ 104.670074, 18.842461 ], [ 104.670456, 18.850054 ], [ 104.66877, 18.852903 ], [ 104.66127, 18.856161 ], [ 104.654068, 18.863741 ], [ 104.648064, 18.866161 ], [ 104.63871, 18.868073 ], [ 104.627533, 18.878077 ], [ 104.629372, 18.884541 ], [ 104.628487, 18.886551 ], [ 104.617134, 18.891771 ], [ 104.611839, 18.892599 ], [ 104.603722, 18.895433 ], [ 104.598602, 18.896597 ], [ 104.594315, 18.900658 ], [ 104.5914, 18.901993 ], [ 104.58046, 18.900961 ], [ 104.578941, 18.908173 ], [ 104.573936, 18.914103 ], [ 104.568535, 18.923712 ], [ 104.563438, 18.935064 ], [ 104.561485, 18.938164 ], [ 104.552773, 18.945652 ], [ 104.5495, 18.949251 ], [ 104.546394, 18.955114 ], [ 104.545624, 18.963377 ], [ 104.544373, 18.970253 ], [ 104.539009, 18.976238 ], [ 104.529816, 18.982422 ], [ 104.521927, 18.978922 ], [ 104.515396, 18.979155 ], [ 104.513229, 18.98003 ], [ 104.509422, 18.984299 ], [ 104.506851, 18.988401 ], [ 104.503609, 18.995985 ], [ 104.495193, 19.004269 ], [ 104.486107, 19.003656 ], [ 104.481163, 19.0049 ], [ 104.473923, 18.992998 ], [ 104.473045, 18.988981 ], [ 104.471024, 18.986038 ], [ 104.461136, 18.987352 ], [ 104.458977, 18.987137 ], [ 104.450783, 18.983337 ], [ 104.444778, 18.984074 ], [ 104.439636, 18.991274 ], [ 104.432335, 18.996578 ], [ 104.428818, 19.000204 ], [ 104.424942, 19.001385 ], [ 104.418671, 19.00597 ], [ 104.417496, 19.011589 ], [ 104.418457, 19.015032 ], [ 104.41774, 19.018217 ], [ 104.405457, 19.0329 ], [ 104.396957, 19.040339 ], [ 104.395653, 19.045912 ], [ 104.398376, 19.049948 ], [ 104.397018, 19.05504 ], [ 104.389023, 19.060108 ], [ 104.379135, 19.061251 ], [ 104.37719, 19.062334 ], [ 104.366898, 19.07329 ], [ 104.363586, 19.074493 ], [ 104.358025, 19.07439 ], [ 104.350349, 19.072685 ], [ 104.345757, 19.072838 ], [ 104.340218, 19.076468 ], [ 104.334213, 19.077703 ], [ 104.316734, 19.087076 ], [ 104.3116, 19.088736 ], [ 104.303543, 19.093655 ], [ 104.302299, 19.096752 ], [ 104.300262, 19.107357 ], [ 104.298386, 19.113642 ], [ 104.291763, 19.112526 ], [ 104.287544, 19.118422 ], [ 104.282501, 19.119242 ], [ 104.275604, 19.121647 ], [ 104.271278, 19.121799 ], [ 104.264877, 19.12022 ], [ 104.255264, 19.116659 ], [ 104.247429, 19.112267 ], [ 104.238716, 19.114788 ], [ 104.234039, 19.114265 ], [ 104.225464, 19.115404 ], [ 104.217323, 19.119061 ], [ 104.212357, 19.12351 ], [ 104.211563, 19.129694 ], [ 104.214638, 19.135029 ], [ 104.21637, 19.142166 ], [ 104.217812, 19.145065 ], [ 104.222565, 19.149614 ], [ 104.222801, 19.155153 ], [ 104.220001, 19.158958 ], [ 104.215935, 19.160452 ], [ 104.206474, 19.161501 ], [ 104.199409, 19.161303 ], [ 104.194206, 19.166857 ], [ 104.191071, 19.176237 ], [ 104.190788, 19.180096 ], [ 104.180679, 19.196281 ], [ 104.178459, 19.197783 ], [ 104.167191, 19.198696 ], [ 104.160736, 19.199924 ], [ 104.15062, 19.199333 ], [ 104.142921, 19.201393 ], [ 104.133743, 19.206226 ], [ 104.127167, 19.205177 ], [ 104.12487, 19.206257 ], [ 104.12162, 19.21031 ], [ 104.118675, 19.216084 ], [ 104.112801, 19.222683 ], [ 104.108559, 19.223501 ], [ 104.102325, 19.215754 ], [ 104.098473, 19.217539 ], [ 104.091248, 19.229244 ], [ 104.088402, 19.232082 ], [ 104.084198, 19.23395 ], [ 104.075676, 19.240028 ], [ 104.067497, 19.248123 ], [ 104.063538, 19.24567 ], [ 104.058014, 19.244595 ], [ 104.053497, 19.245996 ], [ 104.049889, 19.244049 ], [ 104.034126, 19.241575 ], [ 104.02636, 19.239019 ], [ 104.016121, 19.237539 ], [ 104.007248, 19.235016 ], [ 104.00248, 19.23303 ], [ 103.998817, 19.232637 ], [ 103.996475, 19.233952 ], [ 103.990425, 19.240711 ], [ 103.988113, 19.242125 ], [ 103.979301, 19.24497 ], [ 103.972054, 19.245935 ], [ 103.966736, 19.247751 ], [ 103.959145, 19.253353 ], [ 103.951401, 19.261524 ], [ 103.942513, 19.268515 ], [ 103.930733, 19.279577 ], [ 103.923157, 19.285528 ], [ 103.919243, 19.292759 ], [ 103.915817, 19.296846 ], [ 103.916115, 19.302088 ], [ 103.910446, 19.305658 ], [ 103.898399, 19.30957 ], [ 103.892372, 19.309193 ], [ 103.890297, 19.307447 ], [ 103.888077, 19.30324 ], [ 103.884407, 19.302492 ], [ 103.880516, 19.305433 ], [ 103.875801, 19.306398 ], [ 103.872078, 19.310122 ], [ 103.872154, 19.315359 ], [ 103.873497, 19.320051 ], [ 103.878342, 19.322878 ], [ 103.883522, 19.328318 ], [ 103.888512, 19.330959 ], [ 103.897598, 19.332207 ], [ 103.906197, 19.331593 ], [ 103.911751, 19.334578 ], [ 103.917313, 19.341606 ], [ 103.929489, 19.3449 ], [ 103.945702, 19.35618 ], [ 103.950844, 19.358965 ], [ 103.950546, 19.362865 ], [ 103.955513, 19.365589 ], [ 103.95726, 19.367914 ], [ 103.958755, 19.376026 ], [ 103.957687, 19.380718 ], [ 103.955162, 19.383657 ], [ 103.958313, 19.385349 ], [ 103.962784, 19.39064 ], [ 103.969513, 19.392353 ], [ 103.973152, 19.397413 ], [ 103.977402, 19.399652 ], [ 103.986412, 19.400341 ], [ 103.9897, 19.404474 ], [ 103.993889, 19.40667 ], [ 103.997925, 19.40621 ], [ 104.003899, 19.404043 ], [ 104.008949, 19.403446 ], [ 104.011322, 19.40502 ], [ 104.013542, 19.408808 ], [ 104.016479, 19.408817 ], [ 104.019279, 19.416822 ], [ 104.022247, 19.417898 ], [ 104.027115, 19.416185 ], [ 104.031151, 19.41955 ], [ 104.039696, 19.422911 ], [ 104.045677, 19.426338 ], [ 104.048531, 19.425974 ], [ 104.051315, 19.419357 ], [ 104.05983, 19.417797 ], [ 104.065315, 19.418478 ], [ 104.069138, 19.418087 ], [ 104.069313, 19.429644 ], [ 104.068581, 19.435408 ], [ 104.069679, 19.441658 ], [ 104.072021, 19.446436 ], [ 104.072388, 19.450434 ], [ 104.070297, 19.45141 ], [ 104.063103, 19.45223 ], [ 104.064697, 19.454569 ], [ 104.073303, 19.460611 ], [ 104.081329, 19.469276 ], [ 104.082146, 19.474285 ], [ 104.083702, 19.476593 ], [ 104.082741, 19.480917 ], [ 104.088837, 19.48897 ], [ 104.089005, 19.495058 ], [ 104.090637, 19.498589 ], [ 104.094208, 19.494617 ], [ 104.098152, 19.491724 ], [ 104.102562, 19.490116 ], [ 104.108276, 19.490385 ], [ 104.110619, 19.492708 ], [ 104.114525, 19.499723 ], [ 104.118912, 19.501612 ], [ 104.119301, 19.504198 ], [ 104.112358, 19.508921 ], [ 104.107002, 19.516752 ], [ 104.100571, 19.52231 ], [ 104.105469, 19.533468 ], [ 104.105316, 19.53931 ], [ 104.106033, 19.543133 ], [ 104.103966, 19.547028 ], [ 104.103615, 19.558283 ], [ 104.104675, 19.568045 ], [ 104.103218, 19.57139 ], [ 104.099121, 19.576105 ], [ 104.094147, 19.578463 ], [ 104.090073, 19.579163 ], [ 104.083237, 19.582909 ], [ 104.070503, 19.598804 ], [ 104.069229, 19.605989 ], [ 104.063507, 19.610718 ], [ 104.059891, 19.612841 ], [ 104.05732, 19.622004 ], [ 104.057877, 19.624418 ], [ 104.061913, 19.63249 ], [ 104.064926, 19.636114 ], [ 104.063698, 19.643005 ], [ 104.056648, 19.647861 ], [ 104.055008, 19.651934 ], [ 104.05864, 19.656622 ], [ 104.064392, 19.66267 ], [ 104.066872, 19.668388 ], [ 104.069252, 19.676044 ], [ 104.067459, 19.68185 ], [ 104.071159, 19.682354 ], [ 104.074837, 19.678585 ], [ 104.078407, 19.677025 ], [ 104.08371, 19.670942 ], [ 104.090996, 19.666988 ], [ 104.096077, 19.66618 ], [ 104.101692, 19.664225 ], [ 104.104118, 19.662365 ], [ 104.115662, 19.661497 ], [ 104.124573, 19.663591 ], [ 104.126755, 19.663513 ], [ 104.130188, 19.661049 ], [ 104.141457, 19.666086 ], [ 104.150276, 19.667866 ], [ 104.153763, 19.672773 ], [ 104.152588, 19.679871 ], [ 104.153183, 19.683458 ], [ 104.152451, 19.687559 ], [ 104.154427, 19.690928 ], [ 104.155357, 19.695036 ], [ 104.15715, 19.697231 ], [ 104.160233, 19.69684 ], [ 104.163437, 19.694586 ], [ 104.168564, 19.693609 ], [ 104.170197, 19.689108 ], [ 104.172951, 19.689165 ], [ 104.177254, 19.693537 ], [ 104.19239, 19.694981 ], [ 104.195297, 19.692129 ], [ 104.202194, 19.699286 ], [ 104.207306, 19.703209 ], [ 104.211624, 19.703093 ], [ 104.217972, 19.70558 ], [ 104.224152, 19.705042 ], [ 104.231644, 19.707081 ], [ 104.238823, 19.70454 ], [ 104.245323, 19.705584 ], [ 104.254784, 19.702848 ], [ 104.259438, 19.703726 ], [ 104.265488, 19.699083 ], [ 104.269531, 19.696869 ], [ 104.275139, 19.696259 ], [ 104.281937, 19.694281 ], [ 104.285782, 19.69425 ], [ 104.288956, 19.695639 ], [ 104.300011, 19.697191 ], [ 104.30201, 19.696749 ], [ 104.306435, 19.693338 ], [ 104.310715, 19.691799 ], [ 104.315002, 19.688839 ], [ 104.319443, 19.684053 ], [ 104.320122, 19.679884 ], [ 104.317154, 19.674191 ], [ 104.316177, 19.669338 ], [ 104.319275, 19.666172 ], [ 104.320686, 19.668762 ], [ 104.32605, 19.672424 ], [ 104.334099, 19.675905 ], [ 104.336891, 19.677927 ], [ 104.340408, 19.685358 ], [ 104.347023, 19.690952 ], [ 104.350571, 19.692379 ], [ 104.35778, 19.691019 ], [ 104.360298, 19.691626 ], [ 104.36338, 19.694302 ], [ 104.368065, 19.695621 ], [ 104.373901, 19.694637 ], [ 104.380196, 19.694849 ], [ 104.385849, 19.698509 ], [ 104.390472, 19.698454 ], [ 104.394127, 19.696814 ], [ 104.398491, 19.696232 ], [ 104.402374, 19.697487 ], [ 104.401512, 19.70265 ], [ 104.402664, 19.704145 ], [ 104.411964, 19.705051 ], [ 104.420181, 19.702597 ], [ 104.422455, 19.701015 ], [ 104.422157, 19.698097 ], [ 104.418945, 19.693621 ], [ 104.42202, 19.690924 ], [ 104.419846, 19.68355 ], [ 104.41983, 19.681187 ], [ 104.424515, 19.674713 ], [ 104.426949, 19.672907 ], [ 104.435959, 19.673954 ], [ 104.444656, 19.673111 ], [ 104.447098, 19.664665 ], [ 104.447777, 19.659821 ], [ 104.44957, 19.657438 ], [ 104.452934, 19.655956 ], [ 104.461266, 19.654167 ], [ 104.465103, 19.654327 ], [ 104.472427, 19.656761 ], [ 104.484825, 19.656548 ], [ 104.489052, 19.655741 ], [ 104.491692, 19.652218 ], [ 104.497795, 19.648655 ], [ 104.498833, 19.645201 ], [ 104.498955, 19.639235 ], [ 104.504784, 19.631666 ], [ 104.505196, 19.625925 ], [ 104.507614, 19.624491 ], [ 104.516235, 19.622175 ], [ 104.525055, 19.615908 ], [ 104.531929, 19.616224 ], [ 104.535248, 19.61499 ], [ 104.538261, 19.61562 ], [ 104.541977, 19.620602 ], [ 104.543922, 19.620707 ], [ 104.548615, 19.617466 ], [ 104.554535, 19.615074 ], [ 104.557037, 19.610319 ], [ 104.559959, 19.616117 ], [ 104.56649, 19.615616 ], [ 104.569138, 19.617088 ], [ 104.571854, 19.622963 ], [ 104.576225, 19.62812 ], [ 104.57885, 19.629915 ], [ 104.588196, 19.632275 ], [ 104.596626, 19.631622 ], [ 104.603973, 19.63512 ], [ 104.609146, 19.635553 ], [ 104.616409, 19.629999 ], [ 104.623894, 19.628302 ], [ 104.629211, 19.623787 ], [ 104.633759, 19.62221 ], [ 104.639435, 19.62232 ], [ 104.645363, 19.624918 ], [ 104.6464, 19.632166 ], [ 104.650352, 19.636936 ], [ 104.648361, 19.646208 ], [ 104.644562, 19.651039 ], [ 104.645905, 19.654631 ], [ 104.653412, 19.656038 ], [ 104.654427, 19.659098 ], [ 104.661095, 19.661846 ], [ 104.6614, 19.66468 ], [ 104.659088, 19.666964 ], [ 104.657997, 19.672306 ], [ 104.661095, 19.675743 ], [ 104.663261, 19.67975 ], [ 104.669189, 19.684834 ], [ 104.669739, 19.687098 ], [ 104.665993, 19.693655 ], [ 104.662903, 19.701729 ], [ 104.670891, 19.700899 ], [ 104.67363, 19.709332 ], [ 104.675362, 19.711721 ], [ 104.681953, 19.71509 ], [ 104.685463, 19.719723 ], [ 104.686371, 19.72308 ], [ 104.691986, 19.728556 ], [ 104.699944, 19.731033 ], [ 104.703018, 19.73391 ], [ 104.708046, 19.741117 ], [ 104.709824, 19.745695 ], [ 104.710159, 19.750296 ], [ 104.711571, 19.753878 ], [ 104.714928, 19.756269 ], [ 104.721313, 19.75864 ], [ 104.724625, 19.758249 ], [ 104.728996, 19.75388 ], [ 104.732758, 19.752369 ], [ 104.737068, 19.752275 ], [ 104.747246, 19.750574 ], [ 104.752655, 19.750282 ], [ 104.755966, 19.751581 ], [ 104.757591, 19.753922 ], [ 104.760315, 19.761433 ], [ 104.765274, 19.76589 ], [ 104.760399, 19.774014 ], [ 104.769814, 19.775219 ], [ 104.775276, 19.777464 ], [ 104.777817, 19.779654 ], [ 104.779755, 19.783522 ], [ 104.79155, 19.787762 ], [ 104.79525, 19.79043 ], [ 104.804459, 19.786215 ], [ 104.807564, 19.786596 ], [ 104.815247, 19.784382 ], [ 104.817551, 19.784424 ], [ 104.824814, 19.786949 ], [ 104.830231, 19.791475 ], [ 104.834305, 19.802078 ], [ 104.834023, 19.808292 ], [ 104.830986, 19.813271 ], [ 104.833191, 19.827122 ], [ 104.835449, 19.830395 ], [ 104.841873, 19.836767 ], [ 104.84375, 19.840385 ], [ 104.843102, 19.843557 ], [ 104.837311, 19.848324 ], [ 104.832558, 19.847954 ], [ 104.831467, 19.852068 ], [ 104.834122, 19.857899 ], [ 104.841347, 19.861542 ], [ 104.846214, 19.869875 ], [ 104.842918, 19.879086 ], [ 104.839752, 19.883257 ], [ 104.840096, 19.890085 ], [ 104.842857, 19.892973 ], [ 104.843437, 19.904976 ], [ 104.847366, 19.910404 ], [ 104.840218, 19.913301 ], [ 104.838951, 19.91762 ], [ 104.841164, 19.918751 ], [ 104.841301, 19.923613 ], [ 104.845932, 19.929838 ], [ 104.851334, 19.934135 ], [ 104.858376, 19.940779 ], [ 104.867058, 19.946367 ], [ 104.886093, 19.953596 ], [ 104.891937, 19.957638 ], [ 104.902168, 19.967922 ], [ 104.904083, 19.974297 ], [ 104.906273, 19.977236 ], [ 104.907585, 19.982876 ], [ 104.907845, 19.988585 ], [ 104.906265, 19.998468 ], [ 104.912933, 20.003515 ], [ 104.919556, 20.010155 ], [ 104.917473, 20.016066 ], [ 104.922234, 20.018862 ], [ 104.926651, 20.023764 ], [ 104.926147, 20.025999 ], [ 104.932671, 20.034433 ], [ 104.939514, 20.040442 ], [ 104.942932, 20.041035 ], [ 104.947342, 20.044792 ], [ 104.948196, 20.047428 ], [ 104.952965, 20.047628 ], [ 104.959808, 20.050936 ], [ 104.962662, 20.056486 ], [ 104.965469, 20.059324 ], [ 104.971153, 20.061703 ], [ 104.973175, 20.065659 ], [ 104.971481, 20.067789 ], [ 104.973946, 20.072905 ], [ 104.975533, 20.08013 ], [ 104.980644, 20.082094 ], [ 104.979309, 20.085339 ], [ 104.983887, 20.087442 ], [ 104.990303, 20.094625 ], [ 104.990433, 20.096619 ], [ 104.983788, 20.09791 ], [ 104.980988, 20.097439 ], [ 104.973946, 20.098625 ], [ 104.971359, 20.098179 ], [ 104.967903, 20.099936 ], [ 104.963692, 20.100405 ], [ 104.95961, 20.105427 ], [ 104.96077, 20.111704 ], [ 104.952271, 20.11507 ], [ 104.950645, 20.118631 ], [ 104.947723, 20.12182 ], [ 104.94455, 20.122118 ], [ 104.937485, 20.124342 ], [ 104.933945, 20.126196 ], [ 104.933609, 20.128174 ], [ 104.926147, 20.134275 ], [ 104.924866, 20.139353 ], [ 104.921173, 20.141947 ], [ 104.921036, 20.144909 ], [ 104.924042, 20.147631 ], [ 104.928902, 20.150007 ], [ 104.926392, 20.159048 ], [ 104.919479, 20.157404 ], [ 104.917854, 20.155573 ], [ 104.912827, 20.155809 ], [ 104.905975, 20.150499 ], [ 104.896797, 20.147179 ], [ 104.89283, 20.147738 ], [ 104.886063, 20.147402 ], [ 104.882156, 20.143736 ], [ 104.877792, 20.143421 ], [ 104.875397, 20.145576 ], [ 104.871605, 20.144611 ], [ 104.869843, 20.14287 ], [ 104.864014, 20.142813 ], [ 104.861145, 20.141718 ], [ 104.857803, 20.143543 ], [ 104.854836, 20.1476 ], [ 104.850395, 20.147711 ], [ 104.84742, 20.150005 ], [ 104.84256, 20.14839 ], [ 104.840652, 20.14967 ], [ 104.838577, 20.155987 ], [ 104.836205, 20.158268 ], [ 104.831848, 20.155619 ], [ 104.829185, 20.156319 ], [ 104.822136, 20.161985 ], [ 104.821976, 20.165239 ], [ 104.820038, 20.170307 ], [ 104.813766, 20.172125 ], [ 104.806633, 20.178101 ], [ 104.802185, 20.179501 ], [ 104.796715, 20.183128 ], [ 104.786125, 20.192699 ], [ 104.77903, 20.194056 ], [ 104.773834, 20.198643 ], [ 104.767555, 20.200363 ], [ 104.76487, 20.198967 ], [ 104.760696, 20.199356 ], [ 104.757011, 20.200907 ], [ 104.75135, 20.198971 ], [ 104.745224, 20.19976 ], [ 104.739944, 20.199202 ], [ 104.732727, 20.202616 ], [ 104.725372, 20.200705 ], [ 104.718239, 20.201345 ], [ 104.714119, 20.205952 ], [ 104.709244, 20.205408 ], [ 104.705376, 20.207022 ], [ 104.703712, 20.210495 ], [ 104.70121, 20.212448 ], [ 104.686958, 20.216963 ], [ 104.685081, 20.218243 ], [ 104.681755, 20.216837 ], [ 104.673187, 20.216286 ], [ 104.667618, 20.218372 ], [ 104.667336, 20.22324 ], [ 104.665733, 20.227804 ], [ 104.6605, 20.233221 ], [ 104.656555, 20.233891 ], [ 104.652657, 20.23288 ], [ 104.646164, 20.233606 ], [ 104.643791, 20.234938 ], [ 104.639725, 20.233864 ], [ 104.637238, 20.231497 ], [ 104.631943, 20.229568 ], [ 104.629082, 20.229687 ], [ 104.625626, 20.234035 ], [ 104.617249, 20.240614 ], [ 104.614166, 20.242075 ], [ 104.612343, 20.244789 ], [ 104.611618, 20.252798 ], [ 104.608376, 20.256346 ], [ 104.610497, 20.259768 ], [ 104.610893, 20.269407 ], [ 104.609634, 20.275095 ], [ 104.613716, 20.275787 ], [ 104.611511, 20.279543 ], [ 104.61483, 20.280994 ], [ 104.616386, 20.292027 ], [ 104.621986, 20.294006 ], [ 104.619858, 20.300274 ], [ 104.616409, 20.301123 ], [ 104.614861, 20.306955 ], [ 104.614525, 20.312094 ], [ 104.617844, 20.314034 ], [ 104.616669, 20.318085 ], [ 104.619591, 20.320269 ], [ 104.619133, 20.32383 ], [ 104.616852, 20.326633 ], [ 104.61834, 20.330067 ], [ 104.61689, 20.333723 ], [ 104.620941, 20.342081 ], [ 104.614769, 20.347258 ], [ 104.614067, 20.351177 ], [ 104.615311, 20.357714 ], [ 104.616768, 20.361597 ], [ 104.6194, 20.362757 ], [ 104.62146, 20.366129 ], [ 104.627373, 20.366184 ], [ 104.630005, 20.370323 ], [ 104.636871, 20.371733 ], [ 104.641052, 20.373755 ], [ 104.643059, 20.372984 ], [ 104.647812, 20.375593 ], [ 104.646042, 20.379494 ], [ 104.654022, 20.381523 ], [ 104.655785, 20.383284 ], [ 104.661171, 20.383902 ], [ 104.665649, 20.387358 ], [ 104.66835, 20.387417 ], [ 104.671425, 20.390408 ], [ 104.674232, 20.391399 ], [ 104.677185, 20.396067 ], [ 104.681381, 20.397284 ], [ 104.682259, 20.402803 ], [ 104.684937, 20.402664 ], [ 104.691284, 20.400461 ], [ 104.701118, 20.398697 ], [ 104.705025, 20.399803 ], [ 104.710228, 20.399427 ], [ 104.713242, 20.398064 ], [ 104.716377, 20.400549 ], [ 104.718811, 20.407381 ], [ 104.71122, 20.409149 ], [ 104.708832, 20.410555 ], [ 104.703011, 20.416931 ], [ 104.69928, 20.422316 ], [ 104.695694, 20.430258 ], [ 104.690567, 20.431101 ], [ 104.687424, 20.433357 ], [ 104.685265, 20.438566 ], [ 104.684723, 20.442467 ], [ 104.676598, 20.445398 ], [ 104.67218, 20.449678 ], [ 104.663971, 20.452005 ], [ 104.662621, 20.458855 ], [ 104.663139, 20.460627 ], [ 104.669441, 20.463619 ], [ 104.668777, 20.467945 ], [ 104.66391, 20.471052 ], [ 104.659218, 20.470158 ], [ 104.66069, 20.474556 ], [ 104.651283, 20.473722 ], [ 104.646507, 20.472219 ], [ 104.643501, 20.468847 ], [ 104.639549, 20.468224 ], [ 104.637428, 20.465542 ], [ 104.634743, 20.465931 ], [ 104.631859, 20.463524 ], [ 104.624939, 20.461943 ], [ 104.6231, 20.457838 ], [ 104.619942, 20.455812 ], [ 104.620941, 20.451834 ], [ 104.618492, 20.449837 ], [ 104.612137, 20.446869 ], [ 104.613731, 20.442904 ], [ 104.617455, 20.442049 ], [ 104.617424, 20.4342 ], [ 104.614998, 20.432138 ], [ 104.614197, 20.428259 ], [ 104.61026, 20.423311 ], [ 104.604195, 20.420959 ], [ 104.598213, 20.41678 ], [ 104.589539, 20.415092 ], [ 104.585732, 20.415611 ], [ 104.581635, 20.414562 ], [ 104.576439, 20.414915 ], [ 104.572426, 20.416941 ], [ 104.564232, 20.41654 ], [ 104.560127, 20.412928 ], [ 104.557564, 20.41358 ], [ 104.552299, 20.411753 ], [ 104.547249, 20.408781 ], [ 104.539993, 20.408716 ], [ 104.538338, 20.410183 ], [ 104.536629, 20.415194 ], [ 104.534225, 20.415394 ], [ 104.530655, 20.413574 ], [ 104.526955, 20.413437 ], [ 104.526367, 20.409643 ], [ 104.527634, 20.407358 ], [ 104.527672, 20.402203 ], [ 104.525101, 20.394676 ], [ 104.519646, 20.390844 ], [ 104.514099, 20.389078 ], [ 104.510658, 20.385378 ], [ 104.505684, 20.385435 ], [ 104.499504, 20.383041 ], [ 104.495674, 20.383467 ], [ 104.490005, 20.376848 ], [ 104.483749, 20.374872 ], [ 104.481743, 20.372091 ], [ 104.478485, 20.372023 ], [ 104.473709, 20.36908 ], [ 104.467369, 20.368858 ], [ 104.465881, 20.370382 ], [ 104.457985, 20.371887 ], [ 104.452965, 20.374634 ], [ 104.451172, 20.378551 ], [ 104.446442, 20.379936 ], [ 104.445938, 20.377623 ], [ 104.439911, 20.377226 ], [ 104.437202, 20.375854 ], [ 104.435051, 20.377136 ], [ 104.430412, 20.377401 ], [ 104.427422, 20.378717 ], [ 104.422852, 20.378199 ], [ 104.420197, 20.376467 ], [ 104.413391, 20.381189 ], [ 104.408401, 20.386488 ], [ 104.40535, 20.394764 ], [ 104.406982, 20.395239 ], [ 104.403816, 20.401836 ], [ 104.405312, 20.413301 ], [ 104.407501, 20.417255 ], [ 104.41259, 20.4231 ], [ 104.408134, 20.428312 ], [ 104.401733, 20.432331 ], [ 104.397552, 20.434195 ], [ 104.393394, 20.437614 ], [ 104.392319, 20.439777 ], [ 104.385445, 20.443295 ], [ 104.381523, 20.443439 ], [ 104.378197, 20.441683 ], [ 104.376167, 20.443949 ], [ 104.380264, 20.449617 ], [ 104.379227, 20.457487 ], [ 104.375175, 20.467274 ], [ 104.37648, 20.470581 ], [ 104.380775, 20.475168 ], [ 104.389259, 20.47784 ], [ 104.391319, 20.47938 ], [ 104.390831, 20.482786 ], [ 104.386757, 20.485441 ], [ 104.386826, 20.490091 ], [ 104.392128, 20.488392 ], [ 104.396584, 20.488329 ], [ 104.403893, 20.490204 ], [ 104.413612, 20.489601 ], [ 104.420326, 20.492029 ], [ 104.432777, 20.502956 ], [ 104.435005, 20.507616 ], [ 104.439255, 20.509203 ], [ 104.442619, 20.507769 ], [ 104.446938, 20.509747 ], [ 104.457245, 20.512789 ], [ 104.46833, 20.514078 ], [ 104.473595, 20.51638 ], [ 104.478539, 20.520382 ], [ 104.483627, 20.525946 ], [ 104.48645, 20.532063 ], [ 104.49588, 20.542334 ], [ 104.499481, 20.545193 ], [ 104.503891, 20.543846 ], [ 104.507118, 20.543964 ], [ 104.511581, 20.546537 ], [ 104.513298, 20.549206 ], [ 104.51725, 20.548515 ], [ 104.521912, 20.549335 ], [ 104.525627, 20.552647 ], [ 104.52739, 20.556314 ], [ 104.523071, 20.561716 ], [ 104.526093, 20.567888 ], [ 104.525314, 20.569555 ], [ 104.527077, 20.57291 ], [ 104.533348, 20.576172 ], [ 104.53447, 20.580032 ], [ 104.533852, 20.582378 ], [ 104.535156, 20.588955 ], [ 104.537109, 20.589537 ], [ 104.540604, 20.598642 ], [ 104.545364, 20.598591 ], [ 104.548721, 20.601921 ], [ 104.553314, 20.602385 ], [ 104.556641, 20.606901 ], [ 104.567085, 20.608597 ], [ 104.573906, 20.606766 ], [ 104.57856, 20.607393 ], [ 104.58226, 20.610197 ], [ 104.589134, 20.609028 ], [ 104.59137, 20.609739 ], [ 104.59726, 20.60813 ], [ 104.600349, 20.605789 ], [ 104.60598, 20.611471 ], [ 104.608047, 20.616446 ], [ 104.61042, 20.617968 ], [ 104.61116, 20.620634 ], [ 104.618088, 20.623667 ], [ 104.625282, 20.625904 ], [ 104.625832, 20.629679 ], [ 104.62883, 20.631145 ], [ 104.630905, 20.637896 ], [ 104.630798, 20.643181 ], [ 104.635742, 20.652279 ], [ 104.63945, 20.652748 ], [ 104.647766, 20.643206 ], [ 104.65049, 20.639181 ], [ 104.656631, 20.637852 ], [ 104.658211, 20.635706 ], [ 104.659081, 20.630335 ], [ 104.661011, 20.628927 ], [ 104.664452, 20.622623 ], [ 104.672874, 20.621296 ], [ 104.685471, 20.609903 ], [ 104.686409, 20.602318 ], [ 104.685425, 20.596004 ], [ 104.686287, 20.594395 ], [ 104.692139, 20.595076 ], [ 104.694992, 20.596422 ], [ 104.697266, 20.601665 ], [ 104.69912, 20.602205 ], [ 104.708115, 20.60128 ], [ 104.71553, 20.60465 ], [ 104.718964, 20.602642 ], [ 104.722885, 20.602715 ], [ 104.724037, 20.597481 ], [ 104.729057, 20.586744 ], [ 104.732635, 20.581915 ], [ 104.739708, 20.574875 ], [ 104.742287, 20.573133 ], [ 104.75042, 20.573547 ], [ 104.755272, 20.575167 ], [ 104.758545, 20.580946 ], [ 104.76268, 20.58243 ], [ 104.766251, 20.581629 ], [ 104.770042, 20.575254 ], [ 104.772186, 20.573509 ], [ 104.775902, 20.573246 ], [ 104.778038, 20.575129 ], [ 104.779747, 20.579699 ], [ 104.783028, 20.581717 ], [ 104.790878, 20.580919 ], [ 104.798729, 20.581331 ], [ 104.801651, 20.583147 ], [ 104.801933, 20.588118 ], [ 104.799637, 20.59416 ], [ 104.800766, 20.602621 ], [ 104.798409, 20.608728 ], [ 104.798637, 20.618397 ], [ 104.801323, 20.618834 ], [ 104.805252, 20.622152 ], [ 104.80938, 20.62727 ], [ 104.811264, 20.631859 ], [ 104.815422, 20.63266 ], [ 104.816818, 20.631151 ], [ 104.819855, 20.635883 ], [ 104.82663, 20.639521 ], [ 104.836334, 20.64327 ], [ 104.840073, 20.646133 ], [ 104.847427, 20.650328 ], [ 104.845634, 20.652348 ], [ 104.848106, 20.655064 ], [ 104.852234, 20.664143 ], [ 104.858917, 20.661774 ], [ 104.866943, 20.661663 ], [ 104.871605, 20.663446 ], [ 104.877922, 20.6647 ], [ 104.882072, 20.667391 ], [ 104.88913, 20.670576 ], [ 104.894089, 20.670799 ], [ 104.902336, 20.668613 ], [ 104.914963, 20.66173 ], [ 104.922371, 20.655479 ], [ 104.926773, 20.65316 ], [ 104.93203, 20.648685 ], [ 104.938431, 20.646315 ], [ 104.944122, 20.645748 ], [ 104.94915, 20.643053 ], [ 104.953323, 20.635986 ], [ 104.959808, 20.6283 ], [ 104.962273, 20.622366 ], [ 104.960167, 20.618368 ], [ 104.960381, 20.613798 ], [ 104.962364, 20.607904 ], [ 104.966263, 20.607151 ], [ 104.969749, 20.604389 ], [ 104.972771, 20.598053 ], [ 104.980003, 20.591637 ], [ 104.983208, 20.589888 ], [ 104.983704, 20.585136 ], [ 104.981522, 20.581675 ], [ 104.979424, 20.576075 ], [ 104.982124, 20.573748 ], [ 104.986237, 20.576235 ], [ 104.991425, 20.5763 ], [ 104.995178, 20.578178 ], [ 104.997009, 20.576216 ], [ 105.003975, 20.574518 ], [ 105.01281, 20.569319 ], [ 105.01532, 20.565559 ], [ 105.019913, 20.562359 ], [ 105.022522, 20.559299 ], [ 105.025734, 20.558983 ], [ 105.029617, 20.560284 ], [ 105.033669, 20.55872 ], [ 105.041733, 20.560062 ], [ 105.043922, 20.557667 ], [ 105.05201, 20.561132 ], [ 105.052727, 20.570501 ], [ 105.062271, 20.574156 ], [ 105.067352, 20.574289 ], [ 105.072021, 20.575575 ], [ 105.078178, 20.578793 ], [ 105.085754, 20.577328 ], [ 105.093369, 20.568142 ], [ 105.097473, 20.570719 ], [ 105.104454, 20.573187 ], [ 105.109726, 20.564932 ], [ 105.11261, 20.562681 ], [ 105.117981, 20.563066 ], [ 105.12088, 20.562208 ], [ 105.122864, 20.558668 ], [ 105.128021, 20.558289 ], [ 105.13369, 20.553205 ], [ 105.137146, 20.546459 ], [ 105.143585, 20.543289 ], [ 105.147141, 20.544514 ], [ 105.151436, 20.543491 ], [ 105.154495, 20.538939 ], [ 105.158669, 20.536949 ], [ 105.160728, 20.534481 ], [ 105.161583, 20.528542 ], [ 105.160477, 20.522701 ], [ 105.165413, 20.521008 ], [ 105.169441, 20.515205 ], [ 105.173798, 20.516731 ], [ 105.179276, 20.515888 ], [ 105.180473, 20.520468 ], [ 105.183578, 20.521309 ], [ 105.187866, 20.518269 ], [ 105.194847, 20.51753 ], [ 105.200592, 20.518642 ], [ 105.211205, 20.514589 ], [ 105.211433, 20.512352 ], [ 105.2146, 20.509426 ], [ 105.222328, 20.505171 ], [ 105.229187, 20.504499 ], [ 105.229668, 20.497498 ], [ 105.234863, 20.494164 ], [ 105.23967, 20.493301 ], [ 105.243652, 20.488455 ], [ 105.24205, 20.483839 ], [ 105.238739, 20.479498 ], [ 105.245056, 20.472803 ], [ 105.251709, 20.470524 ], [ 105.26059, 20.466063 ], [ 105.262726, 20.460115 ], [ 105.261353, 20.456762 ], [ 105.263428, 20.455076 ], [ 105.266472, 20.455179 ], [ 105.263519, 20.44948 ], [ 105.263329, 20.444733 ], [ 105.260048, 20.43734 ], [ 105.257401, 20.434216 ], [ 105.260895, 20.431944 ], [ 105.266762, 20.429798 ], [ 105.273491, 20.429367 ], [ 105.275757, 20.431713 ], [ 105.278175, 20.430202 ], [ 105.281601, 20.42436 ], [ 105.289474, 20.419544 ], [ 105.294357, 20.417158 ], [ 105.299644, 20.416639 ], [ 105.302208, 20.421318 ], [ 105.305992, 20.41651 ], [ 105.315369, 20.409845 ], [ 105.316216, 20.408127 ], [ 105.32515, 20.404966 ], [ 105.328194, 20.402124 ], [ 105.332069, 20.401154 ], [ 105.336113, 20.398445 ], [ 105.341827, 20.396612 ], [ 105.344635, 20.390968 ], [ 105.350876, 20.389626 ], [ 105.35675, 20.391998 ], [ 105.360329, 20.390244 ], [ 105.365234, 20.389744 ], [ 105.368088, 20.385601 ], [ 105.370903, 20.384474 ], [ 105.376686, 20.38443 ], [ 105.379395, 20.38162 ], [ 105.385017, 20.378811 ], [ 105.399239, 20.375662 ], [ 105.405411, 20.372923 ], [ 105.414207, 20.375578 ], [ 105.429214, 20.384176 ], [ 105.433945, 20.385328 ], [ 105.441551, 20.381664 ], [ 105.454109, 20.378561 ], [ 105.45919, 20.375463 ], [ 105.463692, 20.37612 ], [ 105.468018, 20.375481 ], [ 105.47641, 20.375319 ], [ 105.485718, 20.36895 ], [ 105.49263, 20.365028 ], [ 105.50106, 20.361242 ], [ 105.505241, 20.360289 ], [ 105.521439, 20.360355 ], [ 105.523628, 20.363478 ], [ 105.523705, 20.367538 ], [ 105.526535, 20.370739 ], [ 105.532181, 20.371605 ], [ 105.534386, 20.370007 ], [ 105.539528, 20.368534 ], [ 105.54203, 20.362288 ], [ 105.543839, 20.353376 ], [ 105.54937, 20.34708 ], [ 105.548019, 20.335062 ], [ 105.552559, 20.328711 ], [ 105.556519, 20.329494 ], [ 105.562012, 20.327036 ], [ 105.564133, 20.324898 ], [ 105.562172, 20.319084 ], [ 105.565086, 20.315807 ], [ 105.568657, 20.317616 ], [ 105.571182, 20.317402 ], [ 105.578468, 20.312063 ], [ 105.586739, 20.312052 ], [ 105.592865, 20.314161 ], [ 105.598457, 20.3123 ], [ 105.60289, 20.308105 ], [ 105.61055, 20.296692 ], [ 105.610062, 20.291681 ], [ 105.612671, 20.288649 ], [ 105.620514, 20.281963 ], [ 105.62384, 20.281937 ], [ 105.628311, 20.279099 ], [ 105.634682, 20.277624 ], [ 105.64064, 20.277887 ], [ 105.648155, 20.274551 ], [ 105.650505, 20.271803 ], [ 105.667381, 20.25666 ], [ 105.669907, 20.253559 ], [ 105.668327, 20.250854 ], [ 105.670357, 20.24785 ], [ 105.674263, 20.248365 ], [ 105.678215, 20.246822 ], [ 105.678207, 20.241997 ], [ 105.68261, 20.235107 ], [ 105.686539, 20.234077 ], [ 105.688828, 20.231995 ], [ 105.693512, 20.23086 ], [ 105.695442, 20.225286 ], [ 105.692818, 20.221575 ], [ 105.699638, 20.218918 ], [ 105.703262, 20.215433 ], [ 105.708771, 20.212585 ], [ 105.713058, 20.208864 ], [ 105.72583, 20.201075 ], [ 105.72982, 20.199606 ], [ 105.732635, 20.194807 ], [ 105.737167, 20.194386 ], [ 105.740631, 20.190123 ], [ 105.74025, 20.185476 ], [ 105.758148, 20.178608 ], [ 105.765617, 20.177816 ], [ 105.770531, 20.176279 ], [ 105.771965, 20.176964 ], [ 105.777, 20.172163 ], [ 105.781334, 20.172968 ], [ 105.783325, 20.171534 ], [ 105.792633, 20.170214 ], [ 105.79705, 20.166998 ], [ 105.799736, 20.163723 ], [ 105.805153, 20.161638 ], [ 105.808228, 20.158911 ], [ 105.81115, 20.158594 ], [ 105.816559, 20.154951 ], [ 105.821762, 20.153069 ], [ 105.829956, 20.151524 ], [ 105.832123, 20.1492 ], [ 105.834808, 20.143156 ], [ 105.84124, 20.142523 ], [ 105.844421, 20.140347 ], [ 105.851646, 20.138704 ], [ 105.854515, 20.13678 ], [ 105.868439, 20.124601 ], [ 105.873161, 20.122215 ], [ 105.87896, 20.122187 ], [ 105.882408, 20.120211 ], [ 105.891342, 20.119612 ], [ 105.895111, 20.117481 ], [ 105.898865, 20.113392 ], [ 105.904907, 20.10939 ], [ 105.906914, 20.106567 ], [ 105.909935, 20.105244 ], [ 105.916321, 20.105764 ], [ 105.923508, 20.102304 ], [ 105.929382, 20.090397 ], [ 105.935966, 20.085741 ], [ 105.940239, 20.084089 ], [ 105.941895, 20.080162 ], [ 105.946198, 20.074551 ], [ 105.950806, 20.074526 ], [ 105.958168, 20.067093 ], [ 105.96035, 20.065935 ], [ 105.970741, 20.066011 ], [ 105.974983, 20.067616 ], [ 105.977776, 20.066193 ], [ 105.982025, 20.068178 ], [ 105.990921, 20.06876 ], [ 105.993614, 20.066896 ], [ 105.99614, 20.068378 ], [ 105.999565, 20.066824 ], [ 106.007439, 20.066565 ], [ 106.013748, 20.0637 ], [ 106.016563, 20.060404 ], [ 106.02272, 20.059246 ], [ 106.028595, 20.059797 ], [ 106.031448, 20.060949 ], [ 106.03479, 20.059952 ], [ 106.038582, 20.061808 ], [ 106.051163, 20.063944 ], [ 106.071136, 20.066923 ], [ 106.074516, 20.063244 ], [ 106.074554, 20.059938 ], [ 106.072334, 20.05097 ], [ 106.070305, 20.048306 ], [ 106.065445, 20.037247 ], [ 106.065468, 20.033663 ], [ 106.060951, 20.019381 ], [ 106.052979, 20.006227 ], [ 106.050827, 20.003841 ], [ 106.044235, 20.001272 ], [ 106.038261, 20.001394 ], [ 106.033447, 20.000151 ], [ 106.029091, 19.996572 ], [ 106.025208, 19.990746 ], [ 106.023338, 19.985073 ], [ 106.023804, 19.972853 ], [ 106.025154, 19.959442 ], [ 106.020836, 19.956388 ], [ 106.016388, 19.955555 ], [ 106.012222, 19.955833 ], [ 106.010277, 19.951111 ], [ 106.004997, 19.950275 ], [ 106.003609, 19.954166 ], [ 106.005066, 19.959303 ], [ 106.004776, 19.965801 ], [ 106.000786, 19.96987 ], [ 105.996948, 19.971189 ], [ 105.989998, 19.969723 ], [ 105.987221, 19.96806 ], [ 105.981903, 19.96167 ], [ 105.972504, 19.963612 ], [ 105.97242, 19.96254 ], [ 105.978889, 19.96056 ], [ 105.982498, 19.96056 ], [ 105.988327, 19.967373 ], [ 105.992287, 19.96917 ], [ 105.998055, 19.969864 ], [ 106.002861, 19.966681 ], [ 106.003609, 19.960554 ], [ 106.001953, 19.956099 ], [ 106.00222, 19.94861 ], [ 105.996666, 19.944445 ], [ 105.994446, 19.947781 ], [ 105.986107, 19.942501 ], [ 105.980827, 19.940828 ], [ 105.973946, 19.93589 ], [ 105.968887, 19.933889 ], [ 105.96167, 19.928329 ], [ 105.959717, 19.927502 ], [ 105.953613, 19.919722 ], [ 105.949722, 19.906111 ], [ 105.950073, 19.9 ], [ 105.949448, 19.896391 ], [ 105.950264, 19.892216 ], [ 105.949448, 19.889444 ], [ 105.952217, 19.887491 ], [ 105.960411, 19.890482 ], [ 105.963333, 19.888613 ], [ 105.953888, 19.878056 ], [ 105.94722, 19.8675 ], [ 105.941605, 19.855555 ], [ 105.936386, 19.841389 ], [ 105.933128, 19.830557 ], [ 105.931656, 19.821671 ], [ 105.930832, 19.8125 ], [ 105.93277, 19.800831 ], [ 105.934715, 19.796684 ], [ 105.938889, 19.793621 ], [ 105.935379, 19.783928 ], [ 105.931282, 19.775593 ], [ 105.928856, 19.773706 ], [ 105.921387, 19.765556 ], [ 105.916389, 19.759171 ], [ 105.906113, 19.74361 ], [ 105.900002, 19.730831 ], [ 105.900833, 19.728889 ], [ 105.898331, 19.726391 ], [ 105.898056, 19.722219 ], [ 105.893608, 19.719723 ], [ 105.89167, 19.721947 ], [ 105.888611, 19.721664 ], [ 105.88311, 19.72839 ], [ 105.877502, 19.728889 ], [ 105.872498, 19.72611 ], [ 105.861389, 19.714722 ], [ 105.858612, 19.711111 ], [ 105.853058, 19.701666 ], [ 105.84639, 19.688332 ], [ 105.840553, 19.674166 ], [ 105.832779, 19.65139 ], [ 105.830276, 19.6425 ], [ 105.826668, 19.627501 ], [ 105.823059, 19.610556 ], [ 105.819443, 19.583611 ], [ 105.815872, 19.576525 ], [ 105.81382, 19.566179 ], [ 105.811668, 19.559999 ], [ 105.809166, 19.538891 ], [ 105.807777, 19.532221 ], [ 105.806664, 19.522223 ], [ 105.806114, 19.509445 ], [ 105.805832, 19.48889 ], [ 105.806664, 19.480276 ], [ 105.806389, 19.467781 ], [ 105.80722, 19.454721 ], [ 105.809723, 19.436941 ], [ 105.812935, 19.43384 ], [ 105.814461, 19.430828 ], [ 105.8125, 19.424999 ], [ 105.809311, 19.42638 ], [ 105.805832, 19.429445 ], [ 105.803673, 19.42972 ], [ 105.799164, 19.427778 ], [ 105.795204, 19.422981 ], [ 105.793335, 19.417919 ], [ 105.791443, 19.409861 ], [ 105.79361, 19.405834 ], [ 105.789581, 19.401871 ], [ 105.787781, 19.401386 ], [ 105.785469, 19.405001 ], [ 105.784103, 19.397846 ], [ 105.784164, 19.389168 ], [ 105.78611, 19.375557 ], [ 105.788887, 19.363392 ], [ 105.798119, 19.343611 ], [ 105.802841, 19.337088 ], [ 105.809303, 19.332439 ], [ 105.811668, 19.328056 ], [ 105.813889, 19.326672 ], [ 105.816666, 19.3225 ], [ 105.815002, 19.31889 ], [ 105.816193, 19.315502 ], [ 105.811562, 19.309593 ], [ 105.815781, 19.309715 ], [ 105.808548, 19.301991 ], [ 105.806244, 19.298319 ], [ 105.805832, 19.287777 ], [ 105.805168, 19.286894 ], [ 105.802498, 19.285555 ], [ 105.801392, 19.28056 ], [ 105.80201, 19.276951 ], [ 105.797913, 19.27389 ], [ 105.797523, 19.271667 ], [ 105.790833, 19.272078 ], [ 105.786324, 19.275684 ], [ 105.783607, 19.275 ], [ 105.779312, 19.270561 ], [ 105.774719, 19.260283 ], [ 105.772499, 19.246389 ], [ 105.773331, 19.24361 ], [ 105.770866, 19.240822 ], [ 105.770279, 19.237221 ], [ 105.772499, 19.23472 ], [ 105.768806, 19.231951 ], [ 105.765686, 19.227079 ], [ 105.761665, 19.227501 ], [ 105.7575, 19.224167 ], [ 105.757774, 19.232779 ], [ 105.756386, 19.236666 ], [ 105.753609, 19.239447 ], [ 105.749168, 19.238335 ], [ 105.745834, 19.247778 ], [ 105.743683, 19.247082 ], [ 105.746513, 19.238541 ], [ 105.740547, 19.237501 ], [ 105.738327, 19.23361 ], [ 105.735001, 19.23472 ], [ 105.734444, 19.229445 ], [ 105.744446, 19.23667 ], [ 105.747223, 19.236391 ], [ 105.751389, 19.23111 ], [ 105.745277, 19.22694 ], [ 105.743889, 19.2225 ], [ 105.739998, 19.222221 ], [ 105.737778, 19.219721 ], [ 105.735275, 19.2125 ], [ 105.73278, 19.200558 ], [ 105.730835, 19.187778 ], [ 105.730003, 19.17639 ], [ 105.73111, 19.169722 ], [ 105.733887, 19.168331 ], [ 105.733887, 19.165831 ], [ 105.730835, 19.164167 ], [ 105.731392, 19.157221 ], [ 105.728821, 19.141392 ], [ 105.729446, 19.124166 ], [ 105.730827, 19.11611 ], [ 105.733398, 19.113266 ], [ 105.735558, 19.108334 ], [ 105.738892, 19.104721 ], [ 105.736656, 19.102779 ], [ 105.729446, 19.100903 ], [ 105.726448, 19.102493 ], [ 105.720818, 19.1 ], [ 105.71785, 19.097343 ], [ 105.71389, 19.10437 ], [ 105.712502, 19.100283 ], [ 105.714447, 19.098339 ], [ 105.710281, 19.094091 ], [ 105.702499, 19.088888 ], [ 105.700836, 19.085279 ], [ 105.698334, 19.088055 ], [ 105.694443, 19.086403 ], [ 105.694153, 19.083855 ], [ 105.691467, 19.08194 ], [ 105.688889, 19.084444 ], [ 105.684448, 19.092211 ], [ 105.679169, 19.095568 ], [ 105.674721, 19.095833 ], [ 105.671341, 19.097221 ], [ 105.665001, 19.093891 ], [ 105.659508, 19.089724 ], [ 105.651184, 19.081944 ], [ 105.647087, 19.077181 ], [ 105.645416, 19.073605 ], [ 105.641945, 19.069445 ], [ 105.639168, 19.06361 ], [ 105.633057, 19.053612 ], [ 105.631668, 19.048889 ], [ 105.628052, 19.0425 ], [ 105.622498, 19.026951 ], [ 105.61972, 19.01083 ], [ 105.619446, 18.992777 ], [ 105.618057, 18.988331 ], [ 105.613052, 18.985281 ], [ 105.608612, 18.988056 ], [ 105.605827, 18.99778 ], [ 105.605278, 18.99111 ], [ 105.610001, 18.985001 ], [ 105.615852, 18.981392 ], [ 105.618622, 18.977501 ], [ 105.620003, 18.96167 ], [ 105.621109, 18.95639 ], [ 105.622208, 18.946621 ], [ 105.628609, 18.920834 ], [ 105.63028, 18.917778 ], [ 105.636391, 18.898056 ], [ 105.639999, 18.895834 ], [ 105.643608, 18.895834 ], [ 105.646111, 18.893612 ], [ 105.650833, 18.8925 ], [ 105.650558, 18.88722 ], [ 105.656113, 18.885279 ], [ 105.660538, 18.89028 ], [ 105.662498, 18.889725 ], [ 105.665268, 18.886395 ], [ 105.666664, 18.880556 ], [ 105.674721, 18.881666 ], [ 105.678337, 18.875002 ], [ 105.681389, 18.875278 ], [ 105.684708, 18.877781 ], [ 105.691948, 18.873331 ], [ 105.693047, 18.868061 ], [ 105.696114, 18.864166 ], [ 105.700279, 18.864445 ], [ 105.702095, 18.862167 ], [ 105.701385, 18.85972 ], [ 105.703888, 18.854431 ], [ 105.706673, 18.855 ], [ 105.707222, 18.850632 ], [ 105.713005, 18.847502 ], [ 105.717781, 18.85111 ], [ 105.720001, 18.84889 ], [ 105.719437, 18.84667 ], [ 105.71611, 18.845833 ], [ 105.715012, 18.842491 ], [ 105.716942, 18.838057 ], [ 105.721107, 18.83444 ], [ 105.719719, 18.833061 ], [ 105.711388, 18.834169 ], [ 105.70417, 18.830278 ], [ 105.698891, 18.830551 ], [ 105.696663, 18.829166 ], [ 105.691109, 18.83083 ], [ 105.693886, 18.834442 ], [ 105.692749, 18.836941 ], [ 105.688889, 18.831944 ], [ 105.690552, 18.829721 ], [ 105.69722, 18.82749 ], [ 105.708878, 18.828951 ], [ 105.714043, 18.830572 ], [ 105.716942, 18.821671 ], [ 105.719719, 18.818892 ], [ 105.719719, 18.81694 ], [ 105.724442, 18.807503 ], [ 105.729721, 18.798891 ], [ 105.735001, 18.7925 ], [ 105.747223, 18.780003 ], [ 105.74778, 18.778608 ], [ 105.753891, 18.771946 ], [ 105.755547, 18.771111 ], [ 105.762978, 18.763668 ], [ 105.771385, 18.7575 ], [ 105.775276, 18.75861 ], [ 105.778053, 18.754721 ], [ 105.779999, 18.746941 ], [ 105.782776, 18.739719 ], [ 105.78611, 18.727503 ], [ 105.78611, 18.725561 ], [ 105.791656, 18.702122 ], [ 105.794167, 18.68611 ], [ 105.79583, 18.681391 ], [ 105.796387, 18.675831 ], [ 105.798332, 18.668333 ], [ 105.801392, 18.660555 ], [ 105.805267, 18.64889 ], [ 105.805832, 18.64583 ], [ 105.809448, 18.637501 ], [ 105.813057, 18.62722 ], [ 105.820831, 18.610184 ], [ 105.824448, 18.601389 ], [ 105.828056, 18.595556 ], [ 105.82972, 18.59083 ], [ 105.832207, 18.587221 ], [ 105.836113, 18.578329 ], [ 105.843056, 18.567499 ], [ 105.84639, 18.560556 ], [ 105.854156, 18.54722 ], [ 105.857224, 18.543056 ], [ 105.855003, 18.54056 ], [ 105.858055, 18.536945 ], [ 105.864723, 18.532223 ], [ 105.877502, 18.513334 ], [ 105.893059, 18.491945 ], [ 105.90139, 18.48138 ], [ 105.915833, 18.46472 ], [ 105.917778, 18.459169 ], [ 105.921669, 18.453609 ], [ 105.921112, 18.451666 ], [ 105.917831, 18.45063 ], [ 105.911949, 18.444862 ], [ 105.910393, 18.439171 ], [ 105.910248, 18.434681 ], [ 105.912086, 18.42721 ], [ 105.912231, 18.422319 ], [ 105.90889, 18.414444 ], [ 105.904579, 18.407339 ], [ 105.906487, 18.403833 ], [ 105.90918, 18.405006 ], [ 105.915565, 18.409622 ], [ 105.919678, 18.41382 ], [ 105.926109, 18.425278 ], [ 105.92778, 18.429998 ], [ 105.924164, 18.438889 ], [ 105.925003, 18.44639 ], [ 105.926682, 18.449421 ], [ 105.929726, 18.451944 ], [ 105.931389, 18.456112 ], [ 105.932503, 18.462221 ], [ 105.938614, 18.47028 ], [ 105.942497, 18.472219 ], [ 105.943596, 18.467501 ], [ 105.938606, 18.464451 ], [ 105.940002, 18.460556 ], [ 105.944168, 18.45278 ], [ 105.955559, 18.432781 ], [ 105.957497, 18.430828 ], [ 105.96833, 18.415291 ], [ 105.97361, 18.406666 ], [ 105.979721, 18.4 ], [ 105.980278, 18.39806 ], [ 105.985283, 18.392502 ], [ 105.986389, 18.39028 ], [ 105.992226, 18.384167 ], [ 105.993607, 18.38167 ], [ 106.000267, 18.37528 ], [ 106.004997, 18.368889 ], [ 106.007767, 18.366671 ], [ 106.011322, 18.361715 ], [ 106.016922, 18.356127 ], [ 106.020554, 18.351109 ], [ 106.026665, 18.344999 ], [ 106.04361, 18.326391 ], [ 106.063873, 18.30582 ], [ 106.066948, 18.30361 ], [ 106.07222, 18.29833 ], [ 106.077225, 18.294445 ], [ 106.089447, 18.283331 ], [ 106.093613, 18.281666 ], [ 106.095558, 18.279165 ], [ 106.102501, 18.274166 ], [ 106.105835, 18.272778 ], [ 106.112503, 18.271669 ], [ 106.1166, 18.26535 ], [ 106.112831, 18.26454 ], [ 106.10611, 18.260555 ], [ 106.096107, 18.261667 ], [ 106.09359, 18.25989 ], [ 106.098343, 18.258051 ], [ 106.110558, 18.258598 ], [ 106.118988, 18.256969 ], [ 106.122467, 18.259752 ], [ 106.123314, 18.263218 ], [ 106.121887, 18.266003 ], [ 106.128639, 18.2675 ], [ 106.135025, 18.267832 ], [ 106.141129, 18.266338 ], [ 106.144958, 18.267561 ], [ 106.150566, 18.266951 ], [ 106.151657, 18.268061 ], [ 106.159157, 18.267792 ], [ 106.16333, 18.265278 ], [ 106.168335, 18.263611 ], [ 106.172783, 18.260563 ], [ 106.175003, 18.260281 ], [ 106.186386, 18.253056 ], [ 106.195, 18.243891 ], [ 106.198608, 18.243055 ], [ 106.203331, 18.237501 ], [ 106.209717, 18.23333 ], [ 106.214157, 18.234171 ], [ 106.215279, 18.23168 ], [ 106.221107, 18.225 ], [ 106.229622, 18.222515 ], [ 106.230827, 18.220001 ], [ 106.235001, 18.216667 ], [ 106.238907, 18.217665 ], [ 106.244507, 18.216171 ], [ 106.251526, 18.215488 ], [ 106.252777, 18.213055 ], [ 106.260002, 18.205833 ], [ 106.266388, 18.19861 ], [ 106.273613, 18.189449 ], [ 106.299721, 18.16221 ], [ 106.303337, 18.159719 ], [ 106.305, 18.156666 ], [ 106.309723, 18.154444 ], [ 106.316109, 18.146669 ], [ 106.324722, 18.139723 ], [ 106.33139, 18.133329 ], [ 106.335007, 18.131111 ], [ 106.341667, 18.125002 ], [ 106.34417, 18.123611 ], [ 106.35611, 18.112778 ], [ 106.355553, 18.108891 ], [ 106.351685, 18.110373 ], [ 106.346947, 18.113611 ], [ 106.34111, 18.116112 ], [ 106.33889, 18.113611 ], [ 106.333336, 18.114721 ], [ 106.324448, 18.111113 ], [ 106.321388, 18.109167 ], [ 106.323608, 18.106388 ], [ 106.328613, 18.110279 ], [ 106.33503, 18.1133 ], [ 106.335556, 18.110279 ], [ 106.34111, 18.106947 ], [ 106.343613, 18.103054 ], [ 106.346107, 18.096111 ], [ 106.343887, 18.093887 ], [ 106.342796, 18.08852 ], [ 106.336052, 18.084105 ], [ 106.335556, 18.081944 ], [ 106.337776, 18.07556 ], [ 106.339706, 18.080511 ], [ 106.345261, 18.085299 ], [ 106.346107, 18.089443 ], [ 106.34877, 18.094872 ], [ 106.35083, 18.095751 ], [ 106.356941, 18.10111 ], [ 106.357666, 18.104155 ], [ 106.364807, 18.108959 ], [ 106.37146, 18.107229 ], [ 106.374733, 18.104841 ], [ 106.378792, 18.106567 ], [ 106.380852, 18.103415 ], [ 106.390274, 18.099445 ], [ 106.399818, 18.098921 ], [ 106.406487, 18.10054 ], [ 106.408417, 18.107462 ], [ 106.405792, 18.110929 ], [ 106.406082, 18.113443 ], [ 106.409698, 18.1129 ], [ 106.4114, 18.115887 ], [ 106.410263, 18.119757 ], [ 106.414383, 18.12417 ], [ 106.417793, 18.125801 ], [ 106.421967, 18.12628 ], [ 106.421669, 18.122219 ], [ 106.425011, 18.121248 ], [ 106.435371, 18.122471 ], [ 106.434166, 18.118061 ], [ 106.428337, 18.111666 ], [ 106.427223, 18.108891 ], [ 106.422501, 18.105831 ], [ 106.42083, 18.10194 ], [ 106.422501, 18.100277 ], [ 106.423615, 18.09528 ], [ 106.421669, 18.09333 ], [ 106.422783, 18.08917 ], [ 106.427223, 18.083059 ], [ 106.430832, 18.075556 ], [ 106.431099, 18.072781 ], [ 106.435837, 18.059723 ], [ 106.435837, 18.057503 ], [ 106.441391, 18.046112 ], [ 106.441673, 18.04417 ], [ 106.447777, 18.03389 ], [ 106.449463, 18.029718 ], [ 106.451942, 18.026388 ], [ 106.460556, 18.010353 ], [ 106.464439, 18.00528 ], [ 106.46917, 17.99778 ], [ 106.472153, 17.998177 ], [ 106.474716, 17.991671 ], [ 106.478821, 17.987841 ], [ 106.481392, 17.989159 ], [ 106.482765, 17.982635 ], [ 106.490143, 17.971809 ], [ 106.493332, 17.966391 ], [ 106.495491, 17.964983 ], [ 106.504448, 17.963888 ], [ 106.510956, 17.95999 ], [ 106.504852, 17.95756 ], [ 106.504852, 17.952703 ], [ 106.507233, 17.94722 ], [ 106.510536, 17.942659 ], [ 106.515556, 17.941389 ], [ 106.511559, 17.938351 ], [ 106.509445, 17.938055 ], [ 106.502777, 17.92861 ], [ 106.501595, 17.923203 ], [ 106.497223, 17.921108 ], [ 106.494644, 17.922852 ], [ 106.488335, 17.921667 ], [ 106.485001, 17.922501 ], [ 106.482498, 17.919998 ], [ 106.480553, 17.914442 ], [ 106.472496, 17.907221 ], [ 106.46917, 17.901121 ], [ 106.468613, 17.895 ], [ 106.464149, 17.890831 ], [ 106.461517, 17.883469 ], [ 106.457497, 17.877222 ], [ 106.454926, 17.876247 ], [ 106.451431, 17.871351 ], [ 106.449661, 17.86727 ], [ 106.445274, 17.853889 ], [ 106.444168, 17.844723 ], [ 106.444168, 17.836664 ], [ 106.446106, 17.81917 ], [ 106.449165, 17.805 ], [ 106.451942, 17.796665 ], [ 106.453331, 17.789722 ], [ 106.456108, 17.781111 ], [ 106.462502, 17.763611 ], [ 106.464165, 17.7575 ], [ 106.473412, 17.737669 ], [ 106.478653, 17.728271 ], [ 106.484169, 17.720646 ], [ 106.489311, 17.709831 ], [ 106.489876, 17.706291 ], [ 106.49189, 17.703926 ], [ 106.496109, 17.702778 ], [ 106.497513, 17.69972 ], [ 106.497559, 17.694721 ], [ 106.498611, 17.689711 ], [ 106.501389, 17.682779 ], [ 106.508606, 17.66917 ], [ 106.513336, 17.66139 ], [ 106.516113, 17.66069 ], [ 106.521111, 17.650555 ], [ 106.524452, 17.64473 ], [ 106.52916, 17.638266 ], [ 106.531387, 17.634171 ], [ 106.537498, 17.626389 ], [ 106.541946, 17.621941 ], [ 106.545067, 17.622496 ], [ 106.548058, 17.619171 ], [ 106.548622, 17.61528 ], [ 106.552734, 17.608381 ], [ 106.553612, 17.604721 ], [ 106.558052, 17.59833 ], [ 106.561386, 17.590281 ], [ 106.569168, 17.576666 ], [ 106.572792, 17.571671 ], [ 106.575836, 17.565556 ], [ 106.582779, 17.55722 ], [ 106.581673, 17.55361 ], [ 106.584442, 17.553055 ], [ 106.588058, 17.546389 ], [ 106.593056, 17.540001 ], [ 106.593056, 17.53861 ], [ 106.598892, 17.532223 ], [ 106.599167, 17.530834 ], [ 106.605003, 17.524721 ], [ 106.611115, 17.514999 ], [ 106.615547, 17.510563 ], [ 106.619156, 17.504721 ], [ 106.62278, 17.501114 ], [ 106.626747, 17.4939 ], [ 106.627457, 17.489342 ], [ 106.633057, 17.485832 ], [ 106.63472, 17.479721 ], [ 106.639168, 17.4725 ], [ 106.646667, 17.461946 ], [ 106.656387, 17.44972 ], [ 106.661392, 17.444721 ], [ 106.663055, 17.441944 ], [ 106.673332, 17.43111 ], [ 106.6875, 17.414387 ], [ 106.692497, 17.410009 ], [ 106.694725, 17.406942 ], [ 106.705002, 17.396111 ], [ 106.71833, 17.38331 ], [ 106.730553, 17.370838 ], [ 106.732224, 17.370001 ], [ 106.756111, 17.346945 ], [ 106.764168, 17.340281 ], [ 106.769714, 17.334513 ], [ 106.779442, 17.326111 ], [ 106.782501, 17.324167 ], [ 106.788063, 17.31889 ], [ 106.802223, 17.30722 ], [ 106.802223, 17.305281 ], [ 106.806587, 17.302629 ], [ 106.809715, 17.298674 ], [ 106.81694, 17.294802 ], [ 106.823891, 17.2875 ], [ 106.827637, 17.28681 ], [ 106.828888, 17.28417 ], [ 106.83667, 17.27639 ], [ 106.842224, 17.273054 ], [ 106.845192, 17.273401 ], [ 106.848892, 17.271111 ], [ 106.85083, 17.268055 ], [ 106.854721, 17.266945 ], [ 106.857498, 17.262781 ], [ 106.861664, 17.261318 ], [ 106.863327, 17.25861 ], [ 106.868332, 17.25528 ], [ 106.871262, 17.254314 ], [ 106.883118, 17.24501 ], [ 106.886887, 17.242861 ], [ 106.887016, 17.241049 ], [ 106.891113, 17.238611 ], [ 106.896111, 17.2325 ], [ 106.902145, 17.231258 ], [ 106.907143, 17.227571 ], [ 106.909424, 17.224052 ], [ 106.920761, 17.216461 ], [ 106.923607, 17.211693 ], [ 106.925552, 17.21167 ], [ 106.928886, 17.208698 ], [ 106.931717, 17.207581 ], [ 106.946388, 17.19833 ], [ 106.948326, 17.195829 ], [ 106.952499, 17.193611 ], [ 106.955826, 17.19029 ], [ 106.959167, 17.18861 ], [ 106.966667, 17.183058 ], [ 106.970558, 17.18111 ], [ 106.980003, 17.173334 ], [ 106.988052, 17.1675 ], [ 106.994858, 17.163204 ], [ 106.99778, 17.160278 ], [ 107.007973, 17.151999 ], [ 107.013702, 17.14801 ], [ 107.018227, 17.145653 ] ] ], [ [ [ 107.339218, 17.151779 ], [ 107.336136, 17.15132 ], [ 107.333534, 17.153671 ], [ 107.331383, 17.153154 ], [ 107.327629, 17.157166 ], [ 107.326096, 17.161497 ], [ 107.326408, 17.164572 ], [ 107.328896, 17.167246 ], [ 107.334923, 17.168009 ], [ 107.339836, 17.167334 ], [ 107.343178, 17.165668 ], [ 107.346863, 17.16164 ], [ 107.349068, 17.15657 ], [ 107.342857, 17.149837 ], [ 107.339218, 17.151779 ] ] ], [ [ [ 106.4925, 17.912222 ], [ 106.495277, 17.914442 ], [ 106.497223, 17.911945 ], [ 106.495827, 17.90889 ], [ 106.4925, 17.912222 ] ] ], [ [ [ 106.526108, 17.932781 ], [ 106.527779, 17.934723 ], [ 106.524719, 17.936945 ], [ 106.527779, 17.93861 ], [ 106.531944, 17.936666 ], [ 106.53508, 17.936106 ], [ 106.535553, 17.933332 ], [ 106.53389, 17.93111 ], [ 106.529167, 17.93083 ], [ 106.526108, 17.932781 ] ] ], [ [ [ 106.523888, 17.93972 ], [ 106.522499, 17.939173 ], [ 106.517776, 17.942791 ], [ 106.521111, 17.944445 ], [ 106.524719, 17.943054 ], [ 106.523888, 17.93972 ] ] ], [ [ [ 106.462486, 18.106819 ], [ 106.464615, 18.102608 ], [ 106.464333, 18.101782 ], [ 106.453049, 18.099411 ], [ 106.452133, 18.100971 ], [ 106.46064, 18.106541 ], [ 106.462486, 18.106819 ] ] ], [ [ [ 105.778259, 18.806887 ], [ 105.781815, 18.805309 ], [ 105.782089, 18.80209 ], [ 105.774994, 18.797615 ], [ 105.77253, 18.796337 ], [ 105.769661, 18.800074 ], [ 105.771263, 18.802687 ], [ 105.776459, 18.802526 ], [ 105.778259, 18.806887 ] ] ], [ [ [ 105.802231, 19.275249 ], [ 105.805832, 19.2775 ], [ 105.806389, 19.274172 ], [ 105.804169, 19.272221 ], [ 105.802231, 19.275249 ] ] ], [ [ [ 105.827629, 19.309 ], [ 105.828323, 19.30555 ], [ 105.824928, 19.306301 ], [ 105.822945, 19.305094 ], [ 105.819656, 19.310143 ], [ 105.820229, 19.315393 ], [ 105.818428, 19.319241 ], [ 105.818619, 19.321529 ], [ 105.814171, 19.33083 ], [ 105.816566, 19.337851 ], [ 105.821167, 19.33617 ], [ 105.820656, 19.34112 ], [ 105.823097, 19.343451 ], [ 105.825943, 19.341051 ], [ 105.827522, 19.336578 ], [ 105.826942, 19.333054 ], [ 105.826668, 19.328609 ], [ 105.823891, 19.325834 ], [ 105.825317, 19.319679 ], [ 105.828781, 19.315041 ], [ 105.827629, 19.309 ] ] ], [ [ [ 105.903961, 19.345179 ], [ 105.904427, 19.340628 ], [ 105.900307, 19.342171 ], [ 105.897636, 19.345921 ], [ 105.903, 19.346769 ], [ 105.903961, 19.345179 ] ] ], [ [ [ 105.935188, 19.351576 ], [ 105.930061, 19.34903 ], [ 105.929207, 19.3545 ], [ 105.931503, 19.356941 ], [ 105.935997, 19.353889 ], [ 105.935188, 19.351576 ] ] ], [ [ [ 105.925613, 19.35898 ], [ 105.919777, 19.36441 ], [ 105.918877, 19.366461 ], [ 105.913803, 19.368692 ], [ 105.912811, 19.374741 ], [ 105.916, 19.382643 ], [ 105.918488, 19.378551 ], [ 105.921783, 19.381302 ], [ 105.924896, 19.380781 ], [ 105.928154, 19.384323 ], [ 105.933411, 19.380301 ], [ 105.935738, 19.38089 ], [ 105.93821, 19.374676 ], [ 105.933594, 19.37042 ], [ 105.933113, 19.363138 ], [ 105.930275, 19.360001 ], [ 105.925613, 19.35898 ] ] ], [ [ [ 108.686592, 15.824087 ], [ 108.682083, 15.824356 ], [ 108.679802, 15.824733 ], [ 108.680992, 15.829864 ], [ 108.682625, 15.830368 ], [ 108.687439, 15.826317 ], [ 108.686592, 15.824087 ] ] ], [ [ [ 108.537514, 15.911668 ], [ 108.540436, 15.914503 ], [ 108.541695, 15.91243 ], [ 108.539063, 15.909571 ], [ 108.539223, 15.904135 ], [ 108.535362, 15.903074 ], [ 108.531326, 15.904122 ], [ 108.530563, 15.906254 ], [ 108.533127, 15.909997 ], [ 108.537514, 15.911668 ] ] ], [ [ [ 108.479851, 15.948646 ], [ 108.484741, 15.948242 ], [ 108.483566, 15.945809 ], [ 108.482117, 15.941644 ], [ 108.478195, 15.938276 ], [ 108.475876, 15.943525 ], [ 108.478279, 15.945165 ], [ 108.479851, 15.948646 ] ] ], [ [ [ 108.53141, 15.957978 ], [ 108.534294, 15.958036 ], [ 108.537315, 15.955782 ], [ 108.537514, 15.951943 ], [ 108.535484, 15.947875 ], [ 108.535355, 15.944262 ], [ 108.537552, 15.938004 ], [ 108.536018, 15.929847 ], [ 108.539413, 15.924212 ], [ 108.539116, 15.923013 ], [ 108.533188, 15.922335 ], [ 108.532341, 15.925149 ], [ 108.529839, 15.926392 ], [ 108.528557, 15.930321 ], [ 108.52565, 15.932246 ], [ 108.523071, 15.932242 ], [ 108.518326, 15.938317 ], [ 108.51281, 15.938254 ], [ 108.511154, 15.942686 ], [ 108.508362, 15.943696 ], [ 108.506256, 15.956416 ], [ 108.503113, 15.957218 ], [ 108.499603, 15.959966 ], [ 108.497063, 15.959712 ], [ 108.494759, 15.956229 ], [ 108.492279, 15.955881 ], [ 108.489227, 15.962628 ], [ 108.486519, 15.962277 ], [ 108.483009, 15.964956 ], [ 108.486824, 15.968386 ], [ 108.489967, 15.968454 ], [ 108.492157, 15.973308 ], [ 108.499939, 15.975797 ], [ 108.502068, 15.97854 ], [ 108.510338, 15.972101 ], [ 108.508972, 15.968809 ], [ 108.510254, 15.965339 ], [ 108.514771, 15.962517 ], [ 108.517059, 15.962518 ], [ 108.52417, 15.959523 ], [ 108.53141, 15.957978 ] ] ], [ [ [ 108.448189, 15.968855 ], [ 108.446396, 15.96752 ], [ 108.443558, 15.969999 ], [ 108.44194, 15.971455 ], [ 108.444687, 15.975884 ], [ 108.450386, 15.979751 ], [ 108.451637, 15.976295 ], [ 108.448189, 15.968855 ] ] ], [ [ [ 108.198326, 16.214993 ], [ 108.199722, 16.221111 ], [ 108.202766, 16.225559 ], [ 108.205559, 16.225834 ], [ 108.209442, 16.223055 ], [ 108.211388, 16.219166 ], [ 108.206108, 16.209721 ], [ 108.203613, 16.211945 ], [ 108.20047, 16.211393 ], [ 108.198326, 16.214993 ] ] ], [ [ [ 107.83139, 16.336945 ], [ 107.830276, 16.340555 ], [ 107.832497, 16.34194 ], [ 107.834167, 16.345833 ], [ 107.836945, 16.348055 ], [ 107.836388, 16.353611 ], [ 107.840576, 16.35116 ], [ 107.84333, 16.346666 ], [ 107.841667, 16.343611 ], [ 107.837219, 16.33972 ], [ 107.835281, 16.339722 ], [ 107.83139, 16.336945 ] ] ], [ [ [ 107.931114, 16.346945 ], [ 107.926422, 16.353102 ], [ 107.935837, 16.347502 ], [ 107.939247, 16.344662 ], [ 107.931114, 16.346945 ] ] ], [ [ [ 107.761948, 16.485281 ], [ 107.773056, 16.476944 ], [ 107.780281, 16.470556 ], [ 107.782486, 16.46944 ], [ 107.78862, 16.463888 ], [ 107.807503, 16.448055 ], [ 107.813614, 16.441668 ], [ 107.817497, 16.439169 ], [ 107.82222, 16.434441 ], [ 107.833611, 16.42444 ], [ 107.840279, 16.41778 ], [ 107.847496, 16.411388 ], [ 107.860275, 16.400831 ], [ 107.866386, 16.39472 ], [ 107.869713, 16.3925 ], [ 107.873337, 16.388613 ], [ 107.880547, 16.3825 ], [ 107.886948, 16.378059 ], [ 107.891937, 16.37361 ], [ 107.894997, 16.372223 ], [ 107.901627, 16.366982 ], [ 107.904724, 16.368334 ], [ 107.917221, 16.358891 ], [ 107.917221, 16.357498 ], [ 107.910843, 16.35194 ], [ 107.910835, 16.349724 ], [ 107.900833, 16.344166 ], [ 107.895279, 16.344721 ], [ 107.893608, 16.346392 ], [ 107.890266, 16.34194 ], [ 107.883614, 16.347219 ], [ 107.873886, 16.348055 ], [ 107.867233, 16.351391 ], [ 107.860001, 16.358334 ], [ 107.855278, 16.35722 ], [ 107.854721, 16.354168 ], [ 107.856667, 16.35194 ], [ 107.850281, 16.346392 ], [ 107.8489, 16.35 ], [ 107.850563, 16.352779 ], [ 107.848892, 16.356112 ], [ 107.845558, 16.358334 ], [ 107.843887, 16.361391 ], [ 107.838058, 16.3675 ], [ 107.836388, 16.371681 ], [ 107.833885, 16.373056 ], [ 107.830559, 16.37722 ], [ 107.82972, 16.381945 ], [ 107.827477, 16.384451 ], [ 107.821388, 16.387503 ], [ 107.818047, 16.39056 ], [ 107.815002, 16.394722 ], [ 107.811668, 16.397223 ], [ 107.800278, 16.408056 ], [ 107.800003, 16.409166 ], [ 107.785851, 16.423889 ], [ 107.784996, 16.4289 ], [ 107.777496, 16.431946 ], [ 107.775558, 16.430281 ], [ 107.771523, 16.434723 ], [ 107.769447, 16.443611 ], [ 107.763611, 16.447781 ], [ 107.760002, 16.4575 ], [ 107.756111, 16.46417 ], [ 107.75251, 16.468073 ], [ 107.743614, 16.47139 ], [ 107.743614, 16.477222 ], [ 107.742233, 16.48278 ], [ 107.742767, 16.486111 ], [ 107.736664, 16.491945 ], [ 107.733612, 16.495831 ], [ 107.730835, 16.497225 ], [ 107.722778, 16.495829 ], [ 107.721107, 16.496389 ], [ 107.722237, 16.503502 ], [ 107.721657, 16.506672 ], [ 107.718613, 16.507221 ], [ 107.716667, 16.513056 ], [ 107.712219, 16.513891 ], [ 107.710831, 16.516666 ], [ 107.705276, 16.522221 ], [ 107.700836, 16.523335 ], [ 107.696396, 16.522076 ], [ 107.692223, 16.527222 ], [ 107.691948, 16.53056 ], [ 107.686111, 16.535831 ], [ 107.675278, 16.541111 ], [ 107.673058, 16.54361 ], [ 107.666924, 16.544079 ], [ 107.663063, 16.55028 ], [ 107.662498, 16.55611 ], [ 107.667221, 16.553057 ], [ 107.682503, 16.54417 ], [ 107.69722, 16.534161 ], [ 107.699448, 16.531944 ], [ 107.714447, 16.521931 ], [ 107.71611, 16.519999 ], [ 107.720276, 16.5175 ], [ 107.735832, 16.504444 ], [ 107.739166, 16.502777 ], [ 107.758331, 16.487221 ], [ 107.761948, 16.485281 ] ] ], [ [ [ 107.6632, 16.54768 ], [ 107.661644, 16.544132 ], [ 107.659103, 16.545771 ], [ 107.66037, 16.547956 ], [ 107.6632, 16.54768 ] ] ], [ [ [ 107.657776, 16.553888 ], [ 107.653893, 16.552221 ], [ 107.648056, 16.55472 ], [ 107.637497, 16.563061 ], [ 107.634163, 16.566944 ], [ 107.632225, 16.565556 ], [ 107.628326, 16.56583 ], [ 107.626663, 16.571112 ], [ 107.631813, 16.570292 ], [ 107.633888, 16.56889 ], [ 107.638481, 16.56683 ], [ 107.648331, 16.563614 ], [ 107.65023, 16.561708 ], [ 107.654999, 16.559444 ], [ 107.657776, 16.553888 ] ] ], [ [ [ 107.617226, 16.564583 ], [ 107.61528, 16.56723 ], [ 107.622223, 16.568331 ], [ 107.622246, 16.565559 ], [ 107.617226, 16.564583 ] ] ] ] } },
{ "type": "Feature", "properties": { "area_code_prefix": "24" }, "geometry": { "type": "Polygon", "coordinates": [ [ [ 105.316727, 21.012362 ], [ 105.321175, 21.015205 ], [ 105.322968, 21.017506 ], [ 105.324036, 21.021704 ], [ 105.327309, 21.019697 ], [ 105.325951, 21.016808 ], [ 105.325928, 21.011845 ], [ 105.326889, 21.009356 ], [ 105.333153, 21.008106 ], [ 105.333794, 21.010551 ], [ 105.338356, 21.01372 ], [ 105.341324, 21.01293 ], [ 105.347183, 21.014093 ], [ 105.350746, 21.008818 ], [ 105.354179, 21.007683 ], [ 105.365654, 21.012852 ], [ 105.373489, 21.013748 ], [ 105.379272, 21.019907 ], [ 105.386642, 21.024408 ], [ 105.38604, 21.017853 ], [ 105.391502, 21.014559 ], [ 105.397087, 21.015083 ], [ 105.400497, 21.013777 ], [ 105.406097, 21.016973 ], [ 105.409698, 21.018091 ], [ 105.412354, 21.014311 ], [ 105.416824, 21.01161 ], [ 105.418938, 21.012903 ], [ 105.42968, 21.015106 ], [ 105.434425, 21.017319 ], [ 105.44223, 21.014555 ], [ 105.445786, 21.015329 ], [ 105.449814, 21.014563 ], [ 105.452156, 21.012671 ], [ 105.456146, 21.012266 ], [ 105.457886, 21.013502 ], [ 105.463181, 21.011496 ], [ 105.466164, 21.009434 ], [ 105.46804, 21.005922 ], [ 105.474297, 21.003067 ], [ 105.476204, 21.000523 ], [ 105.481148, 20.996487 ], [ 105.488739, 20.993 ], [ 105.494156, 20.993443 ], [ 105.498291, 20.989107 ], [ 105.497795, 20.985498 ], [ 105.499413, 20.981459 ], [ 105.502632, 20.978691 ], [ 105.50193, 20.971334 ], [ 105.499565, 20.967724 ], [ 105.492088, 20.964025 ], [ 105.490257, 20.962002 ], [ 105.490791, 20.956615 ], [ 105.486771, 20.952883 ], [ 105.484428, 20.946516 ], [ 105.477577, 20.948408 ], [ 105.469803, 20.948742 ], [ 105.465256, 20.945868 ], [ 105.460892, 20.946854 ], [ 105.460609, 20.94442 ], [ 105.46257, 20.940145 ], [ 105.460281, 20.938755 ], [ 105.457962, 20.933512 ], [ 105.459839, 20.93117 ], [ 105.457794, 20.920691 ], [ 105.453964, 20.914751 ], [ 105.45507, 20.912197 ], [ 105.45092, 20.905725 ], [ 105.449554, 20.900854 ], [ 105.447083, 20.897327 ], [ 105.451492, 20.893591 ], [ 105.454697, 20.892681 ], [ 105.463036, 20.886555 ], [ 105.459702, 20.884613 ], [ 105.461197, 20.881405 ], [ 105.465332, 20.87907 ], [ 105.465324, 20.876534 ], [ 105.469826, 20.867987 ], [ 105.476692, 20.859722 ], [ 105.483604, 20.853952 ], [ 105.486855, 20.854254 ], [ 105.490349, 20.848764 ], [ 105.493393, 20.849453 ], [ 105.499237, 20.843229 ], [ 105.503983, 20.840818 ], [ 105.514015, 20.840393 ], [ 105.514458, 20.833311 ], [ 105.512665, 20.82884 ], [ 105.517189, 20.823334 ], [ 105.525681, 20.819279 ], [ 105.533318, 20.81798 ], [ 105.53997, 20.818781 ], [ 105.542267, 20.816936 ], [ 105.545204, 20.811405 ], [ 105.551033, 20.808777 ], [ 105.552216, 20.806602 ], [ 105.555336, 20.805595 ], [ 105.555992, 20.800756 ], [ 105.554665, 20.795719 ], [ 105.551903, 20.790888 ], [ 105.552544, 20.785542 ], [ 105.561539, 20.777145 ], [ 105.570068, 20.777939 ], [ 105.573753, 20.775339 ], [ 105.571266, 20.773396 ], [ 105.571815, 20.766727 ], [ 105.567505, 20.763794 ], [ 105.569115, 20.761589 ], [ 105.566818, 20.754372 ], [ 105.567268, 20.750141 ], [ 105.573624, 20.74906 ], [ 105.580101, 20.745983 ], [ 105.58548, 20.739475 ], [ 105.585289, 20.737448 ], [ 105.580345, 20.731327 ], [ 105.58223, 20.728441 ], [ 105.588516, 20.721432 ], [ 105.59539, 20.720411 ], [ 105.604553, 20.718367 ], [ 105.610535, 20.721455 ], [ 105.613953, 20.719334 ], [ 105.621353, 20.717783 ], [ 105.622398, 20.724939 ], [ 105.621658, 20.730883 ], [ 105.634224, 20.731701 ], [ 105.633659, 20.729197 ], [ 105.635559, 20.724682 ], [ 105.639191, 20.721397 ], [ 105.645615, 20.711197 ], [ 105.641396, 20.704031 ], [ 105.637993, 20.701019 ], [ 105.636787, 20.694395 ], [ 105.637825, 20.692619 ], [ 105.64666, 20.690605 ], [ 105.648697, 20.690809 ], [ 105.651207, 20.687004 ], [ 105.651375, 20.683758 ], [ 105.656036, 20.674833 ], [ 105.661026, 20.671913 ], [ 105.658195, 20.662634 ], [ 105.663681, 20.660866 ], [ 105.664215, 20.657589 ], [ 105.677185, 20.655388 ], [ 105.680138, 20.65284 ], [ 105.677948, 20.647367 ], [ 105.679398, 20.64296 ], [ 105.681519, 20.640224 ], [ 105.685822, 20.638048 ], [ 105.682831, 20.635244 ], [ 105.684029, 20.633133 ], [ 105.677345, 20.628511 ], [ 105.673218, 20.629122 ], [ 105.671394, 20.63205 ], [ 105.66787, 20.629358 ], [ 105.664963, 20.630312 ], [ 105.662819, 20.628263 ], [ 105.666077, 20.622765 ], [ 105.664658, 20.621466 ], [ 105.665611, 20.617138 ], [ 105.67012, 20.616222 ], [ 105.676018, 20.61618 ], [ 105.681198, 20.617491 ], [ 105.685692, 20.616125 ], [ 105.689911, 20.621445 ], [ 105.694679, 20.620049 ], [ 105.697945, 20.621899 ], [ 105.700493, 20.621487 ], [ 105.703293, 20.615759 ], [ 105.702927, 20.610723 ], [ 105.704536, 20.60907 ], [ 105.7033, 20.602785 ], [ 105.70755, 20.598827 ], [ 105.710258, 20.599199 ], [ 105.71946, 20.596584 ], [ 105.722107, 20.597912 ], [ 105.725731, 20.60364 ], [ 105.727196, 20.604328 ], [ 105.73024, 20.600904 ], [ 105.7351, 20.598846 ], [ 105.740913, 20.59971 ], [ 105.744347, 20.597038 ], [ 105.746269, 20.592957 ], [ 105.75161, 20.589655 ], [ 105.754173, 20.585468 ], [ 105.764084, 20.576008 ], [ 105.766396, 20.571733 ], [ 105.767967, 20.565201 ], [ 105.776405, 20.564646 ], [ 105.778549, 20.566275 ], [ 105.781418, 20.564985 ], [ 105.784927, 20.566687 ], [ 105.794182, 20.567614 ], [ 105.798698, 20.58176 ], [ 105.800781, 20.58399 ], [ 105.800018, 20.587997 ], [ 105.800781, 20.593769 ], [ 105.804688, 20.59959 ], [ 105.810898, 20.604572 ], [ 105.807976, 20.605619 ], [ 105.804993, 20.608994 ], [ 105.805389, 20.611509 ], [ 105.8144, 20.618904 ], [ 105.81266, 20.621799 ], [ 105.812813, 20.624624 ], [ 105.811005, 20.627928 ], [ 105.814072, 20.634436 ], [ 105.823418, 20.640802 ], [ 105.829887, 20.643778 ], [ 105.832367, 20.645823 ], [ 105.83297, 20.64949 ], [ 105.825577, 20.65357 ], [ 105.818886, 20.66053 ], [ 105.821686, 20.664692 ], [ 105.827126, 20.663912 ], [ 105.830154, 20.661598 ], [ 105.833885, 20.661467 ], [ 105.839264, 20.659557 ], [ 105.839447, 20.656834 ], [ 105.84243, 20.656096 ], [ 105.850822, 20.649721 ], [ 105.854156, 20.646311 ], [ 105.857208, 20.645041 ], [ 105.866936, 20.64525 ], [ 105.874107, 20.643274 ], [ 105.879196, 20.64336 ], [ 105.885025, 20.645416 ], [ 105.891815, 20.649031 ], [ 105.895332, 20.651974 ], [ 105.895401, 20.669443 ], [ 105.901772, 20.665176 ], [ 105.904663, 20.665216 ], [ 105.90686, 20.668907 ], [ 105.914619, 20.673046 ], [ 105.918823, 20.675997 ], [ 105.931625, 20.680241 ], [ 105.937958, 20.680641 ], [ 105.942413, 20.682074 ], [ 105.944778, 20.679789 ], [ 105.945961, 20.676481 ], [ 105.945877, 20.666582 ], [ 105.942513, 20.663851 ], [ 105.942764, 20.658085 ], [ 105.944214, 20.654964 ], [ 105.948387, 20.65307 ], [ 105.957703, 20.650442 ], [ 105.955956, 20.655308 ], [ 105.956657, 20.65815 ], [ 105.959953, 20.661573 ], [ 105.965141, 20.664431 ], [ 105.976532, 20.665615 ], [ 105.977844, 20.669447 ], [ 105.977676, 20.673708 ], [ 105.984047, 20.68062 ], [ 105.987717, 20.682367 ], [ 105.99382, 20.681137 ], [ 105.991066, 20.67823 ], [ 105.993881, 20.67664 ], [ 105.997009, 20.677958 ], [ 105.993034, 20.683138 ], [ 105.991028, 20.689709 ], [ 105.997322, 20.692444 ], [ 105.994904, 20.697441 ], [ 106.001656, 20.702005 ], [ 106.002159, 20.704496 ], [ 105.993454, 20.70439 ], [ 105.98745, 20.703751 ], [ 105.981819, 20.70034 ], [ 105.975838, 20.699516 ], [ 105.972427, 20.700634 ], [ 105.964638, 20.721333 ], [ 105.963509, 20.726198 ], [ 105.964172, 20.728769 ], [ 105.968857, 20.734426 ], [ 105.967567, 20.740679 ], [ 105.966629, 20.750948 ], [ 105.966934, 20.760794 ], [ 105.967705, 20.76996 ], [ 105.963303, 20.776869 ], [ 105.959564, 20.779295 ], [ 105.953178, 20.781204 ], [ 105.936897, 20.783813 ], [ 105.928505, 20.786736 ], [ 105.922165, 20.792248 ], [ 105.918221, 20.798197 ], [ 105.914413, 20.807446 ], [ 105.910225, 20.820433 ], [ 105.910126, 20.829176 ], [ 105.912025, 20.835238 ], [ 105.916115, 20.842253 ], [ 105.922173, 20.846155 ], [ 105.93087, 20.849985 ], [ 105.932541, 20.851679 ], [ 105.934883, 20.856928 ], [ 105.935471, 20.862465 ], [ 105.934769, 20.866867 ], [ 105.931633, 20.872749 ], [ 105.92775, 20.875612 ], [ 105.923615, 20.876781 ], [ 105.919685, 20.880468 ], [ 105.908905, 20.886852 ], [ 105.897812, 20.891907 ], [ 105.895485, 20.894073 ], [ 105.894691, 20.899073 ], [ 105.898407, 20.905367 ], [ 105.907066, 20.911507 ], [ 105.911713, 20.916935 ], [ 105.91227, 20.920956 ], [ 105.910309, 20.924477 ], [ 105.907722, 20.926468 ], [ 105.914337, 20.937218 ], [ 105.904213, 20.945425 ], [ 105.903702, 20.954134 ], [ 105.906898, 20.961269 ], [ 105.912666, 20.972441 ], [ 105.914986, 20.975639 ], [ 105.924095, 20.975142 ], [ 105.929787, 20.972834 ], [ 105.931267, 20.973938 ], [ 105.937912, 20.96785 ], [ 105.947884, 20.969465 ], [ 105.947845, 20.967655 ], [ 105.954475, 20.96862 ], [ 105.954247, 20.96627 ], [ 105.958557, 20.965988 ], [ 105.96389, 20.96328 ], [ 105.964005, 20.972769 ], [ 105.961639, 20.974085 ], [ 105.961594, 20.982382 ], [ 105.963341, 20.984245 ], [ 105.960808, 20.988033 ], [ 105.961281, 20.98978 ], [ 105.965866, 20.991245 ], [ 105.968269, 20.988716 ], [ 105.97171, 20.989708 ], [ 105.970573, 20.995237 ], [ 105.976784, 20.999073 ], [ 105.981529, 20.996897 ], [ 105.985397, 20.996603 ], [ 105.988922, 20.997963 ], [ 105.990982, 21.001162 ], [ 105.993546, 21.001539 ], [ 105.998642, 20.999399 ], [ 106.000496, 21.000162 ], [ 105.997993, 21.006706 ], [ 106.006744, 21.008371 ], [ 106.003998, 21.014053 ], [ 106.002945, 21.019442 ], [ 106.006241, 21.024664 ], [ 106.006195, 21.028725 ], [ 106.011497, 21.029926 ], [ 106.017914, 21.038216 ], [ 106.019333, 21.041342 ], [ 106.019157, 21.047634 ], [ 106.013527, 21.050846 ], [ 106.013046, 21.055861 ], [ 106.008492, 21.055981 ], [ 106.006248, 21.057842 ], [ 106.00898, 21.062004 ], [ 106.005531, 21.06312 ], [ 106.000229, 21.069952 ], [ 105.998383, 21.074522 ], [ 105.992607, 21.069012 ], [ 105.985634, 21.070189 ], [ 105.976158, 21.070534 ], [ 105.967316, 21.072409 ], [ 105.967766, 21.073629 ], [ 105.963028, 21.0776 ], [ 105.961197, 21.07799 ], [ 105.958893, 21.088804 ], [ 105.957062, 21.091356 ], [ 105.952698, 21.089684 ], [ 105.944969, 21.085184 ], [ 105.939568, 21.083792 ], [ 105.939972, 21.088432 ], [ 105.937363, 21.091295 ], [ 105.934753, 21.097033 ], [ 105.935654, 21.101128 ], [ 105.933197, 21.10413 ], [ 105.933723, 21.10598 ], [ 105.930748, 21.108471 ], [ 105.930046, 21.111353 ], [ 105.920616, 21.116873 ], [ 105.920784, 21.119408 ], [ 105.915092, 21.118912 ], [ 105.913834, 21.12545 ], [ 105.918571, 21.130047 ], [ 105.917244, 21.132177 ], [ 105.92112, 21.13538 ], [ 105.925797, 21.140644 ], [ 105.925293, 21.146683 ], [ 105.922462, 21.147648 ], [ 105.921097, 21.152212 ], [ 105.918945, 21.155233 ], [ 105.920143, 21.159346 ], [ 105.916946, 21.166447 ], [ 105.916626, 21.171734 ], [ 105.92067, 21.173944 ], [ 105.919724, 21.178078 ], [ 105.923019, 21.182858 ], [ 105.914879, 21.187435 ], [ 105.912903, 21.191698 ], [ 105.906441, 21.192427 ], [ 105.906319, 21.196909 ], [ 105.909187, 21.200867 ], [ 105.912674, 21.202623 ], [ 105.909752, 21.207689 ], [ 105.915123, 21.208712 ], [ 105.91494, 21.215212 ], [ 105.913467, 21.219248 ], [ 105.908745, 21.224804 ], [ 105.90567, 21.222475 ], [ 105.903397, 21.224812 ], [ 105.906303, 21.228573 ], [ 105.905937, 21.23221 ], [ 105.912766, 21.232372 ], [ 105.918694, 21.231277 ], [ 105.920578, 21.234859 ], [ 105.926201, 21.238155 ], [ 105.929962, 21.243065 ], [ 105.932915, 21.245287 ], [ 105.937256, 21.243505 ], [ 105.938461, 21.246748 ], [ 105.933044, 21.253748 ], [ 105.928169, 21.262703 ], [ 105.922424, 21.270174 ], [ 105.921806, 21.276602 ], [ 105.922707, 21.28792 ], [ 105.925179, 21.289885 ], [ 105.929916, 21.291491 ], [ 105.929741, 21.295176 ], [ 105.922012, 21.294111 ], [ 105.917694, 21.294298 ], [ 105.915398, 21.295799 ], [ 105.915375, 21.29834 ], [ 105.917198, 21.304682 ], [ 105.915283, 21.305672 ], [ 105.90831, 21.301788 ], [ 105.902023, 21.303112 ], [ 105.897728, 21.306438 ], [ 105.896782, 21.310617 ], [ 105.898521, 21.316233 ], [ 105.898865, 21.324961 ], [ 105.89756, 21.327126 ], [ 105.891632, 21.326473 ], [ 105.889999, 21.325497 ], [ 105.883484, 21.327526 ], [ 105.876915, 21.327724 ], [ 105.870209, 21.329901 ], [ 105.866302, 21.328125 ], [ 105.865173, 21.333422 ], [ 105.861595, 21.338434 ], [ 105.8573, 21.338873 ], [ 105.854996, 21.343031 ], [ 105.855339, 21.34753 ], [ 105.851761, 21.349098 ], [ 105.853638, 21.353525 ], [ 105.850822, 21.355713 ], [ 105.852386, 21.359528 ], [ 105.8535, 21.369631 ], [ 105.856827, 21.365988 ], [ 105.858673, 21.367872 ], [ 105.856804, 21.370497 ], [ 105.857941, 21.374025 ], [ 105.85482, 21.376692 ], [ 105.848877, 21.374557 ], [ 105.846344, 21.377718 ], [ 105.837967, 21.377443 ], [ 105.834969, 21.37406 ], [ 105.831688, 21.373264 ], [ 105.828079, 21.376392 ], [ 105.82383, 21.377468 ], [ 105.814087, 21.383394 ], [ 105.812172, 21.381224 ], [ 105.80304, 21.38463 ], [ 105.800018, 21.385221 ], [ 105.796364, 21.382605 ], [ 105.793961, 21.379578 ], [ 105.789604, 21.377838 ], [ 105.787056, 21.374981 ], [ 105.785812, 21.363651 ], [ 105.783928, 21.359701 ], [ 105.785652, 21.354967 ], [ 105.782295, 21.353853 ], [ 105.784843, 21.347851 ], [ 105.784424, 21.343008 ], [ 105.782501, 21.34297 ], [ 105.779175, 21.339228 ], [ 105.776382, 21.337942 ], [ 105.77198, 21.328632 ], [ 105.771706, 21.325802 ], [ 105.767937, 21.319895 ], [ 105.761765, 21.313633 ], [ 105.756325, 21.300739 ], [ 105.752388, 21.297005 ], [ 105.748596, 21.296232 ], [ 105.742859, 21.293009 ], [ 105.737366, 21.288052 ], [ 105.734238, 21.28376 ], [ 105.7351, 21.279608 ], [ 105.732727, 21.279331 ], [ 105.73185, 21.275368 ], [ 105.728714, 21.275932 ], [ 105.72551, 21.271387 ], [ 105.72821, 21.268724 ], [ 105.722427, 21.266272 ], [ 105.723923, 21.257729 ], [ 105.722717, 21.25132 ], [ 105.728317, 21.249226 ], [ 105.726273, 21.243574 ], [ 105.727005, 21.241007 ], [ 105.731499, 21.242298 ], [ 105.734894, 21.24103 ], [ 105.736794, 21.236443 ], [ 105.732857, 21.235991 ], [ 105.731026, 21.231661 ], [ 105.723503, 21.225496 ], [ 105.727989, 21.220646 ], [ 105.730141, 21.213823 ], [ 105.726631, 21.200357 ], [ 105.734444, 21.197845 ], [ 105.73835, 21.19928 ], [ 105.746201, 21.200071 ], [ 105.750008, 21.195398 ], [ 105.749969, 21.193951 ], [ 105.755157, 21.191105 ], [ 105.753952, 21.189692 ], [ 105.755089, 21.18486 ], [ 105.7509, 21.18259 ], [ 105.744041, 21.185814 ], [ 105.733765, 21.184301 ], [ 105.728699, 21.186855 ], [ 105.726852, 21.185835 ], [ 105.723511, 21.191854 ], [ 105.718208, 21.198784 ], [ 105.710243, 21.204342 ], [ 105.704849, 21.201382 ], [ 105.705162, 21.198431 ], [ 105.70076, 21.198118 ], [ 105.700615, 21.194395 ], [ 105.702316, 21.192169 ], [ 105.694946, 21.19207 ], [ 105.691299, 21.190573 ], [ 105.689034, 21.18697 ], [ 105.683388, 21.182577 ], [ 105.67614, 21.189411 ], [ 105.675194, 21.185917 ], [ 105.671318, 21.181786 ], [ 105.66671, 21.174759 ], [ 105.664619, 21.173153 ], [ 105.664299, 21.166725 ], [ 105.669983, 21.152664 ], [ 105.672401, 21.147827 ], [ 105.66188, 21.148384 ], [ 105.652061, 21.152296 ], [ 105.631004, 21.158821 ], [ 105.631363, 21.164165 ], [ 105.630486, 21.168846 ], [ 105.625679, 21.173464 ], [ 105.622116, 21.17536 ], [ 105.608887, 21.172874 ], [ 105.599564, 21.169863 ], [ 105.575569, 21.16419 ], [ 105.57431, 21.161764 ], [ 105.566261, 21.159365 ], [ 105.557243, 21.158016 ], [ 105.527092, 21.155712 ], [ 105.515762, 21.156389 ], [ 105.497726, 21.159046 ], [ 105.491447, 21.161079 ], [ 105.482903, 21.165651 ], [ 105.471252, 21.174347 ], [ 105.468796, 21.176785 ], [ 105.469078, 21.181993 ], [ 105.467911, 21.185682 ], [ 105.465919, 21.200689 ], [ 105.463966, 21.200888 ], [ 105.463219, 21.207352 ], [ 105.460884, 21.212957 ], [ 105.461609, 21.214283 ], [ 105.459564, 21.222198 ], [ 105.455719, 21.228338 ], [ 105.449997, 21.238937 ], [ 105.446075, 21.24345 ], [ 105.444794, 21.247139 ], [ 105.443443, 21.2554 ], [ 105.442741, 21.265039 ], [ 105.440865, 21.275076 ], [ 105.43792, 21.284048 ], [ 105.433197, 21.288168 ], [ 105.405632, 21.300951 ], [ 105.399658, 21.303318 ], [ 105.394615, 21.304016 ], [ 105.390244, 21.303076 ], [ 105.384895, 21.300463 ], [ 105.375359, 21.294403 ], [ 105.372742, 21.29435 ], [ 105.368034, 21.313335 ], [ 105.362968, 21.310884 ], [ 105.354385, 21.30246 ], [ 105.354187, 21.294666 ], [ 105.357346, 21.289055 ], [ 105.354996, 21.280828 ], [ 105.353203, 21.263832 ], [ 105.353836, 21.251686 ], [ 105.351707, 21.246984 ], [ 105.35141, 21.242073 ], [ 105.346886, 21.227259 ], [ 105.338249, 21.209684 ], [ 105.343391, 21.208389 ], [ 105.339493, 21.203768 ], [ 105.336441, 21.20199 ], [ 105.329842, 21.203512 ], [ 105.322021, 21.20188 ], [ 105.302917, 21.191723 ], [ 105.302521, 21.18989 ], [ 105.295174, 21.175398 ], [ 105.292213, 21.171787 ], [ 105.286598, 21.166574 ], [ 105.286591, 21.164257 ], [ 105.289459, 21.155275 ], [ 105.297058, 21.144972 ], [ 105.307739, 21.133316 ], [ 105.312927, 21.123743 ], [ 105.319107, 21.113749 ], [ 105.319504, 21.10931 ], [ 105.316978, 21.095953 ], [ 105.314285, 21.090073 ], [ 105.311592, 21.085918 ], [ 105.300644, 21.071289 ], [ 105.293724, 21.056126 ], [ 105.293396, 21.053553 ], [ 105.295212, 21.040092 ], [ 105.296707, 21.03583 ], [ 105.301605, 21.028873 ], [ 105.304054, 21.022202 ], [ 105.305481, 21.020811 ], [ 105.314644, 21.015284 ], [ 105.316727, 21.012362 ] ], [ [ 105.636826, 20.792952 ], [ 105.647606, 20.792564 ], [ 105.647675, 20.78426 ], [ 105.642342, 20.782597 ], [ 105.633224, 20.781246 ], [ 105.631485, 20.782354 ], [ 105.632278, 20.788204 ], [ 105.628143, 20.789728 ], [ 105.625801, 20.786419 ], [ 105.621353, 20.786341 ], [ 105.622231, 20.795555 ], [ 105.621338, 20.797754 ], [ 105.621017, 20.807463 ], [ 105.614555, 20.816166 ], [ 105.614151, 20.819321 ], [ 105.616997, 20.83028 ], [ 105.618881, 20.831713 ], [ 105.625633, 20.832392 ], [ 105.631599, 20.831854 ], [ 105.631348, 20.838276 ], [ 105.635269, 20.839033 ], [ 105.635696, 20.831024 ], [ 105.641212, 20.828278 ], [ 105.639885, 20.824966 ], [ 105.637283, 20.824883 ], [ 105.634674, 20.822229 ], [ 105.628159, 20.820087 ], [ 105.628098, 20.816628 ], [ 105.631302, 20.813763 ], [ 105.629898, 20.81102 ], [ 105.632324, 20.806919 ], [ 105.631744, 20.803205 ], [ 105.633568, 20.802137 ], [ 105.632225, 20.796059 ], [ 105.632942, 20.792871 ], [ 105.636826, 20.792952 ] ], [ [ 105.532272, 20.922827 ], [ 105.538002, 20.927347 ], [ 105.545441, 20.922138 ], [ 105.551521, 20.92716 ], [ 105.555267, 20.927073 ], [ 105.55986, 20.924623 ], [ 105.562149, 20.926558 ], [ 105.57132, 20.927385 ], [ 105.574577, 20.929251 ], [ 105.580742, 20.928339 ], [ 105.58078, 20.924299 ], [ 105.583824, 20.922029 ], [ 105.578339, 20.916153 ], [ 105.57415, 20.913605 ], [ 105.571892, 20.913874 ], [ 105.566299, 20.910786 ], [ 105.559189, 20.90922 ], [ 105.554306, 20.905151 ], [ 105.555252, 20.89813 ], [ 105.558914, 20.892212 ], [ 105.559227, 20.890255 ], [ 105.556602, 20.887806 ], [ 105.544807, 20.882378 ], [ 105.543114, 20.885361 ], [ 105.537437, 20.889223 ], [ 105.529709, 20.897375 ], [ 105.530182, 20.901398 ], [ 105.528778, 20.90337 ], [ 105.527863, 20.909349 ], [ 105.52652, 20.911366 ], [ 105.524567, 20.918329 ], [ 105.532272, 20.922827 ] ], [ [ 105.726807, 21.155443 ], [ 105.728653, 21.155615 ], [ 105.733185, 21.153028 ], [ 105.73455, 21.153757 ], [ 105.742218, 21.14933 ], [ 105.745552, 21.146526 ], [ 105.749634, 21.138899 ], [ 105.746529, 21.137365 ], [ 105.745087, 21.133783 ], [ 105.74131, 21.132753 ], [ 105.739807, 21.129223 ], [ 105.736427, 21.126968 ], [ 105.734734, 21.121784 ], [ 105.731071, 21.12269 ], [ 105.724625, 21.132078 ], [ 105.718689, 21.134594 ], [ 105.720375, 21.141779 ], [ 105.721703, 21.15086 ], [ 105.722969, 21.154104 ], [ 105.726807, 21.155443 ] ] ] } },
{ "type": "Feature", "properties": { "area_code_prefix": "25" }, "geometry": { "type": "MultiPolygon", "coordinates": [ [ [ [ 106.631638, 8.63375 ], [ 106.629105, 8.632522 ], [ 106.626808, 8.636127 ], [ 106.630577, 8.639781 ], [ 106.636002, 8.638049 ], [ 106.631638, 8.63375 ] ] ], [ [ [ 106.619217, 8.634769 ], [ 106.616821, 8.634805 ], [ 106.61734, 8.638582 ], [ 106.620399, 8.637784 ], [ 106.619217, 8.634769 ] ] ], [ [ [ 106.695618, 8.675757 ], [ 106.695953, 8.679638 ], [ 106.700676, 8.678799 ], [ 106.702621, 8.67714 ], [ 106.703178, 8.671873 ], [ 106.710251, 8.669505 ], [ 106.710014, 8.666715 ], [ 106.705513, 8.663509 ], [ 106.700294, 8.663162 ], [ 106.696327, 8.660391 ], [ 106.690147, 8.662141 ], [ 106.68251, 8.66517 ], [ 106.680847, 8.663436 ], [ 106.677803, 8.656443 ], [ 106.672157, 8.657674 ], [ 106.667572, 8.661615 ], [ 106.66407, 8.66804 ], [ 106.658539, 8.675025 ], [ 106.65863, 8.677783 ], [ 106.661652, 8.681161 ], [ 106.664124, 8.682373 ], [ 106.67289, 8.681721 ], [ 106.67424, 8.679513 ], [ 106.679535, 8.673259 ], [ 106.680923, 8.672762 ], [ 106.686783, 8.674781 ], [ 106.690887, 8.670905 ], [ 106.693321, 8.67139 ], [ 106.695618, 8.675757 ] ] ], [ [ [ 106.74366, 8.694263 ], [ 106.775764, 8.700568 ], [ 106.775757, 8.693587 ], [ 106.743599, 8.689671 ], [ 106.742668, 8.687674 ], [ 106.74131, 8.682483 ], [ 106.732933, 8.687756 ], [ 106.733734, 8.690601 ], [ 106.738937, 8.698266 ], [ 106.741226, 8.69881 ], [ 106.74366, 8.694263 ] ] ], [ [ [ 106.561089, 8.682622 ], [ 106.565956, 8.686161 ], [ 106.569817, 8.693071 ], [ 106.574196, 8.69175 ], [ 106.577972, 8.701021 ], [ 106.578438, 8.706001 ], [ 106.581848, 8.70511 ], [ 106.587273, 8.706612 ], [ 106.590057, 8.706331 ], [ 106.589775, 8.713953 ], [ 106.588806, 8.717351 ], [ 106.595413, 8.724562 ], [ 106.600777, 8.725786 ], [ 106.609703, 8.730875 ], [ 106.612137, 8.7349 ], [ 106.615219, 8.73459 ], [ 106.618416, 8.731334 ], [ 106.623207, 8.73362 ], [ 106.624809, 8.737711 ], [ 106.622604, 8.739878 ], [ 106.62233, 8.743274 ], [ 106.629105, 8.746064 ], [ 106.634476, 8.74608 ], [ 106.639168, 8.75263 ], [ 106.641289, 8.753391 ], [ 106.646538, 8.75314 ], [ 106.651581, 8.75531 ], [ 106.655846, 8.760573 ], [ 106.657776, 8.759985 ], [ 106.663391, 8.761133 ], [ 106.669006, 8.754022 ], [ 106.66951, 8.750364 ], [ 106.665733, 8.74731 ], [ 106.662262, 8.74656 ], [ 106.659416, 8.749681 ], [ 106.659691, 8.752381 ], [ 106.655472, 8.753804 ], [ 106.653946, 8.752001 ], [ 106.652969, 8.747563 ], [ 106.654739, 8.74553 ], [ 106.657593, 8.745211 ], [ 106.661751, 8.743064 ], [ 106.664963, 8.739826 ], [ 106.660912, 8.730265 ], [ 106.651039, 8.730251 ], [ 106.643806, 8.732191 ], [ 106.640747, 8.728801 ], [ 106.638878, 8.72474 ], [ 106.63736, 8.716011 ], [ 106.638153, 8.712761 ], [ 106.641838, 8.711995 ], [ 106.647583, 8.706384 ], [ 106.65419, 8.701181 ], [ 106.656898, 8.697372 ], [ 106.659752, 8.695875 ], [ 106.659477, 8.693033 ], [ 106.653557, 8.692269 ], [ 106.651657, 8.69094 ], [ 106.649086, 8.6951 ], [ 106.643967, 8.698676 ], [ 106.64035, 8.698888 ], [ 106.636177, 8.700483 ], [ 106.633118, 8.700066 ], [ 106.629692, 8.695387 ], [ 106.62796, 8.68934 ], [ 106.624474, 8.690972 ], [ 106.62072, 8.690697 ], [ 106.617096, 8.68862 ], [ 106.611153, 8.682991 ], [ 106.6035, 8.679868 ], [ 106.597725, 8.672085 ], [ 106.598351, 8.667992 ], [ 106.602493, 8.663479 ], [ 106.603859, 8.659135 ], [ 106.61026, 8.650958 ], [ 106.613541, 8.642181 ], [ 106.612541, 8.640221 ], [ 106.608421, 8.63994 ], [ 106.602242, 8.641729 ], [ 106.600021, 8.64381 ], [ 106.596344, 8.6451 ], [ 106.589867, 8.64552 ], [ 106.581009, 8.644542 ], [ 106.576279, 8.645501 ], [ 106.572502, 8.64074 ], [ 106.566154, 8.639851 ], [ 106.56115, 8.635979 ], [ 106.559959, 8.630491 ], [ 106.557533, 8.634108 ], [ 106.552963, 8.635532 ], [ 106.553658, 8.637682 ], [ 106.553658, 8.646762 ], [ 106.55233, 8.64711 ], [ 106.548859, 8.643644 ], [ 106.547714, 8.646112 ], [ 106.542221, 8.646666 ], [ 106.540558, 8.65111 ], [ 106.540001, 8.655279 ], [ 106.541107, 8.661391 ], [ 106.545029, 8.660881 ], [ 106.547668, 8.6588 ], [ 106.549614, 8.660462 ], [ 106.549477, 8.663652 ], [ 106.551437, 8.66507 ], [ 106.554428, 8.662989 ], [ 106.554848, 8.659523 ], [ 106.557465, 8.656293 ], [ 106.559486, 8.651926 ], [ 106.563393, 8.652924 ], [ 106.566391, 8.652222 ], [ 106.575851, 8.646939 ], [ 106.580635, 8.648558 ], [ 106.57444, 8.653549 ], [ 106.569885, 8.659283 ], [ 106.566109, 8.66347 ], [ 106.565903, 8.666861 ], [ 106.563286, 8.67111 ], [ 106.562172, 8.674649 ], [ 106.560226, 8.6757 ], [ 106.561089, 8.682622 ] ] ], [ [ [ 106.560013, 8.686207 ], [ 106.559647, 8.684561 ], [ 106.555061, 8.68442 ], [ 106.555305, 8.687563 ], [ 106.559036, 8.689534 ], [ 106.577606, 8.71421 ], [ 106.579971, 8.712544 ], [ 106.560013, 8.686207 ] ] ], [ [ [ 106.539421, 8.704383 ], [ 106.536362, 8.706115 ], [ 106.537537, 8.70986 ], [ 106.549301, 8.708663 ], [ 106.545677, 8.703622 ], [ 106.539421, 8.704383 ] ] ], [ [ [ 106.585106, 8.737861 ], [ 106.590042, 8.738415 ], [ 106.58844, 8.73496 ], [ 106.584267, 8.73557 ], [ 106.585106, 8.737861 ] ] ], [ [ [ 107.074448, 10.3425 ], [ 107.073334, 10.345835 ], [ 107.070831, 10.34861 ], [ 107.061996, 10.353889 ], [ 107.059998, 10.356389 ], [ 107.059998, 10.3611 ], [ 107.062233, 10.36556 ], [ 107.061943, 10.3675 ], [ 107.056664, 10.372222 ], [ 107.055267, 10.37444 ], [ 107.055, 10.380001 ], [ 107.05722, 10.385555 ], [ 107.061111, 10.387221 ], [ 107.064445, 10.385555 ], [ 107.070267, 10.379721 ], [ 107.073891, 10.379445 ], [ 107.074173, 10.38306 ], [ 107.077568, 10.385763 ], [ 107.083046, 10.39167 ], [ 107.092216, 10.388612 ], [ 107.093887, 10.390556 ], [ 107.099167, 10.39306 ], [ 107.101112, 10.393056 ], [ 107.104446, 10.396388 ], [ 107.104164, 10.400557 ], [ 107.107216, 10.40694 ], [ 107.115555, 10.410833 ], [ 107.118614, 10.411114 ], [ 107.123055, 10.407501 ], [ 107.125557, 10.413333 ], [ 107.129173, 10.415002 ], [ 107.135826, 10.41306 ], [ 107.143059, 10.416112 ], [ 107.149437, 10.423061 ], [ 107.150002, 10.433611 ], [ 107.154724, 10.436389 ], [ 107.158058, 10.435833 ], [ 107.159996, 10.438062 ], [ 107.157219, 10.440002 ], [ 107.150558, 10.438055 ], [ 107.150833, 10.443056 ], [ 107.152496, 10.445 ], [ 107.15583, 10.445 ], [ 107.161392, 10.446944 ], [ 107.166389, 10.44639 ], [ 107.168053, 10.448056 ], [ 107.169167, 10.456667 ], [ 107.165833, 10.463055 ], [ 107.169441, 10.463611 ], [ 107.172501, 10.462221 ], [ 107.175278, 10.458891 ], [ 107.177223, 10.460557 ], [ 107.179443, 10.458889 ], [ 107.177498, 10.454444 ], [ 107.181107, 10.452781 ], [ 107.183334, 10.455832 ], [ 107.185837, 10.454166 ], [ 107.185837, 10.451666 ], [ 107.191673, 10.44722 ], [ 107.193886, 10.443612 ], [ 107.190552, 10.440833 ], [ 107.191666, 10.435277 ], [ 107.195557, 10.437779 ], [ 107.198059, 10.440555 ], [ 107.200279, 10.438333 ], [ 107.202766, 10.43945 ], [ 107.208336, 10.437779 ], [ 107.209999, 10.435001 ], [ 107.20472, 10.431111 ], [ 107.20639, 10.426388 ], [ 107.210281, 10.421388 ], [ 107.205276, 10.419444 ], [ 107.20472, 10.422222 ], [ 107.201942, 10.42389 ], [ 107.195557, 10.421388 ], [ 107.194145, 10.42224 ], [ 107.194168, 10.427222 ], [ 107.188889, 10.430281 ], [ 107.186668, 10.429167 ], [ 107.183609, 10.425 ], [ 107.178055, 10.414168 ], [ 107.176109, 10.412221 ], [ 107.169441, 10.411389 ], [ 107.166946, 10.410279 ], [ 107.164719, 10.407221 ], [ 107.166389, 10.404171 ], [ 107.165558, 10.398888 ], [ 107.161667, 10.394444 ], [ 107.159164, 10.388612 ], [ 107.154167, 10.387499 ], [ 107.139999, 10.381391 ], [ 107.13562, 10.378394 ], [ 107.129723, 10.375561 ], [ 107.128052, 10.373891 ], [ 107.115547, 10.36528 ], [ 107.106941, 10.357499 ], [ 107.106392, 10.356111 ], [ 107.096664, 10.345 ], [ 107.087776, 10.329445 ], [ 107.089447, 10.327781 ], [ 107.087502, 10.323889 ], [ 107.083054, 10.32111 ], [ 107.082779, 10.323611 ], [ 107.080276, 10.327221 ], [ 107.073891, 10.330831 ], [ 107.070831, 10.336387 ], [ 107.071663, 10.339444 ], [ 107.074448, 10.3425 ] ] ], [ [ [ 107.095619, 10.401117 ], [ 107.098686, 10.401801 ], [ 107.098526, 10.39825 ], [ 107.096924, 10.395032 ], [ 107.094666, 10.396764 ], [ 107.095619, 10.401117 ] ] ], [ [ [ 107.152222, 10.449444 ], [ 107.148888, 10.445556 ], [ 107.148331, 10.438062 ], [ 107.147499, 10.435833 ], [ 107.146111, 10.423334 ], [ 107.145279, 10.421388 ], [ 107.141563, 10.418771 ], [ 107.131126, 10.419441 ], [ 107.12722, 10.419029 ], [ 107.124168, 10.42028 ], [ 107.120834, 10.419722 ], [ 107.118332, 10.416387 ], [ 107.116669, 10.41972 ], [ 107.118607, 10.423061 ], [ 107.116386, 10.424444 ], [ 107.114723, 10.432501 ], [ 107.113327, 10.436111 ], [ 107.118614, 10.437499 ], [ 107.123611, 10.442221 ], [ 107.124168, 10.445 ], [ 107.12278, 10.450002 ], [ 107.119446, 10.453888 ], [ 107.12278, 10.455281 ], [ 107.129448, 10.455001 ], [ 107.133057, 10.455832 ], [ 107.133331, 10.458611 ], [ 107.139999, 10.45111 ], [ 107.14389, 10.45611 ], [ 107.143333, 10.464723 ], [ 107.147499, 10.463889 ], [ 107.15139, 10.464723 ], [ 107.150833, 10.460833 ], [ 107.153336, 10.458611 ], [ 107.15361, 10.455276 ], [ 107.149437, 10.45222 ], [ 107.152222, 10.449444 ] ] ], [ [ [ 107.152779, 10.451944 ], [ 107.15583, 10.455001 ], [ 107.157501, 10.44832 ], [ 107.154724, 10.448888 ], [ 107.152779, 10.451944 ] ] ], [ [ [ 107.084442, 10.469168 ], [ 107.087219, 10.468333 ], [ 107.089996, 10.47 ], [ 107.089165, 10.472778 ], [ 107.090279, 10.476666 ], [ 107.086678, 10.479494 ], [ 107.08828, 10.48078 ], [ 107.09417, 10.476666 ], [ 107.092499, 10.474444 ], [ 107.090836, 10.469443 ], [ 107.096947, 10.464721 ], [ 107.099167, 10.46055 ], [ 107.102783, 10.465829 ], [ 107.103333, 10.47 ], [ 107.109444, 10.475832 ], [ 107.112221, 10.474722 ], [ 107.112221, 10.471666 ], [ 107.113892, 10.466941 ], [ 107.116669, 10.463889 ], [ 107.116943, 10.461672 ], [ 107.114166, 10.458891 ], [ 107.113892, 10.452222 ], [ 107.116669, 10.44389 ], [ 107.106667, 10.44389 ], [ 107.105553, 10.444444 ], [ 107.101669, 10.439721 ], [ 107.101669, 10.435001 ], [ 107.095558, 10.433611 ], [ 107.093063, 10.435279 ], [ 107.089722, 10.433321 ], [ 107.087502, 10.43556 ], [ 107.084724, 10.435833 ], [ 107.080559, 10.431945 ], [ 107.076111, 10.431667 ], [ 107.071945, 10.433611 ], [ 107.066109, 10.439721 ], [ 107.058334, 10.444722 ], [ 107.056389, 10.445278 ], [ 107.050552, 10.450556 ], [ 107.050278, 10.453056 ], [ 107.047226, 10.457223 ], [ 107.04528, 10.461945 ], [ 107.041664, 10.465555 ], [ 107.046387, 10.468609 ], [ 107.049156, 10.47278 ], [ 107.050552, 10.476944 ], [ 107.060272, 10.47611 ], [ 107.064445, 10.47861 ], [ 107.069168, 10.483332 ], [ 107.074165, 10.476666 ], [ 107.077217, 10.47611 ], [ 107.080002, 10.47889 ], [ 107.085556, 10.479171 ], [ 107.086937, 10.476671 ], [ 107.08667, 10.472491 ], [ 107.084442, 10.469168 ] ] ], [ [ [ 107.165558, 10.448334 ], [ 107.159447, 10.448334 ], [ 107.15889, 10.453888 ], [ 107.15583, 10.456667 ], [ 107.152496, 10.461945 ], [ 107.158607, 10.466665 ], [ 107.159721, 10.471109 ], [ 107.164169, 10.47306 ], [ 107.166115, 10.47 ], [ 107.166389, 10.466111 ], [ 107.163612, 10.464999 ], [ 107.162491, 10.462221 ], [ 107.166946, 10.45722 ], [ 107.166946, 10.450834 ], [ 107.165558, 10.448334 ] ] ], [ [ [ 107.094444, 10.47139 ], [ 107.095001, 10.473612 ], [ 107.098892, 10.471946 ], [ 107.096664, 10.469721 ], [ 107.094444, 10.47139 ] ] ], [ [ [ 107.013611, 10.492782 ], [ 107.015556, 10.488889 ], [ 107.017502, 10.483061 ], [ 107.014442, 10.48168 ], [ 107.011665, 10.484723 ], [ 107.004723, 10.489172 ], [ 107.010277, 10.491945 ], [ 107.013611, 10.492782 ] ] ], [ [ [ 107.034164, 10.52389 ], [ 107.041107, 10.52389 ], [ 107.042503, 10.522502 ], [ 107.047226, 10.524722 ], [ 107.049156, 10.522502 ], [ 107.048332, 10.517499 ], [ 107.050835, 10.514721 ], [ 107.046669, 10.512781 ], [ 107.047775, 10.509445 ], [ 107.05278, 10.510001 ], [ 107.053337, 10.50611 ], [ 107.057777, 10.498056 ], [ 107.058052, 10.495834 ], [ 107.050552, 10.488333 ], [ 107.046112, 10.484723 ], [ 107.044716, 10.48222 ], [ 107.042778, 10.474722 ], [ 107.039719, 10.473612 ], [ 107.035278, 10.476393 ], [ 107.030563, 10.475283 ], [ 107.02639, 10.475278 ], [ 107.025833, 10.470556 ], [ 107.021111, 10.470834 ], [ 107.018608, 10.473612 ], [ 107.018608, 10.479444 ], [ 107.021118, 10.481562 ], [ 107.020645, 10.484486 ], [ 107.017502, 10.488055 ], [ 107.017776, 10.497222 ], [ 107.024445, 10.500834 ], [ 107.029442, 10.50139 ], [ 107.033607, 10.49943 ], [ 107.039169, 10.505554 ], [ 107.03833, 10.50639 ], [ 107.032776, 10.500834 ], [ 107.029442, 10.502789 ], [ 107.025513, 10.502454 ], [ 107.018333, 10.499444 ], [ 107.016388, 10.494721 ], [ 107.012497, 10.494446 ], [ 107.0075, 10.492777 ], [ 107.004997, 10.49806 ], [ 107.001389, 10.501388 ], [ 107.006943, 10.504166 ], [ 107.011391, 10.50861 ], [ 107.013885, 10.514445 ], [ 107.020836, 10.517791 ], [ 107.026947, 10.519445 ], [ 107.03167, 10.518611 ], [ 107.036102, 10.516669 ], [ 107.037498, 10.521392 ], [ 107.034164, 10.52389 ] ] ], [ [ [ 106.968887, 10.605 ], [ 106.976387, 10.596941 ], [ 106.976387, 10.593889 ], [ 106.974167, 10.590554 ], [ 106.967781, 10.596945 ], [ 106.965553, 10.596945 ], [ 106.974442, 10.589166 ], [ 106.972504, 10.58611 ], [ 106.96833, 10.590561 ], [ 106.964165, 10.591667 ], [ 106.960281, 10.594445 ], [ 106.956665, 10.594445 ], [ 106.947502, 10.597499 ], [ 106.940277, 10.597777 ], [ 106.933609, 10.603612 ], [ 106.9375, 10.606944 ], [ 106.936668, 10.611944 ], [ 106.933052, 10.615557 ], [ 106.934998, 10.618061 ], [ 106.937775, 10.616666 ], [ 106.943611, 10.618889 ], [ 106.945557, 10.616388 ], [ 106.949722, 10.61361 ], [ 106.956947, 10.616391 ], [ 106.963333, 10.615561 ], [ 106.967224, 10.613056 ], [ 106.967224, 10.607778 ], [ 106.968887, 10.605 ] ] ], [ [ [ 106.979156, 10.60556 ], [ 106.980553, 10.601667 ], [ 106.984169, 10.596667 ], [ 106.985283, 10.593608 ], [ 106.985001, 10.585556 ], [ 106.983055, 10.5825 ], [ 106.977776, 10.585556 ], [ 106.978615, 10.596389 ], [ 106.976944, 10.600277 ], [ 106.972084, 10.606666 ], [ 106.971458, 10.613407 ], [ 106.971947, 10.618611 ], [ 106.974724, 10.620277 ], [ 106.973053, 10.623611 ], [ 106.978058, 10.626392 ], [ 106.980835, 10.621945 ], [ 106.98333, 10.61944 ], [ 106.989166, 10.617223 ], [ 106.988609, 10.614166 ], [ 106.984436, 10.61418 ], [ 106.980278, 10.610818 ], [ 106.979156, 10.60556 ] ] ], [ [ [ 106.974442, 10.63889 ], [ 106.976944, 10.635278 ], [ 106.974442, 10.632778 ], [ 106.970833, 10.636666 ], [ 106.970833, 10.640278 ], [ 106.97361, 10.641666 ], [ 106.974442, 10.63889 ] ] ], [ [ [ 106.750854, 10.710373 ], [ 106.751991, 10.720416 ], [ 106.753349, 10.723459 ], [ 106.764557, 10.737721 ], [ 106.767616, 10.742319 ], [ 106.773842, 10.747689 ], [ 106.785027, 10.753039 ], [ 106.796577, 10.757769 ], [ 106.801071, 10.760405 ], [ 106.80291, 10.76285 ], [ 106.805283, 10.769542 ], [ 106.812492, 10.77729 ], [ 106.81601, 10.779699 ], [ 106.820663, 10.780998 ], [ 106.824753, 10.777845 ], [ 106.825424, 10.773978 ], [ 106.822838, 10.764328 ], [ 106.823151, 10.760768 ], [ 106.826324, 10.759548 ], [ 106.82901, 10.76102 ], [ 106.835274, 10.769192 ], [ 106.840408, 10.77316 ], [ 106.844749, 10.775094 ], [ 106.848404, 10.775495 ], [ 106.853951, 10.773574 ], [ 106.862106, 10.765735 ], [ 106.864983, 10.764633 ], [ 106.869156, 10.764823 ], [ 106.872322, 10.766929 ], [ 106.87381, 10.771195 ], [ 106.871071, 10.777195 ], [ 106.865135, 10.783726 ], [ 106.86396, 10.788449 ], [ 106.865425, 10.791211 ], [ 106.875366, 10.798506 ], [ 106.880379, 10.804818 ], [ 106.881447, 10.808371 ], [ 106.880753, 10.81247 ], [ 106.877815, 10.818537 ], [ 106.870056, 10.826522 ], [ 106.862885, 10.835157 ], [ 106.853928, 10.844666 ], [ 106.85054, 10.853782 ], [ 106.846512, 10.862298 ], [ 106.84639, 10.865355 ], [ 106.849083, 10.870984 ], [ 106.850517, 10.876513 ], [ 106.8433, 10.884455 ], [ 106.841049, 10.896276 ], [ 106.839676, 10.898698 ], [ 106.838104, 10.902567 ], [ 106.834373, 10.903793 ], [ 106.831955, 10.906508 ], [ 106.823456, 10.903288 ], [ 106.816162, 10.903397 ], [ 106.814201, 10.905792 ], [ 106.814812, 10.910616 ], [ 106.81131, 10.915474 ], [ 106.809242, 10.919823 ], [ 106.804802, 10.920795 ], [ 106.80072, 10.920271 ], [ 106.794113, 10.923815 ], [ 106.788025, 10.922993 ], [ 106.791687, 10.927303 ], [ 106.791634, 10.929882 ], [ 106.788086, 10.933163 ], [ 106.785408, 10.933522 ], [ 106.782883, 10.937215 ], [ 106.778603, 10.937343 ], [ 106.772438, 10.94132 ], [ 106.769539, 10.945165 ], [ 106.769211, 10.951952 ], [ 106.76561, 10.9518 ], [ 106.762627, 10.95344 ], [ 106.764732, 10.959811 ], [ 106.762009, 10.961509 ], [ 106.763206, 10.965176 ], [ 106.769104, 10.9647 ], [ 106.770981, 10.965813 ], [ 106.772713, 10.960086 ], [ 106.775566, 10.959795 ], [ 106.777725, 10.962566 ], [ 106.782463, 10.964722 ], [ 106.786377, 10.968256 ], [ 106.794609, 10.971061 ], [ 106.795868, 10.974662 ], [ 106.789436, 10.980097 ], [ 106.781944, 10.987222 ], [ 106.775452, 10.999257 ], [ 106.774315, 11.003938 ], [ 106.774925, 11.007338 ], [ 106.78299, 11.013237 ], [ 106.784813, 11.018279 ], [ 106.78788, 11.018777 ], [ 106.791504, 11.021952 ], [ 106.79538, 11.023854 ], [ 106.805817, 11.025614 ], [ 106.809311, 11.027071 ], [ 106.812599, 11.03176 ], [ 106.81179, 11.039155 ], [ 106.808601, 11.045155 ], [ 106.805771, 11.048712 ], [ 106.7994, 11.052463 ], [ 106.798447, 11.05649 ], [ 106.800362, 11.058678 ], [ 106.804871, 11.06068 ], [ 106.820915, 11.064983 ], [ 106.826805, 11.065119 ], [ 106.828728, 11.06332 ], [ 106.831001, 11.057257 ], [ 106.839531, 11.039848 ], [ 106.844231, 11.036863 ], [ 106.851097, 11.034346 ], [ 106.858047, 11.03255 ], [ 106.862572, 11.028363 ], [ 106.868324, 11.021728 ], [ 106.872459, 11.020156 ], [ 106.87635, 11.02082 ], [ 106.88678, 11.025911 ], [ 106.894241, 11.027892 ], [ 106.899467, 11.026209 ], [ 106.903214, 11.023161 ], [ 106.907143, 11.022277 ], [ 106.910416, 11.025075 ], [ 106.9114, 11.029365 ], [ 106.912117, 11.040909 ], [ 106.915115, 11.043675 ], [ 106.921608, 11.046452 ], [ 106.923126, 11.048642 ], [ 106.92186, 11.05494 ], [ 106.926186, 11.058452 ], [ 106.931549, 11.064811 ], [ 106.937027, 11.063195 ], [ 106.939331, 11.058403 ], [ 106.943848, 11.057343 ], [ 106.946693, 11.058493 ], [ 106.948112, 11.061577 ], [ 106.948013, 11.065977 ], [ 106.951355, 11.070458 ], [ 106.951492, 11.073482 ], [ 106.946045, 11.076163 ], [ 106.944405, 11.078408 ], [ 106.946449, 11.084031 ], [ 106.946304, 11.089051 ], [ 106.9533, 11.098492 ], [ 106.958885, 11.100828 ], [ 106.957054, 11.105582 ], [ 106.958328, 11.107843 ], [ 106.963623, 11.107946 ], [ 106.965263, 11.108931 ], [ 106.964714, 11.112578 ], [ 106.961906, 11.117202 ], [ 106.958298, 11.1197 ], [ 106.953217, 11.130422 ], [ 106.956406, 11.133461 ], [ 106.956375, 11.136829 ], [ 106.954056, 11.138872 ], [ 106.95491, 11.142166 ], [ 106.963539, 11.142522 ], [ 106.966377, 11.144772 ], [ 106.963989, 11.149977 ], [ 106.957085, 11.152016 ], [ 106.955322, 11.153918 ], [ 106.955238, 11.159624 ], [ 106.953033, 11.164107 ], [ 106.948677, 11.166094 ], [ 106.944916, 11.166222 ], [ 106.940956, 11.167829 ], [ 106.940895, 11.169616 ], [ 106.945122, 11.173885 ], [ 106.944572, 11.177388 ], [ 106.940704, 11.177791 ], [ 106.936729, 11.182591 ], [ 106.935715, 11.185759 ], [ 106.93248, 11.190115 ], [ 106.926781, 11.190465 ], [ 106.923615, 11.187643 ], [ 106.920853, 11.189457 ], [ 106.919342, 11.193717 ], [ 106.912743, 11.194097 ], [ 106.907936, 11.192682 ], [ 106.905098, 11.194458 ], [ 106.906876, 11.199072 ], [ 106.906311, 11.204061 ], [ 106.901054, 11.207996 ], [ 106.901611, 11.211365 ], [ 106.907585, 11.211784 ], [ 106.910446, 11.21468 ], [ 106.914063, 11.214705 ], [ 106.917557, 11.220439 ], [ 106.91703, 11.224224 ], [ 106.913773, 11.226725 ], [ 106.914879, 11.229651 ], [ 106.913368, 11.236308 ], [ 106.910683, 11.238942 ], [ 106.911858, 11.242287 ], [ 106.91407, 11.2409 ], [ 106.917046, 11.243156 ], [ 106.921303, 11.241755 ], [ 106.926041, 11.245029 ], [ 106.930916, 11.244439 ], [ 106.931145, 11.246756 ], [ 106.927879, 11.249481 ], [ 106.926727, 11.256399 ], [ 106.926842, 11.260691 ], [ 106.925545, 11.262159 ], [ 106.927635, 11.265537 ], [ 106.925575, 11.272332 ], [ 106.929665, 11.272434 ], [ 106.932343, 11.278684 ], [ 106.933105, 11.283228 ], [ 106.935593, 11.286946 ], [ 106.938873, 11.289586 ], [ 106.940872, 11.29262 ], [ 106.93885, 11.2989 ], [ 106.939713, 11.303831 ], [ 106.937347, 11.304919 ], [ 106.937897, 11.307478 ], [ 106.941368, 11.308373 ], [ 106.945496, 11.305323 ], [ 106.948769, 11.304761 ], [ 106.952042, 11.301338 ], [ 106.955376, 11.302126 ], [ 106.958672, 11.309825 ], [ 106.962791, 11.313577 ], [ 106.96489, 11.313078 ], [ 106.966972, 11.315439 ], [ 106.972115, 11.317079 ], [ 106.973137, 11.314858 ], [ 106.976921, 11.313753 ], [ 106.982216, 11.314366 ], [ 106.985703, 11.318176 ], [ 106.985512, 11.321524 ], [ 106.981384, 11.323928 ], [ 106.98056, 11.327551 ], [ 106.981697, 11.329973 ], [ 106.986122, 11.330807 ], [ 106.989906, 11.330458 ], [ 106.994675, 11.32535 ], [ 106.995743, 11.32807 ], [ 106.999352, 11.330799 ], [ 107.003349, 11.33115 ], [ 107.003059, 11.334418 ], [ 107.00618, 11.335882 ], [ 107.010117, 11.339418 ], [ 107.014343, 11.339794 ], [ 107.009636, 11.345064 ], [ 107.011185, 11.347645 ], [ 107.018318, 11.349621 ], [ 107.025085, 11.35222 ], [ 107.035225, 11.354876 ], [ 107.035477, 11.357493 ], [ 107.039146, 11.359493 ], [ 107.036697, 11.364827 ], [ 107.039268, 11.36732 ], [ 107.036446, 11.369364 ], [ 107.042206, 11.373941 ], [ 107.052216, 11.373817 ], [ 107.057442, 11.375724 ], [ 107.060555, 11.375648 ], [ 107.058945, 11.379574 ], [ 107.062614, 11.383948 ], [ 107.061485, 11.39003 ], [ 107.057327, 11.39186 ], [ 107.059059, 11.397498 ], [ 107.064827, 11.401129 ], [ 107.070229, 11.402657 ], [ 107.068848, 11.406041 ], [ 107.069565, 11.409842 ], [ 107.071457, 11.412609 ], [ 107.075096, 11.413663 ], [ 107.077469, 11.415779 ], [ 107.07737, 11.418884 ], [ 107.074883, 11.42179 ], [ 107.069626, 11.425174 ], [ 107.068871, 11.430552 ], [ 107.06958, 11.435649 ], [ 107.067856, 11.439413 ], [ 107.070335, 11.442095 ], [ 107.069321, 11.443722 ], [ 107.074928, 11.452529 ], [ 107.077866, 11.452131 ], [ 107.081039, 11.456412 ], [ 107.085159, 11.457509 ], [ 107.08419, 11.460913 ], [ 107.086662, 11.463839 ], [ 107.090767, 11.463777 ], [ 107.095451, 11.466526 ], [ 107.097328, 11.46923 ], [ 107.098167, 11.474173 ], [ 107.096222, 11.478038 ], [ 107.099739, 11.478789 ], [ 107.100899, 11.48056 ], [ 107.107376, 11.478733 ], [ 107.111343, 11.479443 ], [ 107.114716, 11.478551 ], [ 107.122192, 11.482767 ], [ 107.124939, 11.490343 ], [ 107.13028, 11.49354 ], [ 107.134163, 11.498709 ], [ 107.14064, 11.501224 ], [ 107.161942, 11.505118 ], [ 107.173134, 11.507661 ], [ 107.189186, 11.51088 ], [ 107.195488, 11.512453 ], [ 107.24128, 11.522316 ], [ 107.25293, 11.524593 ], [ 107.269188, 11.52826 ], [ 107.296822, 11.533813 ], [ 107.312622, 11.537986 ], [ 107.322266, 11.539593 ], [ 107.331726, 11.541978 ], [ 107.3367, 11.545959 ], [ 107.340431, 11.543387 ], [ 107.346542, 11.543652 ], [ 107.346962, 11.551711 ], [ 107.349976, 11.555075 ], [ 107.353828, 11.555357 ], [ 107.35582, 11.557537 ], [ 107.356911, 11.562108 ], [ 107.355736, 11.566478 ], [ 107.35778, 11.5749 ], [ 107.357475, 11.58036 ], [ 107.359268, 11.581883 ], [ 107.362633, 11.580789 ], [ 107.363106, 11.577052 ], [ 107.366135, 11.573326 ], [ 107.360977, 11.569321 ], [ 107.361496, 11.566682 ], [ 107.3666, 11.560994 ], [ 107.361328, 11.557994 ], [ 107.360664, 11.554799 ], [ 107.366592, 11.552366 ], [ 107.369461, 11.548861 ], [ 107.372787, 11.550936 ], [ 107.369064, 11.555201 ], [ 107.368874, 11.558747 ], [ 107.372955, 11.556236 ], [ 107.374084, 11.550643 ], [ 107.378654, 11.542791 ], [ 107.375435, 11.532971 ], [ 107.375084, 11.529084 ], [ 107.376122, 11.523743 ], [ 107.371735, 11.520642 ], [ 107.367966, 11.519135 ], [ 107.368172, 11.516969 ], [ 107.371086, 11.515252 ], [ 107.375351, 11.515813 ], [ 107.378693, 11.519016 ], [ 107.384171, 11.520164 ], [ 107.386063, 11.521905 ], [ 107.386795, 11.526102 ], [ 107.392914, 11.527275 ], [ 107.398384, 11.526917 ], [ 107.402092, 11.529772 ], [ 107.409592, 11.528235 ], [ 107.409851, 11.525285 ], [ 107.4123, 11.517923 ], [ 107.419052, 11.511719 ], [ 107.421219, 11.511576 ], [ 107.423859, 11.515287 ], [ 107.427956, 11.518483 ], [ 107.431824, 11.517133 ], [ 107.432487, 11.512548 ], [ 107.437256, 11.512508 ], [ 107.441635, 11.515138 ], [ 107.441116, 11.509998 ], [ 107.443146, 11.509103 ], [ 107.448067, 11.504356 ], [ 107.453156, 11.50149 ], [ 107.454521, 11.492699 ], [ 107.459999, 11.490254 ], [ 107.466736, 11.482127 ], [ 107.470535, 11.479509 ], [ 107.467934, 11.477342 ], [ 107.465431, 11.477091 ], [ 107.461441, 11.47296 ], [ 107.461121, 11.468682 ], [ 107.46244, 11.465287 ], [ 107.461082, 11.462057 ], [ 107.45108, 11.458595 ], [ 107.448608, 11.455564 ], [ 107.448448, 11.451379 ], [ 107.446701, 11.448225 ], [ 107.438858, 11.444921 ], [ 107.436607, 11.442199 ], [ 107.43335, 11.442254 ], [ 107.430168, 11.439886 ], [ 107.428894, 11.436331 ], [ 107.430923, 11.431839 ], [ 107.429237, 11.429552 ], [ 107.430275, 11.425419 ], [ 107.434822, 11.427603 ], [ 107.438324, 11.430815 ], [ 107.442657, 11.431812 ], [ 107.446259, 11.428279 ], [ 107.446579, 11.426223 ], [ 107.443581, 11.423567 ], [ 107.444969, 11.41908 ], [ 107.45372, 11.420084 ], [ 107.454735, 11.424063 ], [ 107.45256, 11.426076 ], [ 107.454475, 11.433595 ], [ 107.460197, 11.430929 ], [ 107.464928, 11.434258 ], [ 107.469864, 11.434267 ], [ 107.471786, 11.436483 ], [ 107.478027, 11.433255 ], [ 107.479424, 11.430674 ], [ 107.485962, 11.429461 ], [ 107.488609, 11.423848 ], [ 107.486549, 11.420552 ], [ 107.487701, 11.418947 ], [ 107.486702, 11.411885 ], [ 107.485504, 11.408139 ], [ 107.486938, 11.401234 ], [ 107.4888, 11.396426 ], [ 107.49633, 11.395793 ], [ 107.49929, 11.393114 ], [ 107.49942, 11.389588 ], [ 107.503441, 11.382799 ], [ 107.512947, 11.383974 ], [ 107.516708, 11.371639 ], [ 107.51918, 11.369203 ], [ 107.524391, 11.369397 ], [ 107.524498, 11.361928 ], [ 107.530235, 11.360478 ], [ 107.533821, 11.355665 ], [ 107.5364, 11.355267 ], [ 107.542664, 11.361048 ], [ 107.542885, 11.362074 ], [ 107.543785, 11.366178 ], [ 107.554436, 11.370334 ], [ 107.560417, 11.374493 ], [ 107.566994, 11.381507 ], [ 107.575912, 11.381355 ], [ 107.584877, 11.368921 ], [ 107.591721, 11.363529 ], [ 107.593658, 11.358211 ], [ 107.599449, 11.352576 ], [ 107.603157, 11.351365 ], [ 107.605881, 11.348938 ], [ 107.60743, 11.345374 ], [ 107.612053, 11.342763 ], [ 107.62384, 11.338971 ], [ 107.631844, 11.337287 ], [ 107.640213, 11.336712 ], [ 107.646393, 11.337463 ], [ 107.656624, 11.33178 ], [ 107.666527, 11.324908 ], [ 107.670265, 11.323991 ], [ 107.677208, 11.323717 ], [ 107.680435, 11.322799 ], [ 107.68705, 11.323237 ], [ 107.697281, 11.328968 ], [ 107.705521, 11.332944 ], [ 107.710274, 11.334138 ], [ 107.713997, 11.33686 ], [ 107.718529, 11.341813 ], [ 107.720695, 11.346243 ], [ 107.722961, 11.353095 ], [ 107.721779, 11.359478 ], [ 107.724625, 11.36138 ], [ 107.727989, 11.360069 ], [ 107.730446, 11.357514 ], [ 107.73188, 11.359762 ], [ 107.734566, 11.359505 ], [ 107.736809, 11.362272 ], [ 107.737923, 11.366386 ], [ 107.748749, 11.366784 ], [ 107.753754, 11.368267 ], [ 107.769127, 11.369743 ], [ 107.779846, 11.370278 ], [ 107.789749, 11.370265 ], [ 107.796471, 11.371785 ], [ 107.816399, 11.370343 ], [ 107.841248, 11.36821 ], [ 107.857147, 11.367492 ], [ 107.872353, 11.366163 ], [ 107.884285, 11.365649 ], [ 107.887383, 11.365116 ], [ 107.907616, 11.363194 ], [ 107.927223, 11.359624 ], [ 107.933319, 11.357743 ], [ 107.936569, 11.354212 ], [ 107.93821, 11.348855 ], [ 107.940346, 11.347687 ], [ 107.946739, 11.347466 ], [ 107.9524, 11.348237 ], [ 107.957321, 11.351261 ], [ 107.960648, 11.351162 ], [ 107.965935, 11.348893 ], [ 107.975891, 11.343629 ], [ 107.980408, 11.342739 ], [ 107.986839, 11.34027 ], [ 107.992912, 11.340993 ], [ 107.996803, 11.338173 ], [ 107.999252, 11.33772 ], [ 108.00354, 11.332495 ], [ 108.026588, 11.326662 ], [ 108.028198, 11.326518 ], [ 108.028389, 11.320423 ], [ 108.027611, 11.317591 ], [ 108.028168, 11.30984 ], [ 108.031502, 11.30516 ], [ 108.03038, 11.298872 ], [ 108.033813, 11.290496 ], [ 108.035736, 11.287592 ], [ 108.037926, 11.28164 ], [ 108.04277, 11.278496 ], [ 108.044228, 11.274512 ], [ 108.04216, 11.266905 ], [ 108.04174, 11.259827 ], [ 108.045868, 11.256223 ], [ 108.049515, 11.24776 ], [ 108.052338, 11.245663 ], [ 108.052475, 11.240183 ], [ 108.04631, 11.235731 ], [ 108.047592, 11.233406 ], [ 108.047272, 11.229043 ], [ 108.045952, 11.226839 ], [ 108.048141, 11.22148 ], [ 108.047173, 11.215869 ], [ 108.050453, 11.218072 ], [ 108.056923, 11.218869 ], [ 108.057449, 11.226747 ], [ 108.055328, 11.230148 ], [ 108.055664, 11.236291 ], [ 108.057594, 11.242833 ], [ 108.066177, 11.247967 ], [ 108.077278, 11.256477 ], [ 108.084389, 11.264799 ], [ 108.08934, 11.268409 ], [ 108.096519, 11.267609 ], [ 108.099968, 11.265708 ], [ 108.102867, 11.26627 ], [ 108.107719, 11.270443 ], [ 108.106956, 11.273819 ], [ 108.108315, 11.276141 ], [ 108.112213, 11.278109 ], [ 108.111336, 11.285027 ], [ 108.112953, 11.28981 ], [ 108.115479, 11.293045 ], [ 108.118309, 11.291989 ], [ 108.120155, 11.284625 ], [ 108.122795, 11.281364 ], [ 108.127411, 11.28516 ], [ 108.129318, 11.290319 ], [ 108.134361, 11.291724 ], [ 108.146843, 11.297275 ], [ 108.151146, 11.299642 ], [ 108.15976, 11.300902 ], [ 108.170105, 11.301624 ], [ 108.172432, 11.302982 ], [ 108.177383, 11.303448 ], [ 108.184967, 11.306 ], [ 108.191467, 11.313851 ], [ 108.194984, 11.317038 ], [ 108.195938, 11.321962 ], [ 108.203857, 11.325357 ], [ 108.209, 11.328541 ], [ 108.216728, 11.330764 ], [ 108.219109, 11.333341 ], [ 108.220253, 11.338078 ], [ 108.227852, 11.345974 ], [ 108.234917, 11.350963 ], [ 108.249886, 11.359791 ], [ 108.254547, 11.360303 ], [ 108.261902, 11.367542 ], [ 108.265762, 11.373542 ], [ 108.271828, 11.380172 ], [ 108.277519, 11.384552 ], [ 108.277863, 11.391398 ], [ 108.280457, 11.395405 ], [ 108.288971, 11.39793 ], [ 108.299995, 11.406759 ], [ 108.306213, 11.41306 ], [ 108.306503, 11.418969 ], [ 108.305939, 11.422866 ], [ 108.302505, 11.425151 ], [ 108.301834, 11.427412 ], [ 108.299042, 11.427725 ], [ 108.296417, 11.432093 ], [ 108.294533, 11.436971 ], [ 108.294243, 11.440318 ], [ 108.289436, 11.442583 ], [ 108.285164, 11.447374 ], [ 108.280373, 11.445318 ], [ 108.277359, 11.439825 ], [ 108.274536, 11.438581 ], [ 108.268715, 11.447402 ], [ 108.263412, 11.459776 ], [ 108.257805, 11.474336 ], [ 108.258507, 11.478083 ], [ 108.268654, 11.485891 ], [ 108.270905, 11.488749 ], [ 108.269585, 11.492078 ], [ 108.265678, 11.496323 ], [ 108.26593, 11.499121 ], [ 108.268089, 11.502166 ], [ 108.271965, 11.505119 ], [ 108.278427, 11.515875 ], [ 108.293442, 11.515077 ], [ 108.301582, 11.51841 ], [ 108.305489, 11.524258 ], [ 108.309334, 11.525863 ], [ 108.314636, 11.526861 ], [ 108.3209, 11.531727 ], [ 108.325188, 11.531751 ], [ 108.32663, 11.526826 ], [ 108.330193, 11.522816 ], [ 108.333855, 11.523569 ], [ 108.340324, 11.527684 ], [ 108.343842, 11.528409 ], [ 108.346985, 11.521572 ], [ 108.351006, 11.521421 ], [ 108.350548, 11.508755 ], [ 108.352684, 11.505118 ], [ 108.358185, 11.508083 ], [ 108.365028, 11.506108 ], [ 108.374161, 11.510306 ], [ 108.375687, 11.516466 ], [ 108.38192, 11.525039 ], [ 108.384171, 11.525211 ], [ 108.392845, 11.519124 ], [ 108.396553, 11.518405 ], [ 108.401489, 11.521079 ], [ 108.407188, 11.521989 ], [ 108.410797, 11.525626 ], [ 108.417885, 11.527058 ], [ 108.423241, 11.523598 ], [ 108.424126, 11.519343 ], [ 108.426003, 11.51647 ], [ 108.430458, 11.514453 ], [ 108.437897, 11.516292 ], [ 108.441833, 11.516461 ], [ 108.444923, 11.519122 ], [ 108.448441, 11.517834 ], [ 108.453072, 11.517579 ], [ 108.457504, 11.518796 ], [ 108.466156, 11.517399 ], [ 108.470367, 11.518572 ], [ 108.471146, 11.523145 ], [ 108.474831, 11.524989 ], [ 108.483894, 11.524959 ], [ 108.487358, 11.528188 ], [ 108.493263, 11.52997 ], [ 108.496956, 11.528681 ], [ 108.499153, 11.526099 ], [ 108.504349, 11.525831 ], [ 108.513229, 11.519705 ], [ 108.516136, 11.518689 ], [ 108.517265, 11.515127 ], [ 108.523804, 11.513682 ], [ 108.526489, 11.508663 ], [ 108.531212, 11.506738 ], [ 108.541496, 11.506275 ], [ 108.544411, 11.510737 ], [ 108.553139, 11.51329 ], [ 108.557144, 11.516084 ], [ 108.559547, 11.521053 ], [ 108.56073, 11.526086 ], [ 108.56424, 11.52827 ], [ 108.565254, 11.530396 ], [ 108.565262, 11.535958 ], [ 108.569695, 11.53913 ], [ 108.570305, 11.543553 ], [ 108.574013, 11.546517 ], [ 108.572304, 11.551113 ], [ 108.578239, 11.554999 ], [ 108.581924, 11.555672 ], [ 108.581818, 11.559479 ], [ 108.578323, 11.563826 ], [ 108.571724, 11.578713 ], [ 108.566483, 11.58123 ], [ 108.563072, 11.586631 ], [ 108.551468, 11.601485 ], [ 108.553146, 11.605105 ], [ 108.552322, 11.612881 ], [ 108.553474, 11.618672 ], [ 108.552788, 11.630534 ], [ 108.553711, 11.632408 ], [ 108.558762, 11.634757 ], [ 108.562691, 11.642482 ], [ 108.567101, 11.641714 ], [ 108.572914, 11.639175 ], [ 108.575668, 11.639275 ], [ 108.580208, 11.64112 ], [ 108.584015, 11.640859 ], [ 108.592735, 11.647393 ], [ 108.598808, 11.648729 ], [ 108.603455, 11.647434 ], [ 108.607048, 11.649534 ], [ 108.61039, 11.649316 ], [ 108.619263, 11.650582 ], [ 108.623283, 11.649604 ], [ 108.625435, 11.653855 ], [ 108.631874, 11.655885 ], [ 108.644058, 11.660893 ], [ 108.647148, 11.662992 ], [ 108.654869, 11.66426 ], [ 108.658432, 11.667581 ], [ 108.664078, 11.667399 ], [ 108.668495, 11.663449 ], [ 108.677429, 11.668042 ], [ 108.679878, 11.672208 ], [ 108.683044, 11.674939 ], [ 108.686638, 11.681314 ], [ 108.688255, 11.688072 ], [ 108.692101, 11.693646 ], [ 108.693481, 11.69773 ], [ 108.700966, 11.698512 ], [ 108.700531, 11.701989 ], [ 108.69648, 11.707266 ], [ 108.694893, 11.716898 ], [ 108.691681, 11.722446 ], [ 108.689896, 11.727296 ], [ 108.690422, 11.733825 ], [ 108.676979, 11.741631 ], [ 108.674934, 11.744206 ], [ 108.67057, 11.744891 ], [ 108.666924, 11.748165 ], [ 108.667053, 11.751451 ], [ 108.665825, 11.756636 ], [ 108.663719, 11.76155 ], [ 108.664497, 11.765341 ], [ 108.668213, 11.77062 ], [ 108.672104, 11.778216 ], [ 108.673378, 11.783248 ], [ 108.6698, 11.787975 ], [ 108.663849, 11.788537 ], [ 108.657883, 11.790299 ], [ 108.653564, 11.792585 ], [ 108.644554, 11.792963 ], [ 108.641991, 11.793896 ], [ 108.637154, 11.793823 ], [ 108.632469, 11.795876 ], [ 108.628662, 11.798497 ], [ 108.625458, 11.799515 ], [ 108.620605, 11.80275 ], [ 108.619202, 11.805197 ], [ 108.619934, 11.809367 ], [ 108.62616, 11.814294 ], [ 108.629303, 11.824046 ], [ 108.628899, 11.827755 ], [ 108.630363, 11.829842 ], [ 108.638283, 11.830541 ], [ 108.640984, 11.831377 ], [ 108.646667, 11.835978 ], [ 108.649712, 11.839974 ], [ 108.65274, 11.842432 ], [ 108.653809, 11.852731 ], [ 108.650475, 11.864304 ], [ 108.652199, 11.868092 ], [ 108.652489, 11.873548 ], [ 108.655693, 11.887614 ], [ 108.653908, 11.893012 ], [ 108.65419, 11.895981 ], [ 108.65641, 11.901685 ], [ 108.659843, 11.90429 ], [ 108.660789, 11.908754 ], [ 108.664001, 11.915256 ], [ 108.661644, 11.923498 ], [ 108.659744, 11.927021 ], [ 108.661674, 11.928449 ], [ 108.665405, 11.937941 ], [ 108.663933, 11.942221 ], [ 108.664848, 11.947445 ], [ 108.659653, 11.951607 ], [ 108.659836, 11.954682 ], [ 108.662109, 11.958385 ], [ 108.661583, 11.96262 ], [ 108.668999, 11.972694 ], [ 108.68042, 11.985011 ], [ 108.683296, 11.996359 ], [ 108.683479, 12.004158 ], [ 108.680611, 12.007846 ], [ 108.680115, 12.01229 ], [ 108.682022, 12.015225 ], [ 108.685539, 12.02572 ], [ 108.690765, 12.029576 ], [ 108.692787, 12.038368 ], [ 108.694214, 12.040775 ], [ 108.698174, 12.042213 ], [ 108.702339, 12.041553 ], [ 108.704063, 12.042643 ], [ 108.709396, 12.050185 ], [ 108.711296, 12.056778 ], [ 108.71183, 12.062353 ], [ 108.710236, 12.063485 ], [ 108.710358, 12.06753 ], [ 108.707764, 12.069452 ], [ 108.706978, 12.072934 ], [ 108.708305, 12.076954 ], [ 108.702286, 12.085174 ], [ 108.704071, 12.090772 ], [ 108.703667, 12.092676 ], [ 108.699493, 12.093892 ], [ 108.698753, 12.098047 ], [ 108.694778, 12.100097 ], [ 108.693047, 12.104628 ], [ 108.69062, 12.105493 ], [ 108.686218, 12.110228 ], [ 108.683525, 12.111663 ], [ 108.681664, 12.11477 ], [ 108.672882, 12.11978 ], [ 108.673409, 12.122196 ], [ 108.677582, 12.121294 ], [ 108.683487, 12.126004 ], [ 108.684982, 12.128929 ], [ 108.688309, 12.127985 ], [ 108.69278, 12.129445 ], [ 108.695999, 12.140566 ], [ 108.693306, 12.145883 ], [ 108.69944, 12.148762 ], [ 108.703629, 12.14949 ], [ 108.704636, 12.153574 ], [ 108.709007, 12.154478 ], [ 108.717033, 12.154735 ], [ 108.719444, 12.153333 ], [ 108.722359, 12.156765 ], [ 108.726982, 12.156942 ], [ 108.729012, 12.160669 ], [ 108.731659, 12.161691 ], [ 108.729553, 12.163299 ], [ 108.726341, 12.169509 ], [ 108.721306, 12.173223 ], [ 108.72084, 12.17606 ], [ 108.722008, 12.179512 ], [ 108.718567, 12.182499 ], [ 108.717743, 12.185912 ], [ 108.711891, 12.19043 ], [ 108.714111, 12.199322 ], [ 108.720329, 12.21011 ], [ 108.71981, 12.21226 ], [ 108.723564, 12.217743 ], [ 108.720749, 12.224412 ], [ 108.717468, 12.225406 ], [ 108.715477, 12.229047 ], [ 108.71032, 12.230576 ], [ 108.703758, 12.237701 ], [ 108.701294, 12.244791 ], [ 108.70768, 12.255151 ], [ 108.704865, 12.2609 ], [ 108.703728, 12.265002 ], [ 108.706146, 12.268992 ], [ 108.703407, 12.275201 ], [ 108.704376, 12.279152 ], [ 108.702339, 12.286973 ], [ 108.704712, 12.293378 ], [ 108.705254, 12.297061 ], [ 108.708214, 12.298367 ], [ 108.705322, 12.303195 ], [ 108.702705, 12.305531 ], [ 108.701843, 12.308379 ], [ 108.697182, 12.308635 ], [ 108.695587, 12.311351 ], [ 108.689621, 12.311136 ], [ 108.687439, 12.316517 ], [ 108.684364, 12.317454 ], [ 108.681419, 12.315717 ], [ 108.681053, 12.318258 ], [ 108.685753, 12.322515 ], [ 108.684273, 12.326352 ], [ 108.684502, 12.332991 ], [ 108.679123, 12.346262 ], [ 108.680923, 12.355131 ], [ 108.683022, 12.359334 ], [ 108.688492, 12.362505 ], [ 108.68956, 12.370077 ], [ 108.691292, 12.37288 ], [ 108.690216, 12.376353 ], [ 108.685738, 12.379719 ], [ 108.68718, 12.382314 ], [ 108.688072, 12.387346 ], [ 108.686333, 12.390144 ], [ 108.67955, 12.392683 ], [ 108.676056, 12.399416 ], [ 108.675529, 12.402423 ], [ 108.680069, 12.408444 ], [ 108.681801, 12.414981 ], [ 108.677956, 12.415599 ], [ 108.671867, 12.422178 ], [ 108.670708, 12.424458 ], [ 108.674255, 12.431619 ], [ 108.677101, 12.434801 ], [ 108.682587, 12.438993 ], [ 108.685341, 12.444546 ], [ 108.689278, 12.450825 ], [ 108.694351, 12.455758 ], [ 108.698563, 12.458926 ], [ 108.700371, 12.462092 ], [ 108.70092, 12.46868 ], [ 108.702171, 12.473867 ], [ 108.70565, 12.475168 ], [ 108.716194, 12.483269 ], [ 108.721565, 12.482756 ], [ 108.723854, 12.480684 ], [ 108.728958, 12.4796 ], [ 108.735992, 12.477013 ], [ 108.740509, 12.476814 ], [ 108.744461, 12.479355 ], [ 108.749939, 12.480657 ], [ 108.750587, 12.487763 ], [ 108.752655, 12.496893 ], [ 108.75592, 12.49923 ], [ 108.762314, 12.497522 ], [ 108.765053, 12.497681 ], [ 108.769028, 12.500122 ], [ 108.77018, 12.50282 ], [ 108.774765, 12.501993 ], [ 108.780022, 12.50485 ], [ 108.78479, 12.500757 ], [ 108.792923, 12.499207 ], [ 108.795715, 12.496669 ], [ 108.796562, 12.493298 ], [ 108.798958, 12.489566 ], [ 108.797333, 12.484845 ], [ 108.800339, 12.480595 ], [ 108.806442, 12.480444 ], [ 108.810783, 12.484025 ], [ 108.817947, 12.481593 ], [ 108.822342, 12.477966 ], [ 108.821976, 12.474906 ], [ 108.826294, 12.473042 ], [ 108.82814, 12.470449 ], [ 108.831032, 12.471229 ], [ 108.834534, 12.470038 ], [ 108.836533, 12.465528 ], [ 108.840485, 12.462418 ], [ 108.846458, 12.46237 ], [ 108.849411, 12.461438 ], [ 108.850723, 12.457808 ], [ 108.855988, 12.457189 ], [ 108.867386, 12.451957 ], [ 108.871544, 12.452166 ], [ 108.869728, 12.455951 ], [ 108.871254, 12.459167 ], [ 108.871384, 12.464353 ], [ 108.873009, 12.467259 ], [ 108.877831, 12.46975 ], [ 108.879852, 12.477219 ], [ 108.879059, 12.480174 ], [ 108.87616, 12.482611 ], [ 108.871185, 12.485149 ], [ 108.861816, 12.491887 ], [ 108.861259, 12.494688 ], [ 108.868912, 12.502315 ], [ 108.874863, 12.506052 ], [ 108.873909, 12.509993 ], [ 108.875198, 12.512587 ], [ 108.87883, 12.515285 ], [ 108.874855, 12.522284 ], [ 108.874847, 12.525448 ], [ 108.881798, 12.537172 ], [ 108.88295, 12.541166 ], [ 108.891953, 12.54506 ], [ 108.894348, 12.549779 ], [ 108.895027, 12.5629 ], [ 108.895706, 12.566013 ], [ 108.894814, 12.569747 ], [ 108.896103, 12.572859 ], [ 108.893463, 12.576281 ], [ 108.893677, 12.579392 ], [ 108.899155, 12.581044 ], [ 108.904282, 12.583915 ], [ 108.914627, 12.595323 ], [ 108.917656, 12.597091 ], [ 108.922066, 12.59816 ], [ 108.926262, 12.600591 ], [ 108.930664, 12.601206 ], [ 108.932999, 12.602985 ], [ 108.93631, 12.607696 ], [ 108.938614, 12.607435 ], [ 108.942268, 12.604435 ], [ 108.951439, 12.599767 ], [ 108.958626, 12.601019 ], [ 108.964378, 12.599574 ], [ 108.966927, 12.599763 ], [ 108.973206, 12.611862 ], [ 108.978851, 12.617688 ], [ 108.983177, 12.625083 ], [ 108.983231, 12.628526 ], [ 108.975258, 12.635071 ], [ 108.975296, 12.637366 ], [ 108.978218, 12.640823 ], [ 108.9823, 12.647992 ], [ 108.982582, 12.658546 ], [ 108.984123, 12.663745 ], [ 108.983917, 12.672929 ], [ 108.982941, 12.677649 ], [ 108.980324, 12.6813 ], [ 108.986038, 12.687367 ], [ 108.990204, 12.689286 ], [ 108.991173, 12.693123 ], [ 108.988594, 12.696441 ], [ 108.989433, 12.698256 ], [ 108.987518, 12.701834 ], [ 108.994522, 12.7065 ], [ 108.994041, 12.710596 ], [ 108.994995, 12.714047 ], [ 108.992851, 12.722095 ], [ 108.987968, 12.725473 ], [ 108.984009, 12.742827 ], [ 108.987961, 12.74912 ], [ 108.990906, 12.755317 ], [ 108.990158, 12.762782 ], [ 108.985794, 12.770852 ], [ 108.987404, 12.77549 ], [ 108.987267, 12.781147 ], [ 108.98587, 12.78293 ], [ 108.980858, 12.783226 ], [ 108.979713, 12.786695 ], [ 108.977135, 12.784531 ], [ 108.974976, 12.785371 ], [ 108.971947, 12.790138 ], [ 108.976318, 12.797042 ], [ 108.975174, 12.800656 ], [ 108.972572, 12.801796 ], [ 108.973763, 12.806033 ], [ 108.97171, 12.808779 ], [ 108.970711, 12.815767 ], [ 108.968544, 12.81714 ], [ 108.964035, 12.817208 ], [ 108.956276, 12.811232 ], [ 108.951653, 12.810152 ], [ 108.947388, 12.810545 ], [ 108.945305, 12.806142 ], [ 108.943535, 12.805266 ], [ 108.93969, 12.806226 ], [ 108.937981, 12.809004 ], [ 108.934853, 12.810256 ], [ 108.918045, 12.810507 ], [ 108.90921, 12.809254 ], [ 108.902138, 12.813357 ], [ 108.89579, 12.814701 ], [ 108.868797, 12.81585 ], [ 108.866524, 12.817382 ], [ 108.863525, 12.824182 ], [ 108.861351, 12.826297 ], [ 108.855331, 12.827301 ], [ 108.85183, 12.831601 ], [ 108.849091, 12.838346 ], [ 108.847816, 12.844279 ], [ 108.84787, 12.84761 ], [ 108.850334, 12.853405 ], [ 108.84478, 12.856653 ], [ 108.84024, 12.857344 ], [ 108.836304, 12.86065 ], [ 108.833168, 12.861446 ], [ 108.827904, 12.867437 ], [ 108.822029, 12.86644 ], [ 108.816811, 12.870014 ], [ 108.815773, 12.874361 ], [ 108.810555, 12.874645 ], [ 108.803825, 12.873744 ], [ 108.801414, 12.87128 ], [ 108.797157, 12.870925 ], [ 108.794724, 12.867378 ], [ 108.790688, 12.870435 ], [ 108.786919, 12.876779 ], [ 108.783669, 12.886407 ], [ 108.782997, 12.892998 ], [ 108.778778, 12.897765 ], [ 108.773705, 12.899172 ], [ 108.772621, 12.906268 ], [ 108.770882, 12.912249 ], [ 108.770515, 12.916336 ], [ 108.765884, 12.919319 ], [ 108.762207, 12.923204 ], [ 108.759644, 12.930863 ], [ 108.753548, 12.938283 ], [ 108.752998, 12.941623 ], [ 108.750763, 12.945237 ], [ 108.747704, 12.945615 ], [ 108.744263, 12.948163 ], [ 108.737068, 12.947392 ], [ 108.735458, 12.948165 ], [ 108.733398, 12.952193 ], [ 108.723785, 12.951581 ], [ 108.719742, 12.954221 ], [ 108.717697, 12.948336 ], [ 108.713478, 12.94473 ], [ 108.710861, 12.946017 ], [ 108.710175, 12.942554 ], [ 108.704552, 12.941928 ], [ 108.70089, 12.947342 ], [ 108.703972, 12.951532 ], [ 108.705482, 12.958883 ], [ 108.705345, 12.964318 ], [ 108.701103, 12.967166 ], [ 108.692886, 12.971234 ], [ 108.692123, 12.978371 ], [ 108.689919, 12.980166 ], [ 108.679535, 12.981322 ], [ 108.674446, 12.988021 ], [ 108.672783, 12.992275 ], [ 108.67527, 12.994848 ], [ 108.680656, 12.996533 ], [ 108.681595, 12.997801 ], [ 108.682899, 13.001455 ], [ 108.685539, 13.003368 ], [ 108.68914, 13.008638 ], [ 108.692726, 13.016189 ], [ 108.713104, 13.017168 ], [ 108.733414, 13.02457 ], [ 108.751465, 13.031406 ], [ 108.756081, 13.032663 ], [ 108.752357, 13.065524 ], [ 108.750015, 13.087754 ], [ 108.750015, 13.093908 ], [ 108.755035, 13.10294 ], [ 108.759697, 13.116 ], [ 108.763306, 13.11812 ], [ 108.768219, 13.117271 ], [ 108.768486, 13.121767 ], [ 108.766632, 13.12404 ], [ 108.761833, 13.123609 ], [ 108.758797, 13.12581 ], [ 108.758408, 13.129488 ], [ 108.761795, 13.135359 ], [ 108.766045, 13.134785 ], [ 108.774368, 13.136104 ], [ 108.777161, 13.138989 ], [ 108.7752, 13.144896 ], [ 108.778999, 13.147085 ], [ 108.781296, 13.145477 ], [ 108.783577, 13.141833 ], [ 108.786194, 13.141467 ], [ 108.790192, 13.147383 ], [ 108.792282, 13.142403 ], [ 108.7957, 13.141828 ], [ 108.796135, 13.15143 ], [ 108.797173, 13.152349 ], [ 108.803101, 13.151721 ], [ 108.802544, 13.14774 ], [ 108.805122, 13.146461 ], [ 108.806824, 13.152519 ], [ 108.813202, 13.158947 ], [ 108.819824, 13.157206 ], [ 108.822365, 13.153698 ], [ 108.823997, 13.153852 ], [ 108.825302, 13.162057 ], [ 108.830177, 13.165404 ], [ 108.836884, 13.161736 ], [ 108.842064, 13.164607 ], [ 108.839333, 13.167968 ], [ 108.838654, 13.170842 ], [ 108.842293, 13.173354 ], [ 108.844109, 13.175855 ], [ 108.843964, 13.180104 ], [ 108.846321, 13.182584 ], [ 108.849396, 13.180391 ], [ 108.849571, 13.185795 ], [ 108.84877, 13.19028 ], [ 108.854691, 13.193152 ], [ 108.854012, 13.196016 ], [ 108.847862, 13.201781 ], [ 108.847404, 13.204196 ], [ 108.851379, 13.209903 ], [ 108.850021, 13.217759 ], [ 108.853439, 13.218409 ], [ 108.856323, 13.223596 ], [ 108.859711, 13.223843 ], [ 108.863197, 13.226056 ], [ 108.870132, 13.24668 ], [ 108.870728, 13.254037 ], [ 108.870003, 13.257797 ], [ 108.867889, 13.26198 ], [ 108.871101, 13.268235 ], [ 108.871391, 13.277829 ], [ 108.872993, 13.279715 ], [ 108.868156, 13.288469 ], [ 108.863815, 13.288286 ], [ 108.859894, 13.286778 ], [ 108.859001, 13.291561 ], [ 108.853912, 13.294012 ], [ 108.850578, 13.299655 ], [ 108.843201, 13.315807 ], [ 108.840088, 13.318942 ], [ 108.84034, 13.322934 ], [ 108.836731, 13.327905 ], [ 108.827148, 13.336661 ], [ 108.827026, 13.340436 ], [ 108.824387, 13.344176 ], [ 108.821358, 13.344119 ], [ 108.818954, 13.347486 ], [ 108.8144, 13.350799 ], [ 108.814369, 13.35382 ], [ 108.809921, 13.354511 ], [ 108.808571, 13.357362 ], [ 108.809837, 13.360455 ], [ 108.806313, 13.366565 ], [ 108.806526, 13.376634 ], [ 108.804878, 13.379482 ], [ 108.804626, 13.389534 ], [ 108.806656, 13.393402 ], [ 108.807343, 13.402162 ], [ 108.805122, 13.407498 ], [ 108.806625, 13.410764 ], [ 108.805206, 13.414396 ], [ 108.804504, 13.422093 ], [ 108.805794, 13.424977 ], [ 108.804382, 13.430043 ], [ 108.805931, 13.435154 ], [ 108.80378, 13.440287 ], [ 108.801628, 13.441387 ], [ 108.79985, 13.446798 ], [ 108.796371, 13.447116 ], [ 108.795128, 13.4501 ], [ 108.795616, 13.452776 ], [ 108.790184, 13.453211 ], [ 108.792168, 13.458252 ], [ 108.791893, 13.461984 ], [ 108.795448, 13.465034 ], [ 108.794945, 13.471819 ], [ 108.792229, 13.473811 ], [ 108.788017, 13.468263 ], [ 108.780861, 13.467279 ], [ 108.773323, 13.466907 ], [ 108.768921, 13.464626 ], [ 108.763588, 13.463583 ], [ 108.76075, 13.464993 ], [ 108.756775, 13.459281 ], [ 108.751968, 13.46389 ], [ 108.74733, 13.45897 ], [ 108.742073, 13.457443 ], [ 108.737801, 13.458804 ], [ 108.734665, 13.458253 ], [ 108.728729, 13.46174 ], [ 108.720772, 13.464637 ], [ 108.717941, 13.462621 ], [ 108.712402, 13.465663 ], [ 108.71508, 13.473819 ], [ 108.712975, 13.475967 ], [ 108.709511, 13.477303 ], [ 108.707695, 13.482988 ], [ 108.703384, 13.485405 ], [ 108.70488, 13.489448 ], [ 108.708733, 13.49406 ], [ 108.708633, 13.498175 ], [ 108.713287, 13.501809 ], [ 108.712463, 13.509956 ], [ 108.713737, 13.517767 ], [ 108.725136, 13.519693 ], [ 108.72686, 13.523078 ], [ 108.732559, 13.528335 ], [ 108.734718, 13.537203 ], [ 108.732605, 13.540266 ], [ 108.734169, 13.542114 ], [ 108.736061, 13.549369 ], [ 108.739769, 13.551395 ], [ 108.739479, 13.555234 ], [ 108.740753, 13.556661 ], [ 108.74749, 13.555528 ], [ 108.74781, 13.563749 ], [ 108.749245, 13.566524 ], [ 108.758194, 13.562806 ], [ 108.766174, 13.561311 ], [ 108.768318, 13.561859 ], [ 108.773476, 13.569167 ], [ 108.775742, 13.570666 ], [ 108.777985, 13.569003 ], [ 108.780838, 13.569543 ], [ 108.78083, 13.571976 ], [ 108.784615, 13.573657 ], [ 108.785484, 13.577772 ], [ 108.792259, 13.578264 ], [ 108.800606, 13.577313 ], [ 108.813942, 13.577099 ], [ 108.815666, 13.57261 ], [ 108.81987, 13.569169 ], [ 108.824074, 13.567281 ], [ 108.826172, 13.565075 ], [ 108.841187, 13.563861 ], [ 108.848679, 13.56654 ], [ 108.849991, 13.568606 ], [ 108.85218, 13.575518 ], [ 108.850845, 13.578795 ], [ 108.850525, 13.583657 ], [ 108.846581, 13.593133 ], [ 108.843399, 13.596393 ], [ 108.840469, 13.597806 ], [ 108.838341, 13.603699 ], [ 108.841347, 13.609841 ], [ 108.834282, 13.620576 ], [ 108.834877, 13.623346 ], [ 108.832359, 13.625129 ], [ 108.828957, 13.630543 ], [ 108.829834, 13.63356 ], [ 108.827927, 13.637667 ], [ 108.825089, 13.641388 ], [ 108.825195, 13.644512 ], [ 108.822296, 13.649403 ], [ 108.819595, 13.657603 ], [ 108.819687, 13.661296 ], [ 108.822144, 13.663421 ], [ 108.819901, 13.66742 ], [ 108.821106, 13.673899 ], [ 108.817764, 13.681344 ], [ 108.81839, 13.685283 ], [ 108.816231, 13.690836 ], [ 108.813454, 13.695235 ], [ 108.817039, 13.699453 ], [ 108.822517, 13.699457 ], [ 108.830299, 13.70386 ], [ 108.832207, 13.706588 ], [ 108.830841, 13.715571 ], [ 108.826202, 13.721911 ], [ 108.8274, 13.724035 ], [ 108.832504, 13.727762 ], [ 108.835091, 13.737934 ], [ 108.834999, 13.740858 ], [ 108.833107, 13.742795 ], [ 108.832802, 13.747642 ], [ 108.834122, 13.75202 ], [ 108.833679, 13.757705 ], [ 108.832481, 13.760659 ], [ 108.828094, 13.760348 ], [ 108.826515, 13.764778 ], [ 108.826424, 13.768594 ], [ 108.824005, 13.775747 ], [ 108.824509, 13.778456 ], [ 108.827423, 13.782075 ], [ 108.827553, 13.791322 ], [ 108.823105, 13.793904 ], [ 108.821373, 13.800257 ], [ 108.817963, 13.801163 ], [ 108.816109, 13.803254 ], [ 108.812263, 13.803836 ], [ 108.808601, 13.802448 ], [ 108.805527, 13.803569 ], [ 108.800797, 13.806827 ], [ 108.800117, 13.810719 ], [ 108.795563, 13.814756 ], [ 108.794456, 13.821213 ], [ 108.796013, 13.822774 ], [ 108.794914, 13.830437 ], [ 108.792435, 13.841569 ], [ 108.793488, 13.84477 ], [ 108.796661, 13.844828 ], [ 108.794411, 13.848479 ], [ 108.78978, 13.850933 ], [ 108.779167, 13.858449 ], [ 108.771385, 13.866583 ], [ 108.768578, 13.871979 ], [ 108.767418, 13.87661 ], [ 108.763885, 13.88377 ], [ 108.764488, 13.887546 ], [ 108.763931, 13.891711 ], [ 108.75985, 13.894399 ], [ 108.758636, 13.897377 ], [ 108.754784, 13.900218 ], [ 108.751411, 13.900316 ], [ 108.747925, 13.903435 ], [ 108.743561, 13.909823 ], [ 108.745712, 13.914058 ], [ 108.745026, 13.918375 ], [ 108.745995, 13.921607 ], [ 108.745659, 13.927841 ], [ 108.744354, 13.931141 ], [ 108.744835, 13.935577 ], [ 108.747726, 13.939424 ], [ 108.7463, 13.943926 ], [ 108.750061, 13.9495 ], [ 108.75322, 13.946659 ], [ 108.755196, 13.9492 ], [ 108.752136, 13.957222 ], [ 108.754318, 13.961389 ], [ 108.756912, 13.969445 ], [ 108.752045, 13.977161 ], [ 108.751732, 13.981596 ], [ 108.759094, 13.987953 ], [ 108.763725, 13.993562 ], [ 108.759743, 13.998452 ], [ 108.754723, 14.009096 ], [ 108.753998, 14.015207 ], [ 108.752243, 14.019692 ], [ 108.755569, 14.021659 ], [ 108.757286, 14.027096 ], [ 108.757126, 14.036846 ], [ 108.753311, 14.041889 ], [ 108.753937, 14.045411 ], [ 108.750168, 14.045458 ], [ 108.733421, 14.052956 ], [ 108.722137, 14.065271 ], [ 108.718414, 14.072686 ], [ 108.716942, 14.081383 ], [ 108.715393, 14.084141 ], [ 108.714638, 14.090678 ], [ 108.712669, 14.095953 ], [ 108.709442, 14.098526 ], [ 108.706795, 14.103534 ], [ 108.704956, 14.103261 ], [ 108.699699, 14.10738 ], [ 108.697411, 14.114891 ], [ 108.691467, 14.115643 ], [ 108.692116, 14.121924 ], [ 108.684196, 14.131615 ], [ 108.682602, 14.135044 ], [ 108.683556, 14.136688 ], [ 108.682953, 14.141027 ], [ 108.6772, 14.148264 ], [ 108.678299, 14.15784 ], [ 108.678047, 14.161063 ], [ 108.672333, 14.160762 ], [ 108.666733, 14.164388 ], [ 108.665787, 14.165926 ], [ 108.67189, 14.174237 ], [ 108.676735, 14.178245 ], [ 108.673187, 14.183416 ], [ 108.680901, 14.193276 ], [ 108.679977, 14.196681 ], [ 108.679848, 14.202606 ], [ 108.673676, 14.2073 ], [ 108.67704, 14.217888 ], [ 108.675652, 14.223849 ], [ 108.670898, 14.2251 ], [ 108.669899, 14.230241 ], [ 108.664818, 14.233612 ], [ 108.665276, 14.23695 ], [ 108.667084, 14.239979 ], [ 108.667923, 14.243903 ], [ 108.66526, 14.247216 ], [ 108.664856, 14.25167 ], [ 108.660828, 14.25302 ], [ 108.657516, 14.255558 ], [ 108.655228, 14.260107 ], [ 108.656342, 14.264975 ], [ 108.654396, 14.268991 ], [ 108.655556, 14.274392 ], [ 108.658089, 14.275509 ], [ 108.660088, 14.28033 ], [ 108.655609, 14.284633 ], [ 108.655678, 14.28887 ], [ 108.652267, 14.293828 ], [ 108.647789, 14.296001 ], [ 108.646194, 14.299242 ], [ 108.646088, 14.306517 ], [ 108.642395, 14.312118 ], [ 108.647285, 14.318325 ], [ 108.64666, 14.32176 ], [ 108.641228, 14.3264 ], [ 108.636787, 14.336514 ], [ 108.634789, 14.342467 ], [ 108.633873, 14.347511 ], [ 108.630432, 14.351006 ], [ 108.627296, 14.352066 ], [ 108.623375, 14.355765 ], [ 108.633896, 14.372245 ], [ 108.62915, 14.380392 ], [ 108.625084, 14.385892 ], [ 108.628517, 14.388704 ], [ 108.624794, 14.394308 ], [ 108.617119, 14.410492 ], [ 108.614388, 14.412288 ], [ 108.617294, 14.41554 ], [ 108.615974, 14.421464 ], [ 108.610527, 14.425143 ], [ 108.610748, 14.430235 ], [ 108.609131, 14.434935 ], [ 108.6129, 14.438225 ], [ 108.611862, 14.441344 ], [ 108.607147, 14.448517 ], [ 108.604057, 14.451662 ], [ 108.601418, 14.459825 ], [ 108.604721, 14.458889 ], [ 108.606842, 14.456056 ], [ 108.610107, 14.454763 ], [ 108.612953, 14.457067 ], [ 108.615349, 14.45731 ], [ 108.620316, 14.450346 ], [ 108.625839, 14.449492 ], [ 108.631546, 14.446974 ], [ 108.639923, 14.452715 ], [ 108.63929, 14.463431 ], [ 108.640869, 14.472568 ], [ 108.643333, 14.475841 ], [ 108.637756, 14.479609 ], [ 108.639206, 14.486671 ], [ 108.634705, 14.490889 ], [ 108.634544, 14.493456 ], [ 108.631149, 14.497138 ], [ 108.632111, 14.501214 ], [ 108.636078, 14.505087 ], [ 108.63607, 14.507236 ], [ 108.633018, 14.510261 ], [ 108.632431, 14.513723 ], [ 108.629189, 14.517644 ], [ 108.634476, 14.526041 ], [ 108.629341, 14.53275 ], [ 108.630074, 14.536005 ], [ 108.628059, 14.538046 ], [ 108.627579, 14.544539 ], [ 108.622017, 14.542303 ], [ 108.617981, 14.543486 ], [ 108.617714, 14.539754 ], [ 108.613319, 14.533043 ], [ 108.610603, 14.53481 ], [ 108.607758, 14.533972 ], [ 108.604134, 14.536421 ], [ 108.602341, 14.540024 ], [ 108.598579, 14.543418 ], [ 108.595871, 14.547059 ], [ 108.595993, 14.552287 ], [ 108.59742, 14.555734 ], [ 108.595398, 14.557133 ], [ 108.594124, 14.560453 ], [ 108.595818, 14.561477 ], [ 108.593307, 14.565218 ], [ 108.585464, 14.568017 ], [ 108.58287, 14.567971 ], [ 108.580391, 14.571061 ], [ 108.576828, 14.57132 ], [ 108.572655, 14.573151 ], [ 108.57386, 14.575984 ], [ 108.570183, 14.579043 ], [ 108.566063, 14.580164 ], [ 108.563431, 14.583426 ], [ 108.559723, 14.586245 ], [ 108.547935, 14.585636 ], [ 108.546501, 14.589578 ], [ 108.543732, 14.590952 ], [ 108.5429, 14.593287 ], [ 108.538544, 14.597956 ], [ 108.536713, 14.601637 ], [ 108.533501, 14.604739 ], [ 108.531441, 14.611914 ], [ 108.527969, 14.616675 ], [ 108.526375, 14.623613 ], [ 108.518562, 14.623305 ], [ 108.514374, 14.621822 ], [ 108.510567, 14.622281 ], [ 108.506317, 14.62067 ], [ 108.502502, 14.625224 ], [ 108.500664, 14.622952 ], [ 108.496407, 14.621513 ], [ 108.488831, 14.621686 ], [ 108.487747, 14.624116 ], [ 108.484169, 14.623489 ], [ 108.480347, 14.628522 ], [ 108.48082, 14.634162 ], [ 108.483192, 14.63967 ], [ 108.483955, 14.64412 ], [ 108.491295, 14.646058 ], [ 108.490112, 14.648451 ], [ 108.4925, 14.6509 ], [ 108.495087, 14.657512 ], [ 108.498085, 14.659331 ], [ 108.500618, 14.665094 ], [ 108.505676, 14.666595 ], [ 108.505638, 14.672926 ], [ 108.509445, 14.677549 ], [ 108.51223, 14.684158 ], [ 108.510345, 14.688934 ], [ 108.503784, 14.690413 ], [ 108.501892, 14.692827 ], [ 108.501465, 14.696088 ], [ 108.496262, 14.6978 ], [ 108.49588, 14.7004 ], [ 108.498413, 14.702851 ], [ 108.500946, 14.703224 ], [ 108.503647, 14.708978 ], [ 108.50901, 14.711914 ], [ 108.515976, 14.720595 ], [ 108.517784, 14.721158 ], [ 108.516739, 14.725298 ], [ 108.519081, 14.730827 ], [ 108.518997, 14.733188 ], [ 108.521973, 14.737026 ], [ 108.52079, 14.738644 ], [ 108.52523, 14.744026 ], [ 108.528351, 14.745486 ], [ 108.526611, 14.751053 ], [ 108.527016, 14.754486 ], [ 108.52243, 14.757531 ], [ 108.519753, 14.762273 ], [ 108.517723, 14.770727 ], [ 108.515953, 14.773817 ], [ 108.504372, 14.77769 ], [ 108.50135, 14.780914 ], [ 108.499489, 14.785397 ], [ 108.501404, 14.788741 ], [ 108.498909, 14.791552 ], [ 108.495552, 14.793005 ], [ 108.495796, 14.796027 ], [ 108.492218, 14.799946 ], [ 108.48526, 14.797034 ], [ 108.473228, 14.792884 ], [ 108.468735, 14.79263 ], [ 108.462273, 14.790295 ], [ 108.457321, 14.790219 ], [ 108.455711, 14.791242 ], [ 108.452515, 14.800987 ], [ 108.451096, 14.802341 ], [ 108.443268, 14.803433 ], [ 108.440529, 14.802857 ], [ 108.435089, 14.805618 ], [ 108.43502, 14.80811 ], [ 108.43084, 14.809877 ], [ 108.430244, 14.81523 ], [ 108.42675, 14.817645 ], [ 108.418655, 14.817131 ], [ 108.412315, 14.817335 ], [ 108.402702, 14.821204 ], [ 108.401016, 14.823359 ], [ 108.397957, 14.823813 ], [ 108.393669, 14.826815 ], [ 108.388428, 14.834491 ], [ 108.384201, 14.83591 ], [ 108.382195, 14.839021 ], [ 108.380997, 14.843997 ], [ 108.37648, 14.845337 ], [ 108.374771, 14.849172 ], [ 108.37426, 14.854862 ], [ 108.371758, 14.856902 ], [ 108.369652, 14.865879 ], [ 108.367134, 14.867377 ], [ 108.368568, 14.871085 ], [ 108.3657, 14.878797 ], [ 108.36187, 14.882287 ], [ 108.357178, 14.880673 ], [ 108.353935, 14.878493 ], [ 108.349854, 14.881633 ], [ 108.349106, 14.886398 ], [ 108.350403, 14.894784 ], [ 108.348495, 14.897945 ], [ 108.345345, 14.897829 ], [ 108.343338, 14.901506 ], [ 108.337929, 14.908176 ], [ 108.336128, 14.907925 ], [ 108.330421, 14.910597 ], [ 108.328163, 14.909801 ], [ 108.32357, 14.910915 ], [ 108.32061, 14.913611 ], [ 108.321373, 14.923335 ], [ 108.318527, 14.924864 ], [ 108.316292, 14.934487 ], [ 108.313889, 14.936072 ], [ 108.315887, 14.93874 ], [ 108.31105, 14.947158 ], [ 108.304512, 14.95081 ], [ 108.297241, 14.958113 ], [ 108.288017, 14.961768 ], [ 108.286423, 14.964369 ], [ 108.282951, 14.965518 ], [ 108.283943, 14.968428 ], [ 108.2827, 14.971683 ], [ 108.283447, 14.973779 ], [ 108.280266, 14.978061 ], [ 108.278099, 14.976559 ], [ 108.274277, 14.978376 ], [ 108.274292, 14.981144 ], [ 108.272446, 14.983093 ], [ 108.268959, 14.982031 ], [ 108.26651, 14.986606 ], [ 108.264015, 14.988986 ], [ 108.263008, 14.997545 ], [ 108.260147, 15.000263 ], [ 108.258736, 15.003783 ], [ 108.253822, 15.005878 ], [ 108.250481, 15.015146 ], [ 108.253426, 15.019225 ], [ 108.248268, 15.02393 ], [ 108.249718, 15.025814 ], [ 108.245926, 15.027637 ], [ 108.24498, 15.029425 ], [ 108.238739, 15.031144 ], [ 108.242378, 15.03733 ], [ 108.242836, 15.041841 ], [ 108.23761, 15.046494 ], [ 108.237549, 15.049143 ], [ 108.241699, 15.064852 ], [ 108.240051, 15.068841 ], [ 108.235954, 15.075183 ], [ 108.235672, 15.078809 ], [ 108.240913, 15.080639 ], [ 108.244598, 15.083564 ], [ 108.251343, 15.084624 ], [ 108.256653, 15.090413 ], [ 108.256096, 15.093352 ], [ 108.259529, 15.09759 ], [ 108.258804, 15.10193 ], [ 108.259514, 15.105826 ], [ 108.257149, 15.111244 ], [ 108.257492, 15.115611 ], [ 108.262306, 15.119927 ], [ 108.263748, 15.124075 ], [ 108.268364, 15.126619 ], [ 108.270546, 15.129383 ], [ 108.273201, 15.128991 ], [ 108.275017, 15.131132 ], [ 108.274452, 15.136873 ], [ 108.27861, 15.139915 ], [ 108.276382, 15.143317 ], [ 108.281044, 15.144388 ], [ 108.283302, 15.148571 ], [ 108.283951, 15.153787 ], [ 108.289627, 15.157748 ], [ 108.289101, 15.160733 ], [ 108.291046, 15.161824 ], [ 108.293617, 15.166513 ], [ 108.297424, 15.169962 ], [ 108.30439, 15.171318 ], [ 108.30558, 15.173858 ], [ 108.303162, 15.178209 ], [ 108.299805, 15.181631 ], [ 108.301003, 15.185527 ], [ 108.303429, 15.187386 ], [ 108.302094, 15.19255 ], [ 108.297981, 15.194373 ], [ 108.293983, 15.194513 ], [ 108.288696, 15.201256 ], [ 108.289558, 15.202249 ], [ 108.297318, 15.203921 ], [ 108.299461, 15.206314 ], [ 108.30426, 15.209417 ], [ 108.306625, 15.215743 ], [ 108.308037, 15.222079 ], [ 108.306328, 15.225851 ], [ 108.300583, 15.225895 ], [ 108.293968, 15.228688 ], [ 108.286247, 15.227722 ], [ 108.289635, 15.232084 ], [ 108.288635, 15.234029 ], [ 108.28492, 15.235608 ], [ 108.28125, 15.242366 ], [ 108.281578, 15.24384 ], [ 108.287445, 15.2447 ], [ 108.290977, 15.247236 ], [ 108.293343, 15.252631 ], [ 108.299667, 15.255262 ], [ 108.302307, 15.257537 ], [ 108.305756, 15.267984 ], [ 108.304733, 15.274323 ], [ 108.302856, 15.276947 ], [ 108.300011, 15.278171 ], [ 108.300133, 15.283695 ], [ 108.310379, 15.291086 ], [ 108.314224, 15.29759 ], [ 108.318962, 15.300757 ], [ 108.321854, 15.301006 ], [ 108.328865, 15.299775 ], [ 108.337395, 15.29639 ], [ 108.341057, 15.297741 ], [ 108.351639, 15.295491 ], [ 108.353882, 15.296319 ], [ 108.36393, 15.294197 ], [ 108.364685, 15.295922 ], [ 108.378288, 15.302744 ], [ 108.380539, 15.303201 ], [ 108.388466, 15.300756 ], [ 108.392616, 15.297837 ], [ 108.403313, 15.30072 ], [ 108.402611, 15.308569 ], [ 108.406189, 15.309756 ], [ 108.415619, 15.306131 ], [ 108.418045, 15.307601 ], [ 108.424515, 15.314278 ], [ 108.426964, 15.319843 ], [ 108.428139, 15.325021 ], [ 108.433601, 15.325237 ], [ 108.434715, 15.323517 ], [ 108.435387, 15.317286 ], [ 108.437004, 15.313069 ], [ 108.440063, 15.31187 ], [ 108.447701, 15.311963 ], [ 108.450882, 15.309868 ], [ 108.452919, 15.310334 ], [ 108.463326, 15.308695 ], [ 108.4655, 15.309694 ], [ 108.475113, 15.309755 ], [ 108.47718, 15.310863 ], [ 108.47921, 15.308264 ], [ 108.484291, 15.307602 ], [ 108.486465, 15.308329 ], [ 108.489326, 15.311469 ], [ 108.493965, 15.314126 ], [ 108.497437, 15.318422 ], [ 108.499794, 15.324194 ], [ 108.505226, 15.326713 ], [ 108.512062, 15.323018 ], [ 108.52034, 15.322275 ], [ 108.526115, 15.320653 ], [ 108.530716, 15.325207 ], [ 108.53392, 15.329955 ], [ 108.536491, 15.32834 ], [ 108.541039, 15.330182 ], [ 108.543953, 15.335129 ], [ 108.549347, 15.334547 ], [ 108.552795, 15.336075 ], [ 108.559174, 15.333926 ], [ 108.570137, 15.339747 ], [ 108.573036, 15.341846 ], [ 108.58065, 15.344638 ], [ 108.587891, 15.343299 ], [ 108.600739, 15.345426 ], [ 108.601776, 15.346164 ], [ 108.601334, 15.351708 ], [ 108.610626, 15.353346 ], [ 108.614349, 15.352892 ], [ 108.616508, 15.354496 ], [ 108.621094, 15.354989 ], [ 108.625496, 15.357147 ], [ 108.631248, 15.358739 ], [ 108.633339, 15.362368 ], [ 108.639381, 15.363888 ], [ 108.641212, 15.367915 ], [ 108.647743, 15.36624 ], [ 108.654755, 15.367187 ], [ 108.658379, 15.365586 ], [ 108.661461, 15.369626 ], [ 108.665092, 15.365701 ], [ 108.671173, 15.364182 ], [ 108.674873, 15.36776 ], [ 108.678452, 15.366167 ], [ 108.686584, 15.368719 ], [ 108.691101, 15.368153 ], [ 108.694633, 15.370095 ], [ 108.697647, 15.370086 ], [ 108.700783, 15.372707 ], [ 108.706741, 15.371115 ], [ 108.712257, 15.370763 ], [ 108.719917, 15.373631 ], [ 108.726517, 15.377226 ], [ 108.726204, 15.381331 ], [ 108.735107, 15.39272 ], [ 108.738052, 15.398235 ], [ 108.743332, 15.394444 ], [ 108.751114, 15.391112 ], [ 108.757767, 15.387511 ], [ 108.766487, 15.386451 ], [ 108.770088, 15.386893 ], [ 108.77446, 15.383638 ], [ 108.777153, 15.384265 ], [ 108.776947, 15.389445 ], [ 108.78083, 15.388333 ], [ 108.786171, 15.388404 ], [ 108.79261, 15.390396 ], [ 108.798431, 15.393361 ], [ 108.803894, 15.397509 ], [ 108.807777, 15.40364 ], [ 108.810532, 15.403421 ], [ 108.813171, 15.401331 ], [ 108.815826, 15.401096 ], [ 108.809868, 15.40854 ], [ 108.806633, 15.409454 ], [ 108.80584, 15.40694 ], [ 108.801826, 15.409135 ], [ 108.801949, 15.411419 ], [ 108.798706, 15.415772 ], [ 108.796043, 15.416599 ], [ 108.795563, 15.42306 ], [ 108.799599, 15.423692 ], [ 108.798729, 15.420681 ], [ 108.804848, 15.415161 ], [ 108.809143, 15.412631 ], [ 108.81498, 15.412228 ], [ 108.818863, 15.41773 ], [ 108.824509, 15.41984 ], [ 108.828468, 15.41649 ], [ 108.826843, 15.413511 ], [ 108.822853, 15.4096 ], [ 108.824997, 15.406389 ], [ 108.824028, 15.402879 ], [ 108.827301, 15.400431 ], [ 108.82917, 15.39722 ], [ 108.832222, 15.398888 ], [ 108.83197, 15.394216 ], [ 108.833252, 15.391959 ], [ 108.828117, 15.38308 ], [ 108.827782, 15.379228 ], [ 108.830536, 15.372801 ], [ 108.834328, 15.368149 ], [ 108.842781, 15.35607 ], [ 108.849297, 15.349875 ], [ 108.854141, 15.34884 ], [ 108.85675, 15.346741 ], [ 108.859726, 15.34722 ], [ 108.862679, 15.351261 ], [ 108.866043, 15.353761 ], [ 108.872498, 15.35083 ], [ 108.870598, 15.3481 ], [ 108.865234, 15.344954 ], [ 108.863327, 15.3425 ], [ 108.863892, 15.338334 ], [ 108.86689, 15.333119 ], [ 108.870659, 15.33061 ], [ 108.874313, 15.330252 ], [ 108.877953, 15.328451 ], [ 108.881927, 15.32937 ], [ 108.883713, 15.324832 ], [ 108.880081, 15.324171 ], [ 108.881294, 15.321416 ], [ 108.880661, 15.316691 ], [ 108.87603, 15.314341 ], [ 108.874908, 15.31071 ], [ 108.872162, 15.307561 ], [ 108.87178, 15.304682 ], [ 108.869156, 15.301181 ], [ 108.872116, 15.292894 ], [ 108.875359, 15.29002 ], [ 108.876411, 15.286052 ], [ 108.879372, 15.283176 ], [ 108.880569, 15.280165 ], [ 108.883247, 15.27741 ], [ 108.890274, 15.267019 ], [ 108.901817, 15.253873 ], [ 108.909988, 15.24785 ], [ 108.919968, 15.244221 ], [ 108.92308, 15.244823 ], [ 108.927055, 15.248741 ], [ 108.931473, 15.2462 ], [ 108.935661, 15.248271 ], [ 108.937302, 15.244921 ], [ 108.941673, 15.243291 ], [ 108.94104, 15.238701 ], [ 108.943138, 15.236012 ], [ 108.941788, 15.230922 ], [ 108.941711, 15.226882 ], [ 108.9366, 15.224201 ], [ 108.93779, 15.22269 ], [ 108.935638, 15.216409 ], [ 108.930077, 15.211071 ], [ 108.926048, 15.210351 ], [ 108.92308, 15.213551 ], [ 108.919281, 15.214232 ], [ 108.915321, 15.212726 ], [ 108.912773, 15.217781 ], [ 108.911392, 15.218061 ], [ 108.903816, 15.215746 ], [ 108.899879, 15.209309 ], [ 108.894928, 15.20938 ], [ 108.891548, 15.206317 ], [ 108.891365, 15.196656 ], [ 108.896172, 15.201569 ], [ 108.893059, 15.205002 ], [ 108.895332, 15.208231 ], [ 108.899261, 15.20765 ], [ 108.902573, 15.21013 ], [ 108.903526, 15.213034 ], [ 108.907043, 15.215361 ], [ 108.911682, 15.216179 ], [ 108.912819, 15.213856 ], [ 108.917534, 15.209216 ], [ 108.918167, 15.205861 ], [ 108.921265, 15.205914 ], [ 108.921913, 15.202331 ], [ 108.918022, 15.200068 ], [ 108.915947, 15.201371 ], [ 108.915016, 15.205241 ], [ 108.908043, 15.205861 ], [ 108.902802, 15.203238 ], [ 108.899803, 15.200852 ], [ 108.895988, 15.195101 ], [ 108.894859, 15.191272 ], [ 108.894005, 15.177545 ], [ 108.894806, 15.165621 ], [ 108.898438, 15.149076 ], [ 108.892212, 15.149781 ], [ 108.891136, 15.139901 ], [ 108.894997, 15.138891 ], [ 108.890556, 15.130834 ], [ 108.890266, 15.126673 ], [ 108.888847, 15.12507 ], [ 108.882019, 15.126294 ], [ 108.878662, 15.123001 ], [ 108.877716, 15.119621 ], [ 108.879677, 15.118645 ], [ 108.882797, 15.12507 ], [ 108.888657, 15.1218 ], [ 108.889328, 15.115491 ], [ 108.893158, 15.110352 ], [ 108.891037, 15.10898 ], [ 108.890358, 15.099585 ], [ 108.893158, 15.09695 ], [ 108.896317, 15.0985 ], [ 108.897049, 15.094785 ], [ 108.891899, 15.095218 ], [ 108.883339, 15.094901 ], [ 108.880737, 15.093151 ], [ 108.881004, 15.089078 ], [ 108.88282, 15.0871 ], [ 108.887421, 15.085056 ], [ 108.889282, 15.088123 ], [ 108.894966, 15.089555 ], [ 108.895813, 15.085919 ], [ 108.890762, 15.083845 ], [ 108.890312, 15.080126 ], [ 108.894371, 15.0816 ], [ 108.895279, 15.079 ], [ 108.901611, 15.087496 ], [ 108.902817, 15.084971 ], [ 108.903137, 15.079841 ], [ 108.906204, 15.067928 ], [ 108.909157, 15.052781 ], [ 108.910278, 15.050271 ], [ 108.913055, 15.039999 ], [ 108.915283, 15.028891 ], [ 108.91861, 15.020278 ], [ 108.923141, 15.005046 ], [ 108.925926, 14.998211 ], [ 108.927017, 14.99392 ], [ 108.936386, 14.967081 ], [ 108.938889, 14.961251 ], [ 108.940117, 14.956191 ], [ 108.944817, 14.94438 ], [ 108.952316, 14.926592 ], [ 108.954033, 14.921382 ], [ 108.957626, 14.914471 ], [ 108.972488, 14.880891 ], [ 108.976563, 14.873992 ], [ 108.986877, 14.853131 ], [ 108.994873, 14.83779 ], [ 108.996658, 14.835812 ], [ 109.00045, 14.828819 ], [ 109.002037, 14.82197 ], [ 109.004936, 14.816291 ], [ 109.012123, 14.80489 ], [ 109.01281, 14.80229 ], [ 109.016182, 14.798251 ], [ 109.01992, 14.79194 ], [ 109.020477, 14.789308 ], [ 109.025696, 14.782391 ], [ 109.040352, 14.75874 ], [ 109.042572, 14.753571 ], [ 109.048264, 14.746597 ], [ 109.046661, 14.743611 ], [ 109.050278, 14.735281 ], [ 109.054138, 14.737645 ], [ 109.056633, 14.73315 ], [ 109.061508, 14.726862 ], [ 109.07, 14.713978 ], [ 109.073219, 14.710692 ], [ 109.07309, 14.708171 ], [ 109.076256, 14.706172 ], [ 109.078178, 14.701117 ], [ 109.077766, 14.69722 ], [ 109.073807, 14.694952 ], [ 109.076668, 14.68444 ], [ 109.079979, 14.678959 ], [ 109.081978, 14.679224 ], [ 109.084023, 14.670392 ], [ 109.082901, 14.667381 ], [ 109.076996, 14.66455 ], [ 109.073486, 14.666091 ], [ 109.074829, 14.66961 ], [ 109.072792, 14.674631 ], [ 109.073891, 14.680908 ], [ 109.073891, 14.68591 ], [ 109.071587, 14.693821 ], [ 109.067657, 14.697208 ], [ 109.065292, 14.697844 ], [ 109.061592, 14.695291 ], [ 109.060379, 14.69286 ], [ 109.060989, 14.68834 ], [ 109.062408, 14.68625 ], [ 109.063927, 14.680331 ], [ 109.066948, 14.679723 ], [ 109.07, 14.673888 ], [ 109.069298, 14.665161 ], [ 109.066551, 14.662021 ], [ 109.06469, 14.655571 ], [ 109.064957, 14.649891 ], [ 109.06662, 14.646352 ], [ 109.066765, 14.640332 ], [ 109.068123, 14.636221 ], [ 109.071075, 14.63238 ], [ 109.069832, 14.62993 ], [ 109.071228, 14.621865 ], [ 109.073364, 14.620233 ], [ 109.07058, 14.616511 ], [ 109.072273, 14.60932 ], [ 109.074265, 14.606371 ], [ 109.07309, 14.601874 ], [ 109.073692, 14.598437 ], [ 109.076866, 14.59206 ], [ 109.080124, 14.58324 ], [ 109.082077, 14.58174 ], [ 109.081146, 14.577951 ], [ 109.07962, 14.578463 ], [ 109.074936, 14.576371 ], [ 109.067497, 14.58084 ], [ 109.064796, 14.578121 ], [ 109.063469, 14.57145 ], [ 109.068077, 14.577898 ], [ 109.070557, 14.577171 ], [ 109.06781, 14.572282 ], [ 109.066963, 14.568622 ], [ 109.068367, 14.564681 ], [ 109.068886, 14.557611 ], [ 109.070236, 14.551261 ], [ 109.071983, 14.54926 ], [ 109.077248, 14.53221 ], [ 109.080315, 14.52736 ], [ 109.0821, 14.521179 ], [ 109.085548, 14.514321 ], [ 109.083771, 14.51101 ], [ 109.086449, 14.503033 ], [ 109.089737, 14.49563 ], [ 109.092018, 14.492704 ], [ 109.093277, 14.488932 ], [ 109.092705, 14.484711 ], [ 109.090607, 14.480079 ], [ 109.092606, 14.477515 ], [ 109.099953, 14.478461 ], [ 109.102516, 14.47429 ], [ 109.100685, 14.46751 ], [ 109.10305, 14.463654 ], [ 109.108047, 14.46073 ], [ 109.110558, 14.456666 ], [ 109.113266, 14.458681 ], [ 109.108116, 14.464 ], [ 109.103592, 14.464691 ], [ 109.103493, 14.46808 ], [ 109.10714, 14.469051 ], [ 109.104202, 14.472438 ], [ 109.10154, 14.47799 ], [ 109.10186, 14.482571 ], [ 109.107529, 14.471948 ], [ 109.11747, 14.454845 ], [ 109.120987, 14.45154 ], [ 109.121185, 14.446916 ], [ 109.124657, 14.445106 ], [ 109.122368, 14.439944 ], [ 109.117874, 14.434932 ], [ 109.119087, 14.429989 ], [ 109.115921, 14.428111 ], [ 109.115608, 14.4219 ], [ 109.116478, 14.416628 ], [ 109.118599, 14.414967 ], [ 109.126801, 14.395501 ], [ 109.128609, 14.395141 ], [ 109.126137, 14.390081 ], [ 109.123672, 14.38859 ], [ 109.124283, 14.385083 ], [ 109.12178, 14.380629 ], [ 109.122185, 14.374207 ], [ 109.126007, 14.366307 ], [ 109.12674, 14.362884 ], [ 109.131836, 14.355053 ], [ 109.13607, 14.346575 ], [ 109.140808, 14.339831 ], [ 109.14151, 14.337643 ], [ 109.145142, 14.333679 ], [ 109.14959, 14.325987 ], [ 109.153725, 14.321433 ], [ 109.157051, 14.314651 ], [ 109.160309, 14.311681 ], [ 109.164276, 14.305892 ], [ 109.1726, 14.29495 ], [ 109.174278, 14.291652 ], [ 109.17865, 14.286282 ], [ 109.180962, 14.28463 ], [ 109.18222, 14.281681 ], [ 109.186668, 14.281389 ], [ 109.184143, 14.27818 ], [ 109.18087, 14.278191 ], [ 109.178307, 14.274 ], [ 109.179863, 14.267427 ], [ 109.183617, 14.260407 ], [ 109.189507, 14.25302 ], [ 109.194107, 14.248861 ], [ 109.19471, 14.243444 ], [ 109.198196, 14.235633 ], [ 109.197372, 14.230835 ], [ 109.194229, 14.226576 ], [ 109.191605, 14.227043 ], [ 109.189178, 14.229404 ], [ 109.184669, 14.22829 ], [ 109.181038, 14.222293 ], [ 109.181465, 14.213585 ], [ 109.183777, 14.202351 ], [ 109.185799, 14.199124 ], [ 109.182503, 14.196111 ], [ 109.183891, 14.1925 ], [ 109.186943, 14.189166 ], [ 109.186943, 14.18611 ], [ 109.189163, 14.184168 ], [ 109.190002, 14.178611 ], [ 109.198891, 14.170001 ], [ 109.197502, 14.16694 ], [ 109.199997, 14.165 ], [ 109.201942, 14.157778 ], [ 109.201668, 14.156112 ], [ 109.207497, 14.152499 ], [ 109.203331, 14.150001 ], [ 109.205276, 14.148062 ], [ 109.20472, 14.142781 ], [ 109.207779, 14.140279 ], [ 109.211388, 14.139171 ], [ 109.217216, 14.142501 ], [ 109.218819, 14.13972 ], [ 109.222008, 14.137651 ], [ 109.226387, 14.139444 ], [ 109.22805, 14.137503 ], [ 109.225555, 14.13361 ], [ 109.225563, 14.131078 ], [ 109.221901, 14.126782 ], [ 109.215477, 14.125961 ], [ 109.209023, 14.128917 ], [ 109.203697, 14.12845 ], [ 109.199303, 14.136306 ], [ 109.194923, 14.146931 ], [ 109.189461, 14.153919 ], [ 109.186897, 14.15892 ], [ 109.182877, 14.164171 ], [ 109.181801, 14.166821 ], [ 109.174545, 14.175001 ], [ 109.165558, 14.171111 ], [ 109.161942, 14.165278 ], [ 109.16111, 14.160556 ], [ 109.162498, 14.155002 ], [ 109.166389, 14.15306 ], [ 109.168892, 14.147221 ], [ 109.171387, 14.145559 ], [ 109.170738, 14.128621 ], [ 109.174263, 14.12473 ], [ 109.178047, 14.123611 ], [ 109.183052, 14.123611 ], [ 109.184723, 14.122501 ], [ 109.190002, 14.125002 ], [ 109.190834, 14.122501 ], [ 109.193886, 14.124167 ], [ 109.195557, 14.127221 ], [ 109.206039, 14.12489 ], [ 109.204948, 14.120432 ], [ 109.205276, 14.108651 ], [ 109.212578, 14.088132 ], [ 109.215828, 14.081001 ], [ 109.218475, 14.076994 ], [ 109.224007, 14.060842 ], [ 109.225922, 14.060361 ], [ 109.231392, 14.051101 ], [ 109.234169, 14.043611 ], [ 109.24028, 14.034445 ], [ 109.241943, 14.032779 ], [ 109.245834, 14.024444 ], [ 109.24778, 14.022778 ], [ 109.250481, 14.023721 ], [ 109.252289, 14.021581 ], [ 109.253311, 14.015601 ], [ 109.249535, 14.010327 ], [ 109.246323, 14.009454 ], [ 109.246742, 14.003542 ], [ 109.249725, 14.0 ], [ 109.249771, 13.996941 ], [ 109.25174, 13.994539 ], [ 109.255501, 13.993352 ], [ 109.25737, 13.989491 ], [ 109.254669, 13.984411 ], [ 109.249313, 13.98483 ], [ 109.248535, 13.978159 ], [ 109.254005, 13.965852 ], [ 109.25737, 13.9619 ], [ 109.252907, 13.958451 ], [ 109.246742, 13.958021 ], [ 109.242325, 13.953371 ], [ 109.242287, 13.94768 ], [ 109.247261, 13.93306 ], [ 109.251373, 13.92588 ], [ 109.253967, 13.920201 ], [ 109.260445, 13.909664 ], [ 109.26902, 13.898339 ], [ 109.27639, 13.890955 ], [ 109.279427, 13.888801 ], [ 109.285202, 13.886301 ], [ 109.290565, 13.888092 ], [ 109.290001, 13.891666 ], [ 109.292503, 13.894166 ], [ 109.293068, 13.88631 ], [ 109.296478, 13.885414 ], [ 109.29821, 13.879539 ], [ 109.292801, 13.875436 ], [ 109.292183, 13.868337 ], [ 109.293884, 13.863605 ], [ 109.294807, 13.85489 ], [ 109.292274, 13.851555 ], [ 109.298759, 13.84397 ], [ 109.299393, 13.841411 ], [ 109.29834, 13.837646 ], [ 109.296219, 13.835011 ], [ 109.298256, 13.833092 ], [ 109.299538, 13.8293 ], [ 109.298203, 13.824203 ], [ 109.29599, 13.821291 ], [ 109.293098, 13.820156 ], [ 109.290329, 13.81727 ], [ 109.288483, 13.810606 ], [ 109.286217, 13.80881 ], [ 109.285789, 13.804466 ], [ 109.286568, 13.799071 ], [ 109.289673, 13.793891 ], [ 109.291313, 13.78627 ], [ 109.293907, 13.781465 ], [ 109.293381, 13.7735 ], [ 109.291458, 13.76929 ], [ 109.292717, 13.766931 ], [ 109.290916, 13.765172 ], [ 109.288803, 13.759551 ], [ 109.289558, 13.756121 ], [ 109.28788, 13.753546 ], [ 109.284576, 13.756584 ], [ 109.281723, 13.76212 ], [ 109.274628, 13.76134 ], [ 109.267166, 13.75652 ], [ 109.262283, 13.757206 ], [ 109.259277, 13.756632 ], [ 109.250557, 13.760556 ], [ 109.251526, 13.762851 ], [ 109.257774, 13.765475 ], [ 109.260628, 13.772009 ], [ 109.2575, 13.772761 ], [ 109.253441, 13.77628 ], [ 109.253891, 13.78291 ], [ 109.256889, 13.785011 ], [ 109.261673, 13.794171 ], [ 109.264366, 13.792412 ], [ 109.268883, 13.79199 ], [ 109.272377, 13.79307 ], [ 109.27623, 13.790698 ], [ 109.279587, 13.7931 ], [ 109.279961, 13.79795 ], [ 109.27861, 13.80463 ], [ 109.279442, 13.808332 ], [ 109.278336, 13.815784 ], [ 109.276138, 13.812507 ], [ 109.275757, 13.808471 ], [ 109.273163, 13.80757 ], [ 109.272018, 13.802695 ], [ 109.269279, 13.7988 ], [ 109.26387, 13.80228 ], [ 109.259407, 13.810248 ], [ 109.257782, 13.811062 ], [ 109.253647, 13.80974 ], [ 109.251976, 13.81193 ], [ 109.252579, 13.816242 ], [ 109.257202, 13.819098 ], [ 109.258362, 13.82475 ], [ 109.257111, 13.833641 ], [ 109.257179, 13.83732 ], [ 109.254913, 13.844401 ], [ 109.254723, 13.850833 ], [ 109.253326, 13.85832 ], [ 109.251526, 13.862222 ], [ 109.249443, 13.862778 ], [ 109.248886, 13.866944 ], [ 109.244164, 13.873889 ], [ 109.239723, 13.877781 ], [ 109.237221, 13.88306 ], [ 109.233063, 13.883331 ], [ 109.231667, 13.88639 ], [ 109.233887, 13.88889 ], [ 109.234032, 13.903454 ], [ 109.231667, 13.90362 ], [ 109.228607, 13.907221 ], [ 109.225281, 13.904721 ], [ 109.229721, 13.903611 ], [ 109.23027, 13.900281 ], [ 109.232498, 13.896944 ], [ 109.230553, 13.88639 ], [ 109.228889, 13.88417 ], [ 109.229164, 13.876945 ], [ 109.227783, 13.86833 ], [ 109.226669, 13.865556 ], [ 109.227776, 13.860834 ], [ 109.223892, 13.857221 ], [ 109.228333, 13.855282 ], [ 109.228058, 13.849723 ], [ 109.223335, 13.850001 ], [ 109.2211, 13.84694 ], [ 109.223343, 13.845001 ], [ 109.222221, 13.84111 ], [ 109.225281, 13.83889 ], [ 109.224167, 13.836112 ], [ 109.218887, 13.833612 ], [ 109.222778, 13.830833 ], [ 109.22361, 13.82667 ], [ 109.226387, 13.821667 ], [ 109.22361, 13.819171 ], [ 109.225563, 13.816671 ], [ 109.226112, 13.8125 ], [ 109.227783, 13.808612 ], [ 109.229721, 13.800833 ], [ 109.227501, 13.796667 ], [ 109.228615, 13.793889 ], [ 109.225281, 13.791391 ], [ 109.223892, 13.78583 ], [ 109.229164, 13.782714 ], [ 109.23027, 13.778609 ], [ 109.236282, 13.777176 ], [ 109.237503, 13.78139 ], [ 109.243729, 13.781602 ], [ 109.247078, 13.778211 ], [ 109.243752, 13.77522 ], [ 109.247543, 13.77264 ], [ 109.250389, 13.773342 ], [ 109.252037, 13.770297 ], [ 109.249573, 13.76952 ], [ 109.244507, 13.771416 ], [ 109.236153, 13.769962 ], [ 109.231529, 13.76756 ], [ 109.225708, 13.763362 ], [ 109.219482, 13.756835 ], [ 109.215302, 13.748192 ], [ 109.21508, 13.74494 ], [ 109.21917, 13.73756 ], [ 109.219429, 13.729157 ], [ 109.218147, 13.726331 ], [ 109.217941, 13.715361 ], [ 109.222786, 13.712359 ], [ 109.222023, 13.708321 ], [ 109.223587, 13.706511 ], [ 109.22699, 13.691781 ], [ 109.228745, 13.688413 ], [ 109.231613, 13.688855 ], [ 109.231712, 13.684932 ], [ 109.233849, 13.681662 ], [ 109.234627, 13.67043 ], [ 109.23259, 13.669666 ], [ 109.231361, 13.665596 ], [ 109.2314, 13.660687 ], [ 109.233559, 13.656616 ], [ 109.232979, 13.653138 ], [ 109.229088, 13.652161 ], [ 109.230209, 13.64608 ], [ 109.226768, 13.645111 ], [ 109.225388, 13.64286 ], [ 109.227501, 13.635831 ], [ 109.233887, 13.622222 ], [ 109.235558, 13.620556 ], [ 109.24144, 13.610101 ], [ 109.248383, 13.60018 ], [ 109.256172, 13.590932 ], [ 109.266197, 13.581724 ], [ 109.273972, 13.576042 ], [ 109.279083, 13.57289 ], [ 109.284645, 13.571992 ], [ 109.287888, 13.57287 ], [ 109.288307, 13.57547 ], [ 109.296326, 13.572131 ], [ 109.29882, 13.567511 ], [ 109.297249, 13.566711 ], [ 109.291687, 13.569027 ], [ 109.289154, 13.564523 ], [ 109.290207, 13.5619 ], [ 109.286026, 13.556312 ], [ 109.280716, 13.556831 ], [ 109.278709, 13.552501 ], [ 109.280403, 13.5507 ], [ 109.278824, 13.547457 ], [ 109.276588, 13.546771 ], [ 109.277222, 13.540741 ], [ 109.279503, 13.53339 ], [ 109.285179, 13.532301 ], [ 109.286957, 13.53025 ], [ 109.281891, 13.52558 ], [ 109.274307, 13.529172 ], [ 109.272629, 13.531551 ], [ 109.268608, 13.533062 ], [ 109.274445, 13.536328 ], [ 109.275497, 13.540524 ], [ 109.273659, 13.54348 ], [ 109.270546, 13.545522 ], [ 109.274178, 13.547259 ], [ 109.272049, 13.55638 ], [ 109.26693, 13.560462 ], [ 109.262062, 13.560109 ], [ 109.258354, 13.5677 ], [ 109.254654, 13.570176 ], [ 109.249008, 13.570321 ], [ 109.246353, 13.573642 ], [ 109.244118, 13.58527 ], [ 109.24276, 13.588561 ], [ 109.23745, 13.595611 ], [ 109.233849, 13.595902 ], [ 109.231003, 13.600632 ], [ 109.230103, 13.607068 ], [ 109.226494, 13.612779 ], [ 109.224442, 13.6232 ], [ 109.224632, 13.62946 ], [ 109.222046, 13.638322 ], [ 109.215279, 13.634167 ], [ 109.213058, 13.630833 ], [ 109.210831, 13.635001 ], [ 109.213737, 13.639081 ], [ 109.21402, 13.642581 ], [ 109.212273, 13.644302 ], [ 109.209747, 13.64946 ], [ 109.207481, 13.649378 ], [ 109.204063, 13.646021 ], [ 109.206062, 13.63824 ], [ 109.20401, 13.63465 ], [ 109.202423, 13.629016 ], [ 109.200409, 13.62559 ], [ 109.202148, 13.621807 ], [ 109.206673, 13.621673 ], [ 109.210846, 13.619979 ], [ 109.216766, 13.61595 ], [ 109.218903, 13.61104 ], [ 109.222687, 13.60916 ], [ 109.225868, 13.602961 ], [ 109.229942, 13.598241 ], [ 109.232742, 13.5934 ], [ 109.239029, 13.589931 ], [ 109.24028, 13.588055 ], [ 109.241386, 13.581667 ], [ 109.241112, 13.572781 ], [ 109.244278, 13.571265 ], [ 109.246918, 13.56724 ], [ 109.245186, 13.564621 ], [ 109.246689, 13.561772 ], [ 109.243797, 13.558151 ], [ 109.245453, 13.55504 ], [ 109.2491, 13.555402 ], [ 109.255005, 13.554561 ], [ 109.261093, 13.555441 ], [ 109.267502, 13.555562 ], [ 109.266808, 13.552722 ], [ 109.260559, 13.552223 ], [ 109.254723, 13.548332 ], [ 109.252075, 13.543788 ], [ 109.253548, 13.540602 ], [ 109.253334, 13.537222 ], [ 109.24971, 13.533821 ], [ 109.249123, 13.528871 ], [ 109.24736, 13.526599 ], [ 109.248901, 13.52344 ], [ 109.253754, 13.52256 ], [ 109.256187, 13.520632 ], [ 109.266251, 13.518731 ], [ 109.270683, 13.516411 ], [ 109.277199, 13.51177 ], [ 109.28669, 13.509498 ], [ 109.289063, 13.51031 ], [ 109.294983, 13.514451 ], [ 109.293556, 13.521842 ], [ 109.290611, 13.52439 ], [ 109.29129, 13.527879 ], [ 109.293999, 13.527882 ], [ 109.299469, 13.522749 ], [ 109.302132, 13.51931 ], [ 109.300941, 13.51436 ], [ 109.301613, 13.508981 ], [ 109.296013, 13.512172 ], [ 109.291237, 13.50886 ], [ 109.289551, 13.506631 ], [ 109.28756, 13.501011 ], [ 109.287827, 13.496669 ], [ 109.290627, 13.487356 ], [ 109.29258, 13.48304 ], [ 109.29895, 13.472464 ], [ 109.302986, 13.46838 ], [ 109.308067, 13.465066 ], [ 109.315163, 13.464531 ], [ 109.319199, 13.46699 ], [ 109.31842, 13.470381 ], [ 109.320503, 13.472009 ], [ 109.322403, 13.475801 ], [ 109.326706, 13.473249 ], [ 109.327431, 13.470846 ], [ 109.330276, 13.469201 ], [ 109.329498, 13.466894 ], [ 109.331123, 13.463211 ], [ 109.327225, 13.461427 ], [ 109.323547, 13.465349 ], [ 109.320129, 13.463849 ], [ 109.317085, 13.460134 ], [ 109.315605, 13.45538 ], [ 109.315956, 13.452114 ], [ 109.319893, 13.44527 ], [ 109.319702, 13.44326 ], [ 109.313347, 13.441391 ], [ 109.310669, 13.438122 ], [ 109.312538, 13.4317 ], [ 109.310722, 13.429211 ], [ 109.312187, 13.42708 ], [ 109.310661, 13.423921 ], [ 109.311394, 13.420193 ], [ 109.310661, 13.41671 ], [ 109.31205, 13.41436 ], [ 109.302643, 13.415251 ], [ 109.299286, 13.40975 ], [ 109.300056, 13.40569 ], [ 109.29789, 13.404391 ], [ 109.293396, 13.407479 ], [ 109.292702, 13.410021 ], [ 109.294342, 13.414091 ], [ 109.293022, 13.416218 ], [ 109.289383, 13.417321 ], [ 109.283562, 13.414189 ], [ 109.278618, 13.414253 ], [ 109.273033, 13.415251 ], [ 109.268631, 13.411764 ], [ 109.265068, 13.415673 ], [ 109.265274, 13.419723 ], [ 109.258781, 13.426 ], [ 109.258743, 13.427953 ], [ 109.262077, 13.43291 ], [ 109.265015, 13.435084 ], [ 109.272896, 13.433202 ], [ 109.276817, 13.435372 ], [ 109.277596, 13.439237 ], [ 109.280548, 13.44328 ], [ 109.282303, 13.442831 ], [ 109.283516, 13.44712 ], [ 109.289055, 13.445737 ], [ 109.292503, 13.44924 ], [ 109.29332, 13.45406 ], [ 109.290459, 13.459622 ], [ 109.287071, 13.462655 ], [ 109.283707, 13.46369 ], [ 109.281219, 13.46118 ], [ 109.277527, 13.46384 ], [ 109.274353, 13.471108 ], [ 109.270538, 13.473992 ], [ 109.269981, 13.476471 ], [ 109.266174, 13.479427 ], [ 109.262596, 13.480802 ], [ 109.259651, 13.48053 ], [ 109.252083, 13.482796 ], [ 109.246658, 13.49111 ], [ 109.243362, 13.492421 ], [ 109.242889, 13.48696 ], [ 109.238602, 13.487559 ], [ 109.232277, 13.484298 ], [ 109.229263, 13.480398 ], [ 109.232239, 13.477622 ], [ 109.23391, 13.47158 ], [ 109.228371, 13.465707 ], [ 109.226227, 13.462461 ], [ 109.223381, 13.452107 ], [ 109.221001, 13.450801 ], [ 109.219719, 13.447221 ], [ 109.222275, 13.446125 ], [ 109.221779, 13.441521 ], [ 109.227493, 13.43575 ], [ 109.227821, 13.43237 ], [ 109.22995, 13.430868 ], [ 109.236763, 13.431381 ], [ 109.238586, 13.428361 ], [ 109.234177, 13.425831 ], [ 109.232468, 13.423511 ], [ 109.227371, 13.425801 ], [ 109.225517, 13.42135 ], [ 109.223221, 13.419212 ], [ 109.219933, 13.418531 ], [ 109.219925, 13.415258 ], [ 109.227768, 13.414422 ], [ 109.231087, 13.412981 ], [ 109.229767, 13.408519 ], [ 109.229973, 13.405711 ], [ 109.227547, 13.400571 ], [ 109.226891, 13.396692 ], [ 109.221489, 13.396485 ], [ 109.219589, 13.399771 ], [ 109.215851, 13.400371 ], [ 109.214317, 13.397732 ], [ 109.215576, 13.39504 ], [ 109.223351, 13.38921 ], [ 109.225578, 13.389034 ], [ 109.231674, 13.392266 ], [ 109.235123, 13.392601 ], [ 109.236305, 13.390179 ], [ 109.242157, 13.390249 ], [ 109.244492, 13.386069 ], [ 109.246155, 13.376155 ], [ 109.249489, 13.366471 ], [ 109.255157, 13.360408 ], [ 109.258896, 13.3582 ], [ 109.264702, 13.356753 ], [ 109.270271, 13.360021 ], [ 109.269371, 13.364351 ], [ 109.275772, 13.366104 ], [ 109.279839, 13.364233 ], [ 109.283997, 13.36421 ], [ 109.287788, 13.365796 ], [ 109.291725, 13.365799 ], [ 109.296913, 13.35675 ], [ 109.293976, 13.35348 ], [ 109.290871, 13.35209 ], [ 109.292656, 13.34607 ], [ 109.299011, 13.34068 ], [ 109.298157, 13.33738 ], [ 109.299614, 13.33596 ], [ 109.297653, 13.332851 ], [ 109.294151, 13.333191 ], [ 109.291916, 13.33568 ], [ 109.286057, 13.337854 ], [ 109.282196, 13.335721 ], [ 109.279816, 13.331582 ], [ 109.279297, 13.322475 ], [ 109.280136, 13.314393 ], [ 109.281418, 13.312852 ], [ 109.283867, 13.305301 ], [ 109.285622, 13.302951 ], [ 109.289108, 13.29562 ], [ 109.289032, 13.292761 ], [ 109.29142, 13.289539 ], [ 109.291588, 13.286341 ], [ 109.289467, 13.28352 ], [ 109.285652, 13.28522 ], [ 109.284691, 13.288231 ], [ 109.282051, 13.291061 ], [ 109.276352, 13.305381 ], [ 109.269043, 13.309718 ], [ 109.270233, 13.313431 ], [ 109.26799, 13.315767 ], [ 109.262703, 13.31445 ], [ 109.259659, 13.310272 ], [ 109.259476, 13.308326 ], [ 109.263588, 13.30627 ], [ 109.267982, 13.295312 ], [ 109.264442, 13.291476 ], [ 109.257088, 13.289261 ], [ 109.25341, 13.290357 ], [ 109.250671, 13.287802 ], [ 109.256302, 13.285284 ], [ 109.255898, 13.281291 ], [ 109.2584, 13.276511 ], [ 109.260872, 13.275294 ], [ 109.25766, 13.271219 ], [ 109.25724, 13.267711 ], [ 109.261589, 13.26731 ], [ 109.264053, 13.269501 ], [ 109.265129, 13.265129 ], [ 109.262749, 13.262697 ], [ 109.262077, 13.259741 ], [ 109.264168, 13.256412 ], [ 109.262283, 13.254103 ], [ 109.264534, 13.249932 ], [ 109.268311, 13.246862 ], [ 109.271538, 13.246253 ], [ 109.269798, 13.24278 ], [ 109.270485, 13.240038 ], [ 109.274887, 13.240211 ], [ 109.274979, 13.246283 ], [ 109.277229, 13.249401 ], [ 109.280846, 13.247117 ], [ 109.279236, 13.24038 ], [ 109.283783, 13.23375 ], [ 109.285507, 13.242254 ], [ 109.28508, 13.244929 ], [ 109.286491, 13.24789 ], [ 109.285507, 13.25325 ], [ 109.281883, 13.25895 ], [ 109.281952, 13.262522 ], [ 109.28019, 13.266654 ], [ 109.27755, 13.27023 ], [ 109.277786, 13.273279 ], [ 109.276428, 13.276001 ], [ 109.278282, 13.278464 ], [ 109.277588, 13.2814 ], [ 109.279587, 13.282448 ], [ 109.283134, 13.279805 ], [ 109.285446, 13.279871 ], [ 109.290367, 13.28235 ], [ 109.294243, 13.28597 ], [ 109.295227, 13.289543 ], [ 109.299995, 13.28339 ], [ 109.302376, 13.281913 ], [ 109.305183, 13.278063 ], [ 109.30938, 13.276575 ], [ 109.309418, 13.273232 ], [ 109.312141, 13.270282 ], [ 109.315231, 13.257802 ], [ 109.31768, 13.2554 ], [ 109.30864, 13.250529 ], [ 109.303467, 13.25036 ], [ 109.30175, 13.245777 ], [ 109.302292, 13.239161 ], [ 109.305786, 13.230981 ], [ 109.30748, 13.230302 ], [ 109.305382, 13.226231 ], [ 109.302071, 13.226341 ], [ 109.297226, 13.222521 ], [ 109.2976, 13.219581 ], [ 109.293678, 13.21747 ], [ 109.29348, 13.210651 ], [ 109.294395, 13.204946 ], [ 109.296074, 13.200616 ], [ 109.295166, 13.196628 ], [ 109.30101, 13.193681 ], [ 109.302391, 13.19087 ], [ 109.305283, 13.18886 ], [ 109.305443, 13.18659 ], [ 109.301331, 13.186921 ], [ 109.296486, 13.178351 ], [ 109.293434, 13.169843 ], [ 109.292038, 13.157611 ], [ 109.294212, 13.143029 ], [ 109.295891, 13.138072 ], [ 109.301941, 13.125001 ], [ 109.309357, 13.11526 ], [ 109.311897, 13.11021 ], [ 109.3134, 13.109305 ], [ 109.318916, 13.101353 ], [ 109.320709, 13.099839 ], [ 109.323997, 13.093968 ], [ 109.326118, 13.092535 ], [ 109.332001, 13.08583 ], [ 109.334564, 13.082039 ], [ 109.33548, 13.077452 ], [ 109.339027, 13.068814 ], [ 109.345184, 13.060226 ], [ 109.35022, 13.049279 ], [ 109.352547, 13.04705 ], [ 109.35302, 13.043711 ], [ 109.356598, 13.039565 ], [ 109.357147, 13.03725 ], [ 109.361778, 13.030572 ], [ 109.362801, 13.027532 ], [ 109.36541, 13.025116 ], [ 109.369881, 13.018331 ], [ 109.370613, 13.015666 ], [ 109.37397, 13.012416 ], [ 109.376717, 13.006789 ], [ 109.380287, 13.003471 ], [ 109.387985, 12.992969 ], [ 109.398376, 12.98098 ], [ 109.397423, 12.980429 ], [ 109.391891, 12.987581 ], [ 109.391228, 12.985972 ], [ 109.397896, 12.976411 ], [ 109.405617, 12.966262 ], [ 109.40947, 12.962626 ], [ 109.414558, 12.95632 ], [ 109.415909, 12.951454 ], [ 109.410553, 12.951112 ], [ 109.407501, 12.94943 ], [ 109.40361, 12.945556 ], [ 109.400002, 12.945 ], [ 109.396667, 12.941389 ], [ 109.404167, 12.941667 ], [ 109.406113, 12.94306 ], [ 109.417542, 12.945266 ], [ 109.423607, 12.94306 ], [ 109.426956, 12.94577 ], [ 109.422386, 12.950467 ], [ 109.421516, 12.953651 ], [ 109.415878, 12.95771 ], [ 109.412735, 12.961815 ], [ 109.406883, 12.967656 ], [ 109.400841, 12.975349 ], [ 109.401711, 12.976682 ], [ 109.405785, 12.97108 ], [ 109.414459, 12.962196 ], [ 109.421257, 12.955821 ], [ 109.426666, 12.948658 ], [ 109.432098, 12.94608 ], [ 109.431725, 12.941218 ], [ 109.430023, 12.937041 ], [ 109.434326, 12.929921 ], [ 109.439293, 12.92392 ], [ 109.442726, 12.918621 ], [ 109.445656, 12.916055 ], [ 109.448868, 12.91687 ], [ 109.456146, 12.912061 ], [ 109.453789, 12.908221 ], [ 109.453789, 12.904431 ], [ 109.45253, 12.90016 ], [ 109.453918, 12.897386 ], [ 109.458717, 12.897391 ], [ 109.458817, 12.894941 ], [ 109.454811, 12.889503 ], [ 109.458717, 12.88318 ], [ 109.45874, 12.880938 ], [ 109.45459, 12.8804 ], [ 109.452019, 12.87875 ], [ 109.451248, 12.871789 ], [ 109.453629, 12.866898 ], [ 109.453278, 12.860261 ], [ 109.450584, 12.858117 ], [ 109.43853, 12.85648 ], [ 109.432808, 12.852501 ], [ 109.431427, 12.849451 ], [ 109.428528, 12.84702 ], [ 109.421181, 12.847551 ], [ 109.419876, 12.850087 ], [ 109.424507, 12.856731 ], [ 109.430321, 12.862577 ], [ 109.434685, 12.864179 ], [ 109.43824, 12.870891 ], [ 109.436981, 12.875051 ], [ 109.437958, 12.877943 ], [ 109.436768, 12.881321 ], [ 109.428787, 12.88099 ], [ 109.425957, 12.87759 ], [ 109.419167, 12.87544 ], [ 109.42057, 12.872409 ], [ 109.414032, 12.871172 ], [ 109.410683, 12.869291 ], [ 109.401161, 12.8661 ], [ 109.403816, 12.859172 ], [ 109.400261, 12.853941 ], [ 109.393074, 12.851213 ], [ 109.391533, 12.84866 ], [ 109.390411, 12.843376 ], [ 109.386551, 12.84095 ], [ 109.375969, 12.83613 ], [ 109.37159, 12.83654 ], [ 109.367737, 12.835091 ], [ 109.36425, 12.835751 ], [ 109.360703, 12.831572 ], [ 109.358131, 12.825391 ], [ 109.357643, 12.81926 ], [ 109.361694, 12.817402 ], [ 109.362808, 12.81379 ], [ 109.360626, 12.812741 ], [ 109.359268, 12.804071 ], [ 109.360367, 12.79439 ], [ 109.363647, 12.781431 ], [ 109.365585, 12.777558 ], [ 109.369202, 12.766299 ], [ 109.372162, 12.760761 ], [ 109.377281, 12.747492 ], [ 109.381386, 12.738961 ], [ 109.391747, 12.72024 ], [ 109.394531, 12.71648 ], [ 109.399551, 12.707432 ], [ 109.404663, 12.70082 ], [ 109.409561, 12.700031 ], [ 109.41227, 12.702714 ], [ 109.416496, 12.704815 ], [ 109.417603, 12.70267 ], [ 109.414734, 12.699224 ], [ 109.414444, 12.696952 ], [ 109.411163, 12.69586 ], [ 109.410378, 12.693916 ], [ 109.411438, 12.690115 ], [ 109.413132, 12.68849 ], [ 109.419884, 12.676805 ], [ 109.426315, 12.668677 ], [ 109.430206, 12.667911 ], [ 109.43602, 12.668561 ], [ 109.439926, 12.67213 ], [ 109.440849, 12.66736 ], [ 109.44281, 12.664331 ], [ 109.446411, 12.66772 ], [ 109.451546, 12.668727 ], [ 109.454506, 12.667118 ], [ 109.45784, 12.660231 ], [ 109.459908, 12.658061 ], [ 109.457329, 12.653051 ], [ 109.461617, 12.649861 ], [ 109.456673, 12.647641 ], [ 109.455078, 12.650982 ], [ 109.452904, 12.649603 ], [ 109.445457, 12.647942 ], [ 109.437759, 12.647531 ], [ 109.435463, 12.643472 ], [ 109.433968, 12.635495 ], [ 109.437126, 12.63075 ], [ 109.433807, 12.62575 ], [ 109.435509, 12.623252 ], [ 109.43689, 12.615241 ], [ 109.435097, 12.612877 ], [ 109.433479, 12.607854 ], [ 109.436073, 12.606571 ], [ 109.4347, 12.603601 ], [ 109.432335, 12.603505 ], [ 109.430069, 12.601119 ], [ 109.430275, 12.596916 ], [ 109.432724, 12.595471 ], [ 109.437973, 12.597149 ], [ 109.436676, 12.590961 ], [ 109.438362, 12.588791 ], [ 109.43576, 12.585769 ], [ 109.440109, 12.58034 ], [ 109.440773, 12.576333 ], [ 109.439796, 12.573371 ], [ 109.440773, 12.56848 ], [ 109.439362, 12.566456 ], [ 109.432968, 12.562513 ], [ 109.430412, 12.569719 ], [ 109.426697, 12.57544 ], [ 109.425163, 12.5734 ], [ 109.421867, 12.575999 ], [ 109.415833, 12.576666 ], [ 109.414406, 12.580883 ], [ 109.41468, 12.583779 ], [ 109.411987, 12.58604 ], [ 109.414429, 12.590489 ], [ 109.413643, 12.595421 ], [ 109.41468, 12.598284 ], [ 109.414665, 12.603173 ], [ 109.410172, 12.604731 ], [ 109.407623, 12.602092 ], [ 109.405754, 12.602247 ], [ 109.403427, 12.607521 ], [ 109.399017, 12.60565 ], [ 109.396042, 12.618411 ], [ 109.389519, 12.62851 ], [ 109.393074, 12.632475 ], [ 109.400414, 12.633296 ], [ 109.401337, 12.63506 ], [ 109.407257, 12.634192 ], [ 109.409447, 12.636101 ], [ 109.409256, 12.641651 ], [ 109.410927, 12.64675 ], [ 109.413033, 12.65033 ], [ 109.409508, 12.654692 ], [ 109.407555, 12.663303 ], [ 109.407448, 12.668732 ], [ 109.403633, 12.668632 ], [ 109.401817, 12.673491 ], [ 109.397141, 12.6775 ], [ 109.396797, 12.68418 ], [ 109.393021, 12.683421 ], [ 109.391083, 12.679332 ], [ 109.391571, 12.676588 ], [ 109.394577, 12.67252 ], [ 109.393097, 12.66896 ], [ 109.389977, 12.671202 ], [ 109.380241, 12.669621 ], [ 109.375626, 12.671519 ], [ 109.374199, 12.674058 ], [ 109.368675, 12.672818 ], [ 109.366364, 12.666619 ], [ 109.368683, 12.66129 ], [ 109.370773, 12.659732 ], [ 109.370438, 12.656301 ], [ 109.368561, 12.654173 ], [ 109.366058, 12.65451 ], [ 109.364731, 12.652096 ], [ 109.368233, 12.646941 ], [ 109.365089, 12.64288 ], [ 109.36097, 12.645362 ], [ 109.361595, 12.649601 ], [ 109.359009, 12.652151 ], [ 109.355522, 12.651987 ], [ 109.352783, 12.661231 ], [ 109.351036, 12.66261 ], [ 109.344978, 12.660354 ], [ 109.341957, 12.657737 ], [ 109.338921, 12.65157 ], [ 109.337097, 12.65549 ], [ 109.334999, 12.656666 ], [ 109.333923, 12.659966 ], [ 109.334763, 12.662701 ], [ 109.338593, 12.664176 ], [ 109.343712, 12.667547 ], [ 109.347099, 12.675827 ], [ 109.346153, 12.677851 ], [ 109.349747, 12.687232 ], [ 109.354752, 12.694639 ], [ 109.356773, 12.694794 ], [ 109.358086, 12.688756 ], [ 109.360893, 12.687507 ], [ 109.368309, 12.68985 ], [ 109.370071, 12.69261 ], [ 109.371452, 12.697499 ], [ 109.370178, 12.700271 ], [ 109.373878, 12.704359 ], [ 109.377098, 12.705807 ], [ 109.379684, 12.712145 ], [ 109.378906, 12.71573 ], [ 109.374443, 12.717865 ], [ 109.371368, 12.726107 ], [ 109.369003, 12.72904 ], [ 109.367142, 12.734487 ], [ 109.363388, 12.740661 ], [ 109.361649, 12.745372 ], [ 109.361511, 12.749297 ], [ 109.359268, 12.75226 ], [ 109.356033, 12.75912 ], [ 109.3554, 12.765757 ], [ 109.35675, 12.776729 ], [ 109.356506, 12.780257 ], [ 109.357666, 12.784772 ], [ 109.35601, 12.785959 ], [ 109.355583, 12.792051 ], [ 109.354416, 12.793184 ], [ 109.355621, 12.797211 ], [ 109.349136, 12.80096 ], [ 109.344177, 12.800821 ], [ 109.336769, 12.797378 ], [ 109.333672, 12.797451 ], [ 109.328583, 12.793378 ], [ 109.326691, 12.784719 ], [ 109.329498, 12.780861 ], [ 109.330467, 12.777811 ], [ 109.323799, 12.773294 ], [ 109.323326, 12.769451 ], [ 109.318756, 12.76492 ], [ 109.312813, 12.765381 ], [ 109.308708, 12.762792 ], [ 109.307129, 12.760499 ], [ 109.302467, 12.762441 ], [ 109.298607, 12.758179 ], [ 109.292572, 12.753379 ], [ 109.292038, 12.747581 ], [ 109.287506, 12.74147 ], [ 109.284409, 12.740892 ], [ 109.276237, 12.735089 ], [ 109.269081, 12.727379 ], [ 109.268082, 12.725031 ], [ 109.268692, 12.720746 ], [ 109.264725, 12.716389 ], [ 109.25972, 12.716945 ], [ 109.258057, 12.715835 ], [ 109.25972, 12.710561 ], [ 109.255165, 12.702509 ], [ 109.25238, 12.701292 ], [ 109.248711, 12.703571 ], [ 109.243637, 12.70299 ], [ 109.231392, 12.696667 ], [ 109.22715, 12.692116 ], [ 109.224762, 12.686074 ], [ 109.216362, 12.674101 ], [ 109.212967, 12.67102 ], [ 109.210587, 12.66666 ], [ 109.210678, 12.661047 ], [ 109.209663, 12.659091 ], [ 109.211319, 12.65515 ], [ 109.210312, 12.649605 ], [ 109.204468, 12.649573 ], [ 109.195137, 12.64195 ], [ 109.192001, 12.634481 ], [ 109.190613, 12.62789 ], [ 109.190697, 12.62441 ], [ 109.192726, 12.620761 ], [ 109.196541, 12.617579 ], [ 109.196625, 12.612888 ], [ 109.200882, 12.615332 ], [ 109.202011, 12.61945 ], [ 109.205223, 12.616733 ], [ 109.202667, 12.612601 ], [ 109.201424, 12.60756 ], [ 109.19828, 12.609269 ], [ 109.197212, 12.605322 ], [ 109.196465, 12.59585 ], [ 109.197113, 12.589562 ], [ 109.196243, 12.584358 ], [ 109.191757, 12.576402 ], [ 109.19265, 12.572721 ], [ 109.195969, 12.571461 ], [ 109.199127, 12.567502 ], [ 109.201393, 12.560632 ], [ 109.198357, 12.557551 ], [ 109.201805, 12.55532 ], [ 109.201912, 12.549852 ], [ 109.195198, 12.549339 ], [ 109.192818, 12.546579 ], [ 109.193443, 12.54312 ], [ 109.198395, 12.54002 ], [ 109.199547, 12.537192 ], [ 109.204277, 12.5354 ], [ 109.206818, 12.53695 ], [ 109.211777, 12.537652 ], [ 109.214584, 12.540068 ], [ 109.215233, 12.544512 ], [ 109.214302, 12.54895 ], [ 109.214951, 12.554235 ], [ 109.211723, 12.56146 ], [ 109.211052, 12.564628 ], [ 109.212006, 12.569833 ], [ 109.215523, 12.574763 ], [ 109.218063, 12.573794 ], [ 109.221191, 12.570478 ], [ 109.234222, 12.575419 ], [ 109.232872, 12.580126 ], [ 109.229164, 12.581313 ], [ 109.223251, 12.573981 ], [ 109.220703, 12.579552 ], [ 109.221199, 12.582498 ], [ 109.223869, 12.586241 ], [ 109.227768, 12.586902 ], [ 109.229996, 12.591761 ], [ 109.232986, 12.59334 ], [ 109.23362, 12.587241 ], [ 109.23539, 12.586111 ], [ 109.238571, 12.588342 ], [ 109.242767, 12.586362 ], [ 109.244293, 12.583891 ], [ 109.245056, 12.57905 ], [ 109.241043, 12.575189 ], [ 109.235947, 12.57286 ], [ 109.233467, 12.56654 ], [ 109.231461, 12.55852 ], [ 109.229851, 12.54505 ], [ 109.229767, 12.53752 ], [ 109.230667, 12.532702 ], [ 109.233017, 12.528964 ], [ 109.233475, 12.524554 ], [ 109.238159, 12.520444 ], [ 109.237297, 12.51691 ], [ 109.238373, 12.511531 ], [ 109.239792, 12.508741 ], [ 109.243469, 12.507731 ], [ 109.249443, 12.507501 ], [ 109.253952, 12.50535 ], [ 109.258324, 12.500557 ], [ 109.264381, 12.497072 ], [ 109.26944, 12.49343 ], [ 109.274422, 12.487641 ], [ 109.278107, 12.48587 ], [ 109.281921, 12.48662 ], [ 109.288132, 12.484792 ], [ 109.293472, 12.478139 ], [ 109.29612, 12.472799 ], [ 109.293068, 12.471131 ], [ 109.294052, 12.467161 ], [ 109.292633, 12.460929 ], [ 109.290146, 12.46038 ], [ 109.286743, 12.456161 ], [ 109.288498, 12.452531 ], [ 109.288879, 12.448791 ], [ 109.284996, 12.443501 ], [ 109.28746, 12.43301 ], [ 109.289139, 12.428461 ], [ 109.294411, 12.422877 ], [ 109.297913, 12.425482 ], [ 109.300522, 12.422831 ], [ 109.302269, 12.419043 ], [ 109.307968, 12.416851 ], [ 109.314705, 12.417927 ], [ 109.321358, 12.41766 ], [ 109.322823, 12.415173 ], [ 109.326309, 12.413011 ], [ 109.327354, 12.4094 ], [ 109.32943, 12.407222 ], [ 109.333145, 12.406497 ], [ 109.336922, 12.408509 ], [ 109.34182, 12.400241 ], [ 109.341461, 12.396216 ], [ 109.339699, 12.394139 ], [ 109.336807, 12.387951 ], [ 109.330261, 12.388341 ], [ 109.325775, 12.384736 ], [ 109.327919, 12.380132 ], [ 109.330429, 12.377545 ], [ 109.328262, 12.372841 ], [ 109.320389, 12.376342 ], [ 109.318962, 12.380221 ], [ 109.319382, 12.383721 ], [ 109.314957, 12.385141 ], [ 109.313942, 12.388002 ], [ 109.309471, 12.388485 ], [ 109.302681, 12.382192 ], [ 109.301453, 12.371501 ], [ 109.301888, 12.367802 ], [ 109.299324, 12.3633 ], [ 109.299835, 12.357427 ], [ 109.301071, 12.355 ], [ 109.298698, 12.351447 ], [ 109.296387, 12.350521 ], [ 109.293411, 12.345781 ], [ 109.284256, 12.34767 ], [ 109.278702, 12.35268 ], [ 109.279007, 12.357021 ], [ 109.275093, 12.358674 ], [ 109.267952, 12.35729 ], [ 109.263611, 12.361302 ], [ 109.261253, 12.36173 ], [ 109.26062, 12.368734 ], [ 109.261017, 12.372111 ], [ 109.264397, 12.37259 ], [ 109.263268, 12.376665 ], [ 109.258698, 12.379747 ], [ 109.253166, 12.387432 ], [ 109.248367, 12.39168 ], [ 109.245354, 12.396387 ], [ 109.245316, 12.400288 ], [ 109.243431, 12.404831 ], [ 109.238464, 12.405036 ], [ 109.237915, 12.409893 ], [ 109.23526, 12.41224 ], [ 109.23127, 12.412591 ], [ 109.225601, 12.417131 ], [ 109.224854, 12.421293 ], [ 109.221779, 12.424661 ], [ 109.218132, 12.42615 ], [ 109.213692, 12.432151 ], [ 109.207977, 12.437741 ], [ 109.199783, 12.440141 ], [ 109.198273, 12.44196 ], [ 109.193512, 12.444171 ], [ 109.190781, 12.448025 ], [ 109.181976, 12.454974 ], [ 109.178749, 12.455412 ], [ 109.175423, 12.45218 ], [ 109.174232, 12.447931 ], [ 109.167839, 12.444212 ], [ 109.16291, 12.449892 ], [ 109.159279, 12.449167 ], [ 109.162224, 12.441384 ], [ 109.166039, 12.441342 ], [ 109.167343, 12.438131 ], [ 109.163231, 12.433391 ], [ 109.15876, 12.43089 ], [ 109.154488, 12.430929 ], [ 109.152374, 12.429151 ], [ 109.152046, 12.425931 ], [ 109.156937, 12.423611 ], [ 109.160393, 12.419096 ], [ 109.159187, 12.416931 ], [ 109.159157, 12.41167 ], [ 109.16362, 12.405291 ], [ 109.165863, 12.403981 ], [ 109.171669, 12.40316 ], [ 109.172058, 12.406041 ], [ 109.174454, 12.40664 ], [ 109.178047, 12.403352 ], [ 109.183609, 12.404172 ], [ 109.18985, 12.401161 ], [ 109.193138, 12.397688 ], [ 109.19873, 12.398782 ], [ 109.198303, 12.394921 ], [ 109.200233, 12.393082 ], [ 109.201607, 12.389171 ], [ 109.198418, 12.382131 ], [ 109.196968, 12.376804 ], [ 109.197502, 12.371945 ], [ 109.199333, 12.366254 ], [ 109.196236, 12.359893 ], [ 109.199425, 12.354779 ], [ 109.197853, 12.349491 ], [ 109.204002, 12.34205 ], [ 109.201607, 12.34034 ], [ 109.201767, 12.336201 ], [ 109.20623, 12.334551 ], [ 109.210007, 12.331951 ], [ 109.211014, 12.32525 ], [ 109.220146, 12.322422 ], [ 109.224236, 12.316792 ], [ 109.227127, 12.315707 ], [ 109.229469, 12.31287 ], [ 109.237976, 12.306775 ], [ 109.239815, 12.307591 ], [ 109.242996, 12.304952 ], [ 109.237213, 12.299421 ], [ 109.234901, 12.295047 ], [ 109.230072, 12.293721 ], [ 109.223518, 12.29455 ], [ 109.218407, 12.296841 ], [ 109.215843, 12.296351 ], [ 109.212341, 12.292973 ], [ 109.206551, 12.29001 ], [ 109.203644, 12.283601 ], [ 109.202568, 12.275081 ], [ 109.207123, 12.270676 ], [ 109.205391, 12.266271 ], [ 109.202698, 12.265111 ], [ 109.200378, 12.262291 ], [ 109.197548, 12.253441 ], [ 109.197227, 12.248758 ], [ 109.19838, 12.236031 ], [ 109.199272, 12.231445 ], [ 109.203537, 12.222381 ], [ 109.207825, 12.21736 ], [ 109.211128, 12.216241 ], [ 109.214264, 12.212602 ], [ 109.217636, 12.210751 ], [ 109.216896, 12.205944 ], [ 109.212471, 12.199497 ], [ 109.209099, 12.198416 ], [ 109.202591, 12.199004 ], [ 109.199936, 12.204242 ], [ 109.197487, 12.20645 ], [ 109.186668, 12.208611 ], [ 109.181946, 12.208889 ], [ 109.179726, 12.204723 ], [ 109.179726, 12.202222 ], [ 109.183334, 12.203054 ], [ 109.187233, 12.205281 ], [ 109.194054, 12.203907 ], [ 109.194496, 12.20073 ], [ 109.208183, 12.187362 ], [ 109.20929, 12.18494 ], [ 109.209007, 12.17931 ], [ 109.207733, 12.175139 ], [ 109.205322, 12.171771 ], [ 109.200706, 12.172461 ], [ 109.198189, 12.169236 ], [ 109.198479, 12.166219 ], [ 109.202278, 12.162652 ], [ 109.21653, 12.157045 ], [ 109.221336, 12.153807 ], [ 109.223167, 12.149422 ], [ 109.222893, 12.142792 ], [ 109.223587, 12.1409 ], [ 109.218033, 12.139886 ], [ 109.214317, 12.13672 ], [ 109.211594, 12.127282 ], [ 109.211655, 12.122516 ], [ 109.206902, 12.118232 ], [ 109.198273, 12.117951 ], [ 109.195274, 12.114166 ], [ 109.194794, 12.103889 ], [ 109.195, 12.0925 ], [ 109.198059, 12.078611 ], [ 109.202766, 12.06222 ], [ 109.207153, 12.052638 ], [ 109.210747, 12.046849 ], [ 109.218887, 12.02922 ], [ 109.22715, 12.013729 ], [ 109.228928, 12.011352 ], [ 109.240227, 11.991701 ], [ 109.241112, 11.989167 ], [ 109.248619, 11.979378 ], [ 109.254242, 11.97584 ], [ 109.259171, 11.979371 ], [ 109.262779, 11.978129 ], [ 109.264977, 11.97502 ], [ 109.270546, 11.974999 ], [ 109.270027, 11.973014 ], [ 109.272781, 11.971111 ], [ 109.27169, 11.960746 ], [ 109.273331, 11.959171 ], [ 109.270622, 11.956181 ], [ 109.272789, 11.95289 ], [ 109.278587, 11.950977 ], [ 109.279999, 11.953341 ], [ 109.283607, 11.955 ], [ 109.283607, 11.951112 ], [ 109.282181, 11.944949 ], [ 109.276718, 11.94455 ], [ 109.274567, 11.93527 ], [ 109.272675, 11.933918 ], [ 109.269531, 11.936343 ], [ 109.266411, 11.935771 ], [ 109.260002, 11.93 ], [ 109.258133, 11.924291 ], [ 109.257988, 11.917039 ], [ 109.260551, 11.90869 ], [ 109.262711, 11.906097 ], [ 109.261627, 11.90346 ], [ 109.264397, 11.89977 ], [ 109.267776, 11.89778 ], [ 109.26931, 11.89443 ], [ 109.26767, 11.89303 ], [ 109.272453, 11.887271 ], [ 109.275764, 11.886927 ], [ 109.273613, 11.883615 ], [ 109.277443, 11.882911 ], [ 109.281273, 11.879435 ], [ 109.279366, 11.873651 ], [ 109.277107, 11.872591 ], [ 109.271706, 11.86509 ], [ 109.272499, 11.860794 ], [ 109.271461, 11.859165 ], [ 109.267387, 11.863032 ], [ 109.26339, 11.8606 ], [ 109.260033, 11.864721 ], [ 109.257347, 11.865751 ], [ 109.251106, 11.859721 ], [ 109.251953, 11.85444 ], [ 109.248886, 11.85222 ], [ 109.246948, 11.856111 ], [ 109.247353, 11.861391 ], [ 109.246483, 11.865141 ], [ 109.239723, 11.869772 ], [ 109.240479, 11.87394 ], [ 109.238968, 11.875811 ], [ 109.234688, 11.877851 ], [ 109.230827, 11.88109 ], [ 109.225914, 11.881632 ], [ 109.22097, 11.87871 ], [ 109.218826, 11.881651 ], [ 109.215805, 11.882701 ], [ 109.21077, 11.882129 ], [ 109.204453, 11.879061 ], [ 109.20237, 11.880914 ], [ 109.203827, 11.886011 ], [ 109.203247, 11.88885 ], [ 109.205971, 11.89148 ], [ 109.206558, 11.895059 ], [ 109.20417, 11.90028 ], [ 109.206673, 11.904171 ], [ 109.20417, 11.908889 ], [ 109.207703, 11.911081 ], [ 109.211914, 11.918664 ], [ 109.212532, 11.925241 ], [ 109.208298, 11.922582 ], [ 109.204887, 11.926351 ], [ 109.206276, 11.928282 ], [ 109.213562, 11.928539 ], [ 109.213356, 11.932311 ], [ 109.215492, 11.939689 ], [ 109.212723, 11.945601 ], [ 109.204689, 11.951549 ], [ 109.206108, 11.953612 ], [ 109.211937, 11.954442 ], [ 109.214127, 11.959171 ], [ 109.214447, 11.967501 ], [ 109.21389, 11.971111 ], [ 109.211945, 11.974721 ], [ 109.214165, 11.976944 ], [ 109.210556, 11.982778 ], [ 109.211937, 11.988891 ], [ 109.209442, 11.98972 ], [ 109.206947, 11.994445 ], [ 109.205887, 11.998826 ], [ 109.205276, 12.006112 ], [ 109.206993, 12.01276 ], [ 109.206642, 12.0173 ], [ 109.20356, 12.027221 ], [ 109.202202, 12.033111 ], [ 109.202469, 12.036702 ], [ 109.199753, 12.04276 ], [ 109.193733, 12.04405 ], [ 109.192612, 12.04839 ], [ 109.189117, 12.054521 ], [ 109.184067, 12.058021 ], [ 109.183243, 12.063471 ], [ 109.183113, 12.07091 ], [ 109.182457, 12.07333 ], [ 109.178658, 12.08051 ], [ 109.178001, 12.08838 ], [ 109.176277, 12.094681 ], [ 109.174812, 12.095582 ], [ 109.172966, 12.102091 ], [ 109.178757, 12.105077 ], [ 109.181847, 12.109872 ], [ 109.180618, 12.111991 ], [ 109.177689, 12.112889 ], [ 109.176079, 12.115437 ], [ 109.172157, 12.118261 ], [ 109.163422, 12.11908 ], [ 109.161667, 12.11389 ], [ 109.159233, 12.11221 ], [ 109.157776, 12.107502 ], [ 109.153893, 12.106111 ], [ 109.154716, 12.102501 ], [ 109.158333, 12.098611 ], [ 109.163055, 12.096667 ], [ 109.165558, 12.093061 ], [ 109.174156, 12.09 ], [ 109.176666, 12.084722 ], [ 109.175713, 12.082331 ], [ 109.177742, 12.07628 ], [ 109.178047, 12.070281 ], [ 109.170456, 12.065691 ], [ 109.17028, 12.060834 ], [ 109.167908, 12.055061 ], [ 109.170601, 12.044698 ], [ 109.172958, 12.04155 ], [ 109.175278, 12.040561 ], [ 109.173889, 12.03611 ], [ 109.175827, 12.03528 ], [ 109.178551, 12.03771 ], [ 109.181152, 12.034371 ], [ 109.182945, 12.036199 ], [ 109.189819, 12.034034 ], [ 109.192368, 12.029291 ], [ 109.197296, 12.02646 ], [ 109.196945, 12.024445 ], [ 109.200554, 12.020279 ], [ 109.199997, 12.01833 ], [ 109.203186, 12.015712 ], [ 109.201019, 12.006139 ], [ 109.196106, 12.000002 ], [ 109.195274, 11.993611 ], [ 109.199448, 11.990833 ], [ 109.205826, 11.988332 ], [ 109.205833, 11.984722 ], [ 109.207779, 11.980278 ], [ 109.201294, 11.982607 ], [ 109.199173, 11.98111 ], [ 109.198059, 11.977222 ], [ 109.194733, 11.973611 ], [ 109.194725, 11.968333 ], [ 109.19722, 11.965281 ], [ 109.191193, 11.96062 ], [ 109.188835, 11.955773 ], [ 109.184998, 11.95167 ], [ 109.183052, 11.946667 ], [ 109.185112, 11.942292 ], [ 109.18811, 11.93988 ], [ 109.18528, 11.938057 ], [ 109.182503, 11.938276 ], [ 109.165497, 11.92025 ], [ 109.16217, 11.917328 ], [ 109.160622, 11.913613 ], [ 109.157578, 11.90972 ], [ 109.153038, 11.90717 ], [ 109.150146, 11.902361 ], [ 109.144997, 11.901671 ], [ 109.142242, 11.907931 ], [ 109.140427, 11.909871 ], [ 109.134453, 11.910561 ], [ 109.132767, 11.90861 ], [ 109.130028, 11.908973 ], [ 109.125557, 11.902072 ], [ 109.125557, 11.89667 ], [ 109.123611, 11.894721 ], [ 109.124168, 11.891389 ], [ 109.122498, 11.887499 ], [ 109.120552, 11.887221 ], [ 109.117302, 11.891002 ], [ 109.11422, 11.890131 ], [ 109.1138, 11.884121 ], [ 109.112137, 11.881881 ], [ 109.113068, 11.877835 ], [ 109.110016, 11.874439 ], [ 109.1073, 11.8686 ], [ 109.105721, 11.862576 ], [ 109.106781, 11.853567 ], [ 109.110283, 11.84722 ], [ 109.113602, 11.8361 ], [ 109.117226, 11.834445 ], [ 109.120392, 11.828631 ], [ 109.125832, 11.82222 ], [ 109.128891, 11.82028 ], [ 109.133804, 11.819679 ], [ 109.137497, 11.81778 ], [ 109.144028, 11.81778 ], [ 109.145279, 11.82139 ], [ 109.149147, 11.821721 ], [ 109.150002, 11.825281 ], [ 109.154953, 11.832904 ], [ 109.155067, 11.835742 ], [ 109.15712, 11.839291 ], [ 109.159142, 11.839824 ], [ 109.160797, 11.843382 ], [ 109.160088, 11.845811 ], [ 109.162445, 11.851206 ], [ 109.161263, 11.854517 ], [ 109.167343, 11.854422 ], [ 109.172157, 11.860085 ], [ 109.16993, 11.862921 ], [ 109.171867, 11.864382 ], [ 109.175613, 11.863691 ], [ 109.178612, 11.867221 ], [ 109.181656, 11.868609 ], [ 109.183052, 11.87167 ], [ 109.187225, 11.876944 ], [ 109.191269, 11.874731 ], [ 109.191902, 11.871497 ], [ 109.190132, 11.870082 ], [ 109.187569, 11.864833 ], [ 109.183327, 11.861642 ], [ 109.17984, 11.85542 ], [ 109.180367, 11.84969 ], [ 109.177917, 11.846094 ], [ 109.177498, 11.842641 ], [ 109.179688, 11.837501 ], [ 109.17952, 11.83442 ], [ 109.184349, 11.83164 ], [ 109.180618, 11.823754 ], [ 109.180588, 11.82046 ], [ 109.182053, 11.81695 ], [ 109.186409, 11.813377 ], [ 109.189903, 11.814961 ], [ 109.1931, 11.814202 ], [ 109.195625, 11.811488 ], [ 109.19223, 11.809771 ], [ 109.188461, 11.811191 ], [ 109.185951, 11.80842 ], [ 109.184822, 11.805302 ], [ 109.18586, 11.793553 ], [ 109.190826, 11.787431 ], [ 109.194969, 11.785512 ], [ 109.201607, 11.780051 ], [ 109.203987, 11.775226 ], [ 109.20694, 11.774625 ], [ 109.211418, 11.771712 ], [ 109.213699, 11.764934 ], [ 109.210983, 11.760271 ], [ 109.212936, 11.75806 ], [ 109.217102, 11.757121 ], [ 109.218781, 11.754516 ], [ 109.225517, 11.757 ], [ 109.227913, 11.75246 ], [ 109.224152, 11.751015 ], [ 109.221191, 11.747492 ], [ 109.225159, 11.74573 ], [ 109.227966, 11.747888 ], [ 109.230911, 11.747559 ], [ 109.231667, 11.735811 ], [ 109.233086, 11.727137 ], [ 109.231956, 11.724472 ], [ 109.228447, 11.720871 ], [ 109.224693, 11.720208 ], [ 109.219872, 11.716354 ], [ 109.217163, 11.719041 ], [ 109.214157, 11.719723 ], [ 109.211571, 11.718583 ], [ 109.209633, 11.715711 ], [ 109.205566, 11.71443 ], [ 109.203514, 11.720099 ], [ 109.201546, 11.720976 ], [ 109.199158, 11.726444 ], [ 109.196808, 11.724087 ], [ 109.197685, 11.720534 ], [ 109.200493, 11.718752 ], [ 109.199348, 11.714779 ], [ 109.201141, 11.71353 ], [ 109.200417, 11.710469 ], [ 109.203171, 11.708252 ], [ 109.202568, 11.705688 ], [ 109.198608, 11.703889 ], [ 109.196388, 11.699167 ], [ 109.193016, 11.698631 ], [ 109.193611, 11.695561 ], [ 109.192131, 11.692692 ], [ 109.189011, 11.691634 ], [ 109.18795, 11.688781 ], [ 109.189713, 11.683765 ], [ 109.18602, 11.681419 ], [ 109.181633, 11.676749 ], [ 109.176826, 11.67592 ], [ 109.17701, 11.67096 ], [ 109.173439, 11.663722 ], [ 109.17363, 11.656941 ], [ 109.172981, 11.653015 ], [ 109.173859, 11.648862 ], [ 109.171509, 11.64527 ], [ 109.169823, 11.637601 ], [ 109.166916, 11.632541 ], [ 109.167099, 11.62512 ], [ 109.165909, 11.621403 ], [ 109.160591, 11.624354 ], [ 109.155289, 11.622449 ], [ 109.15432, 11.618971 ], [ 109.151787, 11.61878 ], [ 109.147034, 11.609474 ], [ 109.146652, 11.604929 ], [ 109.1418, 11.594878 ], [ 109.141197, 11.5906 ], [ 109.139282, 11.586639 ], [ 109.139229, 11.58392 ], [ 109.13282, 11.58163 ], [ 109.128944, 11.576812 ], [ 109.129799, 11.571731 ], [ 109.131126, 11.57046 ], [ 109.130867, 11.56604 ], [ 109.127907, 11.56292 ], [ 109.126846, 11.5671 ], [ 109.123543, 11.572796 ], [ 109.116905, 11.575579 ], [ 109.112686, 11.57807 ], [ 109.105156, 11.579592 ], [ 109.097878, 11.585042 ], [ 109.090988, 11.587945 ], [ 109.077492, 11.58645 ], [ 109.071388, 11.582222 ], [ 109.065277, 11.580834 ], [ 109.058609, 11.584444 ], [ 109.051392, 11.587501 ], [ 109.043297, 11.589771 ], [ 109.035522, 11.587736 ], [ 109.030373, 11.583004 ], [ 109.025917, 11.57559 ], [ 109.024811, 11.570551 ], [ 109.024406, 11.564133 ], [ 109.027893, 11.555112 ], [ 109.033798, 11.548311 ], [ 109.030174, 11.541975 ], [ 109.028648, 11.543561 ], [ 109.024361, 11.540054 ], [ 109.025513, 11.536011 ], [ 109.024818, 11.534244 ], [ 109.017685, 11.529577 ], [ 109.014862, 11.52441 ], [ 109.012756, 11.516501 ], [ 109.01136, 11.506701 ], [ 109.01165, 11.491221 ], [ 109.014442, 11.469932 ], [ 109.013695, 11.465827 ], [ 109.012917, 11.453811 ], [ 109.007835, 11.442769 ], [ 109.011894, 11.437545 ], [ 109.012932, 11.431492 ], [ 109.013313, 11.424992 ], [ 109.012436, 11.418852 ], [ 109.010818, 11.4159 ], [ 109.006233, 11.41332 ], [ 109.006599, 11.402651 ], [ 109.007553, 11.398971 ], [ 109.005867, 11.393592 ], [ 109.007271, 11.383302 ], [ 109.011971, 11.374021 ], [ 109.014725, 11.373333 ], [ 109.016388, 11.370561 ], [ 109.021111, 11.36972 ], [ 109.020836, 11.363061 ], [ 109.019173, 11.360091 ], [ 109.014366, 11.35572 ], [ 109.005531, 11.355241 ], [ 109.001808, 11.35192 ], [ 109.0, 11.347501 ], [ 108.9963, 11.349732 ], [ 108.994247, 11.349673 ], [ 108.992233, 11.346981 ], [ 108.988678, 11.336301 ], [ 108.982254, 11.330189 ], [ 108.974747, 11.328231 ], [ 108.970833, 11.322246 ], [ 108.962639, 11.316001 ], [ 108.951996, 11.31369 ], [ 108.947533, 11.31431 ], [ 108.945427, 11.312972 ], [ 108.936623, 11.310342 ], [ 108.932281, 11.30691 ], [ 108.928062, 11.309141 ], [ 108.922882, 11.310385 ], [ 108.919273, 11.307591 ], [ 108.917862, 11.3091 ], [ 108.918381, 11.314212 ], [ 108.916222, 11.315351 ], [ 108.912781, 11.319723 ], [ 108.905289, 11.324172 ], [ 108.90139, 11.325833 ], [ 108.895546, 11.3325 ], [ 108.888336, 11.335834 ], [ 108.886673, 11.3375 ], [ 108.886269, 11.342243 ], [ 108.882912, 11.342314 ], [ 108.881287, 11.338731 ], [ 108.874725, 11.335834 ], [ 108.872223, 11.3325 ], [ 108.866249, 11.333341 ], [ 108.863327, 11.332222 ], [ 108.860832, 11.333612 ], [ 108.853889, 11.334651 ], [ 108.844986, 11.3325 ], [ 108.839996, 11.327499 ], [ 108.838333, 11.32339 ], [ 108.832451, 11.322146 ], [ 108.827774, 11.319445 ], [ 108.822723, 11.319515 ], [ 108.821114, 11.320833 ], [ 108.81472, 11.321111 ], [ 108.811943, 11.319723 ], [ 108.809494, 11.316432 ], [ 108.806946, 11.316671 ], [ 108.799721, 11.314166 ], [ 108.792503, 11.315 ], [ 108.78611, 11.311944 ], [ 108.782776, 11.308061 ], [ 108.781113, 11.304444 ], [ 108.780556, 11.299723 ], [ 108.778893, 11.298055 ], [ 108.778053, 11.293961 ], [ 108.775276, 11.28722 ], [ 108.772781, 11.288332 ], [ 108.760002, 11.285561 ], [ 108.756401, 11.282211 ], [ 108.753052, 11.275834 ], [ 108.750267, 11.265001 ], [ 108.751938, 11.258321 ], [ 108.75, 11.254991 ], [ 108.74514, 11.243221 ], [ 108.745552, 11.231944 ], [ 108.743057, 11.229722 ], [ 108.740837, 11.224168 ], [ 108.738609, 11.22417 ], [ 108.738892, 11.219443 ], [ 108.735336, 11.215838 ], [ 108.731941, 11.205278 ], [ 108.730835, 11.192499 ], [ 108.729721, 11.188889 ], [ 108.730003, 11.184445 ], [ 108.727219, 11.181671 ], [ 108.718491, 11.176953 ], [ 108.713463, 11.17668 ], [ 108.710251, 11.172819 ], [ 108.708969, 11.165578 ], [ 108.705276, 11.165001 ], [ 108.705002, 11.168612 ], [ 108.701889, 11.172951 ], [ 108.703056, 11.176944 ], [ 108.698608, 11.181945 ], [ 108.692223, 11.185001 ], [ 108.684448, 11.187221 ], [ 108.680557, 11.189172 ], [ 108.671387, 11.191943 ], [ 108.663612, 11.193333 ], [ 108.649719, 11.193611 ], [ 108.646942, 11.19278 ], [ 108.644554, 11.189931 ], [ 108.637848, 11.190494 ], [ 108.63028, 11.188611 ], [ 108.623886, 11.184445 ], [ 108.618614, 11.175834 ], [ 108.616112, 11.175278 ], [ 108.614723, 11.1775 ], [ 108.61528, 11.180832 ], [ 108.611519, 11.183481 ], [ 108.603905, 11.184376 ], [ 108.594719, 11.184723 ], [ 108.587502, 11.183333 ], [ 108.583038, 11.181671 ], [ 108.576668, 11.177781 ], [ 108.571663, 11.173334 ], [ 108.565002, 11.164723 ], [ 108.5634, 11.170036 ], [ 108.563538, 11.173623 ], [ 108.559166, 11.180832 ], [ 108.552696, 11.18473 ], [ 108.558052, 11.175834 ], [ 108.558609, 11.17139 ], [ 108.560837, 11.169441 ], [ 108.5625, 11.165277 ], [ 108.551971, 11.16138 ], [ 108.547012, 11.160621 ], [ 108.538612, 11.158333 ], [ 108.535278, 11.155001 ], [ 108.531174, 11.156673 ], [ 108.525002, 11.153891 ], [ 108.519447, 11.15 ], [ 108.512222, 11.1425 ], [ 108.50528, 11.132499 ], [ 108.5, 11.121388 ], [ 108.498436, 11.119665 ], [ 108.493988, 11.109764 ], [ 108.491081, 11.104561 ], [ 108.481941, 11.080555 ], [ 108.48111, 11.076667 ], [ 108.478615, 11.071666 ], [ 108.477501, 11.06639 ], [ 108.476112, 11.064722 ], [ 108.475281, 11.057777 ], [ 108.47361, 11.054445 ], [ 108.474442, 11.052501 ], [ 108.473053, 11.048889 ], [ 108.467781, 11.044722 ], [ 108.461403, 11.042083 ], [ 108.458885, 11.039722 ], [ 108.454697, 11.042242 ], [ 108.449722, 11.044171 ], [ 108.446106, 11.047781 ], [ 108.435867, 11.047692 ], [ 108.432037, 11.046584 ], [ 108.423149, 11.039492 ], [ 108.41967, 11.034596 ], [ 108.416672, 11.029021 ], [ 108.412498, 11.026945 ], [ 108.411942, 11.031111 ], [ 108.410553, 11.03278 ], [ 108.402443, 11.033017 ], [ 108.389999, 11.030833 ], [ 108.386665, 11.034446 ], [ 108.381683, 11.03528 ], [ 108.372223, 11.032499 ], [ 108.3675, 11.027221 ], [ 108.363319, 11.025281 ], [ 108.357224, 11.018888 ], [ 108.351669, 11.008612 ], [ 108.348579, 11.001264 ], [ 108.344345, 10.987733 ], [ 108.341835, 10.977504 ], [ 108.339149, 10.960761 ], [ 108.340492, 10.958165 ], [ 108.339043, 10.953511 ], [ 108.33522, 10.951148 ], [ 108.330345, 10.95177 ], [ 108.326088, 10.95858 ], [ 108.319221, 10.960442 ], [ 108.313103, 10.959619 ], [ 108.309616, 10.957206 ], [ 108.30481, 10.95198 ], [ 108.302124, 10.947876 ], [ 108.297676, 10.93743 ], [ 108.294197, 10.920462 ], [ 108.295357, 10.915233 ], [ 108.290207, 10.913196 ], [ 108.284317, 10.915593 ], [ 108.282158, 10.915336 ], [ 108.279724, 10.918333 ], [ 108.282928, 10.921544 ], [ 108.28154, 10.929555 ], [ 108.282669, 10.932541 ], [ 108.280357, 10.939388 ], [ 108.276749, 10.941947 ], [ 108.269478, 10.945231 ], [ 108.264565, 10.946437 ], [ 108.251846, 10.950517 ], [ 108.238235, 10.953571 ], [ 108.226105, 10.954712 ], [ 108.220543, 10.953837 ], [ 108.214127, 10.951909 ], [ 108.206367, 10.948281 ], [ 108.198593, 10.94406 ], [ 108.192238, 10.9397 ], [ 108.19046, 10.936963 ], [ 108.185692, 10.93588 ], [ 108.183067, 10.936792 ], [ 108.179092, 10.93565 ], [ 108.17485, 10.935673 ], [ 108.167618, 10.932361 ], [ 108.166359, 10.930581 ], [ 108.152756, 10.929934 ], [ 108.151367, 10.930622 ], [ 108.14283, 10.931581 ], [ 108.136772, 10.93412 ], [ 108.12928, 10.93157 ], [ 108.122528, 10.928671 ], [ 108.114578, 10.92383 ], [ 108.108658, 10.917893 ], [ 108.104515, 10.920958 ], [ 108.098946, 10.92076 ], [ 108.094208, 10.91927 ], [ 108.087326, 10.915247 ], [ 108.079041, 10.908136 ], [ 108.066803, 10.890425 ], [ 108.064499, 10.885593 ], [ 108.060219, 10.879558 ], [ 108.052528, 10.864247 ], [ 108.051521, 10.861623 ], [ 108.039978, 10.837515 ], [ 108.039726, 10.83522 ], [ 108.03363, 10.820351 ], [ 108.02774, 10.800645 ], [ 108.025795, 10.792928 ], [ 108.019516, 10.763069 ], [ 108.018677, 10.756931 ], [ 108.017326, 10.75388 ], [ 108.014725, 10.740091 ], [ 108.01545, 10.735831 ], [ 108.011353, 10.73466 ], [ 108.007744, 10.73094 ], [ 108.00663, 10.724171 ], [ 108.007561, 10.722131 ], [ 108.002327, 10.715633 ], [ 108.001282, 10.712454 ], [ 107.998055, 10.709443 ], [ 107.996391, 10.709443 ], [ 107.993889, 10.705833 ], [ 107.993721, 10.699119 ], [ 107.992088, 10.698939 ], [ 107.98703, 10.703212 ], [ 107.979721, 10.705833 ], [ 107.978615, 10.706945 ], [ 107.970757, 10.706031 ], [ 107.964432, 10.703201 ], [ 107.962082, 10.701247 ], [ 107.959167, 10.706672 ], [ 107.949493, 10.710079 ], [ 107.9375, 10.715 ], [ 107.930832, 10.716944 ], [ 107.924721, 10.71778 ], [ 107.911942, 10.721112 ], [ 107.90667, 10.721671 ], [ 107.889442, 10.721112 ], [ 107.8853, 10.72062 ], [ 107.877502, 10.718056 ], [ 107.875557, 10.719166 ], [ 107.872498, 10.71667 ], [ 107.866112, 10.713892 ], [ 107.863899, 10.71417 ], [ 107.857216, 10.711112 ], [ 107.84861, 10.706111 ], [ 107.846077, 10.703791 ], [ 107.839096, 10.705833 ], [ 107.830826, 10.705279 ], [ 107.825546, 10.703059 ], [ 107.815834, 10.696944 ], [ 107.809723, 10.691112 ], [ 107.798332, 10.678611 ], [ 107.793335, 10.672501 ], [ 107.792778, 10.670561 ], [ 107.788612, 10.665556 ], [ 107.781113, 10.658331 ], [ 107.775833, 10.653892 ], [ 107.774437, 10.653892 ], [ 107.769447, 10.649438 ], [ 107.764999, 10.647781 ], [ 107.763046, 10.645561 ], [ 107.751389, 10.64 ], [ 107.741669, 10.63778 ], [ 107.735283, 10.63528 ], [ 107.727776, 10.63139 ], [ 107.71167, 10.63389 ], [ 107.70639, 10.63278 ], [ 107.701668, 10.63306 ], [ 107.691948, 10.628333 ], [ 107.683891, 10.625833 ], [ 107.673058, 10.619445 ], [ 107.668327, 10.615 ], [ 107.663544, 10.609378 ], [ 107.658188, 10.607618 ], [ 107.644165, 10.601943 ], [ 107.642502, 10.60195 ], [ 107.635826, 10.598878 ], [ 107.629723, 10.597499 ], [ 107.624725, 10.597223 ], [ 107.621666, 10.595001 ], [ 107.612778, 10.591391 ], [ 107.608047, 10.58833 ], [ 107.598053, 10.584722 ], [ 107.58889, 10.579446 ], [ 107.580383, 10.57639 ], [ 107.566673, 10.566391 ], [ 107.557686, 10.558229 ], [ 107.552223, 10.551946 ], [ 107.548454, 10.54669 ], [ 107.546112, 10.547502 ], [ 107.542221, 10.543055 ], [ 107.538986, 10.534846 ], [ 107.536491, 10.531112 ], [ 107.532036, 10.527482 ], [ 107.529442, 10.523612 ], [ 107.526299, 10.52303 ], [ 107.526543, 10.520496 ], [ 107.521782, 10.513296 ], [ 107.520378, 10.509768 ], [ 107.515915, 10.50327 ], [ 107.512428, 10.500921 ], [ 107.50528, 10.501112 ], [ 107.50161, 10.499758 ], [ 107.496948, 10.50139 ], [ 107.487503, 10.499719 ], [ 107.481659, 10.50028 ], [ 107.476616, 10.499669 ], [ 107.468056, 10.497222 ], [ 107.463058, 10.492499 ], [ 107.459999, 10.487968 ], [ 107.453293, 10.481151 ], [ 107.447853, 10.47286 ], [ 107.444641, 10.4694 ], [ 107.441856, 10.468571 ], [ 107.435547, 10.47028 ], [ 107.433113, 10.4695 ], [ 107.424446, 10.46917 ], [ 107.421379, 10.467782 ], [ 107.413399, 10.468819 ], [ 107.408058, 10.46806 ], [ 107.40638, 10.46917 ], [ 107.391388, 10.469443 ], [ 107.381111, 10.468055 ], [ 107.376663, 10.46917 ], [ 107.372498, 10.468612 ], [ 107.367523, 10.466879 ], [ 107.364998, 10.469443 ], [ 107.359444, 10.466665 ], [ 107.354385, 10.467073 ], [ 107.349998, 10.463055 ], [ 107.347221, 10.462782 ], [ 107.335556, 10.454451 ], [ 107.329445, 10.452778 ], [ 107.330276, 10.451112 ], [ 107.321945, 10.447222 ], [ 107.31778, 10.443609 ], [ 107.309998, 10.439721 ], [ 107.307777, 10.436389 ], [ 107.296944, 10.426666 ], [ 107.287796, 10.41724 ], [ 107.283936, 10.414772 ], [ 107.280281, 10.408611 ], [ 107.27639, 10.404723 ], [ 107.269165, 10.395 ], [ 107.26722, 10.395283 ], [ 107.260277, 10.388331 ], [ 107.258057, 10.384167 ], [ 107.257225, 10.380277 ], [ 107.253334, 10.379445 ], [ 107.251663, 10.381111 ], [ 107.246948, 10.381111 ], [ 107.241386, 10.377781 ], [ 107.239204, 10.378948 ], [ 107.235931, 10.384621 ], [ 107.226685, 10.393231 ], [ 107.224876, 10.394161 ], [ 107.225334, 10.3989 ], [ 107.220886, 10.403421 ], [ 107.21727, 10.405217 ], [ 107.205826, 10.406109 ], [ 107.199677, 10.405418 ], [ 107.18824, 10.402439 ], [ 107.181114, 10.4 ], [ 107.176941, 10.401666 ], [ 107.181389, 10.405281 ], [ 107.184448, 10.405281 ], [ 107.189163, 10.410277 ], [ 107.189163, 10.413889 ], [ 107.187775, 10.418334 ], [ 107.187775, 10.425834 ], [ 107.190277, 10.42694 ], [ 107.192223, 10.420834 ], [ 107.194725, 10.419166 ], [ 107.200554, 10.419444 ], [ 107.201981, 10.41659 ], [ 107.205887, 10.415613 ], [ 107.207497, 10.418056 ], [ 107.210831, 10.418612 ], [ 107.213333, 10.421944 ], [ 107.213058, 10.424722 ], [ 107.207779, 10.428332 ], [ 107.212219, 10.434167 ], [ 107.211945, 10.436667 ], [ 107.209442, 10.440002 ], [ 107.210281, 10.44389 ], [ 107.207497, 10.44389 ], [ 107.206947, 10.441392 ], [ 107.202499, 10.442221 ], [ 107.200836, 10.445572 ], [ 107.198891, 10.444719 ], [ 107.195267, 10.449171 ], [ 107.193886, 10.44832 ], [ 107.189163, 10.451671 ], [ 107.184998, 10.458059 ], [ 107.180832, 10.457779 ], [ 107.178886, 10.462501 ], [ 107.175552, 10.463891 ], [ 107.167778, 10.46556 ], [ 107.167221, 10.471109 ], [ 107.164444, 10.474444 ], [ 107.159653, 10.47812 ], [ 107.15583, 10.478061 ], [ 107.15889, 10.474166 ], [ 107.15667, 10.47139 ], [ 107.154167, 10.466111 ], [ 107.150551, 10.466392 ], [ 107.145554, 10.469168 ], [ 107.141678, 10.469432 ], [ 107.138351, 10.473074 ], [ 107.141937, 10.4775 ], [ 107.140266, 10.479171 ], [ 107.136391, 10.474722 ], [ 107.136673, 10.47139 ], [ 107.140831, 10.464445 ], [ 107.141113, 10.460001 ], [ 107.140274, 10.456945 ], [ 107.137497, 10.458333 ], [ 107.137779, 10.461111 ], [ 107.136673, 10.466111 ], [ 107.133606, 10.46889 ], [ 107.126945, 10.466389 ], [ 107.128052, 10.461111 ], [ 107.121391, 10.462223 ], [ 107.120277, 10.465279 ], [ 107.116112, 10.47 ], [ 107.114998, 10.476671 ], [ 107.118614, 10.474444 ], [ 107.120552, 10.474722 ], [ 107.124733, 10.477781 ], [ 107.128609, 10.475832 ], [ 107.129448, 10.478061 ], [ 107.123886, 10.483332 ], [ 107.120003, 10.48194 ], [ 107.121666, 10.478622 ], [ 107.118889, 10.476112 ], [ 107.116669, 10.47889 ], [ 107.113052, 10.478888 ], [ 107.112778, 10.480832 ], [ 107.108887, 10.483332 ], [ 107.105553, 10.481666 ], [ 107.104164, 10.476388 ], [ 107.097221, 10.480561 ], [ 107.092216, 10.48083 ], [ 107.090279, 10.485281 ], [ 107.09333, 10.488055 ], [ 107.092781, 10.490555 ], [ 107.087776, 10.493333 ], [ 107.087761, 10.496954 ], [ 107.083611, 10.50028 ], [ 107.084724, 10.495277 ], [ 107.088608, 10.49056 ], [ 107.092224, 10.488889 ], [ 107.089447, 10.486667 ], [ 107.086388, 10.481113 ], [ 107.081947, 10.48111 ], [ 107.075554, 10.479166 ], [ 107.071114, 10.484723 ], [ 107.067497, 10.485561 ], [ 107.06472, 10.48194 ], [ 107.060547, 10.47833 ], [ 107.050003, 10.479444 ], [ 107.048332, 10.482781 ], [ 107.053612, 10.486389 ], [ 107.054726, 10.489723 ], [ 107.059998, 10.494441 ], [ 107.060837, 10.49889 ], [ 107.063057, 10.5025 ], [ 107.066948, 10.505278 ], [ 107.069168, 10.508891 ], [ 107.074448, 10.509723 ], [ 107.074448, 10.512777 ], [ 107.072777, 10.51473 ], [ 107.070557, 10.510554 ], [ 107.06778, 10.510835 ], [ 107.066391, 10.506388 ], [ 107.063332, 10.506944 ], [ 107.061386, 10.505554 ], [ 107.061386, 10.501942 ], [ 107.058052, 10.501112 ], [ 107.056107, 10.505561 ], [ 107.056114, 10.508332 ], [ 107.054169, 10.512781 ], [ 107.050278, 10.518889 ], [ 107.050552, 10.524444 ], [ 107.047546, 10.528658 ], [ 107.05278, 10.532222 ], [ 107.051666, 10.535832 ], [ 107.053047, 10.537779 ], [ 107.057777, 10.538333 ], [ 107.058891, 10.540281 ], [ 107.052223, 10.539723 ], [ 107.050278, 10.537501 ], [ 107.050278, 10.532778 ], [ 107.045288, 10.529731 ], [ 107.044716, 10.52556 ], [ 107.041946, 10.524168 ], [ 107.040001, 10.525834 ], [ 107.037224, 10.525278 ], [ 107.034447, 10.52667 ], [ 107.031944, 10.522499 ], [ 107.029442, 10.520833 ], [ 107.020836, 10.520282 ], [ 107.018608, 10.517777 ], [ 107.016388, 10.519167 ], [ 107.01722, 10.522499 ], [ 107.021385, 10.52639 ], [ 107.029724, 10.537779 ], [ 107.02861, 10.545833 ], [ 107.025002, 10.549443 ], [ 107.01667, 10.549999 ], [ 107.013885, 10.55139 ], [ 107.013336, 10.555832 ], [ 107.014717, 10.56 ], [ 107.018059, 10.565555 ], [ 107.021942, 10.569999 ], [ 107.028053, 10.580278 ], [ 107.028893, 10.583612 ], [ 107.028336, 10.590554 ], [ 107.021942, 10.598333 ], [ 107.022224, 10.602777 ], [ 107.019371, 10.606185 ], [ 107.021111, 10.610556 ], [ 107.021393, 10.616671 ], [ 107.014442, 10.615 ], [ 107.016937, 10.61111 ], [ 107.011673, 10.612781 ], [ 107.008331, 10.615561 ], [ 107.01284, 10.617282 ], [ 107.015274, 10.620001 ], [ 107.015831, 10.622777 ], [ 107.011391, 10.625279 ], [ 107.005554, 10.622777 ], [ 107.002373, 10.623777 ], [ 106.998337, 10.629443 ], [ 107.002502, 10.634444 ], [ 107.006386, 10.635834 ], [ 107.011948, 10.630556 ], [ 107.015274, 10.629443 ], [ 107.019447, 10.631668 ], [ 107.019173, 10.63472 ], [ 107.015831, 10.64 ], [ 107.015556, 10.64337 ], [ 107.014725, 10.649167 ], [ 107.018097, 10.653908 ], [ 107.018532, 10.66005 ], [ 107.013046, 10.663061 ], [ 107.00972, 10.663334 ], [ 107.003609, 10.665556 ], [ 107.001953, 10.66944 ], [ 106.998886, 10.67194 ], [ 106.995277, 10.671391 ], [ 106.992767, 10.66972 ], [ 106.991669, 10.673611 ], [ 106.988327, 10.676672 ], [ 106.988609, 10.681389 ], [ 106.976112, 10.68972 ], [ 106.974998, 10.691939 ], [ 106.975822, 10.696671 ], [ 106.979164, 10.699723 ], [ 106.976944, 10.701111 ], [ 106.970276, 10.692231 ], [ 106.969719, 10.690556 ], [ 106.972778, 10.687222 ], [ 106.978333, 10.685 ], [ 106.980553, 10.682499 ], [ 106.984436, 10.681392 ], [ 106.984726, 10.678331 ], [ 106.980003, 10.676391 ], [ 106.980003, 10.672501 ], [ 106.98333, 10.671101 ], [ 106.986656, 10.673611 ], [ 106.989441, 10.672501 ], [ 106.990837, 10.667778 ], [ 106.994446, 10.66611 ], [ 106.99778, 10.668891 ], [ 106.999992, 10.665 ], [ 107.006668, 10.66139 ], [ 107.013885, 10.659446 ], [ 107.016113, 10.6561 ], [ 107.011108, 10.652223 ], [ 107.011665, 10.643332 ], [ 107.009445, 10.639722 ], [ 107.006668, 10.639722 ], [ 107.001808, 10.642911 ], [ 107.00222, 10.639444 ], [ 106.995277, 10.63528 ], [ 106.994446, 10.626672 ], [ 106.996391, 10.620277 ], [ 107.001663, 10.61472 ], [ 107.007301, 10.610756 ], [ 107.002228, 10.608977 ], [ 107.000206, 10.606993 ], [ 106.99733, 10.607591 ], [ 106.995621, 10.605415 ], [ 106.99173, 10.60571 ], [ 106.989899, 10.604131 ], [ 106.989807, 10.599866 ], [ 106.986946, 10.597306 ], [ 106.981667, 10.606944 ], [ 106.984169, 10.61111 ], [ 106.989441, 10.611944 ], [ 106.9925, 10.614722 ], [ 106.990555, 10.619445 ], [ 106.985558, 10.62083 ], [ 106.981941, 10.623889 ], [ 106.98111, 10.626111 ], [ 106.982224, 10.634444 ], [ 106.978889, 10.63861 ], [ 106.976669, 10.643332 ], [ 106.973892, 10.645833 ], [ 106.96917, 10.643332 ], [ 106.966393, 10.636944 ], [ 106.95472, 10.637222 ], [ 106.95472, 10.64083 ], [ 106.951111, 10.643332 ], [ 106.948059, 10.643332 ], [ 106.945, 10.646945 ], [ 106.942497, 10.642781 ], [ 106.950836, 10.641944 ], [ 106.952766, 10.64083 ], [ 106.952774, 10.637778 ], [ 106.955559, 10.634444 ], [ 106.958336, 10.635561 ], [ 106.967781, 10.634722 ], [ 106.970276, 10.635834 ], [ 106.974167, 10.630834 ], [ 106.977776, 10.630834 ], [ 106.977776, 10.627499 ], [ 106.973335, 10.626945 ], [ 106.970001, 10.621389 ], [ 106.968063, 10.625279 ], [ 106.96611, 10.622777 ], [ 106.970558, 10.618333 ], [ 106.970558, 10.614722 ], [ 106.961388, 10.618061 ], [ 106.955826, 10.617781 ], [ 106.951393, 10.615281 ], [ 106.949448, 10.615281 ], [ 106.944443, 10.620277 ], [ 106.941109, 10.620562 ], [ 106.938614, 10.618611 ], [ 106.933334, 10.619723 ], [ 106.931389, 10.617779 ], [ 106.931946, 10.61472 ], [ 106.935837, 10.610834 ], [ 106.936386, 10.608056 ], [ 106.932777, 10.605011 ], [ 106.928612, 10.604443 ], [ 106.921944, 10.61111 ], [ 106.917503, 10.61139 ], [ 106.912498, 10.609439 ], [ 106.909157, 10.613332 ], [ 106.906944, 10.621389 ], [ 106.904999, 10.625001 ], [ 106.897499, 10.63139 ], [ 106.895279, 10.635561 ], [ 106.887497, 10.63972 ], [ 106.885559, 10.644723 ], [ 106.882767, 10.648891 ], [ 106.878052, 10.649445 ], [ 106.872498, 10.648891 ], [ 106.870003, 10.645279 ], [ 106.863327, 10.6425 ], [ 106.860001, 10.63778 ], [ 106.854721, 10.64 ], [ 106.848892, 10.640561 ], [ 106.842216, 10.63889 ], [ 106.839996, 10.636942 ], [ 106.838333, 10.631668 ], [ 106.836708, 10.629904 ], [ 106.828331, 10.630002 ], [ 106.824997, 10.630834 ], [ 106.815834, 10.641944 ], [ 106.813889, 10.649721 ], [ 106.809723, 10.65806 ], [ 106.80722, 10.66056 ], [ 106.798058, 10.664722 ], [ 106.794167, 10.668613 ], [ 106.788612, 10.672781 ], [ 106.783058, 10.676111 ], [ 106.780716, 10.676681 ], [ 106.779861, 10.673722 ], [ 106.772179, 10.677513 ], [ 106.76545, 10.684087 ], [ 106.758362, 10.691738 ], [ 106.754089, 10.697589 ], [ 106.751686, 10.704694 ], [ 106.750854, 10.710373 ] ] ], [ [ [ 108.96611, 10.497222 ], [ 108.969719, 10.494721 ], [ 108.968887, 10.491667 ], [ 108.962219, 10.485281 ], [ 108.960556, 10.488889 ], [ 108.964142, 10.491512 ], [ 108.962776, 10.495002 ], [ 108.96611, 10.497222 ] ] ], [ [ [ 108.968887, 10.509723 ], [ 108.966942, 10.50694 ], [ 108.960831, 10.505834 ], [ 108.958611, 10.504166 ], [ 108.95417, 10.504171 ], [ 108.952225, 10.502778 ], [ 108.945274, 10.505836 ], [ 108.932106, 10.513075 ], [ 108.930466, 10.520332 ], [ 108.928185, 10.525173 ], [ 108.926987, 10.534711 ], [ 108.925751, 10.540691 ], [ 108.923676, 10.541498 ], [ 108.922226, 10.546389 ], [ 108.923607, 10.54917 ], [ 108.928055, 10.553612 ], [ 108.931664, 10.554444 ], [ 108.933334, 10.5525 ], [ 108.940552, 10.551941 ], [ 108.943886, 10.555 ], [ 108.945831, 10.5525 ], [ 108.951241, 10.551492 ], [ 108.954201, 10.546079 ], [ 108.957558, 10.5447 ], [ 108.954971, 10.542348 ], [ 108.95504, 10.53993 ], [ 108.958046, 10.53694 ], [ 108.959442, 10.5325 ], [ 108.957977, 10.529132 ], [ 108.958046, 10.524931 ], [ 108.960281, 10.523612 ], [ 108.963608, 10.519445 ], [ 108.965553, 10.519721 ], [ 108.96833, 10.515833 ], [ 108.966667, 10.513611 ], [ 108.968887, 10.509723 ] ] ], [ [ [ 108.832985, 11.232086 ], [ 108.834, 11.227821 ], [ 108.832176, 11.226301 ], [ 108.828827, 11.221681 ], [ 108.824806, 11.223511 ], [ 108.82032, 11.223582 ], [ 108.82254, 11.228585 ], [ 108.829033, 11.22869 ], [ 108.832985, 11.232086 ] ] ], [ [ [ 109.215332, 11.77852 ], [ 109.213303, 11.77978 ], [ 109.211487, 11.783939 ], [ 109.213318, 11.786296 ], [ 109.215706, 11.78602 ], [ 109.21727, 11.783301 ], [ 109.21978, 11.784051 ], [ 109.22229, 11.784069 ], [ 109.222023, 11.77798 ], [ 109.223312, 11.773681 ], [ 109.220657, 11.771603 ], [ 109.216499, 11.774071 ], [ 109.215332, 11.77852 ] ] ], [ [ [ 109.243233, 11.850736 ], [ 109.247696, 11.850632 ], [ 109.250076, 11.848077 ], [ 109.246628, 11.843261 ], [ 109.252838, 11.838083 ], [ 109.250481, 11.831692 ], [ 109.248207, 11.833442 ], [ 109.245689, 11.83269 ], [ 109.240997, 11.834935 ], [ 109.239037, 11.833278 ], [ 109.239227, 11.82854 ], [ 109.235306, 11.827829 ], [ 109.233208, 11.83045 ], [ 109.228836, 11.83166 ], [ 109.223961, 11.836599 ], [ 109.2248, 11.839906 ], [ 109.224663, 11.84549 ], [ 109.221748, 11.846142 ], [ 109.22036, 11.850059 ], [ 109.221664, 11.851944 ], [ 109.226112, 11.84833 ], [ 109.230453, 11.842073 ], [ 109.240524, 11.838928 ], [ 109.242973, 11.842971 ], [ 109.241676, 11.844642 ], [ 109.24144, 11.84866 ], [ 109.243233, 11.850736 ] ] ], [ [ [ 109.235161, 12.17624 ], [ 109.236588, 12.179401 ], [ 109.244583, 12.18065 ], [ 109.248528, 12.177781 ], [ 109.252113, 12.170392 ], [ 109.250237, 12.169262 ], [ 109.246887, 12.172179 ], [ 109.242882, 12.172318 ], [ 109.238327, 12.175251 ], [ 109.235161, 12.17624 ] ] ], [ [ [ 109.218887, 12.188889 ], [ 109.220276, 12.193056 ], [ 109.22361, 12.193334 ], [ 109.227501, 12.19611 ], [ 109.226669, 12.194168 ], [ 109.23278, 12.19361 ], [ 109.230553, 12.190834 ], [ 109.223892, 12.184721 ], [ 109.222511, 12.18832 ], [ 109.218887, 12.188889 ] ] ], [ [ [ 109.211029, 12.36059 ], [ 109.214066, 12.362605 ], [ 109.218521, 12.360625 ], [ 109.217163, 12.358131 ], [ 109.211998, 12.35814 ], [ 109.211029, 12.36059 ] ] ], [ [ [ 109.22953, 12.399582 ], [ 109.236969, 12.394711 ], [ 109.240509, 12.38807 ], [ 109.237755, 12.382347 ], [ 109.235107, 12.380834 ], [ 109.226776, 12.383031 ], [ 109.223465, 12.38518 ], [ 109.221642, 12.38781 ], [ 109.224152, 12.39073 ], [ 109.22686, 12.398203 ], [ 109.22953, 12.399582 ] ] ], [ [ [ 109.208336, 12.555555 ], [ 109.204437, 12.55527 ], [ 109.200836, 12.559167 ], [ 109.207779, 12.560833 ], [ 109.209442, 12.557221 ], [ 109.208336, 12.555555 ] ] ], [ [ [ 109.253891, 13.67889 ], [ 109.250557, 13.680561 ], [ 109.254173, 13.682781 ], [ 109.253891, 13.67889 ] ] ], [ [ [ 109.240692, 13.855341 ], [ 109.244339, 13.86056 ], [ 109.235573, 13.858432 ], [ 109.233116, 13.85465 ], [ 109.230179, 13.861871 ], [ 109.231438, 13.865994 ], [ 109.231087, 13.872043 ], [ 109.233887, 13.87692 ], [ 109.233398, 13.878919 ], [ 109.237259, 13.879951 ], [ 109.244133, 13.871081 ], [ 109.245041, 13.864692 ], [ 109.248047, 13.85933 ], [ 109.251137, 13.850596 ], [ 109.250923, 13.847291 ], [ 109.247696, 13.846952 ], [ 109.243568, 13.84929 ], [ 109.243988, 13.852932 ], [ 109.240692, 13.855341 ] ] ], [ [ [ 109.096664, 15.385837 ], [ 109.099442, 15.390571 ], [ 109.103058, 15.39028 ], [ 109.111946, 15.392221 ], [ 109.1175, 15.391946 ], [ 109.122498, 15.390277 ], [ 109.127502, 15.39167 ], [ 109.133606, 15.388331 ], [ 109.137779, 15.388055 ], [ 109.141113, 15.389445 ], [ 109.144165, 15.385555 ], [ 109.140297, 15.383075 ], [ 109.139725, 15.380833 ], [ 109.141228, 15.376924 ], [ 109.136971, 15.375834 ], [ 109.134323, 15.376319 ], [ 109.12883, 15.373719 ], [ 109.12722, 15.371673 ], [ 109.12278, 15.369166 ], [ 109.116112, 15.369722 ], [ 109.114731, 15.371103 ], [ 109.106972, 15.373301 ], [ 109.10482, 15.371744 ], [ 109.100136, 15.37349 ], [ 109.095688, 15.37359 ], [ 109.095055, 15.378714 ], [ 109.092575, 15.382377 ], [ 109.096664, 15.385837 ] ] ], [ [ [ 109.08667, 15.433057 ], [ 109.087502, 15.43111 ], [ 109.086937, 15.428612 ], [ 109.083229, 15.424881 ], [ 109.077835, 15.424618 ], [ 109.076942, 15.43111 ], [ 109.08139, 15.433611 ], [ 109.08667, 15.433057 ] ] ], [ [ [ 109.325386, 12.043811 ], [ 109.324722, 12.043121 ], [ 109.326927, 12.033872 ], [ 109.324913, 12.033591 ], [ 109.32177, 12.03763 ], [ 109.322037, 12.041751 ], [ 109.325386, 12.043811 ] ] ], [ [ [ 109.303268, 12.163331 ], [ 109.299789, 12.163901 ], [ 109.296432, 12.167741 ], [ 109.297981, 12.171541 ], [ 109.303757, 12.17235 ], [ 109.308189, 12.169499 ], [ 109.311264, 12.169722 ], [ 109.312134, 12.166916 ], [ 109.316826, 12.165052 ], [ 109.31395, 12.161661 ], [ 109.309509, 12.165373 ], [ 109.303268, 12.163331 ] ] ], [ [ [ 109.274864, 12.173421 ], [ 109.270531, 12.175712 ], [ 109.271896, 12.180607 ], [ 109.277359, 12.180892 ], [ 109.278397, 12.176958 ], [ 109.274864, 12.173421 ] ] ], [ [ [ 109.298767, 12.222942 ], [ 109.302467, 12.22072 ], [ 109.304947, 12.21798 ], [ 109.305038, 12.214151 ], [ 109.307762, 12.213124 ], [ 109.31134, 12.214414 ], [ 109.314552, 12.22291 ], [ 109.314827, 12.226461 ], [ 109.317863, 12.227883 ], [ 109.321037, 12.221773 ], [ 109.324593, 12.220038 ], [ 109.327721, 12.221951 ], [ 109.331383, 12.21829 ], [ 109.331413, 12.211895 ], [ 109.328117, 12.20844 ], [ 109.33123, 12.200593 ], [ 109.335869, 12.196112 ], [ 109.333771, 12.193022 ], [ 109.32621, 12.190223 ], [ 109.326309, 12.18643 ], [ 109.324463, 12.18419 ], [ 109.316208, 12.186041 ], [ 109.315933, 12.188124 ], [ 109.320671, 12.191944 ], [ 109.310043, 12.189831 ], [ 109.306297, 12.192185 ], [ 109.29924, 12.191973 ], [ 109.296707, 12.195431 ], [ 109.297478, 12.197188 ], [ 109.30278, 12.20168 ], [ 109.301086, 12.204141 ], [ 109.291153, 12.196682 ], [ 109.289513, 12.194496 ], [ 109.289192, 12.190521 ], [ 109.290703, 12.18806 ], [ 109.294106, 12.186423 ], [ 109.296066, 12.183121 ], [ 109.291397, 12.180331 ], [ 109.284576, 12.18058 ], [ 109.276466, 12.18439 ], [ 109.273697, 12.187009 ], [ 109.271858, 12.19425 ], [ 109.270401, 12.19569 ], [ 109.263222, 12.1983 ], [ 109.258141, 12.199481 ], [ 109.248856, 12.20813 ], [ 109.243477, 12.20968 ], [ 109.240356, 12.215061 ], [ 109.241364, 12.219774 ], [ 109.239731, 12.223608 ], [ 109.237106, 12.225203 ], [ 109.231773, 12.22459 ], [ 109.230354, 12.226368 ], [ 109.231667, 12.230142 ], [ 109.234344, 12.232911 ], [ 109.239273, 12.232713 ], [ 109.244667, 12.228141 ], [ 109.244896, 12.225679 ], [ 109.24736, 12.22286 ], [ 109.250778, 12.224811 ], [ 109.256042, 12.218432 ], [ 109.257179, 12.214181 ], [ 109.262466, 12.22 ], [ 109.261566, 12.227931 ], [ 109.264702, 12.232792 ], [ 109.267281, 12.234 ], [ 109.273262, 12.231163 ], [ 109.275612, 12.227671 ], [ 109.281189, 12.227826 ], [ 109.286751, 12.229178 ], [ 109.295677, 12.230169 ], [ 109.298561, 12.227813 ], [ 109.298767, 12.222942 ] ] ], [ [ [ 109.359497, 12.26762 ], [ 109.357323, 12.270517 ], [ 109.357971, 12.273252 ], [ 109.361343, 12.274391 ], [ 109.363876, 12.273019 ], [ 109.363419, 12.268477 ], [ 109.359497, 12.26762 ] ] ], [ [ [ 109.376663, 12.35719 ], [ 109.368317, 12.366546 ], [ 109.372009, 12.370101 ], [ 109.374649, 12.365222 ], [ 109.377098, 12.364082 ], [ 109.380127, 12.358311 ], [ 109.376663, 12.35719 ] ] ], [ [ [ 109.35144, 12.481622 ], [ 109.346153, 12.484783 ], [ 109.346161, 12.488682 ], [ 109.349823, 12.488574 ], [ 109.351051, 12.486171 ], [ 109.354439, 12.486921 ], [ 109.356369, 12.483971 ], [ 109.361107, 12.481674 ], [ 109.360909, 12.47852 ], [ 109.357178, 12.479263 ], [ 109.35289, 12.477041 ], [ 109.35144, 12.481622 ] ] ], [ [ [ 109.292007, 12.48572 ], [ 109.291328, 12.488261 ], [ 109.292534, 12.491328 ], [ 109.295738, 12.495062 ], [ 109.299446, 12.49477 ], [ 109.305473, 12.497952 ], [ 109.309319, 12.497541 ], [ 109.312027, 12.495561 ], [ 109.310051, 12.49495 ], [ 109.305038, 12.49103 ], [ 109.303131, 12.486916 ], [ 109.300888, 12.48515 ], [ 109.29538, 12.484651 ], [ 109.292007, 12.48572 ] ] ], [ [ [ 109.352066, 12.585582 ], [ 109.348068, 12.586751 ], [ 109.337837, 12.59224 ], [ 109.339157, 12.59525 ], [ 109.339676, 12.601089 ], [ 109.337791, 12.60413 ], [ 109.334961, 12.60529 ], [ 109.332558, 12.60805 ], [ 109.326622, 12.609369 ], [ 109.321144, 12.606662 ], [ 109.318687, 12.602678 ], [ 109.316597, 12.606739 ], [ 109.309029, 12.61035 ], [ 109.303833, 12.615906 ], [ 109.302528, 12.619183 ], [ 109.303474, 12.621652 ], [ 109.303307, 12.628861 ], [ 109.307457, 12.630859 ], [ 109.311401, 12.634205 ], [ 109.316101, 12.636186 ], [ 109.317757, 12.638955 ], [ 109.320633, 12.639051 ], [ 109.324677, 12.63674 ], [ 109.333794, 12.636238 ], [ 109.337341, 12.632548 ], [ 109.34317, 12.632993 ], [ 109.344719, 12.62802 ], [ 109.347984, 12.626408 ], [ 109.350998, 12.628122 ], [ 109.355186, 12.625861 ], [ 109.360641, 12.631345 ], [ 109.363617, 12.632489 ], [ 109.367798, 12.631609 ], [ 109.38063, 12.626807 ], [ 109.385895, 12.623265 ], [ 109.38504, 12.618889 ], [ 109.385796, 12.616934 ], [ 109.383636, 12.61414 ], [ 109.386093, 12.61035 ], [ 109.385864, 12.604909 ], [ 109.388748, 12.60258 ], [ 109.390648, 12.598111 ], [ 109.396866, 12.594026 ], [ 109.397446, 12.589721 ], [ 109.395302, 12.58511 ], [ 109.397995, 12.582063 ], [ 109.399918, 12.57637 ], [ 109.398102, 12.571841 ], [ 109.404137, 12.567942 ], [ 109.408386, 12.56257 ], [ 109.412102, 12.559671 ], [ 109.41349, 12.556459 ], [ 109.409767, 12.55253 ], [ 109.408653, 12.549825 ], [ 109.403946, 12.55057 ], [ 109.399719, 12.54861 ], [ 109.39167, 12.555001 ], [ 109.389313, 12.55913 ], [ 109.383766, 12.562608 ], [ 109.383919, 12.566323 ], [ 109.373611, 12.566111 ], [ 109.369659, 12.56855 ], [ 109.367523, 12.571089 ], [ 109.367447, 12.574781 ], [ 109.364098, 12.577931 ], [ 109.361023, 12.578701 ], [ 109.359833, 12.582211 ], [ 109.355743, 12.58143 ], [ 109.352066, 12.585582 ] ] ], [ [ [ 109.344032, 12.651169 ], [ 109.349403, 12.652331 ], [ 109.350227, 12.650519 ], [ 109.347816, 12.647497 ], [ 109.34729, 12.642271 ], [ 109.342743, 12.642096 ], [ 109.338936, 12.647661 ], [ 109.338791, 12.649988 ], [ 109.341209, 12.651734 ], [ 109.344032, 12.651169 ] ] ], [ [ [ 109.393059, 12.65 ], [ 109.395554, 12.654166 ], [ 109.397781, 12.653888 ], [ 109.401962, 12.6525 ], [ 109.40361, 12.648612 ], [ 109.399719, 12.64889 ], [ 109.400833, 12.644172 ], [ 109.397217, 12.646111 ], [ 109.393059, 12.65 ] ] ], [ [ [ 109.466644, 12.65743 ], [ 109.46936, 12.65629 ], [ 109.46933, 12.65222 ], [ 109.466995, 12.650435 ], [ 109.465599, 12.65309 ], [ 109.466644, 12.65743 ] ] ], [ [ [ 109.282623, 12.69857 ], [ 109.286293, 12.701052 ], [ 109.287163, 12.699327 ], [ 109.281166, 12.69372 ], [ 109.280891, 12.696045 ], [ 109.282623, 12.69857 ] ] ], [ [ [ 109.365517, 12.703352 ], [ 109.36821, 12.70801 ], [ 109.37085, 12.708831 ], [ 109.372757, 12.705702 ], [ 109.370407, 12.703539 ], [ 109.3666, 12.702032 ], [ 109.365517, 12.703352 ] ] ], [ [ [ 109.306076, 12.717161 ], [ 109.301414, 12.711719 ], [ 109.29509, 12.711374 ], [ 109.294106, 12.713526 ], [ 109.296829, 12.719698 ], [ 109.306862, 12.724571 ], [ 109.313179, 12.723174 ], [ 109.313408, 12.722141 ], [ 109.308563, 12.718173 ], [ 109.306076, 12.717161 ] ] ], [ [ [ 109.392189, 12.833121 ], [ 109.394173, 12.83411 ], [ 109.39743, 12.83161 ], [ 109.392784, 12.82589 ], [ 109.39119, 12.82731 ], [ 109.392189, 12.833121 ] ] ], [ [ [ 109.41333, 12.946941 ], [ 109.407501, 12.946112 ], [ 109.410835, 12.949722 ], [ 109.41333, 12.946941 ] ] ], [ [ [ 109.311783, 13.173118 ], [ 109.309326, 13.175662 ], [ 109.310516, 13.1802 ], [ 109.313461, 13.180336 ], [ 109.313461, 13.174561 ], [ 109.311783, 13.173118 ] ] ], [ [ [ 109.328163, 13.286451 ], [ 109.331871, 13.288907 ], [ 109.337372, 13.284871 ], [ 109.340057, 13.284153 ], [ 109.342934, 13.280089 ], [ 109.341049, 13.2772 ], [ 109.337341, 13.275483 ], [ 109.332047, 13.275611 ], [ 109.33004, 13.277229 ], [ 109.328163, 13.286451 ] ] ], [ [ [ 109.258064, 13.281099 ], [ 109.257263, 13.282982 ], [ 109.25914, 13.285801 ], [ 109.26384, 13.284812 ], [ 109.263527, 13.282052 ], [ 109.259872, 13.280491 ], [ 109.258064, 13.281099 ] ] ], [ [ [ 109.363083, 13.605612 ], [ 109.361443, 13.60475 ], [ 109.355721, 13.61164 ], [ 109.351212, 13.610202 ], [ 109.347336, 13.611761 ], [ 109.345268, 13.615337 ], [ 109.340401, 13.62036 ], [ 109.337357, 13.626963 ], [ 109.338593, 13.629802 ], [ 109.338432, 13.63468 ], [ 109.342247, 13.635218 ], [ 109.346626, 13.632232 ], [ 109.349922, 13.625586 ], [ 109.351196, 13.621329 ], [ 109.356247, 13.620351 ], [ 109.361923, 13.613292 ], [ 109.363579, 13.609753 ], [ 109.363083, 13.605612 ] ] ] ] } },
{ "type": "Feature", "properties": { "area_code_prefix": "26" }, "geometry": { "type": "Polygon", "coordinates": [ [ [ 108.684364, 12.317454 ], [ 108.687439, 12.316517 ], [ 108.689621, 12.311136 ], [ 108.695587, 12.311351 ], [ 108.697182, 12.308635 ], [ 108.701843, 12.308379 ], [ 108.702705, 12.305531 ], [ 108.705322, 12.303195 ], [ 108.708214, 12.298367 ], [ 108.705254, 12.297061 ], [ 108.704712, 12.293378 ], [ 108.702339, 12.286973 ], [ 108.704376, 12.279152 ], [ 108.703407, 12.275201 ], [ 108.706146, 12.268992 ], [ 108.703728, 12.265002 ], [ 108.704865, 12.2609 ], [ 108.70768, 12.255151 ], [ 108.701294, 12.244791 ], [ 108.703758, 12.237701 ], [ 108.71032, 12.230576 ], [ 108.715477, 12.229047 ], [ 108.717468, 12.225406 ], [ 108.720749, 12.224412 ], [ 108.723564, 12.217743 ], [ 108.71981, 12.21226 ], [ 108.720329, 12.21011 ], [ 108.714111, 12.199322 ], [ 108.711891, 12.19043 ], [ 108.717743, 12.185912 ], [ 108.718567, 12.182499 ], [ 108.722008, 12.179512 ], [ 108.72084, 12.17606 ], [ 108.721306, 12.173223 ], [ 108.726341, 12.169509 ], [ 108.729553, 12.163299 ], [ 108.731659, 12.161691 ], [ 108.729012, 12.160669 ], [ 108.726982, 12.156942 ], [ 108.722359, 12.156765 ], [ 108.719444, 12.153333 ], [ 108.717033, 12.154735 ], [ 108.709007, 12.154478 ], [ 108.704636, 12.153574 ], [ 108.703629, 12.14949 ], [ 108.69944, 12.148762 ], [ 108.693306, 12.145883 ], [ 108.695999, 12.140566 ], [ 108.69278, 12.129445 ], [ 108.688309, 12.127985 ], [ 108.684982, 12.128929 ], [ 108.683487, 12.126004 ], [ 108.677582, 12.121294 ], [ 108.673409, 12.122196 ], [ 108.672882, 12.11978 ], [ 108.681664, 12.11477 ], [ 108.683525, 12.111663 ], [ 108.686218, 12.110228 ], [ 108.69062, 12.105493 ], [ 108.693047, 12.104628 ], [ 108.694778, 12.100097 ], [ 108.698753, 12.098047 ], [ 108.699493, 12.093892 ], [ 108.703667, 12.092676 ], [ 108.704071, 12.090772 ], [ 108.702286, 12.085174 ], [ 108.708305, 12.076954 ], [ 108.706978, 12.072934 ], [ 108.707764, 12.069452 ], [ 108.710358, 12.06753 ], [ 108.710236, 12.063485 ], [ 108.71183, 12.062353 ], [ 108.711296, 12.056778 ], [ 108.709396, 12.050185 ], [ 108.704063, 12.042643 ], [ 108.702339, 12.041553 ], [ 108.698174, 12.042213 ], [ 108.694214, 12.040775 ], [ 108.692787, 12.038368 ], [ 108.690765, 12.029576 ], [ 108.685539, 12.02572 ], [ 108.682022, 12.015225 ], [ 108.680115, 12.01229 ], [ 108.680611, 12.007846 ], [ 108.683479, 12.004158 ], [ 108.683296, 11.996359 ], [ 108.68042, 11.985011 ], [ 108.668999, 11.972694 ], [ 108.661583, 11.96262 ], [ 108.662109, 11.958385 ], [ 108.659836, 11.954682 ], [ 108.659653, 11.951607 ], [ 108.664848, 11.947445 ], [ 108.663933, 11.942221 ], [ 108.665405, 11.937941 ], [ 108.661674, 11.928449 ], [ 108.659744, 11.927021 ], [ 108.661644, 11.923498 ], [ 108.664001, 11.915256 ], [ 108.660789, 11.908754 ], [ 108.659843, 11.90429 ], [ 108.65641, 11.901685 ], [ 108.65419, 11.895981 ], [ 108.653908, 11.893012 ], [ 108.655693, 11.887614 ], [ 108.652489, 11.873548 ], [ 108.652199, 11.868092 ], [ 108.650475, 11.864304 ], [ 108.653809, 11.852731 ], [ 108.65274, 11.842432 ], [ 108.649712, 11.839974 ], [ 108.646667, 11.835978 ], [ 108.640984, 11.831377 ], [ 108.638283, 11.830541 ], [ 108.630363, 11.829842 ], [ 108.628899, 11.827755 ], [ 108.629303, 11.824046 ], [ 108.62616, 11.814294 ], [ 108.619934, 11.809367 ], [ 108.619202, 11.805197 ], [ 108.620605, 11.80275 ], [ 108.625458, 11.799515 ], [ 108.628662, 11.798497 ], [ 108.632469, 11.795876 ], [ 108.637154, 11.793823 ], [ 108.641991, 11.793896 ], [ 108.644554, 11.792963 ], [ 108.653564, 11.792585 ], [ 108.657883, 11.790299 ], [ 108.663849, 11.788537 ], [ 108.6698, 11.787975 ], [ 108.673378, 11.783248 ], [ 108.672104, 11.778216 ], [ 108.668213, 11.77062 ], [ 108.664497, 11.765341 ], [ 108.663719, 11.76155 ], [ 108.665825, 11.756636 ], [ 108.667053, 11.751451 ], [ 108.666924, 11.748165 ], [ 108.67057, 11.744891 ], [ 108.674934, 11.744206 ], [ 108.676979, 11.741631 ], [ 108.690422, 11.733825 ], [ 108.689896, 11.727296 ], [ 108.691681, 11.722446 ], [ 108.694893, 11.716898 ], [ 108.69648, 11.707266 ], [ 108.700531, 11.701989 ], [ 108.700966, 11.698512 ], [ 108.693481, 11.69773 ], [ 108.692101, 11.693646 ], [ 108.688255, 11.688072 ], [ 108.686638, 11.681314 ], [ 108.683044, 11.674939 ], [ 108.679878, 11.672208 ], [ 108.677429, 11.668042 ], [ 108.668495, 11.663449 ], [ 108.664078, 11.667399 ], [ 108.658432, 11.667581 ], [ 108.654869, 11.66426 ], [ 108.647148, 11.662992 ], [ 108.644058, 11.660893 ], [ 108.631874, 11.655885 ], [ 108.625435, 11.653855 ], [ 108.623283, 11.649604 ], [ 108.619263, 11.650582 ], [ 108.61039, 11.649316 ], [ 108.607048, 11.649534 ], [ 108.603455, 11.647434 ], [ 108.598808, 11.648729 ], [ 108.592735, 11.647393 ], [ 108.584015, 11.640859 ], [ 108.580208, 11.64112 ], [ 108.575668, 11.639275 ], [ 108.572914, 11.639175 ], [ 108.567101, 11.641714 ], [ 108.562691, 11.642482 ], [ 108.558762, 11.634757 ], [ 108.553711, 11.632408 ], [ 108.552788, 11.630534 ], [ 108.553474, 11.618672 ], [ 108.552322, 11.612881 ], [ 108.553146, 11.605105 ], [ 108.551468, 11.601485 ], [ 108.563072, 11.586631 ], [ 108.566483, 11.58123 ], [ 108.571724, 11.578713 ], [ 108.578323, 11.563826 ], [ 108.581818, 11.559479 ], [ 108.581924, 11.555672 ], [ 108.578239, 11.554999 ], [ 108.572304, 11.551113 ], [ 108.574013, 11.546517 ], [ 108.570305, 11.543553 ], [ 108.569695, 11.53913 ], [ 108.565262, 11.535958 ], [ 108.565254, 11.530396 ], [ 108.56424, 11.52827 ], [ 108.56073, 11.526086 ], [ 108.559547, 11.521053 ], [ 108.557144, 11.516084 ], [ 108.553139, 11.51329 ], [ 108.544411, 11.510737 ], [ 108.541496, 11.506275 ], [ 108.531212, 11.506738 ], [ 108.526489, 11.508663 ], [ 108.523804, 11.513682 ], [ 108.517265, 11.515127 ], [ 108.516136, 11.518689 ], [ 108.513229, 11.519705 ], [ 108.504349, 11.525831 ], [ 108.499153, 11.526099 ], [ 108.496956, 11.528681 ], [ 108.493263, 11.52997 ], [ 108.487358, 11.528188 ], [ 108.483894, 11.524959 ], [ 108.474831, 11.524989 ], [ 108.471146, 11.523145 ], [ 108.470367, 11.518572 ], [ 108.466156, 11.517399 ], [ 108.457504, 11.518796 ], [ 108.453072, 11.517579 ], [ 108.448441, 11.517834 ], [ 108.444923, 11.519122 ], [ 108.441833, 11.516461 ], [ 108.437897, 11.516292 ], [ 108.430458, 11.514453 ], [ 108.426003, 11.51647 ], [ 108.424126, 11.519343 ], [ 108.423241, 11.523598 ], [ 108.417885, 11.527058 ], [ 108.410797, 11.525626 ], [ 108.407188, 11.521989 ], [ 108.401489, 11.521079 ], [ 108.396553, 11.518405 ], [ 108.392845, 11.519124 ], [ 108.384171, 11.525211 ], [ 108.38192, 11.525039 ], [ 108.375687, 11.516466 ], [ 108.374161, 11.510306 ], [ 108.365028, 11.506108 ], [ 108.358185, 11.508083 ], [ 108.352684, 11.505118 ], [ 108.350548, 11.508755 ], [ 108.351006, 11.521421 ], [ 108.346985, 11.521572 ], [ 108.343842, 11.528409 ], [ 108.340324, 11.527684 ], [ 108.333855, 11.523569 ], [ 108.330193, 11.522816 ], [ 108.32663, 11.526826 ], [ 108.325188, 11.531751 ], [ 108.3209, 11.531727 ], [ 108.314636, 11.526861 ], [ 108.309334, 11.525863 ], [ 108.305489, 11.524258 ], [ 108.301582, 11.51841 ], [ 108.293442, 11.515077 ], [ 108.278427, 11.515875 ], [ 108.271965, 11.505119 ], [ 108.268089, 11.502166 ], [ 108.26593, 11.499121 ], [ 108.265678, 11.496323 ], [ 108.269585, 11.492078 ], [ 108.270905, 11.488749 ], [ 108.268654, 11.485891 ], [ 108.258507, 11.478083 ], [ 108.257805, 11.474336 ], [ 108.263412, 11.459776 ], [ 108.268715, 11.447402 ], [ 108.274536, 11.438581 ], [ 108.277359, 11.439825 ], [ 108.280373, 11.445318 ], [ 108.285164, 11.447374 ], [ 108.289436, 11.442583 ], [ 108.294243, 11.440318 ], [ 108.294533, 11.436971 ], [ 108.296417, 11.432093 ], [ 108.299042, 11.427725 ], [ 108.301834, 11.427412 ], [ 108.302505, 11.425151 ], [ 108.305939, 11.422866 ], [ 108.306503, 11.418969 ], [ 108.306213, 11.41306 ], [ 108.299995, 11.406759 ], [ 108.288971, 11.39793 ], [ 108.280457, 11.395405 ], [ 108.277863, 11.391398 ], [ 108.277519, 11.384552 ], [ 108.271828, 11.380172 ], [ 108.265762, 11.373542 ], [ 108.261902, 11.367542 ], [ 108.254547, 11.360303 ], [ 108.249886, 11.359791 ], [ 108.234917, 11.350963 ], [ 108.227852, 11.345974 ], [ 108.220253, 11.338078 ], [ 108.219109, 11.333341 ], [ 108.216728, 11.330764 ], [ 108.209, 11.328541 ], [ 108.203857, 11.325357 ], [ 108.195938, 11.321962 ], [ 108.194984, 11.317038 ], [ 108.191467, 11.313851 ], [ 108.184967, 11.306 ], [ 108.177383, 11.303448 ], [ 108.172432, 11.302982 ], [ 108.170105, 11.301624 ], [ 108.15976, 11.300902 ], [ 108.151146, 11.299642 ], [ 108.146843, 11.297275 ], [ 108.134361, 11.291724 ], [ 108.129318, 11.290319 ], [ 108.127411, 11.28516 ], [ 108.122795, 11.281364 ], [ 108.120155, 11.284625 ], [ 108.118309, 11.291989 ], [ 108.115479, 11.293045 ], [ 108.112953, 11.28981 ], [ 108.111336, 11.285027 ], [ 108.112213, 11.278109 ], [ 108.108315, 11.276141 ], [ 108.106956, 11.273819 ], [ 108.107719, 11.270443 ], [ 108.102867, 11.26627 ], [ 108.099968, 11.265708 ], [ 108.096519, 11.267609 ], [ 108.08934, 11.268409 ], [ 108.084389, 11.264799 ], [ 108.077278, 11.256477 ], [ 108.066177, 11.247967 ], [ 108.057594, 11.242833 ], [ 108.055664, 11.236291 ], [ 108.055328, 11.230148 ], [ 108.057449, 11.226747 ], [ 108.056923, 11.218869 ], [ 108.050453, 11.218072 ], [ 108.047173, 11.215869 ], [ 108.048141, 11.22148 ], [ 108.045952, 11.226839 ], [ 108.047272, 11.229043 ], [ 108.047592, 11.233406 ], [ 108.04631, 11.235731 ], [ 108.052475, 11.240183 ], [ 108.052338, 11.245663 ], [ 108.049515, 11.24776 ], [ 108.045868, 11.256223 ], [ 108.04174, 11.259827 ], [ 108.04216, 11.266905 ], [ 108.044228, 11.274512 ], [ 108.04277, 11.278496 ], [ 108.037926, 11.28164 ], [ 108.035736, 11.287592 ], [ 108.033813, 11.290496 ], [ 108.03038, 11.298872 ], [ 108.031502, 11.30516 ], [ 108.028168, 11.30984 ], [ 108.027611, 11.317591 ], [ 108.028389, 11.320423 ], [ 108.028198, 11.326518 ], [ 108.026588, 11.326662 ], [ 108.00354, 11.332495 ], [ 107.999252, 11.33772 ], [ 107.996803, 11.338173 ], [ 107.992912, 11.340993 ], [ 107.986839, 11.34027 ], [ 107.980408, 11.342739 ], [ 107.975891, 11.343629 ], [ 107.965935, 11.348893 ], [ 107.960648, 11.351162 ], [ 107.957321, 11.351261 ], [ 107.9524, 11.348237 ], [ 107.946739, 11.347466 ], [ 107.940346, 11.347687 ], [ 107.93821, 11.348855 ], [ 107.936569, 11.354212 ], [ 107.933319, 11.357743 ], [ 107.927223, 11.359624 ], [ 107.907616, 11.363194 ], [ 107.887383, 11.365116 ], [ 107.884285, 11.365649 ], [ 107.872353, 11.366163 ], [ 107.857147, 11.367492 ], [ 107.841248, 11.36821 ], [ 107.816399, 11.370343 ], [ 107.796471, 11.371785 ], [ 107.789749, 11.370265 ], [ 107.779846, 11.370278 ], [ 107.769127, 11.369743 ], [ 107.753754, 11.368267 ], [ 107.748749, 11.366784 ], [ 107.737923, 11.366386 ], [ 107.736809, 11.362272 ], [ 107.734566, 11.359505 ], [ 107.73188, 11.359762 ], [ 107.730446, 11.357514 ], [ 107.727989, 11.360069 ], [ 107.724625, 11.36138 ], [ 107.721779, 11.359478 ], [ 107.722961, 11.353095 ], [ 107.720695, 11.346243 ], [ 107.718529, 11.341813 ], [ 107.713997, 11.33686 ], [ 107.710274, 11.334138 ], [ 107.705521, 11.332944 ], [ 107.697281, 11.328968 ], [ 107.68705, 11.323237 ], [ 107.680435, 11.322799 ], [ 107.677208, 11.323717 ], [ 107.670265, 11.323991 ], [ 107.666527, 11.324908 ], [ 107.656624, 11.33178 ], [ 107.646393, 11.337463 ], [ 107.640213, 11.336712 ], [ 107.631844, 11.337287 ], [ 107.62384, 11.338971 ], [ 107.612053, 11.342763 ], [ 107.60743, 11.345374 ], [ 107.605881, 11.348938 ], [ 107.603157, 11.351365 ], [ 107.599449, 11.352576 ], [ 107.593658, 11.358211 ], [ 107.591721, 11.363529 ], [ 107.584877, 11.368921 ], [ 107.575912, 11.381355 ], [ 107.566994, 11.381507 ], [ 107.560417, 11.374493 ], [ 107.554436, 11.370334 ], [ 107.543785, 11.366178 ], [ 107.542885, 11.362074 ], [ 107.542664, 11.361048 ], [ 107.5364, 11.355267 ], [ 107.533821, 11.355665 ], [ 107.530235, 11.360478 ], [ 107.524498, 11.361928 ], [ 107.524391, 11.369397 ], [ 107.51918, 11.369203 ], [ 107.516708, 11.371639 ], [ 107.512947, 11.383974 ], [ 107.503441, 11.382799 ], [ 107.49942, 11.389588 ], [ 107.49929, 11.393114 ], [ 107.49633, 11.395793 ], [ 107.4888, 11.396426 ], [ 107.486938, 11.401234 ], [ 107.485504, 11.408139 ], [ 107.486702, 11.411885 ], [ 107.487701, 11.418947 ], [ 107.486549, 11.420552 ], [ 107.488609, 11.423848 ], [ 107.485962, 11.429461 ], [ 107.479424, 11.430674 ], [ 107.478027, 11.433255 ], [ 107.471786, 11.436483 ], [ 107.469864, 11.434267 ], [ 107.464928, 11.434258 ], [ 107.460197, 11.430929 ], [ 107.454475, 11.433595 ], [ 107.45256, 11.426076 ], [ 107.454735, 11.424063 ], [ 107.45372, 11.420084 ], [ 107.444969, 11.41908 ], [ 107.443581, 11.423567 ], [ 107.446579, 11.426223 ], [ 107.446259, 11.428279 ], [ 107.442657, 11.431812 ], [ 107.438324, 11.430815 ], [ 107.434822, 11.427603 ], [ 107.430275, 11.425419 ], [ 107.429237, 11.429552 ], [ 107.430923, 11.431839 ], [ 107.428894, 11.436331 ], [ 107.430168, 11.439886 ], [ 107.43335, 11.442254 ], [ 107.436607, 11.442199 ], [ 107.438858, 11.444921 ], [ 107.446701, 11.448225 ], [ 107.448448, 11.451379 ], [ 107.448608, 11.455564 ], [ 107.45108, 11.458595 ], [ 107.461082, 11.462057 ], [ 107.46244, 11.465287 ], [ 107.461121, 11.468682 ], [ 107.461441, 11.47296 ], [ 107.465431, 11.477091 ], [ 107.467934, 11.477342 ], [ 107.470535, 11.479509 ], [ 107.466736, 11.482127 ], [ 107.459999, 11.490254 ], [ 107.454521, 11.492699 ], [ 107.453156, 11.50149 ], [ 107.448067, 11.504356 ], [ 107.443146, 11.509103 ], [ 107.441116, 11.509998 ], [ 107.441635, 11.515138 ], [ 107.437256, 11.512508 ], [ 107.432487, 11.512548 ], [ 107.431824, 11.517133 ], [ 107.427956, 11.518483 ], [ 107.423859, 11.515287 ], [ 107.421219, 11.511576 ], [ 107.419052, 11.511719 ], [ 107.4123, 11.517923 ], [ 107.409851, 11.525285 ], [ 107.409592, 11.528235 ], [ 107.402092, 11.529772 ], [ 107.398384, 11.526917 ], [ 107.392914, 11.527275 ], [ 107.386795, 11.526102 ], [ 107.386063, 11.521905 ], [ 107.384171, 11.520164 ], [ 107.378693, 11.519016 ], [ 107.375351, 11.515813 ], [ 107.371086, 11.515252 ], [ 107.368172, 11.516969 ], [ 107.367966, 11.519135 ], [ 107.371735, 11.520642 ], [ 107.376122, 11.523743 ], [ 107.375084, 11.529084 ], [ 107.375435, 11.532971 ], [ 107.378654, 11.542791 ], [ 107.374084, 11.550643 ], [ 107.372955, 11.556236 ], [ 107.368874, 11.558747 ], [ 107.369064, 11.555201 ], [ 107.372787, 11.550936 ], [ 107.369461, 11.548861 ], [ 107.366592, 11.552366 ], [ 107.360664, 11.554799 ], [ 107.361328, 11.557994 ], [ 107.3666, 11.560994 ], [ 107.361496, 11.566682 ], [ 107.360977, 11.569321 ], [ 107.366135, 11.573326 ], [ 107.363106, 11.577052 ], [ 107.362633, 11.580789 ], [ 107.359268, 11.581883 ], [ 107.357475, 11.58036 ], [ 107.35778, 11.5749 ], [ 107.355736, 11.566478 ], [ 107.356911, 11.562108 ], [ 107.35582, 11.557537 ], [ 107.353828, 11.555357 ], [ 107.349976, 11.555075 ], [ 107.346962, 11.551711 ], [ 107.346542, 11.543652 ], [ 107.340431, 11.543387 ], [ 107.3367, 11.545959 ], [ 107.333534, 11.55338 ], [ 107.327263, 11.554419 ], [ 107.315331, 11.554201 ], [ 107.311478, 11.553478 ], [ 107.309143, 11.556634 ], [ 107.304352, 11.565236 ], [ 107.302223, 11.570084 ], [ 107.303604, 11.571798 ], [ 107.307793, 11.570228 ], [ 107.309494, 11.568269 ], [ 107.311623, 11.571672 ], [ 107.306145, 11.57526 ], [ 107.30101, 11.577183 ], [ 107.299248, 11.579205 ], [ 107.297325, 11.586059 ], [ 107.30629, 11.6002 ], [ 107.300514, 11.606582 ], [ 107.301605, 11.611342 ], [ 107.304291, 11.616402 ], [ 107.302788, 11.619332 ], [ 107.287354, 11.631124 ], [ 107.279419, 11.634199 ], [ 107.271805, 11.63616 ], [ 107.269684, 11.63848 ], [ 107.268623, 11.643724 ], [ 107.273071, 11.649569 ], [ 107.271805, 11.652455 ], [ 107.265961, 11.657475 ], [ 107.265793, 11.661077 ], [ 107.27269, 11.671272 ], [ 107.27771, 11.681301 ], [ 107.284195, 11.685437 ], [ 107.283997, 11.688472 ], [ 107.279274, 11.691107 ], [ 107.279724, 11.694403 ], [ 107.28392, 11.698808 ], [ 107.284149, 11.704877 ], [ 107.285721, 11.714598 ], [ 107.285446, 11.723885 ], [ 107.286156, 11.726439 ], [ 107.289276, 11.729522 ], [ 107.295776, 11.729354 ], [ 107.297119, 11.730557 ], [ 107.298264, 11.735387 ], [ 107.30024, 11.738633 ], [ 107.302948, 11.740247 ], [ 107.310646, 11.740019 ], [ 107.314888, 11.740771 ], [ 107.322845, 11.746306 ], [ 107.32608, 11.749479 ], [ 107.334671, 11.748006 ], [ 107.339722, 11.750149 ], [ 107.348549, 11.751038 ], [ 107.354042, 11.753842 ], [ 107.355919, 11.756722 ], [ 107.35582, 11.761363 ], [ 107.357758, 11.762022 ], [ 107.362709, 11.761008 ], [ 107.365822, 11.766681 ], [ 107.371704, 11.769755 ], [ 107.380241, 11.77164 ], [ 107.38723, 11.77244 ], [ 107.388298, 11.768299 ], [ 107.390373, 11.766747 ], [ 107.395287, 11.770145 ], [ 107.399117, 11.775472 ], [ 107.400215, 11.780078 ], [ 107.396835, 11.782339 ], [ 107.398384, 11.786867 ], [ 107.394936, 11.790394 ], [ 107.395103, 11.796553 ], [ 107.397865, 11.801446 ], [ 107.401711, 11.799775 ], [ 107.406815, 11.803158 ], [ 107.410675, 11.808005 ], [ 107.409187, 11.811072 ], [ 107.406563, 11.813403 ], [ 107.40638, 11.818694 ], [ 107.409775, 11.821682 ], [ 107.410103, 11.824659 ], [ 107.414513, 11.827378 ], [ 107.415901, 11.834629 ], [ 107.41909, 11.835495 ], [ 107.417526, 11.83834 ], [ 107.421806, 11.843146 ], [ 107.423576, 11.846185 ], [ 107.428032, 11.845029 ], [ 107.427292, 11.860195 ], [ 107.424744, 11.863047 ], [ 107.419777, 11.866174 ], [ 107.413857, 11.865536 ], [ 107.409424, 11.866492 ], [ 107.407265, 11.8685 ], [ 107.406715, 11.877001 ], [ 107.405815, 11.880835 ], [ 107.402618, 11.884668 ], [ 107.403076, 11.889189 ], [ 107.393539, 11.899709 ], [ 107.385475, 11.913043 ], [ 107.384171, 11.919754 ], [ 107.38208, 11.922279 ], [ 107.376099, 11.924073 ], [ 107.374077, 11.926772 ], [ 107.369324, 11.928556 ], [ 107.368118, 11.931516 ], [ 107.361458, 11.933049 ], [ 107.352234, 11.938624 ], [ 107.355446, 11.941919 ], [ 107.355019, 11.947192 ], [ 107.357048, 11.951343 ], [ 107.35228, 11.954292 ], [ 107.353416, 11.956799 ], [ 107.352501, 11.962076 ], [ 107.349976, 11.965558 ], [ 107.350754, 11.968125 ], [ 107.346931, 11.970518 ], [ 107.344482, 11.973451 ], [ 107.343102, 11.980861 ], [ 107.33905, 11.988412 ], [ 107.334129, 11.993569 ], [ 107.330399, 11.996434 ], [ 107.324234, 11.999474 ], [ 107.323944, 12.002889 ], [ 107.32061, 12.004657 ], [ 107.317253, 12.004777 ], [ 107.31234, 12.007565 ], [ 107.309151, 12.00521 ], [ 107.305435, 12.006248 ], [ 107.304802, 12.008909 ], [ 107.298737, 12.007585 ], [ 107.297256, 12.009062 ], [ 107.293991, 12.008815 ], [ 107.295441, 12.014664 ], [ 107.288963, 12.019755 ], [ 107.289291, 12.015264 ], [ 107.283348, 12.017512 ], [ 107.280418, 12.012682 ], [ 107.274269, 12.012823 ], [ 107.270668, 12.016333 ], [ 107.267059, 12.013584 ], [ 107.266426, 12.016522 ], [ 107.261864, 12.016559 ], [ 107.250992, 12.02013 ], [ 107.249077, 12.025644 ], [ 107.241913, 12.026802 ], [ 107.244942, 12.032644 ], [ 107.243446, 12.03756 ], [ 107.240814, 12.03474 ], [ 107.236908, 12.036329 ], [ 107.233513, 12.030948 ], [ 107.233765, 12.027738 ], [ 107.231239, 12.026842 ], [ 107.232475, 12.03407 ], [ 107.23111, 12.036421 ], [ 107.23307, 12.045765 ], [ 107.230354, 12.053197 ], [ 107.231476, 12.062816 ], [ 107.22995, 12.07083 ], [ 107.229568, 12.084477 ], [ 107.23053, 12.0876 ], [ 107.23365, 12.090522 ], [ 107.231712, 12.094313 ], [ 107.231552, 12.097813 ], [ 107.233871, 12.100788 ], [ 107.237488, 12.107389 ], [ 107.238838, 12.112811 ], [ 107.237411, 12.11506 ], [ 107.227196, 12.115241 ], [ 107.226257, 12.122567 ], [ 107.221481, 12.126264 ], [ 107.225685, 12.130719 ], [ 107.227318, 12.13617 ], [ 107.227081, 12.149199 ], [ 107.220337, 12.198336 ], [ 107.214401, 12.236343 ], [ 107.209061, 12.274734 ], [ 107.20562, 12.295561 ], [ 107.206886, 12.29899 ], [ 107.209183, 12.29687 ], [ 107.210968, 12.29858 ], [ 107.21524, 12.297401 ], [ 107.219681, 12.299031 ], [ 107.221138, 12.296442 ], [ 107.224037, 12.29478 ], [ 107.226036, 12.29705 ], [ 107.230042, 12.295391 ], [ 107.235291, 12.298411 ], [ 107.236511, 12.300841 ], [ 107.24028, 12.30149 ], [ 107.242188, 12.303291 ], [ 107.242661, 12.306311 ], [ 107.246361, 12.30642 ], [ 107.249443, 12.30807 ], [ 107.250107, 12.310982 ], [ 107.254921, 12.31235 ], [ 107.256096, 12.31457 ], [ 107.263779, 12.31632 ], [ 107.26516, 12.320611 ], [ 107.267433, 12.324121 ], [ 107.27018, 12.325081 ], [ 107.273788, 12.32461 ], [ 107.280739, 12.321542 ], [ 107.28521, 12.322732 ], [ 107.287682, 12.326011 ], [ 107.291321, 12.327671 ], [ 107.29763, 12.328721 ], [ 107.302818, 12.3283 ], [ 107.308662, 12.332701 ], [ 107.311729, 12.32946 ], [ 107.312057, 12.321811 ], [ 107.316719, 12.32097 ], [ 107.320488, 12.322041 ], [ 107.325279, 12.325352 ], [ 107.333839, 12.32644 ], [ 107.33638, 12.32594 ], [ 107.339897, 12.327862 ], [ 107.343987, 12.33441 ], [ 107.345833, 12.33346 ], [ 107.348923, 12.32631 ], [ 107.352676, 12.324001 ], [ 107.355827, 12.320571 ], [ 107.36216, 12.318939 ], [ 107.363892, 12.317111 ], [ 107.3657, 12.312451 ], [ 107.37027, 12.30924 ], [ 107.37455, 12.305211 ], [ 107.377823, 12.300691 ], [ 107.376938, 12.29619 ], [ 107.382111, 12.295102 ], [ 107.381279, 12.292743 ], [ 107.383156, 12.287731 ], [ 107.388123, 12.284811 ], [ 107.385719, 12.27861 ], [ 107.387253, 12.275551 ], [ 107.386459, 12.270592 ], [ 107.395958, 12.263262 ], [ 107.398323, 12.25983 ], [ 107.397278, 12.25668 ], [ 107.403763, 12.252231 ], [ 107.409073, 12.250431 ], [ 107.412949, 12.247511 ], [ 107.416969, 12.23981 ], [ 107.419746, 12.244691 ], [ 107.426682, 12.245371 ], [ 107.433586, 12.24448 ], [ 107.433136, 12.24992 ], [ 107.435936, 12.25268 ], [ 107.436478, 12.255811 ], [ 107.440941, 12.261082 ], [ 107.44149, 12.265712 ], [ 107.438332, 12.26919 ], [ 107.440193, 12.274261 ], [ 107.443779, 12.27732 ], [ 107.443336, 12.28367 ], [ 107.444237, 12.29132 ], [ 107.450592, 12.291649 ], [ 107.457336, 12.293281 ], [ 107.459526, 12.29623 ], [ 107.462883, 12.29716 ], [ 107.466599, 12.300341 ], [ 107.467751, 12.3043 ], [ 107.467567, 12.31039 ], [ 107.474907, 12.31191 ], [ 107.482216, 12.316622 ], [ 107.493263, 12.320931 ], [ 107.500397, 12.322898 ], [ 107.511307, 12.32791 ], [ 107.515213, 12.330791 ], [ 107.517349, 12.33647 ], [ 107.521217, 12.33898 ], [ 107.527687, 12.33973 ], [ 107.528893, 12.34401 ], [ 107.53376, 12.344313 ], [ 107.535889, 12.34672 ], [ 107.537483, 12.350761 ], [ 107.543053, 12.3493 ], [ 107.546417, 12.354261 ], [ 107.547791, 12.360951 ], [ 107.54776, 12.36495 ], [ 107.546013, 12.372601 ], [ 107.551193, 12.37427 ], [ 107.554787, 12.378381 ], [ 107.553947, 12.38152 ], [ 107.549347, 12.38678 ], [ 107.548477, 12.390201 ], [ 107.546288, 12.393162 ], [ 107.544312, 12.399461 ], [ 107.546097, 12.4043 ], [ 107.544151, 12.412531 ], [ 107.544617, 12.41588 ], [ 107.551331, 12.41867 ], [ 107.551346, 12.420521 ], [ 107.554222, 12.425069 ], [ 107.555527, 12.43255 ], [ 107.56179, 12.441051 ], [ 107.561012, 12.443491 ], [ 107.562637, 12.446972 ], [ 107.565849, 12.447943 ], [ 107.568459, 12.454341 ], [ 107.565788, 12.45615 ], [ 107.566063, 12.459081 ], [ 107.56897, 12.46247 ], [ 107.567261, 12.46711 ], [ 107.564682, 12.469921 ], [ 107.56916, 12.475659 ], [ 107.57518, 12.478091 ], [ 107.576553, 12.482062 ], [ 107.575943, 12.485671 ], [ 107.578239, 12.488931 ], [ 107.577812, 12.49178 ], [ 107.57914, 12.494811 ], [ 107.577469, 12.496969 ], [ 107.572571, 12.498771 ], [ 107.568748, 12.503251 ], [ 107.569527, 12.50638 ], [ 107.566811, 12.507269 ], [ 107.568512, 12.51175 ], [ 107.561447, 12.517311 ], [ 107.561943, 12.521659 ], [ 107.564529, 12.52673 ], [ 107.567711, 12.52885 ], [ 107.571426, 12.52952 ], [ 107.574837, 12.532111 ], [ 107.576981, 12.535081 ], [ 107.57531, 12.538462 ], [ 107.575478, 12.541631 ], [ 107.577652, 12.54265 ], [ 107.577408, 12.545481 ], [ 107.579941, 12.546841 ], [ 107.582306, 12.551141 ], [ 107.588806, 12.55508 ], [ 107.589966, 12.558221 ], [ 107.585297, 12.565862 ], [ 107.582977, 12.566761 ], [ 107.582832, 12.57031 ], [ 107.580566, 12.57366 ], [ 107.580017, 12.58021 ], [ 107.583046, 12.59303 ], [ 107.586037, 12.59729 ], [ 107.58564, 12.60322 ], [ 107.583611, 12.605021 ], [ 107.581757, 12.60896 ], [ 107.585129, 12.611642 ], [ 107.57885, 12.62262 ], [ 107.572906, 12.625681 ], [ 107.57399, 12.630832 ], [ 107.571709, 12.635972 ], [ 107.572388, 12.63994 ], [ 107.569656, 12.64213 ], [ 107.569786, 12.647051 ], [ 107.573288, 12.6478 ], [ 107.57399, 12.64968 ], [ 107.570442, 12.654541 ], [ 107.571716, 12.661261 ], [ 107.571426, 12.666342 ], [ 107.573051, 12.668661 ], [ 107.575783, 12.669432 ], [ 107.576721, 12.671631 ], [ 107.576187, 12.675542 ], [ 107.581566, 12.679501 ], [ 107.57489, 12.68782 ], [ 107.57354, 12.69198 ], [ 107.570137, 12.69217 ], [ 107.568756, 12.69973 ], [ 107.567032, 12.70267 ], [ 107.56189, 12.704161 ], [ 107.559402, 12.70734 ], [ 107.558563, 12.71547 ], [ 107.56147, 12.718921 ], [ 107.567146, 12.727502 ], [ 107.56694, 12.73175 ], [ 107.563507, 12.734979 ], [ 107.562561, 12.737801 ], [ 107.563972, 12.746421 ], [ 107.559532, 12.74614 ], [ 107.559502, 12.75201 ], [ 107.558296, 12.758639 ], [ 107.559219, 12.763761 ], [ 107.559372, 12.76954 ], [ 107.56179, 12.773431 ], [ 107.558777, 12.77842 ], [ 107.559502, 12.78544 ], [ 107.563141, 12.787051 ], [ 107.561913, 12.792642 ], [ 107.559708, 12.79665 ], [ 107.557663, 12.80422 ], [ 107.553932, 12.804261 ], [ 107.552467, 12.806 ], [ 107.552902, 12.81353 ], [ 107.554596, 12.81688 ], [ 107.551506, 12.819159 ], [ 107.551613, 12.822371 ], [ 107.545746, 12.82388 ], [ 107.54232, 12.82865 ], [ 107.542068, 12.83239 ], [ 107.539688, 12.835311 ], [ 107.53083, 12.839831 ], [ 107.526596, 12.841121 ], [ 107.525391, 12.848031 ], [ 107.522568, 12.852941 ], [ 107.516731, 12.856141 ], [ 107.511642, 12.857652 ], [ 107.513718, 12.862942 ], [ 107.51165, 12.86915 ], [ 107.504433, 12.871241 ], [ 107.498756, 12.878011 ], [ 107.497231, 12.89221 ], [ 107.492096, 12.895 ], [ 107.491997, 12.897421 ], [ 107.495567, 12.901321 ], [ 107.497047, 12.9046 ], [ 107.495132, 12.90795 ], [ 107.498283, 12.90988 ], [ 107.502251, 12.915041 ], [ 107.501793, 12.916282 ], [ 107.496819, 12.918671 ], [ 107.495232, 12.923541 ], [ 107.492889, 12.923731 ], [ 107.493156, 12.927721 ], [ 107.496147, 12.92967 ], [ 107.494537, 12.932079 ], [ 107.493416, 12.93687 ], [ 107.487389, 12.942269 ], [ 107.484596, 12.943931 ], [ 107.484787, 12.947671 ], [ 107.487701, 12.94964 ], [ 107.485466, 12.95291 ], [ 107.487213, 12.95457 ], [ 107.486481, 12.959499 ], [ 107.490517, 12.9639 ], [ 107.487442, 12.968791 ], [ 107.489639, 12.970929 ], [ 107.495811, 12.97284 ], [ 107.500946, 12.971412 ], [ 107.504303, 12.972971 ], [ 107.503777, 12.976791 ], [ 107.500809, 12.977972 ], [ 107.498138, 12.981601 ], [ 107.496712, 12.987242 ], [ 107.497871, 12.989331 ], [ 107.499077, 12.99577 ], [ 107.498001, 12.997901 ], [ 107.49189, 13.00056 ], [ 107.490707, 13.00466 ], [ 107.492523, 13.012681 ], [ 107.491096, 13.01628 ], [ 107.491623, 13.02113 ], [ 107.493919, 13.023251 ], [ 107.492111, 13.026021 ], [ 107.489906, 13.033471 ], [ 107.495171, 13.04597 ], [ 107.497238, 13.0536 ], [ 107.505157, 13.07135 ], [ 107.523773, 13.113722 ], [ 107.54686, 13.166611 ], [ 107.57695, 13.235551 ], [ 107.60659, 13.30393 ], [ 107.607323, 13.305803 ], [ 107.616333, 13.326411 ], [ 107.61879, 13.333793 ], [ 107.62999, 13.36073 ], [ 107.628143, 13.387291 ], [ 107.622856, 13.459781 ], [ 107.619598, 13.500851 ], [ 107.61673, 13.525541 ], [ 107.574417, 13.619651 ], [ 107.571281, 13.624061 ], [ 107.571091, 13.63339 ], [ 107.570351, 13.642812 ], [ 107.569656, 13.66287 ], [ 107.561836, 13.67541 ], [ 107.554596, 13.68506 ], [ 107.551147, 13.69058 ], [ 107.547623, 13.70023 ], [ 107.541687, 13.718579 ], [ 107.53315, 13.7426 ], [ 107.499207, 13.76728 ], [ 107.488861, 13.77342 ], [ 107.478622, 13.774571 ], [ 107.474068, 13.776002 ], [ 107.467567, 13.77937 ], [ 107.46032, 13.7848 ], [ 107.459061, 13.78725 ], [ 107.454056, 13.79055 ], [ 107.451683, 13.793112 ], [ 107.453842, 13.797662 ], [ 107.459068, 13.804001 ], [ 107.461258, 13.81069 ], [ 107.462029, 13.815651 ], [ 107.457481, 13.82042 ], [ 107.455627, 13.8241 ], [ 107.455841, 13.826831 ], [ 107.461479, 13.83363 ], [ 107.464462, 13.83536 ], [ 107.466568, 13.83825 ], [ 107.472908, 13.849602 ], [ 107.473679, 13.857383 ], [ 107.471916, 13.860029 ], [ 107.468491, 13.8618 ], [ 107.464867, 13.862251 ], [ 107.45755, 13.866201 ], [ 107.454391, 13.870231 ], [ 107.457611, 13.876601 ], [ 107.469299, 13.88708 ], [ 107.471451, 13.89315 ], [ 107.470833, 13.898241 ], [ 107.471809, 13.903821 ], [ 107.471153, 13.907549 ], [ 107.473419, 13.91627 ], [ 107.472267, 13.91954 ], [ 107.46669, 13.921659 ], [ 107.460136, 13.92077 ], [ 107.452217, 13.929231 ], [ 107.453003, 13.938981 ], [ 107.45253, 13.94616 ], [ 107.453323, 13.954201 ], [ 107.454811, 13.961702 ], [ 107.453468, 13.96556 ], [ 107.454742, 13.978081 ], [ 107.451416, 13.980001 ], [ 107.444023, 13.98849 ], [ 107.44297, 13.995951 ], [ 107.43718, 13.99487 ], [ 107.432617, 13.992151 ], [ 107.429459, 13.994861 ], [ 107.426003, 13.995649 ], [ 107.422913, 13.99285 ], [ 107.415459, 13.992691 ], [ 107.41198, 13.991971 ], [ 107.408981, 13.989001 ], [ 107.40451, 13.987901 ], [ 107.399307, 13.989411 ], [ 107.397049, 13.991481 ], [ 107.392372, 13.988841 ], [ 107.385849, 13.988861 ], [ 107.383888, 13.987451 ], [ 107.38176, 13.992981 ], [ 107.374977, 13.999821 ], [ 107.369232, 14.007861 ], [ 107.36557, 14.011861 ], [ 107.359131, 14.014411 ], [ 107.357437, 14.01807 ], [ 107.357651, 14.023291 ], [ 107.356728, 14.026992 ], [ 107.358032, 14.028731 ], [ 107.363907, 14.031299 ], [ 107.365318, 14.033651 ], [ 107.365379, 14.041861 ], [ 107.363533, 14.04912 ], [ 107.363678, 14.05173 ], [ 107.36573, 14.055221 ], [ 107.364273, 14.062082 ], [ 107.36599, 14.064971 ], [ 107.369308, 14.065681 ], [ 107.376587, 14.064522 ], [ 107.38031, 14.065512 ], [ 107.383133, 14.077171 ], [ 107.38163, 14.07941 ], [ 107.374802, 14.08152 ], [ 107.371498, 14.08374 ], [ 107.3675, 14.0831 ], [ 107.365532, 14.085092 ], [ 107.361366, 14.084141 ], [ 107.354164, 14.091302 ], [ 107.350136, 14.091391 ], [ 107.345337, 14.095601 ], [ 107.341568, 14.09543 ], [ 107.338417, 14.09857 ], [ 107.333862, 14.100929 ], [ 107.33268, 14.105011 ], [ 107.33416, 14.106171 ], [ 107.336273, 14.111742 ], [ 107.33445, 14.114811 ], [ 107.338852, 14.122091 ], [ 107.337898, 14.126631 ], [ 107.341347, 14.133051 ], [ 107.345108, 14.135691 ], [ 107.346992, 14.14096 ], [ 107.353653, 14.14847 ], [ 107.352699, 14.153631 ], [ 107.354736, 14.155882 ], [ 107.357559, 14.155891 ], [ 107.362411, 14.1624 ], [ 107.358643, 14.169221 ], [ 107.362411, 14.172522 ], [ 107.365662, 14.17734 ], [ 107.369133, 14.180261 ], [ 107.376198, 14.178051 ], [ 107.38015, 14.183341 ], [ 107.381577, 14.18655 ], [ 107.382721, 14.194131 ], [ 107.386688, 14.2011 ], [ 107.38884, 14.20846 ], [ 107.394753, 14.208071 ], [ 107.394882, 14.211771 ], [ 107.397102, 14.214961 ], [ 107.397293, 14.221491 ], [ 107.400032, 14.22583 ], [ 107.403992, 14.228601 ], [ 107.405563, 14.231531 ], [ 107.40863, 14.233681 ], [ 107.404877, 14.241541 ], [ 107.401497, 14.24498 ], [ 107.400848, 14.24734 ], [ 107.403633, 14.254231 ], [ 107.409248, 14.259051 ], [ 107.410339, 14.262853 ], [ 107.4104, 14.26838 ], [ 107.409256, 14.271411 ], [ 107.410446, 14.27365 ], [ 107.40844, 14.279359 ], [ 107.408226, 14.28282 ], [ 107.406357, 14.28468 ], [ 107.407738, 14.294512 ], [ 107.4058, 14.30006 ], [ 107.401657, 14.302691 ], [ 107.397766, 14.30652 ], [ 107.398148, 14.30945 ], [ 107.396576, 14.312301 ], [ 107.392113, 14.314401 ], [ 107.392311, 14.31917 ], [ 107.391518, 14.324391 ], [ 107.392822, 14.32606 ], [ 107.398849, 14.329761 ], [ 107.400818, 14.332631 ], [ 107.403152, 14.340672 ], [ 107.408287, 14.34383 ], [ 107.411461, 14.354661 ], [ 107.410683, 14.359939 ], [ 107.414192, 14.359892 ], [ 107.418121, 14.362441 ], [ 107.423149, 14.36922 ], [ 107.428116, 14.37392 ], [ 107.434982, 14.379123 ], [ 107.439873, 14.379001 ], [ 107.440598, 14.383572 ], [ 107.442398, 14.38663 ], [ 107.44149, 14.393901 ], [ 107.442322, 14.395971 ], [ 107.447021, 14.40085 ], [ 107.449089, 14.40977 ], [ 107.449348, 14.41457 ], [ 107.452118, 14.41621 ], [ 107.453331, 14.413001 ], [ 107.458771, 14.41112 ], [ 107.459991, 14.404661 ], [ 107.466682, 14.402652 ], [ 107.469933, 14.403361 ], [ 107.473801, 14.406429 ], [ 107.476128, 14.406149 ], [ 107.477692, 14.403551 ], [ 107.48204, 14.401511 ], [ 107.4888, 14.404027 ], [ 107.491081, 14.412079 ], [ 107.491386, 14.418331 ], [ 107.490318, 14.426891 ], [ 107.493118, 14.43186 ], [ 107.49855, 14.434292 ], [ 107.498726, 14.437141 ], [ 107.503311, 14.44847 ], [ 107.503899, 14.452491 ], [ 107.505981, 14.45502 ], [ 107.505035, 14.458192 ], [ 107.502518, 14.46011 ], [ 107.50209, 14.46374 ], [ 107.505096, 14.46831 ], [ 107.506691, 14.481641 ], [ 107.507721, 14.484291 ], [ 107.510902, 14.487382 ], [ 107.510803, 14.49413 ], [ 107.514809, 14.495992 ], [ 107.514473, 14.500031 ], [ 107.512123, 14.50045 ], [ 107.508156, 14.506552 ], [ 107.512291, 14.508977 ], [ 107.516479, 14.509291 ], [ 107.522141, 14.515831 ], [ 107.524033, 14.52293 ], [ 107.523056, 14.52656 ], [ 107.526268, 14.532041 ], [ 107.528526, 14.53407 ], [ 107.528557, 14.54178 ], [ 107.532928, 14.54395 ], [ 107.530479, 14.547741 ], [ 107.532959, 14.552011 ], [ 107.530693, 14.556121 ], [ 107.525833, 14.558391 ], [ 107.526733, 14.56039 ], [ 107.52433, 14.56476 ], [ 107.523811, 14.569899 ], [ 107.524818, 14.57096 ], [ 107.522812, 14.57844 ], [ 107.517746, 14.582904 ], [ 107.521851, 14.58497 ], [ 107.523438, 14.587491 ], [ 107.522896, 14.589941 ], [ 107.525841, 14.596089 ], [ 107.529701, 14.59524 ], [ 107.531693, 14.59678 ], [ 107.534439, 14.59621 ], [ 107.539352, 14.600402 ], [ 107.539917, 14.602171 ], [ 107.544899, 14.60478 ], [ 107.545906, 14.608951 ], [ 107.544479, 14.613521 ], [ 107.550171, 14.616 ], [ 107.552238, 14.615351 ], [ 107.555901, 14.618521 ], [ 107.560287, 14.621051 ], [ 107.558296, 14.62458 ], [ 107.558929, 14.630851 ], [ 107.557732, 14.634042 ], [ 107.552597, 14.639961 ], [ 107.55191, 14.643751 ], [ 107.552948, 14.64801 ], [ 107.551208, 14.649191 ], [ 107.549332, 14.65538 ], [ 107.555557, 14.657702 ], [ 107.555626, 14.665651 ], [ 107.55294, 14.66732 ], [ 107.551262, 14.6703 ], [ 107.55043, 14.67511 ], [ 107.55349, 14.677351 ], [ 107.557549, 14.683381 ], [ 107.554321, 14.686761 ], [ 107.546753, 14.68682 ], [ 107.544609, 14.68512 ], [ 107.538116, 14.688091 ], [ 107.537415, 14.690011 ], [ 107.542496, 14.690772 ], [ 107.547691, 14.694111 ], [ 107.546509, 14.697656 ], [ 107.549072, 14.704083 ], [ 107.551086, 14.706624 ], [ 107.549538, 14.70967 ], [ 107.54541, 14.714451 ], [ 107.544418, 14.719513 ], [ 107.538338, 14.723078 ], [ 107.534805, 14.723676 ], [ 107.526932, 14.723286 ], [ 107.524704, 14.72176 ], [ 107.521278, 14.727632 ], [ 107.526428, 14.734101 ], [ 107.53315, 14.737451 ], [ 107.536865, 14.740183 ], [ 107.537178, 14.74302 ], [ 107.540756, 14.74779 ], [ 107.541489, 14.750757 ], [ 107.535248, 14.757433 ], [ 107.533646, 14.763901 ], [ 107.530121, 14.766017 ], [ 107.525627, 14.775451 ], [ 107.523186, 14.776264 ], [ 107.519012, 14.775717 ], [ 107.516487, 14.7789 ], [ 107.515953, 14.78184 ], [ 107.513908, 14.783911 ], [ 107.50901, 14.783438 ], [ 107.504921, 14.785902 ], [ 107.506905, 14.792763 ], [ 107.509209, 14.79581 ], [ 107.516106, 14.802407 ], [ 107.52195, 14.803838 ], [ 107.523682, 14.805978 ], [ 107.521729, 14.813688 ], [ 107.526932, 14.814198 ], [ 107.540352, 14.821113 ], [ 107.539848, 14.826267 ], [ 107.54615, 14.83172 ], [ 107.548538, 14.83162 ], [ 107.561127, 14.839189 ], [ 107.562164, 14.842075 ], [ 107.565315, 14.844605 ], [ 107.565826, 14.847755 ], [ 107.569237, 14.852516 ], [ 107.574753, 14.854485 ], [ 107.578568, 14.854644 ], [ 107.580421, 14.859016 ], [ 107.583328, 14.861475 ], [ 107.588913, 14.864032 ], [ 107.588814, 14.870634 ], [ 107.591034, 14.873418 ], [ 107.586967, 14.876365 ], [ 107.587616, 14.880922 ], [ 107.584557, 14.883729 ], [ 107.583519, 14.886817 ], [ 107.585152, 14.88974 ], [ 107.584511, 14.891843 ], [ 107.580887, 14.893375 ], [ 107.577324, 14.893376 ], [ 107.572594, 14.891686 ], [ 107.567795, 14.897684 ], [ 107.561127, 14.902688 ], [ 107.555367, 14.901486 ], [ 107.551239, 14.904125 ], [ 107.546204, 14.904646 ], [ 107.538345, 14.908029 ], [ 107.536346, 14.913715 ], [ 107.532585, 14.915921 ], [ 107.528946, 14.922588 ], [ 107.529465, 14.928121 ], [ 107.524178, 14.929554 ], [ 107.518791, 14.929394 ], [ 107.51358, 14.93119 ], [ 107.510475, 14.92935 ], [ 107.505569, 14.928795 ], [ 107.501373, 14.935301 ], [ 107.499146, 14.93622 ], [ 107.49897, 14.942789 ], [ 107.489723, 14.943623 ], [ 107.486549, 14.948327 ], [ 107.482796, 14.950955 ], [ 107.481415, 14.954195 ], [ 107.478188, 14.957691 ], [ 107.478271, 14.962155 ], [ 107.481888, 14.971471 ], [ 107.479042, 14.971237 ], [ 107.47274, 14.976201 ], [ 107.470795, 14.982521 ], [ 107.46682, 14.98375 ], [ 107.467514, 14.987473 ], [ 107.477287, 14.987259 ], [ 107.475838, 14.989389 ], [ 107.477486, 14.993005 ], [ 107.471985, 14.994704 ], [ 107.46965, 14.99791 ], [ 107.468597, 15.004054 ], [ 107.467323, 15.007077 ], [ 107.469193, 15.012536 ], [ 107.472427, 15.017039 ], [ 107.472237, 15.019559 ], [ 107.47438, 15.021143 ], [ 107.484344, 15.023503 ], [ 107.489029, 15.023968 ], [ 107.49247, 15.022977 ], [ 107.495621, 15.019995 ], [ 107.500465, 15.021633 ], [ 107.50309, 15.024489 ], [ 107.515053, 15.030354 ], [ 107.516708, 15.033726 ], [ 107.517937, 15.039333 ], [ 107.523346, 15.038711 ], [ 107.530624, 15.041758 ], [ 107.539719, 15.049542 ], [ 107.554489, 15.044104 ], [ 107.565048, 15.035152 ], [ 107.569412, 15.035936 ], [ 107.575989, 15.031979 ], [ 107.577385, 15.029238 ], [ 107.582367, 15.028477 ], [ 107.587807, 15.030316 ], [ 107.587402, 15.036043 ], [ 107.589073, 15.040061 ], [ 107.592445, 15.045011 ], [ 107.594864, 15.045946 ], [ 107.592735, 15.048941 ], [ 107.595604, 15.051297 ], [ 107.598717, 15.049486 ], [ 107.60704, 15.046993 ], [ 107.61142, 15.047883 ], [ 107.613899, 15.045706 ], [ 107.621078, 15.050945 ], [ 107.616562, 15.058526 ], [ 107.614761, 15.065856 ], [ 107.610298, 15.067276 ], [ 107.605095, 15.075326 ], [ 107.602608, 15.078079 ], [ 107.601219, 15.082912 ], [ 107.597534, 15.088255 ], [ 107.602928, 15.092328 ], [ 107.611252, 15.100974 ], [ 107.614868, 15.102772 ], [ 107.618553, 15.10321 ], [ 107.62265, 15.107406 ], [ 107.62207, 15.110854 ], [ 107.618721, 15.115207 ], [ 107.618095, 15.119458 ], [ 107.615303, 15.122878 ], [ 107.610245, 15.126068 ], [ 107.60807, 15.129754 ], [ 107.616516, 15.133656 ], [ 107.621849, 15.135135 ], [ 107.624352, 15.139188 ], [ 107.624649, 15.141967 ], [ 107.622665, 15.143456 ], [ 107.622963, 15.146634 ], [ 107.626381, 15.149095 ], [ 107.622177, 15.152295 ], [ 107.619621, 15.152062 ], [ 107.616394, 15.15462 ], [ 107.615334, 15.158841 ], [ 107.610992, 15.166408 ], [ 107.611176, 15.169435 ], [ 107.609634, 15.172277 ], [ 107.607109, 15.173813 ], [ 107.601082, 15.184569 ], [ 107.597343, 15.185985 ], [ 107.595032, 15.190928 ], [ 107.593445, 15.190705 ], [ 107.590912, 15.1945 ], [ 107.582314, 15.196837 ], [ 107.582733, 15.200822 ], [ 107.58857, 15.20298 ], [ 107.591446, 15.205235 ], [ 107.592346, 15.209149 ], [ 107.594131, 15.21108 ], [ 107.597992, 15.209264 ], [ 107.600266, 15.205004 ], [ 107.602112, 15.203886 ], [ 107.606087, 15.208157 ], [ 107.614548, 15.212949 ], [ 107.619583, 15.212246 ], [ 107.621284, 15.216442 ], [ 107.619858, 15.218014 ], [ 107.619057, 15.224787 ], [ 107.621277, 15.227077 ], [ 107.627037, 15.227078 ], [ 107.630142, 15.227896 ], [ 107.629555, 15.231424 ], [ 107.625999, 15.230543 ], [ 107.623512, 15.234753 ], [ 107.623672, 15.239194 ], [ 107.618996, 15.245771 ], [ 107.620392, 15.251883 ], [ 107.618752, 15.255908 ], [ 107.620468, 15.263182 ], [ 107.618011, 15.271026 ], [ 107.615196, 15.271468 ], [ 107.616531, 15.277778 ], [ 107.614906, 15.287201 ], [ 107.617989, 15.294062 ], [ 107.621582, 15.295324 ], [ 107.620003, 15.301465 ], [ 107.623344, 15.307094 ], [ 107.623978, 15.311225 ], [ 107.630287, 15.311194 ], [ 107.63311, 15.313146 ], [ 107.634544, 15.3195 ], [ 107.632095, 15.321212 ], [ 107.630981, 15.324831 ], [ 107.626663, 15.32744 ], [ 107.625938, 15.332272 ], [ 107.621857, 15.332831 ], [ 107.620361, 15.330278 ], [ 107.615448, 15.331092 ], [ 107.614082, 15.333621 ], [ 107.609848, 15.334653 ], [ 107.610023, 15.339469 ], [ 107.607361, 15.343573 ], [ 107.608452, 15.345667 ], [ 107.608665, 15.35088 ], [ 107.60733, 15.353012 ], [ 107.604538, 15.353492 ], [ 107.605576, 15.363274 ], [ 107.608521, 15.367 ], [ 107.607437, 15.3693 ], [ 107.603378, 15.371766 ], [ 107.601883, 15.375976 ], [ 107.59761, 15.377818 ], [ 107.595901, 15.383076 ], [ 107.600044, 15.386341 ], [ 107.605736, 15.388741 ], [ 107.606026, 15.391087 ], [ 107.608421, 15.393222 ], [ 107.612984, 15.394376 ], [ 107.612534, 15.396841 ], [ 107.614967, 15.401252 ], [ 107.614586, 15.402765 ], [ 107.624054, 15.414702 ], [ 107.629044, 15.415583 ], [ 107.631584, 15.417533 ], [ 107.637756, 15.415371 ], [ 107.638588, 15.412351 ], [ 107.644875, 15.404563 ], [ 107.65416, 15.397614 ], [ 107.65522, 15.393316 ], [ 107.659302, 15.389008 ], [ 107.661201, 15.384835 ], [ 107.660843, 15.378894 ], [ 107.659363, 15.372093 ], [ 107.662621, 15.367757 ], [ 107.663994, 15.361936 ], [ 107.662048, 15.358374 ], [ 107.662476, 15.354357 ], [ 107.669815, 15.344703 ], [ 107.673363, 15.343295 ], [ 107.676582, 15.343552 ], [ 107.678902, 15.339295 ], [ 107.678505, 15.334581 ], [ 107.681076, 15.333308 ], [ 107.685944, 15.327372 ], [ 107.690826, 15.325078 ], [ 107.692528, 15.317551 ], [ 107.703384, 15.308976 ], [ 107.707191, 15.303424 ], [ 107.709633, 15.305993 ], [ 107.71476, 15.307734 ], [ 107.729668, 15.308313 ], [ 107.731216, 15.306024 ], [ 107.727043, 15.303024 ], [ 107.729591, 15.300121 ], [ 107.729507, 15.295453 ], [ 107.726608, 15.289108 ], [ 107.729141, 15.28258 ], [ 107.728569, 15.277827 ], [ 107.729813, 15.27185 ], [ 107.728905, 15.267269 ], [ 107.729637, 15.263571 ], [ 107.732277, 15.26146 ], [ 107.73156, 15.255734 ], [ 107.733376, 15.252918 ], [ 107.734657, 15.248339 ], [ 107.735298, 15.242439 ], [ 107.737709, 15.23566 ], [ 107.733635, 15.235853 ], [ 107.734245, 15.231306 ], [ 107.738129, 15.229333 ], [ 107.742821, 15.230723 ], [ 107.746696, 15.230332 ], [ 107.751526, 15.233185 ], [ 107.754219, 15.236298 ], [ 107.75843, 15.235438 ], [ 107.770836, 15.229804 ], [ 107.770576, 15.222929 ], [ 107.778275, 15.217977 ], [ 107.787621, 15.218871 ], [ 107.792458, 15.217387 ], [ 107.79734, 15.216844 ], [ 107.802124, 15.214035 ], [ 107.808411, 15.212182 ], [ 107.814384, 15.213425 ], [ 107.818466, 15.216395 ], [ 107.824989, 15.212651 ], [ 107.82782, 15.209629 ], [ 107.837105, 15.207316 ], [ 107.840546, 15.208353 ], [ 107.847382, 15.206694 ], [ 107.850487, 15.209703 ], [ 107.854523, 15.210161 ], [ 107.856567, 15.209046 ], [ 107.861458, 15.210687 ], [ 107.871948, 15.21015 ], [ 107.874535, 15.206226 ], [ 107.879295, 15.20172 ], [ 107.882469, 15.196513 ], [ 107.886108, 15.19572 ], [ 107.890923, 15.193042 ], [ 107.896194, 15.200302 ], [ 107.898224, 15.20411 ], [ 107.903168, 15.206561 ], [ 107.905952, 15.20629 ], [ 107.910698, 15.207506 ], [ 107.914001, 15.212037 ], [ 107.920341, 15.21025 ], [ 107.927521, 15.209642 ], [ 107.930534, 15.206694 ], [ 107.930664, 15.203178 ], [ 107.933563, 15.200546 ], [ 107.933167, 15.195186 ], [ 107.937752, 15.190463 ], [ 107.940987, 15.190362 ], [ 107.944435, 15.187853 ], [ 107.946404, 15.18807 ], [ 107.949326, 15.184175 ], [ 107.949135, 15.17952 ], [ 107.949982, 15.175196 ], [ 107.957047, 15.173919 ], [ 107.962173, 15.172313 ], [ 107.964806, 15.169513 ], [ 107.968826, 15.169039 ], [ 107.978226, 15.166514 ], [ 107.981789, 15.166401 ], [ 107.982101, 15.16449 ], [ 107.98616, 15.159255 ], [ 107.992188, 15.15677 ], [ 107.99398, 15.157413 ], [ 107.99942, 15.156156 ], [ 107.999809, 15.149544 ], [ 108.001381, 15.147532 ], [ 108.00309, 15.142285 ], [ 108.002983, 15.138382 ], [ 108.000923, 15.135579 ], [ 108.000748, 15.130567 ], [ 107.998016, 15.127702 ], [ 107.998428, 15.123239 ], [ 108.000717, 15.120771 ], [ 107.999962, 15.117741 ], [ 107.995422, 15.114655 ], [ 107.992821, 15.110316 ], [ 107.990601, 15.102878 ], [ 107.987473, 15.098784 ], [ 107.988235, 15.095483 ], [ 107.98288, 15.092065 ], [ 107.983498, 15.087756 ], [ 107.979591, 15.085434 ], [ 107.975151, 15.085541 ], [ 107.975578, 15.083049 ], [ 107.978249, 15.079266 ], [ 107.974937, 15.074281 ], [ 107.976044, 15.071549 ], [ 107.975227, 15.068873 ], [ 107.967812, 15.065671 ], [ 107.964058, 15.065522 ], [ 107.959007, 15.061663 ], [ 107.957024, 15.059055 ], [ 107.954582, 15.058306 ], [ 107.951164, 15.053509 ], [ 107.95298, 15.048362 ], [ 107.958611, 15.043885 ], [ 107.958321, 15.038121 ], [ 107.959381, 15.032912 ], [ 107.962463, 15.027812 ], [ 107.964478, 15.021227 ], [ 107.9692, 15.01646 ], [ 107.969704, 15.014756 ], [ 107.973373, 15.012178 ], [ 107.978432, 15.009863 ], [ 107.982712, 15.009249 ], [ 107.982849, 15.006268 ], [ 107.986351, 15.001312 ], [ 107.990349, 14.998323 ], [ 107.994553, 15.000445 ], [ 108.002907, 15.002012 ], [ 108.006599, 14.999963 ], [ 108.008217, 14.997369 ], [ 108.015167, 15.000517 ], [ 108.016914, 15.001961 ], [ 108.024033, 14.997912 ], [ 108.026627, 14.997968 ], [ 108.047203, 14.991966 ], [ 108.056694, 14.977562 ], [ 108.062897, 14.968654 ], [ 108.068573, 14.967056 ], [ 108.073563, 14.968654 ], [ 108.082275, 14.966518 ], [ 108.086723, 14.962637 ], [ 108.086037, 14.956239 ], [ 108.087715, 14.951502 ], [ 108.09446, 14.952873 ], [ 108.10675, 14.951435 ], [ 108.117668, 14.959282 ], [ 108.122231, 14.960315 ], [ 108.126564, 14.960146 ], [ 108.12867, 14.95872 ], [ 108.132843, 14.958594 ], [ 108.137482, 14.961793 ], [ 108.148811, 14.962483 ], [ 108.154686, 14.967565 ], [ 108.157501, 14.971407 ], [ 108.162636, 14.974553 ], [ 108.158913, 14.979302 ], [ 108.156929, 14.991282 ], [ 108.154831, 14.997895 ], [ 108.14962, 15.001878 ], [ 108.151741, 15.008793 ], [ 108.149063, 15.018365 ], [ 108.148773, 15.022523 ], [ 108.152359, 15.027235 ], [ 108.149399, 15.033778 ], [ 108.151276, 15.037702 ], [ 108.146545, 15.043772 ], [ 108.148315, 15.046718 ], [ 108.148491, 15.049926 ], [ 108.155197, 15.053647 ], [ 108.157974, 15.058162 ], [ 108.161865, 15.061222 ], [ 108.166023, 15.05995 ], [ 108.169662, 15.062057 ], [ 108.176422, 15.060361 ], [ 108.178337, 15.058548 ], [ 108.183838, 15.055748 ], [ 108.18631, 15.052703 ], [ 108.191422, 15.048791 ], [ 108.191383, 15.045868 ], [ 108.19381, 15.040615 ], [ 108.198936, 15.044163 ], [ 108.207985, 15.037457 ], [ 108.209778, 15.033092 ], [ 108.212303, 15.032035 ], [ 108.215385, 15.032786 ], [ 108.219864, 15.029766 ], [ 108.222458, 15.030716 ], [ 108.225563, 15.029704 ], [ 108.228622, 15.032029 ], [ 108.237732, 15.032073 ], [ 108.238739, 15.031144 ], [ 108.24498, 15.029425 ], [ 108.245926, 15.027637 ], [ 108.249718, 15.025814 ], [ 108.248268, 15.02393 ], [ 108.253426, 15.019225 ], [ 108.250481, 15.015146 ], [ 108.253822, 15.005878 ], [ 108.258736, 15.003783 ], [ 108.260147, 15.000263 ], [ 108.263008, 14.997545 ], [ 108.264015, 14.988986 ], [ 108.26651, 14.986606 ], [ 108.268959, 14.982031 ], [ 108.272446, 14.983093 ], [ 108.274292, 14.981144 ], [ 108.274277, 14.978376 ], [ 108.278099, 14.976559 ], [ 108.280266, 14.978061 ], [ 108.283447, 14.973779 ], [ 108.2827, 14.971683 ], [ 108.283943, 14.968428 ], [ 108.282951, 14.965518 ], [ 108.286423, 14.964369 ], [ 108.288017, 14.961768 ], [ 108.297241, 14.958113 ], [ 108.304512, 14.95081 ], [ 108.31105, 14.947158 ], [ 108.315887, 14.93874 ], [ 108.313889, 14.936072 ], [ 108.316292, 14.934487 ], [ 108.318527, 14.924864 ], [ 108.321373, 14.923335 ], [ 108.32061, 14.913611 ], [ 108.32357, 14.910915 ], [ 108.328163, 14.909801 ], [ 108.330421, 14.910597 ], [ 108.336128, 14.907925 ], [ 108.337929, 14.908176 ], [ 108.343338, 14.901506 ], [ 108.345345, 14.897829 ], [ 108.348495, 14.897945 ], [ 108.350403, 14.894784 ], [ 108.349106, 14.886398 ], [ 108.349854, 14.881633 ], [ 108.353935, 14.878493 ], [ 108.357178, 14.880673 ], [ 108.36187, 14.882287 ], [ 108.3657, 14.878797 ], [ 108.368568, 14.871085 ], [ 108.367134, 14.867377 ], [ 108.369652, 14.865879 ], [ 108.371758, 14.856902 ], [ 108.37426, 14.854862 ], [ 108.374771, 14.849172 ], [ 108.37648, 14.845337 ], [ 108.380997, 14.843997 ], [ 108.382195, 14.839021 ], [ 108.384201, 14.83591 ], [ 108.388428, 14.834491 ], [ 108.393669, 14.826815 ], [ 108.397957, 14.823813 ], [ 108.401016, 14.823359 ], [ 108.402702, 14.821204 ], [ 108.412315, 14.817335 ], [ 108.418655, 14.817131 ], [ 108.42675, 14.817645 ], [ 108.430244, 14.81523 ], [ 108.43084, 14.809877 ], [ 108.43502, 14.80811 ], [ 108.435089, 14.805618 ], [ 108.440529, 14.802857 ], [ 108.443268, 14.803433 ], [ 108.451096, 14.802341 ], [ 108.452515, 14.800987 ], [ 108.455711, 14.791242 ], [ 108.457321, 14.790219 ], [ 108.462273, 14.790295 ], [ 108.468735, 14.79263 ], [ 108.473228, 14.792884 ], [ 108.48526, 14.797034 ], [ 108.492218, 14.799946 ], [ 108.495796, 14.796027 ], [ 108.495552, 14.793005 ], [ 108.498909, 14.791552 ], [ 108.501404, 14.788741 ], [ 108.499489, 14.785397 ], [ 108.50135, 14.780914 ], [ 108.504372, 14.77769 ], [ 108.515953, 14.773817 ], [ 108.517723, 14.770727 ], [ 108.519753, 14.762273 ], [ 108.52243, 14.757531 ], [ 108.527016, 14.754486 ], [ 108.526611, 14.751053 ], [ 108.528351, 14.745486 ], [ 108.52523, 14.744026 ], [ 108.52079, 14.738644 ], [ 108.521973, 14.737026 ], [ 108.518997, 14.733188 ], [ 108.519081, 14.730827 ], [ 108.516739, 14.725298 ], [ 108.517784, 14.721158 ], [ 108.515976, 14.720595 ], [ 108.50901, 14.711914 ], [ 108.503647, 14.708978 ], [ 108.500946, 14.703224 ], [ 108.498413, 14.702851 ], [ 108.49588, 14.7004 ], [ 108.496262, 14.6978 ], [ 108.501465, 14.696088 ], [ 108.501892, 14.692827 ], [ 108.503784, 14.690413 ], [ 108.510345, 14.688934 ], [ 108.51223, 14.684158 ], [ 108.509445, 14.677549 ], [ 108.505638, 14.672926 ], [ 108.505676, 14.666595 ], [ 108.500618, 14.665094 ], [ 108.498085, 14.659331 ], [ 108.495087, 14.657512 ], [ 108.4925, 14.6509 ], [ 108.490112, 14.648451 ], [ 108.491295, 14.646058 ], [ 108.483955, 14.64412 ], [ 108.483192, 14.63967 ], [ 108.48082, 14.634162 ], [ 108.480347, 14.628522 ], [ 108.484169, 14.623489 ], [ 108.487747, 14.624116 ], [ 108.488831, 14.621686 ], [ 108.496407, 14.621513 ], [ 108.500664, 14.622952 ], [ 108.502502, 14.625224 ], [ 108.506317, 14.62067 ], [ 108.510567, 14.622281 ], [ 108.514374, 14.621822 ], [ 108.518562, 14.623305 ], [ 108.526375, 14.623613 ], [ 108.527969, 14.616675 ], [ 108.531441, 14.611914 ], [ 108.533501, 14.604739 ], [ 108.536713, 14.601637 ], [ 108.538544, 14.597956 ], [ 108.5429, 14.593287 ], [ 108.543732, 14.590952 ], [ 108.546501, 14.589578 ], [ 108.547935, 14.585636 ], [ 108.559723, 14.586245 ], [ 108.563431, 14.583426 ], [ 108.566063, 14.580164 ], [ 108.570183, 14.579043 ], [ 108.57386, 14.575984 ], [ 108.572655, 14.573151 ], [ 108.576828, 14.57132 ], [ 108.580391, 14.571061 ], [ 108.58287, 14.567971 ], [ 108.585464, 14.568017 ], [ 108.593307, 14.565218 ], [ 108.595818, 14.561477 ], [ 108.594124, 14.560453 ], [ 108.595398, 14.557133 ], [ 108.59742, 14.555734 ], [ 108.595993, 14.552287 ], [ 108.595871, 14.547059 ], [ 108.598579, 14.543418 ], [ 108.602341, 14.540024 ], [ 108.604134, 14.536421 ], [ 108.607758, 14.533972 ], [ 108.610603, 14.53481 ], [ 108.613319, 14.533043 ], [ 108.617714, 14.539754 ], [ 108.617981, 14.543486 ], [ 108.622017, 14.542303 ], [ 108.627579, 14.544539 ], [ 108.628059, 14.538046 ], [ 108.630074, 14.536005 ], [ 108.629341, 14.53275 ], [ 108.634476, 14.526041 ], [ 108.629189, 14.517644 ], [ 108.632431, 14.513723 ], [ 108.633018, 14.510261 ], [ 108.63607, 14.507236 ], [ 108.636078, 14.505087 ], [ 108.632111, 14.501214 ], [ 108.631149, 14.497138 ], [ 108.634544, 14.493456 ], [ 108.634705, 14.490889 ], [ 108.639206, 14.486671 ], [ 108.637756, 14.479609 ], [ 108.643333, 14.475841 ], [ 108.640869, 14.472568 ], [ 108.63929, 14.463431 ], [ 108.639923, 14.452715 ], [ 108.631546, 14.446974 ], [ 108.625839, 14.449492 ], [ 108.620316, 14.450346 ], [ 108.615349, 14.45731 ], [ 108.612953, 14.457067 ], [ 108.610107, 14.454763 ], [ 108.606842, 14.456056 ], [ 108.604721, 14.458889 ], [ 108.601418, 14.459825 ], [ 108.604057, 14.451662 ], [ 108.607147, 14.448517 ], [ 108.611862, 14.441344 ], [ 108.6129, 14.438225 ], [ 108.609131, 14.434935 ], [ 108.610748, 14.430235 ], [ 108.610527, 14.425143 ], [ 108.615974, 14.421464 ], [ 108.617294, 14.41554 ], [ 108.614388, 14.412288 ], [ 108.617119, 14.410492 ], [ 108.624794, 14.394308 ], [ 108.628517, 14.388704 ], [ 108.625084, 14.385892 ], [ 108.62915, 14.380392 ], [ 108.633896, 14.372245 ], [ 108.623375, 14.355765 ], [ 108.627296, 14.352066 ], [ 108.630432, 14.351006 ], [ 108.633873, 14.347511 ], [ 108.634789, 14.342467 ], [ 108.636787, 14.336514 ], [ 108.641228, 14.3264 ], [ 108.64666, 14.32176 ], [ 108.647285, 14.318325 ], [ 108.642395, 14.312118 ], [ 108.646088, 14.306517 ], [ 108.646194, 14.299242 ], [ 108.647789, 14.296001 ], [ 108.652267, 14.293828 ], [ 108.655678, 14.28887 ], [ 108.655609, 14.284633 ], [ 108.660088, 14.28033 ], [ 108.658089, 14.275509 ], [ 108.655556, 14.274392 ], [ 108.654396, 14.268991 ], [ 108.656342, 14.264975 ], [ 108.655228, 14.260107 ], [ 108.657516, 14.255558 ], [ 108.660828, 14.25302 ], [ 108.664856, 14.25167 ], [ 108.66526, 14.247216 ], [ 108.667923, 14.243903 ], [ 108.667084, 14.239979 ], [ 108.665276, 14.23695 ], [ 108.664818, 14.233612 ], [ 108.669899, 14.230241 ], [ 108.670898, 14.2251 ], [ 108.675652, 14.223849 ], [ 108.67704, 14.217888 ], [ 108.673676, 14.2073 ], [ 108.679848, 14.202606 ], [ 108.679977, 14.196681 ], [ 108.680901, 14.193276 ], [ 108.673187, 14.183416 ], [ 108.676735, 14.178245 ], [ 108.67189, 14.174237 ], [ 108.665787, 14.165926 ], [ 108.666733, 14.164388 ], [ 108.672333, 14.160762 ], [ 108.678047, 14.161063 ], [ 108.678299, 14.15784 ], [ 108.6772, 14.148264 ], [ 108.682953, 14.141027 ], [ 108.683556, 14.136688 ], [ 108.682602, 14.135044 ], [ 108.684196, 14.131615 ], [ 108.692116, 14.121924 ], [ 108.691467, 14.115643 ], [ 108.697411, 14.114891 ], [ 108.699699, 14.10738 ], [ 108.704956, 14.103261 ], [ 108.706795, 14.103534 ], [ 108.709442, 14.098526 ], [ 108.712669, 14.095953 ], [ 108.714638, 14.090678 ], [ 108.715393, 14.084141 ], [ 108.716942, 14.081383 ], [ 108.718414, 14.072686 ], [ 108.722137, 14.065271 ], [ 108.733421, 14.052956 ], [ 108.750168, 14.045458 ], [ 108.753937, 14.045411 ], [ 108.753311, 14.041889 ], [ 108.757126, 14.036846 ], [ 108.757286, 14.027096 ], [ 108.755569, 14.021659 ], [ 108.752243, 14.019692 ], [ 108.753998, 14.015207 ], [ 108.754723, 14.009096 ], [ 108.759743, 13.998452 ], [ 108.763725, 13.993562 ], [ 108.759094, 13.987953 ], [ 108.751732, 13.981596 ], [ 108.752045, 13.977161 ], [ 108.756912, 13.969445 ], [ 108.754318, 13.961389 ], [ 108.752136, 13.957222 ], [ 108.755196, 13.9492 ], [ 108.75322, 13.946659 ], [ 108.750061, 13.9495 ], [ 108.7463, 13.943926 ], [ 108.747726, 13.939424 ], [ 108.744835, 13.935577 ], [ 108.744354, 13.931141 ], [ 108.745659, 13.927841 ], [ 108.745995, 13.921607 ], [ 108.745026, 13.918375 ], [ 108.745712, 13.914058 ], [ 108.743561, 13.909823 ], [ 108.747925, 13.903435 ], [ 108.751411, 13.900316 ], [ 108.754784, 13.900218 ], [ 108.758636, 13.897377 ], [ 108.75985, 13.894399 ], [ 108.763931, 13.891711 ], [ 108.764488, 13.887546 ], [ 108.763885, 13.88377 ], [ 108.767418, 13.87661 ], [ 108.768578, 13.871979 ], [ 108.771385, 13.866583 ], [ 108.779167, 13.858449 ], [ 108.78978, 13.850933 ], [ 108.794411, 13.848479 ], [ 108.796661, 13.844828 ], [ 108.793488, 13.84477 ], [ 108.792435, 13.841569 ], [ 108.794914, 13.830437 ], [ 108.796013, 13.822774 ], [ 108.794456, 13.821213 ], [ 108.795563, 13.814756 ], [ 108.800117, 13.810719 ], [ 108.800797, 13.806827 ], [ 108.805527, 13.803569 ], [ 108.808601, 13.802448 ], [ 108.812263, 13.803836 ], [ 108.816109, 13.803254 ], [ 108.817963, 13.801163 ], [ 108.821373, 13.800257 ], [ 108.823105, 13.793904 ], [ 108.827553, 13.791322 ], [ 108.827423, 13.782075 ], [ 108.824509, 13.778456 ], [ 108.824005, 13.775747 ], [ 108.826424, 13.768594 ], [ 108.826515, 13.764778 ], [ 108.828094, 13.760348 ], [ 108.832481, 13.760659 ], [ 108.833679, 13.757705 ], [ 108.834122, 13.75202 ], [ 108.832802, 13.747642 ], [ 108.833107, 13.742795 ], [ 108.834999, 13.740858 ], [ 108.835091, 13.737934 ], [ 108.832504, 13.727762 ], [ 108.8274, 13.724035 ], [ 108.826202, 13.721911 ], [ 108.830841, 13.715571 ], [ 108.832207, 13.706588 ], [ 108.830299, 13.70386 ], [ 108.822517, 13.699457 ], [ 108.817039, 13.699453 ], [ 108.813454, 13.695235 ], [ 108.816231, 13.690836 ], [ 108.81839, 13.685283 ], [ 108.817764, 13.681344 ], [ 108.821106, 13.673899 ], [ 108.819901, 13.66742 ], [ 108.822144, 13.663421 ], [ 108.819687, 13.661296 ], [ 108.819595, 13.657603 ], [ 108.822296, 13.649403 ], [ 108.825195, 13.644512 ], [ 108.825089, 13.641388 ], [ 108.827927, 13.637667 ], [ 108.829834, 13.63356 ], [ 108.828957, 13.630543 ], [ 108.832359, 13.625129 ], [ 108.834877, 13.623346 ], [ 108.834282, 13.620576 ], [ 108.841347, 13.609841 ], [ 108.838341, 13.603699 ], [ 108.840469, 13.597806 ], [ 108.843399, 13.596393 ], [ 108.846581, 13.593133 ], [ 108.850525, 13.583657 ], [ 108.850845, 13.578795 ], [ 108.85218, 13.575518 ], [ 108.849991, 13.568606 ], [ 108.848679, 13.56654 ], [ 108.841187, 13.563861 ], [ 108.826172, 13.565075 ], [ 108.824074, 13.567281 ], [ 108.81987, 13.569169 ], [ 108.815666, 13.57261 ], [ 108.813942, 13.577099 ], [ 108.800606, 13.577313 ], [ 108.792259, 13.578264 ], [ 108.785484, 13.577772 ], [ 108.784615, 13.573657 ], [ 108.78083, 13.571976 ], [ 108.780838, 13.569543 ], [ 108.777985, 13.569003 ], [ 108.775742, 13.570666 ], [ 108.773476, 13.569167 ], [ 108.768318, 13.561859 ], [ 108.766174, 13.561311 ], [ 108.758194, 13.562806 ], [ 108.749245, 13.566524 ], [ 108.74781, 13.563749 ], [ 108.74749, 13.555528 ], [ 108.740753, 13.556661 ], [ 108.739479, 13.555234 ], [ 108.739769, 13.551395 ], [ 108.736061, 13.549369 ], [ 108.734169, 13.542114 ], [ 108.732605, 13.540266 ], [ 108.734718, 13.537203 ], [ 108.732559, 13.528335 ], [ 108.72686, 13.523078 ], [ 108.725136, 13.519693 ], [ 108.713737, 13.517767 ], [ 108.712463, 13.509956 ], [ 108.713287, 13.501809 ], [ 108.708633, 13.498175 ], [ 108.708733, 13.49406 ], [ 108.70488, 13.489448 ], [ 108.703384, 13.485405 ], [ 108.707695, 13.482988 ], [ 108.709511, 13.477303 ], [ 108.712975, 13.475967 ], [ 108.71508, 13.473819 ], [ 108.712402, 13.465663 ], [ 108.717941, 13.462621 ], [ 108.720772, 13.464637 ], [ 108.728729, 13.46174 ], [ 108.734665, 13.458253 ], [ 108.737801, 13.458804 ], [ 108.742073, 13.457443 ], [ 108.74733, 13.45897 ], [ 108.751968, 13.46389 ], [ 108.756775, 13.459281 ], [ 108.76075, 13.464993 ], [ 108.763588, 13.463583 ], [ 108.768921, 13.464626 ], [ 108.773323, 13.466907 ], [ 108.780861, 13.467279 ], [ 108.788017, 13.468263 ], [ 108.792229, 13.473811 ], [ 108.794945, 13.471819 ], [ 108.795448, 13.465034 ], [ 108.791893, 13.461984 ], [ 108.792168, 13.458252 ], [ 108.790184, 13.453211 ], [ 108.795616, 13.452776 ], [ 108.795128, 13.4501 ], [ 108.796371, 13.447116 ], [ 108.79985, 13.446798 ], [ 108.801628, 13.441387 ], [ 108.80378, 13.440287 ], [ 108.805931, 13.435154 ], [ 108.804382, 13.430043 ], [ 108.805794, 13.424977 ], [ 108.804504, 13.422093 ], [ 108.805206, 13.414396 ], [ 108.806625, 13.410764 ], [ 108.805122, 13.407498 ], [ 108.807343, 13.402162 ], [ 108.806656, 13.393402 ], [ 108.804626, 13.389534 ], [ 108.804878, 13.379482 ], [ 108.806526, 13.376634 ], [ 108.806313, 13.366565 ], [ 108.809837, 13.360455 ], [ 108.808571, 13.357362 ], [ 108.809921, 13.354511 ], [ 108.814369, 13.35382 ], [ 108.8144, 13.350799 ], [ 108.818954, 13.347486 ], [ 108.821358, 13.344119 ], [ 108.824387, 13.344176 ], [ 108.827026, 13.340436 ], [ 108.827148, 13.336661 ], [ 108.836731, 13.327905 ], [ 108.84034, 13.322934 ], [ 108.840088, 13.318942 ], [ 108.843201, 13.315807 ], [ 108.850578, 13.299655 ], [ 108.853912, 13.294012 ], [ 108.859001, 13.291561 ], [ 108.859894, 13.286778 ], [ 108.863815, 13.288286 ], [ 108.868156, 13.288469 ], [ 108.872993, 13.279715 ], [ 108.871391, 13.277829 ], [ 108.871101, 13.268235 ], [ 108.867889, 13.26198 ], [ 108.870003, 13.257797 ], [ 108.870728, 13.254037 ], [ 108.870132, 13.24668 ], [ 108.863197, 13.226056 ], [ 108.859711, 13.223843 ], [ 108.856323, 13.223596 ], [ 108.853439, 13.218409 ], [ 108.850021, 13.217759 ], [ 108.851379, 13.209903 ], [ 108.847404, 13.204196 ], [ 108.847862, 13.201781 ], [ 108.854012, 13.196016 ], [ 108.854691, 13.193152 ], [ 108.84877, 13.19028 ], [ 108.849571, 13.185795 ], [ 108.849396, 13.180391 ], [ 108.846321, 13.182584 ], [ 108.843964, 13.180104 ], [ 108.844109, 13.175855 ], [ 108.842293, 13.173354 ], [ 108.838654, 13.170842 ], [ 108.839333, 13.167968 ], [ 108.842064, 13.164607 ], [ 108.836884, 13.161736 ], [ 108.830177, 13.165404 ], [ 108.825302, 13.162057 ], [ 108.823997, 13.153852 ], [ 108.822365, 13.153698 ], [ 108.819824, 13.157206 ], [ 108.813202, 13.158947 ], [ 108.806824, 13.152519 ], [ 108.805122, 13.146461 ], [ 108.802544, 13.14774 ], [ 108.803101, 13.151721 ], [ 108.797173, 13.152349 ], [ 108.796135, 13.15143 ], [ 108.7957, 13.141828 ], [ 108.792282, 13.142403 ], [ 108.790192, 13.147383 ], [ 108.786194, 13.141467 ], [ 108.783577, 13.141833 ], [ 108.781296, 13.145477 ], [ 108.778999, 13.147085 ], [ 108.7752, 13.144896 ], [ 108.777161, 13.138989 ], [ 108.774368, 13.136104 ], [ 108.766045, 13.134785 ], [ 108.761795, 13.135359 ], [ 108.758408, 13.129488 ], [ 108.758797, 13.12581 ], [ 108.761833, 13.123609 ], [ 108.766632, 13.12404 ], [ 108.768486, 13.121767 ], [ 108.768219, 13.117271 ], [ 108.763306, 13.11812 ], [ 108.759697, 13.116 ], [ 108.755035, 13.10294 ], [ 108.750015, 13.093908 ], [ 108.750015, 13.087754 ], [ 108.752357, 13.065524 ], [ 108.756081, 13.032663 ], [ 108.751465, 13.031406 ], [ 108.733414, 13.02457 ], [ 108.713104, 13.017168 ], [ 108.692726, 13.016189 ], [ 108.68914, 13.008638 ], [ 108.685539, 13.003368 ], [ 108.682899, 13.001455 ], [ 108.681595, 12.997801 ], [ 108.680656, 12.996533 ], [ 108.67527, 12.994848 ], [ 108.672783, 12.992275 ], [ 108.674446, 12.988021 ], [ 108.679535, 12.981322 ], [ 108.689919, 12.980166 ], [ 108.692123, 12.978371 ], [ 108.692886, 12.971234 ], [ 108.701103, 12.967166 ], [ 108.705345, 12.964318 ], [ 108.705482, 12.958883 ], [ 108.703972, 12.951532 ], [ 108.70089, 12.947342 ], [ 108.704552, 12.941928 ], [ 108.710175, 12.942554 ], [ 108.710861, 12.946017 ], [ 108.713478, 12.94473 ], [ 108.717697, 12.948336 ], [ 108.719742, 12.954221 ], [ 108.723785, 12.951581 ], [ 108.733398, 12.952193 ], [ 108.735458, 12.948165 ], [ 108.737068, 12.947392 ], [ 108.744263, 12.948163 ], [ 108.747704, 12.945615 ], [ 108.750763, 12.945237 ], [ 108.752998, 12.941623 ], [ 108.753548, 12.938283 ], [ 108.759644, 12.930863 ], [ 108.762207, 12.923204 ], [ 108.765884, 12.919319 ], [ 108.770515, 12.916336 ], [ 108.770882, 12.912249 ], [ 108.772621, 12.906268 ], [ 108.773705, 12.899172 ], [ 108.778778, 12.897765 ], [ 108.782997, 12.892998 ], [ 108.783669, 12.886407 ], [ 108.786919, 12.876779 ], [ 108.790688, 12.870435 ], [ 108.794724, 12.867378 ], [ 108.797157, 12.870925 ], [ 108.801414, 12.87128 ], [ 108.803825, 12.873744 ], [ 108.810555, 12.874645 ], [ 108.815773, 12.874361 ], [ 108.816811, 12.870014 ], [ 108.822029, 12.86644 ], [ 108.827904, 12.867437 ], [ 108.833168, 12.861446 ], [ 108.836304, 12.86065 ], [ 108.84024, 12.857344 ], [ 108.84478, 12.856653 ], [ 108.850334, 12.853405 ], [ 108.84787, 12.84761 ], [ 108.847816, 12.844279 ], [ 108.849091, 12.838346 ], [ 108.85183, 12.831601 ], [ 108.855331, 12.827301 ], [ 108.861351, 12.826297 ], [ 108.863525, 12.824182 ], [ 108.866524, 12.817382 ], [ 108.868797, 12.81585 ], [ 108.89579, 12.814701 ], [ 108.902138, 12.813357 ], [ 108.90921, 12.809254 ], [ 108.918045, 12.810507 ], [ 108.934853, 12.810256 ], [ 108.937981, 12.809004 ], [ 108.93969, 12.806226 ], [ 108.943535, 12.805266 ], [ 108.945305, 12.806142 ], [ 108.947388, 12.810545 ], [ 108.951653, 12.810152 ], [ 108.956276, 12.811232 ], [ 108.964035, 12.817208 ], [ 108.968544, 12.81714 ], [ 108.970711, 12.815767 ], [ 108.97171, 12.808779 ], [ 108.973763, 12.806033 ], [ 108.972572, 12.801796 ], [ 108.975174, 12.800656 ], [ 108.976318, 12.797042 ], [ 108.971947, 12.790138 ], [ 108.974976, 12.785371 ], [ 108.977135, 12.784531 ], [ 108.979713, 12.786695 ], [ 108.980858, 12.783226 ], [ 108.98587, 12.78293 ], [ 108.987267, 12.781147 ], [ 108.987404, 12.77549 ], [ 108.985794, 12.770852 ], [ 108.990158, 12.762782 ], [ 108.990906, 12.755317 ], [ 108.987961, 12.74912 ], [ 108.984009, 12.742827 ], [ 108.987968, 12.725473 ], [ 108.992851, 12.722095 ], [ 108.994995, 12.714047 ], [ 108.994041, 12.710596 ], [ 108.994522, 12.7065 ], [ 108.987518, 12.701834 ], [ 108.989433, 12.698256 ], [ 108.988594, 12.696441 ], [ 108.991173, 12.693123 ], [ 108.990204, 12.689286 ], [ 108.986038, 12.687367 ], [ 108.980324, 12.6813 ], [ 108.982941, 12.677649 ], [ 108.983917, 12.672929 ], [ 108.984123, 12.663745 ], [ 108.982582, 12.658546 ], [ 108.9823, 12.647992 ], [ 108.978218, 12.640823 ], [ 108.975296, 12.637366 ], [ 108.975258, 12.635071 ], [ 108.983231, 12.628526 ], [ 108.983177, 12.625083 ], [ 108.978851, 12.617688 ], [ 108.973206, 12.611862 ], [ 108.966927, 12.599763 ], [ 108.964378, 12.599574 ], [ 108.958626, 12.601019 ], [ 108.951439, 12.599767 ], [ 108.942268, 12.604435 ], [ 108.938614, 12.607435 ], [ 108.93631, 12.607696 ], [ 108.932999, 12.602985 ], [ 108.930664, 12.601206 ], [ 108.926262, 12.600591 ], [ 108.922066, 12.59816 ], [ 108.917656, 12.597091 ], [ 108.914627, 12.595323 ], [ 108.904282, 12.583915 ], [ 108.899155, 12.581044 ], [ 108.893677, 12.579392 ], [ 108.893463, 12.576281 ], [ 108.896103, 12.572859 ], [ 108.894814, 12.569747 ], [ 108.895706, 12.566013 ], [ 108.895027, 12.5629 ], [ 108.894348, 12.549779 ], [ 108.891953, 12.54506 ], [ 108.88295, 12.541166 ], [ 108.881798, 12.537172 ], [ 108.874847, 12.525448 ], [ 108.874855, 12.522284 ], [ 108.87883, 12.515285 ], [ 108.875198, 12.512587 ], [ 108.873909, 12.509993 ], [ 108.874863, 12.506052 ], [ 108.868912, 12.502315 ], [ 108.861259, 12.494688 ], [ 108.861816, 12.491887 ], [ 108.871185, 12.485149 ], [ 108.87616, 12.482611 ], [ 108.879059, 12.480174 ], [ 108.879852, 12.477219 ], [ 108.877831, 12.46975 ], [ 108.873009, 12.467259 ], [ 108.871384, 12.464353 ], [ 108.871254, 12.459167 ], [ 108.869728, 12.455951 ], [ 108.871544, 12.452166 ], [ 108.867386, 12.451957 ], [ 108.855988, 12.457189 ], [ 108.850723, 12.457808 ], [ 108.849411, 12.461438 ], [ 108.846458, 12.46237 ], [ 108.840485, 12.462418 ], [ 108.836533, 12.465528 ], [ 108.834534, 12.470038 ], [ 108.831032, 12.471229 ], [ 108.82814, 12.470449 ], [ 108.826294, 12.473042 ], [ 108.821976, 12.474906 ], [ 108.822342, 12.477966 ], [ 108.817947, 12.481593 ], [ 108.810783, 12.484025 ], [ 108.806442, 12.480444 ], [ 108.800339, 12.480595 ], [ 108.797333, 12.484845 ], [ 108.798958, 12.489566 ], [ 108.796562, 12.493298 ], [ 108.795715, 12.496669 ], [ 108.792923, 12.499207 ], [ 108.78479, 12.500757 ], [ 108.780022, 12.50485 ], [ 108.774765, 12.501993 ], [ 108.77018, 12.50282 ], [ 108.769028, 12.500122 ], [ 108.765053, 12.497681 ], [ 108.762314, 12.497522 ], [ 108.75592, 12.49923 ], [ 108.752655, 12.496893 ], [ 108.750587, 12.487763 ], [ 108.749939, 12.480657 ], [ 108.744461, 12.479355 ], [ 108.740509, 12.476814 ], [ 108.735992, 12.477013 ], [ 108.728958, 12.4796 ], [ 108.723854, 12.480684 ], [ 108.721565, 12.482756 ], [ 108.716194, 12.483269 ], [ 108.70565, 12.475168 ], [ 108.702171, 12.473867 ], [ 108.70092, 12.46868 ], [ 108.700371, 12.462092 ], [ 108.698563, 12.458926 ], [ 108.694351, 12.455758 ], [ 108.689278, 12.450825 ], [ 108.685341, 12.444546 ], [ 108.682587, 12.438993 ], [ 108.677101, 12.434801 ], [ 108.674255, 12.431619 ], [ 108.670708, 12.424458 ], [ 108.671867, 12.422178 ], [ 108.677956, 12.415599 ], [ 108.681801, 12.414981 ], [ 108.680069, 12.408444 ], [ 108.675529, 12.402423 ], [ 108.676056, 12.399416 ], [ 108.67955, 12.392683 ], [ 108.686333, 12.390144 ], [ 108.688072, 12.387346 ], [ 108.68718, 12.382314 ], [ 108.685738, 12.379719 ], [ 108.690216, 12.376353 ], [ 108.691292, 12.37288 ], [ 108.68956, 12.370077 ], [ 108.688492, 12.362505 ], [ 108.683022, 12.359334 ], [ 108.680923, 12.355131 ], [ 108.679123, 12.346262 ], [ 108.684502, 12.332991 ], [ 108.684273, 12.326352 ], [ 108.685753, 12.322515 ], [ 108.681053, 12.318258 ], [ 108.681419, 12.315717 ], [ 108.684364, 12.317454 ] ] ] } },
{ "type": "Feature", "properties": { "area_code_prefix": "27" }, "geometry": { "type": "MultiPolygon", "coordinates": [ [ [ [ 106.64917, 9.82417 ], [ 106.651947, 9.830556 ], [ 106.653877, 9.8275 ], [ 106.64917, 9.82417 ] ] ], [ [ [ 106.718613, 10.044444 ], [ 106.71611, 10.041388 ], [ 106.713707, 10.043872 ], [ 106.715942, 10.045255 ], [ 106.718613, 10.044444 ] ] ], [ [ [ 106.739166, 10.187223 ], [ 106.745277, 10.184444 ], [ 106.755554, 10.176944 ], [ 106.758331, 10.174444 ], [ 106.769997, 10.172502 ], [ 106.777206, 10.16917 ], [ 106.780518, 10.165963 ], [ 106.78331, 10.161131 ], [ 106.790558, 10.1525 ], [ 106.791389, 10.146112 ], [ 106.790001, 10.136389 ], [ 106.786667, 10.13222 ], [ 106.777496, 10.131391 ], [ 106.770836, 10.133332 ], [ 106.764999, 10.131391 ], [ 106.753891, 10.126112 ], [ 106.750969, 10.125276 ], [ 106.752289, 10.132986 ], [ 106.751114, 10.133889 ], [ 106.75, 10.124166 ], [ 106.753891, 10.123334 ], [ 106.756943, 10.126112 ], [ 106.768333, 10.13111 ], [ 106.771385, 10.13111 ], [ 106.77861, 10.129171 ], [ 106.783607, 10.129171 ], [ 106.78611, 10.120834 ], [ 106.789719, 10.116667 ], [ 106.790558, 10.112777 ], [ 106.790276, 10.108611 ], [ 106.786667, 10.10111 ], [ 106.779999, 10.09139 ], [ 106.772781, 10.082779 ], [ 106.772781, 10.081945 ], [ 106.761391, 10.07 ], [ 106.752777, 10.059721 ], [ 106.746666, 10.053611 ], [ 106.743057, 10.051671 ], [ 106.74028, 10.04889 ], [ 106.734169, 10.046388 ], [ 106.729721, 10.04694 ], [ 106.731667, 10.05222 ], [ 106.735832, 10.059445 ], [ 106.738609, 10.061941 ], [ 106.737778, 10.063889 ], [ 106.733612, 10.061111 ], [ 106.732224, 10.058333 ], [ 106.725281, 10.05111 ], [ 106.723335, 10.050835 ], [ 106.717285, 10.046135 ], [ 106.71331, 10.044959 ], [ 106.708473, 10.045292 ], [ 106.701111, 10.042222 ], [ 106.696121, 10.042222 ], [ 106.689163, 10.046388 ], [ 106.695557, 10.051388 ], [ 106.695557, 10.053333 ], [ 106.699722, 10.057781 ], [ 106.700554, 10.066668 ], [ 106.697525, 10.073373 ], [ 106.69516, 10.071645 ], [ 106.696388, 10.069168 ], [ 106.695557, 10.065834 ], [ 106.692497, 10.062777 ], [ 106.688057, 10.060833 ], [ 106.685555, 10.058611 ], [ 106.681122, 10.056669 ], [ 106.678612, 10.053611 ], [ 106.677498, 10.049823 ], [ 106.68, 10.039443 ], [ 106.685555, 10.034723 ], [ 106.685837, 10.030001 ], [ 106.687775, 10.025279 ], [ 106.690277, 10.021666 ], [ 106.690277, 10.018334 ], [ 106.687767, 10.013331 ], [ 106.683609, 10.008611 ], [ 106.680283, 10.00612 ], [ 106.675835, 10.004445 ], [ 106.673889, 10.002499 ], [ 106.668892, 10.000281 ], [ 106.665833, 10.002499 ], [ 106.66333, 9.993332 ], [ 106.654724, 9.982777 ], [ 106.652779, 9.98167 ], [ 106.649086, 9.975981 ], [ 106.64222, 9.972501 ], [ 106.639999, 9.97307 ], [ 106.634163, 9.97111 ], [ 106.627777, 9.973611 ], [ 106.622223, 9.977501 ], [ 106.617599, 9.976551 ], [ 106.612503, 9.976667 ], [ 106.60186, 9.981366 ], [ 106.600349, 9.98141 ], [ 106.593567, 9.985701 ], [ 106.580826, 9.99278 ], [ 106.571579, 9.978926 ], [ 106.577217, 9.97444 ], [ 106.579437, 9.974171 ], [ 106.59111, 9.965 ], [ 106.595833, 9.96167 ], [ 106.600555, 9.957221 ], [ 106.616669, 9.951667 ], [ 106.622223, 9.950279 ], [ 106.628891, 9.949445 ], [ 106.641388, 9.939173 ], [ 106.644844, 9.937887 ], [ 106.659721, 9.929999 ], [ 106.664024, 9.925332 ], [ 106.666115, 9.920001 ], [ 106.669998, 9.905002 ], [ 106.678337, 9.900282 ], [ 106.686111, 9.890554 ], [ 106.685966, 9.888813 ], [ 106.689987, 9.885561 ], [ 106.689423, 9.877846 ], [ 106.685837, 9.871389 ], [ 106.683327, 9.868889 ], [ 106.680557, 9.862779 ], [ 106.678047, 9.861391 ], [ 106.672501, 9.8525 ], [ 106.67028, 9.850556 ], [ 106.668053, 9.844167 ], [ 106.659721, 9.834166 ], [ 106.656944, 9.834722 ], [ 106.653053, 9.8325 ], [ 106.651657, 9.83389 ], [ 106.652779, 9.83694 ], [ 106.651108, 9.839445 ], [ 106.647781, 9.835 ], [ 106.645836, 9.83 ], [ 106.642776, 9.82917 ], [ 106.641388, 9.825556 ], [ 106.634163, 9.818611 ], [ 106.637497, 9.815555 ], [ 106.633331, 9.814171 ], [ 106.628609, 9.809723 ], [ 106.627502, 9.805832 ], [ 106.621948, 9.80278 ], [ 106.614441, 9.8025 ], [ 106.609657, 9.804148 ], [ 106.608902, 9.806393 ], [ 106.602264, 9.811156 ], [ 106.599724, 9.810832 ], [ 106.597778, 9.814171 ], [ 106.593613, 9.816389 ], [ 106.593262, 9.819999 ], [ 106.588058, 9.82389 ], [ 106.586945, 9.826668 ], [ 106.580833, 9.833056 ], [ 106.577766, 9.837512 ], [ 106.575836, 9.838054 ], [ 106.572151, 9.84334 ], [ 106.566818, 9.84728 ], [ 106.560555, 9.853612 ], [ 106.559723, 9.855829 ], [ 106.551109, 9.863061 ], [ 106.542778, 9.868331 ], [ 106.532219, 9.877219 ], [ 106.531113, 9.879432 ], [ 106.526947, 9.88333 ], [ 106.51889, 9.893891 ], [ 106.5075, 9.905278 ], [ 106.506668, 9.907222 ], [ 106.503052, 9.909444 ], [ 106.496391, 9.915278 ], [ 106.49028, 9.921671 ], [ 106.486664, 9.923611 ], [ 106.483055, 9.927223 ], [ 106.470558, 9.935 ], [ 106.464935, 9.931574 ], [ 106.458275, 9.934799 ], [ 106.442833, 9.940896 ], [ 106.43399, 9.944881 ], [ 106.418556, 9.952549 ], [ 106.412354, 9.956567 ], [ 106.394287, 9.970402 ], [ 106.375992, 9.979717 ], [ 106.364616, 9.989563 ], [ 106.355934, 9.999601 ], [ 106.352638, 10.001731 ], [ 106.334335, 10.008778 ], [ 106.323532, 10.013905 ], [ 106.31456, 10.020186 ], [ 106.306961, 10.027015 ], [ 106.296387, 10.039095 ], [ 106.289337, 10.049778 ], [ 106.281624, 10.054504 ], [ 106.269844, 10.06467 ], [ 106.263313, 10.071033 ], [ 106.257477, 10.074944 ], [ 106.24408, 10.080178 ], [ 106.240906, 10.081751 ], [ 106.232918, 10.076891 ], [ 106.232155, 10.07488 ], [ 106.228027, 10.070887 ], [ 106.22718, 10.06795 ], [ 106.228455, 10.065378 ], [ 106.227119, 10.062271 ], [ 106.227722, 10.058394 ], [ 106.224457, 10.056881 ], [ 106.226402, 10.048199 ], [ 106.222191, 10.043428 ], [ 106.23101, 10.042109 ], [ 106.231133, 10.030198 ], [ 106.232018, 10.023955 ], [ 106.228783, 10.019812 ], [ 106.224785, 10.018096 ], [ 106.220375, 10.014008 ], [ 106.214424, 10.014025 ], [ 106.210258, 10.008259 ], [ 106.206497, 10.011659 ], [ 106.2034, 10.009851 ], [ 106.198326, 10.015073 ], [ 106.194496, 10.024649 ], [ 106.189224, 10.025956 ], [ 106.187134, 10.025168 ], [ 106.15004, 10.017354 ], [ 106.134666, 10.023841 ], [ 106.134232, 10.002805 ], [ 106.130653, 9.990615 ], [ 106.133179, 9.98183 ], [ 106.131721, 9.962205 ], [ 106.122871, 9.949685 ], [ 106.112396, 9.93841 ], [ 106.101311, 9.949403 ], [ 106.086449, 9.95956 ], [ 106.080948, 9.952007 ], [ 106.076355, 9.944795 ], [ 106.065407, 9.947535 ], [ 106.062355, 9.945403 ], [ 106.05497, 9.946715 ], [ 106.055283, 9.941318 ], [ 106.052139, 9.940284 ], [ 106.045685, 9.936397 ], [ 106.041389, 9.931648 ], [ 106.039108, 9.926836 ], [ 106.036575, 9.926303 ], [ 106.028618, 9.927125 ], [ 106.028046, 9.928674 ], [ 106.024055, 9.929932 ], [ 106.021194, 9.932133 ], [ 106.017502, 9.925811 ], [ 106.01416, 9.923553 ], [ 106.016479, 9.918918 ], [ 106.016197, 9.916277 ], [ 106.011894, 9.912887 ], [ 106.003006, 9.908913 ], [ 105.998024, 9.904318 ], [ 105.992409, 9.905596 ], [ 105.98951, 9.902308 ], [ 105.986435, 9.902324 ], [ 105.9814, 9.907196 ], [ 105.974815, 9.912164 ], [ 105.965324, 9.920103 ], [ 105.961838, 9.921898 ], [ 105.956772, 9.921443 ], [ 105.954414, 9.919665 ], [ 105.963943, 9.907258 ], [ 105.973083, 9.897208 ], [ 105.978859, 9.889919 ], [ 105.982101, 9.882843 ], [ 105.978615, 9.883816 ], [ 105.974014, 9.887009 ], [ 105.963158, 9.899719 ], [ 105.95871, 9.903183 ], [ 105.949547, 9.908387 ], [ 105.932831, 9.920331 ], [ 105.922012, 9.930003 ], [ 105.915909, 9.931147 ], [ 105.910606, 9.930793 ], [ 105.906921, 9.931609 ], [ 105.896492, 9.938053 ], [ 105.888763, 9.943646 ], [ 105.877701, 9.951063 ], [ 105.872879, 9.955172 ], [ 105.864838, 9.963223 ], [ 105.859398, 9.967576 ], [ 105.850098, 9.9767 ], [ 105.844154, 9.98381 ], [ 105.835091, 9.99547 ], [ 105.829697, 10.001214 ], [ 105.819557, 10.017347 ], [ 105.816948, 10.023405 ], [ 105.812531, 10.030895 ], [ 105.803009, 10.04346 ], [ 105.791336, 10.05955 ], [ 105.784729, 10.067505 ], [ 105.77594, 10.073348 ], [ 105.766121, 10.078595 ], [ 105.762917, 10.080904 ], [ 105.754868, 10.088079 ], [ 105.744446, 10.094201 ], [ 105.736694, 10.098084 ], [ 105.731331, 10.099868 ], [ 105.72673, 10.1031 ], [ 105.716927, 10.112396 ], [ 105.707893, 10.118974 ], [ 105.697617, 10.125923 ], [ 105.690369, 10.130218 ], [ 105.682487, 10.13411 ], [ 105.672066, 10.140994 ], [ 105.666573, 10.143999 ], [ 105.660469, 10.148459 ], [ 105.65657, 10.152164 ], [ 105.649712, 10.161136 ], [ 105.647934, 10.165813 ], [ 105.636566, 10.175025 ], [ 105.633278, 10.178597 ], [ 105.624451, 10.18625 ], [ 105.622475, 10.192337 ], [ 105.618942, 10.206229 ], [ 105.613548, 10.217146 ], [ 105.607437, 10.227771 ], [ 105.602501, 10.235415 ], [ 105.596336, 10.242014 ], [ 105.582565, 10.254834 ], [ 105.573944, 10.26475 ], [ 105.564362, 10.273786 ], [ 105.555611, 10.281059 ], [ 105.550537, 10.285893 ], [ 105.541367, 10.292956 ], [ 105.52771, 10.301494 ], [ 105.520737, 10.305323 ], [ 105.514854, 10.306465 ], [ 105.51046, 10.310113 ], [ 105.504585, 10.3162 ], [ 105.500069, 10.31981 ], [ 105.494949, 10.325283 ], [ 105.487343, 10.334582 ], [ 105.490509, 10.337914 ], [ 105.491241, 10.340379 ], [ 105.490204, 10.344321 ], [ 105.491737, 10.346809 ], [ 105.49749, 10.350572 ], [ 105.499245, 10.353959 ], [ 105.507317, 10.355771 ], [ 105.512848, 10.361356 ], [ 105.520515, 10.363379 ], [ 105.519783, 10.367542 ], [ 105.520798, 10.370415 ], [ 105.526199, 10.373371 ], [ 105.528687, 10.378344 ], [ 105.526497, 10.383584 ], [ 105.526093, 10.391661 ], [ 105.523506, 10.399295 ], [ 105.525124, 10.401037 ], [ 105.528877, 10.400405 ], [ 105.531334, 10.404786 ], [ 105.531364, 10.407951 ], [ 105.536026, 10.409711 ], [ 105.539688, 10.413542 ], [ 105.545067, 10.412917 ], [ 105.551308, 10.416229 ], [ 105.551315, 10.41935 ], [ 105.54657, 10.420354 ], [ 105.549049, 10.424924 ], [ 105.548012, 10.428674 ], [ 105.550926, 10.430145 ], [ 105.551956, 10.43237 ], [ 105.555084, 10.43423 ], [ 105.565407, 10.429761 ], [ 105.573776, 10.429446 ], [ 105.573845, 10.434715 ], [ 105.575188, 10.444542 ], [ 105.575142, 10.448419 ], [ 105.573746, 10.455793 ], [ 105.572823, 10.465023 ], [ 105.570061, 10.479363 ], [ 105.566193, 10.487193 ], [ 105.561157, 10.499637 ], [ 105.555687, 10.511941 ], [ 105.550003, 10.521005 ], [ 105.545235, 10.526342 ], [ 105.53849, 10.532577 ], [ 105.532104, 10.537187 ], [ 105.524857, 10.541463 ], [ 105.512985, 10.547089 ], [ 105.509422, 10.544988 ], [ 105.502853, 10.546281 ], [ 105.485786, 10.541726 ], [ 105.479515, 10.53561 ], [ 105.469414, 10.539488 ], [ 105.450104, 10.54997 ], [ 105.443451, 10.55305 ], [ 105.417824, 10.549827 ], [ 105.411369, 10.552265 ], [ 105.404999, 10.557171 ], [ 105.396996, 10.565696 ], [ 105.388489, 10.57051 ], [ 105.385201, 10.571588 ], [ 105.376251, 10.573106 ], [ 105.368889, 10.575733 ], [ 105.367157, 10.578014 ], [ 105.354706, 10.606246 ], [ 105.351051, 10.613085 ], [ 105.345398, 10.627372 ], [ 105.342552, 10.63764 ], [ 105.342415, 10.649875 ], [ 105.341927, 10.657514 ], [ 105.342361, 10.666347 ], [ 105.34169, 10.673918 ], [ 105.342171, 10.679001 ], [ 105.34597, 10.6927 ], [ 105.347816, 10.702125 ], [ 105.348854, 10.713133 ], [ 105.348206, 10.717107 ], [ 105.345757, 10.719871 ], [ 105.341408, 10.721964 ], [ 105.335312, 10.722981 ], [ 105.328979, 10.722887 ], [ 105.321449, 10.72148 ], [ 105.305138, 10.716851 ], [ 105.296593, 10.716489 ], [ 105.291183, 10.71737 ], [ 105.279846, 10.721824 ], [ 105.275253, 10.726879 ], [ 105.275665, 10.73001 ], [ 105.278603, 10.73462 ], [ 105.28231, 10.737579 ], [ 105.298904, 10.746856 ], [ 105.302521, 10.750724 ], [ 105.303711, 10.754696 ], [ 105.301949, 10.760355 ], [ 105.298241, 10.762681 ], [ 105.290848, 10.763699 ], [ 105.277023, 10.763711 ], [ 105.271202, 10.764895 ], [ 105.262421, 10.769919 ], [ 105.259026, 10.77467 ], [ 105.257736, 10.782414 ], [ 105.260292, 10.788809 ], [ 105.259453, 10.801571 ], [ 105.257362, 10.80324 ], [ 105.250046, 10.804307 ], [ 105.238014, 10.804397 ], [ 105.229904, 10.80511 ], [ 105.227631, 10.807793 ], [ 105.224648, 10.815551 ], [ 105.222641, 10.822393 ], [ 105.218575, 10.832934 ], [ 105.21862, 10.834137 ], [ 105.205101, 10.85621 ], [ 105.203148, 10.858308 ], [ 105.193237, 10.866009 ], [ 105.187408, 10.87327 ], [ 105.188248, 10.887664 ], [ 105.186996, 10.91171 ], [ 105.199402, 10.910662 ], [ 105.206718, 10.905631 ], [ 105.218468, 10.899551 ], [ 105.238457, 10.892551 ], [ 105.264633, 10.89661 ], [ 105.265739, 10.894119 ], [ 105.269371, 10.89231 ], [ 105.272598, 10.889301 ], [ 105.276146, 10.88787 ], [ 105.281387, 10.887811 ], [ 105.285515, 10.88671 ], [ 105.290047, 10.883179 ], [ 105.299683, 10.87817 ], [ 105.312462, 10.87249 ], [ 105.323181, 10.86672 ], [ 105.32547, 10.866141 ], [ 105.332008, 10.861951 ], [ 105.338638, 10.859423 ], [ 105.337517, 10.864854 ], [ 105.341476, 10.86741 ], [ 105.345627, 10.867091 ], [ 105.352966, 10.878471 ], [ 105.354538, 10.8799 ], [ 105.358391, 10.87938 ], [ 105.359886, 10.88199 ], [ 105.359253, 10.886701 ], [ 105.366692, 10.88689 ], [ 105.368271, 10.888101 ], [ 105.371101, 10.90041 ], [ 105.373016, 10.90366 ], [ 105.377159, 10.902812 ], [ 105.3797, 10.90375 ], [ 105.379707, 10.908371 ], [ 105.38279, 10.910771 ], [ 105.38343, 10.915071 ], [ 105.392677, 10.924291 ], [ 105.396393, 10.92491 ], [ 105.400742, 10.92837 ], [ 105.407341, 10.930661 ], [ 105.406273, 10.933081 ], [ 105.407013, 10.936122 ], [ 105.411163, 10.939681 ], [ 105.411263, 10.943871 ], [ 105.416046, 10.9511 ], [ 105.419678, 10.960112 ], [ 105.423492, 10.9643 ], [ 105.426376, 10.973001 ], [ 105.43222, 10.974042 ], [ 105.436028, 10.96869 ], [ 105.440483, 10.965121 ], [ 105.441116, 10.96281 ], [ 105.444077, 10.959551 ], [ 105.447273, 10.958819 ], [ 105.451607, 10.955461 ], [ 105.45575, 10.95629 ], [ 105.457291, 10.958591 ], [ 105.464462, 10.964451 ], [ 105.474449, 10.963391 ], [ 105.478607, 10.961721 ], [ 105.482971, 10.9576 ], [ 105.483101, 10.952821 ], [ 105.488739, 10.95028 ], [ 105.495728, 10.94834 ], [ 105.498062, 10.953742 ], [ 105.499062, 10.954651 ], [ 105.507751, 10.94904 ], [ 105.51535, 10.949343 ], [ 105.536072, 10.951962 ], [ 105.538979, 10.952641 ], [ 105.551483, 10.958642 ], [ 105.565399, 10.961361 ], [ 105.5709, 10.96168 ], [ 105.587593, 10.96576 ], [ 105.59639, 10.968191 ], [ 105.616127, 10.97442 ], [ 105.619843, 10.975262 ], [ 105.64061, 10.98121 ], [ 105.653748, 10.983541 ], [ 105.66153, 10.985472 ], [ 105.666679, 10.98735 ], [ 105.679543, 10.994221 ], [ 105.686241, 10.99702 ], [ 105.69471, 11.001911 ], [ 105.70031, 11.008262 ], [ 105.710457, 11.016601 ], [ 105.716499, 11.020361 ], [ 105.729622, 11.025432 ], [ 105.737038, 11.02669 ], [ 105.745537, 11.026991 ], [ 105.747787, 11.02596 ], [ 105.752998, 11.026002 ], [ 105.759239, 11.028591 ], [ 105.768044, 11.031002 ], [ 105.77095, 11.03097 ], [ 105.774979, 11.032491 ], [ 105.778908, 11.030351 ], [ 105.790527, 11.002481 ], [ 105.796333, 10.992991 ], [ 105.806511, 10.973381 ], [ 105.818733, 10.958951 ], [ 105.834976, 10.939271 ], [ 105.839073, 10.934711 ], [ 105.855957, 10.91093 ], [ 105.858238, 10.906331 ], [ 105.863632, 10.89933 ], [ 105.85125, 10.873511 ], [ 105.84726, 10.866132 ], [ 105.8489, 10.862882 ], [ 105.88253, 10.84963 ], [ 105.897713, 10.844231 ], [ 105.9254, 10.839841 ], [ 105.934189, 10.83909 ], [ 105.93557, 10.840092 ], [ 105.935722, 10.846117 ], [ 105.930077, 10.8493 ], [ 105.931541, 10.85163 ], [ 105.929199, 10.855381 ], [ 105.928413, 10.860231 ], [ 105.930992, 10.866312 ], [ 105.934959, 10.86659 ], [ 105.936142, 10.868561 ], [ 105.939117, 10.86917 ], [ 105.940613, 10.87291 ], [ 105.944, 10.872989 ], [ 105.948112, 10.8761 ], [ 105.951157, 10.880771 ], [ 105.954559, 10.882562 ], [ 105.955421, 10.885447 ], [ 105.951363, 10.887701 ], [ 105.951607, 10.89613 ], [ 105.94355, 10.909941 ], [ 105.943542, 10.913271 ], [ 105.941803, 10.917221 ], [ 105.944366, 10.917312 ], [ 105.948967, 10.913661 ], [ 105.969467, 10.895791 ], [ 105.981682, 10.884511 ], [ 106.000259, 10.865551 ], [ 106.011368, 10.854911 ], [ 106.032692, 10.83954 ], [ 106.071617, 10.812032 ], [ 106.096428, 10.80755 ], [ 106.144348, 10.80988 ], [ 106.163803, 10.811811 ], [ 106.190056, 10.78875 ], [ 106.188728, 10.81673 ], [ 106.187019, 10.829271 ], [ 106.186646, 10.840215 ], [ 106.168449, 10.86968 ], [ 106.162621, 10.87869 ], [ 106.161781, 10.88712 ], [ 106.157471, 10.891421 ], [ 106.146767, 10.90417 ], [ 106.136993, 10.9153 ], [ 106.139702, 10.922091 ], [ 106.144066, 10.929701 ], [ 106.147713, 10.934721 ], [ 106.149818, 10.939561 ], [ 106.149918, 10.942471 ], [ 106.147858, 10.946271 ], [ 106.144348, 10.94963 ], [ 106.144348, 10.966591 ], [ 106.142548, 10.973481 ], [ 106.142731, 10.976891 ], [ 106.144333, 10.978411 ], [ 106.149071, 10.979521 ], [ 106.153198, 10.982901 ], [ 106.157173, 10.97932 ], [ 106.163872, 10.978331 ], [ 106.167953, 10.974582 ], [ 106.172623, 10.979022 ], [ 106.177612, 10.977251 ], [ 106.180069, 10.97819 ], [ 106.188187, 10.975072 ], [ 106.193008, 10.97406 ], [ 106.205132, 10.978131 ], [ 106.20118, 10.98622 ], [ 106.196953, 10.9916 ], [ 106.192856, 11.002091 ], [ 106.193481, 11.0051 ], [ 106.189621, 11.01945 ], [ 106.189171, 11.029641 ], [ 106.187286, 11.045212 ], [ 106.186943, 11.051202 ], [ 106.171753, 11.07707 ], [ 106.154488, 11.100329 ], [ 106.153099, 11.10132 ], [ 106.144272, 11.100691 ], [ 106.142006, 11.099426 ], [ 106.137711, 11.094821 ], [ 106.129509, 11.09074 ], [ 106.122101, 11.088051 ], [ 106.118263, 11.083201 ], [ 106.11338, 11.079012 ], [ 106.109322, 11.072592 ], [ 106.106369, 11.070702 ], [ 106.101059, 11.072601 ], [ 106.09787, 11.078059 ], [ 106.099419, 11.084411 ], [ 106.099129, 11.086695 ], [ 106.093277, 11.09232 ], [ 106.089256, 11.09872 ], [ 106.085777, 11.100871 ], [ 106.08017, 11.09794 ], [ 106.076576, 11.09688 ], [ 106.071701, 11.10091 ], [ 106.069626, 11.105921 ], [ 106.066673, 11.11091 ], [ 106.059082, 11.11797 ], [ 106.048798, 11.125912 ], [ 106.042923, 11.129761 ], [ 106.034363, 11.13339 ], [ 106.022507, 11.14027 ], [ 106.018921, 11.14631 ], [ 106.01722, 11.150571 ], [ 106.015137, 11.166571 ], [ 106.013031, 11.18697 ], [ 106.010338, 11.190341 ], [ 105.996086, 11.190371 ], [ 105.988182, 11.191791 ], [ 105.981956, 11.19422 ], [ 105.97538, 11.197721 ], [ 105.971809, 11.197189 ], [ 105.966171, 11.195002 ], [ 105.9562, 11.19857 ], [ 105.941116, 11.205196 ], [ 105.938316, 11.20705 ], [ 105.934982, 11.211081 ], [ 105.930351, 11.214987 ], [ 105.926506, 11.216862 ], [ 105.921143, 11.22416 ], [ 105.911179, 11.238631 ], [ 105.910202, 11.2429 ], [ 105.907227, 11.25119 ], [ 105.90731, 11.25539 ], [ 105.911163, 11.263781 ], [ 105.907608, 11.269591 ], [ 105.906471, 11.274561 ], [ 105.907402, 11.280181 ], [ 105.902672, 11.279811 ], [ 105.898483, 11.280471 ], [ 105.890717, 11.285711 ], [ 105.887802, 11.286728 ], [ 105.8778, 11.286729 ], [ 105.874512, 11.284572 ], [ 105.871178, 11.279471 ], [ 105.868607, 11.277579 ], [ 105.864029, 11.279382 ], [ 105.863297, 11.285679 ], [ 105.863777, 11.290762 ], [ 105.868896, 11.297711 ], [ 105.869049, 11.301201 ], [ 105.870628, 11.30691 ], [ 105.866913, 11.315199 ], [ 105.866837, 11.31738 ], [ 105.86998, 11.323331 ], [ 105.873756, 11.326752 ], [ 105.874336, 11.3341 ], [ 105.877151, 11.343941 ], [ 105.878296, 11.35169 ], [ 105.882729, 11.358221 ], [ 105.881798, 11.362361 ], [ 105.882317, 11.3674 ], [ 105.87207, 11.371621 ], [ 105.870239, 11.378791 ], [ 105.878578, 11.39008 ], [ 105.870689, 11.403331 ], [ 105.874641, 11.40579 ], [ 105.880699, 11.407201 ], [ 105.883499, 11.411159 ], [ 105.885361, 11.41162 ], [ 105.886047, 11.41649 ], [ 105.889603, 11.420201 ], [ 105.89035, 11.4245 ], [ 105.899811, 11.428283 ], [ 105.900833, 11.433712 ], [ 105.902969, 11.436882 ], [ 105.903526, 11.441918 ], [ 105.902222, 11.447351 ], [ 105.899666, 11.448031 ], [ 105.899483, 11.451721 ], [ 105.895912, 11.45029 ], [ 105.892929, 11.45225 ], [ 105.887634, 11.450688 ], [ 105.885307, 11.454321 ], [ 105.882347, 11.453981 ], [ 105.874496, 11.462481 ], [ 105.876793, 11.469699 ], [ 105.877197, 11.4766 ], [ 105.88073, 11.483231 ], [ 105.884308, 11.48326 ], [ 105.883774, 11.492391 ], [ 105.881256, 11.495212 ], [ 105.879929, 11.499601 ], [ 105.880577, 11.50284 ], [ 105.879051, 11.509272 ], [ 105.881126, 11.511371 ], [ 105.884483, 11.51883 ], [ 105.884209, 11.527261 ], [ 105.885551, 11.5312 ], [ 105.882286, 11.534127 ], [ 105.883919, 11.537079 ], [ 105.880173, 11.542339 ], [ 105.880447, 11.54528 ], [ 105.874191, 11.550891 ], [ 105.872437, 11.554151 ], [ 105.865173, 11.55887 ], [ 105.862663, 11.561291 ], [ 105.862152, 11.56488 ], [ 105.858589, 11.564031 ], [ 105.852493, 11.56419 ], [ 105.853279, 11.56153 ], [ 105.84417, 11.563852 ], [ 105.841118, 11.561601 ], [ 105.838913, 11.56311 ], [ 105.832031, 11.56449 ], [ 105.826599, 11.564331 ], [ 105.823753, 11.569425 ], [ 105.820816, 11.570412 ], [ 105.818161, 11.567632 ], [ 105.816467, 11.569657 ], [ 105.818413, 11.57227 ], [ 105.814636, 11.574601 ], [ 105.817047, 11.580351 ], [ 105.815475, 11.583579 ], [ 105.813057, 11.584372 ], [ 105.810852, 11.58748 ], [ 105.811722, 11.59047 ], [ 105.809608, 11.596291 ], [ 105.81041, 11.59819 ], [ 105.810341, 11.605471 ], [ 105.812302, 11.60621 ], [ 105.811317, 11.610889 ], [ 105.81089, 11.61913 ], [ 105.813133, 11.61859 ], [ 105.818741, 11.619741 ], [ 105.824799, 11.618841 ], [ 105.827728, 11.619321 ], [ 105.8321, 11.62476 ], [ 105.836609, 11.638182 ], [ 105.836647, 11.64729 ], [ 105.843102, 11.64986 ], [ 105.846916, 11.656139 ], [ 105.851089, 11.6608 ], [ 105.855621, 11.664032 ], [ 105.868103, 11.67043 ], [ 105.874756, 11.671719 ], [ 105.877281, 11.673961 ], [ 105.882317, 11.67646 ], [ 105.887367, 11.676811 ], [ 105.890572, 11.675671 ], [ 105.896271, 11.670751 ], [ 105.901772, 11.664752 ], [ 105.907143, 11.66062 ], [ 105.916557, 11.654831 ], [ 105.924568, 11.64902 ], [ 105.932747, 11.645512 ], [ 105.942688, 11.642421 ], [ 105.95211, 11.639021 ], [ 105.953369, 11.639372 ], [ 105.954666, 11.644131 ], [ 105.958183, 11.647301 ], [ 105.960388, 11.650869 ], [ 105.965462, 11.652832 ], [ 105.970451, 11.658261 ], [ 105.971848, 11.661012 ], [ 105.979912, 11.66789 ], [ 105.981087, 11.670252 ], [ 105.980957, 11.677041 ], [ 105.976868, 11.682951 ], [ 105.982101, 11.691361 ], [ 105.986168, 11.695491 ], [ 105.995346, 11.702871 ], [ 105.99823, 11.70094 ], [ 106.003098, 11.705111 ], [ 106.005051, 11.70948 ], [ 106.008148, 11.719061 ], [ 106.010307, 11.722621 ], [ 106.014816, 11.726241 ], [ 106.015213, 11.732322 ], [ 106.012413, 11.743421 ], [ 106.009361, 11.74906 ], [ 106.01226, 11.7563 ], [ 106.011856, 11.758621 ], [ 106.015213, 11.76714 ], [ 106.018219, 11.771142 ], [ 106.02314, 11.77474 ], [ 106.031227, 11.774891 ], [ 106.040718, 11.778905 ], [ 106.044029, 11.777861 ], [ 106.04731, 11.77475 ], [ 106.052597, 11.77752 ], [ 106.054657, 11.779691 ], [ 106.060722, 11.78223 ], [ 106.066917, 11.78159 ], [ 106.071877, 11.77381 ], [ 106.086617, 11.766251 ], [ 106.089378, 11.765921 ], [ 106.09185, 11.76373 ], [ 106.093216, 11.760601 ], [ 106.093521, 11.756551 ], [ 106.100388, 11.75563 ], [ 106.102646, 11.749231 ], [ 106.109169, 11.743915 ], [ 106.11483, 11.742822 ], [ 106.118202, 11.74315 ], [ 106.123177, 11.74516 ], [ 106.127113, 11.744251 ], [ 106.133949, 11.744581 ], [ 106.141426, 11.742332 ], [ 106.152611, 11.73647 ], [ 106.157211, 11.738309 ], [ 106.164948, 11.746311 ], [ 106.169441, 11.74921 ], [ 106.171768, 11.749298 ], [ 106.175278, 11.74629 ], [ 106.179863, 11.747751 ], [ 106.181473, 11.750582 ], [ 106.184547, 11.752531 ], [ 106.188263, 11.75313 ], [ 106.191277, 11.750901 ], [ 106.194496, 11.74568 ], [ 106.196121, 11.73945 ], [ 106.200912, 11.736775 ], [ 106.206253, 11.73167 ], [ 106.216293, 11.72788 ], [ 106.225471, 11.731271 ], [ 106.23278, 11.72994 ], [ 106.242928, 11.726111 ], [ 106.249382, 11.72782 ], [ 106.255516, 11.72496 ], [ 106.259972, 11.72204 ], [ 106.266045, 11.720083 ], [ 106.26931, 11.714034 ], [ 106.272743, 11.712311 ], [ 106.270157, 11.70858 ], [ 106.269806, 11.705273 ], [ 106.279762, 11.69849 ], [ 106.289856, 11.689212 ], [ 106.295677, 11.6827 ], [ 106.298477, 11.680831 ], [ 106.299133, 11.674801 ], [ 106.316177, 11.676061 ], [ 106.325203, 11.681941 ], [ 106.32943, 11.686702 ], [ 106.333267, 11.68521 ], [ 106.333817, 11.6819 ], [ 106.337029, 11.68074 ], [ 106.340279, 11.68149 ], [ 106.343689, 11.684359 ], [ 106.349152, 11.685901 ], [ 106.355026, 11.691011 ], [ 106.36441, 11.695081 ], [ 106.368843, 11.696211 ], [ 106.373466, 11.695491 ], [ 106.383209, 11.696361 ], [ 106.386559, 11.69558 ], [ 106.39093, 11.69241 ], [ 106.398087, 11.691441 ], [ 106.405533, 11.6857 ], [ 106.409241, 11.683441 ], [ 106.414368, 11.677741 ], [ 106.424889, 11.677442 ], [ 106.427551, 11.67558 ], [ 106.428329, 11.671991 ], [ 106.433777, 11.669681 ], [ 106.439812, 11.668832 ], [ 106.443596, 11.669871 ], [ 106.449493, 11.670089 ], [ 106.450768, 11.671505 ], [ 106.450829, 11.671722 ], [ 106.45192, 11.67303 ], [ 106.451393, 11.67887 ], [ 106.45179, 11.685041 ], [ 106.452881, 11.69031 ], [ 106.449249, 11.69392 ], [ 106.448212, 11.69686 ], [ 106.444656, 11.69811 ], [ 106.440956, 11.703511 ], [ 106.438148, 11.704231 ], [ 106.436821, 11.712621 ], [ 106.43399, 11.713282 ], [ 106.434341, 11.718401 ], [ 106.431351, 11.72014 ], [ 106.43084, 11.723691 ], [ 106.428421, 11.724721 ], [ 106.426697, 11.72878 ], [ 106.427048, 11.73187 ], [ 106.422073, 11.738102 ], [ 106.421989, 11.74248 ], [ 106.418083, 11.753881 ], [ 106.41925, 11.756731 ], [ 106.416817, 11.757752 ], [ 106.41433, 11.766921 ], [ 106.416496, 11.769311 ], [ 106.415741, 11.77227 ], [ 106.419373, 11.780471 ], [ 106.42598, 11.788391 ], [ 106.427017, 11.79263 ], [ 106.429756, 11.795481 ], [ 106.43119, 11.798799 ], [ 106.433449, 11.79962 ], [ 106.43396, 11.807941 ], [ 106.435753, 11.808762 ], [ 106.437256, 11.812451 ], [ 106.440559, 11.815761 ], [ 106.440804, 11.818192 ], [ 106.447319, 11.823811 ], [ 106.444962, 11.83089 ], [ 106.441223, 11.83349 ], [ 106.440483, 11.836461 ], [ 106.438148, 11.838692 ], [ 106.438072, 11.84127 ], [ 106.440727, 11.842051 ], [ 106.438271, 11.85233 ], [ 106.439728, 11.857241 ], [ 106.444031, 11.85896 ], [ 106.446701, 11.86231 ], [ 106.446243, 11.866121 ], [ 106.452927, 11.865621 ], [ 106.456963, 11.864359 ], [ 106.461632, 11.86525 ], [ 106.466637, 11.867201 ], [ 106.442581, 11.913912 ], [ 106.411598, 11.972681 ], [ 106.416946, 11.973131 ], [ 106.421486, 11.97109 ], [ 106.42588, 11.972891 ], [ 106.429596, 11.972251 ], [ 106.432571, 11.973001 ], [ 106.431839, 11.97696 ], [ 106.435921, 11.980141 ], [ 106.437668, 11.982872 ], [ 106.443153, 11.986801 ], [ 106.447037, 11.98601 ], [ 106.455719, 11.987965 ], [ 106.457916, 11.985171 ], [ 106.461739, 11.98431 ], [ 106.465477, 11.98103 ], [ 106.468437, 11.973347 ], [ 106.472923, 11.972112 ], [ 106.483116, 11.97187 ], [ 106.489471, 11.969081 ], [ 106.49398, 11.969361 ], [ 106.497902, 11.972071 ], [ 106.500259, 11.974951 ], [ 106.503067, 11.974541 ], [ 106.508202, 11.976602 ], [ 106.510757, 11.979631 ], [ 106.513611, 11.97891 ], [ 106.517113, 11.979952 ], [ 106.523232, 11.9791 ], [ 106.527283, 11.97669 ], [ 106.532608, 11.977431 ], [ 106.535881, 11.97489 ], [ 106.531776, 11.97352 ], [ 106.5289, 11.969473 ], [ 106.529053, 11.967961 ], [ 106.573402, 11.970671 ], [ 106.620506, 11.9729 ], [ 106.627121, 11.973871 ], [ 106.630516, 11.972132 ], [ 106.631187, 11.96921 ], [ 106.629471, 11.964971 ], [ 106.630447, 11.96233 ], [ 106.635078, 11.960791 ], [ 106.635956, 11.963522 ], [ 106.635368, 11.96844 ], [ 106.638336, 11.972481 ], [ 106.642326, 11.97494 ], [ 106.643639, 11.972602 ], [ 106.641663, 11.9696 ], [ 106.647827, 11.96418 ], [ 106.653351, 11.965671 ], [ 106.659592, 11.965911 ], [ 106.6586, 11.968552 ], [ 106.65387, 11.97117 ], [ 106.649361, 11.979441 ], [ 106.652641, 11.983763 ], [ 106.652657, 11.987762 ], [ 106.656273, 11.988851 ], [ 106.657417, 11.986522 ], [ 106.66024, 11.986731 ], [ 106.663139, 11.983031 ], [ 106.665573, 11.983321 ], [ 106.668167, 11.978181 ], [ 106.670609, 11.976711 ], [ 106.674103, 11.97812 ], [ 106.676247, 11.977591 ], [ 106.67672, 11.97344 ], [ 106.683868, 11.964762 ], [ 106.686836, 11.965119 ], [ 106.689438, 11.963652 ], [ 106.694901, 11.963771 ], [ 106.697998, 11.967641 ], [ 106.702713, 11.968091 ], [ 106.703857, 11.965751 ], [ 106.707207, 11.967781 ], [ 106.71048, 11.967661 ], [ 106.718452, 11.972292 ], [ 106.72216, 11.97138 ], [ 106.721367, 11.97525 ], [ 106.723732, 11.975462 ], [ 106.725487, 11.979225 ], [ 106.730179, 11.984754 ], [ 106.734001, 11.987211 ], [ 106.735451, 11.992371 ], [ 106.738693, 11.995471 ], [ 106.738617, 11.99945 ], [ 106.745117, 12.0026 ], [ 106.745033, 12.00445 ], [ 106.747696, 12.00879 ], [ 106.747887, 12.01353 ], [ 106.74688, 12.019691 ], [ 106.752403, 12.021179 ], [ 106.755821, 12.02473 ], [ 106.756897, 12.02852 ], [ 106.759773, 12.029801 ], [ 106.759293, 12.033801 ], [ 106.762428, 12.037981 ], [ 106.762039, 12.03998 ], [ 106.767723, 12.041461 ], [ 106.768623, 12.048941 ], [ 106.773666, 12.054122 ], [ 106.775887, 12.05879 ], [ 106.777786, 12.059642 ], [ 106.782257, 12.06606 ], [ 106.780968, 12.06887 ], [ 106.781723, 12.0719 ], [ 106.785797, 12.072982 ], [ 106.787666, 12.076291 ], [ 106.790108, 12.07559 ], [ 106.791283, 12.081221 ], [ 106.795883, 12.082541 ], [ 106.799103, 12.082351 ], [ 106.80307, 12.078951 ], [ 106.805862, 12.078391 ], [ 106.813362, 12.078581 ], [ 106.81601, 12.082311 ], [ 106.822983, 12.082481 ], [ 106.827042, 12.080991 ], [ 106.83152, 12.075931 ], [ 106.832527, 12.072631 ], [ 106.834618, 12.071071 ], [ 106.842651, 12.073441 ], [ 106.846062, 12.07332 ], [ 106.847832, 12.07012 ], [ 106.854477, 12.06575 ], [ 106.857903, 12.067923 ], [ 106.868782, 12.071521 ], [ 106.874016, 12.072651 ], [ 106.87677, 12.07168 ], [ 106.8787, 12.0731 ], [ 106.883469, 12.071193 ], [ 106.886368, 12.072051 ], [ 106.896049, 12.06572 ], [ 106.899231, 12.06508 ], [ 106.906326, 12.067441 ], [ 106.911568, 12.066071 ], [ 106.914848, 12.061691 ], [ 106.916916, 12.061501 ], [ 106.922478, 12.063282 ], [ 106.927376, 12.062411 ], [ 106.933182, 12.065771 ], [ 106.938782, 12.06774 ], [ 106.945236, 12.066839 ], [ 106.947906, 12.071561 ], [ 106.950577, 12.07353 ], [ 106.955017, 12.074092 ], [ 106.96315, 12.07715 ], [ 106.989517, 12.084551 ], [ 106.993317, 12.086581 ], [ 106.994362, 12.08915 ], [ 106.992523, 12.09351 ], [ 106.996956, 12.095181 ], [ 107.000252, 12.093861 ], [ 107.002777, 12.09784 ], [ 107.00267, 12.101002 ], [ 107.007942, 12.10042 ], [ 107.009041, 12.10339 ], [ 107.005493, 12.106341 ], [ 107.011871, 12.107401 ], [ 107.013748, 12.11229 ], [ 107.007507, 12.114322 ], [ 107.011513, 12.118722 ], [ 107.014633, 12.120171 ], [ 107.016197, 12.117231 ], [ 107.02314, 12.11977 ], [ 107.020889, 12.123153 ], [ 107.02346, 12.12637 ], [ 107.025841, 12.120661 ], [ 107.029396, 12.1215 ], [ 107.029877, 12.124761 ], [ 107.033066, 12.126102 ], [ 107.038422, 12.131021 ], [ 107.042587, 12.131982 ], [ 107.045677, 12.131041 ], [ 107.047043, 12.133671 ], [ 107.050613, 12.13424 ], [ 107.048546, 12.13763 ], [ 107.050941, 12.142172 ], [ 107.055717, 12.143001 ], [ 107.056328, 12.15192 ], [ 107.060249, 12.155202 ], [ 107.060272, 12.158441 ], [ 107.064171, 12.15736 ], [ 107.067421, 12.160641 ], [ 107.070076, 12.159701 ], [ 107.075043, 12.163691 ], [ 107.078148, 12.161832 ], [ 107.080055, 12.164026 ], [ 107.078697, 12.16644 ], [ 107.080421, 12.16954 ], [ 107.076653, 12.172081 ], [ 107.074196, 12.175602 ], [ 107.073372, 12.182291 ], [ 107.075401, 12.184521 ], [ 107.075096, 12.18777 ], [ 107.081993, 12.18414 ], [ 107.091843, 12.17983 ], [ 107.093391, 12.18049 ], [ 107.097977, 12.191101 ], [ 107.097969, 12.198041 ], [ 107.102287, 12.20079 ], [ 107.101707, 12.204891 ], [ 107.102478, 12.20793 ], [ 107.106659, 12.208821 ], [ 107.107956, 12.212511 ], [ 107.110672, 12.214541 ], [ 107.114441, 12.215052 ], [ 107.117477, 12.21773 ], [ 107.120361, 12.218541 ], [ 107.121933, 12.221741 ], [ 107.126938, 12.22626 ], [ 107.129143, 12.223801 ], [ 107.133133, 12.227981 ], [ 107.138893, 12.228861 ], [ 107.140213, 12.232991 ], [ 107.139473, 12.23764 ], [ 107.138023, 12.23908 ], [ 107.141136, 12.245241 ], [ 107.138588, 12.248011 ], [ 107.140411, 12.250221 ], [ 107.143852, 12.250991 ], [ 107.145592, 12.253091 ], [ 107.143539, 12.256281 ], [ 107.146912, 12.257731 ], [ 107.147659, 12.259731 ], [ 107.145546, 12.262442 ], [ 107.151382, 12.26909 ], [ 107.155029, 12.277361 ], [ 107.158699, 12.278512 ], [ 107.164436, 12.27745 ], [ 107.169403, 12.279362 ], [ 107.172333, 12.279362 ], [ 107.178131, 12.282641 ], [ 107.179626, 12.28536 ], [ 107.182411, 12.282741 ], [ 107.184311, 12.285281 ], [ 107.185158, 12.29001 ], [ 107.1875, 12.289021 ], [ 107.190201, 12.294559 ], [ 107.197479, 12.295041 ], [ 107.20163, 12.297761 ], [ 107.20562, 12.295561 ], [ 107.209061, 12.274734 ], [ 107.214401, 12.236343 ], [ 107.220337, 12.198336 ], [ 107.227081, 12.149199 ], [ 107.227318, 12.13617 ], [ 107.225685, 12.130719 ], [ 107.221481, 12.126264 ], [ 107.226257, 12.122567 ], [ 107.227196, 12.115241 ], [ 107.237411, 12.11506 ], [ 107.238838, 12.112811 ], [ 107.237488, 12.107389 ], [ 107.233871, 12.100788 ], [ 107.231552, 12.097813 ], [ 107.231712, 12.094313 ], [ 107.23365, 12.090522 ], [ 107.23053, 12.0876 ], [ 107.229568, 12.084477 ], [ 107.22995, 12.07083 ], [ 107.231476, 12.062816 ], [ 107.230354, 12.053197 ], [ 107.23307, 12.045765 ], [ 107.23111, 12.036421 ], [ 107.232475, 12.03407 ], [ 107.231239, 12.026842 ], [ 107.233765, 12.027738 ], [ 107.233513, 12.030948 ], [ 107.236908, 12.036329 ], [ 107.240814, 12.03474 ], [ 107.243446, 12.03756 ], [ 107.244942, 12.032644 ], [ 107.241913, 12.026802 ], [ 107.249077, 12.025644 ], [ 107.250992, 12.02013 ], [ 107.261864, 12.016559 ], [ 107.266426, 12.016522 ], [ 107.267059, 12.013584 ], [ 107.270668, 12.016333 ], [ 107.274269, 12.012823 ], [ 107.280418, 12.012682 ], [ 107.283348, 12.017512 ], [ 107.289291, 12.015264 ], [ 107.288963, 12.019755 ], [ 107.295441, 12.014664 ], [ 107.293991, 12.008815 ], [ 107.297256, 12.009062 ], [ 107.298737, 12.007585 ], [ 107.304802, 12.008909 ], [ 107.305435, 12.006248 ], [ 107.309151, 12.00521 ], [ 107.31234, 12.007565 ], [ 107.317253, 12.004777 ], [ 107.32061, 12.004657 ], [ 107.323944, 12.002889 ], [ 107.324234, 11.999474 ], [ 107.330399, 11.996434 ], [ 107.334129, 11.993569 ], [ 107.33905, 11.988412 ], [ 107.343102, 11.980861 ], [ 107.344482, 11.973451 ], [ 107.346931, 11.970518 ], [ 107.350754, 11.968125 ], [ 107.349976, 11.965558 ], [ 107.352501, 11.962076 ], [ 107.353416, 11.956799 ], [ 107.35228, 11.954292 ], [ 107.357048, 11.951343 ], [ 107.355019, 11.947192 ], [ 107.355446, 11.941919 ], [ 107.352234, 11.938624 ], [ 107.361458, 11.933049 ], [ 107.368118, 11.931516 ], [ 107.369324, 11.928556 ], [ 107.374077, 11.926772 ], [ 107.376099, 11.924073 ], [ 107.38208, 11.922279 ], [ 107.384171, 11.919754 ], [ 107.385475, 11.913043 ], [ 107.393539, 11.899709 ], [ 107.403076, 11.889189 ], [ 107.402618, 11.884668 ], [ 107.405815, 11.880835 ], [ 107.406715, 11.877001 ], [ 107.407265, 11.8685 ], [ 107.409424, 11.866492 ], [ 107.413857, 11.865536 ], [ 107.419777, 11.866174 ], [ 107.424744, 11.863047 ], [ 107.427292, 11.860195 ], [ 107.428032, 11.845029 ], [ 107.423576, 11.846185 ], [ 107.421806, 11.843146 ], [ 107.417526, 11.83834 ], [ 107.41909, 11.835495 ], [ 107.415901, 11.834629 ], [ 107.414513, 11.827378 ], [ 107.410103, 11.824659 ], [ 107.409775, 11.821682 ], [ 107.40638, 11.818694 ], [ 107.406563, 11.813403 ], [ 107.409187, 11.811072 ], [ 107.410675, 11.808005 ], [ 107.406815, 11.803158 ], [ 107.401711, 11.799775 ], [ 107.397865, 11.801446 ], [ 107.395103, 11.796553 ], [ 107.394936, 11.790394 ], [ 107.398384, 11.786867 ], [ 107.396835, 11.782339 ], [ 107.400215, 11.780078 ], [ 107.399117, 11.775472 ], [ 107.395287, 11.770145 ], [ 107.390373, 11.766747 ], [ 107.388298, 11.768299 ], [ 107.38723, 11.77244 ], [ 107.380241, 11.77164 ], [ 107.371704, 11.769755 ], [ 107.365822, 11.766681 ], [ 107.362709, 11.761008 ], [ 107.357758, 11.762022 ], [ 107.35582, 11.761363 ], [ 107.355919, 11.756722 ], [ 107.354042, 11.753842 ], [ 107.348549, 11.751038 ], [ 107.339722, 11.750149 ], [ 107.334671, 11.748006 ], [ 107.32608, 11.749479 ], [ 107.322845, 11.746306 ], [ 107.314888, 11.740771 ], [ 107.310646, 11.740019 ], [ 107.302948, 11.740247 ], [ 107.30024, 11.738633 ], [ 107.298264, 11.735387 ], [ 107.297119, 11.730557 ], [ 107.295776, 11.729354 ], [ 107.289276, 11.729522 ], [ 107.286156, 11.726439 ], [ 107.285446, 11.723885 ], [ 107.285721, 11.714598 ], [ 107.284149, 11.704877 ], [ 107.28392, 11.698808 ], [ 107.279724, 11.694403 ], [ 107.279274, 11.691107 ], [ 107.283997, 11.688472 ], [ 107.284195, 11.685437 ], [ 107.27771, 11.681301 ], [ 107.27269, 11.671272 ], [ 107.265793, 11.661077 ], [ 107.265961, 11.657475 ], [ 107.271805, 11.652455 ], [ 107.273071, 11.649569 ], [ 107.268623, 11.643724 ], [ 107.269684, 11.63848 ], [ 107.271805, 11.63616 ], [ 107.279419, 11.634199 ], [ 107.287354, 11.631124 ], [ 107.302788, 11.619332 ], [ 107.304291, 11.616402 ], [ 107.301605, 11.611342 ], [ 107.300514, 11.606582 ], [ 107.30629, 11.6002 ], [ 107.297325, 11.586059 ], [ 107.299248, 11.579205 ], [ 107.30101, 11.577183 ], [ 107.306145, 11.57526 ], [ 107.311623, 11.571672 ], [ 107.309494, 11.568269 ], [ 107.307793, 11.570228 ], [ 107.303604, 11.571798 ], [ 107.302223, 11.570084 ], [ 107.304352, 11.565236 ], [ 107.309143, 11.556634 ], [ 107.311478, 11.553478 ], [ 107.315331, 11.554201 ], [ 107.327263, 11.554419 ], [ 107.333534, 11.55338 ], [ 107.3367, 11.545959 ], [ 107.331726, 11.541978 ], [ 107.322266, 11.539593 ], [ 107.312622, 11.537986 ], [ 107.296822, 11.533813 ], [ 107.269188, 11.52826 ], [ 107.25293, 11.524593 ], [ 107.24128, 11.522316 ], [ 107.195488, 11.512453 ], [ 107.189186, 11.51088 ], [ 107.173134, 11.507661 ], [ 107.161942, 11.505118 ], [ 107.14064, 11.501224 ], [ 107.134163, 11.498709 ], [ 107.13028, 11.49354 ], [ 107.124939, 11.490343 ], [ 107.122192, 11.482767 ], [ 107.114716, 11.478551 ], [ 107.111343, 11.479443 ], [ 107.107376, 11.478733 ], [ 107.100899, 11.48056 ], [ 107.099739, 11.478789 ], [ 107.096222, 11.478038 ], [ 107.098167, 11.474173 ], [ 107.097328, 11.46923 ], [ 107.095451, 11.466526 ], [ 107.090767, 11.463777 ], [ 107.086662, 11.463839 ], [ 107.08419, 11.460913 ], [ 107.085159, 11.457509 ], [ 107.081039, 11.456412 ], [ 107.077866, 11.452131 ], [ 107.074928, 11.452529 ], [ 107.069321, 11.443722 ], [ 107.070335, 11.442095 ], [ 107.067856, 11.439413 ], [ 107.06958, 11.435649 ], [ 107.068871, 11.430552 ], [ 107.069626, 11.425174 ], [ 107.074883, 11.42179 ], [ 107.07737, 11.418884 ], [ 107.077469, 11.415779 ], [ 107.075096, 11.413663 ], [ 107.071457, 11.412609 ], [ 107.069565, 11.409842 ], [ 107.068848, 11.406041 ], [ 107.070229, 11.402657 ], [ 107.064827, 11.401129 ], [ 107.059059, 11.397498 ], [ 107.057327, 11.39186 ], [ 107.061485, 11.39003 ], [ 107.062614, 11.383948 ], [ 107.058945, 11.379574 ], [ 107.060555, 11.375648 ], [ 107.057442, 11.375724 ], [ 107.052216, 11.373817 ], [ 107.042206, 11.373941 ], [ 107.036446, 11.369364 ], [ 107.039268, 11.36732 ], [ 107.036697, 11.364827 ], [ 107.039146, 11.359493 ], [ 107.035477, 11.357493 ], [ 107.035225, 11.354876 ], [ 107.025085, 11.35222 ], [ 107.018318, 11.349621 ], [ 107.011185, 11.347645 ], [ 107.009636, 11.345064 ], [ 107.014343, 11.339794 ], [ 107.010117, 11.339418 ], [ 107.00618, 11.335882 ], [ 107.003059, 11.334418 ], [ 107.003349, 11.33115 ], [ 106.999352, 11.330799 ], [ 106.995743, 11.32807 ], [ 106.994675, 11.32535 ], [ 106.989906, 11.330458 ], [ 106.986122, 11.330807 ], [ 106.981697, 11.329973 ], [ 106.98056, 11.327551 ], [ 106.981384, 11.323928 ], [ 106.985512, 11.321524 ], [ 106.985703, 11.318176 ], [ 106.982216, 11.314366 ], [ 106.976921, 11.313753 ], [ 106.973137, 11.314858 ], [ 106.972115, 11.317079 ], [ 106.966972, 11.315439 ], [ 106.96489, 11.313078 ], [ 106.962791, 11.313577 ], [ 106.958672, 11.309825 ], [ 106.955376, 11.302126 ], [ 106.952042, 11.301338 ], [ 106.948769, 11.304761 ], [ 106.945496, 11.305323 ], [ 106.941368, 11.308373 ], [ 106.937897, 11.307478 ], [ 106.937347, 11.304919 ], [ 106.939713, 11.303831 ], [ 106.93885, 11.2989 ], [ 106.940872, 11.29262 ], [ 106.938873, 11.289586 ], [ 106.935593, 11.286946 ], [ 106.933105, 11.283228 ], [ 106.932343, 11.278684 ], [ 106.929665, 11.272434 ], [ 106.925575, 11.272332 ], [ 106.927635, 11.265537 ], [ 106.925545, 11.262159 ], [ 106.926842, 11.260691 ], [ 106.926727, 11.256399 ], [ 106.927879, 11.249481 ], [ 106.931145, 11.246756 ], [ 106.930916, 11.244439 ], [ 106.926041, 11.245029 ], [ 106.921303, 11.241755 ], [ 106.917046, 11.243156 ], [ 106.91407, 11.2409 ], [ 106.911858, 11.242287 ], [ 106.910683, 11.238942 ], [ 106.913368, 11.236308 ], [ 106.914879, 11.229651 ], [ 106.913773, 11.226725 ], [ 106.91703, 11.224224 ], [ 106.917557, 11.220439 ], [ 106.914063, 11.214705 ], [ 106.910446, 11.21468 ], [ 106.907585, 11.211784 ], [ 106.901611, 11.211365 ], [ 106.901054, 11.207996 ], [ 106.906311, 11.204061 ], [ 106.906876, 11.199072 ], [ 106.905098, 11.194458 ], [ 106.907936, 11.192682 ], [ 106.912743, 11.194097 ], [ 106.919342, 11.193717 ], [ 106.920853, 11.189457 ], [ 106.923615, 11.187643 ], [ 106.926781, 11.190465 ], [ 106.93248, 11.190115 ], [ 106.935715, 11.185759 ], [ 106.936729, 11.182591 ], [ 106.940704, 11.177791 ], [ 106.944572, 11.177388 ], [ 106.945122, 11.173885 ], [ 106.940895, 11.169616 ], [ 106.940956, 11.167829 ], [ 106.944916, 11.166222 ], [ 106.948677, 11.166094 ], [ 106.953033, 11.164107 ], [ 106.955238, 11.159624 ], [ 106.955322, 11.153918 ], [ 106.957085, 11.152016 ], [ 106.963989, 11.149977 ], [ 106.966377, 11.144772 ], [ 106.963539, 11.142522 ], [ 106.95491, 11.142166 ], [ 106.954056, 11.138872 ], [ 106.956375, 11.136829 ], [ 106.956406, 11.133461 ], [ 106.953217, 11.130422 ], [ 106.958298, 11.1197 ], [ 106.961906, 11.117202 ], [ 106.964714, 11.112578 ], [ 106.965263, 11.108931 ], [ 106.963623, 11.107946 ], [ 106.958328, 11.107843 ], [ 106.957054, 11.105582 ], [ 106.958885, 11.100828 ], [ 106.9533, 11.098492 ], [ 106.946304, 11.089051 ], [ 106.946449, 11.084031 ], [ 106.944405, 11.078408 ], [ 106.946045, 11.076163 ], [ 106.951492, 11.073482 ], [ 106.951355, 11.070458 ], [ 106.948013, 11.065977 ], [ 106.948112, 11.061577 ], [ 106.946693, 11.058493 ], [ 106.943848, 11.057343 ], [ 106.939331, 11.058403 ], [ 106.937027, 11.063195 ], [ 106.931549, 11.064811 ], [ 106.926186, 11.058452 ], [ 106.92186, 11.05494 ], [ 106.923126, 11.048642 ], [ 106.921608, 11.046452 ], [ 106.915115, 11.043675 ], [ 106.912117, 11.040909 ], [ 106.9114, 11.029365 ], [ 106.910416, 11.025075 ], [ 106.907143, 11.022277 ], [ 106.903214, 11.023161 ], [ 106.899467, 11.026209 ], [ 106.894241, 11.027892 ], [ 106.88678, 11.025911 ], [ 106.87635, 11.02082 ], [ 106.872459, 11.020156 ], [ 106.868324, 11.021728 ], [ 106.862572, 11.028363 ], [ 106.858047, 11.03255 ], [ 106.851097, 11.034346 ], [ 106.844231, 11.036863 ], [ 106.839531, 11.039848 ], [ 106.831001, 11.057257 ], [ 106.828728, 11.06332 ], [ 106.826805, 11.065119 ], [ 106.820915, 11.064983 ], [ 106.804871, 11.06068 ], [ 106.800362, 11.058678 ], [ 106.798447, 11.05649 ], [ 106.7994, 11.052463 ], [ 106.805771, 11.048712 ], [ 106.808601, 11.045155 ], [ 106.81179, 11.039155 ], [ 106.812599, 11.03176 ], [ 106.809311, 11.027071 ], [ 106.805817, 11.025614 ], [ 106.79538, 11.023854 ], [ 106.791504, 11.021952 ], [ 106.78788, 11.018777 ], [ 106.784813, 11.018279 ], [ 106.78299, 11.013237 ], [ 106.774925, 11.007338 ], [ 106.774315, 11.003938 ], [ 106.775452, 10.999257 ], [ 106.781944, 10.987222 ], [ 106.789436, 10.980097 ], [ 106.795868, 10.974662 ], [ 106.794609, 10.971061 ], [ 106.786377, 10.968256 ], [ 106.782463, 10.964722 ], [ 106.777725, 10.962566 ], [ 106.775566, 10.959795 ], [ 106.772713, 10.960086 ], [ 106.770981, 10.965813 ], [ 106.769104, 10.9647 ], [ 106.763206, 10.965176 ], [ 106.762009, 10.961509 ], [ 106.764732, 10.959811 ], [ 106.762627, 10.95344 ], [ 106.76561, 10.9518 ], [ 106.769211, 10.951952 ], [ 106.769539, 10.945165 ], [ 106.772438, 10.94132 ], [ 106.778603, 10.937343 ], [ 106.782883, 10.937215 ], [ 106.785408, 10.933522 ], [ 106.788086, 10.933163 ], [ 106.791634, 10.929882 ], [ 106.791687, 10.927303 ], [ 106.788025, 10.922993 ], [ 106.794113, 10.923815 ], [ 106.80072, 10.920271 ], [ 106.804802, 10.920795 ], [ 106.809242, 10.919823 ], [ 106.81131, 10.915474 ], [ 106.814812, 10.910616 ], [ 106.814201, 10.905792 ], [ 106.816162, 10.903397 ], [ 106.823456, 10.903288 ], [ 106.831955, 10.906508 ], [ 106.834373, 10.903793 ], [ 106.838104, 10.902567 ], [ 106.839676, 10.898698 ], [ 106.833359, 10.899003 ], [ 106.829643, 10.895571 ], [ 106.825706, 10.89558 ], [ 106.823296, 10.892721 ], [ 106.823296, 10.888306 ], [ 106.818848, 10.886228 ], [ 106.816963, 10.882426 ], [ 106.81324, 10.878954 ], [ 106.811775, 10.880153 ], [ 106.808159, 10.874848 ], [ 106.805588, 10.876883 ], [ 106.798561, 10.872374 ], [ 106.793694, 10.873574 ], [ 106.7882, 10.872147 ], [ 106.78727, 10.868551 ], [ 106.783363, 10.867496 ], [ 106.779991, 10.868274 ], [ 106.781738, 10.877248 ], [ 106.780212, 10.881388 ], [ 106.772751, 10.88921 ], [ 106.769905, 10.893065 ], [ 106.766647, 10.89329 ], [ 106.764503, 10.886195 ], [ 106.759331, 10.881803 ], [ 106.7612, 10.877891 ], [ 106.761337, 10.874556 ], [ 106.759933, 10.872379 ], [ 106.762138, 10.870642 ], [ 106.761147, 10.867016 ], [ 106.753563, 10.865757 ], [ 106.751617, 10.863709 ], [ 106.748001, 10.866243 ], [ 106.746422, 10.873459 ], [ 106.751938, 10.875052 ], [ 106.750244, 10.878144 ], [ 106.747063, 10.877496 ], [ 106.744339, 10.880114 ], [ 106.74086, 10.881081 ], [ 106.737129, 10.879919 ], [ 106.734428, 10.880655 ], [ 106.73822, 10.886472 ], [ 106.731529, 10.885719 ], [ 106.732986, 10.891292 ], [ 106.728867, 10.889872 ], [ 106.721436, 10.893445 ], [ 106.717354, 10.896416 ], [ 106.7127, 10.889808 ], [ 106.715294, 10.887873 ], [ 106.717484, 10.881289 ], [ 106.712967, 10.878955 ], [ 106.713875, 10.877553 ], [ 106.720886, 10.876525 ], [ 106.723122, 10.872651 ], [ 106.72113, 10.87181 ], [ 106.715752, 10.872918 ], [ 106.715057, 10.868933 ], [ 106.71286, 10.865864 ], [ 106.702171, 10.867484 ], [ 106.696556, 10.871401 ], [ 106.68943, 10.880665 ], [ 106.689056, 10.885906 ], [ 106.693848, 10.894125 ], [ 106.694107, 10.897502 ], [ 106.693077, 10.902712 ], [ 106.68985, 10.911173 ], [ 106.68457, 10.921243 ], [ 106.680389, 10.923902 ], [ 106.668648, 10.921026 ], [ 106.66288, 10.922679 ], [ 106.65712, 10.925786 ], [ 106.653122, 10.929095 ], [ 106.650497, 10.933122 ], [ 106.650055, 10.938463 ], [ 106.651443, 10.942849 ], [ 106.6521, 10.950955 ], [ 106.651443, 10.954743 ], [ 106.64859, 10.964491 ], [ 106.649826, 10.974442 ], [ 106.648842, 10.978885 ], [ 106.647141, 10.980955 ], [ 106.642693, 10.980685 ], [ 106.637085, 10.977437 ], [ 106.627548, 10.979237 ], [ 106.621941, 10.984572 ], [ 106.617447, 10.987604 ], [ 106.615852, 10.989803 ], [ 106.615997, 10.99293 ], [ 106.620621, 11.001587 ], [ 106.620789, 11.005926 ], [ 106.619293, 11.008917 ], [ 106.615921, 11.011595 ], [ 106.608459, 11.011838 ], [ 106.600204, 11.014301 ], [ 106.597527, 11.015986 ], [ 106.595222, 11.022556 ], [ 106.594826, 11.028173 ], [ 106.595871, 11.031076 ], [ 106.603065, 11.039571 ], [ 106.59906, 11.045299 ], [ 106.595085, 11.045404 ], [ 106.591782, 11.041949 ], [ 106.590469, 11.036923 ], [ 106.586487, 11.03638 ], [ 106.583321, 11.03745 ], [ 106.581009, 11.040606 ], [ 106.579132, 11.048036 ], [ 106.572884, 11.054385 ], [ 106.571419, 11.054541 ], [ 106.568695, 11.050898 ], [ 106.568184, 11.046948 ], [ 106.566406, 11.045037 ], [ 106.549637, 11.046157 ], [ 106.546883, 11.051001 ], [ 106.544121, 11.05337 ], [ 106.536003, 11.05658 ], [ 106.53257, 11.059102 ], [ 106.528481, 11.066691 ], [ 106.525558, 11.068831 ], [ 106.523422, 11.073769 ], [ 106.524986, 11.07808 ], [ 106.527573, 11.082079 ], [ 106.533546, 11.088519 ], [ 106.532387, 11.091807 ], [ 106.528748, 11.09223 ], [ 106.52475, 11.08986 ], [ 106.521301, 11.090872 ], [ 106.516029, 11.099287 ], [ 106.516068, 11.101567 ], [ 106.523781, 11.103618 ], [ 106.52636, 11.106979 ], [ 106.527458, 11.114969 ], [ 106.525513, 11.121494 ], [ 106.520889, 11.121812 ], [ 106.51709, 11.124047 ], [ 106.513824, 11.127751 ], [ 106.510971, 11.135553 ], [ 106.505646, 11.142156 ], [ 106.50135, 11.140231 ], [ 106.498688, 11.140691 ], [ 106.491196, 11.143748 ], [ 106.487633, 11.143849 ], [ 106.479309, 11.141454 ], [ 106.471481, 11.14255 ], [ 106.466751, 11.146727 ], [ 106.46701, 11.148434 ], [ 106.470657, 11.152714 ], [ 106.470474, 11.154369 ], [ 106.466286, 11.155668 ], [ 106.463448, 11.159157 ], [ 106.460342, 11.157629 ], [ 106.454842, 11.159385 ], [ 106.45195, 11.15778 ], [ 106.450859, 11.155029 ], [ 106.451324, 11.150826 ], [ 106.455978, 11.152533 ], [ 106.457321, 11.151489 ], [ 106.457397, 11.14563 ], [ 106.454994, 11.139822 ], [ 106.45089, 11.135695 ], [ 106.447029, 11.134874 ], [ 106.446571, 11.130168 ], [ 106.443703, 11.125751 ], [ 106.443787, 11.123605 ], [ 106.441666, 11.11439 ], [ 106.437386, 11.110428 ], [ 106.436996, 11.107981 ], [ 106.43364, 11.099687 ], [ 106.430618, 11.098553 ], [ 106.430313, 11.091822 ], [ 106.426285, 11.091764 ], [ 106.426605, 11.080883 ], [ 106.425194, 11.07845 ], [ 106.426239, 11.072779 ], [ 106.425705, 11.06585 ], [ 106.42244, 11.064445 ], [ 106.421211, 11.06186 ], [ 106.422218, 11.056402 ], [ 106.42141, 11.052445 ], [ 106.424156, 11.047721 ], [ 106.422447, 11.047018 ], [ 106.422188, 11.039231 ], [ 106.420799, 11.035273 ], [ 106.412842, 11.032494 ], [ 106.410294, 11.025748 ], [ 106.408302, 11.022513 ], [ 106.408409, 11.014633 ], [ 106.411865, 11.008534 ], [ 106.406181, 11.005209 ], [ 106.400131, 11.003286 ], [ 106.390686, 10.999239 ], [ 106.38047, 10.99768 ], [ 106.378151, 10.998998 ], [ 106.374046, 10.999225 ], [ 106.362091, 10.996535 ], [ 106.356438, 10.99173 ], [ 106.361801, 10.984884 ], [ 106.372742, 10.96969 ], [ 106.377289, 10.97001 ], [ 106.411751, 10.973608 ], [ 106.422096, 10.965985 ], [ 106.452995, 10.942051 ], [ 106.495918, 10.920723 ], [ 106.518761, 10.90887 ], [ 106.532906, 10.901299 ], [ 106.528435, 10.886453 ], [ 106.525093, 10.872627 ], [ 106.504143, 10.79095 ], [ 106.501106, 10.786229 ], [ 106.488182, 10.775489 ], [ 106.463242, 10.756502 ], [ 106.471825, 10.745526 ], [ 106.473183, 10.746416 ], [ 106.486832, 10.729941 ], [ 106.488678, 10.731381 ], [ 106.495361, 10.727913 ], [ 106.499039, 10.725264 ], [ 106.501144, 10.726745 ], [ 106.508759, 10.717169 ], [ 106.519836, 10.723648 ], [ 106.529175, 10.717581 ], [ 106.526749, 10.709114 ], [ 106.528297, 10.702745 ], [ 106.533424, 10.68797 ], [ 106.534958, 10.685664 ], [ 106.546837, 10.687141 ], [ 106.550392, 10.685322 ], [ 106.551079, 10.680089 ], [ 106.553276, 10.674519 ], [ 106.551857, 10.670162 ], [ 106.552895, 10.665724 ], [ 106.551315, 10.66448 ], [ 106.55011, 10.659202 ], [ 106.555809, 10.656984 ], [ 106.554749, 10.653338 ], [ 106.557114, 10.649513 ], [ 106.558701, 10.651696 ], [ 106.564438, 10.652914 ], [ 106.565887, 10.656375 ], [ 106.569389, 10.656246 ], [ 106.573097, 10.653895 ], [ 106.572929, 10.649824 ], [ 106.576729, 10.648779 ], [ 106.57872, 10.650149 ], [ 106.578102, 10.654033 ], [ 106.582771, 10.655217 ], [ 106.585625, 10.652818 ], [ 106.589966, 10.653209 ], [ 106.591156, 10.650119 ], [ 106.594994, 10.650776 ], [ 106.594711, 10.653672 ], [ 106.601212, 10.65113 ], [ 106.605484, 10.659005 ], [ 106.617889, 10.653007 ], [ 106.617874, 10.650844 ], [ 106.624222, 10.647327 ], [ 106.623917, 10.644892 ], [ 106.621361, 10.643552 ], [ 106.620964, 10.64093 ], [ 106.625122, 10.639664 ], [ 106.628967, 10.641754 ], [ 106.630203, 10.63696 ], [ 106.628555, 10.635508 ], [ 106.62973, 10.625971 ], [ 106.632164, 10.626631 ], [ 106.633987, 10.624608 ], [ 106.641525, 10.626387 ], [ 106.645973, 10.634724 ], [ 106.652946, 10.632982 ], [ 106.651779, 10.636687 ], [ 106.656448, 10.640574 ], [ 106.655922, 10.643234 ], [ 106.666168, 10.640545 ], [ 106.668228, 10.639122 ], [ 106.672935, 10.642249 ], [ 106.673431, 10.644232 ], [ 106.678963, 10.645421 ], [ 106.684784, 10.650925 ], [ 106.687248, 10.655361 ], [ 106.691132, 10.64864 ], [ 106.69548, 10.649649 ], [ 106.699768, 10.653837 ], [ 106.703705, 10.652941 ], [ 106.70771, 10.649901 ], [ 106.711441, 10.650463 ], [ 106.718384, 10.645736 ], [ 106.722137, 10.645822 ], [ 106.722839, 10.641607 ], [ 106.725395, 10.638362 ], [ 106.729462, 10.636433 ], [ 106.732933, 10.628879 ], [ 106.729286, 10.628727 ], [ 106.728027, 10.62506 ], [ 106.731094, 10.623696 ], [ 106.729645, 10.617928 ], [ 106.727295, 10.615666 ], [ 106.730782, 10.608834 ], [ 106.727989, 10.609032 ], [ 106.723785, 10.611905 ], [ 106.721916, 10.607183 ], [ 106.718628, 10.605917 ], [ 106.721474, 10.599424 ], [ 106.720078, 10.595995 ], [ 106.723251, 10.593106 ], [ 106.723106, 10.587998 ], [ 106.726387, 10.584758 ], [ 106.728317, 10.58012 ], [ 106.730949, 10.579742 ], [ 106.734489, 10.582297 ], [ 106.735893, 10.586476 ], [ 106.739098, 10.5839 ], [ 106.73774, 10.578448 ], [ 106.741447, 10.57898 ], [ 106.745399, 10.57627 ], [ 106.742279, 10.569337 ], [ 106.741592, 10.563915 ], [ 106.742043, 10.55838 ], [ 106.746185, 10.538837 ], [ 106.748161, 10.525896 ], [ 106.746468, 10.517815 ], [ 106.741661, 10.510384 ], [ 106.736679, 10.499611 ], [ 106.734718, 10.49732 ], [ 106.738121, 10.492587 ], [ 106.760857, 10.45378 ], [ 106.780472, 10.429585 ], [ 106.787163, 10.422959 ], [ 106.778267, 10.414772 ], [ 106.784447, 10.407501 ], [ 106.783607, 10.398888 ], [ 106.78389, 10.377499 ], [ 106.783333, 10.369722 ], [ 106.783958, 10.36611 ], [ 106.783058, 10.3625 ], [ 106.783737, 10.35635 ], [ 106.78389, 10.34833 ], [ 106.783127, 10.345431 ], [ 106.782661, 10.327513 ], [ 106.781113, 10.322501 ], [ 106.782501, 10.320001 ], [ 106.782219, 10.31111 ], [ 106.783607, 10.300562 ], [ 106.783607, 10.296111 ], [ 106.78167, 10.291671 ], [ 106.777496, 10.284444 ], [ 106.762779, 10.271391 ], [ 106.758888, 10.269445 ], [ 106.757767, 10.26694 ], [ 106.752304, 10.268075 ], [ 106.747696, 10.25819 ], [ 106.756943, 10.249441 ], [ 106.761391, 10.24806 ], [ 106.763611, 10.245277 ], [ 106.765556, 10.245833 ], [ 106.771942, 10.241671 ], [ 106.782219, 10.2275 ], [ 106.781944, 10.222499 ], [ 106.778893, 10.218055 ], [ 106.772217, 10.215281 ], [ 106.760002, 10.20611 ], [ 106.752502, 10.203056 ], [ 106.74472, 10.201944 ], [ 106.739967, 10.205581 ], [ 106.735115, 10.198738 ], [ 106.729706, 10.191118 ], [ 106.737503, 10.18722 ], [ 106.739166, 10.187223 ] ] ] ] } },
{ "type": "Feature", "properties": { "area_code_prefix": "28" }, "geometry": { "type": "MultiPolygon", "coordinates": [ [ [ [ 106.922501, 10.42751 ], [ 106.918335, 10.430001 ], [ 106.920555, 10.435833 ], [ 106.923332, 10.437779 ], [ 106.929733, 10.438062 ], [ 106.934166, 10.436667 ], [ 106.938057, 10.436943 ], [ 106.942223, 10.435279 ], [ 106.948059, 10.428057 ], [ 106.955826, 10.424171 ], [ 106.959442, 10.420834 ], [ 106.96167, 10.4225 ], [ 106.963608, 10.420563 ], [ 106.963608, 10.41778 ], [ 106.966667, 10.414721 ], [ 106.970833, 10.4175 ], [ 106.974998, 10.415002 ], [ 106.970558, 10.406671 ], [ 106.948883, 10.397781 ], [ 106.939453, 10.394722 ], [ 106.936386, 10.394722 ], [ 106.927498, 10.389441 ], [ 106.912216, 10.382232 ], [ 106.910553, 10.382501 ], [ 106.90583, 10.380001 ], [ 106.902496, 10.380001 ], [ 106.898056, 10.376389 ], [ 106.89389, 10.377501 ], [ 106.881668, 10.376945 ], [ 106.874733, 10.378059 ], [ 106.879997, 10.383055 ], [ 106.879997, 10.38889 ], [ 106.875275, 10.400557 ], [ 106.873886, 10.407221 ], [ 106.871109, 10.41278 ], [ 106.86528, 10.422222 ], [ 106.863335, 10.424444 ], [ 106.861946, 10.428888 ], [ 106.866943, 10.436941 ], [ 106.876389, 10.447778 ], [ 106.878891, 10.455557 ], [ 106.878891, 10.463611 ], [ 106.881943, 10.467502 ], [ 106.87973, 10.46889 ], [ 106.876114, 10.468333 ], [ 106.874725, 10.47 ], [ 106.864433, 10.473332 ], [ 106.866386, 10.476944 ], [ 106.869164, 10.484999 ], [ 106.869164, 10.489723 ], [ 106.867226, 10.496668 ], [ 106.870003, 10.496943 ], [ 106.872498, 10.499166 ], [ 106.873886, 10.503888 ], [ 106.872223, 10.50639 ], [ 106.868614, 10.508057 ], [ 106.868614, 10.510554 ], [ 106.870834, 10.512501 ], [ 106.871948, 10.517777 ], [ 106.873596, 10.520282 ], [ 106.88472, 10.516667 ], [ 106.893059, 10.517501 ], [ 106.900833, 10.51473 ], [ 106.904999, 10.514721 ], [ 106.909164, 10.515833 ], [ 106.912781, 10.518333 ], [ 106.915283, 10.522221 ], [ 106.916443, 10.527313 ], [ 106.91861, 10.528612 ], [ 106.923058, 10.5275 ], [ 106.927223, 10.524719 ], [ 106.938606, 10.521392 ], [ 106.942497, 10.518331 ], [ 106.945, 10.513055 ], [ 106.945557, 10.505281 ], [ 106.945557, 10.496661 ], [ 106.946114, 10.491389 ], [ 106.947777, 10.486111 ], [ 106.944725, 10.484999 ], [ 106.942223, 10.482501 ], [ 106.93222, 10.478056 ], [ 106.928337, 10.480561 ], [ 106.924713, 10.47833 ], [ 106.924164, 10.475556 ], [ 106.921387, 10.475278 ], [ 106.917503, 10.481388 ], [ 106.916389, 10.486667 ], [ 106.913887, 10.489721 ], [ 106.910843, 10.491389 ], [ 106.90889, 10.489167 ], [ 106.909164, 10.484999 ], [ 106.908333, 10.479171 ], [ 106.906387, 10.476393 ], [ 106.903343, 10.4775 ], [ 106.901947, 10.483611 ], [ 106.898888, 10.486671 ], [ 106.895554, 10.488333 ], [ 106.89917, 10.491945 ], [ 106.89167, 10.49167 ], [ 106.889725, 10.488889 ], [ 106.894722, 10.487223 ], [ 106.900558, 10.483611 ], [ 106.901947, 10.47722 ], [ 106.905281, 10.474722 ], [ 106.908058, 10.47611 ], [ 106.910004, 10.48 ], [ 106.910835, 10.488889 ], [ 106.915283, 10.485001 ], [ 106.916389, 10.480278 ], [ 106.92028, 10.473334 ], [ 106.923607, 10.473612 ], [ 106.925835, 10.475556 ], [ 106.927498, 10.479171 ], [ 106.933891, 10.475556 ], [ 106.93222, 10.47389 ], [ 106.930832, 10.468333 ], [ 106.935555, 10.462499 ], [ 106.935837, 10.460833 ], [ 106.933334, 10.456389 ], [ 106.934166, 10.44639 ], [ 106.936668, 10.443334 ], [ 106.922226, 10.440555 ], [ 106.919724, 10.441668 ], [ 106.914719, 10.437223 ], [ 106.918335, 10.435833 ], [ 106.916656, 10.431111 ], [ 106.916946, 10.429171 ], [ 106.92028, 10.424166 ], [ 106.919998, 10.41889 ], [ 106.926109, 10.413611 ], [ 106.927773, 10.410831 ], [ 106.923332, 10.405555 ], [ 106.921387, 10.406109 ], [ 106.919716, 10.409721 ], [ 106.915558, 10.41306 ], [ 106.915558, 10.408889 ], [ 106.923615, 10.404167 ], [ 106.931389, 10.412502 ], [ 106.928055, 10.414721 ], [ 106.921112, 10.419722 ], [ 106.923332, 10.424722 ], [ 106.922501, 10.42751 ] ] ], [ [ [ 106.845276, 10.503061 ], [ 106.847778, 10.496112 ], [ 106.853615, 10.491389 ], [ 106.863052, 10.492221 ], [ 106.86528, 10.488055 ], [ 106.863335, 10.482779 ], [ 106.859726, 10.47833 ], [ 106.858612, 10.475278 ], [ 106.861664, 10.467777 ], [ 106.864433, 10.464999 ], [ 106.869164, 10.463333 ], [ 106.868614, 10.458889 ], [ 106.863327, 10.457781 ], [ 106.858887, 10.455281 ], [ 106.85083, 10.45361 ], [ 106.842216, 10.460001 ], [ 106.836113, 10.461945 ], [ 106.826111, 10.461945 ], [ 106.826668, 10.466111 ], [ 106.824173, 10.47028 ], [ 106.818611, 10.47167 ], [ 106.815002, 10.46889 ], [ 106.816391, 10.462499 ], [ 106.813057, 10.460001 ], [ 106.808937, 10.458659 ], [ 106.805267, 10.460831 ], [ 106.802498, 10.467777 ], [ 106.796944, 10.474166 ], [ 106.797226, 10.4775 ], [ 106.80278, 10.47722 ], [ 106.806107, 10.480561 ], [ 106.805, 10.483891 ], [ 106.799156, 10.490001 ], [ 106.803413, 10.493051 ], [ 106.810837, 10.492221 ], [ 106.816948, 10.494167 ], [ 106.821106, 10.49943 ], [ 106.821663, 10.503888 ], [ 106.824722, 10.502778 ], [ 106.827225, 10.498612 ], [ 106.830276, 10.496668 ], [ 106.833054, 10.495834 ], [ 106.838333, 10.499444 ], [ 106.842224, 10.503334 ], [ 106.845276, 10.503061 ] ] ], [ [ [ 106.885826, 10.570831 ], [ 106.888336, 10.568611 ], [ 106.895836, 10.564171 ], [ 106.897224, 10.558888 ], [ 106.902222, 10.550834 ], [ 106.906387, 10.546672 ], [ 106.90667, 10.544999 ], [ 106.904167, 10.541389 ], [ 106.903336, 10.538333 ], [ 106.904999, 10.531944 ], [ 106.907501, 10.529166 ], [ 106.91111, 10.527222 ], [ 106.91111, 10.523612 ], [ 106.908607, 10.519441 ], [ 106.904999, 10.517791 ], [ 106.896111, 10.521111 ], [ 106.89167, 10.521392 ], [ 106.885559, 10.520555 ], [ 106.878326, 10.522502 ], [ 106.873886, 10.525278 ], [ 106.866669, 10.53361 ], [ 106.860558, 10.537779 ], [ 106.852493, 10.53944 ], [ 106.851112, 10.540562 ], [ 106.853058, 10.545833 ], [ 106.851387, 10.551946 ], [ 106.848053, 10.555 ], [ 106.84111, 10.558056 ], [ 106.839447, 10.56 ], [ 106.839447, 10.565561 ], [ 106.840279, 10.570833 ], [ 106.836388, 10.578612 ], [ 106.836937, 10.581668 ], [ 106.847221, 10.581112 ], [ 106.858055, 10.582778 ], [ 106.861389, 10.587778 ], [ 106.861656, 10.59222 ], [ 106.863335, 10.593611 ], [ 106.868332, 10.590279 ], [ 106.870834, 10.58611 ], [ 106.876106, 10.584171 ], [ 106.88472, 10.574721 ], [ 106.885826, 10.570831 ] ] ], [ [ [ 106.885002, 10.578056 ], [ 106.878609, 10.583056 ], [ 106.877502, 10.585281 ], [ 106.871391, 10.587222 ], [ 106.86972, 10.589723 ], [ 106.873886, 10.593891 ], [ 106.875832, 10.593891 ], [ 106.87973, 10.596391 ], [ 106.886108, 10.595281 ], [ 106.891113, 10.595281 ], [ 106.895279, 10.595555 ], [ 106.889725, 10.586666 ], [ 106.885002, 10.578056 ] ] ], [ [ [ 106.918053, 10.566945 ], [ 106.923058, 10.563891 ], [ 106.93, 10.563332 ], [ 106.932777, 10.559166 ], [ 106.931946, 10.556666 ], [ 106.933052, 10.553334 ], [ 106.930275, 10.545555 ], [ 106.923332, 10.538611 ], [ 106.9189, 10.535281 ], [ 106.913055, 10.531944 ], [ 106.909706, 10.53194 ], [ 106.907501, 10.533888 ], [ 106.906944, 10.536945 ], [ 106.909721, 10.542499 ], [ 106.909721, 10.548333 ], [ 106.908607, 10.55084 ], [ 106.902496, 10.556388 ], [ 106.899445, 10.564723 ], [ 106.896942, 10.567501 ], [ 106.889168, 10.571111 ], [ 106.887222, 10.573333 ], [ 106.887222, 10.577221 ], [ 106.890556, 10.583888 ], [ 106.892776, 10.586666 ], [ 106.898056, 10.595833 ], [ 106.894997, 10.598333 ], [ 106.891945, 10.596667 ], [ 106.879448, 10.597779 ], [ 106.876389, 10.595562 ], [ 106.873337, 10.595281 ], [ 106.870003, 10.592223 ], [ 106.866943, 10.596389 ], [ 106.869446, 10.601389 ], [ 106.86972, 10.605834 ], [ 106.864998, 10.613334 ], [ 106.863335, 10.619167 ], [ 106.860275, 10.624443 ], [ 106.855553, 10.625833 ], [ 106.846947, 10.623891 ], [ 106.84063, 10.627896 ], [ 106.841393, 10.634991 ], [ 106.845001, 10.63778 ], [ 106.852219, 10.638612 ], [ 106.857475, 10.636051 ], [ 106.861115, 10.635834 ], [ 106.865227, 10.641334 ], [ 106.86972, 10.641671 ], [ 106.871948, 10.645279 ], [ 106.875267, 10.647501 ], [ 106.881668, 10.646945 ], [ 106.883057, 10.645279 ], [ 106.884163, 10.639722 ], [ 106.889168, 10.636388 ], [ 106.891388, 10.632219 ], [ 106.898613, 10.627501 ], [ 106.90361, 10.621945 ], [ 106.905281, 10.616388 ], [ 106.909164, 10.608056 ], [ 106.914169, 10.605834 ], [ 106.92083, 10.60778 ], [ 106.924446, 10.603331 ], [ 106.931946, 10.600282 ], [ 106.934448, 10.59806 ], [ 106.934723, 10.594721 ], [ 106.931389, 10.58861 ], [ 106.931175, 10.585764 ], [ 106.928055, 10.582222 ], [ 106.926392, 10.581944 ], [ 106.91861, 10.578334 ], [ 106.916656, 10.573611 ], [ 106.916664, 10.569445 ], [ 106.918053, 10.566945 ] ] ], [ [ [ 106.38047, 10.99768 ], [ 106.390686, 10.999239 ], [ 106.400131, 11.003286 ], [ 106.406181, 11.005209 ], [ 106.411865, 11.008534 ], [ 106.408409, 11.014633 ], [ 106.408302, 11.022513 ], [ 106.410294, 11.025748 ], [ 106.412842, 11.032494 ], [ 106.420799, 11.035273 ], [ 106.422188, 11.039231 ], [ 106.422447, 11.047018 ], [ 106.424156, 11.047721 ], [ 106.42141, 11.052445 ], [ 106.422218, 11.056402 ], [ 106.421211, 11.06186 ], [ 106.42244, 11.064445 ], [ 106.425705, 11.06585 ], [ 106.426239, 11.072779 ], [ 106.425194, 11.07845 ], [ 106.426605, 11.080883 ], [ 106.426285, 11.091764 ], [ 106.430313, 11.091822 ], [ 106.430618, 11.098553 ], [ 106.43364, 11.099687 ], [ 106.436996, 11.107981 ], [ 106.437386, 11.110428 ], [ 106.441666, 11.11439 ], [ 106.443787, 11.123605 ], [ 106.443703, 11.125751 ], [ 106.446571, 11.130168 ], [ 106.447029, 11.134874 ], [ 106.45089, 11.135695 ], [ 106.454994, 11.139822 ], [ 106.457397, 11.14563 ], [ 106.457321, 11.151489 ], [ 106.455978, 11.152533 ], [ 106.451324, 11.150826 ], [ 106.450859, 11.155029 ], [ 106.45195, 11.15778 ], [ 106.454842, 11.159385 ], [ 106.460342, 11.157629 ], [ 106.463448, 11.159157 ], [ 106.466286, 11.155668 ], [ 106.470474, 11.154369 ], [ 106.470657, 11.152714 ], [ 106.46701, 11.148434 ], [ 106.466751, 11.146727 ], [ 106.471481, 11.14255 ], [ 106.479309, 11.141454 ], [ 106.487633, 11.143849 ], [ 106.491196, 11.143748 ], [ 106.498688, 11.140691 ], [ 106.50135, 11.140231 ], [ 106.505646, 11.142156 ], [ 106.510971, 11.135553 ], [ 106.513824, 11.127751 ], [ 106.51709, 11.124047 ], [ 106.520889, 11.121812 ], [ 106.525513, 11.121494 ], [ 106.527458, 11.114969 ], [ 106.52636, 11.106979 ], [ 106.523781, 11.103618 ], [ 106.516068, 11.101567 ], [ 106.516029, 11.099287 ], [ 106.521301, 11.090872 ], [ 106.52475, 11.08986 ], [ 106.528748, 11.09223 ], [ 106.532387, 11.091807 ], [ 106.533546, 11.088519 ], [ 106.527573, 11.082079 ], [ 106.524986, 11.07808 ], [ 106.523422, 11.073769 ], [ 106.525558, 11.068831 ], [ 106.528481, 11.066691 ], [ 106.53257, 11.059102 ], [ 106.536003, 11.05658 ], [ 106.544121, 11.05337 ], [ 106.546883, 11.051001 ], [ 106.549637, 11.046157 ], [ 106.566406, 11.045037 ], [ 106.568184, 11.046948 ], [ 106.568695, 11.050898 ], [ 106.571419, 11.054541 ], [ 106.572884, 11.054385 ], [ 106.579132, 11.048036 ], [ 106.581009, 11.040606 ], [ 106.583321, 11.03745 ], [ 106.586487, 11.03638 ], [ 106.590469, 11.036923 ], [ 106.591782, 11.041949 ], [ 106.595085, 11.045404 ], [ 106.59906, 11.045299 ], [ 106.603065, 11.039571 ], [ 106.595871, 11.031076 ], [ 106.594826, 11.028173 ], [ 106.595222, 11.022556 ], [ 106.597527, 11.015986 ], [ 106.600204, 11.014301 ], [ 106.608459, 11.011838 ], [ 106.615921, 11.011595 ], [ 106.619293, 11.008917 ], [ 106.620789, 11.005926 ], [ 106.620621, 11.001587 ], [ 106.615997, 10.99293 ], [ 106.615852, 10.989803 ], [ 106.617447, 10.987604 ], [ 106.621941, 10.984572 ], [ 106.627548, 10.979237 ], [ 106.637085, 10.977437 ], [ 106.642693, 10.980685 ], [ 106.647141, 10.980955 ], [ 106.648842, 10.978885 ], [ 106.649826, 10.974442 ], [ 106.64859, 10.964491 ], [ 106.651443, 10.954743 ], [ 106.6521, 10.950955 ], [ 106.651443, 10.942849 ], [ 106.650055, 10.938463 ], [ 106.650497, 10.933122 ], [ 106.653122, 10.929095 ], [ 106.65712, 10.925786 ], [ 106.66288, 10.922679 ], [ 106.668648, 10.921026 ], [ 106.680389, 10.923902 ], [ 106.68457, 10.921243 ], [ 106.68985, 10.911173 ], [ 106.693077, 10.902712 ], [ 106.694107, 10.897502 ], [ 106.693848, 10.894125 ], [ 106.689056, 10.885906 ], [ 106.68943, 10.880665 ], [ 106.696556, 10.871401 ], [ 106.702171, 10.867484 ], [ 106.71286, 10.865864 ], [ 106.715057, 10.868933 ], [ 106.715752, 10.872918 ], [ 106.72113, 10.87181 ], [ 106.723122, 10.872651 ], [ 106.720886, 10.876525 ], [ 106.713875, 10.877553 ], [ 106.712967, 10.878955 ], [ 106.717484, 10.881289 ], [ 106.715294, 10.887873 ], [ 106.7127, 10.889808 ], [ 106.717354, 10.896416 ], [ 106.721436, 10.893445 ], [ 106.728867, 10.889872 ], [ 106.732986, 10.891292 ], [ 106.731529, 10.885719 ], [ 106.73822, 10.886472 ], [ 106.734428, 10.880655 ], [ 106.737129, 10.879919 ], [ 106.74086, 10.881081 ], [ 106.744339, 10.880114 ], [ 106.747063, 10.877496 ], [ 106.750244, 10.878144 ], [ 106.751938, 10.875052 ], [ 106.746422, 10.873459 ], [ 106.748001, 10.866243 ], [ 106.751617, 10.863709 ], [ 106.753563, 10.865757 ], [ 106.761147, 10.867016 ], [ 106.762138, 10.870642 ], [ 106.759933, 10.872379 ], [ 106.761337, 10.874556 ], [ 106.7612, 10.877891 ], [ 106.759331, 10.881803 ], [ 106.764503, 10.886195 ], [ 106.766647, 10.89329 ], [ 106.769905, 10.893065 ], [ 106.772751, 10.88921 ], [ 106.780212, 10.881388 ], [ 106.781738, 10.877248 ], [ 106.779991, 10.868274 ], [ 106.783363, 10.867496 ], [ 106.78727, 10.868551 ], [ 106.7882, 10.872147 ], [ 106.793694, 10.873574 ], [ 106.798561, 10.872374 ], [ 106.805588, 10.876883 ], [ 106.808159, 10.874848 ], [ 106.811775, 10.880153 ], [ 106.81324, 10.878954 ], [ 106.816963, 10.882426 ], [ 106.818848, 10.886228 ], [ 106.823296, 10.888306 ], [ 106.823296, 10.892721 ], [ 106.825706, 10.89558 ], [ 106.829643, 10.895571 ], [ 106.833359, 10.899003 ], [ 106.839676, 10.898698 ], [ 106.841049, 10.896276 ], [ 106.8433, 10.884455 ], [ 106.850517, 10.876513 ], [ 106.849083, 10.870984 ], [ 106.84639, 10.865355 ], [ 106.846512, 10.862298 ], [ 106.85054, 10.853782 ], [ 106.853928, 10.844666 ], [ 106.862885, 10.835157 ], [ 106.870056, 10.826522 ], [ 106.877815, 10.818537 ], [ 106.880753, 10.81247 ], [ 106.881447, 10.808371 ], [ 106.880379, 10.804818 ], [ 106.875366, 10.798506 ], [ 106.865425, 10.791211 ], [ 106.86396, 10.788449 ], [ 106.865135, 10.783726 ], [ 106.871071, 10.777195 ], [ 106.87381, 10.771195 ], [ 106.872322, 10.766929 ], [ 106.869156, 10.764823 ], [ 106.864983, 10.764633 ], [ 106.862106, 10.765735 ], [ 106.853951, 10.773574 ], [ 106.848404, 10.775495 ], [ 106.844749, 10.775094 ], [ 106.840408, 10.77316 ], [ 106.835274, 10.769192 ], [ 106.82901, 10.76102 ], [ 106.826324, 10.759548 ], [ 106.823151, 10.760768 ], [ 106.822838, 10.764328 ], [ 106.825424, 10.773978 ], [ 106.824753, 10.777845 ], [ 106.820663, 10.780998 ], [ 106.81601, 10.779699 ], [ 106.812492, 10.77729 ], [ 106.805283, 10.769542 ], [ 106.80291, 10.76285 ], [ 106.801071, 10.760405 ], [ 106.796577, 10.757769 ], [ 106.785027, 10.753039 ], [ 106.773842, 10.747689 ], [ 106.767616, 10.742319 ], [ 106.764557, 10.737721 ], [ 106.753349, 10.723459 ], [ 106.751991, 10.720416 ], [ 106.750854, 10.710373 ], [ 106.751686, 10.704694 ], [ 106.754089, 10.697589 ], [ 106.758362, 10.691738 ], [ 106.76545, 10.684087 ], [ 106.772179, 10.677513 ], [ 106.779861, 10.673722 ], [ 106.778702, 10.669764 ], [ 106.78334, 10.670001 ], [ 106.78833, 10.666944 ], [ 106.793053, 10.661666 ], [ 106.806656, 10.654172 ], [ 106.808334, 10.650279 ], [ 106.808609, 10.645279 ], [ 106.813057, 10.63722 ], [ 106.819168, 10.629999 ], [ 106.824173, 10.625831 ], [ 106.830276, 10.624167 ], [ 106.83667, 10.624169 ], [ 106.841667, 10.621111 ], [ 106.846107, 10.619445 ], [ 106.856392, 10.620833 ], [ 106.85833, 10.618889 ], [ 106.859444, 10.615 ], [ 106.865555, 10.604168 ], [ 106.864998, 10.602221 ], [ 106.860275, 10.597499 ], [ 106.85833, 10.593611 ], [ 106.857498, 10.586942 ], [ 106.855835, 10.585278 ], [ 106.844719, 10.584444 ], [ 106.836945, 10.585834 ], [ 106.831947, 10.581668 ], [ 106.836113, 10.569167 ], [ 106.835281, 10.565281 ], [ 106.837219, 10.55722 ], [ 106.840553, 10.553901 ], [ 106.846657, 10.55056 ], [ 106.847778, 10.547777 ], [ 106.845001, 10.542223 ], [ 106.849998, 10.536945 ], [ 106.853889, 10.535 ], [ 106.860001, 10.533334 ], [ 106.866669, 10.526944 ], [ 106.870552, 10.520833 ], [ 106.86972, 10.513611 ], [ 106.865837, 10.508601 ], [ 106.872223, 10.503056 ], [ 106.870003, 10.499166 ], [ 106.864639, 10.497618 ], [ 106.859726, 10.49778 ], [ 106.854446, 10.495002 ], [ 106.851944, 10.495277 ], [ 106.849716, 10.5025 ], [ 106.845001, 10.50611 ], [ 106.839996, 10.505281 ], [ 106.833885, 10.498612 ], [ 106.82972, 10.498334 ], [ 106.826385, 10.502222 ], [ 106.824722, 10.5075 ], [ 106.821114, 10.505834 ], [ 106.818886, 10.497778 ], [ 106.816391, 10.495277 ], [ 106.810837, 10.493611 ], [ 106.802399, 10.494161 ], [ 106.798332, 10.491111 ], [ 106.794998, 10.492221 ], [ 106.804169, 10.482779 ], [ 106.803612, 10.478888 ], [ 106.798058, 10.479171 ], [ 106.794441, 10.475832 ], [ 106.800003, 10.468612 ], [ 106.804443, 10.459445 ], [ 106.807777, 10.456945 ], [ 106.810837, 10.45722 ], [ 106.817223, 10.461389 ], [ 106.818047, 10.463891 ], [ 106.817223, 10.46889 ], [ 106.818336, 10.47 ], [ 106.82251, 10.46917 ], [ 106.824173, 10.467502 ], [ 106.823891, 10.462499 ], [ 106.827774, 10.459167 ], [ 106.834442, 10.459445 ], [ 106.843887, 10.455281 ], [ 106.846657, 10.452781 ], [ 106.851944, 10.450834 ], [ 106.856941, 10.44611 ], [ 106.854164, 10.432777 ], [ 106.854721, 10.431945 ], [ 106.855003, 10.4175 ], [ 106.853333, 10.411111 ], [ 106.847504, 10.403889 ], [ 106.839165, 10.396112 ], [ 106.835831, 10.395 ], [ 106.832558, 10.395556 ], [ 106.829437, 10.398061 ], [ 106.830276, 10.400279 ], [ 106.826385, 10.408889 ], [ 106.821388, 10.413333 ], [ 106.817497, 10.415002 ], [ 106.8125, 10.42028 ], [ 106.807503, 10.4225 ], [ 106.801392, 10.430001 ], [ 106.797226, 10.432223 ], [ 106.787163, 10.422959 ], [ 106.780472, 10.429585 ], [ 106.760857, 10.45378 ], [ 106.738121, 10.492587 ], [ 106.734718, 10.49732 ], [ 106.736679, 10.499611 ], [ 106.741661, 10.510384 ], [ 106.746468, 10.517815 ], [ 106.748161, 10.525896 ], [ 106.746185, 10.538837 ], [ 106.742043, 10.55838 ], [ 106.741592, 10.563915 ], [ 106.742279, 10.569337 ], [ 106.745399, 10.57627 ], [ 106.741447, 10.57898 ], [ 106.73774, 10.578448 ], [ 106.739098, 10.5839 ], [ 106.735893, 10.586476 ], [ 106.734489, 10.582297 ], [ 106.730949, 10.579742 ], [ 106.728317, 10.58012 ], [ 106.726387, 10.584758 ], [ 106.723106, 10.587998 ], [ 106.723251, 10.593106 ], [ 106.720078, 10.595995 ], [ 106.721474, 10.599424 ], [ 106.718628, 10.605917 ], [ 106.721916, 10.607183 ], [ 106.723785, 10.611905 ], [ 106.727989, 10.609032 ], [ 106.730782, 10.608834 ], [ 106.727295, 10.615666 ], [ 106.729645, 10.617928 ], [ 106.731094, 10.623696 ], [ 106.728027, 10.62506 ], [ 106.729286, 10.628727 ], [ 106.732933, 10.628879 ], [ 106.729462, 10.636433 ], [ 106.725395, 10.638362 ], [ 106.722839, 10.641607 ], [ 106.722137, 10.645822 ], [ 106.718384, 10.645736 ], [ 106.711441, 10.650463 ], [ 106.70771, 10.649901 ], [ 106.703705, 10.652941 ], [ 106.699768, 10.653837 ], [ 106.69548, 10.649649 ], [ 106.691132, 10.64864 ], [ 106.687248, 10.655361 ], [ 106.684784, 10.650925 ], [ 106.678963, 10.645421 ], [ 106.673431, 10.644232 ], [ 106.672935, 10.642249 ], [ 106.668228, 10.639122 ], [ 106.666168, 10.640545 ], [ 106.655922, 10.643234 ], [ 106.656448, 10.640574 ], [ 106.651779, 10.636687 ], [ 106.652946, 10.632982 ], [ 106.645973, 10.634724 ], [ 106.641525, 10.626387 ], [ 106.633987, 10.624608 ], [ 106.632164, 10.626631 ], [ 106.62973, 10.625971 ], [ 106.628555, 10.635508 ], [ 106.630203, 10.63696 ], [ 106.628967, 10.641754 ], [ 106.625122, 10.639664 ], [ 106.620964, 10.64093 ], [ 106.621361, 10.643552 ], [ 106.623917, 10.644892 ], [ 106.624222, 10.647327 ], [ 106.617874, 10.650844 ], [ 106.617889, 10.653007 ], [ 106.605484, 10.659005 ], [ 106.601212, 10.65113 ], [ 106.594711, 10.653672 ], [ 106.594994, 10.650776 ], [ 106.591156, 10.650119 ], [ 106.589966, 10.653209 ], [ 106.585625, 10.652818 ], [ 106.582771, 10.655217 ], [ 106.578102, 10.654033 ], [ 106.57872, 10.650149 ], [ 106.576729, 10.648779 ], [ 106.572929, 10.649824 ], [ 106.573097, 10.653895 ], [ 106.569389, 10.656246 ], [ 106.565887, 10.656375 ], [ 106.564438, 10.652914 ], [ 106.558701, 10.651696 ], [ 106.557114, 10.649513 ], [ 106.554749, 10.653338 ], [ 106.555809, 10.656984 ], [ 106.55011, 10.659202 ], [ 106.551315, 10.66448 ], [ 106.552895, 10.665724 ], [ 106.551857, 10.670162 ], [ 106.553276, 10.674519 ], [ 106.551079, 10.680089 ], [ 106.550392, 10.685322 ], [ 106.546837, 10.687141 ], [ 106.534958, 10.685664 ], [ 106.533424, 10.68797 ], [ 106.528297, 10.702745 ], [ 106.526749, 10.709114 ], [ 106.529175, 10.717581 ], [ 106.519836, 10.723648 ], [ 106.508759, 10.717169 ], [ 106.501144, 10.726745 ], [ 106.499039, 10.725264 ], [ 106.495361, 10.727913 ], [ 106.488678, 10.731381 ], [ 106.486832, 10.729941 ], [ 106.473183, 10.746416 ], [ 106.471825, 10.745526 ], [ 106.463242, 10.756502 ], [ 106.488182, 10.775489 ], [ 106.501106, 10.786229 ], [ 106.504143, 10.79095 ], [ 106.525093, 10.872627 ], [ 106.528435, 10.886453 ], [ 106.532906, 10.901299 ], [ 106.518761, 10.90887 ], [ 106.495918, 10.920723 ], [ 106.452995, 10.942051 ], [ 106.422096, 10.965985 ], [ 106.411751, 10.973608 ], [ 106.377289, 10.97001 ], [ 106.372742, 10.96969 ], [ 106.361801, 10.984884 ], [ 106.356438, 10.99173 ], [ 106.362091, 10.996535 ], [ 106.374046, 10.999225 ], [ 106.378151, 10.998998 ], [ 106.38047, 10.99768 ] ] ], [ [ [ 106.973892, 10.463889 ], [ 106.972504, 10.469443 ], [ 106.976936, 10.47389 ], [ 106.978134, 10.473156 ], [ 106.975327, 10.467499 ], [ 106.976669, 10.461111 ], [ 106.972778, 10.458889 ], [ 106.973892, 10.463889 ] ] ], [ [ [ 106.984726, 10.48583 ], [ 106.986427, 10.483916 ], [ 106.988258, 10.48083 ], [ 106.98436, 10.47872 ], [ 106.982666, 10.480137 ], [ 106.984726, 10.48583 ] ] ], [ [ [ 106.983055, 10.496668 ], [ 106.985275, 10.501388 ], [ 106.988892, 10.505 ], [ 106.9925, 10.501388 ], [ 106.992111, 10.497851 ], [ 106.986389, 10.492499 ], [ 106.983055, 10.493333 ], [ 106.983055, 10.496668 ] ] ], [ [ [ 106.96611, 10.570282 ], [ 106.968056, 10.566667 ], [ 106.967499, 10.562501 ], [ 106.958885, 10.561944 ], [ 106.958893, 10.560281 ], [ 106.966667, 10.560561 ], [ 106.971107, 10.555561 ], [ 106.97583, 10.553334 ], [ 106.98333, 10.55528 ], [ 106.985275, 10.552778 ], [ 106.984993, 10.549441 ], [ 106.981667, 10.540833 ], [ 106.981667, 10.536667 ], [ 106.983887, 10.530556 ], [ 106.986664, 10.527778 ], [ 106.991112, 10.525556 ], [ 106.996948, 10.525556 ], [ 107.001114, 10.527222 ], [ 107.00528, 10.52667 ], [ 107.008057, 10.522777 ], [ 107.0075, 10.517777 ], [ 107.003326, 10.513611 ], [ 106.999443, 10.512781 ], [ 106.994507, 10.514962 ], [ 106.991913, 10.514511 ], [ 106.987778, 10.516111 ], [ 106.980553, 10.51444 ], [ 106.975555, 10.516111 ], [ 106.973335, 10.522224 ], [ 106.97139, 10.520833 ], [ 106.975822, 10.513891 ], [ 106.980553, 10.513055 ], [ 106.986946, 10.514171 ], [ 106.987221, 10.512223 ], [ 106.982498, 10.510281 ], [ 106.976944, 10.504444 ], [ 106.974998, 10.501388 ], [ 106.974724, 10.491111 ], [ 106.977501, 10.485561 ], [ 106.976387, 10.483611 ], [ 106.970009, 10.47694 ], [ 106.968887, 10.472778 ], [ 106.966942, 10.470834 ], [ 106.967224, 10.465633 ], [ 106.96167, 10.464441 ], [ 106.95639, 10.468612 ], [ 106.953056, 10.46806 ], [ 106.950836, 10.47028 ], [ 106.944725, 10.471666 ], [ 106.953613, 10.480278 ], [ 106.955276, 10.485555 ], [ 106.955009, 10.491109 ], [ 106.952499, 10.496943 ], [ 106.952217, 10.50222 ], [ 106.953331, 10.51166 ], [ 106.952217, 10.512781 ], [ 106.949722, 10.520833 ], [ 106.948334, 10.523056 ], [ 106.943611, 10.527222 ], [ 106.939445, 10.529444 ], [ 106.929733, 10.531112 ], [ 106.926109, 10.53361 ], [ 106.926941, 10.536388 ], [ 106.930557, 10.541389 ], [ 106.934723, 10.548611 ], [ 106.935837, 10.555556 ], [ 106.933052, 10.56333 ], [ 106.927498, 10.567501 ], [ 106.921112, 10.567781 ], [ 106.919716, 10.571111 ], [ 106.921387, 10.576112 ], [ 106.924446, 10.57889 ], [ 106.928337, 10.580834 ], [ 106.931923, 10.58503 ], [ 106.937225, 10.583888 ], [ 106.940002, 10.58639 ], [ 106.944733, 10.585281 ], [ 106.949165, 10.583888 ], [ 106.959167, 10.573333 ], [ 106.96611, 10.570282 ] ] ], [ [ [ 106.995621, 10.605415 ], [ 106.99733, 10.607591 ], [ 107.000206, 10.606993 ], [ 107.002228, 10.608977 ], [ 107.007301, 10.610756 ], [ 107.01667, 10.604443 ], [ 107.018059, 10.60195 ], [ 107.018608, 10.597499 ], [ 107.025276, 10.585 ], [ 107.018059, 10.573889 ], [ 107.014999, 10.570831 ], [ 107.008888, 10.560832 ], [ 107.008057, 10.556671 ], [ 107.001953, 10.557502 ], [ 107.001389, 10.563004 ], [ 106.996948, 10.566945 ], [ 106.99472, 10.56472 ], [ 107.001068, 10.561826 ], [ 106.999512, 10.557457 ], [ 107.004997, 10.556112 ], [ 107.008331, 10.554442 ], [ 107.011108, 10.548055 ], [ 107.016113, 10.544443 ], [ 107.024162, 10.542781 ], [ 107.025276, 10.539723 ], [ 107.02417, 10.537779 ], [ 107.017502, 10.53111 ], [ 107.012497, 10.528061 ], [ 107.008606, 10.53139 ], [ 107.002502, 10.534444 ], [ 106.99472, 10.531112 ], [ 106.991119, 10.531112 ], [ 106.988335, 10.533056 ], [ 106.987221, 10.53611 ], [ 106.987503, 10.540001 ], [ 106.989998, 10.545833 ], [ 106.99028, 10.554722 ], [ 106.987778, 10.560278 ], [ 106.981667, 10.56361 ], [ 106.981667, 10.565555 ], [ 106.984444, 10.571667 ], [ 106.985001, 10.576943 ], [ 106.988327, 10.58611 ], [ 106.989166, 10.59001 ], [ 106.987503, 10.593333 ], [ 106.986946, 10.597306 ], [ 106.989807, 10.599866 ], [ 106.989899, 10.604131 ], [ 106.99173, 10.60571 ], [ 106.995621, 10.605415 ] ] ], [ [ [ 106.963333, 10.590554 ], [ 106.96833, 10.58861 ], [ 106.974442, 10.581668 ], [ 106.978058, 10.58056 ], [ 106.981392, 10.577778 ], [ 106.976669, 10.568889 ], [ 106.975281, 10.563332 ], [ 106.978058, 10.559444 ], [ 106.977783, 10.555832 ], [ 106.971107, 10.55833 ], [ 106.970276, 10.560281 ], [ 106.970276, 10.566667 ], [ 106.96917, 10.569445 ], [ 106.96611, 10.572499 ], [ 106.958885, 10.57639 ], [ 106.951111, 10.584171 ], [ 106.946953, 10.586671 ], [ 106.941109, 10.588332 ], [ 106.936668, 10.585556 ], [ 106.933891, 10.587222 ], [ 106.936111, 10.58972 ], [ 106.938606, 10.597779 ], [ 106.943611, 10.595833 ], [ 106.946663, 10.596669 ], [ 106.956108, 10.593055 ], [ 106.960281, 10.593071 ], [ 106.963333, 10.590554 ] ] ] ] } },
{ "type": "Feature", "properties": { "area_code_prefix": "29" }, "geometry": { "type": "MultiPolygon", "coordinates": [ [ [ [ 103.486954, 9.282137 ], [ 103.487213, 9.278372 ], [ 103.484642, 9.277467 ], [ 103.483902, 9.280302 ], [ 103.486954, 9.282137 ] ] ], [ [ [ 103.511009, 9.309776 ], [ 103.509598, 9.308222 ], [ 103.50473, 9.307711 ], [ 103.501091, 9.302581 ], [ 103.503563, 9.299855 ], [ 103.502991, 9.296967 ], [ 103.49778, 9.300833 ], [ 103.493919, 9.298911 ], [ 103.4935, 9.296833 ], [ 103.490028, 9.294984 ], [ 103.488892, 9.291942 ], [ 103.484146, 9.285911 ], [ 103.479706, 9.287721 ], [ 103.475624, 9.285624 ], [ 103.472931, 9.287666 ], [ 103.471222, 9.292457 ], [ 103.472641, 9.295996 ], [ 103.475777, 9.30001 ], [ 103.47229, 9.304042 ], [ 103.468819, 9.303091 ], [ 103.464867, 9.303561 ], [ 103.460617, 9.302312 ], [ 103.458206, 9.305441 ], [ 103.462051, 9.31213 ], [ 103.472038, 9.318642 ], [ 103.476784, 9.319515 ], [ 103.481979, 9.321541 ], [ 103.487907, 9.320652 ], [ 103.497375, 9.319182 ], [ 103.502907, 9.320782 ], [ 103.506386, 9.32 ], [ 103.508614, 9.318056 ], [ 103.509514, 9.312798 ], [ 103.511009, 9.309776 ] ] ], [ [ [ 103.522293, 9.32217 ], [ 103.525803, 9.32446 ], [ 103.52861, 9.328059 ], [ 103.53167, 9.326945 ], [ 103.534927, 9.322446 ], [ 103.533173, 9.321181 ], [ 103.532951, 9.31541 ], [ 103.530693, 9.317071 ], [ 103.523209, 9.320456 ], [ 103.522293, 9.32217 ] ] ], [ [ [ 103.543251, 9.32575 ], [ 103.540604, 9.325582 ], [ 103.538063, 9.329171 ], [ 103.534447, 9.329723 ], [ 103.541435, 9.335801 ], [ 103.541733, 9.330293 ], [ 103.543251, 9.32575 ] ] ], [ [ [ 104.045212, 9.823311 ], [ 104.046661, 9.820022 ], [ 104.042633, 9.81751 ], [ 104.041786, 9.82004 ], [ 104.045212, 9.823311 ] ] ], [ [ [ 104.093483, 9.84488 ], [ 104.093063, 9.850182 ], [ 104.097275, 9.852342 ], [ 104.098831, 9.850811 ], [ 104.097771, 9.84589 ], [ 104.094383, 9.842323 ], [ 104.093483, 9.84488 ] ] ], [ [ [ 103.994164, 9.913332 ], [ 103.995552, 9.9125 ], [ 103.990837, 9.908332 ], [ 103.986946, 9.90917 ], [ 103.986389, 9.913061 ], [ 103.990227, 9.914722 ], [ 103.994164, 9.913332 ] ] ], [ [ [ 104.016678, 9.90982 ], [ 104.010727, 9.910611 ], [ 104.016609, 9.913893 ], [ 104.016678, 9.90982 ] ] ], [ [ [ 104.020653, 9.92034 ], [ 104.022667, 9.92055 ], [ 104.02594, 9.918262 ], [ 104.026337, 9.915691 ], [ 104.021973, 9.915985 ], [ 104.020653, 9.92034 ] ] ], [ [ [ 103.995705, 9.920764 ], [ 104.002007, 9.922991 ], [ 104.003334, 9.919167 ], [ 104.002777, 9.91472 ], [ 103.995705, 9.920764 ] ] ], [ [ [ 104.015602, 9.931381 ], [ 104.020683, 9.934264 ], [ 104.023712, 9.931431 ], [ 104.019218, 9.927093 ], [ 104.016266, 9.928632 ], [ 104.015602, 9.931381 ] ] ], [ [ [ 104.025551, 9.94276 ], [ 104.022369, 9.939205 ], [ 104.020142, 9.94016 ], [ 104.017944, 9.943831 ], [ 104.014297, 9.944775 ], [ 104.010376, 9.947711 ], [ 104.013016, 9.9522 ], [ 104.013344, 9.954707 ], [ 104.010712, 9.95752 ], [ 104.012466, 9.96005 ], [ 104.011833, 9.962951 ], [ 104.009506, 9.964002 ], [ 104.009766, 9.968344 ], [ 104.013153, 9.969392 ], [ 104.016922, 9.967781 ], [ 104.018105, 9.96742 ], [ 104.022919, 9.96069 ], [ 104.023842, 9.957028 ], [ 104.021698, 9.950749 ], [ 104.026321, 9.945785 ], [ 104.025551, 9.94276 ] ] ], [ [ [ 104.016731, 9.973829 ], [ 104.016876, 9.977079 ], [ 104.013931, 9.981076 ], [ 104.013466, 9.984541 ], [ 104.016548, 9.985225 ], [ 104.020088, 9.983331 ], [ 104.023842, 9.979395 ], [ 104.024239, 9.975484 ], [ 104.027168, 9.970381 ], [ 104.024559, 9.968802 ], [ 104.019958, 9.973294 ], [ 104.016731, 9.973829 ] ] ], [ [ [ 104.007774, 10.001945 ], [ 104.013885, 9.996388 ], [ 104.014717, 9.99222 ], [ 104.011948, 9.99028 ], [ 104.009445, 9.990834 ], [ 104.006943, 9.993893 ], [ 104.006668, 10.001391 ], [ 104.007774, 10.001945 ] ] ], [ [ [ 104.038887, 10.06056 ], [ 104.036942, 10.058055 ], [ 104.035553, 10.053889 ], [ 104.035553, 10.045278 ], [ 104.039444, 10.041388 ], [ 104.037498, 10.03889 ], [ 104.034447, 10.040834 ], [ 104.032501, 10.039165 ], [ 104.030281, 10.034445 ], [ 104.03083, 10.031111 ], [ 104.034996, 10.02472 ], [ 104.03833, 10.021671 ], [ 104.042221, 10.013612 ], [ 104.044998, 10.012221 ], [ 104.047783, 10.01417 ], [ 104.052223, 10.008611 ], [ 104.051666, 10.005001 ], [ 104.04583, 10.007501 ], [ 104.040558, 10.0125 ], [ 104.038055, 10.016112 ], [ 104.035278, 10.01556 ], [ 104.032776, 10.013231 ], [ 104.029442, 10.013334 ], [ 104.024719, 10.0175 ], [ 104.01889, 10.018061 ], [ 104.015556, 10.01667 ], [ 104.014999, 10.01278 ], [ 104.012779, 10.009999 ], [ 104.008888, 10.011109 ], [ 104.008888, 10.02 ], [ 104.006111, 10.025279 ], [ 104.006386, 10.028889 ], [ 104.003326, 10.031941 ], [ 104.003334, 10.037221 ], [ 104.0, 10.045292 ], [ 103.995659, 10.045572 ], [ 103.991417, 10.04758 ], [ 103.989151, 10.05772 ], [ 103.989975, 10.061745 ], [ 103.989098, 10.068616 ], [ 103.987816, 10.071759 ], [ 103.988052, 10.077443 ], [ 103.986603, 10.082592 ], [ 103.986641, 10.086129 ], [ 103.98452, 10.093591 ], [ 103.983322, 10.103357 ], [ 103.982407, 10.104871 ], [ 103.981651, 10.111216 ], [ 103.979462, 10.120159 ], [ 103.978485, 10.121891 ], [ 103.974968, 10.143117 ], [ 103.971443, 10.158041 ], [ 103.971016, 10.162802 ], [ 103.969887, 10.164358 ], [ 103.967781, 10.177491 ], [ 103.963608, 10.191332 ], [ 103.961601, 10.203186 ], [ 103.958946, 10.209141 ], [ 103.957428, 10.215231 ], [ 103.952263, 10.22938 ], [ 103.950111, 10.238601 ], [ 103.947647, 10.243832 ], [ 103.939293, 10.256303 ], [ 103.936188, 10.257821 ], [ 103.928963, 10.264599 ], [ 103.926567, 10.271703 ], [ 103.922462, 10.28097 ], [ 103.919373, 10.284761 ], [ 103.911301, 10.292838 ], [ 103.905479, 10.294545 ], [ 103.902664, 10.290841 ], [ 103.898796, 10.28982 ], [ 103.893257, 10.289604 ], [ 103.888496, 10.292031 ], [ 103.888252, 10.294173 ], [ 103.885521, 10.298634 ], [ 103.878632, 10.304965 ], [ 103.874199, 10.306973 ], [ 103.870079, 10.307716 ], [ 103.863998, 10.307121 ], [ 103.861534, 10.304689 ], [ 103.856476, 10.307848 ], [ 103.856804, 10.311502 ], [ 103.854614, 10.318125 ], [ 103.850891, 10.32627 ], [ 103.849297, 10.33489 ], [ 103.845512, 10.34939 ], [ 103.842766, 10.355908 ], [ 103.84137, 10.35754 ], [ 103.832893, 10.362773 ], [ 103.835159, 10.36881 ], [ 103.838013, 10.372266 ], [ 103.836548, 10.377565 ], [ 103.839157, 10.378314 ], [ 103.843102, 10.377458 ], [ 103.845993, 10.37511 ], [ 103.84906, 10.374971 ], [ 103.85125, 10.377412 ], [ 103.855568, 10.375315 ], [ 103.860748, 10.37495 ], [ 103.862999, 10.3739 ], [ 103.867714, 10.374278 ], [ 103.874977, 10.37114 ], [ 103.880768, 10.372202 ], [ 103.890312, 10.369068 ], [ 103.89389, 10.368621 ], [ 103.898674, 10.365916 ], [ 103.913483, 10.362814 ], [ 103.91629, 10.362935 ], [ 103.920784, 10.360013 ], [ 103.926651, 10.361631 ], [ 103.930222, 10.364188 ], [ 103.936096, 10.37013 ], [ 103.940819, 10.378729 ], [ 103.943253, 10.38538 ], [ 103.94532, 10.398334 ], [ 103.946724, 10.401386 ], [ 103.949478, 10.403886 ], [ 103.957207, 10.40663 ], [ 103.961945, 10.406986 ], [ 103.966141, 10.40929 ], [ 103.968857, 10.414851 ], [ 103.971603, 10.424911 ], [ 103.971687, 10.4322 ], [ 103.973175, 10.439938 ], [ 103.98053, 10.447475 ], [ 103.984581, 10.449797 ], [ 103.987793, 10.449793 ], [ 103.994759, 10.45235 ], [ 104.000275, 10.450834 ], [ 104.003052, 10.448612 ], [ 104.007767, 10.44667 ], [ 104.010834, 10.440555 ], [ 104.013336, 10.437777 ], [ 104.015556, 10.433055 ], [ 104.021942, 10.42278 ], [ 104.030563, 10.413892 ], [ 104.03611, 10.413055 ], [ 104.036667, 10.414999 ], [ 104.040833, 10.415834 ], [ 104.044167, 10.411667 ], [ 104.050827, 10.404721 ], [ 104.056389, 10.403061 ], [ 104.05722, 10.400557 ], [ 104.061386, 10.396388 ], [ 104.063606, 10.389722 ], [ 104.071388, 10.382782 ], [ 104.074997, 10.378889 ], [ 104.079445, 10.369444 ], [ 104.077499, 10.365829 ], [ 104.077499, 10.362778 ], [ 104.080559, 10.357221 ], [ 104.080826, 10.354169 ], [ 104.077499, 10.352501 ], [ 104.074997, 10.349723 ], [ 104.073326, 10.345281 ], [ 104.073059, 10.336531 ], [ 104.075554, 10.329445 ], [ 104.075279, 10.325277 ], [ 104.077774, 10.319166 ], [ 104.077774, 10.316112 ], [ 104.080559, 10.311112 ], [ 104.080276, 10.301389 ], [ 104.075836, 10.287222 ], [ 104.074997, 10.281109 ], [ 104.075836, 10.270001 ], [ 104.078056, 10.265557 ], [ 104.079445, 10.259166 ], [ 104.080421, 10.258336 ], [ 104.081673, 10.245158 ], [ 104.078613, 10.23944 ], [ 104.076385, 10.232778 ], [ 104.074448, 10.222223 ], [ 104.070557, 10.214723 ], [ 104.066948, 10.211388 ], [ 104.060547, 10.2075 ], [ 104.056389, 10.20139 ], [ 104.055557, 10.19778 ], [ 104.051109, 10.186945 ], [ 104.049507, 10.18034 ], [ 104.049446, 10.176388 ], [ 104.047173, 10.167166 ], [ 104.044167, 10.159166 ], [ 104.043053, 10.1525 ], [ 104.038055, 10.149444 ], [ 104.033333, 10.143611 ], [ 104.03083, 10.135833 ], [ 104.03083, 10.132779 ], [ 104.036392, 10.124166 ], [ 104.036942, 10.119441 ], [ 104.033058, 10.112223 ], [ 104.026657, 10.106671 ], [ 104.025558, 10.103056 ], [ 104.026108, 10.092502 ], [ 104.018326, 10.081669 ], [ 104.019447, 10.078888 ], [ 104.024704, 10.074185 ], [ 104.02861, 10.07861 ], [ 104.03611, 10.072222 ], [ 104.042503, 10.070561 ], [ 104.044167, 10.068056 ], [ 104.042503, 10.064168 ], [ 104.043335, 10.060833 ], [ 104.038887, 10.06056 ] ] ], [ [ [ 104.334167, 10.28556 ], [ 104.330826, 10.28556 ], [ 104.327766, 10.28361 ], [ 104.324448, 10.283056 ], [ 104.323959, 10.287276 ], [ 104.329399, 10.287222 ], [ 104.333336, 10.288612 ], [ 104.334167, 10.28556 ] ] ], [ [ [ 104.314926, 10.293195 ], [ 104.317223, 10.291671 ], [ 104.312775, 10.289444 ], [ 104.311867, 10.29131 ], [ 104.314926, 10.293195 ] ] ], [ [ [ 104.319008, 10.306733 ], [ 104.321114, 10.303889 ], [ 104.316666, 10.300001 ], [ 104.315582, 10.301849 ], [ 104.319008, 10.306733 ] ] ], [ [ [ 104.323334, 10.318334 ], [ 104.326561, 10.319827 ], [ 104.32972, 10.319166 ], [ 104.333336, 10.322501 ], [ 104.337219, 10.322223 ], [ 104.337776, 10.319504 ], [ 104.331108, 10.313334 ], [ 104.328056, 10.3125 ], [ 104.323334, 10.318334 ] ] ], [ [ [ 104.330559, 10.40106 ], [ 104.333466, 10.40098 ], [ 104.332779, 10.397222 ], [ 104.330833, 10.393888 ], [ 104.327217, 10.393612 ], [ 104.327225, 10.398334 ], [ 104.330559, 10.398334 ], [ 104.330559, 10.40106 ] ] ], [ [ [ 104.32222, 10.429723 ], [ 104.319717, 10.432501 ], [ 104.315834, 10.431667 ], [ 104.320831, 10.438055 ], [ 104.321388, 10.44389 ], [ 104.33107, 10.441349 ], [ 104.333885, 10.438889 ], [ 104.333611, 10.434172 ], [ 104.331947, 10.431945 ], [ 104.328613, 10.432501 ], [ 104.326111, 10.429445 ], [ 104.32222, 10.429723 ] ] ], [ [ [ 104.404373, 9.63801 ], [ 104.403183, 9.634113 ], [ 104.395706, 9.633981 ], [ 104.394028, 9.636517 ], [ 104.397217, 9.638261 ], [ 104.402092, 9.639273 ], [ 104.404373, 9.63801 ] ] ], [ [ [ 104.363228, 9.648234 ], [ 104.360992, 9.644449 ], [ 104.359207, 9.64647 ], [ 104.359116, 9.649415 ], [ 104.363228, 9.648234 ] ] ], [ [ [ 104.389168, 9.655555 ], [ 104.392502, 9.656111 ], [ 104.392715, 9.650994 ], [ 104.389717, 9.648891 ], [ 104.389168, 9.655555 ] ] ], [ [ [ 104.361786, 9.652161 ], [ 104.362747, 9.655268 ], [ 104.3666, 9.653087 ], [ 104.364616, 9.650869 ], [ 104.361786, 9.652161 ] ] ], [ [ [ 104.400108, 9.676591 ], [ 104.40361, 9.673891 ], [ 104.406387, 9.67361 ], [ 104.401199, 9.668195 ], [ 104.402206, 9.664191 ], [ 104.397804, 9.662716 ], [ 104.399673, 9.669993 ], [ 104.398659, 9.674438 ], [ 104.400108, 9.676591 ] ] ], [ [ [ 104.360344, 9.658987 ], [ 104.353554, 9.660348 ], [ 104.352806, 9.662971 ], [ 104.350067, 9.663012 ], [ 104.351288, 9.66655 ], [ 104.34861, 9.66667 ], [ 104.346664, 9.668888 ], [ 104.347397, 9.67397 ], [ 104.345406, 9.679835 ], [ 104.346603, 9.686002 ], [ 104.351677, 9.688331 ], [ 104.349998, 9.691112 ], [ 104.354996, 9.693149 ], [ 104.355766, 9.695052 ], [ 104.355202, 9.700025 ], [ 104.353745, 9.702254 ], [ 104.353424, 9.711225 ], [ 104.356819, 9.710644 ], [ 104.361069, 9.704185 ], [ 104.360191, 9.702052 ], [ 104.363022, 9.696333 ], [ 104.362144, 9.693466 ], [ 104.358932, 9.69193 ], [ 104.357918, 9.686604 ], [ 104.358696, 9.681291 ], [ 104.361092, 9.674467 ], [ 104.36058, 9.67255 ], [ 104.361237, 9.66523 ], [ 104.362312, 9.661558 ], [ 104.360344, 9.658987 ] ] ], [ [ [ 104.388626, 9.680881 ], [ 104.387146, 9.68267 ], [ 104.38858, 9.688828 ], [ 104.393669, 9.69198 ], [ 104.394493, 9.688972 ], [ 104.393517, 9.685056 ], [ 104.391693, 9.682522 ], [ 104.388626, 9.680881 ] ] ], [ [ [ 104.388557, 9.70777 ], [ 104.387627, 9.705071 ], [ 104.388527, 9.701286 ], [ 104.38372, 9.697373 ], [ 104.382805, 9.701452 ], [ 104.383842, 9.709942 ], [ 104.388557, 9.70777 ] ] ], [ [ [ 104.355217, 9.726591 ], [ 104.35601, 9.722881 ], [ 104.35302, 9.722313 ], [ 104.352173, 9.72768 ], [ 104.355217, 9.726591 ] ] ], [ [ [ 104.362503, 9.743454 ], [ 104.365753, 9.741291 ], [ 104.365379, 9.738908 ], [ 104.362221, 9.736503 ], [ 104.360954, 9.739553 ], [ 104.362503, 9.743454 ] ] ], [ [ [ 104.507759, 10.087782 ], [ 104.508331, 10.085833 ], [ 104.504723, 10.083055 ], [ 104.502777, 10.084721 ], [ 104.507759, 10.087782 ] ] ], [ [ [ 104.516945, 10.104444 ], [ 104.515831, 10.101666 ], [ 104.514999, 10.095278 ], [ 104.51255, 10.094945 ], [ 104.511948, 10.102778 ], [ 104.513336, 10.105832 ], [ 104.516945, 10.104444 ] ] ], [ [ [ 104.499733, 10.10333 ], [ 104.496666, 10.101112 ], [ 104.497223, 10.10722 ], [ 104.500832, 10.112501 ], [ 104.505554, 10.106667 ], [ 104.501328, 10.105766 ], [ 104.499733, 10.10333 ] ] ], [ [ [ 104.49778, 10.121388 ], [ 104.493889, 10.126944 ], [ 104.495552, 10.129449 ], [ 104.498886, 10.125834 ], [ 104.499443, 10.12139 ], [ 104.49778, 10.121388 ] ] ], [ [ [ 104.546181, 10.131694 ], [ 104.543953, 10.123699 ], [ 104.542488, 10.122593 ], [ 104.540276, 10.126666 ], [ 104.542503, 10.12889 ], [ 104.542503, 10.133611 ], [ 104.545555, 10.137223 ], [ 104.546181, 10.131694 ] ] ], [ [ [ 104.521896, 10.15663 ], [ 104.526108, 10.157778 ], [ 104.520958, 10.147632 ], [ 104.518059, 10.15111 ], [ 104.521896, 10.15663 ] ] ], [ [ [ 104.530281, 10.170277 ], [ 104.531113, 10.174722 ], [ 104.530563, 10.17861 ], [ 104.523888, 10.185279 ], [ 104.52639, 10.188333 ], [ 104.529381, 10.187482 ], [ 104.532219, 10.185832 ], [ 104.53389, 10.18111 ], [ 104.53167, 10.177219 ], [ 104.534721, 10.171389 ], [ 104.531967, 10.16921 ], [ 104.530281, 10.170277 ] ] ], [ [ [ 104.508392, 10.187221 ], [ 104.507835, 10.184075 ], [ 104.502991, 10.184453 ], [ 104.503288, 10.188369 ], [ 104.508392, 10.187221 ] ] ], [ [ [ 104.343613, 10.296111 ], [ 104.342506, 10.29222 ], [ 104.339722, 10.289444 ], [ 104.337196, 10.290695 ], [ 104.338058, 10.294171 ], [ 104.341393, 10.298055 ], [ 104.343613, 10.296111 ] ] ], [ [ [ 104.346107, 10.29583 ], [ 104.349167, 10.301391 ], [ 104.352501, 10.298889 ], [ 104.351387, 10.296389 ], [ 104.346107, 10.29583 ] ] ], [ [ [ 104.502686, 10.393961 ], [ 104.506096, 10.396452 ], [ 104.51049, 10.40357 ], [ 104.514816, 10.40813 ], [ 104.518021, 10.407091 ], [ 104.505264, 10.395066 ], [ 104.502686, 10.393961 ] ] ], [ [ [ 104.815277, 8.574445 ], [ 104.808334, 8.576667 ], [ 104.803337, 8.579169 ], [ 104.793335, 8.581389 ], [ 104.789169, 8.58306 ], [ 104.77417, 8.585834 ], [ 104.770554, 8.587222 ], [ 104.76667, 8.587219 ], [ 104.758331, 8.588892 ], [ 104.751389, 8.591944 ], [ 104.747498, 8.591666 ], [ 104.74028, 8.595 ], [ 104.731941, 8.5975 ], [ 104.722504, 8.602223 ], [ 104.720558, 8.605559 ], [ 104.717102, 8.606583 ], [ 104.71611, 8.610555 ], [ 104.715279, 8.623888 ], [ 104.71228, 8.632626 ], [ 104.714165, 8.63889 ], [ 104.71611, 8.641112 ], [ 104.725746, 8.645816 ], [ 104.725563, 8.64778 ], [ 104.73278, 8.648061 ], [ 104.740837, 8.644722 ], [ 104.743332, 8.645283 ], [ 104.749168, 8.639168 ], [ 104.751724, 8.633486 ], [ 104.757843, 8.635357 ], [ 104.757767, 8.639311 ], [ 104.767502, 8.643612 ], [ 104.772499, 8.642502 ], [ 104.779724, 8.644722 ], [ 104.794441, 8.651944 ], [ 104.800827, 8.654171 ], [ 104.804016, 8.654451 ], [ 104.810692, 8.65153 ], [ 104.815323, 8.652815 ], [ 104.808609, 8.656945 ], [ 104.802162, 8.663402 ], [ 104.799156, 8.661391 ], [ 104.790817, 8.669441 ], [ 104.794098, 8.672609 ], [ 104.790001, 8.678061 ], [ 104.787224, 8.687232 ], [ 104.78653, 8.692846 ], [ 104.780663, 8.694138 ], [ 104.786942, 8.701666 ], [ 104.785553, 8.704166 ], [ 104.788986, 8.705149 ], [ 104.791039, 8.708342 ], [ 104.788612, 8.711389 ], [ 104.790413, 8.713331 ], [ 104.794373, 8.712909 ], [ 104.793938, 8.718454 ], [ 104.798065, 8.719879 ], [ 104.799889, 8.723751 ], [ 104.804527, 8.72355 ], [ 104.81076, 8.719222 ], [ 104.819817, 8.710195 ], [ 104.832993, 8.699501 ], [ 104.834023, 8.69745 ], [ 104.842262, 8.690897 ], [ 104.846992, 8.689441 ], [ 104.853462, 8.688611 ], [ 104.858757, 8.688611 ], [ 104.879707, 8.69061 ], [ 104.896835, 8.689242 ], [ 104.907585, 8.688983 ], [ 104.918816, 8.690558 ], [ 104.932961, 8.695572 ], [ 104.93692, 8.699371 ], [ 104.947426, 8.70341 ], [ 104.963722, 8.712248 ], [ 104.969131, 8.716316 ], [ 104.970192, 8.718999 ], [ 104.97052, 8.725604 ], [ 104.969887, 8.735163 ], [ 104.970276, 8.737918 ], [ 104.972534, 8.741567 ], [ 104.97802, 8.746351 ], [ 104.984741, 8.750485 ], [ 104.997192, 8.755064 ], [ 105.002342, 8.758565 ], [ 105.011742, 8.761072 ], [ 105.016533, 8.76057 ], [ 105.021873, 8.761151 ], [ 105.028137, 8.763422 ], [ 105.032021, 8.766448 ], [ 105.037537, 8.769119 ], [ 105.04361, 8.77056 ], [ 105.048782, 8.770804 ], [ 105.055672, 8.77306 ], [ 105.065826, 8.77879 ], [ 105.069466, 8.782808 ], [ 105.072937, 8.784761 ], [ 105.076813, 8.781251 ], [ 105.098747, 8.770491 ], [ 105.106613, 8.767852 ], [ 105.112122, 8.766861 ], [ 105.117622, 8.760404 ], [ 105.12706, 8.757293 ], [ 105.130699, 8.756901 ], [ 105.143478, 8.757664 ], [ 105.14695, 8.759328 ], [ 105.149246, 8.76411 ], [ 105.15004, 8.767804 ], [ 105.161209, 8.778899 ], [ 105.16806, 8.780301 ], [ 105.173187, 8.78237 ], [ 105.176079, 8.785338 ], [ 105.182564, 8.794322 ], [ 105.186562, 8.794662 ], [ 105.188011, 8.79081 ], [ 105.185555, 8.780346 ], [ 105.185593, 8.77685 ], [ 105.190819, 8.766421 ], [ 105.193451, 8.763551 ], [ 105.198753, 8.764155 ], [ 105.203049, 8.767968 ], [ 105.208282, 8.76514 ], [ 105.211906, 8.76176 ], [ 105.21862, 8.749621 ], [ 105.216667, 8.749444 ], [ 105.213333, 8.752222 ], [ 105.211067, 8.752454 ], [ 105.201942, 8.746943 ], [ 105.194168, 8.744721 ], [ 105.193787, 8.742501 ], [ 105.186668, 8.741952 ], [ 105.184448, 8.737223 ], [ 105.181107, 8.737501 ], [ 105.178612, 8.734171 ], [ 105.179169, 8.731944 ], [ 105.175552, 8.72861 ], [ 105.174164, 8.7225 ], [ 105.171387, 8.7225 ], [ 105.167641, 8.719571 ], [ 105.167503, 8.716389 ], [ 105.163887, 8.714723 ], [ 105.16111, 8.711667 ], [ 105.15966, 8.707986 ], [ 105.157501, 8.708333 ], [ 105.149437, 8.70222 ], [ 105.145554, 8.695278 ], [ 105.141388, 8.69167 ], [ 105.141113, 8.688889 ], [ 105.137779, 8.681111 ], [ 105.135002, 8.67722 ], [ 105.129448, 8.6725 ], [ 105.129166, 8.670278 ], [ 105.131119, 8.666941 ], [ 105.129723, 8.664443 ], [ 105.129997, 8.659723 ], [ 105.128891, 8.656389 ], [ 105.11972, 8.648056 ], [ 105.119164, 8.646112 ], [ 105.11528, 8.641666 ], [ 105.110832, 8.63889 ], [ 105.110001, 8.636389 ], [ 105.106941, 8.634167 ], [ 105.104446, 8.634721 ], [ 105.100822, 8.632501 ], [ 105.09861, 8.633333 ], [ 105.086861, 8.62833 ], [ 105.081947, 8.627501 ], [ 105.076668, 8.625559 ], [ 105.073891, 8.623056 ], [ 105.070839, 8.6225 ], [ 105.068054, 8.625 ], [ 105.0625, 8.625 ], [ 105.05722, 8.62111 ], [ 105.052223, 8.62139 ], [ 105.046387, 8.617222 ], [ 105.028893, 8.60945 ], [ 105.017502, 8.605831 ], [ 105.012779, 8.602221 ], [ 105.008781, 8.602166 ], [ 105.000832, 8.597222 ], [ 104.996658, 8.599041 ], [ 104.986023, 8.59897 ], [ 104.981361, 8.59758 ], [ 104.977951, 8.597649 ], [ 104.964447, 8.58861 ], [ 104.952438, 8.585426 ], [ 104.930824, 8.582672 ], [ 104.926941, 8.581111 ], [ 104.921776, 8.580731 ], [ 104.915558, 8.578611 ], [ 104.911255, 8.578333 ], [ 104.90667, 8.576667 ], [ 104.902809, 8.576911 ], [ 104.893608, 8.572781 ], [ 104.890266, 8.573061 ], [ 104.884277, 8.572013 ], [ 104.876106, 8.56972 ], [ 104.868889, 8.569444 ], [ 104.863892, 8.568056 ], [ 104.857498, 8.56778 ], [ 104.853615, 8.567222 ], [ 104.849998, 8.563888 ], [ 104.835556, 8.563612 ], [ 104.827217, 8.565 ], [ 104.825111, 8.567739 ], [ 104.815277, 8.574445 ] ] ], [ [ [ 104.824722, 8.72028 ], [ 104.827774, 8.715555 ], [ 104.831802, 8.71078 ], [ 104.847046, 8.696898 ], [ 104.846657, 8.694719 ], [ 104.840057, 8.697792 ], [ 104.828613, 8.70944 ], [ 104.824722, 8.715001 ], [ 104.823242, 8.71973 ], [ 104.824722, 8.72028 ] ] ], [ [ [ 104.819023, 8.723612 ], [ 104.816391, 8.72139 ], [ 104.809723, 8.726939 ], [ 104.811943, 8.729722 ], [ 104.815834, 8.730832 ], [ 104.818336, 8.727778 ], [ 104.819023, 8.723612 ] ] ], [ [ [ 105.300278, 8.822782 ], [ 105.305267, 8.825001 ], [ 105.31028, 8.824167 ], [ 105.318336, 8.824445 ], [ 105.314163, 8.814166 ], [ 105.299164, 8.799999 ], [ 105.296669, 8.798889 ], [ 105.295555, 8.795555 ], [ 105.29055, 8.790281 ], [ 105.289719, 8.788332 ], [ 105.275558, 8.773612 ], [ 105.272781, 8.770277 ], [ 105.264999, 8.765001 ], [ 105.259163, 8.764723 ], [ 105.250557, 8.760281 ], [ 105.247498, 8.760281 ], [ 105.239441, 8.758332 ], [ 105.235283, 8.75611 ], [ 105.229721, 8.75611 ], [ 105.223816, 8.754841 ], [ 105.220421, 8.756721 ], [ 105.217087, 8.76137 ], [ 105.211525, 8.766897 ], [ 105.205017, 8.770781 ], [ 105.202034, 8.771066 ], [ 105.195503, 8.76702 ], [ 105.193726, 8.76811 ], [ 105.189476, 8.774788 ], [ 105.188614, 8.777411 ], [ 105.188957, 8.782778 ], [ 105.190475, 8.787015 ], [ 105.190948, 8.794297 ], [ 105.19989, 8.796587 ], [ 105.203667, 8.796941 ], [ 105.211723, 8.796471 ], [ 105.214348, 8.797419 ], [ 105.217148, 8.800521 ], [ 105.22007, 8.80577 ], [ 105.227486, 8.804008 ], [ 105.233543, 8.806399 ], [ 105.239258, 8.812371 ], [ 105.244431, 8.816065 ], [ 105.251709, 8.820081 ], [ 105.25351, 8.821893 ], [ 105.256668, 8.83056 ], [ 105.260002, 8.834444 ], [ 105.262222, 8.835278 ], [ 105.268059, 8.835 ], [ 105.271385, 8.832778 ], [ 105.280281, 8.826668 ], [ 105.282501, 8.827499 ], [ 105.285835, 8.830834 ], [ 105.291946, 8.827499 ], [ 105.294998, 8.827221 ], [ 105.300278, 8.822782 ] ] ], [ [ [ 105.414719, 9.018056 ], [ 105.413887, 9.014443 ], [ 105.409721, 9.008891 ], [ 105.402779, 9.002781 ], [ 105.401833, 8.9975 ], [ 105.398331, 8.995 ], [ 105.393333, 8.983333 ], [ 105.393066, 8.97722 ], [ 105.390556, 8.970278 ], [ 105.387917, 8.967839 ], [ 105.389725, 8.965834 ], [ 105.389168, 8.957777 ], [ 105.387222, 8.952221 ], [ 105.385559, 8.950281 ], [ 105.381111, 8.936943 ], [ 105.375557, 8.927221 ], [ 105.373611, 8.925277 ], [ 105.367226, 8.914444 ], [ 105.366669, 8.91139 ], [ 105.363892, 8.908334 ], [ 105.364723, 8.906667 ], [ 105.363892, 8.902223 ], [ 105.360275, 8.8925 ], [ 105.360283, 8.890561 ], [ 105.356262, 8.882392 ], [ 105.355553, 8.878611 ], [ 105.351936, 8.873331 ], [ 105.346664, 8.860278 ], [ 105.3386, 8.84694 ], [ 105.334999, 8.840279 ], [ 105.331673, 8.8375 ], [ 105.326111, 8.830002 ], [ 105.31778, 8.826111 ], [ 105.313614, 8.825555 ], [ 105.305557, 8.82667 ], [ 105.299446, 8.824441 ], [ 105.296669, 8.827499 ], [ 105.290001, 8.829446 ], [ 105.286942, 8.8325 ], [ 105.284721, 8.831944 ], [ 105.281937, 8.828609 ], [ 105.279724, 8.828334 ], [ 105.273888, 8.831112 ], [ 105.271942, 8.834444 ], [ 105.267776, 8.836671 ], [ 105.262497, 8.837222 ], [ 105.259453, 8.835561 ], [ 105.254837, 8.830439 ], [ 105.252998, 8.824163 ], [ 105.250771, 8.821339 ], [ 105.241684, 8.816341 ], [ 105.23761, 8.812728 ], [ 105.233994, 8.808382 ], [ 105.228867, 8.8059 ], [ 105.222084, 8.807181 ], [ 105.218071, 8.806746 ], [ 105.215347, 8.800348 ], [ 105.209862, 8.797946 ], [ 105.201118, 8.798548 ], [ 105.192223, 8.79643 ], [ 105.185211, 8.798171 ], [ 105.180641, 8.79607 ], [ 105.177673, 8.791441 ], [ 105.172188, 8.78544 ], [ 105.168716, 8.783651 ], [ 105.160278, 8.781541 ], [ 105.153946, 8.776292 ], [ 105.147675, 8.768597 ], [ 105.144653, 8.76127 ], [ 105.142776, 8.760591 ], [ 105.128548, 8.76001 ], [ 105.122292, 8.761149 ], [ 105.118385, 8.76352 ], [ 105.116089, 8.767262 ], [ 105.110771, 8.769958 ], [ 105.106567, 8.77084 ], [ 105.097939, 8.773958 ], [ 105.078636, 8.783318 ], [ 105.076447, 8.786842 ], [ 105.071632, 8.787453 ], [ 105.06871, 8.785914 ], [ 105.062698, 8.779261 ], [ 105.052986, 8.77453 ], [ 105.040993, 8.77265 ], [ 105.033737, 8.769931 ], [ 105.025467, 8.764628 ], [ 105.019676, 8.76377 ], [ 105.007149, 8.763554 ], [ 105.003235, 8.762106 ], [ 104.995216, 8.757619 ], [ 104.984398, 8.753539 ], [ 104.974602, 8.74829 ], [ 104.968956, 8.74316 ], [ 104.967575, 8.739899 ], [ 104.96653, 8.731721 ], [ 104.96656, 8.719911 ], [ 104.965721, 8.716517 ], [ 104.941566, 8.705618 ], [ 104.936386, 8.703528 ], [ 104.928917, 8.698642 ], [ 104.922447, 8.69561 ], [ 104.915733, 8.693919 ], [ 104.90686, 8.693318 ], [ 104.892845, 8.694165 ], [ 104.890457, 8.694706 ], [ 104.874435, 8.695305 ], [ 104.855904, 8.693331 ], [ 104.851486, 8.694471 ], [ 104.843864, 8.703426 ], [ 104.83709, 8.70926 ], [ 104.830307, 8.716401 ], [ 104.826752, 8.722338 ], [ 104.823647, 8.731261 ], [ 104.822777, 8.735561 ], [ 104.824722, 8.736391 ], [ 104.828545, 8.735012 ], [ 104.833885, 8.735833 ], [ 104.83667, 8.737781 ], [ 104.846352, 8.739616 ], [ 104.851768, 8.741911 ], [ 104.855835, 8.741945 ], [ 104.866486, 8.743789 ], [ 104.868057, 8.747499 ], [ 104.870552, 8.74917 ], [ 104.873886, 8.748056 ], [ 104.875908, 8.750631 ], [ 104.874733, 8.7525 ], [ 104.878609, 8.754166 ], [ 104.87722, 8.757222 ], [ 104.878609, 8.759991 ], [ 104.879562, 8.768107 ], [ 104.88472, 8.768333 ], [ 104.884468, 8.772855 ], [ 104.886337, 8.774521 ], [ 104.885864, 8.777611 ], [ 104.888885, 8.781944 ], [ 104.891716, 8.78297 ], [ 104.895546, 8.782621 ], [ 104.898148, 8.78379 ], [ 104.901108, 8.791111 ], [ 104.901802, 8.79568 ], [ 104.904167, 8.803056 ], [ 104.902779, 8.80861 ], [ 104.905281, 8.811112 ], [ 104.903709, 8.813221 ], [ 104.899193, 8.809171 ], [ 104.896957, 8.801121 ], [ 104.886948, 8.795833 ], [ 104.880836, 8.794169 ], [ 104.870827, 8.790281 ], [ 104.859444, 8.787223 ], [ 104.854156, 8.785281 ], [ 104.846664, 8.781666 ], [ 104.838333, 8.779444 ], [ 104.832176, 8.776349 ], [ 104.824722, 8.774168 ], [ 104.823608, 8.774721 ], [ 104.817497, 8.772221 ], [ 104.810555, 8.771943 ], [ 104.804733, 8.774439 ], [ 104.800278, 8.78028 ], [ 104.792503, 8.787779 ], [ 104.78611, 8.797499 ], [ 104.78611, 8.801665 ], [ 104.782776, 8.804722 ], [ 104.78083, 8.810278 ], [ 104.779999, 8.818333 ], [ 104.78083, 8.822221 ], [ 104.781387, 8.83056 ], [ 104.782982, 8.836771 ], [ 104.786667, 8.848055 ], [ 104.786667, 8.850001 ], [ 104.790283, 8.86028 ], [ 104.792503, 8.86278 ], [ 104.791664, 8.866388 ], [ 104.792145, 8.872082 ], [ 104.794716, 8.880952 ], [ 104.796112, 8.890556 ], [ 104.798111, 8.900204 ], [ 104.798607, 8.90889 ], [ 104.800835, 8.928055 ], [ 104.801392, 8.940556 ], [ 104.802223, 8.949431 ], [ 104.80278, 8.967778 ], [ 104.804169, 8.978882 ], [ 104.803337, 8.983889 ], [ 104.803055, 9.00361 ], [ 104.80204, 9.007476 ], [ 104.802361, 9.01512 ], [ 104.801544, 9.020782 ], [ 104.802391, 9.025062 ], [ 104.805382, 9.029153 ], [ 104.807793, 9.02998 ], [ 104.816086, 9.030527 ], [ 104.818054, 9.031389 ], [ 104.818489, 9.034593 ], [ 104.815277, 9.036945 ], [ 104.806107, 9.040011 ], [ 104.804169, 9.041941 ], [ 104.802795, 9.045836 ], [ 104.802795, 9.055456 ], [ 104.806107, 9.080914 ], [ 104.806946, 9.100025 ], [ 104.807495, 9.103448 ], [ 104.808083, 9.123441 ], [ 104.808784, 9.126627 ], [ 104.807907, 9.129401 ], [ 104.808571, 9.13531 ], [ 104.808609, 9.150002 ], [ 104.807777, 9.1625 ], [ 104.807777, 9.173892 ], [ 104.806946, 9.178056 ], [ 104.807777, 9.1825 ], [ 104.809898, 9.188521 ], [ 104.81218, 9.197362 ], [ 104.815254, 9.213462 ], [ 104.815079, 9.215308 ], [ 104.817184, 9.228345 ], [ 104.817818, 9.23905 ], [ 104.819672, 9.249481 ], [ 104.819443, 9.257224 ], [ 104.819962, 9.262511 ], [ 104.820023, 9.272391 ], [ 104.821411, 9.293804 ], [ 104.823891, 9.313922 ], [ 104.823891, 9.327223 ], [ 104.824471, 9.340781 ], [ 104.825722, 9.34296 ], [ 104.824478, 9.348129 ], [ 104.824959, 9.357189 ], [ 104.826607, 9.375852 ], [ 104.826141, 9.378626 ], [ 104.827423, 9.390911 ], [ 104.827538, 9.403435 ], [ 104.828651, 9.41641 ], [ 104.828636, 9.423304 ], [ 104.829445, 9.429864 ], [ 104.829468, 9.439121 ], [ 104.830276, 9.444997 ], [ 104.830276, 9.455312 ], [ 104.831108, 9.464771 ], [ 104.831108, 9.477917 ], [ 104.831642, 9.479881 ], [ 104.832222, 9.492601 ], [ 104.832779, 9.49597 ], [ 104.833336, 9.516029 ], [ 104.834396, 9.531161 ], [ 104.834999, 9.534444 ], [ 104.834999, 9.544721 ], [ 104.837204, 9.560827 ], [ 104.837532, 9.56575 ], [ 104.83889, 9.56972 ], [ 104.838333, 9.574167 ], [ 104.839157, 9.577501 ], [ 104.839775, 9.585907 ], [ 104.841393, 9.594729 ], [ 104.842781, 9.611009 ], [ 104.845543, 9.629821 ], [ 104.845596, 9.634284 ], [ 104.848289, 9.65112 ], [ 104.84861, 9.658463 ], [ 104.850563, 9.669581 ], [ 104.851707, 9.680951 ], [ 104.853897, 9.694088 ], [ 104.85424, 9.698469 ], [ 104.855835, 9.704167 ], [ 104.857498, 9.715555 ], [ 104.85778, 9.72361 ], [ 104.860153, 9.727774 ], [ 104.862778, 9.738611 ], [ 104.865837, 9.743331 ], [ 104.865547, 9.74917 ], [ 104.867546, 9.75446 ], [ 104.871109, 9.761667 ], [ 104.874008, 9.774708 ], [ 104.878326, 9.788059 ], [ 104.877777, 9.792221 ], [ 104.879997, 9.799722 ], [ 104.88028, 9.803334 ], [ 104.882774, 9.810279 ], [ 104.883316, 9.814429 ], [ 104.885597, 9.823411 ], [ 104.888336, 9.831671 ], [ 104.8909, 9.834501 ], [ 104.894165, 9.843333 ], [ 104.899437, 9.85028 ], [ 104.904167, 9.851392 ], [ 104.90834, 9.851392 ], [ 104.914131, 9.849206 ], [ 104.914917, 9.84695 ], [ 104.917976, 9.84806 ], [ 104.926109, 9.846111 ], [ 104.938652, 9.846707 ], [ 104.945831, 9.848889 ], [ 104.951942, 9.852222 ], [ 104.955849, 9.8535 ], [ 104.965706, 9.86194 ], [ 104.972412, 9.869491 ], [ 104.978569, 9.878279 ], [ 104.985344, 9.885764 ], [ 104.989487, 9.888658 ], [ 105.002876, 9.904257 ], [ 105.01619, 9.91689 ], [ 105.028313, 9.92697 ], [ 105.031006, 9.929621 ], [ 105.039688, 9.93634 ], [ 105.047592, 9.941352 ], [ 105.063423, 9.948852 ], [ 105.073341, 9.949682 ], [ 105.0802, 9.947998 ], [ 105.082382, 9.94331 ], [ 105.085327, 9.93443 ], [ 105.088844, 9.92669 ], [ 105.09198, 9.915696 ], [ 105.097504, 9.917501 ], [ 105.09639, 9.924445 ], [ 105.099442, 9.929999 ], [ 105.103058, 9.928889 ], [ 105.104744, 9.935882 ], [ 105.106979, 9.948258 ], [ 105.108467, 9.950776 ], [ 105.104301, 9.953912 ], [ 105.101685, 9.962498 ], [ 105.099983, 9.970251 ], [ 105.095009, 9.980881 ], [ 105.092857, 9.98448 ], [ 105.089989, 9.992174 ], [ 105.086472, 9.996792 ], [ 105.083611, 10.006082 ], [ 105.080559, 10.006945 ], [ 105.077286, 10.006111 ], [ 105.077225, 10.010277 ], [ 105.072502, 10.01389 ], [ 105.062225, 10.024166 ], [ 105.053886, 10.033333 ], [ 105.052162, 10.036551 ], [ 105.050003, 10.037499 ], [ 105.041389, 10.04611 ], [ 105.035835, 10.052501 ], [ 105.029999, 10.058333 ], [ 105.020554, 10.068612 ], [ 105.019165, 10.069444 ], [ 105.011391, 10.077781 ], [ 105.004448, 10.084169 ], [ 104.994164, 10.094722 ], [ 104.991943, 10.098061 ], [ 104.988892, 10.09917 ], [ 104.987221, 10.096944 ], [ 104.984726, 10.096944 ], [ 104.976387, 10.09889 ], [ 104.971107, 10.099444 ], [ 104.963058, 10.09861 ], [ 104.948059, 10.096112 ], [ 104.943054, 10.094444 ], [ 104.930557, 10.091946 ], [ 104.911667, 10.086945 ], [ 104.90361, 10.085833 ], [ 104.894165, 10.085833 ], [ 104.883888, 10.089723 ], [ 104.879448, 10.092499 ], [ 104.873886, 10.09778 ], [ 104.870552, 10.102781 ], [ 104.864441, 10.109723 ], [ 104.860001, 10.116389 ], [ 104.853874, 10.128629 ], [ 104.845558, 10.140277 ], [ 104.846916, 10.142532 ], [ 104.841927, 10.147511 ], [ 104.840279, 10.150556 ], [ 104.834717, 10.1575 ], [ 104.824165, 10.171668 ], [ 104.821953, 10.17639 ], [ 104.817497, 10.180832 ], [ 104.811386, 10.188057 ], [ 104.799164, 10.199721 ], [ 104.792503, 10.204451 ], [ 104.785843, 10.208061 ], [ 104.781937, 10.20944 ], [ 104.780975, 10.213471 ], [ 104.763885, 10.221111 ], [ 104.757774, 10.221945 ], [ 104.743607, 10.22667 ], [ 104.735359, 10.22736 ], [ 104.731392, 10.226943 ], [ 104.720276, 10.222499 ], [ 104.710831, 10.217223 ], [ 104.706947, 10.21361 ], [ 104.702499, 10.211391 ], [ 104.696663, 10.206944 ], [ 104.681107, 10.192501 ], [ 104.672775, 10.1825 ], [ 104.669792, 10.177844 ], [ 104.669724, 10.175556 ], [ 104.666946, 10.171109 ], [ 104.659447, 10.16555 ], [ 104.655556, 10.160833 ], [ 104.64917, 10.15139 ], [ 104.646378, 10.143889 ], [ 104.649452, 10.141111 ], [ 104.645546, 10.137499 ], [ 104.641129, 10.136111 ], [ 104.638611, 10.139441 ], [ 104.633888, 10.143611 ], [ 104.631111, 10.14445 ], [ 104.627502, 10.143611 ], [ 104.625282, 10.145282 ], [ 104.614441, 10.14806 ], [ 104.610558, 10.14556 ], [ 104.608612, 10.141945 ], [ 104.599724, 10.145555 ], [ 104.602776, 10.15111 ], [ 104.607498, 10.15472 ], [ 104.609726, 10.159445 ], [ 104.608612, 10.165277 ], [ 104.605278, 10.168331 ], [ 104.599998, 10.171111 ], [ 104.601669, 10.173334 ], [ 104.598343, 10.178329 ], [ 104.59597, 10.18353 ], [ 104.592484, 10.181942 ], [ 104.589516, 10.186042 ], [ 104.594719, 10.188057 ], [ 104.59639, 10.19083 ], [ 104.595558, 10.195904 ], [ 104.591942, 10.195555 ], [ 104.589653, 10.200141 ], [ 104.589722, 10.204451 ], [ 104.586113, 10.203056 ], [ 104.584442, 10.20528 ], [ 104.587502, 10.211944 ], [ 104.591393, 10.212988 ], [ 104.592499, 10.214723 ], [ 104.589722, 10.23 ], [ 104.586945, 10.2375 ], [ 104.584999, 10.239444 ], [ 104.586243, 10.243959 ], [ 104.583038, 10.247221 ], [ 104.583336, 10.250555 ], [ 104.58139, 10.255278 ], [ 104.568336, 10.274999 ], [ 104.558174, 10.285326 ], [ 104.551941, 10.289444 ], [ 104.54361, 10.291391 ], [ 104.542503, 10.288612 ], [ 104.538887, 10.28639 ], [ 104.537498, 10.281668 ], [ 104.534447, 10.277499 ], [ 104.532219, 10.276667 ], [ 104.530563, 10.279721 ], [ 104.532776, 10.282778 ], [ 104.53389, 10.289444 ], [ 104.533333, 10.29222 ], [ 104.527496, 10.301389 ], [ 104.527779, 10.304167 ], [ 104.531113, 10.30667 ], [ 104.531944, 10.31139 ], [ 104.527496, 10.318334 ], [ 104.528336, 10.320279 ], [ 104.522781, 10.330279 ], [ 104.517502, 10.336944 ], [ 104.512497, 10.345 ], [ 104.503052, 10.354445 ], [ 104.497223, 10.361392 ], [ 104.492233, 10.365 ], [ 104.486115, 10.372222 ], [ 104.486664, 10.377499 ], [ 104.492775, 10.381111 ], [ 104.499733, 10.380001 ], [ 104.503609, 10.383611 ], [ 104.50499, 10.388331 ], [ 104.506943, 10.39056 ], [ 104.514717, 10.39389 ], [ 104.51722, 10.394173 ], [ 104.519112, 10.398127 ], [ 104.517509, 10.399232 ], [ 104.513336, 10.397222 ], [ 104.50972, 10.393612 ], [ 104.5075, 10.39583 ], [ 104.51889, 10.406389 ], [ 104.520554, 10.409723 ], [ 104.521111, 10.416944 ], [ 104.51889, 10.417222 ], [ 104.515656, 10.413737 ], [ 104.514046, 10.414013 ], [ 104.508614, 10.410555 ], [ 104.504166, 10.409445 ], [ 104.500832, 10.406389 ], [ 104.497223, 10.399722 ], [ 104.494156, 10.3925 ], [ 104.491112, 10.386946 ], [ 104.490837, 10.381672 ], [ 104.486656, 10.380001 ], [ 104.483612, 10.377499 ], [ 104.481392, 10.377544 ], [ 104.479156, 10.381672 ], [ 104.476265, 10.38249 ], [ 104.470276, 10.381111 ], [ 104.465553, 10.378059 ], [ 104.464676, 10.375787 ], [ 104.459442, 10.368612 ], [ 104.453331, 10.369451 ], [ 104.451111, 10.36611 ], [ 104.449448, 10.36667 ], [ 104.444725, 10.36389 ], [ 104.441948, 10.365556 ], [ 104.441948, 10.367541 ], [ 104.445274, 10.373332 ], [ 104.445206, 10.380345 ], [ 104.443336, 10.383889 ], [ 104.445831, 10.385833 ], [ 104.445557, 10.389443 ], [ 104.450279, 10.393616 ], [ 104.452225, 10.397222 ], [ 104.452499, 10.400557 ], [ 104.449997, 10.407501 ], [ 104.445808, 10.414745 ], [ 104.439842, 10.422377 ], [ 104.441589, 10.423501 ], [ 104.453636, 10.425689 ], [ 104.4646, 10.428971 ], [ 104.470161, 10.429121 ], [ 104.479073, 10.43047 ], [ 104.486542, 10.4225 ], [ 104.49247, 10.413291 ], [ 104.497986, 10.40596 ], [ 104.500252, 10.40689 ], [ 104.506561, 10.41308 ], [ 104.511307, 10.416941 ], [ 104.519142, 10.424722 ], [ 104.52298, 10.431941 ], [ 104.52343, 10.43746 ], [ 104.527733, 10.443821 ], [ 104.527679, 10.44662 ], [ 104.537132, 10.44722 ], [ 104.543182, 10.44835 ], [ 104.551308, 10.456559 ], [ 104.554642, 10.462339 ], [ 104.557732, 10.474191 ], [ 104.559303, 10.492321 ], [ 104.560982, 10.494031 ], [ 104.565201, 10.495551 ], [ 104.570343, 10.49899 ], [ 104.578796, 10.501591 ], [ 104.582596, 10.504029 ], [ 104.586586, 10.511731 ], [ 104.586967, 10.526549 ], [ 104.590576, 10.530021 ], [ 104.598778, 10.532711 ], [ 104.605858, 10.53245 ], [ 104.61544, 10.527261 ], [ 104.634918, 10.52819 ], [ 104.637901, 10.529471 ], [ 104.646217, 10.52894 ], [ 104.646378, 10.5395 ], [ 104.676491, 10.53782 ], [ 104.68737, 10.53688 ], [ 104.693901, 10.536799 ], [ 104.697403, 10.535791 ], [ 104.745621, 10.520282 ], [ 104.752602, 10.517631 ], [ 104.755409, 10.517422 ], [ 104.778053, 10.518239 ], [ 104.781868, 10.519111 ], [ 104.790512, 10.51873 ], [ 104.834572, 10.520571 ], [ 104.867836, 10.52169 ], [ 104.896942, 10.547421 ], [ 104.90416, 10.560021 ], [ 104.908913, 10.567619 ], [ 104.923103, 10.592141 ], [ 104.93203, 10.607071 ], [ 104.937286, 10.615281 ], [ 104.948128, 10.62816 ], [ 104.956589, 10.637671 ], [ 104.979218, 10.652131 ], [ 104.983437, 10.654441 ], [ 104.99575, 10.66224 ], [ 105.011406, 10.671281 ], [ 105.016716, 10.6737 ], [ 105.068962, 10.704121 ], [ 105.084618, 10.713111 ], [ 105.095612, 10.719061 ], [ 105.098007, 10.720841 ], [ 105.092331, 10.754611 ], [ 105.0896, 10.75921 ], [ 105.084869, 10.7645 ], [ 105.079796, 10.771851 ], [ 105.075127, 10.776431 ], [ 105.070633, 10.778476 ], [ 105.064201, 10.780231 ], [ 105.062866, 10.783381 ], [ 105.061569, 10.79481 ], [ 105.059296, 10.798838 ], [ 105.055496, 10.80214 ], [ 105.057137, 10.81229 ], [ 105.057518, 10.818532 ], [ 105.053627, 10.825912 ], [ 105.041817, 10.850821 ], [ 105.038086, 10.859602 ], [ 105.036041, 10.863171 ], [ 105.030952, 10.87992 ], [ 105.028473, 10.891531 ], [ 105.035797, 10.89499 ], [ 105.036606, 10.89723 ], [ 105.040756, 10.898411 ], [ 105.04348, 10.900831 ], [ 105.042007, 10.908961 ], [ 105.040947, 10.91129 ], [ 105.045181, 10.91496 ], [ 105.052086, 10.91671 ], [ 105.052086, 10.921081 ], [ 105.049591, 10.924181 ], [ 105.050087, 10.92788 ], [ 105.053658, 10.93129 ], [ 105.06131, 10.936299 ], [ 105.066856, 10.938461 ], [ 105.070839, 10.939112 ], [ 105.076897, 10.93689 ], [ 105.078636, 10.93758 ], [ 105.077858, 10.941881 ], [ 105.080093, 10.954291 ], [ 105.082993, 10.956579 ], [ 105.093826, 10.956201 ], [ 105.098877, 10.95742 ], [ 105.106422, 10.96077 ], [ 105.111031, 10.961942 ], [ 105.116501, 10.960233 ], [ 105.117706, 10.949411 ], [ 105.116501, 10.943861 ], [ 105.11245, 10.937709 ], [ 105.105568, 10.929822 ], [ 105.102081, 10.923361 ], [ 105.105698, 10.91916 ], [ 105.108131, 10.918891 ], [ 105.11866, 10.920361 ], [ 105.129379, 10.921111 ], [ 105.142456, 10.923001 ], [ 105.154823, 10.923031 ], [ 105.160812, 10.921052 ], [ 105.168037, 10.917421 ], [ 105.181183, 10.9116 ], [ 105.186996, 10.91171 ], [ 105.188248, 10.887664 ], [ 105.187408, 10.87327 ], [ 105.193237, 10.866009 ], [ 105.203148, 10.858308 ], [ 105.205101, 10.85621 ], [ 105.21862, 10.834137 ], [ 105.218575, 10.832934 ], [ 105.222641, 10.822393 ], [ 105.224648, 10.815551 ], [ 105.227631, 10.807793 ], [ 105.229904, 10.80511 ], [ 105.238014, 10.804397 ], [ 105.250046, 10.804307 ], [ 105.257362, 10.80324 ], [ 105.259453, 10.801571 ], [ 105.260292, 10.788809 ], [ 105.257736, 10.782414 ], [ 105.259026, 10.77467 ], [ 105.262421, 10.769919 ], [ 105.271202, 10.764895 ], [ 105.277023, 10.763711 ], [ 105.290848, 10.763699 ], [ 105.298241, 10.762681 ], [ 105.301949, 10.760355 ], [ 105.303711, 10.754696 ], [ 105.302521, 10.750724 ], [ 105.298904, 10.746856 ], [ 105.28231, 10.737579 ], [ 105.278603, 10.73462 ], [ 105.275665, 10.73001 ], [ 105.275253, 10.726879 ], [ 105.279846, 10.721824 ], [ 105.291183, 10.71737 ], [ 105.296593, 10.716489 ], [ 105.305138, 10.716851 ], [ 105.321449, 10.72148 ], [ 105.328979, 10.722887 ], [ 105.335312, 10.722981 ], [ 105.341408, 10.721964 ], [ 105.345757, 10.719871 ], [ 105.348206, 10.717107 ], [ 105.348854, 10.713133 ], [ 105.347816, 10.702125 ], [ 105.34597, 10.6927 ], [ 105.342171, 10.679001 ], [ 105.34169, 10.673918 ], [ 105.342361, 10.666347 ], [ 105.341927, 10.657514 ], [ 105.342415, 10.649875 ], [ 105.342552, 10.63764 ], [ 105.345398, 10.627372 ], [ 105.351051, 10.613085 ], [ 105.354706, 10.606246 ], [ 105.367157, 10.578014 ], [ 105.368889, 10.575733 ], [ 105.376251, 10.573106 ], [ 105.385201, 10.571588 ], [ 105.388489, 10.57051 ], [ 105.396996, 10.565696 ], [ 105.404999, 10.557171 ], [ 105.411369, 10.552265 ], [ 105.417824, 10.549827 ], [ 105.443451, 10.55305 ], [ 105.450104, 10.54997 ], [ 105.469414, 10.539488 ], [ 105.479515, 10.53561 ], [ 105.485786, 10.541726 ], [ 105.502853, 10.546281 ], [ 105.509422, 10.544988 ], [ 105.512985, 10.547089 ], [ 105.524857, 10.541463 ], [ 105.532104, 10.537187 ], [ 105.53849, 10.532577 ], [ 105.545235, 10.526342 ], [ 105.550003, 10.521005 ], [ 105.555687, 10.511941 ], [ 105.561157, 10.499637 ], [ 105.566193, 10.487193 ], [ 105.570061, 10.479363 ], [ 105.572823, 10.465023 ], [ 105.573746, 10.455793 ], [ 105.575142, 10.448419 ], [ 105.575188, 10.444542 ], [ 105.573845, 10.434715 ], [ 105.573776, 10.429446 ], [ 105.565407, 10.429761 ], [ 105.555084, 10.43423 ], [ 105.551956, 10.43237 ], [ 105.550926, 10.430145 ], [ 105.548012, 10.428674 ], [ 105.549049, 10.424924 ], [ 105.54657, 10.420354 ], [ 105.551315, 10.41935 ], [ 105.551308, 10.416229 ], [ 105.545067, 10.412917 ], [ 105.539688, 10.413542 ], [ 105.536026, 10.409711 ], [ 105.531364, 10.407951 ], [ 105.531334, 10.404786 ], [ 105.528877, 10.400405 ], [ 105.525124, 10.401037 ], [ 105.523506, 10.399295 ], [ 105.526093, 10.391661 ], [ 105.526497, 10.383584 ], [ 105.528687, 10.378344 ], [ 105.526199, 10.373371 ], [ 105.520798, 10.370415 ], [ 105.519783, 10.367542 ], [ 105.520515, 10.363379 ], [ 105.512848, 10.361356 ], [ 105.507317, 10.355771 ], [ 105.499245, 10.353959 ], [ 105.49749, 10.350572 ], [ 105.491737, 10.346809 ], [ 105.490204, 10.344321 ], [ 105.491241, 10.340379 ], [ 105.490509, 10.337914 ], [ 105.487343, 10.334582 ], [ 105.494949, 10.325283 ], [ 105.500069, 10.31981 ], [ 105.504585, 10.3162 ], [ 105.51046, 10.310113 ], [ 105.514854, 10.306465 ], [ 105.520737, 10.305323 ], [ 105.52771, 10.301494 ], [ 105.541367, 10.292956 ], [ 105.550537, 10.285893 ], [ 105.555611, 10.281059 ], [ 105.564362, 10.273786 ], [ 105.573944, 10.26475 ], [ 105.582565, 10.254834 ], [ 105.596336, 10.242014 ], [ 105.602501, 10.235415 ], [ 105.607437, 10.227771 ], [ 105.613548, 10.217146 ], [ 105.618942, 10.206229 ], [ 105.622475, 10.192337 ], [ 105.624451, 10.18625 ], [ 105.633278, 10.178597 ], [ 105.636566, 10.175025 ], [ 105.647934, 10.165813 ], [ 105.649712, 10.161136 ], [ 105.65657, 10.152164 ], [ 105.660469, 10.148459 ], [ 105.666573, 10.143999 ], [ 105.672066, 10.140994 ], [ 105.682487, 10.13411 ], [ 105.690369, 10.130218 ], [ 105.697617, 10.125923 ], [ 105.707893, 10.118974 ], [ 105.716927, 10.112396 ], [ 105.72673, 10.1031 ], [ 105.731331, 10.099868 ], [ 105.736694, 10.098084 ], [ 105.744446, 10.094201 ], [ 105.754868, 10.088079 ], [ 105.762917, 10.080904 ], [ 105.766121, 10.078595 ], [ 105.77594, 10.073348 ], [ 105.784729, 10.067505 ], [ 105.791336, 10.05955 ], [ 105.803009, 10.04346 ], [ 105.812531, 10.030895 ], [ 105.816948, 10.023405 ], [ 105.819557, 10.017347 ], [ 105.829697, 10.001214 ], [ 105.835091, 9.99547 ], [ 105.844154, 9.98381 ], [ 105.850098, 9.9767 ], [ 105.859398, 9.967576 ], [ 105.864838, 9.963223 ], [ 105.872879, 9.955172 ], [ 105.877701, 9.951063 ], [ 105.888763, 9.943646 ], [ 105.896492, 9.938053 ], [ 105.906921, 9.931609 ], [ 105.910606, 9.930793 ], [ 105.915909, 9.931147 ], [ 105.922012, 9.930003 ], [ 105.932831, 9.920331 ], [ 105.949547, 9.908387 ], [ 105.95871, 9.903183 ], [ 105.963158, 9.899719 ], [ 105.974014, 9.887009 ], [ 105.978615, 9.883816 ], [ 105.982101, 9.882843 ], [ 105.978859, 9.889919 ], [ 105.973083, 9.897208 ], [ 105.963943, 9.907258 ], [ 105.954414, 9.919665 ], [ 105.956772, 9.921443 ], [ 105.961838, 9.921898 ], [ 105.965324, 9.920103 ], [ 105.974815, 9.912164 ], [ 105.9814, 9.907196 ], [ 105.986435, 9.902324 ], [ 105.98951, 9.902308 ], [ 105.992409, 9.905596 ], [ 105.998024, 9.904318 ], [ 106.003006, 9.908913 ], [ 106.011894, 9.912887 ], [ 106.016197, 9.916277 ], [ 106.016479, 9.918918 ], [ 106.01416, 9.923553 ], [ 106.017502, 9.925811 ], [ 106.021194, 9.932133 ], [ 106.024055, 9.929932 ], [ 106.028046, 9.928674 ], [ 106.028618, 9.927125 ], [ 106.036575, 9.926303 ], [ 106.039108, 9.926836 ], [ 106.041389, 9.931648 ], [ 106.045685, 9.936397 ], [ 106.052139, 9.940284 ], [ 106.055283, 9.941318 ], [ 106.05497, 9.946715 ], [ 106.062355, 9.945403 ], [ 106.065407, 9.947535 ], [ 106.076355, 9.944795 ], [ 106.080948, 9.952007 ], [ 106.086449, 9.95956 ], [ 106.101311, 9.949403 ], [ 106.112396, 9.93841 ], [ 106.122871, 9.949685 ], [ 106.131721, 9.962205 ], [ 106.133179, 9.98183 ], [ 106.130653, 9.990615 ], [ 106.134232, 10.002805 ], [ 106.134666, 10.023841 ], [ 106.15004, 10.017354 ], [ 106.187134, 10.025168 ], [ 106.189224, 10.025956 ], [ 106.194496, 10.024649 ], [ 106.198326, 10.015073 ], [ 106.2034, 10.009851 ], [ 106.206497, 10.011659 ], [ 106.210258, 10.008259 ], [ 106.214424, 10.014025 ], [ 106.220375, 10.014008 ], [ 106.224785, 10.018096 ], [ 106.228783, 10.019812 ], [ 106.232018, 10.023955 ], [ 106.231133, 10.030198 ], [ 106.23101, 10.042109 ], [ 106.222191, 10.043428 ], [ 106.226402, 10.048199 ], [ 106.224457, 10.056881 ], [ 106.227722, 10.058394 ], [ 106.227119, 10.062271 ], [ 106.228455, 10.065378 ], [ 106.22718, 10.06795 ], [ 106.228027, 10.070887 ], [ 106.232155, 10.07488 ], [ 106.232918, 10.076891 ], [ 106.240906, 10.081751 ], [ 106.24408, 10.080178 ], [ 106.257477, 10.074944 ], [ 106.263313, 10.071033 ], [ 106.269844, 10.06467 ], [ 106.281624, 10.054504 ], [ 106.289337, 10.049778 ], [ 106.296387, 10.039095 ], [ 106.306961, 10.027015 ], [ 106.31456, 10.020186 ], [ 106.323532, 10.013905 ], [ 106.334335, 10.008778 ], [ 106.352638, 10.001731 ], [ 106.355934, 9.999601 ], [ 106.364616, 9.989563 ], [ 106.375992, 9.979717 ], [ 106.394287, 9.970402 ], [ 106.412354, 9.956567 ], [ 106.418556, 9.952549 ], [ 106.43399, 9.944881 ], [ 106.442833, 9.940896 ], [ 106.458275, 9.934799 ], [ 106.464935, 9.931574 ], [ 106.460732, 9.928691 ], [ 106.462776, 9.926667 ], [ 106.475281, 9.919171 ], [ 106.480827, 9.91444 ], [ 106.486946, 9.91028 ], [ 106.496391, 9.900555 ], [ 106.505554, 9.889444 ], [ 106.509453, 9.88333 ], [ 106.51722, 9.874441 ], [ 106.518608, 9.871389 ], [ 106.532501, 9.858888 ], [ 106.545555, 9.849168 ], [ 106.54361, 9.841389 ], [ 106.538063, 9.83722 ], [ 106.532219, 9.836671 ], [ 106.529442, 9.833061 ], [ 106.523056, 9.83139 ], [ 106.518059, 9.835835 ], [ 106.512779, 9.846667 ], [ 106.508888, 9.851944 ], [ 106.495834, 9.864723 ], [ 106.47583, 9.885 ], [ 106.465553, 9.893611 ], [ 106.44973, 9.903541 ], [ 106.439301, 9.892549 ], [ 106.447502, 9.88389 ], [ 106.460556, 9.871945 ], [ 106.476936, 9.855 ], [ 106.483887, 9.846941 ], [ 106.49472, 9.82972 ], [ 106.506668, 9.816945 ], [ 106.508331, 9.811945 ], [ 106.516388, 9.80751 ], [ 106.517776, 9.805 ], [ 106.518333, 9.794999 ], [ 106.519173, 9.792501 ], [ 106.518326, 9.788891 ], [ 106.518059, 9.774439 ], [ 106.51667, 9.773332 ], [ 106.517776, 9.766945 ], [ 106.524452, 9.760562 ], [ 106.528053, 9.759171 ], [ 106.535278, 9.754444 ], [ 106.538612, 9.75111 ], [ 106.540703, 9.747479 ], [ 106.544716, 9.75111 ], [ 106.547226, 9.750834 ], [ 106.554611, 9.74732 ], [ 106.558739, 9.746365 ], [ 106.565834, 9.741943 ], [ 106.570831, 9.734411 ], [ 106.571304, 9.719827 ], [ 106.568886, 9.717616 ], [ 106.570488, 9.714762 ], [ 106.569893, 9.70921 ], [ 106.570335, 9.698763 ], [ 106.566948, 9.693751 ], [ 106.568352, 9.691419 ], [ 106.571144, 9.69379 ], [ 106.574562, 9.694191 ], [ 106.577873, 9.690594 ], [ 106.579086, 9.687287 ], [ 106.579514, 9.681111 ], [ 106.579033, 9.674969 ], [ 106.577423, 9.665551 ], [ 106.571571, 9.645878 ], [ 106.566864, 9.633851 ], [ 106.562469, 9.624832 ], [ 106.554871, 9.611563 ], [ 106.546043, 9.59911 ], [ 106.538612, 9.590278 ], [ 106.536942, 9.59111 ], [ 106.533501, 9.586862 ], [ 106.531097, 9.580963 ], [ 106.526108, 9.575279 ], [ 106.519722, 9.571111 ], [ 106.516945, 9.568054 ], [ 106.514366, 9.56689 ], [ 106.50692, 9.561381 ], [ 106.49472, 9.554168 ], [ 106.488319, 9.551392 ], [ 106.483612, 9.550562 ], [ 106.46981, 9.545826 ], [ 106.463669, 9.542877 ], [ 106.455002, 9.53972 ], [ 106.43972, 9.53639 ], [ 106.432777, 9.533892 ], [ 106.42804, 9.533061 ], [ 106.424721, 9.53139 ], [ 106.415573, 9.52992 ], [ 106.412498, 9.530278 ], [ 106.41333, 9.53639 ], [ 106.409721, 9.540279 ], [ 106.408333, 9.543333 ], [ 106.40361, 9.54333 ], [ 106.402779, 9.5375 ], [ 106.399551, 9.533817 ], [ 106.394051, 9.531224 ], [ 106.387512, 9.53077 ], [ 106.384445, 9.529722 ], [ 106.376663, 9.52889 ], [ 106.371109, 9.532363 ], [ 106.36972, 9.534161 ], [ 106.367226, 9.546667 ], [ 106.3675, 9.550277 ], [ 106.363609, 9.548331 ], [ 106.361389, 9.550277 ], [ 106.347496, 9.568328 ], [ 106.341942, 9.574445 ], [ 106.335007, 9.580002 ], [ 106.324448, 9.587222 ], [ 106.319168, 9.58889 ], [ 106.312225, 9.592778 ], [ 106.309998, 9.594723 ], [ 106.30278, 9.598057 ], [ 106.287216, 9.607502 ], [ 106.278763, 9.599037 ], [ 106.271942, 9.590278 ], [ 106.27639, 9.5875 ], [ 106.290001, 9.580002 ], [ 106.293327, 9.576111 ], [ 106.293327, 9.571671 ], [ 106.291389, 9.565832 ], [ 106.289169, 9.554721 ], [ 106.288612, 9.548889 ], [ 106.286942, 9.542779 ], [ 106.284447, 9.538893 ], [ 106.28167, 9.532222 ], [ 106.276947, 9.528612 ], [ 106.275558, 9.52306 ], [ 106.273331, 9.522501 ], [ 106.269447, 9.518611 ], [ 106.269447, 9.516389 ], [ 106.263611, 9.51 ], [ 106.261108, 9.504722 ], [ 106.258057, 9.501944 ], [ 106.251945, 9.499721 ], [ 106.245552, 9.495001 ], [ 106.240555, 9.493055 ], [ 106.235832, 9.493062 ], [ 106.232216, 9.495831 ], [ 106.229721, 9.501112 ], [ 106.227219, 9.50833 ], [ 106.219719, 9.523055 ], [ 106.218063, 9.525282 ], [ 106.208611, 9.51583 ], [ 106.207222, 9.513888 ], [ 106.209167, 9.51111 ], [ 106.211113, 9.504166 ], [ 106.209999, 9.499721 ], [ 106.209999, 9.492781 ], [ 106.208611, 9.48611 ], [ 106.209167, 9.483054 ], [ 106.207222, 9.479444 ], [ 106.207222, 9.467209 ], [ 106.208611, 9.465833 ], [ 106.203331, 9.4575 ], [ 106.198326, 9.45167 ], [ 106.188057, 9.441941 ], [ 106.182777, 9.438611 ], [ 106.180267, 9.438891 ], [ 106.175835, 9.434167 ], [ 106.175835, 9.432501 ], [ 106.172661, 9.426251 ], [ 106.16655, 9.422921 ], [ 106.167503, 9.418055 ], [ 106.175003, 9.41806 ], [ 106.179443, 9.415831 ], [ 106.181946, 9.415833 ], [ 106.188057, 9.410277 ], [ 106.189308, 9.408335 ], [ 106.189163, 9.399722 ], [ 106.187065, 9.391159 ], [ 106.186943, 9.387499 ], [ 106.18972, 9.379723 ], [ 106.184723, 9.373612 ], [ 106.182503, 9.369446 ], [ 106.17778, 9.364721 ], [ 106.175827, 9.364172 ], [ 106.165276, 9.354723 ], [ 106.159721, 9.351944 ], [ 106.158333, 9.350278 ], [ 106.151398, 9.348061 ], [ 106.148056, 9.345561 ], [ 106.137222, 9.343334 ], [ 106.129448, 9.337777 ], [ 106.128891, 9.334441 ], [ 106.117775, 9.333055 ], [ 106.109726, 9.333611 ], [ 106.106941, 9.336111 ], [ 106.10083, 9.336672 ], [ 106.096107, 9.336111 ], [ 106.093613, 9.334721 ], [ 106.085556, 9.333333 ], [ 106.07917, 9.331111 ], [ 106.074448, 9.32833 ], [ 106.070831, 9.327781 ], [ 106.06472, 9.325281 ], [ 106.0625, 9.326391 ], [ 106.058891, 9.325281 ], [ 106.051392, 9.32111 ], [ 106.049721, 9.3225 ], [ 106.043892, 9.32111 ], [ 106.041389, 9.319168 ], [ 106.034447, 9.31667 ], [ 106.032776, 9.314722 ], [ 106.029724, 9.316112 ], [ 106.022781, 9.31278 ], [ 106.013885, 9.311111 ], [ 105.998337, 9.305277 ], [ 105.991112, 9.303611 ], [ 105.974442, 9.297222 ], [ 105.967781, 9.2925 ], [ 105.956673, 9.29139 ], [ 105.941856, 9.285884 ], [ 105.939453, 9.28556 ], [ 105.932503, 9.282221 ], [ 105.921112, 9.278889 ], [ 105.916389, 9.278333 ], [ 105.905777, 9.274673 ], [ 105.898331, 9.27083 ], [ 105.89389, 9.270281 ], [ 105.890831, 9.26833 ], [ 105.887779, 9.26861 ], [ 105.886108, 9.26639 ], [ 105.883606, 9.26639 ], [ 105.876389, 9.261944 ], [ 105.870834, 9.260834 ], [ 105.867233, 9.25806 ], [ 105.864998, 9.25806 ], [ 105.860275, 9.255277 ], [ 105.85833, 9.255279 ], [ 105.85334, 9.252501 ], [ 105.846664, 9.250557 ], [ 105.844444, 9.250833 ], [ 105.84111, 9.247779 ], [ 105.836388, 9.247779 ], [ 105.834442, 9.245557 ], [ 105.827415, 9.243802 ], [ 105.823326, 9.242781 ], [ 105.821388, 9.240556 ], [ 105.816391, 9.23889 ], [ 105.814171, 9.23667 ], [ 105.809998, 9.234722 ], [ 105.80722, 9.23528 ], [ 105.803337, 9.233334 ], [ 105.797501, 9.228889 ], [ 105.791946, 9.22806 ], [ 105.784721, 9.224721 ], [ 105.779167, 9.219445 ], [ 105.776665, 9.21861 ], [ 105.773056, 9.215554 ], [ 105.76722, 9.21278 ], [ 105.764717, 9.210832 ], [ 105.755836, 9.206944 ], [ 105.751945, 9.204165 ], [ 105.749443, 9.205002 ], [ 105.744446, 9.201941 ], [ 105.741112, 9.20306 ], [ 105.741669, 9.199445 ], [ 105.731941, 9.197781 ], [ 105.72139, 9.192779 ], [ 105.713333, 9.189444 ], [ 105.705833, 9.187222 ], [ 105.703888, 9.185278 ], [ 105.698608, 9.18417 ], [ 105.68972, 9.179722 ], [ 105.684448, 9.17806 ], [ 105.674721, 9.173333 ], [ 105.671669, 9.172777 ], [ 105.671112, 9.169171 ], [ 105.667503, 9.170281 ], [ 105.66333, 9.166945 ], [ 105.661392, 9.167781 ], [ 105.657219, 9.164445 ], [ 105.654442, 9.164723 ], [ 105.646942, 9.160556 ], [ 105.643326, 9.157211 ], [ 105.640831, 9.15778 ], [ 105.633331, 9.15528 ], [ 105.629997, 9.153056 ], [ 105.626106, 9.15306 ], [ 105.623337, 9.15056 ], [ 105.616669, 9.147223 ], [ 105.599998, 9.142781 ], [ 105.598343, 9.141111 ], [ 105.591942, 9.138613 ], [ 105.588608, 9.138891 ], [ 105.583893, 9.136391 ], [ 105.582222, 9.13333 ], [ 105.578598, 9.134225 ], [ 105.572502, 9.131388 ], [ 105.561111, 9.127231 ], [ 105.549164, 9.121945 ], [ 105.547775, 9.120555 ], [ 105.541389, 9.118331 ], [ 105.534149, 9.115001 ], [ 105.531403, 9.113061 ], [ 105.521393, 9.107781 ], [ 105.517502, 9.104166 ], [ 105.511444, 9.101167 ], [ 105.509163, 9.100834 ], [ 105.505836, 9.097499 ], [ 105.495003, 9.091391 ], [ 105.486664, 9.085276 ], [ 105.480003, 9.081669 ], [ 105.466393, 9.069446 ], [ 105.450546, 9.05333 ], [ 105.438057, 9.036389 ], [ 105.436943, 9.033611 ], [ 105.434166, 9.031111 ], [ 105.431389, 9.02694 ], [ 105.424446, 9.02 ], [ 105.421112, 9.018334 ], [ 105.417221, 9.021939 ], [ 105.41671, 9.026169 ], [ 105.41333, 9.02056 ], [ 105.414719, 9.018056 ] ] ], [ [ [ 104.656189, 9.80709 ], [ 104.656311, 9.803557 ], [ 104.649513, 9.795581 ], [ 104.641083, 9.794701 ], [ 104.637032, 9.792588 ], [ 104.632408, 9.79379 ], [ 104.633064, 9.796395 ], [ 104.626938, 9.798835 ], [ 104.617477, 9.795321 ], [ 104.612556, 9.79622 ], [ 104.608574, 9.795441 ], [ 104.606285, 9.797623 ], [ 104.608734, 9.801627 ], [ 104.611679, 9.802728 ], [ 104.615837, 9.810803 ], [ 104.621964, 9.814633 ], [ 104.627571, 9.820199 ], [ 104.633575, 9.82298 ], [ 104.63974, 9.821667 ], [ 104.64492, 9.818408 ], [ 104.6502, 9.818094 ], [ 104.654648, 9.819311 ], [ 104.6586, 9.815863 ], [ 104.658585, 9.811942 ], [ 104.656189, 9.80709 ] ] ], [ [ [ 106.491112, 9.846945 ], [ 106.491379, 9.848889 ], [ 106.495277, 9.848333 ], [ 106.49884, 9.844393 ], [ 106.50222, 9.839723 ], [ 106.504723, 9.834444 ], [ 106.503609, 9.831671 ], [ 106.498047, 9.83611 ], [ 106.49472, 9.840555 ], [ 106.491112, 9.846945 ] ] ], [ [ [ 106.49472, 9.86 ], [ 106.505554, 9.849721 ], [ 106.502777, 9.849443 ], [ 106.488609, 9.86361 ], [ 106.478333, 9.872221 ], [ 106.470558, 9.879166 ], [ 106.456108, 9.89444 ], [ 106.458611, 9.895833 ], [ 106.46167, 9.893057 ], [ 106.463058, 9.892501 ], [ 106.477501, 9.880002 ], [ 106.483063, 9.874441 ], [ 106.483612, 9.873055 ], [ 106.491112, 9.865279 ], [ 106.49472, 9.86 ] ] ], [ [ [ 104.841316, 9.954838 ], [ 104.84127, 9.952437 ], [ 104.83638, 9.948406 ], [ 104.831871, 9.951211 ], [ 104.828445, 9.955159 ], [ 104.828758, 9.958867 ], [ 104.827507, 9.964845 ], [ 104.828423, 9.967684 ], [ 104.831215, 9.970429 ], [ 104.838173, 9.972341 ], [ 104.840149, 9.974921 ], [ 104.843933, 9.974458 ], [ 104.850197, 9.977569 ], [ 104.855003, 9.978062 ], [ 104.857292, 9.976295 ], [ 104.857224, 9.973611 ], [ 104.852989, 9.973262 ], [ 104.849167, 9.971391 ], [ 104.845619, 9.967158 ], [ 104.844032, 9.960852 ], [ 104.841316, 9.954838 ] ] ], [ [ [ 104.543892, 10.028889 ], [ 104.54528, 10.033333 ], [ 104.547775, 10.036111 ], [ 104.55278, 10.037777 ], [ 104.556946, 10.034445 ], [ 104.561386, 10.027777 ], [ 104.561943, 10.024444 ], [ 104.56028, 10.016666 ], [ 104.555, 10.014168 ], [ 104.550552, 10.014444 ], [ 104.543892, 10.028889 ] ] ], [ [ [ 104.547775, 10.140277 ], [ 104.549934, 10.146326 ], [ 104.55291, 10.144448 ], [ 104.550835, 10.139167 ], [ 104.547775, 10.140277 ] ] ], [ [ [ 104.554993, 10.14806 ], [ 104.549446, 10.15139 ], [ 104.551941, 10.153061 ], [ 104.554993, 10.14806 ] ] ], [ [ [ 104.590538, 10.152762 ], [ 104.586632, 10.15175 ], [ 104.587219, 10.154722 ], [ 104.590538, 10.152762 ] ] ], [ [ [ 104.58139, 10.155556 ], [ 104.580826, 10.1525 ], [ 104.576668, 10.152222 ], [ 104.57222, 10.15361 ], [ 104.572502, 10.156388 ], [ 104.578331, 10.156944 ], [ 104.58139, 10.155556 ] ] ] ] } }
]
}
