{"type":"FeatureCollection","features":[{"type":"Feature","id":"204","properties":{"area_code":"204","provinces":["MB"]},"geometry":{"type":"Polygon","coordinates":[[[-88.98649,56.84705],[-89.96327,57.00766],[-90.43486,57.19299],[-90.88849,57.26633],[-91.16328,57.24753],[-91.96925,57.05505],[-92.1231,57.04955],[-92.21707,57.07275],[-92.4432,57.04727],[-92.73543,56.92519],[-92.75858,56.94392],[-92.54542,57.09958],[-92.44999,57.23494],[-92.42614,57.36369],[-92.50255,57.52516],[-92.72844,57.79967],[-92.84833,58.1354],[-93.1091,58.47636],[-93.16321,58.72315],[-93.20844,58.76532],[-93.33221,58.75781],[-93.40597,58.69887],[-93.46622,58.71304],[-93.50282,58.76442],[-93.65744,58.76587],[-93.72505,58.79142],[-93.74242,58.7711],[-94.0216,58.76448],[-94.17151,58.77456],[-94.21255,58.79615],[-94.28886,58.77252],[-94.36656,58.70543],[-94.42082,58.70393],[-94.46294,58.7345],[-94.47516,58.78361],[-94.60542,58.88055],[-94.59511,58.94066],[-94.78591,59.02112],[-94.79687,59.19898],[-94.71419,59.37986],[-94.83301,59.60074],[-94.83197,59.70355],[-94.77305,59.78756],[-94.83327,59.88252],[-94.82287,60.0],[-102.0,60.0],[-102.0,55.8128],[-101.95087,55.81404],[-101.95537,55.46326],[-101.9145,55.46192],[-101.92017,55.11171],[-101.87976,55.10912],[-101.85031,54.41499],[-101.81115,54.41406],[-101.81122,54.06423],[-101.76825,54.06443],[-101.7703,53.71016],[-101.74091,53.71032],[-101.73668,53.36456],[-101.70221,53.36435],[-101.67067,52.66701],[-101.63678,52.66721],[-101.60844,51.96913],[-101.57756,51.96854],[-101.57046,51.30189],[-101.53917,51.30172],[-101.53806,50.94815],[-101.50855,50.94821],[-101.50927,50.59327],[-101.4753,50.59421],[-101.47744,50.24023],[-101.44605,50.24053],[-101.44815,49.88723],[-101.41926,49.88711],[-101.41865,49.5327],[-101.39251,49.5176],[-101.36248,49.00008],[-95.23172,49.00002],[-95.21718,49.02755],[-95.27633,49.05701],[-95.29167,49.10437],[-95.27665,49.14011],[-95.21329,49.17404],[-95.15307,49.17468],[-95.15315,52.84057],[-93.62955,53.7502],[-88.98649,56.84705]]]}},{"type":"Feature","id":"250","properties":{"area_code":"250","provinces":["BC"]},"geometry":{"type":"MultiPolygon","coordinates":[[[[-122.09058,51.49935],[-123.96734,50.20041],[-123.98776,50.20689],[-123.80283,50.09216],[-124.00845,49.99808],[-123.96122,49.90515],[-123.90366,49.87887],[-123.93089,49.83774],[-123.99972,49.81161],[-124.03299,49.91692],[-124.07741,49.86643],[-124.0484,49.84149],[-124.09149,49.83756],[-124.1018,49.79812],[-124.2965,49.76259],[-124.39674,49.76642],[-124.52653,49.80435],[-124.55634,49.87191],[-124.75185,49.96336],[-124.83756,50.05151],[-124.70099,50.09871],[-124.72449,50.12764],[-124.63153,50.16102],[-124.60841,50.19305],[-124.63289,50.29301],[-124.70884,50.32129],[-124.66669,50.38959],[-124.5218,50.39821],[-124.41773,50.43818],[-124.41173,50.46711],[-124.54176,50.42192],[-124.66156,50.437],[-124.71206,50.3734],[-124.82973,50.30675],[-124.96179,50.33747],[-124.9404,50.37675],[-124.9998,50.44597],[-124.96883,50.3783],[-125.05478,50.31539],[-125.07972,50.32552],[-125.0502,50.4809],[-124.96969,50.5005],[-124.85963,50.59859],[-124.8333,50.73498],[-124.91264,50.80391],[-124.79053,50.8991],[-124.82478,50.93143],[-124.85432,50.93031],[-124.91211,50.83659],[-124.95525,50.83209],[-124.98177,50.79734],[-124.8896,50.73178],[-124.92916,50.67152],[-124.89889,50.64012],[-124.91808,50.60182],[-124.98904,50.56863],[-124.99161,50.5378],[-125.10789,50.50036],[-125.11381,50.43054],[-125.18288,50.4077],[-125.37354,50.50538],[-125.43609,50.44913],[-125.59315,50.44925],[-125.52243,50.55175],[-125.52851,50.63416],[-125.44991,50.69405],[-125.52793,50.6739],[-125.56787,50.5818],[-125.55044,50.54959],[-125.61734,50.45042],[-125.70364,50.42212],[-125.81616,50.50042],[-125.93209,50.47117],[-126.27092,50.50769],[-126.12605,50.59312],[-125.95891,50.62246],[-125.97448,50.64237],[-126.18951,50.5802],[-126.24001,50.58371],[-126.2751,50.63026],[-125.7017,50.68728],[-125.6657,50.75055],[-125.61592,50.75892],[-125.59114,50.7955],[-125.647,50.85203],[-125.61416,50.87474],[-125.53754,50.87804],[-125.50427,50.93188],[-125.53841,51.04355],[-125.58922,51.08197],[-125.64011,51.09007],[-125.59085,51.0363],[-125.59152,50.96574],[-125.5448,50.93732],[-125.57102,50.90242],[-125.68494,50.87502],[-125.6815,50.8178],[-125.64338,50.78759],[-125.72231,50.74538],[-125.71055,50.71746],[-125.95802,50.68523],[-126.01387,50.70313],[-126.1236,50.67077],[-126.17784,50.66942],[-126.19764,50.68896],[-126.11923,50.76911],[-126.18741,50.78197],[-126.20388,50.81047],[-126.16773,50.84084],[-126.3277,50.85068],[-126.47551,50.81381],[-126.56648,50.83363],[-126.54849,50.89768],[-126.46361,50.92352],[-126.19754,50.90524],[-126.18658,50.9267],[-126.46109,50.94398],[-126.5157,51.03787],[-126.54788,51.01177],[-126.51157,50.94139],[-126.66607,50.86654],[-126.83947,50.91407],[-126.73742,50.93023],[-126.81271,50.95627],[-126.85248,50.94704],[-126.90882,50.89476],[-127.08444,50.92182],[-127.14512,50.91078],[-126.89598,50.88454],[-127.0198,50.81746],[-127.2651,50.90868],[-127.408,50.927],[-127.52494,51.01377],[-127.49855,51.09855],[-127.40021,51.04629],[-127.3056,51.02654],[-127.30355,51.04366],[-126.77518,51.06768],[-126.6587,51.14201],[-126.67482,51.15426],[-126.82811,51.07575],[-127.01496,51.08388],[-127.15583,51.05321],[-127.31057,51.05888],[-127.33901,51.03806],[-127.41716,51.06927],[-127.38601,51.09383],[-127.50438,51.10785],[-127.65724,51.08698],[-127.68307,51.1333],[-127.72476,51.13703],[-127.78811,51.19815],[-127.76495,51.24928],[-127.60203,51.28384],[-127.58081,51.26197],[-127.46909,51.26488],[-127.45445,51.28293],[-127.15435,51.32109],[-127.16467,51.34297],[-127.32572,51.30017],[-127.53086,51.3234],[-127.52453,51.34238],[-127.77029,51.32697],[-127.79227,51.35683],[-127.7202,51.40119],[-127.65525,51.39481],[-127.5211,51.51345],[-127.5048,51.62324],[-127.26568,51.66667],[-127.26222,51.68497],[-127.33537,51.69269],[-127.54807,51.63814],[-127.63881,51.52854],[-127.73004,51.52184],[-127.79961,51.58066],[-127.71385,51.61643],[-127.76089,51.64567],[-127.79206,51.62315],[-127.8771,51.66989],[-127.89201,51.8271],[-127.86268,51.86613],[-127.88624,51.88364],[-127.80197,51.9366],[-127.66787,51.9512],[-127.60714,52.12169],[-127.49109,52.15727],[-127.4743,52.0998],[-127.55463,52.10531],[-127.55421,52.08977],[-127.45665,52.07976],[-127.4361,52.13739],[-127.46162,52.19108],[-127.2973,52.23237],[-127.15292,52.31697],[-127.00615,52.30133],[-126.92713,52.18859],[-126.83821,52.149],[-126.68674,52.01898],[-126.67282,52.04262],[-126.75051,52.11414],[-126.9006,52.19679],[-126.96536,52.31214],[-126.8821,52.36177],[-126.78597,52.37253],[-126.79679,52.40005],[-126.96226,52.36361],[-126.98091,52.33548],[-127.07825,52.33304],[-127.16383,52.34329],[-127.20104,52.43831],[-127.23177,52.44571],[-127.22658,52.53696],[-127.09975,52.60566],[-127.00236,52.62551],[-126.91576,52.72216],[-126.95396,52.80385],[-127.07512,52.86484],[-126.99684,52.81389],[-126.96833,52.71687],[-127.0379,52.6426],[-127.25558,52.54282],[-127.26203,52.47345],[-127.34569,52.41748],[-127.42832,52.42677],[-127.53643,52.52089],[-127.43417,52.4133],[-127.48862,52.33821],[-127.60626,52.31524],[-127.63521,52.2832],[-127.67124,52.29406],[-127.785,52.2678],[-127.85396,52.20743],[-127.8985,52.22475],[-127.93237,52.31743],[-128.03493,52.32923],[-128.07469,52.45941],[-128.03959,52.46608],[-128.01404,52.52915],[-128.09144,52.52083],[-128.28994,52.25814],[-128.35829,52.2662],[-128.33948,52.3718],[-128.25278,52.40816],[-128.22767,52.44877],[-128.24335,52.57151],[-128.11305,52.75967],[-128.12642,52.82961],[-128.15987,52.86024],[-128.24082,52.79958],[-128.43223,52.81453],[-128.49835,52.88383],[-128.52377,53.03202],[-128.57923,53.12832],[-128.611,53.16415],[-128.84711,53.26766],[-128.88642,53.3072],[-128.88538,53.41114],[-128.97291,53.49631],[-128.9669,53.55024],[-128.86779,53.52995],[-128.80786,53.56443],[-128.75694,53.48446],[-128.65723,53.47521],[-128.56814,53.41579],[-128.53527,53.42795],[-128.59294,53.45599],[-128.58676,53.47728],[-128.74954,53.54006],[-128.83538,53.64947],[-128.78314,53.72072],[-128.80821,53.76985],[-128.67819,53.85278],[-128.48696,53.82655],[-128.49582,53.84688],[-128.5711,53.84301],[-128.7076,53.87667],[-128.64931,54.00452],[-128.69318,54.00189],[-128.73057,53.92248],[-128.84715,53.85864],[-128.87336,53.81443],[-128.92756,53.78678],[-128.96009,53.79849],[-128.97517,53.76858],[-129.11729,53.71789],[-129.23151,53.63086],[-129.29465,53.64909],[-129.29784,53.62991],[-129.24016,53.61352],[-129.23439,53.46027],[-129.29099,53.39646],[-129.28087,53.36262],[-129.64637,53.56643],[-129.75751,53.66466],[-129.72942,53.69139],[-130.07239,53.89174],[-130.10911,53.94982],[-130.08263,54.1145],[-130.1779,54.1786],[-130.28787,54.21185],[-130.23161,54.26792],[-130.25376,54.31986],[-130.28605,54.35003],[-130.46352,54.33708],[-130.48196,54.36863],[-130.48377,54.43882],[-130.38858,54.45466],[-130.45081,54.52864],[-130.43638,54.55685],[-130.3842,54.56138],[-130.45621,54.61288],[-130.43128,54.6373],[-130.39462,54.62086],[-130.17318,54.43696],[-130.29157,54.57341],[-130.39245,54.63137],[-130.36935,54.68067],[-130.2404,54.70946],[-130.20837,54.73163],[-130.16942,54.81518],[-130.05613,54.8922],[-130.13658,54.84691],[-130.16114,54.86653],[-130.00861,54.97645],[-129.98759,55.05899],[-129.80674,55.26871],[-129.75477,55.28105],[-129.66439,55.43203],[-129.51693,55.45116],[-129.6356,55.45769],[-129.7107,55.41362],[-129.76726,55.54946],[-129.81093,55.57488],[-129.76729,55.47305],[-129.81574,55.28984],[-130.03414,55.02998],[-130.11411,54.99062],[-130.16587,55.0797],[-130.12946,55.1479],[-129.94368,55.28789],[-130.00304,55.33611],[-130.02412,55.46109],[-130.11045,55.56629],[-130.0863,55.687],[-130.13256,55.71747],[-130.13344,55.76546],[-129.99572,55.89914],[-130.00214,56.00661],[-130.1037,56.12202],[-130.24124,56.09581],[-130.41972,56.13888],[-130.46511,56.24147],[-130.65624,56.28339],[-130.78139,56.36806],[-131.0872,56.40635],[-131.58175,56.61237],[-131.83363,56.59878],[-131.90184,56.75436],[-131.87076,56.80625],[-132.12115,56.8669],[-132.04593,57.04404],[-132.36931,57.09142],[-132.24462,57.21201],[-132.56358,57.50683],[-132.86807,57.84459],[-133.06954,58.00005],[-133.1724,58.15164],[-133.46127,58.38987],[-133.3818,58.43255],[-133.69947,58.60911],[-133.84133,58.73015],[-134.25643,58.85907],[-134.33738,58.92034],[-134.31228,58.96139],[-134.40761,58.97845],[-134.38537,59.0414],[-134.48478,59.13339],[-134.5698,59.1335],[-134.67795,59.1928],[-134.6993,59.24839],[-134.95894,59.28109],[-135.0302,59.34835],[-134.98925,59.38788],[-135.09753,59.427],[-135.02799,59.4763],[-135.02771,59.56392],[-135.22181,59.66415],[-135.23471,59.69595],[-135.47901,59.79861],[-135.94569,59.66362],[-136.35571,59.60067],[-136.24141,59.5591],[-136.23629,59.52671],[-136.30144,59.46584],[-136.39774,59.44718],[-136.47625,59.46419],[-136.46749,59.28456],[-136.58199,59.16554],[-136.82467,59.1598],[-137.28841,58.99948],[-137.44656,58.90866],[-137.52673,58.9066],[-137.49931,58.98314],[-137.60207,59.24073],[-138.60543,59.75769],[-138.70579,59.90624],[-139.0522,60.00004],[-138.5,60.0],[-123.78932,60.00003],[-120.0,60.0],[-119.99999,53.80623],[-119.94234,53.77586],[-119.88824,53.77948],[-119.90798,53.7106],[-119.79738,53.70777],[-119.71341,53.61458],[-119.74873,53.59337],[-119.9027,53.62016],[-119.86226,53.54851],[-119.89948,53.51913],[-119.85386,53.49993],[-119.83016,53.51473],[-119.72542,53.38875],[-119.6689,53.36783],[-119.40608,53.36809],[-119.23272,53.18177],[-119.14601,53.19118],[-119.04688,53.14491],[-118.99942,53.19276],[-119.02383,53.23195],[-118.94744,53.23894],[-118.78652,53.15922],[-118.73234,53.11925],[-118.75906,53.06578],[-118.65535,53.0348],[-118.64077,52.99933],[-118.66977,52.98342],[-118.61342,52.93601],[-118.61383,52.88372],[-118.50014,52.90638],[-118.44828,52.88529],[-118.44446,52.85223],[-118.40317,52.85076],[-118.42241,52.77579],[-118.34282,52.73856],[-118.34329,52.70889],[-118.29014,52.67769],[-118.35449,52.63368],[-118.33257,52.58017],[-118.27278,52.56596],[-118.28915,52.53849],[-118.19335,52.47782],[-118.25534,52.44954],[-118.21277,52.37034],[-118.13805,52.4075],[-118.04417,52.39846],[-118.0529,52.44956],[-117.98798,52.50024],[-117.88693,52.42609],[-117.7665,52.41769],[-117.7058,52.36534],[-117.83958,52.27413],[-117.81832,52.22635],[-117.66353,52.19789],[-117.61126,52.14426],[-117.52312,52.15825],[-117.38126,52.13772],[-117.33404,52.14864],[-117.3173,52.19404],[-117.30506,52.07431],[-117.19722,51.98013],[-117.10318,51.95652],[-117.01946,51.89136],[-117.03432,51.85981],[-116.92057,51.7098],[-116.80974,51.70535],[-116.8186,51.73556],[-116.74423,51.80661],[-116.68208,51.81215],[-116.58118,51.69728],[-116.59502,51.66183],[-116.47141,51.60468],[-116.45293,51.56055],[-116.39089,51.54559],[-116.3606,51.47087],[-116.29243,51.4618],[-116.28247,51.40684],[-116.31143,51.38496],[-116.26802,51.31193],[-116.16413,51.29779],[-116.15913,51.27581],[-116.0076,51.22201],[-116.00002,51.19395],[-116.03684,51.17005],[-115.92361,51.08311],[-115.78923,51.07242],[-115.76704,51.03939],[-115.64883,50.99752],[-115.58418,50.91575],[-115.64893,50.87415],[-115.64298,50.84221],[-115.57814,50.8405],[-115.55087,50.79707],[-115.48111,50.75518],[-115.43628,50.75573],[-115.39122,50.70645],[-115.31512,50.72583],[-115.29363,50.61111],[-115.23965,50.5892],[-115.23098,50.54488],[-115.19092,50.5351],[-115.17355,50.56759],[-115.08527,50.58975],[-115.0137,50.57086],[-114.85689,50.39252],[-114.76622,50.35074],[-114.79761,50.32612],[-114.72467,50.19018],[-114.73326,50.11861],[-114.66637,50.05094],[-114.65744,49.9684],[-114.68331,49.96706],[-114.69179,49.89629],[-114.63993,49.82772],[-114.65914,49.76508],[-114.63312,49.73408],[-114.66839,49.70388],[-114.66282,49.64372],[-114.74648,49.61851],[-114.73259,49.57638],[-114.69098,49.55403],[-114.5736,49.55746],[-114.59843,49.41256],[-114.56693,49.37688],[-114.48762,49.34732],[-114.44794,49.26437],[-114.39349,49.25719],[-114.40212,49.21327],[-114.1749,49.16355],[-114.15315,49.09951],[-114.05376,49.02654],[-114.06833,48.99885],[-114.76351,49.00002],[-120.92891,49.00001],[-122.09058,51.49935]]],[[[-128.4298,50.78629],[-128.32818,50.80576],[-128.24904,50.80337],[-128.09704,50.86833],[-127.90614,50.8748],[-127.48803,50.76702],[-127.48286,50.71594],[-127.40961,50.74755],[-127.42543,50.70471],[-127.19299,50.61002],[-127.12976,50.61282],[-127.12363,50.58943],[-126.98002,50.58045],[-126.96814,50.56014],[-126.75333,50.53399],[-126.58822,50.48073],[-126.13949,50.45923],[-125.94516,50.39073],[-125.7223,50.35651],[-125.57971,50.36817],[-125.44653,50.33402],[-125.37338,50.11355],[-125.27136,50.06929],[-125.1839,49.91561],[-124.85976,49.70109],[-124.89816,49.6686],[-124.96986,49.66264],[-124.9092,49.62567],[-124.79373,49.46454],[-124.68532,49.44856],[-124.57994,49.38249],[-124.36455,49.35369],[-124.25316,49.30572],[-124.17966,49.30598],[-124.13719,49.28998],[-124.16917,49.25331],[-123.948,49.22344],[-123.96931,49.20642],[-123.92131,49.1582],[-123.81971,49.13608],[-123.74765,49.04194],[-123.78662,49.01863],[-123.73726,48.93717],[-123.59237,48.84822],[-123.56455,48.78088],[-123.60531,48.7556],[-123.53491,48.69391],[-123.55263,48.64883],[-123.50794,48.55237],[-123.46479,48.59032],[-123.47617,48.69543],[-123.4392,48.69905],[-123.39625,48.67593],[-123.41029,48.62832],[-123.37441,48.59204],[-123.36467,48.51474],[-123.27574,48.46388],[-123.29844,48.41205],[-123.35091,48.40525],[-123.44756,48.45264],[-123.56068,48.30893],[-123.63128,48.33488],[-123.6499,48.31366],[-123.71636,48.34759],[-123.70147,48.37466],[-123.66229,48.36351],[-123.63422,48.388],[-123.70645,48.38264],[-123.73507,48.35385],[-123.76241,48.37145],[-123.82104,48.35707],[-124.45871,48.53218],[-124.41119,48.5756],[-124.49808,48.54274],[-124.71618,48.59409],[-124.81497,48.66154],[-125.09912,48.72147],[-125.13341,48.77251],[-125.19155,48.7969],[-125.08021,48.88005],[-125.00922,48.90226],[-125.01835,48.94386],[-124.85903,49.00406],[-124.83874,49.04309],[-124.86055,49.06894],[-124.91146,48.98493],[-125.05013,48.99817],[-125.11001,48.97331],[-125.14754,49.02273],[-125.24309,48.94437],[-125.34851,49.04084],[-125.36891,48.99809],[-125.50959,48.92177],[-125.55775,48.95796],[-125.57304,48.94027],[-125.74948,49.06853],[-125.82742,49.06611],[-125.87671,49.08945],[-125.88363,49.12525],[-125.75191,49.10454],[-125.65458,49.17589],[-125.68797,49.18083],[-125.7265,49.14329],[-125.77275,49.15554],[-125.74529,49.18498],[-125.75279,49.25645],[-125.78559,49.23948],[-125.81352,49.25415],[-125.80038,49.29962],[-125.91989,49.27718],[-125.96718,49.22852],[-126.02407,49.26219],[-126.00244,49.30506],[-125.95535,49.30232],[-125.93138,49.36356],[-126.0019,49.32015],[-126.05912,49.34115],[-126.07684,49.43804],[-126.17253,49.39802],[-126.22577,49.40415],[-126.24132,49.45382],[-126.25638,49.35672],[-126.40184,49.41089],[-126.43231,49.44658],[-126.48858,49.43108],[-126.47564,49.37813],[-126.53953,49.37994],[-126.56492,49.40448],[-126.56591,49.57939],[-126.5007,49.60508],[-126.478,49.64365],[-126.37472,49.6291],[-126.10485,49.65844],[-126.10428,49.67786],[-126.34832,49.64463],[-126.4413,49.65294],[-126.49927,49.68639],[-126.49577,49.71279],[-126.59178,49.69702],[-126.65444,49.85494],[-126.74981,49.87295],[-126.802,49.94898],[-126.82621,49.88074],[-127.01428,49.84984],[-127.14082,49.85755],[-127.24051,49.96371],[-127.1586,50.01666],[-127.23349,50.0106],[-127.28123,49.97265],[-127.32243,50.00505],[-127.29099,50.03958],[-127.17182,50.03887],[-127.17432,50.0735],[-127.30707,50.16041],[-127.30641,50.12689],[-127.26508,50.1184],[-127.27466,50.06422],[-127.35105,50.02105],[-127.43609,50.04404],[-127.47763,50.11488],[-127.51512,50.12316],[-127.45746,50.16477],[-127.47984,50.17517],[-127.60673,50.11479],[-127.67334,50.15053],[-127.8085,50.07973],[-127.91501,50.11285],[-127.75579,50.2383],[-127.85443,50.28121],[-127.8049,50.30346],[-127.85781,50.31287],[-127.87446,50.34422],[-127.95007,50.31916],[-127.98972,50.34487],[-127.93277,50.41797],[-127.93629,50.46468],[-127.80984,50.45707],[-127.77078,50.48284],[-127.58346,50.49004],[-127.49917,50.40295],[-127.48184,50.41866],[-127.6451,50.53691],[-127.97679,50.46978],[-128.00969,50.46979],[-128.03175,50.50025],[-128.05474,50.489],[-128.02951,50.4624],[-128.05871,50.45212],[-128.20703,50.52924],[-128.22588,50.58558],[-128.30346,50.60872],[-128.30944,50.66532],[-128.37258,50.67487],[-128.36325,50.70173],[-128.4298,50.78629]]],[[[-133.07813,54.18231],[-132.82026,54.12735],[-132.66889,54.15367],[-132.58241,54.11984],[-132.56646,54.0527],[-132.65193,54.00241],[-132.6643,53.94663],[-132.59083,53.97795],[-132.56091,54.04237],[-132.43342,54.10032],[-132.31402,54.11358],[-132.23828,54.06953],[-132.23526,54.02737],[-132.17817,54.0166],[-132.1069,53.88831],[-132.12792,53.84372],[-132.25964,53.76468],[-132.40888,53.74564],[-132.58524,53.66985],[-132.53856,53.6508],[-132.35373,53.67513],[-132.45905,53.6183],[-132.40233,53.6094],[-132.31394,53.61445],[-132.34619,53.6643],[-132.31836,53.67633],[-132.22457,53.66811],[-132.16001,53.70771],[-132.1396,53.75179],[-132.09034,53.90293],[-132.16633,54.04054],[-131.99483,54.02847],[-131.89326,54.04689],[-131.78515,54.07632],[-131.65807,54.15357],[-131.70804,53.97729],[-131.88471,53.77024],[-131.87444,53.70876],[-131.95591,53.51275],[-131.91206,53.43196],[-131.92606,53.35835],[-132.00219,53.24472],[-132.09033,53.25476],[-132.24614,53.2179],[-132.1369,53.19525],[-132.13372,53.17753],[-132.23334,53.14541],[-132.29947,53.15487],[-132.36064,53.15334],[-132.45884,53.1353],[-132.5514,53.16802],[-132.61696,53.24986],[-132.71596,53.26338],[-132.70473,53.28429],[-132.62827,53.29119],[-132.63288,53.32507],[-132.72526,53.32544],[-132.7208,53.37687],[-132.54087,53.36572],[-132.48329,53.32226],[-132.41198,53.32076],[-132.43248,53.3478],[-132.52897,53.3877],[-132.53237,53.41512],[-132.75917,53.45586],[-132.72971,53.49085],[-132.88991,53.46695],[-132.85072,53.52191],[-132.93726,53.51645],[-132.93396,53.55452],[-132.9754,53.5571],[-132.97993,53.59447],[-132.9289,53.61661],[-132.97644,53.68396],[-132.93061,53.70468],[-132.99433,53.71398],[-132.99402,53.74695],[-133.11274,53.77739],[-133.12827,53.79788],[-133.08175,53.82246],[-133.15428,53.91373],[-133.11878,54.00049],[-133.05035,54.04539],[-133.10006,54.12282],[-133.05154,54.16062],[-133.07813,54.18231]]],[[[-132.57055,53.09671],[-132.39315,53.10387],[-132.39211,53.12763],[-132.30174,53.15319],[-132.23153,53.13934],[-132.12298,53.14848],[-131.91795,53.23899],[-131.80272,53.25369],[-131.77727,53.15851],[-131.6452,53.10889],[-131.63046,53.04441],[-131.80565,53.06802],[-131.95523,53.03717],[-131.96219,53.01401],[-131.90167,52.95272],[-131.92899,52.9035],[-131.85215,52.87039],[-131.8512,52.83325],[-131.81355,52.79645],[-131.77339,52.80174],[-131.82732,52.7148],[-131.73257,52.68428],[-131.63373,52.55841],[-131.65241,52.53778],[-131.4786,52.50619],[-131.4674,52.46319],[-131.41646,52.45439],[-131.42871,52.42617],[-131.36281,52.37573],[-131.33174,52.29602],[-131.26502,52.28511],[-131.17452,52.32212],[-131.13717,52.31513],[-131.08599,52.24669],[-131.15796,52.2415],[-131.08194,52.21502],[-131.0205,52.22918],[-131.01487,52.18145],[-131.14237,52.16149],[-131.15432,52.12761],[-131.19358,52.12139],[-131.2186,52.15805],[-131.27155,52.13485],[-131.35023,52.20844],[-131.39059,52.19524],[-131.50693,52.3127],[-131.55434,52.32465],[-131.59975,52.38238],[-131.56637,52.40973],[-131.61312,52.41783],[-131.65508,52.47336],[-131.78259,52.51153],[-132.10829,52.73479],[-132.01432,52.78335],[-131.95739,52.75157],[-131.97051,52.79481],[-132.02648,52.79863],[-132.0726,52.85191],[-132.06163,52.79091],[-132.14897,52.75242],[-132.18327,52.79072],[-132.23574,52.80093],[-132.26397,52.84033],[-132.23519,52.86145],[-132.36558,52.92913],[-132.35706,52.94734],[-132.15693,52.97817],[-132.27241,53.02067],[-132.43791,53.0427],[-132.49759,53.0273],[-132.57055,53.09671]]],[[[-129.03629,53.30803],[-128.92223,53.28895],[-128.69811,53.16554],[-128.63765,53.15687],[-128.57573,53.09382],[-128.52626,52.89107],[-128.58789,52.7304],[-128.56991,52.68646],[-128.59413,52.62703],[-128.63265,52.61245],[-128.75988,52.60651],[-128.75595,52.76563],[-128.65578,52.90055],[-128.66106,52.97049],[-128.67786,52.90806],[-128.7186,52.89462],[-128.77343,52.80158],[-128.79131,52.73371],[-128.76165,52.67097],[-128.8106,52.68929],[-128.89443,52.65511],[-129.00655,52.7023],[-129.10314,52.78497],[-129.13737,52.92599],[-129.1966,52.94986],[-129.20094,52.99819],[-129.18307,53.06741],[-129.0822,53.09703],[-129.09248,53.19066],[-129.04851,53.2088],[-129.08637,53.29293],[-129.03629,53.30803]]],[[[-130.11141,53.88252],[-129.82479,53.70985],[-129.70616,53.59972],[-129.43654,53.42462],[-129.48109,53.33856],[-129.46919,53.29385],[-129.51235,53.2583],[-129.48782,53.2295],[-129.58578,53.21161],[-129.67224,53.31107],[-129.83269,53.38747],[-129.86258,53.45047],[-129.90554,53.45981],[-129.87901,53.54594],[-129.95617,53.57845],[-130.00883,53.56479],[-130.06192,53.59807],[-130.10403,53.69934],[-130.20586,53.72138],[-130.22182,53.81324],[-130.27291,53.81944],[-130.29441,53.85226],[-130.22377,53.90672],[-130.11141,53.88252]]],[[[-130.46512,53.63769],[-130.10753,53.51431],[-129.90554,53.39182],[-129.75298,53.21342],[-129.78241,53.16596],[-129.86202,53.18754],[-129.96176,53.17019],[-130.09435,53.26707],[-130.10183,53.30741],[-130.22472,53.37576],[-130.31048,53.38763],[-130.41476,53.46685],[-130.38812,53.50463],[-130.4879,53.51547],[-130.54811,53.55137],[-130.53522,53.62663],[-130.46512,53.63769]]],[[[-127.29642,52.41142],[-127.27567,52.43834],[-127.23056,52.41855],[-127.24963,52.39129],[-127.19634,52.35398],[-127.26513,52.28672],[-127.43789,52.24165],[-127.51748,52.18435],[-127.56773,52.18533],[-127.57216,52.15356],[-127.64095,52.1343],[-127.66764,52.09657],[-127.71395,51.96452],[-127.87495,51.93372],[-127.90154,52.00332],[-127.89003,52.04645],[-127.84535,52.05434],[-127.87872,52.08062],[-127.82343,52.10376],[-127.8581,52.12223],[-127.84429,52.1678],[-127.76536,52.24616],[-127.61422,52.26705],[-127.45047,52.3332],[-127.44193,52.37744],[-127.29642,52.41142]]],[[[-126.92422,49.82952],[-126.78797,49.88556],[-126.74556,49.85089],[-126.71955,49.86681],[-126.67126,49.85594],[-126.61274,49.6647],[-126.62939,49.59371],[-126.67785,49.58118],[-126.82668,49.61839],[-126.84023,49.65667],[-126.90113,49.6778],[-126.95414,49.72534],[-126.90831,49.76055],[-126.8632,49.76236],[-126.97084,49.81667],[-126.95732,49.83737],[-126.92422,49.82952]]],[[[-130.60043,54.0339],[-130.4378,54.09617],[-130.37863,54.08729],[-130.24186,53.98751],[-130.23113,53.95235],[-130.33743,53.87684],[-130.34373,53.82766],[-130.47855,53.83877],[-130.51074,53.86504],[-130.46852,53.88655],[-130.43376,53.95531],[-130.47241,53.8922],[-130.55136,53.89778],[-130.61116,53.94889],[-130.67956,53.93299],[-130.69893,53.89242],[-130.61153,53.85836],[-130.70332,53.84552],[-130.72211,53.9405],[-130.60043,54.0339]]],[[[-129.2673,52.82515],[-128.92826,52.60628],[-128.95539,52.46894],[-129.02286,52.53046],[-129.04676,52.51482],[-129.13644,52.55757],[-129.22787,52.64981],[-129.3034,52.75602],[-129.2673,52.82515]]],[[[-126.3442,50.8247],[-126.22892,50.8223],[-126.21295,50.77022],[-126.15611,50.75621],[-126.25833,50.6986],[-126.26843,50.65515],[-126.55905,50.64456],[-126.59267,50.66056],[-126.56242,50.73921],[-126.3442,50.8247]]],[[[-129.18105,53.61866],[-128.96813,53.70681],[-128.83688,53.71213],[-128.88874,53.65572],[-128.89451,53.55841],[-128.99481,53.56929],[-129.10304,53.49248],[-129.08052,53.45339],[-129.14929,53.41488],[-129.18105,53.61866]]],[[[-128.10966,52.07118],[-127.95092,52.06406],[-127.94655,52.00236],[-127.97287,51.91738],[-128.08003,51.78805],[-128.11279,51.88023],[-128.20135,51.86005],[-128.24451,51.88795],[-128.19231,51.91312],[-128.20454,51.96435],[-128.15385,52.04014],[-128.10966,52.07118]]],[[[-128.09806,51.65623],[-127.95636,51.64675],[-127.91502,51.60863],[-127.8764,51.44943],[-127.90925,51.42445],[-128.00383,51.47818],[-128.03749,51.46314],[-128.08647,51.48036],[-128.15078,51.60375],[-128.1005,51.68815],[-128.09806,51.65623]]],[[[-124.60569,49.80306],[-124.55497,49.7582],[-124.35645,49.70806],[-124.1243,49.4953],[-124.4361,49.6202],[-124.52099,49.691],[-124.62029,49.72179],[-124.63356,49.80001],[-124.60569,49.80306]]],[[[-128.54766,52.67643],[-128.4663,52.47723],[-128.506,52.43013],[-128.6726,52.49213],[-128.76419,52.4849],[-128.82463,52.52434],[-128.80725,52.5524],[-128.74122,52.51435],[-128.70972,52.53638],[-128.71313,52.56307],[-128.75242,52.5613],[-128.74998,52.5956],[-128.58274,52.59889],[-128.54766,52.67643]]],[[[-130.24206,53.79247],[-130.23105,53.72555],[-130.12202,53.69287],[-130.12201,53.62299],[-130.07778,53.56342],[-130.32632,53.61669],[-130.40872,53.67361],[-130.30743,53.74304],[-130.31212,53.7967],[-130.24206,53.79247]]],[[[-125.38105,50.27933],[-125.25182,50.30851],[-125.14117,50.20228],[-125.22398,50.11735],[-125.14756,50.01032],[-125.18639,49.99486],[-125.23586,50.08372],[-125.33384,50.13794],[-125.32511,50.17772],[-125.37015,50.2445],[-125.31649,50.24513],[-125.38105,50.27933]]],[[[-131.87811,53.03839],[-131.66178,52.99895],[-131.60572,52.96301],[-131.65884,52.88934],[-131.81269,52.86973],[-131.84873,52.89114],[-131.92967,52.9911],[-131.87811,53.03839]]],[[[-128.35257,52.78537],[-128.34654,52.73861],[-128.2878,52.67864],[-128.30261,52.63451],[-128.29208,52.52526],[-128.43666,52.54872],[-128.44927,52.62976],[-128.41169,52.74344],[-128.45114,52.75254],[-128.39033,52.80516],[-128.35257,52.78537]]],[[[-129.28721,53.31968],[-129.17232,53.28436],[-129.14969,53.2064],[-129.17454,53.17511],[-129.14011,53.11831],[-129.15202,53.09788],[-129.226,53.0907],[-129.32654,53.11221],[-129.34853,53.16286],[-129.34503,53.20723],[-129.25621,53.2694],[-129.28721,53.31968]]],[[[-130.15319,54.97548],[-130.28669,54.82655],[-130.442,54.77327],[-130.49257,54.82585],[-130.34451,54.90577],[-130.20101,55.03023],[-130.15319,54.97548]]],[[[-129.00484,53.52972],[-128.91884,53.38395],[-128.92868,53.32667],[-128.95605,53.31285],[-128.99643,53.33652],[-129.12521,53.31255],[-129.15292,53.33798],[-129.05335,53.4505],[-129.0656,53.49204],[-129.00484,53.52972]]],[[[-123.59504,48.94492],[-123.44329,48.85702],[-123.49969,48.85042],[-123.36659,48.77477],[-123.49727,48.71468],[-123.56263,48.76697],[-123.52214,48.79471],[-123.57238,48.82342],[-123.54789,48.86743],[-123.59011,48.89598],[-123.59504,48.94492]]],[[[-124.92034,50.30462],[-124.78986,50.28296],[-124.82577,50.24637],[-124.81778,50.21369],[-124.76265,50.19065],[-124.7511,50.15925],[-124.8098,50.11382],[-124.86199,50.12401],[-124.98066,50.24781],[-124.92034,50.30462]]],[[[-131.6286,52.72569],[-131.63621,52.70759],[-131.55498,52.70037],[-131.48817,52.73848],[-131.44058,52.68748],[-131.46335,52.62562],[-131.52004,52.61643],[-131.56592,52.64738],[-131.58438,52.62784],[-131.54631,52.59868],[-131.58347,52.58004],[-131.71937,52.69789],[-131.69007,52.73269],[-131.6286,52.72569]]],[[[-128.68933,52.48603],[-128.61969,52.44635],[-128.61608,52.33328],[-128.6907,52.28632],[-128.73343,52.31407],[-128.77234,52.4179],[-128.76552,52.47266],[-128.68933,52.48603]]],[[[-125.28186,50.44469],[-125.1333,50.33524],[-125.21572,50.29826],[-125.25956,50.3274],[-125.39556,50.29448],[-125.38038,50.35429],[-125.3089,50.33937],[-125.33211,50.38827],[-125.28186,50.44469]]],[[[-129.48642,53.19049],[-129.3958,53.08962],[-129.31683,53.04771],[-129.32231,52.9608],[-129.431,53.01225],[-129.4862,53.1022],[-129.56043,53.13151],[-129.5597,53.17181],[-129.48642,53.19049]]],[[[-128.23022,52.77842],[-128.1755,52.83088],[-128.14565,52.8258],[-128.24979,52.60071],[-128.29348,52.59228],[-128.27112,52.67404],[-128.33346,52.73423],[-128.32868,52.78254],[-128.23022,52.77842]]],[[[-126.18518,49.37421],[-126.10561,49.39295],[-126.05529,49.26492],[-126.10093,49.25183],[-126.21692,49.28293],[-126.22753,49.3931],[-126.18518,49.37421]]],[[[-126.58498,50.54566],[-126.35485,50.58345],[-126.29527,50.61162],[-126.20626,50.56515],[-126.24772,50.53843],[-126.43049,50.51287],[-126.60975,50.52399],[-126.67868,50.55023],[-126.58498,50.54566]]],[[[-130.89508,54.63481],[-130.75227,54.60471],[-130.76019,54.56816],[-130.93596,54.4664],[-130.97008,54.55262],[-130.93269,54.61449],[-130.89508,54.63481]]],[[[-128.15629,52.20809],[-128.13445,52.08701],[-128.19111,52.05841],[-128.18741,52.00994],[-128.25204,52.03091],[-128.27209,52.09857],[-128.24613,52.17804],[-128.15629,52.20809]]],[[[-126.73338,50.83994],[-126.70143,50.86076],[-126.66473,50.8403],[-126.61737,50.84891],[-126.53767,50.78192],[-126.7279,50.76974],[-126.7518,50.79354],[-126.77458,50.76757],[-126.83626,50.77837],[-126.91932,50.83256],[-126.73338,50.83994]]],[[[-125.00077,50.2389],[-124.89558,50.14091],[-124.91272,50.06385],[-124.99823,50.04911],[-124.98215,50.07869],[-125.05854,50.11873],[-124.97598,50.19445],[-125.00077,50.2389]]],[[[-131.04735,52.14487],[-131.04673,52.11828],[-130.93658,52.09347],[-130.9923,52.0584],[-131.07237,52.06262],[-131.00964,51.98343],[-131.04201,51.96416],[-131.08595,51.97991],[-131.13219,52.09987],[-131.11472,52.15189],[-131.04735,52.14487]]],[[[-128.13524,52.14795],[-128.00352,52.16965],[-127.92571,52.15724],[-127.88549,52.18471],[-127.889,52.12904],[-127.94239,52.07585],[-128.10213,52.09048],[-128.13524,52.14795]]],[[[-127.94351,52.2859],[-127.91619,52.16503],[-128.07713,52.18858],[-128.09247,52.2076],[-128.02802,52.2366],[-127.97865,52.3021],[-127.94351,52.2859]]],[[[-125.48849,50.42862],[-125.3794,50.46328],[-125.32605,50.44579],[-125.32573,50.42204],[-125.38537,50.36556],[-125.45204,50.34818],[-125.50933,50.37075],[-125.48849,50.42862]]],[[[-124.09258,49.77277],[-124.02083,49.78304],[-124.08602,49.65289],[-124.16231,49.66152],[-124.2027,49.7119],[-124.09258,49.77277]]],[[[-124.69105,50.29127],[-124.6426,50.23411],[-124.70975,50.16203],[-124.81406,50.23458],[-124.7425,50.30764],[-124.69105,50.29127]]],[[[-128.10911,52.43794],[-128.04656,52.32054],[-128.16083,52.27293],[-128.20308,52.28125],[-128.10911,52.43794]]],[[[-128.39911,52.45813],[-128.2868,52.47632],[-128.28661,52.42522],[-128.37692,52.36448],[-128.44176,52.36384],[-128.47298,52.39957],[-128.42902,52.40625],[-128.39911,52.45813]]],[[[-128.51036,52.88336],[-128.45625,52.79006],[-128.50584,52.64197],[-128.54898,52.69292],[-128.51036,52.88336]]],[[[-125.86429,49.24276],[-125.775,49.22912],[-125.79901,49.14016],[-125.85308,49.13416],[-125.86723,49.18101],[-125.89253,49.17393],[-125.92982,49.20451],[-125.93064,49.22449],[-125.86429,49.24276]]],[[[-127.10021,50.66996],[-126.90266,50.66484],[-126.85157,50.63298],[-127.01646,50.62161],[-127.0309,50.64739],[-127.1325,50.62855],[-127.157,50.64651],[-127.10021,50.66996]]],[[[-125.78441,50.40102],[-125.52105,50.44583],[-125.49934,50.40721],[-125.62679,50.38086],[-125.77956,50.38271],[-125.78441,50.40102]]],[[[-125.96712,50.4423],[-125.80168,50.47351],[-125.73612,50.4325],[-125.82324,50.40835],[-125.93841,50.41788],[-125.96712,50.4423]]],[[[-123.38044,49.53524],[-123.31592,49.44819],[-123.3539,49.43811],[-123.40952,49.46851],[-123.43859,49.44812],[-123.45699,49.46553],[-123.42389,49.52702],[-123.38044,49.53524]]],[[[-124.383,49.50755],[-124.24711,49.506],[-124.17619,49.47142],[-124.20672,49.45327],[-124.31889,49.46016],[-124.383,49.50755]]],[[[-130.7917,54.2158],[-130.64269,54.14091],[-130.65245,54.1131],[-130.74546,54.12347],[-130.81794,54.16552],[-130.7917,54.2158]]],[[[-131.37075,52.41897],[-131.23696,52.44356],[-131.24775,52.42095],[-131.30358,52.3836],[-131.30624,52.34998],[-131.34996,52.35256],[-131.37075,52.41897]]],[[[-127.72415,50.91558],[-127.68563,50.89412],[-127.65379,50.83455],[-127.80247,50.86462],[-127.83335,50.89038],[-127.72415,50.91558]]],[[[-123.56998,49.01064],[-123.51936,48.96612],[-123.34591,48.90512],[-123.31859,48.87586],[-123.38958,48.86925],[-123.38792,48.89075],[-123.56644,48.9758],[-123.56998,49.01064]]],[[[-129.68296,53.1355],[-129.59441,53.0702],[-129.62448,53.05032],[-129.72941,53.07503],[-129.7505,53.1322],[-129.68296,53.1355]]],[[[-125.07157,50.27454],[-125.04093,50.19052],[-125.12815,50.12823],[-125.15027,50.14318],[-125.11002,50.24317],[-125.07157,50.27454]]],[[[-125.11391,50.3218],[-125.0886,50.27069],[-125.15446,50.23358],[-125.20959,50.29884],[-125.11391,50.3218]]],[[[-126.55805,50.60979],[-126.34415,50.62802],[-126.49124,50.57523],[-126.55805,50.60979]]],[[[-129.33467,53.36272],[-129.33789,53.30128],[-129.38554,53.29541],[-129.4578,53.37521],[-129.40882,53.40942],[-129.33467,53.36272]]],[[[-123.86267,49.19866],[-123.7094,49.15946],[-123.70135,49.12969],[-123.8622,49.15811],[-123.86267,49.19866]]],[[[-130.20177,54.78253],[-130.23489,54.72282],[-130.3727,54.69796],[-130.22704,54.80038],[-130.20177,54.78253]]],[[[-130.2873,54.33249],[-130.25755,54.27178],[-130.33595,54.24127],[-130.34981,54.30343],[-130.2873,54.33249]]],[[[-124.82715,49.60128],[-124.73069,49.50235],[-124.83079,49.53975],[-124.84332,49.58441],[-124.82715,49.60128]]],[[[-123.31331,49.41624],[-123.35627,49.33885],[-123.41715,49.33513],[-123.43047,49.36693],[-123.36009,49.41346],[-123.31331,49.41624]]],[[[-128.43784,52.54466],[-128.27761,52.51756],[-128.28225,52.48618],[-128.41237,52.4661],[-128.43784,52.54466]]],[[[-130.25595,54.19392],[-130.15485,54.15055],[-130.17508,54.12404],[-130.2456,54.11683],[-130.28941,54.15184],[-130.25595,54.19392]]],[[[-128.0462,52.30916],[-128.00277,52.28742],[-128.08016,52.23111],[-128.15402,52.24173],[-128.0462,52.30916]]],[[[-127.99415,51.72799],[-127.96258,51.66116],[-128.0751,51.65941],[-128.0781,51.68913],[-127.99415,51.72799]]],[[[-126.80618,50.89116],[-126.73564,50.86482],[-126.82578,50.84021],[-126.92132,50.84796],[-126.80618,50.89116]]],[[[-130.18669,54.07964],[-130.13079,54.02662],[-130.14733,53.98792],[-130.18939,53.99008],[-130.22421,54.05432],[-130.18669,54.07964]]],[[[-128.37703,52.23574],[-128.38202,52.17561],[-128.42275,52.15464],[-128.49578,52.17225],[-128.43436,52.23785],[-128.37703,52.23574]]],[[[-131.76134,52.85835],[-131.69701,52.84341],[-131.69395,52.81688],[-131.82996,52.81885],[-131.76134,52.85835]]],[[[-129.89259,53.53322],[-129.92768,53.46947],[-130.02648,53.50943],[-129.94092,53.54742],[-129.89259,53.53322]]],[[[-128.88073,53.77592],[-128.93549,53.71107],[-128.98626,53.71651],[-129.05531,53.68024],[-129.08023,53.69963],[-128.88073,53.77592]]],[[[-128.27634,52.23772],[-128.27932,52.21369],[-128.30563,52.20455],[-128.37496,52.15342],[-128.36788,52.23751],[-128.27634,52.23772]]],[[[-127.5948,51.30333],[-127.474,51.30059],[-127.48786,51.27466],[-127.58307,51.27012],[-127.5948,51.30333]]],[[[-127.98111,50.91997],[-127.90428,50.94322],[-127.84608,50.91389],[-127.86838,50.89046],[-127.96593,50.90136],[-127.98111,50.91997]]],[[[-126.67717,50.59166],[-126.59812,50.59766],[-126.52151,50.57906],[-126.53032,50.55786],[-126.63983,50.55256],[-126.67717,50.59166]]],[[[-132.49151,53.12473],[-132.40862,53.12882],[-132.40313,53.10377],[-132.54277,53.10509],[-132.59072,53.12295],[-132.58476,53.15209],[-132.49151,53.12473]]],[[[-129.6708,53.01393],[-129.57804,53.00036],[-129.53927,52.9716],[-129.62534,52.94786],[-129.6708,53.01393]]],[[[-132.13393,53.81451],[-132.14097,53.74973],[-132.19429,53.74518],[-132.20343,53.79072],[-132.13393,53.81451]]],[[[-130.56506,53.85018],[-130.50037,53.81962],[-130.58976,53.78822],[-130.64129,53.81228],[-130.56506,53.85018]]],[[[-130.3885,54.30702],[-130.36753,54.26023],[-130.40829,54.24892],[-130.47341,54.3052],[-130.44496,54.32777],[-130.3885,54.30702]]],[[[-123.18894,48.8139],[-123.0993,48.78884],[-123.09344,48.76431],[-123.19586,48.77293],[-123.21443,48.79191],[-123.18894,48.8139]]],[[[-132.37898,53.00535],[-132.21602,52.99325],[-132.19782,52.97692],[-132.28766,52.97009],[-132.37898,53.00535]]],[[[-128.2442,52.22505],[-128.20775,52.20933],[-128.30246,52.13221],[-128.32787,52.15739],[-128.30456,52.20108],[-128.2442,52.22505]]],[[[-127.5638,51.5336],[-127.61543,51.48356],[-127.68301,51.49353],[-127.57961,51.57402],[-127.5638,51.5336]]],[[[-125.95246,49.20749],[-125.95301,49.18633],[-125.98372,49.1493],[-126.03079,49.18666],[-126.0115,49.21644],[-125.95246,49.20749]]],[[[-133.00198,54.25606],[-132.96856,54.22345],[-132.97869,54.18748],[-133.0698,54.23445],[-133.06003,54.25623],[-133.00198,54.25606]]],[[[-124.66692,49.5508],[-124.59776,49.52519],[-124.6662,49.49112],[-124.71021,49.53333],[-124.66692,49.5508]]],[[[-123.32271,48.82182],[-123.24436,48.77011],[-123.26358,48.77408],[-123.26348,48.75519],[-123.31655,48.77354],[-123.32271,48.82182]]],[[[-123.30076,48.85106],[-123.28877,48.87391],[-123.24479,48.82469],[-123.29919,48.82674],[-123.34343,48.85777],[-123.30076,48.85106]]],[[[-126.48006,49.66289],[-126.52432,49.62834],[-126.56665,49.63823],[-126.5196,49.68601],[-126.48006,49.66289]]],[[[-130.7378,54.40561],[-130.70234,54.39288],[-130.76209,54.35691],[-130.79219,54.38699],[-130.7378,54.40561]]],[[[-127.51369,51.08447],[-127.52513,51.05595],[-127.60063,51.05586],[-127.59207,51.08357],[-127.51369,51.08447]]],[[[-131.75131,52.76987],[-131.64147,52.77832],[-131.60961,52.75188],[-131.71106,52.74571],[-131.75131,52.76987]]],[[[-130.73084,54.41961],[-130.79015,54.42562],[-130.78622,54.46921],[-130.73084,54.41961]]],[[[-128.43025,52.00281],[-128.428,51.94019],[-128.46414,51.92882],[-128.47816,51.95274],[-128.43025,52.00281]]],[[[-125.06772,48.95329],[-125.08713,48.89672],[-125.10602,48.92659],[-125.06772,48.95329]]],[[[-128.3891,52.36022],[-128.39627,52.32286],[-128.44547,52.31835],[-128.45718,52.3506],[-128.3891,52.36022]]],[[[-124.96653,50.31215],[-124.99519,50.27525],[-125.03349,50.29891],[-125.00053,50.32637],[-124.96653,50.31215]]],[[[-125.08437,50.381],[-125.14509,50.36986],[-125.1302,50.42144],[-125.08437,50.381]]],[[[-131.37123,52.58196],[-131.34931,52.56845],[-131.37369,52.5436],[-131.4313,52.55293],[-131.37123,52.58196]]],[[[-130.64274,54.12046],[-130.57142,54.08091],[-130.6177,54.07559],[-130.64274,54.12046]]],[[[-130.43333,53.79687],[-130.40026,53.77902],[-130.44607,53.74973],[-130.47597,53.77406],[-130.43333,53.79687]]],[[[-129.31359,52.83542],[-129.32406,52.80066],[-129.37302,52.82097],[-129.35484,52.85727],[-129.31359,52.83542]]],[[[-126.69405,50.56687],[-126.7754,50.5643],[-126.76834,50.58878],[-126.69405,50.56687]]],[[[-130.58651,53.8916],[-130.60996,53.87584],[-130.66044,53.89732],[-130.6325,53.92044],[-130.58651,53.8916]]],[[[-132.0696,53.21959],[-132.03379,53.20414],[-132.12762,53.2],[-132.0696,53.21959]]],[[[-129.2329,53.40951],[-129.22311,53.37185],[-129.26098,53.37046],[-129.25844,53.40315],[-129.2329,53.40951]]],[[[-129.53644,53.03094],[-129.56273,53.00206],[-129.59879,53.03561],[-129.57535,53.05216],[-129.53644,53.03094]]],[[[-126.51,50.76201],[-126.57767,50.73788],[-126.59447,50.7631],[-126.51,50.76201]]],[[[-128.00912,51.75526],[-128.05318,51.7525],[-128.00803,51.79896],[-128.00912,51.75526]]],[[[-126.71349,50.75857],[-126.63005,50.75487],[-126.71072,50.74369],[-126.71349,50.75857]]],[[[-126.61105,50.70489],[-126.64549,50.68039],[-126.67587,50.69986],[-126.64101,50.71874],[-126.61105,50.70489]]],[[[-128.07682,51.78253],[-128.08577,51.74833],[-128.13131,51.75139],[-128.11172,51.78377],[-128.07682,51.78253]]],[[[-130.80862,54.49218],[-130.81327,54.45215],[-130.8562,54.45415],[-130.80862,54.49218]]],[[[-130.32764,53.7672],[-130.33473,53.74903],[-130.39004,53.75368],[-130.37885,53.78231],[-130.32764,53.7672]]],[[[-127.69625,51.5081],[-127.72193,51.46639],[-127.76009,51.49523],[-127.69625,51.5081]]],[[[-123.70745,49.01996],[-123.65211,48.99009],[-123.69141,48.98153],[-123.70745,49.01996]]],[[[-126.85043,50.94554],[-126.77663,50.93171],[-126.85442,50.92004],[-126.85043,50.94554]]],[[[-128.63421,50.80831],[-128.57539,50.80735],[-128.62536,50.78608],[-128.63421,50.80831]]],[[[-131.04717,54.61465],[-131.07166,54.58403],[-131.10035,54.5876],[-131.08643,54.62598],[-131.04717,54.61465]]],[[[-123.32277,49.55646],[-123.29031,49.52229],[-123.32011,49.52],[-123.32277,49.55646]]],[[[-123.1904,48.7526],[-123.20751,48.7329],[-123.25759,48.76752],[-123.1904,48.7526]]],[[[-128.66401,50.82211],[-128.69253,50.80081],[-128.71369,50.81042],[-128.7103,50.8358],[-128.66401,50.82211]]],[[[-126.57446,50.63059],[-126.51709,50.62271],[-126.5768,50.6123],[-126.57446,50.63059]]],[[[-125.02811,50.06502],[-125.05496,50.05086],[-125.07501,50.06971],[-125.05043,50.0866],[-125.02811,50.06502]]]]}},{"type":"Feature","id":"306","properties":{"area_code":"306","provinces":["SK"]},"geometry":{"type":"Polygon","coordinates":[[[-110.0,60.0],[-110.00502,48.9997],[-101.36248,49.00008],[-101.39251,49.5176],[-101.41865,49.5327],[-101.41926,49.88711],[-101.44815,49.88723],[-101.44605,50.24053],[-101.47744,50.24023],[-101.4753,50.59421],[-101.50927,50.59327],[-101.50855,50.94821],[-101.53806,50.94815],[-101.53917,51.30172],[-101.57046,51.30189],[-101.57756,51.96854],[-101.60844,51.96913],[-101.63678,52.66721],[-101.67067,52.66701],[-101.70221,53.36435],[-101.73668,53.36456],[-101.74091,53.71032],[-101.7703,53.71016],[-101.76825,54.06443],[-101.81122,54.06423],[-101.81115,54.41406],[-101.85031,54.41499],[-101.87976,55.10912],[-101.92017,55.11171],[-101.9145,55.46192],[-101.95537,55.46326],[-101.95087,55.81404],[-102.0,55.8128],[-102.0,60.0],[-110.0,60.0]]]}},{"type":"Feature","id":"403","properties":{"area_code":"403","provinces":["AB"]},"geometry":{"type":"Polygon","coordinates":[[[-116.00286,51.20444],[-113.2949,52.35284],[-110.00506,51.38915],[-110.00502,48.9997],[-111.54608,48.99674],[-114.06833,48.99885],[-114.05376,49.02654],[-114.15315,49.09951],[-114.1749,49.16355],[-114.40212,49.21327],[-114.39349,49.25719],[-114.44794,49.26437],[-114.48762,49.34732],[-114.56693,49.37688],[-114.59843,49.41256],[-114.5736,49.55746],[-114.69098,49.55403],[-114.73259,49.57638],[-114.74648,49.61851],[-114.66282,49.64372],[-114.66839,49.70388],[-114.63312,49.73408],[-114.65914,49.76508],[-114.63993,49.82772],[-114.69179,49.89629],[-114.68331,49.96706],[-114.65744,49.9684],[-114.66637,50.05094],[-114.73326,50.11861],[-114.72467,50.19018],[-114.79761,50.32612],[-114.76622,50.35074],[-114.85689,50.39252],[-115.0137,50.57086],[-115.08527,50.58975],[-115.17355,50.56759],[-115.19092,50.5351],[-115.23098,50.54488],[-115.23965,50.5892],[-115.29363,50.61111],[-115.31512,50.72583],[-115.39122,50.70645],[-115.43628,50.75573],[-115.48111,50.75518],[-115.55087,50.79707],[-115.57814,50.8405],[-115.64298,50.84221],[-115.64893,50.87415],[-115.58418,50.91575],[-115.64883,50.99752],[-115.76704,51.03939],[-115.78923,51.07242],[-115.92361,51.08311],[-116.00446,51.12468],[-116.03684,51.17005],[-116.00286,51.20444]]]}},{"type":"Feature","id":"416","properties":{"area_code":"416","provinces":["ON"]},"geometry":{"type":"Polygon","coordinates":[[[-79.60277,43.51539],[-79.78012,43.99483],[-78.69114,44.35093],[-78.54259,43.89597],[-78.81861,43.86847],[-79.0908,43.81242],[-79.34728,43.63316],[-79.4554,43.63752],[-79.60277,43.51539]]]}},{"type":"Feature","id":"418","properties":{"area_code":"418","provinces":["QC"]},"geometry":{"type":"MultiPolygon","coordinates":[[[[-71.33118,46.73037],[-71.19832,46.78295],[-71.16868,46.82921],[-70.98782,46.83465],[-70.9294,46.87389],[-70.83935,46.88519],[-70.47539,47.02694],[-70.31693,47.16135],[-70.19426,47.30911],[-70.11312,47.33098],[-70.05507,47.37689],[-70.03371,47.46842],[-69.9042,47.52495],[-69.64784,47.73162],[-69.55217,47.83996],[-69.51306,47.94089],[-69.39283,48.01811],[-69.34711,48.01356],[-68.95311,48.29091],[-68.53978,48.44537],[-68.46451,48.51775],[-68.18212,48.63466],[-68.13416,48.63026],[-68.06311,48.67339],[-68.019,48.66573],[-67.53471,48.85407],[-67.10103,48.96014],[-66.74149,49.08973],[-66.05236,49.2211],[-65.7298,49.23055],[-65.55625,49.25699],[-65.32488,49.25069],[-64.92644,49.20528],[-64.60163,49.10882],[-64.39461,49.00845],[-64.21283,48.87354],[-64.20757,48.77571],[-64.37553,48.84958],[-64.45686,48.86149],[-64.47989,48.82789],[-64.37941,48.80079],[-64.37581,48.76842],[-64.18887,48.647],[-64.17411,48.6274],[-64.29561,48.61731],[-64.28817,48.55226],[-64.21587,48.53156],[-64.22831,48.50138],[-64.30591,48.47342],[-64.34198,48.41909],[-64.6732,48.34684],[-64.77421,48.20559],[-64.96947,48.17853],[-64.95661,48.14914],[-65.03552,48.10529],[-65.16707,48.04342],[-65.32052,48.00412],[-65.44926,48.00451],[-65.52808,48.06479],[-65.81363,48.12207],[-65.90229,48.19048],[-65.95753,48.19364],[-66.09217,48.09342],[-66.17209,48.11379],[-66.26116,48.10654],[-66.28039,48.06748],[-66.32593,48.06076],[-66.38213,48.08816],[-66.46975,48.08557],[-66.53152,48.04726],[-66.69361,48.00681],[-66.92127,47.98461],[-66.97582,47.89318],[-67.06216,47.93504],[-67.21705,47.87736],[-67.33612,47.89079],[-67.37243,47.8453],[-67.60733,47.93573],[-67.59808,47.99994],[-68.12259,47.99975],[-68.12279,47.91644],[-68.38233,47.91612],[-68.38355,47.55309],[-68.56811,47.42715],[-68.79963,47.34894],[-69.05071,47.30013],[-69.0354,47.41498],[-69.22392,47.45955],[-69.99708,46.69583],[-70.05646,46.41611],[-70.19213,46.34939],[-70.28904,46.19303],[-70.23646,46.14502],[-70.3176,46.01967],[-70.31211,45.96206],[-70.26629,45.96432],[-70.24021,45.93967],[-70.28435,45.87179],[-70.33318,45.85569],[-71.46128,46.6964],[-71.33118,46.73037]]],[[[-71.1757,52.80343],[-71.19408,55.13761],[-67.45234,55.04852],[-67.39976,54.95786],[-67.0629,54.69293],[-67.13855,54.62454],[-67.22023,54.61814],[-67.23118,54.58757],[-67.27992,54.58526],[-67.27782,54.54871],[-67.22781,54.52527],[-67.24494,54.50003],[-67.34924,54.51699],[-67.46764,54.58376],[-67.52429,54.57549],[-67.47311,54.5201],[-67.50041,54.48151],[-67.58166,54.49411],[-67.59264,54.469],[-67.66656,54.4793],[-67.68576,54.44615],[-67.7275,54.4574],[-67.76696,54.43681],[-67.7247,54.38686],[-67.74804,54.35026],[-67.67996,54.31192],[-67.67733,54.24168],[-67.6283,54.21275],[-67.67532,54.15876],[-67.76504,54.157],[-67.81025,54.12813],[-67.76184,54.08605],[-67.82169,54.0257],[-67.69984,53.9766],[-67.66926,53.93028],[-67.59631,53.92169],[-67.61424,53.88489],[-67.49961,53.82686],[-67.59222,53.7575],[-67.5,53.75727],[-67.50632,53.71906],[-67.39685,53.68288],[-67.39473,53.61465],[-67.31355,53.58415],[-67.32371,53.559],[-67.2863,53.54352],[-67.25741,53.55739],[-67.21877,53.53034],[-67.06202,53.53708],[-66.99582,53.46424],[-66.94452,53.47605],[-66.92495,53.4545],[-66.9661,53.36462],[-67.02705,53.33465],[-66.95433,53.28357],[-66.95962,53.18169],[-67.00613,53.16848],[-66.98443,53.08791],[-67.04161,53.07607],[-67.06118,53.14194],[-67.11528,53.11195],[-67.15423,53.14723],[-67.27391,53.18012],[-67.28721,53.14392],[-67.39234,53.12086],[-67.31682,52.87545],[-67.26853,52.87771],[-67.1549,52.82282],[-67.15555,52.84983],[-67.05413,52.86808],[-67.06701,52.77512],[-67.0343,52.74702],[-66.94958,52.7596],[-66.89477,52.67668],[-66.8494,52.67789],[-66.87684,52.71347],[-66.74789,52.70306],[-66.75406,52.7515],[-66.64638,52.78894],[-66.6506,52.92189],[-66.62587,52.95426],[-66.57731,52.9368],[-66.50732,52.95014],[-66.46222,53.00013],[-66.4753,53.04253],[-66.43215,53.04822],[-66.327,52.97264],[-66.26117,52.87433],[-66.29494,52.86014],[-66.41103,52.8724],[-66.4142,52.84869],[-66.30864,52.72861],[-66.33908,52.68463],[-66.27769,52.63447],[-66.28488,52.60423],[-66.38866,52.68228],[-66.43992,52.62949],[-66.37819,52.56474],[-66.35558,52.47322],[-66.39081,52.46594],[-66.34404,52.36042],[-66.41988,52.38302],[-66.49052,52.34164],[-66.47042,52.25566],[-66.4381,52.22347],[-66.40269,52.22656],[-66.35684,52.1766],[-66.37979,52.16261],[-66.33011,52.13593],[-66.26942,52.1492],[-66.31257,52.28552],[-66.26004,52.30927],[-66.20836,52.23409],[-66.10908,52.20196],[-66.07593,52.15503],[-66.09636,52.10781],[-65.9962,52.05474],[-65.95478,52.09988],[-65.89771,52.07607],[-65.84204,52.11647],[-65.73834,52.08522],[-65.68657,52.10375],[-65.64856,52.08092],[-65.67991,52.04151],[-65.6468,51.9873],[-65.62054,52.04301],[-65.54845,52.03893],[-65.4901,52.10211],[-65.49608,52.05021],[-65.35478,51.94274],[-65.39757,51.89085],[-65.35505,51.82988],[-65.30023,51.87797],[-65.25387,51.86147],[-65.25479,51.82336],[-65.16961,51.82208],[-65.18606,51.77561],[-65.08259,51.7462],[-65.04922,51.76965],[-64.93071,51.71426],[-64.92468,51.77786],[-64.70975,51.75595],[-64.55436,51.5758],[-64.45533,51.62462],[-64.41733,51.67496],[-64.33713,51.66529],[-64.27829,51.74638],[-64.3527,51.84928],[-64.34169,51.9859],[-64.2801,51.97475],[-64.23395,51.9909],[-64.29187,52.07765],[-64.25154,52.07975],[-64.25385,52.12148],[-64.1608,52.14601],[-64.24656,52.2754],[-64.22558,52.3025],[-64.18005,52.30641],[-64.16656,52.36016],[-64.10923,52.39406],[-64.14846,52.51382],[-64.21112,52.5736],[-64.15455,52.60343],[-64.12435,52.69927],[-64.1461,52.71451],[-64.12422,52.73205],[-63.93742,52.73102],[-63.87294,52.77396],[-63.81898,52.75853],[-63.72149,52.77031],[-63.71954,52.79897],[-63.59406,52.85147],[-63.61653,52.77418],[-63.39646,52.68234],[-63.42941,52.64552],[-63.85096,52.62247],[-64.03795,52.56106],[-64.09352,52.46607],[-64.01272,52.36259],[-63.87321,52.3225],[-63.82686,52.33084],[-63.74816,52.2555],[-63.70017,52.16546],[-63.70201,52.08762],[-63.648,52.04876],[-63.83225,52.08149],[-63.80811,51.99785],[-61.80652,51.99581],[-59.74075,51.99762],[-57.10776,51.99849],[-57.10854,51.4154],[-57.20678,51.41147],[-57.24286,51.49906],[-57.40641,51.47726],[-57.4676,51.43415],[-57.69114,51.41993],[-57.70204,51.45453],[-57.73102,51.45684],[-58.01264,51.29784],[-58.04538,51.30802],[-58.2107,51.26121],[-58.24931,51.2799],[-58.23981,51.31678],[-58.28652,51.30723],[-58.29551,51.25411],[-58.42048,51.30467],[-58.47534,51.28944],[-58.64251,51.22218],[-58.6082,51.17869],[-58.6198,51.13709],[-58.79481,51.06285],[-58.89035,50.97224],[-58.90938,50.993],[-58.87527,51.0235],[-58.91783,51.04611],[-58.96417,51.00384],[-58.94111,50.98372],[-58.9931,50.78735],[-59.07018,50.7607],[-59.08687,50.78741],[-59.20876,50.72763],[-59.25011,50.75171],[-59.25754,50.70956],[-59.32462,50.6976],[-59.33416,50.66017],[-59.44739,50.59989],[-59.46559,50.55337],[-59.50798,50.54788],[-59.55852,50.48529],[-59.7867,50.42124],[-59.86597,50.36796],[-59.83943,50.31467],[-59.86702,50.28777],[-59.91309,50.26889],[-59.96617,50.28975],[-59.92752,50.33585],[-60.00676,50.34805],[-59.96078,50.30848],[-59.98658,50.23837],[-60.11092,50.23453],[-60.17494,50.19315],[-60.21361,50.26394],[-60.24448,50.22643],[-60.2791,50.241],[-60.28827,50.29491],[-60.24984,50.3201],[-60.28741,50.33878],[-60.29695,50.24828],[-60.38792,50.21107],[-60.4159,50.23887],[-60.59293,50.20327],[-60.71309,50.21682],[-60.73656,50.23735],[-60.8238,50.19173],[-60.85407,50.21369],[-60.79191,50.24631],[-60.80507,50.28941],[-60.83348,50.28192],[-60.82219,50.24543],[-60.95011,50.18902],[-61.02937,50.21786],[-61.13862,50.18309],[-61.29352,50.19262],[-61.74428,50.08103],[-61.79322,50.09813],[-61.82247,50.18486],[-61.8964,50.21948],[-62.00065,50.20772],[-62.42243,50.2716],[-62.44718,50.24663],[-62.52802,50.27167],[-62.74007,50.26783],[-62.74328,50.29267],[-62.84676,50.26826],[-62.96957,50.27504],[-63.01841,50.30809],[-63.06876,50.26928],[-63.19163,50.27102],[-63.15637,50.23996],[-63.24122,50.21865],[-63.3648,50.22704],[-63.39953,50.19424],[-63.457,50.20535],[-63.47147,50.24243],[-63.59689,50.23107],[-63.6411,50.25874],[-63.68578,50.2459],[-63.74254,50.28686],[-64.09739,50.28816],[-64.16176,50.2553],[-64.3425,50.28383],[-64.42128,50.31701],[-64.53945,50.28539],[-64.87504,50.2597],[-65.27257,50.30166],[-65.81801,50.25007],[-65.96592,50.2839],[-66.10375,50.18572],[-66.22695,50.213],[-66.36568,50.18649],[-66.41174,50.26322],[-66.45744,50.2677],[-66.54111,50.21192],[-66.51683,50.16148],[-66.4381,50.15242],[-66.45613,50.12573],[-66.57644,50.14754],[-66.68316,50.11658],[-66.75595,50.03585],[-66.93429,49.99867],[-67.03365,49.8311],[-67.08999,49.84777],[-67.15249,49.79583],[-67.16614,49.67019],[-67.23408,49.59421],[-67.23879,49.45846],[-67.38323,49.31662],[-67.58832,49.32555],[-67.67156,49.30021],[-67.76845,49.30452],[-67.81894,49.26886],[-67.89901,49.29184],[-68.04619,49.28071],[-68.07914,49.25339],[-68.12742,49.27125],[-68.14423,49.20317],[-68.27675,49.17469],[-68.1826,49.15475],[-68.189,49.09977],[-68.3053,49.09402],[-68.39725,49.0462],[-68.46065,49.04245],[-68.47884,49.07057],[-68.599,49.0454],[-68.64003,48.97181],[-68.63248,48.90307],[-68.79315,48.88565],[-68.95984,48.77943],[-69.04922,48.77246],[-69.08485,48.64848],[-69.14532,48.56319],[-69.23338,48.57068],[-69.32086,48.41458],[-69.38734,48.36879],[-69.42767,48.29654],[-69.72748,48.11196],[-69.7092,48.1002],[-69.76428,48.05497],[-69.80211,47.91475],[-69.87368,47.84836],[-69.9056,47.77],[-70.12665,47.65091],[-70.20458,47.56772],[-70.23461,47.48745],[-70.45292,47.42617],[-70.48298,47.43544],[-70.58671,47.25406],[-70.71595,47.10825],[-70.8064,47.04992],[-70.96083,47.00688],[-71.14195,46.88631],[-71.24187,46.77337],[-71.28898,46.74807],[-71.49284,46.72146],[-71.61681,48.92538],[-73.32609,48.98052],[-71.1757,52.80343]]],[[[-63.37855,49.82637],[-62.94771,49.73319],[-62.92323,49.70715],[-62.85427,49.70219],[-62.7633,49.65372],[-62.69605,49.65532],[-62.64271,49.62022],[-62.56058,49.6073],[-62.40128,49.4817],[-62.33071,49.4804],[-62.19009,49.40383],[-62.10587,49.37434],[-62.03858,49.3801],[-61.96975,49.33948],[-61.89938,49.34635],[-61.83251,49.31338],[-61.83738,49.29031],[-61.67103,49.12964],[-61.72723,49.08429],[-61.82156,49.05819],[-61.92602,49.07181],[-62.2501,49.05682],[-62.52139,49.12682],[-62.73923,49.14924],[-63.06974,49.21901],[-63.23895,49.27582],[-63.30561,49.33],[-63.56907,49.38949],[-63.63579,49.51103],[-63.83154,49.63569],[-64.0,49.70017],[-64.27792,49.76046],[-64.39281,49.82897],[-64.38668,49.79203],[-64.41959,49.80113],[-64.50959,49.85415],[-64.51664,49.88354],[-64.45531,49.91238],[-64.15,49.95217],[-63.86985,49.87023],[-63.37855,49.82637]]]]}},{"type":"Feature","id":"450","properties":{"area_code":"450","provinces":["QC"]},"geometry":{"type":"MultiPolygon","coordinates":[[[[-74.60978,47.14459],[-72.91851,46.21902],[-73.15356,46.10607],[-73.19529,45.98069],[-73.27004,45.88659],[-73.4726,45.71244],[-73.72579,45.68292],[-73.8843,45.56241],[-73.89166,45.53053],[-74.05402,45.45836],[-74.11641,45.46569],[-74.17281,45.49706],[-74.17425,45.52311],[-74.34614,45.51757],[-74.3352,45.49637],[-74.20854,45.48467],[-74.01308,45.41552],[-73.97036,45.3349],[-74.03903,45.30599],[-74.16666,45.29858],[-74.32214,45.19757],[-74.47191,45.30273],[-74.38127,45.56612],[-74.60978,47.14459]]],[[[-72.24925,45.16992],[-72.29423,45.10497],[-72.25537,45.00443],[-73.09083,45.01533],[-73.07731,45.05901],[-73.12645,45.07203],[-73.19063,45.0142],[-74.15005,44.99114],[-74.62536,44.99943],[-74.48115,45.03856],[-74.40823,45.12577],[-74.29479,45.173],[-74.2233,45.17545],[-74.15786,45.22434],[-73.99031,45.22979],[-73.90398,45.31458],[-73.82847,45.32874],[-73.76211,45.39967],[-73.66978,45.41437],[-73.52845,45.40043],[-73.49114,45.43116],[-73.52685,45.5315],[-73.462,45.59353],[-73.43245,45.7153],[-73.23048,45.86513],[-73.14271,46.046],[-72.91966,46.06795],[-72.92489,46.11643],[-72.75411,46.15556],[-72.24925,45.16992]]]]}},{"type":"Feature","id":"506","properties":{"area_code":"506","provinces":["NB"]},"geometry":{"type":"MultiPolygon","coordinates":[[[[-64.04879,45.97689],[-64.09308,46.02082],[-64.07115,46.04255],[-63.80272,46.0863],[-63.77561,46.10045],[-63.78288,46.13266],[-63.97672,46.18224],[-64.08677,46.16181],[-64.27447,46.23701],[-64.374,46.2222],[-64.51486,46.2419],[-64.55548,46.2194],[-64.55685,46.29469],[-64.51247,46.32085],[-64.53519,46.35579],[-64.60614,46.33321],[-64.62455,46.43096],[-64.70848,46.47068],[-64.67219,46.49246],[-64.71256,46.55339],[-64.70849,46.66073],[-64.73331,46.69603],[-64.77236,46.68966],[-64.87304,46.74302],[-64.90994,46.82638],[-64.94514,46.84099],[-64.81234,46.97537],[-64.82692,47.04929],[-64.80466,47.07684],[-64.93816,47.07706],[-64.98284,47.05084],[-65.01622,47.08552],[-65.20727,47.03948],[-65.2055,47.08215],[-65.3017,47.06083],[-65.34488,47.09083],[-65.26659,47.11636],[-65.06308,47.25521],[-64.97487,47.27686],[-64.87138,47.46844],[-64.90666,47.55005],[-64.8432,47.58559],[-64.7564,47.69193],[-64.67999,47.71022],[-64.741,47.76494],[-64.7698,47.75611],[-64.80187,47.80399],[-64.9648,47.79298],[-65.00096,47.7731],[-65.07598,47.78452],[-64.98584,47.8219],[-65.00261,47.83759],[-65.18146,47.81943],[-65.35911,47.75535],[-65.49791,47.67158],[-65.61018,47.6539],[-65.63519,47.61933],[-65.67302,47.63967],[-65.62856,47.66386],[-65.7058,47.72594],[-65.76478,47.86414],[-65.89939,47.92124],[-66.08543,47.92561],[-66.14369,47.96432],[-66.33601,48.00428],[-66.36763,48.01815],[-66.36678,48.05418],[-66.32593,48.06076],[-66.38213,48.08816],[-66.46975,48.08557],[-66.53152,48.04726],[-66.69361,48.00681],[-66.92127,47.98461],[-66.97582,47.89318],[-67.06216,47.93504],[-67.21705,47.87736],[-67.33612,47.89079],[-67.37243,47.8453],[-67.60733,47.93573],[-67.59808,47.99994],[-68.12259,47.99975],[-68.12279,47.91644],[-68.38233,47.91612],[-68.38355,47.55309],[-68.56811,47.42715],[-68.79963,47.34894],[-69.05071,47.30013],[-69.04091,47.24501],[-68.90276,47.1795],[-68.68829,47.244],[-68.60621,47.24774],[-68.58007,47.28713],[-68.37788,47.28739],[-68.36314,47.35467],[-68.22372,47.34471],[-68.01968,47.2385],[-67.88293,47.10441],[-67.79004,47.06617],[-67.78133,45.95658],[-67.75117,45.91781],[-67.80391,45.8829],[-67.75533,45.82335],[-67.80614,45.79508],[-67.76328,45.68107],[-67.71727,45.68645],[-67.67708,45.63629],[-67.60137,45.61185],[-67.58067,45.62956],[-67.51917,45.60846],[-67.48779,45.63954],[-67.42569,45.57947],[-67.42734,45.50091],[-67.50008,45.49089],[-67.47269,45.42321],[-67.42681,45.38975],[-67.47644,45.27539],[-67.34086,45.12504],[-67.29598,45.14784],[-67.2861,45.19254],[-67.22459,45.16659],[-67.15474,45.184],[-67.09701,45.09816],[-67.0311,45.12903],[-67.03592,45.16691],[-66.98994,45.14505],[-66.95313,45.15752],[-66.89581,45.13034],[-66.92037,45.07166],[-66.87024,45.04614],[-66.83774,45.07089],[-66.79995,45.04099],[-66.74215,45.06964],[-66.64976,45.07592],[-66.53886,45.13548],[-66.47452,45.12191],[-66.46689,45.06665],[-66.41601,45.08099],[-66.21549,45.14509],[-66.15178,45.17693],[-66.15141,45.22026],[-66.09604,45.22611],[-66.03529,45.27116],[-66.00014,45.24307],[-66.00868,45.21721],[-65.91749,45.19446],[-65.85388,45.21495],[-65.80524,45.26174],[-65.74948,45.25151],[-65.72472,45.27549],[-65.53532,45.32338],[-65.53358,45.35583],[-65.45343,45.39644],[-65.29231,45.46828],[-65.03418,45.53755],[-64.86598,45.63208],[-64.7706,45.60759],[-64.56811,45.83463],[-64.52749,45.84107],[-64.4889,45.80627],[-64.54731,45.73396],[-64.49576,45.72472],[-64.48687,45.76074],[-64.33542,45.86745],[-64.27499,45.84152],[-64.14942,45.98015],[-64.04879,45.97689]]],[[[-64.5037,47.87867],[-64.53302,47.86274],[-64.62798,47.88699],[-64.68734,47.85727],[-64.69016,47.76183],[-64.64645,47.7257],[-64.57888,47.7676],[-64.5037,47.87867]]],[[[-66.77564,44.79958],[-66.82738,44.77182],[-66.90593,44.60041],[-66.76646,44.66997],[-66.73816,44.72137],[-66.77564,44.79958]]],[[[-64.51412,48.01856],[-64.54596,48.01297],[-64.59159,47.89841],[-64.48443,47.94697],[-64.51412,48.01856]]],[[[-66.90309,44.95715],[-66.97797,44.87097],[-66.95192,44.83791],[-66.91941,44.84436],[-66.93231,44.86584],[-66.88983,44.91585],[-66.90309,44.95715]]],[[[-66.93891,45.02429],[-66.99061,45.00487],[-66.9898,44.93632],[-66.95651,44.96501],[-66.93891,45.02429]]],[[[-64.76013,47.82439],[-64.79191,47.82077],[-64.7887,47.78897],[-64.75988,47.79347],[-64.76013,47.82439]]]]}},{"type":"Feature","id":"514","properties":{"area_code":"514","provinces":["QC"]},"geometry":{"type":"MultiPolygon","coordinates":[[[[-73.47668,45.70214],[-73.55275,45.50292],[-73.53722,45.48467],[-73.60207,45.42015],[-73.79256,45.44824],[-73.94806,45.40233],[-73.97526,45.42656],[-73.93958,45.47015],[-73.90352,45.46076],[-73.85872,45.48935],[-73.8462,45.51646],[-73.7546,45.51178],[-73.66353,45.5653],[-73.58939,45.65044],[-73.47668,45.70214]]],[[[-73.53145,45.69599],[-73.63505,45.63133],[-73.67803,45.55696],[-73.76739,45.51266],[-73.87841,45.52131],[-73.88125,45.54806],[-73.72646,45.67922],[-73.53145,45.69599]]],[[[-73.91838,45.31962],[-73.99517,45.23874],[-74.08829,45.22276],[-74.16318,45.23585],[-74.16608,45.28312],[-73.91838,45.31962]]],[[[-73.90213,45.3958],[-73.8984,45.35151],[-73.99431,45.36157],[-73.98628,45.39689],[-73.90213,45.3958]]],[[[-73.8643,45.51818],[-73.86416,45.49122],[-73.91139,45.46853],[-73.94018,45.48877],[-73.8643,45.51818]]]]}},{"type":"Feature","id":"519","properties":{"area_code":"519","provinces":["ON"]},"geometry":{"type":"Polygon","coordinates":[[[-80.55604,44.59567],[-80.07747,42.79233],[-80.22989,42.77816],[-80.45465,42.61421],[-80.44488,42.58941],[-80.11376,42.55461],[-80.11943,42.53931],[-80.38386,42.57795],[-80.61249,42.57964],[-80.79369,42.64363],[-80.9083,42.66001],[-81.24715,42.66398],[-81.50446,42.57659],[-81.81209,42.38585],[-81.84697,42.25875],[-81.88247,42.25659],[-81.85588,42.33343],[-81.93822,42.26593],[-82.09396,42.24725],[-82.4086,42.1117],[-82.48174,42.04102],[-82.50838,41.91026],[-82.59689,42.02709],[-82.71778,42.0322],[-82.92405,41.98081],[-83.1074,42.04682],[-83.10743,42.25693],[-83.05862,42.31591],[-82.93556,42.34245],[-82.72524,42.29659],[-82.45017,42.32183],[-82.41794,42.36118],[-82.41457,42.48253],[-82.58158,42.5044],[-82.6252,42.53629],[-82.58089,42.55019],[-82.50353,42.63841],[-82.45764,42.90759],[-82.41064,42.96835],[-82.42257,42.99643],[-82.168,43.06055],[-82.03184,43.16417],[-82.02297,43.21221],[-81.96453,43.21395],[-81.80307,43.28662],[-81.70979,43.39814],[-81.72313,43.9406],[-81.75733,44.07256],[-81.61409,44.2186],[-81.6073,44.31876],[-81.55033,44.34183],[-81.4808,44.41811],[-81.40333,44.43981],[-81.38753,44.48978],[-81.28115,44.59893],[-81.27443,44.65599],[-81.30329,44.68019],[-81.27727,44.69877],[-81.28545,44.8063],[-81.37301,44.90623],[-81.35391,44.96629],[-81.45415,45.00408],[-81.58324,45.17358],[-81.72956,45.22135],[-81.65719,45.26606],[-81.4635,45.23012],[-81.30149,45.24791],[-81.28497,45.224],[-81.32842,45.18889],[-81.33484,45.13987],[-81.26281,45.07588],[-81.26766,45.00541],[-81.19476,44.99724],[-81.21985,44.97163],[-81.19544,44.95807],[-81.12239,44.96129],[-81.14152,44.9031],[-81.06113,44.9147],[-81.03561,44.96656],[-80.96474,44.94568],[-81.03072,44.89511],[-81.00717,44.87193],[-81.03432,44.83619],[-81.12585,44.77961],[-81.12756,44.74237],[-80.99078,44.80994],[-80.90682,44.79568],[-80.88811,44.73723],[-80.94664,44.61318],[-80.87478,44.6271],[-80.82266,44.68952],[-80.74967,44.72465],[-80.63984,44.72042],[-80.6258,44.6418],[-80.55604,44.59567]]]}},{"type":"Feature","id":"604","properties":{"area_code":"604","provinces":["BC"]},"geometry":{"type":"Polygon","coordinates":[[[-123.96734,50.20041],[-122.09058,51.49935],[-120.92891,49.00001],[-122.75788,49.00222],[-122.86673,49.02441],[-122.88788,49.05684],[-122.85252,49.08289],[-122.89066,49.09147],[-123.04597,49.04697],[-123.03518,49.00207],[-123.09076,49.00193],[-123.0992,49.03483],[-123.17871,49.08362],[-123.20155,49.21586],[-123.26478,49.26655],[-123.12523,49.29049],[-122.96632,49.28808],[-122.88713,49.33631],[-122.89353,49.35953],[-123.01311,49.29792],[-123.24495,49.34054],[-123.28816,49.37518],[-123.23302,49.42498],[-123.26281,49.51946],[-123.20776,49.62895],[-123.2249,49.64709],[-123.1833,49.68524],[-123.24969,49.66747],[-123.26536,49.5893],[-123.47785,49.52838],[-123.49616,49.50131],[-123.46777,49.44937],[-123.5003,49.39357],[-123.53799,49.38382],[-123.72319,49.43845],[-123.74306,49.46423],[-123.90151,49.48007],[-124.00171,49.55534],[-124.03904,49.63324],[-124.07478,49.64196],[-124.03307,49.74215],[-123.97211,49.76693],[-123.89357,49.73445],[-123.77725,49.51979],[-123.78779,49.60258],[-123.68739,49.65347],[-123.82499,49.6347],[-123.89254,49.74931],[-123.93626,49.76573],[-123.86817,49.8796],[-123.97649,49.96135],[-123.95639,49.99768],[-123.78967,50.0463],[-123.74726,50.09682],[-123.85084,50.16345],[-123.96734,50.20041]]]}},{"type":"Feature","id":"613","properties":{"area_code":"613","provinces":["ON"]},"geometry":{"type":"Polygon","coordinates":[[[-76.11867,44.33522],[-77.67454,45.46518],[-77.286,45.98323],[-77.19033,45.86386],[-76.98498,45.78608],[-76.912,45.80967],[-76.92758,45.89225],[-76.77873,45.87135],[-76.76582,45.74683],[-76.71091,45.72114],[-76.6738,45.58151],[-76.60798,45.53183],[-76.36174,45.45709],[-76.24508,45.46861],[-76.23348,45.50783],[-76.20101,45.51888],[-76.08988,45.51385],[-75.98716,45.47965],[-75.84259,45.37597],[-75.79702,45.37832],[-75.67757,45.46085],[-75.39104,45.52418],[-75.24261,45.58551],[-75.03547,45.59381],[-74.94301,45.64341],[-74.63806,45.63876],[-74.53511,45.59483],[-74.38127,45.56612],[-74.47191,45.30273],[-74.3435,45.20542],[-74.39036,45.168],[-74.45501,45.15528],[-74.54801,45.06203],[-74.61575,45.03585],[-74.77891,45.01021],[-74.83126,45.03241],[-74.91711,45.02059],[-74.99855,44.99078],[-75.04423,44.94662],[-75.3077,44.84366],[-75.80024,44.50427],[-75.93686,44.37582],[-76.11867,44.33522]]]}},{"type":"Feature","id":"705","properties":{"area_code":"705","provinces":["ON"]},"geometry":{"type":"Polygon","coordinates":[[[-77.1623,45.09316],[-80.40998,44.04526],[-80.55604,44.59567],[-80.11974,44.47036],[-80.05722,44.4922],[-79.99469,44.56135],[-80.01008,44.599],[-79.98243,44.67277],[-80.03297,44.72315],[-80.12634,44.7494],[-80.11973,44.81214],[-80.05255,44.81832],[-79.95934,44.86576],[-79.90431,44.83993],[-79.92897,44.81501],[-79.87337,44.8072],[-79.8936,44.7703],[-79.7454,44.73428],[-79.71312,44.76648],[-79.81158,44.84423],[-79.83152,44.94221],[-79.86052,44.95613],[-79.92178,44.93184],[-79.92552,45.00226],[-80.01058,45.02816],[-79.96508,45.06107],[-80.03158,45.05904],[-80.07439,45.08202],[-79.98172,45.15177],[-80.07266,45.19883],[-80.09734,45.18046],[-80.13424,45.20011],[-80.11207,45.21591],[-80.14766,45.24171],[-80.0571,45.28331],[-80.14694,45.28056],[-80.1629,45.2464],[-80.19782,45.24331],[-80.21621,45.31257],[-80.17396,45.32634],[-80.29816,45.3552],[-80.30985,45.40891],[-80.34091,45.43924],[-80.37823,45.43381],[-80.38639,45.56654],[-80.41745,45.57869],[-80.50185,45.55791],[-80.50663,45.61757],[-80.58347,45.64187],[-80.65659,45.73157],[-80.6346,45.76922],[-80.72893,45.83773],[-80.73477,45.91203],[-80.81124,45.94303],[-80.84002,45.91729],[-81.05368,45.95166],[-81.14486,45.92872],[-81.1815,45.94761],[-81.15224,46.00011],[-81.22032,46.00727],[-81.23352,45.9917],[-81.43563,45.99029],[-81.48727,45.96653],[-81.53105,46.00463],[-81.66037,46.00296],[-81.5537,46.0483],[-81.62729,46.08516],[-81.62661,46.11141],[-81.66111,46.11486],[-81.68313,46.06351],[-81.74161,46.0679],[-81.74281,46.02186],[-81.7928,46.06164],[-81.71725,46.10274],[-81.97141,46.09105],[-82.18429,46.11686],[-82.22373,46.14261],[-82.35139,46.15575],[-82.31609,46.17123],[-82.33302,46.18726],[-82.47076,46.19621],[-82.64176,46.1574],[-82.69624,46.19904],[-83.05049,46.17008],[-83.10774,46.19644],[-83.13241,46.18593],[-83.49929,46.24648],[-83.61226,46.28583],[-83.68212,46.27029],[-83.78772,46.29955],[-83.85215,46.29291],[-83.88231,46.33133],[-84.04746,46.31523],[-84.12175,46.35622],[-84.07633,46.49078],[-84.13599,46.53355],[-84.22093,46.54089],[-84.2838,46.49594],[-84.41752,46.51452],[-84.48428,46.48956],[-84.47955,46.46522],[-84.53178,46.4819],[-84.59977,46.54769],[-84.5929,46.57831],[-84.4204,46.69087],[-84.44247,46.74931],[-84.48321,46.76142],[-84.52004,46.69844],[-84.57308,46.69622],[-84.53649,46.83161],[-84.5017,46.82281],[-84.48679,46.84403],[-84.44381,46.84475],[-84.41418,46.81543],[-84.35512,46.86924],[-84.479,46.93932],[-84.51645,46.92002],[-84.57769,46.9456],[-84.61517,46.88892],[-84.65771,46.95497],[-84.6852,46.96865],[-84.71695,46.95269],[-84.77927,46.97453],[-84.7921,47.00161],[-84.71186,47.10194],[-84.71311,47.18553],[-84.5895,47.28363],[-84.62398,47.3424],[-84.70683,47.37386],[-84.71965,47.4211],[-84.79299,47.47367],[-84.96075,47.53777],[-84.94936,47.55699],[-85.03915,47.60711],[-84.98322,47.66476],[-85.01157,47.70735],[-84.89706,47.7847],[-84.9303,47.79938],[-84.93914,47.8448],[-84.83842,47.92081],[-84.85904,47.95771],[-85.31735,47.95485],[-85.38318,47.92347],[-85.54738,47.91715],[-85.68294,47.92364],[-85.87519,47.98278],[-86.02163,48.07696],[-86.14473,48.24293],[-86.27278,48.57103],[-86.33344,48.60994],[-86.42862,48.7739],[-86.49184,48.7671],[-86.55062,48.73035],[-86.63695,48.72983],[-86.61561,48.77949],[-86.79403,48.78023],[-86.86483,48.74595],[-87.00335,48.8134],[-87.05988,48.78233],[-87.27086,48.75915],[-87.30401,48.77325],[-87.28951,48.79279],[-87.39056,48.80633],[-87.40828,48.83342],[-87.55421,48.83625],[-87.54136,48.86616],[-87.57566,48.87792],[-87.63332,48.85556],[-87.67274,48.89706],[-87.88885,48.94053],[-87.92917,48.92878],[-88.00634,48.9646],[-88.03229,49.01615],[-88.11273,48.99902],[-88.24851,48.94005],[-88.22661,48.8392],[-88.09419,48.78612],[-88.1055,48.68991],[-88.2355,48.57828],[-88.24715,48.61832],[-88.28403,48.58874],[-88.34108,48.64444],[-88.33125,48.58836],[-88.37567,48.53965],[-88.41238,48.5365],[-88.43511,48.56075],[-88.54498,48.4163],[-88.5669,48.51262],[-88.33867,48.67354],[-88.30111,48.75621],[-88.34238,48.81998],[-88.47468,48.84675],[-88.55141,48.74068],[-88.51678,48.7128],[-88.56272,48.63179],[-88.6305,48.60341],[-88.63663,48.51799],[-88.68986,48.49534],[-88.74709,48.34984],[-88.91014,48.32227],[-88.75271,48.55879],[-88.77173,48.57481],[-89.15034,48.47735],[-89.21833,48.43249],[-89.19803,48.31272],[-89.27415,48.2051],[-89.30812,48.20055],[-89.31445,48.12799],[-89.40484,48.06906],[-89.58583,48.00167],[-89.76669,48.02281],[-89.87117,47.98607],[-89.99403,48.02816],[-90.02325,48.08463],[-90.14366,48.11296],[-90.37442,48.09196],[-90.55271,48.09649],[-90.55978,48.12208],[-90.76159,48.09925],[-90.7759,48.16088],[-90.83121,48.1742],[-90.83845,48.23849],[-90.88611,48.2466],[-91.1162,48.16673],[-91.25118,48.08356],[-91.43229,48.04949],[-91.48912,48.0691],[-91.5679,48.04397],[-91.57003,48.0942],[-91.69165,48.11819],[-91.71493,48.19985],[-91.95946,48.23449],[-91.956,48.25278],[-92.00581,48.26457],[-92.00046,48.32118],[-92.05516,48.35905],[-92.26216,48.35458],[-92.30065,48.29025],[-92.26952,48.24764],[-92.37726,48.22852],[-92.47669,48.37042],[-92.45655,48.40029],[-92.50757,48.448],[-92.65508,48.43612],[-92.71256,48.46282],[-92.69878,48.49483],[-92.63056,48.50072],[-92.63541,48.54261],[-92.72984,48.53905],[-92.94992,48.62994],[-93.17863,48.6232],[-93.2536,48.64273],[-93.46501,48.59214],[-93.4666,48.54665],[-93.79416,48.51619],[-93.85696,48.63168],[-94.24401,48.65241],[-94.263,48.69608],[-94.30802,48.70929],[-94.4411,48.69423],[-94.58022,48.71774],[-94.6871,48.7787],[-94.69881,48.82616],[-94.59496,48.94329],[-94.50382,48.95399],[-94.36389,49.03844],[-94.3073,49.13732],[-94.1794,49.08944],[-94.12119,49.11783],[-93.99861,49.08109],[-93.9631,49.10683],[-94.08952,49.11802],[-94.04323,49.17892],[-94.21096,49.17539],[-94.32766,49.28794],[-94.46082,49.22968],[-94.5604,49.29619],[-94.64541,49.31228],[-94.63831,49.33321],[-94.56609,49.33343],[-94.67604,49.36626],[-94.72917,49.43894],[-94.71445,49.4895],[-94.60898,49.45396],[-94.31693,49.4924],[-94.32205,49.46204],[-94.26979,49.44954],[-94.27824,49.40808],[-94.20238,49.39995],[-94.23008,49.33141],[-94.03382,49.27545],[-94.03793,49.33069],[-93.99676,49.35117],[-94.01368,49.37719],[-94.06639,49.3901],[-94.07871,49.37489],[-94.17965,49.43723],[-94.20484,49.48241],[-94.33405,49.51429],[-94.3287,49.5428],[-94.42297,49.60367],[-94.30817,49.58966],[-94.29793,49.66722],[-94.36105,49.69103],[-94.35998,49.72844],[-94.43952,49.71767],[-94.48852,49.74405],[-94.51761,49.81391],[-94.55202,49.82566],[-94.53661,49.92696],[-94.58871,49.94535],[-94.58153,49.96442],[-94.66849,49.98552],[-94.68988,49.91146],[-94.64782,49.91477],[-94.58682,49.86783],[-94.57089,49.79138],[-94.5236,49.76141],[-94.56966,49.7513],[-94.55975,49.66674],[-94.65293,49.65388],[-94.66297,49.70094],[-94.69625,49.71447],[-94.80968,49.70971],[-94.87276,49.65359],[-94.80792,49.64854],[-94.78806,49.61459],[-94.94016,49.55733],[-94.99475,49.57313],[-94.97498,49.62347],[-94.99707,49.63526],[-95.11117,49.61454],[-95.10444,49.64919],[-95.15344,49.64535],[-95.15315,52.84057],[-93.62955,53.7502],[-88.98649,56.84705],[-88.87537,56.85744],[-88.83071,56.79878],[-88.66045,56.69875],[-88.21989,56.52186],[-87.98695,56.46926],[-87.72991,56.23588],[-87.62632,56.0939],[-87.50906,56.0548],[-87.47786,56.01643],[-87.20559,55.93461],[-86.9019,55.91431],[-86.37204,55.76465],[-86.26,55.70718],[-85.90282,55.65543],[-85.65253,55.57026],[-85.40226,55.407],[-85.12606,55.33357],[-85.12933,55.2744],[-85.09935,55.26055],[-84.98079,55.27923],[-84.78758,55.23639],[-84.50948,55.23821],[-84.30673,55.27804],[-84.19774,55.28139],[-84.0735,55.25279],[-83.88334,55.29455],[-83.69434,55.22226],[-83.69279,55.26791],[-83.33875,55.19861],[-83.20869,55.21352],[-83.14234,55.19784],[-82.97213,55.22389],[-82.91095,55.1974],[-82.88635,55.1483],[-82.8196,55.13026],[-82.66776,55.17193],[-82.51942,55.09442],[-82.45331,55.11622],[-82.4173,55.07563],[-82.30566,55.05894],[-82.3312,55.09306],[-82.30251,55.12067],[-82.25317,55.10948],[-82.26142,54.88881],[-82.21658,54.87642],[-82.20017,54.79409],[-82.29007,54.65116],[-82.32055,54.50112],[-82.42984,54.34888],[-82.43659,54.25469],[-82.3949,54.1641],[-82.23429,54.02913],[-82.12632,53.81982],[-82.21788,53.59101],[-82.11479,53.26414],[-82.26076,53.16921],[-82.28178,52.96657],[-82.24935,52.92554],[-82.11151,52.88139],[-81.95958,52.77789],[-81.87789,52.66073],[-81.55246,52.44671],[-81.56282,52.39204],[-81.52482,52.33273],[-81.56053,52.28627],[-81.48004,52.25705],[-81.38455,52.11608],[-81.16015,52.04131],[-80.98909,52.01143],[-80.88111,51.89869],[-80.65535,51.79178],[-80.57425,51.71186],[-80.49849,51.52405],[-80.42795,51.45182],[-80.43214,51.37212],[-80.38444,51.33933],[-80.11344,51.29089],[-79.99021,51.24386],[-79.90393,51.17618],[-79.79827,51.15755],[-79.68132,51.2527],[-79.74151,51.3518],[-79.5726,51.45783],[-79.51585,51.46068],[-79.51708,47.53316],[-79.58647,47.44564],[-79.42684,47.25007],[-79.44299,47.101],[-79.27683,46.89526],[-79.21401,46.83324],[-79.17082,46.82522],[-79.09432,46.6883],[-79.01525,46.62685],[-78.98987,46.54886],[-78.89272,46.46192],[-78.72711,46.38287],[-78.7115,46.32601],[-78.38839,46.29169],[-78.31236,46.25237],[-78.26049,46.27394],[-78.12994,46.2745],[-77.78393,46.19591],[-77.69781,46.18293],[-77.67573,46.19876],[-77.27633,46.00854],[-77.67454,45.46518],[-77.1623,45.09316]],[[-93.96127,49.4342],[-94.02069,49.41554],[-93.98544,49.39268],[-93.8589,49.42219],[-93.96127,49.4342]]]}},{"type":"Feature","id":"709","properties":{"area_code":"709","provinces":["NL"]},"geometry":{"type":"MultiPolygon","coordinates":[[[[-57.2643,53.99121],[-57.39819,54.17627],[-57.48824,54.19418],[-57.57566,54.17795],[-57.64035,54.2046],[-57.79258,54.21391],[-57.82974,54.19633],[-58.04425,54.23157],[-58.37304,54.18724],[-58.40102,54.12849],[-58.32591,54.11123],[-58.31607,54.08551],[-58.24985,54.09003],[-58.16839,54.13103],[-57.84076,54.10449],[-57.76765,54.0691],[-57.93904,54.0665],[-58.13818,54.09379],[-58.37952,54.02293],[-58.55695,54.007],[-58.70401,53.95394],[-58.83911,53.94145],[-58.85513,53.89503],[-59.05714,53.78798],[-59.00548,53.74026],[-59.01775,53.71091],[-59.07469,53.71254],[-59.06719,53.68712],[-59.15835,53.6705],[-59.20213,53.69298],[-59.30715,53.69461],[-59.31649,53.66658],[-59.57341,53.52841],[-59.70292,53.53483],[-59.72571,53.51343],[-59.82635,53.54064],[-59.90156,53.52594],[-59.85607,53.49868],[-60.00226,53.39621],[-60.06686,53.50277],[-60.11136,53.49583],[-60.13883,53.51912],[-60.08602,53.55806],[-60.13167,53.6221],[-60.06567,53.72483],[-60.09397,53.74561],[-60.05485,53.76545],[-59.97925,53.78773],[-59.84736,53.78731],[-59.82988,53.81147],[-59.89121,53.81707],[-59.84128,53.84666],[-59.55891,53.81973],[-59.48156,53.83193],[-59.16702,53.93842],[-59.00724,53.95173],[-58.92427,54.01445],[-59.01157,54.02757],[-58.94877,54.04162],[-58.63577,54.02645],[-58.43447,54.14881],[-58.37291,54.21989],[-58.5464,54.1845],[-58.69456,54.11663],[-58.74337,54.1222],[-58.98521,54.05793],[-59.50773,53.98823],[-59.49201,54.03381],[-59.38857,54.02596],[-59.22307,54.08061],[-58.8938,54.13653],[-58.69771,54.13995],[-58.43085,54.23324],[-58.21349,54.24795],[-58.24739,54.27586],[-58.10538,54.30951],[-58.23349,54.32702],[-58.16414,54.3577],[-57.84211,54.39248],[-57.82556,54.365],[-57.78343,54.38501],[-57.61512,54.37241],[-57.49454,54.42567],[-57.50202,54.44455],[-57.42266,54.44767],[-57.41725,54.46537],[-57.66301,54.45944],[-57.68444,54.47561],[-57.41255,54.484],[-57.36362,54.50097],[-57.33668,54.57802],[-57.37227,54.59319],[-57.39779,54.57524],[-57.4399,54.65035],[-57.66323,54.62155],[-57.70626,54.63311],[-57.82621,54.73121],[-57.93008,54.74422],[-57.99789,54.70543],[-58.00526,54.73203],[-58.17857,54.7373],[-58.1699,54.75474],[-58.00294,54.74705],[-57.84844,54.78867],[-57.82611,54.82228],[-57.86229,54.82589],[-57.86954,54.79292],[-57.95047,54.81761],[-57.96187,54.86618],[-57.9257,54.87721],[-57.92394,54.91164],[-58.17568,54.84589],[-58.21291,54.86242],[-58.20681,54.79478],[-58.39879,54.7747],[-58.37082,54.74373],[-58.41831,54.72977],[-58.43609,54.75945],[-58.50418,54.76443],[-58.553,54.80087],[-58.5895,54.78511],[-58.6701,54.79563],[-58.72043,54.82744],[-58.84917,54.80391],[-58.91414,54.84059],[-58.88667,54.90375],[-58.93062,54.90371],[-58.9402,54.87117],[-58.98618,54.86816],[-59.00812,54.89208],[-58.88504,54.93339],[-58.97751,55.00428],[-59.03353,55.00225],[-58.94329,55.06693],[-58.9893,55.14808],[-59.04554,55.14491],[-59.06406,55.10332],[-59.10334,55.1253],[-59.20921,55.08639],[-59.21548,55.05222],[-59.2866,55.00959],[-59.30944,55.01954],[-59.22465,55.10999],[-59.14907,55.12724],[-59.11857,55.22576],[-59.19826,55.19282],[-59.22742,55.2099],[-59.25842,55.19506],[-59.34755,55.08979],[-59.60286,54.94575],[-59.76893,54.88675],[-59.81671,54.77006],[-59.89885,54.75584],[-59.81317,54.83393],[-59.85148,54.84062],[-59.84898,54.86503],[-59.72387,54.92951],[-59.73471,54.96147],[-59.6078,55.00165],[-59.55168,55.04749],[-59.50679,55.04775],[-59.41813,55.15473],[-59.49573,55.21874],[-59.59299,55.1544],[-59.59695,55.19181],[-59.62249,55.19031],[-59.62926,55.15225],[-59.76754,55.14105],[-59.78285,55.11509],[-59.95113,55.12748],[-59.95267,55.14983],[-59.79959,55.17352],[-59.77388,55.20332],[-59.73206,55.1966],[-59.70285,55.25535],[-59.79351,55.31419],[-59.90936,55.2305],[-59.94644,55.24332],[-60.04106,55.19938],[-60.08568,55.12688],[-60.24966,55.03875],[-60.24035,55.08916],[-60.10362,55.15903],[-60.06658,55.25685],[-60.12603,55.22789],[-60.16562,55.26117],[-60.21426,55.24106],[-60.23908,55.25837],[-60.34666,55.16744],[-60.42153,55.16271],[-60.59623,55.02393],[-60.64593,55.02874],[-60.36777,55.21984],[-60.36802,55.25473],[-60.5088,55.20236],[-60.52847,55.21415],[-60.3959,55.29525],[-60.34617,55.38565],[-60.18655,55.45015],[-60.25059,55.50503],[-60.30216,55.46347],[-60.31639,55.49376],[-60.3966,55.43068],[-60.41215,55.37342],[-60.45458,55.41457],[-60.33682,55.48597],[-60.29027,55.56219],[-60.30322,55.57561],[-60.40582,55.52685],[-60.38234,55.60828],[-60.46384,55.62448],[-60.46895,55.65181],[-60.35296,55.66828],[-60.37287,55.68807],[-60.30478,55.77251],[-60.50858,55.77452],[-60.62488,55.58767],[-60.64752,55.59487],[-60.60975,55.63059],[-60.65123,55.65685],[-60.57835,55.69657],[-60.62328,55.82423],[-60.71705,55.73904],[-60.76487,55.72445],[-60.83629,55.74251],[-60.8876,55.72215],[-60.9171,55.74248],[-60.72708,55.78412],[-60.71249,55.83318],[-60.89804,55.8579],[-61.08514,55.83791],[-61.16658,55.8842],[-61.05885,55.88915],[-61.13338,55.9788],[-61.21555,55.95283],[-61.40951,55.97196],[-61.37801,55.9905],[-61.44469,56.02661],[-61.35974,56.01918],[-61.35284,56.04751],[-61.31481,56.04402],[-61.31007,56.07081],[-61.4328,56.03972],[-61.47048,56.0637],[-61.34214,56.10539],[-61.38346,56.15053],[-61.41498,56.12981],[-61.43804,56.14924],[-61.36415,56.22916],[-61.55621,56.18956],[-61.68608,56.22119],[-61.79269,56.1888],[-61.81691,56.21161],[-62.02221,56.2223],[-62.08195,56.28498],[-62.05362,56.30002],[-61.94676,56.27124],[-61.90658,56.2946],[-61.77828,56.28199],[-61.78924,56.25559],[-61.73997,56.24212],[-61.61628,56.27055],[-61.65877,56.31744],[-61.79464,56.31532],[-61.77306,56.35445],[-61.82319,56.40217],[-62.04721,56.42381],[-62.07596,56.40992],[-62.16286,56.45247],[-61.95924,56.45511],[-62.0164,56.48238],[-62.08592,56.48048],[-62.01412,56.52981],[-61.93835,56.49703],[-61.78576,56.48015],[-61.72627,56.48946],[-61.68771,56.53154],[-61.73052,56.57019],[-61.8782,56.59043],[-61.94056,56.57312],[-62.23334,56.60346],[-62.2094,56.61841],[-61.91894,56.60315],[-61.95322,56.63373],[-62.0462,56.62241],[-62.14215,56.67706],[-62.36822,56.71272],[-62.3793,56.74287],[-61.95065,56.6396],[-61.6858,56.61073],[-61.65472,56.64182],[-61.81177,56.68569],[-61.69943,56.7196],[-61.74095,56.74748],[-61.86561,56.75862],[-61.89011,56.7257],[-61.92448,56.79489],[-61.79653,56.78189],[-61.65613,56.80495],[-61.65939,56.86374],[-61.57985,56.90099],[-61.56209,56.94663],[-61.48191,56.97901],[-61.37802,56.9752],[-61.36214,57.09377],[-61.47772,57.15688],[-61.70285,57.14321],[-61.66235,57.22936],[-61.75551,57.16522],[-61.77686,57.18499],[-61.86956,57.17466],[-61.90759,57.21152],[-61.96741,57.20186],[-61.99845,57.24788],[-61.95296,57.24239],[-61.8595,57.27857],[-61.90319,57.35785],[-61.82868,57.34904],[-61.80682,57.37085],[-61.9548,57.42634],[-62.19725,57.46309],[-62.2273,57.43729],[-62.36859,57.41856],[-62.5472,57.49338],[-62.50835,57.5024],[-62.36697,57.4457],[-62.26478,57.5382],[-62.13955,57.52044],[-62.07303,57.58418],[-61.89004,57.62644],[-61.90644,57.67713],[-61.94351,57.66322],[-61.97106,57.68014],[-61.95074,57.7123],[-62.02206,57.78766],[-62.10033,57.78361],[-62.14668,57.80825],[-62.08267,57.81038],[-62.06192,57.83273],[-61.95987,57.77903],[-61.88982,57.80124],[-61.86776,57.84159],[-61.88571,57.87107],[-61.95047,57.8766],[-61.92859,57.91033],[-62.0395,57.8996],[-62.06538,57.87303],[-62.12295,57.95507],[-62.22679,57.9207],[-62.35403,57.96512],[-62.41749,57.87602],[-62.42448,57.95498],[-62.50575,57.97313],[-62.49827,57.99308],[-62.37769,57.9878],[-62.31186,58.04257],[-62.34969,58.05528],[-62.37865,58.0374],[-62.41053,58.07212],[-62.37287,58.10193],[-62.46558,58.09818],[-62.50052,58.1165],[-62.44414,58.16582],[-62.54083,58.16301],[-62.52236,58.11923],[-62.55364,58.11072],[-62.62674,58.13433],[-62.66023,58.11236],[-62.69833,58.13685],[-62.94699,58.1203],[-62.99472,58.07998],[-63.09096,58.06418],[-63.13147,57.99379],[-63.24168,57.99317],[-63.14431,58.01888],[-63.14864,58.05024],[-63.2143,58.05602],[-63.03591,58.10647],[-62.97713,58.15118],[-62.79767,58.17158],[-62.66643,58.16091],[-62.58328,58.20521],[-62.57974,58.22456],[-62.70665,58.27727],[-62.63232,58.29139],[-62.64155,58.4218],[-62.56012,58.4755],[-62.60845,58.49587],[-62.92221,58.47166],[-63.00948,58.41234],[-63.03063,58.44581],[-63.06916,58.443],[-63.12483,58.39042],[-63.09053,58.45841],[-63.13192,58.47504],[-63.26623,58.4599],[-63.52354,58.31143],[-63.54378,58.33565],[-63.42654,58.38009],[-63.29906,58.49211],[-63.11181,58.51471],[-63.10263,58.53809],[-62.90363,58.59562],[-62.9244,58.61401],[-62.87004,58.63525],[-62.85305,58.69549],[-62.9843,58.71142],[-62.90976,58.74422],[-62.89306,58.79306],[-62.92062,58.82459],[-62.96954,58.82495],[-63.02986,58.89378],[-63.092,58.88858],[-63.11508,58.86312],[-63.22916,58.86733],[-63.17145,58.92177],[-63.18484,58.98433],[-63.25779,58.94449],[-63.30947,58.94612],[-63.22378,58.99335],[-63.29707,59.0154],[-63.28955,59.03242],[-63.18902,59.02163],[-63.14114,59.02937],[-63.14157,59.05337],[-63.39541,59.09004],[-63.55124,59.03167],[-63.65256,59.03716],[-63.73882,59.00839],[-63.77899,59.03621],[-63.98368,59.07075],[-63.91718,59.0816],[-63.70791,59.05055],[-63.58427,59.05764],[-63.44874,59.09917],[-63.36136,59.18576],[-63.4247,59.23067],[-63.37515,59.2675],[-63.47198,59.26918],[-63.58698,59.20157],[-63.50939,59.31075],[-63.54165,59.33923],[-63.69378,59.32837],[-63.73326,59.25638],[-63.72736,59.339],[-63.8062,59.37314],[-64.05286,59.40076],[-64.00001,59.41527],[-63.82453,59.3989],[-63.72041,59.49333],[-63.74944,59.53337],[-63.86295,59.56873],[-63.89511,59.61607],[-63.94107,59.60414],[-64.02341,59.62495],[-64.04398,59.55646],[-64.08555,59.544],[-64.04069,59.64342],[-63.95594,59.63236],[-63.91592,59.65463],[-63.95161,59.68189],[-64.16676,59.68687],[-64.24046,59.73967],[-64.27097,59.78559],[-64.24036,59.78902],[-64.18021,59.77214],[-64.18298,59.73423],[-64.1016,59.69429],[-63.9347,59.75551],[-64.027,59.78401],[-64.06498,59.87308],[-64.14077,59.80427],[-64.17737,59.85403],[-64.12567,59.89808],[-64.22304,59.94552],[-64.30438,59.94862],[-64.16129,59.97647],[-64.15686,60.01375],[-64.32278,60.05409],[-64.39447,59.93756],[-64.36512,60.05194],[-64.40957,60.05721],[-64.41708,60.08779],[-64.36724,60.07936],[-64.36752,60.12619],[-64.40605,60.12643],[-64.44048,60.06519],[-64.51428,60.0726],[-64.48835,60.12005],[-64.40334,60.1472],[-64.37729,60.24488],[-64.52477,60.29981],[-64.85378,60.26941],[-64.86394,60.2282],[-64.74556,60.16863],[-64.60247,60.16701],[-64.59372,60.11703],[-64.7353,60.10955],[-64.70799,60.08461],[-64.74271,60.05613],[-64.89588,60.06621],[-64.84023,59.97032],[-64.78278,59.9804],[-64.73219,59.95052],[-64.66223,59.95255],[-64.64098,59.90745],[-64.68378,59.8772],[-64.74152,59.8893],[-64.82522,59.82561],[-64.79212,59.81218],[-64.80153,59.72477],[-64.76049,59.70656],[-64.88951,59.66216],[-64.86871,59.58642],[-64.92706,59.59318],[-64.93944,59.56705],[-64.83963,59.55334],[-64.67983,59.44691],[-64.43377,59.54197],[-64.32407,59.51277],[-64.5116,59.42298],[-64.53834,59.37078],[-64.4933,59.34958],[-64.54354,59.31044],[-64.4886,59.25711],[-64.52185,59.19674],[-64.47271,59.18039],[-64.49031,59.09908],[-64.37603,59.09261],[-64.26179,59.01296],[-64.4603,58.98151],[-64.49778,59.01943],[-64.52276,59.00256],[-64.67028,59.03861],[-64.68326,59.0747],[-64.77924,59.07496],[-64.86502,59.0154],[-64.83927,58.937],[-64.82071,58.91689],[-64.73067,58.95078],[-64.65165,58.94375],[-64.55018,58.88746],[-64.33254,58.90456],[-64.23366,58.86411],[-64.2297,58.78365],[-64.17878,58.78904],[-64.13779,58.74617],[-64.06971,58.76909],[-64.04534,58.81035],[-63.86219,58.83198],[-63.77768,58.88406],[-63.63596,58.8487],[-63.59534,58.85718],[-63.49216,58.76855],[-63.50679,58.74257],[-63.61928,58.72386],[-63.8551,58.69644],[-63.90997,58.71025],[-63.95025,58.68525],[-64.04722,58.70263],[-64.10793,58.63965],[-64.10494,58.56323],[-63.97358,58.52964],[-63.90737,58.57349],[-63.85819,58.5638],[-63.85869,58.50451],[-63.80785,58.48975],[-63.88111,58.42944],[-63.98658,58.44436],[-64.02254,58.37102],[-64.17222,58.36187],[-64.21778,58.24773],[-64.42173,58.18667],[-64.43309,58.06991],[-64.25096,58.03872],[-64.072,57.77002],[-64.02595,57.7644],[-63.99725,57.81208],[-63.9386,57.78855],[-63.90385,57.79825],[-63.88342,57.71261],[-63.84748,57.71902],[-63.78987,57.68751],[-63.75363,57.72074],[-63.73529,57.6628],[-63.65942,57.70182],[-63.66806,57.72394],[-63.59677,57.74125],[-63.59873,57.66384],[-63.64995,57.62006],[-63.77192,57.59245],[-63.76126,57.43933],[-63.71031,57.42263],[-63.7013,57.36833],[-63.85582,57.3343],[-63.88337,57.27762],[-63.86698,57.22612],[-63.80914,57.26216],[-63.73714,57.2216],[-63.82015,57.0755],[-63.89008,57.08608],[-63.89193,57.01277],[-63.85777,56.99921],[-63.91413,56.97763],[-63.8674,56.88338],[-64.01298,56.84985],[-64.01276,56.77868],[-64.07891,56.767],[-64.14531,56.69975],[-64.09084,56.65383],[-64.02486,56.65301],[-64.05046,56.60635],[-63.93106,56.53376],[-63.93063,56.46621],[-63.87292,56.44897],[-63.99302,56.40821],[-64.15274,56.44111],[-64.17798,56.42524],[-64.11536,56.40211],[-64.09935,56.35191],[-64.14344,56.31197],[-64.08738,56.25689],[-63.91291,56.26353],[-63.91149,56.23083],[-63.86293,56.21259],[-64.03596,56.15488],[-64.01805,56.06726],[-63.85618,56.13714],[-63.81105,56.08463],[-63.83787,56.04504],[-63.73126,56.07015],[-63.63672,56.02352],[-63.44355,56.02952],[-63.48736,55.98748],[-63.56301,56.00589],[-63.73394,55.92802],[-63.79258,55.93146],[-63.8451,55.87907],[-63.77361,55.85605],[-63.77702,55.80148],[-63.71714,55.78037],[-63.67538,55.792],[-63.72514,55.72664],[-63.71598,55.65767],[-63.6685,55.65229],[-63.66547,55.54599],[-63.78059,55.46546],[-63.6654,55.42305],[-63.31979,55.41181],[-63.32485,55.36605],[-63.55192,55.34489],[-63.59073,55.33319],[-63.54206,55.30967],[-63.67948,55.26689],[-63.54741,55.22547],[-63.46264,55.25526],[-63.42266,55.24303],[-63.43187,55.21134],[-63.56292,55.18762],[-63.54155,55.1601],[-63.61137,55.0908],[-63.55639,55.03444],[-63.60613,55.00839],[-63.55753,54.98994],[-63.60453,54.92625],[-63.66128,54.89995],[-63.82052,54.94796],[-63.84903,54.86261],[-63.81716,54.81692],[-63.92401,54.77841],[-63.80296,54.72564],[-63.71263,54.62495],[-63.81338,54.65079],[-63.91144,54.60425],[-63.97442,54.62012],[-64.05428,54.60091],[-64.19019,54.72797],[-64.27558,54.72797],[-64.39747,54.79049],[-64.48529,54.79372],[-64.47481,54.75215],[-64.55688,54.71366],[-64.77809,54.73347],[-64.74787,54.81399],[-64.78387,54.84282],[-64.85682,54.84006],[-64.84693,54.87377],[-64.91504,54.92001],[-65.00956,54.93096],[-65.08581,54.96956],[-65.12645,54.96148],[-65.13452,54.92819],[-65.17289,54.9336],[-65.20962,54.84796],[-65.3257,54.84868],[-65.35584,54.81876],[-65.45634,54.84924],[-65.48666,54.82007],[-65.43462,54.78418],[-65.45553,54.72858],[-65.59255,54.74304],[-65.69012,54.71153],[-65.85307,54.85594],[-65.84985,54.92721],[-66.06449,54.92907],[-66.14358,54.9823],[-66.26028,55.00018],[-66.49534,55.20511],[-66.51642,55.19532],[-66.60279,55.26898],[-66.66977,55.26944],[-66.77846,55.35239],[-66.82373,55.30697],[-66.70723,55.22712],[-66.7489,55.2157],[-66.74674,55.15853],[-66.78867,55.11841],[-66.75494,55.11357],[-66.73504,55.04405],[-66.62561,54.98387],[-66.74937,55.0],[-66.74222,54.96948],[-66.60265,54.81351],[-66.65943,54.77022],[-66.72367,54.78862],[-66.73053,54.76674],[-66.67951,54.74492],[-66.69631,54.72595],[-66.87566,54.81601],[-66.92705,54.80217],[-67.03985,54.86808],[-67.25748,55.02127],[-67.24373,55.05964],[-67.32284,55.08907],[-67.40963,55.08863],[-67.4637,55.06286],[-67.39976,54.95786],[-67.0629,54.69293],[-67.13855,54.62454],[-67.22023,54.61814],[-67.23118,54.58757],[-67.27992,54.58526],[-67.27782,54.54871],[-67.22781,54.52527],[-67.24494,54.50003],[-67.34924,54.51699],[-67.46764,54.58376],[-67.52429,54.57549],[-67.47311,54.5201],[-67.50041,54.48151],[-67.58166,54.49411],[-67.59264,54.469],[-67.66656,54.4793],[-67.68576,54.44615],[-67.7275,54.4574],[-67.76696,54.43681],[-67.7247,54.38686],[-67.74804,54.35026],[-67.67996,54.31192],[-67.67733,54.24168],[-67.6283,54.21275],[-67.67532,54.15876],[-67.76504,54.157],[-67.81025,54.12813],[-67.76184,54.08605],[-67.82169,54.0257],[-67.69984,53.9766],[-67.66926,53.93028],[-67.59631,53.92169],[-67.61424,53.88489],[-67.49961,53.82686],[-67.59222,53.7575],[-67.5,53.75727],[-67.50632,53.71906],[-67.39685,53.68288],[-67.39473,53.61465],[-67.31355,53.58415],[-67.32371,53.559],[-67.2863,53.54352],[-67.25741,53.55739],[-67.21877,53.53034],[-67.06202,53.53708],[-66.99582,53.46424],[-66.94452,53.47605],[-66.92495,53.4545],[-66.9661,53.36462],[-67.02705,53.33465],[-66.95433,53.28357],[-66.95962,53.18169],[-67.00613,53.16848],[-66.98443,53.08791],[-67.04161,53.07607],[-67.06118,53.14194],[-67.11528,53.11195],[-67.15423,53.14723],[-67.27391,53.18012],[-67.28721,53.14392],[-67.39234,53.12086],[-67.31682,52.87545],[-67.26853,52.87771],[-67.1549,52.82282],[-67.15555,52.84983],[-67.05413,52.86808],[-67.06701,52.77512],[-67.0343,52.74702],[-66.94958,52.7596],[-66.89477,52.67668],[-66.8494,52.67789],[-66.87684,52.71347],[-66.74789,52.70306],[-66.75406,52.7515],[-66.64638,52.78894],[-66.66401,52.88548],[-66.62587,52.95426],[-66.57731,52.9368],[-66.50732,52.95014],[-66.46222,53.00013],[-66.4753,53.04253],[-66.43215,53.04822],[-66.36109,53.01441],[-66.26117,52.87433],[-66.29494,52.86014],[-66.41103,52.8724],[-66.30864,52.72861],[-66.33908,52.68463],[-66.27769,52.63447],[-66.3093,52.60459],[-66.38866,52.68228],[-66.43992,52.62949],[-66.37819,52.56474],[-66.35558,52.47322],[-66.39081,52.46594],[-66.34404,52.36042],[-66.41988,52.38302],[-66.49052,52.34164],[-66.47042,52.25566],[-66.4381,52.22347],[-66.40269,52.22656],[-66.35684,52.1766],[-66.37979,52.16261],[-66.33011,52.13593],[-66.26942,52.1492],[-66.31257,52.28552],[-66.26004,52.30927],[-66.20836,52.23409],[-66.10908,52.20196],[-66.07593,52.15503],[-66.09636,52.10781],[-65.9962,52.05474],[-65.95478,52.09988],[-65.89771,52.07607],[-65.84204,52.11647],[-65.73834,52.08522],[-65.68657,52.10375],[-65.64856,52.08092],[-65.67991,52.04151],[-65.6468,51.9873],[-65.62054,52.04301],[-65.54845,52.03893],[-65.4901,52.10211],[-65.49608,52.05021],[-65.35478,51.94274],[-65.39757,51.89085],[-65.35505,51.82988],[-65.30023,51.87797],[-65.25387,51.86147],[-65.25479,51.82336],[-65.16961,51.82208],[-65.18606,51.77561],[-65.08259,51.7462],[-65.04922,51.76965],[-64.93071,51.71426],[-64.92468,51.77786],[-64.70975,51.75595],[-64.55436,51.5758],[-64.45533,51.62462],[-64.41733,51.67496],[-64.33713,51.66529],[-64.27829,51.74638],[-64.3527,51.84928],[-64.34169,51.9859],[-64.2801,51.97475],[-64.23395,51.9909],[-64.29187,52.07765],[-64.25154,52.07975],[-64.25385,52.12148],[-64.1608,52.14601],[-64.24656,52.2754],[-64.22558,52.3025],[-64.18005,52.30641],[-64.16656,52.36016],[-64.10923,52.39406],[-64.14846,52.51382],[-64.21112,52.5736],[-64.15455,52.60343],[-64.12435,52.69927],[-64.1461,52.71451],[-64.12422,52.73205],[-63.93742,52.73102],[-63.87294,52.77396],[-63.81898,52.75853],[-63.72149,52.77031],[-63.71954,52.79897],[-63.59406,52.85147],[-63.61653,52.77418],[-63.39646,52.68234],[-63.42941,52.64552],[-63.85096,52.62247],[-64.03795,52.56106],[-64.09352,52.46607],[-64.01272,52.36259],[-63.87321,52.3225],[-63.82686,52.33084],[-63.74816,52.2555],[-63.70017,52.16546],[-63.70201,52.08762],[-63.648,52.04876],[-63.83225,52.08149],[-63.80811,51.99785],[-61.80652,51.99581],[-59.74075,51.99762],[-57.10776,51.99849],[-57.10854,51.4154],[-56.99886,51.41655],[-56.95511,51.4259],[-56.95509,51.47304],[-56.88704,51.47764],[-56.86234,51.45872],[-56.81958,51.48346],[-56.83017,51.51992],[-56.71545,51.57297],[-56.69758,51.63153],[-56.51641,51.67278],[-56.43026,51.73313],[-56.33563,51.74811],[-56.33435,51.77506],[-56.21419,51.78471],[-55.96475,51.91445],[-55.89389,51.9604],[-55.90282,51.97976],[-55.7782,52.02362],[-55.75983,52.06026],[-55.7868,52.07339],[-55.68788,52.08575],[-55.68216,52.16315],[-55.71624,52.18021],[-55.62874,52.20624],[-55.65593,52.22901],[-55.7055,52.22926],[-55.8259,52.31973],[-55.89687,52.32776],[-56.14762,52.42859],[-55.8033,52.33333],[-55.7215,52.37887],[-55.63852,52.34809],[-55.61942,52.36339],[-55.64096,52.42509],[-55.75456,52.45081],[-55.71828,52.47306],[-55.76518,52.49584],[-55.83188,52.49641],[-55.82737,52.51227],[-55.97277,52.50183],[-56.11792,52.54384],[-56.11797,52.56856],[-56.00155,52.55203],[-55.98394,52.5679],[-56.05116,52.58049],[-55.96903,52.59507],[-55.93669,52.6356],[-55.79132,52.59818],[-55.73493,52.65198],[-55.80497,52.69846],[-55.95053,52.67682],[-56.01482,52.74768],[-56.07035,52.77587],[-56.10908,52.76893],[-56.12697,52.79675],[-56.00601,52.77781],[-55.9655,52.7874],[-55.97593,52.8214],[-55.90972,52.81842],[-55.90171,52.84721],[-55.79591,52.83888],[-55.80237,52.88534],[-55.88736,52.94258],[-55.87403,53.00688],[-56.05258,52.99172],[-56.07735,53.03213],[-55.9415,53.01151],[-55.90035,53.0293],[-55.85567,53.09135],[-55.76225,53.12122],[-55.74207,53.16763],[-55.7889,53.19105],[-55.72861,53.24563],[-55.76708,53.26555],[-55.76887,53.22809],[-55.82094,53.2416],[-55.86628,53.30955],[-55.79757,53.32452],[-56.03595,53.43681],[-56.02634,53.46599],[-56.15574,53.4977],[-56.25265,53.55591],[-56.15843,53.5529],[-55.99207,53.49618],[-55.97541,53.54663],[-56.16417,53.59585],[-56.22777,53.57227],[-56.29535,53.58171],[-56.34719,53.55542],[-56.36275,53.57099],[-56.31661,53.59358],[-56.27482,53.58793],[-56.26416,53.60864],[-56.30609,53.62618],[-56.40446,53.60472],[-56.62047,53.65381],[-56.66172,53.68218],[-56.57529,53.66989],[-56.55911,53.69846],[-56.44233,53.71264],[-56.40706,53.74679],[-56.44108,53.77342],[-56.61188,53.74203],[-56.58474,53.7008],[-56.67536,53.72439],[-56.68332,53.75547],[-56.75143,53.71758],[-56.80721,53.73943],[-56.84804,53.70897],[-56.95377,53.72819],[-57.05213,53.66645],[-57.04364,53.63378],[-57.12839,53.62032],[-57.12623,53.53342],[-57.29043,53.45571],[-57.27165,53.53321],[-57.31437,53.53716],[-57.33539,53.60552],[-57.41728,53.58608],[-57.44345,53.62961],[-57.11663,53.73088],[-57.14784,53.78237],[-57.07944,53.80584],[-57.08081,53.83079],[-57.17864,53.864],[-57.19568,53.95054],[-57.2643,53.99121]]],[[[-55.43143,51.57523],[-55.49062,51.59775],[-55.57271,51.58938],[-55.59861,51.56199],[-55.66625,51.59943],[-55.74544,51.55546],[-55.70997,51.50233],[-55.8086,51.49178],[-55.90037,51.54915],[-55.86129,51.60801],[-55.9077,51.62919],[-56.07515,51.54405],[-56.43418,51.41421],[-56.64143,51.36691],[-56.78414,51.26066],[-56.8025,51.23282],[-56.77217,51.21991],[-56.81639,51.1838],[-56.80086,51.135],[-56.86977,51.12881],[-56.87277,51.08557],[-56.94559,51.03789],[-56.90645,51.02526],[-56.93971,50.99592],[-57.01003,51.00548],[-57.01102,51.02402],[-57.0735,51.01938],[-56.96159,50.92293],[-57.07564,50.79618],[-57.17028,50.75107],[-57.22225,50.75611],[-57.23857,50.73185],[-57.39316,50.71568],[-57.39449,50.69221],[-57.35423,50.69629],[-57.31318,50.67047],[-57.26898,50.60775],[-57.15721,50.63067],[-57.17697,50.60217],[-57.26103,50.59577],[-57.32146,50.61926],[-57.37591,50.60038],[-57.40642,50.52595],[-57.47466,50.47651],[-57.61007,50.16966],[-57.77286,49.96661],[-57.76282,49.93896],[-57.82626,49.8974],[-57.80697,49.85546],[-57.86855,49.83647],[-57.87217,49.79092],[-57.94413,49.72674],[-57.95297,49.60131],[-57.87531,49.5119],[-57.91751,49.50769],[-57.97968,49.5594],[-58.02151,49.55448],[-58.17054,49.46247],[-58.23552,49.39229],[-58.25481,49.28503],[-58.2038,49.23035],[-58.01715,49.20858],[-57.96219,49.2337],[-57.98843,49.18147],[-58.11152,49.17966],[-58.07517,49.14277],[-57.98944,49.1468],[-58.04449,49.11311],[-58.1302,49.13895],[-58.15149,49.11743],[-58.1192,49.0417],[-58.0609,48.99237],[-57.96629,48.97404],[-57.91014,48.98685],[-57.89099,48.96761],[-57.94473,48.95676],[-58.07826,48.97768],[-58.16241,49.0608],[-58.37653,49.06234],[-58.36352,49.14703],[-58.40755,49.12849],[-58.46974,49.0168],[-58.5,49.00748],[-58.53849,48.8762],[-58.68686,48.68591],[-58.65571,48.64303],[-58.71403,48.561],[-58.80082,48.5647],[-58.83454,48.58617],[-58.91171,48.56211],[-58.90493,48.59146],[-58.96559,48.61622],[-58.91769,48.70207],[-59.09798,48.62701],[-59.21888,48.54726],[-59.26871,48.46589],[-59.01863,48.52551],[-58.94306,48.50817],[-58.73001,48.55322],[-58.58467,48.54285],[-58.50811,48.4994],[-58.46632,48.51794],[-58.43204,48.48864],[-58.47726,48.43123],[-58.68835,48.36354],[-58.68725,48.33786],[-58.97974,48.13016],[-59.20659,48.03951],[-59.31798,47.94367],[-59.39366,47.9225],[-59.41152,47.89748],[-59.36861,47.83853],[-59.32907,47.82898],[-59.30715,47.75914],[-59.3074,47.64416],[-59.21579,47.58096],[-59.17452,47.60005],[-59.17092,47.56604],[-59.13879,47.56472],[-58.61483,47.62252],[-58.53946,47.65218],[-58.43685,47.63903],[-58.31358,47.76205],[-58.29207,47.75028],[-58.33922,47.69214],[-58.30291,47.68006],[-58.1454,47.68078],[-58.10777,47.69963],[-57.96796,47.66045],[-57.93227,47.69734],[-57.89065,47.6912],[-57.91288,47.65434],[-57.80071,47.6299],[-57.73678,47.66302],[-57.67159,47.6162],[-57.33979,47.64912],[-57.32901,47.58471],[-57.20663,47.59746],[-57.1594,47.63163],[-57.1361,47.5746],[-57.00936,47.59123],[-56.80461,47.53505],[-56.71236,47.5854],[-56.66256,47.57809],[-56.65283,47.60513],[-56.70854,47.61416],[-56.69794,47.63231],[-56.43889,47.60226],[-56.24952,47.63194],[-56.15347,47.68608],[-56.16308,47.7312],[-56.13407,47.75001],[-56.11511,47.69141],[-56.04797,47.70204],[-55.97194,47.76485],[-55.86568,47.78404],[-55.81507,47.87875],[-55.77758,47.86729],[-55.82865,47.83313],[-55.82058,47.76056],[-55.92816,47.67771],[-55.91978,47.64242],[-55.86111,47.61584],[-55.78712,47.63457],[-55.96185,47.55402],[-56.17329,47.51371],[-56.15769,47.47842],[-56.11651,47.46444],[-55.84253,47.55846],[-55.83215,47.50534],[-55.90244,47.47745],[-55.81243,47.45534],[-55.73096,47.46713],[-55.71555,47.50598],[-55.64828,47.50673],[-55.66058,47.5243],[-55.6302,47.54104],[-55.58776,47.51071],[-55.63457,47.45862],[-55.57336,47.43832],[-55.40961,47.4892],[-55.40122,47.6203],[-55.4764,47.62479],[-55.42624,47.67609],[-55.20347,47.63246],[-55.14469,47.64104],[-55.13751,47.57713],[-55.03897,47.60136],[-54.97871,47.59377],[-54.73883,47.67736],[-54.86325,47.60506],[-54.84029,47.55938],[-54.95212,47.51095],[-55.17067,47.47206],[-55.27368,47.40787],[-55.3331,47.25177],[-55.46272,47.18905],[-55.50133,47.13227],[-55.52254,47.1423],[-55.6814,47.08788],[-55.77407,47.11003],[-55.97388,46.9965],[-55.97082,46.91114],[-55.83192,46.86318],[-55.74939,46.85847],[-55.7165,46.8794],[-55.63337,46.87549],[-55.57424,46.92072],[-55.51122,46.91404],[-55.47853,46.87747],[-55.38389,46.87424],[-55.34728,46.90205],[-55.30159,46.9012],[-55.24043,46.93299],[-55.16191,47.04957],[-55.10844,47.05566],[-55.06977,47.10144],[-55.12743,47.19258],[-55.09932,47.20219],[-55.07111,47.17222],[-55.01662,47.18005],[-55.0446,47.23692],[-54.82788,47.40905],[-54.73436,47.35563],[-54.57867,47.42529],[-54.61368,47.36283],[-54.58719,47.34906],[-54.47745,47.43777],[-54.4432,47.4201],[-54.40477,47.4518],[-54.45919,47.49523],[-54.26958,47.70613],[-54.18915,47.86035],[-54.06485,47.83159],[-54.07921,47.81137],[-54.04661,47.79349],[-54.01853,47.82369],[-54.01572,47.76673],[-53.96947,47.76439],[-53.96506,47.68668],[-53.9301,47.60823],[-53.90087,47.60364],[-53.89602,47.52951],[-53.93526,47.45067],[-53.82941,47.4266],[-53.90221,47.39674],[-53.93124,47.30426],[-54.00678,47.28056],[-53.99375,47.25319],[-54.19095,46.93653],[-54.19922,46.82234],[-54.05841,46.8013],[-53.99465,46.83492],[-53.89997,46.89573],[-53.78093,47.04022],[-53.74909,47.03447],[-53.7098,47.08964],[-53.6406,47.10891],[-53.55736,47.21016],[-53.52979,47.16249],[-53.59116,47.08384],[-53.56873,47.06981],[-53.64535,47.00325],[-53.61507,46.98989],[-53.6239,46.94107],[-53.56761,46.95751],[-53.52534,46.94141],[-53.65976,46.8225],[-53.61037,46.75793],[-53.65164,46.70682],[-53.61546,46.63559],[-53.57805,46.61257],[-53.52702,46.61677],[-53.4014,46.71243],[-53.3447,46.71949],[-53.33231,46.69529],[-53.2795,46.72122],[-53.22361,46.6385],[-53.12204,46.63654],[-53.0724,46.65841],[-53.03336,46.74897],[-52.9513,46.78639],[-52.93938,46.87349],[-52.89233,46.9398],[-52.90384,47.00053],[-52.85245,47.06206],[-52.92632,47.08811],[-52.8512,47.14892],[-52.84881,47.21016],[-52.79842,47.24408],[-52.81981,47.27884],[-52.74628,47.31023],[-52.67523,47.44028],[-52.68926,47.47034],[-52.61941,47.52323],[-52.68612,47.54262],[-52.65986,47.64641],[-52.72114,47.668],[-52.69931,47.69519],[-52.71885,47.76003],[-52.76293,47.76295],[-52.80602,47.80366],[-52.85857,47.62888],[-52.91759,47.54508],[-53.08333,47.47069],[-53.12736,47.38629],[-53.14957,47.40175],[-53.13658,47.44882],[-53.16737,47.45207],[-53.18646,47.42617],[-53.22409,47.46256],[-53.18132,47.5314],[-53.19318,47.57283],[-53.21688,47.5574],[-53.27408,47.62178],[-53.19537,47.65254],[-53.1766,47.71644],[-53.21793,47.72733],[-53.09224,47.83152],[-53.05747,47.94242],[-52.99218,47.98324],[-52.96086,48.06787],[-52.92001,48.09283],[-52.86121,48.09325],[-52.89342,48.15285],[-52.94271,48.17523],[-53.01618,48.07889],[-53.11043,48.03605],[-53.1699,48.06287],[-53.30645,48.00489],[-53.47575,47.7877],[-53.50446,47.64383],[-53.56758,47.61189],[-53.54119,47.58629],[-53.55163,47.52662],[-53.61272,47.53828],[-53.62612,47.56279],[-53.71195,47.57252],[-53.68122,47.68798],[-53.71767,47.68234],[-53.76257,47.62002],[-53.86806,47.78045],[-53.85599,47.82837],[-53.82301,47.78485],[-53.7718,47.79278],[-53.63484,47.9942],[-53.63915,48.04822],[-53.81151,47.99618],[-53.922,48.01073],[-53.93798,48.02708],[-53.81275,48.01566],[-53.67469,48.05962],[-53.71522,48.08407],[-53.93898,48.08133],[-53.93031,48.12953],[-53.97551,48.18719],[-53.94027,48.23342],[-53.84466,48.18636],[-53.76257,48.19491],[-53.71183,48.16501],[-53.64472,48.17515],[-53.38412,48.28363],[-53.39116,48.32571],[-53.31118,48.37854],[-53.21203,48.34921],[-53.19508,48.37927],[-53.10397,48.41006],[-53.03765,48.53477],[-53.00267,48.54829],[-53.032,48.6565],[-53.09957,48.67418],[-53.26161,48.52163],[-53.32846,48.54128],[-53.32873,48.59265],[-53.36204,48.61147],[-53.4582,48.61792],[-53.53325,48.46778],[-53.57433,48.45149],[-53.60609,48.50527],[-53.65134,48.44677],[-53.71033,48.44112],[-53.6432,48.50487],[-53.67602,48.53598],[-53.78984,48.47571],[-53.86905,48.36936],[-53.91021,48.38083],[-53.82354,48.46831],[-53.852,48.47611],[-53.99333,48.40549],[-54.08856,48.40572],[-54.14906,48.34505],[-54.19416,48.39365],[-54.11436,48.42794],[-54.01571,48.42],[-53.94195,48.46743],[-53.77414,48.51144],[-53.80989,48.54551],[-53.76023,48.565],[-53.89321,48.56356],[-53.87458,48.5865],[-53.6226,48.67391],[-53.64773,48.69572],[-53.71428,48.66062],[-53.75507,48.7153],[-53.79476,48.71971],[-54.03737,48.67807],[-53.96441,48.7031],[-53.96619,48.74907],[-53.91349,48.73269],[-53.8696,48.76742],[-53.88377,48.78954],[-53.83231,48.80608],[-53.84906,48.83604],[-53.94515,48.84186],[-53.98828,48.81188],[-54.05818,48.81229],[-54.18019,48.76269],[-54.21999,48.76614],[-54.15528,48.82493],[-53.99831,48.82407],[-53.98804,48.86261],[-53.81803,48.94581],[-53.86683,48.95603],[-53.7785,48.98936],[-53.76042,49.01512],[-53.78188,49.02427],[-53.62496,49.03439],[-53.59561,49.05472],[-53.60924,49.1224],[-53.54872,49.1482],[-53.5292,49.22089],[-53.48645,49.22983],[-53.50593,49.274],[-53.70319,49.33499],[-53.68083,49.36074],[-53.78542,49.39833],[-53.96903,49.45747],[-54.02772,49.4344],[-54.02404,49.46875],[-54.07892,49.47572],[-54.16423,49.45604],[-54.18169,49.38336],[-54.2183,49.41107],[-54.25326,49.39689],[-54.31085,49.41314],[-54.31911,49.44106],[-54.38081,49.42259],[-54.42562,49.39015],[-54.41701,49.32783],[-54.49439,49.29253],[-54.46152,49.47648],[-54.53591,49.46463],[-54.4618,49.54474],[-54.50251,49.55789],[-54.5552,49.54033],[-54.70288,49.37069],[-54.79677,49.35586],[-54.80322,49.29816],[-54.84521,49.28635],[-54.86516,49.35517],[-54.83954,49.40013],[-54.87793,49.40627],[-54.90709,49.36828],[-54.87452,49.3412],[-54.89338,49.29083],[-54.96343,49.30942],[-55.01222,49.27979],[-55.03672,49.3233],[-55.07508,49.32236],[-55.07372,49.28308],[-55.29512,49.21007],[-55.311,49.17037],[-55.27652,49.09343],[-55.30723,49.07242],[-55.35247,49.18467],[-55.24364,49.25652],[-55.23079,49.39809],[-55.20587,49.3848],[-55.17389,49.41185],[-55.13589,49.48665],[-55.19516,49.54466],[-55.33772,49.53018],[-55.25699,49.40676],[-55.32183,49.33079],[-55.35597,49.34848],[-55.3091,49.37043],[-55.3644,49.3974],[-55.33094,49.46019],[-55.35324,49.47065],[-55.4443,49.42432],[-55.38961,49.48657],[-55.40742,49.50653],[-55.45979,49.49452],[-55.47734,49.45328],[-55.5385,49.43913],[-55.55477,49.39771],[-55.58141,49.42058],[-55.53638,49.48313],[-55.57758,49.48882],[-55.68436,49.40717],[-55.71077,49.4484],[-55.77031,49.45346],[-55.75997,49.47347],[-55.84932,49.53113],[-56.00738,49.49309],[-56.08613,49.43201],[-56.14194,49.43088],[-56.06592,49.5016],[-55.84222,49.57261],[-55.83195,49.61711],[-55.9448,49.60647],[-55.85603,49.67642],[-55.98295,49.69855],[-56.07466,49.66257],[-56.00468,49.72665],[-55.85526,49.79293],[-55.69473,49.83093],[-55.56378,49.91309],[-55.51382,49.91675],[-55.47668,49.96053],[-55.53293,50.00584],[-55.61132,49.96407],[-55.69923,49.96986],[-55.7328,49.92908],[-55.87169,49.98064],[-55.90526,50.0308],[-55.95526,50.03635],[-55.99967,49.98865],[-56.0272,50.03477],[-56.14675,49.98287],[-56.09256,50.08843],[-56.1682,50.15611],[-56.33357,50.03299],[-56.45248,49.89565],[-56.47583,49.90319],[-56.61898,49.81482],[-56.81157,49.59583],[-56.80455,49.73332],[-56.90906,49.75646],[-56.76245,49.84912],[-56.72965,49.95402],[-56.77325,49.97407],[-56.75487,50.02382],[-56.57113,50.16576],[-56.39898,50.40743],[-56.13156,50.63742],[-56.11091,50.67462],[-56.17886,50.70379],[-56.18796,50.73975],[-56.15743,50.80098],[-56.16006,50.86766],[-56.19054,50.87686],[-56.15456,50.89996],[-56.12099,50.87956],[-56.15158,50.75982],[-56.10337,50.72272],[-55.86671,50.93687],[-55.83307,50.92155],[-55.80174,51.04421],[-55.72968,51.0946],[-55.76686,51.16019],[-55.73001,51.17535],[-55.74757,51.20079],[-55.85979,51.22531],[-55.95915,51.20095],[-56.00053,51.16516],[-56.04581,51.22988],[-56.02963,51.29993],[-56.1012,51.31985],[-56.07102,51.36677],[-55.98015,51.33586],[-55.81265,51.34906],[-55.61426,51.30868],[-55.56168,51.34521],[-55.58195,51.38039],[-55.55968,51.3923],[-55.51894,51.35729],[-55.49604,51.38182],[-55.46962,51.46988],[-55.51038,51.48759],[-55.44501,51.50813],[-55.46678,51.53741],[-55.43143,51.57523]]],[[[-61.41765,56.87678],[-61.34279,56.92271],[-61.49803,56.95138],[-61.59088,56.89058],[-61.63449,56.85778],[-61.6147,56.8024],[-61.66415,56.7636],[-61.63993,56.74236],[-61.71453,56.66818],[-61.57714,56.69418],[-61.45607,56.60746],[-61.40813,56.606],[-61.37813,56.74353],[-61.39234,56.78417],[-61.46671,56.8072],[-61.36885,56.84331],[-61.41765,56.87678]]],[[[-54.10369,49.74463],[-54.16226,49.74671],[-54.21577,49.69912],[-54.24626,49.73097],[-54.29358,49.70051],[-54.29239,49.67271],[-54.3246,49.66698],[-54.31973,49.57647],[-54.28974,49.56213],[-54.11,49.61408],[-54.11616,49.63118],[-53.99638,49.64955],[-54.10369,49.74463]]],[[[-53.52724,48.19782],[-53.69412,48.14585],[-53.78271,48.17907],[-53.85281,48.1635],[-53.9467,48.20977],[-53.94609,48.1738],[-53.85705,48.09033],[-53.685,48.09627],[-53.61715,48.07751],[-53.54833,48.09203],[-53.52724,48.19782]]],[[[-54.55048,49.64926],[-54.63096,49.60817],[-54.68182,49.61665],[-54.68333,49.5886],[-54.76189,49.5348],[-54.8999,49.59701],[-54.87154,49.48312],[-54.74328,49.50393],[-54.7558,49.52654],[-54.63356,49.54116],[-54.55378,49.58019],[-54.55048,49.64926]]],[[[-61.09648,56.18076],[-61.16939,56.13431],[-61.16044,56.09169],[-61.24822,56.08824],[-61.21088,56.03839],[-61.03634,56.00652],[-60.96577,56.09522],[-61.10106,56.13798],[-61.06374,56.15751],[-61.09648,56.18076]]],[[[-61.35778,56.52199],[-61.40195,56.50623],[-61.48296,56.5402],[-61.6159,56.54753],[-61.53136,56.49299],[-61.62873,56.45907],[-61.22586,56.43879],[-61.22945,56.46769],[-61.27263,56.47752],[-61.37303,56.46902],[-61.35778,56.52199]]],[[[-61.88232,57.58396],[-61.93898,57.54954],[-62.04045,57.54157],[-61.9771,57.45774],[-61.87066,57.45251],[-61.78576,57.50876],[-61.78104,57.54634],[-61.88232,57.58396]]],[[[-61.65162,57.52522],[-61.76013,57.52864],[-61.81645,57.47028],[-61.92004,57.43116],[-61.66663,57.38075],[-61.60572,57.40647],[-61.69878,57.43968],[-61.65162,57.52522]]],[[[-61.65239,57.77984],[-61.80508,57.83767],[-61.90457,57.77511],[-61.90149,57.74715],[-61.83729,57.76652],[-61.744,57.70235],[-61.6851,57.70166],[-61.65239,57.77984]]],[[[-61.46969,56.39272],[-61.53603,56.37986],[-61.79363,56.40091],[-61.73256,56.35629],[-61.48629,56.30667],[-61.41995,56.36654],[-61.46969,56.39272]]],[[[-54.12528,47.67312],[-54.27156,47.46486],[-54.34963,47.40559],[-54.32519,47.39531],[-54.24335,47.40378],[-54.12528,47.67312]]],[[[-55.93848,47.70423],[-56.10381,47.66054],[-56.10052,47.62943],[-55.88627,47.60809],[-55.93523,47.65135],[-55.93848,47.70423]]],[[[-55.77466,53.47151],[-55.9508,53.47832],[-55.98225,53.462],[-55.95553,53.42426],[-55.88809,53.40868],[-55.80463,53.41629],[-55.77466,53.47151]]],[[[-55.477,50.80074],[-55.5758,50.77454],[-55.64678,50.77965],[-55.66394,50.72126],[-55.57883,50.69216],[-55.52747,50.71472],[-55.477,50.80074]]],[[[-60.74561,55.93695],[-60.8288,55.94672],[-60.84462,55.85875],[-60.73575,55.86884],[-60.663,55.90996],[-60.68022,55.92219],[-60.7286,55.90282],[-60.74561,55.93695]]],[[[-61.14727,56.6807],[-61.25206,56.61599],[-61.22224,56.58008],[-61.05596,56.62307],[-61.14727,56.6807]]],[[[-61.61572,57.32448],[-61.70583,57.37361],[-61.76889,57.35521],[-61.78149,57.31923],[-61.72442,57.28752],[-61.6659,57.28567],[-61.61572,57.32448]]],[[[-55.28252,51.99418],[-55.30562,52.00414],[-55.39374,51.96183],[-55.43054,51.89505],[-55.36239,51.88337],[-55.28252,51.99418]]],[[[-60.93206,55.93333],[-61.05147,55.93592],[-61.01871,55.87213],[-60.88697,55.87118],[-60.93206,55.93333]]],[[[-55.73965,53.0728],[-55.84498,53.08388],[-55.86008,53.01783],[-55.75842,53.02496],[-55.73965,53.0728]]],[[[-56.80683,53.79039],[-56.95397,53.81093],[-56.99392,53.80303],[-56.93535,53.74303],[-56.80683,53.79039]]],[[[-58.35886,54.09389],[-58.48682,54.10064],[-58.54791,54.06511],[-58.52531,54.04587],[-58.41759,54.06181],[-58.35886,54.09389]]],[[[-54.68506,49.49412],[-54.75381,49.45834],[-54.7829,49.42584],[-54.762,49.40836],[-54.70192,49.40546],[-54.66553,49.48],[-54.68506,49.49412]]],[[[-57.24822,54.57216],[-57.32042,54.56807],[-57.34827,54.49561],[-57.24478,54.51179],[-57.24822,54.57216]]],[[[-55.55361,50.98504],[-55.64066,50.96325],[-55.63242,50.9117],[-55.58394,50.88332],[-55.55361,50.98504]]],[[[-55.86283,47.77659],[-55.97471,47.75089],[-56.00498,47.72881],[-55.8979,47.72975],[-55.86283,47.77659]]],[[[-54.08277,47.68899],[-54.10833,47.60149],[-54.10339,47.50276],[-54.06556,47.52867],[-54.09212,47.5805],[-54.06436,47.64803],[-54.08277,47.68899]]],[[[-60.10744,55.3761],[-60.17465,55.35168],[-60.19692,55.30926],[-60.16448,55.28853],[-60.10498,55.32526],[-60.10744,55.3761]]],[[[-55.68811,49.5607],[-55.7427,49.56132],[-55.74305,49.50094],[-55.69602,49.50028],[-55.66812,49.52427],[-55.68811,49.5607]]],[[[-55.582,49.59851],[-55.67936,49.60422],[-55.73138,49.56582],[-55.59199,49.58409],[-55.582,49.59851]]],[[[-61.74916,56.46019],[-61.87222,56.4688],[-61.88148,56.43822],[-61.79793,56.42683],[-61.73837,56.43797],[-61.74916,56.46019]]],[[[-58.67909,55.00243],[-58.74607,54.91739],[-58.68526,54.89938],[-58.64787,54.9163],[-58.67909,55.00243]]],[[[-57.1414,53.64966],[-57.0989,53.64109],[-57.03712,53.69395],[-57.10775,53.70301],[-57.1414,53.64966]]],[[[-55.85788,52.58614],[-55.93636,52.61087],[-55.99937,52.57575],[-55.89144,52.553],[-55.85788,52.58614]]],[[[-64.53398,60.34106],[-64.45043,60.29244],[-64.43021,60.37771],[-64.53398,60.34106]]],[[[-54.71092,49.67532],[-54.76827,49.64637],[-54.71431,49.59483],[-54.69412,49.62618],[-54.71092,49.67532]]],[[[-52.91452,47.65524],[-52.97914,47.64224],[-53.0178,47.61441],[-52.98388,47.59688],[-52.91452,47.65524]]],[[[-55.1282,49.31426],[-55.18377,49.34666],[-55.20442,49.26848],[-55.1282,49.31426]]],[[[-59.94762,55.39425],[-59.9977,55.39316],[-60.06739,55.34121],[-59.97855,55.35165],[-59.94762,55.39425]]],[[[-60.29913,55.35655],[-60.33632,55.35147],[-60.34912,55.29217],[-60.29541,55.33467],[-60.29913,55.35655]]],[[[-55.55785,49.54085],[-55.65954,49.53596],[-55.64787,49.50252],[-55.57204,49.52433],[-55.55785,49.54085]]],[[[-55.78684,52.93994],[-55.77787,53.01239],[-55.84154,53.00139],[-55.78684,52.93994]]],[[[-61.4246,56.55717],[-61.43441,56.58351],[-61.5379,56.58842],[-61.5643,56.56796],[-61.4246,56.55717]]],[[[-54.14912,47.40923],[-54.18577,47.41599],[-54.21934,47.36898],[-54.15043,47.37299],[-54.14912,47.40923]]],[[[-62.2161,57.49825],[-62.22887,57.51934],[-62.28758,57.50195],[-62.27852,57.45994],[-62.2161,57.49825]]],[[[-53.63396,48.86671],[-53.69219,48.86612],[-53.75333,48.83487],[-53.71675,48.8185],[-53.63396,48.86671]]],[[[-54.38023,49.67272],[-54.42675,49.6087],[-54.4079,49.58825],[-54.37515,49.64368],[-54.38023,49.67272]]],[[[-55.78628,49.59002],[-55.81615,49.55079],[-55.79539,49.52875],[-55.76995,49.54615],[-55.78628,49.59002]]],[[[-55.81882,52.76601],[-55.87551,52.77695],[-55.88185,52.74994],[-55.80781,52.73541],[-55.81882,52.76601]]],[[[-61.21245,56.38559],[-61.27351,56.35283],[-61.33091,56.37954],[-61.34103,56.34879],[-61.26889,56.34172],[-61.21245,56.38559]]],[[[-60.30805,55.84519],[-60.34461,55.80161],[-60.27656,55.78669],[-60.2661,55.79923],[-60.30805,55.84519]]],[[[-63.0372,58.55054],[-63.09398,58.52105],[-63.09004,58.49792],[-63.03903,58.48889],[-63.0372,58.55054]]],[[[-55.88143,47.30039],[-55.97051,47.27066],[-55.85872,47.2564],[-55.88143,47.30039]]],[[[-61.78942,57.23216],[-61.88616,57.24912],[-61.84179,57.21231],[-61.78942,57.23216]]],[[[-62.69508,58.57086],[-62.74804,58.53803],[-62.7183,58.52515],[-62.63907,58.53919],[-62.69508,58.57086]]],[[[-62.19065,58.01652],[-62.22968,58.00279],[-62.2209,57.97266],[-62.13919,57.9927],[-62.19065,58.01652]]],[[[-55.80101,52.55229],[-55.85762,52.56119],[-55.86052,52.53451],[-55.8093,52.53634],[-55.80101,52.55229]]],[[[-61.44387,56.2572],[-61.48144,56.28894],[-61.51988,56.26086],[-61.44387,56.2572]]],[[[-54.1755,47.84843],[-54.19653,47.81617],[-54.19241,47.79923],[-54.14492,47.80379],[-54.1755,47.84843]]],[[[-60.86427,56.00577],[-60.9327,55.9634],[-60.84355,55.97465],[-60.82085,55.99972],[-60.86427,56.00577]]],[[[-61.55682,56.65042],[-61.6255,56.64373],[-61.6263,56.60881],[-61.55682,56.65042]]],[[[-57.20998,50.839],[-57.251,50.84021],[-57.27699,50.81671],[-57.23748,50.79581],[-57.20998,50.839]]],[[[-55.73768,50.23055],[-55.78252,50.22607],[-55.75687,50.19916],[-55.70667,50.2009],[-55.73768,50.23055]]],[[[-61.17399,56.84723],[-61.21459,56.8106],[-61.14367,56.79552],[-61.09443,56.81516],[-61.17399,56.84723]]],[[[-61.64499,57.88775],[-61.65155,57.92222],[-61.73654,57.9099],[-61.74222,57.89062],[-61.64499,57.88775]]],[[[-61.50846,57.2805],[-61.53477,57.25773],[-61.49086,57.22811],[-61.46405,57.2728],[-61.50846,57.2805]]],[[[-55.73142,53.51664],[-55.80266,53.52603],[-55.82509,53.50875],[-55.75714,53.48187],[-55.72547,53.48783],[-55.73142,53.51664]]],[[[-60.0,55.31749],[-60.09256,55.29402],[-60.03223,55.28169],[-60.0,55.31749]]],[[[-53.68127,48.80648],[-53.72627,48.8013],[-53.70963,48.77546],[-53.67686,48.78333],[-53.68127,48.80648]]],[[[-61.56772,56.42783],[-61.586,56.44824],[-61.65362,56.44882],[-61.64376,56.42616],[-61.56772,56.42783]]],[[[-53.66392,47.00839],[-53.70296,46.99736],[-53.72355,46.95414],[-53.68497,46.96699],[-53.66392,47.00839]]],[[[-54.20606,47.71812],[-54.24317,47.73611],[-54.23987,47.69411],[-54.20606,47.71812]]],[[[-61.66939,57.64249],[-61.66881,57.67539],[-61.7253,57.67396],[-61.70464,57.63957],[-61.66939,57.64249]]],[[[-61.50882,57.435],[-61.57537,57.444],[-61.53677,57.40519],[-61.50882,57.435]]],[[[-61.27583,56.15809],[-61.31885,56.12955],[-61.26623,56.11987],[-61.27583,56.15809]]],[[[-61.06268,56.88016],[-61.10436,56.88108],[-61.10818,56.86132],[-61.06848,56.85407],[-61.06268,56.88016]]],[[[-61.25506,56.22068],[-61.29905,56.21569],[-61.28684,56.19064],[-61.24312,56.19723],[-61.25506,56.22068]]],[[[-53.6969,48.89188],[-53.7718,48.86726],[-53.73087,48.85727],[-53.6969,48.89188]]],[[[-60.99101,55.95503],[-61.08661,55.97735],[-61.09057,55.95727],[-60.99101,55.95503]]],[[[-53.74367,48.96198],[-53.79189,48.97297],[-53.80871,48.9447],[-53.74367,48.96198]]],[[[-55.57299,52.25655],[-55.6466,52.27055],[-55.62591,52.23841],[-55.57299,52.25655]]],[[[-61.49115,57.51859],[-61.50911,57.48758],[-61.45274,57.48639],[-61.45317,57.51154],[-61.49115,57.51859]]],[[[-64.26185,60.19819],[-64.29488,60.1868],[-64.29231,60.15659],[-64.2432,60.15525],[-64.26185,60.19819]]],[[[-62.10374,57.48075],[-62.08274,57.49851],[-62.11655,57.51075],[-62.15435,57.48995],[-62.10374,57.48075]]],[[[-55.35498,47.56437],[-55.39002,47.56232],[-55.39183,47.54354],[-55.35143,47.53139],[-55.35498,47.56437]]],[[[-54.78622,47.27051],[-54.83129,47.27483],[-54.81691,47.24546],[-54.78622,47.27051]]],[[[-54.38619,47.51447],[-54.40938,47.47358],[-54.38173,47.47543],[-54.38619,47.51447]]]]}},{"type":"Feature","id":"780","properties":{"area_code":"780","provinces":["AB"]},"geometry":{"type":"Polygon","coordinates":[[[-110.00506,51.38915],[-113.2949,52.35284],[-116.00286,51.20444],[-116.15913,51.27581],[-116.16413,51.29779],[-116.26802,51.31193],[-116.31143,51.38496],[-116.28247,51.40684],[-116.29243,51.4618],[-116.3606,51.47087],[-116.39089,51.54559],[-116.45293,51.56055],[-116.47141,51.60468],[-116.59502,51.66183],[-116.58118,51.69728],[-116.68208,51.81215],[-116.74423,51.80661],[-116.8186,51.73556],[-116.80974,51.70535],[-116.92057,51.7098],[-117.03432,51.85981],[-117.01946,51.89136],[-117.10318,51.95652],[-117.19722,51.98013],[-117.30506,52.07431],[-117.3173,52.19404],[-117.33404,52.14864],[-117.38126,52.13772],[-117.52312,52.15825],[-117.61126,52.14426],[-117.66353,52.19789],[-117.81832,52.22635],[-117.83958,52.27413],[-117.7058,52.36534],[-117.7665,52.41769],[-117.88693,52.42609],[-117.98798,52.50024],[-118.0529,52.44956],[-118.04417,52.39846],[-118.13805,52.4075],[-118.21277,52.37034],[-118.25534,52.44954],[-118.19335,52.47782],[-118.28915,52.53849],[-118.27278,52.56596],[-118.33257,52.58017],[-118.35449,52.63368],[-118.29014,52.67769],[-118.34329,52.70889],[-118.34282,52.73856],[-118.42241,52.77579],[-118.40317,52.85076],[-118.44446,52.85223],[-118.44828,52.88529],[-118.50014,52.90638],[-118.61383,52.88372],[-118.61342,52.93601],[-118.66977,52.98342],[-118.64077,52.99933],[-118.65535,53.0348],[-118.75906,53.06578],[-118.73234,53.11925],[-118.78652,53.15922],[-118.94744,53.23894],[-119.02383,53.23195],[-118.99942,53.19276],[-119.04688,53.14491],[-119.14601,53.19118],[-119.23272,53.18177],[-119.40608,53.36809],[-119.6689,53.36783],[-119.72542,53.38875],[-119.83016,53.51473],[-119.85386,53.49993],[-119.89948,53.51913],[-119.86226,53.54851],[-119.9027,53.62016],[-119.74873,53.59337],[-119.71341,53.61458],[-119.79738,53.70777],[-119.90798,53.7106],[-119.88824,53.77948],[-119.94234,53.77586],[-119.99999,53.80623],[-120.0,60.0],[-110.0,60.0],[-110.00506,51.38915]]]}},{"type":"Feature","id":"819","properties":{"area_code":"819","provinces":["QC"]},"geometry":{"type":"MultiPolygon","coordinates":[[[[-74.60978,47.14459],[-74.38999,45.56717],[-74.63806,45.63876],[-74.94301,45.64341],[-75.03547,45.59381],[-75.24261,45.58551],[-75.39104,45.52418],[-75.67757,45.46085],[-75.79702,45.37832],[-75.84259,45.37597],[-75.98716,45.47965],[-76.08988,45.51385],[-76.20101,45.51888],[-76.23348,45.50783],[-76.24508,45.46861],[-76.36174,45.45709],[-76.60798,45.53183],[-76.6738,45.58151],[-76.71091,45.72114],[-76.76582,45.74683],[-76.77873,45.87135],[-76.92758,45.89225],[-76.912,45.80967],[-76.93535,45.78909],[-77.05367,45.81058],[-77.19033,45.86386],[-77.2784,45.94889],[-77.27633,46.00854],[-77.67573,46.19876],[-77.69781,46.18293],[-77.78393,46.19591],[-78.12994,46.2745],[-78.26049,46.27394],[-78.31236,46.25237],[-78.38839,46.29169],[-78.7115,46.32601],[-78.72711,46.38287],[-78.89272,46.46192],[-78.98987,46.54886],[-79.01525,46.62685],[-79.09432,46.6883],[-79.17082,46.82522],[-79.21401,46.83324],[-79.43499,47.08423],[-79.42684,47.25007],[-79.58103,47.41511],[-79.58647,47.44564],[-79.51708,47.53316],[-79.50314,51.47852],[-79.5348,51.53602],[-79.36038,51.65513],[-79.31117,51.66361],[-79.22468,51.62744],[-79.25855,51.56798],[-79.2398,51.52681],[-79.10302,51.5327],[-79.05099,51.50689],[-78.98104,51.45866],[-78.9489,51.33259],[-78.87201,51.34278],[-78.89128,51.39686],[-78.75881,51.48689],[-78.82494,51.50678],[-78.84262,51.60015],[-78.92802,51.64653],[-78.94813,51.69595],[-78.99324,51.70422],[-79.03878,51.76314],[-78.85545,51.82271],[-78.83293,51.85571],[-78.87428,51.90342],[-78.86088,51.9379],[-78.72017,51.97407],[-78.71586,52.00577],[-78.58315,52.09953],[-78.53693,52.19721],[-78.56377,52.28999],[-78.49935,52.34156],[-78.54849,52.42181],[-78.50864,52.46054],[-78.53566,52.4949],[-78.73412,52.5602],[-78.69747,52.59915],[-78.77111,52.64833],[-78.72997,52.66123],[-78.7311,52.68978],[-78.85499,52.75463],[-78.81515,52.77749],[-78.7757,52.75615],[-78.71582,52.77561],[-78.7601,52.8237],[-78.74429,52.84829],[-78.81136,52.85454],[-78.90536,52.91395],[-78.81004,52.95851],[-78.79846,52.98781],[-78.92122,52.98517],[-78.97832,53.01141],[-78.92024,53.05705],[-78.97317,53.07903],[-78.89757,53.23944],[-78.90446,53.26265],[-78.96344,53.27694],[-78.97879,53.34995],[-78.94151,53.38645],[-78.99026,53.44297],[-79.09323,53.45696],[-79.11884,53.49844],[-78.99831,53.55536],[-78.94632,53.53878],[-78.89531,53.56628],[-79.01796,53.61331],[-79.00251,53.64247],[-79.03698,53.65481],[-78.9996,53.67925],[-79.08118,53.70135],[-79.04209,53.7308],[-79.07051,53.75183],[-79.04195,53.81327],[-79.07895,53.89589],[-78.99734,53.89288],[-79.01729,53.91775],[-79.09323,53.93012],[-79.08774,53.95415],[-79.05371,53.95097],[-79.06399,53.99712],[-79.00991,53.99815],[-79.02491,54.03754],[-79.09096,54.03323],[-79.12878,54.07916],[-79.05122,54.10607],[-79.10878,54.1317],[-79.07763,54.14791],[-79.10621,54.16283],[-79.36251,54.1883],[-79.29268,54.22152],[-79.40916,54.29498],[-79.46776,54.30471],[-79.47719,54.448],[-79.54057,54.55317],[-79.50531,54.58441],[-79.56971,54.62183],[-79.71498,54.63612],[-79.71241,54.65452],[-79.57579,54.71731],[-78.98029,54.83385],[-78.83616,54.91147],[-78.7668,54.90858],[-78.58108,54.96007],[-78.49266,55.00408],[-78.31031,55.04604],[-78.12621,55.15052],[-77.78328,55.27161],[-77.12094,55.66276],[-77.11871,55.72298],[-76.83016,55.92978],[-76.79901,56.00121],[-76.69,56.0492],[-76.6519,56.19438],[-76.6152,56.20285],[-76.62654,56.23686],[-76.54811,56.30102],[-76.52929,56.3731],[-76.55194,57.09664],[-76.62877,57.31207],[-76.71357,57.44801],[-76.75963,57.45942],[-76.85637,57.61489],[-76.84221,57.66285],[-76.92958,57.76714],[-77.19581,58.0236],[-77.50303,58.15348],[-77.45022,58.16302],[-77.51937,58.22706],[-77.5871,58.22543],[-77.68125,58.2755],[-78.05696,58.3759],[-78.02375,58.39131],[-78.10155,58.45267],[-78.14918,58.44672],[-78.2912,58.50848],[-78.39552,58.59042],[-78.36373,58.61399],[-78.44383,58.61982],[-78.42996,58.56402],[-78.39745,58.57105],[-78.36594,58.54378],[-78.42409,58.54072],[-78.4882,58.61695],[-78.58055,58.65841],[-78.50111,58.71701],[-78.57992,58.77131],[-78.52021,58.81217],[-78.58082,58.91484],[-78.50632,58.92926],[-78.51039,58.8955],[-78.36782,58.90689],[-78.28412,58.98787],[-78.31727,59.04983],[-78.22219,59.04709],[-78.21342,59.0787],[-78.12287,59.0939],[-78.18381,59.15248],[-78.11948,59.14919],[-78.13977,59.17859],[-78.09219,59.22057],[-78.00642,59.2225],[-78.00255,59.24181],[-77.84662,59.28],[-77.89767,59.31085],[-77.8076,59.32217],[-77.72966,59.38139],[-77.7387,59.41497],[-77.92627,59.39904],[-77.87166,59.45101],[-77.88856,59.50694],[-77.75165,59.53074],[-77.73569,59.57163],[-77.81972,59.67335],[-77.65394,59.70618],[-77.54178,59.69235],[-77.57339,59.74614],[-77.47044,59.75041],[-77.48768,59.76821],[-77.42152,59.78655],[-77.30476,59.78587],[-77.40936,59.93551],[-77.29659,59.99255],[-77.30896,60.01486],[-77.36571,60.02161],[-77.39244,60.05836],[-77.55971,60.04061],[-77.59503,60.06711],[-77.61435,60.10361],[-77.48005,60.12186],[-77.56051,60.17374],[-77.56191,60.197],[-77.50427,60.19698],[-77.50867,60.23308],[-77.65417,60.3614],[-77.71689,60.36577],[-77.77385,60.4053],[-77.5126,60.56113],[-77.65879,60.5404],[-77.78412,60.58834],[-77.83903,60.64355],[-77.71017,60.69069],[-77.64486,60.75081],[-77.65974,60.79017],[-77.51716,60.83088],[-77.85776,60.76376],[-77.90157,60.79129],[-77.99335,60.77659],[-78.18388,60.79092],[-78.211,60.8208],[-77.98873,60.99332],[-77.82537,61.05503],[-77.8238,61.1435],[-77.75458,61.19222],[-77.70445,61.18853],[-77.75925,61.23969],[-77.76043,61.37587],[-77.81652,61.44276],[-77.79053,61.46516],[-77.73921,61.44309],[-77.55877,61.47738],[-77.69418,61.51391],[-77.69259,61.53382],[-77.59954,61.55423],[-77.7296,61.59376],[-77.77767,61.66986],[-77.99648,61.70212],[-78.18289,62.1457],[-78.15787,62.29854],[-78.09098,62.36234],[-78.01685,62.36403],[-77.93917,62.41754],[-77.71859,62.46766],[-77.50696,62.57566],[-77.12848,62.5328],[-76.79347,62.52216],[-76.63979,62.47923],[-76.63899,62.4579],[-76.10101,62.37639],[-76.07507,62.33876],[-75.92011,62.34542],[-75.5993,62.275],[-75.51191,62.27063],[-75.46675,62.29886],[-75.31836,62.31348],[-74.96913,62.26583],[-74.69435,62.14074],[-74.66524,62.15585],[-74.71604,62.1991],[-74.67612,62.25473],[-74.41863,62.24253],[-74.20006,62.33294],[-73.96702,62.36999],[-73.86783,62.44806],[-73.6625,62.47629],[-73.56041,62.39846],[-73.19622,62.31583],[-73.19492,62.28081],[-73.05967,62.1836],[-72.90962,62.1595],[-72.88023,62.13169],[-72.75277,62.14586],[-72.60928,62.11345],[-72.59549,61.98384],[-72.6692,61.93478],[-72.57871,61.95155],[-72.42192,61.90467],[-72.22746,61.88027],[-72.13705,61.80932],[-72.21454,61.7682],[-72.19454,61.74263],[-72.07983,61.76013],[-72.00416,61.72178],[-72.01468,61.68918],[-71.93841,61.70784],[-71.80699,61.69465],[-71.54944,61.61304],[-71.54538,61.56261],[-71.77493,61.54512],[-71.72599,61.47225],[-71.87138,61.4344],[-71.64911,61.40285],[-71.74647,61.28544],[-71.63585,61.27281],[-71.53656,61.20781],[-71.44861,61.2262],[-71.43105,61.16424],[-71.37814,61.14628],[-71.21278,61.16071],[-71.17907,61.12344],[-71.15854,61.14374],[-71.02685,61.13421],[-70.88888,61.0855],[-70.71067,61.07868],[-70.67655,61.03185],[-70.56648,61.02164],[-70.49535,61.07043],[-70.46019,61.02612],[-70.40528,61.02367],[-70.42879,61.05676],[-70.36306,61.05547],[-70.3257,61.09105],[-70.25515,61.09796],[-70.2103,61.07787],[-70.15603,61.09247],[-70.10676,61.06967],[-70.15402,61.00716],[-70.08633,60.96111],[-70.04495,60.84358],[-69.98861,60.84427],[-69.9094,60.80223],[-69.78771,60.90378],[-69.74184,60.87671],[-69.64926,60.87435],[-69.67386,61.02603],[-69.59456,61.0812],[-69.50232,61.06723],[-69.44017,60.93008],[-69.37386,60.9203],[-69.37499,60.82338],[-69.42537,60.81523],[-69.42374,60.78219],[-69.62786,60.73527],[-69.62177,60.70783],[-69.68641,60.69766],[-69.64542,60.62806],[-69.67313,60.60131],[-69.62648,60.58826],[-69.81309,60.51544],[-69.68952,60.36491],[-69.74291,60.30422],[-69.658,60.2827],[-69.63975,60.23853],[-69.5853,60.2243],[-69.63843,60.13826],[-69.61837,60.0769],[-69.70862,60.05581],[-69.83292,60.0665],[-69.83736,60.01857],[-69.77818,60.01495],[-69.78179,59.96803],[-69.71293,59.96524],[-69.69937,59.8876],[-69.54376,59.86365],[-69.59391,59.83845],[-69.58037,59.75851],[-69.63385,59.70949],[-69.59974,59.68128],[-69.50349,59.67538],[-69.50063,59.63953],[-69.55721,59.59468],[-69.63785,59.58812],[-69.74383,59.50958],[-69.73826,59.48347],[-69.65757,59.46388],[-69.62894,59.37401],[-69.75291,59.31372],[-69.63901,59.30881],[-69.45005,59.35977],[-69.36057,59.34988],[-69.35262,59.3159],[-69.30731,59.30936],[-69.25844,59.33581],[-69.22957,59.24428],[-69.28273,59.21055],[-69.37179,59.23257],[-69.35482,59.19839],[-69.40656,59.19411],[-69.43941,59.22766],[-69.52063,59.17216],[-69.49972,59.10895],[-69.46532,59.13864],[-69.4306,59.10553],[-69.37497,59.12305],[-69.34316,59.09463],[-69.46835,59.01991],[-69.44723,58.88638],[-69.52019,58.86128],[-69.5539,58.80841],[-69.65527,58.79231],[-69.69022,58.82274],[-69.68981,58.96251],[-69.77917,58.97584],[-69.80426,59.01728],[-69.84893,59.00872],[-69.86989,58.96159],[-69.81021,58.95093],[-69.78525,58.83215],[-69.8625,58.85352],[-69.91354,58.81962],[-70.07931,58.78663],[-70.01916,58.73452],[-69.89824,58.77383],[-69.92732,58.68874],[-69.83787,58.71076],[-69.78576,58.68928],[-69.86431,58.6435],[-69.85805,58.61715],[-69.79142,58.59822],[-69.72421,58.6802],[-69.64198,58.70559],[-69.61118,58.76228],[-69.49245,58.78037],[-69.40245,58.83217],[-69.3907,58.87131],[-69.23377,58.90433],[-69.18744,58.87826],[-69.15437,58.90162],[-68.98919,58.89808],[-69.0022,58.88076],[-68.87003,58.88571],[-68.79084,58.91592],[-68.7367,58.89538],[-68.63498,58.90771],[-68.51532,58.8619],[-68.49156,58.82375],[-68.39273,58.81996],[-68.39648,58.79235],[-68.34697,58.78248],[-68.38151,58.72412],[-68.33108,58.68387],[-68.34236,58.60285],[-68.28311,58.58665],[-68.27877,58.54009],[-68.24732,58.52797],[-68.18675,58.5517],[-68.02638,58.51869],[-68.00435,58.58321],[-67.96157,58.56178],[-67.9754,58.52448],[-67.71477,58.4513],[-67.74178,58.30616],[-67.71422,58.28536],[-67.64258,58.25868],[-67.52669,58.25399],[-67.45866,58.2895],[-67.40819,58.2701],[-67.19912,58.36413],[-67.08952,58.36466],[-67.08326,58.41425],[-67.01882,58.42218],[-66.92974,58.49503],[-66.8703,58.4752],[-66.90224,58.45836],[-66.85252,58.42811],[-66.79248,58.49494],[-66.74729,58.5066],[-66.68075,58.48161],[-66.6224,58.50042],[-66.6596,58.53666],[-66.60977,58.62218],[-66.56151,58.63035],[-66.57849,58.656],[-66.52373,58.72007],[-66.44568,58.72162],[-66.44665,58.8287],[-66.37338,58.85305],[-66.10198,58.71812],[-66.08162,58.68027],[-66.03004,58.7044],[-66.0331,58.76391],[-66.09417,58.77943],[-65.99259,58.86542],[-65.95957,58.82543],[-65.92992,58.84465],[-65.79642,58.84322],[-65.72873,58.80585],[-65.63136,58.7803],[-65.66295,58.80925],[-65.73566,58.81664],[-65.77844,58.86851],[-65.99698,58.90691],[-65.82476,58.95988],[-65.85682,58.98885],[-65.65258,58.96109],[-65.78009,59.01974],[-65.68486,59.06077],[-65.62265,59.04503],[-65.71845,59.15659],[-65.69506,59.20058],[-65.7351,59.21254],[-65.73332,59.25346],[-65.69852,59.27567],[-65.6157,59.23774],[-65.55521,59.25162],[-65.5054,59.2905],[-65.5561,59.30425],[-65.57339,59.37399],[-65.49383,59.36802],[-65.42665,59.31355],[-65.39669,59.33237],[-65.43331,59.36371],[-65.40738,59.40145],[-65.50606,59.47171],[-65.38816,59.48103],[-65.38771,59.49974],[-65.53178,59.7009],[-65.52457,59.7437],[-65.45657,59.75423],[-65.46368,59.78089],[-65.33081,59.84274],[-65.22826,59.83511],[-65.25392,59.86668],[-65.1122,59.96245],[-65.13734,60.04191],[-65.09607,60.06316],[-65.06745,60.04398],[-65.03483,60.07419],[-65.07172,60.09151],[-64.96422,60.18669],[-64.89208,60.2043],[-64.88492,60.23041],[-64.94895,60.21781],[-64.94517,60.27006],[-64.80071,60.30464],[-64.84774,60.37029],[-64.6944,60.32994],[-64.58198,60.32966],[-64.52477,60.29981],[-64.85378,60.26941],[-64.86394,60.2282],[-64.74556,60.16863],[-64.60247,60.16701],[-64.59372,60.11703],[-64.7353,60.10955],[-64.70799,60.08461],[-64.74271,60.05613],[-64.89588,60.06621],[-64.84023,59.97032],[-64.78278,59.9804],[-64.73219,59.95052],[-64.66223,59.95255],[-64.64098,59.90745],[-64.68378,59.8772],[-64.74152,59.8893],[-64.82522,59.82561],[-64.79212,59.81218],[-64.80153,59.72477],[-64.76049,59.70656],[-64.88951,59.66216],[-64.86871,59.58642],[-64.92706,59.59318],[-64.93944,59.56705],[-64.83963,59.55334],[-64.67983,59.44691],[-64.43377,59.54197],[-64.32407,59.51277],[-64.5116,59.42298],[-64.53834,59.37078],[-64.4933,59.34958],[-64.54354,59.31044],[-64.4886,59.25711],[-64.52185,59.19674],[-64.47271,59.18039],[-64.49031,59.09908],[-64.37603,59.09261],[-64.26179,59.01296],[-64.4603,58.98151],[-64.49778,59.01943],[-64.52276,59.00256],[-64.67028,59.03861],[-64.68326,59.0747],[-64.77924,59.07496],[-64.86502,59.0154],[-64.82071,58.91689],[-64.73067,58.95078],[-64.65165,58.94375],[-64.55018,58.88746],[-64.33254,58.90456],[-64.23366,58.86411],[-64.2297,58.78365],[-64.17878,58.78904],[-64.13779,58.74617],[-64.06971,58.76909],[-64.04534,58.81035],[-63.86219,58.83198],[-63.77768,58.88406],[-63.63596,58.8487],[-63.59534,58.85718],[-63.49216,58.76855],[-63.50679,58.74257],[-63.61928,58.72386],[-63.8551,58.69644],[-63.90997,58.71025],[-63.95025,58.68525],[-64.04722,58.70263],[-64.10793,58.63965],[-64.10494,58.56323],[-63.97358,58.52964],[-63.90737,58.57349],[-63.85819,58.5638],[-63.85869,58.50451],[-63.80785,58.48975],[-63.88111,58.42944],[-63.98658,58.44436],[-64.02254,58.37102],[-64.17222,58.36187],[-64.21778,58.24773],[-64.42173,58.18667],[-64.43309,58.06991],[-64.25096,58.03872],[-64.072,57.77002],[-64.02595,57.7644],[-63.99725,57.81208],[-63.9386,57.78855],[-63.90385,57.79825],[-63.88342,57.71261],[-63.84748,57.71902],[-63.78987,57.68751],[-63.75363,57.72074],[-63.73529,57.6628],[-63.65942,57.70182],[-63.66806,57.72394],[-63.59677,57.74125],[-63.59873,57.66384],[-63.64995,57.62006],[-63.77192,57.59245],[-63.76126,57.43933],[-63.71031,57.42263],[-63.7013,57.36833],[-63.85582,57.3343],[-63.88337,57.27762],[-63.86698,57.22612],[-63.80914,57.26216],[-63.73714,57.2216],[-63.82015,57.0755],[-63.89008,57.08608],[-63.89193,57.01277],[-63.85777,56.99921],[-63.91413,56.97763],[-63.8674,56.88338],[-64.01298,56.84985],[-64.01276,56.77868],[-64.07891,56.767],[-64.14531,56.69975],[-64.09084,56.65383],[-64.02486,56.65301],[-64.05046,56.60635],[-63.93106,56.53376],[-63.93063,56.46621],[-63.87292,56.44897],[-63.99302,56.40821],[-64.15274,56.44111],[-64.17798,56.42524],[-64.11536,56.40211],[-64.09935,56.35191],[-64.14344,56.31197],[-64.08738,56.25689],[-63.91291,56.26353],[-63.91149,56.23083],[-63.86293,56.21259],[-64.03596,56.15488],[-64.01805,56.06726],[-63.85618,56.13714],[-63.81105,56.08463],[-63.83787,56.04504],[-63.73126,56.07015],[-63.63672,56.02352],[-63.44355,56.02952],[-63.48736,55.98748],[-63.56301,56.00589],[-63.73394,55.92802],[-63.79258,55.93146],[-63.8451,55.87907],[-63.77361,55.85605],[-63.77702,55.80148],[-63.71714,55.78037],[-63.67538,55.792],[-63.72514,55.72664],[-63.71598,55.65767],[-63.6685,55.65229],[-63.66547,55.54599],[-63.78059,55.46546],[-63.6654,55.42305],[-63.31979,55.41181],[-63.32485,55.36605],[-63.55192,55.34489],[-63.59073,55.33319],[-63.54206,55.30967],[-63.67948,55.26689],[-63.54741,55.22547],[-63.46264,55.25526],[-63.42266,55.24303],[-63.43187,55.21134],[-63.56292,55.18762],[-63.54155,55.1601],[-63.61137,55.0908],[-63.55639,55.03444],[-63.60613,55.00839],[-63.55753,54.98994],[-63.60453,54.92625],[-63.66128,54.89995],[-63.82052,54.94796],[-63.84903,54.86261],[-63.81716,54.81692],[-63.92401,54.77841],[-63.80296,54.72564],[-63.71263,54.62495],[-63.81338,54.65079],[-63.91144,54.60425],[-63.97442,54.62012],[-64.05428,54.60091],[-64.19019,54.72797],[-64.27558,54.72797],[-64.39747,54.79049],[-64.48529,54.79372],[-64.47481,54.75215],[-64.55688,54.71366],[-64.77809,54.73347],[-64.74787,54.81399],[-64.78387,54.84282],[-64.85682,54.84006],[-64.84693,54.87377],[-64.91504,54.92001],[-65.00956,54.93096],[-65.08581,54.96956],[-65.12645,54.96148],[-65.13452,54.92819],[-65.17289,54.9336],[-65.20962,54.84796],[-65.3257,54.84868],[-65.35584,54.81876],[-65.45634,54.84924],[-65.48666,54.82007],[-65.43462,54.78418],[-65.45553,54.72858],[-65.59255,54.74304],[-65.69012,54.71153],[-65.85307,54.85594],[-65.84985,54.92721],[-66.06449,54.92907],[-66.14358,54.9823],[-66.26028,55.00018],[-66.49534,55.20511],[-66.51642,55.19532],[-66.60279,55.26898],[-66.66977,55.26944],[-66.77846,55.35239],[-66.82373,55.30697],[-66.70723,55.22712],[-66.7489,55.2157],[-66.74674,55.15853],[-66.78867,55.11841],[-66.75494,55.11357],[-66.73504,55.04405],[-66.62561,54.98387],[-66.74937,55.0],[-66.74222,54.96948],[-66.60265,54.81351],[-66.65943,54.77022],[-66.72367,54.78862],[-66.73053,54.76674],[-66.67951,54.74492],[-66.69631,54.72595],[-66.87566,54.81601],[-66.92705,54.80217],[-67.25748,55.02127],[-67.24373,55.05964],[-67.32284,55.08907],[-67.40963,55.08863],[-67.45234,55.04852],[-71.19408,55.13761],[-71.1757,52.80343],[-73.32609,48.98052],[-71.61681,48.92538],[-71.49284,46.72146],[-71.69414,46.66811],[-71.78943,46.66954],[-71.84367,46.69212],[-71.89898,46.68205],[-72.03761,46.5878],[-72.14139,46.57878],[-72.2172,46.54551],[-72.26135,46.45887],[-72.46519,46.39197],[-72.58316,46.30021],[-72.67038,46.27784],[-72.72828,46.29113],[-72.91851,46.21902],[-74.60978,47.14459]]],[[[-72.75411,46.15556],[-72.66396,46.19518],[-72.6446,46.25753],[-72.44111,46.37795],[-72.24957,46.41702],[-72.16482,46.53837],[-72.00796,46.56652],[-71.84415,46.66613],[-71.76414,46.62796],[-71.69411,46.62893],[-71.46128,46.6964],[-70.33318,45.85569],[-70.41708,45.79514],[-70.40022,45.72],[-70.55774,45.66695],[-70.68965,45.56189],[-70.71751,45.48942],[-70.62817,45.42127],[-70.63703,45.38228],[-70.73028,45.39929],[-70.75682,45.4286],[-70.82525,45.40006],[-70.80213,45.36671],[-70.81446,45.29974],[-70.85795,45.22864],[-70.89848,45.24371],[-70.95363,45.33892],[-71.09756,45.30183],[-71.13324,45.24449],[-71.22999,45.24946],[-71.28561,45.30055],[-71.43173,45.22863],[-71.39727,45.20463],[-71.50528,45.0134],[-72.21096,45.00528],[-72.22828,45.06406],[-72.26235,45.05658],[-72.27372,45.08434],[-72.23908,45.18016],[-72.75411,46.15556]]]]}},{"type":"Feature","id":"867","properties":{"area_code":"867","provinces":["YT","NT","NU"]},"geometry":{"type":"MultiPolygon","coordinates":[[[[-74.09512,64.56797],[-74.0132,64.59224],[-74.06303,64.61735],[-74.03716,64.71925],[-74.09111,64.75204],[-74.13481,64.73726],[-74.09341,64.67642],[-74.1393,64.68385],[-74.22264,64.64185],[-74.19859,64.59597],[-74.36263,64.62207],[-74.33211,64.58742],[-74.38217,64.56633],[-74.68729,64.7333],[-74.55124,64.85568],[-74.68537,64.86795],[-74.73896,64.83604],[-74.67982,64.80042],[-74.71914,64.76064],[-74.79061,64.79722],[-74.81092,64.77658],[-74.93767,64.80002],[-74.98107,64.77809],[-74.86454,64.75679],[-74.8048,64.70065],[-74.62393,64.65394],[-74.46678,64.56788],[-74.51687,64.52915],[-74.60656,64.5566],[-74.70097,64.53074],[-74.5039,64.46486],[-74.54226,64.41504],[-74.47111,64.38861],[-74.54058,64.38058],[-74.58124,64.41073],[-74.66514,64.40184],[-74.67153,64.37217],[-74.81003,64.38767],[-74.94271,64.40833],[-75.11673,64.47632],[-75.2014,64.4416],[-75.46283,64.54219],[-75.71494,64.57989],[-75.76463,64.6148],[-75.81389,64.56173],[-75.78065,64.51944],[-75.63907,64.46731],[-75.72204,64.4507],[-75.75958,64.47664],[-75.81328,64.43088],[-75.88685,64.43321],[-75.71225,64.38659],[-75.86758,64.37722],[-75.98023,64.40775],[-76.06768,64.35978],[-76.12715,64.38564],[-76.16012,64.35618],[-76.34406,64.33618],[-76.21902,64.30459],[-76.29116,64.27491],[-76.42922,64.26701],[-76.54173,64.3045],[-76.61086,64.27893],[-76.70204,64.30417],[-76.73333,64.2881],[-76.70315,64.23971],[-76.64364,64.21919],[-76.66186,64.18998],[-76.83096,64.20749],[-76.80537,64.2326],[-76.97707,64.24706],[-77.12018,64.29862],[-77.31164,64.25864],[-77.39822,64.32447],[-77.4866,64.31322],[-77.49129,64.35508],[-77.63723,64.35989],[-77.75153,64.33395],[-77.78841,64.37399],[-77.8681,64.36046],[-77.90407,64.3966],[-77.83811,64.41872],[-77.89714,64.43523],[-77.9478,64.40646],[-78.02846,64.42872],[-78.0,64.48743],[-78.17241,64.56167],[-78.13459,64.58379],[-78.2037,64.67472],[-78.16214,64.6841],[-78.1776,64.76432],[-78.06718,64.83451],[-78.14932,64.92275],[-78.13847,64.96451],[-77.98065,65.01288],[-77.95995,65.05103],[-77.76198,65.08221],[-77.63777,65.14147],[-77.48858,65.12902],[-77.42107,65.16786],[-77.31219,65.179],[-77.51781,65.3215],[-77.43761,65.38084],[-77.32235,65.35385],[-77.28811,65.37533],[-77.42781,65.43158],[-77.43355,65.45554],[-77.34049,65.47459],[-77.1433,65.44372],[-77.11299,65.41134],[-76.95893,65.40566],[-76.82758,65.42795],[-76.7851,65.39795],[-76.66886,65.40438],[-76.09813,65.26629],[-75.91556,65.26039],[-75.75303,65.21805],[-75.74936,65.17756],[-75.65728,65.13092],[-75.58721,65.13084],[-75.47315,65.08615],[-75.53844,65.15148],[-75.72229,65.19394],[-75.73922,65.22048],[-75.89658,65.2608],[-75.9188,65.32257],[-75.69886,65.30273],[-75.64017,65.33952],[-75.5534,65.2694],[-75.15531,65.25476],[-75.0839,65.33276],[-75.10812,65.39094],[-74.99082,65.37018],[-74.89664,65.39066],[-74.8022,65.37655],[-74.70674,65.43079],[-74.65239,65.41901],[-74.65444,65.33694],[-74.54208,65.32287],[-74.36684,65.39741],[-74.29681,65.47217],[-74.15756,65.49175],[-74.20628,65.52147],[-74.13344,65.535],[-74.00941,65.5042],[-73.8656,65.53653],[-73.73988,65.50351],[-73.69674,65.45476],[-73.59844,65.47128],[-73.52111,65.43934],[-73.51356,65.50026],[-73.62235,65.64293],[-73.70866,65.67248],[-73.70437,65.74905],[-73.87689,65.81852],[-73.99573,65.83105],[-74.35922,66.0423],[-74.45667,66.11656],[-74.45624,66.16264],[-73.54834,66.49995],[-73.39434,66.56851],[-73.304,66.65853],[-73.05201,66.72153],[-72.81607,67.01268],[-72.64471,67.07738],[-72.39088,67.08677],[-72.32735,67.10916],[-72.17227,67.26496],[-72.3646,67.31887],[-72.33252,67.34192],[-72.46801,67.48889],[-72.47343,67.51412],[-72.41662,67.52036],[-72.48252,67.62238],[-72.66086,67.68178],[-72.5678,67.74053],[-72.72039,67.84172],[-72.69126,67.85846],[-72.72958,67.87798],[-72.839,67.84543],[-72.94005,67.92989],[-72.89304,67.9605],[-72.94419,67.99963],[-72.89421,68.0144],[-73.0051,68.24078],[-73.13788,68.22773],[-73.22129,68.27959],[-73.29701,68.28603],[-73.34245,68.25516],[-73.52241,68.28496],[-73.62261,68.27275],[-73.64601,68.31457],[-73.71934,68.30972],[-73.8656,68.35134],[-73.95067,68.42252],[-73.86886,68.49736],[-73.74477,68.51731],[-73.73258,68.55303],[-73.79551,68.56441],[-73.72944,68.61523],[-73.80168,68.68925],[-74.18118,68.73431],[-73.88959,68.56266],[-73.91916,68.51916],[-73.99211,68.5024],[-74.14946,68.53589],[-74.23062,68.52064],[-74.37419,68.55028],[-74.39139,68.5867],[-74.49199,68.59676],[-74.51802,68.66745],[-74.72442,68.73913],[-74.70719,68.77165],[-74.57827,68.79847],[-74.53564,68.83089],[-74.67926,68.84643],[-74.62398,68.79853],[-74.65856,68.78632],[-74.79082,68.78175],[-74.8903,68.80559],[-74.80488,68.85265],[-74.66186,68.87536],[-74.70315,68.93955],[-74.87461,68.92873],[-74.76641,68.97195],[-74.48947,68.99467],[-74.24144,68.98132],[-74.23736,69.00474],[-74.59229,69.01897],[-74.62632,69.00288],[-74.7632,68.97573],[-74.79393,68.9611],[-74.99583,68.94606],[-75.02239,68.96638],[-74.93508,69.00224],[-74.69509,69.04798],[-74.81902,69.09416],[-74.75833,69.11214],[-74.72652,69.13982],[-74.72363,69.15792],[-74.58429,69.21133],[-74.105,69.28924],[-73.97236,69.35627],[-74.08855,69.33629],[-74.1549,69.28837],[-74.55134,69.22017],[-74.61809,69.23895],[-74.7807,69.23729],[-74.74857,69.1241],[-74.97954,69.03842],[-75.10302,68.89905],[-75.16587,68.88996],[-75.49539,69.02378],[-75.57818,68.97954],[-75.49529,68.94373],[-75.6141,68.87556],[-75.93786,68.82132],[-76.05943,68.75883],[-76.33614,68.69041],[-76.60945,68.68102],[-76.65722,68.76152],[-76.51163,68.85214],[-76.51782,68.88529],[-76.61329,68.88801],[-76.64979,68.9427],[-76.59152,69.03406],[-76.33864,69.05969],[-75.97569,69.00831],[-75.76536,69.08852],[-75.59029,69.08103],[-75.58913,69.23755],[-75.76129,69.31529],[-75.90424,69.33932],[-75.94173,69.40189],[-75.80235,69.41142],[-75.7439,69.43965],[-75.68005,69.42383],[-75.6107,69.48161],[-75.43085,69.50445],[-75.31138,69.61948],[-75.3492,69.63987],[-75.4885,69.5512],[-75.60999,69.54201],[-75.60997,69.49993],[-75.71983,69.49952],[-75.81888,69.41517],[-75.90731,69.41621],[-75.94193,69.40417],[-75.95911,69.38204],[-75.99276,69.37829],[-76.18661,69.42706],[-76.39791,69.41536],[-76.40591,69.45463],[-76.64736,69.54238],[-76.63687,69.5989],[-76.56447,69.60603],[-76.50873,69.65273],[-76.2626,69.63286],[-76.20661,69.6585],[-76.55597,69.70661],[-76.60069,69.68927],[-76.51887,69.67057],[-76.54522,69.63987],[-76.64935,69.61796],[-76.71533,69.56291],[-76.86918,69.58506],[-76.84572,69.63465],[-76.95897,69.59931],[-77.19249,69.64907],[-77.11298,69.6892],[-76.92166,69.70085],[-76.92244,69.67842],[-76.79548,69.72237],[-76.80629,69.75567],[-76.89493,69.74809],[-76.88445,69.8127],[-77.02931,69.81452],[-76.99956,69.84698],[-77.08091,69.85131],[-77.13899,69.82719],[-77.30852,69.83601],[-77.28277,69.86908],[-77.47514,69.8587],[-77.52024,69.82979],[-77.44827,69.79747],[-77.59878,69.74172],[-77.67723,69.82342],[-77.64148,70.16704],[-77.77341,70.26297],[-77.73265,70.26661],[-77.66785,70.30207],[-77.55381,70.30303],[-77.50394,70.31354],[-77.51575,70.32305],[-77.50601,70.32898],[-77.50975,70.33495],[-77.34801,70.32578],[-77.26336,70.36896],[-77.30728,70.38355],[-77.34722,70.33466],[-77.5078,70.33661],[-77.51303,70.33432],[-77.50756,70.33032],[-77.51826,70.32437],[-77.51305,70.31774],[-77.5237,70.30995],[-77.59614,70.31081],[-77.66597,70.30436],[-77.7169,70.29272],[-77.82891,70.23864],[-77.88656,70.26462],[-78.04718,70.22128],[-78.11964,70.25676],[-78.16488,70.20377],[-78.24627,70.22389],[-78.38239,70.21314],[-78.54521,70.31277],[-78.44346,70.34131],[-78.53448,70.38003],[-78.65778,70.35105],[-78.70675,70.39491],[-78.37889,70.47229],[-78.35549,70.4952],[-78.39968,70.53392],[-78.27138,70.5928],[-78.38912,70.55594],[-78.41347,70.52818],[-78.40672,70.47051],[-78.67041,70.41431],[-79.0387,70.46689],[-79.03777,70.54875],[-78.80414,70.62078],[-78.84869,70.63781],[-78.90507,70.6206],[-78.98389,70.67531],[-79.14033,70.63829],[-79.11441,70.61392],[-78.99392,70.63151],[-79.15057,70.48901],[-79.15908,70.42241],[-79.34021,70.4397],[-79.27366,70.47974],[-79.45373,70.49947],[-79.47549,70.52819],[-79.40628,70.54358],[-79.47463,70.57318],[-79.48491,70.50393],[-79.39297,70.46786],[-79.42309,70.43282],[-79.50111,70.46465],[-79.57845,70.43714],[-79.59947,70.37243],[-79.73999,70.37416],[-79.71496,70.31008],[-79.5867,70.24448],[-79.86859,70.2468],[-79.98918,70.3068],[-80.18082,70.297],[-80.167,70.22746],[-79.79034,70.12728],[-79.79109,70.2408],[-79.68879,70.21219],[-79.56107,70.23625],[-79.68107,70.32051],[-79.67801,70.34941],[-79.5834,70.36858],[-79.57807,70.39087],[-79.46409,70.36809],[-79.38557,70.37905],[-79.23395,70.31674],[-79.09578,70.30848],[-79.0703,70.34796],[-78.95606,70.33002],[-78.7652,70.1972],[-78.74586,70.0847],[-78.67488,70.05785],[-78.65421,69.97709],[-78.79588,69.88763],[-79.41652,69.89697],[-79.62435,69.85945],[-79.72603,69.86897],[-79.88704,69.98966],[-79.99998,69.95865],[-80.05418,69.9786],[-80.01753,70.00141],[-79.90905,69.98995],[-79.96195,70.02529],[-80.08201,70.00585],[-80.26509,70.01318],[-80.29118,69.99083],[-80.57917,70.05516],[-81.04719,70.07306],[-81.74351,70.13819],[-81.67708,70.07967],[-81.43545,70.02458],[-81.29294,70.0352],[-81.17911,69.99635],[-81.14436,69.94892],[-80.79026,69.79958],[-80.76587,69.76398],[-80.90809,69.72749],[-81.4053,69.89429],[-81.45807,69.93527],[-81.61331,69.94959],[-81.63949,69.97745],[-81.74417,69.97748],[-82.12455,70.11971],[-82.88097,70.26836],[-82.81023,70.21578],[-82.25328,70.11532],[-81.92557,69.98343],[-81.72218,69.95084],[-81.84713,69.8619],[-81.92843,69.85398],[-82.02757,69.88602],[-82.07769,69.86755],[-82.12714,69.79328],[-82.2827,69.80649],[-82.33686,69.83588],[-82.29541,69.86913],[-82.4656,69.86413],[-82.6422,69.88784],[-82.70061,69.93379],[-82.75199,69.9281],[-83.09865,70.0186],[-83.64465,69.95969],[-83.77805,69.96273],[-84.66048,70.00638],[-84.79056,70.02871],[-84.85388,70.074],[-84.78444,70.09838],[-84.81732,70.11126],[-84.93161,70.06973],[-85.3205,70.10984],[-85.75411,70.10847],[-85.86621,70.09217],[-85.85198,70.0496],[-85.61044,70.08197],[-85.24845,69.99775],[-85.84985,70.01455],[-86.24905,70.11212],[-86.54876,70.23634],[-86.58659,70.37028],[-86.30183,70.46733],[-86.33598,70.48189],[-86.61585,70.41825],[-86.65669,70.33476],[-86.87463,70.32474],[-86.90511,70.34501],[-86.84393,70.37636],[-86.93138,70.38536],[-86.88391,70.42034],[-86.97377,70.4188],[-86.98751,70.46824],[-87.12195,70.43882],[-87.13786,70.39777],[-86.9732,70.36304],[-86.97107,70.29115],[-87.7531,70.33804],[-87.80801,70.30893],[-87.65145,70.30113],[-87.6903,70.26674],[-87.87265,70.243],[-88.1925,70.33599],[-88.06628,70.33678],[-88.03134,70.31301],[-87.89554,70.30119],[-87.88101,70.32991],[-88.25528,70.41665],[-88.66706,70.46334],[-88.84521,70.52475],[-89.00174,70.63137],[-88.98666,70.66732],[-89.36277,70.83559],[-89.42091,70.91101],[-89.17315,70.9634],[-89.52132,71.09172],[-89.31738,71.08117],[-89.15054,71.02815],[-88.64949,71.04742],[-88.46867,71.03287],[-88.35392,71.00572],[-88.29001,70.95131],[-88.06569,70.93651],[-87.35668,70.95189],[-87.29787,71.00282],[-87.15464,71.00005],[-87.17319,71.02251],[-87.28088,71.02513],[-87.38669,71.06856],[-87.73873,71.13559],[-87.85351,71.19312],[-87.84274,71.26426],[-87.91887,71.2678],[-88.11079,71.21035],[-88.20495,71.23476],[-89.64792,71.30962],[-89.88899,71.35921],[-89.99406,71.45741],[-89.94072,71.51263],[-90.02394,71.59826],[-89.85029,71.69364],[-89.80658,71.76594],[-90.11096,71.93384],[-89.9834,71.98515],[-90.00386,72.06727],[-89.76612,72.12994],[-89.66817,72.11606],[-89.57078,72.17899],[-89.64275,72.18884],[-89.75906,72.16504],[-89.88011,72.19294],[-89.96144,72.3394],[-89.88628,72.38622],[-89.8962,72.44516],[-89.77012,72.48406],[-89.74511,72.61228],[-89.6445,72.6388],[-89.52553,72.6315],[-89.55875,72.67147],[-89.46881,72.67043],[-89.58505,72.7234],[-89.53881,72.78494],[-89.33281,72.77094],[-89.24454,72.79024],[-89.41335,72.82877],[-89.2943,72.94026],[-89.33758,72.98768],[-89.1968,73.0179],[-89.28723,73.0426],[-89.14143,73.19083],[-88.99166,73.28391],[-88.81482,73.31143],[-88.8563,73.33856],[-88.65439,73.4328],[-88.48965,73.46103],[-88.2753,73.57434],[-87.45609,73.76238],[-86.6353,73.85158],[-86.13108,73.85736],[-85.08253,73.8091],[-84.84988,73.74021],[-84.94006,73.66777],[-85.56645,73.51256],[-85.92367,73.36687],[-86.12612,73.2562],[-86.42729,72.97682],[-86.69826,72.8376],[-86.74671,72.73424],[-86.67801,72.64554],[-86.3763,72.52257],[-86.23458,72.41031],[-86.40065,72.30647],[-86.45703,72.21074],[-86.40403,72.01815],[-86.19152,71.84841],[-85.48646,71.52178],[-85.12787,71.44321],[-84.91445,71.4237],[-84.91734,71.3504],[-84.84699,71.34173],[-84.82668,71.27481],[-85.13426,71.30176],[-85.27095,71.24875],[-85.38218,71.25262],[-85.36682,71.21595],[-85.49747,71.17702],[-85.70077,71.2103],[-85.75973,71.18933],[-85.94432,71.18459],[-86.06235,71.12375],[-86.18632,71.10712],[-86.23294,71.05989],[-86.77274,71.01122],[-86.80457,70.99234],[-86.5049,70.98136],[-86.1833,71.02148],[-85.78068,71.14132],[-85.32019,71.17474],[-85.19001,71.14287],[-85.02502,71.19511],[-84.85611,71.1725],[-84.84061,71.12698],[-84.86081,71.07935],[-84.96686,71.08012],[-84.99206,71.06],[-84.91371,71.00758],[-84.96321,70.94353],[-84.94625,70.92739],[-84.77069,70.93445],[-84.78924,71.19693],[-84.67342,71.23415],[-84.77757,71.26591],[-84.79417,71.31911],[-84.7063,71.43847],[-84.5664,71.43985],[-84.52256,71.46329],[-84.53876,71.54666],[-84.65154,71.58297],[-84.59891,71.67618],[-84.8493,71.67931],[-84.82305,71.64517],[-84.90239,71.64465],[-85.30765,71.68435],[-85.55788,71.79959],[-85.43164,71.81148],[-85.56613,71.90488],[-86.03447,71.98833],[-85.94148,72.0241],[-85.74934,72.01649],[-85.77364,72.03433],[-85.49731,72.07461],[-85.38512,72.15548],[-85.46961,72.1738],[-85.44141,72.25037],[-85.33425,72.24716],[-85.31333,72.26597],[-84.97652,72.25104],[-84.24599,72.02051],[-84.24221,71.9731],[-84.15144,72.00515],[-84.3651,72.10736],[-84.94566,72.28923],[-84.78923,72.35959],[-84.88046,72.38172],[-84.75958,72.44835],[-84.83908,72.44981],[-85.08951,72.37613],[-85.5152,72.45841],[-85.59222,72.56039],[-85.46853,72.58661],[-85.64987,72.6035],[-85.71197,72.65039],[-85.64325,72.87375],[-85.70041,72.90348],[-85.55735,72.97208],[-85.31725,72.97661],[-84.93436,72.89941],[-84.32606,72.8314],[-85.04861,72.98757],[-85.08273,73.03021],[-85.16016,73.01264],[-85.52478,73.02529],[-85.41591,73.14007],[-85.14131,73.04998],[-85.20089,73.14884],[-85.04739,73.14069],[-84.83099,73.08909],[-84.14785,73.03455],[-83.84487,73.04758],[-84.71474,73.13303],[-85.17759,73.22878],[-85.12361,73.31331],[-84.76,73.38954],[-84.67747,73.31784],[-84.39865,73.23226],[-84.33036,73.24071],[-84.56652,73.32392],[-84.63092,73.4051],[-84.13325,73.47935],[-83.75032,73.42797],[-83.6379,73.30101],[-83.58283,73.30335],[-83.63662,73.43334],[-84.01039,73.50773],[-83.6581,73.58852],[-83.19175,73.6648],[-83.03409,73.65254],[-82.85167,73.7328],[-81.55327,73.7246],[-81.20514,73.52967],[-81.14436,73.38697],[-81.18471,73.26088],[-80.58567,73.15542],[-80.51004,73.08874],[-80.64169,72.93553],[-80.53244,72.89781],[-80.49805,72.83454],[-80.25087,72.78647],[-80.22278,72.73775],[-80.5414,72.62802],[-80.50113,72.58251],[-80.97449,72.44064],[-81.18076,72.30007],[-81.32929,72.26249],[-81.25365,72.24574],[-80.89157,72.41179],[-80.87883,72.44681],[-80.74207,72.45202],[-80.5664,72.51606],[-80.49658,72.512],[-80.50015,72.38196],[-80.65713,72.34875],[-80.8665,72.20042],[-80.79378,72.15317],[-80.54884,72.0941],[-80.54788,72.06881],[-80.63449,72.06864],[-80.74653,72.10708],[-81.00079,72.08853],[-81.08295,72.04605],[-80.86289,72.05483],[-80.77647,72.02102],[-80.85216,71.92686],[-80.76223,71.92918],[-80.75633,71.98322],[-80.38034,72.04371],[-80.32418,72.07993],[-80.48785,72.18341],[-80.29634,72.18176],[-80.24583,72.21829],[-80.28812,72.26647],[-80.21246,72.30554],[-80.00797,72.18464],[-79.78137,72.13934],[-80.16761,72.32581],[-80.07321,72.3826],[-79.87508,72.42096],[-79.87109,72.47954],[-79.79143,72.5055],[-79.70351,72.48323],[-79.75484,72.41648],[-79.59515,72.34829],[-79.77208,72.23949],[-79.49931,72.28182],[-79.34309,72.40863],[-78.93594,72.2758],[-79.00976,72.08877],[-79.21338,71.97711],[-79.17978,71.9577],[-79.03854,71.97468],[-78.66916,71.9151],[-78.59249,71.87278],[-78.50128,71.8726],[-78.59315,71.93616],[-78.92921,72.02366],[-78.8532,72.1826],[-78.46967,72.09354],[-78.38009,71.9384],[-78.1896,71.83278],[-77.9033,71.78559],[-78.11991,71.83912],[-78.29162,71.93101],[-78.29689,71.95451],[-78.13404,71.97827],[-77.94656,71.84536],[-77.77196,71.79525],[-77.66991,71.81543],[-77.83865,71.84214],[-78.1142,71.99073],[-78.25975,71.9809],[-78.39615,72.10782],[-78.71484,72.17421],[-78.87975,72.23674],[-78.74722,72.28277],[-78.82355,72.32212],[-78.60372,72.3669],[-78.52651,72.35305],[-78.5248,72.23667],[-78.45393,72.22466],[-78.43581,72.33381],[-77.79692,72.24745],[-77.58665,72.18687],[-77.42861,72.18238],[-78.41267,72.3868],[-78.54588,72.43716],[-78.5476,72.5093],[-78.42624,72.58544],[-77.96293,72.70235],[-77.78535,72.70887],[-77.56799,72.76323],[-76.9595,72.75182],[-76.73904,72.72617],[-76.63683,72.68034],[-76.66046,72.645],[-76.12359,72.59219],[-76.10791,72.49915],[-76.03302,72.49741],[-76.07426,72.5382],[-75.97575,72.58674],[-75.79761,72.58964],[-75.196,72.50102],[-75.106,72.37648],[-74.92865,72.26273],[-75.01957,72.19459],[-75.2223,72.11967],[-75.46765,72.15058],[-75.68779,72.14274],[-75.94804,72.0991],[-76.31077,71.9241],[-76.29615,71.90272],[-76.05527,71.99134],[-76.02009,72.04964],[-75.75785,72.10962],[-75.48828,72.12794],[-75.21415,72.07616],[-75.27489,72.04119],[-75.52487,72.01723],[-75.62072,71.97077],[-75.67147,71.83815],[-75.90751,71.71259],[-75.86934,71.7022],[-75.62343,71.83098],[-75.55744,71.96522],[-75.48793,71.99744],[-75.21322,72.02068],[-75.08658,72.11252],[-75.00307,72.12801],[-74.24003,72.07818],[-74.11842,71.96153],[-74.24692,71.82388],[-74.44245,71.79817],[-74.55942,71.81936],[-74.54434,71.79238],[-74.90616,71.69788],[-75.09002,71.72237],[-75.32379,71.6988],[-75.31964,71.6826],[-75.00245,71.69676],[-74.91478,71.66454],[-75.17848,71.59962],[-75.36643,71.51196],[-74.88459,71.62269],[-74.7917,71.6764],[-74.66485,71.69278],[-74.61528,71.65885],[-74.715,71.58428],[-74.84047,71.54613],[-74.97954,71.54229],[-74.98281,71.52339],[-74.834,71.52256],[-74.83606,71.44961],[-74.70299,71.42065],[-74.70132,71.37261],[-74.95778,71.25876],[-74.92209,71.2366],[-74.61621,71.37553],[-74.74369,71.52757],[-74.55065,71.59215],[-74.53524,71.64691],[-74.32755,71.6853],[-74.27414,71.73101],[-74.09975,71.74112],[-74.14732,71.64957],[-74.2581,71.61655],[-74.23353,71.5762],[-74.12915,71.53868],[-74.21344,71.58835],[-74.20104,71.63092],[-74.10339,71.64878],[-73.96508,71.76198],[-73.59385,71.77549],[-73.60366,71.72994],[-73.87784,71.6183],[-73.99994,71.49424],[-73.97339,71.46228],[-74.12157,71.46272],[-74.19641,71.43817],[-74.03223,71.44401],[-74.05529,71.27994],[-73.96609,71.33504],[-73.84936,71.53743],[-73.74735,71.59062],[-73.58637,71.57411],[-73.6364,71.44326],[-73.57409,71.40055],[-73.41999,71.43691],[-73.38563,71.38577],[-73.50576,71.37],[-73.49512,71.34162],[-73.67793,71.25376],[-73.72581,71.09355],[-73.85389,71.07652],[-73.82896,71.06315],[-73.68716,71.08059],[-73.61184,71.22408],[-73.42512,71.34493],[-73.32263,71.34809],[-73.04842,71.28817],[-73.04242,71.26224],[-73.259,71.22246],[-73.23527,71.11019],[-73.1696,71.16299],[-73.19461,71.21472],[-73.00553,71.23429],[-72.97862,71.25567],[-72.9347,71.33171],[-72.98244,71.41075],[-72.75408,71.43793],[-72.83597,71.50928],[-72.66496,71.52639],[-72.54634,71.66128],[-71.57171,71.50069],[-71.15212,71.27141],[-71.52042,71.06249],[-71.87615,71.11511],[-72.08837,71.08408],[-72.17239,70.9682],[-72.26978,70.9636],[-72.33758,70.88494],[-72.54073,70.84342],[-72.49004,70.83262],[-72.27691,70.86869],[-72.1861,70.83208],[-72.52484,70.62888],[-72.31645,70.67768],[-72.1821,70.77864],[-71.92407,70.79301],[-71.5652,70.87428],[-71.32434,70.89126],[-71.20562,70.85921],[-71.28446,70.90551],[-71.21605,71.00872],[-70.87681,71.10273],[-70.77944,71.12126],[-70.60375,71.05477],[-70.51739,70.9329],[-70.7112,70.84493],[-70.82641,70.73127],[-71.10865,70.66941],[-71.1777,70.59331],[-71.60869,70.61518],[-71.59901,70.54554],[-71.73768,70.4974],[-71.76846,70.44795],[-71.88121,70.42948],[-71.74889,70.42665],[-71.76766,70.3457],[-71.69585,70.35334],[-71.65194,70.48142],[-71.5204,70.53111],[-71.50479,70.58496],[-71.17576,70.53122],[-71.32016,70.30747],[-71.26716,70.28821],[-71.42018,70.16719],[-71.41236,70.12096],[-71.32851,70.14328],[-71.25468,70.2297],[-71.06972,70.52792],[-70.99861,70.52923],[-71.05817,70.56007],[-71.00539,70.63221],[-70.74701,70.67381],[-70.58756,70.73027],[-69.89933,70.87944],[-69.76702,70.86264],[-69.99083,70.72433],[-70.24626,70.64425],[-70.41878,70.64239],[-70.48448,70.60501],[-70.41621,70.50892],[-70.33123,70.50658],[-70.38374,70.61642],[-70.04497,70.6273],[-69.78058,70.71841],[-69.67854,70.68618],[-69.64699,70.74702],[-69.4523,70.79419],[-69.38118,70.77145],[-69.20797,70.78029],[-69.13024,70.72584],[-69.01022,70.70426],[-69.06466,70.68529],[-69.19404,70.59568],[-69.26356,70.59058],[-69.4909,70.51811],[-69.55867,70.52344],[-69.72013,70.5153],[-69.83484,70.46704],[-69.97467,70.48232],[-70.17297,70.46697],[-70.37932,70.41347],[-70.6302,70.30975],[-70.66281,70.24826],[-70.31437,70.40879],[-70.03012,70.45498],[-69.74908,70.44882],[-69.56875,70.51884],[-69.45802,70.51618],[-69.21588,70.58465],[-69.11998,70.63089],[-69.05488,70.68458],[-68.99268,70.70252],[-68.30581,70.55645],[-68.29337,70.51164],[-68.4568,70.41663],[-68.45138,70.38443],[-68.50021,70.37645],[-68.57703,70.41056],[-68.55311,70.4632],[-68.66096,70.44826],[-68.70385,70.32869],[-69.38848,70.26114],[-69.83862,70.15279],[-69.90545,70.08702],[-70.0892,70.07297],[-70.15282,70.04099],[-70.09775,70.02524],[-70.02563,70.06192],[-69.92569,70.05001],[-69.81647,70.00003],[-70.14922,69.97194],[-70.37186,69.86317],[-70.33521,69.84807],[-70.04956,69.96412],[-69.7918,69.96151],[-69.72792,69.99766],[-69.80007,70.04838],[-69.77669,70.09178],[-69.66165,70.1409],[-69.18685,70.19638],[-69.07555,70.17239],[-69.00727,70.19144],[-69.09553,70.22515],[-68.92437,70.2003],[-68.68496,70.21034],[-68.64347,70.16718],[-68.88145,70.01911],[-69.09368,69.98773],[-69.39823,69.8335],[-69.47182,69.8179],[-69.61729,69.84266],[-69.78406,69.83532],[-70.02092,69.62469],[-69.96459,69.62514],[-69.81059,69.7762],[-69.71769,69.81292],[-69.40272,69.78304],[-69.06723,69.93662],[-68.92388,69.95482],[-68.7056,69.93787],[-68.54329,70.0323],[-68.58361,70.05127],[-68.33751,70.07134],[-68.22887,70.103],[-68.20064,70.13931],[-68.29373,70.13762],[-68.35718,70.19613],[-68.12054,70.32372],[-67.78184,70.25513],[-67.58889,70.17759],[-67.40104,70.07396],[-67.35226,69.99787],[-67.25588,69.97508],[-67.15678,69.75799],[-67.20262,69.7191],[-67.41231,69.71908],[-67.89393,69.78297],[-68.0983,69.76453],[-68.30197,69.63474],[-68.49357,69.62892],[-68.69022,69.65141],[-69.22188,69.53998],[-69.73298,69.56977],[-69.99244,69.51394],[-69.87429,69.51256],[-69.68158,69.55274],[-69.2305,69.50951],[-68.74059,69.59706],[-68.54868,69.58452],[-68.0,69.46815],[-67.77733,69.49068],[-67.20304,69.46435],[-66.86133,69.37032],[-66.6915,69.28208],[-66.67906,69.18901],[-66.77224,69.14222],[-67.15513,69.19763],[-67.25417,69.17211],[-67.3456,69.19575],[-67.47354,69.16801],[-67.64781,69.17532],[-68.19421,69.31752],[-68.42752,69.30014],[-69.03411,69.35897],[-69.21967,69.3012],[-68.94449,69.33888],[-68.40931,69.26881],[-68.19017,69.27351],[-68.0855,69.22714],[-68.1512,69.20497],[-68.68656,69.23468],[-68.79933,69.20454],[-68.5863,69.21615],[-68.5495,69.19427],[-68.87423,69.13155],[-68.97031,69.02754],[-68.87387,69.08915],[-68.42613,69.18312],[-68.2101,69.15441],[-67.75409,69.03895],[-67.76738,69.01252],[-67.99364,68.99943],[-68.00699,68.97244],[-68.33796,69.01857],[-68.27193,68.96888],[-68.06466,68.94867],[-67.99541,68.86033],[-68.39624,68.91029],[-68.13456,68.83745],[-67.89717,68.81603],[-67.89873,68.78173],[-68.61956,68.85286],[-68.5025,68.79851],[-68.65227,68.79131],[-68.72089,68.81169],[-68.92506,68.8107],[-69.26782,68.87706],[-69.19847,68.8301],[-69.34459,68.84104],[-69.32076,68.81909],[-68.96795,68.79301],[-68.95198,68.74322],[-68.87111,68.7737],[-68.66849,68.74158],[-68.55392,68.7513],[-68.16788,68.70344],[-68.09517,68.67356],[-68.085,68.64131],[-68.21343,68.66331],[-68.36682,68.63388],[-68.68182,68.66094],[-68.80166,68.64262],[-68.81807,68.59501],[-68.6369,68.63865],[-68.47779,68.61293],[-68.49614,68.57803],[-68.33772,68.59979],[-68.13731,68.57947],[-68.12251,68.55051],[-67.94337,68.56187],[-67.92157,68.46262],[-67.87862,68.53823],[-67.78557,68.53576],[-67.67043,68.57108],[-67.60634,68.54678],[-67.5359,68.5552],[-67.53983,68.51505],[-67.62896,68.51045],[-67.60945,68.4313],[-67.5734,68.49232],[-67.4433,68.50039],[-67.207,68.44086],[-67.33423,68.43255],[-67.31498,68.41406],[-67.0996,68.42699],[-67.1156,68.46623],[-67.06112,68.47181],[-66.96953,68.44249],[-66.8169,68.47938],[-66.68913,68.44608],[-66.80459,68.43319],[-66.81319,68.41105],[-66.92769,68.42299],[-66.95493,68.37799],[-67.03295,68.36179],[-67.30945,68.4043],[-67.80195,68.3381],[-67.87988,68.30707],[-67.8292,68.29484],[-67.73822,68.32792],[-67.59169,68.32273],[-67.55902,68.29677],[-67.41006,68.36106],[-67.26445,68.3678],[-67.04893,68.33138],[-67.33292,68.24648],[-67.33275,68.18041],[-67.42016,68.12869],[-67.36409,68.12712],[-67.28877,68.22563],[-67.13536,68.28388],[-67.01465,68.28902],[-66.76099,68.23805],[-66.83365,68.12107],[-66.96786,68.06941],[-66.97335,68.01336],[-66.76569,68.12789],[-66.67564,68.13636],[-66.7187,68.00955],[-66.67744,67.99524],[-66.59284,68.14301],[-66.31086,68.12222],[-66.36107,68.08561],[-66.43586,68.08718],[-66.4176,68.06124],[-66.26927,68.08719],[-66.18941,68.00909],[-66.34441,67.97015],[-66.41547,67.85372],[-66.61458,67.87062],[-66.52955,67.83241],[-66.34121,67.83972],[-66.2608,67.96347],[-66.12051,67.9773],[-66.02105,68.01676],[-65.97345,68.00106],[-66.02338,67.96565],[-65.92732,67.86905],[-66.00564,67.79248],[-66.04184,67.65041],[-65.97463,67.64337],[-65.951,67.80387],[-65.7761,67.8635],[-65.71352,67.9805],[-65.62645,68.00116],[-65.48779,67.99779],[-65.45023,67.97734],[-65.47559,67.90331],[-65.62698,67.78834],[-65.43998,67.70337],[-65.3742,67.5949],[-65.39295,67.70384],[-65.56824,67.77684],[-65.42486,67.91863],[-65.2332,67.93782],[-65.15031,67.97686],[-65.16864,68.00132],[-65.02239,68.04718],[-64.71432,67.97808],[-64.94784,67.92162],[-65.06081,67.83971],[-65.11981,67.83558],[-65.13487,67.81635],[-65.02091,67.81563],[-65.01321,67.78795],[-65.1856,67.7237],[-65.22727,67.64357],[-65.13111,67.71562],[-64.91478,67.78893],[-64.84482,67.78372],[-64.79241,67.6934],[-64.7546,67.81969],[-64.51959,67.81115],[-64.38569,67.75959],[-64.36365,67.73368],[-64.41921,67.7034],[-64.36653,67.69367],[-64.31747,67.72211],[-64.23912,67.70332],[-64.20169,67.66919],[-64.24694,67.62787],[-64.20098,67.60485],[-64.13849,67.61838],[-64.0777,67.60239],[-64.18216,67.46045],[-64.01815,67.45514],[-63.95631,67.41407],[-63.95528,67.33821],[-64.03473,67.31206],[-64.58815,67.33774],[-64.78777,67.37098],[-64.80812,67.3542],[-64.67397,67.32742],[-64.27232,67.30425],[-64.28415,67.27315],[-64.68473,67.24304],[-64.81073,67.20895],[-64.79296,67.1938],[-64.59797,67.23292],[-64.34856,67.22833],[-64.17961,67.26867],[-63.95706,67.26906],[-63.97966,67.22675],[-64.04823,67.21205],[-64.17747,67.21379],[-64.57422,67.15194],[-64.68836,67.10028],[-64.70417,67.02662],[-64.63939,67.02569],[-64.62885,67.08199],[-64.54388,67.12669],[-64.16682,67.18437],[-63.98224,67.17757],[-63.86511,67.2379],[-63.74573,67.20954],[-63.57238,67.23975],[-63.46301,67.2278],[-63.52024,67.108],[-63.79196,67.02152],[-63.76782,67.00728],[-63.51819,67.07556],[-63.40161,67.15046],[-63.39925,67.211],[-63.29037,67.30278],[-63.11962,67.33401],[-62.97457,67.27726],[-62.95595,67.22599],[-63.01224,67.16712],[-63.28463,67.11093],[-63.22031,66.97249],[-63.49683,66.92328],[-63.58176,66.83756],[-63.71954,66.80911],[-63.6261,66.80285],[-63.50586,66.83063],[-63.46755,66.90687],[-63.40907,66.88324],[-63.39024,66.80592],[-63.4413,66.71324],[-63.3788,66.71155],[-63.30853,66.81482],[-63.3242,66.89801],[-63.22891,66.89256],[-63.12113,66.94693],[-63.06011,66.9351],[-62.94232,66.97015],[-62.8328,66.9644],[-62.81111,66.74834],[-62.73147,66.7761],[-62.76545,66.93311],[-62.56769,66.9542],[-62.51729,66.87194],[-62.30862,66.7303],[-62.45066,66.89539],[-62.25472,66.96736],[-62.27023,67.03994],[-62.03491,67.05496],[-61.97358,67.04226],[-62.04965,66.99547],[-62.06126,66.9227],[-62.00833,66.92109],[-61.89849,66.97192],[-61.82752,66.96349],[-61.86642,66.93336],[-61.72487,66.93057],[-61.76555,66.89002],[-61.94522,66.89583],[-61.95616,66.87323],[-61.61878,66.87001],[-61.60942,66.84233],[-61.69112,66.80357],[-61.54224,66.80986],[-61.44903,66.77092],[-61.46662,66.74878],[-61.39364,66.74038],[-61.28633,66.67456],[-61.26058,66.61646],[-61.36051,66.56059],[-61.44314,66.54922],[-61.4297,66.53051],[-61.53535,66.52624],[-61.74845,66.64068],[-61.98054,66.66237],[-62.10051,66.61434],[-62.06183,66.59909],[-61.98949,66.6354],[-61.7885,66.60607],[-61.55959,66.48096],[-61.55947,66.4574],[-61.78535,66.42229],[-61.52221,66.40555],[-61.46661,66.36966],[-61.5211,66.33408],[-61.75216,66.3257],[-61.89986,66.27657],[-62.07764,66.32575],[-62.17924,66.30726],[-62.21541,66.40958],[-62.60772,66.42714],[-62.57451,66.38592],[-62.48074,66.39944],[-62.318,66.30077],[-62.69757,66.20695],[-62.71339,66.23361],[-62.76887,66.23596],[-62.77848,66.30219],[-62.8511,66.32891],[-62.89212,66.31307],[-62.69849,66.18583],[-62.4914,66.21943],[-62.45929,66.17426],[-62.14885,66.14205],[-62.16026,66.09585],[-62.07104,66.10482],[-62.05163,66.08766],[-62.1167,66.03441],[-62.03982,66.0434],[-61.93732,66.01311],[-62.1184,65.98693],[-62.18023,66.00458],[-62.32003,65.96597],[-62.48603,66.01645],[-62.75726,66.02146],[-62.83279,66.05431],[-62.87521,66.04498],[-62.75491,66.00195],[-62.5119,65.98976],[-62.40551,65.95794],[-62.38316,65.92762],[-62.42992,65.90507],[-62.36843,65.89609],[-62.35192,65.82941],[-62.2888,65.79752],[-62.51562,65.78042],[-62.53134,65.8016],[-62.68597,65.80607],[-62.7658,65.85027],[-62.79894,65.82225],[-62.58595,65.76244],[-62.57961,65.70079],[-62.74877,65.74735],[-62.84088,65.73774],[-62.79202,65.70881],[-62.66323,65.6972],[-62.60061,65.65154],[-62.62451,65.60817],[-62.69646,65.61723],[-62.73516,65.58335],[-62.80238,65.58787],[-62.88057,65.63422],[-62.99029,65.57987],[-63.03181,65.62236],[-63.14927,65.64506],[-63.24058,65.63471],[-63.40533,65.8508],[-63.51961,65.92772],[-63.35085,65.65767],[-63.45872,65.67265],[-63.61941,65.65828],[-63.50254,65.62682],[-63.37234,65.62516],[-63.33283,65.59376],[-63.36583,65.52931],[-63.4745,65.5187],[-63.5439,65.55575],[-63.61457,65.52857],[-63.34688,65.44028],[-63.42256,65.42556],[-63.57412,65.46585],[-63.61678,65.45329],[-63.47332,65.39603],[-63.48282,65.35065],[-63.37786,65.3098],[-63.44705,65.26646],[-63.35475,65.26929],[-63.31785,65.18816],[-63.4608,65.17565],[-63.43474,65.14694],[-63.35725,65.14539],[-63.42504,65.07641],[-63.41001,65.02029],[-63.46457,65.01658],[-63.45747,64.99337],[-63.54979,65.0],[-63.55984,64.88952],[-63.67254,64.94196],[-63.61274,64.96324],[-63.66368,64.98485],[-63.72248,64.95931],[-63.83218,64.97822],[-63.90271,65.08132],[-63.83759,65.14274],[-63.93078,65.13366],[-63.93884,65.04659],[-64.01125,65.04359],[-64.00001,65.1029],[-64.05882,65.12781],[-64.07589,65.06246],[-64.14098,65.04754],[-64.23432,65.16234],[-64.11503,65.18197],[-64.16181,65.20713],[-64.2477,65.19548],[-64.31425,65.14458],[-64.36962,65.17653],[-64.4077,65.24795],[-64.34343,65.28081],[-64.33763,65.34362],[-64.25738,65.38137],[-64.29454,65.41938],[-64.46515,65.2996],[-64.44873,65.1928],[-64.56007,65.0853],[-64.57458,65.13243],[-64.61665,65.12255],[-64.69608,65.16314],[-64.71831,65.27171],[-64.79036,65.23182],[-64.90293,65.31319],[-64.60009,65.42947],[-64.45649,65.43745],[-64.56046,65.44963],[-64.82187,65.41036],[-64.86532,65.42386],[-65.05346,65.36993],[-65.1568,65.43105],[-65.15595,65.49544],[-64.95761,65.52563],[-64.84248,65.59204],[-64.82719,65.64702],[-64.99983,65.54818],[-65.14654,65.53798],[-65.21169,65.54918],[-65.20083,65.59588],[-65.27521,65.56787],[-65.29425,65.63486],[-65.13361,65.63741],[-64.96652,65.70978],[-64.85381,65.70901],[-64.8371,65.73056],[-64.99607,65.71993],[-65.13844,65.66174],[-65.45129,65.67389],[-65.40758,65.74693],[-65.49521,65.75082],[-65.40133,65.87404],[-65.15661,65.96282],[-64.88372,65.99913],[-64.77135,66.08544],[-64.76906,66.17457],[-64.63553,66.25582],[-64.4226,66.31702],[-64.46469,66.34315],[-64.7815,66.23584],[-64.84637,66.18994],[-64.83373,66.10189],[-65.26367,66.02125],[-65.3587,65.98305],[-65.75099,65.96885],[-65.8519,65.94596],[-65.94321,65.96348],[-65.96204,66.04285],[-65.89752,66.09671],[-65.66191,66.15824],[-65.52357,66.2351],[-65.50339,66.30015],[-65.55705,66.29827],[-65.59216,66.23845],[-65.80886,66.14581],[-65.98016,66.10971],[-66.14187,66.13081],[-66.32363,66.25825],[-66.3993,66.21073],[-66.48005,66.20937],[-66.54164,66.24415],[-66.54625,66.27776],[-66.46938,66.31231],[-66.52244,66.32832],[-66.50417,66.35234],[-66.76906,66.37512],[-66.70305,66.40083],[-66.71366,66.43361],[-66.79321,66.44621],[-66.76618,66.50261],[-66.84333,66.54765],[-66.73624,66.57648],[-66.74142,66.59765],[-66.86159,66.5896],[-66.95314,66.6254],[-66.86095,66.57275],[-67.13785,66.48633],[-67.38662,66.59539],[-67.4606,66.58118],[-67.50497,66.62633],[-67.56836,66.62801],[-67.50445,66.59028],[-67.53627,66.56502],[-67.73866,66.57456],[-67.93691,66.62845],[-67.71703,66.55804],[-67.28839,66.52955],[-67.11832,66.44077],[-67.1126,66.37874],[-67.17998,66.36992],[-67.28329,66.41185],[-67.33906,66.39963],[-67.12015,66.31763],[-67.21864,66.30294],[-67.24442,66.27009],[-67.41555,66.29599],[-67.49639,66.3892],[-67.65587,66.42536],[-67.63749,66.44399],[-67.74771,66.51035],[-67.78322,66.4965],[-67.68263,66.45514],[-67.80461,66.46132],[-67.85743,66.49977],[-67.95071,66.5079],[-67.71089,66.31517],[-67.74683,66.24935],[-67.54499,66.17704],[-67.46589,66.178],[-67.39416,66.12545],[-67.26125,66.10176],[-67.24881,66.05339],[-67.15799,66.04306],[-67.22548,65.95293],[-67.16654,65.92195],[-67.21932,65.91004],[-67.3838,65.93005],[-67.42985,65.897],[-67.62226,65.90385],[-67.74208,65.95947],[-67.7771,65.87737],[-67.90229,65.90626],[-67.99545,65.87036],[-67.87428,65.83209],[-68.0,65.80347],[-67.83405,65.80349],[-67.82828,65.76439],[-67.91485,65.75352],[-67.98342,65.69867],[-67.91068,65.69311],[-67.84685,65.63759],[-67.94854,65.58487],[-67.97298,65.52481],[-67.63547,65.66249],[-67.49816,65.65443],[-67.41465,65.67918],[-67.25122,65.62805],[-67.32196,65.5537],[-67.44466,65.54259],[-67.39683,65.51339],[-67.45158,65.49303],[-67.33853,65.45709],[-67.13551,65.47561],[-67.05531,65.45244],[-67.12942,65.35463],[-67.31229,65.3682],[-67.34096,65.33866],[-67.32461,65.31943],[-67.25824,65.35721],[-67.10697,65.31863],[-67.18799,65.24083],[-67.09938,65.26656],[-66.94802,65.19288],[-66.95982,65.10364],[-67.07001,65.09602],[-67.0538,65.08221],[-66.97386,65.0946],[-66.91192,65.06243],[-66.85137,65.15853],[-66.73916,65.15539],[-66.8244,65.0876],[-66.80608,65.03012],[-66.72819,65.00146],[-66.77937,64.94571],[-66.71401,64.92308],[-66.69655,64.78363],[-66.64497,64.7706],[-66.61705,64.79374],[-66.67199,64.85117],[-66.6219,64.93951],[-66.67051,65.03519],[-66.63428,65.03907],[-66.52033,65.01341],[-66.4774,64.92475],[-66.41125,64.93557],[-66.1195,64.87019],[-66.21473,64.73283],[-66.15042,64.69829],[-66.01217,64.85644],[-66.0107,64.7389],[-65.94719,64.7729],[-65.88424,64.67586],[-65.85276,64.70071],[-65.89108,64.73847],[-65.84889,64.7633],[-65.93073,64.80221],[-65.90475,64.89478],[-65.68364,64.84831],[-65.63816,64.79996],[-65.71667,64.75925],[-65.70501,64.70352],[-65.6544,64.77686],[-65.60792,64.77996],[-65.5306,64.72544],[-65.55506,64.64352],[-65.70821,64.58657],[-65.69656,64.49903],[-65.41921,64.50032],[-65.31596,64.53962],[-65.33697,64.47649],[-65.12545,64.515],[-65.0638,64.48443],[-65.06154,64.41194],[-65.22381,64.38688],[-65.1531,64.3251],[-65.19362,64.29732],[-65.29034,64.28963],[-65.50729,64.32733],[-65.41534,64.26923],[-65.45815,64.24563],[-65.32143,64.25011],[-65.32958,64.22455],[-65.25124,64.21667],[-65.31145,64.1845],[-65.23799,64.17771],[-65.16149,64.14381],[-65.17211,64.11471],[-65.014,64.05243],[-65.1872,64.01879],[-64.84573,64.00005],[-64.76817,64.0219],[-64.71237,64.00003],[-64.69802,64.02577],[-64.60592,63.97527],[-64.81043,63.92067],[-64.93625,63.83886],[-64.9351,63.80652],[-64.89459,63.77249],[-64.73816,63.75155],[-64.66026,63.76305],[-64.65263,63.73583],[-64.51283,63.68849],[-64.51172,63.60851],[-64.58604,63.5988],[-64.5162,63.57416],[-64.45814,63.44636],[-64.50568,63.39776],[-64.47533,63.3162],[-64.53811,63.29483],[-64.48141,63.26198],[-64.57264,63.26113],[-64.59492,63.23298],[-64.67334,63.27031],[-64.75508,63.32842],[-64.7262,63.34206],[-64.84586,63.54952],[-64.93198,63.575],[-64.96574,63.64967],[-65.0704,63.69296],[-65.08296,63.73005],[-65.2225,63.77036],[-65.06959,63.65614],[-64.98749,63.63604],[-64.96008,63.59106],[-65.0537,63.56785],[-65.06384,63.51797],[-65.0061,63.46299],[-65.11026,63.42572],[-65.09991,63.40124],[-64.95732,63.38938],[-64.88231,63.27345],[-64.93207,63.2501],[-65.06036,63.24693],[-64.92846,63.21393],[-65.00517,63.18835],[-64.89842,63.18179],[-64.87987,63.14051],[-64.7859,63.14585],[-64.74858,63.12136],[-64.75457,63.09314],[-64.82554,63.10372],[-64.83671,63.08875],[-64.74864,63.07524],[-64.77357,62.97153],[-64.67339,62.96489],[-64.61808,62.92959],[-64.61315,62.90082],[-64.82404,62.86931],[-65.0599,62.94446],[-65.10345,63.0],[-65.19335,62.91153],[-64.95689,62.72595],[-64.95121,62.62654],[-65.09328,62.56903],[-65.20232,62.56988],[-65.34215,62.71269],[-65.32083,62.91988],[-65.41085,62.818],[-65.46664,62.83448],[-65.58556,62.82494],[-65.63275,62.90608],[-65.75874,62.95779],[-65.78782,62.8972],[-65.85251,62.93964],[-65.88062,62.92397],[-65.93693,62.937],[-65.89638,62.99112],[-65.96966,62.98667],[-66.09119,63.0402],[-66.13458,63.1027],[-66.23618,63.13011],[-66.15571,63.0819],[-66.1543,63.03917],[-66.03155,62.99123],[-66.0953,62.94106],[-66.24909,63.00526],[-66.33857,62.99859],[-66.48118,63.06908],[-66.54559,63.16847],[-66.57628,63.15682],[-66.53838,63.09179],[-66.61738,63.0677],[-66.55169,63.03893],[-66.63537,63.03674],[-66.75912,63.10412],[-66.7275,63.17037],[-66.7626,63.2255],[-66.79269,63.15219],[-66.8501,63.14702],[-67.00818,63.25607],[-66.90473,63.28168],[-66.94705,63.29788],[-67.13734,63.27712],[-67.30615,63.39026],[-67.32881,63.4498],[-67.45145,63.45213],[-67.67716,63.65766],[-67.73818,63.63607],[-67.75569,63.66885],[-67.8095,63.66049],[-67.76743,63.62519],[-67.79603,63.58633],[-67.62264,63.42117],[-67.63847,63.38689],[-67.70258,63.37503],[-67.91811,63.5273],[-68.06458,63.56031],[-68.06763,63.59361],[-68.11075,63.58822],[-68.14411,63.61339],[-68.19854,63.60062],[-68.2261,63.63742],[-68.35383,63.6497],[-68.41253,63.72801],[-68.62811,63.75793],[-68.68762,63.75965],[-68.68566,63.73052],[-68.94017,63.76516],[-68.98097,63.75394],[-68.61916,63.4846],[-68.48871,63.43573],[-68.44048,63.44986],[-68.40015,63.3763],[-68.16799,63.22415],[-68.19349,63.19663],[-68.10724,63.18254],[-68.08561,63.14767],[-68.03155,63.17087],[-67.89228,63.1489],[-67.76535,63.08279],[-67.60901,63.09338],[-67.56965,63.06918],[-67.69813,63.05265],[-67.74539,63.00001],[-67.64264,63.03396],[-67.48878,63.02778],[-67.47764,62.99772],[-67.6071,62.96715],[-67.49997,62.95895],[-67.4225,62.98001],[-67.25606,62.90128],[-67.33265,62.85462],[-67.22849,62.86482],[-67.1321,62.83992],[-67.14181,62.81641],[-67.09632,62.8115],[-66.96619,62.69872],[-66.91074,62.69943],[-66.90293,62.66767],[-66.84823,62.65173],[-66.74741,62.67269],[-66.68348,62.63733],[-66.69789,62.61278],[-66.62921,62.61109],[-66.51075,62.53498],[-66.45614,62.49275],[-66.50104,62.43438],[-66.31819,62.40087],[-66.43827,62.33406],[-66.35169,62.31817],[-66.33408,62.33999],[-66.20402,62.34964],[-66.11097,62.23674],[-66.04703,62.22272],[-65.96739,62.24622],[-65.88611,62.20182],[-66.03891,62.15635],[-66.00817,62.06409],[-66.08094,62.09138],[-66.13601,62.08439],[-65.9431,61.92055],[-66.02497,61.8711],[-66.30013,61.86784],[-66.50479,61.91037],[-66.70043,62.01674],[-67.0788,62.04143],[-67.20819,62.08465],[-67.28824,62.06805],[-67.30717,62.12051],[-67.39658,62.15022],[-67.45107,62.13572],[-67.53035,62.17217],[-67.73064,62.15812],[-67.78415,62.19168],[-67.89646,62.18798],[-67.92535,62.21041],[-67.97909,62.19202],[-68.60606,62.26076],[-68.78295,62.35166],[-68.76894,62.36851],[-68.82609,62.38111],[-68.85293,62.3534],[-68.91884,62.38496],[-69.04614,62.38572],[-69.16242,62.44757],[-69.22094,62.44849],[-69.31076,62.55507],[-69.3456,62.53929],[-69.39906,62.57007],[-69.44472,62.56295],[-69.48548,62.62324],[-69.55886,62.65002],[-69.42415,62.70061],[-69.50528,62.76748],[-69.57925,62.78168],[-69.6166,62.77434],[-69.60397,62.74117],[-69.65649,62.7489],[-69.85351,62.8252],[-69.83669,62.77311],[-69.99292,62.80014],[-69.96967,62.76945],[-70.08089,62.74489],[-70.19091,62.75119],[-70.4466,62.86396],[-70.83141,62.90269],[-70.79609,62.9449],[-70.93661,62.98575],[-71.10026,62.97403],[-71.12259,63.03082],[-71.00014,63.02202],[-70.92273,63.05992],[-70.92501,63.1423],[-71.02718,63.06235],[-71.17398,63.059],[-71.17181,63.01023],[-71.4028,63.04827],[-71.36924,63.10488],[-71.45784,63.09684],[-71.6206,63.13205],[-71.69211,63.21793],[-71.74455,63.22065],[-71.73044,63.31135],[-71.79027,63.33363],[-71.72523,63.34085],[-71.74214,63.39082],[-71.77639,63.36584],[-72.06205,63.39834],[-72.02209,63.44131],[-71.60849,63.40964],[-71.4596,63.47847],[-71.39768,63.47286],[-71.38981,63.50099],[-71.46109,63.52354],[-71.43644,63.54562],[-71.29125,63.52404],[-71.24046,63.58916],[-71.27455,63.61002],[-71.31629,63.58236],[-71.37056,63.61197],[-71.44672,63.57062],[-71.52499,63.58147],[-71.55521,63.68157],[-71.625,63.6927],[-71.6033,63.6435],[-71.70219,63.67755],[-71.79425,63.73487],[-71.74075,63.74877],[-71.88346,63.79638],[-71.95682,63.75577],[-71.82676,63.76325],[-71.88351,63.66028],[-71.96138,63.65329],[-71.93298,63.69105],[-72.0,63.68916],[-72.13815,63.73458],[-72.20452,63.66469],[-72.25149,63.66464],[-72.25424,63.70011],[-72.32889,63.73237],[-72.21722,63.75057],[-72.24704,63.77401],[-72.16676,63.87032],[-72.23852,63.96683],[-72.35465,64.0343],[-72.23998,63.95713],[-72.26474,63.91883],[-72.22175,63.89107],[-72.39895,63.81096],[-72.34263,63.79513],[-72.44928,63.77282],[-72.64278,63.93032],[-72.581,63.95788],[-72.5751,64.02414],[-72.67682,64.03531],[-72.64867,64.07364],[-72.67833,64.07732],[-72.683,64.01642],[-72.6266,63.97561],[-72.69808,63.95531],[-72.73045,64.00189],[-72.87085,64.02133],[-72.95411,64.05918],[-72.88121,64.1241],[-72.90856,64.17053],[-73.04833,64.19803],[-73.07178,64.24795],[-73.26559,64.29381],[-73.25626,64.2573],[-73.34653,64.25853],[-73.376,64.33763],[-73.33026,64.36077],[-73.48475,64.39798],[-73.37945,64.50556],[-73.31486,64.49776],[-73.24788,64.55853],[-73.18036,64.56498],[-73.16994,64.59426],[-73.2783,64.59597],[-73.26805,64.64188],[-73.31757,64.65443],[-73.28658,64.53605],[-73.46894,64.50298],[-73.55359,64.4076],[-73.50817,64.36729],[-73.58433,64.31439],[-73.64296,64.31951],[-73.67219,64.44568],[-73.60209,64.4908],[-73.68561,64.5125],[-73.68395,64.55272],[-73.43725,64.57788],[-73.43226,64.60083],[-73.54941,64.58449],[-73.60321,64.64153],[-73.64551,64.63701],[-73.67603,64.5606],[-73.75559,64.53886],[-73.89036,64.60244],[-73.84661,64.507],[-73.76395,64.47206],[-73.81714,64.46322],[-73.84869,64.48193],[-73.8991,64.45811],[-73.93642,64.49026],[-73.9779,64.35948],[-74.01398,64.33254],[-74.12089,64.32899],[-74.08242,64.43045],[-74.03509,64.44066],[-74.1146,64.51749],[-74.0,64.5368],[-74.09512,64.56797]]],[[[-120.84297,69.63823],[-120.28615,69.41023],[-119.94679,69.34497],[-118.90278,69.26554],[-118.64707,69.22321],[-118.42827,69.1203],[-118.02253,69.02517],[-117.71937,68.97932],[-117.36737,68.9603],[-117.17046,68.90159],[-116.95914,68.90975],[-116.9907,68.93664],[-116.91488,68.93613],[-116.82733,68.88447],[-116.7867,68.89881],[-116.64655,68.87232],[-116.32124,68.87581],[-116.14233,68.82388],[-115.97218,68.80618],[-115.93453,68.82579],[-116.08805,68.85551],[-116.13716,68.90922],[-116.32923,68.95433],[-116.20251,68.99247],[-115.82234,68.93187],[-115.77177,68.9989],[-115.22721,68.90308],[-115.12536,68.86421],[-114.97166,68.86952],[-114.81888,68.81653],[-114.76051,68.74758],[-114.56514,68.7352],[-114.46308,68.6934],[-114.41597,68.6247],[-114.10349,68.52812],[-114.04019,68.43883],[-114.11342,68.43178],[-114.05874,68.38955],[-113.97142,68.40024],[-113.96767,68.43752],[-113.88988,68.39935],[-114.04521,68.29608],[-113.99672,68.24106],[-114.18658,68.24847],[-114.26387,68.22796],[-114.44396,68.26332],[-114.62362,68.23734],[-114.87542,68.25651],[-114.75175,68.20674],[-114.83245,68.16214],[-114.90342,68.15014],[-115.21051,68.18772],[-115.14424,68.14063],[-115.22225,68.0903],[-115.18814,67.97992],[-115.52633,67.91428],[-115.28099,67.87623],[-115.15713,67.82435],[-115.08399,67.82665],[-114.97981,67.79271],[-114.70828,67.82129],[-114.63031,67.78049],[-114.45491,67.78269],[-114.27155,67.72919],[-113.94979,67.72635],[-113.69485,67.68715],[-113.26843,67.71339],[-113.11895,67.69831],[-113.09885,67.67767],[-112.59611,67.67169],[-112.29445,67.70294],[-112.33921,67.738],[-112.11175,67.73068],[-112.02022,67.7495],[-111.9406,67.69347],[-111.84352,67.68437],[-111.90513,67.75458],[-111.81706,67.76252],[-111.63475,67.73022],[-111.4756,67.76567],[-111.47583,67.73264],[-111.41767,67.72445],[-111.349,67.7883],[-111.2046,67.83751],[-111.13069,67.82022],[-111.14007,67.77585],[-111.07934,67.78867],[-111.01701,67.77015],[-110.83032,67.80187],[-110.44134,67.93902],[-110.16571,67.97228],[-110.14151,68.01547],[-110.02525,68.00664],[-109.97558,67.97449],[-109.98575,67.88022],[-109.88955,67.89071],[-109.78512,67.86724],[-109.69887,67.79626],[-109.72577,67.77793],[-109.62571,67.74371],[-109.71996,67.74242],[-109.6601,67.7116],[-109.55472,67.68902],[-109.47541,67.70507],[-109.47084,67.74808],[-109.27161,67.72298],[-109.20561,67.74161],[-109.05282,67.72965],[-108.92835,67.54429],[-108.87973,67.53495],[-108.9884,67.48378],[-108.97889,67.44837],[-108.84351,67.4004],[-108.83545,67.35428],[-108.76977,67.36115],[-108.71514,67.45697],[-108.69605,67.61973],[-108.65096,67.63173],[-108.57212,67.61135],[-108.44894,67.34668],[-108.37578,67.44979],[-108.30451,67.42975],[-108.27855,67.38248],[-108.33221,67.38931],[-108.35413,67.36627],[-108.34042,67.31734],[-108.23956,67.31043],[-108.26578,67.38973],[-107.97874,67.29186],[-107.85319,67.06617],[-107.90505,67.05203],[-107.98004,67.08771],[-108.04335,67.05858],[-108.12822,67.08189],[-108.14633,67.04758],[-108.28606,67.02976],[-108.6035,67.14862],[-108.53909,67.06255],[-108.49794,67.02647],[-108.41777,67.05171],[-108.33248,66.9919],[-108.15555,66.97244],[-108.08301,66.91664],[-108.0936,66.84421],[-107.97434,66.83186],[-107.91921,66.79599],[-107.94418,66.73499],[-107.86438,66.68323],[-107.84978,66.7212],[-107.74857,66.69316],[-107.66573,66.63994],[-107.71628,66.63861],[-107.70294,66.61133],[-107.55812,66.52952],[-107.50467,66.54637],[-107.20973,66.34644],[-107.17121,66.3688],[-107.24049,66.43046],[-107.52402,66.57316],[-107.62974,66.70347],[-107.71707,66.72163],[-107.67501,66.81752],[-107.75996,66.94892],[-107.7134,67.00595],[-107.61448,66.96029],[-107.65553,67.07183],[-107.60733,67.07485],[-107.49579,66.99861],[-107.47122,66.91999],[-107.57491,66.91842],[-107.61628,66.95187],[-107.67037,66.94488],[-107.61415,66.89397],[-107.56763,66.90617],[-107.51301,66.87954],[-107.54838,66.84128],[-107.39255,66.83439],[-107.45609,66.86068],[-107.36922,66.91099],[-107.44983,66.97715],[-107.1147,66.88947],[-107.19133,66.9717],[-107.36541,67.02938],[-107.37181,67.0822],[-107.28134,67.08313],[-107.31286,67.15714],[-107.35689,67.13498],[-107.52439,67.20776],[-107.59479,67.34264],[-107.70403,67.40659],[-107.56683,67.50266],[-108.02764,67.74688],[-107.93654,67.86399],[-107.8151,67.86358],[-107.65123,67.92778],[-107.63352,67.96225],[-107.73901,67.97015],[-107.7159,68.01697],[-107.54972,68.06697],[-107.37346,68.04361],[-107.25589,68.06306],[-107.18546,68.10517],[-107.13154,68.08751],[-106.94994,68.12092],[-106.79329,68.12275],[-106.7444,68.09974],[-106.75138,68.21749],[-106.68564,68.22091],[-106.63135,68.1747],[-106.59365,68.25784],[-106.37198,68.18757],[-106.4896,68.24138],[-106.44761,68.29201],[-106.5622,68.29622],[-106.63631,68.35249],[-106.71087,68.35532],[-106.6892,68.37924],[-106.75504,68.40707],[-106.84525,68.37546],[-106.97954,68.38596],[-107.11658,68.28929],[-107.23564,68.27454],[-107.28609,68.33089],[-107.45546,68.32254],[-107.62953,68.35314],[-107.83096,68.34012],[-107.8917,68.27382],[-107.71993,68.23485],[-107.67668,68.17977],[-107.80289,68.18117],[-107.89072,68.14571],[-108.00344,68.14748],[-107.96905,68.17217],[-108.14121,68.17252],[-108.36564,68.11884],[-108.3883,68.15981],[-108.2948,68.17755],[-108.27736,68.20764],[-108.31766,68.23394],[-108.38111,68.2201],[-108.35596,68.17689],[-108.40592,68.18095],[-108.36332,68.30367],[-108.43297,68.31502],[-108.5246,68.27373],[-108.73333,68.24187],[-108.80577,68.26224],[-108.35462,68.60243],[-108.25822,68.63243],[-107.70269,68.65522],[-107.28409,68.70216],[-106.79723,68.81858],[-106.6516,68.81714],[-106.25186,68.91125],[-106.20466,68.94453],[-105.99222,68.89665],[-105.77769,68.88413],[-105.43278,68.73735],[-105.52267,68.67373],[-105.38736,68.57012],[-105.41554,68.54103],[-105.30052,68.51735],[-105.27961,68.46538],[-105.37451,68.48487],[-105.52264,68.43278],[-105.30362,68.40959],[-105.32685,68.37723],[-105.21465,68.37728],[-105.20028,68.31951],[-104.97047,68.25092],[-104.56956,68.25412],[-104.64504,68.14684],[-104.56209,68.14265],[-104.48917,68.0283],[-104.31724,68.04715],[-104.15644,68.01648],[-103.94129,68.05041],[-103.82272,68.02327],[-103.69219,68.04498],[-103.67691,68.07742],[-103.57276,68.05474],[-103.49322,68.07437],[-103.48858,68.1457],[-103.37281,68.1532],[-103.30866,68.11265],[-103.3825,68.10434],[-103.35302,68.00942],[-103.19821,67.95648],[-103.10474,67.96306],[-103.03524,67.88907],[-102.9238,67.92429],[-102.83872,67.83921],[-102.75274,67.81343],[-102.42613,67.78815],[-102.23583,67.72349],[-102.20926,67.68343],[-102.08106,67.62988],[-102.10199,67.58845],[-102.03983,67.58366],[-102.02733,67.59567],[-102.12821,67.67],[-102.19979,67.69755],[-102.20357,67.73249],[-102.12245,67.76616],[-102.05463,67.73825],[-101.95773,67.79497],[-101.77503,67.70205],[-101.63198,67.71385],[-101.52783,67.6775],[-101.35745,67.71707],[-101.23607,67.6959],[-101.21773,67.78013],[-101.07632,67.77779],[-101.07149,67.73798],[-100.86995,67.76625],[-100.88343,67.79922],[-100.8094,67.79759],[-100.69574,67.84877],[-100.56707,67.83587],[-100.6179,67.76768],[-100.54996,67.76704],[-100.37,67.85135],[-100.19607,67.84972],[-99.92264,67.80499],[-99.86499,67.82487],[-99.58461,67.78855],[-99.53495,67.80728],[-99.39619,67.79621],[-99.29731,67.77379],[-99.21945,67.71735],[-99.11778,67.73928],[-98.89749,67.69904],[-98.88786,67.74262],[-98.78192,67.73985],[-98.68345,67.81323],[-98.59323,67.78154],[-98.32407,67.79548],[-98.41687,67.87395],[-98.53949,67.87983],[-98.7155,67.96415],[-98.70667,68.06902],[-98.52507,68.09134],[-98.50165,68.04377],[-98.19681,67.91529],[-98.22386,67.88761],[-98.0988,67.77747],[-98.03265,67.76953],[-98.04058,67.82767],[-98.17436,67.88384],[-98.17017,67.9125],[-98.53416,68.14756],[-98.41039,68.19269],[-98.40995,68.13579],[-98.3393,68.09476],[-98.26541,68.1332],[-98.28752,68.18318],[-98.46898,68.2034],[-98.45044,68.24393],[-98.67474,68.37132],[-98.58344,68.38682],[-98.45975,68.33892],[-98.42562,68.37366],[-98.49361,68.39476],[-98.43613,68.40744],[-98.39982,68.37457],[-98.33299,68.37726],[-98.1128,68.30583],[-98.00007,68.33415],[-98.07664,68.3517],[-97.98926,68.37198],[-97.89362,68.31582],[-97.83937,68.30946],[-97.81603,68.3128],[-97.79959,68.32754],[-97.80437,68.33875],[-97.88621,68.38638],[-97.84071,68.40233],[-97.71375,68.39207],[-97.85037,68.42297],[-97.99348,68.52265],[-97.80625,68.55549],[-97.59917,68.50136],[-97.60787,68.44904],[-97.51864,68.51794],[-97.31836,68.50588],[-97.19988,68.46385],[-97.1557,68.40418],[-96.97965,68.34601],[-96.95856,68.30677],[-97.03435,68.31718],[-97.0515,68.30074],[-96.89862,68.24845],[-96.65822,68.29132],[-96.60178,68.1991],[-96.56219,68.20539],[-96.61006,68.2336],[-96.44926,68.28655],[-96.51534,68.17242],[-96.75842,68.08641],[-96.71851,68.01727],[-96.53445,68.07524],[-96.48723,68.03826],[-96.43922,68.10525],[-96.49551,68.1132],[-96.42087,68.15868],[-95.93236,68.25912],[-96.04191,68.18458],[-96.05782,68.14659],[-95.99393,68.1263],[-96.19683,67.83821],[-96.14263,67.62026],[-96.22869,67.6328],[-96.25106,67.68247],[-96.32234,67.67788],[-96.30174,67.59683],[-96.47201,67.55364],[-96.61209,67.47747],[-96.5014,67.49837],[-96.53695,67.5064],[-96.46981,67.5533],[-96.40326,67.54108],[-96.44407,67.48022],[-96.33163,67.49714],[-96.3609,67.45153],[-96.26864,67.46069],[-96.175,67.42785],[-96.13785,67.4522],[-96.05905,67.44782],[-96.21077,67.3123],[-96.09481,67.24229],[-95.88826,67.28546],[-95.70424,67.39006],[-95.64469,67.33431],[-95.53417,67.38286],[-95.52465,67.32628],[-95.80253,67.17347],[-95.49033,67.22062],[-95.45408,67.17828],[-95.33491,67.15497],[-95.22402,67.22898],[-95.23634,67.26129],[-95.13421,67.28401],[-95.28958,67.34163],[-95.38422,67.47195],[-95.28778,67.51462],[-95.31561,67.56359],[-95.6957,67.73417],[-95.50875,67.83084],[-95.41065,68.04173],[-95.32133,68.07655],[-95.17365,68.05817],[-95.08355,68.09216],[-95.00812,68.04578],[-94.8902,68.05603],[-94.85892,68.03549],[-94.69558,68.05523],[-94.54659,68.15835],[-94.1941,68.26273],[-94.19326,68.37074],[-93.95969,68.47117],[-93.7273,68.50429],[-93.58472,68.56079],[-93.44123,68.56718],[-93.37696,68.54555],[-93.3906,68.51986],[-93.35019,68.50156],[-93.38092,68.46977],[-93.32139,68.42438],[-93.22987,68.41361],[-93.0919,68.42172],[-92.99174,68.4192],[-92.88918,68.42423],[-92.75026,68.43953],[-92.61819,68.43567],[-92.51299,68.44112],[-92.34887,68.43411],[-92.22311,68.4453],[-92.14067,68.3267],[-92.06947,68.28759],[-92.14949,68.25806],[-92.20038,68.20231],[-92.6265,68.10973],[-92.56662,68.09248],[-92.38502,68.16008],[-92.19066,68.17882],[-92.13294,68.24809],[-92.06422,68.2875],[-92.06463,68.29987],[-92.13669,68.33246],[-92.20912,68.45058],[-92.83994,68.44054],[-92.99537,68.4202],[-93.08665,68.42489],[-93.20609,68.4226],[-93.22863,68.41564],[-93.31436,68.42377],[-93.3775,68.47262],[-93.34647,68.49061],[-93.36439,68.55722],[-93.42473,68.59348],[-93.61796,68.63312],[-93.72061,68.61896],[-93.69535,68.75069],[-93.63662,68.76358],[-93.5638,68.85578],[-93.61919,68.87875],[-93.63515,68.97741],[-93.84283,68.97227],[-93.81699,69.01352],[-93.90021,69.0343],[-93.88897,68.99106],[-94.06428,68.88998],[-94.0114,68.8436],[-93.91942,68.86548],[-93.89751,68.8412],[-93.96241,68.81195],[-94.21004,68.7454],[-94.25081,68.7619],[-94.48799,68.73379],[-94.51547,68.76],[-94.59642,68.75902],[-94.53118,68.89604],[-94.58249,68.96018],[-94.49881,68.96972],[-94.40369,68.94908],[-94.28843,69.04515],[-94.19538,69.03437],[-94.12844,69.05803],[-94.1044,69.1352],[-94.2172,69.13385],[-94.29622,69.16549],[-94.26299,69.32307],[-94.01342,69.363],[-93.88148,69.36749],[-93.86669,69.34809],[-93.76421,69.36269],[-93.59666,69.43616],[-93.65651,69.35265],[-93.85769,69.26395],[-93.81143,69.16863],[-93.32982,69.38482],[-93.22641,69.39073],[-93.19421,69.32653],[-93.25967,69.29682],[-93.22567,69.25671],[-93.28223,69.1801],[-93.15974,69.13603],[-93.21546,69.0869],[-93.16973,69.06165],[-93.05733,69.06437],[-92.98949,69.27206],[-92.77304,69.39536],[-93.23152,69.42575],[-93.46486,69.35082],[-93.57559,69.36675],[-93.44189,69.47635],[-93.53288,69.53188],[-93.70337,69.51803],[-93.93556,69.43688],[-94.28322,69.442],[-94.65188,69.67613],[-94.7315,69.67492],[-94.71918,69.60413],[-94.84241,69.56281],[-95.35982,69.67362],[-95.69265,69.7943],[-95.72517,69.7649],[-96.02896,69.81553],[-96.13558,69.8515],[-96.04395,69.89542],[-96.09017,69.95536],[-96.25478,69.97084],[-96.47809,70.09507],[-96.52981,70.33099],[-96.37425,70.42161],[-96.30962,70.41554],[-96.22048,70.56965],[-96.17876,70.53195],[-96.05439,70.59215],[-95.92866,70.55106],[-95.78291,70.53434],[-95.76796,70.54887],[-95.97964,70.57964],[-96.04483,70.61558],[-95.92428,70.68913],[-96.09529,70.66261],[-96.15679,70.61669],[-96.36577,70.68266],[-96.42511,70.74291],[-96.59865,70.80633],[-96.45704,71.04194],[-96.37136,71.06201],[-96.53711,71.13321],[-96.39877,71.18165],[-96.47354,71.27429],[-96.25683,71.29867],[-96.17757,71.39376],[-96.03273,71.42252],[-95.88847,71.40959],[-95.77549,71.32828],[-95.64083,71.28734],[-95.49316,71.32313],[-95.56593,71.36052],[-95.45859,71.35853],[-95.43998,71.38909],[-95.54563,71.42384],[-95.42937,71.49666],[-95.80795,71.5091],[-95.91747,71.55161],[-95.8898,71.61003],[-95.67706,71.63941],[-95.47676,71.73243],[-95.27352,71.7373],[-95.17065,71.95703],[-94.56019,72.00248],[-94.37296,71.93401],[-94.44789,71.90823],[-94.45775,71.85094],[-94.56174,71.85973],[-94.62197,71.82756],[-94.59515,71.75559],[-94.54121,71.74847],[-94.46891,71.82449],[-94.32911,71.80815],[-94.38197,71.68111],[-94.50254,71.64535],[-94.45923,71.62317],[-94.17765,71.80461],[-94.07432,71.76654],[-93.99231,71.79248],[-93.97605,71.75537],[-93.86648,71.74753],[-93.76338,71.77673],[-93.67679,71.76474],[-93.66824,71.72386],[-93.78563,71.64909],[-93.57097,71.5677],[-93.32758,71.52199],[-93.18298,71.46183],[-93.12261,71.38227],[-92.9576,71.35448],[-92.83292,71.04626],[-92.88864,70.98181],[-92.86434,70.87711],[-92.92421,70.8481],[-93.03439,70.88382],[-92.94581,70.8286],[-92.75684,70.81336],[-92.67445,70.7819],[-92.61465,70.6897],[-92.17253,70.61437],[-92.13276,70.57816],[-92.23299,70.58431],[-92.26654,70.55934],[-91.95513,70.36141],[-92.00533,70.2896],[-91.94716,70.28674],[-91.89514,70.31738],[-91.89999,70.36136],[-91.6914,70.35705],[-91.67921,70.22866],[-91.62919,70.23698],[-91.50776,70.18514],[-91.51133,70.1503],[-91.97974,70.12321],[-92.10798,70.17127],[-92.4098,70.17903],[-92.44841,70.08181],[-92.14971,70.09814],[-91.94789,70.03661],[-92.27035,69.87565],[-92.55234,69.80902],[-92.54676,69.77257],[-92.76014,69.71432],[-92.6694,69.71402],[-92.62894,69.68084],[-92.47661,69.7014],[-92.20514,69.65297],[-92.24575,69.63069],[-92.15989,69.58165],[-91.93095,69.51802],[-91.78329,69.50474],[-91.70139,69.52527],[-91.7068,69.55279],[-91.58265,69.5696],[-91.5573,69.62517],[-91.43279,69.66105],[-91.26412,69.65626],[-91.22176,69.61559],[-91.34238,69.54606],[-91.48687,69.54285],[-91.53524,69.50725],[-91.44572,69.52973],[-91.31897,69.5188],[-91.31517,69.54014],[-91.18082,69.5571],[-91.12591,69.51486],[-90.99823,69.53092],[-90.78112,69.48637],[-90.68886,69.54736],[-90.41189,69.48776],[-90.48609,69.42854],[-90.61087,69.41934],[-90.77499,69.36958],[-90.83117,69.33414],[-90.81523,69.25608],[-91.15988,69.29373],[-91.11989,69.2511],[-90.64762,69.08372],[-90.65789,68.9933],[-90.58564,68.99143],[-90.57389,68.92822],[-90.45364,68.89808],[-90.43657,68.80469],[-90.51849,68.73467],[-90.46404,68.69669],[-90.54451,68.63167],[-90.46721,68.59945],[-90.51364,68.55785],[-90.46677,68.52883],[-90.59547,68.45862],[-90.53017,68.41653],[-90.29286,68.37977],[-90.28249,68.25722],[-90.16797,68.23642],[-90.1008,68.2537],[-90.13199,68.28278],[-90.00187,68.36872],[-89.97892,68.44657],[-89.88715,68.45699],[-89.82898,68.53671],[-89.64283,68.56491],[-89.59616,68.55135],[-89.60248,68.50774],[-89.57501,68.48428],[-89.62689,68.46956],[-89.57326,68.40364],[-89.46856,68.36677],[-89.59041,68.46909],[-89.57035,68.48246],[-89.59932,68.50796],[-89.58665,68.53816],[-89.59916,68.55587],[-89.48546,68.59945],[-89.43846,68.57917],[-89.38025,68.57803],[-89.30963,68.60368],[-89.30749,68.65289],[-89.2188,68.62239],[-89.17273,68.64141],[-89.24418,68.71352],[-89.29648,68.71223],[-89.26808,68.66336],[-89.33527,68.65454],[-89.36656,68.63619],[-89.31134,68.60688],[-89.37886,68.57907],[-89.48706,68.60039],[-89.60482,68.5543],[-89.6558,68.56857],[-89.83029,68.53994],[-89.90981,68.5558],[-89.9372,68.62244],[-89.83238,68.69523],[-89.73681,68.69188],[-89.69881,68.71543],[-89.67083,68.81506],[-89.74899,68.96907],[-89.63212,69.06048],[-89.46576,69.12689],[-89.37985,69.22552],[-89.2679,69.26367],[-89.08719,69.2692],[-88.96042,69.24161],[-88.77813,69.09604],[-88.23076,68.92291],[-88.07227,68.84164],[-87.95415,68.75066],[-87.91863,68.56249],[-87.77648,68.40259],[-87.78056,68.33441],[-87.8375,68.24714],[-87.93071,68.20538],[-87.9823,68.23242],[-88.18554,68.25265],[-88.2029,68.37928],[-88.27564,68.32446],[-88.4173,68.32671],[-88.5167,68.31318],[-88.61258,68.32417],[-88.67765,68.29919],[-88.88994,68.29074],[-88.9597,68.29758],[-88.99959,68.29419],[-89.06286,68.26662],[-89.15364,68.26669],[-89.18979,68.23738],[-89.15077,68.22461],[-89.07755,68.24307],[-89.10379,68.2604],[-89.05794,68.26681],[-89.02304,68.2776],[-89.00117,68.29342],[-88.89219,68.29042],[-88.67795,68.29805],[-88.6101,68.32277],[-88.48195,68.3073],[-88.29503,68.32022],[-88.38743,68.28104],[-88.27094,68.10692],[-88.39266,67.98511],[-88.11483,67.72685],[-88.12011,67.67498],[-87.94378,67.62376],[-87.53865,67.37709],[-87.47686,67.37202],[-87.44253,67.30046],[-87.33953,67.26649],[-87.35716,67.23117],[-87.46984,67.19345],[-87.40903,67.18228],[-87.30844,67.18418],[-87.24839,67.13143],[-87.24037,67.19229],[-87.05892,67.21782],[-87.0568,67.25982],[-87.00461,67.244],[-86.98744,67.29961],[-87.07594,67.33071],[-87.05589,67.35674],[-86.98893,67.34657],[-86.83211,67.4157],[-86.74653,67.42438],[-86.68264,67.37899],[-86.58487,67.40345],[-86.56628,67.35088],[-86.49046,67.36673],[-86.52789,67.43339],[-86.47766,67.45171],[-86.43442,67.59848],[-86.4982,67.70294],[-86.10272,67.9769],[-85.87474,68.04291],[-85.88405,68.18853],[-85.77072,68.20594],[-85.84597,68.23599],[-85.76235,68.29205],[-85.81592,68.32148],[-85.69979,68.40291],[-85.72215,68.58403],[-85.64563,68.72066],[-85.59714,68.74211],[-85.54348,68.72864],[-85.4487,68.74663],[-85.51498,68.78575],[-85.41047,68.78438],[-85.3265,68.73309],[-85.24929,68.73192],[-85.20307,68.76674],[-84.77091,68.73756],[-84.78049,68.80643],[-84.85683,68.82462],[-85.0028,68.80656],[-85.15137,68.82421],[-85.16541,68.87264],[-85.02622,68.89124],[-85.06488,68.96208],[-84.80953,68.93848],[-84.80347,68.96927],[-84.90271,68.97629],[-84.90808,69.00941],[-84.80722,69.03525],[-84.56545,68.99665],[-84.51558,69.01888],[-84.63443,69.02215],[-84.72237,69.07982],[-84.92495,69.08496],[-84.97329,69.14585],[-85.07781,69.1121],[-85.111,69.12934],[-85.05603,69.1626],[-85.15612,69.16774],[-85.18908,69.12614],[-85.28949,69.14502],[-85.38861,69.21198],[-85.48358,69.41054],[-85.39399,69.41443],[-85.37983,69.44945],[-85.4708,69.44059],[-85.51904,69.48901],[-85.42241,69.59973],[-85.52322,69.64475],[-85.39234,69.72917],[-85.49618,69.75242],[-85.32918,69.82034],[-85.58212,69.831],[-85.4612,69.85652],[-85.12062,69.78469],[-84.84989,69.80833],[-84.84693,69.83701],[-84.40054,69.85973],[-84.09956,69.81124],[-84.04471,69.76144],[-83.56712,69.69087],[-83.40611,69.68046],[-83.26277,69.70798],[-82.56173,69.68834],[-82.33572,69.64372],[-82.36135,69.62382],[-82.59102,69.65121],[-82.56823,69.55049],[-82.46787,69.51833],[-82.48003,69.49327],[-82.98664,69.51789],[-82.63385,69.47925],[-82.22976,69.39975],[-82.34123,69.38155],[-82.11947,69.29278],[-82.36328,69.23129],[-82.76998,69.29657],[-82.94227,69.2771],[-82.63161,69.27047],[-82.39945,69.21445],[-82.24305,69.2425],[-82.0253,69.24266],[-81.98949,69.2732],[-81.66424,69.26534],[-81.48585,69.20489],[-81.31315,69.19367],[-81.30234,69.09809],[-81.47201,69.0648],[-81.55863,68.98777],[-81.66861,68.99189],[-81.67451,68.94527],[-81.92294,68.90509],[-81.9294,68.88064],[-81.81658,68.90882],[-81.61569,68.90494],[-81.51407,68.83122],[-81.48245,68.86213],[-81.32219,68.86089],[-81.20703,68.75394],[-81.23887,68.63906],[-81.34684,68.58948],[-81.58882,68.51492],[-81.73357,68.53109],[-81.78529,68.46297],[-81.94305,68.42185],[-82.01037,68.44454],[-82.04223,68.4909],[-82.28724,68.56527],[-82.19233,68.63473],[-82.08885,68.59804],[-81.95203,68.64303],[-82.01006,68.67548],[-81.92513,68.67646],[-82.03332,68.80284],[-82.19366,68.82561],[-82.31228,68.92214],[-82.33901,68.85893],[-82.18913,68.7729],[-82.21346,68.7338],[-82.37929,68.71472],[-82.40929,68.68966],[-82.57233,68.75653],[-82.62821,68.76064],[-82.70183,68.72161],[-82.62524,68.56141],[-82.58109,68.60207],[-82.46594,68.61554],[-82.29919,68.57645],[-82.29092,68.56153],[-82.24244,68.55078],[-82.23144,68.51406],[-82.17379,68.49571],[-82.18845,68.45933],[-82.25543,68.45572],[-82.60262,68.51987],[-82.62932,68.4985],[-82.54324,68.48776],[-82.48168,68.44123],[-82.64402,68.44301],[-82.62605,68.40169],[-82.45756,68.40453],[-82.4474,68.38042],[-82.34823,68.36285],[-82.12831,68.37108],[-82.00521,68.32115],[-82.05483,68.29769],[-82.21212,68.34286],[-82.31264,68.31554],[-82.49147,68.3153],[-82.38723,68.27611],[-82.24776,68.27447],[-82.21873,68.23907],[-82.33097,68.16663],[-82.24579,68.12462],[-82.15673,68.11709],[-82.01746,68.2177],[-81.95839,68.19583],[-82.17587,68.00638],[-82.07918,67.90554],[-81.91623,67.81828],[-81.82397,67.80404],[-81.81387,67.76826],[-81.62081,67.70818],[-81.57282,67.65443],[-81.41182,67.60768],[-81.1994,67.44856],[-81.31814,67.3146],[-81.38883,67.06694],[-81.46167,66.99484],[-81.54758,67.0],[-81.703,66.96594],[-81.78926,66.99557],[-81.99948,66.93196],[-82.06833,66.93246],[-82.01311,66.89726],[-82.07827,66.84926],[-82.03677,66.82386],[-82.15907,66.77727],[-82.14045,66.70161],[-82.41526,66.7541],[-82.40488,66.77196],[-82.42578,66.77981],[-82.37459,66.79123],[-82.43441,66.82916],[-82.44654,66.77904],[-82.41874,66.74364],[-82.33741,66.72277],[-82.34619,66.70405],[-82.46151,66.67503],[-82.4316,66.65002],[-82.54261,66.62776],[-82.57877,66.5619],[-82.98979,66.54309],[-82.99335,66.48213],[-83.31479,66.35732],[-83.43409,66.3418],[-83.56394,66.34961],[-83.56592,66.39417],[-83.51338,66.4106],[-83.64859,66.51914],[-83.80381,66.54217],[-83.85803,66.58693],[-83.94437,66.58297],[-83.98946,66.69265],[-83.92306,66.70877],[-83.88448,66.81064],[-84.08504,66.70604],[-84.27205,66.71621],[-84.30133,66.75569],[-84.24908,66.77667],[-84.4047,66.80566],[-84.37364,66.84976],[-84.43699,66.93561],[-84.49509,66.93981],[-84.60985,67.00898],[-84.84462,67.02243],[-84.83423,66.99311],[-84.73699,67.01232],[-84.59922,66.97876],[-84.83471,66.96573],[-84.87212,66.98342],[-84.91391,66.96027],[-85.02741,66.964],[-85.19407,66.87382],[-85.02592,66.83523],[-85.10486,66.77098],[-84.99069,66.75339],[-85.0274,66.85508],[-84.89302,66.88474],[-84.95172,66.93094],[-84.72138,66.95444],[-84.69974,66.9296],[-84.59779,66.93996],[-84.57872,66.90399],[-84.75458,66.89859],[-84.47657,66.83176],[-84.53404,66.81871],[-84.63009,66.84498],[-84.66723,66.83445],[-84.53026,66.81278],[-84.47449,66.81409],[-84.40656,66.78333],[-84.30082,66.78418],[-84.40051,66.73145],[-84.38484,66.71076],[-84.1019,66.67913],[-84.13952,66.5642],[-83.87798,66.44769],[-83.8369,66.32151],[-83.66098,66.21693],[-83.6637,66.18636],[-83.82667,66.15497],[-83.81422,66.19843],[-83.96352,66.2054],[-84.11453,66.26052],[-84.15641,66.30878],[-84.29331,66.30083],[-84.29186,66.26808],[-84.35792,66.2833],[-84.38611,66.34262],[-84.50733,66.3982],[-84.62632,66.32706],[-84.51945,66.30519],[-84.35844,66.21767],[-84.36372,66.16259],[-84.60568,66.21358],[-84.75831,66.21751],[-84.82761,66.25811],[-84.94816,66.23966],[-84.99644,66.27274],[-85.22874,66.26583],[-85.3218,66.49343],[-85.44703,66.58498],[-85.8322,66.49873],[-85.87602,66.51533],[-86.05552,66.49128],[-86.21438,66.50952],[-86.29511,66.54395],[-86.38818,66.51774],[-86.48802,66.53722],[-86.67134,66.51725],[-86.75212,66.53728],[-86.71561,66.48037],[-86.63655,66.45357],[-86.78551,66.44723],[-86.64095,66.3253],[-85.89915,66.1986],[-85.87577,66.15935],[-85.99627,66.10102],[-85.95051,66.05461],[-85.99396,66.01966],[-86.18783,65.97629],[-86.24396,65.92967],[-86.39287,65.89165],[-86.5317,65.66127],[-86.60586,65.66604],[-86.69103,65.63883],[-86.70123,65.60034],[-87.0734,65.4801],[-87.06266,65.39547],[-87.34217,65.31907],[-87.84423,65.3222],[-88.04185,65.35208],[-88.21571,65.40209],[-88.42181,65.54043],[-88.69917,65.61165],[-88.74942,65.6483],[-88.63151,65.63669],[-88.61955,65.66051],[-88.89648,65.70444],[-88.91199,65.68444],[-89.09895,65.73536],[-89.41972,65.87324],[-89.44322,65.84832],[-89.78785,65.97768],[-89.77057,65.94023],[-89.96628,65.95009],[-89.70841,65.87129],[-89.72583,65.82414],[-90.02021,65.89246],[-90.26801,65.86612],[-89.62614,65.69124],[-89.56439,65.63562],[-89.42459,65.59621],[-89.4341,65.56051],[-89.33974,65.48893],[-89.17657,65.44377],[-89.03167,65.32203],[-88.9165,65.3352],[-88.02027,65.26417],[-88.0,65.28355],[-87.88894,65.28399],[-87.7285,65.26204],[-87.73983,65.28886],[-87.55354,65.29236],[-87.01173,65.23884],[-87.03745,65.19927],[-86.93654,65.16737],[-86.99357,65.10467],[-86.97021,65.04957],[-87.07614,65.0197],[-87.05542,64.97334],[-87.17129,64.93578],[-87.30815,64.7889],[-87.29036,64.75459],[-87.4626,64.70212],[-87.55833,64.56808],[-87.80113,64.50893],[-87.85166,64.37802],[-88.06203,64.25046],[-88.01941,64.22083],[-88.04318,64.18388],[-88.12599,64.15597],[-88.21401,64.16195],[-88.32392,64.10371],[-88.48505,64.10361],[-88.50307,64.0481],[-88.75926,63.98085],[-89.0661,64.03428],[-89.12567,64.00739],[-89.09811,63.9583],[-89.16742,63.95922],[-89.3818,64.04495],[-89.44527,64.02534],[-89.51763,64.04956],[-89.55823,63.99446],[-89.6515,64.0628],[-89.70138,64.05526],[-89.8127,64.11834],[-89.73392,64.13062],[-89.773,64.24399],[-89.80648,64.23804],[-89.78819,64.13719],[-90.0,64.15954],[-89.83434,64.02516],[-89.92802,63.99114],[-89.8309,63.984],[-89.82348,63.92164],[-89.97721,63.91799],[-89.97527,63.95362],[-90.22207,63.99394],[-89.96195,63.79039],[-90.02676,63.78098],[-90.11172,63.72219],[-90.09077,63.70353],[-90.22013,63.60994],[-90.46558,63.6012],[-90.57069,63.65618],[-90.55091,63.58911],[-90.85079,63.55899],[-90.6877,63.53543],[-90.62731,63.47509],[-90.66015,63.44381],[-90.72834,63.45147],[-90.79084,63.50291],[-90.93469,63.52885],[-91.03752,63.60243],[-91.2341,63.61671],[-91.2874,63.65785],[-91.37376,63.64681],[-91.52926,63.72095],[-91.62793,63.71062],[-91.68866,63.73351],[-91.67614,63.77792],[-91.7567,63.73491],[-91.98355,63.73966],[-92.02976,63.77339],[-92.08402,63.73213],[-92.25076,63.77087],[-92.35631,63.76681],[-92.46959,63.82312],[-92.64434,63.82263],[-92.74896,63.85629],[-92.73782,63.87906],[-92.90964,63.89086],[-92.97707,63.94088],[-93.09252,63.92075],[-93.13856,63.95497],[-93.45837,64.00482],[-93.65734,64.10488],[-93.67029,64.0852],[-93.51762,63.98963],[-93.70464,63.98868],[-93.73582,63.96771],[-93.54831,63.85456],[-93.35049,63.84812],[-93.44883,63.91863],[-93.44585,63.9519],[-93.38837,63.96911],[-93.09722,63.87138],[-92.80115,63.83403],[-92.62164,63.77315],[-92.52015,63.8166],[-92.3783,63.72279],[-92.2526,63.74585],[-92.09867,63.68794],[-92.21118,63.6676],[-92.12419,63.63672],[-92.31647,63.61038],[-92.44308,63.54728],[-92.81929,63.55233],[-92.88005,63.51191],[-92.96952,63.50959],[-92.71474,63.3562],[-92.64102,63.35838],[-92.76518,63.39837],[-92.75761,63.42684],[-92.88001,63.47859],[-92.87685,63.51356],[-92.74894,63.53846],[-92.67723,63.48756],[-92.74646,63.5419],[-92.52445,63.54216],[-92.47145,63.52214],[-92.39802,63.54266],[-92.35956,63.49704],[-92.29835,63.47088],[-92.32184,63.37647],[-92.2846,63.34177],[-92.21189,63.31956],[-92.16442,63.33755],[-92.27032,63.39137],[-92.1333,63.39708],[-92.09977,63.41846],[-92.03843,63.4085],[-92.01146,63.42851],[-92.13486,63.43862],[-92.18526,63.39592],[-92.26155,63.42713],[-92.24939,63.51521],[-92.2914,63.47211],[-92.37068,63.51358],[-92.29633,63.5686],[-92.22324,63.55519],[-92.20364,63.61064],[-91.78674,63.72166],[-91.60274,63.642],[-91.63119,63.5816],[-91.50711,63.57251],[-91.50464,63.54463],[-91.38486,63.51436],[-91.38605,63.48497],[-91.28686,63.50225],[-91.21399,63.48224],[-91.10416,63.47389],[-91.10535,63.4574],[-90.99312,63.47075],[-90.85678,63.41417],[-90.83255,63.37357],[-90.67406,63.34924],[-90.75244,63.29753],[-90.68554,63.22286],[-90.63697,63.04411],[-90.74182,63.00236],[-90.75582,62.93839],[-90.82106,62.91868],[-91.01411,62.93877],[-91.19492,62.89097],[-91.20716,62.8519],[-91.3747,62.83828],[-91.35494,62.81453],[-91.39695,62.79395],[-91.64846,62.8034],[-91.75687,62.8312],[-91.8502,62.82413],[-92.11119,62.85985],[-92.06585,62.79889],[-92.28874,62.84278],[-92.39666,62.83104],[-92.42269,62.79856],[-92.3422,62.72732],[-92.16083,62.66195],[-91.87509,62.63637],[-91.88712,62.57515],[-91.98086,62.52987],[-92.15699,62.54164],[-92.22392,62.59009],[-92.26538,62.56611],[-92.32078,62.57425],[-92.32744,62.54181],[-92.45042,62.529],[-92.62141,62.60197],[-92.62119,62.62894],[-92.66849,62.62851],[-92.63831,62.64609],[-92.87375,62.73955],[-92.88149,62.66654],[-92.83465,62.66641],[-92.84355,62.69634],[-92.67308,62.63653],[-92.67027,62.6274],[-92.6409,62.61563],[-92.60826,62.56954],[-92.5184,62.51388],[-92.51665,62.48136],[-92.5603,62.47346],[-92.48864,62.43467],[-92.36088,62.40468],[-92.33069,62.42854],[-92.1793,62.38972],[-92.17478,62.36352],[-92.27211,62.35665],[-92.32797,62.36224],[-92.30418,62.39],[-92.33849,62.39941],[-92.49368,62.40684],[-92.53143,62.39],[-92.53503,62.44448],[-92.60908,62.48232],[-92.72799,62.47673],[-92.74498,62.44257],[-92.68792,62.39611],[-92.72012,62.37909],[-92.53544,62.30188],[-92.53114,62.21532],[-92.63388,62.22317],[-92.73241,62.29863],[-93.01077,62.32044],[-93.3317,62.39199],[-93.61734,62.65516],[-93.65995,62.66803],[-93.61218,62.70656],[-93.63933,62.76179],[-93.64847,62.7679],[-93.6,62.81033],[-93.71361,62.86922],[-93.60625,62.87882],[-93.57641,62.89238],[-93.54992,62.92634],[-93.61241,62.95532],[-93.64919,62.93911],[-93.58456,62.89467],[-93.77969,62.88926],[-93.77827,62.85818],[-93.67901,62.84705],[-93.6489,62.82131],[-93.65585,62.76909],[-93.64308,62.76225],[-93.69747,62.75141],[-93.64181,62.6974],[-93.66094,62.66683],[-93.36401,62.41366],[-93.46226,62.43765],[-93.41062,62.39811],[-93.49197,62.41098],[-93.49629,62.38936],[-93.26082,62.37264],[-93.25544,62.35343],[-92.94113,62.30202],[-92.7608,62.24924],[-92.75748,62.21996],[-93.00986,62.19895],[-93.00881,62.17555],[-93.15489,62.20839],[-93.14457,62.12489],[-93.05821,62.10049],[-92.97082,62.11089],[-92.99275,62.06867],[-93.10747,62.0708],[-93.1845,62.04233],[-93.12539,61.99357],[-93.15213,61.97676],[-93.25508,62.03727],[-93.3433,62.02428],[-93.22475,61.96117],[-93.24417,61.93739],[-93.29538,61.94872],[-93.33581,61.93214],[-93.28551,61.8983],[-93.34415,61.89081],[-93.62549,61.95802],[-93.55052,61.9189],[-93.5521,61.88439],[-93.62353,61.88351],[-93.67317,61.9259],[-93.80114,61.983],[-93.83795,61.96429],[-93.68008,61.91983],[-93.57693,61.82898],[-93.46619,61.81218],[-93.41101,61.77677],[-93.29452,61.77652],[-93.29631,61.73981],[-93.6538,61.76331],[-93.61774,61.70843],[-93.34557,61.72844],[-93.34657,61.7024],[-93.52648,61.67917],[-93.66079,61.62739],[-93.78126,61.55062],[-93.88816,61.53503],[-93.99352,61.45074],[-93.97673,61.37249],[-93.90377,61.3877],[-93.81554,61.33922],[-93.90389,61.29411],[-94.06129,61.29379],[-94.01309,61.20592],[-94.10795,61.1582],[-94.04963,61.14137],[-94.07549,61.11214],[-93.98391,61.08942],[-94.16945,61.06508],[-94.22707,60.8842],[-94.32253,60.86197],[-94.4233,60.77009],[-94.42925,60.69789],[-94.52695,60.62927],[-94.55655,60.53563],[-94.70544,60.46618],[-94.64557,60.38041],[-94.74545,60.19542],[-94.7073,60.10673],[-94.76981,60.08222],[-94.82287,60.0],[-102.0,60.0],[-123.78932,60.00003],[-139.0522,60.00004],[-139.17702,60.08286],[-139.05207,60.35373],[-139.68006,60.33572],[-139.97168,60.18388],[-140.44798,60.30796],[-140.51708,60.22016],[-140.99797,60.30804],[-141.01143,69.64746],[-140.38887,69.58899],[-139.88803,69.61456],[-139.4931,69.53204],[-139.44769,69.55021],[-139.26373,69.50215],[-139.15167,69.50415],[-138.90932,69.39264],[-138.71926,69.34076],[-138.58313,69.24722],[-138.44939,69.22441],[-138.39025,69.28934],[-138.34455,69.28253],[-138.20453,69.16993],[-137.87409,69.07681],[-137.20548,68.92915],[-137.00554,68.93574],[-136.79382,68.86209],[-136.58756,68.88632],[-136.4686,68.86875],[-136.46532,68.30347],[-136.46862,68.8943],[-136.12966,68.87677],[-136.0351,68.94669],[-136.11933,69.00046],[-136.03008,69.01123],[-135.93923,69.07695],[-136.00553,69.20114],[-135.75265,69.32277],[-135.55527,69.33711],[-135.35641,69.29353],[-135.30427,69.30091],[-135.4088,69.3517],[-135.29272,69.39269],[-135.32203,69.41384],[-135.05021,69.47191],[-134.81511,69.48313],[-134.50007,69.43334],[-134.42354,69.46992],[-134.4469,69.49226],[-134.58986,69.4972],[-134.61666,69.52663],[-134.50431,69.52503],[-134.42334,69.62563],[-134.46659,69.6919],[-134.35688,69.69473],[-134.33849,69.65589],[-134.22115,69.65495],[-134.25048,69.59654],[-134.12951,69.5279],[-134.05237,69.54525],[-133.95634,69.49639],[-133.84556,69.54375],[-133.77374,69.5383],[-133.85503,69.42728],[-133.67565,69.37422],[-133.51215,69.39625],[-133.11934,69.3942],[-133.04548,69.44603],[-132.94261,69.43911],[-132.99856,69.47423],[-132.95838,69.49289],[-133.0019,69.58329],[-132.91486,69.64455],[-132.84599,69.65453],[-132.69111,69.61657],[-132.66658,69.64989],[-132.56541,69.61994],[-132.45948,69.62339],[-132.34556,69.65759],[-132.38431,69.68163],[-132.58991,69.65712],[-132.63815,69.67143],[-132.50195,69.73922],[-132.16103,69.68417],[-132.1421,69.71234],[-132.06562,69.72087],[-132.03968,69.69745],[-131.93528,69.77083],[-131.82175,69.77144],[-131.62711,69.86805],[-131.46726,69.89006],[-131.43972,69.93779],[-131.31719,69.94185],[-131.1777,69.88924],[-131.09379,69.89501],[-131.00239,70.00786],[-130.9434,70.00818],[-130.85236,70.08544],[-130.7261,70.09906],[-130.76212,70.06709],[-130.55362,70.11682],[-130.4978,70.08797],[-130.38638,70.11031],[-130.32503,70.06469],[-130.13299,70.07639],[-129.97308,70.04688],[-129.88306,70.06223],[-129.84782,70.14731],[-129.77935,70.13885],[-129.7082,70.24331],[-129.55045,70.14615],[-129.49009,70.14504],[-129.48415,70.09176],[-129.4006,70.08364],[-129.52521,69.99449],[-130.58593,69.74745],[-130.56199,69.70578],[-130.76527,69.66405],[-130.9412,69.53916],[-131.04546,69.61594],[-131.23197,69.59983],[-131.34867,69.55879],[-131.44374,69.57199],[-131.70194,69.54039],[-131.77961,69.55424],[-132.04281,69.50403],[-132.12614,69.42995],[-132.07766,69.37985],[-132.35176,69.30508],[-132.32599,69.25362],[-132.41324,69.30021],[-132.47266,69.27624],[-132.43715,69.22548],[-132.51946,69.16465],[-132.54455,69.26104],[-132.59731,69.27351],[-132.80979,69.23476],[-132.90937,69.10507],[-132.85215,69.09337],[-132.91596,69.07071],[-132.88072,68.96954],[-132.91876,68.96613],[-132.96023,69.05051],[-133.01006,69.04514],[-133.06178,69.0731],[-133.12214,69.03238],[-133.20461,69.03115],[-133.24134,68.99215],[-133.30247,68.99488],[-133.25085,68.89485],[-133.35113,68.85486],[-133.42624,68.86542],[-133.49634,68.84382],[-133.49634,68.79694],[-133.18964,68.70298],[-133.02068,68.68089],[-133.25831,68.74593],[-133.37878,68.84405],[-133.30014,68.85169],[-133.19138,68.84149],[-133.15691,68.81163],[-132.99148,68.80781],[-132.97478,68.83921],[-132.89566,68.84094],[-132.71853,68.78189],[-132.69673,68.8137],[-132.47458,68.79343],[-132.48,68.82083],[-132.41127,68.81276],[-132.40268,68.84316],[-132.52245,68.89703],[-132.67474,68.82636],[-132.806,68.84444],[-132.7199,68.85845],[-132.84198,68.89823],[-132.77781,68.9317],[-132.8627,68.96109],[-132.83409,69.07513],[-132.70978,69.06951],[-132.60283,69.11092],[-132.42292,69.10642],[-132.31611,69.22235],[-132.24955,69.19274],[-132.04721,69.21993],[-131.92451,69.28709],[-131.78753,69.31175],[-131.74522,69.3672],[-131.91991,69.39102],[-131.87351,69.41643],[-131.82852,69.39611],[-131.66972,69.401],[-131.57487,69.43746],[-131.45971,69.43277],[-131.48209,69.34714],[-131.41827,69.35886],[-131.39814,69.43271],[-131.44978,69.47103],[-131.29683,69.49492],[-131.21013,69.45659],[-131.17637,69.36648],[-131.21512,69.49502],[-131.13432,69.50275],[-131.07877,69.4503],[-131.11872,69.51565],[-131.21746,69.55727],[-131.19077,69.59614],[-131.09763,69.58802],[-131.12525,69.55222],[-131.02669,69.48707],[-131.01589,69.52673],[-130.84024,69.49292],[-130.80978,69.4212],[-130.65245,69.45547],[-130.32346,69.68674],[-130.09351,69.70052],[-129.58983,69.81207],[-129.12769,69.84688],[-128.91247,69.95699],[-128.95647,69.83039],[-129.10929,69.8483],[-129.17299,69.82689],[-129.14245,69.68671],[-129.02736,69.68975],[-129.04809,69.72357],[-128.99363,69.74117],[-128.9206,69.72936],[-128.79939,69.75613],[-128.61028,69.86942],[-128.33996,69.96521],[-128.39268,70.08797],[-128.31065,70.1332],[-128.13443,70.16594],[-127.81532,70.18362],[-127.58003,70.23624],[-128.04034,70.27282],[-128.10131,70.31554],[-128.07362,70.33886],[-127.9383,70.33567],[-127.93783,70.38221],[-128.0566,70.35288],[-128.20951,70.37109],[-128.16391,70.49018],[-128.00174,70.56886],[-127.49734,70.40828],[-127.16167,70.23308],[-126.88399,69.97303],[-126.83124,69.97433],[-126.78988,69.93472],[-126.82749,69.89359],[-126.7263,69.75946],[-126.54362,69.65528],[-126.27617,69.51903],[-125.92341,69.39074],[-125.69373,69.38026],[-125.50116,69.31888],[-125.39671,69.33191],[-125.35134,69.37883],[-125.15113,69.3866],[-125.18337,69.4482],[-125.24349,69.45649],[-125.48036,69.44211],[-125.52098,69.45877],[-125.64383,69.42222],[-125.58823,69.47754],[-125.46818,69.48695],[-125.4695,69.50492],[-125.13768,69.49282],[-125.28091,69.52046],[-125.25444,69.57515],[-125.31031,69.59784],[-125.43282,69.59609],[-125.38647,69.67556],[-125.21796,69.68195],[-125.04643,69.74253],[-124.96075,69.72704],[-124.93772,69.64307],[-124.84856,69.71707],[-124.89831,69.74336],[-125.1161,69.74897],[-125.16141,69.77103],[-125.24604,69.75595],[-125.29704,69.81303],[-125.25034,69.82728],[-125.17916,69.7858],[-125.09758,69.77975],[-124.91133,69.93895],[-124.74523,69.95826],[-124.67246,70.00917],[-124.71899,70.01543],[-124.7425,69.97914],[-124.86099,69.97643],[-124.82365,69.99856],[-124.87031,70.01298],[-125.04498,69.99406],[-125.12795,69.93374],[-125.19414,69.95926],[-125.20374,70.01575],[-125.02649,70.05625],[-124.93392,70.03267],[-124.85386,70.06072],[-124.69224,70.06943],[-124.56587,70.00507],[-124.50817,70.05023],[-124.45446,70.02587],[-124.4127,70.0447],[-124.58918,70.07155],[-124.5093,70.09691],[-124.75711,70.11073],[-124.69385,70.1379],[-124.74548,70.16597],[-124.66617,70.19181],[-124.52374,70.19829],[-124.51701,70.12651],[-124.41474,70.1445],[-124.37612,70.12332],[-124.44174,70.10747],[-124.34367,70.06144],[-124.3594,70.00815],[-124.46209,69.99148],[-124.40859,69.93067],[-124.51183,69.72686],[-124.29404,69.69579],[-124.20957,69.72363],[-124.07073,69.71906],[-124.05045,69.68808],[-124.45144,69.47506],[-124.43356,69.42346],[-124.54023,69.40992],[-124.50142,69.36868],[-124.34692,69.33772],[-124.14826,69.3344],[-123.9799,69.39596],[-123.6542,69.35274],[-123.41289,69.40103],[-123.42325,69.46399],[-123.28129,69.50353],[-123.178,69.49037],[-123.08652,69.67435],[-123.12693,69.76734],[-122.95485,69.8225],[-122.82944,69.793],[-122.67218,69.82159],[-122.41776,69.80799],[-122.34126,69.82525],[-122.14623,69.7946],[-121.93729,69.81578],[-121.52954,69.76761],[-121.41172,69.77349],[-121.27852,69.72517],[-120.84297,69.63823]]],[[[-64.63819,82.89335],[-64.50647,82.78732],[-64.26688,82.78677],[-64.0,82.83616],[-63.56151,82.83402],[-63.43572,82.75948],[-63.52338,82.73514],[-63.90533,82.71851],[-63.22312,82.64009],[-63.37571,82.6033],[-62.93691,82.57629],[-63.08717,82.52528],[-62.93446,82.50838],[-62.28751,82.52934],[-62.018,82.4875],[-61.67911,82.48776],[-61.25321,82.41757],[-61.09532,82.31636],[-61.18792,82.22044],[-61.64116,82.15111],[-62.05268,82.12822],[-61.8647,82.09983],[-62.07101,82.05166],[-62.35273,81.99977],[-62.52888,82.00988],[-62.51927,81.97544],[-63.06039,81.90014],[-63.63793,81.85264],[-63.80532,81.79998],[-64.01822,81.78403],[-64.18958,81.81252],[-64.16056,81.74272],[-64.35846,81.7161],[-64.73874,81.72317],[-64.81501,81.74922],[-65.30843,81.7356],[-65.66526,81.69784],[-65.87631,81.70368],[-65.94007,81.6844],[-65.63243,81.67306],[-65.35983,81.69233],[-65.34232,81.67256],[-65.81036,81.62924],[-66.0847,81.6482],[-66.09423,81.62009],[-66.50472,81.62702],[-68.26686,81.55993],[-68.96527,81.68152],[-68.98716,81.65606],[-68.24479,81.52943],[-67.06735,81.56258],[-66.63595,81.50881],[-68.32869,81.32176],[-69.96328,81.17282],[-69.90167,81.15756],[-69.64556,81.1674],[-69.98756,81.0833],[-69.33572,81.19672],[-68.17119,81.27652],[-65.01351,81.53186],[-64.48784,81.54402],[-64.433,81.47007],[-64.75433,81.36946],[-65.58714,81.23945],[-66.0557,81.2192],[-66.56402,81.05432],[-67.30872,80.92714],[-67.61725,80.91337],[-67.49697,80.89435],[-67.83623,80.84505],[-67.81522,80.8201],[-68.20626,80.76991],[-68.77679,80.6255],[-68.97156,80.60958],[-68.85999,80.59581],[-69.48596,80.37051],[-69.98288,80.33814],[-70.25323,80.34666],[-70.16489,80.41893],[-70.72094,80.55752],[-70.80861,80.54687],[-70.59735,80.51362],[-70.33289,80.40644],[-70.45475,80.35009],[-69.90693,80.25266],[-70.11505,80.18727],[-70.75848,80.19811],[-71.62173,80.10388],[-72.22833,80.21875],[-72.38074,80.2079],[-71.83303,80.10844],[-72.31498,80.0814],[-72.29536,80.06441],[-71.43533,80.06664],[-70.72219,80.12961],[-70.47065,80.09807],[-70.47212,80.04719],[-70.6848,80.01287],[-70.64152,79.99298],[-71.39741,79.92883],[-71.39559,79.88324],[-71.08978,79.91604],[-70.84807,79.88638],[-70.99132,79.81589],[-71.46746,79.72278],[-71.91777,79.6975],[-72.2501,79.65027],[-72.3496,79.68384],[-72.6479,79.67091],[-72.93952,79.70937],[-73.03978,79.8051],[-73.82174,79.82516],[-73.76314,79.85735],[-74.22732,79.88773],[-74.77935,79.84016],[-74.71415,79.79276],[-73.97568,79.78934],[-73.37559,79.74651],[-73.11691,79.62293],[-73.10254,79.54067],[-73.20284,79.51746],[-73.71405,79.49417],[-73.90883,79.55156],[-73.90327,79.46512],[-74.18318,79.43228],[-74.6417,79.43625],[-74.9734,79.50415],[-74.88478,79.37795],[-75.13501,79.37138],[-75.44957,79.3874],[-75.6832,79.42577],[-75.93682,79.41592],[-76.11104,79.48394],[-76.6639,79.51674],[-76.85975,79.5073],[-77.0489,79.54689],[-77.19646,79.52543],[-77.15208,79.49628],[-76.19972,79.45718],[-75.97592,79.34878],[-76.84635,79.3465],[-77.04826,79.3962],[-77.10626,79.46258],[-77.28937,79.42077],[-77.13576,79.33003],[-77.72293,79.34276],[-77.89959,79.36602],[-78.04803,79.34933],[-77.49125,79.30299],[-77.26305,79.25524],[-76.79703,79.28068],[-76.08353,79.26494],[-76.01815,79.24012],[-75.75519,79.22498],[-75.63236,79.24119],[-74.59794,79.23814],[-74.43073,79.21934],[-74.77704,79.18574],[-74.79435,79.16406],[-74.58471,79.14748],[-74.38733,79.0541],[-74.65354,79.01495],[-75.65885,79.07452],[-75.96201,79.1859],[-76.1393,79.2],[-76.98645,79.18126],[-77.8426,79.20688],[-78.13246,79.18622],[-76.62197,79.14808],[-76.047,79.10245],[-76.20889,79.07388],[-76.61374,79.0918],[-76.88071,79.08104],[-77.44898,79.01949],[-77.86525,79.07216],[-78.10529,79.06706],[-78.09486,79.0506],[-77.80949,79.05381],[-77.68912,79.0],[-77.88985,78.96391],[-78.20544,78.83247],[-78.26368,78.78581],[-78.14582,78.7713],[-77.94565,78.8975],[-77.62749,78.97673],[-76.70408,79.02604],[-75.71684,78.9746],[-75.80651,78.93132],[-76.23368,78.90452],[-76.19642,78.88687],[-75.2862,78.89097],[-74.74669,78.82795],[-74.69083,78.76915],[-74.76915,78.7403],[-74.68544,78.70289],[-74.80737,78.69613],[-74.81401,78.63928],[-74.59422,78.60076],[-74.83486,78.58696],[-74.81728,78.56528],[-75.26378,78.51917],[-75.80583,78.50087],[-76.09864,78.53779],[-76.63451,78.52619],[-76.63732,78.50168],[-76.17259,78.50794],[-76.01016,78.46388],[-75.40179,78.43122],[-75.10102,78.37206],[-75.08569,78.3108],[-75.34684,78.29947],[-75.48191,78.21219],[-75.63945,78.19883],[-75.82341,78.2253],[-76.62596,78.2503],[-76.89276,78.20716],[-76.4996,78.15738],[-75.57732,78.12837],[-75.65853,78.02959],[-75.84231,77.97826],[-76.23712,78.01495],[-76.4695,77.99084],[-76.56965,77.93413],[-76.74669,77.93014],[-76.80995,77.90086],[-76.95524,77.89707],[-77.09054,77.9345],[-77.29238,77.94497],[-77.3453,77.93194],[-78.07176,77.96268],[-78.29827,77.93848],[-78.40521,77.90486],[-78.34465,77.87087],[-78.1333,77.85219],[-78.15861,77.82727],[-77.94557,77.78239],[-77.97501,77.70283],[-78.08,77.67431],[-77.84123,77.66009],[-77.72231,77.61082],[-77.98614,77.53226],[-78.02076,77.46282],[-78.24268,77.44708],[-78.24792,77.40083],[-78.3855,77.36426],[-78.49811,77.36669],[-78.82025,77.30728],[-78.72328,77.3729],[-78.77779,77.38774],[-79.18006,77.29007],[-79.73263,77.31538],[-80.00566,77.27441],[-80.55492,77.30826],[-81.2005,77.41166],[-81.5981,77.52006],[-81.68481,77.57506],[-81.59953,77.5853],[-81.83398,77.60824],[-81.66758,77.54125],[-81.79792,77.44158],[-81.50015,77.37504],[-81.20015,77.36593],[-81.14798,77.33061],[-81.82109,77.28294],[-82.07989,77.31549],[-82.19017,77.30438],[-81.9099,77.24708],[-81.80962,77.15876],[-81.106,77.2873],[-80.06423,77.20118],[-80.39105,77.09187],[-80.29914,77.08878],[-79.92396,77.21365],[-79.65055,77.24691],[-79.28417,77.22225],[-79.01435,77.15056],[-78.995,77.09985],[-79.36542,76.97532],[-79.39629,76.92261],[-78.89418,76.92896],[-78.94721,76.84758],[-78.7354,76.83258],[-78.7539,76.88137],[-78.57425,76.89838],[-78.60295,76.92135],[-78.39531,76.97006],[-78.37186,77.0059],[-78.08746,77.01893],[-77.88255,76.93421],[-77.90475,76.85824],[-77.73928,76.81647],[-77.84719,76.64121],[-78.06728,76.63031],[-78.20425,76.57053],[-78.15847,76.54108],[-78.47518,76.4508],[-78.61962,76.50064],[-78.66218,76.56362],[-78.79615,76.57235],[-78.99806,76.41781],[-79.29158,76.34982],[-79.2955,76.30009],[-79.5932,76.31106],[-80.04372,76.2308],[-80.17659,76.24455],[-80.39816,76.19997],[-80.57981,76.19422],[-80.69828,76.15604],[-80.87377,76.17147],[-81.01111,76.14222],[-81.06348,76.16057],[-80.96676,76.18688],[-81.10085,76.21242],[-80.75709,76.41974],[-81.11695,76.49862],[-81.32422,76.50452],[-81.45034,76.47245],[-81.75847,76.46902],[-82.09742,76.51562],[-82.00864,76.57078],[-82.11268,76.61001],[-81.81316,76.67645],[-82.15185,76.61935],[-82.37423,76.65225],[-82.5979,76.78412],[-82.6735,76.7837],[-82.4507,76.62863],[-82.11549,76.56589],[-82.24548,76.50591],[-82.15763,76.42529],[-82.27233,76.39394],[-82.58053,76.40135],[-82.79632,76.38232],[-83.04187,76.43364],[-83.13642,76.46782],[-83.05284,76.50212],[-83.18778,76.61839],[-83.43801,76.70152],[-83.393,76.76351],[-83.54317,76.71188],[-83.53436,76.67653],[-83.2427,76.57221],[-83.17482,76.49225],[-83.26423,76.46228],[-83.18073,76.4261],[-83.30026,76.40853],[-83.70445,76.4245],[-84.02663,76.52518],[-84.11766,76.63141],[-84.30406,76.6381],[-84.19933,76.60847],[-84.26163,76.53694],[-84.15685,76.47587],[-84.2069,76.44974],[-84.4345,76.43143],[-84.63719,76.43393],[-84.79768,76.46838],[-84.8556,76.54353],[-85.03658,76.58342],[-84.98204,76.42505],[-84.3828,76.3157],[-84.43662,76.29856],[-85.19336,76.27967],[-85.27976,76.30656],[-85.47009,76.30355],[-85.7783,76.35401],[-85.86186,76.34232],[-86.37254,76.38461],[-86.39956,76.46996],[-86.20605,76.51865],[-86.41729,76.58319],[-86.47888,76.57589],[-86.28274,76.52266],[-86.64006,76.47474],[-86.69651,76.36887],[-86.78863,76.35047],[-87.10994,76.38016],[-87.16893,76.3971],[-87.1085,76.42919],[-87.4431,76.45684],[-87.38388,76.51319],[-87.49335,76.5333],[-87.44726,76.58765],[-87.57282,76.61062],[-87.56725,76.52047],[-87.49049,76.49862],[-87.54683,76.45235],[-87.42921,76.42237],[-87.61907,76.33804],[-87.74834,76.35151],[-87.8246,76.3967],[-87.96684,76.36022],[-88.3285,76.38471],[-88.42824,76.41358],[-88.33348,76.51455],[-88.50293,76.60721],[-88.45893,76.65886],[-88.56559,76.77157],[-88.70604,76.71854],[-88.57311,76.63409],[-88.6516,76.60485],[-88.49109,76.55655],[-88.59155,76.40305],[-88.70888,76.41322],[-88.61999,76.5605],[-88.67203,76.59891],[-88.82339,76.5023],[-88.77108,76.4667],[-88.90262,76.40666],[-89.00419,76.4094],[-89.03866,76.45101],[-89.11663,76.42206],[-89.2283,76.43474],[-89.43312,76.4983],[-89.39195,76.53096],[-89.66544,76.57193],[-89.40744,76.67472],[-89.53163,76.84881],[-88.95793,76.96275],[-88.97525,76.98437],[-88.73407,77.0],[-88.66173,77.04601],[-88.44201,77.06588],[-88.34024,77.1268],[-88.07091,77.11047],[-87.68824,77.14249],[-87.60782,77.10645],[-87.4797,77.1073],[-87.30799,77.18459],[-87.04624,77.1851],[-86.79146,77.12802],[-86.85521,77.17047],[-87.18248,77.21436],[-86.92646,77.27748],[-87.21626,77.27439],[-87.23639,77.30762],[-87.07843,77.34502],[-86.91289,77.34192],[-86.84909,77.36842],[-87.11555,77.37137],[-87.3492,77.33288],[-87.72628,77.36349],[-87.77869,77.4276],[-87.62124,77.48885],[-87.8477,77.55521],[-87.7943,77.57278],[-87.93873,77.58197],[-88.23267,77.66044],[-88.11864,77.81967],[-87.30435,77.89961],[-86.83504,77.8843],[-86.42202,77.83986],[-86.19336,77.79462],[-85.97479,77.69919],[-85.72206,77.43356],[-85.521,77.46023],[-85.37863,77.38907],[-84.96229,77.38349],[-84.76986,77.3224],[-84.51868,77.29607],[-84.59863,77.39537],[-84.00003,77.39773],[-83.45846,77.35736],[-83.51081,77.39174],[-83.66469,77.39257],[-83.84056,77.46326],[-83.58888,77.47624],[-83.23009,77.5731],[-82.53175,77.92314],[-82.55252,78.03474],[-82.38128,78.03665],[-82.32222,78.07819],[-82.66452,78.05651],[-82.77896,78.01127],[-82.75791,77.92054],[-83.13459,77.79112],[-83.39418,77.61134],[-83.69879,77.52652],[-83.95733,77.50069],[-84.419,77.52663],[-84.76898,77.5206],[-84.85881,77.54361],[-84.86177,77.57823],[-84.51981,77.66499],[-84.43067,77.71795],[-84.92375,77.59992],[-85.29003,77.67367],[-85.29717,77.74282],[-85.20186,77.75269],[-85.19086,77.79082],[-84.96951,77.82548],[-84.99897,77.84407],[-85.31365,77.79872],[-85.40958,77.83992],[-85.20323,77.88763],[-84.91154,77.8984],[-84.80793,77.89132],[-84.86985,77.84048],[-84.66701,77.90787],[-85.2032,77.9089],[-85.47576,77.86446],[-85.68991,77.93207],[-85.10435,78.0544],[-85.00173,78.06198],[-84.75085,78.03105],[-84.52875,78.07861],[-84.80984,78.05699],[-85.01916,78.08549],[-84.97192,78.17787],[-84.74532,78.17954],[-84.63149,78.20368],[-84.19496,78.17244],[-84.34911,78.21019],[-84.64778,78.22635],[-84.87295,78.19145],[-84.97037,78.22116],[-84.80181,78.34587],[-84.7571,78.49039],[-84.9413,78.42439],[-84.95358,78.34168],[-85.43834,78.10581],[-86.16869,78.0586],[-86.26857,78.07163],[-86.25906,78.16332],[-86.10834,78.16912],[-85.93357,78.23733],[-85.89368,78.34516],[-86.22368,78.20191],[-86.41144,78.19895],[-86.48295,78.21962],[-86.67292,78.12586],[-87.16655,78.10584],[-87.47456,78.12304],[-87.52624,78.14541],[-87.39667,78.18465],[-87.08148,78.20112],[-87.52351,78.22997],[-87.52438,78.40374],[-87.31441,78.5078],[-87.1173,78.55205],[-86.87975,78.55783],[-86.89967,78.57831],[-87.08687,78.58123],[-86.84396,78.74429],[-86.62629,78.80313],[-85.69121,78.84626],[-85.09134,78.92287],[-84.64227,78.85645],[-83.85035,78.8453],[-83.66246,78.82338],[-83.15114,78.7221],[-82.81361,78.69786],[-82.60785,78.60769],[-82.36605,78.56769],[-82.2163,78.58765],[-82.57707,78.69451],[-82.44598,78.73251],[-82.22425,78.71494],[-82.2108,78.7366],[-82.82553,78.73305],[-82.86625,78.76154],[-83.21013,78.80289],[-83.25194,78.84717],[-83.01022,78.85965],[-82.44952,78.83587],[-81.71713,78.86086],[-81.63895,78.89684],[-81.74511,78.90682],[-81.69784,79.02656],[-81.84964,79.01643],[-82.0813,78.91756],[-82.53762,78.89054],[-82.88254,78.93396],[-84.18723,78.962],[-84.69743,79.01887],[-84.78061,79.06962],[-84.50053,79.14932],[-84.18972,79.12074],[-83.99077,79.05331],[-83.47735,79.02343],[-83.982,79.14017],[-83.90545,79.20442],[-84.00537,79.21363],[-84.12306,79.18433],[-84.32345,79.19501],[-84.49332,79.41608],[-84.86287,79.47915],[-85.03298,79.61735],[-85.52118,79.70268],[-85.83372,79.70607],[-86.45404,79.7791],[-86.43241,79.95775],[-86.30874,79.97456],[-85.5911,79.9415],[-85.41572,79.9038],[-85.26744,79.9287],[-85.97297,79.99426],[-86.41937,80.00691],[-86.52125,80.03361],[-86.62462,80.12345],[-86.49666,80.29663],[-86.0441,80.3336],[-85.72012,80.32547],[-85.32919,80.26965],[-83.83064,80.25374],[-82.09558,79.85411],[-81.97364,79.71921],[-81.69137,79.69021],[-81.61407,79.61948],[-81.74465,79.6254],[-81.73194,79.58875],[-81.61208,79.58355],[-81.4818,79.63833],[-80.7454,79.5792],[-80.45278,79.62068],[-79.86482,79.65034],[-79.83827,79.69994],[-80.76926,79.64734],[-81.08176,79.69367],[-81.51584,79.71577],[-81.45691,79.74829],[-81.61097,79.7686],[-81.53876,79.81324],[-81.6578,79.91499],[-81.40695,79.9422],[-81.94374,79.98632],[-82.27678,80.04917],[-83.18727,80.3243],[-80.63931,80.4652],[-80.31861,80.46398],[-80.21726,80.52874],[-78.087,80.56172],[-78.05144,80.59848],[-78.38834,80.60883],[-79.95907,80.60947],[-79.30596,80.70757],[-78.63341,80.76925],[-77.8791,80.82091],[-76.46391,80.85249],[-76.55051,80.90364],[-76.29298,80.93219],[-75.65642,80.94756],[-75.37044,80.98103],[-75.45747,80.99356],[-76.0554,80.9546],[-76.33369,80.93143],[-76.6649,80.89181],[-77.18239,80.89023],[-77.53124,80.91554],[-78.92683,80.85308],[-78.84404,80.94528],[-78.93785,80.97601],[-78.46241,81.07508],[-78.31602,81.17015],[-77.65399,81.3202],[-76.87991,81.39759],[-76.72383,81.44513],[-76.83034,81.4551],[-78.30586,81.27582],[-78.79747,81.10448],[-79.20691,81.1456],[-79.05048,81.07515],[-79.22187,81.05704],[-79.35629,80.99798],[-79.15269,80.96815],[-79.37441,80.92336],[-79.46785,80.84831],[-80.93381,80.65454],[-82.33438,80.56004],[-83.0879,80.54039],[-83.05446,80.64422],[-82.44359,80.71504],[-82.2334,80.71376],[-81.74374,80.81105],[-81.9383,80.83663],[-82.5772,80.74335],[-83.33643,80.67956],[-83.53405,80.74466],[-83.33271,80.75424],[-83.17558,80.79192],[-83.09107,80.82955],[-83.21092,80.83988],[-83.34735,80.79313],[-83.76299,80.73423],[-83.67075,80.62974],[-83.78056,80.54322],[-85.15198,80.50917],[-85.79078,80.53192],[-85.69546,80.60741],[-86.04116,80.52909],[-86.71018,80.59709],[-86.49955,80.71942],[-85.68394,80.95978],[-85.2664,81.00626],[-82.69633,81.12875],[-82.62115,81.17623],[-83.30714,81.1242],[-83.42553,81.13485],[-85.18072,81.05273],[-85.65828,81.0485],[-86.18831,80.95208],[-87.05663,80.71486],[-87.15322,80.63619],[-87.49058,80.62319],[-88.38684,80.71733],[-89.27642,80.85159],[-89.4075,80.91375],[-88.16293,81.00293],[-87.52686,80.97843],[-86.69562,80.99948],[-86.02657,81.08145],[-85.31573,81.21585],[-84.68166,81.27385],[-84.88178,81.31355],[-85.32949,81.28098],[-85.89259,81.22947],[-86.45367,81.11897],[-87.35659,81.06647],[-88.16757,81.06874],[-89.6146,81.00602],[-89.86211,81.01636],[-90.19125,81.08038],[-90.27353,81.1746],[-90.03293,81.22981],[-89.73341,81.23728],[-89.42825,81.21159],[-89.28943,81.23592],[-89.93169,81.32595],[-89.51026,81.35577],[-88.84075,81.49081],[-88.55839,81.51663],[-87.96235,81.53537],[-87.93716,81.50777],[-87.66627,81.52591],[-87.91341,81.55575],[-88.11333,81.5427],[-88.28382,81.57049],[-88.70971,81.54823],[-90.41209,81.36391],[-90.52359,81.41227],[-90.81643,81.43227],[-90.769,81.45562],[-90.06569,81.56133],[-89.91341,81.56006],[-89.77165,81.59901],[-89.54481,81.60468],[-89.67975,81.63032],[-90.07632,81.64369],[-90.1393,81.68115],[-90.27272,81.68484],[-90.37409,81.65443],[-90.64787,81.66539],[-90.74778,81.62769],[-90.9214,81.61987],[-90.90869,81.55949],[-91.30484,81.52509],[-91.43361,81.59075],[-91.81785,81.61416],[-91.88598,81.65981],[-91.42437,81.76718],[-91.15833,81.75314],[-91.05548,81.7692],[-91.01873,81.82495],[-90.19798,81.89542],[-89.80077,81.91343],[-89.55633,81.85485],[-89.24273,81.83285],[-89.1726,81.89238],[-89.36506,81.90601],[-89.25078,81.94102],[-88.9967,81.90984],[-89.03452,81.98447],[-88.75138,82.0376],[-87.94152,82.10144],[-87.82824,82.07342],[-87.3821,82.0717],[-87.24759,82.04373],[-87.13107,82.0],[-87.21662,81.94902],[-86.88485,82.00953],[-86.99122,82.02452],[-86.85217,82.05219],[-86.2231,82.04459],[-85.76885,81.96913],[-85.69437,82.00129],[-85.20039,82.00282],[-85.01649,81.97751],[-84.87552,81.99804],[-84.6198,81.91117],[-84.62773,81.98058],[-84.80541,82.01644],[-85.5708,82.04393],[-86.63338,82.12058],[-86.856,82.1995],[-86.63847,82.22978],[-85.60201,82.23626],[-85.5147,82.2723],[-85.31187,82.27711],[-85.47179,82.31769],[-85.47012,82.4033],[-85.65956,82.41139],[-85.773,82.45905],[-85.18675,82.48088],[-84.59482,82.46622],[-84.51581,82.45049],[-84.91369,82.42949],[-84.33991,82.37759],[-84.35308,82.35531],[-84.04494,82.37233],[-83.66831,82.35033],[-83.25143,82.21204],[-83.00256,82.17725],[-82.96037,82.08242],[-82.06196,82.06315],[-82.0652,82.08649],[-82.62088,82.09346],[-82.75869,82.182],[-82.98963,82.22092],[-82.96157,82.2862],[-82.62033,82.28263],[-82.18115,82.19784],[-80.62846,82.00102],[-79.89127,81.96303],[-79.76652,81.97766],[-79.8146,82.01521],[-80.52207,82.0485],[-80.86998,82.09265],[-80.8272,82.15863],[-81.11823,82.15786],[-81.52089,82.19029],[-82.60671,82.35286],[-82.69144,82.3937],[-82.50282,82.49831],[-81.4405,82.49645],[-82.19577,82.56447],[-82.3399,82.63939],[-82.14584,82.66964],[-81.73549,82.65522],[-81.11304,82.59288],[-80.8092,82.51997],[-80.5384,82.54767],[-81.50999,82.81021],[-81.00666,82.81923],[-80.33019,82.78396],[-80.0,82.66278],[-80.0,82.83184],[-80.33225,82.86618],[-80.36129,82.89482],[-79.35029,82.97392],[-78.96702,82.88676],[-78.75902,82.93771],[-78.47824,82.92351],[-78.52216,82.8472],[-78.23249,82.86004],[-77.80921,82.93024],[-77.07317,82.85491],[-76.56923,82.6684],[-75.92406,82.60822],[-75.96249,82.55166],[-75.7989,82.5534],[-75.41709,82.62023],[-76.22368,82.69438],[-76.19258,82.78403],[-76.4006,82.78824],[-76.70175,82.88835],[-77.41602,82.9886],[-77.32964,83.03098],[-77.49524,83.04658],[-76.88908,83.0871],[-76.37747,83.0676],[-75.87722,83.07834],[-75.26618,83.01683],[-75.00392,83.04462],[-74.42166,83.02658],[-73.97183,82.95849],[-73.76844,82.8489],[-72.67878,82.69977],[-72.49211,82.72945],[-73.10549,82.79496],[-73.57934,82.91536],[-73.25603,83.01239],[-72.65292,83.09291],[-71.53576,83.0984],[-71.72074,83.03285],[-71.66387,82.99024],[-71.43953,82.9386],[-71.02892,82.90483],[-70.85861,82.92177],[-71.35716,83.02759],[-71.00518,83.07608],[-70.36233,83.11],[-69.81676,83.10267],[-69.64086,82.98651],[-69.33362,83.02262],[-68.9559,83.01119],[-68.76569,82.93835],[-68.57137,83.00449],[-68.35655,83.00486],[-68.11132,82.97781],[-68.167,82.95056],[-67.87102,82.96237],[-67.16212,82.93245],[-66.99928,82.96003],[-66.86049,82.92542],[-66.32863,82.93061],[-66.53894,82.86148],[-66.99432,82.79565],[-68.086,82.69004],[-68.30516,82.68931],[-68.67828,82.63535],[-68.58113,82.62339],[-68.30817,82.65133],[-67.44903,82.64838],[-65.67233,82.85011],[-65.4085,82.8345],[-65.51105,82.7914],[-65.36882,82.78401],[-65.24,82.88334],[-64.8316,82.9095],[-64.63819,82.89335]]],[[[-109.59287,72.90724],[-109.71451,72.88769],[-109.68507,72.86387],[-109.34191,72.77998],[-109.35779,72.74676],[-109.1214,72.76353],[-109.13561,72.72695],[-108.88882,72.66762],[-109.00193,72.65244],[-109.01307,72.56971],[-108.70436,72.5904],[-108.58479,72.55107],[-108.54971,72.50249],[-108.64952,72.34617],[-108.53472,72.25732],[-108.50219,72.14908],[-108.384,72.12667],[-108.39509,72.00752],[-108.27564,71.98191],[-108.31321,71.96362],[-108.17708,71.94464],[-108.28455,71.8736],[-108.2728,71.79238],[-108.19782,71.77705],[-108.15844,71.70835],[-108.03279,71.72819],[-107.97381,71.64774],[-107.77678,71.61095],[-107.71279,71.6408],[-107.81343,71.67843],[-107.81561,71.72657],[-107.72521,71.7298],[-107.69295,71.70593],[-107.51773,71.78986],[-107.29522,71.8001],[-107.25718,71.8276],[-107.45659,71.86515],[-107.43604,71.89346],[-107.24959,71.89841],[-107.39812,71.93885],[-107.40321,71.98048],[-107.59299,72.01888],[-107.62986,72.12407],[-107.76963,72.19915],[-107.77943,72.27988],[-107.70521,72.31277],[-107.81926,72.35634],[-107.78345,72.39328],[-107.86581,72.43483],[-107.75431,72.44363],[-107.75633,72.4612],[-107.9097,72.48574],[-107.94883,72.52336],[-107.84515,72.53177],[-107.82992,72.57991],[-108.03124,72.72884],[-108.11969,73.01798],[-108.2047,73.04785],[-108.13092,73.05867],[-108.26276,73.12517],[-108.24588,73.17514],[-108.10915,73.20798],[-107.87106,73.19017],[-108.09327,73.2666],[-108.09996,73.31491],[-107.9926,73.30936],[-108.0,73.35289],[-107.60588,73.32425],[-107.01858,73.16958],[-106.95824,73.19114],[-107.09653,73.23734],[-107.05586,73.27506],[-106.87318,73.31657],[-106.72453,73.2912],[-106.63458,73.22571],[-106.44792,73.21533],[-106.16676,73.07574],[-106.04954,73.04747],[-105.89437,73.05977],[-105.79878,73.03117],[-105.78302,72.97893],[-105.41256,72.887],[-105.32102,72.83599],[-105.45184,72.8513],[-105.30497,72.74141],[-105.41984,72.70409],[-105.28594,72.66048],[-105.30542,72.56302],[-105.19564,72.4487],[-105.27284,72.44931],[-104.94528,72.18046],[-104.97242,72.08207],[-104.79251,71.97217],[-104.78151,71.85812],[-104.53181,71.76797],[-104.48157,71.69303],[-104.30085,71.58967],[-104.35983,71.50528],[-104.26704,71.39139],[-104.48202,71.34808],[-104.40764,71.27023],[-104.44789,71.20496],[-104.61475,71.12761],[-104.48683,71.02929],[-104.11663,70.9455],[-103.99913,70.76842],[-103.70167,70.71828],[-103.45747,70.59465],[-103.28526,70.60855],[-103.08203,70.50939],[-102.87049,70.51773],[-103.08741,70.58033],[-103.09119,70.69008],[-102.80135,70.59882],[-102.84576,70.51169],[-102.47993,70.46248],[-102.19133,70.37443],[-102.17214,70.32886],[-101.96198,70.30084],[-101.86381,70.26262],[-101.785,70.26759],[-101.74632,70.30486],[-101.54162,70.26922],[-101.63585,70.23184],[-101.56552,70.14977],[-101.49102,70.13661],[-101.394,70.16865],[-101.24329,70.16044],[-101.01348,70.19924],[-100.98158,70.18664],[-100.9935,70.10242],[-100.8935,70.02026],[-100.91649,69.9202],[-100.84946,69.88013],[-100.95201,69.66931],[-101.06532,69.66152],[-101.12388,69.69744],[-101.26297,69.66749],[-101.42807,69.79005],[-101.44129,69.8549],[-101.51913,69.82596],[-101.58228,69.72201],[-101.66455,69.70483],[-101.85525,69.75657],[-101.92519,69.74909],[-102.0243,69.86618],[-102.08778,69.82891],[-102.16421,69.90816],[-102.24406,69.91561],[-102.21829,69.84829],[-102.33041,69.84697],[-102.27921,69.81437],[-102.33084,69.76035],[-102.40038,69.80523],[-102.59563,69.74924],[-102.6108,69.72223],[-102.47839,69.69447],[-102.49774,69.5606],[-102.59251,69.54537],[-102.65254,69.56059],[-102.76241,69.54483],[-102.8423,69.56786],[-102.89956,69.55355],[-103.23042,69.6532],[-103.28248,69.7762],[-103.19645,69.75701],[-103.0064,69.77731],[-103.24153,69.87958],[-103.37852,69.87065],[-103.28716,69.70723],[-103.35706,69.68707],[-103.40647,69.71872],[-103.45649,69.70401],[-103.58771,69.72202],[-103.52461,69.66894],[-103.44128,69.6628],[-103.46917,69.6171],[-103.40425,69.63181],[-103.34149,69.58354],[-103.20713,69.56892],[-103.12448,69.46711],[-103.09374,69.52859],[-103.01593,69.50947],[-102.97422,69.40784],[-103.03325,69.38969],[-103.01157,69.25991],[-103.21309,69.19589],[-103.16528,69.13431],[-102.99684,69.22422],[-102.93582,69.31038],[-102.84486,69.33783],[-102.83579,69.39792],[-102.70698,69.38674],[-102.62743,69.42046],[-102.48119,69.42174],[-102.47298,69.47621],[-102.40606,69.50132],[-102.11452,69.49792],[-101.97418,69.46348],[-101.91422,69.41],[-102.03008,69.3481],[-102.11026,69.35762],[-102.02695,69.31054],[-102.04495,69.2397],[-102.17266,69.29233],[-102.2162,69.26523],[-102.09974,69.1974],[-101.95147,69.26791],[-101.72902,69.18555],[-101.76766,69.09491],[-101.85044,69.05718],[-101.78358,69.00963],[-101.97654,68.9777],[-102.08567,69.0],[-102.12858,68.95545],[-102.20155,68.96392],[-102.29753,68.94203],[-102.371,68.96448],[-102.36549,68.93074],[-102.51893,68.86445],[-102.70122,68.90294],[-102.74162,68.87189],[-102.69035,68.85199],[-102.91187,68.79827],[-103.15241,68.84243],[-103.3407,68.82962],[-103.32527,68.78607],[-103.39955,68.7858],[-103.51235,68.83462],[-103.60143,68.81718],[-103.83943,68.84086],[-103.95014,68.87759],[-104.04548,68.85633],[-104.15234,68.87115],[-104.34162,68.91558],[-104.36058,68.94224],[-104.45973,68.93307],[-104.53105,68.86379],[-105.12518,68.89667],[-105.20156,68.95745],[-104.92996,69.03188],[-104.88596,69.08241],[-105.0118,69.0982],[-105.02906,69.05998],[-105.37486,69.10757],[-105.44749,69.09552],[-105.51265,69.14811],[-105.71839,69.1822],[-105.84418,69.18601],[-106.06346,69.15285],[-106.31785,69.19039],[-106.38739,69.17744],[-106.39932,69.24069],[-106.30481,69.25642],[-106.25492,69.31222],[-106.3077,69.40644],[-106.5637,69.49807],[-106.72873,69.43823],[-106.73799,69.3836],[-106.94555,69.36075],[-106.91119,69.22875],[-107.04631,69.18993],[-107.39469,69.00115],[-107.95941,68.94051],[-108.49037,68.94621],[-108.53335,68.93866],[-108.51393,68.89417],[-108.65032,68.83713],[-109.01014,68.73065],[-109.37801,68.70004],[-109.73398,68.6354],[-110.02428,68.62248],[-110.15946,68.64593],[-110.31938,68.58154],[-110.5471,68.62919],[-110.96826,68.55343],[-110.94818,68.60003],[-110.82015,68.60395],[-110.83773,68.64313],[-110.78663,68.63487],[-110.65314,68.64966],[-110.60721,68.6775],[-110.65648,68.70301],[-110.56853,68.71782],[-110.59257,68.74943],[-110.66772,68.71163],[-110.65553,68.68905],[-110.6101,68.67716],[-110.78349,68.63678],[-110.82626,68.64378],[-110.86059,68.64239],[-110.88117,68.61185],[-111.04397,68.59118],[-111.3552,68.59661],[-111.39511,68.57428],[-111.19548,68.56079],[-111.19435,68.52578],[-111.65729,68.55495],[-111.84178,68.52932],[-112.09766,68.53751],[-112.21227,68.51802],[-112.25233,68.53294],[-112.33308,68.50167],[-112.57463,68.51192],[-112.74189,68.47188],[-112.97925,68.48882],[-113.17971,68.46144],[-113.27549,68.4867],[-113.13845,68.50545],[-113.03709,68.49472],[-113.01739,68.52332],[-113.32058,68.59172],[-113.4302,68.65947],[-113.41405,68.69271],[-113.65766,68.81691],[-113.52027,69.04434],[-113.60584,69.06987],[-113.57511,69.11361],[-113.69699,69.16672],[-113.63805,69.1904],[-113.68406,69.21678],[-114.04515,69.26375],[-114.13863,69.25177],[-114.24609,69.28895],[-114.37892,69.29414],[-114.86707,69.26539],[-114.87985,69.28407],[-115.00834,69.28879],[-115.10611,69.25158],[-115.30088,69.2737],[-115.50486,69.26519],[-115.9349,69.29783],[-116.03286,69.34248],[-116.17378,69.34758],[-116.3481,69.39853],[-116.50132,69.40893],[-116.62056,69.46085],[-116.61662,69.48562],[-116.55221,69.48455],[-116.56393,69.54718],[-116.72834,69.57968],[-116.78266,69.56418],[-116.88821,69.60371],[-116.84019,69.61045],[-116.86062,69.65982],[-117.19015,69.74448],[-117.25058,69.784],[-117.38897,69.98205],[-117.36305,70.03909],[-117.20648,70.08122],[-115.94024,70.23277],[-114.55389,70.31985],[-114.30319,70.328],[-113.95023,70.28237],[-113.62462,70.26902],[-113.25326,70.28335],[-112.9713,70.23439],[-112.9497,70.25769],[-112.53108,70.19944],[-112.51235,70.24284],[-112.35162,70.231],[-112.24001,70.27703],[-111.60234,70.27458],[-111.44348,70.33008],[-111.48167,70.35484],[-111.97188,70.38407],[-112.0778,70.49437],[-112.15235,70.51368],[-112.43763,70.53949],[-112.53996,70.52916],[-112.63727,70.56239],[-113.05818,70.6007],[-113.22513,70.65374],[-113.38469,70.65339],[-113.44524,70.67952],[-113.56133,70.64837],[-113.72915,70.69993],[-113.96451,70.72077],[-114.17923,70.67434],[-114.41938,70.68064],[-114.54181,70.63785],[-114.74399,70.62232],[-114.78978,70.63822],[-115.02201,70.602],[-115.28705,70.59486],[-115.36304,70.61123],[-115.64412,70.59126],[-115.66985,70.60725],[-115.91962,70.59438],[-116.04146,70.57305],[-116.18078,70.59539],[-116.20225,70.63431],[-116.34961,70.64072],[-116.72749,70.60495],[-117.16101,70.62011],[-117.35813,70.58108],[-117.41646,70.58422],[-117.42729,70.61963],[-117.55152,70.6036],[-117.70763,70.65272],[-117.69612,70.70937],[-118.05489,70.80167],[-118.36497,70.94243],[-118.41005,71.0024],[-118.31734,71.04836],[-117.81425,71.16756],[-116.56801,71.28153],[-116.48677,71.25276],[-116.52669,71.23425],[-116.75862,71.2198],[-116.47774,71.15914],[-116.39238,71.1084],[-116.2912,71.11565],[-116.29013,71.13287],[-116.52891,71.17379],[-116.47058,71.18867],[-116.50653,71.24072],[-116.48072,71.2485],[-116.49966,71.26853],[-116.56707,71.28237],[-116.81125,71.26867],[-116.81876,71.28076],[-116.23686,71.37058],[-115.7407,71.37128],[-115.70778,71.39672],[-116.13614,71.43331],[-115.95089,71.47238],[-115.58987,71.51062],[-115.57521,71.4858],[-115.3545,71.4739],[-115.21185,71.49298],[-115.45933,71.49902],[-115.51078,71.52715],[-115.42867,71.53988],[-115.69329,71.56409],[-116.05746,71.51418],[-116.68713,71.47119],[-116.81474,71.43872],[-117.24678,71.4179],[-117.3891,71.38565],[-117.38617,71.46202],[-117.55225,71.49483],[-117.63835,71.4786],[-117.47556,71.43821],[-117.51687,71.38315],[-118.23904,71.39529],[-118.30663,71.47422],[-118.20794,71.52076],[-118.10756,71.54454],[-117.67086,71.56469],[-117.67259,71.58542],[-117.76965,71.58391],[-117.92773,71.6432],[-117.81695,71.66133],[-117.99173,71.67385],[-118.12054,71.65637],[-118.20718,71.59932],[-118.29936,71.58856],[-118.38704,71.59563],[-118.38643,71.62782],[-118.49159,71.661],[-118.83469,71.66805],[-118.90172,71.59548],[-119.06452,71.66363],[-119.12083,71.76345],[-119.04956,71.92062],[-118.72419,72.05471],[-118.5813,72.16734],[-118.07887,72.2481],[-118.09386,72.32644],[-118.19414,72.35788],[-118.47048,72.36284],[-118.54616,72.40005],[-118.49436,72.50765],[-118.16103,72.64231],[-117.91077,72.69115],[-117.55834,72.80598],[-117.31628,72.92611],[-116.79118,72.98821],[-116.2545,73.10931],[-116.0173,73.13095],[-114.89782,73.31683],[-114.67265,73.37718],[-114.40089,73.36743],[-114.20363,73.32738],[-113.93806,73.16174],[-113.94248,73.0305],[-114.0227,72.96534],[-114.00862,72.86886],[-113.9327,72.82408],[-114.17535,72.80737],[-114.3501,72.74391],[-114.30496,72.69804],[-114.44234,72.63104],[-114.58971,72.61055],[-114.51439,72.57747],[-114.34386,72.563],[-114.04414,72.65733],[-113.85059,72.643],[-113.50637,72.70279],[-113.58088,72.6663],[-113.41163,72.68011],[-113.41203,72.74821],[-113.58962,72.75736],[-113.5981,72.78373],[-113.23105,72.98873],[-113.1039,73.00977],[-112.64702,72.97592],[-112.20121,72.89509],[-112.02773,72.89347],[-111.40764,72.77167],[-111.43094,72.74828],[-111.22227,72.73286],[-111.18123,72.627],[-111.26413,72.55923],[-111.42949,72.5138],[-111.4379,72.46464],[-111.9627,72.33664],[-112.045,72.27884],[-111.88024,72.33642],[-111.75994,72.32948],[-111.63119,72.35527],[-111.58474,72.33185],[-111.702,72.30345],[-111.581,72.29316],[-111.45776,72.31741],[-111.38551,72.34486],[-111.55248,72.33896],[-111.58941,72.36593],[-111.22256,72.47047],[-111.2702,72.39176],[-111.35506,72.36804],[-111.21606,72.36744],[-111.15537,72.34255],[-110.94376,72.44976],[-110.97623,72.47602],[-110.73613,72.47651],[-110.81841,72.50862],[-110.68865,72.5758],[-110.45165,72.53845],[-110.36984,72.559],[-110.01894,72.43652],[-109.92706,72.47525],[-109.84536,72.44298],[-109.84619,72.27701],[-109.80095,72.50565],[-110.03927,72.64738],[-110.11454,72.66116],[-110.24486,72.64567],[-110.2905,72.67342],[-110.17077,72.68637],[-110.20948,72.71495],[-110.13613,72.73139],[-109.84261,72.66589],[-109.79725,72.71877],[-110.04367,72.76411],[-110.21954,72.72913],[-110.13914,72.76967],[-110.17654,72.8197],[-110.55378,72.86237],[-110.71629,72.98738],[-110.39267,73.01259],[-109.8986,72.97463],[-109.8407,72.92537],[-109.64718,72.93645],[-109.59287,72.90724]]],[[[-95.42017,77.05997],[-95.1354,76.995],[-94.49993,76.96888],[-94.45271,76.92163],[-94.28906,76.91437],[-94.30405,76.89361],[-94.02449,76.89978],[-93.9952,76.93367],[-93.71636,76.92075],[-93.29607,76.75018],[-93.1829,76.74847],[-93.30673,76.54832],[-93.66804,76.44324],[-93.40387,76.45869],[-93.09919,76.62161],[-92.63413,76.5955],[-92.48303,76.62013],[-92.38671,76.59777],[-92.15386,76.61605],[-91.9257,76.67194],[-91.45059,76.69322],[-90.99042,76.65516],[-90.82613,76.59453],[-90.57724,76.56155],[-90.48891,76.46454],[-90.84708,76.45996],[-90.95908,76.49085],[-91.12699,76.48008],[-91.45399,76.51933],[-91.58062,76.50284],[-91.41809,76.4695],[-91.01106,76.45297],[-90.97418,76.43049],[-90.35452,76.39821],[-89.80943,76.32911],[-89.29303,76.30028],[-89.18963,76.24316],[-89.31548,76.19326],[-89.78636,76.16289],[-90.42536,76.18406],[-90.44884,76.15894],[-90.8861,76.17407],[-91.18618,76.19578],[-91.44506,76.25405],[-91.23801,76.167],[-90.66251,76.12128],[-90.7487,76.09866],[-90.70986,76.0626],[-90.62309,76.09203],[-90.25799,76.07361],[-90.22519,76.04598],[-90.33353,76.03441],[-90.93824,76.01804],[-91.06152,75.98064],[-90.95838,75.96806],[-90.92349,75.91778],[-90.79954,75.98767],[-90.23752,75.97383],[-90.18953,75.93671],[-90.09973,76.00358],[-89.97324,75.99782],[-89.6697,75.89162],[-89.8141,75.83141],[-89.77241,75.80985],[-89.57659,75.8441],[-89.43587,75.84183],[-89.20617,75.79184],[-89.24917,75.62794],[-89.62645,75.611],[-89.51801,75.55155],[-89.4339,75.59042],[-89.18328,75.57927],[-89.09633,75.48419],[-88.9592,75.47023],[-88.91892,75.42805],[-88.78181,75.43436],[-88.7447,75.46925],[-88.92658,75.60839],[-88.78517,75.62996],[-88.75499,75.68527],[-88.62292,75.66909],[-88.19196,75.52754],[-88.32213,75.49648],[-88.2529,75.47068],[-87.73418,75.57661],[-87.51987,75.48216],[-87.62366,75.45434],[-87.57969,75.44371],[-87.43586,75.48508],[-87.54629,75.56216],[-87.31257,75.62217],[-87.11404,75.58535],[-87.04022,75.52727],[-86.83785,75.48315],[-86.56549,75.47061],[-86.37334,75.42402],[-86.61842,75.37859],[-86.5467,75.36186],[-86.20235,75.41878],[-85.84462,75.42725],[-86.10922,75.48707],[-86.13777,75.51763],[-85.82571,75.54248],[-85.61555,75.58834],[-85.50416,75.56202],[-85.30867,75.56794],[-85.0641,75.66416],[-84.64481,75.64111],[-84.6663,75.68801],[-84.33665,75.70607],[-84.19425,75.76666],[-84.0144,75.77314],[-83.96945,75.82498],[-83.50748,75.782],[-83.41392,75.74465],[-83.15463,75.73721],[-82.35484,75.83729],[-81.46674,75.80171],[-81.09364,75.76629],[-81.29204,75.65264],[-80.99639,75.6265],[-80.51474,75.65651],[-80.41318,75.63174],[-80.24847,75.63119],[-80.06223,75.58069],[-80.03881,75.5271],[-80.37775,75.47693],[-80.36911,75.45915],[-79.89436,75.47829],[-79.6348,75.45279],[-79.50417,75.34657],[-79.61403,75.30622],[-79.56263,75.28003],[-79.44803,75.28737],[-79.51087,75.2293],[-79.73697,75.16404],[-79.81606,75.17397],[-79.99643,75.08707],[-80.27211,75.06317],[-80.35361,75.00412],[-80.29579,74.95964],[-80.11042,74.95004],[-80.03348,75.00106],[-79.81494,75.02282],[-79.52391,75.00971],[-79.46533,74.92086],[-79.36329,74.90276],[-79.38983,74.87322],[-79.90162,74.81072],[-80.2758,74.87144],[-80.33729,74.9387],[-80.45269,74.90364],[-80.14502,74.82076],[-80.25972,74.75247],[-80.18374,74.72337],[-80.26266,74.66775],[-80.19681,74.63363],[-80.30471,74.57966],[-80.84379,74.56377],[-81.16892,74.58489],[-81.75684,74.4695],[-82.04339,74.48596],[-82.45342,74.55323],[-82.56101,74.51866],[-82.80183,74.52857],[-83.09493,74.63591],[-83.1372,74.71402],[-83.04711,74.77728],[-83.12778,74.82959],[-83.29194,74.82704],[-83.50178,74.90318],[-83.56307,74.87733],[-83.79752,74.90394],[-83.93617,74.91652],[-83.56758,74.8726],[-83.43452,74.797],[-83.32139,74.78624],[-83.43719,74.59534],[-83.58935,74.54287],[-83.8528,74.55368],[-84.25284,74.5057],[-84.64454,74.50227],[-84.70501,74.52985],[-84.91314,74.50199],[-85.00404,74.65078],[-85.1165,74.4991],[-85.36073,74.4982],[-85.48485,74.66284],[-85.55414,74.65028],[-85.48755,74.55449],[-85.61508,74.49518],[-86.12797,74.47961],[-86.09318,74.56066],[-86.22718,74.59754],[-86.2124,74.53533],[-86.43898,74.47714],[-86.81904,74.55328],[-86.6261,74.466],[-87.33136,74.47181],[-87.44684,74.52277],[-87.4652,74.47323],[-87.73598,74.45765],[-87.78065,74.4945],[-88.08622,74.47446],[-88.56356,74.50094],[-88.58276,74.58326],[-88.41755,74.74142],[-88.55235,74.8394],[-88.75894,74.77763],[-88.80382,74.68162],[-88.89532,74.68134],[-88.92328,74.77468],[-89.00135,74.77211],[-89.1091,74.71437],[-89.25211,74.7555],[-89.10059,74.68312],[-89.17761,74.59382],[-89.26661,74.57462],[-89.40083,74.58708],[-89.45829,74.55247],[-89.59166,74.53805],[-89.98425,74.53019],[-90.04852,74.58714],[-90.08855,74.55035],[-90.61727,74.61824],[-90.83297,74.72492],[-90.90366,74.68364],[-91.01336,74.70485],[-90.75947,74.83564],[-90.77838,74.86564],[-90.86903,74.87229],[-91.11978,74.74106],[-91.23193,74.73077],[-91.10703,74.63514],[-91.29765,74.62689],[-91.5916,74.65199],[-91.69928,74.67133],[-91.60969,74.70657],[-91.65928,74.72376],[-92.07535,74.79553],[-92.04196,74.96117],[-92.1585,74.98767],[-92.22045,75.07437],[-92.00597,75.08332],[-92.13163,75.13329],[-92.34,75.14438],[-92.50363,75.21635],[-92.39055,75.36004],[-92.45896,75.3659],[-92.4406,75.41698],[-92.24583,75.53711],[-92.00398,75.59333],[-92.10009,75.6234],[-91.99997,75.66179],[-92.11701,75.7171],[-92.13932,75.87949],[-92.53555,75.96173],[-92.65738,76.129],[-92.80274,76.21457],[-92.96614,76.24164],[-93.08648,76.36352],[-93.3414,76.36622],[-93.4561,76.33027],[-93.76985,76.31213],[-93.69709,76.25007],[-94.13754,76.26388],[-94.20037,76.2824],[-94.63114,76.28077],[-94.69529,76.31834],[-95.07312,76.2207],[-95.39637,76.2392],[-95.40694,76.29245],[-95.11418,76.30454],[-95.06644,76.33828],[-95.13258,76.36323],[-95.35053,76.37654],[-95.41057,76.35427],[-95.83593,76.40319],[-96.02344,76.44405],[-96.12961,76.50595],[-96.07104,76.52882],[-95.73769,76.54049],[-95.63457,76.58445],[-95.68402,76.60773],[-95.803,76.56088],[-96.04756,76.556],[-96.06079,76.58832],[-96.14579,76.57884],[-96.26107,76.63518],[-96.40347,76.63483],[-96.4808,76.65854],[-96.48663,76.69257],[-96.81647,76.69652],[-96.96562,76.72589],[-96.83506,76.76936],[-96.91938,76.78355],[-96.89026,76.82247],[-96.62787,76.75237],[-96.40741,76.81829],[-96.56977,76.82467],[-96.69112,76.8712],[-96.80354,76.85814],[-96.89014,76.89251],[-96.8427,76.93185],[-96.71448,76.9425],[-96.80227,76.9851],[-96.48216,76.96861],[-96.24541,77.00755],[-96.37194,77.03237],[-96.32452,77.04216],[-95.69706,77.07101],[-95.42017,77.05997]]],[[[-93.0765,81.35292],[-92.27042,81.25804],[-91.76205,81.14879],[-91.7023,81.04795],[-91.10307,80.81279],[-91.12876,80.77173],[-90.9172,80.7254],[-90.71265,80.71512],[-90.54776,80.6374],[-90.74682,80.56225],[-90.11662,80.54752],[-89.81729,80.49593],[-89.77022,80.53131],[-89.38885,80.54211],[-89.22146,80.52421],[-88.99443,80.4488],[-89.19623,80.40891],[-89.19948,80.38912],[-89.03329,80.39181],[-89.04291,80.33474],[-89.20361,80.29978],[-89.12291,80.2257],[-88.53306,80.10341],[-88.30765,80.11549],[-88.21949,80.17991],[-88.55825,80.23151],[-88.67293,80.28211],[-88.5703,80.3208],[-88.61437,80.3853],[-88.31291,80.44067],[-87.6135,80.40498],[-87.56252,80.17671],[-88.01087,80.1359],[-87.95182,80.06893],[-87.28486,80.08259],[-87.00709,79.954],[-87.23425,79.91798],[-87.26559,79.8815],[-87.17757,79.87485],[-86.93287,79.91763],[-87.14782,79.63883],[-87.44059,79.5668],[-87.37856,79.51706],[-87.27436,79.51627],[-87.17215,79.5796],[-86.8373,79.61236],[-86.77829,79.64],[-86.58842,79.66265],[-86.32083,79.64984],[-86.02451,79.57417],[-86.059,79.48843],[-86.16675,79.46696],[-86.09973,79.43773],[-85.95022,79.46457],[-85.82161,79.6129],[-85.70196,79.62083],[-85.24531,79.39718],[-84.92455,79.31774],[-84.8938,79.26337],[-85.17913,79.23129],[-85.29908,79.18305],[-86.49278,79.06003],[-86.69577,78.95766],[-86.9161,79.03261],[-86.99369,79.02708],[-86.97504,78.8865],[-87.31237,78.80352],[-87.52707,78.66154],[-87.64319,78.64306],[-87.89441,78.70412],[-87.98863,78.7878],[-87.98935,78.96734],[-87.79281,79.01528],[-88.15724,78.99635],[-88.18514,78.74879],[-87.86864,78.58621],[-88.02044,78.47905],[-88.18856,78.4573],[-88.57814,78.60902],[-88.73693,78.61373],[-88.80367,78.57405],[-88.54578,78.4222],[-88.84579,78.1489],[-89.09437,78.18993],[-89.84762,78.50579],[-89.86153,78.55161],[-90.09182,78.60535],[-90.08141,78.51028],[-89.79646,78.39881],[-89.46352,78.17187],[-89.51432,78.14421],[-89.69027,78.21568],[-89.88152,78.21306],[-90.0261,78.30269],[-90.2527,78.33612],[-90.43586,78.31843],[-90.66407,78.32719],[-90.71368,78.30803],[-90.51566,78.27512],[-90.30923,78.27658],[-90.34893,78.14311],[-91.04586,78.14776],[-91.21474,78.17412],[-91.63693,78.1863],[-91.86356,78.24048],[-92.01189,78.2043],[-92.12675,78.21831],[-92.18805,78.27816],[-92.34519,78.289],[-92.17792,78.30998],[-92.24411,78.32655],[-92.49032,78.30917],[-92.92953,78.42145],[-92.98426,78.47613],[-92.94845,78.4928],[-92.56648,78.48958],[-92.52391,78.51305],[-91.88894,78.54418],[-91.66422,78.52512],[-91.66625,78.57068],[-91.83047,78.55856],[-91.90922,78.57606],[-92.22213,78.57473],[-92.57705,78.59435],[-92.72187,78.62813],[-93.30747,78.58696],[-93.48286,78.65028],[-93.42755,78.68087],[-93.58868,78.68026],[-93.82306,78.77026],[-93.58583,78.78715],[-93.20002,78.73981],[-93.019,78.7415],[-93.04484,78.7672],[-93.4049,78.82405],[-93.85741,78.82618],[-94.29995,78.98231],[-93.47812,79.10422],[-93.38389,79.16366],[-92.96743,79.15741],[-92.85005,79.1325],[-92.77722,79.16761],[-92.01773,79.1541],[-90.47482,79.22195],[-90.35388,79.25288],[-92.27707,79.20665],[-92.67638,79.26242],[-92.52075,79.30701],[-91.95359,79.29649],[-91.19934,79.3455],[-91.11103,79.38609],[-91.53102,79.37208],[-91.79463,79.33905],[-92.55876,79.36573],[-92.59066,79.38463],[-92.19788,79.44273],[-92.40856,79.46309],[-92.84703,79.41157],[-93.02003,79.46109],[-93.12642,79.45385],[-92.96292,79.39363],[-93.28159,79.35498],[-93.35884,79.36493],[-93.28002,79.45848],[-93.4913,79.35018],[-93.63254,79.36399],[-93.63724,79.31058],[-94.01704,79.25647],[-94.17538,79.31274],[-94.03116,79.37851],[-94.35221,79.43056],[-94.52378,79.41077],[-94.39395,79.36928],[-95.05161,79.27164],[-95.20193,79.28891],[-95.24925,79.40042],[-95.5654,79.38839],[-95.69474,79.41152],[-95.6998,79.54068],[-94.55248,79.62923],[-94.33781,79.67146],[-94.28945,79.76137],[-94.5134,79.74331],[-94.79375,79.667],[-95.70025,79.6364],[-95.9144,79.65395],[-96.22058,79.75044],[-96.37824,79.86734],[-96.51521,79.85231],[-96.62321,79.87875],[-96.62899,79.90223],[-96.38377,79.91907],[-96.36535,79.8867],[-96.18695,79.92833],[-96.58639,79.9632],[-96.63415,80.0204],[-96.55578,80.02292],[-96.72934,80.08095],[-96.67895,80.14749],[-96.35395,80.14233],[-95.66227,80.04282],[-94.85047,80.05123],[-94.35586,79.99075],[-94.79486,80.08577],[-94.22296,80.191],[-94.40411,80.19159],[-94.53117,80.22889],[-94.63494,80.18469],[-95.29743,80.11735],[-95.70989,80.17114],[-95.2111,80.22317],[-95.90388,80.19445],[-96.51413,80.2772],[-96.43064,80.31526],[-96.61606,80.35298],[-96.21517,80.33478],[-96.23471,80.37307],[-96.02243,80.38626],[-95.69146,80.37329],[-95.4605,80.3382],[-95.43155,80.36906],[-96.05151,80.4886],[-95.85626,80.50914],[-95.97219,80.58296],[-94.95479,80.603],[-94.73524,80.56104],[-94.02881,80.55293],[-93.78238,80.51961],[-94.01217,80.59155],[-94.50801,80.60046],[-94.59872,80.63867],[-94.61327,80.6829],[-94.02624,80.70807],[-94.12547,80.72439],[-94.61691,80.72304],[-95.11682,80.79832],[-95.3056,80.78067],[-95.47437,80.83009],[-95.2247,80.8845],[-95.44654,80.88628],[-95.45172,80.90508],[-95.28461,80.93837],[-95.23519,81.0055],[-94.83992,81.06206],[-94.49507,81.03566],[-94.36152,80.96331],[-94.07333,81.02517],[-93.86059,81.01996],[-94.3327,81.09307],[-94.20086,81.11325],[-94.08879,81.08873],[-93.81652,81.10403],[-93.49715,81.06833],[-93.10307,81.09068],[-92.99557,81.15876],[-93.23127,81.21101],[-93.87872,81.20142],[-94.25135,81.22558],[-94.36222,81.25291],[-94.24183,81.34394],[-94.04365,81.36418],[-93.45154,81.32999],[-93.50665,81.38056],[-93.0765,81.35292]]],[[[-85.49173,65.82383],[-85.44798,65.79426],[-85.35867,65.8279],[-85.17188,65.79967],[-85.17128,65.72645],[-85.02312,65.61402],[-85.05716,65.57492],[-85.20754,65.54554],[-85.27251,65.55756],[-85.27086,65.52459],[-85.00358,65.42301],[-84.98424,65.33236],[-84.8607,65.20697],[-84.77587,65.21348],[-84.73128,65.32647],[-84.57476,65.46161],[-84.54044,65.47918],[-84.46966,65.47157],[-84.34779,65.37684],[-84.19843,65.3606],[-84.15299,65.32865],[-84.20537,65.25645],[-84.11699,65.20729],[-83.87934,65.19299],[-83.86197,65.16378],[-83.39417,65.13827],[-83.30381,65.06629],[-83.30334,65.00518],[-83.18039,64.94564],[-82.95437,64.89635],[-82.77836,64.80913],[-82.56474,64.763],[-82.52538,64.73282],[-82.38064,64.7661],[-82.31843,64.75209],[-82.05349,64.66801],[-82.03659,64.63464],[-81.82001,64.54682],[-81.82547,64.5218],[-81.74334,64.48977],[-81.72739,64.26378],[-81.58365,64.16874],[-81.72582,64.08347],[-81.94014,64.0614],[-81.98825,63.97985],[-81.45835,64.02809],[-81.29232,64.07444],[-80.94503,63.97561],[-80.90267,63.98665],[-80.97511,64.06102],[-80.91331,64.08172],[-80.92047,64.12266],[-80.74308,64.06069],[-80.71028,63.99765],[-80.53706,63.98401],[-80.50804,63.9486],[-80.56538,63.9397],[-80.51738,63.88844],[-80.60409,63.85654],[-80.30716,63.81629],[-80.28148,63.78954],[-80.18816,63.79473],[-80.13447,63.77108],[-80.17925,63.72083],[-80.48817,63.71178],[-80.57504,63.62582],[-80.80186,63.55606],[-80.83778,63.52046],[-80.92073,63.51655],[-80.93814,63.45201],[-81.05724,63.43757],[-81.55681,63.57045],[-81.68337,63.5654],[-81.6736,63.58988],[-81.76857,63.63078],[-81.90112,63.61963],[-82.07635,63.68368],[-82.24094,63.67737],[-82.30349,63.64084],[-82.47968,63.6676],[-82.544,63.73871],[-82.49822,63.79322],[-82.33665,63.8345],[-82.36615,63.89549],[-82.53589,63.95642],[-82.88817,63.97801],[-83.06475,63.93951],[-83.13433,63.96405],[-83.14096,64.00798],[-82.9364,64.13064],[-82.98741,64.17783],[-83.11922,64.16915],[-83.1874,64.11046],[-83.27674,64.1409],[-83.38547,64.10491],[-83.46125,64.11859],[-83.52967,64.10197],[-83.60052,64.02489],[-83.65897,64.01579],[-83.60053,63.92443],[-83.63498,63.86289],[-83.58512,63.83201],[-83.6246,63.75761],[-83.71859,63.7737],[-83.80794,63.74477],[-84.10509,63.59169],[-84.18028,63.62351],[-84.28743,63.62257],[-84.44647,63.47354],[-84.48482,63.36912],[-84.57458,63.31269],[-84.85545,63.20275],[-85.21609,63.11001],[-85.50561,63.10874],[-85.61616,63.18003],[-85.65831,63.41617],[-85.5958,63.5024],[-85.63054,63.54801],[-85.58988,63.63493],[-85.60714,63.6754],[-85.71829,63.72206],[-85.67699,63.81721],[-85.75157,63.77585],[-85.77242,63.71564],[-85.88966,63.6921],[-86.28289,63.63491],[-86.52742,63.6653],[-86.643,63.64601],[-86.76048,63.57978],[-86.86941,63.55439],[-87.13357,63.56212],[-87.20516,63.61674],[-87.20927,63.71521],[-86.98834,63.86734],[-86.80965,63.9465],[-86.45711,64.0217],[-86.36705,64.0621],[-86.18195,64.08587],[-86.16328,64.1358],[-86.30334,64.22675],[-86.27729,64.2616],[-86.3359,64.29859],[-86.39498,64.58634],[-86.12777,64.92689],[-86.20311,64.96931],[-86.20367,65.01247],[-86.12454,65.10918],[-86.15686,65.28681],[-86.08266,65.52858],[-85.99313,65.69784],[-85.87533,65.79408],[-85.59195,65.91408],[-85.50951,65.9241],[-85.46061,65.88669],[-85.49173,65.82383]]],[[[-99.77454,73.93904],[-99.82834,73.90937],[-99.77266,73.86986],[-99.36831,73.79907],[-99.21025,73.73758],[-98.07428,73.82535],[-97.74857,73.91581],[-97.79119,73.86074],[-97.62557,73.89872],[-97.47188,73.86204],[-97.19481,73.85882],[-96.95338,73.74704],[-97.01081,73.61971],[-97.22679,73.5571],[-97.43055,73.58554],[-97.43855,73.5323],[-97.53265,73.52113],[-97.61475,73.5483],[-97.66794,73.47432],[-97.57515,73.45904],[-97.41578,73.49895],[-97.31057,73.46038],[-97.26649,73.48515],[-97.16913,73.45436],[-97.23576,73.4139],[-97.1456,73.39822],[-97.16178,73.36038],[-97.68285,73.32042],[-98.234,73.07147],[-98.47212,73.02583],[-98.38862,72.94047],[-98.425,72.85813],[-98.48112,72.83727],[-98.47673,72.83058],[-98.63963,72.80032],[-98.77878,72.75019],[-98.84144,72.71628],[-98.8157,72.69492],[-98.90877,72.66534],[-98.87876,72.62912],[-98.70455,72.60787],[-98.65473,72.6286],[-98.33898,72.62425],[-98.34721,72.53346],[-98.30036,72.51978],[-98.15741,72.54245],[-98.43492,72.67706],[-98.57262,72.6377],[-98.76074,72.64509],[-98.83662,72.71601],[-98.64691,72.79695],[-98.4728,72.82902],[-98.42835,72.84929],[-98.39683,72.89973],[-98.23653,72.98811],[-97.84727,73.0506],[-97.45077,73.00486],[-97.21171,72.941],[-97.31128,72.86016],[-97.00364,72.74255],[-97.18083,72.66186],[-97.1584,72.62592],[-97.06816,72.61312],[-96.84242,72.69353],[-96.633,72.70859],[-96.58521,72.75766],[-96.52615,72.7588],[-96.49466,72.72169],[-96.57642,72.6907],[-96.46631,72.66353],[-96.26982,72.41447],[-96.40221,72.40542],[-96.43816,72.36614],[-96.65499,72.30887],[-96.64108,72.27267],[-96.52592,72.27238],[-96.4888,72.07766],[-96.85596,72.03801],[-96.60791,72.02303],[-96.46062,72.04403],[-96.48433,71.96156],[-96.73741,71.92339],[-96.6437,71.915],[-96.466,71.94046],[-96.52367,71.83682],[-96.69934,71.80021],[-96.73927,71.83083],[-96.9195,71.80691],[-97.07911,71.70284],[-97.50043,71.61487],[-97.9731,71.67141],[-98.18262,71.6468],[-98.36495,71.74536],[-98.1911,71.92147],[-98.23978,71.93504],[-98.166,71.97163],[-98.12556,72.00303],[-98.01847,72.01988],[-97.9453,72.04779],[-97.90336,72.16037],[-97.96623,72.26561],[-98.03909,72.26901],[-98.05453,72.16304],[-97.96206,72.13399],[-97.96693,72.05505],[-98.01909,72.02131],[-98.12856,72.00266],[-98.22605,71.9506],[-98.29367,71.89295],[-98.26632,71.86621],[-98.3903,71.83483],[-98.49842,71.72915],[-98.38052,71.71609],[-98.37271,71.65282],[-98.05794,71.528],[-98.11863,71.46586],[-98.4898,71.31028],[-98.67628,71.28495],[-98.80775,71.30091],[-98.94231,71.38965],[-99.00604,71.3912],[-99.06673,71.35653],[-99.21639,71.35328],[-99.34442,71.49466],[-99.34704,71.57842],[-99.53943,71.6151],[-99.67345,71.76588],[-99.81317,71.81182],[-99.84161,71.85346],[-100.06336,71.87453],[-100.15091,71.93861],[-100.25341,71.9573],[-100.62175,72.1864],[-100.76184,72.20646],[-101.0084,72.19756],[-101.03945,72.2851],[-101.11562,72.28557],[-101.26848,72.33881],[-101.39564,72.24968],[-101.5756,72.30077],[-101.76488,72.30235],[-101.89551,72.36886],[-101.84965,72.40214],[-101.95245,72.46592],[-101.91881,72.48292],[-102.06549,72.53076],[-102.21718,72.54018],[-102.67596,72.69115],[-102.72632,72.73199],[-102.7389,72.81491],[-102.61302,72.88279],[-102.50903,73.02916],[-102.3653,73.06968],[-102.04904,73.08326],[-101.81518,73.00784],[-101.73366,72.93089],[-101.48133,72.87396],[-101.453,72.80264],[-101.29621,72.77392],[-101.38156,72.75908],[-101.30213,72.72076],[-100.8452,72.695],[-100.68555,72.76667],[-100.42226,72.74066],[-100.30275,72.81002],[-100.43563,72.91839],[-100.43625,73.02993],[-100.2934,73.02349],[-100.41787,72.9877],[-100.33355,72.94544],[-100.28327,72.96562],[-100.23186,72.94839],[-100.33671,72.88639],[-100.05014,72.89122],[-100.04326,72.96394],[-100.18421,72.99814],[-100.12103,73.0102],[-100.1395,73.05419],[-100.21948,73.05672],[-100.16481,73.09496],[-100.27675,73.1115],[-100.28575,73.13655],[-100.36037,73.13243],[-100.44549,73.08192],[-100.52014,73.0947],[-100.5027,73.13224],[-100.59507,73.14562],[-100.50742,73.23603],[-100.28108,73.28587],[-99.98065,73.1932],[-99.78855,73.19647],[-99.79918,73.22188],[-99.9403,73.21882],[-100.07507,73.25903],[-100.2952,73.3717],[-100.39048,73.35926],[-100.33908,73.32411],[-100.53936,73.31065],[-100.57793,73.28478],[-100.89699,73.27035],[-101.02589,73.307],[-101.00783,73.32927],[-101.2878,73.36989],[-101.29657,73.40607],[-101.56939,73.45467],[-101.42219,73.55595],[-101.27004,73.56039],[-101.20362,73.61098],[-100.87256,73.60095],[-100.67018,73.47074],[-100.53286,73.45143],[-100.61574,73.49858],[-100.565,73.59365],[-100.91756,73.63464],[-100.84923,73.65574],[-101.12799,73.73661],[-101.00499,73.75431],[-100.97897,73.81558],[-100.686,73.83369],[-100.54929,73.86606],[-100.03019,73.77484],[-99.84966,73.84499],[-99.86318,73.88826],[-99.94936,73.87814],[-99.96419,73.84693],[-100.1393,73.83138],[-100.22345,73.8371],[-100.30471,73.88356],[-100.07801,73.94756],[-99.77454,73.93904]]],[[[-93.49123,74.1788],[-92.57493,74.10183],[-92.29355,74.0383],[-92.30255,73.95475],[-92.10938,73.95831],[-91.91933,74.01783],[-91.53414,74.03084],[-90.68291,73.97809],[-90.38713,73.91737],[-90.28597,73.93338],[-90.16801,73.89188],[-90.23393,73.85277],[-90.29216,73.87335],[-90.36534,73.86345],[-90.35685,73.78839],[-90.79086,73.55125],[-90.98292,73.54071],[-90.93341,73.47957],[-91.23316,73.28033],[-91.28627,73.25666],[-91.50085,73.24283],[-91.34723,73.20233],[-91.79133,72.87811],[-92.01761,72.77015],[-92.27752,72.70813],[-93.19886,72.78818],[-93.31696,72.82315],[-93.54489,72.78851],[-94.28759,72.77669],[-94.31766,72.72949],[-94.13169,72.73696],[-94.05125,72.71238],[-93.88157,72.70738],[-93.77126,72.72856],[-93.80106,72.66435],[-93.57227,72.59137],[-93.44303,72.46283],[-93.63612,72.34065],[-93.82375,72.31301],[-94.01456,72.16398],[-94.02688,72.09204],[-94.10563,72.05606],[-94.22289,72.05278],[-94.23571,72.02736],[-94.02444,72.0116],[-94.08355,71.98525],[-94.48024,72.02505],[-95.02785,71.97881],[-95.21102,71.99674],[-95.13911,72.09167],[-95.19931,72.2266],[-95.15401,72.34364],[-95.24025,72.44389],[-95.11761,72.46588],[-95.2085,72.53361],[-95.31423,72.5447],[-95.35342,72.64746],[-95.4648,72.68897],[-95.54378,72.68366],[-95.61491,72.73413],[-95.55126,72.79025],[-95.67111,72.80482],[-95.61052,72.9361],[-95.70146,72.99572],[-95.63736,73.02436],[-95.667,73.08516],[-95.63604,73.13332],[-95.50536,73.14137],[-95.66846,73.46036],[-95.60261,73.54749],[-95.64934,73.59139],[-95.55785,73.60866],[-95.69545,73.63675],[-95.70037,73.69063],[-95.65931,73.72885],[-95.43802,73.77651],[-95.27261,73.77333],[-95.02143,73.68101],[-94.81239,73.6517],[-94.63178,73.65884],[-94.67934,73.68594],[-94.85319,73.68296],[-94.93662,73.74989],[-95.12092,73.80756],[-94.99714,73.85764],[-95.15641,73.8373],[-95.27314,73.87745],[-95.30513,73.98568],[-94.89267,74.06363],[-94.38964,74.12159],[-93.97566,74.13944],[-93.88275,74.13093],[-93.8265,74.08208],[-93.73456,74.08261],[-93.71459,74.1616],[-93.49123,74.1788]]],[[[-98.38989,76.66424],[-98.3808,76.61652],[-98.18937,76.59557],[-98.20981,76.54554],[-97.6756,76.49162],[-97.65153,76.41621],[-97.78735,76.31299],[-97.70722,76.30842],[-97.71867,76.2773],[-97.49983,76.20456],[-97.46777,76.13389],[-97.65017,75.97302],[-97.59997,75.82628],[-97.92454,75.73966],[-97.36649,75.69195],[-97.40631,75.54215],[-97.30031,75.39054],[-97.4708,75.43341],[-97.50266,75.50981],[-97.69348,75.5686],[-97.84061,75.54239],[-97.73197,75.46299],[-97.84376,75.46822],[-97.82702,75.49932],[-97.90835,75.51635],[-97.98179,75.48098],[-97.78638,75.43223],[-98.01164,75.38902],[-97.86134,75.38048],[-97.85732,75.35918],[-97.98169,75.35791],[-98.05841,75.32206],[-97.95412,75.32489],[-97.92029,75.30687],[-98.00578,75.28921],[-97.92713,75.26352],[-97.89117,75.2908],[-97.7465,75.22664],[-97.8075,75.20261],[-97.56565,75.14241],[-97.60825,75.12215],[-97.845,75.10843],[-97.94257,75.15341],[-98.12005,75.16566],[-97.95381,75.11352],[-97.94994,75.03204],[-98.31489,75.02855],[-98.47065,75.00083],[-98.66189,74.99241],[-98.86883,75.01499],[-99.34056,74.98892],[-99.39604,75.03731],[-99.34003,75.05424],[-99.42554,75.07244],[-99.54804,74.97463],[-100.09467,74.98772],[-100.3746,75.03233],[-100.37904,75.16104],[-100.52871,75.20256],[-100.42307,75.22909],[-100.03452,75.23227],[-100.36949,75.27157],[-100.18033,75.30566],[-100.5153,75.29672],[-100.61897,75.31743],[-100.65362,75.34729],[-100.43583,75.3674],[-100.60641,75.43697],[-99.99831,75.45765],[-100.0757,75.48471],[-99.89104,75.49915],[-99.84242,75.48046],[-99.7023,75.50225],[-99.71028,75.51722],[-100.039,75.50743],[-100.30095,75.52456],[-99.99857,75.53328],[-100.03299,75.55881],[-99.68108,75.59886],[-99.65028,75.6152],[-99.85737,75.62105],[-99.75662,75.66616],[-98.87216,75.6902],[-98.91803,75.71244],[-99.66013,75.67142],[-99.95518,75.68048],[-101.25497,75.59023],[-101.48065,75.60977],[-101.99619,75.55095],[-102.42194,75.54147],[-102.66238,75.5011],[-102.65288,75.53733],[-102.76914,75.55044],[-102.73811,75.58088],[-102.85509,75.63614],[-102.70922,75.63238],[-102.67256,75.67739],[-102.37103,75.73158],[-102.1463,75.70994],[-102.1524,75.73566],[-102.25236,75.74347],[-102.14263,75.79323],[-102.35847,75.78119],[-102.34612,75.83452],[-102.15301,75.88309],[-101.85015,75.90924],[-101.46688,75.8225],[-101.43312,75.7654],[-101.24982,75.75185],[-101.01847,75.78568],[-101.07063,75.80433],[-101.29532,75.78031],[-101.36678,75.85659],[-101.51115,75.85762],[-101.60777,75.9309],[-101.38569,75.97876],[-101.4091,75.99735],[-101.63183,75.97743],[-101.73336,75.99183],[-101.90881,76.07075],[-101.90827,76.11688],[-101.76591,76.14734],[-101.77261,76.17401],[-101.46373,76.22703],[-102.12233,76.2182],[-102.15044,76.25299],[-102.04591,76.25883],[-102.08647,76.3455],[-101.89855,76.4483],[-101.49488,76.4461],[-101.28023,76.41501],[-101.05434,76.32701],[-101.10843,76.23883],[-100.87016,76.22486],[-100.60263,76.13702],[-100.59436,76.07801],[-100.3014,76.05686],[-100.20541,75.97978],[-100.05447,75.92403],[-99.96576,75.92296],[-99.93096,75.88105],[-99.8518,75.9106],[-99.70834,75.91285],[-99.60972,75.96812],[-99.8924,75.95463],[-99.98918,76.04377],[-100.07487,76.04005],[-100.12673,76.11213],[-100.23382,76.13382],[-100.10933,76.15874],[-99.84496,76.15247],[-99.99738,76.20696],[-100.15911,76.19126],[-100.44255,76.21876],[-100.50664,76.26148],[-100.3234,76.28804],[-100.12931,76.27514],[-100.19252,76.30112],[-100.02682,76.32196],[-100.16902,76.36659],[-100.38092,76.38436],[-100.68122,76.37615],[-100.99138,76.50096],[-100.22159,76.64543],[-99.90219,76.61272],[-99.6562,76.63332],[-99.2436,76.4806],[-99.14701,76.40253],[-99.05874,76.4077],[-99.11342,76.4567],[-98.89013,76.48615],[-99.05851,76.53453],[-98.98828,76.61027],[-98.61541,76.61664],[-98.50958,76.63873],[-98.59315,76.66478],[-98.73112,76.64683],[-98.86582,76.67113],[-98.50552,76.68648],[-98.38989,76.66424]]],[[[-109.66946,76.52898],[-109.8189,76.54494],[-109.72363,76.59467],[-109.63962,76.58406],[-109.53063,76.62644],[-109.27938,76.80486],[-109.10882,76.8281],[-108.90655,76.81205],[-108.68968,76.83934],[-108.6137,76.81076],[-108.70052,76.77325],[-108.42494,76.75093],[-108.39073,76.7146],[-108.51211,76.65396],[-108.69903,76.6267],[-108.61676,76.5792],[-108.48348,76.56227],[-108.57006,76.48638],[-108.45293,76.46997],[-108.57066,76.42019],[-108.25511,76.39231],[-108.14156,76.278],[-108.18991,76.23871],[-108.05863,76.23027],[-108.35039,76.17744],[-108.43995,76.0976],[-108.3962,76.06432],[-108.15455,76.04833],[-107.93952,76.07168],[-107.79705,76.06248],[-107.61186,76.00527],[-107.74852,75.91525],[-107.87439,75.90427],[-108.01049,75.83379],[-108.0025,75.78569],[-107.87915,75.80022],[-107.734,75.88947],[-107.39502,75.91843],[-107.16325,75.91375],[-107.02759,75.89428],[-107.08944,75.83365],[-106.92431,75.71555],[-106.72833,75.81297],[-106.88087,75.83957],[-106.87194,75.97769],[-106.65009,76.06489],[-106.54674,76.07163],[-105.94751,76.02036],[-105.54666,75.92971],[-105.41715,75.85038],[-105.37916,75.63147],[-105.45289,75.56178],[-105.71053,75.4964],[-105.60254,75.47445],[-105.59294,75.43801],[-105.68749,75.41211],[-105.62029,75.36742],[-105.71755,75.3071],[-105.84927,75.28211],[-105.86444,75.14649],[-106.00906,75.139],[-106.08307,75.10288],[-105.98781,75.0565],[-106.22175,75.022],[-106.77326,74.99884],[-106.77561,74.96194],[-107.18373,74.91372],[-107.66173,74.97714],[-107.72408,75.02621],[-107.67753,75.0857],[-107.78668,75.02288],[-107.98807,75.00119],[-107.93232,74.95611],[-108.39477,74.92057],[-108.50945,74.94202],[-108.49317,75.0071],[-108.58762,75.05285],[-108.80004,75.06868],[-108.89803,75.05468],[-108.94274,75.00441],[-109.30189,74.95868],[-109.53256,74.86078],[-109.83057,74.87514],[-110.02189,74.82595],[-110.35151,74.84575],[-110.44464,74.78686],[-110.64797,74.7736],[-110.56311,74.71114],[-111.67709,74.49924],[-112.38274,74.42192],[-112.97215,74.40267],[-113.43682,74.4217],[-113.70065,74.45484],[-114.25398,74.59341],[-114.43917,74.69523],[-114.08414,74.78634],[-113.34625,74.8619],[-113.1791,74.85182],[-113.21548,74.90574],[-112.84384,74.98306],[-112.09644,75.00964],[-111.67969,74.99235],[-111.5324,75.02208],[-111.47776,75.07628],[-111.29211,75.08389],[-111.26048,75.12922],[-111.01489,75.18301],[-111.00622,75.22883],[-110.91349,75.22968],[-110.90327,75.25044],[-111.1156,75.27515],[-111.47277,75.1602],[-111.5485,75.17662],[-111.68324,75.15455],[-111.82882,75.16103],[-111.88997,75.13901],[-112.39839,75.12876],[-112.44767,75.15303],[-112.29782,75.2132],[-112.39324,75.24444],[-112.42276,75.18737],[-112.54236,75.18294],[-112.61294,75.205],[-112.56688,75.25633],[-112.68362,75.2637],[-112.68574,75.16698],[-112.76641,75.12615],[-113.01766,75.09529],[-113.14838,75.13066],[-113.16962,75.08974],[-113.89246,75.05323],[-113.91396,75.18648],[-113.79063,75.32997],[-113.44067,75.40434],[-113.4838,75.42721],[-113.86156,75.37614],[-114.02913,75.47569],[-114.03106,75.34627],[-114.17476,75.22006],[-114.35855,75.28595],[-114.55855,75.31059],[-114.61093,75.28223],[-114.41364,75.26793],[-114.28829,75.18136],[-114.37711,75.09231],[-115.03276,74.96343],[-115.1746,74.99592],[-115.18391,75.15249],[-115.25094,75.17995],[-115.38853,75.09919],[-115.62464,75.14813],[-115.51414,75.02286],[-115.68449,74.97005],[-116.24531,75.06174],[-116.0788,75.09807],[-116.29605,75.10648],[-116.24715,75.21647],[-116.57875,75.16765],[-116.66416,75.11936],[-117.33177,75.17747],[-117.66572,75.2527],[-117.52293,75.37215],[-117.24798,75.47574],[-116.04022,75.48712],[-115.29558,75.62804],[-115.10497,75.69596],[-116.41408,75.56474],[-117.21384,75.5805],[-117.15249,75.67037],[-116.8096,75.80445],[-116.06825,75.81133],[-115.80504,75.83423],[-115.73665,75.86193],[-115.39873,75.84476],[-115.12216,75.87235],[-114.98231,75.86247],[-114.77851,75.89662],[-114.87091,75.91164],[-115.22497,75.88637],[-115.76288,75.89523],[-116.0311,75.8728],[-116.72437,75.90108],[-116.67393,75.97325],[-116.52326,75.98253],[-116.49283,76.03431],[-116.63684,76.02507],[-116.67731,76.05271],[-116.5965,76.124],[-116.40159,76.17038],[-116.05847,76.20568],[-115.44769,76.20162],[-114.86414,76.1574],[-114.83757,76.17723],[-115.16331,76.22706],[-115.79748,76.2472],[-115.89565,76.30527],[-115.79861,76.32864],[-115.87666,76.36025],[-115.51605,76.44648],[-114.93128,76.4877],[-114.77637,76.51929],[-114.54996,76.49714],[-114.44393,76.51434],[-114.17283,76.47816],[-114.05843,76.419],[-114.12867,76.31021],[-113.97445,76.27451],[-114.04088,76.22368],[-113.91713,76.19378],[-113.69373,76.20402],[-113.27405,76.27252],[-113.13652,76.25678],[-112.97459,76.27394],[-112.83564,76.25476],[-112.83193,76.22063],[-112.73195,76.22879],[-112.71564,76.20072],[-112.4456,76.18989],[-112.39343,76.17068],[-112.49845,76.14752],[-112.50484,76.10763],[-112.40553,76.0467],[-112.01397,76.00844],[-111.68709,75.92035],[-112.16749,75.85187],[-111.92391,75.80705],[-111.8358,75.83293],[-111.46295,75.85001],[-111.43148,75.82582],[-111.53242,75.80094],[-111.43726,75.7932],[-111.3154,75.71532],[-111.40577,75.62246],[-111.32917,75.5578],[-111.19017,75.52833],[-110.97874,75.53035],[-110.70664,75.57399],[-110.44259,75.57674],[-110.37913,75.54564],[-109.2628,75.52207],[-108.9052,75.47943],[-108.88797,75.59495],[-108.79309,75.61347],[-108.91835,75.69856],[-109.19503,75.76978],[-109.65771,75.80779],[-109.63477,75.86507],[-109.7172,75.88429],[-109.9183,75.85413],[-110.02965,75.89275],[-109.38829,76.01588],[-109.40094,76.04655],[-109.30811,76.04373],[-109.36484,76.0826],[-109.26889,76.10499],[-109.66653,76.22674],[-110.0382,76.24171],[-110.34919,76.31518],[-110.39096,76.42972],[-110.11194,76.45031],[-109.95418,76.49646],[-109.66946,76.52898]]],[[[-97.65434,69.84109],[-97.66962,69.81811],[-97.38471,69.75357],[-97.39261,69.68126],[-97.46548,69.67365],[-97.37565,69.61856],[-97.32772,69.62187],[-97.30319,69.67812],[-97.13372,69.66557],[-97.07197,69.58564],[-96.93126,69.52673],[-96.80448,69.48113],[-96.68669,69.47951],[-96.61943,69.43513],[-96.55744,69.44923],[-96.14123,69.28319],[-96.17616,69.05289],[-96.1119,69.0343],[-96.09589,69.19752],[-96.03812,69.208],[-95.91593,69.16114],[-95.96085,69.05871],[-95.8206,68.98476],[-95.82764,68.88146],[-95.71116,68.88945],[-95.5985,68.84345],[-95.50487,68.84515],[-95.31616,68.90831],[-95.24074,68.90038],[-95.20353,68.85862],[-95.23778,68.80838],[-95.47331,68.70978],[-95.58557,68.7739],[-95.77033,68.73735],[-95.82607,68.61038],[-95.95132,68.63887],[-96.26883,68.47855],[-96.3825,68.46378],[-96.53347,68.45502],[-97.0953,68.58371],[-97.05832,68.54339],[-97.12121,68.5228],[-97.47952,68.55695],[-97.76446,68.66671],[-98.18826,68.71715],[-98.26476,68.76597],[-98.20264,68.79409],[-98.22569,68.83806],[-98.32499,68.85805],[-98.40305,68.8424],[-98.37805,68.76433],[-98.46622,68.74609],[-98.52848,68.78714],[-98.71038,68.80084],[-98.8248,68.84278],[-98.79453,68.92668],[-98.86204,68.95045],[-98.99463,68.96146],[-98.98206,68.91994],[-99.05035,68.9309],[-99.01979,68.8701],[-99.16013,68.8571],[-99.4122,68.90167],[-99.44256,68.99357],[-99.49306,68.98713],[-99.5476,69.03559],[-99.47374,69.11942],[-99.26255,69.1542],[-99.0387,69.13754],[-98.91175,69.18908],[-98.7226,69.18339],[-98.64181,69.29527],[-98.34441,69.30823],[-98.39366,69.37513],[-98.49945,69.39505],[-98.58607,69.4483],[-98.54575,69.47946],[-98.39803,69.46841],[-98.56341,69.52834],[-98.53352,69.59406],[-98.32345,69.56651],[-98.06038,69.43348],[-97.96843,69.44127],[-98.15092,69.51158],[-98.23352,69.59264],[-98.34288,69.61477],[-98.24745,69.76384],[-98.07325,69.81813],[-98.0225,69.88985],[-97.95862,69.90182],[-97.65434,69.84109]]],[[[-105.14185,79.30048],[-104.00748,79.36801],[-103.72525,79.36511],[-103.39056,79.29512],[-103.27033,79.30878],[-103.08982,79.28705],[-102.90986,79.22318],[-102.60428,79.06628],[-102.75732,78.96112],[-102.57587,78.94719],[-102.60372,78.88876],[-102.48194,78.88996],[-102.37638,78.95071],[-102.39561,79.01597],[-102.18095,79.03273],[-101.94363,79.09079],[-101.78324,79.08729],[-101.20993,78.96118],[-101.1309,78.98104],[-100.97148,78.94451],[-101.20839,78.8053],[-101.03206,78.80527],[-100.88539,78.77163],[-100.83791,78.79536],[-100.6055,78.80012],[-100.38367,78.83665],[-100.30201,78.78659],[-99.99662,78.74126],[-99.88168,78.70751],[-100.04354,78.6457],[-99.98728,78.63166],[-99.83287,78.64716],[-99.73715,78.6121],[-99.49503,78.59463],[-99.63852,78.55395],[-99.57014,78.52766],[-99.6416,78.48229],[-99.87738,78.43758],[-99.75167,78.40663],[-99.79384,78.30682],[-99.49249,78.28814],[-99.42519,78.21298],[-99.30179,78.20068],[-98.91591,78.06003],[-99.07972,77.98199],[-99.07389,77.91493],[-98.99102,77.90322],[-99.32405,77.83173],[-99.82175,77.81663],[-99.8451,77.78752],[-100.29424,77.82055],[-100.59358,77.87026],[-100.78894,78.00672],[-100.75081,78.09299],[-101.009,78.1483],[-100.98442,78.18075],[-101.07682,78.20188],[-101.30173,78.18026],[-101.49096,78.23766],[-102.13938,78.2917],[-102.53609,78.25022],[-102.77343,78.27063],[-102.67772,78.37864],[-103.67078,78.3187],[-103.91802,78.24744],[-104.44375,78.26819],[-104.72456,78.33702],[-104.99356,78.45112],[-105.01848,78.50775],[-104.78094,78.58237],[-104.39959,78.5774],[-104.01947,78.51928],[-103.73664,78.52679],[-103.52843,78.50654],[-103.42004,78.53778],[-103.48494,78.57226],[-103.39165,78.62035],[-103.99178,78.64136],[-103.78466,78.67412],[-103.50101,78.66723],[-103.36782,78.74957],[-103.43387,78.7903],[-103.72671,78.76062],[-103.76537,78.79365],[-103.9806,78.761],[-104.20213,78.77242],[-104.16438,78.82152],[-103.83352,78.90076],[-104.10919,78.98391],[-104.28414,78.98194],[-104.46475,78.94258],[-104.59848,78.84977],[-104.97257,78.79604],[-104.99917,78.85352],[-104.86128,78.87866],[-104.70531,79.03578],[-104.948,79.05754],[-105.36356,79.01024],[-105.54879,79.02158],[-105.60347,79.04884],[-105.64407,79.17052],[-105.39041,79.29075],[-105.42452,79.33693],[-105.14185,79.30048]]],[[[-78.1425,73.6695],[-77.20736,73.51459],[-76.97078,73.32553],[-76.75304,73.32324],[-76.56479,73.22284],[-76.61456,73.18369],[-76.56094,73.1252],[-76.25354,73.09042],[-76.31947,73.02326],[-76.24581,73.00337],[-76.32392,72.98625],[-76.27228,72.952],[-76.05345,72.92732],[-76.06372,72.86442],[-76.37979,72.81693],[-77.26322,72.85879],[-77.55388,72.89492],[-78.21207,72.90109],[-79.12016,72.75671],[-79.34994,72.74014],[-79.57281,72.75621],[-79.99292,72.86568],[-80.17521,73.05023],[-80.12496,73.21897],[-80.22185,73.25125],[-80.38388,73.24118],[-80.75475,73.27691],[-80.87927,73.34166],[-80.86142,73.47808],[-80.76857,73.50397],[-80.89208,73.61086],[-80.77018,73.66942],[-80.84065,73.75114],[-80.41933,73.76546],[-80.12198,73.69548],[-80.05251,73.72247],[-79.5115,73.63753],[-79.08695,73.63217],[-78.95879,73.63773],[-78.93588,73.66234],[-78.1425,73.6695]]],[[[-75.47701,68.27281],[-75.19341,68.25056],[-75.02051,68.17108],[-75.04311,68.03899],[-75.14633,67.94856],[-75.04015,67.8273],[-75.03887,67.59976],[-75.1634,67.45537],[-75.55948,67.3055],[-75.88483,67.24939],[-76.21719,67.2587],[-76.67741,67.21284],[-76.98836,67.24644],[-77.21598,67.45511],[-77.28,67.72986],[-76.95126,68.09197],[-76.67094,68.25525],[-76.29019,68.33499],[-76.25045,68.3095],[-76.11293,68.29779],[-75.95534,68.34092],[-75.78211,68.33934],[-75.47701,68.27281]]],[[[-94.91479,75.64273],[-94.32161,75.59211],[-93.49731,75.27503],[-93.58047,75.20111],[-93.46912,75.13593],[-93.4994,75.06785],[-93.62907,75.05311],[-93.51095,75.0389],[-93.41383,74.96724],[-93.42018,74.77116],[-93.48434,74.67459],[-93.72271,74.64517],[-94.1905,74.63526],[-94.24113,74.65371],[-94.65022,74.63327],[-94.83747,74.6914],[-94.92571,74.67075],[-95.07704,74.68184],[-95.04701,74.72266],[-95.25495,74.8025],[-95.34567,74.80544],[-95.43931,74.74724],[-95.53684,74.75874],[-95.49323,74.81863],[-95.8216,74.82632],[-96.13144,74.93306],[-96.34174,74.91023],[-96.37151,75.00653],[-96.51422,75.01342],[-96.6261,74.99329],[-96.59053,75.07982],[-96.37126,75.21922],[-96.22095,75.25296],[-96.07602,75.25269],[-96.07967,75.31624],[-95.9397,75.38766],[-95.85493,75.36412],[-95.79504,75.38475],[-95.94304,75.40842],[-96.17573,75.39008],[-96.14102,75.41095],[-95.94456,75.44097],[-95.75473,75.39997],[-95.69645,75.40759],[-95.81695,75.4493],[-95.76537,75.51701],[-95.61976,75.53035],[-95.59376,75.555],[-95.37324,75.56254],[-95.33113,75.59527],[-95.23436,75.58595],[-94.91479,75.64273]]],[[[-82.32463,62.98676],[-81.90408,62.945],[-81.86711,62.91628],[-81.97032,62.80174],[-81.95768,62.71203],[-82.01653,62.67495],[-82.16396,62.6003],[-82.23833,62.59963],[-82.36267,62.55594],[-82.47852,62.44819],[-82.68061,62.37177],[-82.83449,62.27249],[-83.07635,62.18617],[-83.16193,62.17362],[-83.17268,62.20754],[-83.31194,62.25891],[-83.42802,62.2499],[-83.70673,62.14184],[-83.73419,62.28974],[-83.95892,62.44484],[-83.58167,62.6878],[-83.61051,62.74599],[-83.57168,62.82871],[-83.40379,62.90711],[-83.28384,62.93188],[-83.17883,62.90767],[-83.18277,62.87705],[-83.07097,62.84312],[-82.72592,62.94325],[-82.43174,62.93187],[-82.32463,62.98676]]],[[[-97.5085,78.80329],[-97.02434,78.74387],[-96.90038,78.70189],[-96.50113,78.67598],[-96.35295,78.62139],[-96.17939,78.63412],[-96.30383,78.53196],[-95.99407,78.48934],[-95.54711,78.51584],[-95.085,78.44095],[-94.83505,78.35321],[-95.43797,78.23532],[-95.24722,78.22004],[-94.89293,78.10568],[-95.11571,77.95041],[-95.32034,77.97133],[-95.93955,77.88891],[-96.26073,77.87152],[-96.42393,77.87109],[-96.47796,77.90753],[-96.56661,77.90677],[-96.91473,77.78897],[-97.13399,77.81504],[-97.00654,77.91527],[-97.72437,78.02174],[-97.6673,78.09219],[-97.02285,78.07458],[-96.87962,78.08353],[-96.88155,78.13569],[-97.30956,78.20846],[-97.58507,78.2003],[-97.94558,78.22322],[-97.93628,78.24636],[-97.77322,78.24388],[-97.86466,78.28854],[-98.01967,78.29933],[-98.07024,78.4077],[-98.21309,78.4162],[-98.41896,78.50865],[-98.03496,78.54627],[-98.3612,78.65664],[-98.39754,78.7715],[-98.13747,78.82059],[-97.5085,78.80329]]],[[[-106.28737,73.73403],[-105.68159,73.73647],[-105.49986,73.77212],[-105.11796,73.75652],[-104.73931,73.63636],[-104.50743,73.59692],[-104.44452,73.54845],[-104.54949,73.31278],[-104.90736,73.10627],[-104.96967,73.01207],[-105.21106,72.9403],[-105.22466,72.87223],[-105.32605,72.88354],[-105.64786,73.01539],[-106.16143,73.26731],[-106.09283,73.28695],[-106.42839,73.4037],[-106.77269,73.46448],[-106.96578,73.46431],[-107.00928,73.49072],[-106.65721,73.68416],[-106.28737,73.73403]]],[[[-79.45246,62.37137],[-79.26968,62.24665],[-79.33172,62.06434],[-79.45147,61.95265],[-79.44335,61.88568],[-79.5924,61.70262],[-79.66535,61.67338],[-79.68285,61.60851],[-79.83735,61.57285],[-79.98233,61.71701],[-80.07845,61.75318],[-80.07258,61.78014],[-80.18018,61.78462],[-80.24519,61.84267],[-80.27351,61.9456],[-80.21086,62.13833],[-79.93739,62.36761],[-79.60052,62.41367],[-79.45246,62.37137]]],[[[-81.36543,53.21859],[-81.10593,53.18324],[-80.96224,53.10386],[-80.94842,53.066],[-80.76057,52.92454],[-80.66913,52.77515],[-80.71341,52.66645],[-80.8033,52.70665],[-81.05226,52.74622],[-81.28062,52.83051],[-81.51305,52.85859],[-81.949,52.95965],[-82.04879,53.00893],[-81.88993,53.15122],[-81.81792,53.17139],[-81.36543,53.21859]]],[[[-95.41195,77.74407],[-94.71148,77.79403],[-94.02847,77.76584],[-93.84056,77.7398],[-93.67589,77.78087],[-93.54834,77.77657],[-93.24117,77.73561],[-93.08658,77.664],[-93.1411,77.64218],[-93.33612,77.64423],[-93.53473,77.45152],[-93.83589,77.45702],[-93.89473,77.43661],[-94.82247,77.48872],[-95.26062,77.46167],[-95.78099,77.4845],[-95.85117,77.46785],[-96.08906,77.5042],[-96.29744,77.60118],[-96.26511,77.69254],[-95.58014,77.80032],[-95.43841,77.80669],[-95.41195,77.74407]]],[[[-79.18695,56.55028],[-79.15783,56.52306],[-79.12242,56.52936],[-79.11558,56.47178],[-79.04516,56.4246],[-78.92477,56.42764],[-78.94116,56.33025],[-78.89275,56.29976],[-78.96563,56.26978],[-79.14465,55.99314],[-78.9901,56.23646],[-78.96251,56.35052],[-78.99352,56.36843],[-79.05543,56.34512],[-79.0984,56.19592],[-79.06757,56.1714],[-79.11772,56.16337],[-79.12085,56.22561],[-79.1598,56.23216],[-79.42282,55.90581],[-79.49991,55.85765],[-79.5437,55.8574],[-79.61666,55.90426],[-79.73936,55.7984],[-79.46426,56.10163],[-79.47673,56.12387],[-79.54852,56.11977],[-79.8581,55.83061],[-79.89251,55.89356],[-79.9795,55.89125],[-80.01176,55.92361],[-79.89313,55.99911],[-79.85678,55.99708],[-79.76212,56.12353],[-79.55719,56.24507],[-79.43681,56.5416],[-79.422,56.4382],[-79.51826,56.22234],[-79.61257,56.13819],[-79.59366,56.11786],[-79.51052,56.18143],[-79.43029,56.19312],[-79.393,56.22452],[-79.25728,56.62511],[-79.26365,56.55421],[-79.18695,56.55028]]],[[[-74.26863,68.07743],[-74.07006,68.0647],[-73.79433,67.99459],[-73.56638,68.01998],[-73.40702,67.9809],[-73.33365,67.83941],[-73.4282,67.75883],[-73.92283,67.7852],[-74.2643,67.76423],[-74.54586,67.80467],[-74.73919,67.92762],[-74.78315,68.00394],[-74.73874,68.07416],[-74.48563,68.06436],[-74.32117,68.1828],[-74.19908,68.11997],[-74.26863,68.07743]]],[[[-90.89684,77.66028],[-90.19666,77.60833],[-90.20534,77.58561],[-90.05362,77.56955],[-89.73193,77.4663],[-89.64679,77.3143],[-89.89841,77.23176],[-90.11146,77.20476],[-90.35753,77.19856],[-91.02458,77.31875],[-91.23402,77.42095],[-91.19355,77.608],[-90.89684,77.66028]]],[[[-105.39991,77.69381],[-105.00523,77.53892],[-105.01319,77.4069],[-104.71879,77.40735],[-104.51924,77.32021],[-104.43745,77.31848],[-104.4742,77.28286],[-104.34819,77.23791],[-104.39073,77.16194],[-104.74034,77.11447],[-104.97426,77.16986],[-105.22583,77.16315],[-105.27973,77.17975],[-105.76213,77.47431],[-105.64581,77.51102],[-105.82171,77.55897],[-105.8347,77.62404],[-106.11169,77.73198],[-105.96081,77.76672],[-105.71085,77.75711],[-105.39991,77.69381]]],[[[-77.81645,63.43022],[-77.7535,63.40616],[-77.6407,63.42109],[-77.61887,63.34856],[-77.49748,63.27657],[-77.55523,63.17353],[-77.92473,63.09042],[-78.0918,63.15318],[-78.51672,63.38838],[-78.52104,63.43324],[-78.15263,63.48751],[-78.14417,63.46966],[-77.77922,63.45223],[-77.81645,63.43022]]],[[[-103.96201,75.4086],[-103.74597,75.29951],[-103.75327,75.23358],[-103.66302,75.22569],[-103.58478,75.1689],[-103.84993,75.06384],[-104.42462,75.033],[-104.90991,75.12297],[-104.69031,75.27629],[-104.75087,75.28675],[-104.3744,75.43512],[-104.22265,75.44504],[-103.96201,75.4086]]],[[[-102.73931,76.32033],[-102.51546,76.22585],[-102.55721,76.16789],[-102.67411,76.11618],[-103.03652,76.0676],[-103.31304,76.04353],[-103.92668,76.03777],[-103.92816,76.06057],[-104.30505,76.0829],[-104.46415,76.12388],[-104.47562,76.16522],[-104.29615,76.22552],[-103.5068,76.27201],[-103.10794,76.31645],[-102.73931,76.32033]]],[[[-86.44779,68.24063],[-86.34411,67.95017],[-86.44243,67.78099],[-86.58798,67.7259],[-86.78735,67.77206],[-86.8944,67.84024],[-86.93735,67.90208],[-86.82036,67.9744],[-86.86326,68.03373],[-86.98654,68.07569],[-86.96565,68.11166],[-86.89499,68.11621],[-86.83911,68.21615],[-86.67286,68.30611],[-86.44779,68.24063]]],[[[-103.99331,76.66749],[-103.53002,76.56459],[-103.59331,76.53523],[-103.4996,76.51061],[-103.23114,76.50288],[-103.24038,76.47895],[-102.99613,76.45142],[-103.17351,76.36483],[-103.5468,76.31851],[-104.34374,76.32717],[-104.36339,76.3966],[-104.46388,76.3933],[-104.37481,76.46171],[-104.58204,76.51106],[-104.66586,76.60159],[-104.26144,76.67935],[-103.99331,76.66749]]],[[[-78.28031,69.37726],[-78.20961,69.29791],[-78.33792,69.21643],[-78.47135,69.22972],[-78.54212,69.09796],[-78.7157,69.01347],[-78.81165,68.9169],[-79.24068,68.83794],[-79.36589,68.86427],[-79.37965,68.93005],[-79.21074,69.09429],[-78.93582,69.11331],[-78.84567,69.15386],[-78.84849,69.20787],[-78.75185,69.26883],[-78.60292,69.2676],[-78.70965,69.30937],[-78.71896,69.34504],[-78.50859,69.39446],[-78.28031,69.37726]]],[[[-99.44109,80.10723],[-99.07189,80.13454],[-98.84545,80.08468],[-98.62543,79.7943],[-98.832,79.6701],[-98.94286,79.7238],[-99.3468,79.76382],[-99.27558,79.83976],[-99.50111,79.88992],[-100.02011,79.87666],[-100.14777,79.89327],[-100.15334,80.03111],[-100.02143,80.09754],[-99.78839,80.14872],[-99.6269,80.15432],[-99.44109,80.10723]]],[[[-64.76279,61.62164],[-64.62231,61.59232],[-64.71347,61.5265],[-64.65274,61.50936],[-64.70986,61.46261],[-64.70364,61.42022],[-64.80934,61.38244],[-64.7772,61.35754],[-64.82753,61.31152],[-64.96866,61.3512],[-64.93432,61.39191],[-65.08107,61.4228],[-65.17525,61.49933],[-65.44928,61.57634],[-65.47031,61.62033],[-65.38526,61.66055],[-65.01302,61.69496],[-64.7874,61.6533],[-64.70478,61.65859],[-64.76279,61.62164]]],[[[-84.43979,66.14153],[-84.08969,66.08349],[-84.06554,66.05811],[-83.97811,66.07017],[-83.95143,66.02221],[-83.67351,65.93368],[-83.68435,65.84073],[-83.75616,65.82766],[-83.60039,65.75298],[-83.47103,65.72313],[-83.19392,65.71813],[-83.27204,65.62746],[-83.3373,65.61597],[-83.53769,65.65852],[-83.69548,65.64592],[-83.8271,65.66412],[-83.76703,65.72219],[-83.66791,65.75084],[-83.8011,65.75293],[-83.77805,65.78654],[-83.9723,65.72882],[-84.04206,65.74077],[-84.09719,65.77682],[-84.09808,65.90216],[-84.17512,65.92565],[-84.14915,65.97027],[-84.37726,66.00005],[-84.4624,66.06712],[-84.43979,66.14153]]],[[[-97.6451,74.04252],[-98.16239,73.87796],[-98.63372,73.83979],[-98.74735,73.87775],[-98.71557,73.82533],[-98.77624,73.81427],[-98.85331,73.85448],[-99.21255,73.85061],[-99.38896,73.87777],[-99.43438,73.91313],[-99.07979,73.95959],[-98.77474,74.03676],[-98.43284,74.04752],[-98.01373,74.11161],[-97.70715,74.12317],[-97.61748,74.07699],[-97.6451,74.04252]]],[[[-79.4825,69.81139],[-79.32814,69.70897],[-79.63883,69.61259],[-79.92209,69.6101],[-80.03902,69.65394],[-80.07596,69.63541],[-79.91074,69.52365],[-80.00429,69.49631],[-80.22822,69.54189],[-80.1995,69.62902],[-80.2878,69.56644],[-80.33705,69.56902],[-80.359,69.62722],[-80.44621,69.6644],[-80.74646,69.66962],[-80.81453,69.70125],[-80.64196,69.75379],[-80.45238,69.72143],[-80.48118,69.79328],[-80.3484,69.80603],[-80.31541,69.77963],[-80.22644,69.80631],[-80.10845,69.74755],[-79.93309,69.73811],[-79.67453,69.8182],[-79.54954,69.79448],[-79.4825,69.81139]]],[[[-67.99431,60.5777],[-67.84067,60.4909],[-67.82466,60.45644],[-67.96047,60.29951],[-68.06101,60.29738],[-68.18728,60.23561],[-68.37256,60.19834],[-68.43574,60.26594],[-68.23794,60.58336],[-68.11315,60.59595],[-67.99431,60.5777]]],[[[-70.78214,62.84172],[-70.36043,62.72704],[-70.168,62.57668],[-70.36207,62.52302],[-70.72055,62.55659],[-70.72458,62.59447],[-70.79902,62.61636],[-70.78044,62.65925],[-70.85025,62.74522],[-70.76139,62.74694],[-70.75384,62.76466],[-71.19989,62.86324],[-71.21362,62.88947],[-70.81396,62.83113],[-70.78214,62.84172]]],[[[-76.93693,63.63151],[-76.81146,63.61551],[-76.60347,63.5058],[-76.6756,63.45972],[-76.60166,63.46537],[-76.59699,63.43954],[-76.70804,63.36333],[-77.02642,63.41805],[-77.2158,63.53515],[-77.38166,63.5785],[-77.42901,63.62758],[-77.41378,63.65679],[-77.30626,63.68536],[-77.25962,63.66596],[-77.1984,63.68585],[-77.02738,63.67527],[-76.93693,63.63151]]],[[[-84.94408,66.02426],[-84.70022,65.83312],[-84.61267,65.69501],[-84.56495,65.68728],[-84.55323,65.62046],[-84.7249,65.54183],[-84.82621,65.5935],[-84.8773,65.67494],[-85.09161,65.74129],[-85.13083,65.80687],[-85.11975,66.02357],[-84.94408,66.02426]]],[[[-76.67952,69.32347],[-76.92036,69.2213],[-76.88604,69.18455],[-76.93621,69.15265],[-77.08866,69.13264],[-77.27567,69.15517],[-77.3688,69.25824],[-77.35112,69.40276],[-77.18486,69.44724],[-77.07895,69.45006],[-76.95549,69.40567],[-76.71374,69.41948],[-76.63544,69.39545],[-76.67952,69.32347]]],[[[-101.75111,77.90941],[-101.26126,77.85555],[-100.89985,77.73593],[-101.1101,77.71847],[-101.49333,77.73054],[-101.82297,77.6757],[-102.07749,77.68833],[-102.51966,77.79921],[-102.50189,77.8547],[-102.44693,77.88058],[-101.75111,77.90941]]],[[[-75.18047,68.69141],[-74.99933,68.67679],[-74.94737,68.58118],[-74.76527,68.49262],[-74.77596,68.4621],[-74.90009,68.45283],[-74.88332,68.42131],[-74.74998,68.41376],[-74.84084,68.38782],[-74.80252,68.37391],[-74.87102,68.34305],[-75.23081,68.4435],[-75.41219,68.53231],[-75.39888,68.613],[-75.2611,68.73119],[-75.18047,68.69141]]],[[[-89.70638,76.74299],[-89.6917,76.69766],[-89.82584,76.6707],[-89.87847,76.61258],[-89.83606,76.5491],[-89.67476,76.5088],[-89.83516,76.48717],[-89.9144,76.52062],[-89.96375,76.47085],[-90.20954,76.52472],[-90.60129,76.74564],[-90.48176,76.80194],[-90.00001,76.84265],[-89.70638,76.74299]]],[[[-101.97132,75.95206],[-102.43974,75.87378],[-102.55494,75.78003],[-102.81438,75.77858],[-102.88459,75.74952],[-103.34389,75.75469],[-103.07137,75.89987],[-102.88814,75.92797],[-102.1394,75.99969],[-101.97132,75.95206]]],[[[-71.75987,71.04772],[-71.37419,71.01631],[-71.42843,70.91957],[-71.57509,70.91341],[-71.98206,70.82078],[-72.13462,70.817],[-72.24641,70.92451],[-72.10376,70.92962],[-71.98133,71.05878],[-71.88544,71.07283],[-71.88011,71.04684],[-71.9464,71.03739],[-71.75987,71.04772]]],[[[-95.57724,69.61128],[-95.32492,69.51605],[-95.36896,69.40549],[-95.55465,69.32221],[-95.65818,69.34343],[-95.66784,69.39556],[-95.60768,69.40966],[-95.66049,69.56144],[-95.77858,69.58617],[-95.81711,69.57328],[-95.71526,69.47354],[-95.85308,69.37626],[-95.93377,69.36073],[-95.89883,69.42827],[-95.95965,69.50331],[-95.87317,69.60769],[-95.77188,69.63728],[-95.6677,69.60762],[-95.57724,69.61128]]],[[[-77.93889,69.64615],[-78.07006,69.58573],[-78.23889,69.5702],[-78.49381,69.4932],[-78.63555,69.52178],[-78.84352,69.4673],[-78.85521,69.5043],[-78.53236,69.64562],[-78.37645,69.65849],[-78.39116,69.69357],[-78.29568,69.69109],[-78.26221,69.66154],[-78.21243,69.67813],[-78.24359,69.70725],[-78.1738,69.75878],[-77.97769,69.70296],[-77.93889,69.64615]]],[[[-102.3075,76.07463],[-102.26657,76.03172],[-102.33865,76.01453],[-103.36659,75.90739],[-103.85022,75.90019],[-103.90588,75.94789],[-103.12384,76.04255],[-102.46977,76.09715],[-102.3075,76.07463]]],[[[-100.28418,69.00877],[-100.2357,68.9434],[-100.13325,68.92048],[-100.13077,68.87498],[-100.15746,68.82039],[-100.34529,68.71419],[-100.46379,68.77554],[-100.60742,68.78187],[-100.54796,68.9481],[-100.59423,68.99897],[-100.47604,69.05086],[-100.28418,69.00877]]],[[[-95.9931,75.61083],[-95.90563,75.57424],[-96.11872,75.46219],[-96.24022,75.46819],[-96.24652,75.49476],[-96.41737,75.52758],[-96.51866,75.52216],[-96.47589,75.47079],[-96.54367,75.43397],[-96.68009,75.42024],[-96.62805,75.39279],[-96.84788,75.38039],[-96.9882,75.43994],[-97.00207,75.50766],[-96.71133,75.56068],[-96.36638,75.58941],[-96.40065,75.64241],[-96.30986,75.65812],[-96.10764,75.60748],[-95.9931,75.61083]]],[[[-101.71848,68.77956],[-101.6758,68.66879],[-101.81675,68.59199],[-101.91946,68.5884],[-101.95256,68.62357],[-102.06748,68.61206],[-102.33502,68.69593],[-102.03628,68.77148],[-101.98824,68.82732],[-101.71848,68.77956]]],[[[-64.42885,62.4869],[-64.35351,62.46176],[-64.38621,62.43784],[-64.46928,62.4305],[-64.54305,62.36449],[-64.60486,62.36133],[-64.91402,62.41962],[-64.93961,62.46908],[-64.82295,62.50529],[-64.77749,62.56172],[-64.66132,62.5349],[-64.47822,62.54794],[-64.43756,62.5057],[-64.37403,62.53078],[-64.42885,62.4869]]],[[[-96.71262,73.13902],[-96.56388,73.08677],[-96.58936,72.9824],[-96.67437,72.93914],[-96.9615,72.93206],[-97.08114,72.99179],[-97.12392,73.09139],[-97.04024,73.14959],[-96.86801,73.1905],[-96.69784,73.16355],[-96.71262,73.13902]]],[[[-86.98483,70.11592],[-86.78207,70.08943],[-86.66001,70.12531],[-86.59207,70.11788],[-86.47886,69.99197],[-86.74966,69.97354],[-86.99082,70.02032],[-87.06137,69.9953],[-87.13347,70.00267],[-87.36275,70.09707],[-87.08342,70.1264],[-87.12012,70.1457],[-87.06958,70.15698],[-86.98483,70.11592]]],[[[-109.54324,78.59594],[-109.24173,78.49163],[-109.41808,78.31268],[-109.83121,78.30226],[-109.99182,78.32856],[-110.35514,78.27638],[-110.66251,78.29553],[-111.12372,78.38814],[-111.27218,78.38193],[-111.21991,78.32469],[-111.42523,78.32745],[-111.44838,78.26981],[-111.78406,78.27718],[-111.86134,78.33431],[-112.11563,78.37006],[-112.62161,78.34504],[-112.87942,78.2911],[-113.18922,78.27279],[-113.32272,78.33755],[-113.22416,78.35322],[-113.20745,78.41015],[-112.2989,78.54773],[-111.70952,78.55601],[-111.41186,78.59968],[-111.17255,78.69496],[-110.81767,78.72091],[-110.74248,78.75519],[-110.37925,78.75755],[-110.33169,78.72864],[-110.21431,78.73535],[-109.85133,78.67125],[-109.6842,78.59897],[-109.54324,78.59594]]],[[[-104.598,68.56909],[-104.41324,68.49705],[-104.42945,68.42444],[-104.55669,68.39722],[-104.92157,68.46248],[-105.04448,68.55241],[-105.04081,68.57204],[-104.91073,68.59391],[-104.598,68.56909]]],[[[-78.79625,76.08898],[-79.17787,75.94926],[-78.87132,75.85462],[-78.93454,75.83855],[-79.32127,75.87432],[-79.40242,75.8462],[-79.36305,75.82426],[-79.58382,75.82637],[-79.5815,75.86981],[-79.73496,75.86448],[-79.75095,75.88314],[-79.57769,75.90777],[-79.57997,75.94166],[-79.14613,76.06744],[-79.10899,76.1191],[-78.88483,76.11354],[-78.79625,76.08898]]],[[[-78.65177,56.4124],[-78.67044,56.1705],[-78.77663,56.16791],[-78.9307,56.10467],[-78.89471,56.19279],[-78.81845,56.25717],[-78.85315,56.26833],[-78.82476,56.3577],[-78.74392,56.42831],[-78.68276,56.43774],[-78.65177,56.4124]]],[[[-100.27514,76.73337],[-101.35113,76.55758],[-101.68282,76.58687],[-101.51936,76.62969],[-101.17592,76.66149],[-100.99673,76.72603],[-100.74917,76.75942],[-100.47325,76.76083],[-100.27514,76.73337]]],[[[-85.25536,79.05588],[-85.17017,79.00518],[-85.71038,78.93878],[-86.30341,78.89169],[-86.43531,78.91227],[-86.29318,79.00796],[-85.7708,79.07291],[-85.25536,79.05588]]],[[[-79.61662,56.35627],[-79.72083,56.28484],[-79.97394,56.19099],[-80.04861,56.17014],[-80.10879,56.20056],[-79.98057,56.32551],[-79.86964,56.31389],[-79.87288,56.36339],[-79.83352,56.37135],[-79.72677,56.34905],[-79.66547,56.36526],[-79.56703,56.50107],[-79.52723,56.50971],[-79.61662,56.35627]]],[[[-79.24889,52.05937],[-79.32999,52.02275],[-79.31561,51.97151],[-79.37377,51.92651],[-79.56697,51.92586],[-79.62482,51.9041],[-79.64164,52.00039],[-79.51921,52.02345],[-79.33991,52.09738],[-79.24889,52.05937]]],[[[-96.60414,69.5654],[-96.37923,69.58053],[-96.29189,69.52893],[-96.17864,69.56868],[-96.08646,69.54434],[-96.0513,69.4945],[-96.12169,69.43914],[-96.12833,69.3533],[-96.57266,69.50214],[-96.6635,69.59227],[-96.60414,69.5654]]],[[[-94.50557,75.98942],[-94.29318,75.75877],[-94.65834,75.74932],[-94.81119,75.79803],[-94.8317,75.95142],[-94.66023,75.95511],[-94.50557,75.98942]]],[[[-65.0459,61.91878],[-64.84075,61.81028],[-64.79618,61.74175],[-64.86696,61.72023],[-64.92345,61.71395],[-65.0563,61.77552],[-65.1279,61.77956],[-65.23759,61.87267],[-65.18065,61.93539],[-65.0459,61.91878]]],[[[-73.17601,71.42355],[-72.98968,71.52522],[-72.94584,71.5188],[-72.8322,71.4349],[-72.99085,71.42609],[-73.04283,71.40094],[-72.97462,71.31573],[-73.07096,71.30172],[-73.10023,71.33597],[-73.26541,71.36406],[-73.25447,71.4087],[-73.36695,71.48841],[-73.37053,71.52266],[-73.13492,71.56772],[-73.06803,71.53818],[-73.17601,71.42355]]],[[[-64.35471,63.67277],[-64.3276,63.58049],[-64.20424,63.41578],[-64.06981,63.33227],[-64.06991,63.28174],[-64.13509,63.31983],[-64.2406,63.32599],[-64.34972,63.40256],[-64.37632,63.51931],[-64.48061,63.61064],[-64.46063,63.64345],[-64.35471,63.67277]]],[[[-64.53125,63.84865],[-64.59677,63.78318],[-64.42815,63.78367],[-64.37394,63.73706],[-64.40836,63.67403],[-64.47526,63.67278],[-64.50311,63.72108],[-64.65651,63.7775],[-64.74708,63.75659],[-64.81652,63.78561],[-64.8744,63.78067],[-64.91135,63.81513],[-64.88847,63.84287],[-64.7141,63.87459],[-64.61975,63.91737],[-64.62187,63.87957],[-64.53366,63.90187],[-64.58358,63.84428],[-64.53125,63.84865]]],[[[-65.29308,64.6813],[-65.21183,64.66177],[-65.22711,64.63142],[-65.28712,64.59663],[-65.42936,64.58569],[-65.33585,64.56827],[-65.4359,64.51714],[-65.67566,64.5173],[-65.62531,64.59075],[-65.50849,64.63096],[-65.48369,64.67184],[-65.43661,64.66502],[-65.3964,64.72257],[-65.23145,64.7059],[-65.29308,64.6813]]],[[[-78.80787,68.27845],[-78.99187,68.18921],[-79.07628,68.17763],[-79.19211,68.23997],[-79.15118,68.36076],[-78.9244,68.3556],[-78.80787,68.27845]]],[[[-78.85005,68.67185],[-78.46205,68.62249],[-78.47386,68.57161],[-78.66707,68.55207],[-78.7148,68.521],[-78.61798,68.5148],[-78.62612,68.4993],[-78.80207,68.44382],[-78.88121,68.46068],[-78.93768,68.50822],[-78.83433,68.55658],[-78.70649,68.56133],[-78.67465,68.59791],[-78.85845,68.64328],[-78.85005,68.67185]]],[[[-74.38091,62.68257],[-73.98213,62.66573],[-73.97174,62.59877],[-74.18354,62.60131],[-74.54783,62.67219],[-74.63132,62.70788],[-74.47506,62.73827],[-74.38091,62.68257]]],[[[-64.53398,60.34106],[-64.51675,60.31011],[-64.76832,60.37918],[-64.8504,60.42511],[-64.85403,60.46557],[-64.79571,60.49214],[-64.7065,60.46936],[-64.66268,60.49004],[-64.62328,60.48067],[-64.55841,60.43209],[-64.42493,60.39321],[-64.53398,60.34106]]],[[[-100.5537,70.66513],[-100.47923,70.67982],[-100.20687,70.60243],[-100.16117,70.56964],[-100.30854,70.59947],[-100.36356,70.57045],[-100.26015,70.5529],[-100.32044,70.53637],[-100.24236,70.50032],[-100.35998,70.49064],[-100.65216,70.56639],[-100.66408,70.70619],[-100.5537,70.66513]]],[[[-67.73492,69.64117],[-67.84755,69.61195],[-67.92812,69.52657],[-68.31389,69.58927],[-68.09666,69.66771],[-67.89215,69.66655],[-67.97306,69.70324],[-67.89434,69.7111],[-67.73492,69.64117]]],[[[-95.40375,74.61913],[-95.22648,74.5192],[-95.33394,74.49851],[-95.47495,74.50205],[-95.83625,74.57801],[-95.68618,74.64643],[-95.40375,74.61913]]],[[[-77.56573,64.00191],[-77.70697,63.92122],[-77.92422,63.94377],[-77.96411,63.97131],[-77.92558,64.02391],[-77.74094,64.04025],[-77.57185,64.03687],[-77.60684,64.01519],[-77.56573,64.00191]]],[[[-90.13781,69.38141],[-90.30298,69.25767],[-90.40168,69.27772],[-90.51333,69.34584],[-90.50714,69.37464],[-90.27009,69.43649],[-90.13781,69.38141]]],[[[-101.10665,69.55517],[-100.94933,69.48172],[-100.95926,69.45803],[-101.07244,69.44929],[-101.05514,69.4262],[-101.14373,69.40587],[-101.21865,69.40919],[-101.25118,69.44357],[-101.18548,69.4418],[-101.18985,69.49096],[-101.36436,69.54236],[-101.34047,69.5819],[-101.24566,69.5904],[-101.20627,69.55056],[-101.10665,69.55517]]],[[[-79.90266,53.35819],[-79.95507,53.32194],[-79.93675,53.25732],[-80.01393,53.22548],[-80.0586,53.2326],[-80.09822,53.34617],[-80.07255,53.37004],[-80.00096,53.39036],[-79.90266,53.35819]]],[[[-79.04632,54.93725],[-79.38343,54.84032],[-79.62762,54.81365],[-79.74128,54.77206],[-79.68265,54.83076],[-79.59066,54.85587],[-79.04632,54.93725]]],[[[-100.00906,69.1063],[-99.96397,68.96227],[-100.00001,68.94675],[-100.18725,68.97797],[-100.23546,69.04778],[-100.12636,69.15857],[-100.00906,69.1063]]],[[[-74.2966,68.46727],[-74.06916,68.34704],[-74.14217,68.2668],[-74.2023,68.25825],[-74.27762,68.30466],[-74.20774,68.32591],[-74.37142,68.38502],[-74.37338,68.46841],[-74.2966,68.46727]]],[[[-97.26768,74.60734],[-97.37256,74.51327],[-97.66461,74.46459],[-97.77083,74.4877],[-97.43813,74.63038],[-97.26768,74.60734]]],[[[-62.37341,67.16331],[-62.60852,67.08598],[-62.63636,67.04652],[-62.74372,67.0354],[-62.76602,66.99764],[-62.83768,67.02655],[-62.77583,67.09506],[-62.68936,67.10863],[-62.59946,67.17744],[-62.40365,67.19364],[-62.37341,67.16331]]],[[[-90.63745,69.37915],[-90.44401,69.28546],[-90.45183,69.22234],[-90.55708,69.19969],[-90.68435,69.23033],[-90.78044,69.34106],[-90.63745,69.37915]]],[[[-90.90942,77.2524],[-90.70714,77.18495],[-90.89339,77.13534],[-91.29298,77.20516],[-91.12389,77.25356],[-90.90942,77.2524]]],[[[-96.69839,72.83244],[-96.60225,72.78742],[-96.705,72.73196],[-96.9626,72.74999],[-96.87836,72.85459],[-96.69147,72.90363],[-96.69839,72.83244]]],[[[-95.09491,80.69678],[-94.93244,80.63232],[-95.14657,80.61092],[-95.6152,80.65529],[-96.05509,80.66431],[-95.89654,80.69505],[-95.09491,80.69678]]],[[[-72.66921,71.59467],[-72.77908,71.53291],[-73.02711,71.58226],[-72.93204,71.64948],[-72.74415,71.66182],[-72.66921,71.59467]]],[[[-62.28736,65.73405],[-62.13241,65.65909],[-62.20616,65.61804],[-62.44152,65.65113],[-62.47683,65.71976],[-62.28736,65.73405]]],[[[-63.77154,67.55203],[-63.75148,67.49823],[-64.0,67.48631],[-64.04454,67.54453],[-63.95463,67.63827],[-63.77154,67.55203]]],[[[-78.29061,60.78356],[-78.39138,60.74514],[-78.65873,60.70691],[-78.60358,60.77477],[-78.25454,60.81911],[-78.29061,60.78356]]],[[[-84.98616,77.57763],[-84.8075,77.50011],[-85.01539,77.46115],[-85.16488,77.46027],[-85.22078,77.52612],[-85.52395,77.54631],[-85.3436,77.58762],[-85.15243,77.58596],[-84.98616,77.57763]]],[[[-102.79596,78.25397],[-102.78341,78.20805],[-103.07189,78.12584],[-103.25775,78.13031],[-103.28755,78.18117],[-102.98878,78.27555],[-102.79596,78.25397]]],[[[-83.25077,66.35998],[-83.11939,66.2827],[-83.05877,66.28798],[-83.03224,66.2521],[-82.91425,66.27287],[-82.98591,66.20112],[-83.06903,66.20207],[-83.14837,66.24435],[-83.27094,66.25892],[-83.25077,66.35998]]],[[[-107.96138,67.65912],[-107.9023,67.54886],[-108.03323,67.53275],[-108.0089,67.49361],[-108.08251,67.47794],[-108.12757,67.53206],[-108.1027,67.66769],[-107.96138,67.65912]]],[[[-74.66261,68.6121],[-74.50934,68.57002],[-74.82213,68.56862],[-74.88495,68.61392],[-74.75566,68.6803],[-74.63881,68.65863],[-74.66261,68.6121]]],[[[-66.26151,68.17148],[-66.3568,68.151],[-66.6595,68.18311],[-66.66217,68.21017],[-66.51758,68.19988],[-66.51628,68.23039],[-66.20385,68.26583],[-66.26151,68.17148]]],[[[-63.44613,67.26775],[-63.72788,67.27563],[-63.81689,67.28865],[-63.69819,67.35169],[-63.58277,67.35378],[-63.54319,67.31109],[-63.48539,67.3459],[-63.36692,67.30008],[-63.44613,67.26775]]],[[[-89.82328,68.79692],[-89.78308,68.75683],[-89.89202,68.67501],[-90.02601,68.74891],[-89.9292,68.85545],[-89.91398,68.80965],[-89.82328,68.79692]]],[[[-81.46365,69.39964],[-81.46734,69.34553],[-81.63474,69.34008],[-81.74983,69.39734],[-81.76945,69.34783],[-81.86321,69.3429],[-81.88831,69.42509],[-81.56411,69.40026],[-81.51959,69.42785],[-81.46365,69.39964]]],[[[-64.88112,63.53303],[-64.8362,63.38306],[-64.92713,63.41789],[-64.96749,63.48761],[-65.0488,63.52994],[-65.00268,63.56016],[-64.88112,63.53303]]],[[[-110.69433,68.5326],[-110.67409,68.49136],[-110.94062,68.46791],[-111.06464,68.49786],[-110.81315,68.56042],[-110.69433,68.5326]]],[[[-107.60133,73.61718],[-107.56929,73.57975],[-107.87244,73.54209],[-107.97475,73.54871],[-108.00659,73.61423],[-107.60133,73.61718]]],[[[-109.55481,78.07932],[-109.66463,77.96699],[-109.83113,77.93842],[-110.17586,77.90098],[-110.90667,77.86652],[-110.65838,77.77089],[-110.29588,77.78904],[-110.04849,77.77292],[-110.05612,77.62185],[-110.14566,77.60183],[-110.05916,77.56551],[-110.4991,77.4595],[-110.79052,77.44287],[-110.91084,77.40741],[-111.328,77.431],[-111.51099,77.38392],[-112.15751,77.33704],[-112.47313,77.37587],[-112.60008,77.46736],[-112.71993,77.45059],[-112.91854,77.46764],[-112.95578,77.52428],[-113.17597,77.52375],[-113.16714,77.74454],[-113.30876,77.7827],[-113.21865,77.914],[-113.07141,77.92483],[-113.04047,77.89988],[-112.50989,77.99494],[-111.94268,78.02089],[-111.81419,78.05578],[-111.73986,78.03372],[-111.24402,78.09385],[-111.02255,78.10097],[-110.77793,78.06879],[-110.72277,78.1067],[-109.99143,78.11789],[-109.55481,78.07932]]],[[[-68.40908,68.81385],[-67.67746,68.70855],[-67.87711,68.70452],[-68.22543,68.77145],[-68.43439,68.78577],[-68.40908,68.81385]]],[[[-64.95374,64.28582],[-64.88022,64.26764],[-64.98247,64.19263],[-65.0843,64.29769],[-65.05728,64.3472],[-64.96838,64.3427],[-64.95374,64.28582]]],[[[-92.98526,61.85367],[-93.05541,61.82421],[-93.11696,61.83627],[-93.14735,61.87599],[-93.24757,61.87083],[-93.2701,61.90098],[-93.07061,61.93058],[-92.98526,61.85367]]],[[[-79.93012,59.83863],[-80.0736,59.76216],[-80.12059,59.76832],[-80.14903,59.80673],[-80.04311,59.87183],[-79.96914,59.8694],[-79.93012,59.83863]]],[[[-107.60761,67.22163],[-107.4108,67.12856],[-107.31421,67.11967],[-107.30202,67.09286],[-107.4923,67.08169],[-107.63457,67.19641],[-107.60761,67.22163]]],[[[-74.12033,78.72596],[-74.30248,78.67409],[-74.60342,78.70239],[-74.71163,78.73794],[-74.6674,78.77302],[-74.12033,78.72596]]],[[[-82.5427,69.79261],[-82.45333,69.72277],[-82.88538,69.78857],[-82.80985,69.81452],[-82.5427,69.79261]]],[[[-88.04847,78.43842],[-88.33289,78.23834],[-88.41183,78.28958],[-88.24826,78.43223],[-88.13282,78.44447],[-88.04847,78.43842]]],[[[-108.91665,67.97742],[-108.84409,67.90743],[-108.90644,67.86911],[-109.16025,67.95712],[-109.17698,67.98832],[-108.91665,67.97742]]],[[[-66.78122,66.37507],[-66.58154,66.32853],[-66.57644,66.29548],[-66.79164,66.31741],[-66.80368,66.3559],[-66.95633,66.39444],[-66.92809,66.4179],[-66.78122,66.37507]]],[[[-103.96084,77.14573],[-104.13467,77.08883],[-104.40034,77.09132],[-104.30757,77.1586],[-104.04598,77.1716],[-103.96084,77.14573]]],[[[-100.13437,75.59332],[-100.87794,75.54831],[-100.98823,75.56879],[-100.32446,75.62982],[-100.20528,75.62848],[-100.13437,75.59332]]],[[[-83.62011,69.76781],[-83.72677,69.76203],[-83.64441,69.71874],[-83.80207,69.74471],[-83.8781,69.76714],[-83.8786,69.81764],[-83.59101,69.80407],[-83.62011,69.76781]]],[[[-101.52669,69.22825],[-101.46331,69.16563],[-101.55676,69.09733],[-101.64168,69.11372],[-101.58913,69.14449],[-101.71925,69.17279],[-101.66193,69.2199],[-101.52669,69.22825]]],[[[-79.82059,56.95711],[-79.73996,56.80604],[-79.7823,56.78917],[-79.82594,56.89053],[-79.90193,56.87356],[-79.91746,56.91231],[-79.82059,56.95711]]],[[[-67.34977,69.55098],[-67.48989,69.53823],[-67.49886,69.50985],[-67.75741,69.53214],[-67.51612,69.59337],[-67.39016,69.58382],[-67.34977,69.55098]]],[[[-64.79853,62.57733],[-64.96521,62.52688],[-65.12629,62.55577],[-64.8818,62.60709],[-64.79853,62.57733]]],[[[-78.74293,72.36767],[-78.93676,72.34122],[-79.04973,72.36138],[-79.06574,72.42816],[-78.9696,72.44228],[-78.74293,72.36767]]],[[[-79.8167,53.11547],[-79.77697,53.09725],[-79.89115,53.0692],[-79.91759,53.08872],[-79.91635,53.1444],[-79.87227,53.17603],[-79.81071,53.16904],[-79.8167,53.11547]]],[[[-107.91448,67.50128],[-107.91337,67.36993],[-108.00128,67.36082],[-108.03809,67.43166],[-107.91448,67.50128]]],[[[-79.8297,56.84463],[-79.90276,56.74306],[-79.93258,56.74267],[-79.96885,56.83383],[-79.86912,56.87397],[-79.8297,56.84463]]],[[[-108.26251,67.54551],[-108.28439,67.48421],[-108.36575,67.46117],[-108.48048,67.52592],[-108.47959,67.5746],[-108.26251,67.54551]]],[[[-79.50137,56.75195],[-79.50656,56.64474],[-79.59374,56.64312],[-79.55681,56.68292],[-79.57917,56.79019],[-79.50137,56.75195]]],[[[-78.98038,56.0],[-79.04778,55.86591],[-79.13287,55.78623],[-79.00194,56.05202],[-78.9573,56.08222],[-78.91233,56.016],[-78.98038,56.0]]],[[[-94.30626,78.20676],[-94.39608,78.16228],[-94.68018,78.27343],[-94.543,78.28386],[-94.30626,78.20676]]],[[[-77.58792,77.81543],[-77.84129,77.77209],[-77.99702,77.82269],[-77.86122,77.85156],[-77.64677,77.85793],[-77.55529,77.84561],[-77.58792,77.81543]]],[[[-95.24923,71.83704],[-95.27659,71.74212],[-95.42773,71.7382],[-95.46289,71.75262],[-95.37912,71.78977],[-95.41778,71.8389],[-95.34423,71.85411],[-95.24923,71.83704]]],[[[-107.67966,68.07675],[-107.7203,68.05375],[-107.67689,68.03428],[-107.87767,67.99002],[-107.82934,68.1109],[-107.67966,68.07675]]],[[[-79.42481,72.37588],[-79.53764,72.3476],[-79.60191,72.37896],[-79.66769,72.43315],[-79.5727,72.46331],[-79.42481,72.37588]]],[[[-89.9548,73.99807],[-90.24109,74.01803],[-90.22025,74.05166],[-89.97212,74.06849],[-89.89289,74.04487],[-89.9548,73.99807]]],[[[-108.05584,67.88849],[-108.13859,67.87578],[-108.22196,67.92492],[-108.0942,67.98186],[-108.02306,67.96466],[-108.05584,67.88849]]],[[[-95.19466,77.20639],[-95.25683,77.16664],[-95.34109,77.1668],[-95.55461,77.21522],[-95.55366,77.25164],[-95.38032,77.24669],[-95.19466,77.20639]]],[[[-83.28602,65.85001],[-83.41679,65.80658],[-83.51013,65.8104],[-83.55472,65.84817],[-83.3317,65.86369],[-83.28602,65.85001]]],[[[-111.48701,68.32661],[-111.46094,68.30549],[-111.56538,68.2971],[-111.60094,68.24582],[-111.69633,68.22396],[-111.76722,68.27473],[-111.48701,68.32661]]],[[[-64.20974,63.76685],[-64.34492,63.82038],[-64.37447,63.85099],[-64.15818,63.85657],[-64.20974,63.76685]]],[[[-103.42434,75.88814],[-103.33492,75.87252],[-103.37693,75.85775],[-103.58731,75.83675],[-103.84121,75.85848],[-103.84932,75.87913],[-103.42434,75.88814]]],[[[-74.0798,83.0622],[-74.63957,83.08753],[-74.51591,83.1212],[-74.3612,83.11357],[-74.15267,83.13505],[-73.87817,83.11458],[-73.80959,83.09884],[-74.0798,83.0622]]],[[[-73.24559,71.65815],[-73.31626,71.56962],[-73.38688,71.55591],[-73.39744,71.62653],[-73.23574,71.69737],[-73.15908,71.69613],[-73.14009,71.68],[-73.24559,71.65815]]],[[[-79.55659,56.28938],[-79.62872,56.26851],[-79.55253,56.39766],[-79.48209,56.43791],[-79.55659,56.28938]]],[[[-99.3958,76.70678],[-99.58129,76.67142],[-99.64855,76.69973],[-99.84248,76.71345],[-99.69362,76.75466],[-99.3958,76.70678]]],[[[-109.30298,68.05294],[-109.28724,67.99409],[-109.35164,67.98812],[-109.4886,68.04268],[-109.43714,68.06644],[-109.47571,68.10192],[-109.30298,68.05294]]],[[[-77.84685,62.54649],[-78.10047,62.55625],[-78.10477,62.58125],[-77.87054,62.58856],[-77.84685,62.54649]]],[[[-94.82545,76.12439],[-94.89679,76.05295],[-95.02142,76.04937],[-95.06686,76.10624],[-94.82545,76.12439]]],[[[-73.69225,64.27593],[-73.75828,64.29284],[-73.81804,64.35456],[-73.76843,64.3968],[-73.73023,64.39815],[-73.69225,64.27593]]],[[[-85.8529,72.24552],[-85.91391,72.22608],[-86.12536,72.28927],[-85.87398,72.30134],[-85.8529,72.24552]]],[[[-104.79257,68.3166],[-104.96364,68.26062],[-105.02939,68.31661],[-104.86423,68.33839],[-104.86089,68.35646],[-104.79257,68.3166]]],[[[-82.66613,69.88628],[-82.44604,69.83118],[-82.42795,69.79172],[-82.56003,69.80802],[-82.69017,69.86142],[-82.66613,69.88628]]],[[[-62.93981,66.99477],[-63.04127,67.00907],[-63.106,67.07227],[-62.95981,67.06091],[-62.93981,66.99477]]],[[[-62.15069,66.20814],[-62.39529,66.20857],[-62.42042,66.22767],[-62.26802,66.26758],[-62.15069,66.20814]]],[[[-80.17382,59.6943],[-80.25505,59.64609],[-80.33033,59.63306],[-80.21499,59.74105],[-80.17382,59.6943]]],[[[-64.1391,63.59843],[-64.07211,63.58112],[-64.04806,63.54053],[-64.09539,63.51702],[-64.19001,63.59218],[-64.1568,63.63866],[-64.1391,63.59843]]],[[[-74.28185,64.44812],[-74.18992,64.45605],[-74.18287,64.43939],[-74.24487,64.41613],[-74.42657,64.44649],[-74.34649,64.4586],[-74.33646,64.50149],[-74.27757,64.49687],[-74.28185,64.44812]]],[[[-65.02288,64.18728],[-65.07871,64.14456],[-65.15027,64.1585],[-65.20463,64.22672],[-65.02288,64.18728]]],[[[-91.58691,69.76732],[-91.73716,69.78909],[-91.5556,69.83492],[-91.44872,69.77989],[-91.58691,69.76732]]],[[[-101.65489,78.15486],[-101.84624,78.16999],[-101.69612,78.24724],[-101.55922,78.17984],[-101.65489,78.15486]]],[[[-79.73737,57.50923],[-79.80778,57.52858],[-79.7472,57.61224],[-79.7102,57.53557],[-79.73737,57.50923]]],[[[-64.01524,63.6892],[-64.09644,63.70127],[-64.16203,63.67655],[-64.21228,63.71967],[-64.05909,63.7565],[-64.01524,63.6892]]],[[[-74.90877,72.20941],[-74.75538,72.23364],[-74.6769,72.22548],[-74.82098,72.16423],[-74.94682,72.17484],[-74.90877,72.20941]]],[[[-64.80789,64.3752],[-64.77329,64.33176],[-64.84623,64.29229],[-64.94748,64.38684],[-64.90736,64.40584],[-64.88258,64.36644],[-64.80789,64.3752]]],[[[-91.33947,63.57452],[-91.44689,63.54544],[-91.51844,63.60995],[-91.40723,63.59911],[-91.33947,63.57452]]],[[[-67.47254,65.69374],[-67.60426,65.70886],[-67.68746,65.6858],[-67.7182,65.71709],[-67.47168,65.746],[-67.47254,65.69374]]],[[[-76.70983,57.20115],[-76.64415,57.13885],[-76.67611,57.12014],[-76.65203,57.0649],[-76.68995,57.06497],[-76.74092,57.17549],[-76.70983,57.20115]]],[[[-95.35891,67.19447],[-95.43136,67.20651],[-95.53248,67.2411],[-95.36037,67.27267],[-95.3123,67.21277],[-95.35891,67.19447]]],[[[-64.24866,63.76223],[-64.2657,63.70775],[-64.33472,63.72134],[-64.36138,63.81639],[-64.24866,63.76223]]],[[[-65.62829,65.8211],[-65.6396,65.87912],[-65.57224,65.90233],[-65.4999,65.8966],[-65.53415,65.84188],[-65.62829,65.8211]]],[[[-97.11894,77.01915],[-97.27803,76.97063],[-97.42409,76.97484],[-97.25403,77.03973],[-97.11894,77.01915]]],[[[-76.74185,57.36224],[-76.72535,57.29119],[-76.76119,57.28131],[-76.837,57.43028],[-76.74185,57.36224]]],[[[-82.30266,69.49298],[-81.96046,69.44728],[-82.00771,69.41454],[-82.30266,69.49298]]],[[[-65.79476,61.75117],[-65.91913,61.80588],[-65.85299,61.83257],[-65.76551,61.76265],[-65.79476,61.75117]]],[[[-79.907,72.46444],[-79.96115,72.41794],[-80.0183,72.44559],[-79.97462,72.46569],[-80.07311,72.47822],[-80.11494,72.53079],[-79.907,72.46444]]],[[[-77.63458,62.58073],[-77.75077,62.53396],[-77.80223,62.53896],[-77.83069,62.58851],[-77.63458,62.58073]]],[[[-72.55914,63.64385],[-72.60768,63.63825],[-72.67967,63.67868],[-72.47268,63.71079],[-72.45936,63.695],[-72.55152,63.68443],[-72.55914,63.64385]]],[[[-96.52553,71.25377],[-96.44934,71.24117],[-96.44568,71.21001],[-96.55381,71.21012],[-96.62924,71.23836],[-96.58729,71.29433],[-96.53181,71.292],[-96.52553,71.25377]]],[[[-95.69011,73.07076],[-95.85173,73.10992],[-95.77026,73.14785],[-95.67745,73.1151],[-95.69011,73.07076]]],[[[-91.19891,62.70283],[-91.00869,62.6554],[-91.09275,62.65131],[-91.2048,62.68028],[-91.19891,62.70283]]],[[[-65.56224,68.11724],[-65.6707,68.08922],[-65.69906,68.17252],[-65.63124,68.17911],[-65.56224,68.11724]]],[[[-73.28168,64.16698],[-73.40987,64.17316],[-73.37613,64.19453],[-73.2974,64.19354],[-73.3273,64.23753],[-73.22421,64.19647],[-73.28168,64.16698]]],[[[-83.9024,76.46695],[-83.96933,76.42164],[-84.14233,76.46065],[-84.11592,76.50525],[-83.9024,76.46695]]],[[[-65.71137,61.8389],[-65.66355,61.74707],[-65.70839,61.74776],[-65.7693,61.82337],[-65.71137,61.8389]]],[[[-96.51959,75.74808],[-96.69772,75.74158],[-96.62186,75.79753],[-96.43023,75.82965],[-96.51959,75.74808]]],[[[-90.11309,69.07649],[-90.24444,69.07446],[-90.2386,69.14628],[-90.12578,69.10554],[-90.11309,69.07649]]],[[[-62.1263,65.84546],[-62.29418,65.92283],[-62.28362,65.93741],[-62.131,65.92553],[-62.1263,65.84546]]],[[[-79.18306,56.64018],[-79.22184,56.65122],[-79.26211,56.62903],[-79.27972,56.66612],[-79.21025,56.6852],[-79.1586,56.65589],[-79.18306,56.64018]]],[[[-104.37367,68.20883],[-104.40995,68.12824],[-104.48674,68.10624],[-104.51822,68.16493],[-104.37367,68.20883]]],[[[-62.06847,67.09149],[-62.28506,67.06371],[-62.3085,67.08269],[-62.10323,67.12222],[-62.06847,67.09149]]],[[[-102.15235,69.65612],[-102.21637,69.67979],[-102.19252,69.74486],[-102.13644,69.74195],[-102.09492,69.66951],[-102.15235,69.65612]]],[[[-74.18712,64.49019],[-74.34541,64.54835],[-74.32391,64.56001],[-74.18823,64.5417],[-74.18712,64.49019]]],[[[-71.18516,71.13446],[-71.08415,71.15384],[-71.06673,71.1406],[-71.14697,71.08805],[-71.26496,71.0657],[-71.18516,71.13446]]],[[[-65.80706,62.10109],[-65.86573,62.08334],[-65.91152,62.12651],[-65.98048,62.11326],[-65.98659,62.13854],[-65.895,62.15065],[-65.80706,62.10109]]],[[[-110.60884,68.55188],[-110.497,68.56176],[-110.52264,68.53293],[-110.63148,68.52841],[-110.73978,68.57716],[-110.6142,68.5708],[-110.60884,68.55188]]],[[[-109.65065,68.2231],[-109.68733,68.16892],[-109.78739,68.15441],[-109.82272,68.16965],[-109.67465,68.2234],[-109.53969,68.25373],[-109.57317,68.22126],[-109.65065,68.2231]]],[[[-78.31321,57.322],[-78.4271,57.27515],[-78.48441,57.29096],[-78.39689,57.32782],[-78.31321,57.322]]],[[[-98.94652,68.09091],[-98.92808,67.98969],[-99.01968,68.02148],[-98.94652,68.09091]]],[[[-91.61838,81.54051],[-91.80846,81.54877],[-91.90618,81.59667],[-91.49998,81.58165],[-91.61838,81.54051]]],[[[-71.75584,63.63096],[-71.80641,63.60669],[-71.84538,63.62093],[-71.85218,63.67618],[-71.76748,63.68231],[-71.75584,63.63096]]],[[[-68.0972,63.32435],[-67.87087,63.1931],[-67.9198,63.1889],[-68.0972,63.32435]]],[[[-97.30237,69.93699],[-97.3493,69.9048],[-97.44064,69.91303],[-97.44188,69.96768],[-97.30237,69.93699]]],[[[-107.9595,66.94048],[-108.03054,66.9021],[-108.08644,66.96785],[-108.05478,67.00499],[-107.9595,66.94048]]],[[[-95.74383,72.95611],[-95.66186,72.91573],[-95.78813,72.89538],[-95.74136,73.02203],[-95.74383,72.95611]]],[[[-70.02443,60.99799],[-69.98567,61.03192],[-69.92251,61.03086],[-69.96144,60.95106],[-70.02443,60.99799]]],[[[-64.97247,64.06317],[-65.03708,64.09403],[-64.99725,64.11098],[-64.88112,64.09525],[-64.87984,64.06754],[-64.97247,64.06317]]],[[[-108.1321,67.54993],[-108.11415,67.4507],[-108.25672,67.47479],[-108.15847,67.50354],[-108.19867,67.57644],[-108.1321,67.54993]]],[[[-82.25219,69.50482],[-82.36147,69.50172],[-82.45303,69.50676],[-82.42164,69.54254],[-82.35803,69.54442],[-82.24174,69.53213],[-82.25219,69.50482]]],[[[-107.78961,67.0],[-107.84052,66.9509],[-107.82213,67.01529],[-107.78961,67.0]]],[[[-100.041,68.35745],[-100.04581,68.29877],[-100.08563,68.28229],[-100.17332,68.32845],[-100.05416,68.36545],[-100.07739,68.37817],[-100.05836,68.37233],[-100.041,68.35745]]],[[[-73.67106,64.46089],[-73.72649,64.42285],[-73.77312,64.42568],[-73.76048,64.46831],[-73.78239,64.5269],[-73.67106,64.46089]]],[[[-62.89908,65.56787],[-62.89324,65.61238],[-62.86362,65.61517],[-62.83319,65.56725],[-62.89908,65.56787]]],[[[-78.44185,63.4527],[-78.54583,63.44298],[-78.52514,63.49052],[-78.45313,63.5162],[-78.44185,63.4527]]],[[[-66.9163,65.29272],[-66.99847,65.28309],[-67.02073,65.31569],[-66.9157,65.36084],[-66.9163,65.29272]]],[[[-64.4615,64.10375],[-64.49984,64.0885],[-64.59365,64.138],[-64.51573,64.15031],[-64.4615,64.10375]]],[[[-110.79609,67.95982],[-110.96584,67.86824],[-111.0139,67.87821],[-110.79609,67.95982]]],[[[-78.0821,82.94505],[-78.36334,82.8856],[-78.40897,82.95503],[-78.27462,82.9658],[-78.0821,82.94505]]],[[[-63.1846,65.27603],[-63.27643,65.25526],[-63.3308,65.29324],[-63.23068,65.3126],[-63.1846,65.27603]]],[[[-81.45617,64.17957],[-81.53455,64.18587],[-81.48169,64.23408],[-81.38619,64.21337],[-81.45617,64.17957]]],[[[-62.99532,66.98571],[-63.00902,66.95513],[-63.10345,66.95466],[-63.1381,66.99004],[-63.10179,67.02435],[-62.99532,66.98571]]],[[[-65.91795,68.15008],[-65.91687,68.03942],[-65.96594,68.05154],[-65.91795,68.15008]]],[[[-96.89339,73.22209],[-97.03894,73.22894],[-97.10499,73.24866],[-96.96339,73.27715],[-96.89339,73.22209]]],[[[-91.62295,69.85263],[-91.73519,69.8362],[-91.82173,69.81546],[-91.84272,69.84609],[-91.76416,69.87467],[-91.62295,69.85263]]],[[[-66.75267,68.36134],[-66.87029,68.33673],[-66.93181,68.35892],[-66.85745,68.38728],[-66.75267,68.36134]]],[[[-98.49796,74.31054],[-98.74367,74.31343],[-98.74214,74.33414],[-98.60922,74.34571],[-98.49796,74.31054]]],[[[-73.88172,64.31637],[-73.95586,64.35844],[-73.92627,64.37796],[-73.86724,64.36486],[-73.88172,64.31637]]],[[[-67.80723,68.58975],[-67.97064,68.61235],[-67.92878,68.63296],[-67.87518,68.61546],[-67.76641,68.63359],[-67.74857,68.60715],[-67.80723,68.58975]]],[[[-72.59369,63.71688],[-72.66442,63.68652],[-72.70995,63.70431],[-72.70044,63.74618],[-72.61495,63.74294],[-72.59369,63.71688]]],[[[-75.51209,64.33034],[-75.66894,64.30412],[-75.69718,64.34833],[-75.65678,64.3585],[-75.51209,64.33034]]],[[[-74.17617,68.22346],[-74.10302,68.24701],[-74.06975,68.20225],[-74.12526,68.18436],[-74.17617,68.22346]]],[[[-90.00592,68.95205],[-89.98603,68.99022],[-89.90057,68.98925],[-89.89462,68.93027],[-90.00592,68.95205]]],[[[-109.82659,68.12597],[-109.98102,68.09051],[-109.8593,68.15705],[-109.82659,68.12597]]],[[[-66.99299,66.3474],[-67.07013,66.40414],[-66.99491,66.40446],[-66.93036,66.36218],[-66.99299,66.3474]]],[[[-91.00618,69.57105],[-91.13083,69.5515],[-91.11574,69.60245],[-90.98931,69.60889],[-91.00618,69.57105]]],[[[-67.70665,63.55038],[-67.74298,63.59872],[-67.70504,63.62123],[-67.6323,63.58074],[-67.70665,63.55038]]],[[[-68.04222,63.20378],[-68.10876,63.20158],[-68.21122,63.28871],[-68.14313,63.2657],[-68.04222,63.20378]]],[[[-64.01624,63.58593],[-64.05138,63.61876],[-63.9626,63.64323],[-63.92174,63.62019],[-64.01624,63.58593]]],[[[-96.96586,75.59472],[-96.92355,75.63286],[-96.72791,75.64463],[-96.81157,75.61249],[-96.96586,75.59472]]],[[[-77.20955,55.65772],[-77.24892,55.60199],[-77.38451,55.5617],[-77.20955,55.65772]]],[[[-96.83677,71.75423],[-96.99926,71.70872],[-97.02223,71.73134],[-96.88827,71.76254],[-96.83677,71.75423]]],[[[-70.82907,62.84678],[-70.98884,62.87742],[-70.96978,62.90387],[-70.85105,62.87305],[-70.82907,62.84678]]],[[[-92.92842,63.86384],[-93.07289,63.88329],[-92.97481,63.90603],[-92.92842,63.86384]]],[[[-100.72925,70.30762],[-100.7677,70.27386],[-100.85546,70.2923],[-100.84652,70.33914],[-100.72925,70.30762]]],[[[-76.60892,56.70329],[-76.6235,56.5854],[-76.65906,56.58906],[-76.64017,56.71787],[-76.60892,56.70329]]],[[[-65.39954,68.03375],[-65.51171,68.04417],[-65.53514,68.0654],[-65.42155,68.08145],[-65.39954,68.03375]]],[[[-65.07849,64.55899],[-65.20693,64.5527],[-65.1027,64.59416],[-65.07849,64.55899]]],[[[-66.4384,62.89956],[-66.39923,62.84926],[-66.50691,62.87743],[-66.53029,62.92105],[-66.4384,62.89956]]],[[[-78.56813,68.21728],[-78.65842,68.22016],[-78.59919,68.27749],[-78.51877,68.23926],[-78.56813,68.21728]]],[[[-66.89548,63.05592],[-66.85958,62.99735],[-67.05345,63.11419],[-66.98386,63.09769],[-66.89548,63.05592]]],[[[-66.86627,66.45343],[-66.97582,66.44674],[-67.04143,66.46811],[-66.94078,66.48699],[-66.86627,66.45343]]],[[[-95.97481,67.81954],[-96.14824,67.79498],[-96.01444,67.84772],[-95.97481,67.81954]]],[[[-81.733,69.50326],[-81.64781,69.5312],[-81.58257,69.48299],[-81.733,69.50326]]],[[[-95.69108,72.82126],[-95.76665,72.82786],[-95.82332,72.84854],[-95.68702,72.85176],[-95.69108,72.82126]]],[[[-65.78233,61.82446],[-65.78389,61.77974],[-65.83655,61.83065],[-65.8082,61.85885],[-65.75463,61.85737],[-65.78233,61.82446]]],[[[-107.67668,67.32216],[-107.66138,67.2649],[-107.73326,67.31878],[-107.67668,67.32216]]],[[[-67.78754,63.17615],[-67.86222,63.23921],[-67.83295,63.24541],[-67.72519,63.18876],[-67.78754,63.17615]]],[[[-98.88502,71.29764],[-99.01206,71.32171],[-98.95647,71.35799],[-98.88502,71.29764]]],[[[-110.0598,68.06571],[-110.22264,68.05407],[-110.01096,68.10427],[-110.0598,68.06571]]],[[[-108.14762,71.99394],[-108.15869,72.03945],[-108.09367,72.05423],[-108.0458,72.0223],[-108.14762,71.99394]]],[[[-82.49905,68.71017],[-82.52681,68.69078],[-82.66716,68.70078],[-82.68391,68.72135],[-82.62767,68.74853],[-82.49905,68.71017]]],[[[-66.11853,64.88572],[-66.22576,64.90526],[-66.23197,64.9173],[-66.11037,64.93934],[-66.11853,64.88572]]],[[[-83.11484,69.75008],[-83.26682,69.77476],[-83.25766,69.79074],[-83.09647,69.77171],[-83.11484,69.75008]]],[[[-65.35572,67.96339],[-65.31868,68.00545],[-65.20815,67.98811],[-65.28406,67.95664],[-65.35572,67.96339]]],[[[-78.79312,52.40917],[-78.82982,52.43313],[-78.70037,52.44388],[-78.7348,52.42555],[-78.79312,52.40917]]],[[[-63.40102,64.93753],[-63.42977,64.9599],[-63.37814,64.9906],[-63.33475,64.96208],[-63.40102,64.93753]]],[[[-64.57763,64.20054],[-64.64781,64.23835],[-64.57287,64.25411],[-64.54011,64.22614],[-64.57763,64.20054]]],[[[-95.86814,75.96655],[-95.73703,75.97271],[-95.76467,75.92122],[-95.84977,75.92147],[-95.86814,75.96655]]],[[[-91.52141,69.72536],[-91.65371,69.75889],[-91.44349,69.76319],[-91.52141,69.72536]]],[[[-64.65266,63.20638],[-64.69808,63.1993],[-64.75896,63.25422],[-64.6676,63.23991],[-64.65266,63.20638]]],[[[-72.9329,64.14432],[-72.99352,64.09058],[-73.055,64.10317],[-72.97882,64.15664],[-72.9329,64.14432]]],[[[-79.03506,56.24205],[-79.06987,56.26321],[-78.99015,56.32142],[-78.9959,56.28254],[-79.03506,56.24205]]],[[[-77.81362,58.29724],[-77.81693,58.27524],[-77.95985,58.32986],[-77.88713,58.31767],[-77.81362,58.29724]]],[[[-98.89447,73.81641],[-99.09338,73.81754],[-99.09591,73.83798],[-98.86759,73.83783],[-98.89447,73.81641]]],[[[-76.70746,56.13184],[-76.77039,56.10498],[-76.75972,56.18212],[-76.71911,56.15799],[-76.70746,56.13184]]],[[[-64.62786,60.61122],[-64.70459,60.60241],[-64.64113,60.66087],[-64.59495,60.64398],[-64.62786,60.61122]]],[[[-66.9161,65.95731],[-67.03842,65.97809],[-67.08959,66.01396],[-66.93506,65.98667],[-66.9161,65.95731]]],[[[-66.87293,81.57574],[-66.57386,81.58638],[-66.32567,81.57286],[-66.56722,81.55893],[-66.87293,81.57574]]],[[[-96.99767,76.81779],[-97.0614,76.79672],[-97.21124,76.83663],[-97.18627,76.86092],[-96.99767,76.81779]]],[[[-62.3386,66.95553],[-62.44693,66.94323],[-62.41432,66.99219],[-62.3386,66.95553]]],[[[-76.4867,64.17716],[-76.58185,64.20589],[-76.58257,64.22883],[-76.51755,64.23879],[-76.4867,64.17716]]],[[[-81.46564,76.15854],[-81.34762,76.18623],[-81.24092,76.18688],[-81.3119,76.14564],[-81.46564,76.15854]]],[[[-79.30395,55.67185],[-79.33495,55.66648],[-79.3487,55.70976],[-79.33433,55.74187],[-79.2497,55.81253],[-79.3247,55.73813],[-79.30395,55.67185]]],[[[-101.30926,75.5255],[-101.47481,75.52173],[-101.47003,75.5502],[-101.25254,75.55177],[-101.30926,75.5255]]],[[[-106.79339,68.34434],[-106.90385,68.32849],[-106.95678,68.33165],[-106.89862,68.37702],[-106.79339,68.34434]]],[[[-108.36534,67.60996],[-108.42161,67.61035],[-108.45529,67.64075],[-108.36689,67.63381],[-108.36534,67.60996]]],[[[-75.03075,68.72735],[-75.06836,68.70252],[-75.12253,68.70927],[-75.16823,68.75894],[-75.03075,68.72735]]],[[[-106.98754,68.36732],[-106.96146,68.31106],[-106.86222,68.29049],[-106.92557,68.27932],[-106.99885,68.32689],[-106.98754,68.36732]]],[[[-85.29264,69.06477],[-85.3643,69.09546],[-85.27309,69.1089],[-85.20732,69.09057],[-85.29264,69.06477]]],[[[-113.75689,68.58812],[-113.91383,68.59079],[-113.93858,68.61681],[-113.83028,68.61398],[-113.75689,68.58812]]],[[[-109.02549,67.78343],[-109.09207,67.75864],[-109.14339,67.80327],[-109.06924,67.80954],[-109.02549,67.78343]]],[[[-68.4794,70.14565],[-68.51319,70.19519],[-68.42537,70.19987],[-68.40676,70.16903],[-68.4794,70.14565]]],[[[-97.94179,76.54433],[-98.03011,76.54868],[-98.06588,76.57882],[-97.95519,76.57412],[-97.94179,76.54433]]],[[[-76.65007,57.01243],[-76.70589,56.99458],[-76.71536,57.05652],[-76.66914,57.04809],[-76.65007,57.01243]]],[[[-79.49662,52.2371],[-79.41481,52.26535],[-79.37618,52.24128],[-79.49662,52.2371]]],[[[-73.42826,64.26943],[-73.52552,64.25975],[-73.50512,64.29527],[-73.42826,64.26943]]],[[[-77.53961,63.95373],[-77.58366,63.96214],[-77.52172,64.0132],[-77.47891,63.97824],[-77.53961,63.95373]]],[[[-80.08717,69.39057],[-80.14536,69.35607],[-80.19466,69.38497],[-80.18249,69.42065],[-80.08717,69.39057]]],[[[-66.77777,68.15759],[-66.77983,68.18415],[-66.69616,68.21106],[-66.67441,68.17119],[-66.77777,68.15759]]],[[[-96.3072,68.22522],[-96.42951,68.22015],[-96.31,68.25838],[-96.3072,68.22522]]],[[[-66.8377,66.4851],[-66.96071,66.50509],[-66.90269,66.52786],[-66.82542,66.50385],[-66.8377,66.4851]]],[[[-78.31638,57.17155],[-78.37467,57.18663],[-78.31125,57.20959],[-78.2792,57.20289],[-78.31638,57.17155]]],[[[-103.14618,70.65674],[-103.23516,70.6536],[-103.2193,70.69498],[-103.18188,70.69555],[-103.14618,70.65674]]],[[[-72.37469,63.60321],[-72.38312,63.61964],[-72.31918,63.62583],[-72.28431,63.60446],[-72.37469,63.60321]]],[[[-90.09707,69.16816],[-90.2187,69.21767],[-90.17233,69.23466],[-90.12237,69.22756],[-90.09707,69.16816]]],[[[-63.21046,67.10543],[-63.09967,67.11222],[-63.04435,67.09755],[-63.17925,67.08298],[-63.21046,67.10543]]],[[[-83.59725,66.08493],[-83.66007,66.09168],[-83.61798,66.13954],[-83.58905,66.12045],[-83.59725,66.08493]]],[[[-64.21361,63.52458],[-64.28927,63.58614],[-64.25336,63.60473],[-64.20202,63.55841],[-64.21361,63.52458]]],[[[-90.55757,63.51679],[-90.64421,63.49566],[-90.68069,63.53226],[-90.59708,63.53959],[-90.55757,63.51679]]],[[[-113.33581,67.91021],[-113.32992,67.92682],[-113.2349,67.9287],[-113.21664,67.90939],[-113.4061,67.89912],[-113.55432,67.90525],[-113.33581,67.91021]]],[[[-71.6345,63.58763],[-71.71553,63.5838],[-71.72058,63.61496],[-71.6513,63.61542],[-71.62849,63.63843],[-71.59687,63.61717],[-71.6345,63.58763]]],[[[-72.5121,63.63772],[-72.3796,63.65844],[-72.4455,63.62269],[-72.5121,63.63772]]],[[[-108.29665,68.07478],[-108.39639,68.06717],[-108.30137,68.11289],[-108.29665,68.07478]]],[[[-65.11131,81.68644],[-65.16555,81.71134],[-64.92657,81.70978],[-64.92141,81.6895],[-65.11131,81.68644]]],[[[-100.67347,68.42564],[-100.71627,68.40949],[-100.82432,68.45502],[-100.78239,68.47025],[-100.67347,68.42564]]],[[[-105.1486,68.55498],[-105.22465,68.55277],[-105.26171,68.59998],[-105.16765,68.59626],[-105.1486,68.55498]]],[[[-76.66903,56.299],[-76.75448,56.28032],[-76.68232,56.35015],[-76.65728,56.32449],[-76.66903,56.299]]],[[[-89.54376,76.48069],[-89.38576,76.44624],[-89.6433,76.44876],[-89.54376,76.48069]]],[[[-76.63429,64.22235],[-76.68282,64.24284],[-76.61851,64.27051],[-76.57639,64.24741],[-76.63429,64.22235]]],[[[-72.04111,61.85107],[-72.12754,61.87711],[-71.99832,61.87125],[-72.04111,61.85107]]],[[[-72.75794,63.71436],[-72.84656,63.75034],[-72.82168,63.7625],[-72.75542,63.76124],[-72.75794,63.71436]]],[[[-109.05065,76.90109],[-109.25809,76.91911],[-109.27639,76.93835],[-109.09794,76.93081],[-109.05065,76.90109]]],[[[-67.64244,65.78385],[-67.69176,65.80545],[-67.66227,65.82709],[-67.59194,65.79792],[-67.64244,65.78385]]],[[[-78.87902,56.05903],[-78.88452,56.08754],[-78.8256,56.11419],[-78.83224,56.08333],[-78.87902,56.05903]]],[[[-74.07305,64.4575],[-74.0947,64.43259],[-74.17253,64.45575],[-74.17829,64.48771],[-74.15051,64.49887],[-74.14491,64.46625],[-74.07305,64.4575]]],[[[-108.5077,72.6016],[-108.58846,72.64506],[-108.52846,72.65316],[-108.45023,72.63485],[-108.5077,72.6016]]],[[[-114.14572,67.88012],[-114.21953,67.87601],[-114.24595,67.9035],[-114.17034,67.90276],[-114.14572,67.88012]]],[[[-108.45447,67.89573],[-108.54822,67.90431],[-108.54276,67.9271],[-108.44874,67.91012],[-108.45447,67.89573]]],[[[-67.74313,68.8846],[-67.78301,68.90951],[-67.65876,68.92094],[-67.56377,68.91202],[-67.74313,68.8846]]],[[[-67.6831,68.80636],[-67.68207,68.82494],[-67.52571,68.8215],[-67.61686,68.80389],[-67.6831,68.80636]]],[[[-112.79178,68.13606],[-112.89588,68.14884],[-112.87976,68.17116],[-112.7972,68.15409],[-112.79178,68.13606]]],[[[-84.83171,71.34755],[-84.90839,71.35438],[-84.86728,71.40698],[-84.797,71.38871],[-84.83171,71.34755]]],[[[-67.90397,68.89094],[-67.92578,68.92494],[-67.84188,68.91805],[-67.90397,68.89094]]],[[[-76.6555,64.16173],[-76.69115,64.18577],[-76.55852,64.18556],[-76.56183,64.16351],[-76.6555,64.16173]]],[[[-64.72916,60.60652],[-64.76021,60.61493],[-64.64178,60.67629],[-64.66919,60.64273],[-64.72916,60.60652]]],[[[-110.30135,68.01317],[-110.37768,68.01574],[-110.29315,68.05576],[-110.26179,68.04224],[-110.30135,68.01317]]],[[[-90.03403,69.06738],[-90.06939,69.12435],[-90.02253,69.12522],[-89.98605,69.06865],[-90.03403,69.06738]]],[[[-66.80013,68.26276],[-66.908,68.28815],[-66.87703,68.30894],[-66.78169,68.28064],[-66.80013,68.26276]]],[[[-71.05251,62.91785],[-71.16725,62.94207],[-71.14629,62.95533],[-71.03847,62.93316],[-71.05251,62.91785]]],[[[-84.54523,66.15392],[-84.61203,66.13515],[-84.66389,66.17215],[-84.64487,66.1805],[-84.54523,66.15392]]],[[[-67.97163,63.49611],[-68.00306,63.47709],[-68.04386,63.50262],[-68.01522,63.52936],[-67.97163,63.49611]]],[[[-77.92595,56.31037],[-77.83826,56.32548],[-77.91174,56.28931],[-77.92595,56.31037]]],[[[-72.32497,62.01989],[-72.41097,62.01299],[-72.42522,62.04384],[-72.32497,62.01989]]],[[[-79.64154,56.84828],[-79.71361,56.91735],[-79.70436,56.9472],[-79.64154,56.84828]]],[[[-74.72231,69.18015],[-74.71661,69.2292],[-74.65765,69.23263],[-74.65214,69.20734],[-74.72231,69.18015]]],[[[-84.3261,66.18684],[-84.27783,66.20695],[-84.24892,66.17083],[-84.3261,66.18684]]],[[[-103.32885,70.69672],[-103.39117,70.70903],[-103.42255,70.74639],[-103.32328,70.73418],[-103.32885,70.69672]]],[[[-91.22233,63.48952],[-91.24789,63.52793],[-91.17807,63.53789],[-91.13919,63.51497],[-91.22233,63.48952]]],[[[-97.83438,68.35009],[-97.83755,68.30996],[-97.93044,68.35815],[-97.83438,68.35009]]],[[[-63.45068,65.34495],[-63.44138,65.36059],[-63.33982,65.35317],[-63.36035,65.3284],[-63.45068,65.34495]]],[[[-107.3899,68.18371],[-107.39701,68.22284],[-107.3187,68.22069],[-107.3899,68.18371]]],[[[-91.09917,69.64637],[-91.11828,69.68784],[-91.0679,69.68836],[-91.04558,69.6585],[-91.09917,69.64637]]],[[[-68.06257,63.2239],[-68.10398,63.28353],[-68.00842,63.22252],[-68.06257,63.2239]]],[[[-90.75134,69.14829],[-90.75869,69.17633],[-90.66636,69.17846],[-90.65028,69.14091],[-90.75134,69.14829]]],[[[-79.32269,51.9445],[-79.29532,51.96283],[-79.23429,51.95612],[-79.298,51.9317],[-79.32269,51.9445]]],[[[-107.45049,68.15162],[-107.51599,68.15238],[-107.54876,68.17198],[-107.45393,68.18906],[-107.45049,68.15162]]],[[[-67.44266,65.71809],[-67.45015,65.74143],[-67.35689,65.75151],[-67.36773,65.71653],[-67.44266,65.71809]]],[[[-96.75968,69.56861],[-96.83035,69.56494],[-96.84864,69.61051],[-96.76456,69.59444],[-96.75968,69.56861]]],[[[-96.22639,67.59181],[-96.25239,67.63145],[-96.15464,67.6144],[-96.22639,67.59181]]],[[[-78.47937,57.34879],[-78.49882,57.36956],[-78.41216,57.36208],[-78.47937,57.34879]]],[[[-62.51771,65.5738],[-62.43888,65.57391],[-62.48614,65.54624],[-62.51771,65.5738]]],[[[-84.91877,68.7943],[-84.83469,68.80805],[-84.79699,68.76664],[-84.91877,68.7943]]],[[[-64.29697,62.50914],[-64.3548,62.5365],[-64.31765,62.56155],[-64.29697,62.50914]]],[[[-100.48805,72.77209],[-100.60625,72.78158],[-100.60868,72.8101],[-100.4535,72.79399],[-100.48805,72.77209]]],[[[-85.04487,69.04664],[-85.11345,69.01341],[-85.14398,69.05407],[-85.04487,69.04664]]],[[[-71.10472,62.79338],[-71.1437,62.81917],[-71.04432,62.82086],[-71.02657,62.79656],[-71.10472,62.79338]]],[[[-65.83506,65.67734],[-65.85155,65.71602],[-65.77571,65.73703],[-65.77484,65.70552],[-65.83506,65.67734]]],[[[-102.60278,68.81763],[-102.69773,68.83829],[-102.6385,68.85879],[-102.58599,68.84491],[-102.60278,68.81763]]],[[[-98.28104,74.73257],[-98.33584,74.75541],[-98.1405,74.74896],[-98.28104,74.73257]]],[[[-76.63381,56.42904],[-76.6793,56.43253],[-76.65464,56.47632],[-76.62183,56.45047],[-76.63381,56.42904]]],[[[-114.13604,67.94313],[-114.26367,67.9432],[-114.26978,67.95392],[-114.08332,67.96469],[-114.13604,67.94313]]],[[[-85.72943,72.18589],[-85.78026,72.19815],[-85.73924,72.23135],[-85.64561,72.20686],[-85.72943,72.18589]]],[[[-64.66153,64.22779],[-64.76131,64.23762],[-64.69729,64.25439],[-64.66153,64.22779]]],[[[-87.39858,67.18463],[-87.42774,67.19617],[-87.35161,67.22998],[-87.31194,67.22021],[-87.39858,67.18463]]],[[[-67.54982,66.31009],[-67.60331,66.3367],[-67.54387,66.34697],[-67.49395,66.33477],[-67.54982,66.31009]]],[[[-76.75462,57.21891],[-76.77755,57.2652],[-76.7469,57.27095],[-76.72636,57.25072],[-76.75462,57.21891]]],[[[-63.83393,67.35664],[-63.88894,67.32871],[-63.90784,67.37652],[-63.83393,67.35664]]],[[[-66.74579,68.38588],[-66.72604,68.41661],[-66.65783,68.39241],[-66.74579,68.38588]]],[[[-62.48059,65.58651],[-62.49921,65.61267],[-62.46381,65.64014],[-62.42281,65.61765],[-62.48059,65.58651]]],[[[-67.18743,65.94388],[-67.18383,65.98964],[-67.13068,65.94092],[-67.18743,65.94388]]],[[[-67.88302,63.35592],[-67.94621,63.36539],[-67.93746,63.39982],[-67.89168,63.38695],[-67.88302,63.35592]]],[[[-90.82312,70.16263],[-90.84374,70.19475],[-90.7533,70.17868],[-90.82312,70.16263]]],[[[-64.72661,67.88918],[-64.78935,67.90199],[-64.71009,67.92362],[-64.67822,67.90433],[-64.72661,67.88918]]],[[[-94.41084,76.9428],[-94.27127,76.95688],[-94.28651,76.92809],[-94.41084,76.9428]]],[[[-97.21938,69.86639],[-97.30524,69.86666],[-97.24034,69.90435],[-97.20829,69.89044],[-97.21938,69.86639]]],[[[-65.53632,68.1089],[-65.57622,68.14883],[-65.49492,68.15189],[-65.49353,68.11993],[-65.53632,68.1089]]],[[[-78.6897,58.64757],[-78.71562,58.68138],[-78.69426,58.68879],[-78.65943,58.65225],[-78.6897,58.64757]]],[[[-64.23316,62.53143],[-64.217,62.54926],[-64.15685,62.5387],[-64.17135,62.52112],[-64.23316,62.53143]]],[[[-88.48239,65.46269],[-88.43301,65.48372],[-88.37252,65.46216],[-88.43014,65.45372],[-88.48239,65.46269]]],[[[-76.84559,77.88737],[-76.69371,77.90619],[-76.74763,77.87151],[-76.84559,77.88737]]],[[[-71.54168,63.51531],[-71.609,63.52007],[-71.56644,63.55857],[-71.51409,63.53517],[-71.54168,63.51531]]],[[[-85.08313,66.05026],[-85.09367,66.07645],[-85.01412,66.07765],[-85.00549,66.05773],[-85.08313,66.05026]]],[[[-64.25582,63.90603],[-64.1944,63.93257],[-64.1938,63.88093],[-64.25582,63.90603]]],[[[-65.89631,62.02248],[-65.9192,62.05918],[-65.86509,62.06207],[-65.84827,62.03947],[-65.89631,62.02248]]],[[[-67.49585,62.13098],[-67.60554,62.14979],[-67.54403,62.16522],[-67.49585,62.13098]]],[[[-73.14445,64.24975],[-73.23128,64.2331],[-73.22278,64.27164],[-73.14445,64.24975]]],[[[-66.05223,58.96658],[-65.94916,58.97396],[-66.01031,58.94518],[-66.05223,58.96658]]],[[[-97.05662,76.95509],[-96.91535,76.97776],[-96.95305,76.93738],[-97.05662,76.95509]]],[[[-108.93041,67.84065],[-109.07746,67.90237],[-108.94118,67.87316],[-108.93041,67.84065]]],[[[-74.51576,71.71161],[-74.39344,71.73901],[-74.40675,71.71414],[-74.51576,71.71161]]],[[[-72.24619,63.74875],[-72.35351,63.75206],[-72.28385,63.77662],[-72.24619,63.74875]]],[[[-91.49031,63.63755],[-91.52676,63.6413],[-91.50839,63.6811],[-91.46881,63.67124],[-91.49031,63.63755]]],[[[-62.10191,66.25356],[-62.12825,66.27965],[-62.08778,66.29158],[-62.04525,66.27107],[-62.10191,66.25356]]],[[[-72.18031,63.51634],[-72.19888,63.54581],[-72.14163,63.55915],[-72.1264,63.53975],[-72.18031,63.51634]]],[[[-91.46948,69.8097],[-91.50914,69.82576],[-91.46667,69.85297],[-91.41119,69.84742],[-91.46948,69.8097]]],[[[-111.09196,68.41262],[-111.1283,68.44611],[-111.079,68.4585],[-111.04041,68.44353],[-111.09196,68.41262]]],[[[-91.06413,63.47978],[-91.06101,63.5036],[-91.0111,63.50494],[-90.99283,63.47718],[-91.06413,63.47978]]],[[[-71.48653,63.01274],[-71.47765,63.03225],[-71.39555,63.00186],[-71.48653,63.01274]]],[[[-71.56436,61.29819],[-71.56117,61.32589],[-71.51023,61.32231],[-71.50222,61.30358],[-71.56436,61.29819]]],[[[-89.43519,81.8701],[-89.2268,81.89025],[-89.27333,81.85041],[-89.43519,81.8701]]],[[[-65.0712,62.494],[-65.07159,62.5243],[-65.02739,62.52475],[-65.02258,62.50532],[-65.0712,62.494]]],[[[-90.12343,68.98093],[-90.03867,68.98958],[-90.074,68.9528],[-90.12343,68.98093]]],[[[-65.33259,61.68664],[-65.37153,61.704],[-65.30234,61.72217],[-65.2948,61.69974],[-65.33259,61.68664]]],[[[-81.52668,77.41229],[-81.51208,77.4511],[-81.45194,77.4494],[-81.44726,77.40872],[-81.52668,77.41229]]],[[[-73.42786,64.32738],[-73.47552,64.35458],[-73.44485,64.36649],[-73.38396,64.34654],[-73.42786,64.32738]]],[[[-68.69698,63.62242],[-68.70304,63.65492],[-68.65852,63.66341],[-68.64064,63.64901],[-68.69698,63.62242]]],[[[-73.74755,64.09728],[-73.72046,64.1126],[-73.65482,64.10832],[-73.66797,64.08544],[-73.74755,64.09728]]],[[[-92.85787,63.84189],[-92.86684,63.87249],[-92.79648,63.86422],[-92.85787,63.84189]]],[[[-64.81388,62.84227],[-64.79896,62.87075],[-64.75314,62.86331],[-64.76306,62.84217],[-64.81388,62.84227]]],[[[-77.22562,55.76646],[-77.15246,55.76826],[-77.2095,55.74052],[-77.22562,55.76646]]],[[[-64.14236,63.80605],[-64.15362,63.82419],[-64.10447,63.84904],[-64.08111,63.81913],[-64.14236,63.80605]]],[[[-83.63535,66.04322],[-83.56906,66.08726],[-83.57259,66.04373],[-83.63535,66.04322]]],[[[-114.39805,68.87371],[-114.49026,68.90683],[-114.36506,68.89211],[-114.39805,68.87371]]],[[[-67.0351,65.42169],[-67.02319,65.44818],[-66.95585,65.45297],[-66.95908,65.42639],[-67.0351,65.42169]]],[[[-64.29431,62.4407],[-64.3662,62.43833],[-64.31836,62.46147],[-64.29431,62.4407]]],[[[-67.64679,65.74481],[-67.61878,65.77355],[-67.54319,65.75908],[-67.64679,65.74481]]],[[[-100.72858,68.61399],[-100.82303,68.60564],[-100.82169,68.62485],[-100.72858,68.61399]]],[[[-67.20058,65.48751],[-67.18858,65.50761],[-67.13318,65.51671],[-67.13679,65.48177],[-67.20058,65.48751]]],[[[-67.16916,65.33559],[-67.10763,65.3521],[-67.09115,65.31917],[-67.16916,65.33559]]],[[[-89.81936,64.06105],[-89.85749,64.09473],[-89.83592,64.10466],[-89.78444,64.0694],[-89.81936,64.06105]]],[[[-97.18463,73.86968],[-97.26375,73.87813],[-97.22235,73.90421],[-97.16808,73.90288],[-97.18463,73.86968]]],[[[-85.01322,69.06593],[-85.03384,69.08771],[-84.97256,69.09294],[-84.9386,69.0734],[-85.01322,69.06593]]],[[[-99.91274,69.1003],[-99.89805,69.1388],[-99.83649,69.1145],[-99.91274,69.1003]]],[[[-83.67221,63.29107],[-83.6382,63.25652],[-83.70771,63.263],[-83.67221,63.29107]]],[[[-64.84199,65.40225],[-64.83917,65.38666],[-64.92773,65.37181],[-64.93061,65.38863],[-64.84199,65.40225]]],[[[-114.33047,67.77703],[-114.42565,67.77531],[-114.37675,67.79804],[-114.33047,67.77703]]],[[[-93.38408,62.38315],[-93.41867,62.41313],[-93.39383,62.4205],[-93.35596,62.40075],[-93.38408,62.38315]]],[[[-68.76184,63.59774],[-68.70021,63.61446],[-68.70158,63.5804],[-68.76184,63.59774]]],[[[-95.38569,69.55027],[-95.39382,69.58547],[-95.31785,69.55845],[-95.38569,69.55027]]],[[[-78.069,62.39602],[-78.00098,62.404],[-78.04446,62.36896],[-78.069,62.39602]]],[[[-124.72334,74.35223],[-122.28291,74.47775],[-121.55525,74.55922],[-121.22736,74.54004],[-121.10533,74.52333],[-120.90114,74.43157],[-120.42112,74.32924],[-120.01324,74.26799],[-119.66656,74.24326],[-119.62975,74.19907],[-119.72363,74.13569],[-119.61316,74.13838],[-119.46361,74.22476],[-119.12561,74.21894],[-119.04237,74.11768],[-119.16463,74.01639],[-118.95791,74.00757],[-118.7986,74.09577],[-118.77484,74.12932],[-118.88321,74.17204],[-118.77912,74.20814],[-118.14959,74.2815],[-117.61392,74.25064],[-117.21807,74.1892],[-115.7607,73.68544],[-115.61432,73.67258],[-115.31487,73.53482],[-115.29889,73.47797],[-115.79912,73.34226],[-116.65187,73.22144],[-117.20649,73.08717],[-117.22772,73.06216],[-117.45429,73.05099],[-118.01142,72.88732],[-118.44865,72.80399],[-118.45815,72.77347],[-118.7276,72.7442],[-119.09335,72.65128],[-119.33393,72.35864],[-119.77864,72.22693],[-120.11557,72.23884],[-120.21271,72.28159],[-120.26138,72.26866],[-120.12445,72.16548],[-120.16441,72.09188],[-120.44901,71.93649],[-120.38785,71.89367],[-120.44416,71.73798],[-120.37081,71.6965],[-120.46708,71.56745],[-120.64324,71.49208],[-121.40774,71.38283],[-121.59312,71.47327],[-121.82567,71.49735],[-121.81023,71.44861],[-122.0163,71.31215],[-122.64377,71.16636],[-122.78932,71.08592],[-123.09723,71.07903],[-123.22892,71.11187],[-123.43278,71.22279],[-123.61939,71.49071],[-123.80888,71.53256],[-123.97142,71.66961],[-124.19165,71.73644],[-124.59846,71.79163],[-125.14786,71.92345],[-125.23699,71.95218],[-125.12687,71.95661],[-125.09621,71.9805],[-125.79458,71.95657],[-125.817,71.97732],[-125.70101,72.04883],[-125.78806,72.12391],[-125.68497,72.17526],[-125.62395,72.17398],[-125.67102,72.25177],[-125.50806,72.26786],[-125.49382,72.3456],[-125.40108,72.37007],[-125.32862,72.48373],[-124.95529,72.56932],[-125.08042,72.6259],[-124.95335,72.69062],[-125.00688,72.71465],[-124.95392,72.75281],[-125.11569,72.86098],[-124.69926,72.8895],[-124.46167,72.93578],[-124.49581,72.98607],[-124.64897,73.03315],[-124.73921,73.02211],[-124.81935,73.04627],[-124.85722,73.10846],[-124.76685,73.16383],[-124.65806,73.16458],[-124.31541,73.48307],[-124.08485,73.52702],[-124.06218,73.66588],[-123.83862,73.70986],[-123.85523,73.74111],[-123.76029,73.77234],[-123.91788,73.85463],[-124.18918,73.87873],[-124.16908,73.92677],[-124.47277,74.11213],[-124.40168,74.1428],[-124.52482,74.22032],[-124.49824,74.25111],[-124.5593,74.28414],[-124.68812,74.28556],[-124.60541,74.32192],[-124.72334,74.35223]]],[[[-118.78621,77.35988],[-118.18521,77.35606],[-117.92048,77.38818],[-117.22502,77.29147],[-116.96448,77.30954],[-117.16904,77.35421],[-117.11554,77.3657],[-116.83704,77.32074],[-116.69531,77.37331],[-116.82045,77.4095],[-116.95602,77.40016],[-117.12687,77.46398],[-116.86352,77.4792],[-116.7387,77.53719],[-116.42708,77.56096],[-116.02345,77.49667],[-116.11437,77.47471],[-115.66419,77.40609],[-115.42791,77.3229],[-115.51969,77.27037],[-115.79777,77.25223],[-116.08844,77.19567],[-116.26396,77.19864],[-116.21514,77.16871],[-116.32528,77.12327],[-116.24047,77.04525],[-115.71418,76.94683],[-115.92509,76.89999],[-116.22874,76.94725],[-116.34765,76.94358],[-116.27943,76.88012],[-115.98842,76.8296],[-115.8982,76.69138],[-115.99163,76.68636],[-116.04547,76.62622],[-116.30418,76.58662],[-116.76461,76.57405],[-116.80642,76.54539],[-116.96192,76.56031],[-117.03453,76.54406],[-116.91761,76.3969],[-117.05798,76.30776],[-117.29934,76.26069],[-117.49428,76.27171],[-117.66782,76.32635],[-117.79594,76.32276],[-118.01846,76.4186],[-117.90196,76.53247],[-117.92641,76.6844],[-117.78599,76.71877],[-117.73293,76.79173],[-117.77917,76.82445],[-117.89853,76.81078],[-117.93712,76.76669],[-118.30828,76.77642],[-118.25386,76.72782],[-118.28902,76.70737],[-118.39482,76.73033],[-118.44821,76.677],[-118.31581,76.64976],[-118.3012,76.5583],[-118.56897,76.50024],[-118.83715,76.54781],[-118.94944,76.50521],[-118.94093,76.48569],[-118.6639,76.45634],[-118.53126,76.33553],[-118.63767,76.28747],[-118.82267,76.28211],[-118.92606,76.25121],[-118.8552,76.17566],[-118.94145,76.16245],[-118.9354,76.13148],[-119.20208,76.11039],[-119.28429,76.13461],[-119.32307,76.23126],[-119.53415,76.32],[-119.61866,76.31819],[-119.69783,76.27477],[-119.55836,76.20403],[-119.67762,76.15161],[-119.61236,76.13682],[-119.80543,76.11115],[-119.49449,76.05308],[-119.46513,76.01092],[-119.49845,75.9765],[-119.5717,75.99434],[-119.68749,75.96286],[-119.7844,75.87219],[-120.06678,75.85114],[-120.12817,75.90513],[-120.28409,75.81423],[-120.47388,75.83579],[-120.44097,76.01087],[-120.66521,76.00676],[-120.73944,76.10197],[-120.64507,76.16003],[-120.83415,76.18457],[-121.02664,76.15108],[-121.03523,76.06723],[-120.91292,75.95532],[-121.00465,75.97162],[-120.9627,75.99437],[-121.09245,76.00532],[-121.23846,75.97802],[-121.28971,75.9085],[-121.49771,76.00787],[-121.85393,76.04977],[-122.05296,76.03566],[-122.37531,75.92919],[-122.58569,75.94299],[-122.68253,75.97393],[-122.58679,76.00726],[-122.66718,76.01225],[-122.51012,76.05634],[-122.48094,76.12648],[-122.71892,76.11406],[-122.54965,76.14882],[-122.59141,76.18003],[-122.99497,76.08561],[-122.91285,76.19109],[-122.66605,76.2588],[-122.61708,76.34893],[-122.4686,76.39042],[-121.98534,76.45055],[-121.79986,76.4303],[-121.51811,76.44195],[-121.39741,76.50279],[-121.41446,76.56839],[-121.2027,76.63055],[-121.20275,76.69274],[-120.95655,76.68721],[-120.78396,76.74808],[-120.59295,76.75029],[-120.34471,76.82059],[-120.40189,76.89019],[-120.22539,76.9019],[-120.06989,76.97054],[-120.10192,76.99579],[-119.79109,77.07385],[-119.79709,77.10486],[-119.36093,77.19012],[-119.21821,77.31173],[-118.92569,77.32366],[-118.78621,77.35988]]],[[[-117.43932,76.09257],[-117.5459,75.98931],[-117.9453,75.77755],[-117.91993,75.73737],[-118.35449,75.55531],[-118.54031,75.50843],[-119.05834,75.57718],[-119.29561,75.58468],[-119.40884,75.61182],[-119.31161,75.66483],[-118.57789,75.92793],[-118.32968,75.97784],[-118.15563,75.97435],[-118.1073,76.0235],[-117.92943,76.048],[-117.70351,76.12707],[-117.43932,76.09257]]],[[[-114.3457,78.07906],[-114.2367,77.98211],[-114.05002,77.99073],[-113.99166,77.91996],[-113.72063,77.89608],[-113.67382,77.8386],[-113.55371,77.82543],[-113.73943,77.75622],[-114.17642,77.70614],[-114.5193,77.75781],[-115.10711,77.95599],[-114.95587,77.95959],[-114.3457,78.07906]]],[[[-114.20009,76.89103],[-113.73855,76.89031],[-113.45697,76.8296],[-113.43981,76.78457],[-113.59739,76.71551],[-114.39796,76.72771],[-114.8078,76.75877],[-114.81275,76.82011],[-114.65761,76.8631],[-114.20009,76.89103]]],[[[-120.86228,75.9427],[-120.98859,75.75604],[-121.06299,75.73075],[-121.27794,75.7516],[-121.23535,75.78359],[-121.02202,75.81747],[-120.98615,75.94279],[-120.86228,75.9427]]],[[[-111.89717,70.32331],[-111.88423,70.29293],[-112.00001,70.28023],[-112.26127,70.33793],[-112.23182,70.3632],[-111.89717,70.32331]]],[[[-128.13906,70.55242],[-128.33338,70.54799],[-128.25118,70.64258],[-128.11832,70.6058],[-128.13906,70.55242]]],[[[-117.07892,70.56282],[-116.8721,70.54667],[-117.16431,70.53394],[-117.30661,70.57603],[-117.10849,70.58472],[-117.07892,70.56282]]],[[[-122.34921,75.92453],[-122.31816,75.86401],[-122.67677,75.90319],[-122.56634,75.93039],[-122.34921,75.92453]]],[[[-124.33622,73.65382],[-124.08889,73.57503],[-124.32139,73.56276],[-124.33622,73.65382]]],[[[-116.60272,70.57237],[-116.30527,70.52646],[-116.38116,70.50935],[-116.68513,70.53904],[-116.72891,70.56149],[-116.60272,70.57237]]],[[[-109.9307,72.47771],[-110.12917,72.52471],[-110.22977,72.55234],[-110.08705,72.5611],[-109.84476,72.48513],[-109.9307,72.47771]]],[[[-113.62411,77.13115],[-113.84852,77.10613],[-113.91969,77.13246],[-113.84739,77.15679],[-113.71328,77.15736],[-113.62411,77.13115]]],[[[-133.80776,69.57056],[-133.9739,69.54271],[-134.01487,69.56665],[-133.92627,69.60721],[-133.86258,69.60614],[-133.80776,69.57056]]],[[[-130.66797,69.60367],[-130.66069,69.57397],[-130.75944,69.53754],[-130.78444,69.61897],[-130.73872,69.62199],[-130.73088,69.59706],[-130.66797,69.60367]]],[[[-122.80313,76.06833],[-122.71981,76.05782],[-122.72347,76.02449],[-122.94674,76.00367],[-122.99929,76.04247],[-122.80313,76.06833]]],[[[-115.86228,70.54542],[-116.05841,70.54224],[-115.90218,70.58669],[-115.81542,70.5738],[-115.86228,70.54542]]],[[[-135.48292,69.57178],[-135.53656,69.55587],[-135.59261,69.58445],[-135.4836,69.62905],[-135.48292,69.57178]]],[[[-135.99536,69.10652],[-136.16238,69.12259],[-136.24684,69.17228],[-136.1892,69.1769],[-135.99536,69.10652]]],[[[-113.1335,70.32672],[-112.9358,70.29494],[-113.21989,70.30996],[-113.1335,70.32672]]],[[[-111.64818,75.85698],[-111.87211,75.84978],[-111.85809,75.87535],[-111.70756,75.87893],[-111.64818,75.85698]]],[[[-135.6567,69.46921],[-135.81807,69.49991],[-135.71853,69.50356],[-135.6567,69.46921]]],[[[-113.38214,77.08923],[-113.43614,77.10604],[-113.26487,77.12856],[-113.24517,77.10308],[-113.38214,77.08923]]],[[[-135.22018,69.48141],[-135.33317,69.46973],[-135.34673,69.51364],[-135.30051,69.51846],[-135.22018,69.48141]]],[[[-120.85564,76.73824],[-120.93304,76.72446],[-121.07061,76.73336],[-120.88891,76.7661],[-120.85564,76.73824]]],[[[-125.03873,70.12425],[-125.1533,70.13232],[-125.09329,70.15404],[-124.96326,70.15142],[-125.03873,70.12425]]],[[[-132.48937,68.84092],[-132.61118,68.82166],[-132.59271,68.85309],[-132.48937,68.84092]]],[[[-135.43395,69.44867],[-135.51279,69.42276],[-135.51128,69.45363],[-135.43395,69.44867]]],[[[-132.89947,68.92059],[-132.95708,68.94673],[-132.8666,68.95463],[-132.81114,68.93484],[-132.89947,68.92059]]],[[[-135.4114,69.34813],[-135.53142,69.36662],[-135.51741,69.38573],[-135.38497,69.37648],[-135.40334,69.36557],[-135.4114,69.34813]]],[[[-112.63729,70.26958],[-112.72594,70.27587],[-112.7264,70.30323],[-112.61692,70.29349],[-112.63729,70.26958]]],[[[-124.48751,73.89532],[-124.5297,73.93061],[-124.39712,73.91221],[-124.48751,73.89532]]],[[[-136.12133,69.06512],[-136.06143,69.05779],[-136.04506,69.02093],[-136.11053,69.03104],[-136.12133,69.06512]]],[[[-133.53558,69.50183],[-133.64352,69.48354],[-133.57596,69.52278],[-133.53558,69.50183]]],[[[-125.37965,69.71879],[-125.34519,69.75093],[-125.27368,69.7178],[-125.37965,69.71879]]],[[[-139.12841,69.63849],[-138.99622,69.62926],[-138.85864,69.57034],[-138.97553,69.5763],[-139.08171,69.52616],[-139.20956,69.54884],[-139.24106,69.59349],[-139.12841,69.63849]]]]}},{"type":"Feature","id":"902","properties":{"area_code":"902","provinces":["NS","PE"]},"geometry":{"type":"MultiPolygon","coordinates":[[[[-64.27499,45.84152],[-64.14942,45.98015],[-63.97203,45.99743],[-63.86258,45.96126],[-63.86929,45.93494],[-63.80759,45.89122],[-63.69586,45.85556],[-63.67352,45.87461],[-63.46847,45.87829],[-63.47304,45.85296],[-63.37184,45.79908],[-63.23296,45.80227],[-63.37843,45.76183],[-63.36624,45.7408],[-63.26587,45.73288],[-63.09745,45.7651],[-63.09333,45.79706],[-62.99232,45.79372],[-62.74188,45.76102],[-62.73469,45.72748],[-62.67992,45.73642],[-62.63855,45.71537],[-62.72233,45.67087],[-62.70729,45.65211],[-62.66881,45.68339],[-62.62125,45.68534],[-62.55492,45.67203],[-62.54311,45.64377],[-62.29409,45.69357],[-62.08786,45.78645],[-61.9319,45.88731],[-61.89449,45.872],[-61.92447,45.84173],[-61.88906,45.73579],[-61.90144,45.6661],[-61.94702,45.64314],[-61.90538,45.62341],[-61.90771,45.65326],[-61.86312,45.6816],[-61.80046,45.63978],[-61.63141,45.63165],[-61.58028,45.65208],[-61.59358,45.67149],[-61.48815,45.69282],[-61.39981,45.63207],[-61.3347,45.54752],[-61.23885,45.50899],[-61.26222,45.45487],[-61.49935,45.39507],[-61.48535,45.36713],[-61.43688,45.3477],[-61.14402,45.35729],[-60.96086,45.32291],[-61.03877,45.25307],[-61.13306,45.20878],[-61.15994,45.21805],[-61.13423,45.27225],[-61.22325,45.24587],[-61.31899,45.25437],[-61.38151,45.19945],[-61.32842,45.20023],[-61.46212,45.15088],[-61.54207,45.16636],[-61.60783,45.14751],[-61.65177,45.1717],[-61.64579,45.12416],[-61.74087,45.09008],[-61.82207,45.09664],[-61.85396,45.03638],[-61.99649,45.02356],[-62.04107,45.00272],[-61.98743,44.99236],[-62.08239,44.96304],[-62.15149,44.96469],[-62.18631,44.94401],[-62.2368,44.95621],[-62.37311,44.89323],[-62.41634,44.89826],[-62.41708,44.87023],[-62.55322,44.85189],[-62.75693,44.77373],[-62.80315,44.77787],[-62.80208,44.75677],[-62.83793,44.74517],[-62.80776,44.71398],[-62.8522,44.70438],[-62.86524,44.73038],[-62.99592,44.71952],[-63.00931,44.77091],[-63.04881,44.77023],[-63.00831,44.72228],[-63.04801,44.67283],[-63.08411,44.69165],[-63.18856,44.6844],[-63.26216,44.71913],[-63.25649,44.65639],[-63.32458,44.63849],[-63.41971,44.64562],[-63.45191,44.58905],[-63.64271,44.71378],[-63.66394,44.70852],[-63.63475,44.66553],[-63.60096,44.67313],[-63.57245,44.65112],[-63.54385,44.5862],[-63.55906,44.55668],[-63.51892,44.50312],[-63.55299,44.46738],[-63.70271,44.47128],[-63.70926,44.45663],[-63.81788,44.48423],[-63.82598,44.52398],[-63.8932,44.48871],[-63.93843,44.50554],[-63.92378,44.65634],[-63.99404,44.65385],[-64.05844,44.61069],[-64.00837,44.52064],[-64.06733,44.50041],[-64.08073,44.46997],[-64.1129,44.47808],[-64.11709,44.53964],[-64.15415,44.57349],[-64.2095,44.5754],[-64.21286,44.53757],[-64.30994,44.53529],[-64.3194,44.45414],[-64.34904,44.44682],[-64.32508,44.40455],[-64.22894,44.37486],[-64.22134,44.35776],[-64.34125,44.36191],[-64.33406,44.33405],[-64.28557,44.33232],[-64.30065,44.29265],[-64.25596,44.27834],[-64.28072,44.26074],[-64.35558,44.28394],[-64.39954,44.23289],[-64.43272,44.22921],[-64.491,44.14183],[-64.61615,44.15386],[-64.54597,44.11715],[-64.56794,44.06693],[-64.61379,44.07333],[-64.66657,44.02165],[-64.66522,43.98765],[-64.83803,43.92612],[-64.78317,43.8635],[-64.81999,43.86269],[-64.83699,43.81295],[-64.88181,43.84797],[-64.88348,43.80197],[-64.92302,43.79649],[-64.95151,43.75298],[-65.00371,43.76148],[-65.02117,43.70565],[-65.07637,43.69682],[-65.08038,43.72988],[-65.12305,43.70526],[-65.14249,43.74036],[-65.18684,43.70951],[-65.22607,43.7744],[-65.2575,43.65747],[-65.30473,43.66006],[-65.34562,43.63416],[-65.33433,43.57613],[-65.38995,43.54644],[-65.4401,43.59243],[-65.44733,43.5343],[-65.51792,43.49716],[-65.57504,43.5672],[-65.62981,43.51066],[-65.72757,43.49048],[-65.73426,43.54689],[-65.78652,43.56694],[-65.76423,43.67213],[-65.79277,43.68649],[-65.78777,43.61759],[-65.81259,43.60187],[-65.8421,43.76742],[-65.87398,43.75921],[-65.91513,43.82462],[-65.94948,43.81049],[-65.96592,43.74791],[-65.9982,43.72931],[-66.07551,43.74268],[-66.09257,43.7783],[-66.11551,43.75822],[-66.13983,43.78783],[-66.16656,43.91104],[-66.15314,43.99059],[-66.20421,44.11785],[-66.10866,44.35437],[-65.84627,44.57142],[-65.8639,44.5883],[-65.98133,44.55823],[-66.19734,44.37731],[-66.19611,44.42011],[-66.10743,44.49814],[-65.95213,44.60834],[-65.76,44.68629],[-65.64459,44.76809],[-64.88517,45.12873],[-64.45616,45.2453],[-64.39719,45.28491],[-64.39376,45.32163],[-64.32628,45.27567],[-64.36681,45.19792],[-64.3512,45.16546],[-64.39813,45.14209],[-64.33554,45.10322],[-64.33485,45.13094],[-64.22971,45.10993],[-64.16832,45.16159],[-64.17348,45.18632],[-63.89198,45.27885],[-63.87375,45.26869],[-63.80419,45.31278],[-63.56105,45.31576],[-63.53966,45.33532],[-63.47879,45.31711],[-63.38811,45.36149],[-63.74836,45.40052],[-63.8684,45.38034],[-63.88847,45.35032],[-63.97743,45.39981],[-64.03963,45.38419],[-64.06803,45.40774],[-64.39133,45.36927],[-64.56928,45.40683],[-64.68558,45.37761],[-64.70849,45.31384],[-64.76908,45.30178],[-64.77272,45.32547],[-64.84925,45.3554],[-64.94361,45.32881],[-64.91397,45.43047],[-64.68562,45.53672],[-64.65022,45.58162],[-64.45507,45.68247],[-64.44968,45.73375],[-64.33265,45.81959],[-64.29536,45.80555],[-64.34147,45.76769],[-64.32336,45.755],[-64.24538,45.82105],[-64.27499,45.84152]]],[[[-60.3888,47.02572],[-60.49052,46.91519],[-60.42504,46.87575],[-60.35045,46.88469],[-60.30401,46.85173],[-60.34252,46.70084],[-60.40177,46.6819],[-60.39614,46.63721],[-60.34989,46.62744],[-60.5989,46.23772],[-60.4469,46.34592],[-60.415,46.34221],[-60.41669,46.29329],[-60.64965,46.11602],[-60.8404,46.07085],[-60.88218,46.09441],[-60.9856,45.99281],[-61.07794,45.96109],[-61.11254,45.97125],[-61.12601,45.95203],[-61.06451,45.93723],[-60.98935,45.9598],[-60.9868,45.98944],[-60.89382,46.04686],[-60.85862,46.03726],[-60.75443,46.07236],[-60.81859,45.94399],[-60.93256,45.93055],[-60.97411,45.90393],[-60.92849,45.85784],[-60.94756,45.83422],[-60.97296,45.84228],[-61.10262,45.7922],[-61.14719,45.76004],[-61.12474,45.73293],[-61.15593,45.70887],[-61.08759,45.69843],[-60.95528,45.76558],[-60.90225,45.76608],[-60.81347,45.73704],[-60.80885,45.71022],[-60.74872,45.70675],[-60.74799,45.78918],[-60.42509,45.98405],[-60.45027,45.99211],[-60.69613,45.90151],[-60.78737,45.93163],[-60.76944,45.96122],[-60.5119,46.09452],[-60.38918,46.20185],[-60.31672,46.21235],[-60.29322,46.25026],[-60.30092,46.28147],[-60.26777,46.29249],[-60.20658,46.25594],[-60.30709,46.16643],[-60.29304,46.15414],[-60.11492,46.26187],[-60.04727,46.2497],[-60.07141,46.20936],[-59.97863,46.2215],[-59.93482,46.18601],[-59.84421,46.17766],[-59.90239,46.1065],[-59.89043,46.05888],[-59.96816,46.03403],[-59.95111,46.01056],[-59.8408,46.01602],[-59.80096,45.95156],[-59.90554,45.93616],[-59.98124,45.88432],[-60.1585,45.87126],[-60.16562,45.84013],[-60.08059,45.81355],[-60.11512,45.78137],[-60.20208,45.76781],[-60.23051,45.71931],[-60.28007,45.70206],[-60.30853,45.71965],[-60.41856,45.64468],[-60.57659,45.62437],[-60.68982,45.57422],[-60.86481,45.62067],[-60.87639,45.65374],[-61.16255,45.56546],[-61.19924,45.60347],[-61.33101,45.56467],[-61.458,45.70315],[-61.54578,46.04793],[-61.5,46.0689],[-61.41986,46.19044],[-61.31241,46.23509],[-61.18261,46.36168],[-61.04307,46.55487],[-61.02878,46.65094],[-60.96469,46.66862],[-60.87607,46.80467],[-60.72908,46.8835],[-60.65416,46.9959],[-60.59279,47.04231],[-60.5122,47.0044],[-60.41315,47.03525],[-60.3888,47.02572]]],[[[-60.30226,46.28009],[-60.29527,46.25588],[-60.3401,46.22625],[-60.36285,46.24019],[-60.4135,46.22567],[-60.65426,46.07154],[-60.65973,46.09107],[-60.42279,46.28346],[-60.31859,46.32494],[-60.28655,46.30964],[-60.30226,46.28009]]],[[[-60.89061,45.57685],[-60.9649,45.54985],[-60.97968,45.5221],[-60.95684,45.5106],[-61.01193,45.46666],[-61.03682,45.50793],[-61.07902,45.51351],[-61.12576,45.55579],[-60.9438,45.59287],[-60.89061,45.57685]]],[[[-65.60472,43.51339],[-65.55811,43.47605],[-65.61098,43.42309],[-65.65157,43.45393],[-65.60472,43.51339]]],[[[-66.21457,44.40347],[-66.29246,44.28407],[-66.3338,44.27755],[-66.21457,44.40347]]],[[[-60.02938,43.93127],[-59.89285,43.93465],[-60.05501,43.92584],[-60.02938,43.93127]]],[[[-59.87009,46.07264],[-59.87768,46.10328],[-59.80164,46.12427],[-59.87009,46.07264]]],[[[-62.55638,45.80229],[-62.57617,45.82285],[-62.53203,45.82925],[-62.52638,45.81117],[-62.55638,45.80229]]],[[[-66.36443,44.23747],[-66.38552,44.25271],[-66.34127,44.287],[-66.36443,44.23747]]],[[[-65.42618,43.54778],[-65.40375,43.48641],[-65.41969,43.48555],[-65.42618,43.54778]]],[[[-64.34573,44.18105],[-64.38278,44.19229],[-64.346,44.21186],[-64.34573,44.18105]]],[[[-61.14569,45.54836],[-61.1876,45.51628],[-61.1967,45.54355],[-61.14569,45.54836]]],[[[-61.99012,46.46445],[-62.18319,46.34771],[-62.33884,46.34198],[-62.37976,46.25691],[-62.42373,46.25801],[-62.40996,46.21226],[-62.49104,46.21543],[-62.51671,46.1962],[-62.54141,46.14958],[-62.44854,46.10407],[-62.47036,46.05201],[-62.53543,46.03934],[-62.45727,46.00323],[-62.56346,45.96591],[-62.82963,45.96519],[-62.95554,46.05456],[-63.02354,46.05282],[-62.88656,46.10905],[-62.88627,46.13886],[-62.96275,46.12631],[-62.9425,46.18661],[-63.11738,46.19405],[-63.24629,46.12999],[-63.48848,46.21371],[-63.58562,46.20784],[-63.69983,46.25171],[-63.79473,46.3201],[-63.78002,46.35504],[-63.74915,46.34602],[-63.76017,46.39168],[-63.93905,46.41874],[-64.00274,46.38516],[-64.13436,46.40178],[-64.10171,46.4692],[-64.11321,46.51983],[-64.05558,46.57641],[-64.08475,46.63286],[-64.12749,46.58808],[-64.19149,46.62524],[-64.38302,46.61553],[-64.40965,46.70758],[-64.28432,46.80863],[-64.16572,46.94999],[-64.04747,47.00671],[-63.9955,47.06103],[-63.97395,46.88095],[-64.02913,46.80769],[-64.07137,46.79574],[-64.07736,46.7529],[-63.9845,46.72925],[-63.87908,46.63897],[-63.84779,46.57233],[-63.87047,46.50295],[-63.83097,46.51518],[-63.7925,46.44499],[-63.72773,46.43526],[-63.69969,46.45499],[-63.74725,46.49781],[-63.69824,46.52732],[-63.71846,46.55612],[-63.65675,46.54198],[-63.66845,46.56774],[-63.49112,46.52411],[-63.45781,46.46351],[-63.41082,46.50303],[-63.31224,46.48995],[-63.2676,46.42317],[-63.04265,46.41337],[-62.98814,46.35993],[-62.97091,46.41243],[-62.74163,46.44364],[-62.68717,46.42348],[-62.69013,46.45656],[-62.62891,46.46758],[-62.14664,46.48414],[-61.99012,46.46445]]]]}},{"type":"Feature","id":"905","properties":{"area_code":"905","provinces":["ON"]},"geometry":{"type":"Polygon","coordinates":[[[-78.54259,43.89597],[-78.69114,44.35093],[-79.78012,43.99483],[-79.60277,43.51539],[-79.79832,43.30551],[-79.75028,43.24784],[-79.52943,43.19533],[-79.36504,43.18289],[-79.07679,43.26296],[-79.04434,43.13931],[-79.07788,43.07437],[-79.02935,43.05942],[-79.02359,42.98135],[-78.93468,42.94818],[-78.90825,42.91318],[-78.92295,42.89094],[-79.05776,42.85915],[-79.44793,42.876],[-79.48333,42.84088],[-79.58542,42.85764],[-79.6389,42.83564],[-79.69851,42.86047],[-80.07747,42.79233],[-80.40998,44.04526],[-77.1623,45.09316],[-76.11867,44.33522],[-76.31136,44.29563],[-76.42786,44.23619],[-76.56473,44.20848],[-76.68801,44.21651],[-76.92752,44.10507],[-76.96852,44.06422],[-77.06308,44.07775],[-77.00638,44.13369],[-76.88455,44.16216],[-76.93031,44.17891],[-77.00287,44.14136],[-77.02588,44.11506],[-77.06513,44.12516],[-77.03853,44.17667],[-77.14735,44.1619],[-77.25232,44.17877],[-77.57203,44.10247],[-77.58774,44.0594],[-77.87799,43.97657],[-78.25469,43.9534],[-78.54259,43.89597]]]}}]}